site_id,site_name,entity_id,entity_name,sample_id,age_bp,age_uncert_pos,age_uncert_neg,d18o,d13c
39,Dongge cave,446,D4_2005,303837,79.46488827,20.1817898,21.15854657,-7.9,
39,Dongge cave,446,D4_2005,303838,81.25366394,19.72397094,20.87164223,-8.06,
39,Dongge cave,446,D4_2005,303839,82.93237489,19.44179935,20.42184028,-7.98,
39,Dongge cave,446,D4_2005,303840,84.63965735,19.11285596,19.99145038,-7.9,
39,Dongge cave,446,D4_2005,303841,86.43291301,18.66670637,19.61805276,-7.73,
39,Dongge cave,446,D4_2005,303842,89.83688968,17.88142883,18.95390125,-7.84,
39,Dongge cave,446,D4_2005,303843,93.38365303,17.23325376,18.40907487,-7.94,
39,Dongge cave,446,D4_2005,303844,95.07985842,16.98298375,18.09046386,-8.02,
39,Dongge cave,446,D4_2005,303845,96.82128109,16.64244434,17.67525527,-7.83,
39,Dongge cave,446,D4_2005,303846,98.45317391,16.54808908,17.29771274,-7.85,
39,Dongge cave,446,D4_2005,303847,100.1816549,16.42698431,16.93185998,-8.05,
39,Dongge cave,446,D4_2005,303848,101.9074749,16.00489037,16.59389663,-7.86,
39,Dongge cave,446,D4_2005,303849,103.6292563,15.88764234,16.41583604,-8.15,
39,Dongge cave,446,D4_2005,303850,105.3448239,15.42662489,16.07117773,-8.21,
39,Dongge cave,115,D4_2004,84509,105.6777494,35.24512076,37.38166208,-7.89,
39,Dongge cave,446,D4_2005,303851,107.1610082,14.88371107,15.75227246,-8.08,
39,Dongge cave,446,D4_2005,303852,108.8534275,14.70309617,15.42509868,-8.03,
39,Dongge cave,446,D4_2005,303853,110.5791938,14.46181842,15.11363441,-7.98,
39,Dongge cave,446,D4_2005,303854,112.2898256,14.35188434,14.74121873,-7.91,
39,Dongge cave,446,D4_2005,303855,113.9987679,14.02069907,14.41504635,-7.66,
39,Dongge cave,446,D4_2005,303856,115.7644005,13.64653199,14.20186387,-7.7,
39,Dongge cave,446,D4_2005,303857,117.5076272,13.48728932,13.98171597,-7.85,
39,Dongge cave,446,D4_2005,303858,119.2084531,13.42685074,13.77444589,-7.86,
39,Dongge cave,446,D4_2005,303859,120.9481422,13.34091244,13.64281398,-7.86,
39,Dongge cave,446,D4_2005,303860,122.6735749,13.11374332,13.41386975,-7.84,
39,Dongge cave,446,D4_2005,303861,124.4112315,12.90725292,13.20661493,-7.94,
39,Dongge cave,446,D4_2005,303862,126.0950352,12.77195603,13.0642118,-7.59,
39,Dongge cave,446,D4_2005,303863,127.8129622,12.68141141,13.04830312,-7.78,
39,Dongge cave,446,D4_2005,303864,129.5234187,12.6753533,12.83106643,-7.96,
39,Dongge cave,115,D4_2004,84510,130.7595867,31.89397555,33.61794213,-7.91,
39,Dongge cave,446,D4_2005,303865,131.202268,12.80817905,12.82564912,-7.95,
39,Dongge cave,446,D4_2005,303866,132.9180539,12.77257822,12.69086298,-8.1,
39,Dongge cave,446,D4_2005,303867,134.6967486,12.69894733,12.73468572,-7.99,
39,Dongge cave,446,D4_2005,303868,136.4301353,12.50516553,12.70373268,-7.68,
39,Dongge cave,446,D4_2005,303869,138.1241791,12.32259363,12.61388052,-7.88,
39,Dongge cave,446,D4_2005,303870,139.8560933,12.35252695,12.67030312,-7.75,
39,Dongge cave,446,D4_2005,303871,141.6206528,12.32394472,12.60689604,-7.86,
39,Dongge cave,446,D4_2005,303872,143.37429,12.25795557,12.52388898,-7.96,
39,Dongge cave,446,D4_2005,303873,145.1554821,12.36081098,12.71888522,-8.36,
39,Dongge cave,446,D4_2005,303874,146.8890439,12.32951568,12.7007877,-8.08,
39,Dongge cave,446,D4_2005,303875,148.6573335,12.46660143,12.84013613,-7.66,
39,Dongge cave,446,D4_2005,303876,150.3638798,12.55011117,12.8979474,-7.98,
39,Dongge cave,446,D4_2005,303877,152.0534581,12.57292998,12.80342192,-7.97,
39,Dongge cave,446,D4_2005,303878,155.5662735,12.83492629,13.43499414,-7.71,
39,Dongge cave,115,D4_2004,84511,155.6951568,28.44736389,29.98164699,-7.88,
39,Dongge cave,446,D4_2005,303879,159.0456726,13.00401254,13.90200027,-7.75,
39,Dongge cave,446,D4_2005,303880,165.9244661,13.93498854,14.86764842,-7.79,
39,Dongge cave,446,D4_2005,303881,169.3978914,14.4661858,15.48512105,-8.18,
39,Dongge cave,446,D4_2005,303882,172.9366834,14.9580558,16.02066026,-8.08,
39,Dongge cave,446,D4_2005,303883,176.3437131,15.79085971,16.65488008,-7.88,
39,Dongge cave,446,D4_2005,303884,179.921595,16.28530106,17.55427612,-8.44,
39,Dongge cave,115,D4_2004,84512,180.7381158,24.70628054,25.96415326,-8.15,
39,Dongge cave,446,D4_2005,303885,183.4214295,16.66748325,18.35113708,-8.04,
39,Dongge cave,446,D4_2005,303886,187.3912465,16.39758452,18.01587515,-8.17,
39,Dongge cave,446,D4_2005,303887,191.3537114,16.12537957,17.65171607,-8.29,
39,Dongge cave,446,D4_2005,303888,195.3216906,15.93787984,17.26320018,-7.97,
39,Dongge cave,446,D4_2005,303889,199.2814439,15.73706346,16.83152266,-7.85,
39,Dongge cave,446,D4_2005,303890,203.2379806,15.67799236,16.39751271,-7.78,
39,Dongge cave,115,D4_2004,84513,205.8444292,21.32321977,22.92467499,-8.24,
39,Dongge cave,446,D4_2005,303891,207.2578946,15.29696849,16.02167681,-7.72,
39,Dongge cave,446,D4_2005,303892,211.2661161,15.07403701,15.75766521,-7.78,
39,Dongge cave,446,D4_2005,303893,215.2396002,14.80186939,15.50329032,-8.09,
39,Dongge cave,446,D4_2005,303894,219.1720526,14.6369202,15.07127071,-8.01,
39,Dongge cave,446,D4_2005,303895,223.1701957,14.56854581,14.67170128,-8.05,
39,Dongge cave,446,D4_2005,303896,227.1479184,14.39562068,14.20295012,-7.85,
39,Dongge cave,115,D4_2004,84514,230.987511,18.38629217,19.67405164,-8.02,
39,Dongge cave,446,D4_2005,303897,231.1091807,14.17936561,13.9497501,-8.12,
39,Dongge cave,446,D4_2005,303898,235.0357645,14.12793149,13.52220112,-7.9,
39,Dongge cave,446,D4_2005,303899,239.0795242,13.70834141,13.40527957,-8.03,
39,Dongge cave,446,D4_2005,303900,243.104989,13.41962545,13.29986839,-8,
39,Dongge cave,446,D4_2005,303901,247.0681022,13.24898902,13.05160031,-7.98,
39,Dongge cave,446,D4_2005,303902,251.0647052,13.12281742,12.77734928,-8.12,
39,Dongge cave,446,D4_2005,303903,255.0390452,12.9444804,12.50643657,-8.05,
39,Dongge cave,115,D4_2004,84515,256.0658937,15.93237313,16.71473214,-7.86,
39,Dongge cave,446,D4_2005,303904,258.9772392,12.74166631,12.13428922,-7.99,
39,Dongge cave,446,D4_2005,303905,262.9738079,12.56167968,11.86841868,-8.1,
39,Dongge cave,446,D4_2005,303906,266.9254814,12.36078022,11.73323982,-8.03,
39,Dongge cave,446,D4_2005,303907,270.9606541,12.09182211,11.678344,-7.72,
39,Dongge cave,446,D4_2005,303908,275.0399418,11.99940381,11.56297422,-7.83,
39,Dongge cave,446,D4_2005,303909,279.1073213,11.9085945,11.53307091,-7.63,
39,Dongge cave,115,D4_2004,84516,281.1440994,13.01911537,14.01877194,-7.67,
39,Dongge cave,446,D4_2005,303910,283.1191924,11.83477077,11.41706643,-7.86,
39,Dongge cave,446,D4_2005,303911,287.0609697,11.73800857,11.46308407,-7.93,
39,Dongge cave,446,D4_2005,303912,291.0057086,11.80977722,11.45880086,-8.04,
39,Dongge cave,446,D4_2005,303913,295.0569377,11.70248217,11.48413418,-7.93,
39,Dongge cave,446,D4_2005,303914,299.1439645,11.83741179,11.56884041,-8.09,
39,Dongge cave,446,D4_2005,303915,303.1549225,11.91201578,11.65988643,-7.89,
39,Dongge cave,115,D4_2004,84517,306.2197833,11.60608625,12.20485155,-7.79,
39,Dongge cave,446,D4_2005,303916,307.1654003,11.84550635,11.58563518,-8,
39,Dongge cave,446,D4_2005,303917,311.2163148,11.92793642,11.84308782,-7.96,
39,Dongge cave,446,D4_2005,303918,315.1906705,12.05274898,11.93722356,-7.96,
39,Dongge cave,446,D4_2005,303919,319.1957779,12.24400624,11.96884535,-7.57,
39,Dongge cave,446,D4_2005,303920,323.1644585,12.45227837,12.2170168,-7.75,
39,Dongge cave,446,D4_2005,303921,327.1243794,12.71845427,12.12465063,-7.9,
39,Dongge cave,446,D4_2005,303922,331.0770046,13.01086007,12.22747819,-7.8,
39,Dongge cave,115,D4_2004,84518,331.078155,10.9805959,11.30060202,-8.1,
39,Dongge cave,446,D4_2005,303923,335.0674731,13.18364998,12.35243057,-7.73,
39,Dongge cave,446,D4_2005,303924,339.102481,13.38232047,12.60340792,-7.76,
39,Dongge cave,446,D4_2005,303925,343.1170544,13.60954236,12.89364504,-7.75,
39,Dongge cave,446,D4_2005,303926,347.0915785,13.80118076,13.04981591,-7.37,
39,Dongge cave,446,D4_2005,303927,351.1205565,14.11919407,13.1551027,-7.63,
39,Dongge cave,446,D4_2005,303928,355.1275117,14.35098328,13.33749319,-7.73,
39,Dongge cave,115,D4_2004,84519,356.1794706,11.63971154,11.50765637,-7.85,
39,Dongge cave,446,D4_2005,303929,359.0947207,14.45771941,13.61826349,-7.24,
39,Dongge cave,446,D4_2005,303930,363.1377864,14.70095694,13.98377382,-7.47,
39,Dongge cave,446,D4_2005,303931,367.2289472,14.88687845,14.31522388,-7.69,
39,Dongge cave,446,D4_2005,303932,371.275958,15.11299796,14.67565941,-7.86,
39,Dongge cave,446,D4_2005,303933,375.297519,15.25079931,14.92755259,-7.82,
39,Dongge cave,115,D4_2004,84520,376.8182167,17.31101295,15.37957179,-7.42,
39,Dongge cave,446,D4_2005,303934,379.2879046,15.61932128,15.24129148,-7.84,
39,Dongge cave,446,D4_2005,303935,383.2302773,15.92286625,15.56156849,-7.7,
39,Dongge cave,446,D4_2005,303936,387.1396045,16.3655303,15.94049167,-7.92,
39,Dongge cave,446,D4_2005,303937,391.1710558,16.64976844,16.3235877,-8.01,
39,Dongge cave,115,D4_2004,84521,397.1848105,31.07248607,27.31237392,-7.54,
39,Dongge cave,446,D4_2005,303938,403.3433416,15.99862041,15.91489885,-7.38,
39,Dongge cave,446,D4_2005,303939,415.5413385,15.53840101,15.6941813,-7.62,
39,Dongge cave,446,D4_2005,303940,427.6765571,15.29658684,15.33439907,-7.65,
39,Dongge cave,446,D4_2005,303941,439.8449916,15.1001937,15.15832998,-7.53,
39,Dongge cave,446,D4_2005,303942,452.14114,14.96690707,14.89338676,-7.62,
39,Dongge cave,446,D4_2005,303943,464.2686724,15.02237059,14.57088476,-7.46,
39,Dongge cave,446,D4_2005,303944,476.3988963,14.81505895,14.25227451,-7.74,
39,Dongge cave,446,D4_2005,303945,488.6114789,14.48766238,14.1994319,-7.52,
39,Dongge cave,115,D4_2004,84522,490.6012321,40.07063872,41.41519082,-7.5,
39,Dongge cave,446,D4_2005,303946,500.808734,14.32281918,14.15909505,-7.72,
39,Dongge cave,446,D4_2005,303947,512.9253827,14.38817989,14.10796281,-7.57,
39,Dongge cave,446,D4_2005,303948,524.8991926,14.46827999,14.09179913,-7.58,
39,Dongge cave,446,D4_2005,303949,536.9943729,14.71684402,14.05441398,-7.75,
39,Dongge cave,446,D4_2005,303950,549.1271753,14.79434191,14.20835824,-7.59,
39,Dongge cave,446,D4_2005,303951,561.3764544,14.76182964,14.39963428,-8.04,
39,Dongge cave,446,D4_2005,303952,573.5290789,14.70357809,14.56549179,-7.9,
39,Dongge cave,115,D4_2004,84523,582.148014,64.53359059,65.6674024,-7.3,
39,Dongge cave,446,D4_2005,303953,585.7720294,14.66115845,14.87647196,-7.93,
39,Dongge cave,446,D4_2005,303954,609.9781792,15.21409336,15.16481504,-7.9,
39,Dongge cave,446,D4_2005,303955,634.340531,15.80844335,15.82552002,-7.97,
39,Dongge cave,446,D4_2005,303956,646.537538,15.9754223,16.1016544,-7.79,
39,Dongge cave,446,D4_2005,303957,658.7892781,16.03071587,16.23049045,-8.04,
39,Dongge cave,446,D4_2005,303958,670.8385533,16.57077248,16.58280905,-7.68,
39,Dongge cave,115,D4_2004,84524,673.7730002,92.51045375,92.18394844,-7.76,
39,Dongge cave,446,D4_2005,303959,683.0589246,17.03429343,17.13710928,-7.78,
39,Dongge cave,446,D4_2005,303960,695.2020319,17.31015142,17.42692579,-7.13,
39,Dongge cave,446,D4_2005,303961,707.3818894,17.65894672,17.88432668,-7.94,
39,Dongge cave,446,D4_2005,303962,731.7127639,18.66123096,18.70795961,-7.6,
39,Dongge cave,115,D4_2004,84525,766.7599385,119.8712211,122.6007669,-8.15,
39,Dongge cave,446,D4_2005,303963,792.602393,21.17083149,21.49600468,-7.06,
39,Dongge cave,446,D4_2005,303964,853.4030991,23.86224842,24.05328521,-7.53,
39,Dongge cave,115,D4_2004,84526,860.3394173,149.1209228,152.0657367,-7.68,
39,Dongge cave,446,D4_2005,303965,914.3627991,26.54938639,27.17229071,-7.61,
39,Dongge cave,115,D4_2004,84527,953.4141892,176.7608576,181.7716254,-7.67,
39,Dongge cave,446,D4_2005,303966,958.8040323,22.40777827,21.11434296,-7.77,
39,Dongge cave,446,D4_2005,303967,1003.109237,34.101332,32.82014147,-7.56,
39,Dongge cave,446,D4_2005,303968,1023.758945,31.4264806,29.74428342,-7.45,
39,Dongge cave,115,D4_2004,84528,1044.378054,207.6303455,209.4935625,-7.3,
39,Dongge cave,446,D4_2005,303969,1044.585585,29.25892195,27.75582314,-7.21,
39,Dongge cave,446,D4_2005,303970,1065.53957,28.29887495,26.65568553,-7.46,
39,Dongge cave,446,D4_2005,303971,1086.282779,27.43051876,25.21115689,-7.56,
39,Dongge cave,446,D4_2005,303972,1107.253358,25.94879151,23.94589172,-7.91,
39,Dongge cave,446,D4_2005,303973,1128.083794,25.30946526,24.11793308,-7.73,
39,Dongge cave,115,D4_2004,84529,1136.749126,237.7728148,239.5402541,-7.13,
39,Dongge cave,446,D4_2005,303974,1148.975023,25.52047425,24.85057198,-7.61,
39,Dongge cave,446,D4_2005,303975,1169.684612,26.34527649,25.80310034,-7.74,
39,Dongge cave,446,D4_2005,303976,1190.298262,27.42327096,27.20821095,-7.48,
39,Dongge cave,446,D4_2005,303977,1211.546663,28.71056902,29.42812023,-7.74,
39,Dongge cave,115,D4_2004,84530,1228.937054,268.6167212,269.2293687,-7.42,
39,Dongge cave,446,D4_2005,303978,1232.243093,30.94476052,30.71259875,-7.63,
39,Dongge cave,446,D4_2005,303979,1253.127528,32.38456355,33.1917131,-7.4,
39,Dongge cave,446,D4_2005,303980,1274.149954,35.01361323,35.71909367,-7.73,
39,Dongge cave,446,D4_2005,303981,1294.865396,37.64056037,38.08753487,-7.31,
39,Dongge cave,115,D4_2004,84531,1321.186522,298.3515218,298.8101749,-7.69,
39,Dongge cave,446,D4_2005,303982,1328.558817,31.63029423,32.11951683,-7.54,
39,Dongge cave,446,D4_2005,303983,1361.864105,33.86088889,34.8024139,-7.77,
39,Dongge cave,446,D4_2005,303984,1395.218307,42.10364076,42.04437952,-7.71,
39,Dongge cave,115,D4_2004,84532,1413.305672,328.5150239,329.0921719,-7.51,
39,Dongge cave,446,D4_2005,303985,1428.515701,52.30021339,53.21578657,-7.69,
39,Dongge cave,446,D4_2005,303986,1493.990522,53.67766533,53.47559141,-7.54,
39,Dongge cave,115,D4_2004,84533,1505.141573,359.2752287,358.3699927,-7.56,
39,Dongge cave,446,D4_2005,303987,1581.138785,46.93801488,45.4221442,-7.69,
39,Dongge cave,115,D4_2004,84534,1659.384616,288.8227309,286.6620468,-7.53,
39,Dongge cave,446,D4_2005,303988,1668.694668,40.80926348,40.16238009,-7.6,
39,Dongge cave,446,D4_2005,303989,1755.825849,37.46089716,34.28365996,-7.28,
39,Dongge cave,115,D4_2004,84535,1814.275204,218.2067631,219.0150994,-7.35,
39,Dongge cave,446,D4_2005,303990,1843.325302,33.90609794,31.65250747,-7.78,
39,Dongge cave,115,D4_2004,84536,1967.498636,149.3746397,147.3600155,-7.49,
39,Dongge cave,446,D4_2005,303991,2070.563452,37.26157968,37.69718411,-6.93,
39,Dongge cave,446,D4_2005,303992,2088.058751,38.7332712,38.3661352,-7.61,
39,Dongge cave,446,D4_2005,303993,2107.296309,37.02800414,36.66537582,-7.36,
39,Dongge cave,115,D4_2004,84537,2121.90525,81.57712368,80.12907086,-7.38,
39,Dongge cave,446,D4_2005,303994,2127.039106,35.62282594,34.78166408,-7.35,
39,Dongge cave,446,D4_2005,303995,2146.238769,34.39469847,33.20895803,-7.19,
39,Dongge cave,446,D4_2005,303996,2165.671159,33.14566935,31.74586039,-7.28,
39,Dongge cave,446,D4_2005,303997,2185.066344,32.68930619,30.30156589,-7.14,
39,Dongge cave,446,D4_2005,303998,2204.187731,32.4943298,29.42768338,-7.34,
39,Dongge cave,446,D4_2005,303999,2223.922951,32.02488685,29.25365318,-7.75,
39,Dongge cave,446,D4_2005,304000,2243.491627,30.90652969,29.21505541,-7.61,
39,Dongge cave,446,D4_2005,304001,2262.842482,30.54729378,28.77701389,-7.4,
39,Dongge cave,115,D4_2004,84538,2276.531502,43.68809708,42.3847925,-6.8,
39,Dongge cave,446,D4_2005,304002,2282.280449,30.0847304,29.18507065,-7.76,
39,Dongge cave,446,D4_2005,304003,2301.858319,30.65063468,29.90146587,-7.71,
39,Dongge cave,446,D4_2005,304004,2321.209372,30.86812946,30.16148781,-7.66,
39,Dongge cave,446,D4_2005,304005,2340.717667,31.83095839,31.11364464,-7.66,
39,Dongge cave,446,D4_2005,304006,2360.04696,32.7771961,31.78473956,-7.56,
39,Dongge cave,446,D4_2005,304007,2379.53383,34.32659931,33.25216411,-7.6,
39,Dongge cave,115,D4_2004,84539,2384.732641,40.77011767,39.43884325,-6.97,
39,Dongge cave,446,D4_2005,304008,2399.010286,36.0333513,34.96861135,-7.21,
39,Dongge cave,446,D4_2005,304009,2418.543553,37.57413297,36.35080285,-7,
39,Dongge cave,446,D4_2005,304010,2437.830617,39.69894337,38.16438582,-8.11,
39,Dongge cave,446,D4_2005,304011,2457.243206,41.37447741,40.42573193,-6.76,
39,Dongge cave,446,D4_2005,304012,2477.049376,43.44715493,43.18211585,-6.75,
39,Dongge cave,115,D4_2004,84540,2493.16138,37.6475204,36.94668259,-7.28,
39,Dongge cave,446,D4_2005,304013,2496.775275,44.73148241,45.79121623,-6.64,
39,Dongge cave,446,D4_2005,304014,2516.312522,46.88396081,47.95311881,-6.75,
39,Dongge cave,446,D4_2005,304015,2525.649379,46.37474936,48.44649688,-6.96,
39,Dongge cave,446,D4_2005,304016,2533.791384,48.64264112,48.95211228,-6.69,
39,Dongge cave,446,D4_2005,304017,2542.726718,52.79080472,52.46214903,-6.72,
39,Dongge cave,446,D4_2005,304018,2551.378714,60.86156904,56.94150496,-6.71,
39,Dongge cave,446,D4_2005,304019,2559.56933,69.72107751,61.4525273,-7.26,
39,Dongge cave,446,D4_2005,304020,2567.409628,78.50005242,65.96704036,-7.36,
39,Dongge cave,446,D4_2005,304021,2575.558054,88.04487375,71.96901293,-7.35,
39,Dongge cave,446,D4_2005,304022,2583.538089,98.71339338,77.24150821,-7.46,
39,Dongge cave,446,D4_2005,304023,2590.970662,111.1168361,83.07613543,-7.6,
39,Dongge cave,446,D4_2005,304024,2598.13156,122.4209064,86.91776531,-7.25,
39,Dongge cave,115,D4_2004,84541,2601.321229,35.13020587,33.95441908,-7.13,
39,Dongge cave,446,D4_2005,304025,2606.040204,134.9382395,92.32788041,-7.37,
39,Dongge cave,446,D4_2005,304026,2613.65756,146.4721142,97.21361862,-7.76,
39,Dongge cave,446,D4_2005,304027,2621.559501,158.1287563,102.8076045,-7.8,
39,Dongge cave,446,D4_2005,304028,2629.891578,169.8676,109.4931215,-7.53,
39,Dongge cave,446,D4_2005,304029,2637.194446,179.9050724,115.2858165,-7.35,
39,Dongge cave,446,D4_2005,304030,2645.136936,191.2422794,121.8182675,-7.37,
39,Dongge cave,446,D4_2005,304031,2653.059748,204.4830683,128.2186038,-8.32,
39,Dongge cave,446,D4_2005,304032,2660.720917,218.708583,134.4297216,-7.39,
39,Dongge cave,446,D4_2005,304033,2668.356489,230.2581126,141.0950525,-7.67,
39,Dongge cave,446,D4_2005,304034,2677.065269,241.6054574,148.6312256,-7.86,
39,Dongge cave,446,D4_2005,304035,2685.092039,252.8319524,156.018009,-7.79,
39,Dongge cave,446,D4_2005,304036,2707.798067,243.1673507,147.5154345,-7.49,
39,Dongge cave,115,D4_2004,84542,2709.210306,33.38493454,31.21759874,-7.08,
39,Dongge cave,446,D4_2005,304037,2730.391268,231.8924943,140.0993962,-7.67,
39,Dongge cave,446,D4_2005,304038,2753.114981,220.7888877,134.2947995,-7.42,
39,Dongge cave,446,D4_2005,304039,2776.897824,210.688015,127.9779285,-6.88,
39,Dongge cave,446,D4_2005,304040,2799.247919,199.3447309,121.3036487,-6.7,
39,Dongge cave,115,D4_2004,84543,2817.534679,30.99066896,29.34550832,-7.49,
39,Dongge cave,446,D4_2005,304041,2821.689856,192.6144037,114.8683108,-7.36,
39,Dongge cave,446,D4_2005,304042,2868.00975,173.5561404,105.0236963,-7.83,
39,Dongge cave,115,D4_2004,84544,2925.425213,29.07467583,26.6368974,-7.45,
39,Dongge cave,446,D4_2005,304043,2940.72924,146.8021494,96.55955109,-7.91,
39,Dongge cave,446,D4_2005,304044,2988.229312,133.625375,96.1705974,-7.39,
39,Dongge cave,115,D4_2004,84545,3033.750717,27.11312938,24.94964626,-7.49,
39,Dongge cave,446,D4_2005,304045,3060.120333,111.906092,101.6052711,-7.41,
39,Dongge cave,446,D4_2005,304046,3106.772281,109.3031126,105.2293815,-7.12,
39,Dongge cave,115,D4_2004,84546,3142.08277,25.82164436,23.60875678,-7.69,
39,Dongge cave,446,D4_2005,304047,3174.404409,116.1746706,112.1684526,-7.23,
39,Dongge cave,446,D4_2005,304048,3198.136662,118.1799041,117.7798679,-7.44,
39,Dongge cave,115,D4_2004,84547,3250.427957,24.38165259,22.36510182,-7.54,
39,Dongge cave,446,D4_2005,304049,3311.377722,97.59771496,98.30095846,-7.28,
39,Dongge cave,115,D4_2004,84548,3359.063806,23.76668655,22.46514465,-8.1,
39,Dongge cave,446,D4_2005,304050,3445.384447,88.31261072,88.35526681,-7.45,
39,Dongge cave,115,D4_2004,84549,3467.058254,23.94096737,22.35009155,-8.05,
39,Dongge cave,115,D4_2004,84550,3575.323351,23.37256438,21.59046765,-8.08,
39,Dongge cave,446,D4_2005,304051,3579.216017,116.5727972,108.5490003,-8.59,
39,Dongge cave,446,D4_2005,304052,3636.655083,126.4139893,118.614665,-8.27,
39,Dongge cave,446,D4_2005,304053,3653.473487,120.3477374,115.4365868,-8.1,
39,Dongge cave,446,D4_2005,304054,3670.289653,113.5982934,115.7994958,-7.74,
39,Dongge cave,115,D4_2004,84551,3683.46561,23.87772843,21.91517846,-8.24,
39,Dongge cave,446,D4_2005,304055,3684.795874,109.3866947,111.6904844,-7.85,
39,Dongge cave,446,D4_2005,304056,3699.037663,107.3758599,108.1812176,-7.73,
39,Dongge cave,446,D4_2005,304057,3716.443627,101.7675927,106.6258429,-7.8,
39,Dongge cave,446,D4_2005,304058,3732.231438,101.2236194,105.9526394,-8.02,
39,Dongge cave,446,D4_2005,304059,3747.4593,100.3731868,105.6380878,-8.29,
39,Dongge cave,446,D4_2005,304060,3764.153138,98.3196596,109.3647252,-8.08,
39,Dongge cave,446,D4_2005,304061,3781.167031,97.2176507,115.1101769,-8.08,
39,Dongge cave,115,D4_2004,84552,3791.43417,25.44389961,22.86218288,-8.59,
39,Dongge cave,446,D4_2005,304062,3798.299981,96.6839568,121.4989088,-8.16,
39,Dongge cave,446,D4_2005,304063,3813.672318,97.36871727,127.0481214,-8.48,
39,Dongge cave,446,D4_2005,304064,3830.793092,96.74786281,134.885867,-8.04,
39,Dongge cave,446,D4_2005,304065,3846.594061,100.2853371,141.4786063,-8,
39,Dongge cave,446,D4_2005,304066,3862.317529,102.7197046,146.408195,-8.46,
39,Dongge cave,446,D4_2005,304067,3879.439388,105.3562243,156.6943702,-7.88,
39,Dongge cave,446,D4_2005,304068,3895.655065,110.4934767,165.8137474,-8.05,
39,Dongge cave,115,D4_2004,84553,3899.719329,26.3356138,25.13958693,-8.83,
39,Dongge cave,446,D4_2005,304069,3910.580133,115.6571345,171.5870498,-8.15,
39,Dongge cave,446,D4_2005,304070,3927.237649,120.7314377,181.8954129,-8.25,
39,Dongge cave,446,D4_2005,304071,3942.888008,126.7821936,189.7103615,-8.16,
39,Dongge cave,446,D4_2005,304072,3959.186045,131.1497359,197.9898531,-8.2,
39,Dongge cave,446,D4_2005,304073,3975.134227,138.0550606,206.7303373,-8.15,
39,Dongge cave,446,D4_2005,304074,3997.923303,139.5140862,206.8869802,-8.21,
39,Dongge cave,115,D4_2004,84554,4001.786887,21.25090738,18.81988149,-8.78,
39,Dongge cave,446,D4_2005,304075,4005.095721,133.2990715,197.1993068,-8.31,
39,Dongge cave,446,D4_2005,304076,4011.870814,127.2458073,187.677027,-8.18,
39,Dongge cave,446,D4_2005,304077,4018.421964,120.9029757,176.5890092,-8.38,
39,Dongge cave,446,D4_2005,304078,4025.612013,114.639895,167.5797996,-8.12,
39,Dongge cave,446,D4_2005,304079,4032.892219,108.386158,158.3720506,-8.13,
39,Dongge cave,446,D4_2005,304080,4040.202263,102.2574884,150.214868,-8.38,
39,Dongge cave,446,D4_2005,304081,4047.126137,97.28979645,140.7429625,-8,
39,Dongge cave,446,D4_2005,304082,4054.728394,91.56060556,131.3988863,-8.38,
39,Dongge cave,446,D4_2005,304083,4062.044586,86.72959782,122.0557012,-8.2,
39,Dongge cave,446,D4_2005,304084,4068.850581,81.49955917,112.8863369,-8.34,
39,Dongge cave,446,D4_2005,304085,4075.356528,77.21129858,103.1240443,-8.34,
39,Dongge cave,446,D4_2005,304086,4082.367594,72.18367143,93.93695204,-8.13,
39,Dongge cave,446,D4_2005,304087,4089.128652,67.10452533,85.36090106,-8.39,
39,Dongge cave,446,D4_2005,304088,4095.878245,62.4092479,76.43600576,-8.18,
39,Dongge cave,115,D4_2004,84555,4098.286639,27.66182258,26.88194676,-8.37,
39,Dongge cave,446,D4_2005,304089,4102.922126,57.49506065,69.29394686,-8.56,
39,Dongge cave,446,D4_2005,304090,4109.887671,53.71313776,61.3836204,-8.21,
39,Dongge cave,446,D4_2005,304091,4116.324646,51.34933704,54.6715506,-8.63,
39,Dongge cave,446,D4_2005,304092,4123.382785,48.22422203,48.48078981,-8.11,
39,Dongge cave,446,D4_2005,304093,4130.883165,44.86723641,44.825478,-8.14,
39,Dongge cave,446,D4_2005,304094,4138.443499,41.7999151,42.21603893,-8.38,
39,Dongge cave,446,D4_2005,304095,4145.726015,41.35500731,40.432288,-8.28,
39,Dongge cave,446,D4_2005,304096,4153.488201,41.74636831,42.21140547,-7.7,
39,Dongge cave,446,D4_2005,304097,4176.975789,33.64690829,34.42089093,-7.95,
39,Dongge cave,115,D4_2004,84556,4179.271077,26.11331247,25.3718664,-8.27,
39,Dongge cave,446,D4_2005,304098,4200.022102,29.85371892,29.92539599,-8.47,
39,Dongge cave,446,D4_2005,304099,4223.692825,29.15447319,31.36987762,-8.41,
39,Dongge cave,446,D4_2005,304100,4246.448347,34.96684267,36.75126546,-7.92,
39,Dongge cave,115,D4_2004,84557,4260.35685,24.81977172,24.34263086,-8.36,
39,Dongge cave,446,D4_2005,304101,4273.161868,38.62482178,40.23187636,-8.18,
39,Dongge cave,446,D4_2005,304102,4305.313174,36.70741822,36.33456947,-8.51,
39,Dongge cave,446,D4_2005,304103,4337.558716,35.20177894,34.90029109,-8.62,
39,Dongge cave,115,D4_2004,84558,4341.574253,23.58901735,22.81298573,-8.28,
39,Dongge cave,446,D4_2005,304104,4369.782827,35.7314099,34.77910602,-8.59,
39,Dongge cave,446,D4_2005,304105,4402.022883,38.45399954,36.86736826,-8.3,
39,Dongge cave,115,D4_2004,84559,4422.552469,23.06987193,21.9628113,-8.76,
39,Dongge cave,446,D4_2005,304106,4434.594987,40.47133847,39.79714692,-8.49,
39,Dongge cave,446,D4_2005,304107,4466.921072,43.96700097,44.5270396,-8.5,
39,Dongge cave,446,D4_2005,304108,4499.25035,50.10791442,48.98153185,-7.57,
39,Dongge cave,115,D4_2004,84560,4503.779168,23.27029718,21.64256618,-8.41,
39,Dongge cave,446,D4_2005,304109,4531.318195,55.06582015,54.42251161,-8.48,
39,Dongge cave,446,D4_2005,304110,4564.149746,60.1208076,60.37875407,-8.46,
39,Dongge cave,115,D4_2004,84561,4584.835444,23.47322103,21.74212795,-8.32,
39,Dongge cave,446,D4_2005,304111,4596.443259,65.53022548,66.36390867,-8.5,
39,Dongge cave,446,D4_2005,304112,4628.913911,71.71115644,72.34980361,-7.87,
39,Dongge cave,115,D4_2004,84562,4665.842614,23.83549038,21.75734624,-8.53,
39,Dongge cave,446,D4_2005,304113,4679.383711,65.09470987,64.61663018,-7.98,
39,Dongge cave,446,D4_2005,304114,4730.453237,59.31253503,59.33845062,-8.53,
39,Dongge cave,115,D4_2004,84563,4747.267195,24.41868965,23.5169804,-8.01,
39,Dongge cave,446,D4_2005,304115,4780.38562,55.57647257,53.09898383,-8.5,
39,Dongge cave,115,D4_2004,84564,4828.613456,25.3322314,25.02567373,-8.74,
39,Dongge cave,446,D4_2005,304116,4831.259153,50.58203635,49.10456396,-8.3,
39,Dongge cave,446,D4_2005,304117,4882.342551,47.50523136,45.94655074,-8.67,
39,Dongge cave,115,D4_2004,84565,4909.487705,27.05170983,26.28352485,-8.61,
39,Dongge cave,446,D4_2005,304118,4932.73156,46.541259,44.49492058,-8.35,
39,Dongge cave,446,D4_2005,304119,4983.599509,47.01663162,43.99066049,-8.43,
39,Dongge cave,115,D4_2004,84566,4990.776616,28.37463906,28.17842447,-8.3,
39,Dongge cave,446,D4_2005,304120,5009.329399,46.44821891,45.87303796,-8.3,
39,Dongge cave,446,D4_2005,304121,5034.438443,47.63991382,46.20225376,-8.43,
39,Dongge cave,446,D4_2005,304122,5059.84906,50.15929712,46.97646137,-8.18,
39,Dongge cave,115,D4_2004,84567,5072.126572,29.84809179,30.88670159,-8.44,
39,Dongge cave,446,D4_2005,304123,5085.726841,51.28364021,48.85903882,-8.12,
39,Dongge cave,446,D4_2005,304124,5110.781011,54.59597377,49.66504883,-8.4,
39,Dongge cave,446,D4_2005,304125,5136.462311,55.98805366,52.07880912,-8.05,
39,Dongge cave,115,D4_2004,84568,5153.077718,32.36885138,33.15930507,-8.27,
39,Dongge cave,446,D4_2005,304126,5162.031986,57.70553766,53.82233875,-7.82,
39,Dongge cave,446,D4_2005,304127,5177.186517,55.89773696,51.24229954,-7.77,
39,Dongge cave,446,D4_2005,304128,5190.639248,53.2320752,49.98956012,-8.47,
39,Dongge cave,446,D4_2005,304129,5203.691529,51.85676361,49.48472373,-8.44,
39,Dongge cave,446,D4_2005,304130,5216.896085,50.7545315,49.42456852,-7.88,
39,Dongge cave,446,D4_2005,304131,5230.074287,50.97926071,49.98094155,-8.49,
39,Dongge cave,115,D4_2004,84569,5234.219137,34.53785149,35.00283616,-8.45,
39,Dongge cave,446,D4_2005,304132,5242.936116,51.52630696,51.72248741,-8.65,
39,Dongge cave,446,D4_2005,304133,5255.921642,53.29198379,54.67152332,-8.4,
39,Dongge cave,446,D4_2005,304134,5269.470374,56.01941971,58.79882424,-8.38,
39,Dongge cave,446,D4_2005,304135,5282.226187,59.79956161,63.54006199,-8.57,
39,Dongge cave,446,D4_2005,304136,5294.764433,64.46517314,67.95114219,-8.15,
39,Dongge cave,446,D4_2005,304137,5307.540467,69.18859926,72.53764631,-8.49,
39,Dongge cave,115,D4_2004,84570,5315.548483,36.79256133,37.03754707,-8.48,
39,Dongge cave,446,D4_2005,304138,5320.639728,74.45994324,78.57883967,-8.35,
39,Dongge cave,446,D4_2005,304139,5333.794484,79.75431168,85.22535836,-8.45,
39,Dongge cave,446,D4_2005,304140,5346.834128,84.58029521,90.15898651,-8.5,
39,Dongge cave,446,D4_2005,304141,5359.513389,89.1241353,96.87086174,-8.59,
39,Dongge cave,446,D4_2005,304142,5372.791778,94.69817662,102.8022297,-8.46,
39,Dongge cave,446,D4_2005,304143,5385.337882,101.688574,108.075462,-8.65,
39,Dongge cave,446,D4_2005,304144,5390.453992,100.4703968,106.641754,-8.55,
39,Dongge cave,115,D4_2004,84571,5390.652244,37.01372153,36.61563749,-8.55,
39,Dongge cave,446,D4_2005,304145,5400.837948,97.40234505,103.9631775,-8.66,
39,Dongge cave,446,D4_2005,304146,5411.12554,94.58964986,100.9452927,-8.78,
39,Dongge cave,446,D4_2005,304147,5421.61806,91.55098374,99.03023813,-8.7,
39,Dongge cave,446,D4_2005,304148,5431.783301,88.82708378,96.25316588,-8.56,
39,Dongge cave,446,D4_2005,304149,5441.759577,86.5173139,92.69889914,-8.52,
39,Dongge cave,446,D4_2005,304150,5452.12382,83.79882123,90.16622604,-8.73,
39,Dongge cave,446,D4_2005,304151,5462.363914,81.20360974,86.6311837,-8.66,
39,Dongge cave,115,D4_2004,84572,5466.200411,39.1845928,39.27013468,-8.66,
39,Dongge cave,446,D4_2005,304152,5472.744015,78.54966577,83.75605802,-8.12,
39,Dongge cave,446,D4_2005,304153,5482.856699,76.63001789,81.03584904,-8.31,
39,Dongge cave,446,D4_2005,304154,5487.975749,75.50578264,80.18158842,-8.69,
39,Dongge cave,446,D4_2005,304155,5493.231936,73.9552766,79.20699936,-8.91,
39,Dongge cave,446,D4_2005,304156,5498.374326,72.84481443,78.72607427,-8.05,
39,Dongge cave,446,D4_2005,304157,5503.455078,72.09698988,77.28555622,-8.28,
39,Dongge cave,446,D4_2005,304158,5508.672081,70.84340666,76.40610815,-8.81,
39,Dongge cave,446,D4_2005,304159,5513.783985,69.96793386,75.3293178,-8.73,
39,Dongge cave,446,D4_2005,304160,5518.865129,68.9338268,74.29197295,-8.93,
39,Dongge cave,446,D4_2005,304161,5524.206543,67.79077814,72.99751745,-8.49,
39,Dongge cave,446,D4_2005,304162,5529.35974,66.68118917,71.54878428,-8.59,
39,Dongge cave,446,D4_2005,304163,5534.480458,65.84723842,69.80381245,-8.46,
39,Dongge cave,446,D4_2005,304164,5539.208031,65.15286923,68.36738784,-8.76,
39,Dongge cave,115,D4_2004,84573,5541.933867,44.19308756,47.73889312,-8.48,
39,Dongge cave,446,D4_2005,304165,5544.362202,64.06942245,67.10402545,-8.85,
39,Dongge cave,446,D4_2005,304166,5549.52728,63.21413354,65.98739604,-8.38,
39,Dongge cave,446,D4_2005,304167,5554.665544,62.10608831,64.47912907,-8.91,
39,Dongge cave,446,D4_2005,304168,5559.718991,60.56153437,63.41635375,-8.67,
39,Dongge cave,446,D4_2005,304169,5564.926853,59.76203408,62.10646703,-8.56,
39,Dongge cave,446,D4_2005,304170,5570.061264,59.20500373,61.34145026,-8.51,
39,Dongge cave,446,D4_2005,304171,5575.224959,58.19438817,60.64908651,-8.64,
39,Dongge cave,446,D4_2005,304172,5580.335114,57.19500486,59.55714982,-8.97,
39,Dongge cave,446,D4_2005,304173,5596.019889,54.04506119,55.76958367,-8.42,
39,Dongge cave,115,D4_2004,84574,5617.014822,53.79396302,56.53419206,-8.58,
39,Dongge cave,446,D4_2005,304174,5621.157303,52.32207999,50.39405193,-8.82,
39,Dongge cave,446,D4_2005,304175,5647.276338,49.92040975,47.66495652,-9.17,
39,Dongge cave,446,D4_2005,304176,5673.350342,48.20669266,45.9114038,-9.17,
39,Dongge cave,115,D4_2004,84575,5692.485598,63.1501853,67.512695,-8.57,
39,Dongge cave,446,D4_2005,304177,5699.154182,47.67879824,44.63281897,-9.04,
39,Dongge cave,446,D4_2005,304178,5724.198229,49.41236185,44.59348454,-8.57,
39,Dongge cave,446,D4_2005,304179,5750.214795,52.01551942,48.38489208,-9.28,
39,Dongge cave,115,D4_2004,84576,5767.325821,73.93112098,76.75769813,-8.27,
39,Dongge cave,446,D4_2005,304180,5781.364138,52.79367294,50.69753121,-8.79,
39,Dongge cave,446,D4_2005,304181,5825.374642,49.09798276,46.99926447,-8.95,
39,Dongge cave,115,D4_2004,84577,5843.049356,83.59399113,87.45205246,-8.41,
39,Dongge cave,446,D4_2005,304182,5869.223303,45.38100365,43.40845379,-8.78,
39,Dongge cave,446,D4_2005,304183,5912.838123,41.98390837,39.86912079,-9.06,
39,Dongge cave,115,D4_2004,84578,5918.715019,95.63388642,99.57854697,-9.08,
39,Dongge cave,446,D4_2005,304184,5956.543985,39.82914372,37.86984465,-8.71,
39,Dongge cave,115,D4_2004,84579,5994.397404,105.9992581,111.120532,-8.57,
39,Dongge cave,446,D4_2005,304185,6000.242037,37.26758155,36.65257264,-8.81,
39,Dongge cave,446,D4_2005,304186,6043.937523,36.04341277,36.06534923,-8.96,
39,Dongge cave,115,D4_2004,84580,6070.321602,117.1896061,122.8964244,-8.52,
39,Dongge cave,446,D4_2005,304187,6087.681607,36.64321009,35.64297219,-8.89,
39,Dongge cave,446,D4_2005,304188,6131.629171,37.92106557,37.40554163,-9.06,
39,Dongge cave,115,D4_2004,84581,6146.148828,128.7802178,135.3319208,-8.74,
39,Dongge cave,446,D4_2005,304189,6175.908435,39.20719171,39.58748311,-8.82,
39,Dongge cave,446,D4_2005,304190,6219.484876,41.07042811,41.62929511,-8.76,
39,Dongge cave,115,D4_2004,84582,6221.658366,139.8668458,146.9556175,-8.68,
39,Dongge cave,446,D4_2005,304191,6263.348276,43.85706911,44.74159111,-9.03,
39,Dongge cave,115,D4_2004,84583,6276.44225,123.4884513,128.4431518,-8.92,
39,Dongge cave,446,D4_2005,304192,6307.34509,46.87186793,48.58716459,-8.87,
39,Dongge cave,115,D4_2004,84584,6330.570643,105.0145281,112.0171911,-8.94,
39,Dongge cave,446,D4_2005,304193,6344.264668,45.44947146,44.94598071,-8.82,
39,Dongge cave,446,D4_2005,304194,6376.892128,40.64850809,40.35765297,-8.55,
39,Dongge cave,115,D4_2004,84585,6385.50643,90.099409,96.00432902,-8.83,
39,Dongge cave,446,D4_2005,304195,6409.486005,38.14320717,35.76047389,-8.9,
39,Dongge cave,115,D4_2004,84586,6439.397457,75.03011427,78.39709739,-9.26,
39,Dongge cave,446,D4_2005,304196,6442.358473,36.59404481,36.47675332,-8.95,
39,Dongge cave,446,D4_2005,304197,6475.185699,40.39612106,39.00144663,-8.96,
39,Dongge cave,115,D4_2004,84587,6493.090662,61.15774048,63.21170338,-9.02,
39,Dongge cave,446,D4_2005,304198,6507.302453,45.23142687,43.9891308,-8.9,
39,Dongge cave,446,D4_2005,304199,6539.791396,52.09101431,50.39319473,-8.5,
39,Dongge cave,115,D4_2004,84588,6547.981112,49.45947545,49.50663811,-8.84,
39,Dongge cave,446,D4_2005,304200,6579.016392,50.23707845,49.12062546,-8.8,
39,Dongge cave,115,D4_2004,84589,6603.060826,41.57592514,41.05145474,-8.8,
39,Dongge cave,446,D4_2005,304201,6621.198103,44.77698659,44.76401357,-8.18,
39,Dongge cave,115,D4_2004,84590,6657.212284,42.59546344,40.97320831,-9.26,
39,Dongge cave,446,D4_2005,304202,6663.291187,40.48527718,39.91237541,-8.57,
39,Dongge cave,446,D4_2005,304203,6705.01413,36.41889874,35.85800084,-8.43,
39,Dongge cave,115,D4_2004,84591,6729.920342,38.88698277,37.39533093,-8.89,
39,Dongge cave,446,D4_2005,304204,6746.91215,32.6043487,31.84640513,-8.78,
39,Dongge cave,446,D4_2005,304205,6788.972036,30.34539371,29.93837423,-8.94,
39,Dongge cave,115,D4_2004,84592,6802.547451,34.82544485,32.6264395,-9.05,
39,Dongge cave,446,D4_2005,304206,6830.802659,28.49979605,27.73607269,-8.31,
39,Dongge cave,446,D4_2005,304207,6872.74527,27.03817033,26.5431524,-8.55,
39,Dongge cave,115,D4_2004,84593,6874.996043,31.34862845,29.31521283,-8.82,
39,Dongge cave,446,D4_2005,304208,6914.580964,27.65415798,26.90169826,-8.94,
39,Dongge cave,115,D4_2004,84594,6947.611835,29.44679169,27.20514224,-8.86,
39,Dongge cave,446,D4_2005,304209,6956.290779,29.05903261,28.7191248,-8.47,
39,Dongge cave,446,D4_2005,304210,6998.261379,31.35087782,31.26331737,-8.72,
39,Dongge cave,115,D4_2004,84595,7019.9361,28.40922298,26.37951482,-9.21,
39,Dongge cave,446,D4_2005,304211,7031.299458,30.9906073,28.97449359,-8.83,
39,Dongge cave,446,D4_2005,304212,7064.174525,37.49708201,32.66148213,-8.57,
39,Dongge cave,115,D4_2004,84596,7092.437146,28.851986,25.94122175,-9.04,
39,Dongge cave,446,D4_2005,304213,7097.160387,44.83874318,40.27293098,-8.96,
39,Dongge cave,446,D4_2005,304214,7130.304236,53.93172883,49.13185322,-9.31,
39,Dongge cave,446,D4_2005,304215,7163.636977,63.65712214,60.73842393,-8.78,
39,Dongge cave,115,D4_2004,84597,7164.731061,29.52193257,26.94021698,-8.79,
39,Dongge cave,446,D4_2005,304216,7197.16703,73.27927561,71.24108773,-9.08,
39,Dongge cave,446,D4_2005,304217,7229.954827,84.51636063,82.38961582,-8.92,
39,Dongge cave,115,D4_2004,84598,7237.478851,31.20215705,28.8756933,-8.77,
39,Dongge cave,446,D4_2005,304218,7263.342668,96.6176042,94.36120989,-9.01,
39,Dongge cave,446,D4_2005,304219,7296.017713,108.5274048,105.8485336,-9.23,
39,Dongge cave,115,D4_2004,84599,7310.224464,33.22289333,31.3552737,-9.1,
39,Dongge cave,446,D4_2005,304220,7329.819218,118.9125098,117.9835062,-9.19,
39,Dongge cave,446,D4_2005,304221,7363.484128,129.9035205,131.2261069,-8.99,
39,Dongge cave,115,D4_2004,84600,7382.587757,36.84068476,34.40096401,-8.84,
39,Dongge cave,446,D4_2005,304222,7395.792197,142.2949967,143.3627915,-9.32,
39,Dongge cave,446,D4_2005,304223,7460.298434,112.0040689,113.5716521,-9.17,
39,Dongge cave,115,D4_2004,84601,7463.446766,33.33069339,31.65353424,-9.2,
39,Dongge cave,446,D4_2005,304224,7523.275233,82.98013325,84.70605802,-9.2,
39,Dongge cave,115,D4_2004,84602,7544.872749,30.28452466,29.24273619,-8.96,
39,Dongge cave,446,D4_2005,304225,7586.839063,54.42123807,57.14497241,-8.92,
39,Dongge cave,115,D4_2004,84603,7625.534996,28.82249126,26.86329434,-8.89,
39,Dongge cave,446,D4_2005,304226,7649.291385,35.93147713,36.49381256,-9.13,
39,Dongge cave,446,D4_2005,304227,7696.215916,34.23693258,34.07431331,-9.15,
39,Dongge cave,115,D4_2004,84604,7706.29785,28.11420743,25.52278468,-8.87,
39,Dongge cave,446,D4_2005,304228,7720.297306,32.41257879,32.68028163,-9.2,
39,Dongge cave,446,D4_2005,304229,7744.422248,31.26141785,31.77320764,-8.68,
39,Dongge cave,446,D4_2005,304230,7768.500868,29.73132074,30.58028021,-9.06,
39,Dongge cave,115,D4_2004,84605,7787.207688,27.55826329,25.29550005,-8.84,
39,Dongge cave,446,D4_2005,304231,7792.205291,30.25739469,30.50213108,-9.17,
39,Dongge cave,446,D4_2005,304232,7816.020355,31.58356798,31.16382807,-9.28,
39,Dongge cave,446,D4_2005,304233,7839.933699,32.97972767,32.69634412,-9.2,
39,Dongge cave,446,D4_2005,304234,7864.178512,34.37559906,34.40220604,-9,
39,Dongge cave,115,D4_2004,84606,7867.948243,27.76024253,25.08647521,-8.91,
39,Dongge cave,446,D4_2005,304235,7887.881217,37.1579391,36.84418753,-8.95,
39,Dongge cave,115,D4_2004,84607,7949.281454,28.32698732,27.04528598,-8.82,
39,Dongge cave,446,D4_2005,304236,7973.007186,49.30250214,46.45271554,-9.07,
39,Dongge cave,446,D4_2005,304237,7984.852932,51.20932745,48.28159774,-8.8,
39,Dongge cave,475,DA_2009,320482,7987.822287,34.76434028,38.23872465,-8.79,
39,Dongge cave,446,D4_2005,304238,7997.274902,52.31960623,51.14041162,-9.08,
39,Dongge cave,475,DA_2009,320483,7999.717761,32.05028131,33.5182321,-8.64,
39,Dongge cave,475,DA_2009,320484,8008.078453,34.40687645,36.42853209,-8.72,
39,Dongge cave,446,D4_2005,304239,8009.25966,53.91398964,53.03435084,-8.56,
39,Dongge cave,475,DA_2009,320485,8010.857184,34.02830421,34.02066663,-8.65,
39,Dongge cave,475,DA_2009,320486,8012.993803,33.38170382,33.06106344,-8.81,
39,Dongge cave,446,D4_2005,304240,8013.952619,54.84091962,53.76797296,-8.96,
39,Dongge cave,475,DA_2009,320487,8015.918366,32.86508075,31.39711428,-8.78,
39,Dongge cave,446,D4_2005,304241,8016.300233,55.42840751,54.0937922,-9.2,
39,Dongge cave,475,DA_2009,320488,8017.914792,32.08997908,30.54323281,-8.78,
39,Dongge cave,446,D4_2005,304242,8018.686771,55.98785147,54.42352358,-8.91,
39,Dongge cave,475,DA_2009,320489,8021.114646,30.07775665,29.23069203,-8.71,
39,Dongge cave,446,D4_2005,304243,8021.131778,56.48882617,54.85935529,-8.84,
39,Dongge cave,475,DA_2009,320490,8023.091219,29.055402,28.26300979,-8.84,
39,Dongge cave,446,D4_2005,304244,8025.614362,57.89820561,55.36993354,-8.91,
39,Dongge cave,475,DA_2009,320491,8026.208314,28.43295338,27.014065,-8.73,
39,Dongge cave,446,D4_2005,304245,8028.005952,58.24372397,55.64411272,-9.26,
39,Dongge cave,475,DA_2009,320492,8028.231117,28.75684917,26.6149013,-8.7,
39,Dongge cave,446,D4_2005,304246,8030.474972,58.35046263,55.99572017,-9.01,
39,Dongge cave,115,D4_2004,84608,8030.484251,30.11372356,29.98707547,-8.88,
39,Dongge cave,475,DA_2009,320493,8031.604209,28.28730444,26.89447741,-8.64,
39,Dongge cave,446,D4_2005,304247,8032.812099,58.61014294,56.40985547,-8.75,
39,Dongge cave,475,DA_2009,320494,8033.846746,27.48647791,27.2159962,-8.81,
39,Dongge cave,475,DA_2009,320495,8037.039284,27.06955569,27.5414874,-8.65,
39,Dongge cave,446,D4_2005,304248,8037.539993,59.60847506,57.06583304,-8.82,
39,Dongge cave,475,DA_2009,320496,8039.248061,26.62375185,27.57753647,-8.78,
39,Dongge cave,446,D4_2005,304249,8040.004301,60.00961354,57.45198317,-9.13,
39,Dongge cave,446,D4_2005,304250,8042.410345,60.35484214,57.7343389,-8.7,
39,Dongge cave,475,DA_2009,320497,8042.799717,26.32807006,28.2288133,-8.62,
39,Dongge cave,446,D4_2005,304251,8044.907446,60.58494386,58.34898972,-8.59,
39,Dongge cave,475,DA_2009,320498,8045.412781,25.37018646,29.41681679,-8.62,
39,Dongge cave,446,D4_2005,304252,8047.352286,60.94223336,59.04078909,-8.95,
39,Dongge cave,475,DA_2009,320499,8048.825669,24.89195251,29.85436018,-8.57,
39,Dongge cave,446,D4_2005,304253,8049.725852,61.31180457,59.22145245,-8.14,
39,Dongge cave,475,DA_2009,320500,8051.085661,25.20026275,30.74372374,-8.37,
39,Dongge cave,446,D4_2005,304254,8052.1241,61.65669297,59.63731967,-8.63,
39,Dongge cave,475,DA_2009,320501,8054.337292,25.0553988,31.65331844,-7.94,
39,Dongge cave,446,D4_2005,304255,8054.47782,62.30411,60.05233022,-8.69,
39,Dongge cave,475,DA_2009,320502,8056.443508,25.65995945,32.58467835,-7.96,
39,Dongge cave,446,D4_2005,304256,8056.487218,61.39287787,59.23317003,-8.8,
39,Dongge cave,446,D4_2005,304257,8059.592463,60.41101273,58.31145664,-8.7,
39,Dongge cave,475,DA_2009,320503,8059.834282,26.20442918,33.99842616,-7.97,
39,Dongge cave,446,D4_2005,304258,8061.576113,60.2575127,57.09539547,-8.61,
39,Dongge cave,475,DA_2009,320504,8061.97472,26.59303923,34.75115824,-8.1,
39,Dongge cave,446,D4_2005,304259,8062.677172,59.60500023,56.49149904,-8.7,
39,Dongge cave,446,D4_2005,304260,8064.682943,58.55713041,55.39531072,-8.8,
39,Dongge cave,475,DA_2009,320505,8065.543991,27.06539512,35.71315936,-8.21,
39,Dongge cave,446,D4_2005,304261,8066.575317,58.43134548,54.55001046,-8.74,
39,Dongge cave,475,DA_2009,320506,8067.551008,28.15764001,36.57251738,-8.28,
39,Dongge cave,446,D4_2005,304262,8068.434786,58.06232065,53.46722882,-8.71,
39,Dongge cave,446,D4_2005,304263,8069.419597,57.38726258,53.25840471,-8.7,
39,Dongge cave,446,D4_2005,304264,8070.436568,56.8010677,52.71808561,-8.93,
39,Dongge cave,475,DA_2009,320507,8070.92364,29.42361784,38.11204371,-8.27,
39,Dongge cave,446,D4_2005,304265,8071.705344,56.04738613,52.62976262,-8.64,
39,Dongge cave,446,D4_2005,304266,8072.776873,55.71578783,52.4866844,-8.47,
39,Dongge cave,475,DA_2009,320508,8072.910504,30.67035101,38.68620829,-8.4,
39,Dongge cave,446,D4_2005,304267,8073.70417,55.10606106,51.97718762,-8.64,
39,Dongge cave,446,D4_2005,304268,8074.630846,54.47466889,51.318007,-8.86,
39,Dongge cave,446,D4_2005,304269,8075.557716,54.13896033,50.575462,-8.18,
39,Dongge cave,446,D4_2005,304270,8076.58132,54.00776562,49.93254084,-8.26,
39,Dongge cave,446,D4_2005,304271,8078.402414,53.53078154,48.97666005,-8.71,
39,Dongge cave,446,D4_2005,304272,8079.501849,53.2528907,48.39625818,-8.71,
39,Dongge cave,446,D4_2005,304273,8080.673574,53.02904552,48.27777182,-8.67,
39,Dongge cave,446,D4_2005,304274,8081.654684,52.82828626,48.0489422,-8.58,
39,Dongge cave,446,D4_2005,304275,8082.545829,52.60709151,47.73037181,-8.72,
39,Dongge cave,446,D4_2005,304276,8083.628481,52.41444564,47.46750165,-8.61,
39,Dongge cave,446,D4_2005,304277,8084.70469,52.1771271,47.26108741,-8.7,
39,Dongge cave,446,D4_2005,304278,8085.865529,51.77293507,47.08389783,-8.83,
39,Dongge cave,475,DA_2009,320509,8086.601132,25.34692343,25.12389533,-8.53,
39,Dongge cave,446,D4_2005,304279,8087.099029,51.17168525,47.18241731,-8.44,
39,Dongge cave,446,D4_2005,304280,8089.260587,50.82114693,46.68064977,-8.45,
39,Dongge cave,446,D4_2005,304281,8090.291346,50.67930335,46.33906816,-8.57,
39,Dongge cave,446,D4_2005,304282,8091.301821,50.61261856,46.13782952,-8.68,
39,Dongge cave,446,D4_2005,304283,8092.382034,50.67143163,45.96787891,-8.56,
39,Dongge cave,446,D4_2005,304284,8093.526348,50.3699061,46.14320443,-8.57,
39,Dongge cave,446,D4_2005,304285,8094.587205,50.25738269,45.9262776,-8.56,
39,Dongge cave,446,D4_2005,304286,8095.546687,49.97043818,45.81689618,-8.69,
39,Dongge cave,446,D4_2005,304287,8096.584282,49.88675506,45.83298006,-8.49,
39,Dongge cave,446,D4_2005,304288,8097.667802,49.67953679,45.90271759,-8.51,
39,Dongge cave,446,D4_2005,304289,8099.715871,49.02200875,45.69263623,-8.8,
39,Dongge cave,446,D4_2005,304290,8100.871872,48.9629261,45.66706586,-8.96,
39,Dongge cave,475,DA_2009,320510,8101.097438,20.70958609,25.41843889,-8.41,
39,Dongge cave,446,D4_2005,304291,8101.830894,48.46544092,45.30278995,-8.84,
39,Dongge cave,446,D4_2005,304292,8102.76786,48.22934675,44.61476348,-8.71,
39,Dongge cave,475,DA_2009,320511,8103.770908,20.81258799,23.9019435,-8.39,
39,Dongge cave,446,D4_2005,304293,8103.794347,47.99341917,44.55453461,-8.68,
39,Dongge cave,446,D4_2005,304294,8104.869015,47.73525778,44.6722541,-8.65,
39,Dongge cave,475,DA_2009,320512,8105.586838,20.58980364,22.97216583,-8.25,
39,Dongge cave,446,D4_2005,304295,8105.828711,47.53452787,44.59956352,-8.68,
39,Dongge cave,446,D4_2005,304296,8106.942878,47.18005786,44.30212766,-8.76,
39,Dongge cave,446,D4_2005,304297,8108.077644,46.43804496,44.25884918,-8.64,
39,Dongge cave,475,DA_2009,320513,8108.493785,20.60581498,22.2347882,-8.43,
39,Dongge cave,446,D4_2005,304298,8109.119613,46.4496935,44.37510741,-8.76,
39,Dongge cave,446,D4_2005,304299,8110.318355,45.93749302,44.503964,-8.65,
39,Dongge cave,475,DA_2009,320514,8110.455796,20.75652015,21.86536434,-8.5,
39,Dongge cave,446,D4_2005,304300,8111.394187,45.51913592,44.52412036,-9.02,
39,Dongge cave,115,D4_2004,84609,8111.439145,32.7745398,32.90425881,-9.09,
39,Dongge cave,446,D4_2005,304301,8112.359942,45.44601538,44.23797563,-8.96,
39,Dongge cave,475,DA_2009,320515,8113.082588,21.61692458,21.63855371,-8.49,
39,Dongge cave,446,D4_2005,304302,8113.253877,45.24645086,44.00362353,-8.96,
39,Dongge cave,446,D4_2005,304303,8114.166211,45.47713518,43.88935264,-8.87,
39,Dongge cave,475,DA_2009,320516,8114.924971,22.30259857,21.42218405,-8.37,
39,Dongge cave,446,D4_2005,304304,8115.180299,45.44924838,43.68147458,-8.86,
39,Dongge cave,446,D4_2005,304305,8116.317654,45.2532647,43.84254292,-8.7,
39,Dongge cave,446,D4_2005,304306,8117.466719,44.93562869,44.10064992,-9.13,
39,Dongge cave,475,DA_2009,320517,8117.930556,22.92088402,22.03407968,-8.57,
39,Dongge cave,446,D4_2005,304307,8118.585178,44.62913225,44.26240854,-8.98,
39,Dongge cave,446,D4_2005,304308,8119.668722,44.543887,44.31325255,-9.02,
39,Dongge cave,475,DA_2009,320518,8120.069033,23.65431928,22.70025713,-8.49,
39,Dongge cave,446,D4_2005,304309,8120.625747,44.75932569,44.1410649,-8.93,
39,Dongge cave,446,D4_2005,304310,8121.643601,44.65452838,44.26285808,-8.76,
39,Dongge cave,446,D4_2005,304311,8122.605802,44.5424851,44.3349596,-8.65,
39,Dongge cave,446,D4_2005,304312,8123.523569,44.67245183,44.256497,-8.97,
39,Dongge cave,475,DA_2009,320519,8123.54998,24.05154335,24.46683751,-8.41,
39,Dongge cave,446,D4_2005,304313,8124.490213,44.75100921,44.37436402,-8.85,
39,Dongge cave,475,DA_2009,320520,8125.606199,24.62595985,25.69018152,-8.34,
39,Dongge cave,446,D4_2005,304314,8125.693319,44.26735762,44.44835194,-9.08,
39,Dongge cave,446,D4_2005,304315,8126.864154,43.98659159,44.62427199,-8.94,
39,Dongge cave,446,D4_2005,304316,8127.83742,43.79360387,44.5582769,-8.8,
39,Dongge cave,446,D4_2005,304317,8128.794424,43.88407349,44.51745909,-8.91,
39,Dongge cave,475,DA_2009,320521,8129.041415,25.03177434,27.71433203,-8.51,
39,Dongge cave,446,D4_2005,304318,8129.781332,43.83522699,44.58666222,-8.97,
39,Dongge cave,446,D4_2005,304319,8130.692736,44.12437229,44.48411948,-9.16,
39,Dongge cave,475,DA_2009,320522,8131.111776,25.61895682,28.67308674,-8.35,
39,Dongge cave,446,D4_2005,304320,8131.537623,44.43514576,44.27685636,-9.13,
39,Dongge cave,446,D4_2005,304321,8132.551118,44.3042011,44.14017643,-9.2,
39,Dongge cave,446,D4_2005,304322,8133.555998,44.47889272,43.93742651,-9.04,
39,Dongge cave,475,DA_2009,320523,8134.119532,26.66418031,30.0493887,-8.47,
39,Dongge cave,446,D4_2005,304323,8134.570317,44.82055409,43.81354377,-8.96,
39,Dongge cave,446,D4_2005,304324,8135.56342,45.0093092,44.06428487,-9.26,
39,Dongge cave,475,DA_2009,320524,8136.171396,27.14982757,31.54904144,-8.48,
39,Dongge cave,446,D4_2005,304325,8136.478222,45.21559935,43.78324456,-9.04,
39,Dongge cave,446,D4_2005,304326,8137.506882,45.5616455,43.81048584,-8.98,
39,Dongge cave,446,D4_2005,304327,8138.497854,45.62314817,43.9388236,-8.87,
39,Dongge cave,475,DA_2009,320525,8138.910818,28.75779846,33.45604993,-8.55,
39,Dongge cave,446,D4_2005,304328,8139.422511,45.92701178,43.96465994,-9.11,
39,Dongge cave,446,D4_2005,304329,8140.502786,45.75268834,44.19777428,-9.39,
39,Dongge cave,475,DA_2009,320526,8140.667793,30.5040538,34.43476907,-8.5,
39,Dongge cave,446,D4_2005,304330,8141.412752,45.59270669,44.34991096,-9.27,
39,Dongge cave,446,D4_2005,304331,8142.640868,45.45041559,44.8768933,-9.32,
39,Dongge cave,446,D4_2005,304332,8143.652733,45.45489152,45.03589301,-9.06,
39,Dongge cave,475,DA_2009,320527,8143.689119,32.55147469,36.13955705,-8.57,
39,Dongge cave,446,D4_2005,304333,8144.638738,45.67246795,44.95193233,-9.26,
39,Dongge cave,446,D4_2005,304334,8145.622689,45.92588404,45.12902959,-9.21,
39,Dongge cave,475,DA_2009,320528,8146.096576,33.183608,37.80393409,-8.37,
39,Dongge cave,446,D4_2005,304335,8146.662648,45.98061126,45.75922073,-9.36,
39,Dongge cave,446,D4_2005,304336,8147.603177,45.84260517,45.8976671,-9.41,
39,Dongge cave,446,D4_2005,304337,8148.695783,45.98826743,45.96026974,-9.24,
39,Dongge cave,475,DA_2009,320529,8149.194551,34.74696584,40.05985796,-8.78,
39,Dongge cave,446,D4_2005,304338,8149.547075,46.1123276,45.70254693,-8.94,
39,Dongge cave,446,D4_2005,304339,8150.572638,46.20203198,45.64200789,-8.93,
39,Dongge cave,475,DA_2009,320530,8151.119417,35.73894447,41.60978158,-8.33,
39,Dongge cave,446,D4_2005,304340,8151.594753,46.23280262,45.60766778,-8.9,
39,Dongge cave,446,D4_2005,304341,8152.556786,46.02043176,45.70539072,-8.89,
39,Dongge cave,446,D4_2005,304342,8153.545215,46.14718671,45.72202333,-8.93,
39,Dongge cave,475,DA_2009,320531,8154.135062,37.43784038,43.11672077,-8.66,
39,Dongge cave,446,D4_2005,304343,8154.647524,46.03191606,45.93741757,-8.83,
39,Dongge cave,446,D4_2005,304344,8155.681505,46.20398228,46.46844139,-8.96,
39,Dongge cave,475,DA_2009,320532,8156.121927,38.98549466,44.57628795,-8.42,
39,Dongge cave,446,D4_2005,304345,8156.751296,46.39923798,46.43316711,-8.98,
39,Dongge cave,446,D4_2005,304346,8157.729536,46.49447148,46.63303646,-9.02,
39,Dongge cave,475,DA_2009,320533,8158.737944,40.06806557,44.76145091,-8.66,
39,Dongge cave,446,D4_2005,304347,8158.958245,46.50187004,47.14357241,-8.77,
39,Dongge cave,475,DA_2009,320534,8159.949422,39.18336759,42.98763489,-8.56,
39,Dongge cave,446,D4_2005,304348,8159.986373,46.53094866,47.42815292,-8.95,
39,Dongge cave,446,D4_2005,304349,8161.19959,46.67517061,47.96405725,-9.35,
39,Dongge cave,475,DA_2009,320535,8161.747581,37.921096,40.60852687,-8.69,
39,Dongge cave,446,D4_2005,304350,8162.201596,47.02720869,48.23053995,-9.42,
39,Dongge cave,446,D4_2005,304351,8163.297675,47.30952769,48.61535475,-9.4,
39,Dongge cave,475,DA_2009,320536,8163.370703,36.80166769,39.3510079,-8.34,
39,Dongge cave,446,D4_2005,304352,8164.200988,47.84116314,48.76816982,-9.19,
39,Dongge cave,446,D4_2005,304353,8165.20552,48.15392167,49.09668756,-9.03,
39,Dongge cave,475,DA_2009,320537,8165.380519,35.53756839,37.31867717,-8.48,
39,Dongge cave,446,D4_2005,304354,8166.301557,48.56039549,49.65117176,-9.31,
39,Dongge cave,446,D4_2005,304355,8167.179559,49.01908307,49.8620061,-9.01,
39,Dongge cave,475,DA_2009,320538,8167.182404,34.75173131,36.41763733,-8.26,
39,Dongge cave,446,D4_2005,304356,8168.235767,49.4291562,50.09783376,-9.14,
39,Dongge cave,475,DA_2009,320539,8168.969648,33.96082129,34.76373696,-8.64,
39,Dongge cave,446,D4_2005,304357,8169.135978,49.90510123,50.18356243,-8.81,
39,Dongge cave,475,DA_2009,320540,8170.076622,33.44738233,33.29692744,-8.48,
39,Dongge cave,446,D4_2005,304358,8170.230215,50.237601,50.4170727,-9.33,
39,Dongge cave,446,D4_2005,304359,8171.329677,50.47182379,50.92039857,-9.18,
39,Dongge cave,446,D4_2005,304360,8172.426117,50.57790049,51.1245399,-8.8,
39,Dongge cave,446,D4_2005,304361,8173.488179,50.99265625,51.505493,-9.33,
39,Dongge cave,475,DA_2009,320541,8173.839741,31.44399709,31.13537224,-8.49,
39,Dongge cave,446,D4_2005,304362,8174.518366,51.51140062,51.6163115,-8.69,
39,Dongge cave,475,DA_2009,320542,8175.39734,31.28045416,30.80169109,-8.19,
39,Dongge cave,446,D4_2005,304363,8175.613438,51.67611109,52.15218199,-8.55,
39,Dongge cave,446,D4_2005,304364,8176.698028,52.2261803,52.44054784,-8.7,
39,Dongge cave,446,D4_2005,304365,8177.786085,52.52436307,52.8030301,-8.95,
39,Dongge cave,475,DA_2009,320543,8177.932325,30.54718297,30.10928721,-8.38,
39,Dongge cave,446,D4_2005,304366,8178.610171,52.95657296,52.87338097,-8.83,
39,Dongge cave,446,D4_2005,304367,8179.552607,53.22382351,53.09357555,-8.98,
39,Dongge cave,475,DA_2009,320544,8179.640947,29.51128234,29.8518557,-8.22,
39,Dongge cave,446,D4_2005,304368,8180.577429,53.47703244,53.45891957,-9.4,
39,Dongge cave,446,D4_2005,304369,8181.431824,54.08751137,53.60523597,-8.94,
39,Dongge cave,475,DA_2009,320545,8181.935979,28.36524803,29.63036394,-8.27,
39,Dongge cave,446,D4_2005,304370,8182.466926,54.56896073,54.15547106,-8.8,
39,Dongge cave,446,D4_2005,304371,8183.45331,55.24398925,54.20988736,-8.85,
39,Dongge cave,475,DA_2009,320546,8183.682541,28.07283252,29.58512807,-8.27,
39,Dongge cave,446,D4_2005,304372,8184.507295,55.67195687,54.53125291,-9.02,
39,Dongge cave,446,D4_2005,304373,8185.540352,56.25567225,54.95636056,-8.92,
39,Dongge cave,475,DA_2009,320547,8186.102043,26.22512846,29.83152867,-8.13,
39,Dongge cave,446,D4_2005,304374,8186.438832,57.10499875,55.21388983,-9.29,
39,Dongge cave,446,D4_2005,304375,8187.494741,57.75265835,55.43154666,-8.96,
39,Dongge cave,475,DA_2009,320548,8187.833333,25.78130665,29.65825527,-8.27,
39,Dongge cave,446,D4_2005,304376,8188.520122,58.35399266,55.71012439,-8.97,
39,Dongge cave,446,D4_2005,304377,8189.360591,59.09813876,56.01402154,-8.85,
39,Dongge cave,475,DA_2009,320549,8190.227785,25.02721275,29.80915436,-8.14,
39,Dongge cave,446,D4_2005,304378,8190.382485,59.72921831,56.2784438,-8.91,
39,Dongge cave,446,D4_2005,304379,8191.372304,60.30825702,56.7225986,-8.84,
39,Dongge cave,475,DA_2009,320550,8191.729983,24.87378688,30.07390966,-8.28,
39,Dongge cave,115,D4_2004,84610,8192.268272,35.65275417,35.21835528,-8.5,
39,Dongge cave,446,D4_2005,304380,8193.274773,61.35807401,57.17216336,-9.13,
39,Dongge cave,475,DA_2009,320551,8194.06736,24.89781674,30.50008776,-8.48,
39,Dongge cave,446,D4_2005,304381,8194.358293,61.45858745,57.66831953,-9.33,
39,Dongge cave,446,D4_2005,304382,8195.448043,61.82857197,58.05093174,-9.39,
39,Dongge cave,475,DA_2009,320552,8195.468945,25.12000225,31.29752439,-8.16,
39,Dongge cave,446,D4_2005,304383,8196.502552,62.28281227,58.37865932,-9.45,
39,Dongge cave,475,DA_2009,320553,8197.167602,27.17607632,31.43097512,-8.24,
39,Dongge cave,446,D4_2005,304384,8197.392691,62.83453784,58.80459656,-9.14,
39,Dongge cave,446,D4_2005,304385,8199.413668,62.47470799,58.39465485,-9.02,
39,Dongge cave,475,DA_2009,320554,8199.419185,26.12985328,29.39949112,-8.24,
39,Dongge cave,446,D4_2005,304386,8201.621753,61.88680434,58.15142211,-9.15,
39,Dongge cave,475,DA_2009,320555,8202.809303,24.48890981,26.65623971,-8.2,
39,Dongge cave,446,D4_2005,304387,8203.653969,61.25863142,57.69686406,-8.87,
39,Dongge cave,475,DA_2009,320556,8205.350204,23.11987287,25.62192866,-8.39,
39,Dongge cave,446,D4_2005,304388,8205.737164,60.85881104,57.19505629,-8.76,
39,Dongge cave,446,D4_2005,304389,8207.782199,60.34628622,56.77906551,-8.88,
39,Dongge cave,475,DA_2009,320557,8208.456361,21.64910527,23.12240275,-8.26,
39,Dongge cave,446,D4_2005,304390,8209.869362,59.78226121,56.54994252,-8.73,
39,Dongge cave,475,DA_2009,320558,8210.538953,21.1326321,21.62723125,-8.19,
39,Dongge cave,446,D4_2005,304391,8212.017127,59.55166075,56.4125147,-8.974,
39,Dongge cave,446,D4_2005,304392,8213.847064,59.21677872,55.95111,-8.876,
39,Dongge cave,475,DA_2009,320559,8213.847943,19.97240656,19.7202781,-8.45,
39,Dongge cave,446,D4_2005,304393,8215.85327,58.93258869,55.74846842,-8.636,
39,Dongge cave,475,DA_2009,320560,8215.926435,19.56971156,18.20720483,-8.35,
39,Dongge cave,446,D4_2005,304394,8218.034687,58.37032532,55.45012224,-8.908,
39,Dongge cave,475,DA_2009,320561,8219.603916,18.51426212,17.65141403,-8.35,
39,Dongge cave,446,D4_2005,304395,8219.971758,57.9265579,54.96954816,-9.051,
39,Dongge cave,446,D4_2005,304396,8221.885272,57.55658625,54.58816522,-8.841,
39,Dongge cave,475,DA_2009,320562,8222.344509,17.93798129,17.50880095,-8.27,
39,Dongge cave,446,D4_2005,304397,8224.132931,56.86766536,54.05146333,-9.071,
39,Dongge cave,475,DA_2009,320563,8226.209223,17.48041592,17.73212669,-8.3,
39,Dongge cave,446,D4_2005,304398,8226.268606,56.25755127,53.74221135,-9.196,
39,Dongge cave,475,DA_2009,320564,8228.396316,17.6430828,18.10570149,-8.48,
39,Dongge cave,446,D4_2005,304399,8228.39933,55.6521714,53.48863923,-9.048,
39,Dongge cave,446,D4_2005,304400,8230.528941,55.11584858,53.25571219,-8.873,
39,Dongge cave,475,DA_2009,320565,8232.055279,18.69892655,18.47335469,-8.41,
39,Dongge cave,446,D4_2005,304401,8232.521679,54.72671088,52.9940696,-8.804,
39,Dongge cave,446,D4_2005,304402,8234.49102,54.3338887,52.42863494,-8.634,
39,Dongge cave,475,DA_2009,320566,8235.052994,17.60724072,17.5692261,-8.43,
39,Dongge cave,446,D4_2005,304403,8236.670892,53.82489999,52.07373284,-8.801,
39,Dongge cave,446,D4_2005,304404,8238.767002,53.32548025,51.64482803,-8.836,
39,Dongge cave,475,DA_2009,320567,8239.826987,17.40233747,18.96606308,-8.48,
39,Dongge cave,446,D4_2005,304405,8240.919949,52.81823089,51.44257352,-8.726,
39,Dongge cave,475,DA_2009,320568,8242.665775,18.94443841,20.21304584,-8.61,
39,Dongge cave,446,D4_2005,304406,8243.039827,52.42915275,51.04552071,-8.951,
39,Dongge cave,446,D4_2005,304407,8245.070033,52.07964301,50.59221505,-8.798,
39,Dongge cave,475,DA_2009,320569,8246.418438,22.25496765,22.3035579,-8.45,
39,Dongge cave,446,D4_2005,304408,8247.205456,51.62491555,50.00951123,-9.034,
39,Dongge cave,446,D4_2005,304409,8249.25271,51.38868859,49.58909038,-8.851,
39,Dongge cave,475,DA_2009,320570,8249.695519,22.85518815,20.82861118,-8.53,
39,Dongge cave,446,D4_2005,304410,8251.274088,51.15796264,49.19375524,-8.908,
39,Dongge cave,446,D4_2005,304411,8253.285971,50.94629044,48.70935003,-8.904,
39,Dongge cave,446,D4_2005,304412,8255.231368,50.84790538,47.94804041,-8.823,
39,Dongge cave,475,DA_2009,320571,8255.315722,22.51916592,22.10365357,-8.46,
39,Dongge cave,446,D4_2005,304413,8257.265965,50.56719573,47.33896302,-8.303,
39,Dongge cave,475,DA_2009,320572,8259.25539,23.52637033,24.35245913,-8.48,
39,Dongge cave,446,D4_2005,304414,8259.375163,50.27854659,46.85263292,-8.309,
39,Dongge cave,446,D4_2005,304415,8261.50796,50.09686062,46.45844362,-8.988,
39,Dongge cave,446,D4_2005,304416,8263.60948,49.84728134,45.96931947,-8.907,
39,Dongge cave,475,DA_2009,320573,8264.026092,28.07695324,25.96318588,-8.51,
39,Dongge cave,446,D4_2005,304417,8265.63787,49.67646066,45.69966271,-8.738,
39,Dongge cave,446,D4_2005,304418,8267.885593,49.27574922,45.17241813,-8.711,
39,Dongge cave,475,DA_2009,320574,8268.033766,26.52025161,23.54865625,-8.52,
39,Dongge cave,446,D4_2005,304419,8270.111126,48.74098687,44.83137439,-8.778,
39,Dongge cave,446,D4_2005,304420,8272.196726,48.42431825,44.5114474,-8.558,
39,Dongge cave,115,D4_2004,84611,8273.280123,38.28312625,38.56717172,-8.46,
39,Dongge cave,446,D4_2005,304421,8274.279392,47.9319105,44.25060664,-8.746,
39,Dongge cave,475,DA_2009,320575,8274.664472,26.84254388,26.88442063,-8.64,
39,Dongge cave,446,D4_2005,304422,8276.45282,47.63185492,44.23720021,-8.712,
39,Dongge cave,475,DA_2009,320576,8278.442928,28.7962355,27.89386422,-8.67,
39,Dongge cave,446,D4_2005,304423,8278.451471,47.53341289,43.81322647,-8.921,
39,Dongge cave,446,D4_2005,304424,8280.53686,46.95786392,43.6107513,-9.006,
39,Dongge cave,446,D4_2005,304425,8282.780459,46.56655749,43.37751537,-8.797,
39,Dongge cave,446,D4_2005,304426,8284.981122,46.01205001,43.06613949,-9.244,
39,Dongge cave,475,DA_2009,320577,8285.428369,34.57640684,32.19313083,-8.63,
39,Dongge cave,475,DA_2009,320578,8289.024094,40.646811,34.12522779,-8.75,
39,Dongge cave,475,DA_2009,320579,8293.970121,50.71819292,36.77489143,-8.78,
39,Dongge cave,475,DA_2009,320580,8297.348545,58.23083713,38.46797111,-8.77,
39,Dongge cave,475,DA_2009,320581,8302.532995,68.58863502,41.7871956,-8.78,
39,Dongge cave,475,DA_2009,320582,8305.543858,75.04241253,44.41575777,-8.8,
39,Dongge cave,446,D4_2005,304427,8306.195829,43.11484954,42.03869368,-8.94,
39,Dongge cave,475,DA_2009,320583,8310.079041,87.63639821,47.36080932,-8.88,
39,Dongge cave,475,DA_2009,320584,8313.405368,94.6580391,50.12384997,-8.99,
39,Dongge cave,475,DA_2009,320585,8317.68556,106.6248382,52.75959199,-8.88,
39,Dongge cave,475,DA_2009,320586,8320.088114,114.7154015,54.60640765,-8.98,
39,Dongge cave,446,D4_2005,304428,8327.088321,41.06171656,40.70672204,-9.07,
39,Dongge cave,446,D4_2005,304429,8347.764555,40.41049903,40.73812481,-8.96,
39,Dongge cave,115,D4_2004,84612,8360.778637,34.69857415,35.7870823,-9.12,
39,Dongge cave,446,D4_2005,304430,8368.624416,39.82533829,41.67690714,-9.07,
39,Dongge cave,446,D4_2005,304431,8388.981503,41.28626544,42.94523971,-9.41,
39,Dongge cave,446,D4_2005,304432,8409.885552,42.65588267,44.56515278,-9.2,
39,Dongge cave,446,D4_2005,304433,8430.509259,45.07648947,47.95414262,-8.85,
39,Dongge cave,115,D4_2004,84613,8447.571432,33.8385704,32.63402938,-8.76,
39,Dongge cave,446,D4_2005,304434,8450.980423,48.16915463,50.48944755,-8.79,
39,Dongge cave,446,D4_2005,304435,8471.526651,51.72084283,53.87607707,-8.84,
39,Dongge cave,446,D4_2005,304436,8492.987186,49.29550606,51.14787134,-9.06,
39,Dongge cave,446,D4_2005,304437,8519.51376,46.40280233,46.55945152,-8.77,
39,Dongge cave,115,D4_2004,84614,8534.346022,34.05605772,33.75389252,-8.71,
39,Dongge cave,446,D4_2005,304438,8545.991519,45.05723373,43.99914774,-9.39,
39,Dongge cave,446,D4_2005,304439,8572.688399,42.84608022,41.9768637,-8.99,
39,Dongge cave,446,D4_2005,304440,8599.260658,40.89505883,40.06037159,-8.96,
39,Dongge cave,115,D4_2004,84615,8620.846972,36.60120275,35.78241309,-9.1,
39,Dongge cave,446,D4_2005,304441,8625.892328,39.82211946,39.35076382,-9.29,
39,Dongge cave,446,D4_2005,304442,8652.962209,39.13072704,38.61899069,-8.97,
39,Dongge cave,446,D4_2005,304443,8680.181581,39.11454818,40.51165218,-9.29,
39,Dongge cave,446,D4_2005,304444,8706.455279,40.85918446,41.95924397,-9.07,
39,Dongge cave,115,D4_2004,84616,8708.013549,40.3081724,40.18285641,-8.88,
39,Dongge cave,446,D4_2005,304445,8732.712734,42.99845099,43.17002342,-9.03,
39,Dongge cave,446,D4_2005,304446,8759.36549,45.91942684,45.5012657,-9.34,
39,Dongge cave,446,D4_2005,304447,8786.076659,48.0153001,48.53178381,-9.43,
39,Dongge cave,115,D4_2004,84617,8795.16926,45.53831805,45.42992453,-9.17,
39,Dongge cave,446,D4_2005,304448,8813.372757,50.17596947,52.03136655,-9.14,
39,Dongge cave,446,D4_2005,304449,8840.274278,53.51586053,55.28312278,-9.16,
39,Dongge cave,446,D4_2005,304450,8866.863592,56.85043184,58.33569112,-8.87,
39,Dongge cave,115,D4_2004,84618,8882.970197,50.9611138,52.34602575,-9.27,
39,Dongge cave,446,D4_2005,304451,8908.794741,61.12919946,60.35760936,-9.04,
39,Dongge cave,446,D4_2005,304452,8950.697629,84.83696496,73.35510751,-9.31,
39,Dongge cave,115,D4_2004,84619,8969.692867,58.36183879,58.34451409,-9.08,
39,Dongge cave,446,D4_2005,304453,8992.057134,124.7610674,97.7593988,-9.2,
39,Dongge cave,115,D4_2004,84620,9012.722369,62.66471595,61.94388033,-9.33,
39,Dongge cave,446,D4_2005,304454,9031.923701,170.8609395,128.1543068,-9.34,
39,Dongge cave,115,D4_2004,84621,9055.683171,67.42788861,65.19134137,-9.29,
39,Dongge cave,446,D4_2005,304455,9072.439673,219.5433253,158.3227992,-8.49,
39,Dongge cave,446,D4_2005,304456,9110.473276,271.1477961,189.5368993,-8.01,
39,Dongge cave,446,D4_2005,304457,9130.684175,297.1067743,205.3831202,-8.01,
39,Dongge cave,446,D4_2005,304458,9158.35809,277.3792204,192.3245641,-7.88,
39,Dongge cave,446,D4_2005,304459,9186.231065,257.508398,178.9368717,-8.14,
39,Dongge cave,115,D4_2004,84622,9187.674477,36.27474409,37.03038073,-8.59,
39,Dongge cave,446,D4_2005,304460,9213.618514,239.8380003,165.3481161,-8.15,
39,Dongge cave,446,D4_2005,304461,9241.064238,220.7334807,151.7766317,-8.33,
39,Dongge cave,115,D4_2004,84623,9253.821622,31.79387216,29.89031563,-8.52,
39,Dongge cave,446,D4_2005,304462,9268.962724,199.8216818,138.8403305,-8.52,
39,Dongge cave,446,D4_2005,304463,9296.135328,180.1018186,127.1111756,-9.18,
39,Dongge cave,115,D4_2004,84624,9319.593168,35.80045842,34.4045786,-8.77,
39,Dongge cave,446,D4_2005,304464,9322.289635,158.4700957,112.5707244,-9.03,
39,Dongge cave,446,D4_2005,304465,9351.146076,138.6378316,102.3370532,-9.07,
39,Dongge cave,446,D4_2005,304466,9379.064071,121.0523601,91.36125279,-8.92,
39,Dongge cave,446,D4_2005,304467,9406.727273,107.0743322,82.3865813,-8.8,
39,Dongge cave,446,D4_2005,304468,9434.801045,92.52472981,74.93449625,-8.83,
39,Dongge cave,115,D4_2004,84625,9437.724874,34.35065351,32.53126224,-9.03,
39,Dongge cave,446,D4_2005,304469,9462.145429,80.55260058,68.68686604,-8.79,
39,Dongge cave,446,D4_2005,304470,9489.527815,68.74880893,63.50815519,-8.94,
39,Dongge cave,446,D4_2005,304471,9516.736082,63.32996263,64.59912451,-9.08,
39,Dongge cave,446,D4_2005,304472,9543.889663,63.93613654,66.76233999,-9.22,
39,Dongge cave,115,D4_2004,84626,9555.315933,39.93555871,37.90294981,-8.56,
39,Dongge cave,446,D4_2005,304473,9573.220947,60.10837339,61.57612047,-8.65,
39,Dongge cave,446,D4_2005,304474,9601.955179,57.55682583,57.78767897,-8.29,
39,Dongge cave,446,D4_2005,304475,9630.459243,54.82507146,55.24322573,-8.25,
39,Dongge cave,446,D4_2005,304476,9659.611038,53.42011445,55.17735773,-8.66,
39,Dongge cave,115,D4_2004,84627,9673.91499,51.57493869,50.37386701,-8.94,
39,Dongge cave,446,D4_2005,304477,9687.667559,54.35262377,54.45600625,-8.91,
39,Dongge cave,446,D4_2005,304478,9716.55334,55.0360504,54.70327528,-8.42,
39,Dongge cave,446,D4_2005,304479,9745.95222,56.60195471,56.13884614,-8.18,
39,Dongge cave,446,D4_2005,304480,9774.617374,60.33819156,56.93274399,-8.88,
39,Dongge cave,115,D4_2004,84628,9791.226146,66.01545502,64.46815323,-8.83,
39,Dongge cave,446,D4_2005,304481,9803.37186,63.24166042,59.32753648,-8.88,
39,Dongge cave,446,D4_2005,304482,9831.736299,67.80211876,62.80058602,-8.72,
39,Dongge cave,446,D4_2005,304483,9860.289059,72.63537728,67.79947764,-8.75,
39,Dongge cave,446,D4_2005,304484,9889.513977,77.45540977,73.57910482,-8.66,
39,Dongge cave,115,D4_2004,84629,9908.680726,81.63950822,79.87418012,-9.06,
39,Dongge cave,446,D4_2005,304485,9917.546303,85.43007574,77.55715346,-8.56,
39,Dongge cave,446,D4_2005,304486,9947.228004,90.89612367,85.29086005,-8.01,
39,Dongge cave,446,D4_2005,304487,9976.696081,95.84366218,91.16262691,-8.31,
39,Dongge cave,115,D4_2004,84630,9979.391561,90.21922276,88.03300993,-8.31,
39,Dongge cave,446,D4_2005,304488,9994.516268,92.4483418,86.46260805,-8.69,
39,Dongge cave,115,D4_2004,84631,9997.492005,86.67199026,84.86163291,-8.69,
39,Dongge cave,446,D4_2005,304489,10012.99432,88.48790989,82.92547948,-8.44,
39,Dongge cave,115,D4_2004,84632,10015.70488,82.68444918,81.34666772,-8.44,
39,Dongge cave,446,D4_2005,304490,10031.28834,84.94468883,77.91189264,-8.58,
39,Dongge cave,115,D4_2004,84633,10033.79372,79.26834348,77.42106092,-8.58,
39,Dongge cave,446,D4_2005,304491,10049.06115,81.5095527,73.40734619,-8.93,
39,Dongge cave,115,D4_2004,84634,10052.29604,75.58547764,74.07353571,-8.93,
39,Dongge cave,446,D4_2005,304492,10067.36611,78.66631643,69.29891335,-8.99,
39,Dongge cave,115,D4_2004,84635,10070.73076,71.83098609,70.35106261,-8.99,
39,Dongge cave,446,D4_2005,304493,10085.59825,76.02828528,66.2881062,-9.02,
39,Dongge cave,115,D4_2004,84636,10089.3453,67.81613122,67.19581432,-9.02,
39,Dongge cave,446,D4_2005,304494,10103.83591,72.08557329,63.52323889,-9.06,
39,Dongge cave,115,D4_2004,84637,10107.47409,64.45178084,64.53968057,-9.06,
39,Dongge cave,446,D4_2005,304495,10121.59488,69.50532216,61.01599093,-8.8,
39,Dongge cave,115,D4_2004,84638,10125.55919,62.14063297,62.20664817,-8.8,
39,Dongge cave,446,D4_2005,304496,10139.9648,66.18661059,59.4115719,-8.26,
39,Dongge cave,115,D4_2004,84639,10143.43894,59.59862158,60.75916442,-8.26,
39,Dongge cave,446,D4_2005,304497,10158.54569,63.45093968,58.04542282,-8.49,
39,Dongge cave,115,D4_2004,84640,10161.53041,57.74436279,59.11090012,-8.49,
39,Dongge cave,446,D4_2005,304498,10176.78503,60.99979921,56.46694636,-8.59,
39,Dongge cave,115,D4_2004,84641,10179.92071,55.85466041,56.73586823,-8.59,
39,Dongge cave,446,D4_2005,304499,10195.06271,58.97493091,54.01483209,-9.16,
39,Dongge cave,115,D4_2004,84642,10198.58014,54.38112041,55.70770297,-9.16,
39,Dongge cave,446,D4_2005,304500,10213.393,56.7524557,53.10829172,-9.15,
39,Dongge cave,115,D4_2004,84643,10216.70547,53.23061454,54.17790987,-9.15,
39,Dongge cave,446,D4_2005,304501,10231.56249,55.99892813,50.68546636,-8.86,
39,Dongge cave,115,D4_2004,84644,10235.4528,51.25005089,53.89823325,-8.86,
39,Dongge cave,446,D4_2005,304502,10249.78971,55.09033528,50.41110589,-8.64,
39,Dongge cave,115,D4_2004,84645,10254.25556,50.79817089,53.9614834,-8.64,
39,Dongge cave,446,D4_2005,304503,10268.45611,54.03959599,51.24878093,-8.9,
39,Dongge cave,115,D4_2004,84646,10272.58185,51.51635119,53.15174658,-8.9,
39,Dongge cave,446,D4_2005,304504,10286.50493,55.09163674,51.20137471,-8.79,
39,Dongge cave,115,D4_2004,84647,10290.68675,53.33750785,52.80676262,-8.79,
39,Dongge cave,446,D4_2005,304505,10304.86081,56.06310153,52.20378091,-8.94,
39,Dongge cave,115,D4_2004,84648,10308.92363,53.99821678,54.2710774,-8.94,
39,Dongge cave,446,D4_2005,304506,10323.38155,56.97467663,53.10566813,-8.99,
39,Dongge cave,115,D4_2004,84649,10326.60857,54.84501391,54.89258064,-8.99,
39,Dongge cave,446,D4_2005,304507,10342.15771,58.30032215,55.9139173,-8.65,
39,Dongge cave,115,D4_2004,84650,10344.66614,56.63895823,57.01668732,-8.65,
39,Dongge cave,446,D4_2005,304508,10360.30423,59.67556151,57.98772936,-9,
39,Dongge cave,115,D4_2004,84651,10362.76669,58.79038816,58.61316599,-9,
39,Dongge cave,446,D4_2005,304509,10378.36637,62.04639284,60.2931476,-8.9,
39,Dongge cave,115,D4_2004,84652,10381.46616,60.21026714,61.62001474,-8.9,
39,Dongge cave,446,D4_2005,304510,10396.90385,65.16954819,63.72903909,-8.83,
39,Dongge cave,115,D4_2004,84653,10399.46184,63.73409635,63.67978344,-8.83,
39,Dongge cave,446,D4_2005,304511,10415.74151,63.18272373,60.94694515,-8.31,
39,Dongge cave,115,D4_2004,84654,10418.37526,60.91774707,61.60131109,-8.31,
39,Dongge cave,446,D4_2005,304512,10434.9692,60.03744669,58.62129265,-8.3,
39,Dongge cave,115,D4_2004,84655,10437.23077,58.75288776,59.68480815,-8.3,
39,Dongge cave,446,D4_2005,304513,10454.42846,57.20207618,56.75927377,-8.61,
39,Dongge cave,115,D4_2004,84656,10456.66706,56.04844189,57.95226411,-8.61,
39,Dongge cave,446,D4_2005,304514,10472.94411,56.30590193,54.21338518,-8.03,
39,Dongge cave,115,D4_2004,84657,10475.20456,54.91251026,55.87496236,-8.03,
39,Dongge cave,446,D4_2005,304515,10491.4884,55.75378325,51.6857674,-8.7,
39,Dongge cave,115,D4_2004,84658,10493.74613,54.83615232,54.34264966,-8.7,
39,Dongge cave,446,D4_2005,304516,10510.99779,54.17848398,51.91708268,-8.86,
39,Dongge cave,115,D4_2004,84659,10512.64795,53.73058857,53.61672209,-8.86,
39,Dongge cave,446,D4_2005,304517,10530.0596,54.09432161,52.33783903,-8.92,
39,Dongge cave,115,D4_2004,84660,10531.30006,54.12423314,53.06135807,-8.92,
39,Dongge cave,446,D4_2005,304518,10549.29848,52.39656731,53.0071385,-8.83,
39,Dongge cave,115,D4_2004,84661,10550.03405,54.42212881,51.91239531,-8.83,
39,Dongge cave,446,D4_2005,304519,10568.80773,51.98635407,53.46439149,-9.02,
39,Dongge cave,115,D4_2004,84662,10568.85794,55.0711372,53.36084014,-9.02,
39,Dongge cave,115,D4_2004,84663,10606.39163,56.47023554,55.67184959,-8.95,
39,Dongge cave,446,D4_2005,304520,10606.60989,54.23271272,54.67113385,-8.95,
39,Dongge cave,446,D4_2005,304521,10625.57928,55.3582129,56.28075557,-8.69,
39,Dongge cave,115,D4_2004,84664,10625.68867,57.86371922,57.55721675,-8.69,
39,Dongge cave,446,D4_2005,304522,10644.54224,57.40637771,58.04807093,-8.77,
39,Dongge cave,115,D4_2004,84665,10644.83354,59.39889538,58.553421,-8.77,
39,Dongge cave,446,D4_2005,304523,10663.34906,59.47492172,60.11107663,-9.05,
39,Dongge cave,115,D4_2004,84666,10663.79699,61.31419283,60.7287053,-9.05,
39,Dongge cave,446,D4_2005,304524,10682.04298,63.06420652,61.93203569,-8.87,
39,Dongge cave,115,D4_2004,84667,10682.95899,62.51883671,63.29418618,-8.87,
39,Dongge cave,446,D4_2005,304525,10701.29727,65.17168164,64.0199276,-8.2,
39,Dongge cave,115,D4_2004,84668,10701.6162,65.24501936,66.00036671,-8.2,
39,Dongge cave,446,D4_2005,304526,10720.38797,68.7427856,67.94086835,-8.43,
39,Dongge cave,115,D4_2004,84669,10720.42677,69.25579407,68.86262249,-8.43,
39,Dongge cave,115,D4_2004,84670,10739.40725,71.51127793,72.52427726,-8.32,
39,Dongge cave,446,D4_2005,304527,10739.58837,71.7381062,70.94344438,-8.32,
39,Dongge cave,446,D4_2005,304528,10758.80076,74.20712626,74.81206094,-8.63,
39,Dongge cave,115,D4_2004,84671,10759.05537,74.17747253,76.31379232,-8.63,
39,Dongge cave,446,D4_2005,304529,10777.57075,78.10323909,78.65435495,-8.96,
39,Dongge cave,115,D4_2004,84672,10777.77188,77.0123719,78.89210868,-8.96,
39,Dongge cave,446,D4_2005,304530,10796.01871,81.8592534,82.12354071,-8.9,
39,Dongge cave,115,D4_2004,84673,10797.06209,79.86805109,82.06841439,-8.9,
39,Dongge cave,446,D4_2005,304531,10815.07982,84.05794391,85.83051087,-8.82,
39,Dongge cave,115,D4_2004,84674,10816.01385,82.69562372,85.05681643,-8.82,
39,Dongge cave,446,D4_2005,304532,10834.27294,87.67400492,88.87741604,-7.96,
39,Dongge cave,115,D4_2004,84675,10835.04855,86.39284044,88.17745775,-7.96,
39,Dongge cave,115,D4_2004,84676,10853.34623,91.64703693,91.6343833,-7.75,
39,Dongge cave,446,D4_2005,304533,10853.61891,89.93621388,92.96319505,-7.75,
39,Dongge cave,115,D4_2004,84677,10872.33476,95.39403874,95.12046233,-7.7,
39,Dongge cave,446,D4_2005,304534,10872.91553,93.48996574,96.42684111,-7.7,
39,Dongge cave,115,D4_2004,84678,10891.24456,100.2753764,98.24160863,-7.84,
39,Dongge cave,446,D4_2005,304535,10891.92255,96.39371545,100.0048063,-7.84,
39,Dongge cave,115,D4_2004,84679,10909.95305,96.52654087,93.22110944,-7.97,
39,Dongge cave,446,D4_2005,304536,10910.67913,92.71631283,95.99396728,-7.97,
39,Dongge cave,115,D4_2004,84680,10929.06579,92.31274578,89.51759213,-8.11,
39,Dongge cave,446,D4_2005,304537,10929.61862,88.99551322,93.39814014,-8.11,
39,Dongge cave,115,D4_2004,84681,10948.26709,87.72397052,86.11351713,-8.23,
39,Dongge cave,446,D4_2005,304538,10948.43751,85.73597663,89.95453891,-8.23,
39,Dongge cave,446,D4_2005,304539,10967.18816,83.13457994,85.8886738,-8.18,
39,Dongge cave,115,D4_2004,84682,10967.39105,84.10005519,82.39902304,-8.18,
39,Dongge cave,446,D4_2005,304540,10986.36084,79.93566693,81.87004073,-8.71,
39,Dongge cave,115,D4_2004,84683,10986.38689,81.38642889,78.46584751,-8.71,
39,Dongge cave,446,D4_2005,304541,11005.10526,77.4691532,78.72334101,-8.6,
39,Dongge cave,115,D4_2004,84684,11005.18387,78.60297272,74.95821162,-8.6,
39,Dongge cave,115,D4_2004,84685,11023.82789,75.26769294,70.97404835,-8.42,
39,Dongge cave,446,D4_2005,304542,11024.39684,74.46926283,75.37793826,-8.42,
39,Dongge cave,115,D4_2004,84686,11043.1522,72.77685264,67.69865266,-8.32,
39,Dongge cave,446,D4_2005,304543,11043.42275,71.17968656,72.66120381,-8.32,
39,Dongge cave,446,D4_2005,304544,11062.23054,68.74150156,70.11391111,-8.4,
39,Dongge cave,115,D4_2004,84687,11062.46668,70.48187887,65.38248883,-8.4,
39,Dongge cave,115,D4_2004,84688,11080.62083,68.61145026,62.10229988,-8.63,
39,Dongge cave,446,D4_2005,304545,11081.11277,66.3661827,66.39752798,-8.63,
39,Dongge cave,115,D4_2004,84689,11099.77295,65.5318911,59.71404799,-8.38,
39,Dongge cave,446,D4_2005,304546,11100.76957,63.4200848,64.30370432,-8.38,
39,Dongge cave,115,D4_2004,84690,11119.41817,62.81235861,57.91963592,-8.21,
39,Dongge cave,446,D4_2005,304547,11120.26486,61.68574727,62.69823708,-8.21,
39,Dongge cave,115,D4_2004,84691,11138.97105,59.39664624,56.59083932,-8.24,
39,Dongge cave,446,D4_2005,304548,11138.98968,61.19198176,60.72689517,-8.24,
39,Dongge cave,115,D4_2004,84692,11158.15585,58.35806009,55.99004418,-8.41,
39,Dongge cave,446,D4_2005,304549,11158.46,58.60376673,59.46955993,-8.41,
39,Dongge cave,115,D4_2004,84693,11177.11336,57.75544013,55.6036063,-8.61,
39,Dongge cave,446,D4_2005,304550,11177.68893,57.97958089,59.70226662,-8.61,
39,Dongge cave,115,D4_2004,84694,11196.15188,56.90387191,54.18846291,-7.52,
39,Dongge cave,446,D4_2005,304551,11196.80208,56.36204279,59.08261677,-7.52,
39,Dongge cave,446,D4_2005,304552,11214.86029,58.61432991,58.83243186,-7.37,
39,Dongge cave,115,D4_2004,84695,11215.48217,56.93283865,54.22571275,-7.37,
39,Dongge cave,446,D4_2005,304553,11234.25845,59.8076849,60.30306487,-7.62,
39,Dongge cave,115,D4_2004,84696,11235.07827,56.12330384,55.6026468,-7.62,
39,Dongge cave,446,D4_2005,304554,11253.52673,61.59245551,62.25334778,-7.95,
39,Dongge cave,115,D4_2004,84697,11254.32498,55.6057825,55.50410845,-7.95,
39,Dongge cave,446,D4_2005,304555,11272.21087,64.03618685,62.70952815,-8.22,
39,Dongge cave,115,D4_2004,84698,11273.88046,58.13764921,56.6319236,-8.22,
39,Dongge cave,446,D4_2005,304556,11291.26796,65.26682688,64.27626284,-8,
39,Dongge cave,115,D4_2004,84699,11293.29972,57.62191168,57.69964428,-8,
39,Dongge cave,446,D4_2005,304557,11310.27577,67.15864234,66.0491708,-7.45,
39,Dongge cave,115,D4_2004,84700,11312.4518,60.07865383,59.62117551,-7.45,
39,Dongge cave,446,D4_2005,304558,11329.73795,69.39161684,68.62825786,-7.57,
39,Dongge cave,115,D4_2004,84701,11331.20883,62.7488981,61.19726159,-7.57,
39,Dongge cave,446,D4_2005,304559,11348.95022,71.86310375,70.95338438,-7.45,
39,Dongge cave,115,D4_2004,84702,11350.55807,65.38870991,64.86614517,-7.45,
39,Dongge cave,446,D4_2005,304560,11367.96292,73.98451042,75.27045488,-7.76,
39,Dongge cave,115,D4_2004,84703,11369.57353,67.62844661,66.85072178,-7.76,
39,Dongge cave,446,D4_2005,304561,11385.02146,71.10612267,71.8632351,-7.73,
39,Dongge cave,115,D4_2004,84704,11388.48538,66.31645,65.06483932,-7.73,
39,Dongge cave,446,D4_2005,304562,11402.5399,67.15441911,69.22478507,-7.37,
39,Dongge cave,115,D4_2004,84705,11407.74483,63.58946315,63.506825,-7.37,
39,Dongge cave,446,D4_2005,304563,11419.10977,63.64671867,66.30799235,-7.44,
39,Dongge cave,115,D4_2004,84706,11426.94973,61.977727,61.71513592,-7.44,
39,Dongge cave,446,D4_2005,304564,11436.28153,59.85511112,64.57973125,-7.36,
39,Dongge cave,115,D4_2004,84707,11446.10871,59.93776331,60.74191871,-7.36,
39,Dongge cave,446,D4_2005,304565,11453.14535,58.60733927,62.73879979,-7.36,
39,Dongge cave,115,D4_2004,84708,11465.18263,57.59229504,59.21453809,-7.36,
39,Dongge cave,446,D4_2005,304566,11470.2099,56.30150965,60.74946101,-7.54,
39,Dongge cave,115,D4_2004,84709,11484.26186,56.36515008,58.18079028,-7.54,
39,Dongge cave,446,D4_2005,304567,11486.96433,54.21955717,59.96611898,-7.42,
39,Dongge cave,446,D4_2005,304568,11503.49886,53.03734408,59.33783006,-7.42,
39,Dongge cave,115,D4_2004,84710,11503.5304,54.81505268,57.06615883,-7.42,
39,Dongge cave,446,D4_2005,304569,11520.57644,51.36210728,58.56625307,-7.27,
39,Dongge cave,115,D4_2004,84711,11522.56255,54.38678169,55.73234798,-7.42,
39,Dongge cave,446,D4_2005,304570,11537.86148,50.56562338,58.67461013,-6.93,
39,Dongge cave,115,D4_2004,84712,11541.46813,53.6221651,54.35284578,-7.27,
39,Dongge cave,446,D4_2005,304571,11554.73437,49.52200345,57.7596454,-6.89,
39,Dongge cave,115,D4_2004,84713,11560.49985,52.71979696,53.49093978,-6.93,
39,Dongge cave,446,D4_2005,304572,11570.9758,50.35911771,56.94229561,-6.85,
39,Dongge cave,115,D4_2004,84714,11579.27022,52.11673367,52.12029478,-6.89,
39,Dongge cave,446,D4_2005,304573,11588.24603,50.23944967,56.37864787,-6.76,
39,Dongge cave,115,D4_2004,84715,11598.0855,51.29626815,50.6440781,-6.85,
39,Dongge cave,446,D4_2005,304574,11604.63975,51.92222502,57.05550684,-6.76,
39,Dongge cave,115,D4_2004,84716,11617.23021,50.1584269,49.63984514,-6.76,
39,Dongge cave,446,D4_2005,304575,11620.75792,54.0469434,58.52974085,-6.86,
39,Dongge cave,115,D4_2004,84717,11636.39817,49.02776198,48.4318671,-6.76,
39,Dongge cave,446,D4_2005,304576,11638.00572,55.66837303,61.05317169,-6.8,
39,Dongge cave,446,D4_2005,304577,11654.48919,59.09196565,62.56988836,-6.62,
39,Dongge cave,115,D4_2004,84718,11655.26088,49.14182786,48.03193718,-6.86,
39,Dongge cave,446,D4_2005,304578,11671.18574,61.61811044,65.36061759,-6.63,
39,Dongge cave,115,D4_2004,84719,11674.50602,48.56147836,47.76496417,-6.8,
39,Dongge cave,446,D4_2005,304579,11687.96731,65.93518317,67.72568818,-6.34,
39,Dongge cave,115,D4_2004,84720,11693.75395,47.7976899,47.59435819,-6.62,
39,Dongge cave,446,D4_2005,304580,11704.75452,68.75959108,70.92940181,-6.29,
39,Dongge cave,115,D4_2004,84721,11712.86054,47.80979695,47.12591799,-6.63,
39,Dongge cave,446,D4_2005,304581,11721.47411,71.42472933,74.06495674,-6.57,
39,Dongge cave,115,D4_2004,84722,11731.49688,47.89948351,46.0535656,-6.34,
39,Dongge cave,446,D4_2005,304582,11742.88396,68.74653957,70.00202252,-6.59,
39,Dongge cave,115,D4_2004,84723,11750.47041,48.28490351,45.40004964,-6.29,
39,Dongge cave,446,D4_2005,304583,11764.54918,64.36261497,66.7184704,-6.38,
39,Dongge cave,115,D4_2004,84724,11769.22519,48.51071821,45.27806859,-6.57,
39,Dongge cave,446,D4_2005,304584,11785.94268,61.60267508,63.9250509,-6.12,
39,Dongge cave,115,D4_2004,84725,11788.17901,48.70955936,45.26291037,-6.59,
39,Dongge cave,115,D4_2004,84726,11806.75964,48.90046945,46.19866425,-6.38,
39,Dongge cave,446,D4_2005,304585,11807.27414,59.021982,60.74437921,-6.77,
39,Dongge cave,115,D4_2004,84727,11825.90273,48.9503054,46.99959343,-6.12,
39,Dongge cave,446,D4_2005,304586,11828.70802,56.37657053,57.68665018,-6.73,
39,Dongge cave,115,D4_2004,84728,11844.66861,50.02314788,48.08416297,-6.77,
39,Dongge cave,446,D4_2005,304587,11850.28295,53.82661967,56.33265682,-6.89,
39,Dongge cave,115,D4_2004,84729,11863.81182,50.41583773,49.09748672,-6.73,
39,Dongge cave,446,D4_2005,304588,11871.26127,52.02601706,53.39876247,-6.74,
39,Dongge cave,115,D4_2004,84730,11882.77339,50.51256948,49.67005945,-6.89,
39,Dongge cave,446,D4_2005,304589,11892.60037,51.04375827,51.48118958,-6.66,
39,Dongge cave,115,D4_2004,84731,11901.79223,51.02925761,50.36904682,-6.74,
39,Dongge cave,446,D4_2005,304590,11914.09461,50.04660067,51.0652994,-6.8,
39,Dongge cave,115,D4_2004,84732,11920.85285,51.3926272,50.81353453,-6.66,
39,Dongge cave,446,D4_2005,304591,11935.23957,49.97492002,50.51860792,-6.87,
39,Dongge cave,115,D4_2004,84733,11939.96525,52.44093279,51.24664342,-6.8,
39,Dongge cave,446,D4_2005,304592,11956.73247,50.19314099,49.8333959,-6.63,
39,Dongge cave,115,D4_2004,84734,11958.93297,53.3508635,52.43863434,-6.87,
39,Dongge cave,446,D4_2005,304593,11977.94706,50.70719673,49.25068993,-6.87,
39,Dongge cave,115,D4_2004,84735,11978.04649,54.77702541,53.87737839,-6.63,
39,Dongge cave,115,D4_2004,84736,11997.26509,55.68556152,54.73268955,-6.87,
39,Dongge cave,446,D4_2005,304594,11999.17197,51.32834137,49.44213082,-6.45,
39,Dongge cave,115,D4_2004,84737,12016.32903,56.47723661,56.11038731,-6.45,
39,Dongge cave,446,D4_2005,304595,12021.01454,53.17361024,50.48595914,-6.7,
39,Dongge cave,115,D4_2004,84738,12035.1943,58.38435581,56.85292,-6.7,
39,Dongge cave,446,D4_2005,304596,12042.24535,54.04785596,51.68426274,-6.5,
39,Dongge cave,115,D4_2004,84739,12054.42052,59.91712787,58.31164838,-6.5,
39,Dongge cave,446,D4_2005,304597,12063.31242,57.29823967,53.82607031,-6.84,
39,Dongge cave,115,D4_2004,84740,12073.65507,61.11918041,59.31170446,-6.84,
39,Dongge cave,446,D4_2005,304598,12084.57101,60.06543024,56.33061185,-6.49,
39,Dongge cave,115,D4_2004,84741,12092.62178,63.06094608,60.02404655,-6.49,
39,Dongge cave,446,D4_2005,304599,12105.98337,63.10976297,58.79379538,-6.51,
39,Dongge cave,115,D4_2004,84742,12111.78248,64.35373194,61.51829931,-6.51,
39,Dongge cave,446,D4_2005,304600,12127.40571,67.01385633,61.87110573,-6.65,
39,Dongge cave,115,D4_2004,84743,12130.76131,65.46697782,62.74849668,-6.65,
39,Dongge cave,446,D4_2005,304601,12148.84054,69.1065636,64.06299103,-6.49,
39,Dongge cave,115,D4_2004,84744,12150.16862,66.2255973,64.49739318,-6.49,
39,Dongge cave,446,D4_2005,304602,12179.47208,62.74605905,58.75266874,-6.6,
39,Dongge cave,115,D4_2004,84745,12179.71202,61.91794356,60.00335949,-6.6,
39,Dongge cave,115,D4_2004,84746,12209.76455,57.31912009,55.9503166,-6.7,
39,Dongge cave,446,D4_2005,304603,12209.76475,57.87854122,53.69692599,-6.7,
39,Dongge cave,115,D4_2004,84747,12239.94025,53.18688201,52.50419143,-6.86,
39,Dongge cave,446,D4_2005,304604,12240.40861,53.30585236,51.01702285,-6.86,
39,Dongge cave,115,D4_2004,84748,12269.94196,49.83996771,50.69923004,-6.96,
39,Dongge cave,446,D4_2005,304605,12271.24389,49.98710533,48.92542759,-6.96,
39,Dongge cave,115,D4_2004,84749,12299.74947,47.51186897,47.67534321,-6.31,
39,Dongge cave,446,D4_2005,304606,12301.88294,48.80293997,47.54454342,-6.31,
39,Dongge cave,115,D4_2004,84750,12329.33738,48.84741372,46.47876336,-6.56,
39,Dongge cave,446,D4_2005,304607,12332.21128,49.84735993,48.19330916,-6.56,
39,Dongge cave,115,D4_2004,84751,12359.22085,49.35116516,46.7723169,-6.71,
39,Dongge cave,446,D4_2005,304608,12362.62538,51.97890478,51.11233908,-6.71,
39,Dongge cave,115,D4_2004,84752,12389.45821,50.81103608,49.65751104,-6.82,
39,Dongge cave,446,D4_2005,304609,12392.88075,56.9017402,54.06733797,-6.82,
39,Dongge cave,115,D4_2004,84753,12419.77889,54.46042761,52.19121375,-6.8,
39,Dongge cave,446,D4_2005,304610,12423.34935,61.06521109,57.92557383,-6.8,
39,Dongge cave,115,D4_2004,84754,12449.50117,58.95686145,56.25337675,-6.94,
39,Dongge cave,446,D4_2005,304611,12453.81297,67.80685,63.30741718,-6.94,
39,Dongge cave,115,D4_2004,84755,12479.64019,63.69164757,61.14056701,-6.95,
39,Dongge cave,446,D4_2005,304612,12484.77901,71.89944249,69.60531865,-6.95,
39,Dongge cave,115,D4_2004,84756,12509.54516,69.06473506,66.34622514,-6.62,
39,Dongge cave,446,D4_2005,304613,12515.22156,78.91628615,75.66566576,-6.62,
39,Dongge cave,115,D4_2004,84757,12538.89732,64.96418625,62.40925283,-6.48,
39,Dongge cave,446,D4_2005,304614,12542.5299,74.53513678,70.58785159,-6.48,
39,Dongge cave,115,D4_2004,84758,12567.16519,61.66756328,58.6514276,-6.52,
39,Dongge cave,446,D4_2005,304615,12569.79842,71.37503893,65.57079814,-6.52,
39,Dongge cave,115,D4_2004,84759,12596.3732,58.29577769,57.35626279,-7.18,
39,Dongge cave,446,D4_2005,304616,12597.83707,67.97770752,60.89945655,-7.18,
39,Dongge cave,115,D4_2004,84760,12625.06057,55.18243376,54.60136933,-7.28,
39,Dongge cave,446,D4_2005,304617,12626.72327,63.560693,58.84330642,-7.28,
39,Dongge cave,115,D4_2004,84761,12653.54301,53.16988907,53.31396901,-7.15,
39,Dongge cave,446,D4_2005,304618,12654.46578,61.70270896,55.05974452,-7.15,
39,Dongge cave,115,D4_2004,84762,12682.4119,51.71358686,51.83651523,-7.29,
39,Dongge cave,446,D4_2005,304619,12683.14004,58.31078396,53.35854893,-7.29,
39,Dongge cave,115,D4_2004,84763,12711.28985,50.44065091,51.01186303,-7.11,
39,Dongge cave,446,D4_2005,304620,12711.32641,56.74221474,51.79319547,-7.11,
39,Dongge cave,446,D4_2005,304621,12739.93581,54.15304435,51.44426789,-7.41,
39,Dongge cave,115,D4_2004,84764,12739.99001,49.66647278,51.13360486,-7.41,
39,Dongge cave,446,D4_2005,304622,12768.25043,53.47460086,52.45353018,-7.49,
39,Dongge cave,115,D4_2004,84765,12768.61269,50.25150424,49.94869745,-7.49,
39,Dongge cave,446,D4_2005,304623,12796.37558,53.55161696,54.13991528,-7.17,
39,Dongge cave,115,D4_2004,84766,12797.37496,51.34489943,51.17732372,-7.17,
39,Dongge cave,446,D4_2005,304624,12824.8157,55.11476,55.57620204,-7.44,
39,Dongge cave,115,D4_2004,84767,12826.04309,53.52192405,52.87264611,-7.44,
39,Dongge cave,446,D4_2005,304625,12852.93262,57.01074191,57.57468064,-7.34,
39,Dongge cave,115,D4_2004,84768,12854.84667,56.61017619,54.52505773,-7.34,
39,Dongge cave,446,D4_2005,304626,12881.80512,59.57407911,59.83721506,-7.47,
39,Dongge cave,115,D4_2004,84769,12883.92677,58.51724157,57.33041924,-7.47,
39,Dongge cave,446,D4_2005,304627,12909.45556,62.69644085,64.30229612,-7.52,
39,Dongge cave,115,D4_2004,84770,12912.99018,60.17282516,61.25814456,-7.52,
39,Dongge cave,446,D4_2005,304628,12937.89699,65.5735436,66.79448347,-6.92,
39,Dongge cave,115,D4_2004,84771,12941.78277,62.76888446,63.89148063,-6.92,
39,Dongge cave,446,D4_2005,304629,12966.00294,67.99270046,70.72879579,-7.23,
39,Dongge cave,115,D4_2004,84772,12970.75366,66.41853192,69.07250794,-7.23,
39,Dongge cave,446,D4_2005,304630,12993.62226,73.13172242,74.16634131,-7.27,
39,Dongge cave,115,D4_2004,84773,12999.39688,69.83885097,72.06811443,-7.27,
39,Dongge cave,446,D4_2005,304631,13000.6195,69.7128771,70.50468213,-7.05,
39,Dongge cave,115,D4_2004,84774,13006.2977,66.14960507,69.49970081,-7.05,
39,Dongge cave,446,D4_2005,304632,13007.85252,65.73557368,67.39657796,-7.31,
39,Dongge cave,115,D4_2004,84775,13012.94662,63.64296034,66.00135036,-7.31,
39,Dongge cave,446,D4_2005,304633,13014.50733,63.28831045,63.44107515,-7.85,
39,Dongge cave,115,D4_2004,84776,13019.63567,60.71412675,63.61019422,-7.85,
39,Dongge cave,446,D4_2005,304634,13021.29073,61.6239442,61.13745098,-7.85,
39,Dongge cave,115,D4_2004,84777,13026.54693,57.97717231,61.30558769,-7.85,
39,Dongge cave,446,D4_2005,304635,13028.48563,58.90648628,58.90324294,-7.74,
39,Dongge cave,115,D4_2004,84778,13033.08639,56.50205389,59.12059408,-7.74,
39,Dongge cave,446,D4_2005,304636,13035.70822,56.49041988,56.46992459,-7.59,
39,Dongge cave,115,D4_2004,84779,13040.14072,54.42612827,57.77889836,-7.59,
39,Dongge cave,446,D4_2005,304637,13042.46133,54.61867763,54.44630949,-7.57,
39,Dongge cave,115,D4_2004,84780,13046.82504,53.29928677,56.1723914,-7.57,
39,Dongge cave,446,D4_2005,304638,13049.61209,52.71353416,52.38925615,-7.53,
39,Dongge cave,115,D4_2004,84781,13053.96498,50.82155263,54.29476942,-7.53,
39,Dongge cave,446,D4_2005,304639,13057.18555,51.23422701,51.95298564,-7.81,
39,Dongge cave,115,D4_2004,84782,13061.21362,49.26257104,53.58476103,-7.81,
39,Dongge cave,446,D4_2005,304640,13064.16825,50.0209327,52.18517749,-7.92,
39,Dongge cave,115,D4_2004,84783,13067.8174,49.33998189,51.50493219,-7.92,
39,Dongge cave,446,D4_2005,304641,13071.07213,49.05321625,51.50705288,-7.88,
39,Dongge cave,115,D4_2004,84784,13074.78164,48.64710782,51.14658923,-7.88,
39,Dongge cave,446,D4_2005,304642,13077.97437,48.9155333,51.72225304,-7.85,
39,Dongge cave,115,D4_2004,84785,13080.79459,49.02990839,49.78848346,-7.85,
39,Dongge cave,446,D4_2005,304643,13085.01097,49.02936651,51.78746236,-8.13,
39,Dongge cave,115,D4_2004,84786,13087.49021,49.09038815,50.03379593,-8.13,
39,Dongge cave,446,D4_2005,304644,13092.24675,49.30061482,53.32660863,-8.24,
39,Dongge cave,115,D4_2004,84787,13094.57445,49.79487855,52.1452884,-8.24,
39,Dongge cave,446,D4_2005,304645,13099.248,50.66573114,54.87411656,-8.1,
39,Dongge cave,115,D4_2004,84788,13101.72427,50.34038746,54.53213831,-8.1,
39,Dongge cave,446,D4_2005,304646,13106.40623,51.51001038,56.49845752,-8.07,
39,Dongge cave,115,D4_2004,84789,13108.24027,51.93124226,56.8667506,-8.07,
39,Dongge cave,446,D4_2005,304647,13113.79604,52.60663164,58.96077998,-8.15,
39,Dongge cave,115,D4_2004,84790,13114.78331,53.74652951,57.76728229,-8.15,
39,Dongge cave,446,D4_2005,304648,13120.76256,54.35107773,60.50108291,-8.4,
39,Dongge cave,115,D4_2004,84791,13121.22986,56.30480998,59.76011667,-8.4,
39,Dongge cave,446,D4_2005,304649,13127.86292,56.19743069,62.84179754,-8.17,
39,Dongge cave,115,D4_2004,84792,13128.20449,58.54628143,61.6666956,-8.17,
39,Dongge cave,115,D4_2004,84793,13134.85722,62.61590591,63.36165879,-8.38,
39,Dongge cave,446,D4_2005,304650,13135.09979,57.80859626,65.62310726,-8.38,
39,Dongge cave,115,D4_2004,84794,13141.27515,65.69529555,66.3738902,-8.49,
39,Dongge cave,446,D4_2005,304651,13142.45205,59.23902028,69.04363426,-8.49,
39,Dongge cave,446,D4_2005,304652,13146.24887,58.14987573,62.8165972,-7.83,
39,Dongge cave,115,D4_2004,84795,13146.28651,62.87451858,62.8540755,-7.83,
39,Dongge cave,446,D4_2005,304653,13150.84525,57.41948359,59.03809836,-7.73,
39,Dongge cave,115,D4_2004,84796,13151.17045,60.81139015,59.72537236,-7.73,
39,Dongge cave,446,D4_2005,304654,13155.12992,57.16513585,57.62345888,-7.77,
39,Dongge cave,115,D4_2004,84797,13155.99768,58.65957032,58.09326525,-7.77,
39,Dongge cave,446,D4_2005,304655,13159.55711,57.59878593,55.69600997,-7.85,
39,Dongge cave,115,D4_2004,84798,13161.16836,59.22193279,55.33513915,-7.85,
39,Dongge cave,446,D4_2005,304656,13164.17116,57.99854535,55.308351,-7.81,
39,Dongge cave,115,D4_2004,84799,13166.3441,57.97019161,55.40996764,-7.81,
39,Dongge cave,446,D4_2005,304657,13168.96597,57.5826643,54.65903104,-7.93,
39,Dongge cave,115,D4_2004,84800,13171.20916,59.09214003,55.26262377,-7.93,
39,Dongge cave,446,D4_2005,304658,13173.8451,59.72389357,54.91713842,-7.88,
39,Dongge cave,115,D4_2004,84801,13176.17349,60.15779554,55.59404693,-7.88,
39,Dongge cave,446,D4_2005,304659,13178.5487,62.59238499,56.80801608,-7.87,
39,Dongge cave,115,D4_2004,84802,13181.31444,62.06957981,57.4550847,-7.87,
39,Dongge cave,446,D4_2005,304660,13183.38243,63.3200032,59.34133741,-7.81,
39,Dongge cave,115,D4_2004,84803,13186.2375,64.43960558,59.27099834,-7.81,
39,Dongge cave,446,D4_2005,304661,13187.79815,67.12374787,61.35225836,-8.05,
39,Dongge cave,115,D4_2004,84804,13190.91169,68.64396148,62.06734562,-8.05,
39,Dongge cave,446,D4_2005,304662,13192.41487,70.51121633,63.50716199,-7.47,
39,Dongge cave,115,D4_2004,84805,13195.73248,71.72975576,64.57880671,-7.47,
39,Dongge cave,446,D4_2005,304663,13210.47111,66.52903142,61.20560863,-7.86,
39,Dongge cave,115,D4_2004,84806,13213.68144,68.47574968,60.870873,-7.86,
39,Dongge cave,446,D4_2005,304664,13228.78199,64.68421678,60.8876605,-7.78,
39,Dongge cave,115,D4_2004,84807,13231.25869,65.52821556,58.38862513,-7.78,
39,Dongge cave,446,D4_2005,304665,13247.2553,62.64451309,59.93640611,-8.07,
39,Dongge cave,115,D4_2004,84808,13249.59341,63.50582654,56.282618,-8.07,
39,Dongge cave,446,D4_2005,304666,13264.19645,61.17647501,56.61810497,-8.03,
39,Dongge cave,115,D4_2004,84809,13267.1054,62.2445731,55.18895487,-8.03,
39,Dongge cave,446,D4_2005,304667,13281.40686,61.46462104,55.11495492,-8.05,
39,Dongge cave,115,D4_2004,84810,13284.4659,61.25969618,53.86066016,-8.05,
39,Dongge cave,446,D4_2005,304668,13299.4076,60.45975075,55.75377612,-7.75,
39,Dongge cave,115,D4_2004,84811,13302.9004,60.97125386,54.80067916,-7.75,
39,Dongge cave,446,D4_2005,304669,13317.67935,59.81811951,57.39577079,-7.91,
39,Dongge cave,115,D4_2004,84812,13320.9081,60.55041561,56.0418898,-7.91,
39,Dongge cave,446,D4_2005,304670,13335.8703,59.96256608,59.32378756,-7.87,
39,Dongge cave,115,D4_2004,84813,13338.99296,59.09577797,58.83829457,-7.87,
39,Dongge cave,446,D4_2005,304671,13353.45567,61.67614807,60.60119856,-8.01,
39,Dongge cave,115,D4_2004,84814,13356.26138,61.22440276,60.32996691,-8.01,
39,Dongge cave,446,D4_2005,304672,13371.40758,63.82050772,62.06699737,-7.9,
39,Dongge cave,115,D4_2004,84815,13373.98224,63.66682315,62.4365206,-7.9,
39,Dongge cave,446,D4_2005,304673,13388.97174,64.61263951,63.85748604,-7.87,
39,Dongge cave,115,D4_2004,84816,13391.82619,66.10115584,65.12724414,-7.87,
39,Dongge cave,446,D4_2005,304674,13406.84704,66.75080196,66.52445966,-8.09,
39,Dongge cave,115,D4_2004,84817,13409.54429,68.88931247,68.16760741,-8.09,
39,Dongge cave,446,D4_2005,304675,13424.76739,69.49684101,69.49688068,-8.03,
39,Dongge cave,115,D4_2004,84818,13427.13012,73.4340165,71.10054564,-8.03,
39,Dongge cave,446,D4_2005,304676,13442.80502,72.54626017,72.4844451,-8.01,
39,Dongge cave,115,D4_2004,84819,13444.4395,77.45448892,74.73314953,-8.01,
39,Dongge cave,446,D4_2005,304677,13460.19152,76.05684663,75.67181048,-8.2,
39,Dongge cave,115,D4_2004,84820,13462.36832,81.0560695,79.1632804,-8.2,
39,Dongge cave,446,D4_2005,304678,13478.15284,79.42407676,79.19330648,-8.29,
39,Dongge cave,115,D4_2004,84821,13480.52922,84.13259424,83.27715728,-8.29,
39,Dongge cave,446,D4_2005,304679,13495.75565,83.03235723,82.29617933,-8.09,
39,Dongge cave,115,D4_2004,84822,13497.87267,90.21698955,86.54613236,-8.09,
39,Dongge cave,446,D4_2005,304680,13548.87444,96.46279777,95.83931371,-7.98,
39,Dongge cave,115,D4_2004,84823,13551.18255,103.4924436,100.2046957,-7.98,
39,Dongge cave,446,D4_2005,304681,13566.49529,99.44919148,99.87583619,-8.15,
39,Dongge cave,115,D4_2004,84824,13568.76598,106.9601124,104.0022458,-8.15,
39,Dongge cave,446,D4_2005,304682,13584.0637,104.3722559,104.928488,-7.94,
39,Dongge cave,115,D4_2004,84825,13586.99457,111.490603,108.8041543,-7.94,
39,Dongge cave,446,D4_2005,304683,13601.85927,108.9018375,109.881597,-7.89,
39,Dongge cave,115,D4_2004,84826,13604.53325,115.3568521,111.8877624,-7.89,
39,Dongge cave,446,D4_2005,304684,13619.41185,113.5967924,114.8065702,-8.03,
39,Dongge cave,115,D4_2004,84827,13622.04899,119.9429609,115.9004285,-8.03,
39,Dongge cave,446,D4_2005,304685,13637.3318,117.1575694,120.3729223,-7.97,
39,Dongge cave,115,D4_2004,84828,13639.93618,124.3590488,120.4571638,-7.97,
39,Dongge cave,446,D4_2005,304686,13665.51699,109.3500612,113.7354259,-7.9,
39,Dongge cave,115,D4_2004,84829,13668.78033,117.1933883,114.7191134,-7.9,
39,Dongge cave,446,D4_2005,304687,13692.93993,103.897619,106.6455751,-7.94,
39,Dongge cave,115,D4_2004,84830,13697.19352,110.0058831,108.6562793,-7.94,
39,Dongge cave,446,D4_2005,304688,13721.24429,98.64037253,98.8639437,-7.86,
39,Dongge cave,115,D4_2004,84831,13726.36943,101.9761998,103.5169765,-7.86,
39,Dongge cave,446,D4_2005,304689,13750.0219,92.30358909,92.63328619,-7.91,
39,Dongge cave,115,D4_2004,84832,13754.25403,95.48618106,96.5985994,-7.91,
39,Dongge cave,446,D4_2005,304690,13778.08664,87.64917953,87.7603203,-8.11,
39,Dongge cave,115,D4_2004,84833,13782.55643,89.68581173,91.14435262,-8.11,
39,Dongge cave,446,D4_2005,304691,13806.14456,83.03907108,81.43213839,-8.27,
39,Dongge cave,115,D4_2004,84834,13811.0706,83.21144076,85.93681834,-8.27,
39,Dongge cave,446,D4_2005,304692,13834.25873,78.02063532,78.97781323,-8.22,
39,Dongge cave,115,D4_2004,84835,13839.15152,77.93840879,80.40883495,-8.22,
39,Dongge cave,446,D4_2005,304693,13863.00316,74.1392498,77.11016162,-7.45,
39,Dongge cave,115,D4_2004,84836,13867.13513,74.67552258,76.5185018,-7.45,
39,Dongge cave,446,D4_2005,304694,13890.11732,72.20233712,73.14905056,-7.9,
39,Dongge cave,115,D4_2004,84837,13895.24177,71.57906631,74.01164512,-7.9,
39,Dongge cave,446,D4_2005,304695,13918.03085,69.73101187,70.90015088,-8.16,
39,Dongge cave,115,D4_2004,84838,13923.29958,68.45548272,72.3209764,-8.16,
39,Dongge cave,446,D4_2005,304696,13945.9882,68.942745,71.45978891,-7.95,
39,Dongge cave,115,D4_2004,84839,13951.5488,67.70983551,70.5519496,-7.95,
39,Dongge cave,446,D4_2005,304697,13973.6332,69.86240159,70.80322386,-7.53,
39,Dongge cave,115,D4_2004,84840,13979.48297,68.24838947,69.13531285,-7.53,
39,Dongge cave,446,D4_2005,304698,14001.66609,71.75397811,70.64454744,-7.33,
39,Dongge cave,115,D4_2004,84841,14008.90015,67.71299914,72.82319498,-7.33,
39,Dongge cave,446,D4_2005,304699,14113.41656,86.17053322,80.65057326,-7.68,
39,Dongge cave,115,D4_2004,84842,14120.95828,81.1120218,83.96881091,-7.68,
39,Dongge cave,446,D4_2005,304700,14151.12745,83.20154595,78.20946847,-7.4,
39,Dongge cave,115,D4_2004,84843,14159.19871,75.86213128,80.17941782,-7.4,
39,Dongge cave,446,D4_2005,304701,14189.17274,78.85333974,75.11533546,-7.53,
39,Dongge cave,115,D4_2004,84844,14196.88849,72.34648718,75.38647276,-7.53,
39,Dongge cave,446,D4_2005,304702,14227.71556,74.10719099,70.87879364,-7.35,
39,Dongge cave,115,D4_2004,84845,14234.41774,69.47521,71.39740089,-7.35,
39,Dongge cave,446,D4_2005,304703,14265.68113,70.91680157,67.27367593,-7.68,
39,Dongge cave,115,D4_2004,84846,14271.78645,65.88166489,67.62077949,-7.68,
39,Dongge cave,446,D4_2005,304704,14303.45479,68.38591051,63.83035904,-7.27,
39,Dongge cave,115,D4_2004,84847,14309.54351,63.09886069,65.00191511,-7.27,
39,Dongge cave,446,D4_2005,304705,14341.4074,66.12648944,62.74012593,-6.64,
39,Dongge cave,115,D4_2004,84848,14347.55309,59.91360765,61.62149076,-6.64,
39,Dongge cave,446,D4_2005,304706,14379.36708,64.64918091,62.4104711,-6.78,
39,Dongge cave,115,D4_2004,84849,14385.45951,58.56264757,59.09497141,-6.78,
39,Dongge cave,446,D4_2005,304707,14416.62785,64.7443049,61.04346561,-6.92,
39,Dongge cave,115,D4_2004,84850,14423.63822,57.04318262,58.18898507,-6.92,
39,Dongge cave,446,D4_2005,304708,14454.66406,65.31976776,61.16778109,-6.72,
39,Dongge cave,115,D4_2004,84851,14461.72606,55.85328439,56.96727373,-6.72,
39,Dongge cave,446,D4_2005,304709,14493.0967,65.50878987,63.01729139,-6.35,
39,Dongge cave,115,D4_2004,84852,14499.55489,55.57679089,57.16538928,-6.35,
39,Dongge cave,446,D4_2005,304710,14531.08475,67.29556169,64.15379741,-5.92,
39,Dongge cave,115,D4_2004,84853,14537.70247,54.98581921,57.91037899,-5.92,
39,Dongge cave,446,D4_2005,304711,14569.00254,69.1515352,66.13849163,-6.93,
39,Dongge cave,115,D4_2004,84854,14574.89859,57.41445084,59.44194322,-6.93,
39,Dongge cave,446,D4_2005,304712,14607.19406,70.88166651,67.91250431,-6.33,
39,Dongge cave,115,D4_2004,84855,14612.98018,59.46598815,60.80734456,-6.33,
39,Dongge cave,446,D4_2005,304713,14645.11795,74.17400379,71.11046885,-6.69,
39,Dongge cave,115,D4_2004,84856,14650.70489,63.79484676,62.88013172,-6.69,
39,Dongge cave,446,D4_2005,304714,14683.02275,78.156596,74.494328,-5.71,
39,Dongge cave,115,D4_2004,84857,14688.06655,68.21347646,66.31260267,-5.71,
39,Dongge cave,446,D4_2005,304715,14721.26204,81.03949819,78.05989069,-5.45,
39,Dongge cave,115,D4_2004,84858,14725.38802,71.37321227,69.52959737,-5.45,
39,Dongge cave,446,D4_2005,304716,14758.9985,85.6855941,82.74116714,-5.15,
39,Dongge cave,115,D4_2004,84859,14763.08529,75.91064596,73.00946044,-5.15,
39,Dongge cave,446,D4_2005,304717,14797.3217,90.83199683,87.61300294,-5.45,
39,Dongge cave,115,D4_2004,84860,14800.4368,81.38194146,76.93725792,-5.45,
39,Dongge cave,446,D4_2005,304718,14835.61682,95.4657618,91.20559647,-5.32,
39,Dongge cave,115,D4_2004,84861,14838.45932,85.32902075,81.08315485,-5.32,
39,Dongge cave,446,D4_2005,304719,14879.36043,89.64378294,85.57814605,-5.27,
39,Dongge cave,115,D4_2004,84862,14881.82549,80.01553776,75.49877455,-5.27,
39,Dongge cave,446,D4_2005,304720,14923.71694,83.69775564,81.77783665,-5.18,
39,Dongge cave,115,D4_2004,84863,14926.23126,74.41668079,71.62985426,-5.18,
39,Dongge cave,446,D4_2005,304721,14968.03548,78.3078218,76.40921432,-4.96,
39,Dongge cave,115,D4_2004,84864,14970.25857,69.60727632,67.25039444,-4.96,
39,Dongge cave,446,D4_2005,304722,15011.08405,75.09732564,70.81859091,-5.29,
39,Dongge cave,115,D4_2004,84865,15015.06209,65.45154562,64.8717147,-5.29,
39,Dongge cave,446,D4_2005,304723,15054.89486,71.44346692,66.96655425,-5.07,
39,Dongge cave,115,D4_2004,84866,15059.20008,62.28707834,63.11354359,-5.07,
39,Dongge cave,446,D4_2005,304724,15098.72534,67.54720988,63.82251306,-5.29,
39,Dongge cave,115,D4_2004,84867,15102.37561,60.22375642,59.54722501,-5.29,
39,Dongge cave,446,D4_2005,304725,15142.84051,64.78425901,61.69253261,-5.33,
39,Dongge cave,115,D4_2004,84868,15145.51997,59.20999435,58.66336532,-5.33,
39,Dongge cave,446,D4_2005,304726,15187.25531,63.15332301,60.07169104,-5.64,
39,Dongge cave,115,D4_2004,84869,15188.6768,60.30777556,57.02233019,-5.64,
39,Dongge cave,446,D4_2005,304727,15231.4517,61.64300043,59.99348367,-5.52,
39,Dongge cave,115,D4_2004,84870,15232.18415,59.32793276,57.25185476,-5.52,
39,Dongge cave,446,D4_2005,304728,15275.85572,60.16381277,59.93952316,-5.34,
39,Dongge cave,115,D4_2004,84871,15276.3116,59.72499354,58.63731005,-5.34,
39,Dongge cave,446,D4_2005,304729,15319.92851,60.65108382,61.6615657,-5.72,
39,Dongge cave,115,D4_2004,84872,15319.99663,62.37917794,61.61063201,-5.72,
39,Dongge cave,115,D4_2004,84873,15363.98241,64.68598527,64.40957563,-5.12,
39,Dongge cave,446,D4_2005,304730,15364.30023,61.85281161,63.48626552,-5.12,
39,Dongge cave,115,D4_2004,84874,15407.06585,69.49600387,67.04758442,-5.24,
39,Dongge cave,446,D4_2005,304731,15408.00728,64.01040905,65.36152154,-5.24,
39,Dongge cave,115,D4_2004,84875,15450.3734,74.5662911,71.37812576,-5.28,
39,Dongge cave,446,D4_2005,304732,15452.82682,67.1528429,68.99200349,-5.28,
39,Dongge cave,115,D4_2004,84876,15493.77552,79.02713204,76.07641012,-5.16,
39,Dongge cave,446,D4_2005,304733,15496.652,71.75878393,73.03419532,-5.16,
39,Dongge cave,115,D4_2004,84877,15536.98566,84.93186493,80.80988066,-5.1,
39,Dongge cave,446,D4_2005,304734,15541.31899,75.91531379,78.49778393,-5.1,
39,Dongge cave,115,D4_2004,84878,15564.56369,79.40766518,76.02077936,-5.15,
39,Dongge cave,446,D4_2005,304735,15569.86844,77.33838247,74.9968261,-5.15,
39,Dongge cave,115,D4_2004,84879,15592.2299,73.46586764,72.076238,-5.08,
39,Dongge cave,446,D4_2005,304736,15599.94269,85.8124546,81.59039725,-5.08,
39,Dongge cave,115,D4_2004,84880,15619.75393,67.84655775,68.92050667,-5.08,
39,Dongge cave,446,D4_2005,304737,15628.36557,104.9400884,92.65406783,-5.08,
39,Dongge cave,115,D4_2004,84881,15646.61899,63.89860308,63.83542742,-5.08,
39,Dongge cave,446,D4_2005,304738,15657.38767,124.9244698,109.7413752,-5.08,
39,Dongge cave,115,D4_2004,84882,15674.51116,61.03541088,62.33520773,-4.94,
39,Dongge cave,446,D4_2005,304739,15685.50782,149.1391792,125.8754655,-4.94,
39,Dongge cave,115,D4_2004,84883,15701.39106,60.2730893,60.04727674,-4.96,
39,Dongge cave,446,D4_2005,304740,15714.92901,173.3083957,143.7594024,-4.96,
39,Dongge cave,115,D4_2004,84884,15728.65891,59.46641393,60.47835451,-4.92,
39,Dongge cave,446,D4_2005,304741,15743.34072,201.2930218,163.8097939,-4.92,
39,Dongge cave,115,D4_2004,84885,15755.00569,60.72900616,60.53429044,-4.84,
39,Dongge cave,446,D4_2005,304742,15771.56852,231.5313883,185.6083653,-4.84,
39,Dongge cave,115,D4_2004,84886,15781.93877,63.76182668,62.65891588,-4.89,
39,Dongge cave,446,D4_2005,304743,15799.88137,262.7536041,208.0303154,-4.89,
39,Dongge cave,115,D4_2004,84887,15809.89921,66.55824779,66.27233495,-5.14,
39,Dongge cave,446,D4_2005,304744,15828.50542,291.7081324,226.6437804,-5.14,
39,Dongge cave,115,D4_2004,84891,43753.21227,227.7516877,218.5786855,-6.99,
39,Dongge cave,115,D4_2004,84892,44201.41951,207.8810108,196.1606629,-7.32,
39,Dongge cave,115,D4_2004,84893,44651.31622,184.606155,178.0300608,-7.51,
39,Dongge cave,115,D4_2004,84894,45099.5387,165.2431741,155.7387177,-7.89,
39,Dongge cave,115,D4_2004,84895,45548.43584,151.2257648,145.2812873,-8.21,
39,Dongge cave,115,D4_2004,84896,45997.42954,141.679144,138.6130301,-7.76,
39,Dongge cave,115,D4_2004,84897,46448.25122,136.7545825,134.9767043,-7.98,
39,Dongge cave,115,D4_2004,84898,46898.5573,140.3167159,141.5936044,-7.38,
39,Dongge cave,115,D4_2004,84899,47349.10768,150.26678,154.2195154,-7.11,
39,Dongge cave,115,D4_2004,84900,47797.01523,162.8764147,170.3691313,-6.67,
39,Dongge cave,115,D4_2004,84901,48311.28514,155.4896432,161.8573263,-7.68,
39,Dongge cave,115,D4_2004,84902,48825.24018,150.2765314,152.6407151,-8.04,
39,Dongge cave,115,D4_2004,84903,49338.49889,148.1608915,147.9736078,-8.31,
39,Dongge cave,115,D4_2004,84904,49852.21691,145.4043302,142.9679398,-8.72,
39,Dongge cave,115,D4_2004,84905,50365.38217,140.2793111,139.8582568,-8.59,
39,Dongge cave,115,D4_2004,84906,50879.17583,139.6908003,134.7538866,-8.39,
39,Dongge cave,115,D4_2004,84907,51394.10191,139.7338343,137.3644604,-8.3,
39,Dongge cave,115,D4_2004,84908,51906.78688,140.9123049,137.8945724,-7.34,
39,Dongge cave,115,D4_2004,84909,52420.57831,141.298789,140.8815477,-8.51,
39,Dongge cave,115,D4_2004,84910,52935.18941,145.8468621,149.3810869,-8.11,
39,Dongge cave,115,D4_2004,84911,53449.84916,148.7799641,154.5816046,-8.72,
39,Dongge cave,115,D4_2004,84912,53963.90452,153.4733309,160.8196336,-8.94,
39,Dongge cave,115,D4_2004,84913,54478.11699,160.993975,165.9522955,-8.81,
39,Dongge cave,115,D4_2004,84914,54991.99828,170.0839652,173.8703568,-8.86,
39,Dongge cave,115,D4_2004,84915,55506.11235,178.8425112,183.4464326,-8.85,
39,Dongge cave,115,D4_2004,84916,56018.98222,186.577284,192.3418668,-8.4,
39,Dongge cave,115,D4_2004,84917,56532.66575,192.4105293,199.7202447,-8.42,
39,Dongge cave,115,D4_2004,84918,57046.41168,203.5411733,209.8446559,-8.55,
39,Dongge cave,115,D4_2004,84919,57560.72959,213.7864203,220.9012268,-8.05,
39,Dongge cave,115,D4_2004,84920,58076.52273,222.4300408,235.9173082,-8.69,
39,Dongge cave,115,D4_2004,84921,58591.09617,233.6754978,247.1684865,-8.82,
39,Dongge cave,115,D4_2004,84922,59106.26044,241.6148262,256.0137387,-8.9,
39,Dongge cave,115,D4_2004,84923,59377.41047,235.1605605,245.0122301,-8.8,
39,Dongge cave,115,D4_2004,84924,59646.59535,231.3220041,234.8722797,-8.09,
39,Dongge cave,115,D4_2004,84925,59916.41919,224.9435419,222.7034253,-7.54,
39,Dongge cave,115,D4_2004,84926,60189.14291,215.5723206,217.1828294,-7.68,
39,Dongge cave,115,D4_2004,84927,60460.62983,210.1938209,215.197782,-7.62,
39,Dongge cave,115,D4_2004,84928,60733.26312,206.7571773,215.3277962,-7.8,
39,Dongge cave,115,D4_2004,84929,61004.93567,208.8123391,219.4353696,-7.59,
39,Dongge cave,115,D4_2004,84930,61276.67648,211.5163077,222.6708311,-7.04,
39,Dongge cave,115,D4_2004,84931,61545.79675,218.270701,224.4468023,-7.27,
39,Dongge cave,115,D4_2004,84932,61818.59741,221.1350874,233.9666908,-7.13,
39,Dongge cave,115,D4_2004,84933,62091.88674,230.1273775,241.5730313,-7.02,
39,Dongge cave,115,D4_2004,84934,62363.89601,246.3048165,254.9064391,-6.94,
39,Dongge cave,115,D4_2004,84935,62631.42432,268.7970341,264.9204042,-7.3,
39,Dongge cave,115,D4_2004,84936,62903.50065,282.1214381,281.2129351,-7.19,
39,Dongge cave,115,D4_2004,84937,63175.58891,297.1241783,295.9859372,-6.92,
39,Dongge cave,115,D4_2004,84938,63446.4318,316.1659437,309.7258191,-6.35,
39,Dongge cave,115,D4_2004,84939,63719.43843,328.9107008,328.6423872,-6.6,
39,Dongge cave,115,D4_2004,84940,63992.18049,347.1291241,352.0362641,-6.48,
39,Dongge cave,115,D4_2004,84941,64266.20994,363.1288116,371.0209863,-6.76,
39,Dongge cave,115,D4_2004,84942,64537.0277,383.0726365,394.6731085,-6.81,
39,Dongge cave,115,D4_2004,84943,64810.59445,407.0344068,419.0738534,-6.93,
39,Dongge cave,114,D3,84394,91143.08189,4008.346856,4299.14991,-6.11,
39,Dongge cave,114,D3,84395,92542.40511,3279.12556,3472.913865,-6.31,
39,Dongge cave,114,D3,84396,93927.73322,2854.122609,2948.575623,-6.45,
39,Dongge cave,114,D3,84397,95369.18943,2532.679566,2917.559206,-6.43,
39,Dongge cave,700,D3_2005,416699,96139.3901056427,3986.08051845591,8021.88839312439,-7.56,
39,Dongge cave,700,D3_2005,416700,96274.5466408684,3874.96054522422,7779.68483303071,-7.68,
39,Dongge cave,700,D3_2005,416701,96413.9307197987,3756.8199365889,7541.70881664169,-7.59,
39,Dongge cave,700,D3_2005,416702,96554.7034630592,3619.48417082225,7304.43238331479,-7.83,
39,Dongge cave,700,D3_2005,416703,96698.9341489756,3493.72051791928,7069.6963199381,-7.88,
39,Dongge cave,700,D3_2005,416704,96849.9787328819,3357.96041228288,6841.77415455125,-7.8,
39,Dongge cave,114,D3,84398,96853.74659,2604.403188,3376.735924,-6.78,
39,Dongge cave,700,D3_2005,416705,96981.8352198464,3241.28481396564,6590.11685488434,-7.77,
39,Dongge cave,700,D3_2005,416706,97112.3672277553,3131.86400372416,6339.3082735365,-7.93,
39,Dongge cave,700,D3_2005,416707,97259.6247724408,2999.27871057521,6106.99364786521,-8.03,
39,Dongge cave,700,D3_2005,416708,97394.7436168398,2883.06505286066,5851.08304894083,-7.36,
39,Dongge cave,700,D3_2005,416709,97533.1597069076,2760.85669269215,5603.86612111353,-7.78,
39,Dongge cave,700,D3_2005,416710,97663.5474831233,2647.63110699097,5348.62087943414,-8.14,
39,Dongge cave,700,D3_2005,416711,97796.652777284,2536.487944236,5101.34936391241,-7.73,
39,Dongge cave,114,D3,84399,97892.35745,2827.732353,3729.590041,-7.08,
39,Dongge cave,700,D3_2005,416712,97929.1087301859,2410.08800866739,4842.91609070655,-7.93,
39,Dongge cave,700,D3_2005,416713,98056.0780572743,2303.81126207203,4587.12519096021,-7.99,
39,Dongge cave,114,D3,84400,98177.3916,2623.745025,3374.993985,-7.05,
39,Dongge cave,700,D3_2005,416714,98180.1685155886,2199.89073138896,4337.59104112364,-8.03,
39,Dongge cave,700,D3_2005,416715,98310.3520074002,2087.0957741813,4103.14887491088,-7.9,
39,Dongge cave,114,D3,84401,98439.13145,2450.855902,3033.448722,-7.57,
39,Dongge cave,700,D3_2005,416716,98455.0695023681,1965.41819659177,3871.66690194768,-7.76,
39,Dongge cave,700,D3_2005,416717,98595.1269958955,1852.82086550047,3622.38030276935,-7.89,
39,Dongge cave,114,D3,84402,98724.88478,2260.010741,2665.741023,-7.47,
39,Dongge cave,700,D3_2005,416718,98729.3358895596,1747.08694999028,3360.16500948954,-7.43,
39,Dongge cave,700,D3_2005,416719,98858.8803450821,1646.59610543476,3120.07245839102,-8.29,
39,Dongge cave,700,D3_2005,416720,98985.7001721247,1542.80797648962,2858.52211942369,-8.15,
39,Dongge cave,114,D3,84403,99038.83511,2056.57148,2424.10034,-7.81,
39,Dongge cave,700,D3_2005,416721,99126.9810744067,1424.86880534799,2627.95238383203,-8.11,
39,Dongge cave,700,D3_2005,416722,99258.6111079065,1313.22618338613,2392.96736946139,-8.03,
39,Dongge cave,114,D3,84404,99349.31409,1885.413572,2151.58278,-8.02,
39,Dongge cave,700,D3_2005,416723,99393.03582525,1208.36329457322,2167.81527138571,-7.99,
39,Dongge cave,700,D3_2005,416724,99516.8447497282,1118.82023634833,1925.65079159458,-8.43,
39,Dongge cave,700,D3_2005,416725,99654.5997629562,1008.48214072894,1719.53460040261,-8.04,
39,Dongge cave,114,D3,84405,99665.13387,1743.086042,1914.079815,-7.99,
39,Dongge cave,700,D3_2005,416726,99782.4862396658,933.577073214008,1485.04221688368,-7.91,
39,Dongge cave,700,D3_2005,416727,99931.4166283602,840.968274783721,1286.79861066701,-8.38,
39,Dongge cave,114,D3,84406,99983.37384,1597.593817,1721.364869,-8.2,
39,Dongge cave,700,D3_2005,416728,100059.533629694,756.908822813712,1056.26082534711,-8.56,
39,Dongge cave,700,D3_2005,416729,100186.707435704,693.235642809203,842.833570121278,-7.8,
39,Dongge cave,114,D3,84407,100304.5898,1526.490136,1651.608468,-8.42,
39,Dongge cave,700,D3_2005,416730,100333.022517908,618.081109656574,679.764369262892,-8.58,
39,Dongge cave,700,D3_2005,416731,100477.890523731,579.196366352218,574.892741010015,-8.09,
39,Dongge cave,114,D3,84408,100611.3996,1519.609103,1650.000751,-8.5,
39,Dongge cave,700,D3_2005,416732,100633.346651652,570.828522616386,570.29243702961,-8.58,
39,Dongge cave,700,D3_2005,416733,100792.467578069,554.778093969231,551.580190109686,-8.34,
39,Dongge cave,114,D3,84409,100919.5322,1550.31093,1628.496241,-8.63,
39,Dongge cave,700,D3_2005,416734,100951.413481389,536.576397547935,534.955195766466,-8.99,
39,Dongge cave,700,D3_2005,416735,101110.910393351,512.943901377948,520.106623531567,-8.43,
39,Dongge cave,700,D3_2005,416736,101266.857816853,508.040555358239,504.222716417382,-8.58,
39,Dongge cave,700,D3_2005,416737,101425.401507454,498.826023286339,496.105507012981,-8.65,
39,Dongge cave,114,D3,84410,101438.625,1500.977838,1534.759574,-8.89,
39,Dongge cave,700,D3_2005,416738,102110.155568599,457.281235128015,449.879257648892,-8.63,
39,Dongge cave,700,D3_2005,416739,102140.974523737,457.563048200827,446.885548848222,-8.7,
39,Dongge cave,700,D3_2005,416740,102171.794671765,457.037548201712,448.160736537495,-8.62,
39,Dongge cave,700,D3_2005,416741,102204.349808897,457.122345459691,450.544504901394,-8.66,
39,Dongge cave,700,D3_2005,416742,102235.383542815,455.062083110926,450.81986167279,-8.6,
39,Dongge cave,700,D3_2005,416743,102266.982190876,454.032888189453,447.594525670385,-8.72,
39,Dongge cave,700,D3_2005,416744,102300.294314956,452.407971186389,447.290041687593,-8.45,
39,Dongge cave,114,D3,84411,102328.9951,1208.004251,1260.907514,-8.55,
39,Dongge cave,700,D3_2005,416745,102331.372343803,451.285702906447,446.386705212586,-8.58,
39,Dongge cave,700,D3_2005,416746,102363.60992336,449.696204058928,447.848733607418,-8.5,
39,Dongge cave,700,D3_2005,416747,102396.265093879,447.19805263837,448.312880686717,-8.34,
39,Dongge cave,700,D3_2005,416748,102427.368910928,447.228762052109,444.16795078585,-8.5,
39,Dongge cave,700,D3_2005,416749,102457.672196325,447.873382166174,447.986697878907,-8.33,
39,Dongge cave,700,D3_2005,416750,102488.991962357,450.726401214997,446.645502860818,-8.14,
39,Dongge cave,700,D3_2005,416751,102521.107943118,452.529167685367,447.149338598494,-8.1,
39,Dongge cave,700,D3_2005,416752,102554.286178023,454.038035610269,450.080013347586,-8.02,
39,Dongge cave,700,D3_2005,416753,102586.59725221,454.887512977628,449.425095819344,-8.4,
39,Dongge cave,700,D3_2005,416754,102618.794703197,452.715960183952,452.340089997306,-8.4,
39,Dongge cave,700,D3_2005,416755,102648.725034398,454.944103130299,447.5300259371,-8.66,
39,Dongge cave,700,D3_2005,416756,102680.284875095,457.41058594182,447.776441482129,-8.33,
39,Dongge cave,700,D3_2005,416757,102712.06849214,453.778998368303,447.775357043764,-8.44,
39,Dongge cave,700,D3_2005,416758,102743.647446521,451.680122440739,446.806773841672,-8.15,
39,Dongge cave,700,D3_2005,416759,102775.438970252,453.39317417072,449.023073435063,-8.37,
39,Dongge cave,700,D3_2005,416760,102807.014878764,455.682045225592,446.86843767653,-8.48,
39,Dongge cave,700,D3_2005,416761,102839.259356488,459.136896203156,449.152102728462,-8.42,
39,Dongge cave,700,D3_2005,416762,102870.431057988,461.186310441146,450.425442855369,-8.6,
39,Dongge cave,700,D3_2005,416763,102900.206719657,464.885566134864,449.669651798977,-8.32,
39,Dongge cave,700,D3_2005,416764,102932.679022713,468.41912606392,452.037703118927,-8.41,
39,Dongge cave,700,D3_2005,416765,102965.657500637,469.715017555456,454.819594313434,-8.51,
39,Dongge cave,700,D3_2005,416766,102998.553394404,472.849204455284,456.478698605322,-8.31,
39,Dongge cave,700,D3_2005,416767,103031.286153785,471.899076219212,460.051636906443,-8.57,
39,Dongge cave,700,D3_2005,416768,103063.495152103,474.956806553018,459.951894663391,-8.28,
39,Dongge cave,700,D3_2005,416769,103093.6607143,479.629954147211,459.524186814015,-8.64,
39,Dongge cave,700,D3_2005,416770,103124.389099723,484.50288835587,461.732399522691,-8.51,
39,Dongge cave,700,D3_2005,416771,103157.40423342,482.132711663755,467.320778716617,-8.26,
39,Dongge cave,700,D3_2005,416772,103188.310618234,484.600979098119,471.352170614628,-8.55,
39,Dongge cave,700,D3_2005,416773,103220.549394676,486.980022391886,474.722654913421,-8.44,
39,Dongge cave,114,D3,84412,103229.1068,1177.03882,1178.857321,-8.25,
39,Dongge cave,700,D3_2005,416774,103250.829251456,489.685807116111,475.757347479826,-8.52,
39,Dongge cave,700,D3_2005,416775,103284.007456311,490.63462771663,479.57839423533,-8.44,
39,Dongge cave,700,D3_2005,416776,103314.390451183,496.990451364836,482.275734579496,-8.39,
39,Dongge cave,700,D3_2005,416777,103346.492990186,498.552863435369,483.255025408813,-8.58,
39,Dongge cave,700,D3_2005,416778,103377.262230632,499.495583110722,483.304618321054,-8.44,
39,Dongge cave,700,D3_2005,416779,103408.758159081,498.611848292509,486.365053829155,-8.83,
39,Dongge cave,700,D3_2005,416780,103439.334046407,502.061306942647,486.265055402138,-8.76,
39,Dongge cave,700,D3_2005,416781,103469.953622825,504.898754417547,488.611934908622,-8.68,
39,Dongge cave,700,D3_2005,416782,103500.476604604,509.101073450875,493.114459055912,-8.47,
39,Dongge cave,700,D3_2005,416783,103531.868824528,513.34539447166,498.582420971914,-8.78,
39,Dongge cave,700,D3_2005,416784,103563.713612641,515.954824626344,502.787429097458,-8.56,
39,Dongge cave,700,D3_2005,416785,103596.796433232,517.431704202099,508.360092445131,-8.48,
39,Dongge cave,700,D3_2005,416786,103627.506937335,521.280900265789,510.341547472723,-8.73,
39,Dongge cave,700,D3_2005,416787,103658.270019182,525.541321874072,511.912015005466,-8.8,
39,Dongge cave,700,D3_2005,416788,103690.315958535,528.156016713474,518.632894278548,-8.4,
39,Dongge cave,700,D3_2005,416789,103722.188138533,530.929762455431,520.989927345276,-8.48,
39,Dongge cave,700,D3_2005,416790,103754.584249698,534.359022338482,524.010959397143,-8.5,
39,Dongge cave,700,D3_2005,416791,103785.547170993,537.426314911572,524.641705479487,-8.18,
39,Dongge cave,700,D3_2005,416792,103814.060654726,544.375141899392,525.434060050655,-8.09,
39,Dongge cave,700,D3_2005,416793,103843.367620096,548.464372078175,525.67899482869,-8.23,
39,Dongge cave,700,D3_2005,416794,103876.552863406,551.332667670446,533.489381605148,-8.44,
39,Dongge cave,700,D3_2005,416795,103906.689901004,557.692702234344,533.785220180172,-8.02,
39,Dongge cave,700,D3_2005,416796,103938.583212582,559.340710366261,534.526091588137,-8.46,
39,Dongge cave,700,D3_2005,416797,103970.276590058,561.277553029868,538.577924286423,-8.52,
39,Dongge cave,700,D3_2005,416798,104001.360221722,567.904756538876,541.776642466735,-8.06,
39,Dongge cave,700,D3_2005,416799,104033.033207833,574.294357187828,544.252271780875,-8.65,
39,Dongge cave,700,D3_2005,416800,104065.240285179,575.198450254233,548.62136917749,-8.57,
39,Dongge cave,700,D3_2005,416801,104095.185214938,578.295491518991,551.82973016749,-8.76,
39,Dongge cave,700,D3_2005,416802,104126.925311873,582.649875366886,554.045611012261,-8.13,
39,Dongge cave,114,D3,84413,104143.0195,1348.187677,1347.336774,-8.37,
39,Dongge cave,700,D3_2005,416803,104158.010249669,587.78353344374,560.450079876202,-8.69,
39,Dongge cave,700,D3_2005,416804,104187.356102785,593.553638594167,561.21160347166,-8.12,
39,Dongge cave,700,D3_2005,416805,104217.815685722,599.130689538128,561.300257376584,-8.08,
39,Dongge cave,700,D3_2005,416806,104249.679983518,604.561907279771,562.904599418573,-8.32,
39,Dongge cave,700,D3_2005,416807,104280.600116121,611.984381239745,561.394054666525,-8.43,
39,Dongge cave,700,D3_2005,416808,104311.722498281,619.246254479382,562.958060644451,-8.28,
39,Dongge cave,700,D3_2005,416809,104343.382727604,625.337481699258,567.021955907854,-8.75,
39,Dongge cave,700,D3_2005,416810,104374.437465769,629.773685995882,572.074652447322,-8.45,
39,Dongge cave,700,D3_2005,416811,104406.897152991,632.595389388996,577.273609228025,-8.38,
39,Dongge cave,700,D3_2005,416812,104440.003390398,636.81845391434,588.589291703887,-8.03,
39,Dongge cave,700,D3_2005,416813,104470.412546521,643.19940821646,594.525511906832,-8.58,
39,Dongge cave,700,D3_2005,416814,104504.368290939,645.601726356894,601.664689663026,-8.3,
39,Dongge cave,700,D3_2005,416815,104535.508755178,647.273381453255,602.923463405445,-8.38,
39,Dongge cave,700,D3_2005,416816,104567.654570771,647.849787302985,611.348562036175,-8.43,
39,Dongge cave,700,D3_2005,416817,104601.280943015,646.945636501623,619.272486634145,-8.4,
39,Dongge cave,700,D3_2005,416818,104633.777319127,651.2517353359,621.326787065613,-8.88,
39,Dongge cave,700,D3_2005,416819,104664.769497547,658.104526897994,624.576072065014,-9.1,
39,Dongge cave,700,D3_2005,416820,104698.216459431,659.058502783984,631.730120674125,-8.66,
39,Dongge cave,700,D3_2005,416821,104731.093573872,664.93200658742,637.59598350247,-8.51,
39,Dongge cave,700,D3_2005,416822,104763.475271473,670.419842296134,641.270649335303,-8.8,
39,Dongge cave,700,D3_2005,416823,104793.825724346,675.501756300582,642.91116382672,-8.71,
39,Dongge cave,700,D3_2005,416824,104825.079818426,683.002669656082,645.455319525805,-8.58,
39,Dongge cave,700,D3_2005,416825,104855.53820714,690.846429738245,648.190528503736,-8.86,
39,Dongge cave,700,D3_2005,416826,104887.212662506,696.569746692898,653.667373936114,-8.71,
39,Dongge cave,700,D3_2005,416827,104919.204174338,699.30137015754,658.013696242662,-8.79,
39,Dongge cave,700,D3_2005,416828,104951.829730239,700.510712009112,665.192491927752,-8.72,
39,Dongge cave,700,D3_2005,416829,105016.276552637,702.720552170867,673.809788531813,-8.12,
39,Dongge cave,700,D3_2005,416830,105048.065182239,704.735596471335,678.841011178927,-8.27,
39,Dongge cave,114,D3,84414,105089.2963,1677.447341,1670.721391,-7.69,
39,Dongge cave,700,D3_2005,416831,105141.542510178,712.669290239181,694.544506749269,-8.54,
39,Dongge cave,700,D3_2005,416832,105174.451509422,715.355164624285,702.43313761134,-7.46,
39,Dongge cave,700,D3_2005,416833,105205.725025578,720.931652170388,707.274702573646,-6.33,
39,Dongge cave,700,D3_2005,416834,105238.581806219,724.597639543164,712.64592096454,-6.91,
39,Dongge cave,700,D3_2005,416835,105267.339981137,733.572429313252,714.668438665511,-7.6,
39,Dongge cave,700,D3_2005,416836,105297.024604832,740.739464201717,717.49770813527,-7.67,
39,Dongge cave,700,D3_2005,416837,105336.093901774,733.036960988014,715.188153348077,-7.81,
39,Dongge cave,700,D3_2005,416838,105374.781715573,725.051123091718,711.955862713599,-7.22,
39,Dongge cave,700,D3_2005,416839,105412.929138831,721.771697463017,711.686280534719,-6.82,
39,Dongge cave,700,D3_2005,416840,105450.474166451,718.571943669638,707.609494120843,-7.5,
39,Dongge cave,700,D3_2005,416841,105487.2551888,716.986742064182,702.536837864143,-7.5,
39,Dongge cave,700,D3_2005,416842,105525.216076269,713.762845804129,698.571649487436,-7.46,
39,Dongge cave,700,D3_2005,416843,105562.385268517,711.302379437388,695.191076843053,-7.56,
39,Dongge cave,700,D3_2005,416844,105599.013228014,709.139744353743,690.901031371453,-7.46,
39,Dongge cave,700,D3_2005,416845,105636.889247185,704.22018032214,686.57972758924,-7.41,
39,Dongge cave,700,D3_2005,416846,105673.624906593,701.507490263888,680.485322081164,-7.63,
39,Dongge cave,700,D3_2005,416847,105711.544977856,697.088215649317,675.116600221736,-7.63,
39,Dongge cave,700,D3_2005,416848,105750.439737091,688.703508517021,672.172254937483,-7.97,
39,Dongge cave,700,D3_2005,416849,105789.822317882,685.369490985788,668.041142654212,-8.25,
39,Dongge cave,700,D3_2005,416850,105828.643574408,680.037086885379,664.827294789793,-7.83,
39,Dongge cave,700,D3_2005,416851,105866.300348445,675.825009014414,661.453649304385,-8.06,
39,Dongge cave,700,D3_2005,416852,105904.703225575,670.898812581334,658.445347736895,-7.72,
39,Dongge cave,700,D3_2005,416853,105941.437609192,667.316643830898,653.800613875195,-8.07,
39,Dongge cave,700,D3_2005,416854,105978.928215056,662.667740170684,650.565851195628,-8.17,
39,Dongge cave,700,D3_2005,416855,106016.613794788,658.845533858854,647.414770380972,-8.06,
39,Dongge cave,700,D3_2005,416856,106054.313005476,656.709141151819,643.880708458397,-7.91,
39,Dongge cave,700,D3_2005,416857,106091.886472124,653.732845258564,640.027281297516,-7.76,
39,Dongge cave,700,D3_2005,416858,106129.955336325,647.400455698065,636.51870669148,-8.36,
39,Dongge cave,700,D3_2005,416859,106168.309967264,640.313393365053,633.49587586803,-8.51,
39,Dongge cave,700,D3_2005,416860,106207.118120831,633.729762213668,629.840779089835,-8.2,
39,Dongge cave,700,D3_2005,416861,106244.084396445,631.768852055728,623.946640422218,-8.47,
39,Dongge cave,700,D3_2005,416862,106283.243166318,625.88637715872,622.158668923192,-8.45,
39,Dongge cave,700,D3_2005,416863,106323.083228585,619.772335010086,623.802898483278,-7.31,
39,Dongge cave,700,D3_2005,416864,106361.219290563,618.510210937558,622.126088868288,-8.44,
39,Dongge cave,700,D3_2005,416865,106398.59499708,614.810005538209,619.157169903774,-8.42,
39,Dongge cave,700,D3_2005,416866,106437.522932308,614.178341693492,619.946787545312,-8.47,
39,Dongge cave,700,D3_2005,416867,106476.670875858,611.929286936414,618.584159249542,-8.39,
39,Dongge cave,700,D3_2005,416868,106515.184371152,607.568552905577,617.405607545341,-8.5,
39,Dongge cave,700,D3_2005,416869,106552.735204136,602.184961015009,616.290236365676,-8.5,
39,Dongge cave,700,D3_2005,416870,106590.280258931,598.236450520591,613.575389833612,-8.41,
39,Dongge cave,700,D3_2005,416871,106627.788339933,596.98166434739,610.651473887498,-8.68,
39,Dongge cave,700,D3_2005,416872,106663.898490258,593.846735773113,606.066814657548,-8.48,
39,Dongge cave,700,D3_2005,416873,106699.951083868,592.133724844229,601.863032213427,-8.49,
39,Dongge cave,700,D3_2005,416874,106736.895742031,587.763003460073,597.674447320373,-8.34,
39,Dongge cave,700,D3_2005,416875,106774.930578896,582.108852400837,595.014474630341,-7.94,
39,Dongge cave,700,D3_2005,416876,106812.655990551,576.093822988129,592.25742376085,-8.64,
39,Dongge cave,700,D3_2005,416877,106850.302352664,571.34101413039,590.799454263441,-8.96,
39,Dongge cave,700,D3_2005,416878,106889.589218352,567.508956884572,593.250044063665,-8.5,
39,Dongge cave,700,D3_2005,416879,106928.890670027,561.48054140684,594.973068387713,-8.61,
39,Dongge cave,114,D3,84415,106934.556,1256.700247,1351.874969,-8.63,
39,Dongge cave,700,D3_2005,416880,106966.443849469,556.539101671951,592.058813310679,-8.58,
39,Dongge cave,700,D3_2005,416881,107004.812884978,553.006230666011,595.318642778831,-8.96,
39,Dongge cave,700,D3_2005,416882,107043.812316749,550.822201717354,596.895486695546,-8.44,
39,Dongge cave,700,D3_2005,416883,107083.266259026,548.218230651793,597.934233793509,-8.66,
39,Dongge cave,700,D3_2005,416884,107121.839095838,547.03111629824,596.369984409524,-8.39,
39,Dongge cave,700,D3_2005,416885,107160.220768354,545.728901594979,594.067683620524,-8.55,
39,Dongge cave,700,D3_2005,416886,107198.282505623,543.077106134166,593.88480509982,-8.52,
39,Dongge cave,700,D3_2005,416887,107234.947974928,540.22733538477,589.461468159934,-8.76,
39,Dongge cave,700,D3_2005,416888,107272.166859346,538.842185975547,583.83090042531,-8.85,
39,Dongge cave,700,D3_2005,416889,107309.955518819,538.902434747521,579.969641379546,-8.81,
39,Dongge cave,700,D3_2005,416890,107346.8374891,536.706927835708,576.177812728885,-8.3,
39,Dongge cave,700,D3_2005,416891,107386.064654044,534.667060309672,575.193194167558,-8.56,
39,Dongge cave,700,D3_2005,416892,107425.667624946,532.120417059137,575.582155756492,-8.69,
39,Dongge cave,700,D3_2005,416893,107464.257873825,527.721183463524,580.404990411829,-8.43,
39,Dongge cave,700,D3_2005,416894,107501.034791614,523.750541132031,576.837743218959,-8.3,
39,Dongge cave,700,D3_2005,416895,107539.482427999,521.125418722571,573.459087438139,-8.72,
39,Dongge cave,700,D3_2005,416896,107575.36338686,519.933498554135,571.388563634944,-8.45,
39,Dongge cave,700,D3_2005,416897,107613.369867619,518.149782001594,570.149348062288,-8.86,
39,Dongge cave,700,D3_2005,416898,107651.347692585,515.751205876033,567.379639868945,-8.6,
39,Dongge cave,700,D3_2005,416899,107689.149821337,515.269495442437,569.526323033599,-8.76,
39,Dongge cave,700,D3_2005,416900,107726.830317672,514.157646915308,571.258667649105,-8.75,
39,Dongge cave,700,D3_2005,416901,107765.606530087,514.205180275778,571.906580762487,-8.45,
39,Dongge cave,700,D3_2005,416902,107801.831551397,514.285737950777,567.074339175888,-8.43,
39,Dongge cave,700,D3_2005,416903,107840.511735613,513.449766532067,567.817825493039,-8.71,
39,Dongge cave,700,D3_2005,416904,107879.349990183,509.986121621885,567.325914370915,-8.72,
39,Dongge cave,700,D3_2005,416905,107917.81138547,508.149154724248,567.96363150001,-9.02,
39,Dongge cave,700,D3_2005,416906,107957.242772662,505.679187165471,570.010442858082,-8.74,
39,Dongge cave,700,D3_2005,416907,107995.326380244,506.296306434204,570.667134760326,-8.96,
39,Dongge cave,700,D3_2005,416908,108033.324095905,505.722781764649,568.924069813598,-8.28,
39,Dongge cave,700,D3_2005,416909,108072.205145,502.925812500034,569.540811068189,-8.6,
39,Dongge cave,700,D3_2005,416910,108110.412358231,501.971497363556,571.498008086899,-8.89,
39,Dongge cave,700,D3_2005,416911,108148.043307726,501.257594189548,572.878941370451,-8.75,
39,Dongge cave,700,D3_2005,416912,108184.541373411,503.976218081094,570.658193409152,-8.28,
39,Dongge cave,700,D3_2005,416913,108222.73434095,501.66406093433,569.542744533144,-8.95,
39,Dongge cave,700,D3_2005,416914,108262.848749131,496.465038514929,572.213952189748,-7.86,
39,Dongge cave,700,D3_2005,416915,108300.855718999,496.746610603601,575.064816411876,-7.92,
39,Dongge cave,700,D3_2005,416916,108339.652008287,493.061306201125,578.160113063161,-8.02,
39,Dongge cave,700,D3_2005,416917,108378.305575648,489.981064370324,578.355949348377,-7.96,
39,Dongge cave,700,D3_2005,416918,108415.907426652,488.010145134962,577.944592398635,-6.7,
39,Dongge cave,700,D3_2005,416919,108491.059039747,484.100851455092,576.779737362027,-7.93,
39,Dongge cave,700,D3_2005,416920,108528.687895067,483.601391006901,576.082466790511,-7.66,
39,Dongge cave,700,D3_2005,416921,108602.456741344,487.159567662398,574.853967731586,-6.16,
39,Dongge cave,700,D3_2005,416922,108639.642240959,486.730334104126,575.634373371518,-5.39,
39,Dongge cave,700,D3_2005,416923,108677.989001358,486.926782604321,578.239745076353,-5.31,
39,Dongge cave,700,D3_2005,416924,108713.77657237,490.980263388032,577.954072091583,-6.13,
39,Dongge cave,114,D3,84416,108734.9494,1370.677791,1460.114538,-8.31,
39,Dongge cave,700,D3_2005,416925,108749.939843635,494.833438919901,573.343618531915,-6.58,
39,Dongge cave,700,D3_2005,416926,108786.181466331,497.112864422175,572.366045270159,-6.62,
39,Dongge cave,700,D3_2005,416927,108822.865284599,495.860480984775,571.112372228425,-6.8,
39,Dongge cave,700,D3_2005,416928,108860.024639634,496.148482213059,570.361208737319,-6.56,
39,Dongge cave,700,D3_2005,416929,108897.370876599,497.685958096903,570.317141776701,-6.68,
39,Dongge cave,700,D3_2005,416930,108934.045329436,500.171654623133,569.52180432147,-6.34,
39,Dongge cave,700,D3_2005,416931,108972.02922477,502.494654984781,569.917612298072,-7.25,
39,Dongge cave,700,D3_2005,416932,109009.692061264,506.402571553001,570.970263874391,-6.56,
39,Dongge cave,700,D3_2005,416933,109047.951644144,511.160284269732,574.03029110581,-6.52,
39,Dongge cave,700,D3_2005,416934,109085.30427483,515.202201585373,573.423240245771,-6.35,
39,Dongge cave,700,D3_2005,416935,109122.40938222,517.239801132731,574.286197380323,-6.59,
39,Dongge cave,700,D3_2005,416936,109158.383690207,522.860759916439,574.665132183931,-6.27,
39,Dongge cave,700,D3_2005,416937,109195.299726765,526.174799607979,576.730249554545,-6.21,
39,Dongge cave,700,D3_2005,416938,109232.524904467,528.829252275144,578.953115692508,-6.27,
39,Dongge cave,700,D3_2005,416939,109270.760070762,533.864924305133,584.370954671831,-6.56,
39,Dongge cave,700,D3_2005,416940,109310.457707965,532.341577792628,589.124352233717,-6.64,
39,Dongge cave,700,D3_2005,416941,109349.276374752,535.181829580033,591.635962459201,-6.54,
39,Dongge cave,700,D3_2005,416942,109386.296821042,542.21628738557,592.846642059769,-6.49,
39,Dongge cave,700,D3_2005,416943,109423.181097903,547.426338540856,592.771781458257,-6.09,
39,Dongge cave,700,D3_2005,416944,109461.010694435,549.912638086156,592.528832650059,-6.47,
39,Dongge cave,700,D3_2005,416945,109499.416322657,550.877651772927,595.761073215501,-6.63,
39,Dongge cave,700,D3_2005,416946,109537.923955087,554.225988937716,599.834007779005,-6.57,
39,Dongge cave,700,D3_2005,416947,109576.486338605,560.122695095662,602.512717554389,-6.29,
39,Dongge cave,700,D3_2005,416948,109614.983135624,562.741261925796,606.745938993859,-6.67,
39,Dongge cave,700,D3_2005,416949,109653.736402597,565.083355705283,611.922712039188,-6.41,
39,Dongge cave,700,D3_2005,416950,109690.211693899,569.80599101368,616.075841495447,-6.76,
39,Dongge cave,700,D3_2005,416951,109729.239261994,572.292487495157,620.758434389776,-6.69,
39,Dongge cave,700,D3_2005,416952,109768.584573337,574.210389537606,625.310029457076,-6.4,
39,Dongge cave,700,D3_2005,416953,109844.050199131,581.073763618973,629.99910011157,-5.94,
39,Dongge cave,700,D3_2005,416954,109883.411108087,582.783709640091,636.019766689715,-6.09,
39,Dongge cave,700,D3_2005,416955,109922.241287886,584.217792984797,638.510747719469,-6.14,
39,Dongge cave,700,D3_2005,416956,109960.195303365,586.759826626236,640.457871923893,-6.11,
39,Dongge cave,700,D3_2005,416957,109996.472804059,591.171881557151,643.417948346818,-6.18,
39,Dongge cave,700,D3_2005,416958,110032.749931981,595.584309259793,645.212908948612,-6.47,
39,Dongge cave,700,D3_2005,416959,110069.862139861,601.405651758861,646.869203358932,-6.22,
39,Dongge cave,700,D3_2005,416960,110106.776688122,603.939481179725,651.543258512917,-6.92,
39,Dongge cave,700,D3_2005,416961,110144.165583277,606.197920931096,650.257629296859,-6.13,
39,Dongge cave,700,D3_2005,416962,110182.568835766,608.212847189192,650.696163951347,-6.12,
39,Dongge cave,700,D3_2005,416963,110221.434947755,611.875574437028,656.38835242379,-5.78,
39,Dongge cave,700,D3_2005,416964,110259.285104142,612.956238703424,661.851731680392,-6.31,
39,Dongge cave,700,D3_2005,416965,110296.78637921,616.625086012631,666.868081788038,-6.11,
39,Dongge cave,700,D3_2005,416966,110334.338700575,618.247626904922,669.350340055709,-5.88,
39,Dongge cave,700,D3_2005,416967,110372.955619797,620.042201153788,675.998864826513,-6.06,
39,Dongge cave,700,D3_2005,416968,110410.91882675,623.325690234458,679.388122723045,-6.22,
39,Dongge cave,700,D3_2005,416969,110450.211872037,626.31593624274,681.048246557504,-6.14,
39,Dongge cave,700,D3_2005,416970,110487.247198314,629.055730938897,682.72233402697,-5.9,
39,Dongge cave,700,D3_2005,416971,110523.753399819,633.871950774788,682.881714468094,-6.14,
39,Dongge cave,114,D3,84417,110549.1822,1923.434031,1885.091043,-6.21,
39,Dongge cave,700,D3_2005,416972,110561.654578613,639.060909037944,685.937549182083,-6.16,
39,Dongge cave,700,D3_2005,416973,110598.15121274,642.81823614749,688.168652387059,-6.07,
39,Dongge cave,700,D3_2005,416974,110635.737775338,648.953519827264,692.329607312655,-5.62,
39,Dongge cave,700,D3_2005,416975,110674.255112872,653.358261775997,697.652211404988,-6.2,
39,Dongge cave,700,D3_2005,416976,110711.162226532,658.313688068083,702.221426290402,-6.05,
39,Dongge cave,700,D3_2005,416977,110938.158678289,676.888209104465,735.097380718347,-6.29,
39,Dongge cave,700,D3_2005,416978,111013.145848379,687.473047210457,741.330699714774,-6.01,
39,Dongge cave,114,D3,84418,111063.366,1843.548367,1804.742034,-6.11,
39,Dongge cave,700,D3_2005,416979,111090.207618906,694.448106133408,752.44743270964,-6.33,
39,Dongge cave,700,D3_2005,416980,111163.547297743,702.650048410243,759.92025544701,-6.22,
39,Dongge cave,700,D3_2005,416981,111237.70111297,714.093321441396,767.350482377471,-6.08,
39,Dongge cave,700,D3_2005,416982,111311.451796023,720.796577383997,774.050335013409,-6.16,
39,Dongge cave,114,D3,84419,111378.3557,1640.952209,1595.115111,-5.9,
39,Dongge cave,700,D3_2005,416983,111385.674663781,728.330581419199,781.129459782896,-6.03,
39,Dongge cave,700,D3_2005,416984,111461.066361881,741.636541109212,793.545623842147,-6.36,
39,Dongge cave,700,D3_2005,416985,111537.422943273,749.143386658572,802.026369941988,-6.41,
39,Dongge cave,700,D3_2005,416986,111583.482765493,749.289376974164,801.753594101014,-6.24,
39,Dongge cave,700,D3_2005,416987,111602.365496316,738.178900778061,794.861450476033,-6.09,
39,Dongge cave,700,D3_2005,416988,111619.419634934,734.973962692049,786.221057883522,-6.34,
39,Dongge cave,700,D3_2005,416989,111636.442943955,727.774716557062,774.029983193715,-5.95,
39,Dongge cave,700,D3_2005,416990,111654.683806275,716.337294463854,762.623075720257,-6.23,
39,Dongge cave,700,D3_2005,416991,111671.296752511,710.521187302176,752.994470663427,-6.17,
39,Dongge cave,700,D3_2005,416992,111689.29432282,699.467493966644,739.210147717225,-6.08,
39,Dongge cave,114,D3,84420,111705.4405,1427.144262,1418.049298,-5.84,
39,Dongge cave,700,D3_2005,416993,111708.916193532,689.441081112469,728.770359851696,-6.1,
39,Dongge cave,700,D3_2005,416994,111727.171256975,678.032867746122,716.671269219951,-5.93,
39,Dongge cave,700,D3_2005,416995,111741.59848963,667.570942466496,705.161749525229,-6.15,
39,Dongge cave,700,D3_2005,416996,111761.271421666,654.04151763198,697.52468567004,-6.19,
39,Dongge cave,700,D3_2005,416997,111775.828621326,645.551970340413,685.30363441963,-5.93,
39,Dongge cave,700,D3_2005,416998,111791.6214423,639.588993064594,678.08927110376,-5.5,
39,Dongge cave,700,D3_2005,416999,111807.742425314,634.530328380875,668.265481876093,-5.64,
39,Dongge cave,700,D3_2005,417000,111825.428993929,628.047593429743,660.517852328732,-5.9,
39,Dongge cave,700,D3_2005,417001,111841.323061401,620.978801482983,650.378897841467,-5.73,
39,Dongge cave,700,D3_2005,417002,111855.791311456,617.069116933038,643.334203776874,-6.47,
39,Dongge cave,700,D3_2005,417003,111871.23696903,607.283009713879,630.85905530474,-6.12,
39,Dongge cave,700,D3_2005,417004,111888.35074725,598.083508453157,623.893664297197,-5.89,
39,Dongge cave,700,D3_2005,417005,111905.507734849,587.18772703789,617.184998014767,-5.98,
39,Dongge cave,700,D3_2005,417006,111922.447906429,578.890079653778,616.292725081163,-5.97,
39,Dongge cave,700,D3_2005,417007,111940.718255209,570.571960200163,618.102673500005,-6.02,
39,Dongge cave,700,D3_2005,417008,111959.42723902,563.11563715263,613.205176307092,-6.53,
39,Dongge cave,700,D3_2005,417009,111977.122371158,559.697205454577,603.148865267867,-6.44,
39,Dongge cave,700,D3_2005,417010,111994.078124973,556.332288351725,589.949048442068,-5.67,
39,Dongge cave,700,D3_2005,417011,112010.425526589,553.478757454679,580.469617785551,-5.95,
39,Dongge cave,114,D3,84421,112024.1835,1223.349061,1202.710611,-5.68,
39,Dongge cave,700,D3_2005,417012,112028.191482045,550.388643013081,575.644003201189,-5.95,
39,Dongge cave,700,D3_2005,417013,112044.973046972,552.101781923033,566.088591662905,-5.8,
39,Dongge cave,700,D3_2005,417014,112063.875628982,543.14475560491,566.492606952626,-6.28,
39,Dongge cave,700,D3_2005,417015,112082.628748855,538.464238888933,557.636720088951,-6.19,
39,Dongge cave,700,D3_2005,417016,112101.500900567,535.291674639127,558.999969141689,-6.16,
39,Dongge cave,700,D3_2005,417017,112119.01737172,537.482543569859,553.684635217374,-6.02,
39,Dongge cave,700,D3_2005,417018,112135.705338112,535.489622534311,547.592823000843,-5.93,
39,Dongge cave,700,D3_2005,417019,112153.873302123,528.904885475087,546.807975792792,-5.86,
39,Dongge cave,700,D3_2005,417020,112170.564395273,526.641138151084,543.271664764412,-6.11,
39,Dongge cave,700,D3_2005,417021,112186.059055131,526.287084678028,542.505397625602,-5.99,
39,Dongge cave,700,D3_2005,417022,112203.38818397,524.260230951011,544.574805923548,-5.91,
39,Dongge cave,700,D3_2005,417023,112221.082910435,515.139202259888,550.083305717708,-6.05,
39,Dongge cave,700,D3_2005,417024,112239.641925577,511.288737830502,549.897611834196,-6.11,
39,Dongge cave,700,D3_2005,417025,112257.12300574,505.157344326333,548.153393592002,-5.95,
39,Dongge cave,700,D3_2005,417026,112276.425209151,497.849549081773,546.229692840352,-5.89,
39,Dongge cave,700,D3_2005,417027,112293.857550996,498.943808454089,545.266900980248,-5.89,
39,Dongge cave,700,D3_2005,417028,112308.158829388,499.221553318537,534.462510598183,-5.59,
39,Dongge cave,700,D3_2005,417029,112323.618573333,498.529695543941,527.623169159182,-5.87,
39,Dongge cave,114,D3,84422,112337.3534,1027.573137,1000.54485,-5.96,
39,Dongge cave,700,D3_2005,417030,112340.026477575,498.288239000743,531.661811999147,-5.86,
39,Dongge cave,700,D3_2005,417031,112354.669550831,500.169680937222,526.621811569174,-6.07,
39,Dongge cave,700,D3_2005,417032,112371.930041182,500.983923934065,532.491286849414,-6.05,
39,Dongge cave,700,D3_2005,417033,112388.520415957,499.694745801171,535.31374483055,-5.95,
39,Dongge cave,700,D3_2005,417034,112407.333318481,496.844885157145,539.413338128506,-5.97,
39,Dongge cave,700,D3_2005,417035,112426.28981917,498.982541424717,536.704447648634,-5.83,
39,Dongge cave,700,D3_2005,417036,112442.089623769,500.82558398915,541.100985907789,-5.91,
39,Dongge cave,700,D3_2005,417037,112459.779927734,501.380503659777,546.893160894804,-5.93,
39,Dongge cave,700,D3_2005,417038,112478.810480942,506.025602038004,550.407670684188,-5.92,
39,Dongge cave,700,D3_2005,417039,112495.612499465,510.577761744396,554.524634170637,-6.02,
39,Dongge cave,700,D3_2005,417040,112513.257507846,512.410907746496,559.640008996139,-5.56,
39,Dongge cave,700,D3_2005,417041,112529.150827227,517.871627283588,562.509116665431,-5.81,
39,Dongge cave,700,D3_2005,417042,112548.505281546,521.922856648933,570.492181868758,-5.85,
39,Dongge cave,700,D3_2005,417043,112564.741846965,525.355365413867,571.795414705557,-5.93,
39,Dongge cave,700,D3_2005,417044,112580.321231881,529.585979633499,572.305439751726,-5.8,
39,Dongge cave,700,D3_2005,417045,112598.123782145,534.726609368183,570.036650036956,-5.73,
39,Dongge cave,700,D3_2005,417046,112614.634491439,538.904071497527,581.397654399421,-5.4,
39,Dongge cave,700,D3_2005,417047,112633.808089346,544.79960563936,587.681801595987,-5.73,
39,Dongge cave,700,D3_2005,417048,112651.743764387,550.9658673253,596.571120807115,-5.84,
39,Dongge cave,114,D3,84423,112656.6611,864.4721942,829.2334457,-5.89,
39,Dongge cave,700,D3_2005,417049,112668.102894508,558.979126783641,602.878793433236,-5.95,
39,Dongge cave,700,D3_2005,417050,112687.716260068,560.071304686804,611.003422753565,-5.82,
39,Dongge cave,700,D3_2005,417051,112704.911144434,569.459933678299,622.213381024078,-5.75,
39,Dongge cave,700,D3_2005,417052,112723.133754379,577.199523596923,629.209207966967,-5.84,
39,Dongge cave,700,D3_2005,417053,112739.097827856,589.80344274138,633.270037787966,-5.68,
39,Dongge cave,700,D3_2005,417054,112755.428681782,594.641736982536,639.543259410988,-5.5,
39,Dongge cave,700,D3_2005,417055,112771.060522519,602.174325687069,646.063524725454,-5.79,
39,Dongge cave,700,D3_2005,417056,112789.174060063,612.459570399806,654.51186480606,-5.71,
39,Dongge cave,700,D3_2005,417057,112803.285928656,622.63654181856,659.600569676928,-5.6,
39,Dongge cave,700,D3_2005,417058,112819.863548577,635.811191918474,665.979329112481,-5.62,
39,Dongge cave,700,D3_2005,417059,112844.665691615,633.553907691326,659.699055116522,-5.58,
39,Dongge cave,700,D3_2005,417060,112879.673316458,617.363595394039,649.8409859846,-5.62,
39,Dongge cave,700,D3_2005,417061,112911.252988797,605.227984171273,637.588526719715,-5.41,
39,Dongge cave,700,D3_2005,417062,112944.097354298,598.710326589484,622.334453137475,-5.26,
39,Dongge cave,114,D3,84424,112977.6519,713.5952862,663.7274296,-5.57,
39,Dongge cave,700,D3_2005,417063,112978.998282741,588.91855323239,611.466836896609,-5.55,
39,Dongge cave,700,D3_2005,417064,113008.782993515,579.889440174738,599.961816784315,-5.48,
39,Dongge cave,700,D3_2005,417065,113042.329872659,566.010662077912,586.13923500682,-5.67,
39,Dongge cave,700,D3_2005,417066,113076.229535701,553.586267070234,578.72005982406,-5.56,
39,Dongge cave,700,D3_2005,417067,113108.124424288,540.951672692376,562.107821761427,-5.62,
39,Dongge cave,700,D3_2005,417068,113143.480877256,533.011405831145,555.18999054411,-5.65,
39,Dongge cave,700,D3_2005,417069,113174.786883989,527.826614126723,546.534152038847,-5.72,
39,Dongge cave,700,D3_2005,417070,113203.402969335,515.408420447173,534.818414886409,-5.42,
39,Dongge cave,700,D3_2005,417071,113236.52150459,510.340563211983,530.869219977714,-5.69,
39,Dongge cave,700,D3_2005,417072,113269.290619176,502.351239640135,525.891545991268,-5.5,
39,Dongge cave,114,D3,84425,113297.4126,578.2841932,541.329419,-5.58,
39,Dongge cave,700,D3_2005,417073,113303.384990785,499.809987381042,520.935088814818,-5.71,
39,Dongge cave,115,D4_2004,84951,113313.8755,691.3013113,780.14472,-5.63,
39,Dongge cave,700,D3_2005,417074,113335.541329827,496.011287127651,508.046269287923,-5.64,
39,Dongge cave,700,D3_2005,417075,113367.115380069,489.692243768397,501.151942046243,-5.65,
39,Dongge cave,700,D3_2005,417076,113397.641051244,498.000049167356,492.678691986235,-5.53,
39,Dongge cave,700,D3_2005,417077,113431.4501221,493.240026111511,485.357193144097,-5.69,
39,Dongge cave,115,D4_2004,84952,113461.4572,624.3751195,693.6463295,-5.67,
39,Dongge cave,700,D3_2005,417078,113461.689258895,489.022783268927,481.075607386563,-5.4,
39,Dongge cave,700,D3_2005,417079,113494.699209684,486.696292850364,481.779393987381,-5.58,
39,Dongge cave,700,D3_2005,417080,113527.538683307,488.398182876816,478.777644904476,-5.46,
39,Dongge cave,700,D3_2005,417081,113558.892556003,484.260809081898,469.663455246249,-5.23,
39,Dongge cave,700,D3_2005,417082,113595.53062809,478.69693481682,472.06456405262,-5.34,
39,Dongge cave,115,D4_2004,84953,113605.6187,563.0597983,587.7566245,-5.48,
39,Dongge cave,114,D3,84426,113624.7784,505.8223307,469.1557024,-4.98,
39,Dongge cave,700,D3_2005,417083,113627.499190746,483.755427322976,469.647317692201,-5.51,
39,Dongge cave,700,D3_2005,417084,113691.403625766,488.88358811097,471.395097688568,-5.25,
39,Dongge cave,700,D3_2005,417085,113723.964377458,492.863176271087,480.342868105174,-5.51,
39,Dongge cave,115,D4_2004,84954,113749.4487,513.9567225,529.6862485,-5.36,
39,Dongge cave,700,D3_2005,417086,113760.685074103,491.386519321997,489.367068644846,-5.56,
39,Dongge cave,700,D3_2005,417087,113793.174846674,495.010007396544,493.716876491264,-5.42,
39,Dongge cave,700,D3_2005,417088,113827.048950499,498.989459122109,502.079563693493,-5.13,
39,Dongge cave,700,D3_2005,417089,113859.169063127,503.463134220379,510.124694637285,-5.22,
39,Dongge cave,700,D3_2005,417090,113893.409773117,503.87823929888,515.767633305266,-5.6,
39,Dongge cave,115,D4_2004,84955,113894.0727,474.7916865,486.3409356,-5.44,
39,Dongge cave,700,D3_2005,417091,113930.985396739,506.105820234428,523.428060191683,-5.42,
39,Dongge cave,700,D3_2005,417092,113962.324170435,510.87809383987,533.598517232866,-5.54,
39,Dongge cave,700,D3_2005,417093,113991.225311297,523.064209468357,535.182323947593,-5.42,
39,Dongge cave,700,D3_2005,417094,114024.444591884,532.935640523705,538.79134754093,-5.37,
39,Dongge cave,115,D4_2004,84956,114039.4534,476.1466416,483.2882466,-5.85,
39,Dongge cave,114,D3,84427,114042.3283,478.3068483,469.6169884,-5.5,
39,Dongge cave,700,D3_2005,417095,114058.725027377,541.859361258015,543.652041586829,-5.62,
39,Dongge cave,700,D3_2005,417096,114090.290238219,554.435309570486,551.281234768321,-5.63,
39,Dongge cave,700,D3_2005,417097,114120.703479143,570.977138989256,559.63407539035,-5.64,
39,Dongge cave,700,D3_2005,417098,114154.047678381,584.213478656908,567.313360489541,-5.44,
39,Dongge cave,115,D4_2004,84957,114182.9248,512.2884936,509.0915602,-4.83,
39,Dongge cave,700,D3_2005,417099,114183.57088323,602.887489191591,571.292446875537,-5.65,
39,Dongge cave,700,D3_2005,417100,114219.103345364,612.994239026739,588.315533950255,-5.66,
39,Dongge cave,700,D3_2005,417101,114250.592889062,627.775337313156,603.124531796217,-5.48,
39,Dongge cave,700,D3_2005,417102,114281.812328737,640.360193503118,612.074388479479,-5.66,
39,Dongge cave,700,D3_2005,417103,114313.570673155,651.576356990583,621.825754690755,-5.57,
39,Dongge cave,115,D4_2004,84958,114334.1456,554.3761343,567.2304816,-4.53,
39,Dongge cave,700,D3_2005,417104,114345.939495073,661.488209976902,630.865759585475,-5.59,
39,Dongge cave,700,D3_2005,417105,114377.54341777,681.865931068591,638.982535208153,-5.67,
39,Dongge cave,700,D3_2005,417106,114409.572711456,698.402374258527,646.673338279026,-5.44,
39,Dongge cave,700,D3_2005,417107,114442.245449941,712.950559996782,660.431254694151,-5.4,
39,Dongge cave,700,D3_2005,417108,114472.417539562,729.45400982257,670.969311313456,-5.38,
39,Dongge cave,700,D3_2005,417109,114548.823978953,710.096571750444,655.309533185937,-5.49,
39,Dongge cave,700,D3_2005,417110,114624.578259581,677.767238014902,632.921002713221,-5.04,
39,Dongge cave,700,D3_2005,417111,114698.721035926,656.047034905801,606.942562704382,-5.52,
39,Dongge cave,700,D3_2005,417112,114772.14679529,634.003260511789,582.307470334403,-5.14,
39,Dongge cave,700,D3_2005,417113,114848.292512229,611.478856322414,558.945627328547,-5.25,
39,Dongge cave,114,D3,84428,114910.9355,385.5326872,371.5606125,-4.88,
39,Dongge cave,700,D3_2005,417114,114924.539245803,596.356019867366,543.747528935724,-4.86,
39,Dongge cave,700,D3_2005,417115,114999.260339532,578.633605156472,522.686768690852,-4.89,
39,Dongge cave,700,D3_2005,417116,115073.712550136,569.682902789529,507.510434445066,-5.03,
39,Dongge cave,700,D3_2005,417117,115145.576238708,561.007405111275,495.235195258632,-5.34,
39,Dongge cave,114,D3,84429,115200.9859,357.2008979,346.1369916,-4.92,
39,Dongge cave,700,D3_2005,417118,115221.715947356,544.02423483337,490.746087793435,-5.47,
39,Dongge cave,700,D3_2005,417119,115302.672423725,527.573336037633,497.211726432783,-5.23,
39,Dongge cave,700,D3_2005,417120,115378.596004542,514.912996162893,497.361240947663,-5.15,
39,Dongge cave,700,D3_2005,417121,115455.757934749,505.104050674185,488.740141945033,-4.71,
39,Dongge cave,700,D3_2005,417122,115536.221165372,485.735129872832,499.874345374497,-4.99,
39,Dongge cave,700,D3_2005,417123,115609.268772312,486.68373191281,507.475845547757,-4.83,
39,Dongge cave,115,D4_2004,84959,115645.2207,502.3032521,497.41885,-5.41,
39,Dongge cave,700,D3_2005,417124,115688.455092056,479.779924473478,521.149255476063,-5.01,
39,Dongge cave,700,D3_2005,417125,115761.620284014,485.646504906719,526.351009922422,-5.06,
39,Dongge cave,114,D3,84430,115782.4786,319.3532946,323.6983425,-5.6,
39,Dongge cave,700,D3_2005,417126,115802.173452498,487.67573479806,531.27322365329,-5.06,
39,Dongge cave,700,D3_2005,417127,115839.267573714,493.385998289028,536.43825245733,-5.29,
39,Dongge cave,700,D3_2005,417128,115874.902296676,499.268752609714,537.394862595553,-5.33,
39,Dongge cave,700,D3_2005,417129,115911.312198925,508.858280755929,544.711792871123,-5.21,
39,Dongge cave,700,D3_2005,417130,115951.489269707,509.998188491634,546.010096879283,-5.37,
39,Dongge cave,700,D3_2005,417131,115991.420421043,517.961466537396,557.460374855014,-5.13,
39,Dongge cave,700,D3_2005,417132,116031.205543618,523.568270279327,568.189342896294,-5.33,
39,Dongge cave,700,D3_2005,417133,116068.730836209,526.595963596614,572.243958396648,-5.06,
39,Dongge cave,700,D3_2005,417134,116141.490080647,546.992251264397,582.988482572313,-5.44,
39,Dongge cave,700,D3_2005,417135,116214.772334176,561.894880017368,600.524456016166,-5.28,
39,Dongge cave,700,D3_2005,417136,116292.240688434,572.049436543617,616.883205589722,-5.3,
39,Dongge cave,700,D3_2005,417137,116366.76968802,588.805474365276,635.405383232064,-5.18,
39,Dongge cave,700,D3_2005,417138,116443.292768716,608.644479179638,664.34206416356,-5.09,
39,Dongge cave,700,D3_2005,417139,116521.313776994,624.495773292205,679.419431698829,-5.07,
39,Dongge cave,700,D3_2005,417140,116594.964906876,654.44729633363,696.237159770288,-5.3,
39,Dongge cave,114,D3,84431,116653.306,310.9563309,327.9474942,-5.48,
39,Dongge cave,700,D3_2005,417141,116671.71808916,681.616490279339,716.859175561054,-5.37,
39,Dongge cave,700,D3_2005,417142,116747.381692033,699.469591595553,749.487013656486,-5.38,
39,Dongge cave,700,D3_2005,417143,116851.857263332,664.896088033856,670.42908070462,-5.33,
39,Dongge cave,115,D4_2004,84960,116953.9008,439.6092409,440.7368076,-4.87,
39,Dongge cave,700,D3_2005,417144,116965.811996052,619.593737802963,620.750606655391,-5.29,
39,Dongge cave,700,D3_2005,417145,117082.8203917,580.80691605591,577.395781241707,-5,
39,Dongge cave,700,D3_2005,417146,117199.153682643,558.176384566643,554.129806118101,-5.17,
39,Dongge cave,700,D3_2005,417147,117312.846972971,543.694647390686,552.667943392531,-4.76,
39,Dongge cave,700,D3_2005,417148,117431.289986317,549.944636112879,548.058466911651,-5.13,
39,Dongge cave,114,D3,84432,117538.2207,330.5652695,386.4769796,-5.63,
39,Dongge cave,700,D3_2005,417149,117552.95038036,559.90848725375,583.790560429639,-5.14,
39,Dongge cave,700,D3_2005,417150,117663.893638526,586.913642319385,614.222891344485,-5.42,
39,Dongge cave,700,D3_2005,417151,117733.544213558,599.669340699154,635.530729480641,-5.67,
39,Dongge cave,700,D3_2005,417152,117751.916572671,592.522084595475,627.388389991742,-5.98,
39,Dongge cave,700,D3_2005,417153,117770.938684769,584.991980300038,613.895840628335,-5.51,
39,Dongge cave,700,D3_2005,417154,117787.281321194,585.002598200648,601.97718624823,-5.84,
39,Dongge cave,700,D3_2005,417155,117808.933246184,568.676559638712,595.510958967468,-5.41,
39,Dongge cave,700,D3_2005,417156,117828.788053658,567.182951231021,581.917400397637,-5.98,
39,Dongge cave,700,D3_2005,417157,117848.639604083,562.169959509003,568.906051154539,-5.97,
39,Dongge cave,700,D3_2005,417158,117871.269142384,554.802286646503,557.073689103054,-6,
39,Dongge cave,700,D3_2005,417159,117893.768939846,547.082836024507,551.22257204655,-6.22,
39,Dongge cave,700,D3_2005,417160,117915.846179172,544.501272895039,544.138635020267,-5.78,
39,Dongge cave,700,D3_2005,417161,117937.499370562,540.7268941285,539.336444833811,-5.85,
39,Dongge cave,700,D3_2005,417162,117961.411215437,527.926937463475,529.032245858994,-5.74,
39,Dongge cave,114,D3,84433,117967.0805,375.4275068,409.8691651,-5.76,
39,Dongge cave,700,D3_2005,417163,117983.931467563,526.118251644599,523.881106891538,-5.62,
39,Dongge cave,700,D3_2005,417164,118005.140863418,522.808484845053,522.75661368719,-5.79,
39,Dongge cave,700,D3_2005,417165,118024.787172013,520.090078052745,517.875101650614,-5.58,
39,Dongge cave,700,D3_2005,417166,118042.869481563,520.000508238678,511.68075913316,-5.82,
39,Dongge cave,700,D3_2005,417167,118064.698798817,516.338017271351,507.240870137495,-5.81,
39,Dongge cave,700,D3_2005,417168,118086.652394841,509.742520123807,501.091820295624,-5.38,
39,Dongge cave,700,D3_2005,417169,118110.049956519,504.667809685037,501.014381862129,-5.8,
39,Dongge cave,700,D3_2005,417170,118132.170827294,502.399312042602,501.580352231482,-5.74,
39,Dongge cave,114,D3,84434,118149.3823,373.7200537,403.3845574,-3.2,
39,Dongge cave,700,D3_2005,417171,118153.028572998,501.824587250288,498.40981219025,-5.6,
39,Dongge cave,700,D3_2005,417172,118171.158806002,504.116211548826,494.955767397085,-5.55,
39,Dongge cave,700,D3_2005,417173,118191.651251531,515.498854658013,499.330533539716,-5.7,
39,Dongge cave,700,D3_2005,417174,118216.445749731,513.824889704338,509.128608036379,-5.96,
39,Dongge cave,114,D3,84435,118244.7968,351.0947667,385.883373,-5.75,
39,Dongge cave,700,D3_2005,417175,118248.884586138,514.901054873699,512.755171929006,-6.05,
39,Dongge cave,115,D4_2004,84961,118259.6195,410.3360908,406.5667394,-5.22,
39,Dongge cave,700,D3_2005,417176,118270.291736499,523.234105176598,511.875027179034,-5.86,
39,Dongge cave,700,D3_2005,417177,118287.021684461,527.457346170879,505.533354597341,-5.98,
39,Dongge cave,114,D3,84436,118333.7921,336.1280741,368.9215007,-5.06,
39,Dongge cave,114,D3,84437,118522.9096,310.8159814,340.543355,-5.4,
39,Dongge cave,700,D3_2005,417178,118655.188320266,645.526718819267,626.729371482914,-6,
39,Dongge cave,700,D3_2005,417179,118676.011713341,659.304296241622,630.250528061806,-5.8,
39,Dongge cave,700,D3_2005,417180,118699.003797965,674.384386264981,643.252237577442,-5.68,
39,Dongge cave,114,D3,84438,118702.5206,318.1034788,322.1892716,-5.94,
39,Dongge cave,700,D3_2005,417181,118717.87138368,691.422133224667,652.8184945104,-5.81,
39,Dongge cave,700,D3_2005,417182,118738.032901489,702.369173184488,661.590602683296,-5.87,
39,Dongge cave,700,D3_2005,417183,118755.655627706,716.140506527066,668.299451931336,-5.97,
39,Dongge cave,700,D3_2005,417184,118772.815517826,734.652815168651,675.322228805206,-6.13,
39,Dongge cave,700,D3_2005,417185,118792.58954363,750.552996790357,686.669102450309,-6.03,
39,Dongge cave,700,D3_2005,417186,118811.819870042,760.791276697899,696.963728244809,-5.79,
39,Dongge cave,700,D3_2005,417187,118831.023747611,769.617045306659,704.848839276732,-5.68,
39,Dongge cave,700,D3_2005,417188,118849.721995701,786.315980388405,711.00671864496,-5.87,
39,Dongge cave,700,D3_2005,417189,118870.551868039,798.969627790095,722.250778306348,-5.83,
39,Dongge cave,114,D3,84439,118888.8646,325.275301,334.123058,-5.75,
39,Dongge cave,700,D3_2005,417190,118889.857167607,801.123092833703,726.279230763233,-5.91,
39,Dongge cave,700,D3_2005,417191,118907.86752464,793.087708316467,717.826608975607,-5.87,
39,Dongge cave,700,D3_2005,417192,118925.665618393,784.949511112442,711.631175955321,-5.98,
39,Dongge cave,700,D3_2005,417193,118962.110398425,765.253896334092,689.429297285096,-6.07,
39,Dongge cave,700,D3_2005,417194,118979.46316254,756.231656233722,681.871272089804,-6.11,
39,Dongge cave,700,D3_2005,417195,118993.185352595,754.85004688632,671.730003240475,-6.22,
39,Dongge cave,700,D3_2005,417196,119007.627779402,751.364558900226,661.608468659062,-5.92,
39,Dongge cave,700,D3_2005,417197,119027.285654515,743.742316060598,655.604079037541,-6.03,
39,Dongge cave,700,D3_2005,417198,119046.993136134,731.67915654328,652.527418747006,-6.04,
39,Dongge cave,700,D3_2005,417199,119064.391089656,723.845620398468,642.492161501126,-6.06,
39,Dongge cave,114,D3,84440,119072.3078,352.4377644,359.4332469,-6.32,
39,Dongge cave,700,D3_2005,417200,119099.774094029,707.222170346271,632.735431778958,-6.04,
39,Dongge cave,700,D3_2005,417201,119118.204736557,700.134406651341,622.310911552195,-6.05,
39,Dongge cave,700,D3_2005,417202,119138.756140761,691.902450472466,621.941289338443,-6.13,
39,Dongge cave,700,D3_2005,417203,119155.570457271,687.588150931231,611.501489117523,-5.83,
39,Dongge cave,700,D3_2005,417204,119174.489915844,679.93726223764,607.427251375571,-6.36,
39,Dongge cave,700,D3_2005,417205,119193.06591876,672.475620597514,601.842412066733,-6.11,
39,Dongge cave,700,D3_2005,417206,119212.415351696,672.370421560074,596.450714718565,-6.11,
39,Dongge cave,700,D3_2005,417207,119231.085369705,668.671560779112,593.308696415901,-6.28,
39,Dongge cave,700,D3_2005,417208,119250.540575403,657.218814857013,585.924430552259,-6.1,
39,Dongge cave,114,D3,84441,119260.404,387.7924847,405.6555328,-5.94,
39,Dongge cave,700,D3_2005,417209,119269.732552417,651.159833251353,582.493738394565,-5.99,
39,Dongge cave,700,D3_2005,417210,119289.729054068,637.478849166859,576.190732573072,-5.89,
39,Dongge cave,700,D3_2005,417211,119310.091743146,632.541303554128,575.895636708359,-6.15,
39,Dongge cave,700,D3_2005,417212,119330.995224065,627.235269563505,575.538058073973,-6.31,
39,Dongge cave,700,D3_2005,417213,119350.616422898,619.045337700867,568.786400534023,-6.46,
39,Dongge cave,700,D3_2005,417214,119372.138492968,608.699651874151,572.468815293338,-6.5,
39,Dongge cave,700,D3_2005,417215,119393.717032573,600.482850343978,577.032006016059,-6.34,
39,Dongge cave,700,D3_2005,417216,119411.671820985,599.817389622141,573.678823984766,-6.35,
39,Dongge cave,700,D3_2005,417217,119427.966884319,599.783859530726,567.705638052124,-6.2,
39,Dongge cave,114,D3,84442,119446.2115,447.428005,447.6129338,-6.27,
39,Dongge cave,700,D3_2005,417218,119446.961824826,589.027931284989,562.911037107129,-6,
39,Dongge cave,700,D3_2005,417219,119465.660805156,590.789491645453,559.677142370288,-6.2,
39,Dongge cave,700,D3_2005,417220,119482.609651275,587.98788592004,554.717608616542,-6.45,
39,Dongge cave,700,D3_2005,417221,119500.422583265,585.411022183558,549.920010703761,-6.26,
39,Dongge cave,700,D3_2005,417222,119519.084766618,581.721907305997,546.686721479709,-6.04,
39,Dongge cave,700,D3_2005,417223,119540.51970754,571.733233405015,552.620615636741,-6.38,
39,Dongge cave,700,D3_2005,417224,119558.914879362,570.280869134935,553.743021973336,-6.4,
39,Dongge cave,115,D4_2004,84962,119565.9259,413.078624,399.2615207,-6.46,
39,Dongge cave,700,D3_2005,417225,119578.45149058,568.520513212745,553.858614041033,-6.3,
39,Dongge cave,700,D3_2005,417226,119594.271144645,571.044170372348,550.709677203937,-6.34,
39,Dongge cave,700,D3_2005,417227,119611.586635586,568.248047005458,548.450750523552,-6.26,
39,Dongge cave,700,D3_2005,417228,119631.426266733,566.096129050755,548.153854010932,-6.49,
39,Dongge cave,700,D3_2005,417229,119650.101510934,566.171807602164,548.510307067714,-6.62,
39,Dongge cave,114,D3,84443,119659.323,487.6129316,488.680024,-6.84,
39,Dongge cave,700,D3_2005,417230,119666.383592246,563.507975569926,549.295241547123,-6.45,
39,Dongge cave,700,D3_2005,417231,119684.005874991,559.649418784364,550.965596051305,-6.28,
39,Dongge cave,700,D3_2005,417232,119726.319196421,554.453514970199,558.46654936808,-6.47,
39,Dongge cave,700,D3_2005,417233,119734.274019537,557.456072435743,559.250715874849,-6.41,
39,Dongge cave,700,D3_2005,417234,119744.182902282,554.66970464302,558.42984544154,-6.06,
39,Dongge cave,700,D3_2005,417235,119753.993737106,555.953698255791,560.584424808607,-6.46,
39,Dongge cave,700,D3_2005,417236,119763.349931441,557.310226924907,561.077086334597,-6.47,
39,Dongge cave,700,D3_2005,417237,119772.122736598,560.550175511904,562.096637112423,-6.05,
39,Dongge cave,700,D3_2005,417238,119782.75718922,559.011229376512,566.196066828532,-6.2,
39,Dongge cave,700,D3_2005,417239,119792.446739996,557.128396815257,571.284444261953,-6.24,
39,Dongge cave,700,D3_2005,417240,119803.304294525,553.775347945877,576.657312474883,-6.43,
39,Dongge cave,700,D3_2005,417241,119812.390230017,554.554675007268,576.657425480618,-6.47,
39,Dongge cave,700,D3_2005,417242,119821.668556953,555.81634970571,574.486361247953,-6.57,
39,Dongge cave,700,D3_2005,417243,119832.703378227,556.146049021219,578.339286705537,-6.59,
39,Dongge cave,700,D3_2005,417244,119841.79853512,555.811671971678,585.244807685027,-6.31,
39,Dongge cave,700,D3_2005,417245,119851.062802745,557.832976174119,585.540829681937,-6.61,
39,Dongge cave,700,D3_2005,417246,119859.661813839,558.16852403419,585.948368288635,-6.6,
39,Dongge cave,700,D3_2005,417247,119867.450460882,558.145416296145,585.933338171133,-6.2,
39,Dongge cave,700,D3_2005,417248,119876.46433014,561.005213726923,586.228272638313,-6.22,
39,Dongge cave,700,D3_2005,417249,119884.712262324,566.701552045444,586.947281238026,-6.41,
39,Dongge cave,700,D3_2005,417250,119894.996205516,568.289599747179,587.857606740828,-6.79,
39,Dongge cave,700,D3_2005,417251,119903.699530107,570.469962605581,589.070642237915,-6.39,
39,Dongge cave,700,D3_2005,417252,119922.643339958,571.640245347357,590.793273409872,-6.45,
39,Dongge cave,700,D3_2005,417253,119930.763344515,575.232159681225,592.420166198572,-6.75,
39,Dongge cave,700,D3_2005,417254,119940.117727479,578.65883180633,594.530145725701,-6.39,
39,Dongge cave,700,D3_2005,417255,119949.340327508,581.878090031445,598.892676403964,-6.75,
39,Dongge cave,700,D3_2005,417256,119959.205509518,584.975672837245,602.99828055127,-6.62,
39,Dongge cave,700,D3_2005,417257,119966.632377759,588.126447497852,604.176900934341,-6.7,
39,Dongge cave,700,D3_2005,417258,119976.817839637,588.125516034241,605.767900383216,-6.54,
39,Dongge cave,700,D3_2005,417259,119985.412385364,587.366647464194,606.378320539836,-6.66,
39,Dongge cave,700,D3_2005,417260,119996.033235454,584.734090625803,611.447264160393,-6.89,
39,Dongge cave,114,D3,84444,120003.0565,417.2912484,429.0317289,-8.2,
39,Dongge cave,700,D3_2005,417261,120004.006255739,587.392995052782,611.704146974924,-6.63,
39,Dongge cave,700,D3_2005,417262,120012.928708648,591.190755376898,615.869974788133,-6.58,
39,Dongge cave,700,D3_2005,417263,120021.338475352,594.515780776521,614.569097533065,-6.91,
39,Dongge cave,700,D3_2005,417264,120031.07864746,593.714252683625,617.46267293772,-6.68,
39,Dongge cave,700,D3_2005,417265,120040.525169159,595.266860210089,622.271642057676,-6.51,
39,Dongge cave,700,D3_2005,417266,120060.366907964,598.620192198621,633.084019855873,-6.74,
39,Dongge cave,700,D3_2005,417267,120067.264876467,602.368219921191,634.098874176168,-6.78,
39,Dongge cave,700,D3_2005,417268,120076.38836263,603.968690591937,637.241836401736,-6.54,
39,Dongge cave,700,D3_2005,417269,120085.440247722,607.236516952791,638.964880745829,-6.46,
39,Dongge cave,700,D3_2005,417270,120094.638065099,607.248888685746,640.784747845755,-6.36,
39,Dongge cave,700,D3_2005,417271,120103.337290768,610.210955354312,642.907798206026,-6.3,
39,Dongge cave,700,D3_2005,417272,120113.779066094,610.627542343747,647.838288570725,-6.53,
39,Dongge cave,700,D3_2005,417273,120121.847565884,614.613963550815,652.995366977615,-6.56,
39,Dongge cave,700,D3_2005,417274,120140.405627376,619.178474749584,660.578318644737,-7.82,
39,Dongge cave,700,D3_2005,417275,120149.856742895,621.278291469469,663.651503458677,-6.57,
39,Dongge cave,700,D3_2005,417276,120159.457518282,623.96708806981,666.014321401424,-6.76,
39,Dongge cave,700,D3_2005,417277,120169.118594326,627.510552076332,669.700895601476,-6.6,
39,Dongge cave,700,D3_2005,417278,120178.279991386,630.032029972092,674.20898418111,-6.55,
39,Dongge cave,700,D3_2005,417279,120186.385902426,634.266715820588,675.404723896281,-6.48,
39,Dongge cave,700,D3_2005,417280,120194.793068003,636.421945090886,677.611505551744,-6.55,
39,Dongge cave,700,D3_2005,417281,120206.675268179,638.070234660292,683.358585435664,-6.63,
39,Dongge cave,700,D3_2005,417282,120217.084870582,639.972420210441,687.305519564819,-6.66,
39,Dongge cave,700,D3_2005,417283,120225.747124901,644.867542864609,688.45774540311,-6.54,
39,Dongge cave,700,D3_2005,417284,120233.960014728,651.2326810128,691.055149164997,-6.29,
39,Dongge cave,700,D3_2005,417285,120243.725668926,651.777653712474,695.900960120678,-6.52,
39,Dongge cave,700,D3_2005,417286,120251.78454967,656.221183901333,698.895149893273,-6.5,
39,Dongge cave,700,D3_2005,417287,120260.741205482,659.509655849426,701.585351268746,-6.59,
39,Dongge cave,700,D3_2005,417288,120272.313735685,657.125429235864,706.928004915622,-6.67,
39,Dongge cave,700,D3_2005,417289,120280.525933374,660.477887907007,709.521088330483,-6.46,
39,Dongge cave,700,D3_2005,417290,120289.381633985,664.122774351112,714.27670569763,-6.62,
39,Dongge cave,700,D3_2005,417291,120298.929816173,669.270829131943,719.313595735119,-6.9,
39,Dongge cave,700,D3_2005,417292,120307.613610632,675.248947982516,720.445293790006,-6.29,
39,Dongge cave,700,D3_2005,417293,120317.500761642,679.216036134836,726.578547185811,-6.43,
39,Dongge cave,700,D3_2005,417294,120327.454754,682.97024560062,732.548328186953,-6.37,
39,Dongge cave,700,D3_2005,417295,120336.322765176,686.709239704549,736.15377318392,-6.68,
39,Dongge cave,114,D3,84445,120342.9797,378.4464909,380.7842553,-8.72,
39,Dongge cave,700,D3_2005,417296,120345.742061306,694.17958614364,740.090024673002,-6.33,
39,Dongge cave,700,D3_2005,417297,120364.418233844,702.711630955469,746.399721295194,-6.2,
39,Dongge cave,700,D3_2005,417298,120373.659302685,704.539030242828,750.725165725773,-6.74,
39,Dongge cave,700,D3_2005,417299,120382.114646995,707.478863124066,754.461660689922,-6.4,
39,Dongge cave,700,D3_2005,417300,120392.167746272,710.307184839912,759.70929299292,-6.6,
39,Dongge cave,700,D3_2005,417301,120401.777472694,712.331165572337,758.008053861238,-6.38,
39,Dongge cave,700,D3_2005,417302,120410.920966108,715.734400588044,758.772467218339,-6.47,
39,Dongge cave,700,D3_2005,417303,120420.161884758,715.347677780373,760.757593503266,-6.25,
39,Dongge cave,700,D3_2005,417304,120430.354530727,717.811739891215,764.712572448407,-6.56,
39,Dongge cave,700,D3_2005,417305,120441.498920254,716.903839674487,772.888444317417,-6.51,
39,Dongge cave,700,D3_2005,417306,120452.306060613,717.428644269428,780.453770164371,-6.58,
39,Dongge cave,700,D3_2005,417307,120462.297529649,719.769180665404,786.617612247588,-6.71,
39,Dongge cave,700,D3_2005,417308,120471.144553448,725.153283798165,786.847262185911,-6.48,
39,Dongge cave,700,D3_2005,417309,120481.098008992,730.587460327704,794.060597284551,-6.64,
39,Dongge cave,700,D3_2005,417310,120490.498930655,735.63447433892,799.831345992745,-6.55,
39,Dongge cave,700,D3_2005,417311,120499.665079433,740.847432106239,803.597919643056,-6.63,
39,Dongge cave,700,D3_2005,417312,120508.126599488,745.712007548384,810.915845460942,-6.58,
39,Dongge cave,700,D3_2005,417313,120523.684897898,740.309019270659,800.177103040027,-6.95,
39,Dongge cave,700,D3_2005,417314,120535.173947305,737.128959910231,789.171890914891,-6.66,
39,Dongge cave,700,D3_2005,417315,120548.582054281,734.827032646921,779.198620089126,-7.08,
39,Dongge cave,700,D3_2005,417316,120562.671428533,727.288691640395,770.188186441199,-6.76,
39,Dongge cave,700,D3_2005,417317,120576.694040995,722.37902363739,761.361784879497,-6.96,
39,Dongge cave,700,D3_2005,417318,120591.110384782,712.410375927226,752.988437668071,-6.7,
39,Dongge cave,700,D3_2005,417319,120604.792149913,705.679144304944,740.257550991577,-7,
39,Dongge cave,700,D3_2005,417320,120618.131180363,700.172707759208,729.643848263499,-7.13,
39,Dongge cave,700,D3_2005,417321,120631.111485944,690.59908294589,720.876696818523,-7.43,
39,Dongge cave,700,D3_2005,417322,120645.548050493,687.116650936034,710.14521921589,-7.38,
39,Dongge cave,700,D3_2005,417323,120659.581410361,678.128151029116,699.679250055837,-7.23,
39,Dongge cave,700,D3_2005,417324,120673.946416252,673.428797432192,695.799444766832,-6.84,
39,Dongge cave,114,D3,84446,120687.7108,356.5093678,357.0663109,-8.88,
39,Dongge cave,700,D3_2005,417325,120687.936837224,671.548693794801,688.436790585998,-6.93,
39,Dongge cave,700,D3_2005,417326,120701.096168189,666.656078714819,681.124865234509,-7.16,
39,Dongge cave,700,D3_2005,417327,120715.811579161,662.166768537209,677.435054243077,-7.17,
39,Dongge cave,700,D3_2005,417328,120729.475608193,657.738583202678,672.239639345091,-7.53,
39,Dongge cave,700,D3_2005,417329,120745.840806892,648.588292716595,670.520185029251,-7.09,
39,Dongge cave,700,D3_2005,417330,120760.372425831,641.620085545219,662.98131469739,-7.21,
39,Dongge cave,700,D3_2005,417331,120773.417485776,636.660195832257,654.503484652261,-7.95,
39,Dongge cave,700,D3_2005,417332,120789.556278331,636.189449972211,652.107878786992,-7.36,
39,Dongge cave,700,D3_2005,417333,120802.589166934,635.85736778377,644.074935312849,-7.5,
39,Dongge cave,700,D3_2005,417334,120817.21346871,630.560329742148,639.957716262492,-7.92,
39,Dongge cave,700,D3_2005,417335,120832.475431397,625.50878543088,637.967968612778,-8.04,
39,Dongge cave,700,D3_2005,417336,120846.510455493,617.219871780078,635.494572530559,-7.85,
39,Dongge cave,700,D3_2005,417337,120864.19264889,609.195547612529,631.115808669419,-6.92,
39,Dongge cave,115,D4_2004,84963,120870.9871,422.8712308,405.2182954,-8.09,
39,Dongge cave,700,D3_2005,417338,120879.27451538,605.75586714517,629.929774571036,-8.12,
39,Dongge cave,700,D3_2005,417339,120893.21989959,597.216201076561,627.059971803654,-7.78,
39,Dongge cave,700,D3_2005,417340,120908.113922853,591.645130641336,622.063295659696,-8.15,
39,Dongge cave,700,D3_2005,417341,120922.531685953,585.568893262738,616.39147406882,-7.92,
39,Dongge cave,700,D3_2005,417342,120939.336764851,581.238386014607,614.239618981592,-8.08,
39,Dongge cave,700,D3_2005,417343,120954.324614618,579.58308249274,609.82048145897,-8.15,
39,Dongge cave,700,D3_2005,417344,120971.671228062,573.732400379726,609.41528565975,-8.17,
39,Dongge cave,700,D3_2005,417345,120988.859691243,569.680222220079,605.157557669721,-8.74,
39,Dongge cave,700,D3_2005,417346,121003.662295883,567.825576974472,603.567045552205,-8.31,
39,Dongge cave,700,D3_2005,417347,121018.636664433,566.722216837239,599.32964076972,-8.66,
39,Dongge cave,114,D3,84447,121032.4045,353.2799,369.1812288,-8.73,
39,Dongge cave,700,D3_2005,417348,121035.951461033,563.570682109625,601.247186536129,-8.75,
39,Dongge cave,700,D3_2005,417349,121050.620626127,558.75781146143,599.201270199745,-8.42,
39,Dongge cave,700,D3_2005,417350,121064.566284899,556.177813188187,591.841274255436,-8.25,
39,Dongge cave,700,D3_2005,417351,121077.028955912,555.324767168306,587.349047089039,-8.53,
39,Dongge cave,700,D3_2005,417352,121091.575754106,559.946805587853,585.568503438291,-8.35,
39,Dongge cave,700,D3_2005,417353,121107.027275082,560.077677434951,590.208059279918,-8.53,
39,Dongge cave,700,D3_2005,417354,121121.816436873,557.491026687509,589.411606182446,-8.56,
39,Dongge cave,700,D3_2005,417355,121137.82998195,558.792957350874,586.504597215549,-8.1,
39,Dongge cave,700,D3_2005,417356,121152.732230511,561.946110027129,582.526925027181,-7.98,
39,Dongge cave,700,D3_2005,417357,121167.996893844,556.253899049538,585.265191554892,-8.44,
39,Dongge cave,700,D3_2005,417358,121181.442672169,557.15376032122,587.39630938867,-8.26,
39,Dongge cave,700,D3_2005,417359,121194.314675596,560.054501819701,585.722305972653,-8.69,
39,Dongge cave,700,D3_2005,417360,121207.029655384,560.815724866305,589.146124708524,-7.91,
39,Dongge cave,700,D3_2005,417361,121221.197088418,562.658484224827,581.738570292597,-8.35,
39,Dongge cave,700,D3_2005,417362,121236.919029806,563.0995282816,585.596297439886,-9.04,
39,Dongge cave,700,D3_2005,417363,121252.305547363,560.843069323237,590.056693628809,-9.12,
39,Dongge cave,700,D3_2005,417364,121267.503075686,567.774972850617,594.101160854101,-8.82,
39,Dongge cave,700,D3_2005,417365,121282.659435225,570.84382878145,593.411308197537,-8.41,
39,Dongge cave,700,D3_2005,417366,121295.928271513,574.522289899571,589.939045331033,-8.68,
39,Dongge cave,700,D3_2005,417367,121312.11396796,576.969454377046,593.804746579524,-8.62,
39,Dongge cave,700,D3_2005,417368,121326.990357682,578.753860109908,591.992702108793,-8.63,
39,Dongge cave,700,D3_2005,417369,121339.606329592,584.782081610145,595.157724248056,-9.08,
39,Dongge cave,700,D3_2005,417370,121355.229571735,589.611971526232,602.460781637084,-9,
39,Dongge cave,700,D3_2005,417371,121369.117814079,593.418501863824,606.023154928014,-8.99,
39,Dongge cave,114,D3,84448,121379.7896,379.5211559,410.2677721,-8.57,
39,Dongge cave,700,D3_2005,417372,121384.267740456,593.754526648641,609.80700561087,-8.91,
39,Dongge cave,700,D3_2005,417373,121399.451395063,595.762954890117,612.192051471982,-8.38,
39,Dongge cave,700,D3_2005,417374,121415.382501305,593.586099147535,620.032560705178,-7.96,
39,Dongge cave,700,D3_2005,417375,121430.972183437,597.37771167836,618.772861177742,-8.74,
39,Dongge cave,700,D3_2005,417376,121444.540976754,594.413024784444,624.316243047011,-8.82,
39,Dongge cave,700,D3_2005,417377,121459.951750152,599.040824870302,631.680051765812,-8.76,
39,Dongge cave,700,D3_2005,417378,121474.705987457,606.158012004336,638.716503737785,-8.81,
39,Dongge cave,700,D3_2005,417379,121486.562136479,612.348615192474,644.084184172083,-8.03,
39,Dongge cave,700,D3_2005,417380,121502.153233027,617.462365641128,651.261694002955,-8.93,
39,Dongge cave,700,D3_2005,417381,121518.132653934,619.321718978623,657.938932847479,-8.7,
39,Dongge cave,700,D3_2005,417382,121530.229675985,625.719553051647,662.239783072262,-9,
39,Dongge cave,700,D3_2005,417383,121545.702501283,627.909356933917,670.144176908128,-8.45,
39,Dongge cave,700,D3_2005,417384,121557.957101584,638.286443254998,675.315973328761,-8.59,
39,Dongge cave,700,D3_2005,417385,121571.825128967,644.999941277478,683.060190407428,-8.9,
39,Dongge cave,700,D3_2005,417386,121586.657114645,650.812635354174,691.531218547083,-8.86,
39,Dongge cave,700,D3_2005,417387,121600.237388354,654.123207893499,698.382569244888,-8.59,
39,Dongge cave,700,D3_2005,417388,121616.770050191,656.929415422899,704.404022350762,-8.9,
39,Dongge cave,700,D3_2005,417389,121631.048208934,662.851487099222,707.695921897946,-9.03,
39,Dongge cave,700,D3_2005,417390,121644.807535217,673.482461402717,715.699532799859,-9.14,
39,Dongge cave,700,D3_2005,417391,121661.405546502,679.483472546519,728.024736919077,-8.8,
39,Dongge cave,700,D3_2005,417392,121677.634448938,685.495860496216,733.329731117818,-8.59,
39,Dongge cave,700,D3_2005,417393,121695.172087051,687.101178441342,739.385769379078,-8.69,
39,Dongge cave,700,D3_2005,417394,121708.346788558,696.163103555096,743.494632960486,-8.81,
39,Dongge cave,114,D3,84449,121721.7609,423.0190676,466.5119203,-8.67,
39,Dongge cave,700,D3_2005,417395,121723.640048007,707.040920437998,751.987059479419,-8.8,
39,Dongge cave,700,D3_2005,417396,121739.832956163,713.20927935667,764.709681356151,-8.8,
39,Dongge cave,700,D3_2005,417397,121755.122113912,717.081684387696,774.365537350037,-8.83,
39,Dongge cave,700,D3_2005,417398,121771.090128351,720.882652015353,782.674329396061,-8.89,
39,Dongge cave,700,D3_2005,417399,121786.292367174,726.007563700288,790.846257788449,-8.7,
39,Dongge cave,700,D3_2005,417400,121802.410093048,718.914913426561,781.961982602865,-8.4,
39,Dongge cave,700,D3_2005,417401,121820.777379467,712.998949685003,779.223267792986,-8.35,
39,Dongge cave,700,D3_2005,417402,121835.809334323,711.411977209355,769.761950946209,-8.5,
39,Dongge cave,700,D3_2005,417403,121851.849730554,708.910522795501,757.287365979704,-8.58,
39,Dongge cave,700,D3_2005,417404,121864.12047603,704.360984542873,740.810743797469,-8.88,
39,Dongge cave,700,D3_2005,417405,121882.375066497,696.144222928822,732.552605352321,-8.75,
39,Dongge cave,700,D3_2005,417406,121897.805672369,688.217993330371,719.883690245319,-8.9,
39,Dongge cave,700,D3_2005,417407,121914.204966838,683.380120334099,712.330150446345,-8.89,
39,Dongge cave,700,D3_2005,417408,121930.825274264,674.728120796761,706.097167539003,-8.74,
39,Dongge cave,700,D3_2005,417409,121948.000766241,676.054895366382,703.953394572483,-9,
39,Dongge cave,700,D3_2005,417410,121967.142375062,668.66790162331,698.013325947584,-9.01,
39,Dongge cave,700,D3_2005,417411,121980.966066519,664.069480222999,687.443657344324,-8.84,
39,Dongge cave,700,D3_2005,417412,121999.770595759,653.255067808044,679.627947111221,-8.89,
39,Dongge cave,700,D3_2005,417413,122016.705459437,649.993862155185,670.44650373183,-8.87,
39,Dongge cave,114,D3,84450,122021.8303,426.747503,459.5249328,-8.4,
39,Dongge cave,700,D3_2005,417414,122031.561014668,643.942662361544,659.039218099817,-9.05,
39,Dongge cave,700,D3_2005,417415,122047.678228921,637.671477746771,653.15768624589,-8.68,
39,Dongge cave,700,D3_2005,417416,122066.461413227,633.574092314317,648.967360386727,-8.69,
39,Dongge cave,700,D3_2005,417417,122082.895370559,630.65797734732,646.788828554971,-8.75,
39,Dongge cave,700,D3_2005,417418,122099.548287814,624.010942781082,644.572456610345,-8.77,
39,Dongge cave,700,D3_2005,417419,122113.957444618,621.815318132634,632.503767352944,-8.95,
39,Dongge cave,700,D3_2005,417420,122130.196467996,614.800513036156,625.813563320349,-8.86,
39,Dongge cave,700,D3_2005,417421,122147.836569713,608.057201839925,625.105467304471,-8.92,
39,Dongge cave,700,D3_2005,417422,122164.800129417,603.195260633162,618.037911772,-8.74,
39,Dongge cave,115,D4_2004,84964,122179.1431,458.7659529,438.7394412,-8.12,
39,Dongge cave,700,D3_2005,417423,122180.78350228,598.762882186158,612.820758680085,-9.12,
39,Dongge cave,700,D3_2005,417424,122199.220545842,593.793210619726,609.903535110934,-8.61,
39,Dongge cave,700,D3_2005,417425,122215.134993775,591.788299055654,604.963562535937,-8.75,
39,Dongge cave,700,D3_2005,417426,122230.576334058,592.622718742365,600.831815415848,-9.01,
39,Dongge cave,700,D3_2005,417427,122246.41583367,592.529566675512,600.341519677473,-8.81,
39,Dongge cave,700,D3_2005,417428,122267.322027168,582.954394617263,601.777082943416,-8.69,
39,Dongge cave,114,D3,84451,122286.9507,370.2662838,409.6119682,-8.63,
39,Dongge cave,700,D3_2005,417429,122287.407877881,574.983817369954,601.3022546875,-8.62,
39,Dongge cave,700,D3_2005,417430,122304.557153411,568.282277167862,600.739056619161,-8.71,
39,Dongge cave,700,D3_2005,417431,122321.090054553,562.315840596755,598.542511311374,-8.62,
39,Dongge cave,700,D3_2005,417432,122337.831734272,563.493450832582,600.834349074692,-8.6,
39,Dongge cave,700,D3_2005,417433,122353.822788488,565.502487318096,599.333469241785,-9.1,
39,Dongge cave,700,D3_2005,417434,122369.641106442,567.501575547183,593.539019619609,-8.4,
39,Dongge cave,700,D3_2005,417435,122385.697780872,566.582411018899,588.876183450091,-8.73,
39,Dongge cave,700,D3_2005,417436,122404.555746366,567.386225763679,594.290472904628,-8.81,
39,Dongge cave,700,D3_2005,417437,122423.050691343,562.572468202357,593.028279921127,-8.6,
39,Dongge cave,700,D3_2005,417438,122441.454132333,555.154951643446,588.97029778405,-9.02,
39,Dongge cave,700,D3_2005,417439,122459.61166894,560.290761752913,587.517289009324,-8.8,
39,Dongge cave,700,D3_2005,417440,122476.191375306,565.270927965874,589.736079593087,-8.91,
39,Dongge cave,700,D3_2005,417441,122493.808813514,557.710245950235,584.188663935915,-8.35,
39,Dongge cave,700,D3_2005,417442,122509.759271878,558.710482516239,580.463619259011,-8.67,
39,Dongge cave,700,D3_2005,417443,122526.665395417,563.766825722938,577.875469233317,-8.67,
39,Dongge cave,114,D3,84452,122543.4501,353.6160277,377.9713833,-8.9,
39,Dongge cave,700,D3_2005,417444,122543.954240074,564.061569191646,577.296468314045,-8.17,
39,Dongge cave,700,D3_2005,417445,122560.001547521,565.830554610948,576.650231068226,-8.52,
39,Dongge cave,700,D3_2005,417446,122575.447353836,564.551153268534,578.211736912213,-8.63,
39,Dongge cave,700,D3_2005,417447,122595.51781133,559.323425056617,585.897272546776,-8.27,
39,Dongge cave,700,D3_2005,417448,122611.175848843,562.197199425733,585.563429384434,-8.58,
39,Dongge cave,700,D3_2005,417449,122627.252267647,564.894036093916,585.486713662423,-8.53,
39,Dongge cave,700,D3_2005,417450,122640.032838115,570.124269574488,585.819099516957,-8.43,
39,Dongge cave,700,D3_2005,417451,122655.850225987,570.522872910384,588.259600607867,-8.6,
39,Dongge cave,700,D3_2005,417452,122672.336453289,575.16731803141,594.551908303751,-8.49,
39,Dongge cave,700,D3_2005,417453,122690.674069349,576.317170181646,599.909990766711,-8.19,
39,Dongge cave,700,D3_2005,417454,122708.877190281,576.027157576056,609.622596830333,-8.38,
39,Dongge cave,700,D3_2005,417455,122726.395348336,576.140327677247,618.729432278851,-8.81,
39,Dongge cave,700,D3_2005,417456,122741.95312419,580.236337064765,624.066179470596,-8.67,
39,Dongge cave,700,D3_2005,417457,122757.364360804,583.49092043181,628.621881688843,-8.69,
39,Dongge cave,700,D3_2005,417458,122773.933253484,587.658658430199,634.470708457331,-8.35,
39,Dongge cave,700,D3_2005,417459,122791.404274575,595.819236236479,640.096922451296,-8.5,
39,Dongge cave,700,D3_2005,417460,122806.763122698,601.696130683296,640.423995975856,-8.62,
39,Dongge cave,114,D3,84453,122808.8862,352.5298947,396.3747809,-8.69,
39,Dongge cave,700,D3_2005,417461,122822.452081107,604.130346964739,640.514803328027,-8.43,
39,Dongge cave,700,D3_2005,417462,122841.354707435,611.561702407154,649.975689142942,-8.61,
39,Dongge cave,700,D3_2005,417463,122857.031592524,615.328138060839,648.903839123712,-8.66,
39,Dongge cave,700,D3_2005,417464,122872.401570414,619.824318404164,650.655645437597,-8.7,
39,Dongge cave,700,D3_2005,417465,122886.611512889,629.601696186888,653.384654256195,-8.43,
39,Dongge cave,700,D3_2005,417466,122902.828940939,634.36777933476,659.152226943144,-8.72,
39,Dongge cave,700,D3_2005,417467,122917.948689651,645.658924877775,662.422037084689,-8.44,
39,Dongge cave,700,D3_2005,417468,122937.218238504,649.103111101213,665.455466995656,-8.9,
39,Dongge cave,700,D3_2005,417469,122953.141896478,654.245844280871,671.945099487595,-8.94,
39,Dongge cave,700,D3_2005,417470,122969.0568549,661.520011075088,677.953397457895,-8.42,
39,Dongge cave,700,D3_2005,417471,122984.493526463,668.284798736451,681.70031937107,-8.62,
39,Dongge cave,700,D3_2005,417472,123000.190932266,674.760671380791,689.615314505718,-8.78,
39,Dongge cave,700,D3_2005,417473,123016.258243102,682.892461546697,694.106463484117,-8.5,
39,Dongge cave,700,D3_2005,417474,123033.928788281,689.613574484465,698.084669845965,-8.45,
39,Dongge cave,700,D3_2005,417475,123048.353249963,701.899750105018,706.617105428959,-8.45,
39,Dongge cave,700,D3_2005,417476,123065.191591663,707.43136580482,712.931345213467,-8.21,
39,Dongge cave,114,D3,84454,123074.3102,386.5644264,435.6242404,-8.51,
39,Dongge cave,700,D3_2005,417477,123082.046839513,715.748598348044,719.943800299458,-8.57,
39,Dongge cave,700,D3_2005,417478,123107.266672232,709.408094977291,715.408981986344,-8.89,
39,Dongge cave,700,D3_2005,417479,123128.959837664,711.241584430187,695.745280862408,-8.9,
39,Dongge cave,700,D3_2005,417480,123152.95590396,701.066481010901,676.137524110207,-8.9,
39,Dongge cave,700,D3_2005,417481,123176.145287721,695.320055208518,662.660415338993,-8.69,
39,Dongge cave,700,D3_2005,417482,123201.000908911,681.216903193403,655.090178833052,-8.72,
39,Dongge cave,700,D3_2005,417483,123226.297338784,672.773262513656,650.144808290352,-8.26,
39,Dongge cave,700,D3_2005,417484,123248.15469809,673.758117770354,640.700887979008,-8.54,
39,Dongge cave,700,D3_2005,417485,123275.766557203,663.063224551268,636.320752784566,-8.53,
39,Dongge cave,700,D3_2005,417486,123299.774053108,656.589143059304,631.680744153942,-8.69,
39,Dongge cave,700,D3_2005,417487,123323.665923802,656.961831853434,616.54170284007,-8.81,
39,Dongge cave,114,D3,84455,123346.6162,435.5367495,512.8409753,-8.02,
39,Dongge cave,700,D3_2005,417488,123350.56515152,654.106442794233,623.004524966949,-8.83,
39,Dongge cave,700,D3_2005,417489,123377.499659129,642.936193364701,624.988998346118,-8.55,
39,Dongge cave,700,D3_2005,417490,123403.847746135,627.635370238218,616.198020522235,-8.88,
39,Dongge cave,700,D3_2005,417491,123432.309476377,622.808153635648,613.504872101679,-8.39,
39,Dongge cave,700,D3_2005,417492,123456.842036588,622.645256151678,604.512175370008,-8.75,
39,Dongge cave,115,D4_2004,84965,123483.2499,513.440039,477.9469364,-8.22,
39,Dongge cave,700,D3_2005,417493,123484.363550278,624.021667614958,611.459339908353,-8.56,
39,Dongge cave,700,D3_2005,417494,123508.941251251,622.621208217999,605.266188680063,-8.68,
39,Dongge cave,700,D3_2005,417495,123537.261944429,626.610017882864,614.174914362302,-8.57,
39,Dongge cave,700,D3_2005,417496,123558.108351451,626.228373221049,609.335072018555,-8.81,
39,Dongge cave,700,D3_2005,417497,123583.186986645,625.803387183332,616.085265346162,-8.66,
39,Dongge cave,700,D3_2005,417498,123610.486300317,624.388110812914,619.782921615537,-8.5,
39,Dongge cave,700,D3_2005,417499,123634.483897675,638.632509369287,625.914331317181,-8.74,
39,Dongge cave,700,D3_2005,417500,123660.694654741,644.384001870771,634.054684376242,-8.69,
39,Dongge cave,700,D3_2005,417501,123686.602217105,643.751225623855,641.667966220644,-8.85,
39,Dongge cave,700,D3_2005,417502,123710.989544561,660.813294889318,642.526603667648,-8.83,
39,Dongge cave,700,D3_2005,417503,123736.823108981,662.713006996171,657.959796755298,-8.89,
39,Dongge cave,114,D3,84456,123750.3992,434.2480491,465.2771557,-8.93,
39,Dongge cave,700,D3_2005,417504,123759.109490491,674.736019193093,666.654712665681,-8.78,
39,Dongge cave,700,D3_2005,417505,123785.291009736,687.145179442916,676.137872053732,-8.58,
39,Dongge cave,700,D3_2005,417506,123810.862913533,697.387358391163,685.596131003913,-8.57,
39,Dongge cave,700,D3_2005,417507,123839.577096105,701.205058019259,699.259804650617,-8.98,
39,Dongge cave,700,D3_2005,417508,123864.780681445,713.319014005567,710.517509554775,-8.6,
39,Dongge cave,700,D3_2005,417509,123887.829561468,735.528664593759,719.282583937398,-8.69,
39,Dongge cave,700,D3_2005,417510,123908.631323047,753.284512323531,729.83807714736,-8.85,
39,Dongge cave,700,D3_2005,417511,123957.703384286,775.870718249615,759.371093924405,-8.84,
39,Dongge cave,700,D3_2005,417512,124010.238834224,796.050311150058,794.150055813501,-8.87,
39,Dongge cave,700,D3_2005,417513,124057.018253729,830.245556626192,820.65457484161,-8.91,
39,Dongge cave,700,D3_2005,417514,124111.407581884,867.923549847561,854.683710236379,-9.11,
39,Dongge cave,700,D3_2005,417515,124208.402449911,939.200838089397,909.823070164057,-8.19,
39,Dongge cave,700,D3_2005,417516,124232.252938087,959.041252435287,920.078673849115,-8.3,
39,Dongge cave,700,D3_2005,417517,124257.583705942,977.552401125038,938.311316076637,-8.9,
39,Dongge cave,700,D3_2005,417518,124264.710644085,973.726678868785,933.391119965818,-8.72,
39,Dongge cave,700,D3_2005,417519,124280.197684068,964.384811731186,930.225076426243,-8.54,
39,Dongge cave,700,D3_2005,417520,124288.259223141,957.201012417994,924.751453087796,-8.56,
39,Dongge cave,700,D3_2005,417521,124302.206836618,947.174598820129,914.022303503065,-8.63,
39,Dongge cave,700,D3_2005,417522,124318.569667003,938.043952866719,906.360015084821,-8.53,
39,Dongge cave,700,D3_2005,417523,124326.209825654,934.184804109333,902.071524193307,-8.77,
39,Dongge cave,700,D3_2005,417524,124339.052755774,931.108920190833,895.77209178303,-8.72,
39,Dongge cave,700,D3_2005,417525,124346.777227261,929.084847136954,893.498068191911,-8.77,
39,Dongge cave,700,D3_2005,417526,124357.543040644,922.882800466352,888.166212178374,-8.54,
39,Dongge cave,700,D3_2005,417527,124368.913450577,919.838194805707,876.480868774204,-8.6,
39,Dongge cave,700,D3_2005,417528,124376.522637316,915.155306929286,872.674282591179,-8.7,
39,Dongge cave,700,D3_2005,417529,124393.438015279,911.695895525059,871.394818798639,-8.83,
39,Dongge cave,700,D3_2005,417530,124406.046573686,910.830723009698,872.111214128323,-8.73,
39,Dongge cave,700,D3_2005,417531,124412.368448276,910.405745962955,871.947467038481,-8.97,
39,Dongge cave,700,D3_2005,417532,124427.065478264,900.87898515565,864.719271497452,-8.92,
39,Dongge cave,700,D3_2005,417533,124443.915726724,890.007286380467,854.21134466058,-8.94,
39,Dongge cave,700,D3_2005,417534,124451.007792943,886.78911154806,852.913444590289,-8.91,
39,Dongge cave,700,D3_2005,417535,124464.776691581,882.242930898923,845.422673869267,-8.77,
39,Dongge cave,700,D3_2005,417536,124480.25966209,870.790302575537,839.789778888677,-9.09,
39,Dongge cave,700,D3_2005,417537,124489.946092305,862.697139118129,843.017406086874,-8.96,
39,Dongge cave,700,D3_2005,417538,124504.284057754,858.162430298849,842.176873306322,-8.49,
39,Dongge cave,700,D3_2005,417539,124509.781813519,860.457428543668,836.635733524687,-8.7,
39,Dongge cave,700,D3_2005,417540,124521.222671291,856.895770852279,838.643299748219,-8.76,
39,Dongge cave,700,D3_2005,417541,124533.504800588,853.209653326368,842.877298590029,-8.84,
39,Dongge cave,700,D3_2005,417542,124545.093831041,856.390834091057,836.464859248779,-8.67,
39,Dongge cave,700,D3_2005,417543,124552.049736267,861.590676764143,835.068237765983,-8.65,
39,Dongge cave,700,D3_2005,417544,124574.001153757,860.120994247598,827.519021141678,-8.87,
39,Dongge cave,700,D3_2005,417545,124579.898424485,861.112169765722,822.505425406343,-9.21,
39,Dongge cave,700,D3_2005,417546,124587.564677122,859.108385449537,822.717591024426,-8.98,
39,Dongge cave,700,D3_2005,417547,124604.836927235,850.513334340649,817.302053132371,-9,
39,Dongge cave,700,D3_2005,417548,124611.563698836,851.037195487283,814.47084594144,-8.78,
39,Dongge cave,700,D3_2005,417549,124619.705125359,850.690329035002,814.530962320539,-8.88,
39,Dongge cave,700,D3_2005,417550,124625.706495385,850.602938853175,809.682396621502,-8.94,
39,Dongge cave,700,D3_2005,417551,124644.38711899,836.79538750957,813.759899018725,-8.74,
39,Dongge cave,700,D3_2005,417552,124658.215681072,832.603474156349,811.162468108159,-8.8,
39,Dongge cave,700,D3_2005,417553,124666.096703831,830.166545913133,810.467310399137,-8.62,
39,Dongge cave,700,D3_2005,417554,124683.532252186,830.030739312031,819.021023199428,-8.74,
39,Dongge cave,700,D3_2005,417555,124690.454546652,830.111801270337,813.116670448493,-8.63,
39,Dongge cave,700,D3_2005,417556,124703.511738371,834.457323418159,811.129533228916,-8.67,
39,Dongge cave,700,D3_2005,417557,124718.008565235,834.22484619623,808.944650679099,-8.92,
39,Dongge cave,700,D3_2005,417558,124724.546578038,833.042401849074,808.881600142704,-8.97,
39,Dongge cave,700,D3_2005,417559,124732.084107936,832.984698687564,807.172999300266,-8.86,
39,Dongge cave,700,D3_2005,417560,124741.017829723,830.85511857798,808.913704590494,-9.04,
39,Dongge cave,700,D3_2005,417561,124757.113424773,832.61856044599,809.63834071657,-8.8,
39,Dongge cave,700,D3_2005,417562,124764.448803451,835.701692644216,806.274976911343,-8.94,
39,Dongge cave,700,D3_2005,417563,124777.897301558,837.632799228639,810.155519720167,-8.73,
39,Dongge cave,700,D3_2005,417564,124789.532560144,836.247378468121,806.194439504325,-8.35,
39,Dongge cave,115,D4_2004,84966,124793.2064,581.9114079,544.5821069,-8.05,
39,Dongge cave,700,D3_2005,417565,124798.07991721,837.622599274197,809.577195935039,-8.73,
39,Dongge cave,700,D3_2005,417566,124815.351470436,842.685191544166,813.673593703163,-8.77,
39,Dongge cave,700,D3_2005,417567,124830.021259808,834.475018275509,814.993950842094,-8.65,
39,Dongge cave,700,D3_2005,417568,124838.732034131,828.444382622576,815.330563401483,-8.8,
39,Dongge cave,700,D3_2005,417569,124854.341054386,818.280724126686,814.669147132066,-8.97,
39,Dongge cave,700,D3_2005,417570,124861.356156508,820.063553945685,815.130054463472,-8.85,
39,Dongge cave,700,D3_2005,417571,124875.069010182,829.38498981591,817.021690535257,-9.07,
39,Dongge cave,700,D3_2005,417572,124888.948365987,835.095076426689,819.457515834656,-8.97,
39,Dongge cave,700,D3_2005,417573,124894.596842516,835.3868013873,821.201726795727,-8.89,
39,Dongge cave,115,D4_2004,84967,124900.195,548.1769325,517.8291076,-8.08,
39,Dongge cave,701,D4_2005_Kelly,417623,124901.940252229,803.549736256973,734.721193959267,-7.99,
39,Dongge cave,700,D3_2005,417574,124908.658867921,839.836495751384,824.047412294967,-8.93,
39,Dongge cave,701,D4_2005_Kelly,417624,124915.615721419,799.266387536874,732.131597727639,-7.92,
39,Dongge cave,700,D3_2005,417575,124922.877712835,842.759760380111,826.696069539248,-8.97,
39,Dongge cave,701,D4_2005_Kelly,417625,124928.685704298,794.563561804811,728.936515183668,-8.3,
39,Dongge cave,700,D3_2005,417576,124930.251328214,842.035675211839,827.368203418679,-8.87,
39,Dongge cave,701,D4_2005_Kelly,417626,124940.427001856,790.468760655218,724.412747319482,-8.28,
39,Dongge cave,700,D3_2005,417577,124946.086275866,843.717403719289,834.098317451659,-8.83,
39,Dongge cave,701,D4_2005_Kelly,417627,124952.369581382,786.172677537717,722.35682909473,-7.96,
39,Dongge cave,700,D3_2005,417578,124960.684171534,851.319109518445,840.114462647864,-8.68,
39,Dongge cave,701,D4_2005_Kelly,417628,124965.017449784,781.171305544674,722.600264711466,-7.79,
39,Dongge cave,700,D3_2005,417579,124970.964641827,852.833985247416,846.601914246683,-8.74,
39,Dongge cave,701,D4_2005_Kelly,417629,124978.753739079,775.081512658144,723.932121221689,-8.12,
39,Dongge cave,700,D3_2005,417580,124987.875277646,861.28124231167,844.742032916765,-8.68,
39,Dongge cave,701,D4_2005_Kelly,417630,124992.490028374,768.991719771613,725.263977731898,-7.91,
39,Dongge cave,700,D3_2005,417581,125000.768079403,872.358887704075,842.618570325518,-8.52,
39,Dongge cave,701,D4_2005_Kelly,417631,125005.258948388,763.869296166929,724.699727518964,-7.94,
39,Dongge cave,115,D4_2004,84968,125007.8802,518.6043426,501.7565737,-8.15,
39,Dongge cave,700,D3_2005,417582,125008.689478203,874.889103717782,841.338907250873,-8.66,
39,Dongge cave,701,D4_2005_Kelly,417632,125017.092824603,759.681916360307,722.61394226097,-8.27,
39,Dongge cave,700,D3_2005,417583,125026.044049005,878.26307523156,853.209120592015,-9.11,
39,Dongge cave,701,D4_2005_Kelly,417633,125028.926700818,755.494536553655,718.877373187555,-8.12,
39,Dongge cave,700,D3_2005,417584,125032.365867322,882.591667369066,857.81466298236,-8.98,
39,Dongge cave,701,D4_2005_Kelly,417634,125040.760577034,750.640037533405,712.603730418472,-7.78,
39,Dongge cave,700,D3_2005,417585,125047.173667516,892.343592713485,867.495752680377,-8.84,
39,Dongge cave,701,D4_2005_Kelly,417635,125052.594453249,745.27062974518,706.330087649418,-7.53,
39,Dongge cave,700,D3_2005,417586,125058.478752906,902.263093159738,875.692818912532,-8.14,
39,Dongge cave,701,D4_2005_Kelly,417636,125064.428329464,739.901221956956,705.739065987451,-8.02,
39,Dongge cave,700,D3_2005,417587,125065.387404449,906.577851455775,874.913184911362,-8.63,
39,Dongge cave,701,D4_2005_Kelly,417637,125076.262205679,734.53181416876,704.001076994478,-8.01,
39,Dongge cave,700,D3_2005,417588,125084.334510146,909.019097889555,886.912560890283,-9,
39,Dongge cave,701,D4_2005_Kelly,417638,125088.096081895,729.162406380536,701.928227835873,-8.33,
39,Dongge cave,701,D4_2005_Kelly,417639,125099.92995811,723.792998592296,699.855378677254,-8.48,
39,Dongge cave,700,D3_2005,417589,125101.979489734,917.4582498542,899.263944995866,-8.79,
39,Dongge cave,700,D3_2005,417590,125107.815650849,926.351876246961,900.212720966127,-8.54,
39,Dongge cave,701,D4_2005_Kelly,417640,125111.902878516,720.728267014652,696.788482504911,-7.98,
39,Dongge cave,115,D4_2004,84969,125112.4365,501.1272839,480.8492088,-7.94,
39,Dongge cave,700,D3_2005,417591,125121.336216865,927.290003878603,905.969816172612,-8.58,
39,Dongge cave,701,D4_2005_Kelly,417641,125121.885993903,720.011651064531,689.80768406509,-7.97,
39,Dongge cave,701,D4_2005_Kelly,417642,125131.788799661,719.375344743021,682.746575996658,-7.88,
39,Dongge cave,700,D3_2005,417592,125136.193376146,932.807078582307,917.031680171174,-8.67,
39,Dongge cave,701,D4_2005_Kelly,417643,125142.307308099,718.123335742654,676.301170607083,-8.24,
39,Dongge cave,700,D3_2005,417593,125145.094936394,934.714977098542,922.801155115958,-8.71,
39,Dongge cave,701,D4_2005_Kelly,417644,125154.899430075,714.797713203356,671.929378756453,-8.41,
39,Dongge cave,700,D3_2005,417594,125157.697582544,952.741269876977,923.080215952752,-8.39,
39,Dongge cave,701,D4_2005_Kelly,417645,125168.952352469,707.640630488488,669.01838732342,-8.33,
39,Dongge cave,700,D3_2005,417595,125172.002732074,958.527593671068,927.132222052198,-8.79,
39,Dongge cave,700,D3_2005,417596,125178.786072359,963.756190172615,929.500285687187,-9.05,
39,Dongge cave,701,D4_2005_Kelly,417646,125183.005274863,700.367754957115,666.107395890358,-8.15,
39,Dongge cave,700,D3_2005,417597,125188.638218966,988.060851012007,927.294079877785,-8.69,
39,Dongge cave,700,D3_2005,417598,125195.317789735,992.962630920098,928.396720896839,-8.48,
39,Dongge cave,701,D4_2005_Kelly,417647,125197.058197257,693.094879425713,663.196404457311,-8.23,
39,Dongge cave,701,D4_2005_Kelly,417648,125211.111119651,685.82200389434,659.702544299056,-7.97,
39,Dongge cave,700,D3_2005,417599,125212.068150591,1005.7271518068,934.029991451855,-8.71,
39,Dongge cave,115,D4_2004,84970,125216.8533,481.5750218,463.3746417,-8.11,
39,Dongge cave,700,D3_2005,417600,125224.3267435,1009.22187253518,938.046029309568,-8.45,
39,Dongge cave,701,D4_2005_Kelly,417649,125225.164042045,678.549128362953,655.673419350758,-8.69,
39,Dongge cave,700,D3_2005,417601,125231.313350393,1013.49521823255,941.382309033215,-8.67,
39,Dongge cave,701,D4_2005_Kelly,417650,125238.350197516,672.143019754745,650.77752747928,-8.89,
39,Dongge cave,700,D3_2005,417602,125244.773204269,1022.40255332323,944.630255056371,-8.55,
39,Dongge cave,700,D3_2005,417603,125258.126295797,1045.56097802881,943.643495875644,-8.07,
39,Dongge cave,701,D4_2005_Kelly,417651,125258.589411279,668.893523467035,634.852646557905,-8.31,
39,Dongge cave,700,D3_2005,417604,125264.997119005,1053.03373731762,945.326627550312,-8.22,
39,Dongge cave,700,D3_2005,417605,125279.334899969,1063.69457201363,956.420632778536,-8.6,
39,Dongge cave,701,D4_2005_Kelly,417652,125283.366437053,660.453963654829,623.465577647119,-8.06,
39,Dongge cave,700,D3_2005,417606,125290.553193457,1072.5409509837,961.755979640075,-8.25,
39,Dongge cave,700,D3_2005,417607,125297.817391162,1077.23666622404,962.990374817527,-8.29,
39,Dongge cave,701,D4_2005_Kelly,417653,125305.864895999,654.292970670824,609.799941908161,-7.91,
39,Dongge cave,700,D3_2005,417608,125309.951020163,1091.82760973557,969.968823443298,-8.24,
39,Dongge cave,700,D3_2005,417609,125312.79546692,1099.61060475912,971.085929078254,-8.35,
39,Dongge cave,700,D3_2005,417610,125322.045680429,1119.93596004715,975.253161905377,-8.51,
39,Dongge cave,115,D4_2004,84971,125322.6693,471.7458089,451.6377007,-8.32,
39,Dongge cave,701,D4_2005_Kelly,417654,125328.684458989,642.407379098455,607.441811779878,-7.86,
39,Dongge cave,700,D3_2005,417611,125336.317246565,1131.50138622706,986.603850154512,-8.63,
39,Dongge cave,700,D3_2005,417612,125343.9021793,1134.46414527006,992.067751942915,-8.64,
39,Dongge cave,701,D4_2005_Kelly,417655,125354.083917423,627.076607937444,609.011349930617,-8.19,
39,Dongge cave,700,D3_2005,417613,125357.892293876,1140.86091495203,1001.14549140193,-8.83,
39,Dongge cave,700,D3_2005,417614,125376.558229228,1144.54629882684,1015.36548352777,-9,
39,Dongge cave,701,D4_2005_Kelly,417656,125378.86235142,612.366861213945,609.670403482422,-8.5,
39,Dongge cave,700,D3_2005,417615,125382.810580406,1150.33284635401,1018.3391073336,-9.16,
39,Dongge cave,700,D3_2005,417616,125399.248701351,1165.65778058743,1029.36083112202,-8.86,
39,Dongge cave,701,D4_2005_Kelly,417657,125403.640785417,599.638916333977,609.571034827371,-8.44,
39,Dongge cave,700,D3_2005,417617,125416.325509482,1177.66176442962,1039.67601636607,-8.69,
39,Dongge cave,700,D3_2005,417618,125424.470758915,1183.21053316096,1044.42081514499,-8.93,
39,Dongge cave,701,D4_2005_Kelly,417658,125428.419219414,596.752787060163,603.180287685245,-8.29,
39,Dongge cave,115,D4_2004,84972,125428.5562,462.9240403,443.7316561,-8.22,
39,Dongge cave,700,D3_2005,417619,125440.442636662,1194.66278774854,1053.59179158357,-8.91,
39,Dongge cave,701,D4_2005_Kelly,417659,125453.19765341,593.105217868986,591.11374416051,-8.23,
39,Dongge cave,700,D3_2005,417620,125454.889264284,1206.6705229806,1061.23751789752,-8.89,
39,Dongge cave,700,D3_2005,417621,125461.091024016,1216.36159749914,1063.11997954454,-8.94,
39,Dongge cave,700,D3_2005,417622,125472.064668592,1234.32273048219,1064.33318462661,-9.17,
39,Dongge cave,701,D4_2005_Kelly,417660,125478.426067038,589.007669046521,580.522164297305,-8.41,
39,Dongge cave,701,D4_2005_Kelly,417661,125498.708253836,589.856347054883,572.559958845086,-8.46,
39,Dongge cave,701,D4_2005_Kelly,417662,125527.343617094,579.51411083588,572.950929854109,-8.35,
39,Dongge cave,115,D4_2004,84973,125531.8786,457.0544389,438.577723,-8.53,
39,Dongge cave,701,D4_2005_Kelly,417663,125555.038537578,565.350375303358,569.766238336771,-8.21,
39,Dongge cave,701,D4_2005_Kelly,417664,125580.007231876,553.346030382687,562.852581606319,-8.2,
39,Dongge cave,701,D4_2005_Kelly,417665,125603.81391796,549.193726599246,555.866961849824,-8.41,
39,Dongge cave,701,D4_2005_Kelly,417666,125625.287716364,544.775216692302,552.259794292695,-8.38,
39,Dongge cave,115,D4_2004,84974,125635.779,461.8729616,443.0972852,-8.31,
39,Dongge cave,701,D4_2005_Kelly,417667,125650.314033749,537.041787300448,552.205145716609,-8.37,
39,Dongge cave,701,D4_2005_Kelly,417668,125672.303891689,534.414401135364,549.114037695748,-8.25,
39,Dongge cave,701,D4_2005_Kelly,417669,125694.988280233,531.092484366207,546.717460278989,-8.08,
39,Dongge cave,701,D4_2005_Kelly,417670,125715.551313594,529.891922780298,542.091681952297,-8.16,
39,Dongge cave,701,D4_2005_Kelly,417671,125739.286799233,523.374457340775,539.184655753881,-8.04,
39,Dongge cave,115,D4_2004,84975,125742.8604,464.230843,440.0464025,-8.59,
39,Dongge cave,701,D4_2005_Kelly,417672,125761.527079011,517.840264742234,531.230903717369,-8.4,
39,Dongge cave,701,D4_2005_Kelly,417673,125786.386847262,509.686583670438,537.792163464415,-7.9,
39,Dongge cave,701,D4_2005_Kelly,417674,125808.147447197,504.632070913765,534.026760159439,-8.28,
39,Dongge cave,701,D4_2005_Kelly,417675,125826.96429029,502.521314999933,525.765711777029,-8.15,
39,Dongge cave,115,D4_2004,84976,125849.4574,468.5109387,456.2425597,-8.64,
39,Dongge cave,701,D4_2005_Kelly,417676,125849.894419158,494.221821908039,525.382000732527,-8.13,
39,Dongge cave,701,D4_2005_Kelly,417677,125874.772031021,483.737001537098,524.282348701599,-8.21,
39,Dongge cave,701,D4_2005_Kelly,417678,125898.509956883,474.39186716752,522.043010669295,-8.14,
39,Dongge cave,701,D4_2005_Kelly,417679,125927.333254262,464.531479442056,521.13274277786,-8.48,
39,Dongge cave,701,D4_2005_Kelly,417680,125951.088454733,457.602486491625,521.43623901924,-8.36,
39,Dongge cave,115,D4_2004,84977,125954.695,472.4210095,464.1736005,-8.76,
39,Dongge cave,701,D4_2005_Kelly,417681,125975.403471526,447.795571247261,521.00473363146,-8.33,
39,Dongge cave,701,D4_2005_Kelly,417682,125999.952263953,444.982247788415,516.594013606431,-8.28,
39,Dongge cave,701,D4_2005_Kelly,417683,126027.057947882,445.847081529209,513.470443791215,-8.5,
39,Dongge cave,701,D4_2005_Kelly,417684,126056.908554946,435.085768484831,517.483687560103,-8.36,
39,Dongge cave,115,D4_2004,84978,126058.4298,486.7132683,491.6255556,-8.53,
39,Dongge cave,701,D4_2005_Kelly,417685,126081.123853764,431.882865736727,515.861623082761,-8.33,
39,Dongge cave,701,D4_2005_Kelly,417686,126112.375276962,430.014130954558,521.275682985288,-8.43,
39,Dongge cave,701,D4_2005_Kelly,417687,126141.919971511,428.975068848842,520.860397047611,-8.46,
39,Dongge cave,115,D4_2004,84979,126166.1096,508.9979703,515.737918,-8.5,
39,Dongge cave,701,D4_2005_Kelly,417688,126167.328454631,430.97573675953,513.637016021021,-8.64,
39,Dongge cave,701,D4_2005_Kelly,417689,126186.82796292,438.607359302681,506.732011372776,-8.53,
39,Dongge cave,701,D4_2005_Kelly,417690,126213.18750578,439.000832405756,505.920174312734,-8.31,
39,Dongge cave,701,D4_2005_Kelly,417691,126230.323030464,446.709304681441,500.737809637649,-8.46,
39,Dongge cave,701,D4_2005_Kelly,417692,126257.550307308,443.378208309296,500.215903702119,-8.43,
39,Dongge cave,115,D4_2004,84980,126273.2378,533.3141798,547.944066,-8.05,
39,Dongge cave,701,D4_2005_Kelly,417693,126283.793106029,442.850802061119,499.167541194241,-8.51,
39,Dongge cave,701,D4_2005_Kelly,417694,126312.992911097,441.267882567845,510.595873734361,-8.71,
39,Dongge cave,701,D4_2005_Kelly,417695,126344.517492411,432.00358793333,511.555870909709,-8.49,
39,Dongge cave,701,D4_2005_Kelly,417696,126368.815365011,425.436235555695,511.43893560936,-8.73,
39,Dongge cave,115,D4_2004,84981,126376.8117,551.7310602,575.097738,-8.01,
39,Dongge cave,701,D4_2005_Kelly,417697,126396.629106933,415.026502191846,515.459799365592,-8.85,
39,Dongge cave,701,D4_2005_Kelly,417698,126425.26757367,410.52948288605,519.474231940607,-8.88,
39,Dongge cave,701,D4_2005_Kelly,417699,126449.434018742,409.126331742009,518.09277571697,-8.76,
39,Dongge cave,701,D4_2005_Kelly,417700,126471.099260061,412.300775744559,514.118536392925,-8.41,
39,Dongge cave,115,D4_2004,84982,126478.6883,595.847055,596.5887762,-8.5,
39,Dongge cave,701,D4_2005_Kelly,417701,126494.449202052,413.678963468104,510.894991902664,-8.6,
39,Dongge cave,701,D4_2005_Kelly,417702,126523.008740008,409.84755522637,512.918354054142,-8.61,
39,Dongge cave,701,D4_2005_Kelly,417703,126547.566082692,410.018342256095,514.536826607713,-8.62,
39,Dongge cave,701,D4_2005_Kelly,417704,126574.569933578,409.932868309523,517.394942649247,-8.76,
39,Dongge cave,115,D4_2004,84983,126581.7397,635.1232153,621.2058192,-8.43,
39,Dongge cave,701,D4_2005_Kelly,417705,126601.573784465,409.346457643915,520.354481076734,-8.75,
39,Dongge cave,701,D4_2005_Kelly,417706,126620.270952438,412.9188857759,517.119464652264,-8.7,
39,Dongge cave,701,D4_2005_Kelly,417707,126633.447272812,421.961457061232,507.97709487204,-8.34,
39,Dongge cave,701,D4_2005_Kelly,417708,126655.004652349,424.460095576811,512.844048388317,-8.63,
39,Dongge cave,701,D4_2005_Kelly,417709,126676.924806577,431.998633340321,518.731186305871,-8.82,
39,Dongge cave,115,D4_2004,84984,126687.8498,675.7676676,653.8455926,-8.07,
39,Dongge cave,701,D4_2005_Kelly,417710,126704.451704782,437.719108345933,526.688821288917,-8.99,
39,Dongge cave,701,D4_2005_Kelly,417711,126728.386691263,447.031495077215,530.00255793157,-8.76,
39,Dongge cave,701,D4_2005_Kelly,417712,126754.220573299,458.232334776345,532.628874408896,-8.69,
39,Dongge cave,701,D4_2005_Kelly,417713,126775.330359055,473.953318166168,530.39393096554,-8.89,
39,Dongge cave,115,D4_2004,84985,126790.9217,706.8880287,688.4502022,-8.08,
39,Dongge cave,701,D4_2005_Kelly,417714,126799.541640799,479.880438532913,531.260483509745,-8.83,
39,Dongge cave,701,D4_2005_Kelly,417715,126823.936075167,477.856188335747,532.310188678704,-8.89,
39,Dongge cave,701,D4_2005_Kelly,417716,126846.56190325,484.110544534444,531.591287561387,-8.61,
39,Dongge cave,701,D4_2005_Kelly,417717,126869.237647612,491.261046385756,530.922302724182,-8.47,
39,Dongge cave,114,D3,84457,126882.2582,771.9877761,746.4054624,-8.5,
39,Dongge cave,701,D4_2005_Kelly,417718,126890.02615181,500.061140031947,528.366077722952,-8.61,
39,Dongge cave,115,D4_2004,84986,126893.7711,744.415729,713.2642582,-8.92,
39,Dongge cave,701,D4_2005_Kelly,417719,126911.092096536,506.678046263827,526.087293250006,-8.76,
39,Dongge cave,701,D4_2005_Kelly,417720,126935.422918593,510.03007516553,528.174268711024,-8.92,
39,Dongge cave,701,D4_2005_Kelly,417721,126959.231290113,513.904554604087,530.318395007693,-8.62,
39,Dongge cave,701,D4_2005_Kelly,417722,126984.668641089,516.150054585931,546.041714310515,-8.93,
39,Dongge cave,701,D4_2005_Kelly,417723,127006.983453274,521.51809336002,558.796901909533,-8.9,
39,Dongge cave,701,D4_2005_Kelly,417724,127029.427376583,526.757021009238,569.090354195621,-8.15,
39,Dongge cave,115,D4_2004,84987,127038.6275,676.4171592,640.1671083,-8.67,
39,Dongge cave,701,D4_2005_Kelly,417725,127049.560364813,534.306883737314,577.072871402881,-7.96,
39,Dongge cave,701,D4_2005_Kelly,417726,127072.526835499,537.641447898495,587.888871065225,-8.06,
39,Dongge cave,701,D4_2005_Kelly,417727,127097.105107679,538.843909848147,600.316672222631,-8.19,
39,Dongge cave,701,D4_2005_Kelly,417728,127123.509767987,538.219983670453,614.570861507353,-8.24,
39,Dongge cave,701,D4_2005_Kelly,417729,127150.860145846,536.650339941203,628.651179229651,-8.46,
39,Dongge cave,701,D4_2005_Kelly,417730,127175.930878894,537.360341023799,637.115950162726,-8.78,
39,Dongge cave,115,D4_2004,84988,127188.7294,593.7974415,586.5007416,-8.78,
39,Dongge cave,701,D4_2005_Kelly,417731,127203.000402239,536.071551808753,647.579511393444,-8.97,
39,Dongge cave,701,D4_2005_Kelly,417732,127228.644251425,536.208436753062,656.617398464776,-8.46,
39,Dongge cave,701,D4_2005_Kelly,417733,127255.223383587,535.410038721035,664.647299519682,-8.76,
39,Dongge cave,701,D4_2005_Kelly,417734,127283.300881154,538.423583966694,680.033543527898,-8.81,
39,Dongge cave,701,D4_2005_Kelly,417735,127307.585409916,540.402046975694,691.626818731267,-8.81,
39,Dongge cave,701,D4_2005_Kelly,417736,127331.612519908,545.707894000851,702.602976626193,-8.91,
39,Dongge cave,115,D4_2004,84989,127336.7855,540.013155,518.818873,-8.83,
39,Dongge cave,701,D4_2005_Kelly,417737,127355.597923837,553.195596075646,713.098499110944,-8.58,
39,Dongge cave,701,D4_2005_Kelly,417738,127376.640140174,564.828079280051,720.650834002547,-8.49,
39,Dongge cave,701,D4_2005_Kelly,417739,127397.940105737,576.202813257551,728.460918121069,-8.91,
39,Dongge cave,701,D4_2005_Kelly,417740,127422.685053778,584.132564756685,739.715984717957,-8.62,
39,Dongge cave,701,D4_2005_Kelly,417741,127447.329867907,592.162450168995,750.870917401655,-8.75,
39,Dongge cave,701,D4_2005_Kelly,417742,127470.711795106,601.455222510864,760.762963155794,-8.65,
39,Dongge cave,115,D4_2004,84990,127488.3037,493.5530962,494.0716032,-8.83,
39,Dongge cave,701,D4_2005_Kelly,417743,127499.407898491,604.74350427551,775.969185096546,-9.06,
39,Dongge cave,701,D4_2005_Kelly,417744,127527.022855838,607.899075866459,788.833549337753,-8.94,
39,Dongge cave,701,D4_2005_Kelly,417745,127545.404472635,620.287988007593,790.231566513277,-8.65,
39,Dongge cave,701,D4_2005_Kelly,417746,127566.872604679,629.590384902083,790.488800633117,-7.98,
39,Dongge cave,701,D4_2005_Kelly,417747,127590.558359963,636.67515855527,792.541578173288,-8.22,
39,Dongge cave,701,D4_2005_Kelly,417748,127615.822950538,642.181096918692,794.922836319791,-8.67,
39,Dongge cave,115,D4_2004,84991,127633.8404,470.6148633,475.0688202,-8.8,
39,Dongge cave,701,D4_2005_Kelly,417749,127640.798709883,647.975866511624,797.015263236783,-8.64,
39,Dongge cave,701,D4_2005_Kelly,417750,127651.93112686,638.076591760386,773.827640366362,-8.29,
39,Dongge cave,701,D4_2005_Kelly,417751,127661.315088455,633.224422255022,747.520305072612,-8.39,
39,Dongge cave,701,D4_2005_Kelly,417752,127672.822910493,626.482221263519,730.89825068858,-8.34,
39,Dongge cave,701,D4_2005_Kelly,417753,127685.924817143,621.075308678061,704.987911882956,-8.6,
39,Dongge cave,701,D4_2005_Kelly,417754,127707.73167195,607.386744060525,694.542807812366,-8.71,
39,Dongge cave,701,D4_2005_Kelly,417755,127727.584173462,594.333306248853,682.143350445855,-8.63,
39,Dongge cave,701,D4_2005_Kelly,417756,127742.308145318,583.517939587458,662.155275050623,-8.81,
39,Dongge cave,701,D4_2005_Kelly,417757,127751.566494042,585.314454654072,632.370585139288,-9.05,
39,Dongge cave,701,D4_2005_Kelly,417758,127774.127470965,584.270678635439,613.799517832755,-8.83,
39,Dongge cave,115,D4_2004,84992,127780.0832,454.6138203,493.1163094,-8.72,
39,Dongge cave,701,D4_2005_Kelly,417759,127789.194592239,581.653335521129,593.482567369152,-8.63,
39,Dongge cave,701,D4_2005_Kelly,417760,127797.536338387,579.110100369464,589.148299320907,-8.82,
39,Dongge cave,701,D4_2005_Kelly,417761,127807.768987317,578.178375533753,573.885915392326,-8.9,
39,Dongge cave,701,D4_2005_Kelly,417762,127823.041508752,571.917883192145,560.262711964708,-8.82,
39,Dongge cave,701,D4_2005_Kelly,417763,127840.826600784,566.137040110218,547.251000609293,-9.25,
39,Dongge cave,701,D4_2005_Kelly,417764,127851.373777259,564.769771390958,529.858282825342,-8.93,
39,Dongge cave,701,D4_2005_Kelly,417765,127871.861911732,550.819403325877,523.899826105699,-8.97,
39,Dongge cave,701,D4_2005_Kelly,417766,127890.415958106,537.089248768621,525.819064186217,-9.06,
39,Dongge cave,701,D4_2005_Kelly,417767,127910.485528895,524.495395339996,522.559346519716,-9.32,
39,Dongge cave,115,D4_2004,84993,127929.3884,466.6701399,506.469725,-8.29,
39,Dongge cave,701,D4_2005_Kelly,417768,127935.679875719,512.440584311465,535.419384778914,-9.08,
39,Dongge cave,701,D4_2005_Kelly,417769,127957.866789772,506.043604484992,547.298769373941,-9.14,
39,Dongge cave,701,D4_2005_Kelly,417770,127977.465956415,502.570106664207,552.451621082757,-9.34,
39,Dongge cave,701,D4_2005_Kelly,417771,128008.36266514,492.513268935989,532.538163306977,-9.26,
39,Dongge cave,701,D4_2005_Kelly,417772,128022.653485416,497.682483353245,531.304399509274,-9.2,
39,Dongge cave,701,D4_2005_Kelly,417773,128024.882347102,520.916736290514,513.375767148696,-9.51,
39,Dongge cave,701,D4_2005_Kelly,417774,128042.169895927,524.395683349911,510.033537206211,-9.34,
39,Dongge cave,701,D4_2005_Kelly,417775,128061.78638791,522.863611303139,507.371571083553,-9.27,
39,Dongge cave,115,D4_2004,84994,128079.6369,492.8095608,531.5704697,-8.22,
39,Dongge cave,701,D4_2005_Kelly,417776,128100.280909955,518.585172829509,513.958882967912,-9.13,
39,Dongge cave,701,D4_2005_Kelly,417777,128138.504596112,509.252785947378,528.070145866441,-9.38,
39,Dongge cave,701,D4_2005_Kelly,417778,128146.517710464,514.324174272566,523.622017305795,-8.59,
39,Dongge cave,701,D4_2005_Kelly,417779,128154.365562927,515.69700049331,525.626718004132,-9.44,
39,Dongge cave,701,D4_2005_Kelly,417780,128164.298763015,519.210147578269,521.358200555667,-9.46,
39,Dongge cave,701,D4_2005_Kelly,417781,128184.582755985,510.964792089624,526.000319346436,-9.46,
39,Dongge cave,701,D4_2005_Kelly,417782,128221.695008947,500.856119466902,543.706866040433,-8.86,
39,Dongge cave,115,D4_2004,84995,128226.3194,559.8969983,572.1271201,-8.41,
39,Dongge cave,701,D4_2005_Kelly,417783,128232.987874769,527.333847531307,550.447288989759,-8.66,
39,Dongge cave,701,D4_2005_Kelly,417784,128244.835977371,538.934948585025,548.585901482438,-8.96,
39,Dongge cave,701,D4_2005_Kelly,417785,128259.779688593,549.365134224165,545.483654796903,-8.86,
39,Dongge cave,701,D4_2005_Kelly,417786,128280.786512062,552.550490054055,551.946585581682,-8.8,
39,Dongge cave,701,D4_2005_Kelly,417787,128300.56771201,550.532647455824,558.064735623018,-8.75,
39,Dongge cave,701,D4_2005_Kelly,417788,128327.243211845,541.38113019125,571.918652691194,-8.74,
39,Dongge cave,701,D4_2005_Kelly,417789,128337.622978413,548.436596344603,572.010041671776,-8.21,
39,Dongge cave,701,D4_2005_Kelly,417790,128355.052278488,540.224196656272,553.572703548271,-8.42,
39,Dongge cave,115,D4_2004,84996,128373.4973,599.5285177,637.8622829,-8.06,
39,Dongge cave,701,D4_2005_Kelly,417791,128374.519292519,532.93888224785,533.772014594884,-8.86,
39,Dongge cave,701,D4_2005_Kelly,417792,128396.0100552,526.990279582576,519.207966969567,-8.49,
39,Dongge cave,701,D4_2005_Kelly,417793,128417.395303326,514.729917978868,509.052108352524,-8.88,
39,Dongge cave,701,D4_2005_Kelly,417794,128436.637778005,504.010650626733,500.821516349009,-8.6,
39,Dongge cave,701,D4_2005_Kelly,417795,128454.318692983,496.347672508433,487.501204548913,-8.83,
39,Dongge cave,701,D4_2005_Kelly,417796,128476.855144608,496.842880197684,485.642454412198,-8.78,
39,Dongge cave,701,D4_2005_Kelly,417797,128508.883213568,483.71384248737,483.048496856674,-8.6,
39,Dongge cave,701,D4_2005_Kelly,417798,128535.554130044,470.103636348649,470.993168875226,-8.58,
39,Dongge cave,701,D4_2005_Kelly,417799,128558.268013134,458.736208725473,471.878051768465,-8.51,
39,Dongge cave,701,D4_2005_Kelly,417800,128584.359861013,442.131555452521,462.841294616912,-8.3,
39,Dongge cave,701,D4_2005_Kelly,417801,128605.486812171,434.720609272612,465.414377694702,-8.19,
39,Dongge cave,115,D4_2004,84997,128613.9667,512.0665531,513.2405279,-8.1,
39,Dongge cave,701,D4_2005_Kelly,417802,128622.194379929,423.463008623614,473.057150489985,-8.16,
39,Dongge cave,701,D4_2005_Kelly,417803,128630.542091404,424.82210292606,474.719290251087,-7.73,
39,Dongge cave,701,D4_2005_Kelly,417804,128636.213829577,425.820105066552,466.61558881597,-8.02,
39,Dongge cave,701,D4_2005_Kelly,417805,128646.164953847,423.832635040279,458.0916322392,-8.21,
39,Dongge cave,701,D4_2005_Kelly,417806,128654.61304378,423.241514083114,452.296274535853,-8.23,
39,Dongge cave,701,D4_2005_Kelly,417807,128660.2523209,427.705232028908,436.431777743128,-7.95,
39,Dongge cave,701,D4_2005_Kelly,417808,128668.246938179,429.813609815959,432.59855812868,-7.72,
39,Dongge cave,701,D4_2005_Kelly,417809,128688.481493037,416.280293057906,441.688359359381,-8.19,
39,Dongge cave,701,D4_2005_Kelly,417810,128708.710891422,399.539623878896,452.357008034232,-8.2,
39,Dongge cave,701,D4_2005_Kelly,417811,128725.745569118,385.993675387581,464.008895495062,-8.16,
39,Dongge cave,701,D4_2005_Kelly,417812,128738.104998958,375.72748307095,470.904759430239,-8.08,
39,Dongge cave,701,D4_2005_Kelly,417813,128749.118512676,369.639535643364,475.367816462283,-8.13,
39,Dongge cave,701,D4_2005_Kelly,417814,128762.149346911,363.392662811922,479.181369798069,-7.65,
39,Dongge cave,701,D4_2005_Kelly,417815,128768.615101191,362.948770493196,479.244326808301,-7.43,
39,Dongge cave,701,D4_2005_Kelly,417816,128778.940248711,359.494308646739,487.209721585576,-8,
39,Dongge cave,701,D4_2005_Kelly,417817,128792.1409824,355.454489188371,497.264118285093,-7.83,
39,Dongge cave,701,D4_2005_Kelly,417818,128802.80090636,352.371936259326,505.08497004697,-8.13,
39,Dongge cave,701,D4_2005_Kelly,417819,128808.721573631,355.045456226726,506.172598569101,-7.93,
39,Dongge cave,701,D4_2005_Kelly,417820,128812.363302836,368.093452261237,503.370276108588,-7.97,
39,Dongge cave,701,D4_2005_Kelly,417821,128816.081861379,380.984433673933,502.255795902951,-7.87,
39,Dongge cave,701,D4_2005_Kelly,417822,128821.858616117,387.485318608538,501.477240923399,-7.94,
39,Dongge cave,701,D4_2005_Kelly,417823,128826.581758313,394.126067895035,497.743889276506,-7.85,
39,Dongge cave,701,D4_2005_Kelly,417824,128833.594610782,393.279672402597,501.92354802409,-7.55,
39,Dongge cave,701,D4_2005_Kelly,417825,128835.717133035,395.254624883659,495.500217715628,-7.54,
39,Dongge cave,701,D4_2005_Kelly,417826,128839.339033085,396.572415319199,486.644937141362,-7.26,
39,Dongge cave,701,D4_2005_Kelly,417827,128843.166215517,398.116151733237,485.991565236953,-7.09,
39,Dongge cave,701,D4_2005_Kelly,417828,128848.49068899,399.555102204948,486.761241617496,-7.44,
39,Dongge cave,701,D4_2005_Kelly,417829,128853.629426431,408.62062190201,484.39740112143,-7.74,
39,Dongge cave,701,D4_2005_Kelly,417830,128862.289399398,427.079343325066,481.825708379925,-7.33,
39,Dongge cave,115,D4_2004,84998,128866.4841,480.5481281,515.3539163,-7.66,
39,Dongge cave,701,D4_2005_Kelly,417831,128877.190938264,430.758181239129,485.495581538242,-7.59,
39,Dongge cave,701,D4_2005_Kelly,417832,128888.673252321,435.098971364656,486.9740893165,-7.32,
39,Dongge cave,701,D4_2005_Kelly,417833,128894.450290126,444.555366144137,484.380628351151,-7.45,
39,Dongge cave,701,D4_2005_Kelly,417834,128898.472118274,464.285728716452,484.86260297781,-7.38,
39,Dongge cave,701,D4_2005_Kelly,417835,128909.723421396,475.133658288934,493.227698832925,-7.66,
39,Dongge cave,114,D3,84458,128912.1222,1320.004351,1268.612724,-7.89,
39,Dongge cave,701,D4_2005_Kelly,417836,128915.3782517,486.405297134886,492.057818710397,-7.42,
39,Dongge cave,701,D4_2005_Kelly,417837,128920.77853286,490.054904200384,488.863698787638,-7.4,
39,Dongge cave,701,D4_2005_Kelly,417838,128930.044157678,490.957581966504,489.534922524224,-7.25,
39,Dongge cave,701,D4_2005_Kelly,417839,128937.560109159,505.473869883484,488.456472922873,-7.23,
39,Dongge cave,701,D4_2005_Kelly,417840,128947.105844416,517.647170050172,492.564813293124,-7.03,
39,Dongge cave,701,D4_2005_Kelly,417841,128964.69105555,517.581561695755,504.466138708958,-7.25,
39,Dongge cave,701,D4_2005_Kelly,417842,128972.099697093,527.592562340229,506.190894533211,-6.88,
39,Dongge cave,701,D4_2005_Kelly,417843,128977.240359112,542.507569949375,505.647670834078,-6.44,
39,Dongge cave,701,D4_2005_Kelly,417844,128992.857989846,545.93474400515,515.58141585032,-6.1,
39,Dongge cave,701,D4_2005_Kelly,417845,129001.345731044,560.216143436148,518.385271330029,-6.05,
39,Dongge cave,701,D4_2005_Kelly,417846,129012.886176175,571.516968980854,524.241830742554,-5.52,
39,Dongge cave,701,D4_2005_Kelly,417847,129025.773906118,576.47742147962,531.722587715049,-5.58,
39,Dongge cave,701,D4_2005_Kelly,417848,129036.093564199,585.467032997753,538.320341680446,-5.96,
39,Dongge cave,701,D4_2005_Kelly,417849,129042.132087378,601.835623148087,540.636960744072,-5.98,
39,Dongge cave,701,D4_2005_Kelly,417850,129047.7297192,618.645104654453,542.483115360534,-6,
39,Dongge cave,701,D4_2005_Kelly,417851,129058.293007035,630.488930149382,544.852986948506,-5.45,
39,Dongge cave,701,D4_2005_Kelly,417852,129067.619181395,637.375143982848,542.68833921678,-5.92,
39,Dongge cave,701,D4_2005_Kelly,417853,129073.837580486,650.692608305806,537.415916215061,-5.97,
39,Dongge cave,701,D4_2005_Kelly,417854,129090.196939388,640.712893775868,526.843376769466,-5.63,
39,Dongge cave,701,D4_2005_Kelly,417855,129096.868112274,643.069377155276,506.582651308767,-5.88,
39,Dongge cave,115,D4_2004,84999,129109.1771,569.0834252,592.4126375,-7.44,
39,Dongge cave,701,D4_2005_Kelly,417856,129126.48438816,622.108880752698,505.229437528469,-5.75,
39,Dongge cave,701,D4_2005_Kelly,417857,129156.58489544,601.10221095063,514.129769665946,-5.92,
39,Dongge cave,701,D4_2005_Kelly,417858,129185.790029346,583.789441838817,526.540160264427,-6.01,
39,Dongge cave,701,D4_2005_Kelly,417859,129196.712954571,589.509363118443,518.755022925019,-5.89,
39,Dongge cave,701,D4_2005_Kelly,417860,129215.004546129,581.940022217386,514.707250799693,-5.74,
39,Dongge cave,701,D4_2005_Kelly,417861,129231.627752372,588.549621408281,503.566715976936,-5.55,
39,Dongge cave,701,D4_2005_Kelly,417862,129254.35776589,580.321756320511,493.723542636624,-5.84,
39,Dongge cave,701,D4_2005_Kelly,417863,129266.26753879,596.095362557244,483.388366181258,-5.71,
39,Dongge cave,701,D4_2005_Kelly,417864,129284.84826109,587.681801064638,476.724100075386,-5.75,
39,Dongge cave,701,D4_2005_Kelly,417865,129307.872725355,580.25615423618,473.176660829806,-5.54,
39,Dongge cave,701,D4_2005_Kelly,417866,129332.683968648,577.396619794861,474.985107916626,-5.67,
39,Dongge cave,115,D4_2004,85000,129348.7599,726.607667,707.344211,-6.2,
39,Dongge cave,701,D4_2005_Kelly,417867,129350.87476243,578.107854185364,475.108347321016,-5.53,
39,Dongge cave,701,D4_2005_Kelly,417868,129373.487989483,570.925352184349,481.077392616178,-5.57,
39,Dongge cave,701,D4_2005_Kelly,417869,129393.803739247,568.310147883283,488.225817266386,-5.61,
39,Dongge cave,701,D4_2005_Kelly,417870,129421.910183325,558.229539791733,501.133042017958,-5.57,
39,Dongge cave,701,D4_2005_Kelly,417871,129436.2561433,564.441660442782,488.460497807639,-5.47,
39,Dongge cave,701,D4_2005_Kelly,417872,129453.554948785,565.904342316222,501.607997239189,-5.66,
39,Dongge cave,701,D4_2005_Kelly,417873,129471.54319969,568.111191367236,513.295977252128,-5.88,
39,Dongge cave,701,D4_2005_Kelly,417874,129498.159337855,561.929386616641,526.597561138959,-4.78,
39,Dongge cave,701,D4_2005_Kelly,417875,129520.570676414,572.031882556388,535.343209070445,-4.94,
39,Dongge cave,115,D4_2004,85001,129524.705,676.8681806,660.7665201,-5.88,
39,Dongge cave,701,D4_2005_Kelly,417876,129542.264734816,574.921125803085,542.252551964353,-5.11,
39,Dongge cave,701,D4_2005_Kelly,417877,129563.430641593,567.703235069712,548.663385094667,-5.38,
39,Dongge cave,701,D4_2005_Kelly,417878,129583.906557569,567.537875920316,554.087313018128,-5.9,
39,Dongge cave,701,D4_2005_Kelly,417879,129609.524469353,555.465456774094,566.566906537555,-7.12,
39,Dongge cave,701,D4_2005_Kelly,417880,129625.617738671,554.491898322143,568.70474354754,-5.28,
39,Dongge cave,701,D4_2005_Kelly,417881,129642.746173278,573.56332690049,571.607975086285,-5.69,
39,Dongge cave,115,D4_2004,85002,129699.8209,619.0145781,618.8307878,-5.21,
39,Dongge cave,701,D4_2005_Kelly,417882,129787.071300005,641.993477424054,642.472460135992,-5.88,
39,Dongge cave,701,D4_2005_Kelly,417883,129807.768876624,654.984046426864,649.214532751226,-4.87,
39,Dongge cave,701,D4_2005_Kelly,417884,129823.39045022,681.90968119177,650.880602343284,-5.92,
39,Dongge cave,701,D4_2005_Kelly,417885,129846.358951765,694.644499653819,659.349890734025,-5.34,
39,Dongge cave,701,D4_2005_Kelly,417886,129868.136907034,712.566280109459,663.015292583092,-5.92,
39,Dongge cave,115,D4_2004,85003,129869.7696,575.5302511,580.5469241,-5.55,
39,Dongge cave,701,D4_2005_Kelly,417887,129886.580204476,740.344702692179,666.391663970746,-5.37,
39,Dongge cave,701,D4_2005_Kelly,417888,129895.865942665,777.280684527126,659.087662423146,-5.47,
39,Dongge cave,701,D4_2005_Kelly,417889,129909.129142004,810.239205212041,655.237167941348,-5.34,
39,Dongge cave,701,D4_2005_Kelly,417890,129927.004598745,837.7909910296,654.426393124275,-6.06,
39,Dongge cave,701,D4_2005_Kelly,417891,129952.439849814,854.821522983941,661.175412634926,-5.68,
39,Dongge cave,701,D4_2005_Kelly,417892,129965.171977485,850.512650834658,654.352751840226,-5.68,
39,Dongge cave,701,D4_2005_Kelly,417893,129974.140025915,852.356037581398,648.787201217128,-5.62,
39,Dongge cave,701,D4_2005_Kelly,417894,129986.195914758,850.893996817467,646.192263880614,-5.8,
39,Dongge cave,701,D4_2005_Kelly,417895,129998.651280373,842.773916230042,642.502642157779,-5.65,
39,Dongge cave,701,D4_2005_Kelly,417896,130018.408550297,829.467489038172,633.382832066389,-5.74,
39,Dongge cave,701,D4_2005_Kelly,417897,130038.629425669,822.784835844213,629.31445943439,-5.78,
39,Dongge cave,115,D4_2004,85004,130045.4964,544.9628376,535.6914417,-5.65,
39,Dongge cave,701,D4_2005_Kelly,417898,130056.967718595,817.984765097484,623.363504355133,-5.6,
39,Dongge cave,701,D4_2005_Kelly,417899,130068.878055566,819.612650305353,609.625370060894,-5.68,
39,Dongge cave,701,D4_2005_Kelly,417900,130092.412538421,809.499080373615,606.307890145297,-5.7,
39,Dongge cave,701,D4_2005_Kelly,417901,130112.507437466,801.642428691324,598.153197033535,-5.8,
39,Dongge cave,701,D4_2005_Kelly,417902,130134.11749611,793.026833731812,588.738615902112,-5.84,
39,Dongge cave,701,D4_2005_Kelly,417903,130152.694472597,789.40660380607,572.968689017172,-5.7,
39,Dongge cave,701,D4_2005_Kelly,417904,130172.676133299,782.082922667018,566.089492051542,-5.49,
39,Dongge cave,701,D4_2005_Kelly,417905,130192.868132267,774.548903262024,560.349633492267,-5.79,
39,Dongge cave,701,D4_2005_Kelly,417906,130215.317583469,766.014206048567,553.857979024528,-5.69,
39,Dongge cave,115,D4_2004,85005,130221.2085,529.9256037,508.1016929,-5.45,
39,Dongge cave,701,D4_2005_Kelly,417907,130241.255573849,754.605881954107,562.056366135366,-5.72,
39,Dongge cave,701,D4_2005_Kelly,417908,130259.234923232,746.558032992805,563.805716282761,-5.83,
39,Dongge cave,701,D4_2005_Kelly,417909,130273.535630094,734.125172701111,554.79824153622,-5.82,
39,Dongge cave,701,D4_2005_Kelly,417910,130292.055188042,723.048236600662,542.084360605673,-6.05,
39,Dongge cave,701,D4_2005_Kelly,417911,130310.441935674,709.530694578891,526.066283155451,-5.66,
39,Dongge cave,701,D4_2005_Kelly,417912,130330.805014251,693.341039887193,516.009446605138,-5.72,
39,Dongge cave,701,D4_2005_Kelly,417913,130347.613861885,680.446964734598,513.630665795616,-5.49,
39,Dongge cave,701,D4_2005_Kelly,417914,130366.1119047,673.640384488521,512.680251710015,-6.02,
39,Dongge cave,701,D4_2005_Kelly,417915,130384.918426742,668.502252774386,510.161166010919,-5.73,
39,Dongge cave,115,D4_2004,85006,130399.7085,516.6570039,500.6049042,-5.67,
39,Dongge cave,701,D4_2005_Kelly,417916,130404.054329705,655.188737089833,504.422276128258,-4.88,
39,Dongge cave,701,D4_2005_Kelly,417917,130422.603255864,649.718051699878,504.642619904189,-4.74,
39,Dongge cave,114,D3,84459,130440.6939,1074.536467,1242.140504,-8.43,
39,Dongge cave,701,D4_2005_Kelly,417918,130445.631802103,647.943427063379,513.721261286293,-5.58,
39,Dongge cave,701,D4_2005_Kelly,417919,130462.026006671,650.944851702166,515.102014335687,-5.38,
39,Dongge cave,701,D4_2005_Kelly,417920,130478.039355774,654.227785055409,516.633685250592,-5.73,
39,Dongge cave,701,D4_2005_Kelly,417921,130498.437502045,660.063777911506,516.497455566685,-5.59,
39,Dongge cave,701,D4_2005_Kelly,417922,130519.797742949,653.203956477504,524.418658404174,-5.85,
39,Dongge cave,701,D4_2005_Kelly,417923,130541.6317446,649.471802262095,530.923165653963,-5.55,
39,Dongge cave,701,D4_2005_Kelly,417924,130570.803648457,638.401745841576,549.248948113091,-5.32,
39,Dongge cave,701,D4_2005_Kelly,417925,130587.548549187,635.269014156132,548.830343747904,-5.6,
39,Dongge cave,701,D4_2005_Kelly,417926,130602.954190525,643.895200952975,540.252304494046,-5.29,
39,Dongge cave,701,D4_2005_Kelly,417927,130614.571159156,655.181327052502,515.479074813382,-4.78,
39,Dongge cave,701,D4_2005_Kelly,417928,130632.345986274,652.883846667988,523.9935655999,-5.01,
39,Dongge cave,701,D4_2005_Kelly,417929,130649.067661296,659.236215879573,524.984293537156,-5.33,
39,Dongge cave,701,D4_2005_Kelly,417930,130670.380125572,661.122456860772,535.486774028905,-5.05,
39,Dongge cave,701,D4_2005_Kelly,417931,130687.015585694,669.862974629854,540.090674682317,-5.03,
39,Dongge cave,701,D4_2005_Kelly,417932,130709.290192126,672.23106193103,550.333721644362,-5.36,
39,Dongge cave,701,D4_2005_Kelly,417933,130727.596111009,691.993270384541,555.817751897412,-5.34,
39,Dongge cave,701,D4_2005_Kelly,417934,130748.766047894,705.527639168839,556.943285662492,-5.12,
39,Dongge cave,701,D4_2005_Kelly,417935,130770.552194503,704.779487602325,565.987904113121,-5.42,
39,Dongge cave,701,D4_2005_Kelly,417936,130791.665860277,703.668449112127,574.360041728723,-4.94,
39,Dongge cave,701,D4_2005_Kelly,417937,130811.776352783,719.93494436302,577.086603123666,-5.43,
39,Dongge cave,701,D4_2005_Kelly,417938,130840.04352512,726.774706383352,589.716764788245,-5.34,
39,Dongge cave,701,D4_2005_Kelly,417939,130858.972759692,741.674645089122,593.681016264352,-5.33,
39,Dongge cave,701,D4_2005_Kelly,417940,130879.491203348,750.147501078551,603.005719035034,-4.99,
39,Dongge cave,701,D4_2005_Kelly,417941,130920.926940875,730.219343922727,579.395876884402,-4.5,
39,Dongge cave,701,D4_2005_Kelly,417942,130972.723026483,701.16843573036,571.374198589969,-4.43,
39,Dongge cave,701,D4_2005_Kelly,417943,131023.556768619,682.146115722819,547.288157138013,-4.9,
39,Dongge cave,701,D4_2005_Kelly,417944,131089.199328953,633.942087772273,553.535276094539,-5.65,
39,Dongge cave,115,D4_2004,85007,131094.3282,569.8091145,569.9239251,-5.12,
39,Dongge cave,701,D4_2005_Kelly,417945,131146.291558404,605.846051874309,546.567611801773,-5.11,
39,Dongge cave,701,D4_2005_Kelly,417946,131188.572410259,597.131733450107,525.647018843956,-5.11,
39,Dongge cave,701,D4_2005_Kelly,417947,131232.466527817,603.019103870029,506.786617015081,-5.36,
39,Dongge cave,701,D4_2005_Kelly,417948,131291.088427256,602.89445592853,507.558657463116,-5.13,
39,Dongge cave,701,D4_2005_Kelly,417949,131339.287707769,601.313966576417,504.440215108174,-5.02,
39,Dongge cave,701,D4_2005_Kelly,417950,131393.766587131,571.431304606958,501.886289025206,-5.12,
39,Dongge cave,701,D4_2005_Kelly,417951,131439.639767137,555.829501065775,511.869431547442,-5.21,
39,Dongge cave,701,D4_2005_Kelly,417952,131490.48959408,542.401645314123,522.328297439177,-5.34,
39,Dongge cave,701,D4_2005_Kelly,417953,131548.812826477,546.202211759373,537.197034417652,-5.02,
39,Dongge cave,701,D4_2005_Kelly,417954,131597.891536336,546.895941090508,545.078829088074,-5.53,
39,Dongge cave,701,D4_2005_Kelly,417955,131647.600240284,549.221337104769,536.514119004685,-5.17,
39,Dongge cave,701,D4_2005_Kelly,417956,131700.752920686,540.79245294258,563.04185647369,-5.52,
39,Dongge cave,701,D4_2005_Kelly,417957,131758.21012856,528.896984207822,591.379190019681,-5.16,
39,Dongge cave,115,D4_2004,85008,131785.3834,760.6726279,717.1165502,-4.67,
39,Dongge cave,701,D4_2005_Kelly,417958,131807.655635928,533.189097809489,602.958290394774,-5.5,
39,Dongge cave,701,D4_2005_Kelly,417959,131860.359113303,541.010941081069,623.168443999049,-4.99,
39,Dongge cave,701,D4_2005_Kelly,417960,131913.376986739,564.999142497836,621.958004215849,-5.28,
39,Dongge cave,114,D3,84460,131954.6609,1410.489866,1763.708573,-5.66,
39,Dongge cave,701,D4_2005_Kelly,417961,131961.631617278,593.750586810173,626.332318158908,-5.09,
39,Dongge cave,701,D4_2005_Kelly,417962,132008.579885543,623.808393397368,638.583488311968,-5.18,
39,Dongge cave,701,D4_2005_Kelly,417963,132057.121412398,640.583612793183,657.712148555991,-4.65,
39,Dongge cave,701,D4_2005_Kelly,417964,132096.83652665,664.341470344691,683.237495394336,-4.73,
39,Dongge cave,701,D4_2005_Kelly,417965,132145.644760692,665.53415196549,712.034805090632,-5.08,
39,Dongge cave,701,D4_2005_Kelly,417966,132203.2180655,672.127826231823,721.922133242071,-5.24,
39,Dongge cave,114,D3,84461,132440.3792,1115.985525,1160.624026,-5.69,
39,Dongge cave,701,D4_2005_Kelly,417967,132445.866159842,798.588050145598,841.696847265994,-4.95,
39,Dongge cave,701,D4_2005_Kelly,417968,132494.245102755,826.635475485295,878.021912199445,-5.06,
39,Dongge cave,701,D4_2005_Kelly,417969,132541.506374095,858.340882029821,911.183531664428,-5.02,
39,Dongge cave,701,D4_2005_Kelly,417970,132591.857543215,885.749825594656,947.038994581089,-5.12,
39,Dongge cave,701,D4_2005_Kelly,417971,132655.860196167,899.50728532669,996.545941330551,-5.09,
39,Dongge cave,701,D4_2005_Kelly,417972,132712.647500116,920.480094063329,1031.17369791062,-4.94,
39,Dongge cave,701,D4_2005_Kelly,417973,132759.436493408,900.0555212131,964.717517573532,-5.21,
39,Dongge cave,701,D4_2005_Kelly,417974,132828.945643531,856.713347425859,918.849754192721,-5.01,
39,Dongge cave,701,D4_2005_Kelly,417975,132898.478539791,813.571969688928,873.005736948224,-4.19,
39,Dongge cave,115,D4_2004,85009,132932.8766,748.1080419,766.8288544,-5.11,
39,Dongge cave,114,D3,84462,132962.0264,877.3195764,793.3806002,-3.73,
39,Dongge cave,701,D4_2005_Kelly,417976,132976.994356365,759.232006879174,856.817389965785,-5.02,
39,Dongge cave,701,D4_2005_Kelly,417977,133035.436720125,723.887562838121,817.632855958334,-5.28,
39,Dongge cave,701,D4_2005_Kelly,417978,133084.038733025,708.028100755357,763.256279748341,-5.04,
39,Dongge cave,701,D4_2005_Kelly,417979,133117.208357359,696.587790486839,741.325905492209,-5.25,
39,Dongge cave,701,D4_2005_Kelly,417980,133150.242906444,676.006087682297,717.846867612883,-4.97,
39,Dongge cave,701,D4_2005_Kelly,417981,133180.529814983,654.226157002646,689.942794013768,-5.16,
39,Dongge cave,701,D4_2005_Kelly,417982,133218.887358534,635.229730491759,683.381931921642,-5.19,
39,Dongge cave,701,D4_2005_Kelly,417983,133246.562934379,625.17445171994,661.516927459714,-4.74,
39,Dongge cave,701,D4_2005_Kelly,417984,133278.141589914,613.908904475655,641.088357175759,-5.34,
39,Dongge cave,701,D4_2005_Kelly,417985,133313.091930932,607.2532132786,628.673250938213,-5.53,
39,Dongge cave,701,D4_2005_Kelly,417986,133349.033658833,596.672391819244,628.507707237266,-5.62,
39,Dongge cave,701,D4_2005_Kelly,417987,133388.868826151,583.065708468755,629.916753417288,-5.86,
39,Dongge cave,701,D4_2005_Kelly,417988,133419.746547607,568.955556880974,621.759241593303,-5.36,
39,Dongge cave,701,D4_2005_Kelly,417989,133451.405601191,560.36055330676,618.799448497477,-6.19,
39,Dongge cave,701,D4_2005_Kelly,417990,133476.435263208,558.94278690606,606.461684939044,-6.19,
39,Dongge cave,114,D3,84463,133476.9207,843.7808198,803.1374539,-3.63,
39,Dongge cave,701,D4_2005_Kelly,417991,133516.075701824,542.914243904816,601.115234134573,-6.02,
39,Dongge cave,701,D4_2005_Kelly,417992,133553.095762069,538.522779924766,590.815716623212,-6.36,
39,Dongge cave,701,D4_2005_Kelly,417993,133589.43442421,537.347613470076,575.240600330057,-5.48,
39,Dongge cave,701,D4_2005_Kelly,417994,133628.284032636,533.661500730261,571.532313144126,-5.35,
39,Dongge cave,701,D4_2005_Kelly,417995,133662.16874276,531.149909010011,579.699059346429,-5.19,
39,Dongge cave,701,D4_2005_Kelly,417996,133697.688515568,533.122321449191,586.910279641568,-4.99,
39,Dongge cave,701,D4_2005_Kelly,417997,133728.815661663,532.573773911572,586.648897698848,-5.4,
39,Dongge cave,701,D4_2005_Kelly,417998,133761.283771907,530.686609811964,591.213951640966,-5.3,
39,Dongge cave,701,D4_2005_Kelly,417999,133802.662933789,517.996419740579,610.361039583862,-5.23,
39,Dongge cave,701,D4_2005_Kelly,418000,133836.989054341,513.822674037277,617.935687933292,-5.48,
39,Dongge cave,701,D4_2005_Kelly,418001,133874.085059888,505.182219505805,622.464580849948,-5.47,
39,Dongge cave,114,D3,84464,133913.7454,755.9735295,716.0909895,-4.47,
39,Dongge cave,701,D4_2005_Kelly,418002,133941.501206862,512.929320010007,619.116487433843,-4.62,
39,Dongge cave,701,D4_2005_Kelly,418003,133972.449382446,518.379679860926,616.560793353623,-4.76,
39,Dongge cave,701,D4_2005_Kelly,418004,134007.699058777,518.987304212991,618.306600021519,-4.74,
39,Dongge cave,701,D4_2005_Kelly,418005,134032.305916027,530.237747646286,609.409587608185,-5.01,
39,Dongge cave,701,D4_2005_Kelly,418006,134072.474380889,525.926583467663,619.783042818482,-5.31,
39,Dongge cave,115,D4_2004,85010,134072.9428,1108.395637,1114.869676,-4.7,
39,Dongge cave,701,D4_2005_Kelly,418007,134097.872513682,536.355790178117,616.439481800538,-5.45,
39,Dongge cave,701,D4_2005_Kelly,418008,134126.516578359,543.377908323309,608.471560086124,-5.51,
39,Dongge cave,701,D4_2005_Kelly,418009,134162.580171247,548.866775734175,621.89548658827,-5.43,
39,Dongge cave,701,D4_2005_Kelly,418010,134189.042682161,563.668743800576,628.316331650596,-5.27,
39,Dongge cave,701,D4_2005_Kelly,418011,134217.345276949,575.132989152335,625.432908162154,-5.08,
39,Dongge cave,701,D4_2005_Kelly,418012,134345.785112565,587.298886668577,655.687768514297,-5.42,
39,Dongge cave,114,D3,84465,134354.3335,688.1249941,648.6628456,-4.06,
39,Dongge cave,701,D4_2005_Kelly,418013,134423.581675134,602.255307362939,679.383022768568,-5.31,
39,Dongge cave,701,D4_2005_Kelly,418014,134486.085095172,635.884963977762,686.204268351576,-5.22,
39,Dongge cave,701,D4_2005_Kelly,418015,134556.62110219,641.371537623898,698.496560769738,-5.36,
39,Dongge cave,701,D4_2005_Kelly,418016,134616.091925197,674.223181754816,694.756881926733,-5.24,
39,Dongge cave,701,D4_2005_Kelly,418017,134683.838655579,693.620452133822,711.830204919504,-5.24,
39,Dongge cave,701,D4_2005_Kelly,418018,134747.375241029,712.953862863826,736.216990898334,-5.36,
39,Dongge cave,114,D3,84466,134783.6762,650.3330669,609.0257078,-3.69,
39,Dongge cave,701,D4_2005_Kelly,418019,134815.539594888,726.264251896908,775.568122517638,-5.13,
39,Dongge cave,701,D4_2005_Kelly,418020,134919.419457186,663.890707147599,709.642566391209,-5.28,
39,Dongge cave,701,D4_2005_Kelly,418021,135011.702436968,619.922505686467,668.791027445579,-5.1,
39,Dongge cave,701,D4_2005_Kelly,418022,135091.665383692,610.771712944406,621.265854236,-5.3,
39,Dongge cave,701,D4_2005_Kelly,418023,135199.247344963,557.106754388107,570.902885726944,-5.53,
39,Dongge cave,115,D4_2004,85011,135211.4112,1574.899397,1622.71579,-5.26,
39,Dongge cave,114,D3,84467,135229.1106,649.6985485,634.4659343,-4.42,
39,Dongge cave,701,D4_2005_Kelly,418024,135305.446495917,543.026745760173,516.717892732471,-5.57,
39,Dongge cave,701,D4_2005_Kelly,418025,135408.185521615,519.494376335293,496.942407794879,-5.37,
39,Dongge cave,701,D4_2005_Kelly,418026,135501.500764347,507.964824438881,523.060994816798,-6.43,
39,Dongge cave,701,D4_2005_Kelly,418027,135600.595246433,513.694771562325,547.661566847848,-6.13,
39,Dongge cave,114,D3,84468,135676.7338,655.1481843,671.4087546,-4.1,
39,Dongge cave,701,D4_2005_Kelly,418028,135696.131860998,548.785782129184,575.346169313329,-6.67,
39,Dongge cave,701,D4_2005_Kelly,418029,135800.540264154,578.811157532677,620.969880103657,-6.34,
39,Dongge cave,701,D4_2005_Kelly,418030,135810.394187598,570.371356917865,604.966951702954,-6.52,
39,Dongge cave,701,D4_2005_Kelly,418031,135819.877887398,562.301779947506,591.325980568479,-6.22,
39,Dongge cave,701,D4_2005_Kelly,418032,135829.434048194,554.15974198046,583.996714239183,-6.45,
39,Dongge cave,701,D4_2005_Kelly,418033,135841.318179673,543.689733330917,578.856486591103,-6.31,
39,Dongge cave,701,D4_2005_Kelly,418034,135846.283284734,540.13875109973,560.343079485174,-6.46,
39,Dongge cave,701,D4_2005_Kelly,418035,135852.616441723,535.219716940424,542.32455737362,-6.61,
39,Dongge cave,701,D4_2005_Kelly,418036,135860.245128729,529.005152764032,525.601565279125,-6.6,
39,Dongge cave,701,D4_2005_Kelly,418037,135870.072226283,522.518620052055,515.054235638934,-6.21,
39,Dongge cave,701,D4_2005_Kelly,418038,135882.289887795,514.700329284824,511.317284255929,-6.38,
39,Dongge cave,701,D4_2005_Kelly,418039,135892.879185648,508.51040217682,504.611462003464,-6.2,
39,Dongge cave,701,D4_2005_Kelly,418040,135901.977286106,503.811672464042,494.72967863112,-6.66,
39,Dongge cave,701,D4_2005_Kelly,418041,135914.267632388,500.592176898324,492.306056310044,-6.5,
39,Dongge cave,701,D4_2005_Kelly,418042,135928.506072526,494.5241121953,488.595989523717,-6.69,
39,Dongge cave,701,D4_2005_Kelly,418043,135938.985966051,487.795063114609,480.328207134939,-6.71,
39,Dongge cave,701,D4_2005_Kelly,418044,135947.394965637,480.705066257535,473.737422468548,-6.53,
39,Dongge cave,701,D4_2005_Kelly,418045,135959.788217483,473.36596318669,473.062509364623,-6.55,
39,Dongge cave,701,D4_2005_Kelly,418046,135969.70638132,467.318720588926,468.030457900779,-6.61,
39,Dongge cave,701,D4_2005_Kelly,418047,135978.551084584,461.381833019841,454.453145466599,-6.46,
39,Dongge cave,701,D4_2005_Kelly,418048,135991.012005821,453.650986310269,451.046670583833,-6.32,
39,Dongge cave,701,D4_2005_Kelly,418049,136001.428746646,447.964320012426,454.305696332478,-6.5,
39,Dongge cave,701,D4_2005_Kelly,418050,136015.30695111,438.816190075246,453.343437485397,-6.66,
39,Dongge cave,701,D4_2005_Kelly,418051,136026.046582802,433.287339850212,440.9623535063,-6.84,
39,Dongge cave,701,D4_2005_Kelly,418052,136036.37654945,432.072705575498,443.886212046724,-6.25,
39,Dongge cave,701,D4_2005_Kelly,418053,136044.588606043,434.15625547836,440.977686205792,-6.16,
39,Dongge cave,701,D4_2005_Kelly,418054,136051.95234455,437.088123466703,429.2407806353,-6.29,
39,Dongge cave,701,D4_2005_Kelly,418055,136066.189463545,433.146610967699,426.605213118833,-6.24,
39,Dongge cave,701,D4_2005_Kelly,418056,136084.18624744,424.137487507891,432.406256959483,-6.25,
39,Dongge cave,701,D4_2005_Kelly,418057,136097.625924697,418.131444230035,434.260454385803,-6.19,
39,Dongge cave,701,D4_2005_Kelly,418058,136104.005694492,415.794641348504,433.138943075581,-6.18,
39,Dongge cave,701,D4_2005_Kelly,418059,136112.68144811,414.24323413102,433.412820776459,-6.12,
39,Dongge cave,114,D3,84469,136117.9135,734.8177476,740.5733639,-5.12,
39,Dongge cave,701,D4_2005_Kelly,418060,136123.199173924,411.30047098425,430.12280765723,-6.26,
39,Dongge cave,701,D4_2005_Kelly,418061,136132.606917718,406.547145998222,424.709823379642,-6.32,
39,Dongge cave,701,D4_2005_Kelly,418062,136143.390538364,409.087455505389,420.625091229507,-6.56,
39,Dongge cave,701,D4_2005_Kelly,418063,136150.87440869,417.702252701798,416.652080239379,-6.44,
39,Dongge cave,701,D4_2005_Kelly,418064,136164.302486349,414.495293778018,419.602064386243,-6.44,
39,Dongge cave,701,D4_2005_Kelly,418065,136172.146471416,419.833011216659,416.148957814294,-6.37,
39,Dongge cave,701,D4_2005_Kelly,418066,136183.174484702,412.198726070725,415.879879461543,-6.45,
39,Dongge cave,701,D4_2005_Kelly,418067,136193.239373428,405.527565484284,414.647676549328,-6.64,
39,Dongge cave,701,D4_2005_Kelly,418068,136205.519968364,396.640698688105,415.631179846881,-6.53,
39,Dongge cave,701,D4_2005_Kelly,418069,136212.539107281,397.813106509333,411.353227125161,-6.39,
39,Dongge cave,701,D4_2005_Kelly,418070,136219.653055175,403.185432012397,407.170083380683,-6.75,
39,Dongge cave,701,D4_2005_Kelly,418071,136232.111417378,403.213343206357,408.331353945279,-6.62,
39,Dongge cave,701,D4_2005_Kelly,418072,136244.925593746,402.885440235026,409.848438675166,-6.91,
39,Dongge cave,701,D4_2005_Kelly,418073,136252.518292094,407.779015284847,406.698559917539,-6.64,
39,Dongge cave,701,D4_2005_Kelly,418074,136261.032678253,413.995400341984,406.831424545526,-6.92,
39,Dongge cave,701,D4_2005_Kelly,418075,136268.846601208,420.299963975849,408.561902527406,-6.73,
39,Dongge cave,701,D4_2005_Kelly,418076,136279.267412651,421.942089646938,407.997747215588,-6.9,
39,Dongge cave,701,D4_2005_Kelly,418077,136290.754128015,425.085571435309,411.648949162947,-6.74,
39,Dongge cave,701,D4_2005_Kelly,418078,136304.000617893,423.67641193833,422.8631804084,-6.72,
39,Dongge cave,701,D4_2005_Kelly,418079,136319.760153641,423.923258240888,436.732452144322,-6.34,
39,Dongge cave,701,D4_2005_Kelly,418080,136326.985254452,422.450473290053,425.781719635415,-7.05,
39,Dongge cave,701,D4_2005_Kelly,418081,136339.924850028,414.680298826861,418.576511320629,-6.52,
39,Dongge cave,701,D4_2005_Kelly,418082,136351.84195054,410.02347867802,417.145998874446,-6.72,
39,Dongge cave,115,D4_2004,85012,136364.3353,2059.745085,2190.413147,-6.31,
39,Dongge cave,701,D4_2005_Kelly,418083,136376.547471021,400.210751297302,402.612528200407,-6.68,
39,Dongge cave,701,D4_2005_Kelly,418084,136383.872037476,401.194839754346,391.148671537783,-6.53,
39,Dongge cave,701,D4_2005_Kelly,418085,136403.317604232,387.475748478028,394.703528963204,-6.8,
39,Dongge cave,701,D4_2005_Kelly,418086,136409.910425879,386.983129006578,391.797944923397,-6.53,
39,Dongge cave,701,D4_2005_Kelly,418087,136426.378494083,392.511635219038,379.756222839875,-6.78,
39,Dongge cave,701,D4_2005_Kelly,418088,136436.549047315,399.028261431755,378.030693093257,-6.94,
39,Dongge cave,701,D4_2005_Kelly,418089,136450.14060553,392.605483041261,384.252326542774,-6.54,
39,Dongge cave,701,D4_2005_Kelly,418090,136457.97840717,390.384521427914,380.401053523907,-6.61,
39,Dongge cave,701,D4_2005_Kelly,418091,136471.821520304,385.248950847337,381.672618738899,-6.46,
39,Dongge cave,701,D4_2005_Kelly,418092,136483.378721667,383.867025309592,382.837430151063,-6.42,
39,Dongge cave,701,D4_2005_Kelly,418093,136496.885455493,378.076104339125,383.140292866476,-6.37,
39,Dongge cave,701,D4_2005_Kelly,418094,136508.790325895,376.360534854175,385.628084981232,-6.42,
39,Dongge cave,701,D4_2005_Kelly,418095,136524.107443471,386.704793071578,394.011696389818,-6.48,
39,Dongge cave,701,D4_2005_Kelly,418096,136529.144725632,402.695038151462,391.847751895199,-6.36,
39,Dongge cave,701,D4_2005_Kelly,418097,136534.73179852,408.498847237934,389.575668620353,-5.81,
39,Dongge cave,701,D4_2005_Kelly,418098,136541.827487413,429.638245273498,390.078727214888,-5.99,
39,Dongge cave,114,D3,84470,136547.1356,834.8184892,827.9647678,-5.4,
39,Dongge cave,701,D4_2005_Kelly,418099,136553.097076584,427.74218565409,397.129721366102,-6.06,
39,Dongge cave,701,D4_2005_Kelly,418100,136578.67121266,421.875641663937,393.468120821664,-6.36,
39,Dongge cave,701,D4_2005_Kelly,418101,136606.218395225,408.295501832094,377.641985281167,-5.2,
39,Dongge cave,701,D4_2005_Kelly,418102,136637.844023846,416.305775729183,368.184539481561,-5.44,
39,Dongge cave,701,D4_2005_Kelly,418103,136660.338806988,403.152704951965,363.596925131627,-6.21,
39,Dongge cave,701,D4_2005_Kelly,418104,136684.528770917,414.06401786083,375.547670258878,-5.35,
39,Dongge cave,701,D4_2005_Kelly,418105,136706.754347717,434.977987931896,391.756526734447,-5.29,
39,Dongge cave,701,D4_2005_Kelly,418106,136731.458255144,454.641763595893,405.634631219669,-5.27,
39,Dongge cave,701,D4_2005_Kelly,418107,136752.704908943,457.112036832201,421.047020715632,-6.44,
39,Dongge cave,701,D4_2005_Kelly,418108,136773.510574347,462.016581948061,412.737167824118,-6.32,
39,Dongge cave,701,D4_2005_Kelly,418109,136799.444836627,447.391606633348,402.76592695649,-6.33,
39,Dongge cave,701,D4_2005_Kelly,418110,136820.463961086,435.04737131318,406.170728622499,-6.13,
39,Dongge cave,701,D4_2005_Kelly,418111,136844.384341119,419.340177073114,405.902715512755,-6.33,
39,Dongge cave,701,D4_2005_Kelly,418112,136866.239131801,409.540494772984,402.952581223071,-6.12,
39,Dongge cave,701,D4_2005_Kelly,418113,136886.945237471,398.482116874249,409.635799803713,-6.17,
39,Dongge cave,701,D4_2005_Kelly,418114,136897.509715908,401.027558265429,405.225628164306,-6.4,
39,Dongge cave,701,D4_2005_Kelly,418115,136921.960415628,425.0740821207,413.712959107826,-6.46,
39,Dongge cave,701,D4_2005_Kelly,418116,136942.016340938,418.619131019659,419.608935112134,-5.99,
39,Dongge cave,701,D4_2005_Kelly,418117,136968.932195381,422.082502502773,424.813482951984,-5.88,
39,Dongge cave,115,D4_2004,85013,136977.2405,2068.124855,2146.154114,-6.19,
39,Dongge cave,701,D4_2005_Kelly,418118,136994.637558355,426.427514142968,446.365279067919,-6.47,
39,Dongge cave,701,D4_2005_Kelly,418119,137017.804275396,436.154846214165,466.097839790513,-6.38,
39,Dongge cave,701,D4_2005_Kelly,418120,137025.076918713,431.837098033808,462.916202448949,-6.38,
39,Dongge cave,701,D4_2005_Kelly,418121,137031.559417999,432.64747953185,463.434141749633,-6.1,
39,Dongge cave,701,D4_2005_Kelly,418122,137037.075940225,436.37828774011,455.769665681495,-5.96,
39,Dongge cave,701,D4_2005_Kelly,418123,137045.751019531,436.960960196884,459.947054932883,-6.1,
39,Dongge cave,701,D4_2005_Kelly,418124,137051.943554714,440.026176777377,460.565450244118,-6.14,
39,Dongge cave,701,D4_2005_Kelly,418125,137056.40520029,444.822282964946,456.49559733455,-6.19,
39,Dongge cave,701,D4_2005_Kelly,418126,137060.651885737,447.083884343941,455.653151331091,-6.47,
39,Dongge cave,701,D4_2005_Kelly,418127,137066.947621252,446.68821271183,460.167057785555,-6.36,
39,Dongge cave,114,D3,84471,137072.8715,887.8673149,890.8950569,-5.14,
39,Dongge cave,701,D4_2005_Kelly,418128,137076.082685777,448.644598441868,463.439374289068,-6.51,
39,Dongge cave,701,D4_2005_Kelly,418129,137087.496402972,449.390918062185,459.162565587147,-6.5,
39,Dongge cave,701,D4_2005_Kelly,418130,137099.643974086,444.626265670639,460.555277916603,-6.44,
39,Dongge cave,701,D4_2005_Kelly,418131,137115.207596953,450.446624824865,459.792383514257,-6.45,
39,Dongge cave,701,D4_2005_Kelly,418132,137132.081691038,452.670490148623,459.571890313266,-6.84,
39,Dongge cave,701,D4_2005_Kelly,418133,137143.526193691,459.11379799759,453.73888288741,-6.84,
39,Dongge cave,701,D4_2005_Kelly,418134,137153.012245257,464.3964520398,451.100623144535,-6.55,
39,Dongge cave,701,D4_2005_Kelly,418135,137172.122960251,452.802173237287,463.264631226921,-6.88,
39,Dongge cave,701,D4_2005_Kelly,418136,137181.622502285,465.588415578997,453.694948066666,-6.48,
39,Dongge cave,701,D4_2005_Kelly,418137,137190.145160269,461.533579988289,452.819739132479,-5.92,
39,Dongge cave,701,D4_2005_Kelly,418138,137198.147544948,456.737715383177,452.96056701598,-6.31,
39,Dongge cave,701,D4_2005_Kelly,418139,137209.088376288,460.351546709338,456.039841561316,-6.28,
39,Dongge cave,701,D4_2005_Kelly,418140,137220.155326789,470.322614558158,459.245235268347,-6.14,
39,Dongge cave,701,D4_2005_Kelly,418141,137235.730274144,487.592824957334,466.958625828411,-6.29,
39,Dongge cave,701,D4_2005_Kelly,418142,137248.036819121,495.981393271708,470.368147680827,-6.19,
39,Dongge cave,701,D4_2005_Kelly,418143,137266.467715918,492.502508232021,479.647886038671,-6.11,
39,Dongge cave,701,D4_2005_Kelly,418144,137283.590373316,493.902706498309,487.619384997204,-6.08,
39,Dongge cave,701,D4_2005_Kelly,418145,137472.647769572,739.951527574653,585.344839533122,-6.03,
39,Dongge cave,701,D4_2005_Kelly,418146,137479.872082481,764.196303686535,590.528729194804,-6.28,
39,Dongge cave,701,D4_2005_Kelly,418147,137488.204216161,786.778525660047,596.82043962786,-6.61,
39,Dongge cave,701,D4_2005_Kelly,418148,137503.262880851,800.556392360828,609.400639898318,-6.7,
39,Dongge cave,701,D4_2005_Kelly,418149,137516.465278546,815.058250967442,618.879545432952,-6.6,
39,Dongge cave,701,D4_2005_Kelly,418150,137528.258493173,828.610584824055,626.949267899327,-6.82,
39,Dongge cave,701,D4_2005_Kelly,418151,137540.756299334,851.425607200479,635.723581899831,-6.42,
39,Dongge cave,701,D4_2005_Kelly,418152,137550.839013868,874.744606838125,642.082804273785,-6.65,
39,Dongge cave,701,D4_2005_Kelly,418153,137559.820580141,896.464162825898,648.372232626396,-6.28,
39,Dongge cave,701,D4_2005_Kelly,418154,137571.797754719,920.13942834537,658.650579148496,-6.23,
39,Dongge cave,701,D4_2005_Kelly,418155,137580.515281437,948.307435613562,665.669277810637,-6.12,
39,Dongge cave,115,D4_2004,85014,137595.852,2170.323805,2355.806055,-6.04,
39,Dongge cave,701,D4_2005_Kelly,418156,137645.511696894,908.392234395636,625.524532371463,-5.59,
39,Dongge cave,701,D4_2005_Kelly,418157,137723.987246513,852.581960756681,595.117174856859,-5.74,
39,Dongge cave,701,D4_2005_Kelly,418158,137786.787173388,825.519489845581,557.580908246746,-6.46,
39,Dongge cave,701,D4_2005_Kelly,418159,137849.819990891,804.473913444555,537.006915556442,-5.73,
39,Dongge cave,701,D4_2005_Kelly,418160,137929.766596065,746.906116691855,538.292103780812,-6.24,
39,Dongge cave,114,D3,84472,137959.0393,795.6087087,803.5248025,-5.01,
39,Dongge cave,701,D4_2005_Kelly,418161,138015.129971913,683.921549264283,603.263278359867,-6.53,
39,Dongge cave,701,D4_2005_Kelly,418162,138097.051058617,701.460066998407,619.868667625269,-6.45,
39,Dongge cave,701,D4_2005_Kelly,418163,138154.597686127,695.793918259064,629.642225349322,-6.6,
39,Dongge cave,115,D4_2004,85015,138224.9268,2481.05947,2658.448501,-5.66,
39,Dongge cave,701,D4_2005_Kelly,418164,138228.298854416,770.94972177202,680.802186368033,-6.87,
39,Dongge cave,701,D4_2005_Kelly,418165,138584.723513349,650.96602429531,571.261457907181,-6.88,
39,Dongge cave,115,D4_2004,85016,138784.6074,3025.848026,2993.972882,-6.68,
39,Dongge cave,114,D3,84473,138854.2356,697.0735037,714.7450255,-4.6,
39,Dongge cave,701,D4_2005_Kelly,418166,138943.22201402,749.642850108707,656.377054335288,-6.29,
39,Dongge cave,701,D4_2005_Kelly,418167,139313.97452598,910.304198384139,864.446272846079,-6.71,
39,Dongge cave,115,D4_2004,85017,139344.874,3721.408547,3298.136285,-6.17,
39,Dongge cave,701,D4_2005_Kelly,418168,139519.871714751,853.664131243073,804.925344528107,-6.56,
39,Dongge cave,701,D4_2005_Kelly,418169,139722.954553801,779.08775810356,769.147312243324,-6.64,
39,Dongge cave,114,D3,84474,139735.7605,634.7401596,627.7981745,-4.98,
39,Dongge cave,115,D4_2004,85018,139865.194,4452.174682,3708.299885,-6.08,
39,Dongge cave,701,D4_2005_Kelly,418170,139927.937168064,715.561144765117,751.939537567261,-6.55,
39,Dongge cave,701,D4_2005_Kelly,418171,140143.074202398,636.991023482406,727.142819713568,-6.6,
39,Dongge cave,701,D4_2005_Kelly,418172,140324.649578963,638.291899274598,704.073194720695,-6.43,
39,Dongge cave,115,D4_2004,85019,140438.6882,5160.304712,4086.554487,-5.94,
39,Dongge cave,701,D4_2005_Kelly,418173,140515.792837079,650.411144568236,691.281674185768,-6.69,
39,Dongge cave,114,D3,84475,140627.2541,564.6349954,552.4557807,-5.38,
39,Dongge cave,701,D4_2005_Kelly,418174,140717.116384977,731.473851684015,722.95631631781,-6.47,
39,Dongge cave,701,D4_2005_Kelly,418175,140918.590479294,754.850842115789,730.445770937949,-6.59,
39,Dongge cave,701,D4_2005_Kelly,418176,141101.373686856,820.862452604342,763.347673195938,-5.79,
39,Dongge cave,701,D4_2005_Kelly,418177,141317.890626544,877.181066252786,854.205814800633,-6.31,
39,Dongge cave,701,D4_2005_Kelly,418178,141487.313565101,1026.27919865568,871.612026441144,-6.34,
39,Dongge cave,114,D3,84476,141512.9948,531.6298184,529.9375671,-5.29,
39,Dongge cave,701,D4_2005_Kelly,418179,141692.271822308,1090.76410759511,953.68277379428,-5.6,
39,Dongge cave,701,D4_2005_Kelly,418180,141901.953144604,1120.14456534357,1068.61572000117,-5.59,
39,Dongge cave,701,D4_2005_Kelly,418181,141938.559087554,1099.69527191596,1047.03060719187,-5.77,
39,Dongge cave,701,D4_2005_Kelly,418182,141978.636577059,1084.60136930793,1028.65711080952,-5.55,
39,Dongge cave,701,D4_2005_Kelly,418183,142025.565089547,1060.89159732516,1014.9008703522,-5.82,
39,Dongge cave,701,D4_2005_Kelly,418184,142066.758735346,1035.51648767991,994.433564343664,-6.59,
39,Dongge cave,701,D4_2005_Kelly,418185,142109.223054363,1008.87070481648,976.678865179856,-6.73,
39,Dongge cave,701,D4_2005_Kelly,418186,142155.11432386,996.713026665617,959.566398031311,-6.62,
39,Dongge cave,701,D4_2005_Kelly,418187,142190.496015405,1005.58100562595,941.383892866957,-6.62,
39,Dongge cave,701,D4_2005_Kelly,418188,142236.455412261,975.591072362178,948.090582658187,-6.49,
39,Dongge cave,701,D4_2005_Kelly,418189,142282.029929679,934.663345124049,946.362416286807,-6.83,
39,Dongge cave,701,D4_2005_Kelly,418190,142330.32336136,891.016703623463,957.289120637055,-6.51,
39,Dongge cave,701,D4_2005_Kelly,418191,142365.90081598,861.797541070497,952.048865449266,-6.34,
39,Dongge cave,114,D3,84477,142405.1746,524.9705826,535.2254125,-5.83,
39,Dongge cave,701,D4_2005_Kelly,418192,142407.392623603,836.062298938894,964.95329759887,-5.79,
39,Dongge cave,115,D4_2004,85020,142426.812,3643.610896,2880.426457,-5.58,
39,Dongge cave,701,D4_2005_Kelly,418193,142443.901280227,811.901657590846,952.408649081073,-6.02,
39,Dongge cave,701,D4_2005_Kelly,418194,142473.611295627,808.165253533254,931.879863353854,-6.4,
39,Dongge cave,701,D4_2005_Kelly,418195,142496.342663139,812.52729139055,918.036153141526,-5.87,
39,Dongge cave,701,D4_2005_Kelly,418196,142528.867362694,833.87228060796,911.751410980185,-5.83,
39,Dongge cave,701,D4_2005_Kelly,418197,142551.910245012,843.560542241699,913.812309424597,-6.71,
39,Dongge cave,701,D4_2005_Kelly,418198,142583.981568306,858.533704203088,918.724601804162,-6.83,
39,Dongge cave,701,D4_2005_Kelly,418199,142632.789899617,871.303239293222,949.203065751004,-6.68,
39,Dongge cave,701,D4_2005_Kelly,418200,142667.417922407,875.390847346804,955.845063475368,-6.82,
39,Dongge cave,701,D4_2005_Kelly,418201,142715.547605607,859.800796269847,975.988721609436,-7.01,
39,Dongge cave,701,D4_2005_Kelly,418202,142732.866674468,871.201422657818,961.362783864257,-7.27,
39,Dongge cave,701,D4_2005_Kelly,418203,142777.833538245,871.134703455871,983.198165328882,-6.91,
39,Dongge cave,701,D4_2005_Kelly,418204,142811.393952299,879.681425425049,993.714249309211,-7.49,
39,Dongge cave,701,D4_2005_Kelly,418205,142857.610643854,892.828841939132,1016.88661079045,-7.08,
39,Dongge cave,701,D4_2005_Kelly,418206,142905.985850381,896.708120616968,1042.2174872437,-7.12,
39,Dongge cave,701,D4_2005_Kelly,418207,142930.530551181,926.819823579805,1052.62962269172,-7.16,
39,Dongge cave,701,D4_2005_Kelly,418208,142968.942004285,930.01067364437,1073.07819780335,-6.91,
39,Dongge cave,701,D4_2005_Kelly,418209,142996.079343529,923.844530836388,1082.25265905418,-7.08,
39,Dongge cave,701,D4_2005_Kelly,418210,143045.498987834,941.316153907828,1107.31875544952,-7.45,
39,Dongge cave,701,D4_2005_Kelly,418211,143055.851673683,1004.3772505325,1088.07114925503,-7.38,
39,Dongge cave,701,D4_2005_Kelly,418212,143081.320015688,1040.05223541692,1080.54100394066,-7.51,
39,Dongge cave,701,D4_2005_Kelly,418213,143116.708991993,1061.58655610582,1087.87734378607,-7.48,
39,Dongge cave,701,D4_2005_Kelly,418214,143146.963881975,1077.07464045286,1069.44467361126,-7.25,
39,Dongge cave,701,D4_2005_Kelly,418215,143182.166556208,1107.86251585715,1061.87872271147,-7.02,
39,Dongge cave,701,D4_2005_Kelly,418216,143227.794513935,1138.44339423961,1081.74326929252,-6.91,
39,Dongge cave,701,D4_2005_Kelly,418217,143261.270066953,1181.17667733066,1077.19941352124,-6.99,
39,Dongge cave,701,D4_2005_Kelly,418218,143285.196369156,1218.64300647375,1064.27968779832,-6.47,
39,Dongge cave,114,D3,84478,143292.4118,553.174732,562.248677,-5.42,
39,Dongge cave,701,D4_2005_Kelly,418219,143311.781303611,1245.06872429984,1068.52399684329,-5.84,
39,Dongge cave,701,D4_2005_Kelly,418220,143355.33671679,1227.06764586031,1053.35347615293,-6.2,
39,Dongge cave,701,D4_2005_Kelly,418221,143391.967213944,1213.98306656469,1027.00194263872,-6.14,
39,Dongge cave,701,D4_2005_Kelly,418222,143428.447829607,1201.04836876082,1004.57204938374,-6.23,
39,Dongge cave,701,D4_2005_Kelly,418223,143467.028890465,1186.01322576171,984.242601324077,-7.14,
39,Dongge cave,701,D4_2005_Kelly,418224,143508.292399813,1165.08961928758,972.396409623791,-6.66,
39,Dongge cave,701,D4_2005_Kelly,418225,143538.453416898,1152.96953077801,948.53769297892,-6.62,
39,Dongge cave,701,D4_2005_Kelly,418226,143570.256632545,1137.25940365961,913.383492733556,-7.44,
39,Dongge cave,701,D4_2005_Kelly,418227,143613.711014667,1109.89811006709,891.300615259708,-7.24,
39,Dongge cave,701,D4_2005_Kelly,418228,143651.215495841,1102.43227006932,872.569637268054,-7.23,
39,Dongge cave,701,D4_2005_Kelly,418229,143688.571250606,1089.35708803084,852.321907957899,-6.22,
39,Dongge cave,701,D4_2005_Kelly,418230,143723.816171692,1076.84787979999,838.095126007247,-6.28,
39,Dongge cave,701,D4_2005_Kelly,418231,143760.565053573,1059.53724621388,830.069620973198,-6.47,
39,Dongge cave,701,D4_2005_Kelly,418232,143797.313935455,1045.05867535531,822.952153351507,-6.91,
39,Dongge cave,701,D4_2005_Kelly,418233,143838.195654362,1032.58155913505,822.323757537757,-7.08,
39,Dongge cave,701,D4_2005_Kelly,418234,143881.306394041,1017.87542214349,822.624787660112,-7.14,
39,Dongge cave,701,D4_2005_Kelly,418235,143922.719976369,1004.86644250274,814.788332324999,-7.18,
39,Dongge cave,701,D4_2005_Kelly,418236,143961.172147037,994.81887452185,801.030557385966,-7.41,
39,Dongge cave,701,D4_2005_Kelly,418237,144000.300464949,982.211265391088,798.06123900626,-7.36,
39,Dongge cave,701,D4_2005_Kelly,418238,144046.67609877,961.568093606678,807.039470042393,-7.18,
39,Dongge cave,701,D4_2005_Kelly,418239,144078.754676602,955.221977810899,808.054766296904,-7.51,
39,Dongge cave,701,D4_2005_Kelly,418240,144108.503073654,949.427045356482,793.052590461884,-7.77,
39,Dongge cave,701,D4_2005_Kelly,418241,144140.315737803,930.906656512583,785.287187601614,-7.84,
39,Dongge cave,114,D3,84479,144177.5732,623.7556345,603.4591271,-5.79,
39,Dongge cave,701,D4_2005_Kelly,418242,144221.126550038,901.798020112707,774.108880933927,-7.89,
39,Dongge cave,701,D4_2005_Kelly,418243,144301.352882112,878.323004820384,768.523167394393,-7.81,
39,Dongge cave,701,D4_2005_Kelly,418244,144370.288597466,885.697525603289,749.576663575659,-7.9,
39,Dongge cave,701,D4_2005_Kelly,418245,144447.762152905,880.474264482211,749.958232393605,-7.64,
39,Dongge cave,115,D4_2004,85021,144452.2321,2284.131249,1921.504299,-6.09,
39,Dongge cave,701,D4_2005_Kelly,418246,144528.609796691,879.032675339986,763.923415482946,-7.66,
39,Dongge cave,701,D4_2005_Kelly,418247,144609.187445646,884.098262785265,773.730692385376,-6.8,
39,Dongge cave,701,D4_2005_Kelly,418248,144689.642579894,888.375850296201,774.65973409728,-6.48,
39,Dongge cave,701,D4_2005_Kelly,418249,144782.773542646,871.854185989447,786.808857451309,-7.54,
39,Dongge cave,701,D4_2005_Kelly,418250,144867.995533708,897.893298494921,808.949297246145,-7.66,
39,Dongge cave,701,D4_2005_Kelly,418251,144933.54326361,931.386233439523,811.886785487266,-7.88,
39,Dongge cave,114,D3,84480,144945.5024,671.0106713,659.0207152,-5.92,
39,Dongge cave,701,D4_2005_Kelly,418252,145000.518626174,962.430945757718,827.958321276179,-7.96,
39,Dongge cave,701,D4_2005_Kelly,418253,145077.471398335,956.780248674186,835.755512162781,-7.28,
39,Dongge cave,701,D4_2005_Kelly,418254,145157.927253051,953.256858789478,893.045957707538,-6.84,
39,Dongge cave,114,D3,84481,145239.542,629.7165085,609.708861,-6.93,
39,Dongge cave,701,D4_2005_Kelly,418255,145244.132671426,930.119259803731,899.112010426674,-6.35,
39,Dongge cave,701,D4_2005_Kelly,418256,145313.481004959,922.106535503495,906.498302695836,-7.09,
39,Dongge cave,701,D4_2005_Kelly,418257,145400.309440691,916.04599371308,936.175338717061,-7.5,
39,Dongge cave,701,D4_2005_Kelly,418258,145479.686579443,923.045694152563,944.429590072716,-7.15,
39,Dongge cave,114,D3,84482,145529.3319,593.7880324,573.5200509,-6.56,
39,Dongge cave,701,D4_2005_Kelly,418259,145556.649842114,926.494931206602,960.303788700403,-7.07,
39,Dongge cave,701,D4_2005_Kelly,418260,145631.769347719,947.181420719309,991.881019999186,-6.91,
39,Dongge cave,701,D4_2005_Kelly,418261,145703.236094552,968.164072840445,1019.80549252671,-6.96,
39,Dongge cave,701,D4_2005_Kelly,418262,145773.163544194,996.328387546731,1044.19942072342,-7.31,
39,Dongge cave,114,D3,84483,145823.2481,562.1352271,545.3164327,-5.88,
39,Dongge cave,701,D4_2005_Kelly,418263,145856.115231111,1011.4684649781,1077.66904374704,-7.42,
39,Dongge cave,701,D4_2005_Kelly,418264,145942.298515393,1029.47138056689,1124.77249814782,-7.62,
39,Dongge cave,701,D4_2005_Kelly,418265,146012.441229844,1074.17745229142,1161.48599854475,-7.52,
39,Dongge cave,701,D4_2005_Kelly,418266,146086.202100201,1119.92695268348,1183.52462947438,-7.63,
39,Dongge cave,114,D3,84484,146114.3177,528.4077315,512.2625772,-6.62,
39,Dongge cave,701,D4_2005_Kelly,418267,146166.470759054,1171.21896756627,1206.38543207946,-7.68,
39,Dongge cave,701,D4_2005_Kelly,418268,146254.548778214,1214.70162214164,1236.73470147135,-7.5,
39,Dongge cave,701,D4_2005_Kelly,418269,146348.360621559,1248.72109083534,1275.8593593589,-7.28,
39,Dongge cave,114,D3,84485,146404.9185,507.8744268,489.7003702,-6.31,
39,Dongge cave,115,D4_2004,85022,146493.0612,1714.417555,1988.602012,-7.18,
39,Dongge cave,114,D3,84486,146692.93,504.3280717,467.9168925,-6.15,
39,Dongge cave,115,D4_2004,85023,146779.65,1615.908004,1806.914678,-7,
39,Dongge cave,114,D3,84487,146991.8063,488.0488278,475.117899,-6.67,
39,Dongge cave,115,D4_2004,85024,147066.0751,1506.219573,1598.410679,-6.17,
39,Dongge cave,114,D3,84488,147280.9772,482.7474658,476.7637547,-6.03,
39,Dongge cave,115,D4_2004,85025,147364.6814,1504.079014,1607.868268,-6.62,
39,Dongge cave,114,D3,84489,147578.2944,472.7733242,492.422465,-6.88,
39,Dongge cave,115,D4_2004,85026,147644.6688,1609.237863,1608.094618,-6.82,
39,Dongge cave,114,D3,84490,147869.1349,490.0100048,525.668643,-7.11,
39,Dongge cave,115,D4_2004,85027,147921.0564,1780.346924,1647.0994,-6.63,
39,Dongge cave,114,D3,84491,148160.9544,514.2399074,544.4456255,-7.63,
39,Dongge cave,115,D4_2004,85028,148211.1936,1989.857245,1789.949163,-6.93,
39,Dongge cave,114,D3,84492,148453.3851,541.3235482,563.0853117,-7.03,
39,Dongge cave,114,D3,84493,148744.7168,582.1155685,588.5911641,-7.38,
39,Dongge cave,114,D3,84494,149038.8665,611.1425611,624.7374152,-6.34,
39,Dongge cave,114,D3,84495,149332.7057,636.4142466,662.008621,-6.82,
39,Dongge cave,114,D3,84496,149623.7677,687.38631,695.4834266,-7.42,
39,Dongge cave,114,D3,84497,150856.761,1145.909522,1045.26862,-7.9,
39,Dongge cave,115,D4_2004,85029,151323.5223,4260.669032,3246.208175,-6.18,
39,Dongge cave,114,D3,84498,153480.8923,3519.161173,2948.301363,-6.59,
39,Dongge cave,115,D4_2004,85030,154288.4677,8330.642751,5523.859214,-5.37,
39,Dongge cave,114,D3,84499,156124.524,5879.652861,5024.753678,-4.88,
39,Dongge cave,115,D4_2004,85031,157281.7138,12700.80723,7870.745437,-5.6,
39,Dongge cave,114,D3,84500,158079.8839,7118.269925,5998.73138,-4.75,
39,Dongge cave,114,D3,84501,159000.5184,6817.217379,5400.546255,-5.12,
39,Dongge cave,114,D3,84502,160008.9356,6403.909855,5135.707615,-5.28,
39,Dongge cave,115,D4_2004,85032,160300.2238,16843.90311,10475.09089,-6.03,
39,Dongge cave,114,D3,84503,161111.8045,6078.641498,5154.467913,-6.22,
39,Dongge cave,114,D3,84504,162067.7564,5976.499849,5421.657679,-5.5,
39,Dongge cave,114,D3,84505,163097.401,6287.349054,5847.646432,-6.76,
39,Dongge cave,115,D4_2004,85033,163303.659,21042.9368,13038.83935,-6.77,
39,Dongge cave,114,D3,84506,164017.8019,6994.325616,6199.265407,-6.24,
39,Dongge cave,114,D3,84507,164958.0236,7472.131948,6714.528072,-5.48,
39,Dongge cave,114,D3,84508,165878.3723,8406.689001,7242.125297,-4.61,
39,Dongge cave,324,D8,184630,217573.2583,321.1117765,314.9135566,-8.65750769231,
39,Dongge cave,324,D8,184631,217622.3218,313.5508485,304.7060001,-9.01945,
39,Dongge cave,324,D8,184632,217668.5256,321.7903467,317.8763137,-9.00830769231,
39,Dongge cave,324,D8,184633,217771.1442,332.4578286,336.5489401,-8.95890769231,
39,Dongge cave,324,D8,184634,217818.3287,364.2557735,359.039983,-8.81005,
39,Dongge cave,324,D8,184635,217863.9617,403.515623,379.6625178,-9.12770769231,
39,Dongge cave,324,D8,184636,217907.4244,451.943322,403.234866,-9.07108108108,
39,Dongge cave,324,D8,184637,217954.4373,485.9664389,431.1999188,-9.10608108108,
39,Dongge cave,324,D8,184638,217975.5156,509.8506883,445.643607,-9.20308108108,
39,Dongge cave,324,D8,184639,217996.8367,531.2003821,459.1144467,-8.80908108108,
39,Dongge cave,324,D8,184640,218020.4039,555.952073,470.5676988,-8.75808108108,
39,Dongge cave,324,D8,184641,218042.1917,578.9054004,484.4851373,-8.82208108108,
39,Dongge cave,324,D8,184642,218067.8386,599.5377146,496.9046919,-8.93108108108,
39,Dongge cave,324,D8,184643,218090.1133,630.1386336,511.7013746,-8.67308108108,
39,Dongge cave,324,D8,184644,218115.1522,652.0864742,530.9752711,-8.82408108108,
39,Dongge cave,324,D8,184645,218194.3017,660.2541383,517.2708393,-9.00208108108,
39,Dongge cave,324,D8,184646,218243.013,652.2300132,489.0484938,-8.93008108108,
39,Dongge cave,324,D8,184647,218308.1599,623.9402352,473.5497345,-8.71508108108,
39,Dongge cave,324,D8,184648,218367.2934,608.3613774,461.4760931,-8.74908108108,
39,Dongge cave,324,D8,184649,218429.305,587.8382862,465.9372577,-8.70108108108,
39,Dongge cave,324,D8,184650,218489.9508,572.169207,468.6277106,-8.56808108108,
39,Dongge cave,324,D8,184651,218544.6661,563.8650373,462.9226819,-8.59008108108,
39,Dongge cave,324,D8,184652,218608.1942,552.5371425,483.7090844,-8.48208108108,
39,Dongge cave,324,D8,184653,218665.4238,553.5084988,495.9192523,-8.48408108108,
39,Dongge cave,324,D8,184654,218726.2323,553.362542,514.5519527,-8.30408108108,
39,Dongge cave,324,D8,184655,218786.6923,555.118056,534.3147726,-8.18408108108,
39,Dongge cave,324,D8,184656,218845.6663,570.617451,556.3307742,-8.27308108108,
39,Dongge cave,324,D8,184657,218904.1668,599.0341079,582.702284,-8.21508108108,
39,Dongge cave,324,D8,184658,218957.9056,633.5730634,611.485422,-8.23208108108,
39,Dongge cave,324,D8,184659,219014.2705,670.4961101,639.2000654,-8.38108108108,
39,Dongge cave,324,D8,184660,219064.2679,704.9848429,661.1679456,-8.28308108108,
39,Dongge cave,324,D8,184661,219118.839,751.0501765,692.881066,-8.24408108108,
39,Dongge cave,324,D8,184662,219172.912,792.9138929,723.4858505,-8.35408108108,
39,Dongge cave,324,D8,184663,219340.2438,747.4108575,668.1888541,-8.36508108108,
39,Dongge cave,324,D8,184664,219515.0647,687.8575825,632.2892559,-8.27808108108,
39,Dongge cave,324,D8,184665,219685.3274,657.7541417,594.3660584,-8.36908108108,
39,Dongge cave,324,D8,184666,219862.0784,607.2729006,574.505542,-8.34908108108,
39,Dongge cave,324,D8,184667,220029.6726,596.570482,561.6064945,-8.43508108108,
39,Dongge cave,324,D8,184668,220210.3704,567.5392937,566.2303714,-8.35108108108,
39,Dongge cave,324,D8,184669,220374.1001,568.1715054,553.7494603,-8.40608108108,
39,Dongge cave,324,D8,184670,220543.3501,570.4827724,565.2258207,-8.36708108108,
39,Dongge cave,324,D8,184671,220713.992,592.3893214,615.4337459,-8.39508108108,
39,Dongge cave,324,D8,184672,220886.8391,620.2849711,649.1840831,-8.50208108108,
39,Dongge cave,324,D8,184673,221060.0292,652.8779905,699.365668,-8.62008108108,
39,Dongge cave,324,D8,184674,221234.3454,695.6265469,750.8246146,-8.81008108108,
39,Dongge cave,324,D8,184675,221406.2023,747.5574354,817.9470614,-9.18908108108,
39,Dongge cave,324,D8,184676,221582.1387,799.3279377,880.7758911,-8.98108108108,
39,Dongge cave,324,D8,184677,221770.0018,701.5247242,745.1741895,-9.08508108108,
39,Dongge cave,324,D8,184678,221960.3966,622.0492044,635.9957732,-9.11308108108,
39,Dongge cave,324,D8,184679,222157.7209,580.7391946,589.2979404,-9.15208108108,
39,Dongge cave,324,D8,184680,222360.5578,582.4369404,591.4683396,-9.06308108108,
39,Dongge cave,324,D8,184681,222567.0336,622.7026882,633.0932612,-9.00908108108,
39,Dongge cave,324,D8,184682,222764.2945,706.6074264,712.1043626,-9.04408108108,
39,Dongge cave,324,D8,184683,222806.54,686.4729272,667.9406473,-9.05608108108,
39,Dongge cave,324,D8,184684,222849.4259,670.33837,631.4871553,-8.94808108108,
39,Dongge cave,324,D8,184685,222895.0937,649.5399135,601.5424135,-8.89108108108,
39,Dongge cave,324,D8,184686,222950.5973,630.4601167,581.7716294,-8.82708108108,
39,Dongge cave,324,D8,184687,222998.7456,609.1982947,573.637651,-8.68108108108,
39,Dongge cave,324,D8,184688,223045.4746,595.1785284,569.9095122,-8.76308108108,
39,Dongge cave,324,D8,184689,223100.3922,573.7311079,580.0640877,-8.75808108108,
39,Dongge cave,324,D8,184690,223150.4638,568.8588536,571.7827977,-8.82208108108,
39,Dongge cave,324,D8,184691,223201.8195,562.5046766,579.2809614,-8.86608108108,
39,Dongge cave,324,D8,184692,223251.0391,553.0523122,599.4705616,-8.77508108108,
39,Dongge cave,324,D8,184693,223306.2723,569.4027503,621.2495762,-8.79308108108,
39,Dongge cave,324,D8,184694,223352.7476,593.893913,636.655074,-8.65208108108,
39,Dongge cave,324,D8,184695,223400.7316,616.228662,654.4245412,-8.65408108108,
39,Dongge cave,324,D8,184696,223449.9532,661.8139182,679.632962,-8.65708108108,
39,Dongge cave,324,D8,184697,223546.1003,607.0603021,622.4792985,-8.63008108108,
39,Dongge cave,324,D8,184698,223637.5854,567.5256212,576.5789321,-8.60108108108,
39,Dongge cave,324,D8,184699,223735.646,526.7573033,548.8230624,-8.55008108108,
39,Dongge cave,324,D8,184700,223829.3609,515.7793308,530.8320376,-8.56908108108,
39,Dongge cave,324,D8,184701,223930.0652,504.5228117,540.9390236,-8.38608108108,
39,Dongge cave,324,D8,184702,224316.0371,548.7468189,539.0871851,-8.31408108108,
39,Dongge cave,324,D8,184703,224374.6095,518.9999278,498.3809233,-8.39208108108,
39,Dongge cave,324,D8,184704,224434.0113,498.8268274,471.8936319,-8.39808108108,
39,Dongge cave,324,D8,184705,224485.992,487.9469589,447.7164044,-8.37208108108,
39,Dongge cave,324,D8,184706,224541.8693,468.3500383,426.4722958,-8.26608108108,
39,Dongge cave,324,D8,184707,224601.1144,466.7302746,424.9682672,-8.39908108108,
39,Dongge cave,324,D8,184708,224717.9552,471.7021323,438.8466618,-8.37408108108,
39,Dongge cave,324,D8,184709,224774.0539,482.1921917,459.3168917,-8.07108108108,
