site_id,site_name,entity_id,entity_name,sample_id,age_bp,age_uncert_pos,age_uncert_neg,d18o,d13c
122,Heshang cave,253,HS4_2008,138308,96.37422308,437.4236737,629.8361656,-7.96,-12.36
122,Heshang cave,253,HS4_2008,138309,97.86876255,436.0397408,628.1282337,-7.95,-12.76
122,Heshang cave,253,HS4_2008,138310,99.55011946,434.4828163,626.2068103,-7.86,-12.21
122,Heshang cave,253,HS4_2008,138311,101.0446589,433.0988835,624.4988784,-7.92,-12.42
122,Heshang cave,253,HS4_2008,138312,102.5391984,431.7149506,622.7909465,-8.11,-12.57
122,Heshang cave,253,HS4_2008,138313,104.2151549,430.1634266,620.8641227,-7.95,-12.55
122,Heshang cave,253,HS4_2008,138314,105.6562789,428.8515689,619.1027753,-7.87,-12.62
122,Heshang cave,253,HS4_2008,138315,107.0974029,427.7792425,617.341428,-8.08,-12.4
122,Heshang cave,253,HS4_2008,138316,108.7186675,426.5728752,615.3599122,-7.92,-12.34
122,Heshang cave,253,HS4_2008,138317,110.1597915,425.5005488,613.5985649,-7.84,-12.26
122,Heshang cave,253,HS4_2008,138318,111.544579,424.4357129,611.7808811,-7.91,-12.48
122,Heshang cave,253,HS4_2008,138319,113.0758877,423.1473852,609.7094095,-7.9,-12.36
122,Heshang cave,253,HS4_2008,138320,114.437051,422.0022051,607.8681014,-7.89,-12.38
122,Heshang cave,253,HS4_2008,138321,115.4579235,421.1433199,606.4871203,-7.48,-10.78
122,Heshang cave,253,HS4_2008,138322,116.3086506,420.4275823,605.3363028,-7.37,-10.99
122,Heshang cave,253,HS4_2008,138323,117.329523,419.5686972,603.9553217,-7.43,-10.81
122,Heshang cave,253,HS4_2008,138324,118.1802501,418.8421319,602.8045042,-7.45,-10.99
122,Heshang cave,253,HS4_2008,138325,119.2011226,417.9656725,601.4235231,-7.44,-11.13
122,Heshang cave,253,HS4_2008,138326,120.0518496,417.2352897,600.2727056,-7.39,-11.08
122,Heshang cave,253,HS4_2008,138327,121.0727221,416.3588303,598.8917245,-7.46,-11.11
122,Heshang cave,253,HS4_2008,138328,121.9234492,415.6284474,597.740907,-7.76,-11.71
122,Heshang cave,253,HS4_2008,138329,122.9443216,414.751988,596.3599259,-7.85,-11.99
122,Heshang cave,253,HS4_2008,138330,124.0025587,413.8381641,595.0163094,-7.95,-12.07
122,Heshang cave,253,HS4_2008,138331,124.9294565,413.0605328,593.9416626,-8.07,-12.19
122,Heshang cave,253,HS4_2008,138332,126.0417339,412.13436,592.6520865,-8.11,-12.27
122,Heshang cave,253,HS4_2008,138333,126.9686317,411.3495642,591.5774397,-8.3,-12.45
122,Heshang cave,253,HS4_2008,138334,128.0809091,410.4078092,590.2878635,-8.36,-12.6
122,Heshang cave,253,HS4_2008,138335,129.0078069,409.6230134,589.2132167,-8.52,-12.63
122,Heshang cave,253,HS4_2008,138336,130.1200843,408.6812585,587.9236406,-8.42,-12.32
122,Heshang cave,253,HS4_2008,138337,131.0469821,407.8964626,586.8489938,-8.23,-12.3
122,Heshang cave,253,HS4_2008,138338,132.1592594,406.9547077,585.5594176,-8.25,-12.4
122,Heshang cave,253,HS4_2008,138339,133.2715368,406.0129527,584.2698415,-8.47,-12.63
122,Heshang cave,253,HS4_2008,138340,134.1984346,405.2281569,583.1951947,-8.48,-12.5
122,Heshang cave,253,HS4_2008,138341,135.310712,404.1835312,581.9056185,-8.46,-12.64
122,Heshang cave,253,HS4_2008,138342,136.1633951,403.3741161,580.756757,-8.39,-12.59
122,Heshang cave,253,HS4_2008,138343,137.1661481,402.4232847,579.3576565,-8.35,-12.58
122,Heshang cave,253,HS4_2008,138344,138.0017756,401.6309251,578.1917394,-8.23,-12.68
122,Heshang cave,253,HS4_2008,138345,139.0045286,400.6800937,576.7926389,-8.23,-12.45
122,Heshang cave,253,HS4_2008,138346,139.8401561,399.9438268,575.6267218,-8.26,-12.31
122,Heshang cave,253,HS4_2008,138347,140.8429091,399.087278,574.2276212,-8.31,-12.48
122,Heshang cave,253,HS4_2008,138348,141.8456622,398.2307292,572.8285207,-8.15,-12.24
122,Heshang cave,253,HS4_2008,138349,142.6812897,397.5169385,571.6626036,-8.11,-12.02
122,Heshang cave,253,HS4_2008,138350,143.6840427,396.6603897,570.2635031,-8.19,-11.88
122,Heshang cave,253,HS4_2008,138351,144.5196702,395.9279099,569.097586,-8.44,-12.02
122,Heshang cave,253,HS4_2008,138352,145.5224232,395.0464834,567.6984855,-8,-11.55
122,Heshang cave,253,HS4_2008,138353,146.3580507,394.3119614,566.5325684,-8.14,-11.8
122,Heshang cave,253,HS4_2008,138354,147.4038757,393.387463,565.1765398,-8.24,-11.88
122,Heshang cave,253,HS4_2008,138355,148.3160282,392.5764159,564.0871478,-8.08,-11.79
122,Heshang cave,253,HS4_2008,138356,149.4106113,391.6031593,562.7798773,-8.29,-11.93
122,Heshang cave,253,HS4_2008,138357,150.3227639,390.7921122,561.6904853,-8.21,-11.09
122,Heshang cave,253,HS4_2008,138358,151.3964193,389.8397833,560.3622872,-8.26,-11.82
122,Heshang cave,253,HS4_2008,138359,152.269833,389.0674751,559.2341563,-7.98,-11.8
122,Heshang cave,253,HS4_2008,138360,153.1387672,388.2996463,558.1015459,-7.91,-11.85
122,Heshang cave,253,HS4_2008,138361,154.0077015,387.5318176,556.9689355,-8.24,-12.27
122,Heshang cave,253,HS4_2008,138362,155.0504225,386.5533221,555.6098031,-8.16,-12.18
122,Heshang cave,253,HS4_2008,138363,155.9193567,385.7228771,554.4771927,-8.21,-12.32
122,Heshang cave,253,HS4_2008,138364,156.788291,384.8924321,553.3445823,-8.05,-12.16
122,Heshang cave,253,HS4_2008,138365,157.6572252,384.0619871,552.2119719,-8.14,-12.13
122,Heshang cave,253,HS4_2008,138366,158.6384342,383.1269652,550.7913274,-8.19,-12.16
122,Heshang cave,253,HS4_2008,138367,159.4800819,382.3238067,549.6314304,-8.14,-12.17
122,Heshang cave,253,HS4_2008,138368,160.3562496,381.4861282,548.5060536,-8.06,-12.05
122,Heshang cave,253,HS4_2008,138369,161.2324174,380.6484497,547.3806767,-8.01,-12.08
122,Heshang cave,253,HS4_2008,138370,162.2834029,379.6436512,546.0298088,-8.2,-12.29
122,Heshang cave,253,HS4_2008,138371,163.1131182,378.8524252,544.8579794,-8.09,-12.18
122,Heshang cave,253,HS4_2008,138372,163.9428335,378.0611991,543.6861501,-8.21,-12.19
122,Heshang cave,253,HS4_2008,138373,164.7725487,377.2699731,542.5143207,-8.39,-12.17
122,Heshang cave,253,HS4_2008,138374,165.782215,376.4011176,541.1221334,-8.53,-12.23
122,Heshang cave,253,HS4_2008,138375,166.7092986,375.651877,540.0476725,-8.53,-12.33
122,Heshang cave,253,HS4_2008,138376,167.8217991,374.7527882,538.7583194,-8.59,-11.96
122,Heshang cave,253,HS4_2008,138377,169.1197162,373.7038514,537.2540741,-8.6,-12.18
122,Heshang cave,253,HS4_2008,138378,170.2322167,372.8047626,535.964721,-8.82,-12.37
122,Heshang cave,253,HS4_2008,138379,171.3447171,371.9056739,534.6753679,-8.78,-12.22
122,Heshang cave,253,HS4_2008,138380,172.421952,371.0418506,533.3507493,-8.84,-12.22
122,Heshang cave,253,HS4_2008,138381,173.6246749,370.088108,531.7513097,-8.79,-12.15
122,Heshang cave,253,HS4_2008,138382,174.6833389,369.2428557,530.4081202,-9.02,-12.67
122,Heshang cave,253,HS4_2008,138383,175.7420028,368.3976035,529.0649306,-8.89,-12.54
122,Heshang cave,253,HS4_2008,138384,176.8006668,367.5523512,527.721741,-9.06,-12.91
122,Heshang cave,253,HS4_2008,138385,178.0580557,366.5439425,526.1769675,-9.01,-12.72
122,Heshang cave,253,HS4_2008,138386,179.1672666,365.6445263,524.8843249,-8.82,-12.68
122,Heshang cave,253,HS4_2008,138387,180.2764776,364.6861521,523.5916823,-9.26,-12.72
122,Heshang cave,253,HS4_2008,138388,181.3856885,363.727778,522.2990397,-8.8,-12.9
122,Heshang cave,253,HS4_2008,138389,182.6254277,362.664015,520.7366164,-8.84,-12.69
122,Heshang cave,253,HS4_2008,138390,183.6157505,361.9346504,519.3250857,-8.9,-12.56
122,Heshang cave,253,HS4_2008,138391,184.6060732,361.2369758,517.9135549,-8.96,-12.48
122,Heshang cave,253,HS4_2008,138392,185.4313422,360.6555802,516.7372793,-8.77,-12.19
122,Heshang cave,253,HS4_2008,138393,186.2750401,360.0557557,515.5794326,-8.54,-11.8
122,Heshang cave,253,HS4_2008,138394,187.1990589,359.3595298,514.5019068,-9.05,-12.41
122,Heshang cave,253,HS4_2008,138395,188.1230778,358.6342086,513.424381,-8.98,-12.1
122,Heshang cave,253,HS4_2008,138396,189.0470966,357.9088874,512.3468552,-8.92,-11.93
122,Heshang cave,253,HS4_2008,138397,189.9711154,357.1835663,511.2693294,-8.75,-11.59
122,Heshang cave,253,HS4_2008,138398,190.8951342,356.4582451,510.1918037,-8.67,-11.39
122,Heshang cave,253,HS4_2008,138399,191.8191531,355.732924,509.1142779,-8.57,-11.14
122,Heshang cave,253,HS4_2008,138400,192.6291371,355.1216376,507.9618465,-8.64,-11.52
122,Heshang cave,253,HS4_2008,138401,193.4302185,354.5192539,506.7926524,-8.46,-11.61
122,Heshang cave,253,HS4_2008,138402,194.2312999,353.9168702,505.6234584,-8.51,-11.59
122,Heshang cave,253,HS4_2008,138403,195.0323813,353.2999429,504.4542643,-8.66,-11.85
122,Heshang cave,253,HS4_2008,138404,195.8334626,352.6713456,503.2850703,-8.71,-11.87
122,Heshang cave,253,HS4_2008,138405,196.634544,352.0427484,502.1158762,-8.52,-11.68
122,Heshang cave,253,HS4_2008,138406,197.4356254,351.4141512,500.9466821,-8.55,-11.82
122,Heshang cave,253,HS4_2008,138407,198.2367067,350.7855539,499.7774881,-8.39,-11.43
122,Heshang cave,253,HS4_2008,138408,199.0377881,350.125978,498.608294,-8.12,-10.98
122,Heshang cave,253,HS4_2008,138409,199.8388695,349.4202266,497.4391,-7.89,-10.77
122,Heshang cave,253,HS4_2008,138410,200.6399508,348.7144752,496.2699059,-8.13,-10.89
122,Heshang cave,253,HS4_2008,138411,201.4410322,348.0087238,495.1007119,-8.25,-11.23
122,Heshang cave,253,HS4_2008,138412,202.2421136,347.2902343,493.9315178,-8.26,-11.27
122,Heshang cave,253,HS4_2008,138413,203.0431949,346.5598486,492.7623237,-8.28,-11.43
122,Heshang cave,253,HS4_2008,138414,203.7319295,345.9276705,491.874838,-8.13,-11.59
122,Heshang cave,253,HS4_2008,138415,204.6038474,345.1264483,490.7764805,-8.31,-11.73
122,Heshang cave,253,HS4_2008,138416,205.4792905,344.3217008,489.6816481,-8.2,-11.22
122,Heshang cave,253,HS4_2008,138417,206.432737,343.43895,488.6648192,-8.25,-11.13
122,Heshang cave,253,HS4_2008,138418,207.1954942,342.7327493,487.851356,-8.28,-11.22
122,Heshang cave,253,HS4_2008,138419,208.1489407,341.8499985,486.8345271,-8.19,-10.88
122,Heshang cave,253,HS4_2008,138420,209.1023872,340.9600731,485.8176981,-8.27,-11.03
122,Heshang cave,253,HS4_2008,138421,210.0558336,340.0395162,484.8008692,-8.67,-10.73
122,Heshang cave,253,HS4_2008,138422,210.8185908,339.3030707,483.8886072,-8.31,-11.13
122,Heshang cave,253,HS4_2008,138423,211.7720373,338.428159,482.6964771,-8.13,-11.07
122,Heshang cave,253,HS4_2008,138424,212.7254838,337.6470955,481.504347,-8.26,-10.97
122,Heshang cave,253,HS4_2008,138425,213.6789302,336.7905906,480.3122169,-8.43,-11.03
122,Heshang cave,253,HS4_2008,138426,214.4416874,336.1053868,479.3585128,-8.59,-11.21
122,Heshang cave,253,HS4_2008,138427,215.3951339,335.2488819,478.1663828,-8.67,-11.53
122,Heshang cave,253,HS4_2008,138428,216.2927503,334.4482072,476.9184226,-8.57,-11.36
122,Heshang cave,253,HS4_2008,138429,217.1647312,333.6731679,475.6448269,-8.64,-10.9
122,Heshang cave,253,HS4_2008,138430,217.9093857,333.0060668,474.7041697,-8.22,-10.54
122,Heshang cave,253,HS4_2008,138431,218.8516773,332.1607168,473.6567645,-8.38,-10.6
122,Heshang cave,253,HS4_2008,138432,219.7939689,331.3153668,472.6093594,-8.64,-11.54
122,Heshang cave,253,HS4_2008,138433,221.6785522,329.6246668,470.5145491,-8.45,-11.15
122,Heshang cave,253,HS4_2008,138434,225.4477187,326.4088994,466.3249286,-8.39,-10.99
122,Heshang cave,253,HS4_2008,138435,228.8347578,323.6801075,462.15112,-8.72,-11.29
122,Heshang cave,253,HS4_2008,138436,235.526966,319.1038844,452.9257541,-8.7,-10.85
122,Heshang cave,253,HS4_2008,138437,239.1485396,316.3639717,448.5868029,-8.43,-10.4
122,Heshang cave,253,HS4_2008,138438,242.9192215,312.7345317,444.3327498,-8.45,-10.44
122,Heshang cave,253,HS4_2008,138439,246.5375918,309.2245983,440.3276218,-8.6,-11.09
122,Heshang cave,253,HS4_2008,138440,250.1787149,306.3124985,435.9440099,-8.8,-11.1
122,Heshang cave,253,HS4_2008,138441,253.6900046,303.5419102,431.4305646,-8.95,-11.02
122,Heshang cave,253,HS4_2008,138442,257.2012942,301.1324268,426.9171192,-9.08,-11.31
122,Heshang cave,253,HS4_2008,138443,260.6041338,298.6480226,422.6964604,-9.19,-11.25
122,Heshang cave,253,HS4_2008,138444,264.0415751,296.0553905,418.1091667,-8.93,-11.77
122,Heshang cave,253,HS4_2008,138445,266.1474862,294.3566619,415.4002368,-8.84,-11.44
122,Heshang cave,253,HS4_2008,138446,268.6887772,292.0987876,412.72545,-8.75,-11.77
122,Heshang cave,253,HS4_2008,138447,270.981524,290.0401248,410.2033557,-8.38,-11.71
122,Heshang cave,253,HS4_2008,138448,273.1740084,288.0817243,407.5809991,-8.3,-11.72
122,Heshang cave,253,HS4_2008,138449,275.3231646,286.166652,404.9153143,-8.54,-11.59
122,Heshang cave,253,HS4_2008,138450,277.4451603,284.2787403,402.2224689,-8.41,-11.99
122,Heshang cave,253,HS4_2008,138451,279.7153246,282.2621669,399.2765556,-8.32,-12.11
122,Heshang cave,253,HS4_2008,138452,281.8825719,280.4009943,396.6289618,-8.16,-12.1
122,Heshang cave,253,HS4_2008,138453,283.9879801,278.6733313,393.919529,-8.12,-12.06
122,Heshang cave,253,HS4_2008,138454,286.1734256,276.7465486,391.2901335,-8.31,-11.65
122,Heshang cave,253,HS4_2008,138455,288.4030092,274.7107968,388.7630186,-7.89,-12.07
122,Heshang cave,253,HS4_2008,138456,290.6063718,272.6023434,385.8754231,-8.16,-12.09
122,Heshang cave,253,HS4_2008,138457,292.7382603,270.6632419,383.3079657,-8.15,-11.78
122,Heshang cave,253,HS4_2008,138458,295.0400881,268.7720417,380.8954745,-8.15,-11.8
122,Heshang cave,253,HS4_2008,138459,297.341916,266.7559476,378.4819906,-8.3,-11.54
122,Heshang cave,253,HS4_2008,138460,299.4573866,264.9191449,375.6059959,-8.03,-11.51
122,Heshang cave,253,HS4_2008,138461,301.5884161,263.0025828,372.2151578,-7.68,-11.22
122,Heshang cave,253,HS4_2008,138462,303.783698,261.0052621,369.5792041,-7.99,-11.67
122,Heshang cave,253,HS4_2008,138463,306.0398255,258.9470958,367.0204906,-7.91,-11.74
122,Heshang cave,253,HS4_2008,138464,308.2619363,256.8685802,364.4277604,-7.4,-11.19
122,Heshang cave,253,HS4_2008,138465,310.1803757,255.1643228,361.5313588,-7.71,-11.32
122,Heshang cave,253,HS4_2008,138466,312.377375,253.3330552,358.5122803,-8,-11.5
122,Heshang cave,253,HS4_2008,138467,314.6917585,251.271396,356.0112528,-7.63,-10.44
122,Heshang cave,253,HS4_2008,138468,316.7028289,249.4803533,353.1354588,-7.84,-10.68
122,Heshang cave,253,HS4_2008,138469,318.7138993,247.6893105,350.2596647,-7.86,-11.54
122,Heshang cave,253,HS4_2008,138470,320.9081675,245.7150699,347.5670684,-8.12,-11.16
122,Heshang cave,253,HS4_2008,138471,323.4345441,243.4270566,344.7993418,-7.78,-10.67
122,Heshang cave,253,HS4_2008,138472,325.7118012,241.5596503,342.4122918,-7.95,-10.87
122,Heshang cave,253,HS4_2008,138473,328.0207049,239.4991713,340.1769947,-8.37,-11.1
122,Heshang cave,253,HS4_2008,138474,330.1047497,237.5973077,337.533432,-8.17,-11.11
122,Heshang cave,253,HS4_2008,138475,332.3233088,235.7605479,335.4275438,-7.98,-10.73
122,Heshang cave,253,HS4_2008,138476,334.6223836,234.0887353,332.7499594,-8.12,-11.63
122,Heshang cave,253,HS4_2008,138477,336.9082406,232.5311068,329.7938013,-8.3,-11.87
122,Heshang cave,253,HS4_2008,138478,339.0121582,231.0994002,327.3014829,-8.31,-11.72
122,Heshang cave,253,HS4_2008,138479,340.9862078,229.7235245,324.9112086,-8.65,-11.83
122,Heshang cave,253,HS4_2008,138480,343.1152923,227.8544346,322.4194813,-8.21,-12.35
122,Heshang cave,253,HS4_2008,138481,344.9782367,226.1843046,319.9728298,-7.98,-12.21
122,Heshang cave,253,HS4_2008,138482,347.2194322,224.0770541,317.5452962,-8.02,-12.13
122,Heshang cave,253,HS4_2008,138483,349.5540292,221.9886163,315.5441919,-8.23,-12.29
122,Heshang cave,253,HS4_2008,138484,351.6728935,220.1827452,313.2583985,-7.82,-10.87
122,Heshang cave,253,HS4_2008,138485,353.801915,218.1261559,310.7751167,-8.06,-11.83
122,Heshang cave,253,HS4_2008,138486,356.0709874,216.6330762,308.204026,-7.96,-11.69
122,Heshang cave,253,HS4_2008,138487,358.389197,214.6936232,305.2357806,-7.81,-11.38
122,Heshang cave,253,HS4_2008,138488,360.3756383,212.8357888,302.4565332,-7.57,-10.02
122,Heshang cave,253,HS4_2008,138489,362.4601766,211.4229679,299.7580788,-7.71,-10.38
122,Heshang cave,253,HS4_2008,138490,364.54328,209.8799436,297.0581896,-8,-10.18
122,Heshang cave,253,HS4_2008,138491,366.3907733,208.3504666,294.1226902,-7.73,-10.51
122,Heshang cave,253,HS4_2008,138492,368.8837218,206.172828,291.4340634,-8.42,-10.61
122,Heshang cave,253,HS4_2008,138493,370.9124512,204.4065209,288.6207972,-8.48,-10.92
122,Heshang cave,253,HS4_2008,138494,373.049407,202.5313696,285.9034659,-7.95,-10.41
122,Heshang cave,253,HS4_2008,138495,375.0338086,200.8087725,283.0335804,-8.03,-10.21
122,Heshang cave,253,HS4_2008,138496,377.1619106,198.942475,280.3073953,-8.48,-10.41
122,Heshang cave,253,HS4_2008,138497,379.7479372,197.1050806,277.6346108,-8.01,-9.95
122,Heshang cave,253,HS4_2008,138498,381.965724,195.4382303,274.9981105,-7.94,-9.86
122,Heshang cave,253,HS4_2008,138499,384.1186806,193.5853988,272.29678,-8.03,-10.17
122,Heshang cave,253,HS4_2008,138500,386.1713975,191.7908253,269.4704352,-7.63,-11
122,Heshang cave,253,HS4_2008,138501,388.4460918,189.7639757,266.9805245,-8.02,-11.16
122,Heshang cave,253,HS4_2008,138502,390.6263498,187.8491091,263.8696657,-7.85,-10.93
122,Heshang cave,253,HS4_2008,138503,392.621687,186.1988334,261.1036499,-7.96,-10.82
122,Heshang cave,253,HS4_2008,138504,396.7213126,182.5966063,255.651513,-8.16,-10.38
122,Heshang cave,253,HS4_2008,138505,398.8884654,180.6441298,253.0674962,-8.12,-10.5
122,Heshang cave,253,HS4_2008,138506,400.9232872,178.8889633,249.9470491,-7.98,-10.67
122,Heshang cave,253,HS4_2008,138507,402.9707629,177.2842528,247.2292511,-7.95,-10.73
122,Heshang cave,253,HS4_2008,138508,405.2395196,175.3591585,245.1960448,-8.41,-10.53
122,Heshang cave,253,HS4_2008,138509,407.2422142,174.1053872,242.8837803,-8.11,-10.96
122,Heshang cave,253,HS4_2008,138510,409.4212198,172.6753049,240.6590458,-8.33,-10.93
122,Heshang cave,253,HS4_2008,138511,411.5339768,171.0808949,238.0010843,-8.34,-11.12
122,Heshang cave,253,HS4_2008,138512,413.4324118,169.2364387,235.0587195,-9.2,-11.46
122,Heshang cave,253,HS4_2008,138513,415.5248642,167.1947178,232.1507542,-8.94,-11.82
122,Heshang cave,253,HS4_2008,138514,417.8619895,164.9083238,229.5311419,-8.59,-11.56
122,Heshang cave,253,HS4_2008,138515,420.029202,163.2681784,227.1443083,-8.2,-11.41
122,Heshang cave,253,HS4_2008,138516,422.1633074,162.0379873,224.2746275,-8.08,-11.32
122,Heshang cave,253,HS4_2008,138517,423.9995057,160.5264405,221.4919463,-8.24,-11.35
122,Heshang cave,253,HS4_2008,138518,425.5440247,159.2417658,218.6309887,-8.34,-11.59
122,Heshang cave,253,HS4_2008,138519,427.7200666,157.5630049,216.4244955,-7.91,-11.22
122,Heshang cave,253,HS4_2008,138520,429.9702521,155.8268136,213.6060541,-7.94,-11.25
122,Heshang cave,253,HS4_2008,138521,432.2787474,154.0517401,211.1518698,-7.92,-11.27
122,Heshang cave,253,HS4_2008,138522,434.2273106,152.3136758,208.6703112,-7.81,-11.21
122,Heshang cave,253,HS4_2008,138523,436.4063571,150.5189429,206.1706656,-8.27,-10.4
122,Heshang cave,253,HS4_2008,138524,438.6035834,148.8800996,203.6563939,-7.88,-11.38
122,Heshang cave,253,HS4_2008,138525,440.5070384,147.5123426,200.7978993,-7.62,-11.09
122,Heshang cave,253,HS4_2008,138526,442.7653702,145.5640019,198.1106441,-7.92,-11.48
122,Heshang cave,253,HS4_2008,138527,444.8682248,143.9516077,195.5604699,-7.67,-10.93
122,Heshang cave,253,HS4_2008,138528,447.0239485,142.3069212,192.8195527,-7.79,-10.61
122,Heshang cave,253,HS4_2008,138529,448.7720441,140.9203524,189.8388308,-7.86,-11.19
122,Heshang cave,253,HS4_2008,138530,451.1531849,138.8099773,187.0262892,-7.59,-10.71
122,Heshang cave,253,HS4_2008,138531,453.878673,136.4630236,185.3796733,-7.67,-10.84
122,Heshang cave,253,HS4_2008,138532,455.7578641,135.2587222,182.8065139,-7.72,-10.85
122,Heshang cave,253,HS4_2008,138533,457.8408754,133.6926023,180.6929966,-7.89,-9.95
122,Heshang cave,253,HS4_2008,138534,459.9824839,131.951164,178.3503411,-7.81,-10.86
122,Heshang cave,253,HS4_2008,138535,462.2070507,130.2318166,176.0906439,-7.59,-10.51
122,Heshang cave,253,HS4_2008,138536,464.2693169,129.2150413,173.0811368,-7.63,-10.62
122,Heshang cave,253,HS4_2008,138537,466.2893298,128.1600968,170.4187649,-7.71,-10.71
122,Heshang cave,253,HS4_2008,138538,468.1218752,127.2926198,167.6803213,-7.74,-11.24
122,Heshang cave,253,HS4_2008,138539,470.3587935,125.9748949,165.4413286,-7.45,-10.08
122,Heshang cave,253,HS4_2008,138540,472.2083058,124.9598086,162.7260603,-7.62,-10.34
122,Heshang cave,253,HS4_2008,138541,474.4306898,123.0317226,160.0514031,-7.66,-10.49
122,Heshang cave,253,HS4_2008,138542,476.1264333,121.9066003,157.0893566,-7.46,-10.12
122,Heshang cave,253,HS4_2008,138543,478.0305091,120.2674086,154.6218813,-7.35,-10.67
122,Heshang cave,253,HS4_2008,138544,480.0255017,118.9818825,152.5324685,-7.34,-10.14
122,Heshang cave,253,HS4_2008,138545,481.9633464,117.7782137,150.3574805,-7.52,-10.22
122,Heshang cave,253,HS4_2008,138546,484.3946669,115.6031998,147.3187383,-7.66,-10.23
122,Heshang cave,253,HS4_2008,138547,486.5372485,114.2165746,144.3586918,-7.75,-10.13
122,Heshang cave,253,HS4_2008,138548,488.9315168,112.1780204,143.029866,-7.89,-10.11
122,Heshang cave,253,HS4_2008,138549,491.1008007,110.1286353,140.8747712,-7.89,-10.2
122,Heshang cave,253,HS4_2008,138550,493.3009307,109.2484469,137.9504564,-7.75,-10.38
122,Heshang cave,253,HS4_2008,138551,495.6483591,107.8049584,135.3158549,-7.8,-10.43
122,Heshang cave,253,HS4_2008,138552,497.6511223,106.3653623,132.9529379,-7.93,-10.79
122,Heshang cave,253,HS4_2008,138553,500.0120453,104.3525123,130.4531749,-7.67,-10.61
122,Heshang cave,253,HS4_2008,138554,502.2033969,102.6097934,128.2734763,-8.05,-10.93
122,Heshang cave,253,HS4_2008,138555,504.0425788,101.3150774,126.3555776,-7.86,-10.42
122,Heshang cave,253,HS4_2008,138556,506.3295372,99.88659288,123.5541631,-8.11,-11.07
122,Heshang cave,253,HS4_2008,138557,508.5679435,98.30726581,121.0311231,-8.28,-11.47
122,Heshang cave,253,HS4_2008,138558,510.6974867,96.5132577,118.3120505,-8.01,-11.49
122,Heshang cave,253,HS4_2008,138559,512.9244386,94.88223444,115.833451,-8.24,-11.2
122,Heshang cave,253,HS4_2008,138560,515.0924238,93.18902846,113.4236423,-8.14,-11.06
122,Heshang cave,253,HS4_2008,138561,517.1382794,91.67988004,111.8358503,-8.16,-10.39
122,Heshang cave,253,HS4_2008,138562,519.4663689,91.07553047,110.1543372,-8.02,-10.7
122,Heshang cave,253,HS4_2008,138563,521.5549448,89.6050183,108.6554132,-8.06,-11.73
122,Heshang cave,253,HS4_2008,138564,523.4981555,88.23537133,106.2737099,-7.99,-10.6
122,Heshang cave,253,HS4_2008,138565,525.5264985,87.07747335,103.8861794,-7.82,-10.31
122,Heshang cave,253,HS4_2008,138566,527.3985086,85.9073071,101.4683049,-7.99,-9.85
122,Heshang cave,253,HS4_2008,138567,529.7058209,84.4549601,99.08979523,-7.63,-10.05
122,Heshang cave,253,HS4_2008,138568,532.2166922,82.49612692,97.53392876,-8.13,-11.31
122,Heshang cave,253,HS4_2008,138569,534.4810666,80.96350948,95.93991891,-7.78,-9.9
122,Heshang cave,253,HS4_2008,138570,536.5549765,79.96508512,93.2041727,-8.04,-10.23
122,Heshang cave,253,HS4_2008,138571,538.9473468,78.96522254,90.65014995,-8.11,-10.25
122,Heshang cave,253,HS4_2008,138572,541.3292227,77.94573821,87.94355976,-8.01,-10.11
122,Heshang cave,253,HS4_2008,138573,543.4876885,76.38609595,85.98987161,-8.21,-10.33
122,Heshang cave,253,HS4_2008,138574,545.7257805,74.90914789,84.25449818,-7.89,-10.27
122,Heshang cave,253,HS4_2008,138575,548.0942849,73.45255838,82.45716622,-8.21,-10.32
122,Heshang cave,253,HS4_2008,138576,550.4848136,72.00820674,80.48059283,-8.09,-10.08
122,Heshang cave,253,HS4_2008,138577,552.7092422,71.14099877,78.50764303,-7.81,-9.95
122,Heshang cave,253,HS4_2008,138578,554.5509616,70.81214291,76.67495072,-8.06,-10.14
122,Heshang cave,253,HS4_2008,138579,556.7722927,69.55024997,74.93778019,-7.91,-9.86
122,Heshang cave,253,HS4_2008,138580,559.0887025,68.3395136,73.11720762,-7.96,-9.84
122,Heshang cave,253,HS4_2008,138581,560.912468,67.12998909,70.95928425,-8.08,-9.94
122,Heshang cave,253,HS4_2008,138582,563.5073812,65.48310904,69.39680181,-8.02,-9.91
122,Heshang cave,253,HS4_2008,138583,565.4325454,64.72517257,67.42847569,-8.21,-10.1
122,Heshang cave,253,HS4_2008,138584,567.6735684,64.12646873,65.49622558,-8.04,-9.98
122,Heshang cave,253,HS4_2008,138585,569.7938693,63.18924122,64.02000563,-8.1,-10.06
122,Heshang cave,253,HS4_2008,138586,571.9436645,62.00779313,63.33041828,-8.18,-10.39
122,Heshang cave,253,HS4_2008,138587,574.26955,61.0905703,61.91173834,-8.14,-10.15
122,Heshang cave,253,HS4_2008,138588,579.4102083,58.85687978,60.60653664,-7.97,-10.28
122,Heshang cave,253,HS4_2008,138589,582.2663981,57.80644282,60.67220066,-8.23,-10.93
122,Heshang cave,253,HS4_2008,138590,584.5461915,57.67260156,60.31814561,-7.96,-10.3
122,Heshang cave,253,HS4_2008,138591,586.7129943,57.37115889,58.62868469,-7.97,-10.38
122,Heshang cave,253,HS4_2008,138592,588.9807704,56.51415888,58.24835615,-7.99,-9.79
122,Heshang cave,253,HS4_2008,138593,590.7924446,56.04358828,57.6984062,-7.45,-9.44
122,Heshang cave,253,HS4_2008,138594,593.0923776,55.38009624,58.15541755,-7.99,-9.57
122,Heshang cave,253,HS4_2008,138595,594.8735267,55.37211964,57.66995556,-8.09,-9.68
122,Heshang cave,253,HS4_2008,138596,596.9554296,55.24729415,57.87004774,-7.88,-9.56
122,Heshang cave,253,HS4_2008,138597,599.1429564,54.71566637,57.79857639,-8.17,-9.91
122,Heshang cave,253,HS4_2008,138598,601.1964568,54.64481387,57.61234378,-7.95,-10.09
122,Heshang cave,253,HS4_2008,138599,603.380738,55.22850622,57.46178161,-8.07,-10.26
122,Heshang cave,253,HS4_2008,138600,605.9946847,55.28152637,56.9917172,-8.35,-10.41
122,Heshang cave,253,HS4_2008,138601,609.3290375,54.95831887,56.84919658,-8.29,-10.12
122,Heshang cave,253,HS4_2008,138602,615.4920176,54.19708687,56.62879553,-7.96,-9.89
122,Heshang cave,253,HS4_2008,138603,618.6080041,53.72055811,56.50216736,-7.99,-10.13
122,Heshang cave,253,HS4_2008,138604,621.9493198,53.33099518,56.42923314,-7.86,-9.78
122,Heshang cave,253,HS4_2008,138605,624.9738625,53.37423687,56.1636946,-8.02,-9.99
122,Heshang cave,253,HS4_2008,138606,627.9711371,53.42390622,55.87088799,-8.13,-10.41
122,Heshang cave,253,HS4_2008,138607,630.9573663,53.07962838,55.56703594,-8.41,-10.85
122,Heshang cave,253,HS4_2008,138608,634.0416008,52.63441846,55.34930612,-8.37,-10.73
122,Heshang cave,253,HS4_2008,138609,637.3235507,52.27475546,55.13871074,-8.44,-10.75
122,Heshang cave,253,HS4_2008,138610,640.3898817,51.88532518,55.04182748,-8.17,-10.21
122,Heshang cave,253,HS4_2008,138611,643.394997,51.62456573,54.88372839,-8.45,-11.16
122,Heshang cave,253,HS4_2008,138612,646.3759694,51.59581195,54.6371345,-8.52,-10.95
122,Heshang cave,253,HS4_2008,138613,649.3770644,51.5469357,54.27247799,-8.47,-11.01
122,Heshang cave,253,HS4_2008,138614,652.6133658,51.53123648,53.80443793,-8.46,-10.92
122,Heshang cave,253,HS4_2008,138615,655.5986409,51.48181254,53.44720673,-8.4,-10.69
122,Heshang cave,253,HS4_2008,138616,658.6160696,51.38580851,53.36564409,-8.71,-11.32
122,Heshang cave,253,HS4_2008,138617,661.6408468,51.12157862,53.29143002,-8.58,-10.86
122,Heshang cave,253,HS4_2008,138618,664.665537,50.77478589,53.02802292,-8.59,-10.85
122,Heshang cave,253,HS4_2008,138619,668.0436446,50.54413682,52.9918685,-8.56,-10.91
122,Heshang cave,253,HS4_2008,138620,671.1128253,50.33090881,52.67891075,-8.85,-11.27
122,Heshang cave,253,HS4_2008,138621,674.1251652,49.9492907,52.53871647,-8.42,-10.79
122,Heshang cave,253,HS4_2008,138622,677.5869121,49.50512718,52.38557244,-8.81,-10.96
122,Heshang cave,253,HS4_2008,138623,680.9211197,49.28693498,52.27704176,-8.65,-11.03
122,Heshang cave,253,HS4_2008,138624,684.4036434,48.94293918,52.02687787,-8.8,-11.04
122,Heshang cave,253,HS4_2008,138625,687.5763652,48.93750757,51.8638574,-8.64,-10.7
122,Heshang cave,253,HS4_2008,138626,690.8847969,48.9028198,51.65558938,-8.47,-10.94
122,Heshang cave,253,HS4_2008,138627,694.2707747,48.52684221,51.49036989,-8.66,-10.91
122,Heshang cave,253,HS4_2008,138628,701.0355435,48.08112455,51.14826627,-8.82,-10.7
122,Heshang cave,253,HS4_2008,138629,704.3375771,47.80769052,51.08215449,-8.45,-10.21
122,Heshang cave,253,HS4_2008,138630,707.7641448,47.30078234,50.92174639,-8.09,-10.19
122,Heshang cave,253,HS4_2008,138631,710.905784,47.07527193,50.62411028,-7.77,-10.16
122,Heshang cave,253,HS4_2008,138632,714.2534954,46.84382542,50.49788745,-7.87,-10.13
122,Heshang cave,253,HS4_2008,138633,717.7091171,46.87956657,50.12080691,-7.92,-10.26
122,Heshang cave,253,HS4_2008,138634,720.8538959,46.8499826,49.83558533,-7.8,-10.05
122,Heshang cave,253,HS4_2008,138635,724.0629143,46.7887762,49.43602535,-7.95,-10.5
122,Heshang cave,253,HS4_2008,138636,727.3412353,46.62392241,49.33858162,-7.72,-10.43
122,Heshang cave,253,HS4_2008,138637,730.7845475,46.15517229,49.39201237,-7.84,-10.58
122,Heshang cave,253,HS4_2008,138638,734.4202773,45.67228873,49.20094167,-7.84,-10.77
122,Heshang cave,253,HS4_2008,138639,737.4979548,45.50186696,48.81722605,-7.78,-10.64
122,Heshang cave,253,HS4_2008,138640,740.8487606,45.23711355,48.75900473,-8.07,-11.16
122,Heshang cave,253,HS4_2008,138641,744.1063117,45.07189625,48.59964728,-7.83,-10.95
122,Heshang cave,253,HS4_2008,138642,747.230522,44.99476317,48.30418961,-8.07,-10.93
122,Heshang cave,253,HS4_2008,138643,750.7006223,44.82170563,48.02756975,-8.21,-11.11
122,Heshang cave,253,HS4_2008,138644,754.0843035,44.57117393,47.87246861,-8.34,-11.02
122,Heshang cave,253,HS4_2008,138645,757.3955399,44.37721793,47.71660355,-8.63,-11.49
122,Heshang cave,253,HS4_2008,138646,760.8059759,44.08868315,47.77837301,-8.62,-11.38
122,Heshang cave,253,HS4_2008,138647,764.0941088,44.0064028,47.4451355,-8.64,-11.45
122,Heshang cave,253,HS4_2008,138648,767.7464836,43.67815206,47.40330449,-8.67,-11.59
122,Heshang cave,253,HS4_2008,138649,774.3437153,43.14135387,47.25590051,-8.66,-11.81
122,Heshang cave,253,HS4_2008,138650,777.1453563,42.85373823,47.11817802,-8.53,-11.53
122,Heshang cave,253,HS4_2008,138651,779.5980974,42.67845049,46.88613756,-8.35,-11.26
122,Heshang cave,253,HS4_2008,138652,782.3172765,42.55805764,46.727914,-7.72,-10.28
122,Heshang cave,253,HS4_2008,138653,784.7680516,42.43893204,46.57394404,-8.36,-11.22
122,Heshang cave,253,HS4_2008,138654,787.425486,42.49931121,46.32475318,-7.91,-11.25
122,Heshang cave,253,HS4_2008,138655,795.0486037,42.31537375,45.83894092,-8.61,-11.21
122,Heshang cave,253,HS4_2008,138656,800.6461913,42.10244745,45.57178833,-8.54,-11.45
122,Heshang cave,253,HS4_2008,138657,803.0988648,42.06625627,45.65546901,-8.95,-11.12
122,Heshang cave,253,HS4_2008,138658,805.7700425,42.03787647,45.4016671,-9.54,-11.3
122,Heshang cave,253,HS4_2008,138659,810.9722755,41.77421527,45.12589319,-9.76,-11.58
122,Heshang cave,253,HS4_2008,138660,816.1381825,41.62334296,44.96929721,-8.53,-11.12
122,Heshang cave,253,HS4_2008,138661,818.5716419,41.51300241,44.82766252,-8.67,-11.38
122,Heshang cave,253,HS4_2008,138662,821.3039475,41.49191036,44.67579738,-8.42,-11.05
122,Heshang cave,253,HS4_2008,138663,823.998741,41.45942074,44.50197344,-8.31,-10.86
122,Heshang cave,253,HS4_2008,138664,826.4680682,41.37008143,44.41499239,-8.65,-11.19
122,Heshang cave,253,HS4_2008,138665,831.8050103,41.0051701,44.18573573,-8.36,-10.75
122,Heshang cave,253,HS4_2008,138666,836.9377085,40.7478267,43.78586411,-8.28,-10.59
122,Heshang cave,253,HS4_2008,138667,839.6943714,40.46983378,43.62442912,-8.34,-10.84
122,Heshang cave,253,HS4_2008,138668,842.4323069,40.38733547,43.48840377,-8.15,-10.43
122,Heshang cave,253,HS4_2008,138669,844.8721599,40.36937484,43.44716591,-8.07,-10.61
122,Heshang cave,253,HS4_2008,138670,847.6418388,40.34785033,43.38152623,-8.03,-10.73
122,Heshang cave,253,HS4_2008,138671,850.0501087,40.25827262,43.27149693,-7.99,-10.83
122,Heshang cave,253,HS4_2008,138672,852.8175361,40.00925469,43.10932743,-8.03,-11.03
122,Heshang cave,253,HS4_2008,138673,855.8488233,39.87423802,42.94006873,-8.13,-11.11
122,Heshang cave,253,HS4_2008,138674,859.1696845,39.72113142,42.91424682,-8.01,-11.03
122,Heshang cave,253,HS4_2008,138675,862.1402713,39.53342613,42.7118315,-8.03,-10.9
122,Heshang cave,253,HS4_2008,138676,865.417309,39.35818823,42.5249663,-7.97,-10.84
122,Heshang cave,253,HS4_2008,138677,868.4434114,39.04474057,42.27030996,-8.04,-11.3
122,Heshang cave,253,HS4_2008,138678,871.7733588,39.06553748,42.24408741,-8.03,-11.24
122,Heshang cave,253,HS4_2008,138679,874.9547641,39.26568575,41.96895178,-8.04,-11.2
122,Heshang cave,253,HS4_2008,138680,878.017561,39.10991932,41.85874654,-8.18,-11.27
122,Heshang cave,253,HS4_2008,138681,881.1683455,39.08581324,41.54807423,-8.31,-11.25
122,Heshang cave,253,HS4_2008,138682,887.4440003,39.05669871,41.20814413,-8.28,-11.38
122,Heshang cave,253,HS4_2008,138683,890.3460224,39.16524673,40.9182902,-8.34,-11.15
122,Heshang cave,253,HS4_2008,138684,893.5807552,39.04607825,40.69156611,-8.36,-11.21
122,Heshang cave,253,HS4_2008,138685,896.5608064,38.90130095,40.57421389,-8.38,-11.4
122,Heshang cave,253,HS4_2008,138686,899.8332853,38.67473347,40.44488305,-8.34,-11.55
122,Heshang cave,253,HS4_2008,138687,902.77623,38.6050358,40.2210877,-8.3,-11.06
122,Heshang cave,253,HS4_2008,138688,906.1070682,38.64765673,40.10715281,-8.27,-10.85
122,Heshang cave,253,HS4_2008,138689,909.1301983,38.5675907,40.1964091,-8.27,-10.91
122,Heshang cave,253,HS4_2008,138690,912.3073193,38.63005714,40.04313152,-8.28,-10.96
122,Heshang cave,253,HS4_2008,138691,915.5005382,38.72546696,39.86610223,-8.29,-10.91
122,Heshang cave,253,HS4_2008,138692,918.4433985,38.81456932,39.69087188,-8.37,-11.18
122,Heshang cave,253,HS4_2008,138693,921.5951277,38.898726,39.4052735,-8.24,-10.44
122,Heshang cave,253,HS4_2008,138694,924.6143854,38.90096649,39.25440079,-8.42,-10.99
122,Heshang cave,253,HS4_2008,138695,927.9616247,38.81936751,39.09917306,-8.37,-10.74
122,Heshang cave,253,HS4_2008,138696,930.8803195,38.87977308,38.80567566,-8.48,-11.33
122,Heshang cave,253,HS4_2008,138697,934.1454761,38.90785405,38.69689746,-8.37,-11.25
122,Heshang cave,253,HS4_2008,138698,937.1556252,38.96894073,38.65058699,-8.51,-11.23
122,Heshang cave,253,HS4_2008,138699,943.4104612,39.0119838,38.30744337,-8.27,-10.44
122,Heshang cave,253,HS4_2008,138700,946.8050732,38.9083242,38.44762482,-8.44,-10.69
122,Heshang cave,253,HS4_2008,138701,947.8822705,38.98283833,38.48660589,-8.18,-10.03
122,Heshang cave,253,HS4_2008,138702,950.6513767,39.01511162,38.46784479,-7.93,-9.63
122,Heshang cave,253,HS4_2008,138703,952.8527048,39.032181,38.44332216,-8.11,-9.6
122,Heshang cave,253,HS4_2008,138704,953.6604334,39.1048736,38.41219459,-8,-9.7
122,Heshang cave,253,HS4_2008,138705,954.746351,39.13410451,38.31702282,-8.05,-9.94
122,Heshang cave,253,HS4_2008,138706,955.82412,39.19429433,38.15653153,-8.08,-10.08
122,Heshang cave,253,HS4_2008,138707,956.6472023,39.23824152,38.05091866,-7.95,-10.15
122,Heshang cave,253,HS4_2008,138708,957.6987144,39.34276882,38.07629489,-7.92,-10.89
122,Heshang cave,253,HS4_2008,138709,958.5013048,39.4141704,38.1109916,-8.02,-11.04
122,Heshang cave,253,HS4_2008,138710,959.5746727,39.49180828,38.04017509,-7.93,-10.92
122,Heshang cave,253,HS4_2008,138711,960.6850448,39.51629888,38.01384653,-8.13,-10.93
122,Heshang cave,253,HS4_2008,138712,961.4963943,39.49102569,38.01490481,-8.09,-11.27
122,Heshang cave,253,HS4_2008,138713,962.5869866,39.43774939,38.02510875,-8.03,-10.74
122,Heshang cave,253,HS4_2008,138714,963.688073,39.39831213,38.04188868,-8.1,-11.01
122,Heshang cave,253,HS4_2008,138715,965.6568706,39.44222597,38.07577412,-8.05,-10.9
122,Heshang cave,253,HS4_2008,138716,966.4597667,39.47448644,38.07579236,-7.97,-10.79
122,Heshang cave,253,HS4_2008,138717,967.5051441,39.50574874,38.04479952,-7.65,-10.36
122,Heshang cave,253,HS4_2008,138718,968.5738572,39.51367538,38.06089535,-8.29,-10.41
122,Heshang cave,253,HS4_2008,138719,969.4170799,39.47793246,38.11270401,-8.52,-10.47
122,Heshang cave,253,HS4_2008,138720,970.48908,39.51070875,38.031402,-8.37,-11.04
122,Heshang cave,253,HS4_2008,138721,971.652402,39.44197258,38.02655016,-8.12,-11.45
122,Heshang cave,253,HS4_2008,138722,973.7013068,39.34529115,38.10397806,-8.54,-11.34
122,Heshang cave,253,HS4_2008,138723,974.5769912,39.29559113,38.13741305,-8.47,-11.17
122,Heshang cave,253,HS4_2008,138724,975.6189106,39.3781933,38.12236251,-8.58,-11.3
122,Heshang cave,253,HS4_2008,138725,976.7484616,39.37028313,38.07446298,-8.02,-11.47
122,Heshang cave,253,HS4_2008,138726,977.5953846,39.36029062,38.07898892,-8.34,-10.72
122,Heshang cave,253,HS4_2008,138727,978.7051166,39.37366381,38.08524901,-8.25,-10.78
122,Heshang cave,253,HS4_2008,138728,979.8256482,39.37449292,38.10465754,-8.35,-10.62
122,Heshang cave,253,HS4_2008,138729,980.6487195,39.38339949,38.09941891,-8.05,-10.12
122,Heshang cave,253,HS4_2008,138730,981.7102616,39.43116119,38.08750276,-7.9,-10.24
122,Heshang cave,253,HS4_2008,138731,984.7188168,39.48181045,38.07524527,-8.24,-10.49
122,Heshang cave,253,HS4_2008,138732,985.5586203,39.4904648,38.09461863,-8.28,-11.02
122,Heshang cave,253,HS4_2008,138733,986.6525713,39.54616513,38.09466281,-8.45,-11.48
122,Heshang cave,253,HS4_2008,138734,991.5196451,39.70281929,37.87336391,-7.75,-10.41
122,Heshang cave,253,HS4_2008,138735,993.4926338,39.68444652,37.89606834,-8.15,-10.44
122,Heshang cave,253,HS4_2008,138736,994.6125524,39.65394459,37.89239756,-8.12,-10.54
122,Heshang cave,253,HS4_2008,138737,995.7225289,39.60682151,37.91167289,-8.21,-11.07
122,Heshang cave,253,HS4_2008,138738,996.549572,39.59871961,37.92069021,-7.58,-10.06
122,Heshang cave,253,HS4_2008,138739,997.6664847,39.62621996,37.95645897,-7.93,-9.96
122,Heshang cave,253,HS4_2008,138740,998.5075751,39.65894337,37.9881482,-7.86,-10.05
122,Heshang cave,253,HS4_2008,138741,999.6105481,39.68477872,37.96733877,-7.42,-9.98
122,Heshang cave,253,HS4_2008,138742,1000.708122,39.71601339,37.97094611,-7.29,-10.09
122,Heshang cave,253,HS4_2008,138743,1001.548617,39.71111105,37.99904976,-7.51,-10.38
122,Heshang cave,253,HS4_2008,138744,1002.666872,39.70673167,38.00853967,-7.42,-10.36
122,Heshang cave,253,HS4_2008,138745,1003.714524,39.81718429,37.92303481,-7.33,-10.09
122,Heshang cave,253,HS4_2008,138746,1005.584628,39.93375018,37.71024134,-7.4,-10.41
122,Heshang cave,253,HS4_2008,138747,1006.426355,39.88924784,37.73357527,-7.47,-10.51
122,Heshang cave,253,HS4_2008,138748,1008.054789,39.88819301,37.71779591,-7.65,-10.38
122,Heshang cave,253,HS4_2008,138749,1009.43865,39.89667708,37.75150126,-7.82,-10.65
122,Heshang cave,253,HS4_2008,138750,1010.854799,39.82717891,37.81689405,-7.69,-10.45
122,Heshang cave,253,HS4_2008,138751,1012.511236,39.76362563,37.85080855,-7.58,-9.83
122,Heshang cave,253,HS4_2008,138752,1013.853345,39.84655931,37.88941764,-7.6,-9.83
122,Heshang cave,253,HS4_2008,138753,1015.210232,39.91082954,37.9212012,-7.71,-9.44
122,Heshang cave,253,HS4_2008,138754,1016.489525,39.96072112,37.87539173,-7.66,-8.96
122,Heshang cave,253,HS4_2008,138755,1018.208111,39.92662542,37.96989335,-7.71,-8.98
122,Heshang cave,253,HS4_2008,138756,1020.886638,39.88653389,37.92879092,-7.6,-9.83
122,Heshang cave,253,HS4_2008,138757,1022.296808,39.89946353,37.97914592,-7.76,-9.71
122,Heshang cave,253,HS4_2008,138758,1023.939488,39.92943082,37.99004855,-7.92,-9.98
122,Heshang cave,253,HS4_2008,138759,1025.320679,40.01637353,38.01142548,-7.83,-10.07
122,Heshang cave,253,HS4_2008,138760,1026.650666,40.07104103,37.98159705,-7.84,-10.37
122,Heshang cave,253,HS4_2008,138761,1029.660058,40.0228603,37.98824592,-8.12,-11.42
122,Heshang cave,253,HS4_2008,138762,1031.034926,40.02416644,37.99669458,-8.21,-11.63
122,Heshang cave,253,HS4_2008,138763,1032.395747,40.04989611,38.0334988,-8.15,-11.49
122,Heshang cave,253,HS4_2008,138764,1034.013865,40.14000468,38.19171064,-7.89,-11.2
122,Heshang cave,253,HS4_2008,138765,1036.793316,40.1866477,38.27197288,-7.87,-10.79
122,Heshang cave,253,HS4_2008,138766,1038.430628,40.24499274,38.35045593,-7.93,-10.69
122,Heshang cave,253,HS4_2008,138767,1039.870928,40.21773958,38.4612158,-7.81,-10.54
122,Heshang cave,253,HS4_2008,138768,1041.210931,40.26859029,38.4816662,-7.87,-10.78
122,Heshang cave,253,HS4_2008,138769,1042.569994,40.21413727,38.44734182,-7.9,-10.99
122,Heshang cave,253,HS4_2008,138770,1044.192106,40.30555968,38.39816755,-7.84,-10.8
122,Heshang cave,253,HS4_2008,138771,1046.93397,40.38784124,38.25347393,-7.84,-11.09
122,Heshang cave,253,HS4_2008,138772,1048.221403,40.45732515,38.11044182,-8.03,-11.38
122,Heshang cave,253,HS4_2008,138773,1049.848933,40.44963137,38.03193424,-8.13,-11.59
122,Heshang cave,253,HS4_2008,138774,1050.637054,40.47142952,37.95154578,-8.05,-11.18
122,Heshang cave,253,HS4_2008,138775,1051.753249,40.44024089,37.91659447,-8.12,-11.39
122,Heshang cave,253,HS4_2008,138776,1054.860621,40.32950011,37.98175419,-8.05,-11.12
122,Heshang cave,253,HS4_2008,138777,1055.700315,40.30684814,38.00019564,-8.29,-10.78
122,Heshang cave,253,HS4_2008,138778,1056.75108,40.33447085,37.96037857,-8.01,-10.86
122,Heshang cave,253,HS4_2008,138779,1057.903717,40.26022077,38.02513307,-7.99,-10.88
122,Heshang cave,253,HS4_2008,138780,1058.762057,40.21067179,38.0719059,-7.91,-10.65
122,Heshang cave,253,HS4_2008,138781,1059.807748,40.25706205,38.1510076,-8.03,-10.9
122,Heshang cave,253,HS4_2008,138782,1060.832186,40.3467094,38.10279475,-8.02,-10.72
122,Heshang cave,253,HS4_2008,138783,1061.630152,40.42103448,38.06729439,-8.03,-10.74
122,Heshang cave,253,HS4_2008,138784,1062.730901,40.49322737,38.03933202,-7.92,-10.54
122,Heshang cave,253,HS4_2008,138785,1063.60765,40.55444841,38.06954744,-7.98,-10.46
122,Heshang cave,253,HS4_2008,138786,1064.59757,40.73000667,37.98148078,-7.97,-10.65
122,Heshang cave,253,HS4_2008,138787,1065.679643,40.70233277,37.98671141,-7.94,-10.36
122,Heshang cave,253,HS4_2008,138788,1066.553178,40.61321002,38.07218843,-7.98,-10.65
122,Heshang cave,253,HS4_2008,138789,1067.643736,40.50542478,38.13978884,-8.03,-10.92
122,Heshang cave,253,HS4_2008,138790,1068.805656,40.36300487,38.1844194,-7.98,-10.8
122,Heshang cave,253,HS4_2008,138791,1069.594662,40.40574954,38.13160364,-8.06,-11.17
122,Heshang cave,253,HS4_2008,138792,1070.698667,40.42106204,38.16538686,-7.95,-10.88
122,Heshang cave,253,HS4_2008,138793,1071.550756,40.43731202,38.22890666,-7.94,-11.05
122,Heshang cave,253,HS4_2008,138794,1072.649989,40.50103949,38.27297442,-7.92,-11.2
122,Heshang cave,253,HS4_2008,138795,1073.721939,40.59205085,38.2897583,-8.01,-11.27
122,Heshang cave,253,HS4_2008,138796,1074.506884,40.6793268,38.27379865,-8.07,-11.64
122,Heshang cave,253,HS4_2008,138797,1075.56739,40.78178154,38.25637168,-8.01,-11.22
122,Heshang cave,253,HS4_2008,138798,1076.655411,40.85672164,38.26645935,-7.88,-11.33
122,Heshang cave,253,HS4_2008,138799,1077.515225,40.86912862,38.31782319,-7.86,-11.56
122,Heshang cave,253,HS4_2008,138800,1078.661643,40.88567125,38.38630832,-8.03,-11.64
122,Heshang cave,253,HS4_2008,138801,1079.511413,40.90812248,38.42762792,-7.85,-11.67
122,Heshang cave,253,HS4_2008,138802,1081.403697,41.05102052,38.40939346,-7.79,-11.51
122,Heshang cave,253,HS4_2008,138803,1083.334454,41.1412405,38.54072126,-7.83,-11.63
122,Heshang cave,253,HS4_2008,138804,1085.2493,41.19313175,38.45515108,-7.75,-11.41
122,Heshang cave,253,HS4_2008,138805,1087.181272,41.23155387,38.29928618,-7.62,-11.39
122,Heshang cave,253,HS4_2008,138806,1088.966436,41.40295597,38.21429521,-7.8,-11.57
122,Heshang cave,253,HS4_2008,138807,1090.872271,41.42708595,38.38616734,-7.61,-11.13
122,Heshang cave,253,HS4_2008,138808,1094.632529,41.46087826,38.38520204,-7.97,-10.86
122,Heshang cave,253,HS4_2008,138809,1096.615954,41.37447893,38.43524006,-7.96,-11.07
122,Heshang cave,253,HS4_2008,138810,1098.538877,41.33280053,38.41149801,-8.14,-11.34
122,Heshang cave,253,HS4_2008,138811,1100.4568,41.29423503,38.46752008,-8.07,-11.62
122,Heshang cave,253,HS4_2008,138812,1102.395982,41.46113299,38.53346835,-8.16,-11.99
122,Heshang cave,253,HS4_2008,138813,1104.10668,41.2845167,38.69768722,-8.02,-11.44
122,Heshang cave,253,HS4_2008,138814,1105.962772,41.45054461,38.67209045,-8.06,-11.17
122,Heshang cave,253,HS4_2008,138815,1107.974731,41.39402306,38.77918783,-8.21,-11.53
122,Heshang cave,253,HS4_2008,138816,1109.965995,41.42396039,38.84591114,-8.19,-11.42
122,Heshang cave,253,HS4_2008,138817,1111.840145,41.45206819,38.80181295,-8.21,-11.39
122,Heshang cave,253,HS4_2008,138818,1113.673187,41.63735856,38.73611673,-8.1,-11.09
122,Heshang cave,253,HS4_2008,138819,1115.537075,41.82662829,38.6683929,-8.31,-11.51
122,Heshang cave,253,HS4_2008,138820,1117.415444,41.87389318,38.64762135,-8.15,-11.57
122,Heshang cave,253,HS4_2008,138821,1118.985227,41.95645566,38.6092657,-8.29,-11.59
122,Heshang cave,253,HS4_2008,138822,1120.655794,41.89327468,38.71888291,-8.25,-11.99
122,Heshang cave,253,HS4_2008,138823,1122.592147,41.90987493,38.97138432,-8.5,-12.33
122,Heshang cave,253,HS4_2008,138824,1124.226583,42.07200701,39.03179523,-8.25,-12.23
122,Heshang cave,253,HS4_2008,138825,1125.908045,42.2021544,39.15444047,-8.29,-12.23
122,Heshang cave,253,HS4_2008,138826,1127.792816,42.38058847,39.26055704,-8.19,-12.14
122,Heshang cave,253,HS4_2008,138827,1129.45088,42.39828051,39.38904108,-8.23,-11.98
122,Heshang cave,253,HS4_2008,138828,1131.140939,42.42048999,39.41466647,-8.34,-11.78
122,Heshang cave,253,HS4_2008,138829,1132.831017,42.42820913,39.54830984,-8.32,-11.77
122,Heshang cave,253,HS4_2008,138830,1134.759353,42.49778499,39.58344307,-8.37,-11.53
122,Heshang cave,253,HS4_2008,138831,1136.414167,42.68919656,39.73528512,-8.24,-11.24
122,Heshang cave,253,HS4_2008,138832,1138.13809,42.69019166,39.90771721,-8.38,-11.46
122,Heshang cave,253,HS4_2008,138833,1139.780417,42.72080458,40.10017222,-8.25,-11.2
122,Heshang cave,253,HS4_2008,138834,1141.635308,42.90091278,40.18587737,-8.19,-10.96
122,Heshang cave,253,HS4_2008,138835,1143.321236,42.95494338,40.30545521,-8.33,-11.44
122,Heshang cave,253,HS4_2008,138836,1145.023994,42.98791197,40.22421224,-8.35,-11.72
122,Heshang cave,253,HS4_2008,138837,1146.711601,43.03455098,40.31818141,-8.35,-11.77
122,Heshang cave,253,HS4_2008,138838,1148.645489,43.25190876,40.45094778,-8.47,-11.94
122,Heshang cave,253,HS4_2008,138839,1150.327121,43.30758232,40.64413436,-8.36,-11.73
122,Heshang cave,253,HS4_2008,138840,1151.988714,43.36084969,40.78241221,-8.33,-11.68
122,Heshang cave,253,HS4_2008,138841,1153.703337,43.35294722,40.96064197,-8.47,-11.76
122,Heshang cave,253,HS4_2008,138842,1155.584886,43.55637592,40.89355907,-8.56,-11.78
122,Heshang cave,253,HS4_2008,138843,1160.796031,43.89271329,40.94187724,-8.34,-11.65
122,Heshang cave,253,HS4_2008,138844,1162.509671,43.87269604,41.07955984,-8.31,-11.52
122,Heshang cave,253,HS4_2008,138845,1164.169921,43.90219759,41.16627997,-8.09,-11.33
122,Heshang cave,253,HS4_2008,138846,1165.791144,44.05627804,41.15849844,-7.78,-11.15
122,Heshang cave,253,HS4_2008,138847,1167.686795,44.27073238,41.25810772,-7.68,-11.29
122,Heshang cave,253,HS4_2008,138848,1169.247873,44.38005809,41.1823939,-7.75,-11.93
122,Heshang cave,253,HS4_2008,138849,1171.631134,44.60661518,41.21126026,-7.97,-11.93
122,Heshang cave,253,HS4_2008,138850,1174.043794,44.76055334,41.37462272,-7.96,-11.84
122,Heshang cave,253,HS4_2008,138851,1179.300526,45.09556962,41.8156478,-8.26,-12.17
122,Heshang cave,253,HS4_2008,138852,1181.79473,45.23011556,42.04512708,-8.43,-12.25
122,Heshang cave,253,HS4_2008,138853,1184.264493,45.31613508,42.21097835,-8.24,-12.08
122,Heshang cave,253,HS4_2008,138854,1186.71115,45.55265526,42.28211494,-8.14,-11.94
122,Heshang cave,253,HS4_2008,138855,1191.836122,45.93441682,42.38207967,-8.21,-11.96
122,Heshang cave,253,HS4_2008,138856,1194.291071,46.06379714,42.39954983,-8.31,-12.1
122,Heshang cave,253,HS4_2008,138857,1196.738536,46.1081755,42.61641993,-8.12,-11.88
122,Heshang cave,253,HS4_2008,138858,1204.32298,46.55757016,42.47657779,-8.08,-11.74
122,Heshang cave,253,HS4_2008,138859,1206.817315,46.65984244,42.60205293,-8.2,-11.89
122,Heshang cave,253,HS4_2008,138860,1209.528074,46.83420336,42.64013247,-7.96,-11.64
122,Heshang cave,253,HS4_2008,138861,1211.944116,47.01476823,42.58403697,-7.88,-11.39
122,Heshang cave,253,HS4_2008,138862,1214.400692,47.1547993,42.62626238,-8.08,-11.9
122,Heshang cave,253,HS4_2008,138863,1219.405569,47.31892861,42.92624085,-7.87,-11.38
122,Heshang cave,253,HS4_2008,138864,1222.073452,47.35312254,42.99492614,-7.71,-11.22
122,Heshang cave,253,HS4_2008,138865,1224.518746,47.37011645,43.13832583,-7.38,-10.81
122,Heshang cave,253,HS4_2008,138866,1227.026111,47.5619443,43.11061711,-7.64,-11.12
122,Heshang cave,253,HS4_2008,138867,1229.45908,47.82816896,42.93724457,-7.63,-11.15
122,Heshang cave,253,HS4_2008,138868,1232.15497,48.11187688,43.11881731,-7.77,-11.12
122,Heshang cave,253,HS4_2008,138869,1234.555513,48.32369235,43.31145946,-7.7,-11.03
122,Heshang cave,253,HS4_2008,138870,1237.006054,48.5148553,43.43533528,-7.69,-10.92
122,Heshang cave,253,HS4_2008,138871,1239.489869,48.72264108,43.6002842,-7.76,-11.25
122,Heshang cave,253,HS4_2008,138872,1242.242706,48.94108006,43.74025272,-8.05,-11.56
122,Heshang cave,253,HS4_2008,138873,1244.709721,48.99962707,43.75374238,-8.34,-11.75
122,Heshang cave,253,HS4_2008,138874,1246.665512,49.00592114,43.93609275,-8.42,-11.55
122,Heshang cave,253,HS4_2008,138875,1248.842453,49.04046955,44.0880637,-8.4,-11.48
122,Heshang cave,253,HS4_2008,138876,1250.780252,49.16321835,44.25136194,-8.42,-11.59
122,Heshang cave,253,HS4_2008,138877,1255.181184,49.39333343,44.5174002,-8.35,-11.89
122,Heshang cave,253,HS4_2008,138878,1259.42446,49.65770211,44.60197022,-8.33,-11.55
122,Heshang cave,253,HS4_2008,138879,1263.498118,50.11087553,44.80204395,-8.27,-11.32
122,Heshang cave,253,HS4_2008,138880,1265.715967,50.27927567,44.82693721,-8.12,-11.41
122,Heshang cave,253,HS4_2008,138881,1267.625346,50.41479503,44.80509723,-8.25,-11.19
122,Heshang cave,253,HS4_2008,138882,1269.718836,50.65833164,44.95372266,-7.96,-10.78
122,Heshang cave,253,HS4_2008,138883,1271.560134,50.88018548,45.16622376,-7.93,-10.47
122,Heshang cave,253,HS4_2008,138884,1273.742496,50.69941929,45.14991144,-8.04,-10.94
122,Heshang cave,253,HS4_2008,138885,1277.794126,49.53920777,44.03827722,-8.14,-11.33
122,Heshang cave,253,HS4_2008,138886,1279.941141,48.87796035,43.59276568,-8.07,-11.37
122,Heshang cave,253,HS4_2008,138887,1281.795469,48.37126206,43.22302172,-8.05,-11.09
122,Heshang cave,253,HS4_2008,138888,1284.061319,47.44377624,42.80682392,-8.02,-11.02
122,Heshang cave,253,HS4_2008,138889,1285.71054,47.02046499,42.19285456,-7.99,-11.1
122,Heshang cave,253,HS4_2008,138890,1287.77495,46.45487682,41.75641912,-8.16,-11.24
122,Heshang cave,253,HS4_2008,138891,1289.83945,46.04773968,41.35870944,-8.19,-11.32
122,Heshang cave,253,HS4_2008,138892,1291.627643,45.54501884,41.0392571,-8.2,-11.41
122,Heshang cave,253,HS4_2008,138893,1293.790135,45.14204063,40.52321513,-8.19,-11.42
122,Heshang cave,253,HS4_2008,138894,1295.633339,44.54218116,40.24180057,-8.31,-11.74
122,Heshang cave,253,HS4_2008,138895,1297.69188,43.83042993,40.00741654,-8.5,-11.76
122,Heshang cave,253,HS4_2008,138896,1301.670628,42.62154376,39.3214129,-8.33,-11.37
122,Heshang cave,253,HS4_2008,138897,1303.783948,41.86344897,38.92029705,-8.16,-10.93
122,Heshang cave,253,HS4_2008,138898,1305.594912,41.17000128,38.72057984,-7.9,-10.94
122,Heshang cave,253,HS4_2008,138899,1308.156167,40.79451609,38.31715683,-7.98,-10.82
122,Heshang cave,253,HS4_2008,138900,1310.833357,39.83155219,38.11022042,-7.75,-10.4
122,Heshang cave,253,HS4_2008,138901,1313.391044,39.18573733,37.89688917,-7.49,-9.98
122,Heshang cave,253,HS4_2008,138902,1318.669331,38.0423398,37.75246495,-7.4,-10.23
122,Heshang cave,253,HS4_2008,138903,1323.774341,36.93380286,37.88654378,-7.79,-11.24
122,Heshang cave,253,HS4_2008,138904,1326.330754,36.35605682,38.06568879,-7.97,-11.41
122,Heshang cave,253,HS4_2008,138905,1329.090989,35.94889497,37.58958345,-7.92,-11.38
122,Heshang cave,253,HS4_2008,138906,1331.773069,35.29955585,36.93266069,-7.91,-11.1
122,Heshang cave,253,HS4_2008,138907,1334.266816,35.0494378,36.37634718,-7.82,-11.02
122,Heshang cave,253,HS4_2008,138908,1336.824783,34.64396749,36.83885069,-8.27,-11.37
122,Heshang cave,253,HS4_2008,138909,1339.459739,33.99699202,36.13966613,-7.76,-10.79
122,Heshang cave,253,HS4_2008,138910,1342.16405,33.89495196,36.16853921,-7.81,-10.91
122,Heshang cave,253,HS4_2008,138911,1344.787406,33.51510875,36.08963314,-7.89,-10.74
122,Heshang cave,253,HS4_2008,138912,1347.221904,33.493288,36.1547138,-7.91,-10.76
122,Heshang cave,253,HS4_2008,138913,1349.614742,33.43802859,35.57442508,-8.08,-10.96
122,Heshang cave,253,HS4_2008,138914,1352.201895,33.17702321,35.41038453,-8.17,-11.03
122,Heshang cave,253,HS4_2008,138915,1354.605142,33.019185,35.07548467,-8.36,-11.15
122,Heshang cave,253,HS4_2008,138916,1357.281774,32.85863053,35.22842472,-8.45,-11.16
122,Heshang cave,253,HS4_2008,138917,1362.484533,33.22438692,35.28663677,-8.54,-11.35
122,Heshang cave,253,HS4_2008,138918,1367.791715,33.25435271,36.08812147,-8.43,-11.49
122,Heshang cave,253,HS4_2008,138919,1370.03114,33.34768485,36.32887374,-8.46,-11.46
122,Heshang cave,253,HS4_2008,138920,1372.292936,33.99068342,36.17046615,-8.39,-11.21
122,Heshang cave,253,HS4_2008,138921,1374.908622,34.31893668,36.69872692,-8.35,-10.85
122,Heshang cave,253,HS4_2008,138922,1377.471474,34.87461909,37.02545231,-8.34,-10.87
122,Heshang cave,253,HS4_2008,138923,1380.040178,35.44153831,37.70990391,-8.32,-11.2
122,Heshang cave,253,HS4_2008,138924,1382.642069,35.7838928,38.2494115,-8.53,-11.12
122,Heshang cave,253,HS4_2008,138925,1384.476828,36.04363903,38.77191226,-8.62,-11.13
122,Heshang cave,253,HS4_2008,138926,1386.141499,36.49422851,39.11780874,-8.52,-10.96
122,Heshang cave,253,HS4_2008,138927,1387.98171,37.23102344,39.62498674,-8.53,-10.89
122,Heshang cave,253,HS4_2008,138928,1391.555983,37.67848289,40.04145446,-8.09,-9.91
122,Heshang cave,253,HS4_2008,138929,1393.072951,37.98141536,40.19357297,-8.23,-10.16
122,Heshang cave,253,HS4_2008,138930,1394.848753,38.45469962,40.28543809,-8.33,-10.68
122,Heshang cave,253,HS4_2008,138931,1396.642607,38.79017358,40.30505853,-8,-10.03
122,Heshang cave,253,HS4_2008,138932,1398.47885,39.11894667,40.39472935,-8.04,-10.72
122,Heshang cave,253,HS4_2008,138933,1400.256945,39.25890945,40.59365601,-8.23,-10.7
122,Heshang cave,253,HS4_2008,138934,1401.944546,39.66631269,40.64755493,-7.48,-11.14
122,Heshang cave,253,HS4_2008,138935,1403.823974,40.02106392,40.98479926,-7.99,-11.31
122,Heshang cave,253,HS4_2008,138936,1405.47115,40.61584556,41.29089944,-7.89,-11.25
122,Heshang cave,253,HS4_2008,138937,1407.116753,41.30418321,41.23882955,-7.9,-10.79
122,Heshang cave,253,HS4_2008,138938,1408.701553,41.91562641,41.50670772,-8.51,-10.76
122,Heshang cave,253,HS4_2008,138939,1410.448884,42.78261931,41.95052789,-7.92,-10.34
122,Heshang cave,253,HS4_2008,138940,1412.36836,43.27312624,42.58127677,-7.94,-10.23
122,Heshang cave,253,HS4_2008,138941,1414.014748,43.98602766,43.02305717,-8,-10.17
122,Heshang cave,253,HS4_2008,138942,1415.483766,44.53174715,43.36457378,-8.15,-10.44
122,Heshang cave,253,HS4_2008,138943,1417.313029,44.94512846,43.90635998,-8.22,-10.48
122,Heshang cave,253,HS4_2008,138944,1419.166399,45.17066022,44.61366404,-8.25,-10.58
122,Heshang cave,253,HS4_2008,138945,1420.967426,45.64755778,45.0511844,-8.29,-10.71
122,Heshang cave,253,HS4_2008,138946,1422.69834,46.53064393,45.46308602,-8.49,-11.05
122,Heshang cave,253,HS4_2008,138947,1424.390097,47.3486717,45.876002,-8.55,-11
122,Heshang cave,253,HS4_2008,138948,1428.716651,48.15402752,45.96796211,-8.51,-10.97
122,Heshang cave,253,HS4_2008,138949,1435.792965,47.08637947,45.15247849,-8.32,-9.93
122,Heshang cave,253,HS4_2008,138950,1439.208832,46.61318933,44.88665503,-8.2,-9.81
122,Heshang cave,253,HS4_2008,138951,1445.572333,45.92673793,44.75384402,-8.2,-10.52
122,Heshang cave,253,HS4_2008,138952,1449.044661,45.60550479,44.35916361,-8.31,-10.65
122,Heshang cave,253,HS4_2008,138953,1452.271607,45.41970114,43.94063293,-8.3,-10.76
122,Heshang cave,253,HS4_2008,138954,1455.603229,45.01111744,43.5706634,-8.33,-10.82
122,Heshang cave,253,HS4_2008,138955,1458.981151,44.73482704,43.33500865,-8.23,-10.93
122,Heshang cave,253,HS4_2008,138956,1462.459579,44.29922845,43.0567516,-8.37,-11.02
122,Heshang cave,253,HS4_2008,138957,1465.807236,44.09318772,42.70195766,-8.46,-11.07
122,Heshang cave,253,HS4_2008,138958,1469.237646,44.02108888,42.4631727,-8.59,-11.16
122,Heshang cave,253,HS4_2008,138959,1472.515867,43.89568708,42.13260857,-8.86,-11.25
122,Heshang cave,253,HS4_2008,138960,1475.805964,43.8227779,41.61651201,-8.51,-10.92
122,Heshang cave,253,HS4_2008,138961,1479.324203,43.57397211,41.34065678,-8.26,-10.55
122,Heshang cave,253,HS4_2008,138962,1482.629381,43.42890565,40.70230028,-8.29,-10.58
122,Heshang cave,253,HS4_2008,138963,1486.045224,42.59817907,40.47483679,-8.15,-10.71
122,Heshang cave,253,HS4_2008,138964,1489.012807,42.42500281,40.42451798,-8.27,-11.04
122,Heshang cave,253,HS4_2008,138965,1492.385502,42.01283904,40.15694782,-8.27,-11.06
122,Heshang cave,253,HS4_2008,138966,1495.816977,41.80731979,39.53154777,-8.23,-11.06
122,Heshang cave,253,HS4_2008,138967,1499.366765,41.57731426,39.67476266,-8.33,-11.41
122,Heshang cave,253,HS4_2008,138968,1502.843386,41.41402522,39.61742768,-8.3,-11.42
122,Heshang cave,253,HS4_2008,138969,1506.058383,41.41815872,39.16290992,-8.49,-11.6
122,Heshang cave,253,HS4_2008,138970,1509.476834,40.88224302,39.01120599,-8.36,-11.3
122,Heshang cave,253,HS4_2008,138971,1512.952266,40.8053442,38.50088081,-8.15,-10.75
122,Heshang cave,253,HS4_2008,138972,1516.406735,40.70524302,38.49098782,-8.06,-10.59
122,Heshang cave,253,HS4_2008,138973,1519.641325,40.82022176,37.71043093,-8.08,-10.71
122,Heshang cave,253,HS4_2008,138974,1522.917129,40.70670259,37.0892221,-8.05,-10.95
122,Heshang cave,253,HS4_2008,138975,1526.164181,40.60835495,36.9541367,-7.74,-10.96
122,Heshang cave,253,HS4_2008,138976,1529.433815,40.69581879,36.65298319,-7.97,-10.94
122,Heshang cave,253,HS4_2008,138977,1532.343188,40.66481453,36.61915854,-8.04,-11.05
122,Heshang cave,253,HS4_2008,138978,1535.693859,40.66946227,36.60885364,-7.97,-10.91
122,Heshang cave,253,HS4_2008,138979,1538.999107,40.30966309,36.38305282,-8.03,-10.86
122,Heshang cave,253,HS4_2008,138980,1542.193273,40.12960182,35.84988084,-7.91,-10.75
122,Heshang cave,253,HS4_2008,138981,1546.629181,39.99331497,35.36155828,-8.19,-10.79
122,Heshang cave,253,HS4_2008,138982,1554.904314,39.76738058,35.45098809,-8.46,-10.89
122,Heshang cave,253,HS4_2008,138983,1559.357319,39.31768997,35.64932755,-8.38,-10.89
122,Heshang cave,253,HS4_2008,138984,1563.173108,39.0496466,35.68649313,-8.18,-10.75
122,Heshang cave,253,HS4_2008,138985,1567.464184,39.01602486,35.73172044,-8.29,-10.53
122,Heshang cave,253,HS4_2008,138986,1571.400479,39.13264691,35.83598546,-8.18,-10.71
122,Heshang cave,253,HS4_2008,138987,1575.730708,38.91617765,36.10971893,-8.35,-10.85
122,Heshang cave,253,HS4_2008,138988,1579.675172,38.62149273,36.08740388,-8.37,-11.04
122,Heshang cave,253,HS4_2008,138989,1583.942645,38.71817413,36.25911424,-8.31,-11.39
122,Heshang cave,253,HS4_2008,138990,1592.185217,38.71392558,36.34618621,-8.41,-11.21
122,Heshang cave,253,HS4_2008,138991,1596.535313,39.14615199,36.55881463,-8.41,-11.28
122,Heshang cave,253,HS4_2008,138992,1600.388734,39.36277485,36.53117661,-8.37,-11.19
122,Heshang cave,253,HS4_2008,138993,1604.845882,39.27815289,36.88929975,-8.34,-11.35
122,Heshang cave,253,HS4_2008,138994,1608.787371,39.20892705,36.98802488,-8.57,-11.56
122,Heshang cave,253,HS4_2008,138995,1613.237902,39.50477733,37.17537388,-8.66,-11.62
122,Heshang cave,253,HS4_2008,138996,1617.61904,39.77579921,37.59097737,-8.77,-11.85
122,Heshang cave,253,HS4_2008,138997,1621.564129,40.08119065,38.17603807,-8.83,-11.82
122,Heshang cave,253,HS4_2008,138998,1626.055037,40.19072065,38.85391588,-8.59,-11.59
122,Heshang cave,253,HS4_2008,138999,1629.808248,40.49582029,39.27574951,-8.75,-11.49
122,Heshang cave,253,HS4_2008,139000,1634.143329,40.45383136,39.44488701,-8.66,-11.29
122,Heshang cave,253,HS4_2008,139001,1638.109122,40.56692116,39.74405061,-8.63,-11.27
122,Heshang cave,253,HS4_2008,139002,1642.434554,40.71904129,40.00256339,-8.6,-11.21
122,Heshang cave,253,HS4_2008,139003,1646.661942,41.15692758,40.10107237,-8.58,-11.21
122,Heshang cave,253,HS4_2008,139004,1650.572167,41.15327379,40.28507728,-8.5,-11.28
122,Heshang cave,253,HS4_2008,139005,1654.836954,41.85503335,40.58096242,-8.37,-11.15
122,Heshang cave,253,HS4_2008,139006,1658.82295,41.86075269,41.0946289,-8.33,-10.92
122,Heshang cave,253,HS4_2008,139007,1663.313581,41.98291031,41.88626967,-8.39,-11.05
122,Heshang cave,253,HS4_2008,139008,1667.209005,42.07666911,42.46295544,-8.48,-11.62
122,Heshang cave,253,HS4_2008,139009,1671.223952,42.35193556,42.91974482,-8.32,-11.71
122,Heshang cave,253,HS4_2008,139010,1674.625488,42.37981212,43.60215809,-8.44,-11.82
122,Heshang cave,253,HS4_2008,139011,1678.040286,42.76638118,43.95114118,-8.51,-11.97
122,Heshang cave,253,HS4_2008,139012,1681.492542,43.15486988,44.34787777,-8.46,-12
122,Heshang cave,253,HS4_2008,139013,1685.352155,43.60302121,44.65608736,-8.8,-12.17
122,Heshang cave,253,HS4_2008,139014,1688.774382,43.81451191,45.04127492,-8.68,-12.05
122,Heshang cave,253,HS4_2008,139015,1692.098828,44.24505999,45.39893813,-8.65,-11.94
122,Heshang cave,253,HS4_2008,139016,1695.328733,44.96504217,45.82078016,-8.54,-11.72
122,Heshang cave,253,HS4_2008,139017,1699.35457,44.66502268,46.53367653,-8.58,-11.74
122,Heshang cave,253,HS4_2008,139018,1702.865482,44.8716642,47.22149538,-8.59,-11.66
122,Heshang cave,253,HS4_2008,139019,1706.49283,45.46910666,47.66650923,-8.61,-11.59
122,Heshang cave,253,HS4_2008,139020,1709.890913,45.99570231,47.9093817,-8.55,-11.53
122,Heshang cave,253,HS4_2008,139021,1713.642941,46.7249758,47.99863404,-8.52,-11.31
122,Heshang cave,253,HS4_2008,139022,1716.998338,46.98603592,48.29829026,-8.57,-11.11
122,Heshang cave,253,HS4_2008,139023,1720.350591,47.27629218,48.7851307,-8.5,-10.57
122,Heshang cave,253,HS4_2008,139024,1730.932864,48.59457249,50.22560496,-8.37,-10.97
122,Heshang cave,253,HS4_2008,139025,1734.44541,48.98499215,50.96917774,-8.32,-11
122,Heshang cave,253,HS4_2008,139026,1737.846734,49.09934457,51.22419934,-8.24,-10.77
122,Heshang cave,253,HS4_2008,139027,1741.631917,49.8877979,51.54059712,-8.12,-10.77
122,Heshang cave,253,HS4_2008,139028,1744.990232,50.24362116,51.99728098,-8.37,-11.61
122,Heshang cave,253,HS4_2008,139029,1748.337444,50.79470477,52.65106559,-8.46,-11.56
122,Heshang cave,253,HS4_2008,139030,1751.643343,51.51088217,53.04780149,-8.49,-11.6
122,Heshang cave,253,HS4_2008,139031,1758.816128,52.43524908,54.15432701,-8.65,-11.5
122,Heshang cave,253,HS4_2008,139032,1762.191282,52.98746329,54.5523279,-8.49,-10.98
122,Heshang cave,253,HS4_2008,139033,1765.721761,53.38435108,55.37465054,-8.35,-10.76
122,Heshang cave,253,HS4_2008,139034,1773.272846,54.2148347,57.18940733,-8.51,-11.32
122,Heshang cave,253,HS4_2008,139035,1781.903384,55.34625047,58.63971262,-8.6,-11.26
122,Heshang cave,253,HS4_2008,139036,1786.113475,55.7500091,59.14223609,-8.96,-11.36
122,Heshang cave,253,HS4_2008,139037,1794.281303,56.75480773,60.68794408,-8.46,-10.58
122,Heshang cave,253,HS4_2008,139038,1798.693812,57.06762276,61.42034358,-8.66,-10.62
122,Heshang cave,253,HS4_2008,139039,1807.332471,58.15737991,62.56269904,-8.53,-10.5
122,Heshang cave,253,HS4_2008,139040,1811.845696,58.41324789,63.04114956,-8.45,-10.74
122,Heshang cave,253,HS4_2008,139041,1815.683431,58.51743836,63.23333445,-8.49,-10.93
122,Heshang cave,253,HS4_2008,139042,1818.718367,58.15748929,62.58930071,-9.13,-10.93
122,Heshang cave,253,HS4_2008,139043,1821.837365,57.6221657,62.32308165,-9.14,-10.98
122,Heshang cave,253,HS4_2008,139044,1824.976462,57.11256175,62.07696281,-9.17,-10.93
122,Heshang cave,253,HS4_2008,139045,1827.637722,56.78985066,61.71829075,-9.16,-10.91
122,Heshang cave,253,HS4_2008,139046,1830.749901,56.29544636,61.25517078,-8.86,-11.34
122,Heshang cave,253,HS4_2008,139047,1833.910796,55.74749671,60.72437796,-8.98,-10.57
122,Heshang cave,253,HS4_2008,139048,1836.955007,55.33362777,60.20980386,-8.77,-10.21
122,Heshang cave,253,HS4_2008,139049,1839.903563,55.01541259,59.63580936,-8.89,-10.05
122,Heshang cave,253,HS4_2008,139050,1842.930287,54.72227785,59.07174229,-8.75,-10.63
122,Heshang cave,253,HS4_2008,139051,1846.039855,54.27129008,58.59034159,-8.2,-10.75
122,Heshang cave,253,HS4_2008,139052,1849.148666,53.81773024,58.08912049,-8.78,-10.63
122,Heshang cave,253,HS4_2008,139053,1852.275205,53.38699146,57.60562841,-8.63,-10.78
122,Heshang cave,253,HS4_2008,139054,1855.354078,52.91303664,57.05023998,-8.74,-10.71
122,Heshang cave,253,HS4_2008,139055,1858.107381,52.52973909,56.59792258,-8.85,-10.57
122,Heshang cave,253,HS4_2008,139056,1861.253845,52.0385252,56.15155357,-8.4,-10.99
122,Heshang cave,253,HS4_2008,139057,1864.43241,51.48917446,55.79223379,-8.9,-10.71
122,Heshang cave,253,HS4_2008,139058,1867.414444,51.18588072,55.18383624,-8.83,-10.87
122,Heshang cave,253,HS4_2008,139059,1873.532252,50.37426264,54.16475817,-8.43,-10.54
122,Heshang cave,253,HS4_2008,139060,1876.54675,50.0732559,53.58561684,-8.26,-10.88
122,Heshang cave,253,HS4_2008,139061,1878.911324,49.84845855,53.13290139,-8.43,-10.75
122,Heshang cave,253,HS4_2008,139062,1881.200249,49.60901427,52.63713948,-8.73,-11.31
122,Heshang cave,253,HS4_2008,139063,1884.000871,49.19460485,52.33803829,-8.9,-11.77
122,Heshang cave,253,HS4_2008,139064,1886.418883,48.89348476,52.0464508,-8.9,-11.46
122,Heshang cave,253,HS4_2008,139065,1888.867572,48.5235063,51.73827212,-8.67,-11.53
122,Heshang cave,253,HS4_2008,139066,1891.24239,48.29718819,51.31878775,-8.79,-11.42
122,Heshang cave,253,HS4_2008,139067,1893.942381,47.94778638,50.90910212,-8.7,-11.21
122,Heshang cave,253,HS4_2008,139068,1896.298129,47.60233431,50.53529582,-8.55,-11.02
122,Heshang cave,253,HS4_2008,139069,1898.60243,47.31185252,50.00641466,-8.64,-11.02
122,Heshang cave,253,HS4_2008,139070,1901.035802,46.88331086,49.60574945,-8.45,-10.72
122,Heshang cave,253,HS4_2008,139071,1903.764396,46.47031435,49.12925254,-8.32,-10.78
122,Heshang cave,253,HS4_2008,139072,1906.17749,46.10178829,48.74332504,-8.31,-11.02
122,Heshang cave,253,HS4_2008,139073,1908.511146,45.91609346,48.33607919,-8.27,-11.29
122,Heshang cave,253,HS4_2008,139074,1910.955046,45.62951643,48.07353891,-8.23,-11.52
122,Heshang cave,253,HS4_2008,139075,1913.646921,45.15206126,47.57366839,-8.13,-11.73
122,Heshang cave,253,HS4_2008,139076,1916.049455,44.82901227,47.27822629,-8.39,-11.58
122,Heshang cave,253,HS4_2008,139077,1918.479639,44.4514587,47.15383876,-8.28,-11.6
122,Heshang cave,253,HS4_2008,139078,1920.994604,44.0159012,47.01349526,-8.6,-11.72
122,Heshang cave,253,HS4_2008,139079,1923.755082,43.63188881,46.64364065,-8.5,-11.72
122,Heshang cave,253,HS4_2008,139080,1926.045121,43.46153059,45.94135919,-8.47,-11.77
122,Heshang cave,253,HS4_2008,139081,1928.448162,43.1265661,45.76192416,-8.52,-11.55
122,Heshang cave,253,HS4_2008,139082,1930.861014,42.76135535,45.65056237,-8.47,-11.41
122,Heshang cave,253,HS4_2008,139083,1933.591174,42.52212819,45.29574619,-8.12,-11.2
122,Heshang cave,253,HS4_2008,139084,1936.085496,41.97130046,45.24655447,-8.27,-11.26
122,Heshang cave,253,HS4_2008,139085,1938.502197,41.61501556,44.96275337,-8.62,-11.77
122,Heshang cave,253,HS4_2008,139086,1940.875324,41.3264023,44.65147118,-8.93,-12.03
122,Heshang cave,253,HS4_2008,139087,1943.646979,40.84688412,44.35645707,-8.84,-11.83
122,Heshang cave,253,HS4_2008,139088,1946.01335,40.54218279,44.07245218,-8.7,-11.66
122,Heshang cave,253,HS4_2008,139089,1948.418512,40.154813,43.7656991,-8.7,-11.53
122,Heshang cave,253,HS4_2008,139090,1950.730975,39.88033528,43.3539241,-8.44,-11
122,Heshang cave,253,HS4_2008,139091,1954.187314,39.3771636,43.02259119,-8.22,-10.22
122,Heshang cave,253,HS4_2008,139092,1957.47644,39.04198366,42.48815584,-8.23,-10.03
122,Heshang cave,253,HS4_2008,139093,1960.827019,38.71126601,42.13057576,-8.16,-9.89
122,Heshang cave,253,HS4_2008,139094,1964.263055,38.42052693,41.59831787,-8.27,-10.39
122,Heshang cave,253,HS4_2008,139095,1967.715067,37.96546787,41.25861698,-8.14,-10.39
122,Heshang cave,253,HS4_2008,139096,1971.286865,37.51670408,40.98416581,-8.37,-10.59
122,Heshang cave,253,HS4_2008,139097,1974.664056,37.24355445,40.36542017,-8.32,-10.77
122,Heshang cave,253,HS4_2008,139098,1978.032665,36.95939031,39.99551533,-8.42,-10.86
122,Heshang cave,253,HS4_2008,139099,1981.046134,36.60463602,39.51466357,-8.31,-10.8
122,Heshang cave,253,HS4_2008,139100,1984.354736,36.2525607,38.96894983,-8.22,-10.73
122,Heshang cave,253,HS4_2008,139101,1987.760151,35.9117265,38.4731863,-8.34,-10.6
122,Heshang cave,253,HS4_2008,139102,1991.154778,35.60084913,37.97723681,-8.66,-11.09
122,Heshang cave,253,HS4_2008,139103,1994.480461,35.21563187,37.38565473,-8.33,-10.33
122,Heshang cave,253,HS4_2008,139104,1997.934625,34.50842044,36.93042912,-8.53,-10.69
122,Heshang cave,253,HS4_2008,139105,2001.224396,34.33762265,36.19043345,-8.24,-10.37
122,Heshang cave,253,HS4_2008,139106,2004.786645,33.66348522,35.64425117,-8.38,-10.65
122,Heshang cave,253,HS4_2008,139107,2008.264154,33.35737,35.16277834,-8.34,-10.44
122,Heshang cave,253,HS4_2008,139108,2011.261901,33.08352977,34.94713834,-8.38,-10.41
122,Heshang cave,253,HS4_2008,139109,2014.699865,32.78289401,34.5242823,-8.36,-10.52
122,Heshang cave,253,HS4_2008,139110,2021.630313,32.08537168,33.99519397,-8.64,-11.36
122,Heshang cave,253,HS4_2008,139111,2025.00171,31.93242862,33.61688569,-8.82,-11.72
122,Heshang cave,253,HS4_2008,139112,2028.495914,31.64844115,33.41803279,-8.86,-11.88
122,Heshang cave,253,HS4_2008,139113,2032.029632,31.32771374,33.02037898,-8.84,-11.79
122,Heshang cave,253,HS4_2008,139114,2035.424234,31.14141237,32.63906791,-8.99,-11.72
122,Heshang cave,253,HS4_2008,139115,2038.824739,30.85772823,32.26254002,-8.65,-11.42
122,Heshang cave,253,HS4_2008,139116,2045.522822,30.05358046,32.01405372,-8.5,-11.06
122,Heshang cave,253,HS4_2008,139117,2052.113126,30.03153256,31.2885628,-8.33,-10.82
122,Heshang cave,253,HS4_2008,139118,2060.270653,29.34639292,30.49387797,-8.26,-11.29
122,Heshang cave,253,HS4_2008,139119,2064.460977,28.98813619,30.32741773,-8.66,-11.35
122,Heshang cave,253,HS4_2008,139120,2068.538688,28.84746601,29.93663493,-8.45,-10.8
122,Heshang cave,253,HS4_2008,139121,2072.182412,28.68718359,29.58744574,-8.44,-10.57
122,Heshang cave,253,HS4_2008,139122,2076.16902,28.5220719,29.15226374,-8.6,-10.61
122,Heshang cave,253,HS4_2008,139123,2088.485651,27.33327147,28.29088448,-9.03,-11.22
122,Heshang cave,253,HS4_2008,139124,2092.655702,26.87194694,28.21441455,-9.26,-11.64
122,Heshang cave,253,HS4_2008,139125,2096.800533,26.68342201,27.89491182,-9.04,-11
122,Heshang cave,253,HS4_2008,139126,2100.810008,26.47295815,27.46047929,-8.8,-11.12
122,Heshang cave,253,HS4_2008,139127,2104.634332,26.14088988,27.48387285,-9.08,-11.52
122,Heshang cave,253,HS4_2008,139128,2108.950843,25.81238756,27.57689496,-8.98,-11.52
122,Heshang cave,253,HS4_2008,139129,2113.150502,25.46516641,27.03820577,-8.96,-11.75
122,Heshang cave,253,HS4_2008,139130,2121.395765,25.05884681,27.06450953,-8.7,-10.57
122,Heshang cave,253,HS4_2008,139131,2133.529515,24.92897392,26.35394339,-8.49,-11.73
122,Heshang cave,253,HS4_2008,139132,2137.193261,25.10239826,26.30571644,-8.39,-11.64
122,Heshang cave,253,HS4_2008,139133,2141.361422,24.74545141,26.31143016,-8.24,-11.45
122,Heshang cave,253,HS4_2008,139134,2145.40144,24.86385225,25.97388712,-8.39,-11.33
122,Heshang cave,253,HS4_2008,139135,2149.454671,24.83575649,25.75612264,-8.46,-11.27
122,Heshang cave,253,HS4_2008,139136,2153.418315,24.73782159,25.59314644,-8.35,-11.28
122,Heshang cave,253,HS4_2008,139137,2161.57578,25.29765012,25.58437173,-8.38,-10.95
122,Heshang cave,253,HS4_2008,139138,2165.586274,25.26684891,25.66578328,-8.38,-11.27
122,Heshang cave,253,HS4_2008,139139,2169.472218,25.03150151,26.09538617,-8.33,-11.14
122,Heshang cave,253,HS4_2008,139140,2173.612766,25.14008763,26.03149039,-8.09,-10.83
122,Heshang cave,253,HS4_2008,139141,2191.925544,25.59578134,26.88228959,-8.94,-11.64
122,Heshang cave,253,HS4_2008,139142,2209.693394,27.02120051,28.06379223,-8.46,-9.95
122,Heshang cave,253,HS4_2008,139143,2227.392052,27.85003915,28.29698883,-8.67,-11.47
122,Heshang cave,253,HS4_2008,139144,2246.295179,26.62763665,26.76034282,-8.19,-10.81
122,Heshang cave,253,HS4_2008,139145,2265.261445,25.66656345,25.92145206,-8.34,-10.68
122,Heshang cave,253,HS4_2008,139146,2284.194895,24.26010484,24.80835933,-8.55,-10.86
122,Heshang cave,253,HS4_2008,139147,2302.730909,23.3590425,23.65074757,-8.22,-10.65
122,Heshang cave,253,HS4_2008,139148,2321.428971,22.65484693,22.49005895,-8.21,-10.56
122,Heshang cave,253,HS4_2008,139149,2340.301106,22.04508364,21.82043453,-8.47,-11.12
122,Heshang cave,253,HS4_2008,139150,2351.789739,21.93449965,21.61062454,-8.19,-10.87
122,Heshang cave,253,HS4_2008,139151,2355.403164,21.79480121,21.74567294,-8.23,-10.68
122,Heshang cave,253,HS4_2008,139152,2359.311387,21.59365957,21.84214312,-8.35,-10.72
122,Heshang cave,253,HS4_2008,139153,2362.901807,21.228073,21.97575507,-8.43,-10.95
122,Heshang cave,253,HS4_2008,139154,2366.704693,21.34970421,21.83065719,-8.37,-11.23
122,Heshang cave,253,HS4_2008,139155,2370.300412,21.08576656,21.81634844,-8.46,-11.47
122,Heshang cave,253,HS4_2008,139156,2374.242076,20.98356681,21.76214774,-8.54,-11.23
122,Heshang cave,253,HS4_2008,139157,2377.888776,20.85466529,21.8865318,-8.32,-10.8
122,Heshang cave,253,HS4_2008,139158,2381.778706,20.67694346,21.6991195,-8.18,-10.52
122,Heshang cave,253,HS4_2008,139159,2385.698176,20.72117576,21.64554328,-8.22,-10.09
122,Heshang cave,253,HS4_2008,139160,2389.24909,20.75843033,21.5078725,-8.42,-10.39
122,Heshang cave,253,HS4_2008,139161,2393.207625,20.68014004,21.39411499,-8.63,-10.34
122,Heshang cave,253,HS4_2008,139162,2396.70374,20.64408906,21.25146015,-8.63,-10.49
122,Heshang cave,253,HS4_2008,139163,2400.251389,20.64295656,21.27009761,-8.8,-10.59
122,Heshang cave,253,HS4_2008,139164,2403.794685,20.89909466,21.30459422,-9.3,-10.37
122,Heshang cave,253,HS4_2008,139165,2407.291335,20.93887979,21.28297364,-9.08,-9.72
122,Heshang cave,253,HS4_2008,139166,2410.825578,21.02416016,21.23234987,-8.74,-9.94
122,Heshang cave,253,HS4_2008,139167,2414.404396,21.04558904,21.2305638,-8.62,-9.82
122,Heshang cave,253,HS4_2008,139168,2417.87173,21.17631136,21.21920136,-8.92,-9.26
122,Heshang cave,253,HS4_2008,139169,2421.10267,21.15669052,21.21944684,-8.91,-9.26
122,Heshang cave,253,HS4_2008,139170,2424.6493,21.21536667,21.29128364,-8.9,-9.58
122,Heshang cave,253,HS4_2008,139171,2428.167124,21.0069574,21.14635123,-8.65,-9.56
122,Heshang cave,253,HS4_2008,139172,2431.685022,21.18139357,21.00360589,-8.3,-10.28
122,Heshang cave,253,HS4_2008,139173,2435.239042,21.39459472,20.94690832,-9.08,-10.8
122,Heshang cave,253,HS4_2008,139174,2438.797999,21.31604135,20.8564465,-8.85,-11.05
122,Heshang cave,253,HS4_2008,139175,2442.29467,21.41735254,20.76321543,-8.86,-11.34
122,Heshang cave,253,HS4_2008,139176,2445.885657,21.55030537,20.81736307,-8.99,-11.33
122,Heshang cave,253,HS4_2008,139177,2449.499398,21.43116674,20.97977416,-8.94,-11.4
122,Heshang cave,253,HS4_2008,139178,2452.716311,21.39667991,21.1045037,-9.05,-11.45
122,Heshang cave,253,HS4_2008,139179,2456.233322,21.52929506,20.98373593,-8.98,-11.48
122,Heshang cave,253,HS4_2008,139180,2459.725465,21.76520576,20.84517617,-8.83,-11.13
122,Heshang cave,253,HS4_2008,139181,2463.301851,21.79445247,20.93206571,-8.83,-11.29
122,Heshang cave,253,HS4_2008,139182,2466.908455,21.81839564,20.99650353,-8.76,-11.1
122,Heshang cave,253,HS4_2008,139183,2470.460527,21.95289217,21.06467902,-8.49,-10.63
122,Heshang cave,253,HS4_2008,139184,2474.046956,21.91564365,21.16224555,-9.13,-10.61
122,Heshang cave,253,HS4_2008,139185,2477.547847,22.04086332,21.2065403,-9.07,-10.81
122,Heshang cave,253,HS4_2008,139186,2481.155904,22.22117614,21.30317065,-8.43,-10.31
122,Heshang cave,253,HS4_2008,139187,2484.344692,22.41083329,21.31351247,-8.2,-10.61
122,Heshang cave,253,HS4_2008,139188,2487.862447,22.50109918,21.41499423,-8.41,-10.37
122,Heshang cave,253,HS4_2008,139189,2491.428472,22.53325719,21.6301665,-8.34,-10.34
122,Heshang cave,253,HS4_2008,139190,2495.025358,22.78034112,21.90391783,-8.22,-10.15
122,Heshang cave,253,HS4_2008,139191,2498.546321,22.8822337,21.96395588,-8.44,-10.55
122,Heshang cave,253,HS4_2008,139192,2502.158295,22.96100577,22.12741269,-8.15,-10.64
122,Heshang cave,253,HS4_2008,139193,2505.744223,23.10263837,22.32447178,-8.45,-11.02
122,Heshang cave,253,HS4_2008,139194,2519.533167,23.79834308,23.14410225,-8.38,-11.32
122,Heshang cave,253,HS4_2008,139195,2537.332214,24.6092215,24.01998249,-8.39,-10.78
122,Heshang cave,253,HS4_2008,139196,2554.59631,25.74335632,24.50571955,-8.56,-11.28
122,Heshang cave,253,HS4_2008,139197,2572.412798,26.60543794,25.6050914,-8.82,-11.3
122,Heshang cave,253,HS4_2008,139198,2589.912377,27.13639096,26.64180134,-9.12,-10.72
122,Heshang cave,253,HS4_2008,139199,2607.609933,28.74130402,27.45004975,-9.1,-10.84
122,Heshang cave,253,HS4_2008,139200,2625.08557,30.0394215,28.30044807,-8.44,-10.9
122,Heshang cave,253,HS4_2008,139201,2642.31514,31.80033427,29.1805714,-8.52,-11.42
122,Heshang cave,253,HS4_2008,139202,2658.916566,31.78320681,29.34182052,-8.66,-10.43
122,Heshang cave,253,HS4_2008,139203,2674.055471,31.09539175,28.75741772,-9.06,-11.13
122,Heshang cave,253,HS4_2008,139204,2689.968138,30.52245951,28.84436635,-8.95,-10.93
122,Heshang cave,253,HS4_2008,139205,2705.373804,29.25845647,28.46160856,-8.54,-10.59
122,Heshang cave,253,HS4_2008,139206,2720.799964,28.58325124,28.30669664,-8.24,-9.87
122,Heshang cave,253,HS4_2008,139207,2736.247221,28.81376281,27.95721159,-7.97,-10
122,Heshang cave,253,HS4_2008,139208,2751.871584,28.48920958,28.55990383,-8.59,-10.82
122,Heshang cave,253,HS4_2008,139209,2766.942706,28.89818898,28.66128293,-8.19,-9.45
122,Heshang cave,253,HS4_2008,139210,2782.061166,29.50575614,28.699392,-8.61,-11.85
122,Heshang cave,253,HS4_2008,139211,2797.611947,29.89465213,29.33654145,-8.45,-11.43
122,Heshang cave,253,HS4_2008,139212,2812.861851,30.75606335,30.08546163,-8.85,-11.56
122,Heshang cave,253,HS4_2008,139213,2828.409751,31.61840566,30.69932228,-8.54,-11.13
122,Heshang cave,253,HS4_2008,139214,2843.639013,32.85198453,31.63575404,-8.69,-12
122,Heshang cave,253,HS4_2008,139215,2859.219462,34.08338794,32.99028297,-8.96,-12.04
122,Heshang cave,253,HS4_2008,139216,2874.535362,35.46396404,33.8642156,-8.4,-11.35
122,Heshang cave,253,HS4_2008,139217,2887.046273,36.23322018,35.32008248,-9.03,-10.94
122,Heshang cave,253,HS4_2008,139218,2895.654046,37.27733298,35.93650224,-8.88,-11.68
122,Heshang cave,253,HS4_2008,139219,2908.532301,38.21616092,37.21909642,-8.97,-11.29
122,Heshang cave,253,HS4_2008,139220,2921.441738,39.0268115,38.1259062,-8.87,-11.14
122,Heshang cave,253,HS4_2008,139221,2934.160456,40.05898159,39.15723503,-9.01,-11.96
122,Heshang cave,253,HS4_2008,139222,2961.351674,42.99261092,41.96818725,-8.98,-11.58
122,Heshang cave,253,HS4_2008,139223,2975.693081,44.74982112,43.64194055,-8.64,-10.18
122,Heshang cave,253,HS4_2008,139224,2990.126172,45.95776548,44.94815708,-9,-10.5
122,Heshang cave,253,HS4_2008,139225,3005.038324,47.20808308,47.08308501,-9.02,-10.89
122,Heshang cave,253,HS4_2008,139226,3019.324373,48.82311641,48.4740527,-9.17,-11.01
122,Heshang cave,253,HS4_2008,139227,3033.652737,50.80573288,49.95595476,-9.12,-11.19
122,Heshang cave,253,HS4_2008,139228,3049.23171,52.85149997,52.09197066,-9.41,-11.77
122,Heshang cave,253,HS4_2008,139229,3064.828192,54.80590403,53.58792888,-8.67,-10.92
122,Heshang cave,253,HS4_2008,139230,3080.328082,57.17346417,55.02992277,-8.84,-11.89
122,Heshang cave,253,HS4_2008,139231,3095.81309,59.56714259,56.80823581,-8.35,-11.31
122,Heshang cave,253,HS4_2008,139232,3111.424972,61.88259707,59.00102302,-8.48,-10.56
122,Heshang cave,253,HS4_2008,139233,3126.585974,63.8502075,60.45325109,-8.28,-10.55
122,Heshang cave,253,HS4_2008,139234,3157.512152,68.30719084,64.72648869,-8.68,-11.26
122,Heshang cave,253,HS4_2008,139235,3172.768176,70.6055932,66.7812135,-8.26,-10.38
122,Heshang cave,253,HS4_2008,139236,3188.206865,72.75565674,68.46573313,-8.27,-10.35
122,Heshang cave,253,HS4_2008,139237,3203.756455,74.90825631,70.31494847,-8.15,-10.07
122,Heshang cave,253,HS4_2008,139238,3227.390743,74.03974564,68.851033,-8.11,-10.3
122,Heshang cave,253,HS4_2008,139239,3256.982634,71.14021604,66.3385896,-8.67,-10.67
122,Heshang cave,253,HS4_2008,139240,3286.679606,68.17663715,63.82125667,-8.65,-11.24
122,Heshang cave,253,HS4_2008,139241,3315.730221,65.33327601,60.77981377,-8.62,-11.06
122,Heshang cave,253,HS4_2008,139242,3345.56645,61.71288945,58.6189279,-8.28,-10.84
122,Heshang cave,253,HS4_2008,139243,3375.188991,58.17711736,56.45955066,-8.25,-11.71
122,Heshang cave,253,HS4_2008,139244,3404.40592,55.80827779,53.79232363,-8.86,-11.52
122,Heshang cave,253,HS4_2008,139245,3434.212192,53.06785778,52.23383401,-8.8,-11.6
122,Heshang cave,253,HS4_2008,139246,3463.315237,50.96640905,50.13007038,-8.57,-11.66
122,Heshang cave,253,HS4_2008,139247,3492.979076,48.22206333,48.0712587,-8.49,-11.86
122,Heshang cave,253,HS4_2008,139248,3522.840952,46.10478966,47.30083763,-8.43,-11.88
122,Heshang cave,253,HS4_2008,139249,3552.412716,44.72137818,45.74579466,-8.17,-10.49
122,Heshang cave,253,HS4_2008,139250,3581.728844,43.20571959,44.44307106,-8.33,-11.27
122,Heshang cave,253,HS4_2008,139251,3611.048623,41.61116407,43.57762483,-8.56,-11.43
122,Heshang cave,253,HS4_2008,139252,3640.447647,41.09912354,42.80184612,-8.38,-11.06
122,Heshang cave,253,HS4_2008,139253,3669.624165,41.07043145,42.02673433,-8.61,-10.94
122,Heshang cave,253,HS4_2008,139254,3698.850217,41.09078631,41.99425604,-8.84,-10.96
122,Heshang cave,253,HS4_2008,139255,3727.817846,42.83596911,41.98354315,-9.01,-10.46
122,Heshang cave,253,HS4_2008,139256,3757.004647,43.2887813,42.34079829,-8.73,-11.53
122,Heshang cave,253,HS4_2008,139257,3786.345187,44.43501268,42.96969067,-9.03,-11.14
122,Heshang cave,253,HS4_2008,139258,3816.115186,44.65018279,44.52886,-9.24,-11.61
122,Heshang cave,253,HS4_2008,139259,3845.515137,46.09421537,46.69170535,-9,-11.5
122,Heshang cave,253,HS4_2008,139260,3874.842905,46.90462041,49.37021533,-8.95,-11.28
122,Heshang cave,253,HS4_2008,139261,3904.077802,48.54465594,51.62182051,-9.13,-11.63
122,Heshang cave,253,HS4_2008,139262,3923.495441,47.76895244,50.51524177,-9.29,-11.45
122,Heshang cave,253,HS4_2008,139263,3936.933581,45.32035616,48.2501369,-8.89,-11.1
122,Heshang cave,253,HS4_2008,139264,3950.024197,43.09396213,45.50649244,-8.5,-10.44
122,Heshang cave,253,HS4_2008,139265,3963.281203,40.89177137,42.97344886,-9.7,-11.69
122,Heshang cave,253,HS4_2008,139266,3976.479969,38.48927941,39.82061033,-8.99,-10.68
122,Heshang cave,253,HS4_2008,139267,3989.715619,36.24644311,37.49876725,-8.96,-11.87
122,Heshang cave,253,HS4_2008,139268,4002.879752,34.24223656,35.10483097,-9.25,-11.75
122,Heshang cave,253,HS4_2008,139269,4015.680143,32.53772263,32.9986728,-9.33,-11.86
122,Heshang cave,253,HS4_2008,139270,4028.621392,30.91991421,30.37128473,-8.93,-11.8
122,Heshang cave,253,HS4_2008,139271,4041.293198,29.0872403,28.13244531,-9.01,-11.16
122,Heshang cave,253,HS4_2008,139272,4053.987426,27.37490386,26.14370443,-9.27,-11.52
122,Heshang cave,253,HS4_2008,139273,4067.161966,25.45390802,24.33081352,-8.52,-10.89
122,Heshang cave,253,HS4_2008,139274,4080.076214,23.86145697,23.02699923,-8.57,-12.03
122,Heshang cave,253,HS4_2008,139275,4093.971891,22.3015759,21.60433799,-8.51,-10.99
122,Heshang cave,253,HS4_2008,139276,4108.213434,21.59266204,20.67124499,-8.51,-10.54
122,Heshang cave,253,HS4_2008,139277,4122.556306,20.69517306,19.86839279,-9.43,-11.7
122,Heshang cave,253,HS4_2008,139278,4136.995642,19.85643196,20.06372006,-8.21,-10.33
122,Heshang cave,253,HS4_2008,139279,4151.06315,20.54522939,20.89548321,-8.73,-10.86
122,Heshang cave,253,HS4_2008,139280,4165.391533,21.15868015,22.25968799,-9.17,-11.53
122,Heshang cave,253,HS4_2008,139281,4179.897233,22.38202491,23.30220447,-8.63,-10.86
122,Heshang cave,253,HS4_2008,139282,4194.507181,21.43432239,22.64247496,-8.47,-10.1
122,Heshang cave,253,HS4_2008,139283,4209.06488,21.03206213,21.26729303,-8.43,-11.06
122,Heshang cave,253,HS4_2008,139284,4223.705235,20.48943962,20.63865497,-8.64,-11.06
122,Heshang cave,253,HS4_2008,139285,4238.343249,20.37548445,20.63001139,-8.65,-11.09
122,Heshang cave,253,HS4_2008,139286,4253.177523,20.64658103,21.21311577,-8.75,-11.25
122,Heshang cave,253,HS4_2008,139287,4269.816356,21.95043904,22.23362176,-8.87,-10.7
122,Heshang cave,253,HS4_2008,139288,4286.553788,23.15891397,23.69851385,-8.61,-10.46
122,Heshang cave,253,HS4_2008,139289,4303.325971,24.77552074,25.28444109,-9,-11.48
122,Heshang cave,253,HS4_2008,139290,4320.059718,26.44380752,26.95222149,-9.06,-11.72
122,Heshang cave,253,HS4_2008,139291,4336.679711,28.28502859,29.39215355,-8.07,-9.79
122,Heshang cave,253,HS4_2008,139292,4353.316678,31.09337798,31.34253957,-8.85,-11.02
122,Heshang cave,253,HS4_2008,139293,4370.282983,33.45871441,33.91136601,-8.58,-9.85
122,Heshang cave,253,HS4_2008,139294,4387.302201,35.73453036,36.17433926,-8.87,-10.21
122,Heshang cave,253,HS4_2008,139295,4404.132808,38.48689512,39.47749038,-8.39,-9.55
122,Heshang cave,253,HS4_2008,139296,4420.858344,41.1494741,42.4184595,-9.26,-11.42
122,Heshang cave,253,HS4_2008,139297,4434.240889,43.560813,44.43783386,-9.1,-11.67
122,Heshang cave,253,HS4_2008,139298,4447.610356,45.6114801,46.49141091,-8.73,-11.57
122,Heshang cave,253,HS4_2008,139299,4460.75356,47.73400455,48.99588138,-8.78,-11.46
122,Heshang cave,253,HS4_2008,139300,4474.224177,49.82599203,51.63882799,-8.86,-11.77
122,Heshang cave,253,HS4_2008,139301,4499.446139,46.07083491,49.62917017,-9.26,-11.12
122,Heshang cave,253,HS4_2008,139302,4523.919329,45.80448352,48.85527385,-9.39,-10.63
122,Heshang cave,253,HS4_2008,139303,4548.802703,47.01324623,48.22411261,-9.24,-11.52
122,Heshang cave,253,HS4_2008,139304,4573.693085,48.53905688,49.57016314,-8.75,-10.52
122,Heshang cave,253,HS4_2008,139305,4598.447896,51.3203878,51.66711675,-9.23,-10.9
122,Heshang cave,253,HS4_2008,139306,4623.319989,54.7805043,54.63172475,-9.02,-11.48
122,Heshang cave,253,HS4_2008,139307,4651.039454,57.71489646,58.62641568,-8.81,-10.69
122,Heshang cave,253,HS4_2008,139308,4678.808921,62.49798993,63.75185399,-9.25,-11.31
122,Heshang cave,253,HS4_2008,139309,4706.554314,66.92643799,68.65574575,-8.92,-10.94
122,Heshang cave,253,HS4_2008,139310,4734.889809,70.90597837,74.46270661,-8.84,-10.69
122,Heshang cave,253,HS4_2008,139311,4763.129118,76.48786856,79.52236504,-9.29,-11.07
122,Heshang cave,253,HS4_2008,139312,4791.019681,82.08351543,85.03066305,-9.11,-10.39
122,Heshang cave,253,HS4_2008,139313,4819.026542,87.03388342,91.80748729,-8.95,-11.04
122,Heshang cave,253,HS4_2008,139314,4847.302392,93.64896062,99.62997558,-8.9,-11.53
122,Heshang cave,253,HS4_2008,139315,4875.767668,97.96656327,106.727225,-9.44,-11.74
122,Heshang cave,253,HS4_2008,139316,4903.527767,104.3185439,114.0649644,-9.35,-11.03
122,Heshang cave,253,HS4_2008,139317,4926.732377,109.8914905,119.9935391,-9.95,-11.69
122,Heshang cave,253,HS4_2008,139318,4949.927808,114.7896125,126.4206835,-9.7,-11.93
122,Heshang cave,253,HS4_2008,139319,4973.457075,118.6920793,132.6065309,-9.37,-11.65
122,Heshang cave,253,HS4_2008,139320,4997.077213,124.2920913,139.5583065,-9.1,-11.29
122,Heshang cave,253,HS4_2008,139321,5019.987715,129.7894676,145.3416599,-9.62,-12.12
122,Heshang cave,253,HS4_2008,139322,5043.047666,135.8794778,151.5410715,-9.78,-12.21
122,Heshang cave,253,HS4_2008,139323,5065.845112,141.9800439,157.5746228,-9.36,-11.13
122,Heshang cave,253,HS4_2008,139324,5083.978409,139.2698375,156.6708497,-9.64,-10.93
122,Heshang cave,253,HS4_2008,139325,5097.669422,133.1621172,149.1847453,-9.65,-11.08
122,Heshang cave,253,HS4_2008,139326,5109.44714,128.9887547,144.0267294,-9.54,-10.71
122,Heshang cave,253,HS4_2008,139327,5121.157266,124.8224288,138.5402795,-9.42,-10.71
122,Heshang cave,253,HS4_2008,139328,5132.624657,120.771118,132.2870989,-10.07,-11.71
122,Heshang cave,253,HS4_2008,139329,5144.5921,114.6319593,128.2742041,-9.72,-12.17
122,Heshang cave,253,HS4_2008,139330,5156.26702,111.6797585,124.0257018,-9.18,-11.16
122,Heshang cave,253,HS4_2008,139331,5167.3815,107.5905174,117.7892161,-9.35,-11.61
122,Heshang cave,253,HS4_2008,139332,5182.120387,102.3529627,112.3614033,-9.15,-10.29
122,Heshang cave,253,HS4_2008,139333,5196.039696,97.96187956,107.7633498,-10.19,-11.32
122,Heshang cave,253,HS4_2008,139334,5209.573725,93.59251451,103.2591646,-10.31,-11.99
122,Heshang cave,253,HS4_2008,139335,5222.305968,90.26011698,98.23964229,-9.5,-10.92
122,Heshang cave,253,HS4_2008,139336,5235.694258,86.53473847,94.34229703,-10.26,-11.34
122,Heshang cave,253,HS4_2008,139337,5248.651097,84.468407,90.75045871,-9.93,-10.69
122,Heshang cave,253,HS4_2008,139338,5261.630145,82.10184816,85.43560093,-9.59,-11.6
122,Heshang cave,253,HS4_2008,139339,5275.476333,79.50946544,82.40909039,-8.8,-9.9
122,Heshang cave,253,HS4_2008,139340,5291.185573,77.53544955,80.76324681,-9.41,-10.31
122,Heshang cave,253,HS4_2008,139341,5306.802236,74.85136887,77.09336674,-9.63,-10.86
122,Heshang cave,253,HS4_2008,139342,5321.918952,72.21655985,76.20582062,-9.61,-11.22
122,Heshang cave,253,HS4_2008,139343,5337.071835,71.96464384,73.50561561,-9.58,-11.31
122,Heshang cave,253,HS4_2008,139344,5353.079341,70.63285826,73.35162219,-9.47,-10.96
122,Heshang cave,253,HS4_2008,139345,5368.985038,69.6607241,72.96823421,-9.6,-11.5
122,Heshang cave,253,HS4_2008,139346,5385.017743,71.42320362,72.98053606,-10.08,-11.93
122,Heshang cave,253,HS4_2008,139347,5401.254286,72.99175572,74.65397406,-9.98,-11.82
122,Heshang cave,253,HS4_2008,139348,5416.894036,75.41374624,75.88427411,-10.15,-11.93
122,Heshang cave,253,HS4_2008,139349,5432.73924,77.64118409,78.52576007,-8.94,-10.68
122,Heshang cave,253,HS4_2008,139350,5452.397077,79.08250263,79.6232774,-9.25,-10.91
122,Heshang cave,253,HS4_2008,139351,5480.980853,76.98027668,75.35359075,-9.75,-11.02
122,Heshang cave,253,HS4_2008,139352,5509.089632,77.16273393,71.85391503,-9.6,-11.59
122,Heshang cave,253,HS4_2008,139353,5538.541505,74.98268247,72.14655941,-10.01,-11.81
122,Heshang cave,253,HS4_2008,139354,5568.375208,72.89413354,72.80930043,-9.44,-11.39
122,Heshang cave,253,HS4_2008,139355,5597.320289,73.00194738,73.81980054,-9.27,-11.63
122,Heshang cave,253,HS4_2008,139356,5626.98864,75.56670539,77.11347086,-9.3,-10.9
122,Heshang cave,253,HS4_2008,139357,5656.433165,78.43903993,81.80733485,-10.04,-12
122,Heshang cave,253,HS4_2008,139358,5683.22591,80.25882021,82.82416348,-9.75,-10.4
122,Heshang cave,253,HS4_2008,139359,5709.154255,85.2412786,85.42896937,-10.4,-11.9
122,Heshang cave,253,HS4_2008,139360,5736.159154,88.88874562,89.23003453,-9.57,-10.32
122,Heshang cave,253,HS4_2008,139361,5762.916458,92.71892171,92.78146814,-9.71,-10.76
122,Heshang cave,253,HS4_2008,139362,5789.071429,95.75565477,98.20805189,-9.91,-11.1
122,Heshang cave,253,HS4_2008,139363,5815.389764,100.8235366,103.5388034,-9.97,-11.84
122,Heshang cave,253,HS4_2008,139364,5841.838061,105.3808212,109.7782867,-9.82,-11.08
122,Heshang cave,253,HS4_2008,139365,5867.678944,112.2688815,115.5681474,-10.1,-11.38
122,Heshang cave,253,HS4_2008,139366,5893.355398,118.6787161,121.6874686,-9.87,-11.48
122,Heshang cave,253,HS4_2008,139367,5919.907318,124.7783686,128.8698664,-9.45,-11.03
122,Heshang cave,253,HS4_2008,139368,5946.04644,130.106066,136.6483951,-9.07,-9.74
122,Heshang cave,253,HS4_2008,139369,5972.313668,137.3026513,142.4165207,-9.31,-10.31
122,Heshang cave,253,HS4_2008,139370,6006.65623,146.9379099,150.6383952,-9.54,-10.7
122,Heshang cave,253,HS4_2008,139371,6041.366591,155.9174051,157.6097233,-9.11,-9.39
122,Heshang cave,253,HS4_2008,139372,6076.60715,165.1142597,165.7142756,-9.81,-11.84
122,Heshang cave,253,HS4_2008,139373,6119.344046,165.6448392,163.9846046,-9.26,-10.7
122,Heshang cave,253,HS4_2008,139374,6173.199469,152.6571961,147.1674125,-9.77,-11.93
122,Heshang cave,253,HS4_2008,139375,6226.623949,140.3346563,135.0398143,-9.95,-11.4
122,Heshang cave,253,HS4_2008,139376,6278.757943,128.8095156,122.6732857,-10.17,-11.97
122,Heshang cave,253,HS4_2008,139377,6330.986514,118.9963166,113.0269164,-9.98,-12.03
122,Heshang cave,253,HS4_2008,139378,6381.347464,109.158432,106.0628444,-9.04,-10.99
122,Heshang cave,253,HS4_2008,139379,6435.238323,103.4489195,102.6516091,-9.85,-11.74
122,Heshang cave,253,HS4_2008,139380,6486.776914,101.9048045,101.9831772,-9.63,-11.14
122,Heshang cave,253,HS4_2008,139381,6538.612861,103.3005807,105.6896757,-9.54,-10.95
122,Heshang cave,253,HS4_2008,139382,6583.561266,107.5691357,109.937272,-9.18,-10.75
122,Heshang cave,253,HS4_2008,139383,6629.297756,114.3168041,116.3032436,-9.08,-10.88
122,Heshang cave,253,HS4_2008,139384,6674.792549,122.2750359,128.772558,-8.87,-9.66
122,Heshang cave,253,HS4_2008,139385,6701.407725,123.8473699,129.2346971,-8.77,-9.57
122,Heshang cave,253,HS4_2008,139386,6711.264169,116.3302158,121.0273268,-10.21,-11.02
122,Heshang cave,253,HS4_2008,139387,6721.315653,108.9579416,113.7199533,-10.16,-11.64
122,Heshang cave,253,HS4_2008,139388,6729.484653,103.6230697,107.6290998,-10.29,-12.12
122,Heshang cave,253,HS4_2008,139389,6737.132502,99.11806577,101.9850427,-9.76,-11.86
122,Heshang cave,253,HS4_2008,139390,6745.214769,93.55250344,96.51031832,-9.28,-10.57
122,Heshang cave,253,HS4_2008,139391,6753.116002,87.67580968,91.31632408,-9.13,-9.67
122,Heshang cave,253,HS4_2008,139392,6761.512295,82.53566411,86.29523216,-9.18,-11.11
122,Heshang cave,253,HS4_2008,139393,6769.689833,77.37926409,81.27258932,-8.72,-9.75
122,Heshang cave,253,HS4_2008,139394,6777.638981,72.39504922,75.91524438,-9.13,-10.34
122,Heshang cave,253,HS4_2008,139395,6785.288249,67.95843071,69.94034787,-9.34,-10.88
122,Heshang cave,253,HS4_2008,139396,6793.368706,63.40906927,65.24445153,-9.7,-11.53
122,Heshang cave,253,HS4_2008,139397,6801.132185,58.67733196,59.85319016,-9.5,-11.2
122,Heshang cave,253,HS4_2008,139398,6809.099201,53.48026335,54.8662218,-10.15,-12.28
122,Heshang cave,253,HS4_2008,139399,6817.344231,48.37054139,50.07509979,-10.33,-11.86
122,Heshang cave,253,HS4_2008,139400,6825.778889,44.48186412,46.39363529,-9.85,-11.7
122,Heshang cave,253,HS4_2008,139401,6833.841754,40.38206515,41.49606043,-9.18,-10.56
122,Heshang cave,253,HS4_2008,139402,6841.829024,36.60789698,37.20759738,-9.96,-12.24
122,Heshang cave,253,HS4_2008,139403,6849.432944,33.39309656,34.12405802,-9.93,-12.12
122,Heshang cave,253,HS4_2008,139404,6857.058654,31.84099893,31.66898579,-9.61,-11.65
122,Heshang cave,253,HS4_2008,139405,6865.308637,29.55911385,29.99053796,-9.92,-11.67
122,Heshang cave,253,HS4_2008,139406,6875.283019,30.34446698,29.13319595,-9.88,-11.72
122,Heshang cave,253,HS4_2008,139407,6885.988425,31.5647522,30.66203275,-9.36,-11.02
122,Heshang cave,253,HS4_2008,139408,6901.087065,30.6282514,29.09885939,-9.54,-10.86
122,Heshang cave,253,HS4_2008,139409,6916.424612,30.21825347,29.47966629,-9.43,-11.31
122,Heshang cave,253,HS4_2008,139410,6932.522314,30.7356999,32.47443364,-9.67,-11.62
122,Heshang cave,253,HS4_2008,139411,6947.485543,34.11371473,35.12408729,-9.51,-11.17
122,Heshang cave,253,HS4_2008,139412,6959.602484,35.45442324,38.36583871,-9.12,-10.85
122,Heshang cave,253,HS4_2008,139413,6972.021041,37.55199571,41.57848056,-8.79,-9.98
122,Heshang cave,253,HS4_2008,139414,6983.889444,41.18940953,44.13418597,-9.99,-12.19
122,Heshang cave,253,HS4_2008,139415,6996.051874,44.3467747,47.47597293,-10.44,-12.68
122,Heshang cave,253,HS4_2008,139416,7008.068031,47.87140574,50.61129446,-10.32,-12.38
122,Heshang cave,253,HS4_2008,139417,7020.089032,52.51469463,53.73486178,-10.2,-11.47
122,Heshang cave,253,HS4_2008,139418,7032.237658,56.51523356,57.60158413,-9.96,-11.92
122,Heshang cave,253,HS4_2008,139419,7044.324484,60.89552605,60.69901482,-8.98,-10.69
122,Heshang cave,253,HS4_2008,139420,7056.505125,65.3494338,65.74884936,-8.84,-8.47
122,Heshang cave,253,HS4_2008,139421,7068.456174,69.69069677,69.40608943,-9.27,-10.57
122,Heshang cave,253,HS4_2008,139422,7080.589068,73.89738297,73.22603984,-9.18,-9.62
122,Heshang cave,253,HS4_2008,139423,7092.708897,77.56840742,77.70633379,-9.71,-11.14
122,Heshang cave,253,HS4_2008,139424,7103.470648,81.17593997,81.76478168,-9.66,-10.9
122,Heshang cave,253,HS4_2008,139425,7114.089225,84.48009014,85.5134847,-9.43,-10.56
122,Heshang cave,253,HS4_2008,139426,7125.024593,87.9342105,89.43203739,-9.81,-11.32
122,Heshang cave,253,HS4_2008,139427,7135.663587,91.69430329,92.96426021,-9.74,-11.16
122,Heshang cave,253,HS4_2008,139428,7146.35373,95.13187298,96.75500481,-10.01,-11.12
122,Heshang cave,253,HS4_2008,139429,7157.07978,98.93428184,101.0077785,-10.35,-11.69
122,Heshang cave,253,HS4_2008,139430,7169.541823,102.3817822,105.7333038,-9.64,-11.37
122,Heshang cave,253,HS4_2008,139431,7182.224402,105.7838161,110.60998,-10.3,-11.47
122,Heshang cave,253,HS4_2008,139432,7194.631467,109.4443151,114.6043946,-10.05,-10.34
122,Heshang cave,253,HS4_2008,139433,7207.778141,112.9639802,119.1332317,-9.93,-10.15
122,Heshang cave,253,HS4_2008,139434,7220.142284,117.6817829,124.0543626,-10.46,-11
122,Heshang cave,253,HS4_2008,139435,7232.852958,121.9544438,128.5278278,-9.55,-10.7
122,Heshang cave,253,HS4_2008,139436,7246.640971,127.5307732,133.9803728,-9.5,-11.14
122,Heshang cave,253,HS4_2008,139437,7260.718854,132.977461,138.9087635,-9.44,-10.28
122,Heshang cave,253,HS4_2008,139438,7274.822733,138.1504177,143.8890718,-9.04,-9.77
122,Heshang cave,253,HS4_2008,139439,7289.030199,142.9808447,148.9720041,-9.18,-8.59
122,Heshang cave,253,HS4_2008,139440,7303.403407,148.0593967,153.9698026,-9.04,-8.61
122,Heshang cave,253,HS4_2008,139441,7317.451233,153.4633308,158.9529898,-9.39,-10.14
122,Heshang cave,253,HS4_2008,139442,7329.997251,157.8057531,164.2117061,-9.3,-9.95
122,Heshang cave,253,HS4_2008,139443,7343.800057,159.2009335,167.3499831,-9.18,-9.49
122,Heshang cave,253,HS4_2008,139444,7360.778051,151.8725884,159.2749661,-9.34,-9.42
122,Heshang cave,253,HS4_2008,139445,7377.642715,144.8343178,149.8731234,-9.55,-10.22
122,Heshang cave,253,HS4_2008,139446,7395.553892,138.822459,141.8296334,-10.1,-11.51
122,Heshang cave,253,HS4_2008,139447,7412.684329,132.974936,133.9559543,-10.56,-11.93
122,Heshang cave,253,HS4_2008,139448,7431.692972,124.6806527,126.2600957,-10.05,-10.67
122,Heshang cave,253,HS4_2008,139449,7450.979648,117.8768124,118.5198838,-10.56,-11.5
122,Heshang cave,253,HS4_2008,139450,7469.591391,110.457573,111.1455713,-9.75,-10.58
122,Heshang cave,253,HS4_2008,139451,7488.448294,102.3768945,102.9281923,-9.8,-11.02
122,Heshang cave,253,HS4_2008,139452,7507.613482,96.00200051,96.22614172,-9.43,-10.29
122,Heshang cave,253,HS4_2008,139453,7526.716115,91.22858243,91.04756188,-9.24,-9.57
122,Heshang cave,253,HS4_2008,139454,7545.756811,87.33550016,85.80731046,-9.61,-10.32
122,Heshang cave,253,HS4_2008,139455,7565.062998,83.70067413,82.46639505,-10.31,-11.81
122,Heshang cave,253,HS4_2008,139456,7584.353433,79.29216432,78.31296472,-10.22,-11.7
122,Heshang cave,253,HS4_2008,139457,7602.96354,76.86700234,75.81705108,-9.97,-10.97
122,Heshang cave,253,HS4_2008,139458,7628.52396,75.01621023,72.53194127,-10.17,-10.92
122,Heshang cave,253,HS4_2008,139459,7654.874911,75.43250326,72.99996513,-9.86,-11.83
122,Heshang cave,253,HS4_2008,139460,7681.358717,77.69513384,75.64554689,-9.82,-11.03
122,Heshang cave,253,HS4_2008,139461,7708.304962,81.71812116,80.0472308,-9.65,-10.75
122,Heshang cave,253,HS4_2008,139462,7741.111236,74.2586041,71.68927259,-10.08,-11.6
122,Heshang cave,253,HS4_2008,139463,7757.487654,68.90978639,67.64042664,-10.22,-11.42
122,Heshang cave,253,HS4_2008,139464,7773.424842,64.13610891,63.25343103,-9.9,-11.27
122,Heshang cave,253,HS4_2008,139465,7789.286349,60.42164701,59.5755381,-10.05,-11.21
122,Heshang cave,253,HS4_2008,139466,7804.848722,56.70416611,54.86333259,-8.9,-10.12
122,Heshang cave,253,HS4_2008,139467,7815.625879,53.99244639,52.65930535,-9.09,-10.5
122,Heshang cave,253,HS4_2008,139468,7825.847159,51.11963206,49.81295087,-10.05,-11.3
122,Heshang cave,253,HS4_2008,139469,7836.775057,47.74186511,48.8562738,-9.07,-10.37
122,Heshang cave,253,HS4_2008,139470,7847.19944,45.27999183,46.83761018,-9.59,-10.43
122,Heshang cave,253,HS4_2008,139471,7857.842528,43.90336232,45.28849113,-9.41,-11.13
122,Heshang cave,253,HS4_2008,139472,7868.268395,42.43593079,42.79778035,-9.88,-11.43
122,Heshang cave,253,HS4_2008,139473,7878.686591,41.2431723,41.00861822,-9.8,-11.09
122,Heshang cave,253,HS4_2008,139474,7889.565744,39.07089376,39.31733789,-9.88,-11.22
122,Heshang cave,253,HS4_2008,139475,7899.794209,38.96361952,37.61873276,-9.76,-10.74
122,Heshang cave,253,HS4_2008,139476,7910.093088,38.36251215,37.03466038,-9.71,-11.52
122,Heshang cave,253,HS4_2008,139477,7921.445578,38.67370373,36.40483738,-9.72,-11.02
122,Heshang cave,253,HS4_2008,139478,7933.155699,38.46080887,36.22549,-9.44,-10.8
122,Heshang cave,253,HS4_2008,139479,7945.195004,38.67888013,36.64351528,-9.34,-10.34
122,Heshang cave,253,HS4_2008,139480,7956.85475,38.74892638,37.90322217,-9.38,-10.45
122,Heshang cave,253,HS4_2008,139481,7968.130256,40.29391954,39.4311603,-9.59,-10.65
122,Heshang cave,253,HS4_2008,139482,7979.75492,41.20939474,40.75487397,-9.96,-11.59
122,Heshang cave,253,HS4_2008,139483,8001.483284,40.85103208,40.63572867,-8.95,-9.35
122,Heshang cave,253,HS4_2008,139484,8026.603381,39.03985195,38.76556095,-9.36,-10.37
122,Heshang cave,253,HS4_2008,139485,8051.615742,37.82330926,37.54319541,-9.49,-10.53
122,Heshang cave,253,HS4_2008,139486,8076.791072,37.25156371,37.17485727,-9.15,-8.69
122,Heshang cave,254,HS4_2013,139531,8077.447334,93.62571282,77.76501233,-9.34,-9.02
122,Heshang cave,254,HS4_2013,139532,8077.879431,93.61815799,77.97625882,-9.4,-8.95
122,Heshang cave,254,HS4_2013,139533,8078.459675,93.49314594,78.31968724,-9.3,-8.88
122,Heshang cave,254,HS4_2013,139534,8078.895639,93.49195476,78.52947833,-8.67,-8.43
122,Heshang cave,254,HS4_2013,139535,8079.021999,93.61111242,78.52811826,-8.72,-8.14
122,Heshang cave,254,HS4_2013,139536,8079.261278,93.61735265,78.63967562,-8.63,-8.27
122,Heshang cave,254,HS4_2013,139537,8079.406772,93.71226159,78.66786653,-8.47,-8.43
122,Heshang cave,254,HS4_2013,139538,8079.470581,93.89397055,78.61540936,-8.29,-8.48
122,Heshang cave,254,HS4_2013,139539,8079.552851,94.03164457,78.5935234,-8.78,-9.12
122,Heshang cave,254,HS4_2013,139540,8079.608335,94.12449449,78.5787631,-9.36,-9.76
122,Heshang cave,254,HS4_2013,139541,8079.666966,94.21931298,78.56472698,-9.82,-10.45
122,Heshang cave,254,HS4_2013,139542,8079.745941,94.29378652,78.57103581,-9.86,-10.65
122,Heshang cave,254,HS4_2013,139543,8079.822284,94.36577761,78.57899005,-9.71,-10.54
122,Heshang cave,254,HS4_2013,139544,8079.901259,94.46165569,78.60091587,-8.77,-9.51
122,Heshang cave,254,HS4_2013,139545,8079.980235,94.7291474,78.6228417,-8.5,-8.98
122,Heshang cave,254,HS4_2013,139546,8080.05921,95.05000192,78.64476752,-8.88,-9.27
122,Heshang cave,254,HS4_2013,139547,8080.130288,95.338771,78.66450076,-9.21,-9.69
122,Heshang cave,254,HS4_2013,139548,8080.193468,95.59545461,78.68204141,-9.59,-10.17
122,Heshang cave,254,HS4_2013,139549,8080.276741,96.16523787,78.68672055,-9.84,-10.57
122,Heshang cave,254,HS4_2013,139550,8080.326822,96.44834808,78.69847809,-9.74,-10.43
122,Heshang cave,254,HS4_2013,139551,8080.376904,96.79809618,78.71023562,-9.55,-10.23
122,Heshang cave,254,HS4_2013,139552,8080.424982,97.16645603,78.72152286,-9.01,-9.64
122,Heshang cave,254,HS4_2013,139553,8080.489594,97.53563357,78.74781104,-9.33,-9.34
122,Heshang cave,254,HS4_2013,139554,8080.589673,97.85199266,78.81109904,-9.25,-9.62
122,Heshang cave,254,HS4_2013,139555,8080.685582,98.15517013,78.87175004,-9.66,-10.27
122,Heshang cave,254,HS4_2013,139556,8080.748131,98.35289456,78.91130503,-10.33,-11.01
122,Heshang cave,254,HS4_2013,139557,8080.81068,98.550619,78.95086003,-10.4,-11.13
122,Heshang cave,254,HS4_2013,139558,8080.87323,98.65307804,78.99041503,-10.31,-11.13
122,Heshang cave,254,HS4_2013,139559,8081.025408,98.60133027,79.12113159,-9.97,-10.86
122,Heshang cave,254,HS4_2013,139560,8081.21417,98.52017189,79.2868994,-9.32,-10.15
122,Heshang cave,254,HS4_2013,139561,8081.402932,98.43901351,79.4526672,-9.18,-9.88
122,Heshang cave,254,HS4_2013,139562,8081.589443,98.37122196,79.61618335,-9.61,-10.02
122,Heshang cave,254,HS4_2013,139563,8081.670497,98.46918634,79.67577613,-9.6,-9.84
122,Heshang cave,254,HS4_2013,139564,8081.75734,98.57414818,79.73962554,-9.79,-9.87
122,Heshang cave,254,HS4_2013,139565,8081.844184,98.67911002,79.80347495,-9.91,-10.01
122,Heshang cave,254,HS4_2013,139566,8081.900926,98.81417399,79.83722224,-10.08,-10.27
122,Heshang cave,254,HS4_2013,139567,8081.941447,98.9526717,79.85628169,-9.93,-10.7
122,Heshang cave,254,HS4_2013,139568,8081.984862,99.1010621,79.87670254,-9.84,-10.98
122,Heshang cave,254,HS4_2013,139569,8082.179571,99.0202824,79.8095754,-9.62,-11.18
122,Heshang cave,254,HS4_2013,139570,8082.370833,98.89067788,79.70665077,-9.87,-11.2
122,Heshang cave,254,HS4_2013,139571,8082.732409,98.59182245,79.81103433,-9.92,-11.17
122,Heshang cave,254,HS4_2013,139572,8083.176242,98.20964652,80.00203451,-10.07,-11.06
122,Heshang cave,254,HS4_2013,139573,8083.470445,97.97710151,80.04340378,-10.13,-10.94
122,Heshang cave,254,HS4_2013,139574,8083.617057,97.91857251,79.93718298,-10.25,-10.93
122,Heshang cave,254,HS4_2013,139575,8083.717353,98.06532441,79.80120402,-10.47,-10.95
122,Heshang cave,254,HS4_2013,139576,8083.81765,98.21207631,79.69343522,-10.27,-10.9
122,Heshang cave,254,HS4_2013,139577,8083.917946,98.35882822,79.58566641,-9.52,-10.66
122,Heshang cave,254,HS4_2013,139578,8084.018242,98.5155547,79.47789761,-9.03,-10.43
122,Heshang cave,254,HS4_2013,139579,8084.106434,98.53702995,79.38313539,-8.97,-10.03
122,Heshang cave,254,HS4_2013,139580,8084.222776,98.43937439,79.38827019,-8.95,-10.13
122,Heshang cave,254,HS4_2013,139581,8084.370085,98.31075148,79.42437235,-9.09,-10.13
122,Heshang cave,254,HS4_2013,139582,8084.565987,98.13353575,79.50906732,-9.55,-10.15
122,Heshang cave,254,HS4_2013,139583,8084.833972,97.89350688,79.66584508,-9.64,-10.19
122,Heshang cave,254,HS4_2013,139584,8085.101957,97.65407008,79.82262284,-9.41,-10.02
122,Heshang cave,254,HS4_2013,139585,8085.369942,97.41463328,79.9794006,-9.71,-10.09
122,Heshang cave,254,HS4_2013,139586,8085.637927,97.17519648,80.13617836,-9.43,-9.94
122,Heshang cave,254,HS4_2013,139587,8085.830103,97.01156837,80.21714743,-9.5,-10.12
122,Heshang cave,254,HS4_2013,139588,8085.979421,96.89079935,80.25525741,-9.38,-9.91
122,Heshang cave,254,HS4_2013,139589,8086.133554,96.76613456,80.29459674,-9.39,-9.98
122,Heshang cave,254,HS4_2013,139590,8086.292505,96.63757399,80.33516542,-9.11,-9.78
122,Heshang cave,254,HS4_2013,139591,8086.456272,96.50511765,80.37696346,-8.9,-9.46
122,Heshang cave,254,HS4_2013,139592,8086.615223,96.37655709,80.41753214,-9.13,-9.59
122,Heshang cave,254,HS4_2013,139593,8086.833989,96.18818086,80.51791648,-9.38,-9.82
122,Heshang cave,254,HS4_2013,139594,8087.068439,95.98412107,80.63398439,-9.34,-9.67
122,Heshang cave,254,HS4_2013,139595,8087.302888,95.78006128,80.7500523,-8.8,-9.09
122,Heshang cave,254,HS4_2013,139596,8087.544443,95.56981786,80.86963741,-8.76,-8.71
122,Heshang cave,254,HS4_2013,139597,8087.778892,95.36575807,80.98570532,-8.91,-8.63
122,Heshang cave,254,HS4_2013,139598,8088.091492,95.09367835,81.12778054,-9.26,-8.92
122,Heshang cave,254,HS4_2013,139599,8088.389204,94.84293259,81.03083843,-9.21,-8.7
122,Heshang cave,254,HS4_2013,139600,8088.692093,94.58793131,80.93133443,-8.71,-8.48
122,Heshang cave,254,HS4_2013,139601,8088.994981,94.33293003,80.83183044,-8.72,-8.64
122,Heshang cave,254,HS4_2013,139602,8089.292045,94.08283262,80.73423998,-9.09,-8.85
122,Heshang cave,254,HS4_2013,139603,8089.594933,93.82783134,80.63473598,-9.05,-8.73
122,Heshang cave,254,HS4_2013,139604,8089.851224,93.61206102,80.55054029,-9.19,-8.92
122,Heshang cave,254,HS4_2013,139605,8090.101689,93.40119458,80.17330516,-8.83,-8.58
122,Heshang cave,254,HS4_2013,139606,8090.236711,93.30485049,79.71648143,-8.85,-8.87
122,Heshang cave,254,HS4_2013,139607,8090.358956,93.2212837,79.37977921,-9.11,-8.99
122,Heshang cave,254,HS4_2013,139608,8090.484112,93.13572723,79.03506027,-8.73,-8.72
122,Heshang cave,254,HS4_2013,139609,8090.606357,93.05216044,78.90018706,-8.87,-8.81
122,Heshang cave,254,HS4_2013,139610,8090.746158,92.95103728,78.86330332,-9.22,-9
122,Heshang cave,254,HS4_2013,139611,8090.913013,92.81825553,78.84271162,-9.4,-9.02
122,Heshang cave,254,HS4_2013,139612,8091.108051,92.65545018,78.80375973,-9.35,-9.14
122,Heshang cave,254,HS4_2013,139613,8091.285392,92.50941919,78.75379796,-9.38,-9.28
122,Heshang cave,254,HS4_2013,139614,8091.540054,92.31830057,78.54716656,-9.57,-8.93
122,Heshang cave,254,HS4_2013,139615,8091.665539,92.22412618,78.44534819,-9.62,-8.85
122,Heshang cave,254,HS4_2013,139616,8091.794715,92.12718196,78.34053516,-9.51,-8.96
122,Heshang cave,254,HS4_2013,139617,8092.001502,91.95170635,78.38409244,-9.14,-8.85
122,Heshang cave,254,HS4_2013,139618,8092.265115,91.72032426,78.48534391,-9.16,-8.65
122,Heshang cave,254,HS4_2013,139619,8092.978352,91.09917853,78.88936059,-9.25,-8.81
122,Heshang cave,254,HS4_2013,139620,8093.65816,90.5032809,79.4034873,-9.26,-8.82
122,Heshang cave,254,HS4_2013,139621,8094.051826,90.4911446,79.454627,-9.46,-8.68
122,Heshang cave,254,HS4_2013,139622,8094.225088,90.77588934,79.40276882,-9.28,-8.31
122,Heshang cave,254,HS4_2013,139623,8094.424318,91.06190982,78.5834016,-9.32,-8.21
122,Heshang cave,254,HS4_2013,139624,8095.132631,91.4172891,78.59788705,-9.39,-8.41
122,Heshang cave,254,HS4_2013,139625,8095.665716,91.6361231,78.72192251,-9.29,-8.35
122,Heshang cave,254,HS4_2013,139626,8096.148366,91.97018853,78.49024912,-9.63,-8.17
122,Heshang cave,254,HS4_2013,139627,8096.875847,91.35724595,77.856467,-9.39,-8.39
122,Heshang cave,254,HS4_2013,139628,8097.284473,91.00588925,77.68529938,-9.49,-8.71
122,Heshang cave,254,HS4_2013,139629,8097.826528,90.53980383,77.54531411,-9.49,-8.74
122,Heshang cave,254,HS4_2013,139630,8098.236257,90.23876882,77.36475585,-9.57,-8.76
122,Heshang cave,254,HS4_2013,139631,8098.865036,89.71868511,77.59217889,-9.79,-8.73
122,Heshang cave,254,HS4_2013,139632,8099.173206,89.51921011,77.49899322,-9.54,-8.69
122,Heshang cave,254,HS4_2013,139633,8099.309588,89.4915222,77.23402047,-9.39,-8.69
122,Heshang cave,254,HS4_2013,139634,8100.039323,88.87048178,77.84857842,-9.29,-8.63
122,Heshang cave,254,HS4_2013,139635,8100.298634,88.80467266,77.99847067,-9.27,-8.57
122,Heshang cave,254,HS4_2013,139636,8100.460354,88.79435248,78.09195186,-9.04,-8.16
122,Heshang cave,254,HS4_2013,139637,8100.610922,88.88484965,78.08044928,-9.22,-8.64
122,Heshang cave,254,HS4_2013,139638,8100.764277,89.02215592,78.03993132,-9.2,-8.65
122,Heshang cave,254,HS4_2013,139639,8101.03396,89.04313555,78.11574,-9.25,-8.82
122,Heshang cave,254,HS4_2013,139640,8101.304834,89.06292284,78.19274102,-9.2,-8.46
122,Heshang cave,254,HS4_2013,139641,8101.612653,89.03519645,78.31373614,-9.57,-8.72
122,Heshang cave,254,HS4_2013,139642,8102.193008,88.86741433,78.71079252,-9.23,-8.14
122,Heshang cave,254,HS4_2013,139643,8102.762203,88.75057291,79.10021319,-8.91,-7.65
122,Heshang cave,254,HS4_2013,139644,8103.07678,88.89721871,79.2846772,-8.89,-7.39
122,Heshang cave,254,HS4_2013,139645,8103.279841,89.15538025,79.38175889,-9.29,-7.78
122,Heshang cave,254,HS4_2013,139646,8103.682322,89.01999382,79.68029865,-9.26,-8.29
122,Heshang cave,254,HS4_2013,139647,8103.971065,88.8052755,79.79580573,-9.36,-8.66
122,Heshang cave,254,HS4_2013,139648,8104.611113,88.2549274,80.22593315,-9.41,-8.67
122,Heshang cave,254,HS4_2013,139649,8104.889004,88.15710855,80.32155418,-9.46,-8.68
122,Heshang cave,254,HS4_2013,139650,8105.20597,88.03282982,80.61588495,-9.57,-8.5
122,Heshang cave,254,HS4_2013,139651,8105.404404,88.00567319,80.61195896,-9.44,-8.5
122,Heshang cave,254,HS4_2013,139652,8105.913058,87.67067496,80.78053642,-9.33,-8.48
122,Heshang cave,254,HS4_2013,139653,8106.243836,87.5135526,80.771238,-9.34,-8.59
122,Heshang cave,254,HS4_2013,139654,8106.789148,87.14189724,80.9764726,-9.35,-8.56
122,Heshang cave,254,HS4_2013,139655,8106.950267,87.14862599,80.89986713,-9.32,-8.35
122,Heshang cave,254,HS4_2013,139656,8107.003974,87.1511096,80.90123442,-9.26,-8.25
122,Heshang cave,254,HS4_2013,139657,8107.057681,87.16756615,80.90260171,-9.08,-8.19
122,Heshang cave,254,HS4_2013,139658,8107.11836,87.20505798,80.91094222,-9.3,-8.04
122,Heshang cave,254,HS4_2013,139659,8107.208985,87.2386471,80.94922722,-9,-8.31
122,Heshang cave,254,HS4_2013,139660,8107.299609,87.27223622,80.98751221,-9.12,-8.6
122,Heshang cave,254,HS4_2013,139661,8107.408358,87.31254317,81.03345421,-9.2,-8.96
122,Heshang cave,254,HS4_2013,139662,8107.517107,87.35285012,81.0793962,-9.22,-8.93
122,Heshang cave,254,HS4_2013,139663,8107.625856,87.39315707,81.14853923,-9.15,-9.28
122,Heshang cave,254,HS4_2013,139664,8107.739136,87.43514347,81.23865176,-9.28,-9.37
122,Heshang cave,254,HS4_2013,139665,8107.861479,87.48048879,81.26937378,-9.27,-9.36
122,Heshang cave,254,HS4_2013,139666,8108.01554,87.5375903,81.28162971,-9.31,-9.35
122,Heshang cave,254,HS4_2013,139667,8108.150444,87.61384967,81.27472778,-9.19,-9.53
122,Heshang cave,254,HS4_2013,139668,8108.219058,87.75018683,81.20570812,-9.2,-9.44
122,Heshang cave,254,HS4_2013,139669,8108.258564,87.82868399,81.16596953,-9.34,-9.54
122,Heshang cave,254,HS4_2013,139670,8108.29807,87.90718115,81.12623094,-9.34,-9.53
122,Heshang cave,254,HS4_2013,139671,8108.337575,87.98567831,81.08649235,-9.41,-9.5
122,Heshang cave,254,HS4_2013,139672,8108.377081,88.06417546,81.04675377,-9.24,-9.49
122,Heshang cave,254,HS4_2013,139673,8108.416586,88.14267262,81.00701518,-9.51,-9.48
122,Heshang cave,254,HS4_2013,139674,8108.456092,88.22116978,80.96727659,-9.56,-9.38
122,Heshang cave,254,HS4_2013,139675,8108.483122,88.27487836,80.94008702,-9.56,-9.6
122,Heshang cave,254,HS4_2013,139676,8108.519129,88.32582076,80.91770357,-9.41,-9.42
122,Heshang cave,254,HS4_2013,139677,8108.612431,88.32567836,80.94844484,-9.61,-9.19
122,Heshang cave,254,HS4_2013,139678,8108.699513,88.32554544,80.9771367,-9.61,-9.17
122,Heshang cave,254,HS4_2013,139679,8108.786596,88.32541253,81.00582856,-9.45,-9.03
122,Heshang cave,254,HS4_2013,139680,8108.873678,88.32527962,81.03452041,-9.55,-8.95
122,Heshang cave,254,HS4_2013,139681,8108.96698,88.32513722,81.0271011,-9.36,-8.92
122,Heshang cave,254,HS4_2013,139682,8109.091384,88.32494734,80.93361136,-8.99,-8.76
122,Heshang cave,254,HS4_2013,139683,8109.237591,88.35884921,80.86763019,-9,-8.52
122,Heshang cave,254,HS4_2013,139684,8109.354672,88.38236112,80.77983887,-9.07,-8.55
122,Heshang cave,253,HS4_2008,139487,8109.451116,36.81885277,36.53947009,-9.8,-11.3
122,Heshang cave,254,HS4_2013,139685,8109.546804,88.26151638,80.74526924,-8.95,-8.35
122,Heshang cave,254,HS4_2013,139686,8109.745562,88.13650457,80.7958969,-9.26,-8.23
122,Heshang cave,254,HS4_2013,139687,8109.950946,88.00732571,80.89062414,-9.11,-8.36
122,Heshang cave,254,HS4_2013,139688,8110.156329,88.01408566,80.98535138,-9.02,-8.16
122,Heshang cave,254,HS4_2013,139689,8110.375975,88.1913214,81.09077109,-9.14,-8.4
122,Heshang cave,254,HS4_2013,139690,8110.685685,88.33299848,81.22914281,-9.01,-8.58
122,Heshang cave,254,HS4_2013,139691,8111.041897,88.28110888,81.41044709,-9.02,-8.63
122,Heshang cave,254,HS4_2013,139692,8111.356724,88.30786916,81.52894819,-9.17,-9.09
122,Heshang cave,254,HS4_2013,139693,8111.613351,88.40524936,81.63406522,-9.42,-9.47
122,Heshang cave,254,HS4_2013,139694,8111.736591,88.56148971,81.66056223,-9.51,-9.57
122,Heshang cave,254,HS4_2013,139695,8112.007481,88.5514478,81.84115902,-9.59,-9.54
122,Heshang cave,254,HS4_2013,139696,8112.2609,88.53403428,82.01288408,-9.74,-9.53
122,Heshang cave,254,HS4_2013,139697,8112.420954,88.52303627,82.12134202,-9.58,-9.33
122,Heshang cave,254,HS4_2013,139698,8112.587677,88.51158001,82.23431904,-9.86,-9.24
122,Heshang cave,254,HS4_2013,139699,8112.747731,88.500582,82.34277697,-9.62,-8.94
122,Heshang cave,254,HS4_2013,139700,8112.810522,88.58684742,82.35397149,-9.51,-8.86
122,Heshang cave,254,HS4_2013,139701,8112.850531,88.64620906,82.35958313,-9.64,-8.3
122,Heshang cave,254,HS4_2013,139702,8112.883038,88.69444039,82.3641426,-9.23,-8.4
122,Heshang cave,254,HS4_2013,139703,8112.915545,88.73064098,82.36870206,-8.78,-7.85
122,Heshang cave,254,HS4_2013,139704,8112.948053,88.72311522,82.37326152,-8.92,-7.94
122,Heshang cave,254,HS4_2013,139705,8112.98056,88.71558945,82.37782098,-9.23,-7.83
122,Heshang cave,254,HS4_2013,139706,8113.015568,88.70748477,82.38273117,-9.44,-8.1
122,Heshang cave,254,HS4_2013,139707,8113.048075,88.699959,82.38729064,-9.45,-8
122,Heshang cave,254,HS4_2013,139708,8113.080583,88.69243324,82.3918501,-9.22,-7.99
122,Heshang cave,254,HS4_2013,139709,8113.125593,88.68201294,82.3981632,-9.13,-8.04
122,Heshang cave,254,HS4_2013,139710,8113.190608,88.6669614,82.40728213,-8.94,-7.83
122,Heshang cave,254,HS4_2013,139711,8113.255622,88.65190987,82.41640105,-8.9,-7.84
122,Heshang cave,254,HS4_2013,139712,8113.48103,88.47838713,82.583763,-9.08,-8.23
122,Heshang cave,254,HS4_2013,139713,8113.804498,88.20488233,82.85133519,-8.91,-8.19
122,Heshang cave,254,HS4_2013,139714,8113.945387,88.15046746,82.89394359,-9.14,-8.15
122,Heshang cave,254,HS4_2013,139715,8114.080015,88.09847102,82.88811897,-9,-7.61
122,Heshang cave,254,HS4_2013,139716,8114.23969,88.09094316,82.88121071,-9.61,-7.76
122,Heshang cave,254,HS4_2013,139717,8114.41815,88.11381091,82.88881067,-9.28,-7.88
122,Heshang cave,254,HS4_2013,139718,8114.712835,88.02045366,83.08813144,-9.07,-7.67
122,Heshang cave,254,HS4_2013,139719,8115.093318,87.84129884,83.37324977,-8.96,-7.5
122,Heshang cave,254,HS4_2013,139720,8115.380349,87.70614696,83.58833904,-9.11,-7.72
122,Heshang cave,254,HS4_2013,139721,8115.634004,87.71466353,83.77841793,-9.02,-7.88
122,Heshang cave,254,HS4_2013,139722,8115.947563,87.68085401,84.03007324,-9.17,-8.27
122,Heshang cave,254,HS4_2013,139723,8116.619215,87.59894257,84.57122715,-9.1,-8.32
122,Heshang cave,254,HS4_2013,139724,8117.035508,87.62873556,84.88880987,-9.04,-8.24
122,Heshang cave,254,HS4_2013,139725,8117.267143,87.72478786,85.05686852,-8.79,-8.05
122,Heshang cave,254,HS4_2013,139726,8117.468495,87.88077186,85.19464351,-8.64,-7.9
122,Heshang cave,254,HS4_2013,139727,8117.685742,88.0490704,85.34329547,-8.42,-7.55
122,Heshang cave,254,HS4_2013,139728,8117.847988,88.29117711,85.43360025,-9.03,-7.7
122,Heshang cave,254,HS4_2013,139729,8117.932032,88.59267921,85.44904866,-9.09,-7.69
122,Heshang cave,254,HS4_2013,139730,8117.987378,88.79122937,85.459222,-8.8,-7.53
122,Heshang cave,254,HS4_2013,139731,8118.040674,88.98242582,85.46901855,-8.13,-7.71
122,Heshang cave,254,HS4_2013,139732,8118.09397,89.04155378,85.4788151,-8.02,-8.11
122,Heshang cave,254,HS4_2013,139733,8118.2197,88.96713039,85.56104517,-8.38,-8.29
122,Heshang cave,254,HS4_2013,139734,8118.433878,88.82793806,85.71164728,-8.8,-8.55
122,Heshang cave,254,HS4_2013,139735,8118.899648,88.43912786,86.11216752,-9.1,-8.79
122,Heshang cave,254,HS4_2013,139736,8119.366705,88.04902975,86.51397566,-9.13,-8.84
122,Heshang cave,254,HS4_2013,139737,8119.758939,87.73572816,86.83928755,-8.64,-8.36
122,Heshang cave,254,HS4_2013,139738,8120.054132,87.51946848,87.06755752,-8.3,-7.97
122,Heshang cave,254,HS4_2013,139739,8120.607617,87.15981738,87.49556371,-8.64,-8.3
122,Heshang cave,254,HS4_2013,139740,8121.161103,86.873323,87.92356989,-8.87,-8.64
122,Heshang cave,254,HS4_2013,139741,8121.499591,86.69503033,88.18676964,-8.32,-8.28
122,Heshang cave,254,HS4_2013,139742,8121.905114,86.41410324,88.53373558,-8.28,-8.09
122,Heshang cave,254,HS4_2013,139743,8122.310637,86.13317615,88.88070151,-8.66,-8.46
122,Heshang cave,254,HS4_2013,139744,8122.71616,85.85224906,89.22766745,-8.6,-8.43
122,Heshang cave,254,HS4_2013,139745,8123.121683,85.57132196,89.57463338,-8.03,-8.13
122,Heshang cave,254,HS4_2013,139746,8123.724174,85.15394457,90.09012563,-8.28,-7.71
122,Heshang cave,254,HS4_2013,139747,8124.326665,84.73656717,90.60561788,-8.54,-8.1
122,Heshang cave,254,HS4_2013,139748,8124.872609,84.37929688,91.06288984,-8.86,-8.74
122,Heshang cave,254,HS4_2013,139749,8125.412645,84.05997451,91.49919531,-8.44,-8.74
122,Heshang cave,254,HS4_2013,139750,8125.67095,84.03662177,91.64707844,-8.18,-8.25
122,Heshang cave,254,HS4_2013,139751,8125.870083,84.21233083,91.73244385,-8.41,-8.47
122,Heshang cave,254,HS4_2013,139752,8126.127785,84.5828276,91.84291673,-8.98,-9.15
122,Heshang cave,254,HS4_2013,139753,8126.351138,84.98767343,91.91904056,-9.18,-9.56
122,Heshang cave,254,HS4_2013,139754,8126.703034,85.26397606,92.12370758,-8.95,-9.54
122,Heshang cave,254,HS4_2013,139755,8126.777169,85.78948611,92.05730493,-8.47,-9.31
122,Heshang cave,254,HS4_2013,139756,8126.811268,86.2979226,91.99723145,-9.03,-9.45
122,Heshang cave,254,HS4_2013,139757,8126.881186,86.76340109,91.97626463,-9.29,-9.91
122,Heshang cave,254,HS4_2013,139758,8127.069527,87.11045683,92.07372056,-9.52,-10.1
122,Heshang cave,254,HS4_2013,139759,8127.630088,87.1504346,92.54218447,-9.07,-10.07
122,Heshang cave,254,HS4_2013,139760,8127.842043,87.41255446,92.68749071,-9.15,-9.89
122,Heshang cave,254,HS4_2013,139761,8127.886623,87.78171328,92.67390374,-9.16,-9.95
122,Heshang cave,254,HS4_2013,139762,8127.926512,88.15556214,92.65562675,-9.56,-9.94
122,Heshang cave,254,HS4_2013,139763,8127.992972,88.46836203,92.66876774,-9.07,-9.69
122,Heshang cave,254,HS4_2013,139764,8128.076042,88.64387889,92.71548329,-8.82,-9.51
122,Heshang cave,254,HS4_2013,139765,8128.152975,88.81691315,92.7572737,-8.95,-9.61
122,Heshang cave,254,HS4_2013,139766,8128.167322,89.05253238,92.73647913,-9.2,-9.66
122,Heshang cave,254,HS4_2013,139767,8128.191241,89.27858011,92.72525607,-9.09,-9.7
122,Heshang cave,254,HS4_2013,139768,8128.221552,89.50685553,92.71921306,-8.98,-9.61
122,Heshang cave,254,HS4_2013,139769,8128.249843,89.71991259,92.71357292,-9.3,-9.87
122,Heshang cave,254,HS4_2013,139770,8128.385668,89.80819545,92.81789148,-9.43,-10.01
122,Heshang cave,254,HS4_2013,139771,8128.534982,89.8916095,92.93448661,-9.2,-10.27
122,Heshang cave,254,HS4_2013,139772,8128.678765,89.97193413,93.0467634,-9.14,-10.32
122,Heshang cave,254,HS4_2013,139773,8128.822549,90.05225877,93.15904019,-9.08,-10.23
122,Heshang cave,254,HS4_2013,139774,8128.884928,90.22260752,93.18870061,-9.04,-10.17
122,Heshang cave,254,HS4_2013,139775,8128.930423,90.40122141,93.20268815,-8.98,-10.18
122,Heshang cave,254,HS4_2013,139776,8128.984666,90.61418413,93.2193656,-9.12,-9.96
122,Heshang cave,254,HS4_2013,139777,8129.055958,90.81009817,93.25309172,-9.03,-10.11
122,Heshang cave,254,HS4_2013,139778,8129.251073,90.88218898,93.41064106,-9.23,-10.16
122,Heshang cave,254,HS4_2013,139779,8129.446188,90.9542798,93.56819041,-9.14,-10.15
122,Heshang cave,254,HS4_2013,139780,8129.641303,91.02637061,93.72573976,-9.22,-10.19
122,Heshang cave,254,HS4_2013,139781,8129.811242,91.08915938,93.86296016,-8.88,-10.42
122,Heshang cave,254,HS4_2013,139782,8129.949711,91.14032061,93.93735314,-8.81,-10.32
122,Heshang cave,254,HS4_2013,139783,8130.08818,91.19148183,93.99454702,-9,-10.29
122,Heshang cave,254,HS4_2013,139784,8130.220355,91.24031754,94.04914119,-9.45,-10.16
122,Heshang cave,254,HS4_2013,139785,8130.358824,91.29147876,94.10633507,-9.39,-10.24
122,Heshang cave,254,HS4_2013,139786,8130.497293,91.34263999,94.16352896,-9.2,-10.15
122,Heshang cave,254,HS4_2013,139787,8130.635761,91.38604516,94.22072285,-8.95,-10.2
122,Heshang cave,254,HS4_2013,139788,8130.77423,91.34607135,94.27791673,-9.09,-10.26
122,Heshang cave,254,HS4_2013,139789,8131.003358,91.27364066,94.37774301,-9.17,-10.24
122,Heshang cave,254,HS4_2013,139790,8131.374832,91.08572523,94.59775041,-9.04,-9.73
122,Heshang cave,254,HS4_2013,139791,8131.707537,90.93210222,94.78268265,-9.42,-9.9
122,Heshang cave,254,HS4_2013,139792,8131.927691,90.89550714,94.8513697,-9.18,-9.91
122,Heshang cave,254,HS4_2013,139793,8131.989153,90.97731057,94.79461366,-8.74,-10.06
122,Heshang cave,254,HS4_2013,139794,8132.033329,91.03610678,94.75382025,-9.02,-10.05
122,Heshang cave,254,HS4_2013,139795,8132.077505,91.094903,94.71302685,-9.3,-10.33
122,Heshang cave,254,HS4_2013,139796,8132.121681,91.15369921,94.67223344,-9.68,-10.4
122,Heshang cave,254,HS4_2013,139797,8132.167777,91.21505178,94.62966641,-9.38,-10.39
122,Heshang cave,254,HS4_2013,139798,8132.229286,91.24969414,94.51993465,-8.84,-10.05
122,Heshang cave,254,HS4_2013,139799,8132.463495,91.0976386,94.42597083,-8.86,-10.13
122,Heshang cave,254,HS4_2013,139800,8132.702297,90.94260158,94.33016458,-9.17,-10.11
122,Heshang cave,254,HS4_2013,139801,8132.941099,90.78756456,94.23435832,-9.29,-10.13
122,Heshang cave,254,HS4_2013,139802,8133.175308,90.63550902,94.1403945,-9.23,-9.97
122,Heshang cave,254,HS4_2013,139803,8133.386556,90.49836089,94.05564282,-9.3,-10.12
122,Heshang cave,254,HS4_2013,139804,8133.675486,90.27547616,94.08074728,-9.08,-9.79
122,Heshang cave,254,HS4_2013,139805,8134.126569,89.89043811,94.28396446,-8.51,-9.4
122,Heshang cave,254,HS4_2013,139806,8134.577652,89.50540005,94.49225593,-8.77,-9.21
122,Heshang cave,254,HS4_2013,139807,8135.024302,89.1247959,94.69611351,-8.82,-9.32
122,Heshang cave,254,HS4_2013,139808,8135.228695,88.98483703,94.6636367,-8.89,-8.98
122,Heshang cave,254,HS4_2013,139809,8135.37169,88.88120048,94.54023043,-8.97,-9.08
122,Heshang cave,254,HS4_2013,139810,8135.459078,88.83143705,94.40061516,-8.77,-8.86
122,Heshang cave,254,HS4_2013,139811,8135.546466,88.78167361,94.28131428,-8.54,-8.43
122,Heshang cave,254,HS4_2013,139812,8135.635444,88.73100539,94.19656356,-8.43,-8.31
122,Heshang cave,254,HS4_2013,139813,8135.722832,88.68124196,94.11332625,-8.5,-8.31
122,Heshang cave,254,HS4_2013,139814,8136.058873,88.39582354,94.21979821,-8.67,-8.42
122,Heshang cave,254,HS4_2013,139815,8136.237397,88.27065786,94.15634464,-8.48,-7.93
122,Heshang cave,254,HS4_2013,139816,8136.413633,88.14709687,93.43009386,-8.51,-7.93
122,Heshang cave,254,HS4_2013,139817,8136.555537,88.0476062,92.90574058,-8.97,-8.46
122,Heshang cave,254,HS4_2013,139818,8136.672264,87.96576711,92.52587074,-8.72,-8.37
122,Heshang cave,254,HS4_2013,139819,8137.273164,87.40043976,92.78790666,-8.57,-8.34
122,Heshang cave,254,HS4_2013,139820,8137.915337,86.79383969,93.12214818,-8.61,-8.46
122,Heshang cave,254,HS4_2013,139821,8138.393795,86.35026973,93.40786524,-8.81,-8.72
122,Heshang cave,254,HS4_2013,139822,8138.809245,85.97039261,93.6424475,-8.69,-8.48
122,Heshang cave,254,HS4_2013,139823,8139.247577,85.64461251,93.89991217,-8.69,-8.35
122,Heshang cave,254,HS4_2013,139824,8139.677479,85.39570649,94.1524256,-9.13,-8.81
122,Heshang cave,254,HS4_2013,139825,8140.115811,85.14191996,94.40989027,-9.12,-8.93
122,Heshang cave,254,HS4_2013,139826,8140.554143,84.88813343,94.69960066,-9.08,-8.99
122,Heshang cave,254,HS4_2013,139827,8140.865875,84.7219084,94.9335648,-9.23,-9.15
122,Heshang cave,254,HS4_2013,139828,8141.141884,84.5914067,94.96652199,-8.98,-9.21
122,Heshang cave,254,HS4_2013,139829,8141.411161,84.46408796,94.92957562,-9.17,-9
122,Heshang cave,254,HS4_2013,139830,8141.68717,84.33358625,94.8932605,-9.38,-9.18
122,Heshang cave,253,HS4_2008,139488,8141.823861,35.97534425,36.26021668,-8.99,-9.17
122,Heshang cave,254,HS4_2013,139831,8141.894064,84.27219873,94.8304115,-9.27,-8.99
122,Heshang cave,254,HS4_2013,139832,8142.045912,84.26585786,94.71251583,-8.99,-9
122,Heshang cave,254,HS4_2013,139833,8142.253314,84.25719718,94.5514876,-9.14,-8.98
122,Heshang cave,254,HS4_2013,139834,8142.47553,84.38477128,94.37895736,-9.05,-8.96
122,Heshang cave,254,HS4_2013,139835,8142.694043,84.52599374,94.20930261,-9.04,-8.87
122,Heshang cave,254,HS4_2013,139836,8142.838762,84.74710793,93.95927426,-9.07,-8.81
122,Heshang cave,254,HS4_2013,139837,8142.91289,84.94125683,93.74392162,-9.01,-8.66
122,Heshang cave,254,HS4_2013,139838,8142.971855,85.09569346,93.57261839,-8.88,-8.51
122,Heshang cave,254,HS4_2013,139839,8143.137188,85.05461687,93.50110284,-8.84,-8.6
122,Heshang cave,254,HS4_2013,139840,8143.417842,84.82655971,93.55148767,-8.7,-8.53
122,Heshang cave,254,HS4_2013,139841,8143.698495,84.59850254,93.6018725,-8.62,-8.65
122,Heshang cave,254,HS4_2013,139842,8143.979149,84.37044538,93.65225733,-8.56,-8.77
122,Heshang cave,254,HS4_2013,139843,8144.060739,84.34295517,93.49699885,-8.28,-8.36
122,Heshang cave,254,HS4_2013,139844,8144.316635,84.14566587,93.49631041,-8.23,-8.16
122,Heshang cave,254,HS4_2013,139845,8144.598778,83.92814176,93.49555136,-8.66,-8
122,Heshang cave,254,HS4_2013,139846,8144.637791,83.95374723,93.25166275,-8.82,-8.1
122,Heshang cave,254,HS4_2013,139847,8144.656598,83.99955893,92.98756788,-8.24,-7.93
122,Heshang cave,254,HS4_2013,139848,8144.675405,84.04537064,92.72347302,-8.13,-7.97
122,Heshang cave,254,HS4_2013,139849,8144.7512,84.03419475,92.51636576,-8.54,-8.36
122,Heshang cave,254,HS4_2013,139850,8145.008336,83.83266102,92.54332739,-8.91,-8.89
122,Heshang cave,254,HS4_2013,139851,8145.251572,83.64202101,92.59438678,-9.06,-9.33
122,Heshang cave,254,HS4_2013,139852,8145.487859,83.45682785,92.63086886,-8.78,-9.12
122,Heshang cave,254,HS4_2013,139853,8145.524558,83.47517344,92.503023,-8.62,-9.13
122,Heshang cave,254,HS4_2013,139854,8145.538389,83.59146121,92.35230804,-8.59,-9.16
122,Heshang cave,254,HS4_2013,139855,8145.552219,83.70774897,92.20159308,-8.7,-8.6
122,Heshang cave,254,HS4_2013,139856,8145.566049,83.82403674,92.05087812,-8.77,-8.48
122,Heshang cave,254,HS4_2013,139857,8145.575434,83.9029463,91.94860725,-8.65,-8.01
122,Heshang cave,254,HS4_2013,139858,8145.586794,83.99846839,91.82480568,-8.48,-7.02
122,Heshang cave,254,HS4_2013,139859,8145.660056,84.03208924,91.76290534,-8.41,-6.69
122,Heshang cave,254,HS4_2013,139860,8145.761898,84.07430692,91.68257184,-8.37,-7.12
122,Heshang cave,254,HS4_2013,139861,8145.863739,84.1165246,91.60223833,-8.38,-6.32
122,Heshang cave,254,HS4_2013,139862,8145.975436,84.16282786,91.51413062,-8.29,-6.48
122,Heshang cave,254,HS4_2013,139863,8146.126556,84.22547345,91.39492607,-8.28,-6.19
122,Heshang cave,254,HS4_2013,139864,8146.280961,84.2894809,91.27313011,-8.39,-6.37
122,Heshang cave,254,HS4_2013,139865,8146.432081,84.35212649,91.15392556,-8.31,-6.47
122,Heshang cave,254,HS4_2013,139866,8146.586486,84.48902962,91.0321296,-8.47,-6.62
122,Heshang cave,254,HS4_2013,139867,8146.736242,84.55362116,90.99971114,-8.44,-6.79
122,Heshang cave,254,HS4_2013,139868,8147.155148,84.37672141,91.21293532,-8.4,-6.75
122,Heshang cave,254,HS4_2013,139869,8147.538147,84.2149845,91.40788314,-8.36,-6.56
122,Heshang cave,254,HS4_2013,139870,8147.872118,84.09536169,91.55967903,-8.43,-6.62
122,Heshang cave,254,HS4_2013,139871,8147.9844,84.19742771,91.48978608,-8.46,-6.72
122,Heshang cave,254,HS4_2013,139872,8148.089438,84.29290883,91.42440235,-8.22,-6.7
122,Heshang cave,254,HS4_2013,139873,8148.190854,84.3850975,91.36127323,-8.41,-6.64
122,Heshang cave,254,HS4_2013,139874,8148.29227,84.47728617,91.29814411,-8.09,-6.67
122,Heshang cave,254,HS4_2013,139875,8148.393686,84.56947484,91.23501499,-8.19,-6.79
122,Heshang cave,254,HS4_2013,139876,8148.492109,84.66465695,91.16889243,-8.03,-6.88
122,Heshang cave,254,HS4_2013,139877,8148.521926,84.82844507,91.03416386,-8.14,-6.91
122,Heshang cave,254,HS4_2013,139878,8148.584379,84.95959657,90.93207191,-8.03,-6.85
122,Heshang cave,254,HS4_2013,139879,8148.697731,85.06059218,90.88155592,-8.06,-6.85
122,Heshang cave,254,HS4_2013,139880,8148.811084,85.16158779,90.84470816,-8.25,-7
122,Heshang cave,254,HS4_2013,139881,8149.080467,85.1826121,90.91059385,-8.13,-6.97
122,Heshang cave,254,HS4_2013,139882,8149.630937,85.01935097,91.18973498,-7.96,-6.97
122,Heshang cave,254,HS4_2013,139883,8149.991943,84.95566655,91.34239868,-8,-7.09
122,Heshang cave,254,HS4_2013,139884,8150.24049,84.98369853,91.39713812,-7.79,-7.07
122,Heshang cave,254,HS4_2013,139885,8150.445479,84.90461989,91.24071318,-7.82,-7.31
122,Heshang cave,254,HS4_2013,139886,8150.88671,84.59988478,91.23077097,-7.59,-7.24
122,Heshang cave,254,HS4_2013,139887,8151.143116,84.47997465,91.03600377,-7.95,-7.41
122,Heshang cave,254,HS4_2013,139888,8151.382318,84.30170799,91.07378948,-7.91,-7.4
122,Heshang cave,254,HS4_2013,139889,8151.576425,84.18072319,91.02619713,-8.01,-7.47
122,Heshang cave,254,HS4_2013,139890,8151.731767,84.08631743,90.98012195,-7.73,-7.25
122,Heshang cave,254,HS4_2013,139891,8151.887108,83.99191167,90.93404676,-7.76,-7.16
122,Heshang cave,254,HS4_2013,139892,8152.037662,83.90960604,90.85901372,-7.6,-6.76
122,Heshang cave,254,HS4_2013,139893,8152.228354,83.81641115,90.72743909,-7.75,-6.8
122,Heshang cave,254,HS4_2013,139894,8152.409511,83.72787601,90.60244319,-7.65,-6.68
122,Heshang cave,254,HS4_2013,139895,8152.71256,83.55888565,90.46237545,-7.89,-6.95
122,Heshang cave,254,HS4_2013,139896,8152.938731,83.46433481,90.25348744,-7.75,-6.9
122,Heshang cave,254,HS4_2013,139897,8153.037284,83.60241633,89.98143367,-7.79,-6.95
122,Heshang cave,254,HS4_2013,139898,8153.131552,83.77852583,89.72950245,-7.81,-6.94
122,Heshang cave,254,HS4_2013,139899,8153.21725,83.93467299,89.58471139,-8.1,-7.21
122,Heshang cave,254,HS4_2013,139900,8153.431137,83.95641554,89.59291528,-8.12,-7.26
122,Heshang cave,254,HS4_2013,139901,8153.642645,83.95108337,89.62445058,-8.01,-7.38
122,Heshang cave,254,HS4_2013,139902,8153.84811,83.94590355,89.65508487,-8.39,-7.75
122,Heshang cave,254,HS4_2013,139903,8154.095877,83.9396573,89.69202621,-8.55,-8.02
122,Heshang cave,254,HS4_2013,139904,8154.273726,84.03867285,89.62819772,-8.4,-7.63
122,Heshang cave,254,HS4_2013,139905,8154.395206,84.21762071,89.48743157,-8.36,-7.66
122,Heshang cave,254,HS4_2013,139906,8154.528596,84.41411248,89.40035394,-8.46,-7.57
122,Heshang cave,254,HS4_2013,139907,8154.640548,84.57902521,89.37784243,-8.74,-7.94
122,Heshang cave,254,HS4_2013,139908,8154.7525,84.7908037,89.35533091,-8.87,-8.34
122,Heshang cave,254,HS4_2013,139909,8154.845397,84.80035766,89.33665115,-9.21,-9.19
122,Heshang cave,254,HS4_2013,139910,8155.047937,84.69922255,89.42475398,-9.05,-9.69
122,Heshang cave,254,HS4_2013,139911,8155.299584,84.52616351,89.58771302,-9.28,-10.37
122,Heshang cave,254,HS4_2013,139912,8155.526879,84.36985212,89.74710865,-9.19,-10.46
122,Heshang cave,254,HS4_2013,139913,8155.754174,84.21354073,89.92400167,-9.13,-9.72
122,Heshang cave,254,HS4_2013,139914,8156.030175,84.03051366,90.13880034,-8.44,-8.04
122,Heshang cave,254,HS4_2013,139915,8156.191241,84.08848758,90.22786409,-8.43,-7.43
122,Heshang cave,254,HS4_2013,139916,8156.33877,84.01675986,90.30519067,-8.44,-6.99
122,Heshang cave,254,HS4_2013,139917,8156.433453,84.00112466,90.33507157,-8.21,-7.12
122,Heshang cave,254,HS4_2013,139918,8156.567588,83.98325976,90.37740284,-8.14,-7.27
122,Heshang cave,254,HS4_2013,139919,8156.961453,83.77405828,90.62546268,-8.15,-8
122,Heshang cave,254,HS4_2013,139920,8157.346017,83.57187792,90.86602166,-8.52,-8.57
122,Heshang cave,254,HS4_2013,139921,8157.48482,83.60861943,90.86621958,-8.64,-8.75
122,Heshang cave,254,HS4_2013,139922,8157.531479,83.66455071,90.72549935,-8.09,-7.61
122,Heshang cave,254,HS4_2013,139923,8157.690807,83.61291672,90.66946429,-8.27,-7.26
122,Heshang cave,254,HS4_2013,139924,8157.973246,83.45216362,90.71696187,-8.42,-7.31
122,Heshang cave,254,HS4_2013,139925,8158.308642,83.30461965,90.77336525,-8.15,-7.6
122,Heshang cave,254,HS4_2013,139926,8158.663071,83.27478742,90.84390601,-8.09,-7.94
122,Heshang cave,254,HS4_2013,139927,8159.012206,83.25894664,90.97278403,-8.27,-8.84
122,Heshang cave,254,HS4_2013,139928,8159.29999,83.3044572,91.04031072,-8.35,-8.81
122,Heshang cave,254,HS4_2013,139929,8159.525728,83.41201389,91.04579128,-8.21,-8.8
122,Heshang cave,254,HS4_2013,139930,8159.69127,83.49088879,91.04981036,-8.21,-8.52
122,Heshang cave,254,HS4_2013,139931,8159.861827,83.57215385,91.05395123,-8.46,-8.17
122,Heshang cave,254,HS4_2013,139932,8160.027369,83.65102875,91.05797031,-8.51,-8.03
122,Heshang cave,254,HS4_2013,139933,8160.1966,83.73362007,91.06078491,-7.93,-8.1
122,Heshang cave,254,HS4_2013,139934,8160.348032,83.85623041,91.0311163,-7.95,-7.74
122,Heshang cave,254,HS4_2013,139935,8160.499464,84.04907694,91.00144769,-8.26,-7.49
122,Heshang cave,254,HS4_2013,139936,8160.646803,84.41555804,90.97258094,-8.09,-7.41
122,Heshang cave,254,HS4_2013,139937,8160.888635,84.81600187,90.99415504,-7.69,-7.53
122,Heshang cave,254,HS4_2013,139938,8161.176264,85.25628461,91.03215929,-7.74,-7.27
122,Heshang cave,254,HS4_2013,139939,8161.275513,85.87067567,90.88667705,-7.92,-7.07
122,Heshang cave,254,HS4_2013,139940,8161.408056,86.41941084,90.82343604,-7.71,-7.24
122,Heshang cave,254,HS4_2013,139941,8161.571766,86.97461879,90.79136187,-7.54,-6.99
122,Heshang cave,254,HS4_2013,139942,8161.852167,87.43110993,90.88359913,-7.8,-7.01
122,Heshang cave,254,HS4_2013,139943,8162.147594,87.29148365,91.0518392,-7.75,-6.94
122,Heshang cave,254,HS4_2013,139944,8162.339057,87.24242034,91.1200901,-7.7,-6.8
122,Heshang cave,254,HS4_2013,139945,8162.557476,87.16640188,91.21529614,-8.3,-6.6
122,Heshang cave,254,HS4_2013,139946,8162.71616,87.15011813,91.25076747,-8.48,-6.87
122,Heshang cave,254,HS4_2013,139947,8162.956947,87.1438405,91.31965519,-7.82,-6.84
122,Heshang cave,254,HS4_2013,139948,8163.156918,87.35384222,91.35614551,-8.62,-7.64
122,Heshang cave,254,HS4_2013,139949,8163.42965,87.44160387,91.48512687,-8.97,-7.75
122,Heshang cave,254,HS4_2013,139950,8163.704391,87.44960243,91.64712282,-8.12,-7.37
122,Heshang cave,254,HS4_2013,139951,8163.905047,87.53168617,91.73503359,-7.59,-7.02
122,Heshang cave,254,HS4_2013,139952,8164.11072,87.61582201,91.69861177,-7.5,-6.92
122,Heshang cave,254,HS4_2013,139953,8164.395976,87.64864849,91.65627017,-7.52,-6.97
122,Heshang cave,254,HS4_2013,139954,8164.580144,87.78256191,91.51284165,-7.64,-6.71
122,Heshang cave,254,HS4_2013,139955,8164.731183,87.95667428,91.33622758,-7.53,-6.37
122,Heshang cave,254,HS4_2013,139956,8164.919545,88.12173662,91.18202388,-7.63,-6.74
122,Heshang cave,254,HS4_2013,139957,8165.093709,88.30806669,91.04122326,-8.05,-6.93
122,Heshang cave,254,HS4_2013,139958,8165.213232,88.46708393,91.03223968,-7.76,-7.55
122,Heshang cave,254,HS4_2013,139959,8165.289778,88.67965603,91.009651,-7.44,-7.69
122,Heshang cave,254,HS4_2013,139960,8165.333418,88.91442512,90.9620362,-8.03,-8.07
122,Heshang cave,254,HS4_2013,139961,8165.378737,89.15822378,90.9403536,-8.42,-7.87
122,Heshang cave,254,HS4_2013,139962,8165.424056,89.40202244,90.9345022,-8.39,-8.1
122,Heshang cave,254,HS4_2013,139963,8165.487839,89.74514649,90.9262669,-7.48,-8.07
122,Heshang cave,254,HS4_2013,139964,8165.554978,90.10632969,90.7904725,-7.54,-7.92
122,Heshang cave,254,HS4_2013,139965,8165.62607,90.47426868,90.68280667,-7.88,-7.75
122,Heshang cave,254,HS4_2013,139966,8165.850846,90.61356613,90.7951906,-8.51,-7.9
122,Heshang cave,254,HS4_2013,139967,8166.05579,90.74057263,90.8976583,-8.15,-8.05
122,Heshang cave,254,HS4_2013,139968,8166.155364,90.97294798,90.89475714,-7.58,-8.63
122,Heshang cave,254,HS4_2013,139969,8166.223887,91.23637545,90.76433758,-8.08,-8.46
122,Heshang cave,254,HS4_2013,139970,8166.294619,91.50830058,90.60497211,-8.11,-8.42
122,Heshang cave,254,HS4_2013,139971,8166.369773,91.79722103,90.46035697,-7.86,-8.4
122,Heshang cave,254,HS4_2013,139972,8166.444927,92.08614148,90.33955128,-7.86,-8.55
122,Heshang cave,254,HS4_2013,139973,8166.51787,92.36656427,90.2222987,-7.96,-8.28
122,Heshang cave,254,HS4_2013,139974,8166.597444,92.67248004,90.09438679,-8.03,-8.57
122,Heshang cave,254,HS4_2013,139975,8166.68144,92.99539113,89.95936867,-8.01,-8.74
122,Heshang cave,254,HS4_2013,139976,8166.765435,93.31830222,89.82936622,-8.11,-8.84
122,Heshang cave,254,HS4_2013,139977,8166.851641,93.64971097,89.73901017,-8.27,-8.65
122,Heshang cave,254,HS4_2013,139978,8166.929005,93.94712908,89.6579214,-8.02,-8.65
122,Heshang cave,254,HS4_2013,139979,8166.997527,94.21055655,89.56691195,-7.65,-8.44
122,Heshang cave,254,HS4_2013,139980,8167.084375,94.45565859,89.43962931,-7.89,-8.28
122,Heshang cave,254,HS4_2013,139981,8167.211264,94.62859571,89.37310973,-8.29,-8.01
122,Heshang cave,254,HS4_2013,139982,8167.315494,94.77065119,89.31846864,-8.57,-7.86
122,Heshang cave,254,HS4_2013,139983,8167.352967,94.97946318,89.19707105,-8.11,-7.78
122,Heshang cave,254,HS4_2013,139984,8167.384283,95.20514102,89.06260823,-7.54,-7.87
122,Heshang cave,254,HS4_2013,139985,8167.415598,95.43081886,88.92814542,-7.49,-7.76
122,Heshang cave,254,HS4_2013,139986,8167.449524,95.67530318,88.78247737,-7.92,-7.68
122,Heshang cave,254,HS4_2013,139987,8167.482144,95.91038427,88.64241194,-8.03,-7.53
122,Heshang cave,254,HS4_2013,139988,8167.542818,95.96521986,88.53039955,-7.92,-7.71
122,Heshang cave,254,HS4_2013,139989,8167.650143,95.99628745,88.42359467,-7.65,-7.77
122,Heshang cave,254,HS4_2013,139990,8167.706195,96.07862843,88.26551641,-7.78,-7.73
122,Heshang cave,254,HS4_2013,139991,8167.825262,96.09349042,88.17736028,-8.12,-7.39
122,Heshang cave,254,HS4_2013,139992,8167.862585,96.16331081,88.04890457,-8.23,-7.52
122,Heshang cave,254,HS4_2013,139993,8167.898353,96.23022202,87.92580118,-7.84,-7.24
122,Heshang cave,254,HS4_2013,139994,8167.93412,96.30976213,87.80269779,-8.06,-7.54
122,Heshang cave,254,HS4_2013,139995,8168.114318,96.34531448,87.79644832,-7.84,-7.11
122,Heshang cave,254,HS4_2013,139996,8168.335642,96.44361858,87.77072256,-8.07,-7.21
122,Heshang cave,254,HS4_2013,139997,8168.474127,96.62476282,87.66215667,-7.88,-7.23
122,Heshang cave,254,HS4_2013,139998,8168.564142,96.74250658,87.59158884,-7.84,-7.04
122,Heshang cave,254,HS4_2013,139999,8168.650695,96.85572173,87.52373516,-7.92,-6.94
122,Heshang cave,254,HS4_2013,140000,8168.741282,96.97289341,87.45373941,-7.88,-6.84
122,Heshang cave,254,HS4_2013,140001,8168.849086,97.09682009,87.38243204,-7.73,-6.87
122,Heshang cave,254,HS4_2013,140002,8169.08167,97.14391192,87.39884626,-7.88,-6.81
122,Heshang cave,254,HS4_2013,140003,8169.314518,97.19073935,87.41552488,-8.05,-6.88
122,Heshang cave,254,HS4_2013,140004,8169.747354,97.17342127,87.52719481,-7.76,-7.18
122,Heshang cave,254,HS4_2013,140005,8170.152494,97.23973372,87.56793543,-7.95,-6.73
122,Heshang cave,254,HS4_2013,140006,8170.518674,97.43290408,87.50177717,-8.01,-7.08
122,Heshang cave,254,HS4_2013,140007,8170.897883,97.31661178,87.58493884,-7.82,-6.68
122,Heshang cave,254,HS4_2013,140008,8171.27044,97.00854259,87.71118693,-8.09,-6.98
122,Heshang cave,254,HS4_2013,140009,8171.584953,96.75736498,87.78379026,-8.01,-6.43
122,Heshang cave,254,HS4_2013,140010,8171.759386,96.71997244,87.66793041,-8.25,-6.9
122,Heshang cave,254,HS4_2013,140011,8171.913273,96.8963601,87.51393227,-8.25,-6.68
122,Heshang cave,254,HS4_2013,140012,8171.949899,97.13443158,87.24267197,-8.36,-7.16
122,Heshang cave,254,HS4_2013,140013,8171.986001,97.36910204,86.97528681,-8.39,-7.03
122,Heshang cave,254,HS4_2013,140014,8172.016348,97.56636126,86.78925215,-8.53,-7.4
122,Heshang cave,254,HS4_2013,140015,8172.047217,97.76702151,86.60739021,-8.53,-7.25
122,Heshang cave,254,HS4_2013,140016,8172.083843,98.00509299,86.3916218,-8.51,-7.5
122,Heshang cave,254,HS4_2013,140017,8172.113666,98.19895119,86.21592466,-8.49,-7.35
122,Heshang cave,254,HS4_2013,140018,8172.142443,98.38600735,86.04639234,-8.16,-7.57
122,Heshang cave,254,HS4_2013,140019,8172.171744,98.57646453,85.87377761,-8.4,-7.4
122,Heshang cave,254,HS4_2013,140020,8172.424622,98.88936738,85.78051625,-8.58,-7.4
122,Heshang cave,254,HS4_2013,140021,8172.53431,98.81530783,85.77482388,-8.35,-7.6
122,Heshang cave,254,HS4_2013,140022,8172.630287,98.75050573,85.76984307,-8.64,-7.45
122,Heshang cave,254,HS4_2013,140023,8172.726263,98.69997142,85.76486225,-8.38,-7.42
122,Heshang cave,254,HS4_2013,140024,8172.842806,98.73258002,85.75881411,-8.37,-6.91
122,Heshang cave,254,HS4_2013,140025,8172.979916,98.77094309,85.75169866,-8.66,-7.45
122,Heshang cave,254,HS4_2013,140026,8173.117025,98.81999224,85.74458321,-8.25,-7.54
122,Heshang cave,254,HS4_2013,140027,8173.254135,98.95448273,85.75194661,-8.49,-8.15
122,Heshang cave,254,HS4_2013,140028,8173.387817,99.08561095,85.80804556,-8.72,-8.01
122,Heshang cave,254,HS4_2013,140029,8173.439233,99.13604489,85.82962208,-8.55,-8.17
122,Heshang cave,254,HS4_2013,140030,8173.494077,99.18984108,85.85263703,-8.21,-7.29
122,Heshang cave,254,HS4_2013,140031,8173.545493,99.24027501,85.87421355,-8.84,-7.93
122,Heshang cave,254,HS4_2013,140032,8173.600337,99.29407121,85.8972285,-8.89,-7.71
122,Heshang cave,254,HS4_2013,140033,8173.651753,99.34450514,85.91880502,-8.57,-7.87
122,Heshang cave,254,HS4_2013,140034,8173.730591,99.42183717,85.95188901,-9.11,-7.92
122,Heshang cave,254,HS4_2013,140035,8173.888267,99.57650123,86.018057,-8.97,-8.21
122,Heshang cave,253,HS4_2008,139489,8174.185175,36.1545575,36.50316696,-9.02,-10.34
122,Heshang cave,254,HS4_2013,140036,8174.187258,99.58305971,86.22752987,-8.48,-7.45
122,Heshang cave,254,HS4_2013,140037,8174.43086,99.61105769,86.39155977,-8.5,-7.33
122,Heshang cave,254,HS4_2013,140038,8174.674462,99.63905566,86.55558966,-8.77,-7.52
122,Heshang cave,254,HS4_2013,140039,8174.911974,99.66635369,86.71551881,-8.77,-7.81
122,Heshang cave,254,HS4_2013,140040,8175.155576,99.69435166,86.8795487,-8.86,-7.8
122,Heshang cave,254,HS4_2013,140041,8175.301738,99.71115044,86.97796664,-8.91,-8.17
122,Heshang cave,254,HS4_2013,140042,8175.423539,99.72514943,87.05998159,-8.52,-7.57
122,Heshang cave,254,HS4_2013,140043,8175.523922,99.76056588,87.12057907,-8.76,-8.03
122,Heshang cave,254,HS4_2013,140044,8175.598046,99.8977528,87.0636192,-8.84,-8.04
122,Heshang cave,254,HS4_2013,140045,8175.871631,100.1089225,86.88883728,-8.62,-8.12
122,Heshang cave,254,HS4_2013,140046,8176.145216,100.3200922,86.71405537,-8.77,-8.53
122,Heshang cave,254,HS4_2013,140047,8176.717975,100.2320876,86.83844766,-9.05,-8.77
122,Heshang cave,254,HS4_2013,140048,8177.182271,100.2525464,86.85437665,-9.25,-8.82
122,Heshang cave,254,HS4_2013,140049,8177.306812,100.4329314,86.69688073,-8.95,-9.12
122,Heshang cave,254,HS4_2013,140050,8177.379365,100.587119,86.55971319,-8.81,-8.69
122,Heshang cave,254,HS4_2013,140051,8177.552138,100.641086,86.52276627,-9.1,-9.26
122,Heshang cave,254,HS4_2013,140052,8177.716665,100.7032987,86.47757371,-8.95,-8.6
122,Heshang cave,254,HS4_2013,140053,8177.806895,100.8319904,86.36531515,-8.36,-8.49
122,Heshang cave,254,HS4_2013,140054,8177.900347,100.9652783,86.24904736,-8.5,-8.06
122,Heshang cave,254,HS4_2013,140055,8177.993799,101.0985662,86.13277957,-9.04,-8.61
122,Heshang cave,254,HS4_2013,140056,8178.087251,101.231854,86.01651178,-8.67,-8.08
122,Heshang cave,254,HS4_2013,140057,8178.180703,101.3651419,85.90024399,-8.3,-8.33
122,Heshang cave,254,HS4_2013,140058,8178.277378,101.5030259,85.77996696,-8.7,-8.24
122,Heshang cave,254,HS4_2013,140059,8178.451393,101.7151598,85.56346832,-8.97,-8.47
122,Heshang cave,254,HS4_2013,140060,8178.628629,101.7784978,85.34296044,-8.65,-7.97
122,Heshang cave,254,HS4_2013,140061,8178.836305,101.865553,85.19949673,-8.45,-8.12
122,Heshang cave,254,HS4_2013,140062,8179.071938,102.0339085,85.1804562,-8.88,-8.08
122,Heshang cave,254,HS4_2013,140063,8179.284097,102.1553654,84.96836205,-9.15,-8.59
122,Heshang cave,254,HS4_2013,140064,8179.398034,102.1630423,84.83049941,-8.54,-7.77
122,Heshang cave,254,HS4_2013,140065,8179.500184,102.1447669,84.77132771,-8.79,-8.07
122,Heshang cave,254,HS4_2013,140066,8179.602565,102.0965191,84.74934796,-8.92,-8.07
122,Heshang cave,254,HS4_2013,140067,8179.80888,101.9465037,84.82632666,-8.51,-7.95
122,Heshang cave,254,HS4_2013,140068,8180.015194,101.7964883,84.83820728,-8.93,-8.06
122,Heshang cave,254,HS4_2013,140069,8180.229443,101.640703,84.80830826,-9.16,-8.8
122,Heshang cave,254,HS4_2013,140070,8180.475433,101.4618385,84.77397975,-8.74,-7.94
122,Heshang cave,254,HS4_2013,140071,8180.592899,101.4114984,84.61112687,-8.38,-7.79
122,Heshang cave,254,HS4_2013,140072,8180.599494,101.4720286,84.33740363,-8.45,-8.06
122,Heshang cave,254,HS4_2013,140073,8180.606089,101.5325588,84.10230322,-8.89,-9.11
122,Heshang cave,254,HS4_2013,140074,8180.732683,101.4969088,83.92516501,-8.8,-8.67
122,Heshang cave,254,HS4_2013,140075,8181.049182,101.2735198,83.93069946,-8.66,-8.27
122,Heshang cave,254,HS4_2013,140076,8181.764544,100.7465419,84.01690177,-8.6,-7.88
122,Heshang cave,254,HS4_2013,140077,8181.967216,100.6391444,83.95276198,-8.72,-7.94
122,Heshang cave,254,HS4_2013,140078,8182.118664,100.5808059,83.86223136,-8.86,-7.98
122,Heshang cave,254,HS4_2013,140079,8182.283518,100.5004004,83.80761599,-8.84,-8.12
122,Heshang cave,254,HS4_2013,140080,8182.520936,100.3366033,83.85370268,-8.67,-8.01
122,Heshang cave,254,HS4_2013,140081,8182.751372,100.1776237,83.89843387,-8.82,-7.98
122,Heshang cave,254,HS4_2013,140082,8182.981808,100.0186441,83.94316506,-8.62,-7.19
122,Heshang cave,254,HS4_2013,140083,8183.233192,99.84521185,83.99196272,-8.49,-6.97
122,Heshang cave,254,HS4_2013,140084,8183.533457,99.63805663,84.05024882,-8.92,-7.31
122,Heshang cave,254,HS4_2013,140085,8183.786483,99.48030566,84.07985466,-8.25,-7.07
122,Heshang cave,254,HS4_2013,140086,8183.891957,99.46794107,83.98979519,-8,-6.78
122,Heshang cave,254,HS4_2013,140087,8183.980261,99.45758932,83.91439657,-8.06,-6.75
122,Heshang cave,254,HS4_2013,140088,8184.071018,99.44695002,83.84726787,-8.08,-6.98
122,Heshang cave,254,HS4_2013,140089,8184.310904,99.28501551,83.85221326,-8.16,-7.22
122,Heshang cave,254,HS4_2013,140090,8184.719914,98.96478408,83.90301019,-8.33,-7.2
122,Heshang cave,254,HS4_2013,140091,8185.663265,98.1773381,84.48680693,-8.64,-7.31
122,Heshang cave,254,HS4_2013,140092,8186.711229,97.28094745,85.21760873,-8.02,-7.42
122,Heshang cave,254,HS4_2013,140093,8187.361248,96.76517918,85.58671258,-8.25,-7.51
122,Heshang cave,254,HS4_2013,140094,8187.635767,96.62491127,85.58031608,-8.45,-7.72
122,Heshang cave,254,HS4_2013,140095,8187.86581,96.51396118,85.4209569,-8.31,-7.71
122,Heshang cave,254,HS4_2013,140096,8188.467249,96.02945106,85.50831294,-8.22,-7.96
122,Heshang cave,254,HS4_2013,140097,8188.910779,95.68336137,85.57154261,-8.5,-7.97
122,Heshang cave,254,HS4_2013,140098,8189.262724,95.39421077,85.68282479,-8.51,-7.93
122,Heshang cave,254,HS4_2013,140099,8189.662668,95.05706194,85.87947674,-8.4,-8.06
122,Heshang cave,254,HS4_2013,140100,8190.062611,94.71991311,86.10409432,-8.32,-7.79
122,Heshang cave,254,HS4_2013,140101,8190.448919,94.39640012,86.3213557,-8.55,-8.12
122,Heshang cave,254,HS4_2013,140102,8190.630891,94.26206584,86.40127974,-8.33,-8.18
122,Heshang cave,254,HS4_2013,140103,8190.754962,94.17047429,86.4557734,-8.47,-8.33
122,Heshang cave,254,HS4_2013,140104,8190.879034,94.07888273,86.51026707,-8.48,-8.18
122,Heshang cave,254,HS4_2013,140105,8190.994834,93.99339728,86.56112782,-8.26,-8.03
122,Heshang cave,254,HS4_2013,140106,8191.118906,93.90180572,86.61562148,-8.23,-8.09
122,Heshang cave,254,HS4_2013,140107,8191.227846,93.82534543,86.66784045,-8.54,-8.39
122,Heshang cave,254,HS4_2013,140108,8191.295529,93.80160756,86.7004718,-8.15,-8.32
122,Heshang cave,254,HS4_2013,140109,8191.363212,93.79307798,86.73310315,-8.32,-8.52
122,Heshang cave,254,HS4_2013,140110,8191.457968,93.78113658,86.77878704,-8.45,-8.58
122,Heshang cave,254,HS4_2013,140111,8191.588821,93.76464607,86.84187432,-8.59,-8.53
122,Heshang cave,254,HS4_2013,140112,8191.719675,93.74815556,86.9049616,-8.54,-8.33
122,Heshang cave,254,HS4_2013,140113,8191.78814,93.79010924,86.9079979,-8.23,-8.17
122,Heshang cave,254,HS4_2013,140114,8191.824434,93.86817838,86.87652553,-8.26,-8.17
122,Heshang cave,254,HS4_2013,140115,8191.8795,93.98662812,86.82877434,-8.44,-8
122,Heshang cave,254,HS4_2013,140116,8192.109056,93.93453273,86.95317506,-8.57,-7.99
122,Heshang cave,254,HS4_2013,140117,8192.405897,93.81120798,87.17196324,-8.36,-8.04
122,Heshang cave,254,HS4_2013,140118,8192.615035,93.72432008,87.33737066,-8.03,-8.02
122,Heshang cave,254,HS4_2013,140119,8192.69264,93.7689645,87.37124577,-8.26,-8.03
122,Heshang cave,254,HS4_2013,140120,8192.732886,93.85096847,87.36776133,-8.36,-7.8
122,Heshang cave,254,HS4_2013,140121,8192.777292,93.92881258,87.36843676,-8.13,-7.81
122,Heshang cave,254,HS4_2013,140122,8192.887381,93.91336894,87.44466971,-8.05,-7.74
122,Heshang cave,254,HS4_2013,140123,8193.049684,93.83782378,87.57593841,-8.43,-7.77
122,Heshang cave,254,HS4_2013,140124,8193.219365,93.75884474,87.71317387,-8.52,-7.84
122,Heshang cave,254,HS4_2013,140125,8193.381668,93.68329958,87.84444257,-8.43,-7.76
122,Heshang cave,254,HS4_2013,140126,8193.543971,93.60775441,87.97571128,-8.04,-7.66
122,Heshang cave,254,HS4_2013,140127,8193.713652,93.52877538,88.11294674,-8.48,-7.96
122,Heshang cave,254,HS4_2013,140128,8193.964484,93.41202376,88.31581655,-8.84,-7.98
122,Heshang cave,254,HS4_2013,140129,8194.207939,93.29870601,88.51271961,-8.35,-7.47
122,Heshang cave,254,HS4_2013,140130,8194.4298,93.21092598,88.68661783,-8.11,-7.51
122,Heshang cave,254,HS4_2013,140131,8194.458352,93.30856735,88.67002888,-8.34,-7.8
122,Heshang cave,254,HS4_2013,140132,8194.482443,93.39095225,88.65603195,-8.15,-7.74
122,Heshang cave,254,HS4_2013,140133,8194.506534,93.47333716,88.63084978,-8.3,-7.62
122,Heshang cave,254,HS4_2013,140134,8194.57981,93.50653698,88.61476713,-8.57,-7.76
122,Heshang cave,254,HS4_2013,140135,8194.66353,93.5292929,88.60912839,-8.62,-8.01
122,Heshang cave,254,HS4_2013,140136,8194.744149,93.551206,88.60369849,-7.63,-7.74
122,Heshang cave,254,HS4_2013,140137,8194.815466,93.57059067,88.59889512,-7.63,-7.89
122,Heshang cave,254,HS4_2013,140138,8194.889884,93.59081815,88.6071618,-8.14,-7.83
122,Heshang cave,254,HS4_2013,140139,8194.964302,93.61104563,88.63008553,-8.5,-7.81
122,Heshang cave,254,HS4_2013,140140,8195.038719,93.63127311,88.65300927,-8.69,-7.92
122,Heshang cave,254,HS4_2013,140141,8195.110036,93.65065778,88.67497785,-8.98,-8.56
122,Heshang cave,254,HS4_2013,140142,8195.215852,93.63554367,88.73144521,-8.39,-8.62
122,Heshang cave,254,HS4_2013,140143,8195.387081,93.55107308,88.85547109,-8.03,-8.76
122,Heshang cave,254,HS4_2013,140144,8195.566093,93.46276291,88.98513451,-8.26,-8.95
122,Heshang cave,254,HS4_2013,140145,8195.737321,93.37829232,89.10916039,-8.27,-8.88
122,Heshang cave,254,HS4_2013,140146,8195.93614,93.26623218,89.2607758,-8.74,-9.25
122,Heshang cave,254,HS4_2013,140147,8196.182975,93.11404197,89.45611723,-8.88,-9.19
122,Heshang cave,254,HS4_2013,140148,8196.697215,92.79697902,89.86307855,-9.21,-9.32
122,Heshang cave,254,HS4_2013,140149,8196.986499,92.7088167,90.04293721,-8.98,-9.45
122,Heshang cave,254,HS4_2013,140150,8197.252483,92.6715583,90.18447772,-8.85,-9.55
122,Heshang cave,254,HS4_2013,140151,8197.658716,92.52954305,90.44695678,-8.89,-9.27
122,Heshang cave,254,HS4_2013,140152,8198.133454,92.24803956,90.84501504,-9.05,-9.4
122,Heshang cave,254,HS4_2013,140153,8198.343693,92.17188047,91.01453816,-8.72,-8.96
122,Heshang cave,254,HS4_2013,140154,8198.533024,92.11663102,91.16315165,-8.42,-9.04
122,Heshang cave,254,HS4_2013,140155,8198.639727,92.12380883,91.23033564,-8.36,-8.68
122,Heshang cave,254,HS4_2013,140156,8198.714471,92.13774968,91.26675796,-8.86,-9.03
122,Heshang cave,254,HS4_2013,140157,8198.786879,92.15125487,91.30204208,-8.92,-9.1
122,Heshang cave,254,HS4_2013,140158,8198.859287,92.16476007,91.3373262,-8.54,-9.27
122,Heshang cave,254,HS4_2013,140159,8198.970441,92.13951941,91.41135617,-8.64,-9.24
122,Heshang cave,254,HS4_2013,140160,8199.23592,91.97994104,91.63851383,-9.1,-9.13
122,Heshang cave,254,HS4_2013,140161,8199.517992,91.84008814,91.87986884,-8.9,-8.98
122,Heshang cave,254,HS4_2013,140162,8199.791767,91.70434855,92.11412518,-8.95,-9.27
122,Heshang cave,254,HS4_2013,140163,8200.075574,91.53524579,92.35721507,-8.78,-9.15
122,Heshang cave,254,HS4_2013,140164,8200.463921,91.22498924,92.70484586,-8.97,-9.17
122,Heshang cave,254,HS4_2013,140165,8200.840847,90.92385789,92.89663732,-9.14,-8.92
122,Heshang cave,254,HS4_2013,140166,8201.229194,90.61360134,92.77828034,-9.77,-9.61
122,Heshang cave,254,HS4_2013,140167,8201.60612,90.31246999,92.66340444,-8.95,-8.89
122,Heshang cave,254,HS4_2013,140168,8202.017311,89.98396306,92.72686752,-9.11,-9.43
122,Heshang cave,254,HS4_2013,140169,8202.439924,89.64875997,92.79703819,-8.46,-8.31
122,Heshang cave,254,HS4_2013,140170,8202.851116,89.46580165,92.96752959,-8.55,-8.65
122,Heshang cave,254,HS4_2013,140171,8203.330839,89.25235029,93.30825054,-8.62,-7.67
122,Heshang cave,254,HS4_2013,140172,8203.744477,89.43054241,93.51297334,-8.65,-8.11
122,Heshang cave,254,HS4_2013,140173,8204.059037,89.67183796,93.69189897,-8.66,-9.17
122,Heshang cave,254,HS4_2013,140174,8204.232045,89.72014052,93.79030807,-8.65,-7.7
122,Heshang cave,254,HS4_2013,140175,8204.410295,89.70556804,93.89169926,-8.61,-7.54
122,Heshang cave,254,HS4_2013,140176,8204.451841,89.82288697,93.85864556,-8.51,-7.73
122,Heshang cave,254,HS4_2013,140177,8204.480477,89.96274296,93.80816177,-8.64,-7.55
122,Heshang cave,254,HS4_2013,140178,8204.69035,89.93098997,93.93439395,-8.97,-7.85
122,Heshang cave,254,HS4_2013,140179,8204.894551,89.90009516,94.05721446,-8.71,-7.98
122,Heshang cave,254,HS4_2013,140180,8205.280071,89.69269536,94.35909345,-8.45,-8.4
122,Heshang cave,254,HS4_2013,140181,8205.826057,89.35371485,94.80787409,-8.75,-8.1
122,Heshang cave,254,HS4_2013,140182,8206.354082,89.04713639,95.23191318,-9.15,-8.18
122,Heshang cave,254,HS4_2013,140183,8206.670322,88.94752974,95.44642694,-8.8,-7.82
122,Heshang cave,253,HS4_2008,139490,8206.791387,36.45688581,38.25548421,-8.66,-8.68
122,Heshang cave,254,HS4_2013,140184,8206.804191,88.96465525,95.48309231,-8.63,-7.9
122,Heshang cave,254,HS4_2013,140185,8206.922495,88.88567277,95.51549427,-9.01,-8
122,Heshang cave,254,HS4_2013,140186,8207.040799,88.80669029,95.54789623,-9.04,-8.19
122,Heshang cave,254,HS4_2013,140187,8207.168442,88.72147235,95.60353724,-8.91,-7.83
122,Heshang cave,254,HS4_2013,140188,8207.320992,88.61962652,95.68694279,-9.12,-8.03
122,Heshang cave,254,HS4_2013,140189,8207.473541,88.5177807,95.77034833,-8.99,-7.84
122,Heshang cave,254,HS4_2013,140190,8207.799431,88.35877974,95.99746069,-8.87,-8.05
122,Heshang cave,254,HS4_2013,140191,8208.135655,88.31647224,96.2377295,-8.95,-8
122,Heshang cave,254,HS4_2013,140192,8208.31824,88.45843754,96.32435965,-9.02,-8.14
122,Heshang cave,254,HS4_2013,140193,8208.422464,88.84794376,96.33262951,-9,-8.22
122,Heshang cave,254,HS4_2013,140194,8208.586469,89.16166143,96.41196788,-9.08,-8.32
122,Heshang cave,254,HS4_2013,140195,8208.795696,89.22314385,96.57321721,-8.53,-7.88
122,Heshang cave,254,HS4_2013,140196,8209.004922,89.28462627,96.73446654,-9.34,-8.5
122,Heshang cave,254,HS4_2013,140197,8209.213222,89.35499751,96.89337799,-9.33,-8.63
122,Heshang cave,254,HS4_2013,140198,8209.266873,89.68352447,96.87929586,-9.67,-8.93
122,Heshang cave,254,HS4_2013,140199,8209.321641,90.01889574,96.86492035,-9.55,-8.92
122,Heshang cave,254,HS4_2013,140200,8209.362997,90.12903201,96.85406538,-9.61,-8.98
122,Heshang cave,254,HS4_2013,140201,8209.402118,90.17880373,96.84379716,-9.55,-8.79
122,Heshang cave,254,HS4_2013,140202,8209.44012,90.2271534,96.83382231,-9.15,-8.66
122,Heshang cave,254,HS4_2013,140203,8209.591473,90.16215305,96.93719748,-9.22,-8.7
122,Heshang cave,254,HS4_2013,140204,8209.788648,90.05132998,97.05096516,-9.56,-8.87
122,Heshang cave,254,HS4_2013,140205,8210.051284,89.87504619,97.16221909,-9.4,-8.73
122,Heshang cave,254,HS4_2013,140206,8210.16976,89.87027548,97.12931303,-9.17,-8.63
122,Heshang cave,254,HS4_2013,140207,8210.288236,89.86849615,97.09640697,-9.35,-8.57
122,Heshang cave,254,HS4_2013,140208,8210.406712,89.86671681,97.06350091,-9.73,-8.98
122,Heshang cave,254,HS4_2013,140209,8210.525188,89.86493748,97.03059485,-9.46,-9.23
122,Heshang cave,254,HS4_2013,140210,8210.622757,89.86347214,97.00349575,-9.28,-8.88
122,Heshang cave,254,HS4_2013,140211,8210.725667,89.86009775,96.97728554,-9.39,-8.94
122,Heshang cave,254,HS4_2013,140212,8210.900163,89.78170519,97.02711366,-9.62,-8.67
122,Heshang cave,254,HS4_2013,140213,8211.087122,89.69771316,97.08050093,-9.53,-8.76
122,Heshang cave,254,HS4_2013,140214,8211.29901,89.60252219,97.14123034,-9.79,-8.64
122,Heshang cave,254,HS4_2013,140215,8211.502929,89.51529949,97.21641032,-9.66,-8.79
122,Heshang cave,254,HS4_2013,140216,8211.665478,89.46944771,97.25021939,-9.56,-8.73
122,Heshang cave,254,HS4_2013,140217,8211.811227,89.41980178,97.28994778,-9.66,-8.82
122,Heshang cave,254,HS4_2013,140218,8211.989989,89.34057562,97.35890221,-9.71,-8.61
122,Heshang cave,254,HS4_2013,140219,8212.162586,89.26408139,97.42547891,-9.71,-8.92
122,Heshang cave,254,HS4_2013,140220,8212.341348,89.18485523,97.49443334,-9.63,-8.71
122,Heshang cave,254,HS4_2013,140221,8212.557095,89.08923744,97.57765421,-9.78,-8.89
122,Heshang cave,254,HS4_2013,140222,8212.766677,88.9963516,97.65849734,-9.78,-8.65
122,Heshang cave,254,HS4_2013,140223,8212.932754,88.9469716,97.69583463,-9.55,-8.75
122,Heshang cave,254,HS4_2013,140224,8213.055494,88.94092808,97.68983543,-9.6,-8.6
122,Heshang cave,254,HS4_2013,140225,8213.178234,88.93488457,97.68383622,-9.73,-8.66
122,Heshang cave,254,HS4_2013,140226,8213.300975,88.96503279,97.67783702,-9.54,-8.55
122,Heshang cave,254,HS4_2013,140227,8213.409275,89.01641226,97.67254361,-9.47,-8.59
122,Heshang cave,254,HS4_2013,140228,8213.513965,89.06607908,97.66742664,-9.55,-8.52
122,Heshang cave,254,HS4_2013,140229,8213.617781,89.11129725,97.68647294,-9.55,-8.56
122,Heshang cave,254,HS4_2013,140230,8213.712163,89.1659495,97.70633536,-9.59,-8.84
122,Heshang cave,254,HS4_2013,140231,8213.809916,89.22255361,97.72690715,-9.77,-9.04
122,Heshang cave,254,HS4_2013,140232,8213.904298,89.27720586,97.74676957,-9.79,-9.02
122,Heshang cave,254,HS4_2013,140233,8214.002051,89.33380998,97.76734137,-9.82,-9.41
122,Heshang cave,254,HS4_2013,140234,8214.167303,89.31759231,97.8580737,-9.99,-9.31
122,Heshang cave,254,HS4_2013,140235,8214.309827,89.32942549,97.92341644,-10.14,-9.48
122,Heshang cave,254,HS4_2013,140236,8214.43989,89.34839721,97.97895939,-10.07,-9.45
122,Heshang cave,254,HS4_2013,140237,8214.569953,89.36736893,98.03450234,-9.81,-9.84
122,Heshang cave,254,HS4_2013,140238,8214.682644,89.40903501,98.07001216,-10,-9.53
122,Heshang cave,254,HS4_2013,140239,8214.772713,89.46799964,98.08556221,-10.09,-9.61
122,Heshang cave,254,HS4_2013,140240,8214.866,89.52907014,98.10166762,-9.89,-9.62
122,Heshang cave,254,HS4_2013,140241,8214.95607,89.58803476,98.11721767,-9.77,-10.04
122,Heshang cave,254,HS4_2013,140242,8215.049356,89.64910526,98.13332307,-10.02,-9.93
122,Heshang cave,254,HS4_2013,140243,8215.149076,89.71438752,98.1505392,-10.14,-10.06
122,Heshang cave,254,HS4_2013,140244,8215.248796,89.77966979,98.16775532,-10.01,-10.07
122,Heshang cave,254,HS4_2013,140245,8215.348516,89.84495205,98.19324189,-10.06,-10.47
122,Heshang cave,254,HS4_2013,140246,8215.569155,89.82657462,98.33731646,-9.99,-10.21
122,Heshang cave,254,HS4_2013,140247,8215.825816,89.79878736,98.50733997,-9.79,-9.96
122,Heshang cave,254,HS4_2013,140248,8216.07054,89.77229253,98.6694554,-9.11,-9.97
122,Heshang cave,254,HS4_2013,140249,8216.207824,89.75742958,98.76039821,-9.7,-10.05
122,Heshang cave,254,HS4_2013,140250,8216.345108,89.74256663,98.85134102,-9.26,-10.05
122,Heshang cave,254,HS4_2013,140251,8216.482392,89.72770368,98.94228382,-9.68,-10.49
122,Heshang cave,254,HS4_2013,140252,8216.613707,89.71348694,99.02927259,-9.19,-10.33
122,Heshang cave,254,HS4_2013,140253,8216.739054,89.69991641,99.11230733,-10.01,-10.19
122,Heshang cave,254,HS4_2013,140254,8216.822618,89.6908694,99.16766382,-10.07,-10.07
122,Heshang cave,254,HS4_2013,140255,8216.872127,89.71587776,99.18896494,-10.39,-10.17
122,Heshang cave,254,HS4_2013,140256,8216.916321,89.74087784,99.20696651,-9.87,-10.25
122,Heshang cave,254,HS4_2013,140257,8216.963915,89.76780101,99.22635282,-9.8,-10.38
122,Heshang cave,254,HS4_2013,140258,8217.011509,89.79472417,99.24573913,-9.54,-10.03
122,Heshang cave,254,HS4_2013,140259,8217.076101,89.83126275,99.27204912,-10.08,-10.07
122,Heshang cave,254,HS4_2013,140260,8217.171518,89.86891207,99.3170953,-9.85,-9.89
122,Heshang cave,254,HS4_2013,140261,8217.398973,89.77452329,99.49417957,-9.58,-9.53
122,Heshang cave,254,HS4_2013,140262,8217.635527,89.75487676,99.67834721,-9.24,-9.06
122,Heshang cave,254,HS4_2013,140263,8217.865378,89.76517899,99.87292806,-9.31,-9.02
122,Heshang cave,254,HS4_2013,140264,8218.105435,89.8449961,100.0798438,-9.48,-8.9
122,Heshang cave,254,HS4_2013,140265,8218.312057,89.97104418,100.2519979,-9.36,-8.98
122,Heshang cave,254,HS4_2013,140266,8218.502784,90.08739625,100.4109093,-9.1,-8.65
122,Heshang cave,254,HS4_2013,140267,8218.677618,90.22002559,100.5565782,-9.02,-8.44
122,Heshang cave,254,HS4_2013,140268,8218.842315,90.38684708,100.6907844,-8.79,-8.08
122,Heshang cave,254,HS4_2013,140269,8218.905587,90.63338907,100.7248923,-8.62,-8.2
122,Heshang cave,254,HS4_2013,140270,8218.96886,90.65746657,100.7590002,-8.42,-8
122,Heshang cave,254,HS4_2013,140271,8219.035009,90.6826385,100.7946584,-8.57,-7.7
122,Heshang cave,254,HS4_2013,140272,8219.098281,90.70671599,100.8287663,-8.39,-7.93
122,Heshang cave,254,HS4_2013,140273,8219.161554,90.73079349,100.8628741,-8.54,-7.86
122,Heshang cave,254,HS4_2013,140274,8219.330188,90.66936175,100.9957152,-8.47,-7.43
122,Heshang cave,254,HS4_2013,140275,8219.62652,90.5318487,101.2390198,-8.44,-7.27
122,Heshang cave,254,HS4_2013,140276,8220.10752,90.2096675,101.6669926,-8.36,-7.27
122,Heshang cave,254,HS4_2013,140277,8220.522274,90.02227303,102.0287203,-8.41,-7.3
122,Heshang cave,254,HS4_2013,140278,8220.667827,90.29275768,102.1212464,-8.42,-7.22
122,Heshang cave,254,HS4_2013,140279,8220.794632,90.62566594,102.1976752,-8.5,-7.62
122,Heshang cave,254,HS4_2013,140280,8220.918099,90.94981345,102.2720927,-8.47,-7.54
122,Heshang cave,254,HS4_2013,140281,8221.041566,91.27396096,102.3465102,-8.65,-7.75
122,Heshang cave,254,HS4_2013,140282,8221.144412,91.45162301,102.4003063,-8.89,-8.22
122,Heshang cave,254,HS4_2013,140283,8221.198946,91.52293749,102.3217414,-8.64,-8.6
122,Heshang cave,254,HS4_2013,140284,8221.249058,91.58846971,102.211549,-8.6,-8.67
122,Heshang cave,254,HS4_2013,140285,8221.296222,91.6501471,102.1078385,-8.79,-9.03
122,Heshang cave,254,HS4_2013,140286,8221.368478,91.69013326,102.0245057,-9,-9.29
122,Heshang cave,254,HS4_2013,140287,8221.460188,91.7849372,101.9606264,-8.95,-9.35
122,Heshang cave,254,HS4_2013,140288,8221.551898,91.88052406,101.896747,-8.88,-9.4
122,Heshang cave,254,HS4_2013,140289,8221.654725,91.98769722,101.8251247,-8.86,-9.5
122,Heshang cave,254,HS4_2013,140290,8221.774225,92.39598749,101.7418879,-8.83,-9.44
122,Heshang cave,254,HS4_2013,140291,8221.893726,92.87940312,101.6586512,-8.9,-9.35
122,Heshang cave,254,HS4_2013,140292,8222.013227,93.45088976,101.5754144,-9.03,-9.34
122,Heshang cave,254,HS4_2013,140293,8222.129949,94.00908601,101.4941134,-8.95,-9.36
122,Heshang cave,254,HS4_2013,140294,8222.241113,94.54070149,101.4166839,-8.88,-9.4
122,Heshang cave,254,HS4_2013,140295,8222.477363,94.83585503,101.4691796,-8.89,-9.46
122,Heshang cave,254,HS4_2013,140296,8222.516244,95.05844739,101.3859634,-9.08,-9.51
122,Heshang cave,254,HS4_2013,140297,8222.571824,95.27104597,101.3163148,-9.26,-9.54
122,Heshang cave,254,HS4_2013,140298,8222.677985,95.39521722,101.2909854,-9.42,-9.59
122,Heshang cave,254,HS4_2013,140299,8222.808047,95.39857707,101.2864267,-9.43,-9.76
122,Heshang cave,254,HS4_2013,140300,8222.927548,95.412498,101.2713068,-9.48,-9.93
122,Heshang cave,254,HS4_2013,140301,8223.047049,95.42641894,101.2561869,-9.48,-10.05
122,Heshang cave,254,HS4_2013,140302,8223.158213,95.43936864,101.2421219,-9.52,-10.05
122,Heshang cave,254,HS4_2013,140303,8223.261039,95.45902723,101.2453641,-9.61,-10.03
122,Heshang cave,254,HS4_2013,140304,8223.363865,95.56025411,101.292688,-9.66,-10.19
122,Heshang cave,254,HS4_2013,140305,8223.483157,95.65053067,101.3549771,-9.61,-10.05
122,Heshang cave,254,HS4_2013,140306,8223.625964,95.71177673,101.4422819,-9.59,-10.07
122,Heshang cave,254,HS4_2013,140307,8223.791929,95.78295459,101.5437441,-9.53,-10.01
122,Heshang cave,254,HS4_2013,140308,8223.973333,96.1295553,101.6546447,-9.4,-9.9
122,Heshang cave,254,HS4_2013,140309,8224.118,96.47813767,101.730309,-9.15,-10.01
122,Heshang cave,254,HS4_2013,140310,8224.380188,96.50218922,101.9219937,-9.19,-9.75
122,Heshang cave,254,HS4_2013,140311,8224.588748,96.42998975,102.0615504,-9.12,-9.8
122,Heshang cave,254,HS4_2013,140312,8224.922512,96.23554955,102.3248121,-9.34,-9.55
122,Heshang cave,254,HS4_2013,140313,8225.288781,96.00564101,102.6220778,-9.2,-9.88
122,Heshang cave,254,HS4_2013,140314,8225.789557,95.68569115,103.0313492,-9.17,-10.05
122,Heshang cave,254,HS4_2013,140315,8226.231094,95.37162096,103.4083837,-9.29,-10.17
122,Heshang cave,254,HS4_2013,140316,8226.61998,95.1102021,103.6715648,-9.35,-9.99
122,Heshang cave,254,HS4_2013,140317,8226.852409,95.09336862,103.7432503,-9.17,-10.01
122,Heshang cave,254,HS4_2013,140318,8227.079433,95.10672865,103.8132686,-9.1,-9.88
122,Heshang cave,254,HS4_2013,140319,8227.27943,95.1184982,103.8749515,-8.88,-9.81
122,Heshang cave,254,HS4_2013,140320,8227.484832,95.17170687,103.9383015,-9.01,-9.55
122,Heshang cave,254,HS4_2013,140321,8227.684829,95.35747949,103.9999844,-9.2,-9.78
122,Heshang cave,254,HS4_2013,140322,8227.85226,95.58894018,104.0291015,-9.28,-9.79
122,Heshang cave,254,HS4_2013,140323,8227.96055,95.94422808,103.9766472,-9.22,-10.15
122,Heshang cave,254,HS4_2013,140324,8228.125687,96.44750459,103.9100145,-9.41,-10.17
122,Heshang cave,254,HS4_2013,140325,8228.83221,96.40939432,104.3847686,-9.32,-10.2
122,Heshang cave,254,HS4_2013,140326,8229.127237,96.43152481,104.5149441,-9.47,-10.09
122,Heshang cave,254,HS4_2013,140327,8229.246188,96.43037518,104.499653,-9.45,-9.95
122,Heshang cave,254,HS4_2013,140328,8229.30298,96.41276617,104.4273651,-9.52,-9.79
122,Heshang cave,254,HS4_2013,140329,8229.433956,96.32097214,104.4292622,-9.19,-9.83
122,Heshang cave,254,HS4_2013,140330,8229.703942,96.09173513,104.5650064,-9.37,-10.03
122,Heshang cave,254,HS4_2013,140331,8229.757242,96.09860083,104.3744361,-9.21,-10.28
122,Heshang cave,254,HS4_2013,140332,8229.810541,96.11302201,104.1023743,-9.27,-10.14
122,Heshang cave,254,HS4_2013,140333,8229.919188,96.080221,103.8945095,-9.34,-9.85
122,Heshang cave,254,HS4_2013,140334,8230.069035,96.00893005,103.7770137,-9.59,-9.62
122,Heshang cave,254,HS4_2013,140335,8230.356483,95.80274608,103.7879011,-9.23,-9.83
122,Heshang cave,254,HS4_2013,140336,8230.525543,95.78850142,103.6896184,-9.17,-9.91
122,Heshang cave,254,HS4_2013,140337,8230.694603,95.78771351,103.5913357,-9.27,-10.04
122,Heshang cave,254,HS4_2013,140338,8230.869492,95.78689842,103.489664,-9.53,-9.95
122,Heshang cave,254,HS4_2013,140339,8231.073529,95.81133233,103.371047,-9.48,-9.77
122,Heshang cave,254,HS4_2013,140340,8231.324204,95.87510193,103.2253175,-9.43,-9.66
122,Heshang cave,254,HS4_2013,140341,8231.586719,95.9523503,103.176441,-9.42,-10.04
122,Heshang cave,254,HS4_2013,140342,8231.968328,95.99286073,103.4067948,-9.46,-9.79
122,Heshang cave,254,HS4_2013,140343,8232.358952,96.06362351,103.6320929,-9.21,-9.7
122,Heshang cave,254,HS4_2013,140344,8232.710713,96.25317884,103.7657652,-9.23,-9.53
122,Heshang cave,254,HS4_2013,140345,8233.062475,96.46086133,103.8994375,-9.19,-9.62
122,Heshang cave,254,HS4_2013,140346,8233.537034,96.45601458,104.1629422,-9.29,-9.34
122,Heshang cave,254,HS4_2013,140347,8234.199681,96.23176516,104.6286057,-9.29,-9.53
122,Heshang cave,254,HS4_2013,140348,8234.721641,96.14037448,104.9570995,-9.5,-9.55
122,Heshang cave,254,HS4_2013,140349,8235.060638,96.22411812,105.106148,-9.36,-9.82
122,Heshang cave,254,HS4_2013,140350,8235.159184,96.42305728,105.0710255,-9.53,-9.81
122,Heshang cave,254,HS4_2013,140351,8235.21987,96.65202656,104.7805059,-9.35,-9.73
122,Heshang cave,254,HS4_2013,140352,8235.280557,96.88099583,104.2794964,-9.36,-9.66
122,Heshang cave,254,HS4_2013,140353,8235.341243,97.10996511,103.9280571,-9.22,-9.76
122,Heshang cave,254,HS4_2013,140354,8235.549832,97.19103226,103.8144898,-9.23,-9.91
122,Heshang cave,254,HS4_2013,140355,8235.79159,97.24675792,103.9832776,-9.37,-9.93
122,Heshang cave,254,HS4_2013,140356,8236.319255,97.00874853,104.4828018,-9.68,-9.89
122,Heshang cave,254,HS4_2013,140357,8236.576467,97.04119245,104.7118727,-9.6,-9.69
122,Heshang cave,254,HS4_2013,140358,8236.833679,97.07363637,104.9409437,-9.69,-9.82
122,Heshang cave,254,HS4_2013,140359,8236.874655,97.32231679,104.9537781,-9.61,-9.78
122,Heshang cave,254,HS4_2013,140360,8237.020173,97.47428265,104.6974154,-9.45,-9.78
122,Heshang cave,254,HS4_2013,140361,8237.205266,97.57884537,104.4552179,-9.38,-9.75
122,Heshang cave,254,HS4_2013,140362,8237.390359,97.6834081,104.3922486,-9.5,-9.97
122,Heshang cave,254,HS4_2013,140363,8237.654954,97.70846905,104.408781,-9.11,-9.81
122,Heshang cave,254,HS4_2013,140364,8238.143976,97.54041655,104.6229235,-9.26,-9.53
122,Heshang cave,254,HS4_2013,140365,8238.656853,97.36416636,104.847512,-9.22,-9.17
122,Heshang cave,253,HS4_2008,139491,8238.688105,37.44664703,39.68100348,-8.54,-7.4
122,Heshang cave,254,HS4_2013,140366,8239.169731,97.18791617,105.0721005,-9.15,-9.57
122,Heshang cave,254,HS4_2013,140367,8239.67068,97.01576482,105.481962,-9.21,-9.77
122,Heshang cave,254,HS4_2013,140368,8240.147775,96.67020816,105.8065113,-9.34,-9.62
122,Heshang cave,254,HS4_2013,140369,8240.565234,96.32407397,106.0904918,-9.25,-9.29
122,Heshang cave,254,HS4_2013,140370,8240.982692,96.03385076,106.3744724,-9.14,-8.67
122,Heshang cave,254,HS4_2013,140371,8241.40015,95.81769518,106.658453,-9,-7.83
122,Heshang cave,254,HS4_2013,140372,8241.716167,95.70298104,106.8409921,-9.09,-8.23
122,Heshang cave,254,HS4_2013,140373,8242.078881,95.63934434,107.0053973,-8.86,-7.91
122,Heshang cave,254,HS4_2013,140374,8242.853138,95.74589305,107.3563393,-8.57,-7.6
122,Heshang cave,254,HS4_2013,140375,8243.550666,96.10229294,107.6725032,-8.84,-7.6
122,Heshang cave,254,HS4_2013,140376,8244.76223,96.3152126,108.5293979,-8.56,-7.94
122,Heshang cave,254,HS4_2013,140377,8245.265018,96.94144517,108.7842986,-8.88,-8.4
122,Heshang cave,254,HS4_2013,140378,8245.531042,97.55618775,108.8558272,-9.05,-8.81
122,Heshang cave,254,HS4_2013,140379,8245.637818,98.0887481,108.7719207,-9.12,-8.65
122,Heshang cave,254,HS4_2013,140380,8245.746729,98.63195965,108.686336,-9.04,-9.04
122,Heshang cave,254,HS4_2013,140381,8245.83215,99.05800793,108.6192108,-9.12,-9.23
122,Heshang cave,254,HS4_2013,140382,8245.921841,99.50535862,108.5487293,-9.28,-9.37
122,Heshang cave,254,HS4_2013,140383,8246.009398,99.99530596,108.4799259,-9.26,-9.22
122,Heshang cave,254,HS4_2013,140384,8246.088412,100.5071299,108.4450363,-9.21,-9.21
122,Heshang cave,254,HS4_2013,140385,8246.135393,100.8114577,108.4373511,-8.93,-8.45
122,Heshang cave,254,HS4_2013,140386,8246.18451,101.1296185,108.4293166,-8.99,-8.19
122,Heshang cave,254,HS4_2013,140387,8246.252352,101.4290534,108.440008,-8.86,-7.71
122,Heshang cave,254,HS4_2013,140388,8246.341546,101.7071373,108.4720505,-8.85,-7.63
122,Heshang cave,254,HS4_2013,140389,8246.53609,101.943746,108.5995031,-8.68,-7.66
122,Heshang cave,254,HS4_2013,140390,8246.850848,102.1719202,108.8239765,-8.94,-7.82
122,Heshang cave,254,HS4_2013,140391,8247.165606,102.4000943,108.9690375,-8.83,-7.49
122,Heshang cave,254,HS4_2013,140392,8247.700661,102.0865501,109.3343958,-9.05,-7.77
122,Heshang cave,254,HS4_2013,140393,8248.273757,101.716215,109.7377947,-8.85,-7.52
122,Heshang cave,253,HS4_2008,139492,8270.918564,39.88464247,41.5406195,-8.84,-9.01
122,Heshang cave,253,HS4_2008,139493,8303.199737,42.13065166,43.31494259,-9.31,-8.39
122,Heshang cave,253,HS4_2008,139494,8335.365008,43.91666445,46.17565049,-9.12,-9.1
122,Heshang cave,253,HS4_2008,139495,8368.071044,45.83385969,50.2306005,-9.05,-9.23
122,Heshang cave,253,HS4_2008,139496,8400.463323,48.95648885,52.8893612,-9.42,-8.4
122,Heshang cave,253,HS4_2008,139497,8428.958686,51.91181142,55.6049581,-9.06,-8.49
122,Heshang cave,253,HS4_2008,139498,8453.384752,54.23949068,58.85051117,-10.43,-10.52
122,Heshang cave,253,HS4_2008,139499,8477.756206,56.32834942,62.15441809,-9.89,-9.57
122,Heshang cave,253,HS4_2008,139500,8502.216166,58.80651425,65.11952205,-9.7,-9.52
122,Heshang cave,253,HS4_2008,139501,8526.579403,61.81309161,67.36868536,-8.59,-8.11
122,Heshang cave,253,HS4_2008,139502,8550.881901,64.07351941,70.07619411,-9.11,-9.66
122,Heshang cave,253,HS4_2008,139503,8574.753927,67.08685866,72.24483043,-9.09,-10.56
122,Heshang cave,253,HS4_2008,139504,8598.725672,70.13948361,74.26582928,-9.31,-9.48
122,Heshang cave,253,HS4_2008,139505,8623.15488,72.81217489,76.78177313,-8.82,-8.74
122,Heshang cave,253,HS4_2008,139506,8644.805804,72.22927946,75.65209842,-9.38,-8.53
122,Heshang cave,253,HS4_2008,139507,8676.492887,69.60512695,73.42010639,-9.7,-11.14
122,Heshang cave,253,HS4_2008,139508,8708.022773,66.5000955,70.93628574,-9.25,-9.19
122,Heshang cave,253,HS4_2008,139509,8739.429972,63.9503732,67.63511789,-9.85,-11.77
122,Heshang cave,253,HS4_2008,139510,8771.048485,61.93842543,65.64290106,-10.09,-11.93
122,Heshang cave,253,HS4_2008,139511,8802.233635,59.80615658,63.15793025,-9.92,-10
122,Heshang cave,253,HS4_2008,139512,8833.896606,56.87026865,60.45140898,-9.36,-8.82
122,Heshang cave,253,HS4_2008,139513,8865.096838,54.75017521,57.64657951,-9.06,-9.42
122,Heshang cave,253,HS4_2008,139514,8896.444854,52.80580562,55.24188355,-9.16,-8.83
122,Heshang cave,253,HS4_2008,139515,8927.805624,51.2510989,52.55267788,-9.76,-8.97
122,Heshang cave,253,HS4_2008,139516,8959.697659,48.59474243,50.65302004,-9.03,-8.86
122,Heshang cave,253,HS4_2008,139517,8991.031391,46.71591084,48.99783712,-9.58,-10.88
122,Heshang cave,253,HS4_2008,139518,9022.231953,45.13192829,46.60558351,-9.86,-11.4
122,Heshang cave,253,HS4_2008,139519,9053.575859,43.48959904,44.87174899,-9.96,-11.42
122,Heshang cave,253,HS4_2008,139520,9116.376092,41.29135387,42.32227919,-9.15,-9.09
122,Heshang cave,253,HS4_2008,139521,9147.639704,40.39811245,40.17688966,-9.2,-8.89
122,Heshang cave,253,HS4_2008,139522,9179.243213,39.63718062,39.07086092,-9.56,-8.72
122,Heshang cave,253,HS4_2008,139523,9210.543871,39.87695886,38.50142927,-9.32,-7.53
122,Heshang cave,253,HS4_2008,139524,9242.120818,40.17293175,39.11839261,-9.2,-7.47
122,Heshang cave,253,HS4_2008,139525,9273.477105,40.10218344,39.55871782,-9.25,-8.96
122,Heshang cave,253,HS4_2008,139526,9305.012379,41.17059026,40.87381225,-8.31,-5.4
122,Heshang cave,253,HS4_2008,139527,9368.45103,41.77300156,42.55675506,-8.63,-6.24
122,Heshang cave,253,HS4_2008,139528,9400.144405,43.10136371,43.94584351,-8.23,-4.57
122,Heshang cave,253,HS4_2008,139529,9431.412594,44.0696402,45.73313169,-8.37,-4.51
122,Heshang cave,253,HS4_2008,139530,9462.860553,46.75969134,47.73726128,-8.01,-3.65
