site_id,site_name,entity_id,entity_name,sample_id,age_bp,age_uncert_pos,age_uncert_neg,d18o,d13c
277,Huagapo cave,598,P00-H1,373690,-63.99563525,265.0821835,268.3297988,-12.76,-5.76
277,Huagapo cave,598,P00-H1,373691,-58.53941645,262.0930021,265.3327806,-13.11,-6.07
277,Huagapo cave,598,P00-H1,373692,-53.0878621,259.1084851,262.3310979,-13.57,-6.24
277,Huagapo cave,598,P00-H1,373693,-47.62485889,256.1125193,259.3408641,-12.62,-5.76
277,Huagapo cave,598,P00-H1,373694,-36.6874086,250.1091437,253.3718403,-13.54,-6.26
277,Huagapo cave,598,P00-H1,373695,-31.21868345,247.107456,250.3873284,-13.27,-6.12
277,Huagapo cave,598,P00-H1,373696,-25.74995831,244.1057682,247.4028166,-13.58,-6.46
277,Huagapo cave,598,P00-H1,373697,-20.28123316,241.1040804,244.4183047,-13.25,-6.35
277,Huagapo cave,598,P00-H1,373698,-14.81942561,238.1093102,241.4268752,-13.06,-6.23
277,Huagapo cave,598,P00-H1,373699,-9.365094354,235.1220164,238.4279694,-12.76,-6.02
277,Huagapo cave,598,P00-H1,373700,-3.9107631,232.1347225,235.4290637,-13.68,-6.48
277,Huagapo cave,598,P00-H1,373701,1.560452369,229.1305444,232.4470421,-12.88,-6.09
277,Huagapo cave,598,P00-H1,373702,7.034475552,226.1235586,229.4678283,-13.59,-6.47
277,Huagapo cave,598,P00-H1,373703,12.50849874,223.1165728,226.4886144,-13.08,-6.36
277,Huagapo cave,598,P00-H1,373704,17.98252192,220.109587,223.5094006,-13.69,-6.49
277,Huagapo cave,598,P00-H1,373705,23.4565451,217.1026011,220.5301868,-13.42,-6.55
277,Huagapo cave,598,P00-H1,373706,28.93056829,214.0956153,217.5509729,-13.08,-6.31
277,Huagapo cave,598,P00-H1,373707,34.40459147,211.0886295,214.5717591,-12.93,-6.25
277,Huagapo cave,598,P00-H1,373708,39.90116726,208.0586207,211.6150979,-13.03,-6.43
277,Huagapo cave,598,P00-H1,373709,45.39825822,205.0156724,208.6589518,-13.57,-6.68
277,Huagapo cave,598,P00-H1,373710,50.89534917,201.9727241,205.7028057,-13.54,-6.64
277,Huagapo cave,598,P00-H1,373711,56.39244013,198.9297758,202.7466597,-13.23,-6.31
277,Huagapo cave,598,P00-H1,373712,61.88953109,195.8868276,199.7905136,-13.41,-6.48
277,Huagapo cave,598,P00-H1,373713,67.38662205,192.8595638,196.8343675,-13.5,-6.32
277,Huagapo cave,598,P00-H1,373714,72.883713,189.8375777,193.8782215,-13.47,-6.38
277,Huagapo cave,598,P00-H1,373715,78.38080396,186.8155916,190.9220754,-13.44,-6.17
277,Huagapo cave,598,P00-H1,373716,83.86428482,183.8072156,187.9523192,-13.43,-6.37
277,Huagapo cave,598,P00-H1,373717,89.31211748,180.8344878,184.9469149,-13.49,-6.31
277,Huagapo cave,598,P00-H1,373718,94.75995014,177.8617599,181.9415105,-13.64,-6.36
277,Huagapo cave,598,P00-H1,373719,100.223486,174.8733289,178.9518094,-13.01,-6
277,Huagapo cave,598,P00-H1,373720,105.7211808,171.8507389,175.979255,-13.31,-6.26
277,Huagapo cave,598,P00-H1,373721,111.2188756,168.828149,172.9909712,-13.69,-6.43
277,Huagapo cave,598,P00-H1,373722,116.7165704,165.805559,170.0026873,-13.48,-6.26
277,Huagapo cave,598,P00-H1,373723,122.2142652,162.7829691,167.0144035,-13.19,-6.06
277,Huagapo cave,598,P00-H1,373724,127.71196,159.7603791,164.0261197,-13.55,-6.29
277,Huagapo cave,598,P00-H1,373725,133.2096548,156.7377891,161.0378359,-13.6,-6.18
277,Huagapo cave,598,P00-H1,373726,138.7073496,153.7151992,158.049552,-13.78,-6.23
277,Huagapo cave,598,P00-H1,373727,144.1486121,150.7490415,155.0048359,-13.71,-5.95
277,Huagapo cave,598,P00-H1,373728,149.6686506,147.7041079,152.0388958,-13.36,-6.65
277,Huagapo cave,598,P00-H1,373729,155.2004339,144.6474293,149.0847005,-13.29,-6.72
277,Huagapo cave,598,P00-H1,373730,160.6981287,141.6248394,146.0964167,-13.29,-6.37
277,Huagapo cave,598,P00-H1,373731,166.173568,138.6245049,143.0760608,-13.33,-6.57
277,Huagapo cave,598,P00-H1,373732,171.6100092,135.6631686,140.0120994,-13.43,-6.56
277,Huagapo cave,598,P00-H1,373733,177.0464504,132.700219,136.9481381,-13.65,-6.6
277,Huagapo cave,598,P00-H1,373734,182.4828916,129.6945278,133.8841767,-12.94,-6.17
277,Huagapo cave,598,P00-H1,373735,187.9301873,126.677982,130.83107,-13.59,-6.62
277,Huagapo cave,598,P00-H1,373736,193.392256,123.6466632,127.7927362,-13.5,-6.55
277,Huagapo cave,598,P00-H1,373737,198.8543248,120.6153445,124.7544024,-13.81,-6.67
277,Huagapo cave,598,P00-H1,373738,204.3163935,117.5840257,121.7160686,-13.41,-6.39
277,Huagapo cave,598,P00-H1,373739,209.7784622,114.5527069,118.6777347,-13.6,-6.59
277,Huagapo cave,598,P00-H1,373740,215.2405309,111.5213882,115.6394009,-13.76,-6.52
277,Huagapo cave,598,P00-H1,373741,220.7025996,108.4900694,112.5867264,-13.48,-6.44
277,Huagapo cave,598,P00-H1,373742,226.1646683,105.4775718,109.5138226,-13.48,-6.24
277,Huagapo cave,598,P00-H1,373743,237.1946671,99.42808772,103.4618701,-13.85,-6.49
277,Huagapo cave,598,P00-H1,373744,242.6973967,96.43297338,100.4218874,-13.82,-6.5
277,Huagapo cave,598,P00-H1,373745,248.1107125,93.52727291,97.3277788,-13.66,-6.22
277,Huagapo cave,598,P00-H1,373746,253.5084319,90.6371688,94.15684109,-13.63,-6.25
277,Huagapo cave,598,P00-H1,373747,258.9357344,87.7174816,91.03629931,-13.74,-6.18
277,Huagapo cave,598,P00-H1,373748,264.4029323,84.75789894,87.96183773,-14.16,-6.37
277,Huagapo cave,598,P00-H1,373749,269.8178622,81.85058438,84.83510807,-13.39,-5.87
277,Huagapo cave,598,P00-H1,373750,275.2622622,78.91379964,81.73784857,-13.59,-6.1
277,Huagapo cave,598,P00-H1,373751,286.2344764,72.95681596,75.62430902,-14.29,-6.71
277,Huagapo cave,598,P00-H1,373752,291.7327687,69.96613897,72.57818929,-12.78,-6.02
277,Huagapo cave,598,P00-H1,373753,297.1852538,67.02126915,69.48626237,-13.59,-6.25
277,Huagapo cave,598,P00-H1,373754,302.6735202,64.04061803,66.46657812,-13.63,-6.28
277,Huagapo cave,598,P00-H1,373755,308.2392543,60.98249918,63.45589643,-13.85,-6.69
277,Huagapo cave,598,P00-H1,373756,313.7082651,58.14595444,60.34213017,-13.75,-6.38
277,Huagapo cave,598,P00-H1,373757,319.1925426,55.20384861,57.27739843,-13.59,-6.27
277,Huagapo cave,598,P00-H1,373758,324.6371274,52.43010263,54.21607599,-13.55,-6.31
277,Huagapo cave,598,P00-H1,373759,335.5611343,46.79927026,48.07846602,-13.39,-6.21
277,Huagapo cave,598,P00-H1,373760,341.1278659,43.63316672,45.09743062,-13.62,-6.25
277,Huagapo cave,598,P00-H1,373761,346.6031445,40.70405189,42.0198532,-13.87,-6.28
277,Huagapo cave,598,P00-H1,373762,352.0948957,37.938479,39.06954413,-13.25,-6.02
277,Huagapo cave,598,P00-H1,373763,357.5748832,35.16327191,36.09867574,-13.25,-5.94
277,Huagapo cave,598,P00-H1,373764,362.961885,32.26196645,32.91231895,-13.42,-5.93
277,Huagapo cave,598,P00-H1,373765,368.3879413,29.25239999,29.83497226,-13.45,-5.87
277,Huagapo cave,598,P00-H1,373766,373.8264456,26.32060459,26.91035095,-13.24,-5.78
277,Huagapo cave,598,P00-H1,373767,379.3930244,23.54930265,24.11692613,-13.37,-5.74
277,Huagapo cave,598,P00-H1,373768,384.8737245,20.62404478,21.25818233,-13.74,-5.89
277,Huagapo cave,598,P00-H1,373769,390.2416289,17.74425204,18.25617529,-13.14,-5.88
277,Huagapo cave,598,P00-H1,373770,395.7633262,14.70054738,15.47529183,-13.69,-6.21
277,Huagapo cave,598,P00-H1,373771,401.2144912,11.92132741,12.62145987,-13.4,-6.2
277,Huagapo cave,598,P00-H1,373772,406.7437389,9.234906902,9.821507254,-13.42,-6.39
277,Huagapo cave,598,P00-H1,373773,412.2021118,6.665390721,6.851966392,-13.68,-6.44
277,Huagapo cave,598,P00-H1,373774,417.5619762,4.421619969,4.378813053,-13.52,-6.4
277,Huagapo cave,598,P00-H1,373775,423.0760698,3.253420689,3.369109782,-13.78,-6.31
277,Huagapo cave,598,P00-H1,373776,427.3391526,3.207402909,3.360765521,-13.3,-6.02
277,Huagapo cave,598,P00-H1,373777,431.5975624,3.171249533,3.345484198,-13.51,-6.12
277,Huagapo cave,598,P00-H1,373778,435.8470927,3.144224206,3.317847631,-13.56,-6.14
277,Huagapo cave,598,P00-H1,373779,440.1038091,3.10682938,3.283923368,-13.67,-6.08
277,Huagapo cave,598,P00-H1,373780,444.3665274,3.078703951,3.253154331,-13.68,-6.06
277,Huagapo cave,598,P00-H1,373781,448.6147655,3.055136236,3.207672778,-13.86,-6.13
277,Huagapo cave,598,P00-H1,373782,452.8684564,3.03400906,3.174552209,-13.4,-5.88
277,Huagapo cave,598,P00-H1,373783,457.1223025,3.00154787,3.129442195,-13.42,-5.86
277,Huagapo cave,598,P00-H1,373784,461.3692559,2.985264975,3.095862756,-13.91,-5.83
277,Huagapo cave,598,P00-H1,373785,465.6373725,2.943065389,3.085902864,-13.56,-5.8
277,Huagapo cave,598,P00-H1,373786,474.1531835,2.894221086,3.013590856,-13.14,-5.65
277,Huagapo cave,598,P00-H1,373787,478.412143,2.874630839,2.971458917,-13.12,-5.64
277,Huagapo cave,598,P00-H1,373788,482.6663271,2.858632423,2.924362827,-13.06,-5.67
277,Huagapo cave,598,P00-H1,373789,486.917899,2.827606335,2.877727913,-13.48,-5.86
277,Huagapo cave,598,P00-H1,373790,491.1804086,2.789484905,2.866166934,-13.35,-5.61
277,Huagapo cave,598,P00-H1,373791,495.4409015,2.765326008,2.843459471,-13.56,-5.85
277,Huagapo cave,598,P00-H1,373792,499.6924538,2.738063216,2.801091908,-13.5,-5.83
277,Huagapo cave,598,P00-H1,373793,508.2186679,2.693105501,2.779621438,-13.46,-5.69
277,Huagapo cave,598,P00-H1,373794,512.4828485,2.642087413,2.788072481,-13.26,-5.63
277,Huagapo cave,598,P00-H1,373795,516.7476954,2.614551566,2.789224784,-13.66,-5.99
277,Huagapo cave,598,P00-H1,373796,525.258626,2.574297751,2.762110537,-13.56,-5.96
277,Huagapo cave,598,P00-H1,373797,529.5254842,2.531866238,2.733560613,-13.72,-5.92
277,Huagapo cave,598,P00-H1,373798,533.7748751,2.521975829,2.701138117,-13.73,-5.97
277,Huagapo cave,598,P00-H1,373799,538.0333521,2.493326352,2.691877753,-13.53,-5.91
277,Huagapo cave,598,P00-H1,373800,542.2897609,2.462835791,2.688404279,-13.32,-5.83
277,Huagapo cave,598,P00-H1,373801,546.5480671,2.448912099,2.674155712,-13.7,-6.04
277,Huagapo cave,598,P00-H1,373802,550.8037511,2.450658183,2.67967182,-13.43,-5.96
277,Huagapo cave,598,P00-H1,373803,555.059813,2.448627383,2.679664508,-13.18,-5.68
277,Huagapo cave,598,P00-H1,373804,559.3176972,2.441967542,2.658530026,-13.14,-5.72
277,Huagapo cave,598,P00-H1,373805,563.5788087,2.436536229,2.638148591,-12.72,-5.53
277,Huagapo cave,598,P00-H1,373806,567.834633,2.418681963,2.612606268,-13.35,-5.83
277,Huagapo cave,598,P00-H1,373807,572.0888672,2.407293187,2.595053943,-13.21,-5.79
277,Huagapo cave,598,P00-H1,373808,576.3441294,2.408605143,2.579504795,-12.66,-5.51
277,Huagapo cave,598,P00-H1,373809,580.5973479,2.434037887,2.564568761,-13.16,-5.67
277,Huagapo cave,598,P00-H1,373810,584.8501782,2.411462526,2.557701435,-12.74,-5.56
277,Huagapo cave,598,P00-H1,373811,589.1068343,2.406728056,2.553940204,-13.19,-5.69
277,Huagapo cave,598,P00-H1,373812,593.3534159,2.427583081,2.530615368,-13.5,-5.76
277,Huagapo cave,598,P00-H1,373813,597.613372,2.404385911,2.515826324,-13.29,-5.82
277,Huagapo cave,598,P00-H1,373814,601.8674747,2.378736412,2.501194184,-13.2,-5.82
277,Huagapo cave,598,P00-H1,373815,606.1206329,2.36266891,2.474925394,-13.02,-5.7
277,Huagapo cave,598,P00-H1,373816,610.3719414,2.35038277,2.446216092,-13.25,-5.7
277,Huagapo cave,598,P00-H1,373817,614.6284504,2.347825454,2.431480989,-13.09,-5.53
277,Huagapo cave,598,P00-H1,373818,623.1302476,2.347273726,2.403952534,-13.52,-5.88
277,Huagapo cave,598,P00-H1,373819,627.3826277,2.3446164,2.400630592,-13.56,-5.84
277,Huagapo cave,598,P00-H1,373820,631.6426455,2.341488298,2.396830484,-12.98,-5.54
277,Huagapo cave,598,P00-H1,373821,635.9055059,2.32381769,2.411637984,-12.98,-5.71
277,Huagapo cave,598,P00-H1,373822,640.1620794,2.327121602,2.401065212,-13.39,-5.84
277,Huagapo cave,598,P00-H1,373823,644.4038002,2.331265557,2.37976891,-13.28,-5.85
277,Huagapo cave,598,P00-H1,373824,648.6623372,2.334413113,2.380596069,-13.24,-5.91
277,Huagapo cave,598,P00-H1,373825,652.9206985,2.325463644,2.365299518,-13.43,-6.11
277,Huagapo cave,598,P00-H1,373826,657.172837,2.333844021,2.369723706,-13.06,-5.95
277,Huagapo cave,598,P00-H1,373827,661.4323961,2.335487242,2.375917851,-12.98,-5.89
277,Huagapo cave,598,P00-H1,373828,665.6980356,2.351646606,2.361717265,-12.88,-5.84
277,Huagapo cave,598,P00-H1,373829,669.9600289,2.356608561,2.368915593,-13.45,-6.1
277,Huagapo cave,598,P00-H1,373830,674.2106168,2.36317344,2.361353806,-13.75,-6.09
277,Huagapo cave,598,P00-H1,373831,678.46387,2.351084559,2.358161352,-13.2,-5.86
277,Huagapo cave,598,P00-H1,373832,682.7215807,2.368031728,2.349036304,-13.29,-5.97
277,Huagapo cave,598,P00-H1,373833,686.9757518,2.381458074,2.327866162,-13.04,-5.79
277,Huagapo cave,598,P00-H1,373834,691.2268354,2.392353599,2.321084754,-13.58,-5.96
277,Huagapo cave,598,P00-H1,373835,695.4815477,2.412557969,2.348689428,-12.8,-5.58
277,Huagapo cave,598,P00-H1,373836,699.7275122,2.400818257,2.352149465,-13.37,-5.78
277,Huagapo cave,598,P00-H1,373837,712.499342,2.415783856,2.395626705,-13.32,-5.91
277,Huagapo cave,598,P00-H1,373838,716.7484717,2.422697792,2.389147543,-13.17,-5.97
277,Huagapo cave,598,P00-H1,373839,721.0097454,2.429177856,2.394945292,-13.32,-6.1
277,Huagapo cave,598,P00-H1,373840,725.2666728,2.445255329,2.402360098,-12.67,-5.82
277,Huagapo cave,598,P00-H1,373841,729.5146659,2.456907969,2.399690582,-13.43,-6.22
277,Huagapo cave,598,P00-H1,373842,733.7681997,2.464302607,2.396133483,-13.34,-6.24
277,Huagapo cave,598,P00-H1,373843,742.2834451,2.505763087,2.460446334,-13.13,-5.95
277,Huagapo cave,598,P00-H1,373844,746.5341429,2.534013001,2.466013773,-14,-6.24
277,Huagapo cave,598,P00-H1,373845,750.7914348,2.535853033,2.463602235,-13.66,-6.26
277,Huagapo cave,598,P00-H1,373846,755.0546858,2.547327707,2.471602947,-13.72,-6.41
277,Huagapo cave,598,P00-H1,373847,759.312014,2.570074668,2.490316606,-13.37,-6.35
277,Huagapo cave,598,P00-H1,373848,763.5720861,2.594676964,2.506769093,-13.82,-6.37
277,Huagapo cave,598,P00-H1,373849,772.0866322,2.636030838,2.551896656,-13.64,-6.12
277,Huagapo cave,598,P00-H1,373850,776.3439175,2.657618803,2.546898221,-13.41,-5.97
277,Huagapo cave,598,P00-H1,373851,780.5951869,2.673894821,2.560320871,-13.48,-5.96
277,Huagapo cave,598,P00-H1,373852,784.8461834,2.697801954,2.578768164,-13.3,-5.88
277,Huagapo cave,598,P00-H1,373853,789.0997892,2.703612606,2.603412377,-13.36,-5.9
277,Huagapo cave,598,P00-H1,373854,793.3555666,2.730804207,2.623674917,-12.76,-5.41
277,Huagapo cave,598,P00-H1,373855,797.6105698,2.757321155,2.633105256,-13.42,-5.69
277,Huagapo cave,598,P00-H1,373856,801.8698859,2.763882236,2.655522167,-13.21,-5.46
277,Huagapo cave,598,P00-H1,373857,806.1263865,2.781572184,2.663178324,-13.28,-5.52
277,Huagapo cave,598,P00-H1,373858,814.6502099,2.805105141,2.703360111,-13.85,-5.75
277,Huagapo cave,598,P00-H1,373859,818.904581,2.813168957,2.725483759,-13.3,-5.72
277,Huagapo cave,598,P00-H1,373860,823.1679976,2.817475693,2.767692382,-13.81,-5.89
277,Huagapo cave,598,P00-H1,373861,827.4218941,2.830387258,2.78938418,-13.21,-5.6
277,Huagapo cave,598,P00-H1,373862,831.6704322,2.861699863,2.818600842,-13.22,-5.63
277,Huagapo cave,598,P00-H1,373863,835.9273727,2.886013737,2.858571449,-13.2,-5.72
277,Huagapo cave,598,P00-H1,373864,840.1895495,2.902000548,2.890841358,-13.41,-5.88
277,Huagapo cave,598,P00-H1,373865,844.4407824,2.932542805,2.916060362,-13.31,-5.93
277,Huagapo cave,598,P00-H1,373866,848.6978537,2.939946435,2.946306588,-13.52,-6.09
277,Huagapo cave,598,P00-H1,373867,852.957181,2.979652662,2.987913413,-13.25,-6.12
277,Huagapo cave,598,P00-H1,373868,857.2135919,2.991855288,3.024921128,-13.46,-6.16
277,Huagapo cave,598,P00-H1,373869,861.4600189,3.016038347,3.02530817,-13.48,-6.13
277,Huagapo cave,598,P00-H1,373870,865.7222829,3.017830963,3.049484253,-13.01,-5.92
277,Huagapo cave,598,P00-H1,373871,869.9759598,3.058936119,3.063732102,-13.63,-6.23
277,Huagapo cave,598,P00-H1,373872,874.23592,3.092517511,3.081252733,-13.27,-6.02
277,Huagapo cave,598,P00-H1,373873,878.489354,3.114677803,3.113455743,-13.32,-6.04
277,Huagapo cave,598,P00-H1,373874,882.7467942,3.126734899,3.15007757,-13.49,-5.86
277,Huagapo cave,598,P00-H1,373875,887.0050813,3.141909916,3.172561601,-13.6,-6.06
277,Huagapo cave,598,P00-H1,373876,891.2624038,3.175831282,3.202647135,-13.72,-6.16
277,Huagapo cave,598,P00-H1,373877,895.5137575,3.201160824,3.21415497,-13.52,-6.08
277,Huagapo cave,598,P00-H1,373878,899.7604108,3.223758598,3.244810429,-13.18,-5.77
277,Huagapo cave,598,P00-H1,373879,903.8648858,3.313999293,3.245956469,-13,-5.51
277,Huagapo cave,598,P00-H1,373880,907.9197581,3.495236939,3.381704264,-13.41,-5.65
277,Huagapo cave,598,P00-H1,373881,911.9831332,3.736865737,3.729370228,-13.25,-5.48
277,Huagapo cave,598,P00-H1,373882,915.9870695,4.203229148,4.069610004,-12.92,-5.17
277,Huagapo cave,598,P00-H1,373883,920.0280695,4.608856623,4.541735563,-12.85,-5.1
277,Huagapo cave,598,P00-H1,373884,924.0358395,5.023551361,5.038518865,-13.32,-5.4
277,Huagapo cave,598,P00-H1,373885,928.0854017,5.458308377,5.609750528,-13.25,-5.49
277,Huagapo cave,598,P00-H1,373886,936.1253132,6.59703738,6.81891485,-13.35,-5.6
277,Huagapo cave,598,P00-H1,373887,940.128004,7.149600609,7.478850067,-13.5,-5.6
277,Huagapo cave,598,P00-H1,373888,944.1735954,7.689026697,8.105343759,-13.33,-5.48
277,Huagapo cave,598,P00-H1,373889,948.1947728,8.328650353,8.811724416,-13.32,-5.54
277,Huagapo cave,598,P00-H1,373890,952.2000746,9.017376706,9.473775837,-12.74,-5.22
277,Huagapo cave,598,P00-H1,373891,956.1962673,9.713300531,10.1321924,-13.08,-5.41
277,Huagapo cave,598,P00-H1,373892,960.2285041,10.2733347,10.88169873,-13.38,-5.63
277,Huagapo cave,598,P00-H1,373893,964.2467004,10.85091037,11.60642722,-13.28,-5.58
277,Huagapo cave,598,P00-H1,373894,968.2643482,11.54592996,12.37924867,-13.37,-5.38
277,Huagapo cave,598,P00-H1,373895,972.3146388,12.23339921,13.07556291,-13.53,-5.53
277,Huagapo cave,598,P00-H1,373896,976.307609,12.95901324,13.70961275,-13.32,-5.45
277,Huagapo cave,598,P00-H1,373897,980.3352339,13.65969346,14.38253142,-13.4,-5.28
277,Huagapo cave,598,P00-H1,373898,984.3278473,14.35184842,15.02665671,-13.45,-5.36
277,Huagapo cave,598,P00-H1,373899,988.3471853,15.02988002,15.70751037,-13.46,-5.36
277,Huagapo cave,598,P00-H1,373900,992.3657287,15.6676501,16.37176689,-13.33,-5.42
277,Huagapo cave,598,P00-H1,373901,996.4156764,16.25311619,17.14989563,-12.84,-5.26
277,Huagapo cave,598,P00-H1,373902,1000.440486,16.97569927,17.86042076,-13.49,-5.38
277,Huagapo cave,598,P00-H1,373903,1004.457009,17.78406685,18.56265998,-13.43,-5.3
277,Huagapo cave,598,P00-H1,373904,1008.446305,18.50458874,19.23767118,-13.1,-5.22
277,Huagapo cave,598,P00-H1,373905,1012.469831,19.11643835,19.96102619,-13.04,-5.16
277,Huagapo cave,598,P00-H1,373906,1016.495695,19.76024312,20.68745227,-12.95,-4.89
277,Huagapo cave,598,P00-H1,373907,1020.498408,20.38649483,21.46178583,-13.27,-5.03
277,Huagapo cave,598,P00-H1,373908,1028.532706,21.60251469,22.83281308,-13.07,-4.99
277,Huagapo cave,598,P00-H1,373909,1032.530727,22.29457285,23.48242786,-13.02,-4.95
277,Huagapo cave,598,P00-H1,373910,1036.554961,23.02222372,24.19062536,-13.24,-5.14
277,Huagapo cave,598,P00-H1,373911,1040.519006,23.74934104,24.83604386,-13.43,-5.18
277,Huagapo cave,598,P00-H1,373912,1044.53873,24.39514768,25.53714216,-13.47,-5.17
277,Huagapo cave,598,P00-H1,373913,1048.536529,25.09728944,26.21295595,-13.4,-5.16
277,Huagapo cave,598,P00-H1,373914,1052.562286,25.77436383,26.915327,-13.67,-5.25
277,Huagapo cave,598,P00-H1,373915,1056.609066,26.41416028,27.63872021,-13.2,-5.15
277,Huagapo cave,598,P00-H1,373916,1060.62654,27.14166128,28.32393198,-13.27,-5.21
277,Huagapo cave,598,P00-H1,373917,1064.59138,27.93545698,28.96518719,-13.31,-5.24
277,Huagapo cave,598,P00-H1,373918,1068.662046,28.56405035,29.71982315,-13.24,-5.33
277,Huagapo cave,598,P00-H1,373919,1072.679266,29.25327838,30.44729711,-13.02,-5.32
277,Huagapo cave,598,P00-H1,373920,1076.742359,29.94174524,31.17301429,-13.12,-5.3
277,Huagapo cave,598,P00-H1,373921,1080.741322,30.69990029,31.85100656,-12.75,-5.08
277,Huagapo cave,598,P00-H1,373922,1084.757139,31.39878217,32.55079294,-13.11,-5.26
277,Huagapo cave,598,P00-H1,373923,1088.83433,32.02727168,33.3119531,-13.1,-5.34
277,Huagapo cave,598,P00-H1,373924,1092.908232,32.64394043,34.0698242,-12.93,-5.28
277,Huagapo cave,598,P00-H1,373925,1096.978971,33.26053471,34.82453239,-13.53,-5.59
277,Huagapo cave,597,P00-H2,372626,1099.390072,22.99182165,24.37080119,-12.88,-5.36
277,Huagapo cave,598,P00-H1,373926,1100.999959,33.94119259,35.52948976,-13.45,-5.74
277,Huagapo cave,597,P00-H2,372627,1103.224723,22.01968897,23.47451,-13.02,-5.34
277,Huagapo cave,598,P00-H1,373927,1105.02916,34.6361378,36.24266006,-13.34,-5.84
277,Huagapo cave,597,P00-H2,372628,1107.03297,20.98782712,22.71394566,-13.43,-5.51
277,Huagapo cave,598,P00-H1,373928,1109.050341,35.35338003,36.96837526,-13.5,-5.97
277,Huagapo cave,597,P00-H2,372629,1110.837902,19.81976403,21.85642917,-13.12,-5.37
277,Huagapo cave,598,P00-H1,373929,1113.068863,36.03669523,37.69849188,-13,-5.73
277,Huagapo cave,597,P00-H2,372630,1114.770411,18.87183169,20.94388803,-13.39,-5.55
277,Huagapo cave,598,P00-H1,373930,1117.107021,36.72464078,38.42521522,-13.44,-5.95
277,Huagapo cave,597,P00-H2,372631,1118.37631,18.07145893,19.48331927,-13.16,-5.38
277,Huagapo cave,598,P00-H1,373931,1121.134984,37.42278169,39.13729667,-13.21,-5.83
277,Huagapo cave,597,P00-H2,372632,1122.180861,17.07215499,18.26747187,-12.94,-5.32
277,Huagapo cave,598,P00-H1,373932,1125.147436,38.13643311,39.83353505,-13.23,-5.79
277,Huagapo cave,597,P00-H2,372633,1125.95809,16.2352492,17.37099731,-13.19,-5.4
277,Huagapo cave,598,P00-H1,373933,1129.159888,38.839203,40.5209069,-13.35,-5.73
277,Huagapo cave,597,P00-H2,372634,1129.833281,15.17800084,16.38916636,-13.48,-5.5
277,Huagapo cave,598,P00-H1,373934,1133.185158,39.52832322,41.22109616,-13.23,-5.71
277,Huagapo cave,597,P00-H2,372635,1133.471214,14.25595886,15.13821212,-13.13,-5.33
277,Huagapo cave,597,P00-H2,372636,1137.171361,13.58555984,14.41413202,-13.31,-5.47
277,Huagapo cave,598,P00-H1,373935,1137.19707,40.22911642,41.90792809,-13.46,-5.65
277,Huagapo cave,597,P00-H2,372637,1140.883672,13.16044144,13.71284002,-13.07,-5.4
277,Huagapo cave,598,P00-H1,373936,1141.223135,40.90618179,42.60891244,-12.97,-5.58
277,Huagapo cave,597,P00-H2,372638,1144.558979,12.44480921,12.82480881,-13.21,-5.41
277,Huagapo cave,597,P00-H2,372639,1148.325002,11.80877723,12.12284958,-12.79,-5.26
277,Huagapo cave,598,P00-H1,373937,1149.262522,42.29240087,44.02861105,-12.97,-5.28
277,Huagapo cave,597,P00-H2,372640,1152.072797,11.18680932,11.47126219,-13.02,-5.33
277,Huagapo cave,598,P00-H1,373938,1153.272633,43.00006661,44.72945243,-12.72,-5.33
277,Huagapo cave,597,P00-H2,372641,1155.841424,10.9886477,10.96797217,-12.8,-5.44
277,Huagapo cave,597,P00-H2,372642,1159.455947,10.63317072,10.53661609,-13.05,-5.45
277,Huagapo cave,597,P00-H2,372643,1163.38965,10.16209365,10.37491358,-12.97,-5.32
277,Huagapo cave,597,P00-H2,372644,1167.268132,9.78511001,10.21834788,-13.5,-5.54
277,Huagapo cave,597,P00-H2,372645,1171.022401,9.915256036,9.976747092,-13.15,-5.27
277,Huagapo cave,597,P00-H2,372646,1174.896436,9.81310699,9.964067593,-13.24,-5.37
277,Huagapo cave,597,P00-H2,372647,1175.66153,9.790744874,10.05285678,-12.95,-5.02
277,Huagapo cave,597,P00-H2,372648,1176.419999,9.793703006,10.10505054,-12.83,-5.13
277,Huagapo cave,597,P00-H2,372649,1177.19575,9.845397849,10.16583237,-12.94,-5.1
277,Huagapo cave,597,P00-H2,372650,1177.936061,9.860089358,10.22734658,-13.01,-5.14
277,Huagapo cave,597,P00-H2,372651,1178.677804,9.884901042,10.28135487,-12.9,-5.18
277,Huagapo cave,597,P00-H2,372652,1179.449698,9.963396625,10.3201961,-13.19,-5.33
277,Huagapo cave,597,P00-H2,372653,1180.210571,10.08298679,10.4426115,-12.94,-5.23
277,Huagapo cave,597,P00-H2,372654,1180.93533,10.21435927,10.57024393,-13.36,-5.44
277,Huagapo cave,597,P00-H2,372655,1181.68251,10.2746118,10.70074851,-12.92,-5.24
277,Huagapo cave,597,P00-H2,372656,1182.436159,10.28109168,10.77667903,-13.1,-5.44
277,Huagapo cave,597,P00-H2,372657,1183.213991,10.2546035,10.87461733,-13.02,-5.26
277,Huagapo cave,597,P00-H2,372658,1184.002207,10.28172328,11.06930833,-13.23,-5.35
277,Huagapo cave,597,P00-H2,372659,1184.733559,10.35296349,11.1325491,-13.06,-5.28
277,Huagapo cave,597,P00-H2,372660,1186.243942,10.59644827,11.28902798,-13.1,-5.35
277,Huagapo cave,597,P00-H2,372661,1187.036839,10.59448977,11.35727397,-12.67,-5.23
277,Huagapo cave,597,P00-H2,372662,1187.762866,10.72942795,11.40143936,-12.44,-5.17
277,Huagapo cave,597,P00-H2,372663,1188.537392,10.78593553,11.55850911,-12.55,-5.18
277,Huagapo cave,597,P00-H2,372664,1189.260992,10.89001099,11.72874395,-12.96,-5.4
277,Huagapo cave,597,P00-H2,372665,1190.002749,11.14371704,11.84438386,-12.59,-5.26
277,Huagapo cave,597,P00-H2,372666,1190.741015,11.30064883,11.87787651,-12.98,-5.39
277,Huagapo cave,597,P00-H2,372667,1191.483423,11.48410287,11.94514546,-12.43,-5.22
277,Huagapo cave,597,P00-H2,372668,1192.270858,11.5235163,12.12839775,-12.93,-5.33
277,Huagapo cave,597,P00-H2,372669,1193.016273,11.68067463,12.20854713,-12.81,-5.24
277,Huagapo cave,597,P00-H2,372670,1193.805151,11.80760198,12.34885142,-12.93,-5.31
277,Huagapo cave,597,P00-H2,372671,1194.585724,11.94747904,12.6252161,-12.61,-5.18
277,Huagapo cave,597,P00-H2,372672,1195.304282,12.12647575,12.77598697,-12.98,-5.31
277,Huagapo cave,597,P00-H2,372673,1196.024379,12.31265767,12.96603319,-12.5,-5.03
277,Huagapo cave,597,P00-H2,372674,1196.753297,12.50872238,13.1733254,-12.94,-5.18
277,Huagapo cave,597,P00-H2,372675,1197.483789,12.7016582,13.29517345,-12.82,-5.03
277,Huagapo cave,597,P00-H2,372676,1198.22987,12.89907438,13.4232253,-12.88,-5.02
277,Huagapo cave,597,P00-H2,372677,1199.021748,12.94174456,13.63203924,-12.94,-5.04
277,Huagapo cave,597,P00-H2,372678,1199.784475,13.05541533,13.79339708,-12.94,-5.05
277,Huagapo cave,597,P00-H2,372679,1200.534677,13.21813077,13.92753554,-12.67,-4.91
277,Huagapo cave,597,P00-H2,372680,1201.253083,13.42291033,14.04718835,-12.93,-5.03
277,Huagapo cave,597,P00-H2,372681,1202.282711,13.28629437,13.89803332,-12.92,-5.07
277,Huagapo cave,597,P00-H2,372682,1203.335935,13.14502325,13.74765634,-12.97,-5.08
277,Huagapo cave,597,P00-H2,372683,1204.35108,13.01247819,13.44503392,-12.88,-5.08
277,Huagapo cave,597,P00-H2,372684,1205.368442,12.83735148,13.24708822,-13.21,-5.23
277,Huagapo cave,597,P00-H2,372685,1206.386348,12.70756615,13.03781517,-12.94,-5.21
277,Huagapo cave,597,P00-H2,372686,1207.412531,12.56165369,12.85894935,-13.26,-5.31
277,Huagapo cave,597,P00-H2,372687,1208.469268,12.34646271,12.74149753,-12.69,-5.11
277,Huagapo cave,597,P00-H2,372688,1209.48871,12.22258895,12.55117302,-13.01,-5.25
277,Huagapo cave,597,P00-H2,372689,1210.541856,12.07106536,12.39686381,-12.91,-5.25
277,Huagapo cave,597,P00-H2,372690,1211.58067,11.93437599,12.21648376,-12.86,-5.22
277,Huagapo cave,597,P00-H2,372691,1212.605575,11.78513491,12.02330276,-12.75,-5.15
277,Huagapo cave,597,P00-H2,372692,1213.627762,11.68147347,11.77210063,-13.1,-5.31
277,Huagapo cave,597,P00-H2,372693,1214.668691,11.56535372,11.63282484,-12.96,-5.32
277,Huagapo cave,597,P00-H2,372694,1215.733094,11.376653,11.57293897,-13.02,-5.41
277,Huagapo cave,597,P00-H2,372695,1216.766494,11.27909865,11.44800218,-12.91,-5.4
277,Huagapo cave,597,P00-H2,372696,1217.77546,11.14933864,11.2646312,-13.33,-5.54
277,Huagapo cave,597,P00-H2,372697,1218.838848,10.9191104,11.15331601,-12.94,-5.47
277,Huagapo cave,597,P00-H2,372698,1219.856743,10.7375226,11.05573298,-13.06,-5.5
277,Huagapo cave,597,P00-H2,372699,1220.903661,10.55773169,10.88734377,-12.82,-5.39
277,Huagapo cave,598,P00-H1,373939,1221.568137,54.18588975,56.59937044,-12.8,-5.75
277,Huagapo cave,597,P00-H2,372700,1221.932471,10.33785061,10.73834629,-13.11,-5.64
277,Huagapo cave,597,P00-H2,372701,1223.016247,10.1626639,10.64872997,-13.09,-5.66
277,Huagapo cave,597,P00-H2,372702,1224.045099,10.0336541,10.4907133,-13.06,-5.56
277,Huagapo cave,597,P00-H2,372703,1225.075389,10.02365758,10.28253768,-13.03,-5.38
277,Huagapo cave,598,P00-H1,373940,1225.601206,54.8546997,57.29748069,-12.86,-5.83
277,Huagapo cave,597,P00-H2,372704,1226.07873,9.929720102,10.17159941,-13.04,-5.36
277,Huagapo cave,597,P00-H2,372705,1227.104885,9.783745278,10.02699842,-13.12,-5.41
277,Huagapo cave,597,P00-H2,372706,1228.111161,9.728745388,9.746362007,-13.17,-5.49
277,Huagapo cave,597,P00-H2,372707,1229.178905,9.597091231,9.682933991,-13.19,-5.46
277,Huagapo cave,598,P00-H1,373941,1229.60592,55.54917726,57.96261453,-13.2,-5.96
277,Huagapo cave,597,P00-H2,372708,1230.181999,9.474777468,9.576950574,-13.08,-5.45
277,Huagapo cave,597,P00-H2,372709,1231.233774,9.34903152,9.436629673,-13.08,-5.45
277,Huagapo cave,597,P00-H2,372710,1232.273047,9.22032148,9.293011776,-13,-5.42
277,Huagapo cave,597,P00-H2,372711,1233.267839,9.013896436,9.121633767,-12.95,-5.41
277,Huagapo cave,598,P00-H1,373942,1233.610634,56.24039566,58.62774837,-12.95,-5.89
277,Huagapo cave,597,P00-H2,372712,1234.30555,8.97075496,9.011452236,-12.84,-5.38
277,Huagapo cave,597,P00-H2,372713,1235.323209,8.84158922,8.865861436,-12.82,-5.33
277,Huagapo cave,597,P00-H2,372714,1236.313129,8.771672174,8.754077792,-12.73,-5.21
277,Huagapo cave,597,P00-H2,372715,1237.359637,8.70342252,8.695404319,-12.73,-5.09
277,Huagapo cave,598,P00-H1,373943,1237.625682,56.92128008,59.30321619,-13.03,-5.94
277,Huagapo cave,597,P00-H2,372716,1238.404883,8.63077711,8.727598958,-12.73,-5.11
277,Huagapo cave,597,P00-H2,372717,1239.412967,8.57346668,8.72834378,-12.69,-5.02
277,Huagapo cave,597,P00-H2,372718,1240.455076,8.49724695,8.628848665,-12.68,-4.98
277,Huagapo cave,597,P00-H2,372719,1241.485759,8.482378946,8.506280799,-12.67,-4.93
277,Huagapo cave,598,P00-H1,373944,1241.652689,57.61026668,59.9906429,-12.33,-5.61
277,Huagapo cave,597,P00-H2,372720,1242.522542,8.427593429,8.346804227,-12.71,-4.97
277,Huagapo cave,597,P00-H2,372721,1243.534543,8.388793504,8.207568165,-12.49,-5.03
277,Huagapo cave,597,P00-H2,372722,1244.56064,8.382426688,8.117375627,-12.73,-5.08
277,Huagapo cave,597,P00-H2,372723,1245.574251,8.405780116,8.128784638,-12.79,-5.13
277,Huagapo cave,598,P00-H1,373945,1245.697737,58.27523705,60.6961108,-12.64,-5.69
277,Huagapo cave,597,P00-H2,372724,1246.593378,8.379987597,8.072219583,-12.82,-5.21
277,Huagapo cave,597,P00-H2,372725,1247.619683,8.276586021,8.10596179,-12.85,-5.25
277,Huagapo cave,597,P00-H2,372726,1248.65879,8.123855452,8.127198915,-12.95,-5.38
277,Huagapo cave,597,P00-H2,372727,1249.676426,8.056051334,8.129529814,-12.97,-5.41
277,Huagapo cave,598,P00-H1,373946,1249.742785,58.93620008,61.4015787,-12.95,-5.78
277,Huagapo cave,597,P00-H2,372728,1250.715306,8.015385548,8.201995998,-13.03,-5.56
277,Huagapo cave,597,P00-H2,372729,1251.702167,8.110524851,8.153183979,-13,-5.51
277,Huagapo cave,597,P00-H2,372730,1252.703692,8.112191203,8.138717344,-13.08,-5.54
277,Huagapo cave,597,P00-H2,372731,1253.732928,8.122353832,8.160249909,-13.07,-5.46
277,Huagapo cave,598,P00-H1,373947,1253.787833,59.59716311,62.1070466,-12.75,-5.81
277,Huagapo cave,597,P00-H2,372732,1254.744612,8.207911537,8.210148729,-13.01,-5.54
277,Huagapo cave,597,P00-H2,372733,1255.807632,8.205581268,8.233280526,-12.79,-5.46
277,Huagapo cave,597,P00-H2,372734,1256.894581,8.276470109,8.311990342,-12.88,-5.36
277,Huagapo cave,598,P00-H1,373948,1257.832881,60.25812615,62.8125145,-12.9,-5.81
277,Huagapo cave,597,P00-H2,372735,1257.943648,8.3228936,8.390090427,-12.98,-5.32
277,Huagapo cave,597,P00-H2,372736,1258.975198,8.269398627,8.447655298,-12.91,-5.37
277,Huagapo cave,597,P00-H2,372737,1260.048294,8.294617443,8.559580771,-12.98,-5.38
277,Huagapo cave,597,P00-H2,372738,1261.117777,8.342447731,8.629915662,-13.02,-5.55
277,Huagapo cave,598,P00-H1,373949,1261.877929,60.91908918,63.5179824,-12.91,-5.86
277,Huagapo cave,597,P00-H2,372739,1262.15696,8.368153132,8.667377327,-12.7,-5.36
277,Huagapo cave,597,P00-H2,372740,1263.195196,8.389836506,8.689927344,-12.95,-5.41
277,Huagapo cave,597,P00-H2,372741,1264.260238,8.44684484,8.752667832,-12.83,-5.3
277,Huagapo cave,597,P00-H2,372742,1265.293651,8.595348811,8.800825468,-12.92,-5.3
277,Huagapo cave,597,P00-H2,372743,1266.306639,8.750438279,8.825403645,-12.9,-5.22
277,Huagapo cave,597,P00-H2,372744,1267.318736,8.853483913,8.907334408,-12.85,-5.19
277,Huagapo cave,597,P00-H2,372745,1268.321483,8.989603427,9.065380075,-12.65,-5.08
277,Huagapo cave,597,P00-H2,372746,1269.343852,9.15989924,9.262200653,-12.71,-4.98
277,Huagapo cave,598,P00-H1,373950,1269.968025,62.24101525,64.9289182,-12.81,-5.87
277,Huagapo cave,597,P00-H2,372747,1270.369806,9.305275862,9.325369379,-12.69,-4.9
277,Huagapo cave,597,P00-H2,372748,1271.420744,9.376248954,9.483580808,-12.76,-5
277,Huagapo cave,597,P00-H2,372749,1272.465788,9.485959718,9.587458771,-12.77,-5.07
277,Huagapo cave,597,P00-H2,372750,1273.493681,9.61331235,9.726491423,-12.88,-5.29
277,Huagapo cave,598,P00-H1,373951,1274.010993,62.90405789,65.64589113,-12.44,-5.72
277,Huagapo cave,597,P00-H2,372751,1274.491974,9.712609405,9.812824627,-12.85,-5.34
277,Huagapo cave,597,P00-H2,372752,1275.535806,9.82715225,10.05408281,-12.99,-5.5
277,Huagapo cave,597,P00-H2,372753,1276.569634,9.967245046,10.16033516,-12.77,-5.42
277,Huagapo cave,597,P00-H2,372754,1277.60831,10.11498135,10.29895799,-12.93,-5.34
277,Huagapo cave,598,P00-H1,373952,1278.023136,63.59792571,66.33257976,-12.86,-5.93
277,Huagapo cave,597,P00-H2,372755,1278.673742,10.18167851,10.47157133,-12.79,-5.15
277,Huagapo cave,597,P00-H2,372756,1280.3761,10.03684351,10.2880421,-12.87,-5.16
277,Huagapo cave,598,P00-H1,373953,1282.03528,64.29554201,67.01926839,-12.85,-5.98
277,Huagapo cave,597,P00-H2,372757,1282.118528,9.821410039,10.14455357,-12.75,-5.18
277,Huagapo cave,597,P00-H2,372758,1283.83782,9.626212759,10.00255088,-12.86,-5.29
277,Huagapo cave,597,P00-H2,372759,1285.5536,9.486385528,9.886060705,-12.84,-5.26
277,Huagapo cave,598,P00-H1,373954,1286.033794,65.00727439,67.69232778,-12.43,-5.77
277,Huagapo cave,597,P00-H2,372760,1287.2542,9.30676211,9.746567999,-12.74,-5.26
277,Huagapo cave,597,P00-H2,372761,1288.918516,9.16065289,9.49647086,-12.78,-5.25
277,Huagapo cave,598,P00-H1,373955,1290.006995,65.74431954,68.3400744,-12.95,-5.96
277,Huagapo cave,597,P00-H2,372762,1290.615441,9.009100107,9.276328967,-12.5,-5.12
277,Huagapo cave,598,P00-H1,373956,1294.025459,66.43596752,69.03308355,-12.82,-5.95
277,Huagapo cave,597,P00-H2,372763,1294.061089,8.68496082,8.968031759,-12.61,-4.87
277,Huagapo cave,597,P00-H2,372764,1295.745667,8.569229287,8.755074212,-12.5,-4.91
277,Huagapo cave,597,P00-H2,372765,1297.476692,8.383852755,8.595629714,-12.59,-4.97
277,Huagapo cave,598,P00-H1,373957,1298.073289,67.09167841,69.75545893,-12.96,-6.04
277,Huagapo cave,597,P00-H2,372766,1299.168817,8.169632511,8.403997122,-12.56,-4.96
277,Huagapo cave,597,P00-H2,372767,1300.902161,7.984449558,8.245282321,-12.76,-5.08
277,Huagapo cave,598,P00-H1,373958,1302.121119,67.7473893,70.47783431,-12.65,-5.75
277,Huagapo cave,597,P00-H2,372768,1302.623874,7.839394445,8.082722788,-12.5,-5.05
277,Huagapo cave,597,P00-H2,372769,1304.325408,7.710187841,7.90103163,-12.78,-5.24
277,Huagapo cave,597,P00-H2,372770,1306.013232,7.573005223,7.753624012,-12.83,-5.31
277,Huagapo cave,598,P00-H1,373959,1306.156009,68.41603938,71.18727051,-13.1,-6.06
277,Huagapo cave,597,P00-H2,372771,1307.734461,7.417395419,7.590055724,-12.86,-5.5
277,Huagapo cave,597,P00-H2,372772,1309.450092,7.264726834,7.477610542,-12.61,-5.45
277,Huagapo cave,598,P00-H1,373960,1310.180266,69.09532408,71.88607207,-13.02,-6.06
277,Huagapo cave,597,P00-H2,372773,1311.146166,7.102823548,7.322407608,-12.79,-5.4
277,Huagapo cave,597,P00-H2,372774,1312.838591,6.94745336,7.21158965,-12.64,-5.1
277,Huagapo cave,598,P00-H1,373961,1314.204522,69.77460879,72.58487364,-13.06,-5.92
277,Huagapo cave,597,P00-H2,372775,1314.520001,6.840577124,7.068666214,-12.56,-4.65
277,Huagapo cave,597,P00-H2,372776,1316.256597,6.69053491,6.956729013,-12.56,-4.51
277,Huagapo cave,597,P00-H2,372777,1317.963576,6.557018524,6.836361931,-12.6,-4.66
277,Huagapo cave,598,P00-H1,373962,1318.228778,70.45389349,73.2836752,-12.37,-5.48
277,Huagapo cave,597,P00-H2,372778,1321.405338,6.308710071,6.569373156,-12.82,-5.07
277,Huagapo cave,598,P00-H1,373963,1322.253034,71.1331782,73.98247677,-12.92,-5.74
277,Huagapo cave,597,P00-H2,372779,1323.107147,6.187069013,6.469177572,-12.92,-5.2
277,Huagapo cave,597,P00-H2,372780,1324.784932,6.096106858,6.255748069,-12.96,-5.24
277,Huagapo cave,598,P00-H1,373964,1326.278365,71.79499759,74.68235325,-12.91,-5.74
277,Huagapo cave,597,P00-H2,372781,1326.475035,5.977201244,6.115839911,-12.89,-5.28
277,Huagapo cave,597,P00-H2,372782,1328.168355,5.88189382,6.027295416,-12.92,-5.23
277,Huagapo cave,597,P00-H2,372783,1329.870658,5.736242768,5.925157979,-12.91,-5.13
277,Huagapo cave,598,P00-H1,373965,1330.3115,72.44395851,75.39517214,-12.94,-5.74
277,Huagapo cave,597,P00-H2,372784,1331.577682,5.603044286,5.842002123,-13.2,
277,Huagapo cave,597,P00-H2,372785,1333.274003,5.494319703,5.683667519,-13.45,-5.35
277,Huagapo cave,598,P00-H1,373966,1334.34108,73.10965057,76.10700907,-12.94,-5.75
277,Huagapo cave,597,P00-H2,372786,1334.964405,5.405774018,5.539650115,-12.84,-5.03
277,Huagapo cave,597,P00-H2,372787,1336.64966,5.315301864,5.301191638,-12.75,-4.91
277,Huagapo cave,597,P00-H2,372788,1338.37089,5.178689334,5.139946309,-12.68,-4.85
277,Huagapo cave,598,P00-H1,373967,1338.377456,73.77717522,76.82564254,-12.69,-5.53
277,Huagapo cave,597,P00-H2,372789,1340.0304,5.122151486,4.979580406,-12.63,-4.82
277,Huagapo cave,597,P00-H2,372790,1341.762832,4.976155981,4.908639875,-12.61,-4.83
277,Huagapo cave,598,P00-H1,373968,1342.423794,74.43473819,77.5542377,-12.45,-5.36
277,Huagapo cave,597,P00-H2,372791,1343.477235,4.878654989,4.865157092,-12.67,-4.76
277,Huagapo cave,597,P00-H2,372792,1345.182617,4.747524553,4.846650301,-12.68,-4.71
277,Huagapo cave,598,P00-H1,373969,1346.468376,75.09405771,78.28107629,-12.91,-5.52
277,Huagapo cave,597,P00-H2,372793,1346.876201,4.676593523,4.726607356,-12.72,-4.75
277,Huagapo cave,597,P00-H2,372794,1348.578421,4.614196194,4.623397145,-12.72,-4.89
277,Huagapo cave,597,P00-H2,372795,1350.28575,4.576837459,4.588002936,-12.98,-4.99
277,Huagapo cave,597,P00-H2,372796,1351.996772,4.524191892,4.50030585,-12.7,-4.86
277,Huagapo cave,597,P00-H2,372797,1353.713316,4.434341347,4.402467547,-12.81,-4.91
277,Huagapo cave,598,P00-H1,373970,1354.544275,76.42596019,79.72149006,-13.09,-5.66
277,Huagapo cave,597,P00-H2,372798,1355.445513,4.377276608,4.368712844,-12.86,-4.95
277,Huagapo cave,597,P00-H2,372799,1357.159233,4.340251647,4.271629884,-12.51,-4.85
277,Huagapo cave,597,P00-H2,372800,1358.856778,4.317402199,4.235467575,-12.65,-4.98
277,Huagapo cave,597,P00-H2,372801,1360.536891,4.367357469,4.19099103,-12.32,-4.86
277,Huagapo cave,597,P00-H2,372802,1362.255656,4.324999653,4.202937854,-12.69,-5.05
277,Huagapo cave,598,P00-H1,373971,1362.603201,77.77483647,81.14493002,-13.06,-5.71
277,Huagapo cave,597,P00-H2,372803,1363.978041,4.276869129,4.209337966,-12.74,-5.09
277,Huagapo cave,597,P00-H2,372804,1365.668383,4.335815394,4.170781787,-12.79,-5.01
277,Huagapo cave,597,P00-H2,372805,1367.366106,4.413584341,4.166218512,-12.74,-4.92
277,Huagapo cave,597,P00-H2,372806,1369.07653,4.444892008,4.173315488,-12.8,-5.26
277,Huagapo cave,598,P00-H1,373972,1370.662126,79.12371275,82.56836999,-12.69,-5.58
277,Huagapo cave,597,P00-H2,372807,1370.761925,4.487456027,4.229475699,-12.91,-5.17
277,Huagapo cave,597,P00-H2,372808,1372.457983,4.49712795,4.233885453,-12.94,-5.23
277,Huagapo cave,597,P00-H2,372809,1374.144839,4.575155379,4.246451404,-13.02,-5.42
277,Huagapo cave,597,P00-H2,372810,1375.824309,4.689599453,4.261444375,-13.06,-5.45
277,Huagapo cave,597,P00-H2,372811,1377.515768,4.746983406,4.335502354,-13.13,-5.52
277,Huagapo cave,598,P00-H1,373973,1378.708932,80.48034289,83.9796897,-12.97,-5.68
277,Huagapo cave,597,P00-H2,372812,1379.222257,4.822939485,4.382166,-13.02,-5.61
277,Huagapo cave,597,P00-H2,372813,1380.944251,4.876802626,4.452877498,-13.4,-5.64
277,Huagapo cave,597,P00-H2,372814,1382.500791,4.809478506,4.415371767,-13.18,-5.58
277,Huagapo cave,598,P00-H1,373974,1382.726804,81.16345458,84.67981901,-12.43,-5.58
277,Huagapo cave,597,P00-H2,372815,1384.043208,4.77088779,4.33579124,-13.21,-5.56
277,Huagapo cave,597,P00-H2,372816,1385.592663,4.713564156,4.288631353,-13.16,-5.51
277,Huagapo cave,597,P00-H2,372817,1387.153835,4.624338856,4.254850018,-13.12,-5.42
277,Huagapo cave,597,P00-H2,372818,1388.69444,4.589897681,4.198719109,-13.02,-5.41
277,Huagapo cave,597,P00-H2,372819,1390.248144,4.506327549,4.163641509,-13.01,-5.36
277,Huagapo cave,598,P00-H1,373975,1390.762548,82.52967795,86.08007763,-12.97,-5.75
277,Huagapo cave,597,P00-H2,372820,1391.779526,4.463905844,4.104223517,-12.93,-5.25
277,Huagapo cave,597,P00-H2,372821,1393.338634,4.39482524,4.05912925,-13.08,-5.1
277,Huagapo cave,597,P00-H2,372822,1394.891806,4.328452457,4.007516395,-13,-5.14
277,Huagapo cave,597,P00-H2,372823,1396.439774,4.272042865,3.97237663,-13.21,-5.13
277,Huagapo cave,597,P00-H2,372824,1397.995093,4.228656897,3.910571872,-13.16,-5.29
277,Huagapo cave,597,P00-H2,372825,1399.560458,4.165763038,3.899601615,-13.24,-5.33
277,Huagapo cave,597,P00-H2,372826,1401.119448,4.121553849,3.849207208,-13.24,-5.45
277,Huagapo cave,597,P00-H2,372827,1402.643287,4.102835578,3.77648626,-13.31,-5.51
277,Huagapo cave,597,P00-H2,372828,1404.195684,4.079323122,3.72876087,-13.28,-5.56
277,Huagapo cave,597,P00-H2,372829,1405.742672,4.034492708,3.66519443,-13.3,-5.49
277,Huagapo cave,597,P00-H2,372830,1407.307392,3.969871685,3.638728918,-13.31,-5.4
277,Huagapo cave,597,P00-H2,372831,1408.875372,3.90736091,3.586288703,-13.2,-5.36
277,Huagapo cave,597,P00-H2,372832,1410.420188,3.830869416,3.55293891,-13.1,-5.17
277,Huagapo cave,597,P00-H2,372833,1411.986206,3.76942886,3.54382129,-12.88,-5.24
277,Huagapo cave,597,P00-H2,372834,1413.542704,3.723102944,3.50885956,-12.92,
277,Huagapo cave,597,P00-H2,372835,1415.07551,3.676112156,3.448943497,-12.97,-5.3
277,Huagapo cave,597,P00-H2,372836,1416.649563,3.611077514,3.439622128,-12.01,-5.41
277,Huagapo cave,597,P00-H2,372837,1418.205234,3.554682872,3.401922972,-13.02,-5.44
277,Huagapo cave,597,P00-H2,372838,1419.749588,3.526922148,3.377733722,-13.02,-5.52
277,Huagapo cave,597,P00-H2,372839,1421.294826,3.466063029,3.336185903,-12.92,-5.58
277,Huagapo cave,597,P00-H2,372840,1422.845164,3.431806376,3.287624425,-12.94,-5.45
277,Huagapo cave,597,P00-H2,372841,1424.383659,3.397251955,3.24739041,-12.96,-5.36
277,Huagapo cave,597,P00-H2,372842,1425.929103,3.364031312,3.262697333,-12.98,-5.32
277,Huagapo cave,597,P00-H2,372843,1427.483869,3.347870043,3.264288487,-12.97,-5.26
277,Huagapo cave,597,P00-H2,372844,1429.036837,3.29806719,3.249399576,-13.12,-5.21
277,Huagapo cave,597,P00-H2,372845,1430.585249,3.293575861,3.229823304,-12.86,-5.19
277,Huagapo cave,597,P00-H2,372846,1432.126801,3.269758124,3.231108228,-12.96,-5.2
277,Huagapo cave,597,P00-H2,372847,1433.684197,3.237999399,3.244000519,-13,-5.25
277,Huagapo cave,597,P00-H2,372848,1435.239132,3.228784744,3.230991879,-12.98,-5.28
277,Huagapo cave,597,P00-H2,372849,1436.791675,3.205782859,3.226744572,-12.76,-5.38
277,Huagapo cave,597,P00-H2,372850,1438.343807,3.20643395,3.237100169,-12.99,-5.43
277,Huagapo cave,597,P00-H2,372851,1439.89857,3.208951895,3.255459116,-12.74,-5.38
277,Huagapo cave,597,P00-H2,372852,1441.445706,3.24848968,3.253161494,-13.07,-5.28
277,Huagapo cave,597,P00-H2,372853,1442.976558,3.307121539,3.222133976,-13.03,-5.37
277,Huagapo cave,597,P00-H2,372854,1444.533264,3.331915084,3.2319665,-13.2,-5.43
277,Huagapo cave,597,P00-H2,372855,1446.073633,3.372028393,3.230264029,-12.96,-5.45
277,Huagapo cave,597,P00-H2,372856,1447.618742,3.366522903,3.234970067,-13.22,-5.5
277,Huagapo cave,597,P00-H2,372857,1449.181275,3.339360756,3.233743651,-12.83,-5.57
277,Huagapo cave,597,P00-H2,372858,1450.737943,3.319128745,3.247711262,-12.86,-5.43
277,Huagapo cave,597,P00-H2,372859,1452.267337,3.349269991,3.269210161,-12.53,-5.04
277,Huagapo cave,597,P00-H2,372860,1453.831224,3.322836294,3.284867141,-12.83,-4.91
277,Huagapo cave,597,P00-H2,372861,1455.373202,3.354301137,3.284101283,-12.67,-4.93
277,Huagapo cave,597,P00-H2,372862,1456.921089,3.369926839,3.31350086,-12.83,-5.05
277,Huagapo cave,597,P00-H2,372863,1458.472301,3.372480427,3.313327668,-12.39,-5.05
277,Huagapo cave,597,P00-H2,372864,1460.025251,3.383577388,3.320065889,-12.93,-5.14
277,Huagapo cave,597,P00-H2,372865,1461.579484,3.366319388,3.331279213,-12.68,-5.12
277,Huagapo cave,597,P00-H2,372866,1463.133549,3.397888671,3.336861023,-12.68,-4.93
277,Huagapo cave,597,P00-H2,372867,1464.700831,3.416372656,3.382711592,-12.75,-4.88
277,Huagapo cave,597,P00-H2,372868,1466.249914,3.406689371,3.417991173,-12.79,-4.88
277,Huagapo cave,597,P00-H2,372869,1467.796709,3.441563234,3.455782017,-12.88,-5.07
277,Huagapo cave,597,P00-H2,372870,1469.329967,3.507673796,3.481115338,-12.85,-5.04
277,Huagapo cave,597,P00-H2,372871,1470.884432,3.553949184,3.491428062,-12.96,-5.04
277,Huagapo cave,597,P00-H2,372872,1472.439702,3.594258211,3.53898163,-12.84,-5.04
277,Huagapo cave,597,P00-H2,372873,1473.984019,3.639077332,3.565213924,-12.66,-5.11
277,Huagapo cave,597,P00-H2,372874,1475.538153,3.695527005,3.608172375,-12.85,-5.18
277,Huagapo cave,597,P00-H2,372875,1477.099202,3.707022644,3.656447778,-13.17,-5.45
277,Huagapo cave,597,P00-H2,372876,1478.63938,3.753070041,3.716310322,-12.86,-5.36
277,Huagapo cave,597,P00-H2,372877,1480.198084,3.777969401,3.767447298,-12.72,-5.24
277,Huagapo cave,597,P00-H2,372878,1481.739199,3.816310829,3.805248407,-12.9,-5.18
277,Huagapo cave,597,P00-H2,372879,1483.29555,3.83941571,3.857284118,-12.76,-5.29
277,Huagapo cave,597,P00-H2,372880,1484.848267,3.863090827,3.870252801,-13.12,-5.32
277,Huagapo cave,597,P00-H2,372881,1486.4096,3.884260965,3.891620136,-12.56,-5.31
277,Huagapo cave,597,P00-H2,372882,1487.956958,3.906993427,3.924204655,-13.01,-5.32
277,Huagapo cave,597,P00-H2,372883,1489.515566,3.924599001,3.97083206,-12.8,-5.49
277,Huagapo cave,597,P00-H2,372884,1491.045377,3.985484911,4.040367019,-13.05,-5.46
277,Huagapo cave,597,P00-H2,372885,1492.617047,3.978765707,4.120061655,-12.9,-5.48
277,Huagapo cave,597,P00-H2,372886,1494.174743,4.009348296,4.203161009,-13,-5.46
277,Huagapo cave,597,P00-H2,372887,1497.272634,4.076877591,4.317442391,-12.98,-5.35
277,Huagapo cave,597,P00-H2,372888,1498.824274,4.112213539,4.369617067,-13.01,-5.3
277,Huagapo cave,597,P00-H2,372889,1500.388346,4.14236517,4.440488704,-12.98,-5.29
277,Huagapo cave,597,P00-H2,372890,1501.946141,4.178670005,4.51271142,-13.17,-5.35
277,Huagapo cave,597,P00-H2,372891,1503.487885,4.26106841,4.559001612,-13.08,-5.34
277,Huagapo cave,597,P00-H2,372892,1505.036073,4.315722805,4.6237958,-12.88,-5.38
277,Huagapo cave,597,P00-H2,372893,1506.662795,4.280343979,4.554608617,-12.98,-5.27
277,Huagapo cave,597,P00-H2,372894,1508.285382,4.271412222,4.510900703,-12.87,-5.23
277,Huagapo cave,597,P00-H2,372895,1509.902226,4.27691201,4.441125785,-12.93,-4.92
277,Huagapo cave,597,P00-H2,372896,1511.544643,4.230339214,4.41700951,-12.78,-4.91
277,Huagapo cave,597,P00-H2,372897,1513.179119,4.194328376,4.363581575,-12.99,-4.9
277,Huagapo cave,597,P00-H2,372898,1514.832376,4.133710826,4.342894941,-12.95,-5.01
277,Huagapo cave,597,P00-H2,372899,1516.472376,4.091331909,4.291563396,-12.99,-4.97
277,Huagapo cave,597,P00-H2,372900,1518.098914,4.057635101,4.247213591,-12.96,-5.04
277,Huagapo cave,597,P00-H2,372901,1519.738027,4.008539265,4.207209204,-12.96,-4.84
277,Huagapo cave,597,P00-H2,372902,1521.378347,3.959994047,4.183064033,-12.94,-4.92
277,Huagapo cave,597,P00-H2,372903,1523.013177,3.947086937,4.133642838,-13.07,-4.98
277,Huagapo cave,597,P00-H2,372904,1524.651577,3.920362159,4.103718276,-12.91,-5.11
277,Huagapo cave,597,P00-H2,372905,1526.283575,3.921645753,4.07684803,-13.07,-5.1
277,Huagapo cave,597,P00-H2,372906,1527.926574,3.898096218,4.038522382,-12.78,-5
277,Huagapo cave,597,P00-H2,372907,1529.55401,3.892096621,3.980498067,-12.91,-5.05
277,Huagapo cave,597,P00-H2,372908,1531.191923,3.871172216,3.962472478,-12.8,-5.04
277,Huagapo cave,597,P00-H2,372909,1532.825421,3.824578404,3.926295725,-12.96,-5.13
277,Huagapo cave,597,P00-H2,372910,1534.473959,3.765099844,3.908197,-13.24,-5.16
277,Huagapo cave,597,P00-H2,372911,1536.121124,3.726353009,3.899859519,-12.94,-5.14
277,Huagapo cave,597,P00-H2,372912,1537.752669,3.726263461,3.848188874,-13.03,-5.13
277,Huagapo cave,597,P00-H2,372913,1539.395384,3.696258814,3.808411474,-13.24,-5.18
277,Huagapo cave,597,P00-H2,372914,1541.03732,3.646044338,3.770219292,-12.74,-5
277,Huagapo cave,597,P00-H2,372915,1542.678392,3.598823682,3.753629068,-13.02,-5.18
277,Huagapo cave,597,P00-H2,372916,1544.309723,3.574186937,3.728573468,-13.02,-5.16
277,Huagapo cave,597,P00-H2,372917,1545.94898,3.543352009,3.694439059,-12.86,-5.07
277,Huagapo cave,597,P00-H2,372918,1547.584449,3.525591819,3.655582748,-12.95,-4.98
277,Huagapo cave,597,P00-H2,372919,1549.214214,3.509170106,3.609375329,-12.95,-4.94
277,Huagapo cave,597,P00-H2,372920,1550.847814,3.492427865,3.566329319,-12.8,-4.99
277,Huagapo cave,597,P00-H2,372921,1552.481062,3.462152141,3.529003568,-12.98,-4.99
277,Huagapo cave,597,P00-H2,372922,1555.763137,3.411879453,3.493959451,-13.08,-5.02
277,Huagapo cave,597,P00-H2,372923,1557.396701,3.401614466,3.463140159,-13.07,-5.07
277,Huagapo cave,597,P00-H2,372924,1559.048624,3.361470097,3.447371637,-13.04,-5.12
277,Huagapo cave,597,P00-H2,372925,1560.670004,3.360539991,3.417170143,-13.09,-5.25
277,Huagapo cave,597,P00-H2,372926,1562.306425,3.363183533,3.401961942,-13.06,-5.24
277,Huagapo cave,597,P00-H2,372927,1563.948218,3.345936445,3.391947106,-13.16,-5.19
277,Huagapo cave,597,P00-H2,372928,1565.600907,3.314231078,3.395106146,-13.08,-5
277,Huagapo cave,597,P00-H2,372929,1567.241973,3.301835776,3.387744019,-13.02,-4.94
277,Huagapo cave,597,P00-H2,372930,1568.884847,3.258163029,3.377943719,-12.71,-5.11
277,Huagapo cave,597,P00-H2,372931,1570.51463,3.225512661,3.353541776,-12.97,-4.96
277,Huagapo cave,597,P00-H2,372932,1572.164035,3.236567286,3.352041674,-13.2,-5.15
277,Huagapo cave,597,P00-H2,372933,1573.785358,3.25992313,3.323234628,-13.28,-5.33
277,Huagapo cave,597,P00-H2,372934,1575.414269,3.262610115,3.309700803,-12.98,-5.37
277,Huagapo cave,597,P00-H2,372935,1577.040511,3.268871048,3.300540609,-13,-5.43
277,Huagapo cave,597,P00-H2,372936,1578.656818,3.266250586,3.284758989,-13.15,-5.37
277,Huagapo cave,597,P00-H2,372937,1580.300972,3.252261696,3.273543799,-13.16,-5.3
277,Huagapo cave,597,P00-H2,372938,1581.944747,3.230280962,3.255181086,-13.1,-5.36
277,Huagapo cave,597,P00-H2,372939,1583.586202,3.216081706,3.238255106,-13.05,-5.35
277,Huagapo cave,597,P00-H2,372940,1585.222519,3.210169012,3.232461008,-13.03,-5.32
277,Huagapo cave,597,P00-H2,372941,1586.845835,3.215656384,3.202293394,-13.01,-5.27
277,Huagapo cave,597,P00-H2,372942,1588.480743,3.205021664,3.196209979,-13.06,-5.3
277,Huagapo cave,597,P00-H2,372943,1590.127421,3.21409764,3.20952745,-12.82,-5.01
277,Huagapo cave,597,P00-H2,372944,1591.75186,3.2792542,3.198341153,-12.88,-4.97
277,Huagapo cave,597,P00-H2,372945,1593.377344,3.280165119,3.186305969,-12.86,-4.95
277,Huagapo cave,597,P00-H2,372946,1595.012803,3.252055267,3.182081118,-12.81,-4.89
277,Huagapo cave,597,P00-H2,372947,1596.660585,3.225488849,3.199213804,-12.86,-4.8
277,Huagapo cave,597,P00-H2,372948,1598.298293,3.243645438,3.203833398,-12.72,-4.68
277,Huagapo cave,597,P00-H2,372949,1599.943531,3.21887783,3.236889837,-12.74,-4.88
277,Huagapo cave,597,P00-H2,372950,1601.581722,3.211904946,3.235013262,-12.68,-4.96
277,Huagapo cave,597,P00-H2,372951,1603.205997,3.21977949,3.241677667,-12.78,-5.14
277,Huagapo cave,597,P00-H2,372952,1604.839109,3.221232259,3.249112676,-12.96,-5.19
277,Huagapo cave,597,P00-H2,372953,1606.478248,3.220115678,3.283805597,-12.85,-5.2
277,Huagapo cave,597,P00-H2,372954,1608.122362,3.198219275,3.310731487,-12.91,-5.25
277,Huagapo cave,597,P00-H2,372955,1609.755011,3.2165386,3.310801724,-12.67,-5.16
277,Huagapo cave,597,P00-H2,372956,1611.372194,3.231565353,3.304020571,-12.87,-5.05
277,Huagapo cave,597,P00-H2,372957,1612.999857,3.243128714,3.305848603,-13.11,-5.32
277,Huagapo cave,597,P00-H2,372958,1614.631389,3.264882506,3.326984894,-12.92,-5.22
277,Huagapo cave,597,P00-H2,372959,1616.264198,3.278713905,3.330240789,-13.21,-5.55
277,Huagapo cave,597,P00-H2,372960,1617.908628,3.286004284,3.347788032,-12.89,-5.28
277,Huagapo cave,597,P00-H2,372961,1619.550656,3.331441919,3.366660229,-13.12,-5.57
277,Huagapo cave,597,P00-H2,372962,1621.165621,3.364916621,3.384349205,-12.74,-5.09
277,Huagapo cave,597,P00-H2,372963,1622.794128,3.391518533,3.394584886,-12.93,-5.08
277,Huagapo cave,597,P00-H2,372964,1624.429026,3.406518558,3.368168492,-12.78,-4.91
277,Huagapo cave,597,P00-H2,372965,1626.059428,3.428109838,3.379268145,-12.92,-4.87
277,Huagapo cave,597,P00-H2,372966,1627.710676,3.441288371,3.422952339,-12.83,-4.73
277,Huagapo cave,597,P00-H2,372967,1629.347494,3.475835065,3.43639788,-13.01,-4.93
277,Huagapo cave,597,P00-H2,372968,1630.972196,3.541435476,3.428808849,-12.77,-4.7
277,Huagapo cave,597,P00-H2,372969,1632.616524,3.550962011,3.445069127,-13.01,-5.04
277,Huagapo cave,597,P00-H2,372970,1634.255233,3.56815571,3.479360072,-12.99,-4.86
277,Huagapo cave,597,P00-H2,372971,1635.888744,3.590437793,3.500286438,-13.88,-5.58
277,Huagapo cave,597,P00-H2,372972,1637.544696,3.580147565,3.563764545,-13.17,-5.22
277,Huagapo cave,597,P00-H2,372973,1639.189622,3.595562605,3.606308989,-13.37,-5.6
277,Huagapo cave,597,P00-H2,372974,1640.824091,3.607155837,3.626066315,-13.26,-5.27
277,Huagapo cave,597,P00-H2,372975,1642.45278,3.631721323,3.637208203,-13.46,-5.47
277,Huagapo cave,597,P00-H2,372976,1644.093021,3.680196745,3.699035359,-13.26,-5.28
277,Huagapo cave,597,P00-H2,372977,1645.733624,3.727470805,3.737690362,-13.17,-5.12
277,Huagapo cave,597,P00-H2,372978,1647.372026,3.761930661,3.776096613,-13.41,-4.96
277,Huagapo cave,597,P00-H2,372979,1648.999569,3.789810741,3.804564816,-13.24,-4.83
277,Huagapo cave,597,P00-H2,372980,1650.638955,3.815419886,3.842707731,-13.21,-4.88
277,Huagapo cave,597,P00-H2,372981,1652.279093,3.843206763,3.861864941,-13.48,-5.06
277,Huagapo cave,597,P00-H2,372982,1653.906852,3.868039376,3.890262385,-13.29,-5.22
277,Huagapo cave,597,P00-H2,372983,1655.550786,3.895851331,3.951960243,-13.21,-5.24
277,Huagapo cave,597,P00-H2,372984,1657.202014,3.919244732,4.005368237,-13.3,-5.19
277,Huagapo cave,597,P00-H2,372985,1658.842016,3.969883296,4.031119111,-13.27,-5.1
277,Huagapo cave,597,P00-H2,372986,1660.468251,4.016810222,4.042102435,-13.3,-5.13
277,Huagapo cave,597,P00-H2,372987,1662.09535,4.03491389,4.075977726,-13.36,-5.23
277,Huagapo cave,597,P00-H2,372988,1663.738346,4.044819897,4.105326178,-13.37,-5.25
277,Huagapo cave,597,P00-H2,372989,1665.379091,4.064006906,4.1461294,-13.45,-5.28
277,Huagapo cave,597,P00-H2,372990,1667.016506,4.112107954,4.186993888,-13.46,-5.39
277,Huagapo cave,597,P00-H2,372991,1668.647119,4.16909631,4.211722117,-13.48,-5.32
277,Huagapo cave,597,P00-H2,372992,1670.291395,4.208242796,4.258481543,-13.59,-5.32
277,Huagapo cave,597,P00-H2,372993,1671.916435,4.274624014,4.253514829,-13.36,-5.34
277,Huagapo cave,597,P00-H2,372994,1673.549203,4.31534697,4.261419465,-13.37,-5.29
277,Huagapo cave,597,P00-H2,372995,1675.183856,4.338045245,4.290259073,-13.58,-5.42
277,Huagapo cave,597,P00-H2,372996,1676.832495,4.378745926,4.347623805,-13.57,-5.46
277,Huagapo cave,597,P00-H2,372997,1678.461799,4.377698539,4.402595657,-13.79,-5.55
277,Huagapo cave,597,P00-H2,372998,1680.092231,4.390953249,4.449025594,-12.94,-5.2
277,Huagapo cave,597,P00-H2,372999,1681.739517,4.437759629,4.51449935,-13.58,-5.58
277,Huagapo cave,597,P00-H2,373000,1683.379714,4.471105274,4.550069194,-13.49,-5.52
277,Huagapo cave,597,P00-H2,373001,1685.014612,4.531780392,4.578574038,-13.47,-5.6
277,Huagapo cave,597,P00-H2,373002,1687.483094,4.560213049,4.521463816,-13.2,-5.46
277,Huagapo cave,597,P00-H2,373003,1688.715964,4.536389259,4.49913956,-13.3,-5.45
277,Huagapo cave,597,P00-H2,373004,1694.928666,4.540989161,4.458132627,-13.31,-5.46
277,Huagapo cave,597,P00-H2,373005,1701.120418,4.472445623,4.416643059,-13.09,-5.67
277,Huagapo cave,597,P00-H2,373006,1707.323355,4.425978847,4.377034972,-12.91,-5.39
277,Huagapo cave,597,P00-H2,373007,1713.540717,4.285115007,4.283759875,-13.25,-5.38
277,Huagapo cave,597,P00-H2,373008,1719.764526,4.208980886,4.320052853,-13.08,-5.32
277,Huagapo cave,597,P00-H2,373009,1725.92304,4.280487045,4.288077103,-12.92,-5.38
277,Huagapo cave,597,P00-H2,373010,1732.117562,4.398186694,4.3084599,-13.29,-5.6
277,Huagapo cave,597,P00-H2,373011,1738.330664,4.442893155,4.363846859,-12.84,-5.26
277,Huagapo cave,597,P00-H2,373012,1744.550545,4.492339052,4.35335916,-13.1,-5.18
277,Huagapo cave,597,P00-H2,373013,1750.738934,4.517594707,4.359654258,-13.08,-5.25
277,Huagapo cave,597,P00-H2,373014,1756.976061,4.572326347,4.4182694,-13.15,-5.01
277,Huagapo cave,597,P00-H2,373015,1763.193848,4.671465648,4.505865014,-13.38,-5.3
277,Huagapo cave,597,P00-H2,373016,1769.374011,4.817630083,4.523101477,-13.47,-5.22
277,Huagapo cave,597,P00-H2,373017,1775.584505,4.868257933,4.59604704,-13.7,-5.25
277,Huagapo cave,597,P00-H2,373018,1781.82852,5.002815501,4.728789943,-13.49,-5.17
277,Huagapo cave,597,P00-H2,373019,1788.036008,5.083293564,4.850882654,-13.78,-5.26
277,Huagapo cave,597,P00-H2,373020,1794.236717,5.256160997,4.966617397,-13.3,-5.11
277,Huagapo cave,597,P00-H2,373021,1800.469434,5.387590827,5.160618956,-13.62,-5.29
277,Huagapo cave,597,P00-H2,373022,1806.696965,5.490345367,5.328128164,-13.38,-5.27
277,Huagapo cave,597,P00-H2,373023,1812.928484,5.649905999,5.465729942,-13.72,-5.29
277,Huagapo cave,597,P00-H2,373024,1819.126372,5.844547933,5.59397398,-13.38,-5.21
277,Huagapo cave,597,P00-H2,373025,1825.344855,5.988572148,5.807390574,-13.74,-5.17
277,Huagapo cave,597,P00-H2,373026,1831.564467,6.144127285,6.017799837,-13.43,-5.27
277,Huagapo cave,597,P00-H2,373027,1843.969025,6.556573706,6.308675171,-13.55,-5.01
277,Huagapo cave,597,P00-H2,373028,1850.16161,6.71279208,6.47825251,-13.59,-5.49
277,Huagapo cave,597,P00-H2,373029,1856.357947,6.896099249,6.637954605,-13.27,-5.51
277,Huagapo cave,597,P00-H2,373030,1862.537018,7.092051455,6.785057131,-13.4,-5.38
277,Huagapo cave,597,P00-H2,373031,1868.75233,7.296652472,7.105787245,-12.95,-5.04
277,Huagapo cave,597,P00-H2,373032,1874.968594,7.489514184,7.207666175,-13.3,-4.61
277,Huagapo cave,597,P00-H2,373033,1881.171623,7.70628946,7.468570505,-13.26,-5.14
277,Huagapo cave,597,P00-H2,373034,1887.376821,7.836774275,7.725308074,-13.75,-5.28
277,Huagapo cave,597,P00-H2,373035,1893.578885,8.069795528,7.994067996,-13.51,-5.16
277,Huagapo cave,597,P00-H2,373036,1899.800422,8.221695466,8.201173556,-13.58,-5.26
277,Huagapo cave,597,P00-H2,373037,1906.016578,8.440419535,8.399109152,-13.45,-5.3
277,Huagapo cave,597,P00-H2,373038,1912.228146,8.595671461,8.608125708,-14.11,-5.64
277,Huagapo cave,597,P00-H2,373039,1918.456387,8.788474318,8.847435388,-13.42,-5.07
277,Huagapo cave,597,P00-H2,373040,1924.651107,9.018004087,8.995143632,-14.05,-5.62
277,Huagapo cave,597,P00-H2,373041,1930.840156,9.269080543,9.23024587,-13.78,-5.4
277,Huagapo cave,597,P00-H2,373042,1937.021825,9.426901671,9.4507544,-13.87,-5.21
277,Huagapo cave,597,P00-H2,373043,1943.262638,9.569204614,9.694472607,-13.37,-5.38
277,Huagapo cave,597,P00-H2,373044,1949.454699,9.821985296,9.885212929,-13.97,-5.18
277,Huagapo cave,597,P00-H2,373045,1955.681849,10.02311042,10.11104299,-13.74,-5.39
277,Huagapo cave,597,P00-H2,373046,1961.917972,10.21803408,10.34740341,-13.87,-5.48
277,Huagapo cave,597,P00-H2,373047,1968.117683,10.44729927,10.53315833,-13.15,-5.17
277,Huagapo cave,597,P00-H2,373048,1980.521132,10.91476075,10.92812172,-12.93,-4.84
277,Huagapo cave,597,P00-H2,373049,1986.730439,11.11636403,11.12464033,-13.47,-5.21
277,Huagapo cave,597,P00-H2,373050,1992.947751,11.3205038,11.31382859,-13.46,-4.99
277,Huagapo cave,597,P00-H2,373051,1999.146292,11.55922629,11.53436916,-13.52,-5.49
277,Huagapo cave,597,P00-H2,373052,2005.346475,11.83734577,11.7776287,-13.61,-5.13
277,Huagapo cave,597,P00-H2,373053,2011.54364,12.09381025,11.97364096,-13.22,-5.28
277,Huagapo cave,597,P00-H2,373054,2017.792248,12.25707843,12.26979162,-13.22,-5.04
277,Huagapo cave,597,P00-H2,373055,2023.957077,12.49427431,12.49502866,-13.9,-5.44
277,Huagapo cave,597,P00-H2,373056,2030.1728,12.70513872,12.71706865,-13.3,-5.1
277,Huagapo cave,597,P00-H2,373057,2036.374673,12.94191395,12.99861238,-13.68,-5.42
277,Huagapo cave,597,P00-H2,373058,2042.558383,13.19409151,13.17042121,-13.07,-5.13
277,Huagapo cave,597,P00-H2,373059,2048.03027,13.11811155,13.23068334,-13.47,-4.87
277,Huagapo cave,597,P00-H2,373060,2053.044541,12.9450658,13.07710907,-12.94,-4.91
277,Huagapo cave,597,P00-H2,373061,2058.021333,12.8008582,12.99566855,-13.51,-5.16
277,Huagapo cave,597,P00-H2,373062,2062.986427,12.71599287,12.88577371,-12.84,-4.76
277,Huagapo cave,597,P00-H2,373063,2067.926696,12.70890792,12.72421922,-13.81,-5.02
277,Huagapo cave,597,P00-H2,373064,2072.913345,12.47740605,12.60570058,-13.26,-5.27
277,Huagapo cave,597,P00-H2,373065,2077.805055,12.39624195,12.41536978,-13.93,-5.64
277,Huagapo cave,597,P00-H2,373066,2082.785817,12.33772754,12.23712419,-13.1,-5.13
277,Huagapo cave,597,P00-H2,373067,2087.73078,12.22211419,12.08981333,-13.65,-5.18
277,Huagapo cave,597,P00-H2,373068,2092.776279,12.10145994,12.05894015,-13.1,-4.96
277,Huagapo cave,597,P00-H2,373069,2097.758015,11.91232107,11.93948954,-13.63,-5.11
277,Huagapo cave,597,P00-H2,373070,2107.716357,11.77333328,11.76326881,-13.27,-5.27
277,Huagapo cave,597,P00-H2,373071,2117.734762,11.48625291,11.68797264,-13.31,-5.26
277,Huagapo cave,597,P00-H2,373072,2122.734986,11.28863199,11.64380558,-13.34,-5.23
277,Huagapo cave,597,P00-H2,373073,2127.762396,11.10477184,11.65784312,-13.66,-5.21
277,Huagapo cave,597,P00-H2,373074,2132.716945,10.96928395,11.55752899,-13.14,-5.13
277,Huagapo cave,597,P00-H2,373075,2137.687236,10.89924727,11.47761393,-13.58,-5.21
277,Huagapo cave,597,P00-H2,373076,2142.674501,10.84401284,11.46573158,-13.21,-5
277,Huagapo cave,597,P00-H2,373077,2147.60459,10.86904157,11.37989139,-13.78,-5.2
277,Huagapo cave,597,P00-H2,373078,2152.554911,10.86976465,11.27186243,-13.39,-5.09
277,Huagapo cave,597,P00-H2,373079,2157.5451,10.78749645,11.14129099,-13.76,-5.42
277,Huagapo cave,597,P00-H2,373080,2162.481551,10.6628833,11.01054036,-13.26,-5.38
277,Huagapo cave,597,P00-H2,373081,2167.472454,10.48503569,10.95655467,-13.4,-5.62
277,Huagapo cave,597,P00-H2,373082,2172.471346,10.3578331,10.8580714,-13.09,-5.58
277,Huagapo cave,597,P00-H2,373083,2177.437384,10.37773834,10.80061322,-13.43,-5.72
277,Huagapo cave,597,P00-H2,373084,2182.43523,10.38125213,10.74218756,-13.63,-5.69
277,Huagapo cave,597,P00-H2,373085,2187.391306,10.36507938,10.64500695,-13.77,-5.76
277,Huagapo cave,597,P00-H2,373086,2192.350881,10.40673823,10.5479248,-13.98,-5.72
277,Huagapo cave,597,P00-H2,373087,2197.352115,10.45682443,10.43681554,-13.95,-5.8
277,Huagapo cave,597,P00-H2,373088,2202.381631,10.3404282,10.45453557,-13.74,-5.61
277,Huagapo cave,597,P00-H2,373089,2207.37743,10.38468037,10.38843908,-13.72,-5.76
277,Huagapo cave,597,P00-H2,373090,2212.401324,10.36987206,10.39919357,-13.45,-5.41
277,Huagapo cave,597,P00-H2,373091,2217.375061,10.37751788,10.3299566,-13.35,-5.58
277,Huagapo cave,597,P00-H2,373092,2222.317692,10.46996403,10.14588433,-13.48,-5.49
277,Huagapo cave,597,P00-H2,373093,2232.28465,10.47126486,10.10052735,-13.41,-5.44
277,Huagapo cave,597,P00-H2,373094,2237.254749,10.42340267,10.04455651,-13.5,-5.57
277,Huagapo cave,597,P00-H2,373095,2242.188225,10.51965635,9.921359681,-13.59,-5.26
277,Huagapo cave,597,P00-H2,373096,2247.156364,10.5384167,10.01338895,-13.55,-5.34
277,Huagapo cave,597,P00-H2,373097,2252.119571,10.53322309,10.03341482,-13.24,-5.11
277,Huagapo cave,597,P00-H2,373098,2257.088105,10.59066431,10.12923678,-13.51,-5.4
277,Huagapo cave,597,P00-H2,373099,2262.05314,10.70900527,10.16844371,-13.44,-5.22
277,Huagapo cave,597,P00-H2,373100,2267.019145,10.72268407,10.21814307,-13.52,-5.39
277,Huagapo cave,597,P00-H2,373101,2271.971852,10.83556196,10.13841444,-14.02,-5.82
277,Huagapo cave,597,P00-H2,373102,2276.917376,10.95425107,10.12332111,-13.66,-5.6
277,Huagapo cave,597,P00-H2,373103,2281.908145,10.92743479,10.11859716,-13.35,-5.35
277,Huagapo cave,597,P00-H2,373104,2286.865805,10.97622173,10.19264675,-13.76,-5.53
277,Huagapo cave,597,P00-H2,373105,2291.888297,10.97201749,10.3451658,-13.4,-5.24
277,Huagapo cave,597,P00-H2,373106,2306.758544,11.14792986,10.34018324,-13.36,-5.52
277,Huagapo cave,597,P00-H2,373107,2311.714711,11.26561668,10.4176905,-13.68,-5.59
277,Huagapo cave,597,P00-H2,373108,2316.73553,11.2794688,10.62034575,-13.84,-5.51
277,Huagapo cave,597,P00-H2,373109,2321.728103,11.27019885,10.61541705,-13.58,-5.61
277,Huagapo cave,597,P00-H2,373110,2326.733078,11.28649045,10.70922442,-13.81,-5.56
277,Huagapo cave,597,P00-H2,373111,2331.772048,11.28996979,10.83330064,-13.35,-5.4
277,Huagapo cave,597,P00-H2,373112,2336.745285,11.40815749,10.90179673,-13.65,-5.62
277,Huagapo cave,597,P00-H2,373113,2341.729654,11.5380838,11.02262447,-13.25,-5.47
277,Huagapo cave,597,P00-H2,373114,2346.683101,11.65861061,11.12896976,-14.09,-5.68
277,Huagapo cave,597,P00-H2,373115,2351.635969,11.76937002,11.20920517,-13.8,-5.98
277,Huagapo cave,597,P00-H2,373116,2356.633159,11.81049025,11.45061321,-13.7,-5.3
277,Huagapo cave,597,P00-H2,373117,2361.637237,11.86572601,11.61343399,-12.97,-5.36
277,Huagapo cave,597,P00-H2,373118,2366.627444,11.9956325,11.76002189,-13.84,-5.74
277,Huagapo cave,597,P00-H2,373119,2371.628235,12.09047227,11.95087079,-13.43,-5.35
277,Huagapo cave,597,P00-H2,373120,2376.5939,12.19551515,11.95467957,-13.95,-5.54
277,Huagapo cave,597,P00-H2,373121,2381.59643,12.32093029,12.07085963,-13.79,-5.54
277,Huagapo cave,597,P00-H2,373122,2386.530864,12.49873329,12.24567752,-14.1,-5.63
277,Huagapo cave,597,P00-H2,373123,2391.534208,12.55954096,12.48940632,-13.27,-5.36
277,Huagapo cave,597,P00-H2,373124,2396.55261,12.56204291,12.65313181,-13.78,-5.17
277,Huagapo cave,597,P00-H2,373125,2401.532294,12.66115059,12.78176528,-13.37,-5
277,Huagapo cave,597,P00-H2,373126,2406.517387,12.71820582,13.00490328,-13.82,-5.16
277,Huagapo cave,597,P00-H2,373127,2411.47049,12.88049948,13.10701986,-13.93,-5.37
277,Huagapo cave,597,P00-H2,373128,2416.462654,12.97056029,13.28552519,-13.87,-5.48
277,Huagapo cave,597,P00-H2,373129,2421.450007,13.17570631,13.4411183,-13.5,-5.37
277,Huagapo cave,597,P00-H2,373130,2426.414056,13.32728592,13.60330269,-13.94,-5.54
277,Huagapo cave,597,P00-H2,373131,2431.348154,13.36781736,13.75850633,-13.77,-5.5
277,Huagapo cave,597,P00-H2,373132,2436.306194,13.57930664,13.9326861,-13.87,-5.47
277,Huagapo cave,597,P00-H2,373133,2441.261652,13.83583015,14.13324492,-13.02,-5.05
277,Huagapo cave,597,P00-H2,373134,2446.213196,14.09945615,14.24654852,-14.11,-5.41
277,Huagapo cave,597,P00-H2,373135,2451.197112,14.19019938,14.36810844,-13.79,-5.3
277,Huagapo cave,597,P00-H2,373136,2456.185854,14.32877639,14.59632632,-13.99,-5.5
277,Huagapo cave,597,P00-H2,373137,2461.204132,14.52750129,14.82692613,-13.66,-5.35
277,Huagapo cave,597,P00-H2,373138,2466.199009,14.75331299,15.08418725,-13.81,-5.43
277,Huagapo cave,597,P00-H2,373139,2471.190656,14.835924,15.29345474,-13.28,-5.15
277,Huagapo cave,597,P00-H2,373140,2476.159836,15.06387659,15.5184984,-13.89,-5.28
277,Huagapo cave,597,P00-H2,373141,2481.120482,15.28572481,15.6960406,-13.21,-5.09
277,Huagapo cave,597,P00-H2,373142,2486.106577,15.43567355,15.8842217,-13.46,-5.14
277,Huagapo cave,597,P00-H2,373143,2491.076597,15.6469381,16.05868675,-13.37,-5.2
277,Huagapo cave,597,P00-H2,373144,2495.910376,15.6596145,15.993336,-13.87,-5.28
277,Huagapo cave,597,P00-H2,373145,2500.621642,15.56587973,15.81298039,-13.22,-5.21
277,Huagapo cave,597,P00-H2,373146,2505.335141,15.48725467,15.59873712,-13.17,-5.01
277,Huagapo cave,597,P00-H2,373147,2510.030138,15.3290599,15.39753818,-13.22,-5.01
277,Huagapo cave,597,P00-H2,373148,2514.791163,15.16885786,15.25589576,-13.38,-5.09
277,Huagapo cave,597,P00-H2,373149,2519.510306,15.04912918,15.18212438,-13.13,-4.92
277,Huagapo cave,597,P00-H2,373150,2524.256891,14.78935344,15.06486039,-12.95,-4.99
277,Huagapo cave,597,P00-H2,373151,2528.927081,14.59134383,14.85657989,-13.4,-5.12
277,Huagapo cave,597,P00-H2,373152,2533.628505,14.55790698,14.80329452,-12.97,-4.96
277,Huagapo cave,597,P00-H2,373153,2538.298033,14.54259412,14.65105938,-11.88,-4.67
277,Huagapo cave,597,P00-H2,373154,2542.994119,14.43173006,14.4392295,-13.26,-5
277,Huagapo cave,597,P00-H2,373155,2547.790071,14.13637527,14.36938719,-13.25,-4.93
277,Huagapo cave,597,P00-H2,373156,2552.547605,14.01602487,14.33381011,-12.95,-4.9
277,Huagapo cave,597,P00-H2,373157,2557.204171,13.99314705,14.20187397,-11.99,-4.71
277,Huagapo cave,597,P00-H2,373158,2561.936266,13.89731561,14.12824968,-13.42,-5.34
277,Huagapo cave,597,P00-H2,373159,2566.627015,13.72984795,14.15713695,-13.28,-5.37
277,Huagapo cave,597,P00-H2,373160,2571.304267,13.68433882,13.97011565,-13.27,-5.29
277,Huagapo cave,597,P00-H2,373161,2576.092917,13.56667161,13.87341509,-13.31,-5.1
277,Huagapo cave,597,P00-H2,373162,2580.807455,13.36694618,13.81634456,-12.91,-5.1
277,Huagapo cave,597,P00-H2,373163,2585.477689,13.382878,13.69679835,-13.2,-5.28
277,Huagapo cave,597,P00-H2,373164,2590.241184,13.17755509,13.68771258,-13.34,-5.4
277,Huagapo cave,597,P00-H2,373165,2594.98115,13.07147761,13.6699214,-13.45,-5.5
277,Huagapo cave,597,P00-H2,373166,2599.688047,13.01541918,13.64630227,-13.33,-5.24
277,Huagapo cave,597,P00-H2,373167,2604.386659,12.84345015,13.5137525,-13.23,-5.37
277,Huagapo cave,597,P00-H2,373168,2609.070189,12.86498176,13.36947297,-13.39,-5.47
277,Huagapo cave,597,P00-H2,373169,2613.826506,12.71573728,13.26146565,-13.41,-5.55
277,Huagapo cave,597,P00-H2,373170,2618.481342,12.69908981,13.21837248,-13.34,-5.44
277,Huagapo cave,597,P00-H2,373171,2623.217623,12.62469602,13.13654774,-13.21,-5.33
277,Huagapo cave,597,P00-H2,373172,2627.928984,12.49608079,13.03837156,-12.04,-4.56
277,Huagapo cave,597,P00-H2,373173,2632.676508,12.49632531,13.02740838,-13.06,-5.22
277,Huagapo cave,597,P00-H2,373174,2637.389769,12.41054625,12.94079916,-12.63,-5
277,Huagapo cave,597,P00-H2,373175,2642.089171,12.44746117,12.88434674,-13.09,-5.12
277,Huagapo cave,597,P00-H2,373176,2646.8441,12.41092872,12.85559774,-12.56,-4.76
277,Huagapo cave,597,P00-H2,373177,2651.553103,12.3912255,12.77408157,-13.17,-5.24
277,Huagapo cave,597,P00-H2,373178,2656.317698,12.33715809,12.8286602,-12.71,-4.92
277,Huagapo cave,597,P00-H2,373179,2661.037069,12.33916321,12.79792236,-13.28,-5.17
277,Huagapo cave,597,P00-H2,373180,2665.732338,12.34439615,12.76528267,-13.05,-4.92
277,Huagapo cave,597,P00-H2,373181,2670.48788,12.31104466,12.71296442,-13.14,-5.01
277,Huagapo cave,597,P00-H2,373182,2675.218294,12.28517238,12.64616084,-13.46,-5.25
277,Huagapo cave,597,P00-H2,373183,2679.933703,12.26225073,12.61738758,-13.46,-5.25
277,Huagapo cave,597,P00-H2,373184,2684.652797,12.23454733,12.54072112,-13.36,-5.14
277,Huagapo cave,597,P00-H2,373185,2689.355075,12.21755437,12.53831959,-13.3,-5.25
277,Huagapo cave,597,P00-H2,373186,2694.002288,12.27811818,12.46059694,-13.53,-5.37
277,Huagapo cave,597,P00-H2,373187,2698.668449,12.37941847,12.43331081,-13.05,-5.03
277,Huagapo cave,597,P00-H2,373188,2703.335787,12.40465926,12.42851629,-13.03,-5.12
277,Huagapo cave,597,P00-H2,373189,2708.0768,12.31974729,12.45937835,-12.74,-4.85
277,Huagapo cave,597,P00-H2,373190,2712.77067,12.32027825,12.42432482,-13.54,-5.37
277,Huagapo cave,597,P00-H2,373191,2717.445009,12.30403518,12.31510974,-13.29,-5.23
277,Huagapo cave,597,P00-H2,373192,2722.201985,12.23665147,12.35575385,-13.55,-5.42
277,Huagapo cave,597,P00-H2,373193,2726.91132,12.210609,12.44142425,-13.5,-5.46
277,Huagapo cave,597,P00-H2,373194,2731.61359,12.21079346,12.42802894,-13.65,-5.41
277,Huagapo cave,597,P00-H2,373195,2736.302448,12.30114504,12.40118149,-13.28,-5.33
277,Huagapo cave,597,P00-H2,373196,2741.000097,12.36788171,12.4199276,-13.67,-5.43
277,Huagapo cave,597,P00-H2,373197,2745.75041,12.38469695,12.37973515,-13.5,-5.34
277,Huagapo cave,597,P00-H2,373198,2750.448685,12.43465781,12.3825039,-13.43,-5.47
277,Huagapo cave,597,P00-H2,373199,2755.15573,12.518739,12.4858049,-13.73,-5.46
277,Huagapo cave,597,P00-H2,373200,2759.844286,12.51677504,12.5479826,-13.51,-5.55
277,Huagapo cave,597,P00-H2,373201,2764.575028,12.52840637,12.65916573,-12.95,-5.16
277,Huagapo cave,597,P00-H2,373202,2769.27726,12.53771967,12.74253273,-13.38,-5.39
277,Huagapo cave,597,P00-H2,373203,2773.974409,12.57494715,12.76082583,-13.75,-5.44
277,Huagapo cave,597,P00-H2,373204,2778.689013,12.64172886,12.87237326,-13.72,-5.43
277,Huagapo cave,597,P00-H2,373205,2783.392783,12.70583034,12.92130485,-13.61,-5.47
277,Huagapo cave,597,P00-H2,373206,2788.037617,12.75492611,12.95945973,-13.89,-5.43
277,Huagapo cave,597,P00-H2,373207,2792.717226,12.90844586,13.0372966,-13.46,-5.17
277,Huagapo cave,597,P00-H2,373208,2797.444376,12.95249038,13.12157881,-13.64,-5.37
277,Huagapo cave,597,P00-H2,373209,2802.139634,13.02325762,13.14055203,-13.32,-5.38
277,Huagapo cave,597,P00-H2,373210,2806.89962,13.07098177,13.23243512,-13.22,-5.16
277,Huagapo cave,597,P00-H2,373211,2811.612524,13.14197774,13.31159956,-13.28,-5.09
277,Huagapo cave,597,P00-H2,373212,2816.305877,13.33923374,13.36140017,-13.7,-5.27
277,Huagapo cave,597,P00-H2,373213,2820.927625,13.52324972,13.30918099,-13.2,-4.9
277,Huagapo cave,597,P00-H2,373214,2825.643378,13.59137483,13.37740116,-13.5,-4.99
277,Huagapo cave,597,P00-H2,373215,2830.381267,13.69435088,13.46098453,-13.15,-4.94
277,Huagapo cave,597,P00-H2,373216,2835.121038,13.76496686,13.64111915,-13.39,-5.19
277,Huagapo cave,597,P00-H2,373217,2839.872103,13.82769152,13.84401386,-13.39,-5.25
277,Huagapo cave,597,P00-H2,373218,2844.572618,14.07337142,13.86613922,-13.37,-5.03
277,Huagapo cave,597,P00-H2,373219,2849.324503,14.21024167,13.9405889,-13.5,-5.31
277,Huagapo cave,597,P00-H2,373220,2854.073846,14.28113142,14.03808584,-13.41,-5.14
277,Huagapo cave,597,P00-H2,373221,2858.793008,14.40542729,14.12004814,-13.38,-4.96
277,Huagapo cave,597,P00-H2,373222,2863.540882,14.43763293,14.2812378,-13.37,-5.03
277,Huagapo cave,597,P00-H2,373223,2868.261011,14.46776099,14.39692495,-13.23,-5.03
277,Huagapo cave,597,P00-H2,373224,2872.946638,14.58872858,14.5261445,-13.46,-5.02
277,Huagapo cave,597,P00-H2,373225,2877.715146,14.72798099,14.63737424,-13.43,-5.16
277,Huagapo cave,597,P00-H2,373226,2882.403971,14.94309633,14.73835232,-13.41,-5.23
277,Huagapo cave,597,P00-H2,373227,2887.11473,15.08090011,14.97503129,-13.36,-5.3
277,Huagapo cave,597,P00-H2,373228,2891.807992,15.25634485,14.98768096,-13.26,-5.01
277,Huagapo cave,597,P00-H2,373229,2896.489194,15.43302473,15.08080593,-13.24,-5.08
277,Huagapo cave,597,P00-H2,373230,2901.186252,15.57707226,15.21769287,-13.22,-5.03
277,Huagapo cave,597,P00-H2,373231,2905.907964,15.64004919,15.31864919,-13.2,-5.25
277,Huagapo cave,597,P00-H2,373232,2910.630945,15.76291266,15.41004099,-13.4,-5.17
277,Huagapo cave,597,P00-H2,373233,2920.113224,15.95272935,15.65014845,-13.33,-5.16
277,Huagapo cave,597,P00-H2,373234,2924.8006,16.11628859,15.84195699,-13.15,-5.21
277,Huagapo cave,597,P00-H2,373235,2929.495473,16.32508596,16.01498392,-13.36,-5.24
277,Huagapo cave,597,P00-H2,373236,2934.185182,16.50141921,16.11540346,-13.33,-5.22
277,Huagapo cave,597,P00-H2,373237,2943.654473,16.88454484,16.57119798,-13.27,-5.22
277,Huagapo cave,597,P00-H2,373238,2948.410547,17.04523702,16.85053585,-13.18,-5.09
277,Huagapo cave,597,P00-H2,373239,2953.111616,17.25462134,17.04025671,-13.26,-5.18
277,Huagapo cave,597,P00-H2,373240,2962.565986,17.57577024,17.28171494,-13.37,-5.16
277,Huagapo cave,597,P00-H2,373241,2967.315398,17.74867209,17.54332704,-13.23,-5.13
277,Huagapo cave,597,P00-H2,373242,2972.060867,17.84507612,17.77774093,-13.4,-5.16
277,Huagapo cave,597,P00-H2,373243,2976.766211,17.96357361,17.90581755,-13.19,-5.03
277,Huagapo cave,597,P00-H2,373244,2981.46621,18.08920138,17.95306664,-13.2,-5.1
277,Huagapo cave,597,P00-H2,373245,2986.148918,18.2752915,18.06632088,-13.28,-5.17
277,Huagapo cave,597,P00-H2,373246,2990.889025,18.43788337,18.32888162,-13.42,-5.06
277,Huagapo cave,597,P00-H2,373247,2995.587108,18.57615367,18.4647344,-13.21,-4.98
277,Huagapo cave,597,P00-H2,373248,3000.302811,18.74107449,18.64808912,-13.36,-5.29
277,Huagapo cave,597,P00-H2,373249,3005.026026,18.96623615,18.79668556,-13.31,-5.27
277,Huagapo cave,597,P00-H2,373250,3009.763612,19.12639153,19.03935163,-13.59,-5.53
277,Huagapo cave,597,P00-H2,373251,3014.452445,19.31114071,19.23607329,-13.43,-5.44
277,Huagapo cave,597,P00-H2,373252,3019.162007,19.38486217,19.36679791,-13.33,-5.38
277,Huagapo cave,597,P00-H2,373253,3023.88997,19.52265643,19.48909483,-13.48,-5.09
277,Huagapo cave,597,P00-H2,373254,3028.602054,19.62293836,19.59551196,-13.86,-5.31
277,Huagapo cave,597,P00-H2,373255,3033.348566,19.68847497,19.80726944,-13.78,-5.22
277,Huagapo cave,597,P00-H2,373256,3038.08496,19.87040597,20.04069012,-13.66,-5.34
277,Huagapo cave,597,P00-H2,373257,3042.344363,19.70173464,20.0919444,-13,-5.06
277,Huagapo cave,597,P00-H2,373258,3046.328797,19.7120643,19.93948864,-13.33,-5.34
277,Huagapo cave,597,P00-H2,373259,3050.307122,19.58066393,19.81286167,-13.04,-5.23
277,Huagapo cave,597,P00-H2,373260,3054.295411,19.44178883,19.93758747,-13.31,-5.27
277,Huagapo cave,597,P00-H2,373261,3058.267101,19.1671824,19.83225919,-13.33,-5.24
277,Huagapo cave,597,P00-H2,373262,3062.27593,19.16553607,19.99909786,-13.81,-5.46
277,Huagapo cave,597,P00-H2,373263,3066.158629,19.42731944,19.97357265,-13.26,-5.17
277,Huagapo cave,597,P00-H2,373264,3070.21877,19.30175899,20.23072974,-13.31,-5.23
277,Huagapo cave,597,P00-H2,373265,3074.237356,19.41746144,20.20362959,-13.3,-5.08
277,Huagapo cave,597,P00-H2,373266,3078.277473,19.33635087,20.04743591,-13.52,-5.31
277,Huagapo cave,597,P00-H2,373267,3082.24677,19.22696735,20.12382326,-13.39,-5.16
277,Huagapo cave,597,P00-H2,373268,3086.319746,19.15953691,20.11387585,-13.37,-5.3
277,Huagapo cave,597,P00-H2,373269,3090.325037,19.26747789,19.98742486,-13.63,-5.3
277,Huagapo cave,597,P00-H2,373270,3098.264375,19.05530266,19.76029632,-13.48,-5.28
277,Huagapo cave,597,P00-H2,373271,3102.279908,18.8650169,19.72360034,-13.45,-5.31
277,Huagapo cave,597,P00-H2,373272,3106.278734,18.73978555,19.85221018,-13.37,-5.14
277,Huagapo cave,597,P00-H2,373273,3110.169071,18.79227157,19.95808656,-13.52,-5.26
277,Huagapo cave,597,P00-H2,373274,3114.07349,18.81896134,19.85720083,-13.25,-5.02
277,Huagapo cave,597,P00-H2,373275,3118.052307,18.83394312,19.94534942,-13.37,-5.12
277,Huagapo cave,597,P00-H2,373276,3122.012144,19.01493733,19.81454934,-13.11,-5.11
277,Huagapo cave,597,P00-H2,373277,3125.990057,19.1151916,19.63540841,-13.26,-5.05
277,Huagapo cave,597,P00-H2,373278,3129.985045,19.23223276,19.58549448,-13.38,-5.27
277,Huagapo cave,597,P00-H2,373279,3134.016298,19.33699136,19.80120345,-13.41,-5.34
277,Huagapo cave,597,P00-H2,373280,3138.037544,19.50929964,20.08134597,-13.35,-5.08
277,Huagapo cave,597,P00-H2,373281,3141.962215,19.67289133,19.94626078,-13.34,-5.29
277,Huagapo cave,597,P00-H2,373282,3145.955152,19.6330446,19.91228114,-13.37,-5.44
277,Huagapo cave,597,P00-H2,373283,3149.856088,19.78715218,19.81481084,-13.21,-5.41
277,Huagapo cave,597,P00-H2,373284,3153.767283,19.95877491,19.64659889,-13.55,-5.24
277,Huagapo cave,597,P00-H2,373285,3157.730089,19.97037078,19.58546504,-13.17,-5.13
277,Huagapo cave,597,P00-H2,373286,3161.662532,20.01504683,19.51294571,-13.27,-5.1
277,Huagapo cave,597,P00-H2,373287,3165.675266,20.0444503,19.6158214,-13.01,-5.19
277,Huagapo cave,597,P00-H2,373288,3173.626081,20.37113785,19.71075252,-13.4,-5.5
277,Huagapo cave,597,P00-H2,373289,3177.526998,20.5750461,19.66252484,-13.52,-5.44
277,Huagapo cave,597,P00-H2,373290,3181.60453,20.66098496,19.92924452,-12.82,-5.11
277,Huagapo cave,597,P00-H2,373291,3185.484434,20.86527419,19.99468303,-13.07,-5.18
277,Huagapo cave,597,P00-H2,373292,3189.550059,20.74910337,20.1372936,-13.18,-5.2
277,Huagapo cave,597,P00-H2,373293,3197.644548,20.66816711,20.4171424,-12.98,-5.06
277,Huagapo cave,597,P00-H2,373294,3205.577867,21.14190823,20.97564698,-13.47,-5.38
277,Huagapo cave,597,P00-H2,373295,3213.461826,21.73438572,21.47621912,-13.61,-5.48
277,Huagapo cave,597,P00-H2,373296,3221.495572,22.06292591,22.05670799,-13.68,-5.27
277,Huagapo cave,597,P00-H2,373297,3229.343816,22.28153075,22.15562881,-13.45,-5.28
277,Huagapo cave,597,P00-H2,373298,3237.420478,22.67027011,22.79419724,-13.49,-5.27
277,Huagapo cave,597,P00-H2,373299,3245.36531,22.9491535,23.29695975,-13.44,-5.26
277,Huagapo cave,597,P00-H2,373300,3253.228734,23.24041389,23.60378862,-13.37,-5.25
277,Huagapo cave,597,P00-H2,373301,3261.127,23.84264945,23.96685539,-13.12,-4.95
277,Huagapo cave,597,P00-H2,373302,3265.109321,24.10431288,24.24504959,-13.29,-5.14
277,Huagapo cave,597,P00-H2,373303,3269.138693,24.28360739,24.4084243,-13.61,-5.32
277,Huagapo cave,597,P00-H2,373304,3277.088518,24.8852662,24.86150409,-13.71,-5.51
277,Huagapo cave,597,P00-H2,373305,3281.008433,25.1670755,25.03839864,-13.54,-5.39
277,Huagapo cave,597,P00-H2,373306,3284.952466,25.44494583,25.33878495,-13.55,-5.48
277,Huagapo cave,597,P00-H2,373307,3292.859105,25.99342682,25.76550058,-12.91,-4.85
277,Huagapo cave,597,P00-H2,373308,3296.818577,26.34159448,25.9847775,-13.32,-5.11
277,Huagapo cave,597,P00-H2,373309,3300.725918,26.70257613,26.23715343,-13.56,-5.19
277,Huagapo cave,597,P00-H2,373310,3304.726684,26.95676929,26.54457485,-13.58,-5.15
277,Huagapo cave,597,P00-H2,373311,3308.732779,27.24325857,26.7195845,-13.7,-5.38
277,Huagapo cave,597,P00-H2,373312,3312.718047,27.53924622,26.95119104,-13.38,-5.17
277,Huagapo cave,597,P00-H2,373313,3316.698149,27.69151328,27.10066869,-13.65,-5.28
277,Huagapo cave,597,P00-H2,373314,3320.653644,27.85042623,27.42635403,-13.52,-5.23
277,Huagapo cave,597,P00-H2,373315,3324.678833,27.93631498,27.76784547,-12.95,-5.03
277,Huagapo cave,597,P00-H2,373316,3328.621814,28.08324637,28.13185515,-13.31,-5.29
277,Huagapo cave,597,P00-H2,373317,3336.505939,28.59473846,28.63414784,-13.79,-5.35
277,Huagapo cave,597,P00-H2,373318,3340.443124,28.88969851,28.79945271,-13.31,-5.21
277,Huagapo cave,597,P00-H2,373319,3344.538554,29.09340623,29.08253836,-13.63,-5.27
277,Huagapo cave,597,P00-H2,373320,3348.573,29.33645577,29.39218314,-13.44,-5.37
277,Huagapo cave,597,P00-H2,373321,3352.649067,29.47949161,29.59784454,-13.66,-5.29
277,Huagapo cave,597,P00-H2,373322,3356.614303,29.7131467,29.69455545,-13.55,-5.27
277,Huagapo cave,597,P00-H2,373323,3360.554849,30.0659165,29.86596199,-13.01,-5.18
277,Huagapo cave,597,P00-H2,373324,3364.612993,30.26934472,30.10865711,-13.44,-5.4
277,Huagapo cave,597,P00-H2,373325,3368.580957,30.52367682,30.45690598,-13.42,-5.19
277,Huagapo cave,597,P00-H2,373326,3372.560369,30.83938314,30.79653102,-13.06,-4.98
277,Huagapo cave,597,P00-H2,373327,3376.621004,31.07386598,31.1165098,-13.09,-4.98
277,Huagapo cave,597,P00-H2,373328,3380.629734,31.18637241,31.43097992,-13.53,-5.13
277,Huagapo cave,597,P00-H2,373329,3384.671669,31.34271644,31.8110926,-13.56,-5.02
277,Huagapo cave,597,P00-H2,373330,3388.731875,31.72620652,32.0825715,-12.93,-4.89
277,Huagapo cave,597,P00-H2,373331,3392.813218,31.87851054,32.42471524,-13.04,-5.04
277,Huagapo cave,597,P00-H2,373332,3396.71439,32.19357085,32.80541301,-13.6,-5.39
277,Huagapo cave,597,P00-H2,373333,3400.702617,32.51821887,33.09584736,-13.46,-5.37
277,Huagapo cave,597,P00-H2,373334,3404.736444,32.78492584,33.53792753,-13.51,-5.37
277,Huagapo cave,597,P00-H2,373335,3408.747445,32.98447456,33.92032475,-13.04,-4.97
277,Huagapo cave,597,P00-H2,373336,3412.755621,33.25188379,34.18796224,-13.75,-5.35
277,Huagapo cave,597,P00-H2,373337,3420.662189,33.87822534,34.58664078,-13.18,-5.2
277,Huagapo cave,597,P00-H2,373338,3428.663637,34.33281475,35.0931535,-13.1,-5.19
277,Huagapo cave,597,P00-H2,373339,3436.541396,34.91355503,35.78689543,-12.88,-5.08
277,Huagapo cave,597,P00-H2,373340,3444.449669,35.51218507,36.36929346,-13.36,-5.5
277,Huagapo cave,597,P00-H2,373341,3452.302673,36.15112631,36.75944555,-13.44,-5.31
277,Huagapo cave,597,P00-H2,373342,3460.238513,36.946327,37.42007381,-13.35,-5.28
277,Huagapo cave,597,P00-H2,373343,3468.236119,37.55059033,38.22707959,-12.99,-4.87
277,Huagapo cave,597,P00-H2,373344,3476.063154,38.02275581,38.63631153,-12.82,-4.9
277,Huagapo cave,597,P00-H2,373345,3484.023337,38.38234286,39.30227677,-13.21,-5.14
277,Huagapo cave,597,P00-H2,373346,3491.887224,39.09382116,39.66392932,-13.53,-5.31
277,Huagapo cave,597,P00-H2,373347,3499.897843,39.69729592,40.36454465,-13.02,-5.16
277,Huagapo cave,597,P00-H2,373348,3515.687562,40.86963626,41.89033705,-13.31,-5.25
277,Huagapo cave,597,P00-H2,373349,3531.83996,41.76785425,43.60132254,-13.66,-5.51
277,Huagapo cave,597,P00-H2,373350,3539.755861,42.2851209,43.98924266,-13.15,-5.28
277,Huagapo cave,597,P00-H2,373351,3547.729128,42.86428213,44.37695057,-13.46,-5.46
277,Huagapo cave,597,P00-H2,373352,3555.654268,43.41583099,44.91819854,-13.45,-5.58
277,Huagapo cave,597,P00-H2,373353,3563.693346,43.90509899,45.81327962,-12.97,-5.12
277,Huagapo cave,597,P00-H2,373354,3571.779141,44.41140689,46.80223808,-12.9,-5.18
277,Huagapo cave,597,P00-H2,373355,3579.818766,45.08763665,47.68503726,-13.43,-5.42
277,Huagapo cave,597,P00-H2,373356,3595.645268,46.28729723,49.17466805,-12.83,-4.92
277,Huagapo cave,597,P00-H2,373357,3603.566155,46.84151167,49.9037492,-12.67,-4.76
277,Huagapo cave,597,P00-H2,373358,3619.416328,48.11310086,51.09002749,-13.52,-5.25
277,Huagapo cave,597,P00-H2,373359,3627.515458,48.74079235,52.02187473,-13.28,-5.2
277,Huagapo cave,597,P00-H2,373360,3635.610102,49.37296936,52.94286931,-13.05,-5.02
277,Huagapo cave,597,P00-H2,373361,3643.614865,50.09502744,53.81538491,-13.56,-5.57
277,Huagapo cave,597,P00-H2,373362,3667.595264,52.29183909,56.10444577,-13.02,-5.09
277,Huagapo cave,597,P00-H2,373363,3683.56089,53.66650162,57.62943825,-13.1,-5.14
277,Huagapo cave,597,P00-H2,373364,3699.589204,54.83192308,58.77061239,-12.6,-4.97
277,Huagapo cave,597,P00-H2,373365,3731.463224,56.71303866,61.23229855,-12.44,-4.78
277,Huagapo cave,597,P00-H2,373366,3739.500482,57.20699475,61.96678253,-13.14,-5.25
277,Huagapo cave,597,P00-H2,373367,3747.444076,57.87570371,62.54250543,-13.23,-5.46
277,Huagapo cave,597,P00-H2,373368,3755.422678,58.50305115,63.19904345,-12.73,-4.86
277,Huagapo cave,597,P00-H2,373369,3763.566429,59.03616276,64.02073146,-12.55,-4.82
277,Huagapo cave,597,P00-H2,373370,3772.736991,58.45623662,63.20354969,-12.86,-4.92
277,Huagapo cave,597,P00-H2,373371,3782.005341,57.49573431,62.36793874,-12.91,-5.09
277,Huagapo cave,597,P00-H2,373372,3791.432255,56.63428804,61.74248917,-12.92,-5.05
277,Huagapo cave,597,P00-H2,373373,3800.810067,55.17149633,61.32406829,-13.34,-5.21
277,Huagapo cave,597,P00-H2,373374,3809.879348,54.37685908,60.00281135,-13.18,-5.17
277,Huagapo cave,597,P00-H2,373375,3819.5247,52.7858047,59.00522308,-13.21,-5.38
277,Huagapo cave,597,P00-H2,373376,3828.757378,52.15931161,57.29799946,-12.72,-4.57
277,Huagapo cave,597,P00-H2,373377,3837.9896,51.85476104,56.50485637,-12.79,-4.9
277,Huagapo cave,597,P00-H2,373378,3847.498276,50.80575826,55.36486787,-13.35,-5.18
277,Huagapo cave,597,P00-H2,373379,3856.568256,50.70162614,54.26599021,-13.19,-5.19
277,Huagapo cave,597,P00-H2,373380,3866.078799,49.85313194,53.61730656,-12.88,-4.95
277,Huagapo cave,597,P00-H2,373381,3875.306545,48.88060123,52.68223439,-13.38,-5.26
277,Huagapo cave,597,P00-H2,373382,3893.914288,47.79221824,50.26989482,-12.83,-5.2
277,Huagapo cave,597,P00-H2,373383,3912.272503,46.26430088,48.7946951,-13.27,-5.36
277,Huagapo cave,597,P00-H2,373384,3921.44103,46.00339815,47.50398357,-13.2,-5.32
277,Huagapo cave,597,P00-H2,373385,3930.905831,45.22147051,46.71202454,-12.87,-5.08
277,Huagapo cave,597,P00-H2,373386,3940.23074,44.80301217,45.96030369,-12.96,-5.4
277,Huagapo cave,597,P00-H2,373387,3949.550796,43.89645528,45.11670968,-13.23,-5.37
277,Huagapo cave,597,P00-H2,373388,3968.289556,43.2240651,43.91794636,-12.94,-5.15
277,Huagapo cave,597,P00-H2,373390,3986.971614,42.74297629,42.9490666,-13.07,-5.31
277,Huagapo cave,597,P00-H2,373391,3996.159917,42.72165201,42.4635585,-13.08,-5.13
277,Huagapo cave,597,P00-H2,373392,4005.577276,41.69206037,42.44281288,-13.28,-5.27
277,Huagapo cave,597,P00-H2,373394,4024.2721,41.40976065,41.70738276,-13.16,-5.56
277,Huagapo cave,597,P00-H2,373395,4033.793184,40.57627795,41.26129695,-12.73,-4.91
277,Huagapo cave,597,P00-H2,373396,4043.424585,40.28258262,41.41734127,-12.8,-5.15
277,Huagapo cave,597,P00-H2,373397,4052.700698,40.41745153,41.14847245,-12.79,-5.1
277,Huagapo cave,597,P00-H2,373398,4071.287725,40.716482,40.7277806,-12.55,-5.07
277,Huagapo cave,597,P00-H2,373399,4080.531135,40.617566,40.21789406,-13.17,-5.39
277,Huagapo cave,597,P00-H2,373400,4090.120863,40.45064214,40.94843516,-12.42,-5.07
277,Huagapo cave,597,P00-H2,373401,4099.575009,40.41651318,41.251868,-12.66,-5.14
277,Huagapo cave,597,P00-H2,373402,4109.0157,40.70267479,41.42276581,-12.99,-5.35
277,Huagapo cave,597,P00-H2,373403,4127.686236,41.67211361,41.41875183,-12.68,-5.15
277,Huagapo cave,597,P00-H2,373404,4137.154821,42.01561778,41.81797133,-12.5,-4.96
277,Huagapo cave,597,P00-H2,373405,4146.429017,42.45337589,42.04936612,-12.68,-5.2
277,Huagapo cave,597,P00-H2,373406,4155.532527,43.62829683,42.01383394,-12.84,-5.11
277,Huagapo cave,597,P00-H2,373407,4164.949671,44.01650097,41.97329264,-12.5,-4.98
277,Huagapo cave,597,P00-H2,373408,4174.231386,44.3918826,42.70073075,-12.9,-5.25
277,Huagapo cave,597,P00-H2,373409,4183.53781,44.92390106,43.08799116,-12.72,-5.12
277,Huagapo cave,597,P00-H2,373410,4193.096714,45.34675817,44.62909193,-13.28,-5.27
277,Huagapo cave,597,P00-H2,373411,4202.571265,45.87833894,45.4053946,-12.43,-5.01
277,Huagapo cave,597,P00-H2,373412,4212.050994,46.46304028,46.28635835,-12.5,-4.89
277,Huagapo cave,597,P00-H2,373413,4221.431476,46.91035895,46.93821773,-12.32,-5.07
277,Huagapo cave,597,P00-H2,373414,4231.055759,47.11122051,48.02935328,-13.01,-5.2
277,Huagapo cave,597,P00-H2,373415,4240.418207,48.35639142,49.07308623,-12.32,-4.97
277,Huagapo cave,597,P00-H2,373416,4249.988064,48.70950071,50.36779983,-13.06,-5.14
277,Huagapo cave,597,P00-H2,373417,4259.295199,49.62403802,51.35567784,-12.79,-5.25
277,Huagapo cave,597,P00-H2,373418,4278.09696,51.70875095,52.29092838,-12.51,-4.79
277,Huagapo cave,597,P00-H2,373419,4287.294828,52.53955668,53.2215033,-13.39,-5.44
277,Huagapo cave,597,P00-H2,373420,4296.965376,53.22961102,54.15870135,-13.08,-5.37
277,Huagapo cave,597,P00-H2,373421,4306.335322,54.13541704,54.99334807,-13.03,-5.28
277,Huagapo cave,597,P00-H2,373422,4313.239694,53.40450184,54.21816618,-12.85,-5.39
277,Huagapo cave,597,P00-H2,373423,4319.206165,52.96647347,52.74829589,-12.65,-5.05
277,Huagapo cave,597,P00-H2,373424,4325.421836,52.08422515,51.01755138,-12.68,-5.13
277,Huagapo cave,597,P00-H2,373425,4345.071746,48.20537028,46.80926777,-12.61,-5
277,Huagapo cave,597,P00-H2,373426,4365.142936,45.47527373,45.64071804,-12.75,-5.23
277,Huagapo cave,597,P00-H2,373427,4371.214098,45.27413419,44.58831948,-12.85,-4.99
277,Huagapo cave,597,P00-H2,373428,4377.923766,44.61454659,43.98067758,-12.87,-5.04
277,Huagapo cave,597,P00-H2,373429,4384.266131,44.3421575,43.37213895,-13.37,-5.49
277,Huagapo cave,597,P00-H2,373430,4390.882591,43.66775273,43.11727144,-13.15,-5.31
277,Huagapo cave,597,P00-H2,373431,4397.135343,43.340774,42.34504725,-12.83,-5.22
277,Huagapo cave,597,P00-H2,373432,4403.586885,42.90177934,41.89249079,-13.05,-5.65
277,Huagapo cave,597,P00-H2,373433,4416.40315,41.29625409,41.32184508,-13.01,-5.34
277,Huagapo cave,597,P00-H2,373434,4423.01231,41.49257875,41.73746364,-13.11,-5.39
277,Huagapo cave,597,P00-H2,373435,4429.293861,41.24532517,41.29235375,-12.76,-5.35
277,Huagapo cave,597,P00-H2,373436,4435.795035,41.35692537,41.42560762,-12.33,-5.16
277,Huagapo cave,597,P00-H2,373437,4442.507614,41.42649036,42.14505265,-13.01,-5.71
277,Huagapo cave,597,P00-H2,373439,4455.535291,41.98541442,43.5444824,-12.69,-5.49
277,Huagapo cave,597,P00-H2,373440,4462.047301,42.14694294,43.22508316,-13.34,-5.71
277,Huagapo cave,597,P00-H2,373441,4468.694086,42.6037278,43.61538597,-12.91,-5.48
277,Huagapo cave,597,P00-H2,373442,4475.094117,42.93597992,43.89160465,-12.66,-5.24
277,Huagapo cave,597,P00-H2,373443,4481.464793,43.35896192,44.83332086,-12.83,-5.65
277,Huagapo cave,597,P00-H2,373444,4488.057543,43.93669201,45.17475648,-13.04,-5.73
277,Huagapo cave,597,P00-H2,373445,4494.394277,44.24722029,45.66751302,-12.97,-5.67
277,Huagapo cave,597,P00-H2,373446,4500.601147,45.9209271,45.75742303,-12.52,-5.31
277,Huagapo cave,597,P00-H2,373447,4507.099082,45.93275627,46.31371884,-12.9,-5.7
277,Huagapo cave,597,P00-H2,373448,4520.003176,47.4895834,47.58674398,-12.71,-5.61
277,Huagapo cave,597,P00-H2,373449,4526.501776,48.56272971,48.96801593,-12.53,-5.44
277,Huagapo cave,597,P00-H2,373450,4533.036066,50.00448589,49.72441974,-12.65,-5.48
277,Huagapo cave,597,P00-H2,373451,4539.71565,50.85491909,51.54532461,-12.38,-5.2
277,Huagapo cave,597,P00-H2,373452,4546.423441,51.56171903,52.29024245,-12.83,-5.62
277,Huagapo cave,597,P00-H2,373453,4552.908246,52.59403054,52.79144916,-12.5,-5.3
277,Huagapo cave,597,P00-H2,373454,4559.392369,53.94517575,53.0293407,-12.24,-5.42
277,Huagapo cave,597,P00-H2,373455,4566.064434,55.13800043,53.70567428,-12.63,-5.39
277,Huagapo cave,597,P00-H2,373456,4579.34621,57.24406846,56.8939237,-12.78,-5.4
277,Huagapo cave,597,P00-H2,373457,4585.788601,58.09277866,57.67686746,-12.6,-5.39
277,Huagapo cave,597,P00-H2,373458,4592.108425,59.37506075,59.41248561,-12.81,-5.41
277,Huagapo cave,597,P00-H2,373459,4598.720817,60.46219022,61.21048775,-12.83,-5.54
277,Huagapo cave,597,P00-H2,373460,4606.684878,59.81081299,60.76239333,-12.61,-5.38
277,Huagapo cave,597,P00-H2,373461,4615.031914,58.38294027,59.63074512,-12.79,-5.59
277,Huagapo cave,597,P00-H2,373462,4623.286619,57.08855159,58.40676567,-13.26,-5.63
277,Huagapo cave,597,P00-H2,373463,4631.42099,56.20810346,57.06245278,-13.07,-5.72
277,Huagapo cave,597,P00-H2,373464,4639.700751,55.1822661,55.83250652,-12.78,-5.7
277,Huagapo cave,597,P00-H2,373465,4647.842759,54.25542448,54.45302792,-12.84,-5.51
277,Huagapo cave,597,P00-H2,373466,4664.319696,51.38684223,51.61545284,-12.89,-5.66
277,Huagapo cave,597,P00-H2,373467,4672.631415,49.86811511,50.25111037,-12.84,-5.58
277,Huagapo cave,597,P00-H2,373468,4680.937939,48.62934919,48.87218697,-12.72,-5.61
277,Huagapo cave,597,P00-H2,373469,4689.24868,47.38636644,47.78346709,-13.05,-5.62
277,Huagapo cave,597,P00-H2,373470,4697.516111,46.18669341,46.6336698,-12.89,-5.59
277,Huagapo cave,597,P00-H2,373471,4705.815661,44.95490156,45.17301229,-12.92,-5.42
277,Huagapo cave,597,P00-H2,373472,4713.950885,43.83271116,43.72723192,-12.73,-5.43
277,Huagapo cave,597,P00-H2,373473,4730.494219,41.35833053,40.97423373,-12.53,-5.25
277,Huagapo cave,597,P00-H2,373474,4738.769343,40.10561494,39.66510039,-13.07,-5.61
277,Huagapo cave,597,P00-H2,373475,4747.040655,39.01131687,38.33262441,-12.91,-5.44
277,Huagapo cave,597,P00-H2,373476,4755.323697,37.75871606,36.98363206,-13.03,-5.56
277,Huagapo cave,597,P00-H2,373477,4763.639621,36.37699128,35.65134801,-12.87,-5.6
277,Huagapo cave,597,P00-H2,373478,4771.863835,35.27122043,34.40203126,-13.05,-5.74
277,Huagapo cave,597,P00-H2,373479,4780.152704,34.14253942,33.05142277,-12.87,-5.3
277,Huagapo cave,597,P00-H2,373480,4788.438501,33.07731059,31.79663419,-12.72,-5.34
277,Huagapo cave,597,P00-H2,373481,4796.660727,31.68900863,30.73054656,-12.84,-5.59
277,Huagapo cave,597,P00-H2,373482,4804.880451,30.34619386,29.47715164,-13.01,-5.61
277,Huagapo cave,597,P00-H2,373483,4813.148253,28.91978325,28.28014349,-12.67,-5.57
277,Huagapo cave,597,P00-H2,373484,4821.358179,27.52375599,27.06178507,-12.83,-5.5
277,Huagapo cave,597,P00-H2,373485,4829.661173,25.94003476,25.82242444,-12.59,-5.25
277,Huagapo cave,597,P00-H2,373486,4838.022948,24.51893243,24.92531232,-12.74,-5.41
277,Huagapo cave,597,P00-H2,373487,4846.245575,23.32152035,23.69446262,-12.53,-5.48
277,Huagapo cave,597,P00-H2,373488,4862.818337,21.20333554,21.39088245,-12.61,-5.45
277,Huagapo cave,597,P00-H2,373489,4871.086509,20.05283346,20.39628107,-12.63,-5.51
277,Huagapo cave,597,P00-H2,373490,4879.257217,19.14286173,19.18475245,-12.55,-5.38
277,Huagapo cave,597,P00-H2,373491,4887.45458,18.19478655,18.1056736,-12.66,-5.24
277,Huagapo cave,597,P00-H2,373492,4895.611218,17.29971706,16.83158516,-12.61,-5.6
277,Huagapo cave,597,P00-H2,373493,4903.864988,16.33347699,15.61425041,-13.05,-5.51
277,Huagapo cave,597,P00-H2,373494,4912.203605,15.1010512,14.78859281,-12.92,-5.42
277,Huagapo cave,597,P00-H2,373495,4920.53552,13.88164531,13.74249557,-13.06,-5.54
277,Huagapo cave,597,P00-H2,373496,4928.88561,13.01766482,12.91060421,-13,-5.57
277,Huagapo cave,597,P00-H2,373497,4945.363732,11.60642295,11.01970008,-12.99,-5.39
277,Huagapo cave,597,P00-H2,373498,4953.710288,10.85272955,10.5200077,-13.05,-5.55
277,Huagapo cave,597,P00-H2,373499,4962.076378,10.10436233,9.876184889,-13.07,-5.5
277,Huagapo cave,597,P00-H2,373500,4970.494273,9.436947609,9.857284748,-12.98,-5.4
277,Huagapo cave,597,P00-H2,373501,4978.699215,9.10514608,9.343623569,-13.09,-5.48
277,Huagapo cave,597,P00-H2,373502,4986.984762,8.971028387,9.282170096,-13.3,-5.57
277,Huagapo cave,597,P00-H2,373503,4995.207997,9.026276892,8.994935385,-12.41,-4.84
277,Huagapo cave,597,P00-H2,373504,5006.963013,8.478167599,8.50309597,-12.65,-4.31
277,Huagapo cave,597,P00-H2,373505,5019.449129,8.120226161,7.901569022,-12.3,-4.04
277,Huagapo cave,597,P00-H2,373506,5032.11066,7.532152513,7.431055514,-12.39,-3.88
277,Huagapo cave,597,P00-H2,373507,5044.577054,7.287857271,6.842018356,-12.24,-4.16
277,Huagapo cave,597,P00-H2,373508,5057.188627,6.940439987,6.491528913,-12.3,-4.19
277,Huagapo cave,597,P00-H2,373509,5069.808069,6.56575448,6.410133952,-12.5,-4.23
277,Huagapo cave,597,P00-H2,373510,5082.386917,6.665688456,6.376009538,-12.65,-4.43
277,Huagapo cave,597,P00-H2,373511,5094.914674,6.794854297,6.323307391,-12.92,-4.54
277,Huagapo cave,597,P00-H2,373512,5107.527846,6.806311155,6.426021985,-12.41,-4.21
277,Huagapo cave,597,P00-H2,373513,5120.145008,7.052804757,6.806280013,-12.06,-3.92
277,Huagapo cave,597,P00-H2,373514,5132.647063,7.497419132,7.15144856,-12.34,-4.29
277,Huagapo cave,597,P00-H2,373515,5145.252695,7.868092342,7.593301535,-12.23,-4.18
277,Huagapo cave,597,P00-H2,373516,5157.780317,8.368532193,8.281793221,-12.38,-4.23
277,Huagapo cave,597,P00-H2,373517,5182.49058,8.806834462,9.067690528,-12.57,-4.4
277,Huagapo cave,597,P00-H2,373518,5194.37249,8.680057718,8.907307275,-12.69,-4.59
277,Huagapo cave,597,P00-H2,373519,5206.220498,8.613771192,8.759488859,-12.59,-4.54
277,Huagapo cave,597,P00-H2,373520,5218.076996,8.592398034,8.623476818,-12.75,-4.68
277,Huagapo cave,597,P00-H2,373521,5229.972924,8.451737669,8.491399487,-12.49,-4.34
277,Huagapo cave,597,P00-H2,373522,5241.829751,8.30845414,8.371268924,-12.81,-5.03
277,Huagapo cave,597,P00-H2,373523,5253.722316,8.182448491,8.196341731,-12.75,-4.93
277,Huagapo cave,597,P00-H2,373524,5277.51114,7.947154601,7.979126363,-12.77,-4.69
277,Huagapo cave,597,P00-H2,373525,5289.380356,7.911961118,7.901815471,-12.72,-4.97
277,Huagapo cave,597,P00-H2,373526,5301.322053,7.778102449,7.898624111,-12.86,-5.07
277,Huagapo cave,597,P00-H2,373527,5313.215216,7.685941164,7.801038341,-12.59,-4.74
277,Huagapo cave,597,P00-H2,373528,5325.119623,7.627550244,7.661885606,-12.69,-4.63
277,Huagapo cave,597,P00-H2,373529,5337.001689,7.542853875,7.532286495,-12.79,-4.76
277,Huagapo cave,597,P00-H2,373530,5348.907561,7.426962562,7.469966384,-12.59,-4.53
277,Huagapo cave,597,P00-H2,373531,5360.755884,7.435837182,7.301962289,-12.58,-4.5
277,Huagapo cave,597,P00-H2,373532,5372.689043,7.322904745,7.330482527,-12.26,-4.5
277,Huagapo cave,597,P00-H2,373533,5384.576238,7.222648412,7.232740468,-12.29,-4.21
277,Huagapo cave,597,P00-H2,373534,5396.440846,7.201279683,7.177659384,-12.71,-4.69
277,Huagapo cave,597,P00-H2,373535,5408.284089,7.179977691,7.035745718,-12.67,-4.45
277,Huagapo cave,597,P00-H2,373536,5420.185161,7.097621602,6.992056573,-12.27,-4.43
277,Huagapo cave,597,P00-H2,373537,5432.064684,7.052520366,6.92952004,-12.74,-4.45
277,Huagapo cave,597,P00-H2,373538,5443.898241,7.04876218,6.816581848,-12.24,-4.33
277,Huagapo cave,597,P00-H2,373539,5455.805218,6.95855435,6.770723369,-12.73,-4.16
277,Huagapo cave,597,P00-H2,373540,5467.687206,6.88340068,6.70223789,-12.45,-4.58
277,Huagapo cave,597,P00-H2,373541,5479.605914,6.786457241,6.747987665,-12.65,-4.39
277,Huagapo cave,597,P00-H2,373542,5491.523619,6.719883963,6.807743587,-12.09,-4.23
277,Huagapo cave,597,P00-H2,373543,5503.384772,6.729602053,6.754446214,-11.96,-3.94
277,Huagapo cave,597,P00-H2,373544,5515.260299,6.716547511,6.690767801,-12.15,-4.34
277,Huagapo cave,597,P00-H2,373545,5527.118965,6.795429046,6.632271558,-12.38,-4.01
277,Huagapo cave,597,P00-H2,373546,5539.036007,6.809405062,6.734502781,-12.54,-4.36
277,Huagapo cave,597,P00-H2,373547,5550.939647,6.874681704,6.723938461,-12.39,-4.11
277,Huagapo cave,597,P00-H2,373548,5562.847442,6.879514058,6.788080648,-12.38,-4.53
277,Huagapo cave,597,P00-H2,373549,5574.772198,6.869447593,6.865249314,-12.39,-4.24
277,Huagapo cave,597,P00-H2,373550,5586.679764,6.850784833,6.948651814,-12.52,-4.56
277,Huagapo cave,597,P00-H2,373551,5598.563013,6.902272357,6.942370055,-12.28,-4.39
277,Huagapo cave,597,P00-H2,373552,5610.464449,6.961422346,6.93772829,-12.35,-4.54
277,Huagapo cave,597,P00-H2,373553,5622.328741,7.019538725,7.018744188,-12.68,-4.61
277,Huagapo cave,597,P00-H2,373554,5634.242969,7.085942239,7.069446093,-12.45,-4.67
277,Huagapo cave,597,P00-H2,373555,5646.123862,7.215574597,7.122166404,-12.42,-4.68
277,Huagapo cave,597,P00-H2,373556,5658.017484,7.223437949,7.240571483,-12.46,-4.35
277,Huagapo cave,597,P00-H2,373557,5669.912053,7.294529208,7.352341145,-12.39,-4.25
277,Huagapo cave,597,P00-H2,373558,5681.809916,7.243218381,7.424744131,-12.27,-4.41
277,Huagapo cave,597,P00-H2,373559,5693.67401,7.315246406,7.456622082,-12.3,-4.31
277,Huagapo cave,597,P00-H2,373560,5705.514967,7.568830261,7.508034885,-12.72,-4.52
277,Huagapo cave,597,P00-H2,373561,5717.408686,7.660848904,7.59376131,-12.67,-4.59
277,Huagapo cave,597,P00-H2,373562,5729.278109,7.772599807,7.692970236,-12.45,-4.27
277,Huagapo cave,597,P00-H2,373563,5741.177393,7.856556282,7.854759541,-12.06,-4.07
277,Huagapo cave,597,P00-H2,373564,5753.042466,8.002202529,7.947089566,-12.56,-4.45
277,Huagapo cave,597,P00-H2,373565,5764.929348,8.082463838,8.035628106,-12.5,-4.09
277,Huagapo cave,597,P00-H2,373566,5776.811878,8.207577237,8.148640373,-12.46,-4.57
277,Huagapo cave,597,P00-H2,373567,5788.699189,8.304189815,8.329611386,-12,-4.08
277,Huagapo cave,597,P00-H2,373568,5800.570392,8.409524387,8.480760712,-12.66,-4.62
277,Huagapo cave,597,P00-H2,373569,5812.471557,8.540369467,8.632514339,-12.76,-4.77
277,Huagapo cave,597,P00-H2,373570,5824.331556,8.684457357,8.779668014,-12.53,-4.6
277,Huagapo cave,597,P00-H2,373571,5836.188135,8.868123275,8.825552174,-12.3,-4.4
277,Huagapo cave,597,P00-H2,373572,5848.040465,9.056216781,8.952306585,-12.47,-4.72
277,Huagapo cave,597,P00-H2,373573,5859.93728,9.182899358,9.085881933,-12.6,-4.25
277,Huagapo cave,597,P00-H2,373574,5871.868169,9.218060469,9.337633892,-12.42,-4.36
277,Huagapo cave,597,P00-H2,373575,5883.785053,9.359787807,9.451831285,-12.67,-4.29
277,Huagapo cave,597,P00-H2,373576,5895.674815,9.431765233,9.596578903,-12.05,-4.18
277,Huagapo cave,597,P00-H2,373577,5907.521748,9.62764241,9.707135702,-12.65,-4.58
277,Huagapo cave,597,P00-H2,373578,5919.4396,9.737627492,9.86060061,-12.59,-4.41
277,Huagapo cave,597,P00-H2,373579,5931.546398,9.580703354,9.739420018,-12.32,-4.42
277,Huagapo cave,597,P00-H2,373580,5943.636801,9.437530525,9.4328717,-12.52,-4.58
277,Huagapo cave,597,P00-H2,373581,5955.782133,9.219635816,9.18413271,-12.59,-4.64
277,Huagapo cave,597,P00-H2,373582,5967.821883,9.092038551,8.87800106,-12.47,-4.84
277,Huagapo cave,597,P00-H2,373583,5979.95012,8.855706886,8.755216349,-12.5,-4.66
277,Huagapo cave,597,P00-H2,373584,5992.085499,8.681520691,8.565859397,-12.28,-4.39
277,Huagapo cave,597,P00-H2,373585,6004.211399,8.559377451,8.4252879,-12.16,-4.08
277,Huagapo cave,597,P00-H2,373586,6016.340628,8.415377321,8.380274522,-12.36,-4.31
277,Huagapo cave,597,P00-H2,373587,6028.448193,8.329202329,8.243898977,-12.53,-4.62
277,Huagapo cave,597,P00-H2,373588,6040.598239,8.244425414,8.066819158,-12.61,-4.88
277,Huagapo cave,597,P00-H2,373589,6052.711005,8.203983939,7.905155244,-13.32,-4.94
277,Huagapo cave,597,P00-H2,373590,6064.833449,8.105225301,7.748849242,-12.8,-4.75
277,Huagapo cave,597,P00-H2,373591,6076.941376,7.968981782,7.572952617,-12.71,-4.64
277,Huagapo cave,597,P00-H2,373592,6101.187824,7.760508669,7.366586511,-12.74,-4.63
277,Huagapo cave,597,P00-H2,373593,6113.302165,7.77108196,7.351649869,-12.42,-4.72
277,Huagapo cave,597,P00-H2,373594,6125.424063,7.759440953,7.366576527,-12.46,-4.53
277,Huagapo cave,597,P00-H2,373595,6137.527337,7.788957291,7.274938742,-12.62,-4.55
277,Huagapo cave,597,P00-H2,373596,6149.659253,7.710676239,7.212685402,-12.04,-4.63
277,Huagapo cave,597,P00-H2,373597,6161.838755,7.62929065,7.23556314,-12.19,-4.59
277,Huagapo cave,597,P00-H2,373598,6173.993728,7.630439104,7.17475351,-12.45,-4.49
277,Huagapo cave,597,P00-H2,373599,6186.083224,7.712083859,7.15427974,-12.41,-4.64
277,Huagapo cave,597,P00-H2,373600,6198.172275,7.888997416,7.188832333,-12.49,-4.44
277,Huagapo cave,597,P00-H2,373601,6210.322791,7.921456018,7.298613816,-12.03,-4.36
277,Huagapo cave,597,P00-H2,373602,6222.399291,8.106630257,7.352756976,-12.58,
277,Huagapo cave,597,P00-H2,373603,6246.633071,8.27561842,7.517271779,-12.48,-4.73
277,Huagapo cave,597,P00-H2,373604,6258.765979,8.272352076,7.598825931,-12.12,-4.62
277,Huagapo cave,597,P00-H2,373605,6270.867333,8.480185886,7.735644645,-12.69,-5.13
277,Huagapo cave,597,P00-H2,373606,6282.977929,8.698514385,7.920505441,-12.3,-4.36
277,Huagapo cave,597,P00-H2,373607,6295.079586,8.873297475,8.036475408,-12.5,-4.37
277,Huagapo cave,597,P00-H2,373608,6307.195025,9.029451217,8.232710172,-11.93,-4.26
277,Huagapo cave,597,P00-H2,373609,6319.331634,9.304239404,8.451497174,-12.63,-4.36
277,Huagapo cave,597,P00-H2,373610,6331.481376,9.415701277,8.635031962,-12.43,-4.34
277,Huagapo cave,597,P00-H2,373611,6343.636418,9.532546857,8.876621147,-12.49,-4.53
277,Huagapo cave,597,P00-H2,373612,6355.818707,9.574675624,9.185790149,-12.37,-4.38
277,Huagapo cave,597,P00-H2,373613,6367.95746,9.856399102,9.4190131,-12.04,-4.55
277,Huagapo cave,597,P00-H2,373614,6380.088246,10.03753021,9.607345014,-12.34,-4.07
277,Huagapo cave,597,P00-H2,373615,6392.244886,10.25511701,9.997924159,-11.86,-4.01
277,Huagapo cave,597,P00-H2,373616,6404.340765,10.52224989,10.18149207,-12.37,-4.37
277,Huagapo cave,597,P00-H2,373617,6416.460867,10.74365062,10.38754467,-11.57,-4.57
277,Huagapo cave,597,P00-H2,373618,6428.592807,10.99973091,10.65385344,-12.48,-4.5
277,Huagapo cave,597,P00-H2,373619,6442.944611,10.57576674,10.02996206,-11.51,-4.22
277,Huagapo cave,597,P00-H2,373620,6457.922664,10.23002756,9.819748423,-12.08,-4.57
277,Huagapo cave,597,P00-H2,373621,6472.901661,10.03728684,10.01486221,-11.89,-4.37
277,Huagapo cave,597,P00-H2,373622,6487.861188,10.32773075,10.49925639,-12.33,-4.66
277,Huagapo cave,597,P00-H2,373623,6502.891778,11.30497787,11.53435575,-12.42,-4.86
277,Huagapo cave,597,P00-H2,373624,6517.95612,12.44842299,12.93372185,-12.25,-5.05
277,Huagapo cave,597,P00-H2,373625,6532.816981,13.8272416,14.39142195,-12.1,-4.61
277,Huagapo cave,597,P00-H2,373626,6547.713537,15.30179371,15.50435847,-12.3,-4.79
277,Huagapo cave,597,P00-H2,373627,6562.681768,17.13976677,17.16246028,-11.92,-4.72
277,Huagapo cave,597,P00-H2,373628,6577.871569,18.47153912,19.03997258,-12.42,-4.58
277,Huagapo cave,597,P00-H2,373629,6592.699213,20.61735507,20.95449124,-12.14,-4.29
277,Huagapo cave,597,P00-H2,373630,6607.778452,22.22929389,22.87161237,-12.31,-4.31
277,Huagapo cave,597,P00-H2,373631,6622.68305,24.11687004,24.52517244,-11.84,-4.03
277,Huagapo cave,597,P00-H2,373632,6637.686774,25.77837091,26.40584672,-12.04,-4.28
277,Huagapo cave,597,P00-H2,373633,6646.742548,24.26489214,24.31222085,-12.19,-4.46
277,Huagapo cave,597,P00-H2,373634,6654.523181,22.57947044,21.98174507,-12.44,-4.64
277,Huagapo cave,597,P00-H2,373635,6662.407858,21.49602634,20.28456111,-12.5,-4.69
277,Huagapo cave,597,P00-H2,373636,6670.4662,19.91870446,19.04984698,-12.3,-4.59
277,Huagapo cave,597,P00-H2,373637,6678.331319,19.57100617,18.49020617,-12.2,-4.52
277,Huagapo cave,597,P00-H2,373638,6686.219787,19.49559292,18.81672525,-12.12,-4.53
277,Huagapo cave,597,P00-H2,373639,6694.014311,20.55917496,20.45258595,-12.27,-4.55
277,Huagapo cave,597,P00-H2,373640,6709.295066,24.96596298,23.86134099,-12.43,-4.5
277,Huagapo cave,597,P00-H2,373641,6717.336932,27.23847444,26.31292196,-12.2,-4.2
277,Huagapo cave,597,P00-H2,373642,6728.667501,25.94211693,24.59069065,-12.26,-4.19
277,Huagapo cave,597,P00-H2,373643,6740.989983,22.88541294,22.34793466,-12.25,-4.57
277,Huagapo cave,597,P00-H2,373644,6753.159504,20.44432394,19.74029197,-12.09,-4.52
277,Huagapo cave,597,P00-H2,373645,6765.182817,17.98508414,17.22940208,-12.18,-4.6
277,Huagapo cave,597,P00-H2,373646,6777.518246,15.13096097,15.44430213,-12.23,-4.47
277,Huagapo cave,597,P00-H2,373647,6789.567269,13.39526491,13.39370254,-12.47,-4.58
277,Huagapo cave,597,P00-H2,373648,6801.796602,12.05599744,12.5040918,-12.26,-4.54
277,Huagapo cave,597,P00-H2,373649,6813.792664,11.10560284,11.62894294,-12.73,-4.64
277,Huagapo cave,597,P00-H2,373650,6825.859888,11.25223875,11.65230866,-12.8,-4.68
277,Huagapo cave,597,P00-H2,373651,6837.986775,12.20517984,12.55714763,-12.54,-4.73
277,Huagapo cave,597,P00-H2,373652,6847.077903,11.48224906,12.12427943,-12.43,-4.48
277,Huagapo cave,597,P00-H2,373653,6855.446566,10.51155118,11.54545951,-12.32,-4.62
277,Huagapo cave,597,P00-H2,373654,6863.721686,9.72435586,10.58320667,-12.46,-4.69
277,Huagapo cave,597,P00-H2,373655,6871.949426,9.213470232,9.783641115,-12.5,-4.67
277,Huagapo cave,597,P00-H2,373656,6880.171277,8.878602864,9.366124159,-12.28,-4.61
277,Huagapo cave,597,P00-H2,373657,6888.366476,8.529717469,8.915217285,-12.64,-4.89
277,Huagapo cave,597,P00-H2,373658,6896.603793,8.374562133,8.500330191,-12.28,-4.61
277,Huagapo cave,597,P00-H2,373659,6904.80911,8.300511269,8.27783183,-12.28,-4.58
277,Huagapo cave,597,P00-H2,373660,6913.156279,8.230284307,8.361226827,-12.06,-4.47
277,Huagapo cave,597,P00-H2,373661,6921.46583,8.470340951,8.52561092,-12.6,-4.62
277,Huagapo cave,597,P00-H2,373662,6929.760761,8.757733372,8.995949049,-12.37,-4.76
277,Huagapo cave,597,P00-H2,373663,6938.049039,9.092273661,9.553758483,-12.12,-4.72
277,Huagapo cave,597,P00-H2,373664,6946.36356,9.598238316,10.33922192,-12.2,-4.51
277,Huagapo cave,597,P00-H2,373665,6954.654057,10.34149297,10.89780251,-12.38,-4.62
277,Huagapo cave,597,P00-H2,373666,6963.617577,9.959464945,10.53374065,-12.25,-4.48
277,Huagapo cave,597,P00-H2,373667,6972.826384,9.238481625,10.07665137,-12.66,-4.79
277,Huagapo cave,597,P00-H2,373668,6981.857424,8.813692327,9.397253372,-11.92,-4.41
277,Huagapo cave,597,P00-H2,373669,6990.944341,8.346218129,8.903501799,-12.96,-4.97
277,Huagapo cave,597,P00-H2,373670,6999.973634,8.009945553,8.58017181,-12.67,-4.79
277,Huagapo cave,597,P00-H2,373671,7009.017464,7.935094888,8.254148606,-13.01,-5.09
277,Huagapo cave,597,P00-H2,373672,7018.224471,7.922679634,8.111869655,-12.61,-4.84
277,Huagapo cave,597,P00-H2,373673,7027.373748,7.888629686,8.096493769,-12.91,-4.9
277,Huagapo cave,597,P00-H2,373674,7036.46863,7.959102734,8.103583735,-12.42,-4.96
277,Huagapo cave,597,P00-H2,373675,7045.613467,8.156903936,8.391739931,-12.81,-4.75
277,Huagapo cave,597,P00-H2,373676,7054.762668,8.413982332,8.577609651,-12.58,-4.8
277,Huagapo cave,597,P00-H2,373677,7063.864377,8.883990675,8.875021821,-12.73,-4.68
277,Huagapo cave,597,P00-H2,373678,7072.93013,9.455566997,9.057728953,-12.5,-4.62
277,Huagapo cave,597,P00-H2,373679,7082.033171,9.824806031,9.529728323,-12.35,-4.37
277,Huagapo cave,597,P00-H2,373680,7091.119524,10.33580874,9.877329727,-12.52,-4.75
277,Huagapo cave,597,P00-H2,373681,7100.229863,10.95557935,10.42885707,-12.41,-4.55
277,Huagapo cave,597,P00-H2,373682,7109.335341,11.57164407,10.95303599,-12.31,-4.61
277,Huagapo cave,597,P00-H2,373683,7118.439998,12.16476546,11.65560529,-12.52,-4.54
277,Huagapo cave,597,P00-H2,373684,7127.513316,13.01863804,12.38704177,-12.07,-4.39
277,Huagapo cave,597,P00-H2,373685,7145.761649,14.63037023,14.1519512,-12.44,-4.44
