site_id,site_name,entity_id,entity_name,sample_id,age_bp,age_uncert_pos,age_uncert_neg,d18o,d13c
10,Jaraguá cave,447,JAR4,304745,-61.88978134,7.202482474,7.13635629,-5.64,-9.96
10,Jaraguá cave,447,JAR4,304746,-44.88356101,5.182862407,5.270531978,-5,-9.38
10,Jaraguá cave,447,JAR4,304747,-36.3843515,4.407882024,4.442064982,-4.89,-9.05
10,Jaraguá cave,447,JAR4,304748,-27.84778061,3.914869845,4.024101168,-4.59,-8.43
10,Jaraguá cave,447,JAR4,304749,-19.3574285,3.864967819,4.046683876,-4.34,-7.97
10,Jaraguá cave,447,JAR4,304750,-10.84382059,4.295821971,4.361531055,-3.95,-7.66
10,Jaraguá cave,447,JAR4,304751,-2.397385966,5.299605712,4.977929938,-4.5,-8.41
10,Jaraguá cave,447,JAR4,304752,6.04550679,6.324705594,5.769957041,-4.47,-8.39
10,Jaraguá cave,447,JAR4,304753,14.54648701,7.325621179,6.669814282,-4.93,-8.87
10,Jaraguá cave,447,JAR4,304754,21.10818757,6.705501611,6.087457663,-5.15,-9.07
10,Jaraguá cave,447,JAR4,304755,27.2688752,5.766490122,5.280345107,-4.27,-8.68
10,Jaraguá cave,447,JAR4,304756,33.41058753,4.80274576,4.462614816,-4.86,-9.08
10,Jaraguá cave,447,JAR4,304757,39.49985299,3.889969714,3.5581634,-4.79,-9.25
10,Jaraguá cave,447,JAR4,304758,45.66140912,3.02165713,2.852217969,-4.46,-9.06
10,Jaraguá cave,447,JAR4,304759,51.76985999,2.483368101,2.458943721,-4.41,-9.19
10,Jaraguá cave,447,JAR4,304760,57.9146695,2.401347589,2.430729479,-4.47,-9.12
10,Jaraguá cave,447,JAR4,304761,60.19956045,2.4626543,2.553075471,-4.31,-9.22
10,Jaraguá cave,447,JAR4,304762,60.32133553,2.447596367,2.4865381,-4.52,-9.02
10,Jaraguá cave,447,JAR4,304763,60.43837921,2.377540267,2.429966764,-4.69,-9.17
10,Jaraguá cave,447,JAR4,304764,60.56274624,2.368888907,2.432223181,-4.77,-9.02
10,Jaraguá cave,447,JAR4,304765,60.68561351,2.386748682,2.444398335,-4.8,-9.01
10,Jaraguá cave,447,JAR4,304766,60.84772272,2.377202758,2.455795645,-5.22,-8.69
10,Jaraguá cave,447,JAR4,304767,60.97451608,2.371637824,2.473454578,-5.73,-8.51
10,Jaraguá cave,447,JAR4,304768,62.36903128,2.258318401,2.425818258,-4.36,-7.9
10,Jaraguá cave,447,JAR4,304769,66.48895494,2.045977832,2.179188567,-4.82,-8.5
10,Jaraguá cave,447,JAR4,304770,70.64251071,2.087974815,2.166963989,-5.7,-9.35
10,Jaraguá cave,447,JAR4,304771,74.76912435,2.32356233,2.327689105,-4.73,-8.54
10,Jaraguá cave,447,JAR4,304772,78.90151148,2.69137572,2.683969786,-5.08,-8.98
10,Jaraguá cave,447,JAR4,304773,83.06615408,3.210466555,3.203387369,-5.31,-9.2
10,Jaraguá cave,447,JAR4,304774,87.24858287,3.699830327,3.8305021,-5.59,-9.48
10,Jaraguá cave,447,JAR4,304775,91.64941327,3.649540069,3.811550767,-5.22,-9.02
10,Jaraguá cave,447,JAR4,304776,96.23011569,3.297313886,3.513405489,-5.09,-8.82
10,Jaraguá cave,447,JAR4,304777,100.7108822,3.293418926,3.312230541,-4.61,-8.3
10,Jaraguá cave,447,JAR4,304778,105.2768517,3.609886523,3.712064763,-5.36,-8.66
10,Jaraguá cave,447,JAR4,304779,109.8346145,4.24352424,4.272246478,-5.9,-8.98
10,Jaraguá cave,447,JAR4,304780,114.3616776,5.104630169,5.000225726,-5.46,-8.85
10,Jaraguá cave,447,JAR4,304781,118.5403813,5.544083838,5.471849739,-5.18,-8.65
10,Jaraguá cave,447,JAR4,304782,121.0991433,4.653643015,4.669410015,-4.51,-8.35
10,Jaraguá cave,447,JAR4,304783,123.6420598,3.968562149,4.017957521,-5.09,-8.87
10,Jaraguá cave,447,JAR4,304784,126.1579861,3.440642954,3.454541298,-5.21,-9.17
10,Jaraguá cave,447,JAR4,304785,128.7140588,2.876555301,3.073546864,-5.24,-9.29
10,Jaraguá cave,447,JAR4,304786,131.2490528,2.768488682,2.79430395,-5.08,-9.45
10,Jaraguá cave,447,JAR4,304787,133.7408058,2.858967774,2.948727984,-4.9,-8.92
10,Jaraguá cave,447,JAR4,304788,136.1639971,3.056077363,3.197211927,-4.7,-8.9
10,Jaraguá cave,447,JAR4,304789,137.7551151,2.593806492,2.733142966,-5.15,-9.09
10,Jaraguá cave,447,JAR4,304790,139.2985915,2.391771589,2.476472027,-5.6,-9.07
10,Jaraguá cave,447,JAR4,304791,140.8199171,2.559200172,2.509710788,-5.3,-9.12
10,Jaraguá cave,447,JAR4,304792,142.3758798,2.97030963,2.819475152,-5.48,-9.27
10,Jaraguá cave,447,JAR4,304793,143.8994592,3.587054265,3.309082756,-5.56,-9.38
10,Jaraguá cave,447,JAR4,304794,145.6843424,3.936026585,3.625238567,-5.99,-9.17
10,Jaraguá cave,447,JAR4,304795,148.0769127,3.610126865,3.302793839,-6.23,-9.52
10,Jaraguá cave,447,JAR4,304796,150.4367184,3.299499079,3.085720056,-5.52,-9.17
10,Jaraguá cave,447,JAR4,304797,152.7953214,3.005565235,2.937580579,-5.56,-9.37
10,Jaraguá cave,447,JAR4,304798,155.1465474,3.013542144,2.856228491,-5.8,-9.38
10,Jaraguá cave,447,JAR4,304799,157.4911229,3.011104654,2.80295424,-5.3,-8.68
10,Jaraguá cave,447,JAR4,304800,159.8431949,3.120443118,2.899636438,-5.36,-8.64
10,Jaraguá cave,447,JAR4,304801,162.1989968,3.379363015,3.140924972,-6.02,-9.17
10,Jaraguá cave,447,JAR4,304802,164.4825672,3.710580807,3.453230198,-6.21,-9.51
10,Jaraguá cave,447,JAR4,304803,166.8607413,4.026342466,3.865730777,-5.43,-8.85
10,Jaraguá cave,447,JAR4,304804,168.8416649,3.97678661,3.846407742,-5.22,-8.69
10,Jaraguá cave,447,JAR4,304805,170.4884762,3.563160446,3.414297719,-5.35,-8.85
10,Jaraguá cave,447,JAR4,304806,172.1501331,3.199216768,3.08619245,-5.3,-8.65
10,Jaraguá cave,447,JAR4,304807,173.787501,3.015200111,2.869253605,-5.57,-8.32
10,Jaraguá cave,447,JAR4,304808,175.4533911,2.9402002,2.781749513,-5.59,-8.41
10,Jaraguá cave,447,JAR4,304809,177.0918256,3.077215724,2.92813587,-5.67,-8.52
10,Jaraguá cave,447,JAR4,304810,178.7818991,3.361472801,3.259476933,-5.74,-8.43
10,Jaraguá cave,447,JAR4,304811,180.4702282,3.639121638,3.713678987,-6.13,-8.62
10,Jaraguá cave,447,JAR4,304812,182.146403,4.153120362,4.174638256,-6.62,-8.72
10,Jaraguá cave,447,JAR4,304813,184.3422868,3.739008094,3.773045977,-5.69,-8.3
10,Jaraguá cave,447,JAR4,304814,186.5541058,3.319783767,3.425139798,-6.1,-8.64
10,Jaraguá cave,447,JAR4,304815,188.705684,2.98441904,3.077674865,-5.75,-8.64
10,Jaraguá cave,447,JAR4,304816,190.9112235,2.724471838,2.873027769,-5.87,-8.61
10,Jaraguá cave,447,JAR4,304817,197.5395344,2.549716483,2.626044508,-5.1,-9.05
10,Jaraguá cave,447,JAR4,304818,199.7213458,2.689616725,2.813063946,-5.35,-8.9
10,Jaraguá cave,447,JAR4,304819,201.9695648,2.852335975,3.136926487,-5.46,-9.27
10,Jaraguá cave,447,JAR4,304820,204.2393275,3.115887379,3.396002563,-6.13,-9.22
10,Jaraguá cave,447,JAR4,304821,207.4153909,2.934274417,3.153502379,-6.21,-9.22
10,Jaraguá cave,447,JAR4,304822,210.6154949,2.76497735,3.014176421,-5.67,-8.75
10,Jaraguá cave,447,JAR4,304823,213.8149655,2.671180582,2.918644086,-4.98,-8.15
10,Jaraguá cave,447,JAR4,304824,216.9828284,2.71715525,2.880382418,-5.46,-8.6
10,Jaraguá cave,447,JAR4,304825,220.1859083,2.869109148,2.935435172,-5.6,-8.63
10,Jaraguá cave,447,JAR4,304826,223.3972363,3.035167533,3.153796366,-6,-9.07
10,Jaraguá cave,447,JAR4,304827,226.55836,3.376569421,3.374045062,-5.41,-8.61
10,Jaraguá cave,447,JAR4,304828,229.7590561,3.669659255,3.687381207,-5.07,-8.56
10,Jaraguá cave,447,JAR4,304829,232.9358243,4.0185335,3.991994237,-5.44,-8.66
10,Jaraguá cave,447,JAR4,304830,236.119086,4.427535523,4.344941,-5.55,-8.98
10,Jaraguá cave,447,JAR4,304831,239.2456497,4.855521771,4.74361396,-5.85,-9.1
10,Jaraguá cave,447,JAR4,304832,246.7271959,3.860239112,3.761919077,-5.19,-8.26
10,Jaraguá cave,447,JAR4,304833,249.2253268,3.59316866,3.478921893,-4.86,-8.18
10,Jaraguá cave,447,JAR4,304834,251.7561253,3.310717657,3.234304682,-5.3,-8.51
10,Jaraguá cave,447,JAR4,304835,254.265008,3.122836,3.011359239,-5.24,-7.88
10,Jaraguá cave,447,JAR4,304836,256.7662891,2.876284781,2.858689178,-5.23,-7.99
10,Jaraguá cave,447,JAR4,304837,259.2645855,2.765753088,2.773751389,-5.53,-8.04
10,Jaraguá cave,447,JAR4,304838,261.7714078,2.712734266,2.781884357,-5.11,-8.39
10,Jaraguá cave,447,JAR4,304839,264.2820613,2.771452417,2.775470114,-5.05,-8.6
10,Jaraguá cave,447,JAR4,304840,266.7959649,2.778062674,2.801959328,-5.25,-8.54
10,Jaraguá cave,447,JAR4,304841,269.272939,2.91085443,2.843571339,-5.28,-8.23
10,Jaraguá cave,447,JAR4,304842,271.7235521,3.106834275,2.959379005,-5.19,-8.22
10,Jaraguá cave,447,JAR4,304843,274.2189467,3.244874514,3.129302996,-5.28,-8.62
10,Jaraguá cave,447,JAR4,304844,276.7409948,3.104584177,2.986925163,-5.13,-8.58
10,Jaraguá cave,447,JAR4,304845,279.278005,2.777698896,2.732411537,-5.4,-8.92
10,Jaraguá cave,447,JAR4,304846,281.8124419,2.510894031,2.488556181,-4.97,-8.65
10,Jaraguá cave,447,JAR4,304847,284.3246151,2.366625139,2.236822001,-4.78,-7.81
10,Jaraguá cave,447,JAR4,304848,286.8546994,2.113861919,2.090777465,-4.26,-7.59
10,Jaraguá cave,447,JAR4,304849,289.3740253,1.989955368,2.025815207,-5.04,-8.58
10,Jaraguá cave,447,JAR4,304850,291.8989266,1.923459323,1.945033272,-5.03,-8.65
10,Jaraguá cave,447,JAR4,304851,294.4412936,1.940777363,2.011693733,-5.09,-8.51
10,Jaraguá cave,447,JAR4,304852,296.9911823,2.025799525,2.106090933,-5,-8.44
10,Jaraguá cave,447,JAR4,304853,299.4819182,2.202509183,2.19479261,-4.69,-8.36
10,Jaraguá cave,447,JAR4,304854,302.0028981,2.460756358,2.421833851,-5.34,-8.68
10,Jaraguá cave,447,JAR4,304855,304.4773431,2.316442321,2.313860507,-5.26,-8.83
10,Jaraguá cave,447,JAR4,304856,306.9668807,2.3149306,2.343807361,-5.33,-8.81
10,Jaraguá cave,447,JAR4,304857,309.4580304,2.404860056,2.482458838,-5.34,-8.73
10,Jaraguá cave,447,JAR4,304858,311.9708544,2.572134761,2.764547371,-5.61,-8.72
10,Jaraguá cave,447,JAR4,304859,314.4329223,2.869723802,3.047865606,-5.26,-8.23
10,Jaraguá cave,447,JAR4,304860,316.9084403,3.204905014,3.395766822,-4.44,-7.81
10,Jaraguá cave,447,JAR4,304861,319.4280304,3.610157935,3.857144341,-4.06,-7.41
10,Jaraguá cave,447,JAR4,304862,321.9103402,4.045616898,4.323364336,-4.47,-7.64
10,Jaraguá cave,447,JAR4,304863,324.4006284,4.45381644,4.758392666,-4.46,-8.16
10,Jaraguá cave,447,JAR4,304864,326.8739334,4.886613514,5.197497775,-4.22,-8.08
10,Jaraguá cave,447,JAR4,304865,329.3612341,5.352766869,5.665285299,-5,-8.82
10,Jaraguá cave,447,JAR4,304866,331.846083,5.851949625,6.132298182,-4.35,-7.92
10,Jaraguá cave,447,JAR4,304867,334.3249894,6.364124025,6.617676915,-4.92,-8.06
10,Jaraguá cave,447,JAR4,304868,338.2545809,6.348130939,6.592458536,-4.65,-8.27
10,Jaraguá cave,447,JAR4,304869,342.7896461,6.505367353,6.690466531,-4.67,-8.32
10,Jaraguá cave,447,JAR4,304870,347.3730781,6.911552721,6.837466478,-4.39,-8.13
10,Jaraguá cave,447,JAR4,304871,351.9658193,7.450729253,7.75199121,-5.02,-9.18
10,Jaraguá cave,447,JAR4,304872,356.5546557,8.280653611,8.607403721,-4.77,-8.79
10,Jaraguá cave,447,JAR4,304873,361.1899067,8.979178541,9.593706848,-4.75,-8.64
10,Jaraguá cave,447,JAR4,304874,365.7153823,9.959536918,10.43563906,-4.99,-8.69
10,Jaraguá cave,447,JAR4,304875,370.3145262,10.893251,11.65489545,-4.9,-8.65
10,Jaraguá cave,707,JAR2,420392,371.759250241695,40.4766968126664,40.3830804064599,-4.44,-7.69
10,Jaraguá cave,447,JAR4,304876,374.9278272,11.96603316,12.80756698,-5.38,-8.82
10,Jaraguá cave,447,JAR4,304877,379.4182189,13.2189134,13.85597908,-5.23,-8.82
10,Jaraguá cave,447,JAR4,304878,383.9761841,14.56694458,15.05851129,-5.17,-8.59
10,Jaraguá cave,707,JAR2,420393,386.084254167699,36.2496154584603,34.1810765684054,-4.49,-7.72
10,Jaraguá cave,447,JAR4,304879,388.5392903,15.7963333,16.18349466,-5.07,-8.61
10,Jaraguá cave,447,JAR4,304880,393.0310616,17.04172683,17.20676049,-4.98,-8.44
10,Jaraguá cave,447,JAR4,304881,397.4945882,18.47204215,18.28271035,-5.08,-8.74
10,Jaraguá cave,447,JAR4,304882,402.0549267,19.65919644,19.75010516,-5.1,-8.75
10,Jaraguá cave,447,JAR4,304883,406.6117715,21.08285093,21.08961617,-4.49,-8.64
10,Jaraguá cave,447,JAR4,304884,411.1865093,22.34138351,22.52467695,-4.42,-8.17
10,Jaraguá cave,707,JAR2,420394,415.513805997459,28.2740352387479,26.7622928173927,-4.66,-8.3
10,Jaraguá cave,447,JAR4,304885,415.7304855,24.04321173,23.90050057,-4.68,-8
10,Jaraguá cave,447,JAR4,304886,420.2543476,25.44182726,25.32111642,-5.26,-8.45
10,Jaraguá cave,447,JAR4,304887,422.9168715,24.28652689,24.12831207,-5.13,-8.54
10,Jaraguá cave,447,JAR4,304888,425.6528829,22.71769327,22.72241354,-4.71,-8.06
10,Jaraguá cave,447,JAR4,304889,428.4059034,21.2544731,21.37532764,-4.43,-8.21
10,Jaraguá cave,447,JAR4,304890,431.084621,20.05482394,20.10883281,-4.46,-8.61
10,Jaraguá cave,447,JAR4,304891,433.8309746,18.78112064,18.94940466,-5.34,-8.9
10,Jaraguá cave,447,JAR4,304892,436.5758631,17.47268422,17.57037585,-4.47,-8.58
10,Jaraguá cave,447,JAR4,304893,439.3033241,16.10871704,16.21155978,-3.98,-8.31
10,Jaraguá cave,447,JAR4,304894,442.0538509,14.89426463,15.06098064,-4.52,-8.94
10,Jaraguá cave,447,JAR4,304895,444.7433535,13.790143,13.97006328,-4.53,-9.11
10,Jaraguá cave,447,JAR4,304896,447.5271599,12.68488665,13.04210314,-4.41,-8.41
10,Jaraguá cave,447,JAR4,304897,450.2685324,11.67090899,12.07223624,-4.06,-8.02
10,Jaraguá cave,447,JAR4,304898,452.9262553,10.89418629,10.85202858,-4.86,-8.63
10,Jaraguá cave,447,JAR4,304899,455.6586569,9.946098413,9.974565976,-4.71,-8.76
10,Jaraguá cave,447,JAR4,304900,458.4056605,9.284267422,9.285676296,-4.4,-8.58
10,Jaraguá cave,447,JAR4,304901,461.1411768,8.43065723,8.532694092,-4.73,-8.53
10,Jaraguá cave,447,JAR4,304902,463.8891639,8.033738761,7.835343246,-4.59,-8.28
10,Jaraguá cave,447,JAR4,304903,466.580738,7.744545711,7.619503918,-5.02,-8.72
10,Jaraguá cave,447,JAR4,304904,469.2886882,7.596046516,7.590925041,-4.51,-8.47
10,Jaraguá cave,447,JAR4,304905,472.0393551,7.406732874,7.885506548,-4.27,-8.55
10,Jaraguá cave,447,JAR4,304906,475.5452518,7.422640329,7.722818894,-4.18,-8.36
10,Jaraguá cave,447,JAR4,304907,479.5544721,6.912201995,7.244401224,-4.28,-8.2
10,Jaraguá cave,447,JAR4,304908,483.6125098,6.715553976,7.107694762,-5.07,-8.39
10,Jaraguá cave,447,JAR4,304909,487.6312902,6.68295675,6.844951555,-5.66,-8.63
10,Jaraguá cave,447,JAR4,304910,491.6855922,6.828456063,6.940947456,-5.09,-8.19
10,Jaraguá cave,447,JAR4,304911,495.7859751,6.788191813,6.985414919,-4.16,-7.72
10,Jaraguá cave,448,JAR1,304983,498.2250168,13.02899669,12.37094751,-3.72395967553,-7.17
10,Jaraguá cave,447,JAR4,304912,499.8058409,6.848696512,7.099522622,-4.04,-7.7
10,Jaraguá cave,448,JAR1,304984,501.0522954,12.70116988,12.08117929,-3.78328899418,-7.02
10,Jaraguá cave,447,JAR4,304913,503.8904727,6.993421393,7.281762703,-4.02,-7.73
10,Jaraguá cave,448,JAR1,304985,503.9819558,12.2149639,11.81951911,-2.9720942614,-6.74
10,Jaraguá cave,448,JAR1,304986,506.8094953,11.84104008,11.49805134,-3.75170686583,-6.82
10,Jaraguá cave,447,JAR4,304914,507.9142501,7.285092901,7.268043612,-3.43,-7.43
10,Jaraguá cave,448,JAR1,304987,509.6491172,11.64633556,11.41635103,-4.8351291902,-6.97
10,Jaraguá cave,447,JAR4,304915,511.9030743,7.656559296,7.677684836,-3.64,-7.5
10,Jaraguá cave,447,JAR4,304916,515.8678447,8.053714622,8.13879912,-3.78,-7.61
10,Jaraguá cave,448,JAR1,304988,517.9181596,11.11244863,10.54518606,-4.00467453652,-6.95
10,Jaraguá cave,447,JAR4,304917,519.9762109,8.432907359,8.8445753,-3.57,-7.77
10,Jaraguá cave,448,JAR1,304989,520.8132086,10.91892548,10.44769508,-3.04074656007,-6.85
10,Jaraguá cave,448,JAR1,304990,523.6136786,10.94768642,10.53546665,-3.0629058239,-6.92
10,Jaraguá cave,447,JAR4,304918,524.0336317,8.918479359,9.371964807,-3.83,-7.5
10,Jaraguá cave,448,JAR1,304991,526.355378,11.10285253,10.45897893,-3.45597388691,-7
10,Jaraguá cave,447,JAR4,304919,528.0450487,9.512291464,9.823818933,-4.27,-7.97
10,Jaraguá cave,448,JAR1,304992,529.1903367,11.11792615,10.53548072,-4.01906770321,-7.01
10,Jaraguá cave,448,JAR1,304993,531.919511,11.16182764,10.50688603,-3.46539675144,-7.04
10,Jaraguá cave,447,JAR4,304920,532.0810459,10.05686121,10.4592643,-4.39,-8
10,Jaraguá cave,448,JAR1,304994,534.7085685,10.98570334,10.49017711,-3.45721646245,-7.54
10,Jaraguá cave,447,JAR4,304921,536.0649955,10.74136854,11.15496595,-3.49,-7.41
10,Jaraguá cave,448,JAR1,304995,537.5461797,11.03683388,10.68394207,-2.90737678527,-6.95
10,Jaraguá cave,447,JAR4,304922,540.1391187,11.38201013,11.76437593,-4.3,-8.32
10,Jaraguá cave,448,JAR1,304996,540.3736363,11.07146087,10.78415925,-2.63214630279,-6.64
10,Jaraguá cave,448,JAR1,304997,543.1536502,11.50827935,10.88646623,-3.61616258383,-7.12
10,Jaraguá cave,447,JAR4,304923,544.1367277,11.97393327,12.43753687,-4.28,-8.38
10,Jaraguá cave,448,JAR1,304998,546.0778907,11.73854131,11.12625046,-4.2912952948,-6.93
10,Jaraguá cave,447,JAR4,304924,548.2609761,12.45932321,13.13630871,-4.16,-8
10,Jaraguá cave,448,JAR1,304999,548.7587797,12.27069942,11.44008042,-3.39736574053,-7.01
10,Jaraguá cave,448,JAR1,305000,551.5570573,12.50867603,11.63067245,-3.09086377359,-7.21
10,Jaraguá cave,447,JAR4,304925,553.4313359,11.77116504,12.17659716,-4.4,-7.83
10,Jaraguá cave,448,JAR1,305001,557.3310298,12.90588399,12.44668111,-4.06587138195,-6.79
10,Jaraguá cave,447,JAR4,304926,558.7710453,11.03116492,11.59503019,-4.51,-8
10,Jaraguá cave,448,JAR1,305002,560.2054933,13.44654407,12.94651787,-5.2930182773,-7.17
10,Jaraguá cave,448,JAR1,305003,563.0706027,14.0731214,13.54094756,-4.37030238965,-6.83
10,Jaraguá cave,447,JAR4,304927,563.9649692,10.49806993,10.91496052,-4.56,-7.96
10,Jaraguá cave,448,JAR1,305004,565.9412651,14.44411738,13.90177533,-3.73400016436,-6.8
10,Jaraguá cave,448,JAR1,305005,568.6536157,15.01851118,14.33298914,-4.52914496306,-7.17
10,Jaraguá cave,447,JAR4,304928,569.2893652,9.93642707,10.63486013,-4.52,-7.72
10,Jaraguá cave,448,JAR1,305006,571.4119008,15.4040125,14.74403758,-3.96284115995,-7.62
10,Jaraguá cave,448,JAR1,305007,574.2450818,15.87501578,15.41981423,-3.59493525166,-7.62
10,Jaraguá cave,447,JAR4,304929,574.4411367,9.616409116,10.16996924,-4.08,-7.31
10,Jaraguá cave,448,JAR1,305008,577.9170374,15.48966665,14.74480947,-3.21253262871,-7.32
10,Jaraguá cave,447,JAR4,304930,579.6463185,9.442372983,9.605818275,-4.02,-7.99
10,Jaraguá cave,448,JAR1,305009,581.7143165,14.88998094,14.40872207,-3.87658570777,-7.62
10,Jaraguá cave,447,JAR4,304931,584.9336025,9.019726408,9.198578327,-3.94,-7.94
10,Jaraguá cave,448,JAR1,305010,585.4977234,14.30708287,14.02392266,-3.428637225,-7.25
10,Jaraguá cave,448,JAR1,305011,589.1755318,13.73028452,13.33154513,-3.12317073767,-7.34
10,Jaraguá cave,447,JAR4,304932,590.1365829,8.856470956,8.828030365,-3.95,-7.78
10,Jaraguá cave,448,JAR1,305012,592.885771,13.28166832,12.79997797,-3.7870167208,-7.35
10,Jaraguá cave,447,JAR4,304933,595.4022491,8.667748731,8.763244892,-3.47,-7.67
10,Jaraguá cave,448,JAR1,305013,596.6054838,12.72863816,12.25659587,-4.14436073699,-7.66
10,Jaraguá cave,448,JAR1,305014,600.3290981,12.03348315,11.84435017,-4.84579463026,-7.58
10,Jaraguá cave,447,JAR4,304934,600.6976643,8.640344995,8.840913778,-3.14,-7.5
10,Jaraguá cave,448,JAR1,305015,604.1257401,11.45197746,11.58081983,-4.51671920765,-7.1
10,Jaraguá cave,447,JAR4,304935,605.9380073,8.625326052,9.036047036,-3.69,-7.69
10,Jaraguá cave,448,JAR1,305016,607.8379406,11.11575398,11.11312221,-3.8041021345,-6.69
10,Jaraguá cave,447,JAR4,304936,611.2483743,8.879447375,9.50310804,-5.09,-8.44
10,Jaraguá cave,448,JAR1,305017,611.4640639,10.92266304,10.82670676,-3.46881383418,-6.95
10,Jaraguá cave,448,JAR1,305018,615.1924666,10.53994951,10.65375477,-4.04454050181,-7.45
10,Jaraguá cave,447,JAR4,304937,616.5927554,9.26926996,10.02031775,-4.6,-8.07
10,Jaraguá cave,448,JAR1,305019,618.9335943,10.40997628,10.38229179,-4.49487058771,-7.38
10,Jaraguá cave,447,JAR4,304938,621.7821808,9.766220513,10.50481372,-3.85,-7.81
10,Jaraguá cave,448,JAR1,305020,622.6954755,10.21925604,10.26551678,-3.85877545834,-7.4
10,Jaraguá cave,448,JAR1,305021,626.3795983,10.16236956,10.19456867,-3.76206166201,-6.73
10,Jaraguá cave,447,JAR4,304939,627.0249022,10.31777429,10.99560375,-4.08,-8.08
10,Jaraguá cave,448,JAR1,305022,630.1712755,9.993532722,10.19058786,-4.29346980199,-7.15
10,Jaraguá cave,447,JAR4,304940,632.2685394,11.05282668,11.70366557,-4.33,-8.36
10,Jaraguá cave,448,JAR1,305023,633.9099015,9.86259574,10.07900299,-4.58816730129,-7.3
10,Jaraguá cave,447,JAR4,304941,637.4527709,11.69842963,12.4544447,-4.48,-8.46
10,Jaraguá cave,448,JAR1,305024,637.4781882,10.04329598,9.727007765,-4.69606427749,-7.24
10,Jaraguá cave,447,JAR4,304942,640.6159091,11.4120696,11.80195405,-4.15,-7.56
10,Jaraguá cave,448,JAR1,305025,641.2243824,10.29261391,9.80788526,-4.47799226993,-7.33
10,Jaraguá cave,447,JAR4,304943,643.6145548,10.78119837,11.09143964,-3.87,-7.36
10,Jaraguá cave,448,JAR1,305026,645.0106686,10.42654147,10.10557868,-4.26602959212,-7.32
10,Jaraguá cave,447,JAR4,304944,646.634193,10.1269388,10.48517906,-4.5,-7.89
10,Jaraguá cave,448,JAR1,305027,648.6634686,10.47144706,10.10736613,-3.60922487038,-7.16
10,Jaraguá cave,447,JAR4,304945,649.6585819,9.606857109,9.918624253,-4.83,-8.24
10,Jaraguá cave,448,JAR1,305028,652.3625843,10.54631358,10.2814697,-3.86364221254,-6.95
10,Jaraguá cave,447,JAR4,304946,652.5481076,9.322426773,9.214751713,-5.4,-8.43
10,Jaraguá cave,447,JAR4,304947,655.59704,8.895178266,8.886185899,-4.84,-8.38
10,Jaraguá cave,448,JAR1,305029,656.1451933,10.64721938,10.63656143,-3.55051317604,-7.29
10,Jaraguá cave,447,JAR4,304948,658.5825909,8.487712666,8.454072672,-4.7,-8.26
10,Jaraguá cave,448,JAR1,305030,659.8464046,10.95396451,10.78233676,-3.91800489249,-7.52
10,Jaraguá cave,447,JAR4,304949,661.6134608,8.145742678,8.034603152,-4.5,-8.15
10,Jaraguá cave,447,JAR4,304950,664.6567284,7.910187129,7.724812911,-4.4,-8.02
10,Jaraguá cave,448,JAR1,305031,667.187263,11.8560932,11.16137521,-4.30599910537,-7.59
10,Jaraguá cave,447,JAR4,304951,667.6868995,7.740820015,7.610280803,-4.81,-8.65
10,Jaraguá cave,707,JAR2,420395,668.738867738072,100.447550554775,108.286519557642,-3.28,-6.16
10,Jaraguá cave,447,JAR4,304952,670.654238,7.720918534,7.67319367,-5,-8.7
10,Jaraguá cave,448,JAR1,305032,670.9211031,12.33352416,11.56330664,-4.09890318176,-7.57
10,Jaraguá cave,447,JAR4,304953,673.5659411,7.912214649,7.508746652,-5.12,-8.8
10,Jaraguá cave,448,JAR1,305033,674.5917265,12.85390428,12.0558452,-4.23662197096,-7.58
10,Jaraguá cave,447,JAR4,304954,676.6513907,8.115796284,7.950078884,-4.67,-8.62
10,Jaraguá cave,448,JAR1,305034,678.3255657,13.16689715,12.54904683,-4.34141250831,-7.14
10,Jaraguá cave,447,JAR4,304955,679.6670071,8.292933036,8.085003915,-4.15,-8.2
10,Jaraguá cave,448,JAR1,305035,682.0215901,13.6558967,12.92067013,-4.33095416417,-7.52
10,Jaraguá cave,447,JAR4,304956,682.6607809,8.413971067,8.454116716,-4.96,-8.56
10,Jaraguá cave,707,JAR2,420396,683.586751183836,107.160534282868,115.433377999186,-3.1,-6.17
10,Jaraguá cave,447,JAR4,304957,685.6195415,8.716950599,8.77579521,-4.6,-8.56
10,Jaraguá cave,447,JAR4,304958,688.6607281,9.15558151,9.407153055,-4.3,-8.44
10,Jaraguá cave,448,JAR1,305036,691.0157637,13.42035601,12.68838736,-3.7287932604,-7.64
10,Jaraguá cave,447,JAR4,304959,691.6881323,9.659295714,9.991182141,-4.12,-7.99
10,Jaraguá cave,447,JAR4,304960,695.1491696,9.107918082,9.634703159,-4.27,-8.19
10,Jaraguá cave,707,JAR2,420397,698.641602163025,113.452114781931,121.34654673388,-3.57,-6.5
10,Jaraguá cave,447,JAR4,304961,698.6470005,8.637133671,9.06486078,-4.34,-7.96
10,Jaraguá cave,447,JAR4,304962,702.1184515,8.28308272,8.327592177,-3.84,-7.85
10,Jaraguá cave,447,JAR4,304963,705.6593843,7.781344106,8.088221983,-3.95,-7.82
10,Jaraguá cave,447,JAR4,304964,709.1250033,7.650552092,7.682985326,-3.87,-7.86
10,Jaraguá cave,447,JAR4,304965,712.7583623,7.38959575,7.559313322,-4.24,-8.17
10,Jaraguá cave,707,JAR2,420398,713.762064205852,119.115408138537,128.634651516321,-3.79,-6.95
10,Jaraguá cave,447,JAR4,304966,716.1208154,7.384403222,7.365702443,-4.43,-8.2
10,Jaraguá cave,448,JAR1,305037,718.204845,20.72431063,21.55284581,-3.34957320232,-6.92
10,Jaraguá cave,447,JAR4,304967,719.6125938,7.468978973,7.384331396,-4.25,-7.88
10,Jaraguá cave,447,JAR4,304968,723.151288,7.467300063,7.559390509,-3.76,-7.67
10,Jaraguá cave,447,JAR4,304969,726.6543316,7.664386458,7.736654938,-4.63,-8.54
10,Jaraguá cave,448,JAR1,305038,727.0434944,24.92246467,25.15766324,-3.04703347851,-7.1
10,Jaraguá cave,707,JAR2,420399,728.487486755057,124.683105069571,135.300912726361,-4.4,-7.23
10,Jaraguá cave,447,JAR4,304970,730.2708168,7.67760417,8.189392292,-4.35,-8.23
10,Jaraguá cave,447,JAR4,304971,733.8351477,8.008811675,8.665453712,-4.37,-8.14
10,Jaraguá cave,448,JAR1,305039,736.081386,29.32163899,29.65931189,-3.93060837333,-7.49
10,Jaraguá cave,447,JAR4,304972,737.3098331,8.457397499,9.304365898,-4.5,-8.2
10,Jaraguá cave,447,JAR4,304973,740.7671988,9.141922633,9.806356183,-3.54,-7.78
10,Jaraguá cave,707,JAR2,420400,743.228831072064,131.385433517642,142.278280357391,-4.6,-6.6
10,Jaraguá cave,447,JAR4,304974,744.2754808,9.785193592,10.49683281,-3.61,-7.87
10,Jaraguá cave,448,JAR1,305040,745.2021331,33.91321384,34.12557368,-4.71967880707,-7.88
10,Jaraguá cave,447,JAR4,304975,747.7966663,10.3671492,11.20431957,-3.61,-7.64
10,Jaraguá cave,448,JAR1,305041,754.2775073,38.71003061,38.86820188,-4.07341046825,-7.59
10,Jaraguá cave,707,JAR2,420401,758.387722266102,137.271685247298,150.044007728036,-5.36,-7.29
10,Jaraguá cave,447,JAR4,304976,761.3862564,21.59322945,16.86327659,-3.91,-7.91
10,Jaraguá cave,448,JAR1,305042,772.4382584,48.22722252,47.69118313,-3.51986940483,-6.99
10,Jaraguá cave,447,JAR4,304977,780.1359835,49.21862192,30.64037656,-3.98,-7.7
10,Jaraguá cave,448,JAR1,305043,781.2629957,53.3447725,52.03820904,-4.22060325717,-7.57
10,Jaraguá cave,448,JAR1,305044,784.9428734,51.93721618,51.34347345,-4.44515589252,-7.24
10,Jaraguá cave,707,JAR2,420402,787.989089267589,150.39399968159,164.278279986133,-5.22,-7.74
10,Jaraguá cave,448,JAR1,305045,788.2797497,50.77201898,50.90697664,-4.58314913213,-7.76
10,Jaraguá cave,448,JAR1,305046,794.7399659,48.82949467,49.58492249,-3.58698429864,-7.31
10,Jaraguá cave,448,JAR1,305047,797.9498749,47.64538337,48.50379881,-3.28737170416,-7.54
10,Jaraguá cave,447,JAR4,304978,799.0991233,77.11788081,46.59360449,-4.54,-8.48
10,Jaraguá cave,448,JAR1,305048,801.2216254,47.05290861,47.83657623,-2.99424061033,-6.96
10,Jaraguá cave,448,JAR1,305049,804.6295208,45.89012125,47.17565532,-3.20802559139,-7.09
10,Jaraguá cave,448,JAR1,305050,808.0196733,45.06933565,47.30919662,-3.23896952997,-7.02
10,Jaraguá cave,448,JAR1,305051,811.0199449,45.02128158,47.36690178,-3.51422422685,-7.09
10,Jaraguá cave,448,JAR1,305052,814.3978979,44.5850104,46.85967208,-4.53474695794,-7.55
10,Jaraguá cave,448,JAR1,305053,817.7268061,44.08826205,46.62561864,-3.6359091745,-7.73
10,Jaraguá cave,447,JAR4,304979,818.0689379,104.2664288,62.76287067,-4.86,-8.6
10,Jaraguá cave,707,JAR2,420403,819.259114165424,132.225415197163,146.281657934369,-4.41,-6.98
10,Jaraguá cave,448,JAR1,305054,820.8533364,44.07275372,46.55696625,-4.33131146985,-8.31
10,Jaraguá cave,448,JAR1,305055,824.2876026,44.08038766,46.70663441,-4.41734816394,-7.6
10,Jaraguá cave,448,JAR1,305056,827.791296,43.32314038,45.9040852,-5.01416892523,-7.61
10,Jaraguá cave,448,JAR1,305057,831.0869547,43.22277695,46.69303581,-5.41064394607,-7.37
10,Jaraguá cave,448,JAR1,305058,834.5044898,42.77744797,46.81347476,-3.95102858505,-6.64
10,Jaraguá cave,447,JAR4,304980,836.939836,132.4458056,79.89438565,-4.78,-8.38
10,Jaraguá cave,448,JAR1,305059,837.8120921,42.90521664,47.09036498,-4.49575341371,-7.25
10,Jaraguá cave,448,JAR1,305060,841.0608508,43.19122398,47.28027847,-4.73901876869,-7.82
10,Jaraguá cave,448,JAR1,305061,844.4629767,42.88696844,48.04135675,-3.80401003002,-7.3
10,Jaraguá cave,448,JAR1,305062,847.6141089,43.22490199,48.29258563,-4.74278222068,-7.66
10,Jaraguá cave,707,JAR2,420404,850.087540554719,115.351928120289,127.611431831727,-4.23,-7
10,Jaraguá cave,448,JAR1,305063,850.8099341,43.75574327,47.84965053,-5.03559969351,-7.84
10,Jaraguá cave,448,JAR1,305064,854.3133289,44.0049017,49.04705549,-3.76689821179,-6.89
10,Jaraguá cave,447,JAR4,304981,855.7497131,160.4800906,96.55012098,-4.95,-8.67
10,Jaraguá cave,448,JAR1,305065,857.5327931,44.78845811,49.8965178,-3.81488222466,-6.78
10,Jaraguá cave,448,JAR1,305066,860.8236235,45.52859892,50.97378373,-4.49784422037,-7.24
10,Jaraguá cave,448,JAR1,305067,864.4689284,45.72568883,51.99064269,-4.66385426923,-7.52
10,Jaraguá cave,448,JAR1,305068,868.0043379,46.26292186,53.73219437,-3.72508207858,-7.12
10,Jaraguá cave,448,JAR1,305069,871.1953546,46.48321115,54.79866393,-3.8355812106,-6.97
10,Jaraguá cave,448,JAR1,305070,874.4201087,47.82581663,55.70750683,-4.00619103411,-7.04
10,Jaraguá cave,447,JAR4,304982,874.426616,188.7056953,113.2837891,-5.26,-8.46
10,Jaraguá cave,448,JAR1,305071,877.5372201,48.5816853,56.52467021,-3.58395262898,-6.98
10,Jaraguá cave,448,JAR1,305072,880.6993714,49.2761981,57.60054469,-3.86809325417,-6.91
10,Jaraguá cave,707,JAR2,420405,881.386651059278,99.7119458341346,110.138744416753,-3.86,-7.36
10,Jaraguá cave,448,JAR1,305073,884.36805,50.03193529,58.8784973,-3.42986017809,-6.85
10,Jaraguá cave,448,JAR1,305074,887.673123,50.92793925,60.04480565,-3.86443434252,-6.92
10,Jaraguá cave,448,JAR1,305075,890.8328073,52.18589271,61.29218547,-4.42456144692,-7.33
10,Jaraguá cave,448,JAR1,305076,894.2240638,53.43070756,62.74512919,-4.66876766489,-7.67
10,Jaraguá cave,448,JAR1,305077,897.4215359,54.76793033,63.609354,-3.99563246047,-7.37
10,Jaraguá cave,448,JAR1,305078,900.7739964,55.68249789,65.0187161,-3.89621460376,-7.24
10,Jaraguá cave,707,JAR2,420406,912.418514815664,84.1041134316301,93.4165284612095,-3.18,-7.05
10,Jaraguá cave,448,JAR1,305079,913.721496,60.44529643,69.07512195,-4.12338074744,-7.65
10,Jaraguá cave,448,JAR1,305080,917.0478962,62.13409369,70.59534559,-4.43459731889,-7.84
10,Jaraguá cave,448,JAR1,305081,920.3158553,63.48647643,71.65172632,-3.81739119265,-6.6
10,Jaraguá cave,448,JAR1,305082,923.6786129,64.90337964,72.70355466,-4.35201045579,-7.12
10,Jaraguá cave,448,JAR1,305083,927.0197703,66.47631645,73.83322109,-4.01350885742,-7.11
10,Jaraguá cave,707,JAR2,420407,943.322878196646,68.8086709630942,75.3618126090502,-2.95,-7.18
10,Jaraguá cave,448,JAR1,305084,946.7344566,76.31010164,82.9953274,-2.85841390095,-6.78
10,Jaraguá cave,448,JAR1,305085,950.1034335,77.33576838,84.80491603,-3.81736106438,-6.7
10,Jaraguá cave,448,JAR1,305086,953.6046334,78.8771874,86.85450024,-3.47065360326,-6.83
10,Jaraguá cave,448,JAR1,305087,956.7089379,80.22462356,88.5288624,-3.11927493382,-6.95
10,Jaraguá cave,448,JAR1,305088,958.2956954,79.18966707,87.72643971,-3.30830316338,-6.99
10,Jaraguá cave,448,JAR1,305089,959.7724231,78.43896344,86.79067919,-3.64525298937,-7.37
10,Jaraguá cave,448,JAR1,305090,961.1940024,77.66097686,85.61938494,-4.11351567114,-7.33
10,Jaraguá cave,448,JAR1,305091,962.6088992,76.61126502,84.53031709,-4.36461906889,-7.65
10,Jaraguá cave,448,JAR1,305092,963.9394836,75.62545308,83.57672335,-4.01863824017,-7.49
10,Jaraguá cave,448,JAR1,305093,965.270068,74.67204196,82.64280742,-3.57186311661,-6.97
10,Jaraguá cave,448,JAR1,305094,966.5397162,73.72629519,81.39686985,-3.75393643601,-7.17
10,Jaraguá cave,448,JAR1,305095,968.8654658,72.11755949,78.62035049,-3.35947884551,-7.01
10,Jaraguá cave,448,JAR1,305096,970.2088528,71.25439989,77.619888,-2.87709873418,-6.79
10,Jaraguá cave,448,JAR1,305097,971.4418499,70.85709404,76.45230259,-3.33653802249,-7.16
10,Jaraguá cave,448,JAR1,305098,972.7004813,70.12874006,75.26825761,-3.09519225988,-6.85
10,Jaraguá cave,707,JAR2,420408,973.640700389742,54.2812868027379,57.8950300248555,-3.1,-6.97
10,Jaraguá cave,448,JAR1,305099,974.1358722,69.33661281,74.31561314,-3.26273293121,-7.16
10,Jaraguá cave,448,JAR1,305100,975.543099,68.48544225,73.30777312,-3.82680728563,-6.6
10,Jaraguá cave,448,JAR1,305101,976.7920516,67.68417112,72.00686087,-3.41293822949,-6.38
10,Jaraguá cave,448,JAR1,305102,978.0315148,66.73948826,70.65036993,-3.38594902593,-6.84
10,Jaraguá cave,448,JAR1,305103,979.3033614,65.78340625,69.50138184,-3.31629611982,-7.12
10,Jaraguá cave,448,JAR1,305104,980.7265652,64.70368284,68.74324892,-3.90299988337,-7.04
10,Jaraguá cave,448,JAR1,305105,982.0073583,63.76374678,67.65540437,-4.66689814877,-7.32
10,Jaraguá cave,448,JAR1,305106,983.2799389,63.02526213,66.63333561,-4.09182050367,-7.43
10,Jaraguá cave,448,JAR1,305107,984.6757405,62.26393267,65.85138342,-4.30420477476,-7.54
10,Jaraguá cave,448,JAR1,305108,985.9855641,61.33309989,64.52921998,-3.87902101405,-7.31
10,Jaraguá cave,448,JAR1,305109,987.2758828,60.34294805,63.50515363,-3.9209580842,-7.41
10,Jaraguá cave,448,JAR1,305110,988.6217536,59.44047004,62.63032397,-3.51134501786,-7.08
10,Jaraguá cave,448,JAR1,305111,991.369153,57.43863086,60.60610281,-3.39695231661,-7.34
10,Jaraguá cave,448,JAR1,305112,992.8573456,56.30247399,59.63878945,-3.49681236979,-7.53
10,Jaraguá cave,448,JAR1,305113,994.2045179,55.36158704,58.47506732,-3.57726095732,-7.66
10,Jaraguá cave,448,JAR1,305114,995.4335803,54.67483967,57.25668824,-3.62532250059,-7.79
10,Jaraguá cave,448,JAR1,305115,996.772753,54.03457037,56.26397756,-3.1816615159,-7.39
10,Jaraguá cave,448,JAR1,305116,998.0362256,53.54646808,55.18614073,-3.79898764503,-7.42
10,Jaraguá cave,448,JAR1,305117,999.3163402,53.02956043,54.03881793,-3.4818645032,-7.47
10,Jaraguá cave,448,JAR1,305118,1000.634386,52.08070899,53.30748254,-2.49904227508,-7.38
10,Jaraguá cave,448,JAR1,305119,1001.929434,51.01274894,52.49413291,-2.43779754392,-6.88
10,Jaraguá cave,448,JAR1,305120,1003.148808,50.35706133,51.11242525,-2.34852556291,-6.72
10,Jaraguá cave,448,JAR1,305121,1004.5859,49.51050314,49.92359232,-2.62474968089,-6.92
10,Jaraguá cave,707,JAR2,420409,1004.82671388407,42.1070326915421,44.2031770371746,-3.49,-7.33
10,Jaraguá cave,448,JAR1,305122,1005.814063,48.7244819,49.001366,-2.99906917335,-6.86
10,Jaraguá cave,448,JAR1,305123,1008.387448,47.21814223,46.67914398,-3.44428722747,-6.86
10,Jaraguá cave,448,JAR1,305124,1009.620593,46.16443511,45.47522963,-2.57679194226,-7.22
10,Jaraguá cave,448,JAR1,305125,1011.003907,45.18857174,44.66156854,-2.52167168422,-7.35
10,Jaraguá cave,448,JAR1,305126,1012.5393,44.0228825,44.03703211,-2.90491837478,-7.14
10,Jaraguá cave,448,JAR1,305127,1013.908,43.08398468,42.97595578,-3.43016979792,-7.11
10,Jaraguá cave,448,JAR1,305128,1015.305356,42.22316277,42.06948163,-4.00524744301,-7.13
10,Jaraguá cave,448,JAR1,305129,1016.589607,41.61922968,41.31784803,-4.62558390639,-7.43
10,Jaraguá cave,448,JAR1,305130,1018.100144,40.71113722,40.77579272,-4.94935054449,-7.68
10,Jaraguá cave,448,JAR1,305131,1019.490041,39.72795612,39.95051233,-4.55074076883,-7.31
10,Jaraguá cave,448,JAR1,305132,1020.538725,39.16417744,39.20646885,-3.97254898485,-7.24
10,Jaraguá cave,448,JAR1,305133,1021.965966,38.63835678,38.66428224,-3.55004243734,-7.12
10,Jaraguá cave,448,JAR1,305134,1023.36448,37.81046419,38.10142664,-3.93255279865,-7.19
10,Jaraguá cave,448,JAR1,305135,1024.848326,37.02687109,37.58665885,-4.60404336793,-7.15
10,Jaraguá cave,448,JAR1,305136,1026.194537,36.38796399,37.02627186,-4.54976894894,-6.59
10,Jaraguá cave,448,JAR1,305137,1027.548157,35.66387154,36.34770899,-4.55950519967,-6.82
10,Jaraguá cave,448,JAR1,305138,1029.003916,34.60420844,35.67930296,-3.57262225287,-6.68
10,Jaraguá cave,448,JAR1,305139,1030.399808,33.71581573,35.2715803,-4.32583518204,-7.02
10,Jaraguá cave,448,JAR1,305140,1031.539847,33.2800682,34.71588826,-4.74501184931,-7.24
10,Jaraguá cave,448,JAR1,305141,1033.026587,32.39007989,34.22150267,-4.95610205141,-7.29
10,Jaraguá cave,448,JAR1,305142,1034.503986,31.74036464,33.68090273,-3.92405947354,-7.39
10,Jaraguá cave,448,JAR1,305143,1035.837453,31.68053513,32.96113778,-3.33180541289,-7.23
10,Jaraguá cave,707,JAR2,420410,1036.38897610477,33.1568374975479,34.6133648701145,-3.53,-7.15
10,Jaraguá cave,448,JAR1,305144,1040.024752,30.15690932,31.06379244,-5.20209774816,-7.14
10,Jaraguá cave,448,JAR1,305145,1041.362048,29.84110873,30.36111086,-4.61481539002,-6.82
10,Jaraguá cave,448,JAR1,305146,1042.76341,29.57769935,29.98627375,-3.17074296723,-7.07
10,Jaraguá cave,448,JAR1,305147,1044.088391,29.00999455,29.88614719,-2.68910928727,-6.79
10,Jaraguá cave,448,JAR1,305148,1045.414748,28.67166456,29.38000155,-3.01662018964,-7.47
10,Jaraguá cave,448,JAR1,305149,1046.798026,28.31236613,29.22514011,-3.50705792612,-7.35
10,Jaraguá cave,448,JAR1,305150,1048.13415,28.24907396,29.1808847,-3.80411715066,-7.49
10,Jaraguá cave,448,JAR1,305151,1049.609553,27.84859907,28.92405163,-3.06633721467,-6.48
10,Jaraguá cave,448,JAR1,305152,1051.016023,27.7472648,28.99371001,-3.84513369631,-7.4
10,Jaraguá cave,448,JAR1,305153,1052.474369,27.79954581,29.20407991,-4.61419392721,-7.38
10,Jaraguá cave,448,JAR1,305154,1053.843893,27.84268957,28.92560394,-4.41594728991,-7.41
10,Jaraguá cave,448,JAR1,305155,1055.032986,27.72410878,28.57384667,-4.30056236099,-7.38
10,Jaraguá cave,448,JAR1,305156,1056.491393,27.28834383,28.49309432,-4.452717173,-7.07
10,Jaraguá cave,448,JAR1,305157,1057.860616,27.36138298,28.29303305,-5.17340688163,-6.55
10,Jaraguá cave,448,JAR1,305158,1059.17918,27.49948244,28.2976561,-3.62192496936,-6.95
10,Jaraguá cave,448,JAR1,305159,1060.538709,27.83254041,28.82378763,-2.82013436365,-6.49
10,Jaraguá cave,448,JAR1,305160,1061.817731,28.00377886,28.8398524,-2.70713170885,-6.92
10,Jaraguá cave,448,JAR1,305161,1063.354147,27.95101988,29.06009347,-3.11771147387,-7.12
10,Jaraguá cave,448,JAR1,305162,1064.776699,27.81912752,29.3666261,-3.14122348362,-7.31
10,Jaraguá cave,707,JAR2,420411,1067.74126276093,34.3670638060094,33.5284023186503,-3.96,-7.08
10,Jaraguá cave,448,JAR1,305163,1074.306649,26.08544983,28.30361539,-3.18130783505,-6.94
10,Jaraguá cave,448,JAR1,305164,1078.1516,25.39913354,27.24981544,-3.47173812292,-7.18
10,Jaraguá cave,707,JAR2,420412,1082.17337911214,31.0714273716683,30.2053278275384,-4.46,-8.02
10,Jaraguá cave,448,JAR1,305165,1082.314354,24.91855312,26.75816501,-3.72456991061,-7.21
10,Jaraguá cave,448,JAR1,305166,1086.249203,24.37504517,26.21599771,-3.62099277514,-7.39
10,Jaraguá cave,448,JAR1,305167,1090.17036,23.98716696,25.27128087,-4.11060189453,-7.8
10,Jaraguá cave,448,JAR1,305168,1094.101263,24.25938904,25.66954022,-3.44429018202,-7.4
10,Jaraguá cave,707,JAR2,420413,1096.37657221164,28.4903213985892,27.9789079075938,-3.94,-7.16
10,Jaraguá cave,448,JAR1,305169,1098.374965,24.33455851,26.27111358,-2.90807135167,-7.5
10,Jaraguá cave,448,JAR1,305170,1102.491781,24.83111071,26.24892386,-3.00905905875,-6.81
10,Jaraguá cave,448,JAR1,305171,1106.556421,24.92110543,26.99642624,-3.73378827567,-6.91
10,Jaraguá cave,707,JAR2,420414,1110.41904439594,26.2281681769057,26.5992200326878,-4.17,-7.08
10,Jaraguá cave,448,JAR1,305172,1110.71278,24.99903813,27.74272694,-4.27425376858,-6.88
10,Jaraguá cave,448,JAR1,305173,1114.660077,25.42364101,27.90375278,-3.53243432431,-6.44
10,Jaraguá cave,448,JAR1,305174,1118.579624,26.18263419,28.44027625,-3.38214390073,-6.34
10,Jaraguá cave,448,JAR1,305175,1122.364603,27.28465891,28.54527483,-4.76603800781,-7.56
10,Jaraguá cave,707,JAR2,420415,1124.43235025934,25.0983001808497,25.045680457996,-5.05,-8.05
10,Jaraguá cave,448,JAR1,305176,1126.49822,27.66329219,29.75549505,-4.95092319463,-7.49
10,Jaraguá cave,448,JAR1,305177,1130.688728,28.13356228,31.25696711,-4.08263606795,-7.13
10,Jaraguá cave,448,JAR1,305178,1134.864212,28.67394202,32.61085162,-4.48182234807,-6.77
10,Jaraguá cave,707,JAR2,420416,1138.17203170551,24.2083023072923,24.0004313121428,-5.58,-8.07
10,Jaraguá cave,448,JAR1,305179,1138.718314,29.40064373,33.47999721,-3.98444494352,-7.1
10,Jaraguá cave,448,JAR1,305180,1143.196186,29.78865213,35.17358895,-3.52870554743,-6.99
10,Jaraguá cave,448,JAR1,305181,1147.221367,30.73742323,36.39591689,-3.78433391778,-7.44
10,Jaraguá cave,707,JAR2,420417,1152.13145947898,24.5444377449503,23.7065042517179,-4.81,-6.97
10,Jaraguá cave,448,JAR1,305182,1155.352249,33.80024691,39.09157975,-3.31668315111,-6.9
10,Jaraguá cave,448,JAR1,305183,1159.183335,35.27795836,40.3373789,-4.08584695915,-6.9
10,Jaraguá cave,448,JAR1,305184,1163.272192,36.80707297,42.05512207,-3.31215306502,-7.5
10,Jaraguá cave,707,JAR2,420418,1166.30003495365,26.0725427277412,24.4192835979791,-5.1,-7.5
10,Jaraguá cave,448,JAR1,305185,1167.354788,38.72334071,43.8515713,-3.11566442757,-7.18
10,Jaraguá cave,448,JAR1,305186,1171.428531,40.07384585,45.22850105,-2.93696318257,-6.95
10,Jaraguá cave,448,JAR1,305187,1175.591849,41.23048997,47.0858001,-3.46313907064,-7.05
10,Jaraguá cave,448,JAR1,305188,1179.606159,42.85770201,48.64750411,-4.48601755116,-7.76
10,Jaraguá cave,707,JAR2,420419,1180.30804694101,28.1759803215773,26.6670354706528,-4.55,-6.44
10,Jaraguá cave,448,JAR1,305189,1183.79515,44.24201146,50.28513869,-5.73165209751,-7.83
10,Jaraguá cave,707,JAR2,420420,1194.09132147952,30.3612692664492,29.054372781769,-4.98,-7.36
10,Jaraguá cave,448,JAR1,305190,1196.112165,49.25983119,55.3557303,-2.70696806168,-6.96
10,Jaraguá cave,448,JAR1,305191,1200.252926,50.75516888,56.99279565,-2.77222297233,-6.66
10,Jaraguá cave,448,JAR1,305192,1204.242938,52.53276013,58.55230208,-2.94957982139,-6.64
10,Jaraguá cave,448,JAR1,305193,1205.949151,51.45679883,56.9772669,-3.4423526411,-7.13
10,Jaraguá cave,448,JAR1,305194,1207.86081,49.68318696,55.64429136,-3.73667193698,-7.29
10,Jaraguá cave,707,JAR2,420421,1208.24678427314,32.7783620100474,30.8004986063288,-4.14,-7.17
10,Jaraguá cave,448,JAR1,305195,1209.827765,48.12724564,54.1654505,-4.07618361947,-7.12
10,Jaraguá cave,448,JAR1,305196,1211.637614,46.80363604,52.84335393,-3.55290335343,-6.82
10,Jaraguá cave,448,JAR1,305197,1213.605559,45.39045119,51.56813158,-3.19622476892,-7.05
10,Jaraguá cave,448,JAR1,305198,1217.284529,42.74479927,49.12626598,-3.15516898521,-6.72
10,Jaraguá cave,448,JAR1,305199,1219.094935,41.71761964,48.07689805,-2.92703533562,-6.53
10,Jaraguá cave,448,JAR1,305200,1220.772294,40.45249343,46.38173569,-2.97626091006,-6.6
10,Jaraguá cave,448,JAR1,305201,1222.669448,39.20397319,45.24710945,-3.13169376378,-6
10,Jaraguá cave,707,JAR2,420422,1223.21192892354,35.1370063003696,33.3698688663501,-3.99,-8.18
10,Jaraguá cave,448,JAR1,305202,1228.306374,35.76817597,41.59682393,-4.07028896035,-7.23
10,Jaraguá cave,448,JAR1,305203,1230.173284,34.57444644,40.31726321,-4.65944462748,-7.66
10,Jaraguá cave,448,JAR1,305204,1231.885801,33.93835602,39.33346231,-4.6574797411,-7.58
10,Jaraguá cave,448,JAR1,305205,1233.741943,32.91380473,38.05890242,-5.30454784874,-7.99
10,Jaraguá cave,448,JAR1,305206,1237.305495,31.56363048,36.23403674,-4.21569055206,-7.06
10,Jaraguá cave,448,JAR1,305207,1239.167248,30.72452859,35.51388871,-4.72335514218,-7.55
10,Jaraguá cave,448,JAR1,305208,1241.06167,29.85274758,34.26269639,-4.32789590555,-6.98
10,Jaraguá cave,707,JAR2,420423,1241.12097335615,34.0971475433118,32.1507028537833,-3.73,-7.61
10,Jaraguá cave,448,JAR1,305209,1242.88208,29.05079552,33.24539195,-4.14722977417,-6.8
10,Jaraguá cave,448,JAR1,305210,1244.5716,28.37918344,31.59615369,-4.6294542565,-7.21
10,Jaraguá cave,448,JAR1,305211,1246.329724,27.75031909,30.03024143,-4.880339222,-7.25
10,Jaraguá cave,448,JAR1,305212,1248.302958,26.9572445,29.14867867,-4.40080353155,-7.82
10,Jaraguá cave,448,JAR1,305213,1250.071462,26.21025989,28.52272561,-3.58599617658,-7.38
10,Jaraguá cave,448,JAR1,305214,1251.886646,25.2141503,27.86479573,-3.30584474561,-6.95
10,Jaraguá cave,448,JAR1,305215,1253.819676,24.19798626,27.0820281,-3.78413945518,-7.32
10,Jaraguá cave,448,JAR1,305216,1255.670169,23.52944407,26.15839066,-4.01744385838,-7.06
10,Jaraguá cave,448,JAR1,305217,1257.403266,23.10603536,25.32472272,-4.96493275117,-7.28
10,Jaraguá cave,707,JAR2,420424,1259.15386335134,33.2818291504941,31.3760933750305,-3.23,-6.76
10,Jaraguá cave,448,JAR1,305218,1259.417501,22.44285859,24.92342081,-4.09748712438,-7.36
10,Jaraguá cave,448,JAR1,305219,1261.307137,22.12054154,24.4200525,-3.91785514372,-6.74
10,Jaraguá cave,448,JAR1,305220,1262.910072,22.14588979,23.68875636,-3.37533967422,-6.72
10,Jaraguá cave,448,JAR1,305221,1264.690756,22.10249756,23.14337072,-3.19043352487,-7.05
10,Jaraguá cave,448,JAR1,305222,1266.4805,22.39207543,23.10470264,-4.10617399045,-7.6
10,Jaraguá cave,448,JAR1,305223,1268.547201,22.31074013,23.19087424,-3.94143378021,-7.48
10,Jaraguá cave,448,JAR1,305224,1270.396091,22.23126391,23.11776067,-3.99851890015,-7.66
10,Jaraguá cave,448,JAR1,305225,1272.153265,22.20971214,22.91477162,-3.74597929349,-7.5
10,Jaraguá cave,448,JAR1,305226,1273.94355,22.65138646,22.95132238,-4.25871122216,-7.31
10,Jaraguá cave,448,JAR1,305227,1275.978501,22.98129435,23.37500851,-2.82217245227,-7.22
10,Jaraguá cave,707,JAR2,420425,1277.24846748557,31.941967294382,30.348494347161,-3.28,-6.93
10,Jaraguá cave,448,JAR1,305228,1278.053442,22.98339576,23.70513812,-2.87108778148,-7.45
10,Jaraguá cave,448,JAR1,305229,1283.784419,22.7425007,22.91815896,-3.88569305622,-7.91
10,Jaraguá cave,448,JAR1,305230,1287.802026,22.25765621,22.02219543,-4.03295611924,-7.61
10,Jaraguá cave,448,JAR1,305231,1291.911373,21.6139206,21.19158894,-3.28609246679,-7.11
10,Jaraguá cave,707,JAR2,420426,1295.29960302132,30.7749162885582,29.2197426772789,-3.07,-6.45
10,Jaraguá cave,448,JAR1,305232,1296.034378,21.09589236,20.70983217,-2.9764677402,-7.04
10,Jaraguá cave,448,JAR1,305233,1300.147431,20.48491401,20.28340585,-2.68491731679,-6.61
10,Jaraguá cave,448,JAR1,305234,1304.333406,20.34979434,20.35283083,-2.95951177239,-7.01
10,Jaraguá cave,448,JAR1,305235,1308.476357,20.22739173,20.3577724,-2.94298620792,-6.83
10,Jaraguá cave,707,JAR2,420427,1313.23386166301,29.7924582169126,28.250273327578,-3.25,-6.58
10,Jaraguá cave,448,JAR1,305236,1316.811801,20.18267324,20.80098577,-2.89070866048,-7.08
10,Jaraguá cave,448,JAR1,305237,1320.920388,20.02416107,20.63728386,-2.58212464362,-7.05
10,Jaraguá cave,448,JAR1,305238,1325.165435,20.3516137,21.16208179,-2.64248186454,-7.38
10,Jaraguá cave,448,JAR1,305239,1329.251665,20.97718762,21.46841064,-2.90306850094,-7.36
10,Jaraguá cave,707,JAR2,420428,1331.23444899665,28.8252335196471,27.212784318034,-3.68,-6.61
10,Jaraguá cave,448,JAR1,305240,1333.417064,21.72242114,21.82922181,-3.13749347504,-7.58
10,Jaraguá cave,448,JAR1,305241,1346.012563,24.09203469,24.94745491,-3.35533566318,-6.91
10,Jaraguá cave,707,JAR2,420429,1349.30756185214,27.8777902697782,26.4206809787511,-3.6,-6.16
10,Jaraguá cave,448,JAR1,305242,1350.227944,25.15914845,26.0781065,-3.25285198601,-7.3
10,Jaraguá cave,448,JAR1,305243,1354.211293,26.26226843,26.98720952,-3.38705925369,-7.06
10,Jaraguá cave,707,JAR2,420430,1367.32304038776,27.0209138542971,25.6613772656979,-3.62,-6.51
10,Jaraguá cave,448,JAR1,305244,1374.99833,31.85754809,33.79278109,-4.30735237475,-8.25
10,Jaraguá cave,448,JAR1,305245,1379.155788,33.1358514,35.60096591,-4.04666273967,-8.27
10,Jaraguá cave,448,JAR1,305246,1383.24912,34.76067888,37.09860946,-3.80636684136,-7.91
10,Jaraguá cave,707,JAR2,420431,1385.41104646333,26.1572417422631,25.0390370169989,-2.82,-6.35
10,Jaraguá cave,448,JAR1,305247,1398.016021,30.09586026,30.23326389,-3.77031730668,-7.97
10,Jaraguá cave,448,JAR1,305248,1400.143815,29.25443587,29.43392201,-3.42043082294,-7.7
10,Jaraguá cave,448,JAR1,305249,1402.430632,28.65859786,29.46962769,-3.16602410677,-7.51
10,Jaraguá cave,707,JAR2,420432,1403.46105836648,25.3687254385654,24.3271144626608,-2.95,-6.64
10,Jaraguá cave,448,JAR1,305250,1404.519091,28.10694228,28.7311553,-3.03109584839,-6.62
10,Jaraguá cave,448,JAR1,305251,1406.439815,28.39107735,28.24664771,-3.2871505433,-7.05
10,Jaraguá cave,448,JAR1,305252,1408.570801,28.25840196,27.94427817,-3.51168764502,-7.13
10,Jaraguá cave,448,JAR1,305253,1410.84259,27.90279735,27.28356205,-3.60891838998,-7.47
10,Jaraguá cave,448,JAR1,305254,1413.085042,27.58748359,26.79862499,-3.05705151336,-6.66
10,Jaraguá cave,448,JAR1,305255,1415.300009,27.34739823,26.96728147,-3.11194980475,-7.22
10,Jaraguá cave,448,JAR1,305256,1417.424038,27.21347444,26.85668796,-3.56771892178,-7.52
10,Jaraguá cave,448,JAR1,305257,1419.425667,27.12493676,27.21589897,-2.9304661473,-7.36
10,Jaraguá cave,448,JAR1,305258,1421.466608,27.58827573,27.21863581,-2.71767089402,-7.33
10,Jaraguá cave,707,JAR2,420433,1421.4867193178,24.5549982589055,23.385619920198,-2.33,-5.47
10,Jaraguá cave,448,JAR1,305259,1423.788372,27.658579,27.5238332,-2.95487683221,-6.95
10,Jaraguá cave,448,JAR1,305260,1426.095516,28.08824165,27.8834799,-3.85930815801,-7.03
10,Jaraguá cave,448,JAR1,305261,1428.376309,28.50799273,28.96962284,-4.18231198874,-7.12
10,Jaraguá cave,448,JAR1,305262,1430.586828,28.93002996,29.25790577,-4.07818033285,-7.82
10,Jaraguá cave,448,JAR1,305263,1432.481899,29.60794501,29.22182553,-4.26368093845,-7.57
10,Jaraguá cave,448,JAR1,305264,1434.604301,30.28206724,29.68552458,-4.07272140331,-7.26
10,Jaraguá cave,448,JAR1,305265,1436.801953,30.68072912,30.78943981,-5.32631822215,-7.67
10,Jaraguá cave,448,JAR1,305266,1438.953148,31.402595,31.62656765,-4.61397941687,-7.43
10,Jaraguá cave,707,JAR2,420434,1439.31540816242,23.6787000053298,22.0952032618707,-2.69,-6.02
10,Jaraguá cave,448,JAR1,305267,1443.72056,32.65742293,33.34192848,-4.35380477515,-7.47
10,Jaraguá cave,448,JAR1,305268,1445.870038,33.47619661,34.05825161,-4.36152967544,-7.52
10,Jaraguá cave,448,JAR1,305269,1448.122799,33.87845005,34.67474357,-3.5906876253,-7.49
10,Jaraguá cave,448,JAR1,305270,1450.317646,34.80280171,35.67723225,-3.47378413427,-7.21
10,Jaraguá cave,448,JAR1,305271,1452.381815,35.88225439,36.79210147,-3.46029130843,-7.22
10,Jaraguá cave,448,JAR1,305272,1454.703955,36.54622605,37.54727817,-3.70398616287,-7.41
10,Jaraguá cave,448,JAR1,305273,1457.007064,37.51133904,38.51494739,-3.945277715,-7.14
10,Jaraguá cave,707,JAR2,420435,1457.35055442607,22.8368503582967,21.7648027002176,-3.13,-6.48
10,Jaraguá cave,448,JAR1,305274,1459.202749,38.34458089,39.23397351,-3.4380435956,-7.09
10,Jaraguá cave,448,JAR1,305275,1466.523558,40.79167011,43.04067897,-3.29912448163,-7.23
10,Jaraguá cave,448,JAR1,305276,1468.57006,42.13797336,44.10923366,-3.17979236958,-7.14
10,Jaraguá cave,448,JAR1,305277,1470.729276,43.22052723,45.35549428,-3.9447612163,-7.32
10,Jaraguá cave,448,JAR1,305278,1472.980123,44.77894217,46.30040713,-4.15881118507,-7.53
10,Jaraguá cave,448,JAR1,305279,1475.330764,45.76170145,47.66272234,-3.36023573625,-7.11
10,Jaraguá cave,707,JAR2,420436,1475.54156582457,21.7549682319307,21.3515272558682,-3.37,-7.08
10,Jaraguá cave,448,JAR1,305280,1477.634238,46.69080854,48.77563787,-4.72770328674,-7.45
10,Jaraguá cave,448,JAR1,305281,1479.748426,48.14385303,49.86046024,-5.25272328838,-7.7
10,Jaraguá cave,448,JAR1,305282,1481.966354,49.85605256,51.27720934,-3.87142312283,-6.68
10,Jaraguá cave,448,JAR1,305283,1484.040015,50.98896697,52.57856625,-4.17439868414,-6.65
10,Jaraguá cave,448,JAR1,305284,1488.144045,53.75674009,55.17613841,-3.15419170886,-6.91
10,Jaraguá cave,448,JAR1,305285,1490.295808,55.23422875,56.32865545,-4.82597679078,-7.53
10,Jaraguá cave,448,JAR1,305286,1492.734592,55.95296286,58.00879897,-4.26369131124,-7.32
10,Jaraguá cave,707,JAR2,420437,1493.6119951249,20.932224906561,20.7025847523767,-3.49,-7.49
10,Jaraguá cave,448,JAR1,305287,1494.868825,57.01192781,59.41538399,-3.18010205499,-6.73
10,Jaraguá cave,448,JAR1,305288,1497.016164,58.40111238,60.65844554,0.00762752768491,-5.66
10,Jaraguá cave,448,JAR1,305289,1499.166387,59.4598485,62.18068974,-3.69624440816,-7.02
10,Jaraguá cave,448,JAR1,305290,1501.456434,60.55695773,63.86291328,-4.44568310497,-7.72
10,Jaraguá cave,448,JAR1,305291,1505.93134,63.1378136,66.46463636,-3.50124582713,-6.74
10,Jaraguá cave,448,JAR1,305292,1510.017355,66.41294256,69.1047905,-3.75652983501,-6.75
10,Jaraguá cave,707,JAR2,420438,1511.68512389007,20.2363228771146,20.1613432979414,-3.9,-7.5
10,Jaraguá cave,448,JAR1,305293,1514.456393,69.21265283,71.75004247,-4.04845994997,-6.8
10,Jaraguá cave,448,JAR1,305294,1516.661467,70.39006103,73.25452933,-4.77361414905,-7.27
10,Jaraguá cave,448,JAR1,305295,1518.85657,71.58198716,74.85254882,-4.53549187442,-7.34
10,Jaraguá cave,448,JAR1,305296,1521.07988,72.85352787,76.31714587,-4.81967985407,-7.38
10,Jaraguá cave,448,JAR1,305297,1523.343565,74.14664087,77.72743713,-4.57038309749,-7.59
10,Jaraguá cave,448,JAR1,305298,1525.410366,75.55059991,78.92992604,-3.91550167979,-6.76
10,Jaraguá cave,448,JAR1,305299,1527.642496,76.66326371,80.42757531,-3.71802561547,-6.93
10,Jaraguá cave,707,JAR2,420439,1529.71986589278,19.5248861307168,19.4545310067854,-4,-7.46
10,Jaraguá cave,448,JAR1,305300,1529.909268,78.10833959,82.09535967,-3.85387428282,-7.08
10,Jaraguá cave,448,JAR1,305301,1531.806483,80.01222359,83.36470134,-3.41639202427,-6.73
10,Jaraguá cave,707,JAR2,420440,1558.67360601797,18.2263569768875,18.3942977358529,-3.4,-6.12
10,Jaraguá cave,707,JAR2,420441,1587.37337379597,17.3180964465432,17.4310412527168,-3.92,-6.32
10,Jaraguá cave,707,JAR2,420442,1616.11175018029,16.6965200737507,16.5357294705664,-3.84,-6.41
10,Jaraguá cave,707,JAR2,420443,1645.10627323845,16.5316992499099,16.6956918504873,-4.23,-6.83
10,Jaraguá cave,707,JAR2,420444,1673.76122622625,16.3055730790234,16.554688127381,-4.46,-6.63
10,Jaraguá cave,707,JAR2,420445,1702.57910909606,16.0426436289351,16.5549115344224,-4.25,-6.48
10,Jaraguá cave,707,JAR2,420446,1731.52278740487,15.9755935237897,16.8817781973601,-4.63,-6.55
10,Jaraguá cave,707,JAR2,420447,1760.34338015906,16.1581092289016,17.8483127035238,-4.7,-6.41
10,Jaraguá cave,707,JAR2,420448,1789.41122897309,16.2758810973814,18.8364156229266,-4.27,-6.25
10,Jaraguá cave,707,JAR2,420449,1815.67157737703,16.8813169396367,19.4968649573732,-4.64,-6.46
10,Jaraguá cave,707,JAR2,420450,1824.27007933679,16.7382474672627,18.5827650806464,-4.58,-6.65
10,Jaraguá cave,707,JAR2,420451,1833.24641924737,17.3647689123875,19.5764179488049,-4.5,-6.67
10,Jaraguá cave,707,JAR2,420452,1842.22364386088,18.6724014793381,21.7343917432577,-4.58,-7.02
10,Jaraguá cave,707,JAR2,420453,1850.94396476953,20.7568390894478,24.1929078336575,-4.19,-7.11
10,Jaraguá cave,707,JAR2,420454,1860.19724103972,22.4478863486338,27.975111235151,-4.29,-6.93
10,Jaraguá cave,707,JAR2,420455,1869.35111524739,24.3939910541294,32.320142874795,-4.27,-6.6
10,Jaraguá cave,707,JAR2,420456,1878.34917601768,27.2854523129115,36.229388039859,-4.34,-6.59
10,Jaraguá cave,707,JAR2,420457,1887.33339921143,30.3318082943183,40.5313624753662,-4.35,-6.81
10,Jaraguá cave,707,JAR2,420458,1896.21651819273,33.7649972575473,44.9604675415369,-4.73,-7.47
10,Jaraguá cave,707,JAR2,420459,1905.46361249806,37.077453497762,49.599568476388,-4.98,-7.31
10,Jaraguá cave,707,JAR2,420460,1914.50905966921,40.3706857514032,54.7689023241512,-4.84,-6.55
10,Jaraguá cave,707,JAR2,420461,1923.41307873441,43.813815138298,59.3860492511367,-5.01,-6.37
10,Jaraguá cave,707,JAR2,420462,1932.18722152634,47.0413924128211,63.853994523929,-5.72,-7.01
10,Jaraguá cave,707,JAR2,420463,1941.30117546239,50.5341337023958,68.520136950664,-5.54,-7.04
10,Jaraguá cave,707,JAR2,420464,1950.07519673646,54.58663315849,72.9674087939209,-5.55,-6.92
10,Jaraguá cave,707,JAR2,420465,1958.86230366736,58.4538169994689,77.508013292384,-3.67,-6.09
10,Jaraguá cave,707,JAR2,420466,1967.47818378126,60.807818981518,81.6417126436966,-3.73,-6.55
10,Jaraguá cave,707,JAR2,420467,1971.32540017791,57.4623625292459,77.4386340220744,-4.44,-7.37
10,Jaraguá cave,707,JAR2,420468,1975.11589822693,54.3796289208306,73.147796799424,-3.77,-6.8
10,Jaraguá cave,707,JAR2,420469,1979.02125963292,51.0634272189591,68.7613506062426,-3.62,-6.63
10,Jaraguá cave,707,JAR2,420470,1983.00360437813,47.5752888243592,64.4297590247288,-3.06,-5.68
10,Jaraguá cave,707,JAR2,420471,1986.83302440268,44.1984243073598,60.1168874171367,-3.16,-6.61
10,Jaraguá cave,707,JAR2,420472,1990.64865956079,40.7517693532106,55.6502657762462,-3.15,-7.18
10,Jaraguá cave,707,JAR2,420473,1994.5666062924,37.3900423306052,51.4886360701908,-3.93,-7.71
10,Jaraguá cave,707,JAR2,420474,1998.48259473252,34.0975290248696,47.2831904529744,-3.23,-7.2
10,Jaraguá cave,707,JAR2,420475,2002.26924045485,31.0350598086109,42.8604542971971,-4.08,-7.23
10,Jaraguá cave,707,JAR2,420476,2006.03771904251,27.8993823851711,38.3013038901249,-4.16,-7.43
10,Jaraguá cave,707,JAR2,420477,2009.87669451862,24.7967713180053,34.0190143305449,-4.5,-7.78
10,Jaraguá cave,707,JAR2,420478,2013.76891460947,21.6499981292659,29.825205863116,-5.07,-8.56
10,Jaraguá cave,707,JAR2,420479,2017.61488336795,18.8404046540259,25.5046307614011,-4.59,-8.2
10,Jaraguá cave,707,JAR2,420480,2021.33035560647,16.1110560661321,20.7648532120736,-5.07,-8.5
10,Jaraguá cave,707,JAR2,420481,2025.20999410985,13.1450575625008,16.4275287827043,-5.2,-8.96
10,Jaraguá cave,707,JAR2,420482,2028.93685558813,10.6532231335786,12.3534616019572,-4.86,-8.33
10,Jaraguá cave,707,JAR2,420483,2032.65434443757,8.4476980413931,9.00977415226339,-5.62,-8.53
10,Jaraguá cave,707,JAR2,420484,2036.41406327129,7.00650513302026,6.65839912687943,-5.18,-8.19
10,Jaraguá cave,707,JAR2,420485,2039.36346985976,6.4551823674351,6.44342570474396,-5.48,-8.35
10,Jaraguá cave,707,JAR2,420486,2040.2342274562,6.11741830998017,6.15268896800922,-5.17,-8.39
10,Jaraguá cave,707,JAR2,420487,2041.08586952676,5.79941565562899,5.88069296080585,-5.36,-8.65
10,Jaraguá cave,707,JAR2,420488,2041.90535279421,5.48807536557479,5.66631928292554,-5.35,-8.39
10,Jaraguá cave,707,JAR2,420489,2042.78614188681,5.12595349521462,5.34309751714795,-4.26,-8.26
10,Jaraguá cave,707,JAR2,420490,2043.6415007683,4.96551517506236,5.11111698955074,-3.96,-7.98
10,Jaraguá cave,707,JAR2,420491,2044.52317567793,4.74275089077537,4.89550945830433,-4.34,-8.81
10,Jaraguá cave,707,JAR2,420492,2045.42268610554,4.50830537680667,4.7237272772752,-4.89,-7.89
10,Jaraguá cave,707,JAR2,420493,2046.29519865169,4.39064698577954,4.67138210597773,-3.9,-7.94
10,Jaraguá cave,707,JAR2,420494,2047.14123919785,4.33824708469251,4.57165904100748,-3.81,-7.7
10,Jaraguá cave,707,JAR2,420495,2047.98621451761,4.33391153954199,4.64856526702715,-4.64,-8.67
10,Jaraguá cave,707,JAR2,420496,2048.88723445686,4.32571615952384,4.6997220962237,-4.31,-8.08
10,Jaraguá cave,707,JAR2,420497,2049.72209576093,4.38909194262351,4.71881878814361,-4.28,-8.7
10,Jaraguá cave,707,JAR2,420498,2050.60748079546,4.56500552633952,4.86577613927579,-3.56,-8.33
10,Jaraguá cave,707,JAR2,420499,2051.52884018151,4.77813509421821,4.99607303505832,-4.21,-9.05
10,Jaraguá cave,707,JAR2,420500,2052.34597647686,4.9843068963919,5.12982645544093,-3.21,-7.66
10,Jaraguá cave,707,JAR2,420501,2053.23265395639,5.26176536607181,5.4290933056418,-3.39,-8.08
10,Jaraguá cave,707,JAR2,420502,2054.07386055629,5.42725138939295,5.66678200247679,-3.81,-8.92
10,Jaraguá cave,707,JAR2,420503,2054.92821409461,5.82449520977616,5.84817604039927,-3.96,-7.66
10,Jaraguá cave,707,JAR2,420504,2055.76677714568,6.04748715143614,6.08702443838365,-4.47,-7.93
10,Jaraguá cave,707,JAR2,420505,2056.43249692945,5.63323170400508,5.70349508612117,-4.06,-7.75
10,Jaraguá cave,707,JAR2,420506,2057.09481746983,5.31651360910791,5.34700542716791,-4.02,-7.27
10,Jaraguá cave,707,JAR2,420507,2057.73926803911,5.13005516705243,5.07209520174638,-4.04,-7.87
10,Jaraguá cave,707,JAR2,420508,2058.35318921015,4.94862409263624,4.72419480742974,-3.09,-7.11
10,Jaraguá cave,707,JAR2,420509,2058.98241231876,4.93500947214534,4.46057209598666,-3.68,-8.21
10,Jaraguá cave,707,JAR2,420510,2059.60453638046,4.80129623224002,4.3604459621115,-3.84,-8.2
10,Jaraguá cave,707,JAR2,420511,2060.21185758658,4.78643738141272,4.3178126933899,-3.8,-7.79
10,Jaraguá cave,707,JAR2,420512,2060.83130189475,4.86952404803424,4.36556445879114,-4.51,-8.71
10,Jaraguá cave,707,JAR2,420513,2061.52052085695,4.98407824548076,4.52823993299717,-3.95,-7.78
10,Jaraguá cave,707,JAR2,420514,2062.18539444447,5.15891969072663,4.67426174616503,-4.38,-8.06
10,Jaraguá cave,707,JAR2,420515,2062.80796055641,5.39011306333077,4.74822306091983,-4.13,-7.99
10,Jaraguá cave,707,JAR2,420516,2063.44648394404,5.63094117174705,4.98616245642506,-3.59,-8.2
10,Jaraguá cave,707,JAR2,420517,2064.05484545574,5.94752503451036,5.15351325950769,-3.65,-7.73
10,Jaraguá cave,707,JAR2,420518,2064.63135750859,6.49057576817631,5.40263896450142,-4.05,-8.37
10,Jaraguá cave,707,JAR2,420519,2080.07677195326,19.2615079511165,15.1411795629833,-4.22,-8.48
10,Jaraguá cave,707,JAR2,420520,2196.36292804409,170.117944207688,119.376151386987,-4.41,-8.06
10,Jaraguá cave,707,JAR2,420521,2313.39598209303,320.716175098573,226.959391848855,-5.05,-8.46
10,Jaraguá cave,707,JAR2,420522,2431.08716385926,470.235674545537,333.886080227786,-3.84,-7.11
10,Jaraguá cave,707,JAR2,420523,2546.98326025094,621.400492989808,439.952560945536,-4.74,-7.81
10,Jaraguá cave,707,JAR2,420524,2662.87935664261,772.952872416085,545.972387183589,-5.02,-7.34
10,Jaraguá cave,707,JAR2,420526,2717.39357135298,820.947551141813,579.721910299318,-3.66,-6
10,Jaraguá cave,707,JAR2,420527,2745.02651776169,798.647666790692,564.183819247588,-3.84,-5.91
10,Jaraguá cave,707,JAR2,420528,2772.65946417041,776.192152171792,548.645728195857,-4.15,-6.02
10,Jaraguá cave,707,JAR2,420529,2800.29241057913,753.557269447449,533.168947821993,-4.35,-5.5
10,Jaraguá cave,707,JAR2,420530,2827.84792314675,730.9998205642,517.617173609208,-5.26,-6.61
10,Jaraguá cave,707,JAR2,420531,2854.90058709934,708.945220295986,501.562550781388,-4.63,-6.89
10,Jaraguá cave,707,JAR2,420532,2881.95325105193,686.890620027771,485.580352258625,-4.5,-6.68
10,Jaraguá cave,707,JAR2,420533,2909.00591500452,664.836019759556,469.61536769437,-4.58,-6.99
10,Jaraguá cave,707,JAR2,420534,2936.05857895711,642.90762531419,453.650383130116,-5.01,-7.01
10,Jaraguá cave,707,JAR2,420535,2963.55021280514,620.49567205542,438.1243684613,-5.36,-7.77
10,Jaraguá cave,707,JAR2,420536,2991.62958290157,597.453970103602,423.186090040879,-6.22,-7.83
10,Jaraguá cave,707,JAR2,420537,3019.70895299799,574.412268151785,407.797864055388,-5.88,-7.2
10,Jaraguá cave,707,JAR2,420538,3047.78832309441,551.370566199969,392.591398254707,-6.29,-7.99
10,Jaraguá cave,707,JAR2,420539,3075.02317187889,529.325272479718,376.936864857365,-5.38,-6.91
10,Jaraguá cave,707,JAR2,420540,3102.17615429034,507.590720954868,360.676359441523,-4.56,-6.27
10,Jaraguá cave,707,JAR2,420541,3129.32913670178,485.886092105017,344.760946388705,-4.83,-6.48
10,Jaraguá cave,707,JAR2,420542,3156.54718940638,463.742110059542,329.319143116339,-4.28,-6.68
10,Jaraguá cave,707,JAR2,420543,3183.8327942559,441.391340810506,313.571852641996,-4.09,-8.34
10,Jaraguá cave,707,JAR2,420544,3211.07247795353,418.512132863995,297.25567724305,-4.54,-8.17
10,Jaraguá cave,707,JAR2,420545,3238.56907654509,396.082241533848,281.093939835328,-4.43,-5.98
10,Jaraguá cave,707,JAR2,420546,3266.21511392342,373.583216997196,265.545077151374,-3.64,-5.22
10,Jaraguá cave,707,JAR2,420547,3294.22578254182,350.363451261129,250.243677990267,-4.11,-6.11
10,Jaraguá cave,707,JAR2,420548,3322.2282689599,327.749885993891,235.176658959626,-3.72,-5.98
10,Jaraguá cave,707,JAR2,420549,3349.37579821409,305.692093423477,219.212811218236,-3.31,-5.48
10,Jaraguá cave,707,JAR2,420550,3376.20819921194,283.688020508441,202.878226418382,-3.66,-6.11
10,Jaraguá cave,707,JAR2,420551,3403.56222347847,260.916724177466,187.203054118935,-3.66,-6.59
10,Jaraguá cave,707,JAR2,420552,3430.42921549068,239.12366039533,171.003865022279,-2.99,-5.39
10,Jaraguá cave,707,JAR2,420553,3457.72412095997,216.657083008845,155.087869733827,-1.96,-4.48
10,Jaraguá cave,707,JAR2,420554,3485.33230740633,193.935399301011,139.186141172095,-1.82,-4.34
10,Jaraguá cave,707,JAR2,420555,3513.07925799243,171.017471624178,123.516622998073,-1.62,-3.94
10,Jaraguá cave,707,JAR2,420556,3541.08967958414,148.321353460323,108.34385825562,-2.67,-4.33
10,Jaraguá cave,707,JAR2,420557,3567.67087146813,127.526085060929,91.9523928671942,-2.42,-4.6
10,Jaraguá cave,707,JAR2,420558,3595.12829152505,106.999713754025,76.9869167716301,-2.05,-4.92
10,Jaraguá cave,707,JAR2,420559,3622.92948290985,84.8799771068116,61.7980076761737,-2.44,-5.16
10,Jaraguá cave,707,JAR2,420560,3650.65063667696,62.5083244886491,47.0147807984185,-2.17,-5.47
10,Jaraguá cave,707,JAR2,420561,3678.53391460365,40.198335459208,33.0795578590519,-2.19,-5.52
10,Jaraguá cave,707,JAR2,420562,3705.57323800254,21.450185721138,20.1810226124267,-2.76,-7.11
10,Jaraguá cave,707,JAR2,420563,3727.11945614851,14.6370570544195,13.5164366268518,-3.21,-7.51
10,Jaraguá cave,707,JAR2,420564,3730.20802417129,14.316685658011,13.7182040799908,-3.01,-7.16
10,Jaraguá cave,707,JAR2,420565,3733.26803760356,13.7309404706712,13.4719089322862,-3.14,-7.11
10,Jaraguá cave,707,JAR2,420566,3736.26236718423,13.5205017296976,13.554261506079,-3.26,-7.21
10,Jaraguá cave,707,JAR2,420567,3739.35084888422,13.4359470609456,13.7292001265023,-3.95,-7.69
10,Jaraguá cave,707,JAR2,420568,3742.47757580771,13.4829179532076,13.8234547439151,-3.16,-6.6
10,Jaraguá cave,707,JAR2,420569,3745.38898115792,13.6069192672726,13.603824615479,-2.67,-4.69
10,Jaraguá cave,707,JAR2,420570,3748.38105711065,13.7266296775219,13.6717614655504,-1.53,-4.3
10,Jaraguá cave,707,JAR2,420571,3751.40134334058,13.81340853029,13.8845629602324,-1.79,-4.98
10,Jaraguá cave,707,JAR2,420572,3754.48976735196,13.7279673198113,14.2162495902144,-2.12,-4.91
10,Jaraguá cave,707,JAR2,420573,3757.57823307278,13.8551582634368,14.6894764678441,-2.16,-4.86
10,Jaraguá cave,707,JAR2,420574,3760.56288720201,14.2974534932305,15.2304714928555,-2.15,-4.58
10,Jaraguá cave,707,JAR2,420575,3763.56149269267,14.9350347981772,15.6227817098961,-1.5,-4.25
10,Jaraguá cave,707,JAR2,420576,3766.68575799793,15.1068523627446,16.0752643942515,-1.47,-4.65
10,Jaraguá cave,707,JAR2,420577,3769.82814472453,15.5812736382163,16.6925331609796,-1.42,-4.28
10,Jaraguá cave,707,JAR2,420578,3772.78142645084,16.212821092769,17.1995489402902,-1.58,-4.8
10,Jaraguá cave,707,JAR2,420579,3775.81167519706,16.8920198960095,18.0063205857068,-1.37,-5.09
10,Jaraguá cave,707,JAR2,420580,3778.82073449334,17.3817506622709,18.4674184847745,-1.72,-5.36
10,Jaraguá cave,707,JAR2,420581,3781.8189490646,18.2542252042881,19.1727864029676,-1.78,-3.39
10,Jaraguá cave,707,JAR2,420582,3784.82633844294,18.9056007206605,20.0829347475355,-2.71,-4.32
10,Jaraguá cave,707,JAR2,420583,3787.88902429083,19.4316741958523,20.6286896362781,-2.67,-4.43
10,Jaraguá cave,707,JAR2,420584,3790.89020521037,20.3917264575553,21.2306563771449,-2.31,-4.2
10,Jaraguá cave,707,JAR2,420585,3794.00375587297,21.1818373361757,22.4140938771038,-1.98,-4.48
10,Jaraguá cave,707,JAR2,420586,3796.98386388222,22.0577783761032,23.13484930596,-2.95,-6.54
10,Jaraguá cave,707,JAR2,420587,3799.9246427335,23.1142374181445,23.8726788569547,-3.27,-6.72
10,Jaraguá cave,707,JAR2,420588,3802.94639878134,24.0772509175499,24.6795795031276,-3.13,-5.92
10,Jaraguá cave,707,JAR2,420589,3805.92273448166,24.9536398291202,25.7077953367352,-3.08,-6.25
10,Jaraguá cave,707,JAR2,420590,3809.00235578887,25.8560239481558,26.6598473988433,-2.66,-6.43
10,Jaraguá cave,707,JAR2,420591,3812.09856828314,26.7295012253576,27.8726642597398,-2.64,-6.62
10,Jaraguá cave,707,JAR2,420592,3815.16945414592,27.5292335116442,28.8066228234693,-2.59,-6.4
10,Jaraguá cave,707,JAR2,420593,3818.31083164129,28.4057199765894,29.7341582190593,-3.1,-6.55
10,Jaraguá cave,707,JAR2,420594,3821.21525501285,29.7088235016117,30.3113966095648,-3.19,-6.24
10,Jaraguá cave,707,JAR2,420595,3824.31286169095,30.7952637177759,31.2994625967899,-3.36,-6.7
10,Jaraguá cave,707,JAR2,420596,3827.39906302772,31.6847880429509,32.6103839792604,-3.05,-6.63
10,Jaraguá cave,707,JAR2,420597,3830.3555913191,32.6043211809802,33.4446401713922,-2.29,-5.71
10,Jaraguá cave,707,JAR2,420598,3834.70834362257,33.0989352805323,34.6058000621547,-2.38,-5.54
10,Jaraguá cave,707,JAR2,420599,3845.2695687082,32.6421280298332,35.2596537271643,-2.78,-5.98
10,Jaraguá cave,707,JAR2,420600,3855.60169374864,34.1756483949766,37.5435275275031,-2.32,-5.26
10,Jaraguá cave,707,JAR2,420601,3865.55391950267,37.449900596514,40.7890376094979,-1.94,-5.2
10,Jaraguá cave,707,JAR2,420602,3875.7362710079,41.1828981643366,45.5811791421102,-1.92,-5.88
10,Jaraguá cave,707,JAR2,420603,3886.52867172345,45.0236646378039,52.1744509880173,-2.18,-6.03
10,Jaraguá cave,707,JAR2,420604,3897.10297065213,49.1837837712364,59.0345335493571,-2.79,-6.77
10,Jaraguá cave,707,JAR2,420605,3907.40057985281,53.71832120115,66.2420562024768,-2.17,-6.36
10,Jaraguá cave,707,JAR2,420606,3917.89127814645,57.2757719094793,74.0189732137455,-2.6,-6.53
10,Jaraguá cave,707,JAR2,420607,3929.53054577075,61.3899810615353,82.2469888089777,-2.48,-6.06
10,Jaraguá cave,707,JAR2,420608,3940.16608659002,65.5999630388692,89.6027736053347,-2.34,-5.53
10,Jaraguá cave,707,JAR2,420609,3949.99363309433,71.2094368038411,96.338244810448,-2.48,-6.02
10,Jaraguá cave,707,JAR2,420610,3960.84673334435,75.9710984152584,104.899383813237,-3.5,-7.02
10,Jaraguá cave,707,JAR2,420611,3971.19403655945,81.1813542137966,113.63364961144,-3.31,-7.21
10,Jaraguá cave,707,JAR2,420612,3980.89851679571,87.6612814076125,121.538767333988,-2.95,-6.72
10,Jaraguá cave,707,JAR2,420613,3991.28421772832,92.9237633737398,130.200773968042,-2.7,-6.74
10,Jaraguá cave,707,JAR2,420614,4001.68342176609,98.424060019463,139.386076337964,-3,-6.99
10,Jaraguá cave,707,JAR2,420615,4011.44112602201,104.683239651973,147.134308030763,-3.52,-7.6
10,Jaraguá cave,707,JAR2,420616,4022.12060628434,110.002504962459,156.231695401439,-4.12,-8.38
10,Jaraguá cave,707,JAR2,420617,4034.16545773131,113.63398839651,166.244269541619,-3.68,-8.04
10,Jaraguá cave,707,JAR2,420618,4044.2994883421,119.392463632561,174.197534845062,-3.56,-7.78
10,Jaraguá cave,707,JAR2,420619,4054.59253667747,125.466229018771,181.596222596253,-3.28,-7.21
10,Jaraguá cave,707,JAR2,420620,4065.08978730473,131.336499453337,189.863947069754,-3.76,-7.58
10,Jaraguá cave,707,JAR2,420621,4076.00002685667,136.971109745733,198.4252304307,-2.92,-6.9
10,Jaraguá cave,707,JAR2,420622,4086.63200684209,142.917994618811,207.789430367707,-3.36,-6.91
10,Jaraguá cave,707,JAR2,420623,4096.6270560207,149.033324471253,215.774358747381,-3.37,-6.71
10,Jaraguá cave,707,JAR2,420624,4107.89906428549,153.899292264303,224.861701394526,-4.12,-7.4
10,Jaraguá cave,707,JAR2,420625,4117.94752230788,160.245010769891,232.725493799267,-4.65,-8.14
10,Jaraguá cave,707,JAR2,420626,4128.16400086602,166.431141120034,240.687144702601,-4.51,-8.17
10,Jaraguá cave,707,JAR2,420627,4138.27808765029,172.937001646988,248.39601112292,-3.96,-7.29
10,Jaraguá cave,707,JAR2,420628,4148.95594470129,178.885748924208,257.179919339743,-4.78,-7.81
10,Jaraguá cave,707,JAR2,420629,4159.43062832273,185.504506163697,265.615771267321,-4.21,-7.65
10,Jaraguá cave,707,JAR2,420630,4169.88291189045,191.085913027117,274.253425388991,-4.44,-7.53
10,Jaraguá cave,707,JAR2,420631,4180.55615621508,196.791394830412,282.804770199595,-3.83,-7.17
10,Jaraguá cave,707,JAR2,420632,4191.48424716513,202.215073827304,291.603972435722,-4.13,-7.58
10,Jaraguá cave,707,JAR2,420633,4201.73338049119,208.536898806093,299.641659083964,-2.95,-6.13
10,Jaraguá cave,707,JAR2,420634,4211.67444196641,214.843918996623,306.711333361404,-2.7,-5.93
10,Jaraguá cave,707,JAR2,420636,4228.37911432387,209.102150410453,297.619052385526,-3,-5.92
10,Jaraguá cave,707,JAR2,420637,4254.65919098004,185.67992191183,264.179175661655,-2.69,-5.77
10,Jaraguá cave,707,JAR2,420638,4281.32104249606,161.557237973006,231.128680058983,-3.27,-6.63
10,Jaraguá cave,707,JAR2,420639,4307.66622654364,138.133728162344,197.754250809685,-3.11,-6.78
10,Jaraguá cave,707,JAR2,420640,4334.40507864823,114.25421093629,164.785998918047,-3.53,-6.69
10,Jaraguá cave,707,JAR2,420641,4360.75325941292,90.8950584882841,130.252009355194,-3.19,-6.68
10,Jaraguá cave,707,JAR2,420642,4385.82322192763,69.098593074782,94.9270499698423,-3.58,-6.73
10,Jaraguá cave,707,JAR2,420643,4412.21604249521,45.9426006200592,61.0447166790636,-3.6,-6.85
10,Jaraguá cave,707,JAR2,420644,4438.25788608464,24.4163483425518,28.6501245645668,-3.18,-6.57
10,Jaraguá cave,707,JAR2,420645,4459.94439772911,14.0715767986048,13.9731325201728,-3.22,-6.2
10,Jaraguá cave,707,JAR2,420646,4460.2220302137,13.937357390927,14.0573598060955,-2.95,-6.19
10,Jaraguá cave,707,JAR2,420647,4460.48860991251,13.8320306131136,14.014195860811,-2.62,-5.75
10,Jaraguá cave,707,JAR2,420648,4460.7206673012,13.7092931950647,13.8406829683363,-2.39,-5.49
10,Jaraguá cave,707,JAR2,420649,4461.01670330645,13.5209016077242,13.6976293366733,-2.32,-5.52
10,Jaraguá cave,707,JAR2,420650,4461.31204905101,13.3049051991584,13.6543311300002,-2.86,-6.2
10,Jaraguá cave,707,JAR2,420651,4461.52483801201,13.268129668586,13.5141417450059,-2.77,-6.09
10,Jaraguá cave,707,JAR2,420652,4461.72577424888,13.3469918198389,13.328706177037,-3.57,-7.02
10,Jaraguá cave,707,JAR2,420653,4462.02594519799,13.3180512227336,13.230884953462,-2.68,-6.11
10,Jaraguá cave,707,JAR2,420654,4462.25251580804,13.2088157871467,13.2180674250321,-2.56,-5.32
10,Jaraguá cave,707,JAR2,420655,4462.55488006868,13.0959414014569,13.2776930673444,-2.32,-5.29
10,Jaraguá cave,707,JAR2,420656,4462.74404242985,13.0686967666406,13.2291627965596,-2.37,-5.29
10,Jaraguá cave,707,JAR2,420657,4462.90097747455,13.0534060020991,12.899820067717,-3.21,-6.01
10,Jaraguá cave,707,JAR2,420658,4463.09476624504,13.0147405968064,13.0005722266005,-3.15,-4.93
10,Jaraguá cave,707,JAR2,420659,4463.31963927847,12.950330274105,12.9515606355881,-3.55,-5.6
10,Jaraguá cave,707,JAR2,420660,4463.68668902899,12.7870004962115,13.1292048993173,-2.72,-5.31
10,Jaraguá cave,707,JAR2,420661,4463.8801021794,12.7198580944296,13.0983307384395,-2.82,-4.64
10,Jaraguá cave,707,JAR2,420662,4464.08546218434,12.886264173394,13.0830815625468,-3.38,-4.19
10,Jaraguá cave,707,JAR2,420663,4464.369073778,12.8344234676824,13.089675152627,-3.1,-3.81
10,Jaraguá cave,707,JAR2,420664,4464.39295776225,12.9160001247383,13.0594558844505,-1.86,-5.54
10,Jaraguá cave,707,JAR2,420665,4465.15090530296,13.3139773295943,13.2239456887446,-2.71,-5.69
10,Jaraguá cave,707,JAR2,420666,4468.88100863854,13.952161364884,13.7460259187856,-2.8,-5.39
10,Jaraguá cave,707,JAR2,420667,4472.51985985965,15.8522799777638,15.2910457793478,-2.79,-5.27
10,Jaraguá cave,707,JAR2,420668,4475.72031991286,19.0779374903959,16.9269264798604,-3.84,-6.24
10,Jaraguá cave,707,JAR2,420669,4478.65920635074,23.2422601083972,18.3058549760735,-4.41,-6.96
10,Jaraguá cave,707,JAR2,420670,4481.8735813961,27.2411922833544,20.4709668158212,-3.39,-6.35
10,Jaraguá cave,707,JAR2,420671,4485.00440094939,32.2287604407657,22.5483995176028,-4.21,-7.53
10,Jaraguá cave,707,JAR2,420672,4488.30397597158,36.5229672411078,24.971471647902,-2.94,-6.68
10,Jaraguá cave,707,JAR2,420673,4491.34792924655,41.7548881465827,27.0039857166166,-3.46,-7.63
10,Jaraguá cave,707,JAR2,420674,4494.33635315185,46.6564916358966,29.2070661612161,-3.36,-7.65
10,Jaraguá cave,707,JAR2,420675,4497.45984452773,51.2973109959394,31.5735363535778,-3.1,-6.79
10,Jaraguá cave,707,JAR2,420676,4500.30594472019,56.8263780960433,33.597989025292,-3.92,-7.18
10,Jaraguá cave,707,JAR2,420677,4503.92885857443,61.3514530094753,36.518258742236,-3.55,-6.66
10,Jaraguá cave,707,JAR2,420678,4507.39188134731,66.3826136258249,39.1207204493539,-4.82,-8.55
10,Jaraguá cave,707,JAR2,420679,4510.40183754464,71.7645289251977,41.6671117396218,-3.11,-6.82
10,Jaraguá cave,707,JAR2,420680,4513.95973011761,76.3410898279953,44.8704675070758,-4.06,-7.12
10,Jaraguá cave,707,JAR2,420681,4517.12839785385,81.1585457597321,47.4243865297358,-3.81,-6.89
10,Jaraguá cave,707,JAR2,420682,4520.29093454713,86.3406765793588,50.2416270716585,-4.26,-6.93
10,Jaraguá cave,707,JAR2,420683,4523.74278504118,91.4328699452062,52.9575225296585,-5.45,-8.44
10,Jaraguá cave,707,JAR2,420684,4527.03082018565,96.2575551766813,55.5453234397837,-4.66,-7.34
10,Jaraguá cave,707,JAR2,420685,4530.48074938695,100.936331498267,58.9530613297738,-4.13,-7.38
10,Jaraguá cave,707,JAR2,420686,4533.92070755335,106.036336309378,61.9426391594779,-3.5,-7.39
10,Jaraguá cave,707,JAR2,420687,4537.35760172306,110.926839494006,64.9396839667552,-3.69,-7.66
10,Jaraguá cave,707,JAR2,420688,4540.59481978529,115.921969221554,67.8991937516657,-3.04,-5.69
10,Jaraguá cave,707,JAR2,420689,4543.76220203152,120.782268620279,70.7466296027196,-4,-7.13
10,Jaraguá cave,707,JAR2,420690,4546.98343288063,125.646510672485,73.4880526144334,-4.01,-7.26
10,Jaraguá cave,707,JAR2,420691,4550.25481111697,130.764766999965,76.5249444405699,-3.9,-6.09
10,Jaraguá cave,707,JAR2,420692,4553.51479554427,136.316151731563,79.3535178156471,-3.77,-6.25
10,Jaraguá cave,707,JAR2,420693,4556.8862055538,140.975037930727,82.2758921615377,-3.42,-6.72
10,Jaraguá cave,707,JAR2,420694,4560.34159516241,145.476612390011,84.8377575005716,-3.83,-6.61
10,Jaraguá cave,707,JAR2,420695,4568.72898986209,142.242020540038,82.0628717783111,-3.17,-6.51
10,Jaraguá cave,707,JAR2,420696,4577.0360784965,137.4842138946,80.5768601925292,-3.01,-6.51
10,Jaraguá cave,707,JAR2,420697,4585.08349501752,133.037090863589,78.1793069465084,-2.84,-5.92
10,Jaraguá cave,707,JAR2,420698,4593.54640968179,130.531030209882,75.9630626842891,-3.38,-6.34
10,Jaraguá cave,707,JAR2,420699,4602.08718388212,127.683662793948,73.6086240936938,-3.64,-6.44
10,Jaraguá cave,707,JAR2,420700,4610.17701457224,124.739784248634,72.1078363672596,-4.54,-6.93
10,Jaraguá cave,707,JAR2,420701,4619.10128641241,120.463821021523,71.3041659258752,-4.18,-6.83
10,Jaraguá cave,707,JAR2,420702,4627.37570624129,117.680860755977,70.4386065628069,-5.32,-8.1
10,Jaraguá cave,707,JAR2,420703,4635.23780555723,115.38034314235,68.5248743104921,-4.24,-8.1
10,Jaraguá cave,707,JAR2,420704,4644.53122789039,111.318252089191,68.9772528217072,-3.12,-7.02
10,Jaraguá cave,707,JAR2,420705,4662.25295587684,103.79908472105,70.1776118532389,-3.47,-7.2
10,Jaraguá cave,707,JAR2,420706,4671.25763500643,100.851874001547,70.9652389367702,-2.88,-5.84
10,Jaraguá cave,707,JAR2,420707,4680.2806114536,98.2492089374,71.3280720555776,-3.82,-5.72
10,Jaraguá cave,707,JAR2,420708,4689.43902633965,96.843192649867,72.7968233718339,-3.67,-6.41
10,Jaraguá cave,707,JAR2,420709,4698.12321448323,95.5059807929256,73.5365571140301,-2.84,-5.63
10,Jaraguá cave,707,JAR2,420710,4707.27269516858,93.1615517762857,74.3882547029934,-3,-6.1
10,Jaraguá cave,707,JAR2,420711,4715.04939073421,93.2360691805907,74.728468585774,-3.84,-6.93
10,Jaraguá cave,707,JAR2,420712,4723.73491326554,89.9367947812207,75.8828658814464,-3.3,-6.69
10,Jaraguá cave,707,JAR2,420713,4732.3062552743,89.4361973648274,76.4575517904486,-4.85,-6.43
10,Jaraguá cave,707,JAR2,420714,4740.85429066513,88.4483441086195,77.1934262794557,-2.43,-5.98
10,Jaraguá cave,707,JAR2,420715,4748.81950691901,89.1703486020724,79.0410214633921,-3.43,-6.81
10,Jaraguá cave,707,JAR2,420716,4757.5136014137,87.5146669693377,80.5612499150202,-2.71,-5.57
10,Jaraguá cave,707,JAR2,420717,4766.02280220601,86.5389943978753,82.3431400318259,-2.62,-5.5
10,Jaraguá cave,707,JAR2,420718,4774.49341631364,87.7304987351154,84.8912605933865,-2.45,-5.35
10,Jaraguá cave,707,JAR2,420719,4783.20515321328,88.5131296690188,88.4933260786402,-3.26,-6.46
10,Jaraguá cave,707,JAR2,420720,4791.05689738985,88.2611164731743,89.6949327692582,-2.46,-6.49
10,Jaraguá cave,707,JAR2,420721,4799.03601622832,91.1773128341174,91.46984986396,-3.2,-6.22
10,Jaraguá cave,707,JAR2,420722,4807.6292688404,92.2512320568867,94.631851260543,-2.4,-5.55
10,Jaraguá cave,707,JAR2,420723,4815.10513822933,94.4188563299886,96.0261945337261,-2.48,-6.47
10,Jaraguá cave,707,JAR2,420724,4823.85734613627,94.2907212100617,98.6790191288483,-2.39,-6.62
10,Jaraguá cave,707,JAR2,420725,4831.73273717604,96.7881450665927,100.806727856656,-2.44,-6.23
10,Jaraguá cave,707,JAR2,420726,4839.30675129099,98.8771654802276,103.462901058831,-3.55,-6.98
10,Jaraguá cave,707,JAR2,420727,4847.26711010258,102.300108562374,105.79258772836,-3.41,-6.64
10,Jaraguá cave,707,JAR2,420728,4854.98516133461,105.305588445574,106.860978527922,-4.04,-7.63
10,Jaraguá cave,707,JAR2,420729,4863.16208652108,108.645315798799,109.635211486512,-3.73,-7.46
10,Jaraguá cave,707,JAR2,420730,4870.77832801552,109.719693903153,111.791435604606,-3.25,-7.2
10,Jaraguá cave,707,JAR2,420731,4876.59520722895,109.210539297323,111.324259317381,-2.75,-5.66
10,Jaraguá cave,707,JAR2,420732,4883.0677614653,107.915324167126,111.870575207771,-3.43,-6.1
10,Jaraguá cave,707,JAR2,420733,4888.85358499083,108.940829492743,112.005257889137,-3.66,-6.25
10,Jaraguá cave,707,JAR2,420734,4894.53282488844,110.650044602166,113.047554868469,-1.94,-4.8
10,Jaraguá cave,707,JAR2,420735,4900.64806745932,111.004487145075,112.839401980586,-1.88,-4.11
10,Jaraguá cave,707,JAR2,420736,4906.09870492863,112.662322454867,113.046983036377,-2.64,-5.01
10,Jaraguá cave,707,JAR2,420737,4911.22879617906,115.250754545058,114.830020179341,-4.78,-6.3
10,Jaraguá cave,707,JAR2,420738,4917.7011647684,117.945069338975,118.682888076228,-3.77,-6.01
10,Jaraguá cave,707,JAR2,420739,4922.50054196861,118.266305267613,120.794979563954,-4.45,-7.27
10,Jaraguá cave,707,JAR2,420740,4927.15476996667,121.424989475458,121.227016715643,-4.22,-7.93
10,Jaraguá cave,707,JAR2,420741,4933.22122680273,125.488235500749,124.166766734111,-2.56,-6.92
10,Jaraguá cave,707,JAR2,420742,4938.37599527544,130.151609984348,124.839383417943,-3.62,-6.8
10,Jaraguá cave,707,JAR2,420743,4943.33741711678,135.393612501957,126.927952282343,-3.57,-7.22
10,Jaraguá cave,707,JAR2,420744,4947.75053035294,142.427070366765,128.629521338763,-3.53,-6.59
10,Jaraguá cave,707,JAR2,420745,4952.18232087331,148.165153112701,130.636950783661,-2.74,-5.21
10,Jaraguá cave,707,JAR2,420746,4957.48403982525,152.175000250549,134.004780974751,-2.95,-5.79
10,Jaraguá cave,707,JAR2,420747,4962.78096767284,156.655565854165,137.342737123222,-3.53,-6.96
10,Jaraguá cave,707,JAR2,420748,4967.76198110767,163.00955306384,139.20066950093,-2.45,-6.88
10,Jaraguá cave,707,JAR2,420749,4973.21733414732,168.619021225832,139.546051116276,-3.58,-7.78
10,Jaraguá cave,707,JAR2,420750,4977.66456544744,175.739769160243,143.146848060104,-3.83,-7.87
10,Jaraguá cave,707,JAR2,420751,4982.28864331395,182.574310689383,145.896860594869,-4.05,-7.69
10,Jaraguá cave,707,JAR2,420752,4988.07821146134,188.527524703072,150.015845746924,-3.64,-7.95
10,Jaraguá cave,707,JAR2,420753,4992.57465420294,195.671394272678,151.612739630315,-3.94,-7.98
10,Jaraguá cave,707,JAR2,420754,4997.97246408186,203.163067291049,153.927762319481,-3.99,-8.29
10,Jaraguá cave,707,JAR2,420755,5003.45333536828,210.065119927417,158.615023277719,-3.47,-7.53
10,Jaraguá cave,707,JAR2,420756,5007.86037071877,216.417581914466,162.594411826879,-3.61,-7.92
10,Jaraguá cave,707,JAR2,420757,5012.09908055624,224.388880663471,166.246583082686,-3.7,-7.66
10,Jaraguá cave,707,JAR2,420758,5016.54267759204,230.468864440444,169.32866054795,-3.92,-7.51
10,Jaraguá cave,707,JAR2,420759,5021.29757071049,236.847533945618,173.163042203309,-3.92,-8.05
10,Jaraguá cave,707,JAR2,420760,5026.14502939412,243.266936079665,176.950703321947,-3.62,-7.64
10,Jaraguá cave,707,JAR2,420761,5031.20835324801,250.843340592201,180.149393482336,-4.46,-8.37
10,Jaraguá cave,707,JAR2,420762,5036.51458509433,256.10281832766,182.984450999496,-3.64,-8.29
10,Jaraguá cave,707,JAR2,420763,5042.0149711984,262.908790157659,186.995117195635,-3.79,-8.13
10,Jaraguá cave,707,JAR2,420764,5048.07327915608,269.641188599185,191.89945940754,-3.24,-7.44
10,Jaraguá cave,707,JAR2,420765,5053.86550343849,275.408616200623,196.394350698422,-3.09,-7.95
10,Jaraguá cave,707,JAR2,420766,5058.7685901973,281.953425003973,200.106739441811,-3.57,-8.08
10,Jaraguá cave,707,JAR2,420767,5063.47657154131,289.346592940151,204.380853985077,-2.99,-7.22
10,Jaraguá cave,707,JAR2,420768,5069.11679830366,297.598433775589,208.590498849187,-2.73,-7.18
10,Jaraguá cave,707,JAR2,420769,5074.63175020613,306.796132240411,212.346435218059,-2.83,-7.09
10,Jaraguá cave,707,JAR2,420770,5090.05721763952,331.545070219341,223.874224333563,-3.28,-7.81
10,Jaraguá cave,707,JAR2,420771,5096.25812459339,337.091927013481,228.831262225401,-3.94,-7.84
10,Jaraguá cave,707,JAR2,420772,5101.98306382726,344.126561887741,233.493423598192,-3.31,-7.62
10,Jaraguá cave,707,JAR2,420773,5107.56947132586,350.729783532782,237.437112473819,-3.26,-7.29
10,Jaraguá cave,707,JAR2,420774,5112.27570058539,357.610791043475,240.155587923397,-3.25,-7.27
10,Jaraguá cave,707,JAR2,420775,5116.98966008439,365.399892633359,243.702448724089,-2.9,-7.24
10,Jaraguá cave,707,JAR2,420776,5122.59050065488,372.050787134114,247.818589344824,-2.64,-7.06
10,Jaraguá cave,707,JAR2,420777,5128.31458262468,379.35329802596,251.996153828627,-3.92,-7.93
10,Jaraguá cave,707,JAR2,420778,5133.89777012871,385.988028151729,256.228579550473,-3.66,-7.68
10,Jaraguá cave,707,JAR2,420779,5139.09690723849,392.288392490099,260.101673297507,-3.11,-6.99
10,Jaraguá cave,707,JAR2,420780,5143.56242857836,400.621358968539,263.143135460392,-4.61,-7.74
10,Jaraguá cave,707,JAR2,420781,5149.44589543134,408.356986353508,268.542286543232,-4.76,-7.79
10,Jaraguá cave,707,JAR2,420782,5154.039806806,417.45116830074,272.73188028207,-3.47,-7.07
10,Jaraguá cave,707,JAR2,420783,5158.09136175916,426.932975744885,275.482153504937,-3.75,-6.94
10,Jaraguá cave,707,JAR2,420784,5163.12382788718,435.101193507233,280.225419658126,-4.29,-8.03
10,Jaraguá cave,707,JAR2,420785,5168.28296079406,443.142744490719,284.518020561262,-3.82,-7.05
10,Jaraguá cave,707,JAR2,420786,5173.40326710424,450.833429178008,288.923153192694,-4.51,-8
10,Jaraguá cave,707,JAR2,420787,5178.19673219385,458.56492107648,291.932732295937,-4.41,-7.76
10,Jaraguá cave,707,JAR2,420788,5182.72968465155,466.685506282149,295.390989212778,-4.96,-7.87
10,Jaraguá cave,707,JAR2,420789,5187.39289342521,474.351858055325,299.143777023345,-3.26,-7.25
10,Jaraguá cave,707,JAR2,420790,5192.57028570381,481.50402632356,303.456824891377,-4.48,-8.2
10,Jaraguá cave,707,JAR2,420791,5197.75408814626,488.649784427946,307.963431126534,-3.81,-8.15
10,Jaraguá cave,707,JAR2,420792,5202.10702447722,497.039067391049,311.586106271621,-3.61,-7.61
10,Jaraguá cave,707,JAR2,420793,5207.33874112059,504.981908350851,315.326604344741,-3.87,-8.08
10,Jaraguá cave,707,JAR2,420794,5211.8175139932,513.677693081409,318.188437277592,-3.79,-7.76
10,Jaraguá cave,707,JAR2,420795,5217.03766731906,521.562702666924,322.017712532323,-2.67,-6.03
10,Jaraguá cave,707,JAR2,420796,5221.85856211226,529.163696746249,325.447729254393,-3.89,-7.87
10,Jaraguá cave,707,JAR2,420797,5226.05621303408,537.387934696957,328.254502105083,-4.25,-8.24
10,Jaraguá cave,707,JAR2,420798,5230.47423800378,545.401746982566,331.313213483467,-3.41,-7.33
10,Jaraguá cave,707,JAR2,420799,5234.843624791,553.533135003568,334.502463561414,-3.78,-7.75
10,Jaraguá cave,707,JAR2,420800,5240.24315159497,560.133289547421,338.599174832519,-4.2,-8.56
10,Jaraguá cave,707,JAR2,420801,5243.9026710542,568.473451436016,341.086146821747,-3.17,-7.87
10,Jaraguá cave,707,JAR2,420802,5249.43749959275,574.938304245289,345.492732301591,-2.96,-7.97
10,Jaraguá cave,707,JAR2,420803,5253.88286929422,582.492615891639,348.693617541274,-2.91,-8.1
10,Jaraguá cave,707,JAR2,420804,5258.97406718228,589.401099351405,352.540330967539,-2.64,-8.3
10,Jaraguá cave,707,JAR2,420805,5263.69916035577,596.675687525736,356.020939679238,-3.37,-8.6
10,Jaraguá cave,707,JAR2,420806,5269.59066451813,602.783864711206,360.667959379802,-3.79,-8.52
10,Jaraguá cave,707,JAR2,420807,5275.46444572267,609.067393151265,365.48556960325,-4.18,-8.39
10,Jaraguá cave,707,JAR2,420808,5279.96880548967,617.158011706443,369.133292856136,-3.32,-7.46
10,Jaraguá cave,707,JAR2,420809,5285.4137797476,625.070183747766,373.574816489315,-3.74,-8.33
10,Jaraguá cave,707,JAR2,420810,5290.98100835545,633.418136473283,377.814833691339,-3.76,-8
10,Jaraguá cave,707,JAR2,420811,5295.62175345814,643.061206874268,381.029224570155,-3.23,-6.73
10,Jaraguá cave,707,JAR2,420812,5301.04330035872,651.923475477359,385.650212856546,-4.19,-8.31
10,Jaraguá cave,707,JAR2,420813,5306.43888746811,660.811703871645,390.441160085379,-3.99,-8.01
10,Jaraguá cave,707,JAR2,420814,5312.46965962344,668.626508322065,395.736157974945,-5.18,-8.85
10,Jaraguá cave,707,JAR2,420815,5317.25602147807,676.747556222183,399.945439826251,-4.64,-8.07
10,Jaraguá cave,707,JAR2,420816,5328.07315548804,691.745241721725,409.637967825319,-6.22,-9.37
10,Jaraguá cave,707,JAR2,420817,5333.079349534,699.646457430515,413.854535455684,-5.53,-9.3
10,Jaraguá cave,707,JAR2,420818,5338.38569362284,707.247523096427,418.561629884422,-4.27,-8.24
10,Jaraguá cave,707,JAR2,420819,5342.3934055788,715.94569373827,422.099466825054,-4.19,-8.23
10,Jaraguá cave,707,JAR2,420820,5346.60111211211,724.245825198725,425.998935876174,-3.46,-6.95
10,Jaraguá cave,707,JAR2,420821,5351.75607128247,731.878971369525,430.711219932192,-3.78,-8.01
10,Jaraguá cave,707,JAR2,420822,5356.15192378956,740.451744114242,434.737022092431,-3.31,-8.28
10,Jaraguá cave,707,JAR2,420823,5361.20457538301,748.064308712433,439.419623339019,-3.15,-7.54
10,Jaraguá cave,707,JAR2,420824,5367.44304472601,754.387658680646,445.288042335173,-3.99,-8.81
10,Jaraguá cave,707,JAR2,420825,5373.44263702993,760.949885687955,450.917584292234,-3.47,-7.79
10,Jaraguá cave,707,JAR2,420826,5378.1500739896,768.804268039509,455.254970905048,-4.43,-8.74
10,Jaraguá cave,707,JAR2,420827,5382.80714302547,776.709018314856,459.541989594069,-5.26,-8.88
10,Jaraguá cave,707,JAR2,420828,5387.42628322208,784.651697429472,463.79107944382,-5.21,-8.77
10,Jaraguá cave,707,JAR2,420829,5392.45194405904,792.187855903727,467.572454865758,-5.07,-8.57
10,Jaraguá cave,707,JAR2,420830,5397.91496635771,799.286652916287,471.371878557316,-4.92,-8.08
10,Jaraguá cave,707,JAR2,420831,5401.41119406958,804.164971411893,474.114098261952,-2.54,-6.18
10,Jaraguá cave,707,JAR2,420832,5406.11727546671,812.020709325982,478.389249108084,-2.71,-5.73
10,Jaraguá cave,707,JAR2,420833,5411.27142977984,819.428374324083,483.211133294035,-2.5,-6.68
10,Jaraguá cave,707,JAR2,420834,5416.30668942508,826.532413846231,487.415559643588,-3.51,-8.16
10,Jaraguá cave,707,JAR2,420835,5421.27864426875,833.687905968673,491.397158563499,-3.51,-8.3
10,Jaraguá cave,707,JAR2,420836,5425.97617974729,841.163622488728,495.133104845661,-3.62,-8.3
10,Jaraguá cave,707,JAR2,420837,5431.11212040431,848.200933830299,498.869919572292,-2.18,-7.09
10,Jaraguá cave,707,JAR2,420838,5435.87078114454,855.615525088671,502.636286119374,-2.89,-8.3
10,Jaraguá cave,707,JAR2,420839,5440.03269007562,863.626868156189,505.907509621593,-3.68,-8.13
10,Jaraguá cave,707,JAR2,420840,5444.9790290177,870.853781212703,510.574313090017,-3.72,-8.35
10,Jaraguá cave,707,JAR2,420841,5449.53315295428,878.47290927472,514.916446008177,-3.08,-7.61
10,Jaraguá cave,707,JAR2,420842,5454.98412300865,885.195191218939,520.155425044137,-3.47,-7.87
10,Jaraguá cave,707,JAR2,420843,5460.94228930432,891.410276921863,525.90160032139,-3.35,-7.94
10,Jaraguá cave,707,JAR2,420844,5466.9004556,897.780087132738,531.557749302026,-4.52,-8.63
10,Jaraguá cave,707,JAR2,420845,5472.19964566051,904.99797987876,536.388642700983,-4.09,-8.25
10,Jaraguá cave,707,JAR2,420846,5477.33558631753,912.379122028273,541.071573719898,-4.34,-8.3
10,Jaraguá cave,707,JAR2,420847,5482.4347534184,919.797037733943,545.744810073629,-4.11,-8
10,Jaraguá cave,707,JAR2,420848,5487.012228597,927.797887084003,550.05811533949,-4.65,-8.43
10,Jaraguá cave,707,JAR2,420849,5492.25344649626,935.530268172883,555.035163326013,-4.82,-8.07
10,Jaraguá cave,707,JAR2,420850,5497.63850434054,943.118809316738,559.674549905139,-4.38,-8.32
10,Jaraguá cave,55,JAR7,25574,5501.149423,42.56174057,44.38019359,-2.27917,-6.75
10,Jaraguá cave,707,JAR2,420851,5502.31808177966,951.412830865757,563.63236637414,-4.48,-9.07
10,Jaraguá cave,55,JAR7,25575,5504.139409,42.10045314,43.61820426,-2.88236,-7.95
10,Jaraguá cave,55,JAR7,25576,5507.205887,41.55614683,43.00241499,-2.5977,-8.16
10,Jaraguá cave,707,JAR2,420852,5508.14353116239,958.56098047117,569.126893858541,-3.87,-8.66
10,Jaraguá cave,55,JAR7,25577,5510.309675,40.94772128,42.44008542,-2.03303,-8.05
10,Jaraguá cave,55,JAR7,25578,5513.275161,40.38891683,41.88850406,-2.71821,-8.17
10,Jaraguá cave,707,JAR2,420853,5513.59968605695,966.078424564749,574.021802939727,-3.38,-7.75
10,Jaraguá cave,55,JAR7,25579,5516.291033,39.94790895,41.19309791,-2.93957,-7.74
10,Jaraguá cave,707,JAR2,420854,5518.77985935476,974.012602750034,577.918894819963,-4.47,-8.67
10,Jaraguá cave,55,JAR7,25580,5519.275254,39.53855269,40.48846179,-3.12284,-7.93
10,Jaraguá cave,55,JAR7,25581,5522.261354,39.09073925,39.81820426,-2.90517,-8.35
10,Jaraguá cave,707,JAR2,420855,5523.75552491067,982.275393616455,582.145119101478,-4.26,-7.95
10,Jaraguá cave,55,JAR7,25582,5525.31973,38.43158764,39.10005054,-2.14483,-7.43
10,Jaraguá cave,55,JAR7,25583,5528.295785,37.95920108,38.34210262,-2.13122,-7.82
10,Jaraguá cave,707,JAR2,420856,5528.73119046658,990.538184482876,586.349997222679,-3.57,-6.41
10,Jaraguá cave,55,JAR7,25584,5531.359118,37.33824585,37.77966771,-2.33426,-7.82
10,Jaraguá cave,55,JAR7,25585,5534.237675,36.86056058,37.08933249,-2.37183,-7.66
10,Jaraguá cave,707,JAR2,420857,5534.32167641543,998.186154956367,590.912900189565,-3.45,-7.13
10,Jaraguá cave,55,JAR7,25586,5537.278668,36.30473488,36.59289258,-2.70183,-7.75
10,Jaraguá cave,707,JAR2,420858,5539.98158075068,1005.76470704346,596.184104230589,-3.55,-7.04
10,Jaraguá cave,55,JAR7,25587,5540.441071,35.68586256,36.19440402,-3.32188,-8.85
10,Jaraguá cave,55,JAR7,25588,5543.55323,35.0652824,35.74881471,-3.72539,-8.46
10,Jaraguá cave,707,JAR2,420859,5545.40872366628,1013.57602055019,601.411802144679,-3.24,-6.98
10,Jaraguá cave,55,JAR7,25589,5546.49593,34.55731479,34.99206028,-3.4384,-7.69
10,Jaraguá cave,55,JAR7,25590,5549.553343,34.03485092,34.44196117,-4.50619,-9.47
10,Jaraguá cave,707,JAR2,420860,5551.30138942117,1020.92181121763,606.769313566078,-2.79,-6.29
10,Jaraguá cave,55,JAR7,25591,5552.625445,33.48074067,33.91085881,-4.11641,-8.42
10,Jaraguá cave,55,JAR7,25592,5555.732746,32.93470327,33.57470505,-4.45858,-8.73
10,Jaraguá cave,707,JAR2,420861,5556.96129375642,1028.20142893229,611.873599056733,-3.49,-5.53
10,Jaraguá cave,55,JAR7,25593,5558.739108,32.52381377,33.07152431,-3.80515,-8.75
10,Jaraguá cave,55,JAR7,25594,5561.781988,31.93449679,32.51540587,-3.23076,-8.55
10,Jaraguá cave,707,JAR2,420862,5562.25505335234,1035.35630669738,616.629885597094,-2.56,-5.86
10,Jaraguá cave,55,JAR7,25595,5564.862018,31.40426562,32.07384287,-3.41792,-8.65
10,Jaraguá cave,707,JAR2,420863,5566.71131670312,1043.34868070762,620.582557553344,-3.37,-6.42
10,Jaraguá cave,55,JAR7,25596,5567.966281,30.72494699,31.74797845,-3.66263,-9.03
10,Jaraguá cave,55,JAR7,25597,5570.903494,30.30856494,31.0580837,-3.41272,-8.45
10,Jaraguá cave,707,JAR2,420864,5571.67544632072,1050.83318845104,625.043095776402,-3.53,-7.68
10,Jaraguá cave,55,JAR7,25598,5573.823366,29.87788395,30.30458363,-3.16533,-7.36
10,Jaraguá cave,707,JAR2,420865,5576.24627050394,1058.71100162884,629.110328565089,-3.55,-7.87
10,Jaraguá cave,55,JAR7,25599,5576.790017,29.32264723,29.80780832,-3.32854,-7.63
10,Jaraguá cave,55,JAR7,25600,5579.802837,28.80650987,29.2009581,-3.37134,-8.19
10,Jaraguá cave,707,JAR2,420866,5581.54700087567,1065.85890861812,633.90746754229,-4.29,-8.49
10,Jaraguá cave,55,JAR7,25601,5582.94886,28.02766889,28.68245983,-3.28912,-8.27
10,Jaraguá cave,55,JAR7,25602,5586.019909,27.2900895,28.21359416,-3.0307,-8.45
10,Jaraguá cave,707,JAR2,420867,5586.31535268818,1073.53919416663,638.172227960266,-3.62,-7.73
10,Jaraguá cave,55,JAR7,25603,5589.005193,26.92320723,27.54900147,-3.00714,-8.5
10,Jaraguá cave,707,JAR2,420868,5590.8138355718,1081.48934864402,642.049346784142,-3.06,-6.94
10,Jaraguá cave,55,JAR7,25604,5591.9746,26.53769097,26.92431995,-3.20496,-8.34
10,Jaraguá cave,55,JAR7,25605,5595.016719,25.98952619,26.3058691,-3.93948,-9.38
10,Jaraguá cave,707,JAR2,420869,5595.46222142909,1089.28960014775,645.988397810524,-3.59,-7.04
10,Jaraguá cave,55,JAR7,25606,5598.069346,25.71467879,25.92189022,-3.56208,-8.21
10,Jaraguá cave,707,JAR2,420870,5600.59816208612,1096.60229685174,650.547164967636,-3.65,-7.44
10,Jaraguá cave,55,JAR7,25607,5601.137545,25.26069477,25.30804599,-4.72121,-9.19
10,Jaraguá cave,55,JAR7,25608,5604.184149,24.73811816,24.83224618,-4.96274,-9.17
10,Jaraguá cave,707,JAR2,420871,5605.73410274314,1103.95573609981,655.309640067679,-4.29,-7.67
10,Jaraguá cave,55,JAR7,25609,5607.1579,24.17162937,24.12249839,-4.90655,-8.5
10,Jaraguá cave,55,JAR7,25610,5610.184343,23.56726598,23.44409408,-5.48584,-9.38
10,Jaraguá cave,707,JAR2,420872,5610.87004340016,1111.4549005475,660.218290598302,-4.33,-7.66
10,Jaraguá cave,55,JAR7,25611,5613.216466,22.95722299,22.99083282,-4.59384,-9.27
10,Jaraguá cave,55,JAR7,25612,5616.329943,22.44822022,22.5685136,-4.06788,-9.13
10,Jaraguá cave,55,JAR7,25613,5619.369228,21.89868402,22.13498761,-4.57721,-8.94
10,Jaraguá cave,707,JAR2,420873,5621.14192471421,1127.17034632911,669.492435661956,-4.93,-7.32
10,Jaraguá cave,55,JAR7,25614,5622.443724,21.29739759,21.83881305,-4.35026,-8.77
10,Jaraguá cave,55,JAR7,25615,5625.496531,20.73673568,21.27129828,-3.61266,-9.24
10,Jaraguá cave,55,JAR7,25616,5628.534158,20.38241863,20.67356035,-3.36878,-9.61
10,Jaraguá cave,55,JAR7,25617,5631.503393,20.0486297,20.03717808,-3.2154,-8.86
10,Jaraguá cave,55,JAR7,25618,5634.508644,19.7688891,19.44077909,-2.89462,-8.8
10,Jaraguá cave,55,JAR7,25619,5637.506742,19.45195767,19.0034883,-3.33184,-8.93
10,Jaraguá cave,55,JAR7,25620,5640.525206,19.116363,18.51758615,-3.7002,-9.22
10,Jaraguá cave,55,JAR7,25621,5643.57886,18.69881645,18.26012557,-4.05835,-9.39
10,Jaraguá cave,55,JAR7,25622,5646.597886,18.31864205,17.62246854,-3.21274,-9.08
10,Jaraguá cave,55,JAR7,25623,5649.680373,17.9494434,17.17435284,-3.26065,-9.34
10,Jaraguá cave,55,JAR7,25624,5652.744217,17.67621545,16.65870277,-3.74269,-9.21
10,Jaraguá cave,55,JAR7,25625,5655.855366,17.47900213,16.32844907,-4.42203,-9.44
10,Jaraguá cave,55,JAR7,25626,5658.925379,16.95056979,15.96575868,-3.2668,-9.05
10,Jaraguá cave,55,JAR7,25627,5661.914736,16.65448285,15.58097688,-2.93662,-9.35
10,Jaraguá cave,55,JAR7,25628,5664.96582,16.1544351,15.29729113,-3.01953,-9
10,Jaraguá cave,55,JAR7,25629,5668.023057,15.64702816,15.01638881,-3.58666,-8.93
10,Jaraguá cave,55,JAR7,25630,5671.053489,15.18412641,14.67528886,-3.52297,-8.72
10,Jaraguá cave,55,JAR7,25631,5674.086183,14.93490244,14.57790466,-3.69815,-8.09
10,Jaraguá cave,55,JAR7,25632,5677.193901,14.6306069,14.34383079,-3.74914,-8.23
10,Jaraguá cave,55,JAR7,25633,5680.296147,14.39308479,14.28278574,-3.67645,-8.35
10,Jaraguá cave,55,JAR7,25634,5683.391408,14.14293261,14.2515981,-3.51222,-8.24
10,Jaraguá cave,55,JAR7,25635,5686.475863,14.0733405,14.12198015,-3.54478,-8.21
10,Jaraguá cave,55,JAR7,25636,5689.481485,14.00654928,13.85028656,-4.30603,-8.59
10,Jaraguá cave,55,JAR7,25637,5692.514727,13.95633312,13.86729329,-4.47312,-8.39
10,Jaraguá cave,55,JAR7,25638,5695.575584,13.66964513,13.83078285,-3.12153,-8.21
10,Jaraguá cave,55,JAR7,25639,5698.580074,13.65975997,13.99515209,-2.91305,-8.34
10,Jaraguá cave,55,JAR7,25640,5701.630066,13.6834412,14.14553417,-2.86889,-7.97
10,Jaraguá cave,55,JAR7,25641,5704.758389,13.50393939,14.35830009,-2.99933,-7.57
10,Jaraguá cave,55,JAR7,25642,5707.860535,13.50223757,14.42778339,-3.25266,-7.94
10,Jaraguá cave,55,JAR7,25643,5710.914333,13.54623301,14.34794071,-2.736,-8.12
10,Jaraguá cave,55,JAR7,25644,5713.962308,13.84524545,14.50133041,-2.2475,-6.86
10,Jaraguá cave,55,JAR7,25645,5717.036857,13.96866894,14.63260491,-3.13864,-6.96
10,Jaraguá cave,55,JAR7,25646,5720.075805,14.17901613,14.68438144,-3.68956,-7.76
10,Jaraguá cave,55,JAR7,25647,5723.058353,14.38973781,14.8518931,-3.57365,-8.22
10,Jaraguá cave,55,JAR7,25648,5726.044376,14.86225777,14.90032574,-3.64857,-8.26
10,Jaraguá cave,55,JAR7,25649,5729.133953,14.92228011,15.31627944,-4.63384,-9.58
10,Jaraguá cave,55,JAR7,25650,5732.491793,14.93048717,15.33240388,-3.98389,-8.84
10,Jaraguá cave,55,JAR7,25651,5735.975459,14.67711915,15.17259049,-3.33999,-8.19
10,Jaraguá cave,55,JAR7,25652,5739.466675,14.5149995,14.94131912,-3.7994,-9.02
10,Jaraguá cave,55,JAR7,25653,5742.927642,14.45218907,14.67662213,-4.06762,-9.83
10,Jaraguá cave,55,JAR7,25654,5746.473492,14.30714643,14.4164847,-3.03798,-9.54
10,Jaraguá cave,55,JAR7,25655,5750.060466,14.05471203,14.24183156,-3.10429,-9.43
10,Jaraguá cave,55,JAR7,25656,5753.598578,13.84538712,14.10316125,-2.43335,-8.99
10,Jaraguá cave,55,JAR7,25657,5757.166859,13.69150041,13.89169427,-3.12477,-9.91
10,Jaraguá cave,55,JAR7,25658,5760.747212,13.55991784,13.84260806,-3.28805,-9.59
10,Jaraguá cave,55,JAR7,25659,5764.258219,13.42195722,13.83130534,-3.71689,-9.63
10,Jaraguá cave,55,JAR7,25660,5767.788239,13.1981121,13.81005953,-3.59492,-9.39
10,Jaraguá cave,55,JAR7,25661,5771.366058,12.96148576,13.62176157,-3.81133,-9.74
10,Jaraguá cave,55,JAR7,25662,5774.890562,12.77745259,13.44152418,-4.46772,-10.35
10,Jaraguá cave,55,JAR7,25663,5778.437455,12.64998198,13.27410303,-4.08169,-9.81
10,Jaraguá cave,55,JAR7,25664,5781.934424,12.51458151,12.86079334,-4.01918,-9.85
10,Jaraguá cave,55,JAR7,25665,5785.477963,12.27322866,12.63950984,-3.13099,-8.93
10,Jaraguá cave,55,JAR7,25666,5788.948251,12.10731804,12.49186957,-3.28934,-9.36
10,Jaraguá cave,55,JAR7,25667,5792.41844,12.08439209,12.27382011,-3.78145,-9.62
10,Jaraguá cave,55,JAR7,25668,5795.888067,11.98590406,12.01482514,-3.94932,-9.14
10,Jaraguá cave,55,JAR7,25669,5799.384857,11.87189798,11.66284296,-4.99007,-10.17
10,Jaraguá cave,55,JAR7,25670,5802.884056,11.69923751,11.4633806,-5.428,-10.5
10,Jaraguá cave,55,JAR7,25671,5806.404554,11.46638344,11.25228914,-4.59937,-10.3
10,Jaraguá cave,55,JAR7,25672,5809.938385,11.33480143,11.22295333,-4.89319,-10.06
10,Jaraguá cave,55,JAR7,25673,5813.460397,11.11408065,11.13025541,-4.89706,-9.99
10,Jaraguá cave,55,JAR7,25674,5817.038616,10.92461455,11.14255843,-3.89218,-9.41
10,Jaraguá cave,55,JAR7,25675,5820.532577,10.92093839,11.07496828,-3.2032,-8.93
10,Jaraguá cave,55,JAR7,25676,5823.995434,10.80503665,10.88467983,-3.77462,-9.65
10,Jaraguá cave,55,JAR7,25677,5827.55638,10.64628265,10.87330041,-3.48983,-9.1
10,Jaraguá cave,55,JAR7,25678,5831.035482,10.70498528,10.80141444,-3.98399,-9.59
10,Jaraguá cave,55,JAR7,25679,5834.576617,10.5997569,10.74070749,-3.52955,-8.83
10,Jaraguá cave,55,JAR7,25680,5838.091659,10.42841401,10.57417117,-3.91016,-9.19
10,Jaraguá cave,55,JAR7,25681,5841.557855,10.43080688,10.52306507,-4.25956,-9.45
10,Jaraguá cave,55,JAR7,25682,5845.088026,10.44745021,10.45653198,-4.25162,-9.32
10,Jaraguá cave,55,JAR7,25683,5848.644545,10.37150354,10.3552883,-4.76255,-9.55
10,Jaraguá cave,55,JAR7,25684,5852.193335,10.37915296,10.24528961,-5.55211,-9.6
10,Jaraguá cave,55,JAR7,25685,5855.730256,10.3201061,10.241515,-6.82213,-10.09
10,Jaraguá cave,55,JAR7,25686,5859.268915,10.34770541,10.32373561,-6.21653,-9.88
10,Jaraguá cave,55,JAR7,25687,5862.791462,10.32641197,10.29631789,-5.64502,-10.3
10,Jaraguá cave,55,JAR7,25688,5866.313707,10.3199768,10.30280569,-4.79059,-10.33
10,Jaraguá cave,55,JAR7,25689,5869.846459,10.40034323,10.39490908,-3.97155,-10
10,Jaraguá cave,55,JAR7,25690,5873.404923,10.51222538,10.5122943,-3.84519,-10.07
10,Jaraguá cave,55,JAR7,25691,5876.932592,10.6028698,10.46662426,-3.7479,-10.46
10,Jaraguá cave,55,JAR7,25692,5880.436868,10.65348593,10.43600595,-3.06611,-10.18
10,Jaraguá cave,55,JAR7,25693,5884.008975,10.72091458,10.51011525,-2.84911,-9.89
10,Jaraguá cave,55,JAR7,25694,5891.027726,10.86743065,10.55875152,-4.26068,-9.71
10,Jaraguá cave,55,JAR7,25695,5894.618516,10.90025231,10.6917272,-2.70378,-8.46
10,Jaraguá cave,55,JAR7,25696,5898.122765,11.07467133,10.76316724,-2.58894,-8.3
10,Jaraguá cave,55,JAR7,25697,5901.615082,11.16471621,10.82803101,-2.2476,-7.8
10,Jaraguá cave,55,JAR7,25698,5905.138738,11.24824328,10.91951851,-2.90469,-8.04
10,Jaraguá cave,55,JAR7,25699,5908.657216,11.39560915,11.06717387,-3.10764,-7.98
10,Jaraguá cave,55,JAR7,25700,5912.168465,11.51320592,11.09367767,-4.28569,-8.64
10,Jaraguá cave,55,JAR7,25701,5915.63359,11.86452442,11.10138,-3.59891,-8.18
10,Jaraguá cave,55,JAR7,25702,5919.158886,12.00416259,11.21309788,-4.51419,-9.41
10,Jaraguá cave,55,JAR7,25703,5922.661464,12.11649119,11.29989842,-3.96292,-9.3
10,Jaraguá cave,55,JAR7,25704,5926.198096,12.27874665,11.44475737,-2.77121,-8.59
10,Jaraguá cave,55,JAR7,25705,5929.693259,12.23453507,11.62982915,-2.54993,-8.41
10,Jaraguá cave,55,JAR7,25706,5933.209298,12.41196287,11.74285118,-3.36317,-9.12
10,Jaraguá cave,55,JAR7,25707,5936.759155,12.52362859,11.91202945,-3.22265,-9.35
10,Jaraguá cave,55,JAR7,25708,5940.276279,12.71319005,12.10151855,-3.2756,-9.64
10,Jaraguá cave,55,JAR7,25709,5943.800475,12.70225039,12.22389009,-3.38161,-9.78
10,Jaraguá cave,55,JAR7,25710,5947.309407,12.89934275,12.28480676,-2.40662,-9.02
10,Jaraguá cave,55,JAR7,25711,5950.847318,13.00829302,12.39960708,-2.9994,-9.16
10,Jaraguá cave,55,JAR7,25712,5954.355111,13.05432731,12.52465465,-2.61194,-9.06
10,Jaraguá cave,55,JAR7,25713,5957.902031,13.24717214,12.64313667,-3.39449,-10.12
10,Jaraguá cave,55,JAR7,25714,5961.416449,13.342399,12.81376331,-3.88878,-10.2
10,Jaraguá cave,55,JAR7,25715,5964.928945,13.55544565,12.97992841,-2.90184,-8.79
10,Jaraguá cave,55,JAR7,25716,5968.437241,13.82277289,13.18589067,-2.83151,-8.39
10,Jaraguá cave,55,JAR7,25717,5971.94871,13.979792,13.33415012,-4.3467,-9.47
10,Jaraguá cave,55,JAR7,25718,5975.461154,14.22826778,13.39773748,-3.82913,-8.81
10,Jaraguá cave,55,JAR7,25719,5979.032715,14.29166225,13.56622516,-3.99242,-8.34
10,Jaraguá cave,55,JAR7,25720,5983.739314,14.40776474,13.65893804,-4.67884,-8.95
10,Jaraguá cave,55,JAR7,25721,5993.12191,14.10714514,13.39804159,-5.38778,-9.52
10,Jaraguá cave,55,JAR7,25722,6002.515255,13.98452847,13.24928059,-3.05374,-7.96
10,Jaraguá cave,55,JAR7,25723,6011.93959,13.77052962,13.02848231,-3.03667,-8.06
10,Jaraguá cave,55,JAR7,25724,6021.268979,13.61283907,12.6800177,-3.44527,-8.77
10,Jaraguá cave,55,JAR7,25725,6030.626469,13.38743215,12.41344731,-3.6014,-9.34
10,Jaraguá cave,55,JAR7,25726,6040.02074,13.22199983,12.21864863,-3.72345,-9.69
10,Jaraguá cave,55,JAR7,25727,6049.427779,13.00617321,12.15386046,-3.36028,-9.35
10,Jaraguá cave,55,JAR7,25728,6058.865737,12.7662572,12.04457982,-3.19226,-8.22
10,Jaraguá cave,55,JAR7,25729,6068.239435,12.64142176,11.95954373,-3.25036,-8.31
10,Jaraguá cave,55,JAR7,25730,6077.602555,12.54562225,12.04862909,-2.89185,-8.7
10,Jaraguá cave,55,JAR7,25731,6086.982255,12.40568378,11.85970582,-2.85437,-8.79
10,Jaraguá cave,55,JAR7,25732,6096.392647,12.23244521,11.77203896,-2.83941,-8.53
10,Jaraguá cave,55,JAR7,25733,6105.797496,12.10915346,11.70144226,-3.18741,-8.91
10,Jaraguá cave,55,JAR7,25734,6115.203443,12.07801173,11.7491417,-3.26802,-8.84
10,Jaraguá cave,55,JAR7,25735,6124.613482,12.05480435,11.80530703,-3.77649,-9.51
10,Jaraguá cave,55,JAR7,25736,6134.073231,11.93402739,11.94574889,-3.70834,-9.41
10,Jaraguá cave,55,JAR7,25737,6143.449238,11.79467904,11.9326222,-4.10486,-9.06
10,Jaraguá cave,55,JAR7,25738,6152.826903,11.73053507,11.97660083,-4.62303,-8.77
10,Jaraguá cave,55,JAR7,25739,6162.204091,11.76682061,11.9833387,-3.69809,-8.33
10,Jaraguá cave,55,JAR7,25740,6171.619012,11.79743656,12.04593748,-4.30786,-8.95
10,Jaraguá cave,55,JAR7,25741,6180.997568,11.91916058,12.04401146,-5.01634,-9.42
10,Jaraguá cave,55,JAR7,25742,6190.384117,11.90299004,12.1163292,-5.14954,-9.47
10,Jaraguá cave,55,JAR7,25743,6199.758348,11.84524423,12.15948988,-3.14207,-7.86
10,Jaraguá cave,55,JAR7,25744,6209.136338,11.92425402,12.14840971,-3.30128,-8.47
10,Jaraguá cave,55,JAR7,25745,6265.500261,12.27870389,12.55421873,-3.39407,-8.73
10,Jaraguá cave,55,JAR7,25746,6415.75316,15.68784242,15.91456478,-2.91608,-8.5
10,Jaraguá cave,55,JAR7,25747,6425.136911,16.06581865,16.23367551,-3.32466,-8.57
10,Jaraguá cave,55,JAR7,25748,6434.442068,16.50019065,16.51324968,-3.88903,-8.86
10,Jaraguá cave,55,JAR7,25749,6443.858054,16.85051175,16.71609701,-3.97711,-9.17
10,Jaraguá cave,55,JAR7,25750,6453.28929,16.96263671,17.04641729,-4.47673,-8.8
10,Jaraguá cave,55,JAR7,25751,6462.690489,17.28094176,17.33951693,-3.43276,-9.25
10,Jaraguá cave,55,JAR7,25752,6481.489732,17.70825915,17.90180353,-3.56122,-8.92
10,Jaraguá cave,55,JAR7,25753,6490.861238,18.00194386,18.21810197,-2.37852,-8.84
10,Jaraguá cave,55,JAR7,25754,6500.144351,18.41894574,18.45352308,-1.73393,-8.02
10,Jaraguá cave,55,JAR7,25755,6506.680914,18.13729286,18.48266276,-2.50856,-8.04
10,Jaraguá cave,55,JAR7,25756,6511.118218,17.8695163,17.86663723,-2.49701,-8.31
10,Jaraguá cave,55,JAR7,25757,6515.551744,17.52156643,17.42437812,-2.43893,-8.45
10,Jaraguá cave,55,JAR7,25758,6520.019083,17.18875793,17.12491607,-1.84202,-8.32
10,Jaraguá cave,55,JAR7,25759,6524.487868,16.84440677,16.78804105,-2.92477,-7.54
10,Jaraguá cave,55,JAR7,25760,6528.904993,16.21664184,16.24164887,-2.23501,-8.72
10,Jaraguá cave,55,JAR7,25761,6533.312957,16.0001741,15.72128912,-2.93749,-8.26
10,Jaraguá cave,55,JAR7,25762,6537.762119,15.62767492,15.2828433,-3.14162,-8.82
10,Jaraguá cave,55,JAR7,25763,6542.187138,15.32126333,14.94046465,-3.85936,-8.2
10,Jaraguá cave,55,JAR7,25764,6546.614342,14.90589265,14.52051935,-4.50916,-8.79
10,Jaraguá cave,55,JAR7,25765,6551.104664,14.584878,14.31166286,-3.77086,-9.73
10,Jaraguá cave,55,JAR7,25766,6555.459358,14.39284237,13.92570006,-3.57436,-9.12
10,Jaraguá cave,55,JAR7,25767,6559.993828,14.17035733,14.01552586,-2.69891,-9.18
10,Jaraguá cave,55,JAR7,25768,6564.475614,14.00300859,13.96422108,-3.41443,-7.93
10,Jaraguá cave,55,JAR7,25769,6568.858398,13.92419568,13.58743707,-3.7681,-9.29
10,Jaraguá cave,55,JAR7,25770,6573.320211,13.74942329,13.43363077,-2.79027,-9.38
10,Jaraguá cave,55,JAR7,25771,6577.817023,13.48019382,13.17978647,-3.05884,-8.46
10,Jaraguá cave,55,JAR7,25772,6582.328731,13.34285887,13.09492719,-2.7995,-8.53
10,Jaraguá cave,55,JAR7,25773,6586.724371,13.29674637,12.99296212,-3.48925,-8.22
10,Jaraguá cave,55,JAR7,25774,6591.09737,13.29272769,13.09523458,-2.94819,-9.03
10,Jaraguá cave,55,JAR7,25775,6595.516745,13.19748521,13.18673025,-4.73523,-8.56
10,Jaraguá cave,55,JAR7,25776,6599.965817,13.02719834,13.03463034,-4.75505,-10.32
10,Jaraguá cave,55,JAR7,25777,6604.395435,13.0769179,13.00019698,-4.43296,-9.64
10,Jaraguá cave,55,JAR7,25778,6608.812588,13.16204397,13.15592067,-4.04261,-9.34
10,Jaraguá cave,55,JAR7,25779,6613.262004,13.23860867,13.30839502,-3.32307,-9.56
10,Jaraguá cave,55,JAR7,25780,6617.723302,13.40780821,13.50683056,-3.76387,-9.15
10,Jaraguá cave,55,JAR7,25781,6622.265097,13.69684264,13.91085991,-3.85819,-9.33
10,Jaraguá cave,55,JAR7,25782,6626.732013,13.81924928,13.9646495,-3.86127,-9.16
10,Jaraguá cave,55,JAR7,25783,6631.260173,13.80403831,14.31876628,-3.54277,-8.98
10,Jaraguá cave,55,JAR7,25784,6635.775423,14.0509337,14.69066819,-3.90271,-9.46
10,Jaraguá cave,55,JAR7,25785,6640.219017,14.37081622,15.23826907,-1.79475,-9.4
10,Jaraguá cave,55,JAR7,25786,6644.604443,14.8287221,15.74025913,-2.46808,-7.37
10,Jaraguá cave,55,JAR7,25787,6649.021882,15.21949547,16.14669754,-3.75634,-8.16
10,Jaraguá cave,55,JAR7,25788,6653.458587,15.65626336,16.51175177,-4.16227,-9.52
10,Jaraguá cave,55,JAR7,25789,6657.866757,16.00279128,16.92195157,-3.11438,-9.85
10,Jaraguá cave,55,JAR7,25790,6662.320316,16.41182719,17.36963068,-3.48915,-8.44
10,Jaraguá cave,55,JAR7,25791,6666.762367,16.86433924,17.76099634,-2.989,-7.96
10,Jaraguá cave,55,JAR7,25792,6671.317861,17.24649958,18.3024743,-3.58994,-6.83
10,Jaraguá cave,55,JAR7,25793,6675.676624,17.85106993,18.65471386,-3.11078,-7.83
10,Jaraguá cave,55,JAR7,25794,6680.095665,18.35519395,19.13447881,-2.46405,-7.5
10,Jaraguá cave,55,JAR7,25795,6684.582123,18.80253354,19.85286455,-3.18112,-7.29
10,Jaraguá cave,55,JAR7,25796,6688.543295,18.51784344,19.47074089,-2.12267,-7.34
10,Jaraguá cave,55,JAR7,25797,6692.383965,17.87524138,18.99874585,-2.89827,-6.14
10,Jaraguá cave,55,JAR7,25798,6696.205567,17.18484148,18.59627655,-3.22291,-8.06
10,Jaraguá cave,55,JAR7,25799,6700.096511,16.66806096,18.1958103,-4.13884,-8.43
10,Jaraguá cave,55,JAR7,25800,6703.876663,16.24266879,17.75804261,-3.50706,-9.14
10,Jaraguá cave,55,JAR7,25801,6707.635059,15.93141107,17.39918814,-4.56692,-8.41
10,Jaraguá cave,55,JAR7,25802,6711.428901,15.7299502,17.08479942,-3.30282,-9.14
10,Jaraguá cave,55,JAR7,25803,6715.152209,15.55330638,16.8298611,-1.93465,-8.6
10,Jaraguá cave,55,JAR7,25804,6719.072248,15.44846248,16.39554212,-2.36771,-7.77
10,Jaraguá cave,55,JAR7,25805,6723.00893,15.2002037,16.36744406,-1.77514,-8.2
10,Jaraguá cave,55,JAR7,25806,6726.854465,15.19331008,16.08063992,-2.85037,-7.78
10,Jaraguá cave,55,JAR7,25807,6730.643391,14.96624068,15.80788715,-3.82788,-8.82
10,Jaraguá cave,55,JAR7,25808,6734.590236,14.9448624,15.78925307,-3.70943,-9.63
10,Jaraguá cave,55,JAR7,25809,6738.350631,15.01614127,15.67745882,-3.89713,-9.45
10,Jaraguá cave,55,JAR7,25810,6742.156094,15.1981564,15.50641976,-2.41938,-9.27
10,Jaraguá cave,55,JAR7,25811,6745.988204,15.26410072,15.52820442,-1.93889,-7.61
10,Jaraguá cave,55,JAR7,25812,6749.934157,15.23764911,15.50236736,-3.89332,-7.38
10,Jaraguá cave,55,JAR7,25813,6753.667044,15.55792529,15.64714373,-3.78311,-9.33
10,Jaraguá cave,55,JAR7,25814,6757.398576,15.93331762,15.90216841,-2.08646,-9.48
10,Jaraguá cave,55,JAR7,25815,6761.211136,16.13798854,16.25195669,-3.09321,-7.73
10,Jaraguá cave,55,JAR7,25816,6764.967479,16.42859127,16.47024709,-2.76627,-8.51
10,Jaraguá cave,55,JAR7,25817,6768.765751,16.98972586,16.82607175,-3.77704,-8.49
10,Jaraguá cave,55,JAR7,25818,6772.549314,17.20020243,17.37815225,-3.47225,-9.71
10,Jaraguá cave,55,JAR7,25819,6776.427259,17.6015985,18.08269309,-3.1494,-9.87
10,Jaraguá cave,55,JAR7,25820,6780.286311,18.07198289,18.27035357,-2.44108,-10.31
10,Jaraguá cave,55,JAR7,25821,6784.195331,18.29803095,18.79045093,-3.2485,-8.96
10,Jaraguá cave,55,JAR7,25822,6788.004694,19.05489819,19.36078604,-1.83763,-9.51
10,Jaraguá cave,55,JAR7,25823,6791.725134,19.76827161,19.74433106,-3.00029,-8.18
10,Jaraguá cave,55,JAR7,25824,6795.541608,20.22694239,20.2842107,-3.1991,-9.46
10,Jaraguá cave,55,JAR7,25825,6799.342866,20.74649037,20.7829436,-3.20331,-9.63
10,Jaraguá cave,55,JAR7,25826,6803.14481,21.31619784,21.12625556,-2.94327,-9.65
10,Jaraguá cave,55,JAR7,25827,6806.956942,21.89139589,21.78146076,-3.55877,-9.24
10,Jaraguá cave,55,JAR7,25828,6810.827033,22.62393099,22.51169289,-3.48221,-9.81
10,Jaraguá cave,55,JAR7,25829,6814.655927,23.1865698,23.07442878,-3.45514,-9.46
10,Jaraguá cave,55,JAR7,25830,6818.502349,23.76298495,23.85477443,-3.29676,-8.98
10,Jaraguá cave,55,JAR7,25831,6822.320257,24.59126954,24.5134809,-3.96042,-8.62
10,Jaraguá cave,55,JAR7,25832,6825.757793,24.84246,24.7332653,-4.28242,-8.92
10,Jaraguá cave,55,JAR7,25833,6828.579408,24.49307823,24.33768032,-4.6814,-8.84
10,Jaraguá cave,55,JAR7,25834,6831.369938,24.11652826,23.81533497,-4.71361,-8.82
10,Jaraguá cave,55,JAR7,25835,6834.22957,23.78907336,23.58512347,-3.48066,-8.83
10,Jaraguá cave,55,JAR7,25836,6837.073594,23.50114033,23.42769933,-3.0043,-8.17
10,Jaraguá cave,55,JAR7,25837,6839.890698,23.29630011,23.14773214,-2.89048,-8.84
10,Jaraguá cave,55,JAR7,25838,6842.72616,22.92487716,22.75670463,-3.40533,-9.3
10,Jaraguá cave,55,JAR7,25839,6845.614405,22.7122733,22.51867806,-3.45998,-8.85
10,Jaraguá cave,55,JAR7,25840,6848.467506,22.33908005,22.29234949,-3.38712,-8
10,Jaraguá cave,55,JAR7,25841,6851.327511,22.10226914,22.08621245,-3.95752,-7.86
10,Jaraguá cave,55,JAR7,25842,6854.153867,21.90770367,21.96708222,-3.92204,-8.53
10,Jaraguá cave,55,JAR7,25843,6856.924354,21.92623971,21.56457338,-3.43857,-8.91
10,Jaraguá cave,55,JAR7,25844,6859.760459,21.45483368,21.39943388,-4.38368,-8.99
10,Jaraguá cave,55,JAR7,25845,6862.534191,21.26589392,20.97983006,-4.76671,-9.81
10,Jaraguá cave,55,JAR7,25846,6865.360998,20.97850873,20.64563694,-4.58363,-9.2
10,Jaraguá cave,55,JAR7,25847,6868.141944,20.77183611,20.40949695,-3.16445,-8.82
10,Jaraguá cave,55,JAR7,25848,6870.93349,20.52727589,20.01838698,-3.12913,-7.9
10,Jaraguá cave,55,JAR7,25849,6873.710932,20.2092461,19.70121681,-4.22541,-7.76
10,Jaraguá cave,55,JAR7,25850,6876.475264,20.0595304,19.36969906,-3.85875,-8.64
10,Jaraguá cave,55,JAR7,25851,6879.269262,19.90557889,19.19959226,-3.33042,-8.19
10,Jaraguá cave,55,JAR7,25852,6882.0397,19.78808171,18.93194831,-4.02957,-7.5
10,Jaraguá cave,55,JAR7,25853,6884.888363,19.58443554,18.8722044,-3.23041,-7.87
10,Jaraguá cave,55,JAR7,25854,6887.670677,19.57314336,18.72358389,-3.43785,-7.24
10,Jaraguá cave,55,JAR7,25855,6890.565799,19.51942945,18.73841576,-4.47064,-6.37
10,Jaraguá cave,55,JAR7,25856,6893.428238,19.20517796,18.80831783,-4.11519,-8.63
10,Jaraguá cave,55,JAR7,25857,6896.290609,18.94764257,18.6590656,-4.44543,-8.71
10,Jaraguá cave,55,JAR7,25858,6899.066961,18.84049624,18.44048161,-3.9667,-9.21
10,Jaraguá cave,55,JAR7,25859,6901.845693,18.74099022,18.21245946,-3.55434,-8.9
10,Jaraguá cave,55,JAR7,25860,6904.70393,18.50573835,18.04530451,-4.21925,-8.57
10,Jaraguá cave,55,JAR7,25861,6907.49112,18.35338048,17.9642312,-4.60566,-9.63
10,Jaraguá cave,55,JAR7,25862,6910.277467,18.24666007,17.99830651,-2.70546,-9.69
10,Jaraguá cave,55,JAR7,25863,6913.141893,18.15906829,18.14462465,-3.34904,-8.56
10,Jaraguá cave,55,JAR7,25864,6915.983321,17.91315436,18.04635305,-3.80565,-9.03
10,Jaraguá cave,55,JAR7,25865,6918.746052,17.77982462,17.92282207,-3.19684,-9.12
10,Jaraguá cave,55,JAR7,25866,6921.565982,17.78013172,17.7188006,-3.41285,-8.35
10,Jaraguá cave,55,JAR7,25867,6924.420293,17.81095355,17.87268565,-4.31926,-8.56
10,Jaraguá cave,55,JAR7,25868,6927.296863,17.62282091,17.98127839,-4.24115,-8.97
10,Jaraguá cave,55,JAR7,25869,6930.035162,17.74403827,17.92266937,-4.16449,-8.59
10,Jaraguá cave,55,JAR7,25870,6932.785752,17.84221227,17.72136981,-4.36812,-8.33
10,Jaraguá cave,55,JAR7,25871,6935.585788,17.7563186,17.56947232,-4.81929,-8.49
10,Jaraguá cave,55,JAR7,25872,6938.435132,17.66111004,17.57019048,-3.44806,-9.38
10,Jaraguá cave,55,JAR7,25873,6941.24123,17.47114008,17.69889237,-3.31194,-9.49
10,Jaraguá cave,55,JAR7,25874,6943.985283,17.64575632,17.58942224,-4.37765,-8.75
10,Jaraguá cave,55,JAR7,25875,6946.929384,17.59852069,17.82821775,-3.19845,-9.92
10,Jaraguá cave,55,JAR7,25876,6949.827429,17.62317114,18.26676753,-3.53495,-8.61
10,Jaraguá cave,55,JAR7,25877,6952.516718,17.9789379,17.98473984,-2.6502,-9.08
10,Jaraguá cave,55,JAR7,25878,6955.349899,18.16207391,18.16911549,-2.39839,-9.05
10,Jaraguá cave,55,JAR7,25879,6958.172974,18.02837324,18.26583569,-2.33811,-8.97
10,Jaraguá cave,55,JAR7,25880,6961.012847,18.10224047,18.28111505,-3.10498,-8.91
10,Jaraguá cave,55,JAR7,25881,6963.80036,18.45236286,18.35571409,-3.39096,-8.93
10,Jaraguá cave,55,JAR7,25882,6966.601932,18.61610286,18.51852757,-4.38054,-8.28
10,Jaraguá cave,55,JAR7,25883,6969.458836,18.75879544,18.63993829,-4.23665,-9.24
10,Jaraguá cave,55,JAR7,25884,6972.385613,18.75231232,18.81817613,-3.18639,-9.09
10,Jaraguá cave,55,JAR7,25885,6975.222835,18.9207644,19.13272639,-3.05519,-8.19
10,Jaraguá cave,55,JAR7,25886,6978.103699,18.83164484,19.49715703,-4.42488,-8.43
10,Jaraguá cave,55,JAR7,25887,6980.867802,18.96588763,19.65451033,-2.71075,-9.32
10,Jaraguá cave,55,JAR7,25888,6983.657326,19.27937912,19.8826248,-3.8024,-8.2
10,Jaraguá cave,55,JAR7,25889,6986.465514,19.58502138,20.10432833,-3.76214,-9.22
10,Jaraguá cave,55,JAR7,25890,6989.281006,19.79797173,20.28448809,-5.04059,-9.16
10,Jaraguá cave,55,JAR7,25891,6992.108454,20.1573691,20.62603895,-5.06102,-9.6
10,Jaraguá cave,55,JAR7,25892,6994.895045,20.43062331,20.82162702,-5.6581,-8.68
10,Jaraguá cave,55,JAR7,25893,6997.741469,20.58529698,21.09269727,-2.8472,-9.15
10,Jaraguá cave,55,JAR7,25894,7000.472057,21.00121882,21.17525969,-2.9876,-8.21
10,Jaraguá cave,55,JAR7,25895,7003.27844,21.19837668,21.4595582,-2.7625,-8.65
10,Jaraguá cave,55,JAR7,25896,7006.121151,21.39381071,21.78147244,-2.78352,-7.42
10,Jaraguá cave,55,JAR7,25897,7008.936057,21.79099642,21.99972972,-2.87669,-7.49
10,Jaraguá cave,55,JAR7,25898,7011.717514,22.232903,22.17207921,-3.55488,-8.23
10,Jaraguá cave,55,JAR7,25899,7014.469087,22.50257893,22.45479766,-4.38921,-8.81
10,Jaraguá cave,55,JAR7,25900,7017.370201,22.56956387,22.91970901,-4.30491,-9.36
10,Jaraguá cave,55,JAR7,25901,7020.057991,22.95924152,23.06534,-4.24552,-9.39
10,Jaraguá cave,55,JAR7,25902,7022.788336,23.38249909,23.33368721,-4.51427,-9.51
10,Jaraguá cave,55,JAR7,25903,7025.509543,23.80464795,23.70502019,-4.66134,-9.84
10,Jaraguá cave,55,JAR7,25904,7027.492834,23.04812541,23.05912839,-4.09227,-9.93
10,Jaraguá cave,55,JAR7,25905,7028.874266,22.49499965,22.06339937,-3.75985,-9.53
10,Jaraguá cave,55,JAR7,25906,7030.477952,21.761671,21.11038411,-3.65163,-9.07
10,Jaraguá cave,55,JAR7,25907,7031.983131,21.16440992,20.04419386,-3.72587,-9.05
10,Jaraguá cave,55,JAR7,25908,7033.727839,20.36591586,19.23926883,-3.87215,-8.91
10,Jaraguá cave,55,JAR7,25909,7035.376152,19.74166913,18.90363736,-4.03348,-9.09
10,Jaraguá cave,55,JAR7,25910,7037.039944,19.20205367,18.83622589,-4.41004,-9.25
10,Jaraguá cave,55,JAR7,25911,7038.703672,18.77216322,18.18283337,-3.90344,-9.32
10,Jaraguá cave,55,JAR7,25912,7040.430674,18.71853231,17.83172174,-4.17826,-8.79
10,Jaraguá cave,55,JAR7,25913,7042.116712,18.02529284,17.36515037,-4.08639,-8.95
10,Jaraguá cave,55,JAR7,25914,7043.633684,17.88880145,17.21355811,-4.18245,-8.85
10,Jaraguá cave,55,JAR7,25915,7045.263947,17.83996254,17.04994786,-3.82238,-8.8
10,Jaraguá cave,55,JAR7,25916,7046.857476,17.74822422,17.29874733,-3.82841,-8.22
10,Jaraguá cave,55,JAR7,25917,7048.463942,17.84212703,17.61189951,-3.88032,-8.36
10,Jaraguá cave,55,JAR7,25918,7050.186648,17.86150825,18.01221001,-4.27322,-8.39
10,Jaraguá cave,55,JAR7,25919,7051.79614,18.30966086,18.35344346,-4.79626,-8.94
10,Jaraguá cave,55,JAR7,25920,7053.364761,18.75916534,18.65866463,-3.48861,-9.54
10,Jaraguá cave,55,JAR7,25921,7055.002378,19.11638969,18.83257661,-3.67854,-8.51
10,Jaraguá cave,55,JAR7,25922,7056.52993,19.75804512,19.38076367,-4.03487,-9.07
10,Jaraguá cave,55,JAR7,25923,7058.161656,20.39199669,19.92927015,-3.93204,-9.5
10,Jaraguá cave,55,JAR7,25924,7059.698614,20.885027,20.43618041,-4.00249,-9.73
10,Jaraguá cave,55,JAR7,25925,7061.475458,21.55269007,21.14012105,-2.52365,-9.04
10,Jaraguá cave,55,JAR7,25926,7063.312672,21.97422472,22.03818204,-3.50725,-7.01
10,Jaraguá cave,55,JAR7,25927,7064.822276,22.74754863,22.75932433,-3.50366,-8.3
10,Jaraguá cave,55,JAR7,25928,7066.398997,23.52410983,23.30525363,-3.84584,-7.92
10,Jaraguá cave,55,JAR7,25929,7067.915976,24.55258604,24.15151475,-3.5782,-8.37
10,Jaraguá cave,55,JAR7,25930,7075.164961,25.54291421,24.62270701,-3.50964,-7.86
10,Jaraguá cave,55,JAR7,25931,7105.315879,25.88009762,24.3456611,-3.91799,-7.96
10,Jaraguá cave,55,JAR7,25932,7135.559441,27.17375655,25.55400421,-4.08669,-8.44
10,Jaraguá cave,55,JAR7,25933,7166.610467,28.35696116,28.60560093,-3.13985,-8.52
10,Jaraguá cave,55,JAR7,25934,7196.51851,31.94964723,31.42204441,-3.73862,-6.92
10,Jaraguá cave,55,JAR7,25935,7226.958017,35.84804515,36.11276711,-3.82382,-7.72
10,Jaraguá cave,55,JAR7,25936,7257.402205,39.40871899,40.37052059,-3.81223,-8.29
10,Jaraguá cave,55,JAR7,25937,7287.619285,43.42977654,45.02836788,-4.22231,-8.7
10,Jaraguá cave,55,JAR7,25938,7317.880141,47.84204581,49.97527404,-4.15624,-8.78
10,Jaraguá cave,55,JAR7,25939,7348.434798,52.67652203,55.39074754,-3.38848,-7.79
10,Jaraguá cave,55,JAR7,25940,7379.043791,56.52425725,60.60325433,-4.21578,-7.09
10,Jaraguá cave,55,JAR7,25941,7409.207568,62.12702814,66.05930268,-3.02061,-7.65
10,Jaraguá cave,55,JAR7,25942,7439.965391,66.80617058,72.76512762,-3.46872,-6.71
10,Jaraguá cave,55,JAR7,25943,7470.395905,71.89814681,78.52692693,-3.45384,-7.59
10,Jaraguá cave,55,JAR7,25944,7500.512428,77.05478774,83.64163567,-4.3873,-7.8
10,Jaraguá cave,55,JAR7,25945,7531.032143,82.00986398,89.7425632,-3.03203,-8.74
10,Jaraguá cave,55,JAR7,25946,7561.413488,87.33071353,95.59244733,-4.22863,-7.9
10,Jaraguá cave,55,JAR7,25947,7591.768937,92.99851516,100.982757,-5.19001,-8.92
10,Jaraguá cave,55,JAR7,25948,7622.010358,98.32601331,106.9384179,-5.28138,-9.55
10,Jaraguá cave,55,JAR7,25949,7652.524882,103.9674081,113.4149186,-4.25371,-9.47
10,Jaraguá cave,55,JAR7,25950,7683.052908,109.1947874,119.2055876,-3.65276,-9.23
10,Jaraguá cave,55,JAR7,25951,7713.545744,114.493202,124.1917834,-3.53683,-9.37
10,Jaraguá cave,55,JAR7,25952,7744.273591,120.1017097,129.519088,-2.80282,-9.09
10,Jaraguá cave,55,JAR7,25953,7774.644105,125.9231864,135.7314755,-2.33982,-8.31
10,Jaraguá cave,55,JAR7,25954,7804.648647,131.416937,141.0799748,-3.15662,-7.53
10,Jaraguá cave,55,JAR7,25955,7835.188243,137.0745473,147.2812533,-3.92815,-8.79
10,Jaraguá cave,55,JAR7,25956,7865.462852,142.9489696,153.0420285,-2.93913,-9.12
10,Jaraguá cave,55,JAR7,25957,7895.580192,148.5054525,158.9286827,-2.95963,-8.33
10,Jaraguá cave,55,JAR7,25958,7926.059253,153.4103747,164.5644982,-2.98727,-8.56
10,Jaraguá cave,55,JAR7,25959,7956.582857,158.2134071,169.9016922,-2.78222,-8.83
10,Jaraguá cave,55,JAR7,25960,7976.02447,160.5832782,173.2895735,-3.07903,-8.59
10,Jaraguá cave,55,JAR7,25961,7978.437775,160.1850717,172.8154126,-3.16916,-8.51
10,Jaraguá cave,55,JAR7,25962,7981.056862,159.7991857,172.7764981,-3.72005,-8.62
10,Jaraguá cave,55,JAR7,25963,7983.238804,159.7565122,172.2800608,-3.73841,-8.63
10,Jaraguá cave,55,JAR7,25964,7985.642148,158.8507174,171.8318715,-3.9151,-8.27
10,Jaraguá cave,55,JAR7,25965,7988.052908,157.8019722,171.7509047,-3.94019,-8.22
10,Jaraguá cave,55,JAR7,25966,7990.72056,156.6553609,171.6158358,-4.31876,-7.82
10,Jaraguá cave,55,JAR7,25967,7993.263435,155.4019908,171.0559299,-4.0616,-7.75
10,Jaraguá cave,55,JAR7,25968,7995.403927,155.7394376,170.1875154,-2.42208,-7.65
10,Jaraguá cave,55,JAR7,25969,7997.587248,155.2248915,169.4823246,-2.54965,-7.43
10,Jaraguá cave,55,JAR7,25970,7999.96053,153.9438936,168.5944781,-3.1293,-7.62
10,Jaraguá cave,55,JAR7,25971,8002.452522,152.8519882,167.675049,-3.89859,-8.19
10,Jaraguá cave,55,JAR7,25972,8004.960961,152.8261213,167.4912065,-4.06295,-8.3
10,Jaraguá cave,55,JAR7,25973,8007.284697,151.8096476,167.1816862,-3.249,-7.84
10,Jaraguá cave,55,JAR7,25974,8009.685131,150.9501973,166.576717,-3.15581,-7.79
10,Jaraguá cave,55,JAR7,25975,8012.137884,149.7263861,165.9771097,-3.86025,-6.85
10,Jaraguá cave,55,JAR7,25976,8014.270985,149.5575244,165.2316103,-3.80254,-8.91
10,Jaraguá cave,55,JAR7,25977,8017.007087,148.7856624,165.0338873,-3.04844,-8.48
10,Jaraguá cave,55,JAR7,25978,8018.997474,148.7595161,164.1881325,-2.94913,-7.45
10,Jaraguá cave,55,JAR7,25979,8021.478817,148.02893,163.6847914,-3.13531,-7.24
10,Jaraguá cave,55,JAR7,25980,8023.789507,147.1792282,162.5253554,-3.79,-7.48
10,Jaraguá cave,55,JAR7,25981,8026.240694,146.7223201,161.4314467,-5.21306,-8.35
10,Jaraguá cave,55,JAR7,25982,8028.328356,146.1369677,160.2139738,-5.64221,-9.67
10,Jaraguá cave,55,JAR7,25983,8030.572137,145.2001237,159.5624054,-4.84508,-9.7
10,Jaraguá cave,55,JAR7,25984,8032.613004,144.7466714,158.7656759,-4.53278,-9.02
10,Jaraguá cave,55,JAR7,25985,8035.235239,144.0044272,158.5214371,-4.18774,-8.85
10,Jaraguá cave,55,JAR7,25986,8037.700016,143.5788632,158.119742,-3.28275,-8.96
10,Jaraguá cave,55,JAR7,25987,8039.562196,143.5723226,157.1154491,-4.01859,-8.61
10,Jaraguá cave,55,JAR7,25988,8041.746723,143.616335,156.4291582,-4.66257,-8.77
10,Jaraguá cave,55,JAR7,25989,8044.015245,143.5763527,155.7480494,-4.56245,-8.61
10,Jaraguá cave,55,JAR7,25990,8046.590927,143.1214897,155.7403129,-3.51083,-8.67
10,Jaraguá cave,55,JAR7,25991,8048.64914,143.3341113,154.7702517,-2.11994,-8.34
10,Jaraguá cave,55,JAR7,25992,8050.600652,142.9316472,153.6815293,-2.34736,-7.26
10,Jaraguá cave,55,JAR7,25993,8052.90241,142.1504875,153.2192207,-2.43219,-8.1
10,Jaraguá cave,55,JAR7,25994,8055.354283,142.1149035,152.6362576,-1.88946,-8.35
10,Jaraguá cave,55,JAR7,25995,8057.41167,142.6165383,151.7405672,-2.72451,-7.08
10,Jaraguá cave,55,JAR7,25996,8060.108364,142.3775455,151.2180622,-3.19567,-7.94
10,Jaraguá cave,55,JAR7,25997,8062.825633,140.8478412,150.903707,-3.14581,-8.02
10,Jaraguá cave,55,JAR7,25998,8065.245858,139.6017007,150.3702256,-3.01745,-7.41
10,Jaraguá cave,55,JAR7,25999,8067.43068,139.9416697,150.0696028,-3.84791,-7.52
10,Jaraguá cave,55,JAR7,26000,8069.80672,139.6710565,149.6289128,-3.36616,-8.19
10,Jaraguá cave,55,JAR7,26001,8072.189926,139.0941341,149.2530499,-2.43291,-8.48
10,Jaraguá cave,55,JAR7,26002,8074.754653,138.9460339,148.5753922,-2.0426,-8.32
10,Jaraguá cave,55,JAR7,26003,8077.026904,138.8274996,148.366367,-2.10414,-7.97
10,Jaraguá cave,55,JAR7,26004,8079.061058,138.5264024,148.1376054,-1.98269,-8.03
10,Jaraguá cave,55,JAR7,26005,8081.280987,137.9934149,146.9202791,-1.28109,-7.8
10,Jaraguá cave,55,JAR7,26006,8083.527809,137.4689489,146.4016543,-1.54607,-6.6
10,Jaraguá cave,55,JAR7,26007,8085.95157,136.9326405,145.9071314,-1.91614,-7.27
10,Jaraguá cave,55,JAR7,26008,8088.374586,136.2842949,145.1090749,-2.03064,-7.41
10,Jaraguá cave,55,JAR7,26009,8090.710612,135.8426577,144.7475967,-2.80594,-7.37
10,Jaraguá cave,55,JAR7,26010,8092.611031,135.813758,143.2389615,-2.923,-7.91
10,Jaraguá cave,55,JAR7,26011,8094.752363,135.8739887,141.4252863,-3.18552,-7.94
10,Jaraguá cave,55,JAR7,26012,8096.993086,135.8663507,140.4223256,-3.0147,-7.69
10,Jaraguá cave,55,JAR7,26013,8099.386791,135.2791167,139.7001015,-3.44825,-7.6
10,Jaraguá cave,55,JAR7,26014,8101.700528,135.2063274,138.9989231,-3.08166,-8.18
10,Jaraguá cave,55,JAR7,26015,8103.59008,135.5340787,138.3890822,-3.87148,-8.18
10,Jaraguá cave,55,JAR7,26016,8105.925716,135.0962868,137.2742511,-4.07113,-8.64
10,Jaraguá cave,55,JAR7,26017,8108.349941,135.1316847,137.5455936,-4.17254,-8.95
10,Jaraguá cave,55,JAR7,26018,8110.846769,135.0487784,137.7027606,-3.89284,-9.35
10,Jaraguá cave,55,JAR7,26019,8113.196975,134.6458732,137.3748955,-3.69391,-9.46
10,Jaraguá cave,55,JAR7,26020,8115.574034,134.7101813,137.4737537,-3.556,-9.65
10,Jaraguá cave,55,JAR7,26021,8117.784786,134.822892,137.227126,-3.7075,-8.96
10,Jaraguá cave,55,JAR7,26022,8120.277806,134.2748094,137.516174,-4.39755,-8.51
10,Jaraguá cave,55,JAR7,26023,8123.181887,133.911519,137.4574015,-4.11683,-9.65
10,Jaraguá cave,55,JAR7,26024,8125.651984,133.1354856,137.5397362,-4.8357,-8.75
10,Jaraguá cave,55,JAR7,26025,8127.821905,132.5207404,137.7061245,-4.47156,-9.69
10,Jaraguá cave,55,JAR7,26026,8129.70059,133.1189123,136.7358622,-4.10487,-9.45
10,Jaraguá cave,55,JAR7,26027,8131.824386,133.0916649,136.2349433,-3.13216,-9.03
10,Jaraguá cave,55,JAR7,26028,8134.057075,133.1448042,134.7463407,-3.79767,-8.19
10,Jaraguá cave,55,JAR7,26029,8136.327623,133.3485488,134.0913818,-3.9869,-8.56
10,Jaraguá cave,55,JAR7,26030,8138.528985,133.1420352,133.8592435,-3.45755,-8.09
10,Jaraguá cave,55,JAR7,26031,8140.694263,133.3896784,133.9867614,-4.7668,-7.71
10,Jaraguá cave,55,JAR7,26032,8143.061792,133.3084319,133.5405203,-4.50305,-9.27
10,Jaraguá cave,55,JAR7,26033,8145.410352,133.4479847,132.903005,-4.20321,-9.46
10,Jaraguá cave,55,JAR7,26034,8147.593064,133.3566067,132.4445578,-3.7717,-9.09
10,Jaraguá cave,55,JAR7,26035,8150.313069,132.6090808,132.4602263,-2.71793,-8.61
10,Jaraguá cave,55,JAR7,26036,8152.890013,132.2791846,132.6122492,-3.93108,-7.82
10,Jaraguá cave,55,JAR7,26037,8155.197163,132.3537144,132.6856817,-5.27212,-9.55
10,Jaraguá cave,55,JAR7,26038,8157.441529,132.3357305,132.3160986,-6.09742,-8.97
10,Jaraguá cave,55,JAR7,26039,8159.89728,131.6556948,131.9713724,-5.65844,-8.71
10,Jaraguá cave,55,JAR7,26040,8162.461164,130.8375286,131.7371127,-3.77395,-9.04
10,Jaraguá cave,55,JAR7,26041,8165.158317,130.3018119,131.4671047,-3.34255,-8.76
10,Jaraguá cave,55,JAR7,26042,8167.487227,130.5002464,131.4468227,-2.87485,-8.62
10,Jaraguá cave,55,JAR7,26043,8170.068435,130.3576306,132.0759933,-2.06427,-7.97
10,Jaraguá cave,55,JAR7,26044,8172.024545,131.0962424,131.9365528,-3.18603,-7.61
10,Jaraguá cave,55,JAR7,26045,8174.362192,130.8457489,132.2343891,-4.03024,-7.42
10,Jaraguá cave,55,JAR7,26046,8176.501631,130.754835,131.767385,-3.65455,-8.36
10,Jaraguá cave,55,JAR7,26047,8178.619693,130.755459,131.6644696,-4.28704,-7.86
10,Jaraguá cave,55,JAR7,26048,8181.156732,131.030077,131.8689303,-3.93905,-8.41
10,Jaraguá cave,55,JAR7,26049,8182.955107,132.1849067,131.2604552,-3.99845,-7.71
10,Jaraguá cave,55,JAR7,26050,8185.188773,132.4026297,131.4870684,-5.29574,-7.73
10,Jaraguá cave,55,JAR7,26051,8187.086054,132.8464214,130.5406319,-4.7437,-9.1
10,Jaraguá cave,55,JAR7,26052,8189.10518,133.2960602,130.3719748,-3.58422,-8.95
10,Jaraguá cave,55,JAR7,26053,8191.31158,132.877243,130.8289448,-3.31617,-8.33
10,Jaraguá cave,55,JAR7,26054,8193.403656,133.9689081,131.65434,-3.12112,-8.57
10,Jaraguá cave,55,JAR7,26055,8195.598891,134.1455713,131.9116014,-3.10854,-8.32
10,Jaraguá cave,55,JAR7,26056,8198.44172,133.3515235,132.238279,-3.38129,-8.33
10,Jaraguá cave,55,JAR7,26057,8200.948086,133.4757401,133.0167005,-4.01266,-8.25
10,Jaraguá cave,55,JAR7,26058,8203.553945,133.3794314,133.4097971,-4.04568,-8.5
10,Jaraguá cave,55,JAR7,26059,8206.101355,133.3826188,133.3989706,-4.13922,-8.69
10,Jaraguá cave,55,JAR7,26060,8208.080103,133.350416,132.9119386,-5.01287,-8.82
10,Jaraguá cave,55,JAR7,26061,8210.344846,133.3296278,132.6782468,-3.76312,-9.8
10,Jaraguá cave,55,JAR7,26062,8212.368645,133.6105584,132.1238673,-4.07808,-8.15
10,Jaraguá cave,55,JAR7,26063,8214.024447,134.3716293,131.2513776,-4.87445,-8.68
10,Jaraguá cave,55,JAR7,26064,8216.085609,134.9732666,131.1929717,-5.23887,-9.5
10,Jaraguá cave,55,JAR7,26065,8218.644622,136.330639,131.6702671,-5.1089,-8.57
10,Jaraguá cave,55,JAR7,26066,8221.189124,136.6939858,131.9022767,-4.1469,-9.28
10,Jaraguá cave,55,JAR7,26067,8223.766117,136.5568725,132.7263099,-4.19325,-9.06
10,Jaraguá cave,55,JAR7,26068,8226.251057,136.4957812,133.1000723,-5.02732,-8.64
10,Jaraguá cave,55,JAR7,26069,8228.855648,136.4525102,133.7715133,-5.8015,-8.48
10,Jaraguá cave,55,JAR7,26070,8231.274133,136.3383857,133.665459,-5.23918,-9.24
10,Jaraguá cave,55,JAR7,26071,8233.299902,136.4594757,132.8658517,-4.71899,-8.9
10,Jaraguá cave,55,JAR7,26072,8235.459226,137.0105172,132.1163735,-4.34685,-8.56
10,Jaraguá cave,55,JAR7,26073,8238.053227,137.2389707,132.7753524,-6.00133,-7.77
10,Jaraguá cave,55,JAR7,26074,8240.539665,137.5032066,133.3456198,-4.94554,-9.19
10,Jaraguá cave,55,JAR7,26075,8242.567681,138.3417154,133.3264479,-2.63175,-9.12
10,Jaraguá cave,55,JAR7,26076,8244.867737,138.2312119,133.0635091,-4.5371,-7.1
10,Jaraguá cave,55,JAR7,26077,8247.32078,138.2888934,133.5744176,-4.80581,-9.53
10,Jaraguá cave,55,JAR7,26078,8249.759288,137.7623355,133.8099417,-3.75053,-9.51
10,Jaraguá cave,55,JAR7,26079,8251.855976,137.7413557,134.4971968,-3.4763,-9.02
10,Jaraguá cave,55,JAR7,26080,8254.200979,137.9546236,135.4327656,-3.95088,-8.68
10,Jaraguá cave,55,JAR7,26081,8256.485504,138.699312,136.3078574,-4.45884,-8.38
10,Jaraguá cave,55,JAR7,26082,8258.502686,139.4090564,136.9091463,-4.93072,-8.39
10,Jaraguá cave,55,JAR7,26083,8260.564981,139.9922083,137.0189722,-5.10082,-7.93
10,Jaraguá cave,55,JAR7,26084,8262.92559,140.1760293,137.3225378,-5.99363,-7.52
10,Jaraguá cave,55,JAR7,26085,8265.334992,140.9262629,137.7004128,-5.72547,-8.34
10,Jaraguá cave,55,JAR7,26086,8268.214335,140.9727383,138.1501177,-3.98519,-9.12
10,Jaraguá cave,55,JAR7,26087,8270.511158,141.9016328,138.2558484,-3.72412,-8.63
10,Jaraguá cave,55,JAR7,26088,8273.050506,142.0449475,139.2740863,-2.92776,-8.88
10,Jaraguá cave,55,JAR7,26089,8275.426868,142.1189783,139.4916611,-3.14793,-7.82
10,Jaraguá cave,55,JAR7,26090,8277.83343,142.2149302,139.7394362,-3.37746,-7.79
10,Jaraguá cave,55,JAR7,26091,8279.962831,142.996672,139.7100507,-3.57114,-8
10,Jaraguá cave,55,JAR7,26092,8282.258969,143.5541648,140.0045065,-4.11691,-8.43
10,Jaraguá cave,55,JAR7,26093,8284.32218,144.2579461,140.4520207,-4.24267,-8.92
10,Jaraguá cave,55,JAR7,26094,8286.70259,144.644529,140.9379421,-3.47939,-8.89
10,Jaraguá cave,55,JAR7,26095,8288.754841,145.3592706,140.8948604,-3.26732,-8.2
10,Jaraguá cave,55,JAR7,26096,8290.804226,146.0799502,141.3803412,-3.12759,-8.45
10,Jaraguá cave,55,JAR7,26097,8293.178439,146.9208145,142.354668,-3.65713,-8.3
10,Jaraguá cave,55,JAR7,26098,8295.838189,147.1485494,143.2507832,-3.42801,-9.12
10,Jaraguá cave,55,JAR7,26099,8298.172482,147.2891695,143.1776492,-3.564,-8.65
10,Jaraguá cave,55,JAR7,26100,8300.423333,148.2927005,143.2151587,-4.06184,-8.47
10,Jaraguá cave,55,JAR7,26101,8303.042223,148.5530938,144.3114892,-3.96858,-9.02
10,Jaraguá cave,55,JAR7,26102,8305.478453,148.584298,144.8097432,-3.40336,-9.32
10,Jaraguá cave,55,JAR7,26103,8307.893173,148.8576164,145.0659545,-4.4536,-8.51
10,Jaraguá cave,55,JAR7,26104,8310.400792,149.1706208,145.6703517,-5.2735,-8.35
10,Jaraguá cave,55,JAR7,26105,8312.711481,149.8750672,146.2569731,-3.7607,-9.22
10,Jaraguá cave,55,JAR7,26106,8315.69999,149.5916237,147.5214148,-3.57383,-8.44
10,Jaraguá cave,55,JAR7,26107,8318.141256,150.0703241,148.0800052,-3.38229,-8.53
10,Jaraguá cave,55,JAR7,26108,8320.426653,150.6634884,147.9524042,-3.78577,-8.31
10,Jaraguá cave,55,JAR7,26109,8322.887833,150.7568205,148.1766174,-3.6183,-9.04
10,Jaraguá cave,55,JAR7,26110,8325.336441,150.7010887,149.0016384,-2.01662,-8
10,Jaraguá cave,55,JAR7,26111,8327.483888,150.997925,149.716225,-2.51586,-6.41
10,Jaraguá cave,55,JAR7,26112,8330.19549,150.8300251,150.8396596,-3.51894,-7.25
10,Jaraguá cave,55,JAR7,26113,8332.840315,151.1476014,152.0066269,-4.56909,-8.31
10,Jaraguá cave,55,JAR7,26114,8335.36697,151.7948411,153.3120868,-4.08301,-9.19
10,Jaraguá cave,55,JAR7,26115,8337.672674,152.640633,154.1153308,-3.77714,-9.17
10,Jaraguá cave,55,JAR7,26116,8340.620135,152.9585697,155.5088354,-3.07375,-9.04
10,Jaraguá cave,55,JAR7,26117,8343.215358,153.5246078,156.0445586,-2.80097,-9
10,Jaraguá cave,55,JAR7,26118,8346.147675,153.4065305,157.2355798,-3.42473,-8.96
10,Jaraguá cave,55,JAR7,26119,8348.171759,154.2434369,157.1133742,-3.46034,-9.41
10,Jaraguá cave,55,JAR7,26120,8350.706094,154.2163105,157.990353,-4.09112,-8.25
10,Jaraguá cave,55,JAR7,26121,8353.28573,154.1259823,158.5431874,-4.76001,-8.1
10,Jaraguá cave,55,JAR7,26122,8355.603957,155.0251205,159.3272875,-5.68776,-8.87
10,Jaraguá cave,55,JAR7,26123,8358.157527,155.2429294,160.4764124,-5.66218,-9.91
10,Jaraguá cave,55,JAR7,26124,8360.779469,155.2582261,161.1972739,-5.73903,-9.77
10,Jaraguá cave,55,JAR7,26125,8363.265103,155.6837188,162.0013258,-5.73509,-9.81
10,Jaraguá cave,55,JAR7,26126,8365.13492,156.7488533,162.2466872,-6.76824,-9.25
10,Jaraguá cave,55,JAR7,26127,8367.38503,157.387148,162.5500146,-4.88656,-9.51
10,Jaraguá cave,55,JAR7,26128,8369.711301,157.734909,163.0644254,-3.09786,-8.28
10,Jaraguá cave,55,JAR7,26129,8371.510254,158.5316605,163.4826734,-2.05483,-7.27
10,Jaraguá cave,55,JAR7,26130,8373.697215,158.8425838,164.3179099,-2.22656,-7.12
10,Jaraguá cave,55,JAR7,26131,8375.952135,159.7014474,164.852886,-1.7476,-7.69
10,Jaraguá cave,55,JAR7,26132,8378.48916,159.9384607,165.7380243,-2.6912,-7.14
10,Jaraguá cave,55,JAR7,26133,8380.882813,160.3188466,166.6919733,-2.71965,-8.48
10,Jaraguá cave,55,JAR7,26134,8383.009544,161.1762059,167.3367527,-3.25526,-8.4
10,Jaraguá cave,55,JAR7,26135,8385.268221,161.9783602,168.1795299,-3.22051,-9.01
10,Jaraguá cave,55,JAR7,26136,8387.566973,162.3878984,168.2881198,-2.97673,-8.49
10,Jaraguá cave,55,JAR7,26137,8389.837957,162.7715301,168.9558582,-3.62792,-7.52
10,Jaraguá cave,55,JAR7,26138,8392.433187,162.6824469,169.9885233,-3.58795,-8.43
10,Jaraguá cave,55,JAR7,26139,8394.735306,163.4206694,170.7503134,-3.96545,-7.51
10,Jaraguá cave,55,JAR7,26140,8397.029186,164.0266313,171.4754804,-4.98932,-7.72
10,Jaraguá cave,55,JAR7,26141,8399.38015,165.35427,172.014885,-5.28939,-8.82
10,Jaraguá cave,55,JAR7,26142,8401.682283,165.516727,172.7021208,-5.77481,-8.74
10,Jaraguá cave,55,JAR7,26143,8404.320972,165.7784553,173.817578,-5.48866,-8.98
10,Jaraguá cave,55,JAR7,26144,8406.574101,166.4997538,174.4310177,-2.53461,-9.03
10,Jaraguá cave,55,JAR7,26145,8409.001215,166.8231396,175.4401644,-3.52017,-7.63
10,Jaraguá cave,55,JAR7,26146,8411.529255,167.5751919,176.4377857,-4.50508,-8.44
10,Jaraguá cave,55,JAR7,26147,8413.847698,168.6596754,177.1782992,-3.88487,-8.5
10,Jaraguá cave,55,JAR7,26148,8416.198753,169.6455411,177.8144566,-3.811,-8.13
10,Jaraguá cave,55,JAR7,26149,8418.779407,170.5476108,178.3856074,-2.7481,-8.47
10,Jaraguá cave,55,JAR7,26150,8421.463857,171.5499795,179.8612912,-3.28581,-7.23
10,Jaraguá cave,55,JAR7,26151,8423.649934,172.7088585,180.5636424,-3.95072,-8.24
10,Jaraguá cave,55,JAR7,26152,8426.200534,173.1665755,181.8852909,-3.83427,-9.17
10,Jaraguá cave,55,JAR7,26153,8428.949985,173.5127952,183.0968587,-3.61793,-8.3
10,Jaraguá cave,55,JAR7,26154,8431.229267,174.9338323,183.821373,-3.08079,-8.08
10,Jaraguá cave,55,JAR7,26155,8433.651305,175.5412097,184.6745265,-3.38248,-7.47
10,Jaraguá cave,55,JAR7,26156,8435.420999,176.6502258,184.7561357,-3.95275,-8.47
10,Jaraguá cave,55,JAR7,26157,8438.181217,176.9300381,186.0427255,-3.54832,-9.23
10,Jaraguá cave,55,JAR7,26158,8440.532252,177.3009909,186.9530793,-4.37984,-7.44
10,Jaraguá cave,55,JAR7,26159,8442.809679,178.2680935,188.0636556,-3.70145,-8.61
10,Jaraguá cave,55,JAR7,26160,8444.952525,178.8689308,189.0059117,-4.63672,-7.58
10,Jaraguá cave,55,JAR7,26161,8447.654217,178.7559198,190.4633432,-4.3017,-9.08
10,Jaraguá cave,55,JAR7,26162,8449.930066,179.9266136,191.0274775,-3.98689,-9.16
10,Jaraguá cave,55,JAR7,26163,8452.15889,181.0618545,191.8013711,-4.11167,-9.23
10,Jaraguá cave,55,JAR7,26164,8454.322762,181.9807327,192.3956745,-2.89514,-9.27
10,Jaraguá cave,55,JAR7,26165,8456.427312,182.9133471,192.6392982,-4.09369,-7.25
10,Jaraguá cave,55,JAR7,26166,8459.356727,182.9240205,194.1466452,-3.70857,-8.87
10,Jaraguá cave,55,JAR7,26167,8461.526131,183.7734537,194.8554773,-2.92024,-8.58
10,Jaraguá cave,55,JAR7,26168,8463.832704,184.5340847,195.7010082,-3.83955,-7.8
10,Jaraguá cave,55,JAR7,26169,8465.985361,185.9118922,196.3926238,-3.42029,-9.12
10,Jaraguá cave,55,JAR7,26170,8468.178524,186.9799808,197.381772,-3.75724,-8.77
10,Jaraguá cave,55,JAR7,26171,8470.521832,187.6116044,198.2970781,-3.27975,-9.27
10,Jaraguá cave,55,JAR7,26172,8473.049373,187.9801258,199.3537968,-3.4527,-8.81
10,Jaraguá cave,55,JAR7,26173,8475.163978,188.8485574,199.9624714,-3.13046,-8.76
10,Jaraguá cave,55,JAR7,26174,8477.362731,189.6511177,200.5202637,-3.56864,-7.71
10,Jaraguá cave,55,JAR7,26175,8479.531098,190.6740044,201.1505003,-3.15823,-8.48
10,Jaraguá cave,55,JAR7,26176,8481.858099,191.1191566,202.0269515,-3.71924,-8.03
10,Jaraguá cave,55,JAR7,26177,8483.880447,192.0002456,202.2137419,-3.53166,-8.65
10,Jaraguá cave,55,JAR7,26178,8485.98495,193.3697734,202.660101,-3.80246,-8.46
10,Jaraguá cave,55,JAR7,26179,8488.137826,194.1024954,203.1548323,-3.75562,-8.38
10,Jaraguá cave,55,JAR7,26180,8490.463058,194.8746144,203.9543729,-3.39917,-8.23
10,Jaraguá cave,55,JAR7,26181,8492.964678,195.3688742,204.9482725,-2.88935,-7.8
10,Jaraguá cave,55,JAR7,26182,8495.451737,195.6427561,205.9276112,-4.47799,-7.07
10,Jaraguá cave,55,JAR7,26183,8497.793091,195.8313546,207.2949339,-3.65461,-9.26
10,Jaraguá cave,55,JAR7,26184,8500.189824,196.3670698,208.6814591,-3.44528,-7.77
10,Jaraguá cave,55,JAR7,26185,8502.579452,196.9825683,209.603705,-4.3525,-6.91
10,Jaraguá cave,55,JAR7,26186,8505.016698,197.5071165,210.2035116,-5.1701,-7.44
10,Jaraguá cave,55,JAR7,26187,8507.427931,198.2328414,210.8137523,-4.0692,-8.18
10,Jaraguá cave,55,JAR7,26188,8509.632143,199.3254917,211.8266923,-3.23159,-6.43
10,Jaraguá cave,55,JAR7,26189,8512.040038,200.1023137,213.0433152,-3.67636,-5.79
10,Jaraguá cave,55,JAR7,26190,8514.405001,200.5813164,214.177401,-2.6225,-7.32
10,Jaraguá cave,55,JAR7,26191,8516.496121,201.8725584,215.2570223,-2.9053,-4.86
10,Jaraguá cave,55,JAR7,26192,8518.635388,203.2932932,216.4507118,-3.15698,-4.89
10,Jaraguá cave,55,JAR7,26193,8522.667991,204.353803,218.5366851,-4.31282,-6.96
10,Jaraguá cave,55,JAR7,26194,8526.332022,205.5396072,220.2864875,-3.82815,-7.47
10,Jaraguá cave,55,JAR7,26195,8529.779954,207.4273551,221.5192923,-2.8369,-7.01
10,Jaraguá cave,55,JAR7,26196,8533.437346,208.9477213,221.8941696,-3.93194,-6.75
10,Jaraguá cave,55,JAR7,26197,8537.408308,210.4288016,223.5723191,-3.17233,-6.3
10,Jaraguá cave,55,JAR7,26198,8542.983506,208.4761098,222.4168403,-2.88921,-7.07
10,Jaraguá cave,55,JAR7,26199,8549.320791,206.2382497,221.2978448,-3.45935,-7.51
10,Jaraguá cave,55,JAR7,26200,8555.796222,203.8890009,219.6592695,-4.38447,-7.58
10,Jaraguá cave,55,JAR7,26201,8561.846391,201.7967149,216.9425938,-4.14864,-8.16
10,Jaraguá cave,55,JAR7,26202,8567.721566,199.6883336,213.8427359,-4.59196,-8.15
10,Jaraguá cave,55,JAR7,26203,8573.187449,198.6559466,210.5079761,-4.44159,-8.92
10,Jaraguá cave,55,JAR7,26204,8579.180026,196.8548518,206.584045,-5.16763,-8.31
10,Jaraguá cave,55,JAR7,26205,8585.64904,195.7205473,203.4333003,-4.17945,-8.85
10,Jaraguá cave,55,JAR7,26206,8592.081029,194.0803561,201.8818067,-3.71361,-9.08
10,Jaraguá cave,55,JAR7,26207,8598.97368,191.5008459,199.9925861,-3.9907,-8.67
10,Jaraguá cave,55,JAR7,26208,8605.336873,189.6930357,198.3376426,-4.46268,-8.26
10,Jaraguá cave,55,JAR7,26209,8611.303985,187.6055152,194.4000617,-5.43939,-8.17
10,Jaraguá cave,55,JAR7,26210,8616.809085,185.0134501,190.3556153,-5.05605,-8.86
10,Jaraguá cave,55,JAR7,26211,8623.286471,183.7452031,188.7391959,-5.15452,-8.62
10,Jaraguá cave,55,JAR7,26212,8629.666492,181.434794,185.797864,-4.07246,-8.61
10,Jaraguá cave,55,JAR7,26213,8636.096413,180.0238053,183.6277258,-3.0536,-8.73
10,Jaraguá cave,55,JAR7,26214,8641.499671,179.2086418,181.0125192,-2.97713,-8.91
10,Jaraguá cave,55,JAR7,26215,8647.587994,177.2312826,177.8782179,-2.90118,-8.95
10,Jaraguá cave,55,JAR7,26216,8653.869423,174.9316766,176.2351791,-3.70726,-8.54
10,Jaraguá cave,55,JAR7,26217,8659.793439,173.6652937,174.3904822,-4.20043,-9.25
10,Jaraguá cave,55,JAR7,26218,8666.741657,171.0124711,173.0626049,-4.22766,-8.74
10,Jaraguá cave,55,JAR7,26219,8672.950115,168.6485426,170.7895215,-4.14412,-9.2
10,Jaraguá cave,55,JAR7,26220,8680.135963,165.7814208,169.3880892,-3.92212,-9.71
10,Jaraguá cave,55,JAR7,26221,8687.092932,163.4952343,168.4806873,-4.03881,-9.25
10,Jaraguá cave,55,JAR7,26222,8693.905393,159.9199588,167.5333647,-4.67558,-8.61
10,Jaraguá cave,55,JAR7,26223,8700.294325,157.0834897,165.6770385,-4.10831,-9.51
10,Jaraguá cave,55,JAR7,26224,8707.154082,153.8428434,162.5012613,-3.73552,-9.65
10,Jaraguá cave,55,JAR7,26225,8713.824586,151.1646557,160.6682738,-3.45915,-8.42
10,Jaraguá cave,55,JAR7,26226,8720.890213,149.1390062,159.3837435,-4.53197,-8.24
10,Jaraguá cave,55,JAR7,26227,8727.176382,148.1673297,157.9052937,-4.83015,-8.71
10,Jaraguá cave,55,JAR7,26228,8733.867886,145.9495044,157.970896,-4.46841,-9.19
10,Jaraguá cave,55,JAR7,26229,8740.340361,143.7090589,156.89953,-4.54833,-8.58
10,Jaraguá cave,55,JAR7,26230,8746.726772,143.1643862,154.7740302,-3.58208,-8.35
10,Jaraguá cave,55,JAR7,26231,8753.461527,141.0428969,154.1526588,-3.16578,-6.03
10,Jaraguá cave,55,JAR7,26232,8760.744013,138.5137967,155.2892763,-3.64073,-5.3
10,Jaraguá cave,55,JAR7,26233,8766.923518,138.2704725,153.9888334,-3.9083,-7.54
10,Jaraguá cave,55,JAR7,26234,8773.842597,136.5339406,153.0025112,-4.94336,-7.76
10,Jaraguá cave,55,JAR7,26235,8781.26376,134.183288,153.4505857,-4.47977,-9
10,Jaraguá cave,55,JAR7,26236,8788.228527,133.6637554,152.1826892,-4.71067,-8.68
10,Jaraguá cave,55,JAR7,26237,8795.32125,131.8525574,151.8611096,-4.09592,-9.1
10,Jaraguá cave,55,JAR7,26238,8801.305214,131.8656348,150.8930138,-4.21292,-8.71
10,Jaraguá cave,55,JAR7,26239,8807.681252,130.9178183,150.6801929,-3.95426,-9.12
10,Jaraguá cave,55,JAR7,26240,8815.011269,129.1439995,150.1164558,-4.31436,-8.7
10,Jaraguá cave,55,JAR7,26241,8821.324738,128.1901639,149.8972113,-4.11547,-9.33
10,Jaraguá cave,55,JAR7,26242,8828.145204,127.6557322,150.6675048,-3.83399,-8.79
10,Jaraguá cave,55,JAR7,26243,8834.487564,126.3654996,150.8800319,-4.14843,-8.49
10,Jaraguá cave,55,JAR7,26244,8841.755092,123.9551924,150.7659439,-4.14475,-8.37
10,Jaraguá cave,55,JAR7,26245,8848.054138,123.8919058,152.2818103,-3.37153,-8.74
10,Jaraguá cave,55,JAR7,26246,8854.536029,123.2111705,152.8331411,-3.40889,-7.93
10,Jaraguá cave,55,JAR7,26247,8861.19614,122.4778441,152.7553405,-3.69293,-8.84
10,Jaraguá cave,55,JAR7,26248,8868.559836,119.6528148,154.6077692,-4.99843,-9.16
10,Jaraguá cave,55,JAR7,26249,8875.040355,119.2510356,156.3233199,-5.60357,-9.6
10,Jaraguá cave,55,JAR7,26250,8881.504237,117.8302328,156.8481221,-4.91807,-9.19
10,Jaraguá cave,55,JAR7,26251,8888.596279,116.7110587,159.2013268,-5.11727,-8.8
10,Jaraguá cave,55,JAR7,26252,8895.701507,115.5186106,160.7242875,-5.2619,-9.17
10,Jaraguá cave,55,JAR7,26253,8902.368548,114.7375751,162.1221998,-4.47455,-9.74
10,Jaraguá cave,55,JAR7,26254,8909.464196,113.6444423,163.4590612,-4.74908,-9.02
10,Jaraguá cave,55,JAR7,26255,8916.082407,112.769939,164.6310174,-4.48141,-9.16
10,Jaraguá cave,55,JAR7,26256,8923.00353,112.503992,164.3610248,-5.48464,-8.64
10,Jaraguá cave,55,JAR7,26257,8929.756151,111.7190607,165.2480471,-5.1959,-9.44
10,Jaraguá cave,55,JAR7,26258,8936.020036,111.6219892,165.7226473,-5.25334,-9.05
10,Jaraguá cave,55,JAR7,26259,8942.759623,112.1155628,167.2233222,-4.43178,-9.31
10,Jaraguá cave,55,JAR7,26260,8949.630045,112.0632149,167.2598235,-4.26381,-8.74
10,Jaraguá cave,55,JAR7,26261,8956.512732,112.2642711,169.8078876,-4.617,-8.69
10,Jaraguá cave,55,JAR7,26262,8963.197102,111.8443455,171.464917,-3.82111,-9.68
10,Jaraguá cave,55,JAR7,26263,8969.81693,111.8154771,172.2141615,-3.95203,-8.46
10,Jaraguá cave,55,JAR7,26264,8977.294309,111.4115548,174.7110998,-4.3586,-7.96
10,Jaraguá cave,55,JAR7,26265,8984.13094,111.1070774,177.2814672,-4.70489,-8.49
10,Jaraguá cave,55,JAR7,26266,8990.90116,111.5895093,178.6881908,-5.50758,-8.69
10,Jaraguá cave,55,JAR7,26267,8997.32129,112.8514264,180.369332,-4.98957,-9.18
10,Jaraguá cave,55,JAR7,26268,9004.169819,112.0769998,182.1829918,-4.33222,-9.52
10,Jaraguá cave,55,JAR7,26269,9011.222801,112.0879119,184.5553147,-3.13047,-8.95
10,Jaraguá cave,55,JAR7,26270,9017.436659,112.7383133,185.8364669,-3.79685,-7.93
10,Jaraguá cave,55,JAR7,26271,9024.070455,113.0791432,188.0588529,-3.81482,-8.73
10,Jaraguá cave,55,JAR7,26272,9030.311149,114.0685134,190.2063453,-3.46295,-8.73
10,Jaraguá cave,55,JAR7,26273,9037.080222,115.8346502,192.1030825,-3.47959,-8.09
10,Jaraguá cave,55,JAR7,26274,9043.627155,115.2232758,194.0974983,-4.26442,-8
10,Jaraguá cave,55,JAR7,26275,9050.593105,115.8700021,195.9737449,-5.33809,-9.13
10,Jaraguá cave,55,JAR7,26276,9057.308036,116.4505026,199.2765712,-5.07147,-9.16
10,Jaraguá cave,55,JAR7,26277,9063.620518,117.4954623,200.7620816,-4.99302,-8.77
10,Jaraguá cave,55,JAR7,26278,9070.734216,118.4529464,204.0390059,-4.96207,-8.58
10,Jaraguá cave,55,JAR7,26279,9077.036761,119.0655444,207.7940072,-5.07868,-8.88
10,Jaraguá cave,55,JAR7,26280,9083.547997,120.6231995,209.564641,-4.61852,-9.1
10,Jaraguá cave,55,JAR7,26281,9090.402415,121.6775969,212.6190605,-4.70722,-9.33
10,Jaraguá cave,55,JAR7,26282,9093.625463,119.6018199,208.1418099,-3.46031,-9.18
10,Jaraguá cave,55,JAR7,26283,9096.659542,116.8941104,202.9384769,-3.7251,-8.21
10,Jaraguá cave,55,JAR7,26284,9099.730427,114.1183593,197.9439714,-4.46628,-8.53
10,Jaraguá cave,55,JAR7,26285,9102.58198,111.5691555,192.7499557,-3.98228,-8.26
10,Jaraguá cave,55,JAR7,26286,9105.649666,108.8468399,187.7015181,-3.5886,-8.3
10,Jaraguá cave,55,JAR7,26287,9108.939302,106.3315218,182.8712197,-3.25662,-8.27
10,Jaraguá cave,55,JAR7,26288,9111.990575,103.6594243,177.858277,-4.0386,-8.12
10,Jaraguá cave,55,JAR7,26289,9114.871974,101.4531308,172.7582189,-4.30035,-9.1
10,Jaraguá cave,55,JAR7,26290,9117.965683,99.2368148,167.8468718,-3.96766,-8.41
10,Jaraguá cave,55,JAR7,26291,9121.059573,96.32654337,162.9390829,-3.84851,-7.91
10,Jaraguá cave,55,JAR7,26292,9123.721421,93.83714453,157.6499801,-4.12812,-8.18
10,Jaraguá cave,55,JAR7,26293,9126.64485,91.07541697,152.7040371,-3.58322,-7.72
10,Jaraguá cave,55,JAR7,26294,9129.833383,88.40495578,148.335337,-4.10102,-7.76
10,Jaraguá cave,55,JAR7,26295,9132.72884,86.14404014,143.6295689,-5.39776,-7.92
10,Jaraguá cave,55,JAR7,26296,9135.997052,83.41425229,139.2749448,-3.99791,-8.97
10,Jaraguá cave,55,JAR7,26297,9139.150915,80.91758863,134.7434865,-5.95484,-7.43
10,Jaraguá cave,55,JAR7,26298,9142.24762,78.42729635,130.2551066,-4.53834,-8.82
10,Jaraguá cave,55,JAR7,26299,9145.400551,75.96239157,125.8547566,-5.1549,-9.03
10,Jaraguá cave,55,JAR7,26300,9148.427006,73.1308591,121.0823691,-5.23375,-8.64
10,Jaraguá cave,55,JAR7,26301,9151.730625,70.39695499,116.3689926,-3.45493,-8.49
10,Jaraguá cave,55,JAR7,26302,9155.061027,67.57829121,111.7950209,-5.12029,-7.89
10,Jaraguá cave,55,JAR7,26303,9157.927111,65.24464215,106.749826,-4.89001,-9.4
10,Jaraguá cave,55,JAR7,26304,9161.184501,62.58236898,102.1637996,-5.26177,-8.43
10,Jaraguá cave,55,JAR7,26305,9164.262558,60.01819233,97.53422377,-4.45177,-8.59
10,Jaraguá cave,55,JAR7,26306,9167.310246,57.53095419,92.8149227,-3.47919,-9.68
10,Jaraguá cave,55,JAR7,26307,9170.388115,55.16002025,88.48569279,-4.34726,-8.73
10,Jaraguá cave,55,JAR7,26308,9173.662646,52.85098107,84.4468371,-4.75959,-8.82
10,Jaraguá cave,55,JAR7,26309,9176.936182,50.12608908,79.53223059,-5.12313,-8.75
10,Jaraguá cave,55,JAR7,26310,9179.975033,47.64866828,74.86112252,-3.97192,-9.45
10,Jaraguá cave,55,JAR7,26311,9183.048697,45.4543538,70.20191934,-3.63853,-8.88
10,Jaraguá cave,55,JAR7,26312,9186.079814,42.90224529,66.17233892,-4.24219,-8.92
10,Jaraguá cave,55,JAR7,26313,9188.848414,41.21994032,60.55344125,-4.98135,-7.97
10,Jaraguá cave,55,JAR7,26314,9191.693918,38.96079074,55.35235875,-4.38032,-8.3
10,Jaraguá cave,55,JAR7,26315,9194.702054,36.76180715,50.97174434,-5.94114,-7.48
10,Jaraguá cave,55,JAR7,26316,9197.714236,34.22745459,45.99540293,-5.3157,-9.05
10,Jaraguá cave,55,JAR7,26317,9200.813019,31.89172247,41.73105837,-5.57811,-8.78
10,Jaraguá cave,55,JAR7,26318,9203.833979,29.79648742,37.48909658,-5.25563,-9.34
10,Jaraguá cave,55,JAR7,26319,9206.89076,28.00273682,33.5165658,-4.2764,-8.65
10,Jaraguá cave,55,JAR7,26320,9210.107634,26.41260947,30.28406594,-4.01856,-8.58
10,Jaraguá cave,55,JAR7,26321,9213.085555,24.66769801,26.63515021,-3.95193,-8.16
10,Jaraguá cave,55,JAR7,26322,9216.231554,23.58851783,23.9187228,-4.94087,-7.62
10,Jaraguá cave,55,JAR7,26323,9219.595853,22.18658942,22.12328502,-4.92107,-8.67
10,Jaraguá cave,55,JAR7,26324,9223.34696,20.99847856,21.24946613,-5.07665,-8.5
10,Jaraguá cave,55,JAR7,26325,9226.68593,20.83547603,20.61262437,-4.27132,-8.73
10,Jaraguá cave,55,JAR7,26326,9232.141901,20.47537796,20.32954922,-4.72881,-7.5
10,Jaraguá cave,55,JAR7,26327,9237.977889,20.21417946,20.05279496,-4.14198,-8.99
10,Jaraguá cave,55,JAR7,26328,9243.832792,19.85526307,19.82474635,-4.5662,-8.43
10,Jaraguá cave,55,JAR7,26329,9249.751452,19.52992271,19.7052474,-5.74787,-8.78
10,Jaraguá cave,55,JAR7,26330,9255.653919,19.2381594,19.44950652,-5.21429,-8.81
10,Jaraguá cave,55,JAR7,26331,9261.476738,18.93911907,19.29741754,-3.50185,-9.07
10,Jaraguá cave,55,JAR7,26332,9267.350024,18.50118022,19.02348825,-4.5257,-8.34
10,Jaraguá cave,55,JAR7,26333,9273.297119,18.21706404,18.91690395,-4.9858,-8.66
10,Jaraguá cave,55,JAR7,26334,9279.257483,17.84436303,18.72094796,-5.01766,-9.13
10,Jaraguá cave,55,JAR7,26335,9285.084951,17.57779438,18.50424982,-4.71946,-8.65
10,Jaraguá cave,55,JAR7,26336,9290.961009,17.3429046,18.27946779,-3.56419,-8.96
10,Jaraguá cave,55,JAR7,26337,9296.751948,17.17128137,17.99057294,-3.75977,-8.47
10,Jaraguá cave,55,JAR7,26338,9302.622139,17.07518533,17.54870114,-4.62911,-8.29
10,Jaraguá cave,55,JAR7,26339,9308.555703,16.7082339,17.38134396,-6.19042,-8.77
10,Jaraguá cave,55,JAR7,26340,9314.478616,16.51259925,17.27291561,-5.02951,-9.19
10,Jaraguá cave,55,JAR7,26341,9320.435789,16.2785958,17.01248343,-4.18316,-9.15
10,Jaraguá cave,55,JAR7,26342,9326.329585,16.17603833,16.83893217,-3.72761,-8.1
10,Jaraguá cave,55,JAR7,26343,9332.20031,15.84153602,16.62178532,-4.99444,-8.09
10,Jaraguá cave,55,JAR7,26344,9337.966931,15.89716255,16.32851694,-5.66911,-9.29
10,Jaraguá cave,55,JAR7,26345,9343.813807,15.8710163,16.20342207,-5.27022,-9.06
10,Jaraguá cave,55,JAR7,26346,9349.706034,15.80255469,16.2657039,-4.54268,-9.75
10,Jaraguá cave,55,JAR7,26347,9355.552595,15.66695986,16.12486219,-4.66178,-8.94
10,Jaraguá cave,55,JAR7,26348,9361.438765,15.62945887,15.91836709,-4.35936,-8.21
10,Jaraguá cave,55,JAR7,26349,9367.315959,15.56111211,15.73715636,-4.92198,-8.81
10,Jaraguá cave,55,JAR7,26350,9373.157054,15.44715196,15.51655583,-4.33032,-9.52
10,Jaraguá cave,55,JAR7,26351,9378.979894,15.44765322,15.55037647,-4.84208,-8.19
10,Jaraguá cave,55,JAR7,26352,9384.867169,15.48033449,15.33849643,-4.2861,-7.92
10,Jaraguá cave,55,JAR7,26353,9390.760169,15.46634175,15.35625379,-3.88861,-8.33
10,Jaraguá cave,55,JAR7,26354,9396.691481,15.39389435,15.31569303,-7.08801,-8.24
10,Jaraguá cave,55,JAR7,26355,9402.537556,15.30082032,15.13818914,-8.00228,-8.66
10,Jaraguá cave,55,JAR7,26356,9408.463475,15.29371884,15.1340949,-4.61524,-9.51
10,Jaraguá cave,55,JAR7,26357,9414.321103,15.50348186,15.0973316,-4.62037,-7.72
10,Jaraguá cave,55,JAR7,26358,9420.206273,15.63603594,15.12437338,-6.17765,-7.81
10,Jaraguá cave,55,JAR7,26359,9426.068336,15.72262261,15.36820574,-7.50231,-8.31
10,Jaraguá cave,55,JAR7,26360,9431.921851,15.8195161,15.44758089,-7.37574,-7.76
10,Jaraguá cave,55,JAR7,26361,9437.81545,15.97875665,15.62375344,-8.63087,-8.41
10,Jaraguá cave,55,JAR7,26362,9443.690811,16.17625789,15.75204616,-5.27163,-9.18
10,Jaraguá cave,55,JAR7,26363,9449.562952,16.15588813,15.8094695,-5.3674,-7.84
10,Jaraguá cave,55,JAR7,26364,9455.429257,16.17978761,15.88481242,-8.51619,-7.78
10,Jaraguá cave,55,JAR7,26365,9461.336846,16.22577316,16.0365255,-7.53543,-9.47
10,Jaraguá cave,55,JAR7,26366,9467.334854,16.25255898,16.40767564,-4.75534,-8.99
10,Jaraguá cave,55,JAR7,26367,9473.276424,16.29475247,16.63500045,-4.49036,-8.72
10,Jaraguá cave,55,JAR7,26368,9479.186972,16.39758012,16.74186299,-4.13404,-8.01
10,Jaraguá cave,55,JAR7,26369,9485.110798,16.51355474,16.68706826,-4.24127,-7.36
10,Jaraguá cave,55,JAR7,26370,9490.968856,16.72271356,16.81460174,-4.61846,-8.59
10,Jaraguá cave,55,JAR7,26371,9496.873199,16.82546637,17.22648496,-6.08167,-7.56
10,Jaraguá cave,55,JAR7,26372,9502.765008,16.96784418,17.13508951,-4.08811,-8.45
10,Jaraguá cave,55,JAR7,26373,9508.660091,17.02661391,17.47271556,-4.531,-7.27
10,Jaraguá cave,55,JAR7,26374,9514.487643,17.40751394,17.76428994,-5.04218,-9.34
10,Jaraguá cave,55,JAR7,26375,9520.489646,17.4516464,17.95394179,-5.99243,-8.81
10,Jaraguá cave,55,JAR7,26376,9526.440218,17.61644584,18.32183946,-3.96871,-8.34
10,Jaraguá cave,55,JAR7,26377,9532.312654,17.87192317,18.79097502,-3.44087,-8.1
10,Jaraguá cave,55,JAR7,26378,9538.285875,18.26164175,19.1943626,-4.32296,-7.34
10,Jaraguá cave,55,JAR7,26379,9544.131756,18.58600729,19.31298457,-4.81504,-8.18
10,Jaraguá cave,55,JAR7,26380,9550.030641,18.92574422,19.70820697,-4.42911,-8.72
10,Jaraguá cave,55,JAR7,26381,9555.919065,19.23452135,20.0202662,-4.96489,-7.66
10,Jaraguá cave,55,JAR7,26382,9561.749998,19.7274658,20.27881936,-6.31906,-8.12
10,Jaraguá cave,55,JAR7,26383,9567.699283,19.82925556,20.51711524,-5.07798,-8.96
10,Jaraguá cave,55,JAR7,26384,9573.643363,20.1079075,20.8492413,-3.34352,-8.89
10,Jaraguá cave,55,JAR7,26385,9579.659671,20.27364239,21.48005318,-3.92667,-8.03
10,Jaraguá cave,55,JAR7,26386,9585.535971,20.66450006,21.88096083,-5.46256,-8.06
10,Jaraguá cave,55,JAR7,26387,9591.43602,20.91768936,22.03397844,-4.31319,-8.19
10,Jaraguá cave,55,JAR7,26388,9597.317882,21.40182134,22.38646529,-3.89662,-7.94
10,Jaraguá cave,55,JAR7,26389,9603.22312,21.72256169,22.76808454,-3.93847,-6.63
10,Jaraguá cave,55,JAR7,26390,9608.762774,21.65634626,22.58472619,-5.55085,-6.89
10,Jaraguá cave,55,JAR7,26391,9613.994581,21.18954019,22.17477646,-4.9431,-9.2
10,Jaraguá cave,55,JAR7,26392,9619.185005,20.82399183,21.73436197,-3.70898,-8.39
10,Jaraguá cave,55,JAR7,26393,9624.416779,20.40946504,21.33492499,-3.74454,-7.44
10,Jaraguá cave,55,JAR7,26394,9629.650718,20.22335212,20.95145289,-3.73589,-7.1
10,Jaraguá cave,55,JAR7,26395,9634.914545,19.72502646,20.70127264,-3.95177,-8.41
10,Jaraguá cave,55,JAR7,26396,9640.158402,19.35332431,20.32668163,-3.68368,-7.9
10,Jaraguá cave,55,JAR7,26397,9645.403681,19.01524253,19.92635003,-3.73992,-7.46
10,Jaraguá cave,55,JAR7,26398,9650.626444,18.63971448,19.43883006,-4.19456,-8.72
10,Jaraguá cave,55,JAR7,26399,9655.849601,18.4109297,19.00561892,-3.89352,-8.37
10,Jaraguá cave,55,JAR7,26400,9661.136389,18.09473303,18.67563504,-4.61222,-8.69
10,Jaraguá cave,55,JAR7,26401,9666.447782,17.75665926,18.45287469,-3.53865,-9.12
10,Jaraguá cave,55,JAR7,26402,9671.76446,17.62000774,18.29137006,-3.04197,-7.87
10,Jaraguá cave,55,JAR7,26403,9677.018764,17.27846303,17.83411854,-4.00972,-7.37
10,Jaraguá cave,55,JAR7,26404,9682.302057,16.96436713,17.54133747,-5.62996,-8.12
10,Jaraguá cave,55,JAR7,26405,9687.595507,16.71017021,17.2648421,-7.07705,-7.89
10,Jaraguá cave,55,JAR7,26406,9692.848152,16.6062397,17.00319367,-5.57624,-8.85
10,Jaraguá cave,55,JAR7,26407,9698.074179,16.44445934,16.57784149,-5.01315,-8.51
10,Jaraguá cave,55,JAR7,26408,9703.280864,16.36195504,16.1162979,-5.43262,-8.15
10,Jaraguá cave,55,JAR7,26409,9708.52785,16.25246704,15.91225887,-4.72273,-8.39
10,Jaraguá cave,55,JAR7,26410,9713.827934,16.20624252,15.79798004,-4.64804,-8.39
10,Jaraguá cave,55,JAR7,26411,9719.12964,15.96600038,15.69634055,-2.97434,-9.56
10,Jaraguá cave,55,JAR7,26412,9724.456965,15.84698977,15.46462541,-3.55686,-8.28
10,Jaraguá cave,55,JAR7,26413,9729.694862,15.72729374,15.18830352,-4.11252,-8.66
10,Jaraguá cave,55,JAR7,26414,9734.975145,15.59738686,15.104742,-4.2116,-8.46
10,Jaraguá cave,55,JAR7,26415,9740.232471,15.56670294,14.78653832,-5.14435,-8.14
10,Jaraguá cave,55,JAR7,26416,9745.56385,15.17030831,14.76982999,-3.63399,-9.12
10,Jaraguá cave,55,JAR7,26417,9750.864321,15.03421708,14.71075768,-4.06247,-7.46
10,Jaraguá cave,55,JAR7,26418,9756.109363,14.90532572,14.65787739,-4.07554,-8.73
10,Jaraguá cave,55,JAR7,26419,9761.351679,15.04623411,14.45366643,-3.12028,-8.6
10,Jaraguá cave,55,JAR7,26420,9766.59029,15.09279163,14.49523511,-4.28134,-7.06
10,Jaraguá cave,55,JAR7,26421,9771.840263,15.11379734,14.59277135,-4.08047,-8.56
10,Jaraguá cave,55,JAR7,26422,9777.14478,15.21298059,14.60883622,-5.6185,-7.31
10,Jaraguá cave,55,JAR7,26423,9782.432018,15.21008269,14.65371061,-6.02555,-8.25
10,Jaraguá cave,55,JAR7,26424,9787.719803,15.12723529,14.72028356,-3.92022,-8.76
10,Jaraguá cave,55,JAR7,26425,9792.984989,15.27426983,14.88907564,-3.19839,-7.97
10,Jaraguá cave,55,JAR7,26426,9798.355248,15.08873639,15.10722773,-3.67068,-7.55
10,Jaraguá cave,55,JAR7,26427,9803.654898,15.19076918,15.20743847,-4.14301,-8.03
10,Jaraguá cave,55,JAR7,26428,9808.900709,15.30651909,15.25828278,-3.7379,-8.42
10,Jaraguá cave,55,JAR7,26429,9814.243301,15.47371542,15.57517009,-3.78003,-8.4
10,Jaraguá cave,55,JAR7,26430,9819.540639,15.60593419,15.69288953,-4.76092,-7.86
10,Jaraguá cave,55,JAR7,26431,9824.768474,15.75628526,15.79616578,-5.03371,-8.43
10,Jaraguá cave,55,JAR7,26432,9829.949211,15.89744264,15.982788,-3.52051,-8.5
10,Jaraguá cave,55,JAR7,26433,9835.243869,16.18905751,15.98384369,-3.47488,-8.01
10,Jaraguá cave,55,JAR7,26434,9840.621446,16.36501141,16.27125173,-4.56193,-7.48
10,Jaraguá cave,55,JAR7,26435,9846.021646,16.55093896,16.49039103,-4.56052,-8.66
10,Jaraguá cave,55,JAR7,26436,9851.38454,16.55273795,16.83983986,-3.24657,-8.32
10,Jaraguá cave,55,JAR7,26437,9856.616675,16.91096616,16.93169422,-3.64457,-7.98
10,Jaraguá cave,55,JAR7,26438,9861.914479,17.12900181,17.1285909,-3.59781,-7.99
10,Jaraguá cave,55,JAR7,26439,9867.233406,17.30597443,17.41239342,-4.16393,-7.63
10,Jaraguá cave,55,JAR7,26440,9872.447614,17.71413429,17.63503133,-4.42261,-8.13
10,Jaraguá cave,55,JAR7,26441,9877.668133,17.95322585,17.92198164,-3.96638,-9
10,Jaraguá cave,55,JAR7,26442,9882.945788,18.21211432,18.23783134,-4.02897,-8.25
10,Jaraguá cave,55,JAR7,26443,9888.235906,18.48580601,18.59544687,-5.50214,-7.37
10,Jaraguá cave,55,JAR7,26444,9893.550215,18.83559605,19.0271299,-4.43672,-8.94
10,Jaraguá cave,55,JAR7,26445,9898.892343,19.07450523,19.40498163,-5.48906,-8.72
10,Jaraguá cave,55,JAR7,26446,9902.57665,18.94933194,19.21749509,-5.40299,-8.92
10,Jaraguá cave,55,JAR7,26447,9905.859274,18.88885907,19.05153885,-3.6861,-8.16
10,Jaraguá cave,55,JAR7,26448,9909.046319,18.79136314,18.65873682,-5.81707,-6.9
10,Jaraguá cave,55,JAR7,26449,9912.530216,18.44565243,18.71398498,-5.96508,-8.29
10,Jaraguá cave,55,JAR7,26450,9915.845212,18.22415278,18.55785783,-5.2083,-8.62
10,Jaraguá cave,55,JAR7,26451,9919.178295,17.98249986,18.40384876,-4.67339,-7.74
10,Jaraguá cave,55,JAR7,26452,9922.496149,17.85782389,18.1889308,-4.38963,-8.54
10,Jaraguá cave,55,JAR7,26453,9925.801457,17.62647158,17.98371429,-4.21305,-7.98
10,Jaraguá cave,55,JAR7,26454,9929.170596,17.72876064,17.82688559,-4.52486,-7.59
10,Jaraguá cave,55,JAR7,26455,9932.401444,17.95270425,17.59549765,-4.24889,-7.92
10,Jaraguá cave,55,JAR7,26456,9935.710447,17.99407617,17.41315354,-3.91599,-8.38
10,Jaraguá cave,55,JAR7,26457,9938.958183,17.96688374,17.45980723,-5.06642,-7.82
10,Jaraguá cave,55,JAR7,26458,9942.283147,17.87711603,17.41208264,-3.50832,-9.01
10,Jaraguá cave,55,JAR7,26459,9945.59053,17.88957227,17.34811217,-4.11583,-7.31
10,Jaraguá cave,55,JAR7,26460,9948.855712,17.92778491,17.45231592,-2.94868,-8.49
10,Jaraguá cave,55,JAR7,26461,9952.122397,18.09067957,17.5778579,-3.23286,-7.45
10,Jaraguá cave,55,JAR7,26462,9955.410226,18.22995259,17.64028849,-3.45991,-7.87
10,Jaraguá cave,55,JAR7,26463,9958.705218,18.27626532,17.85996135,-3.42065,-8.51
10,Jaraguá cave,55,JAR7,26464,9962.100333,18.43180429,18.12353656,-3.76726,-8.17
10,Jaraguá cave,55,JAR7,26465,9965.50881,18.63785763,18.33302648,-4.47957,-7.95
10,Jaraguá cave,55,JAR7,26466,9968.879371,18.55363214,18.47989639,-4.08883,-8.21
10,Jaraguá cave,55,JAR7,26467,9972.148752,18.93981252,18.55725286,-3.4031,-7.95
10,Jaraguá cave,55,JAR7,26468,9975.393426,19.24663526,18.67550984,-4.42993,-8.42
10,Jaraguá cave,55,JAR7,26469,9978.792433,19.53728447,19.01255812,-4.60359,-8.57
10,Jaraguá cave,55,JAR7,26470,9982.136954,19.68359863,19.54407743,-4.44821,-8.83
10,Jaraguá cave,55,JAR7,26471,9985.447149,20.07849112,20.01221952,-5.20924,-7.69
10,Jaraguá cave,55,JAR7,26472,9988.747959,20.29163199,20.2527572,-3.75645,-8.34
10,Jaraguá cave,55,JAR7,26473,9992.084768,20.55836334,20.72988121,-3.83332,-8.04
10,Jaraguá cave,55,JAR7,26474,9995.371639,20.91844355,21.05282498,-4.31723,-8.04
10,Jaraguá cave,55,JAR7,26475,9998.74662,21.1823545,21.34638531,-3.79135,-8.44
10,Jaraguá cave,55,JAR7,26476,10002.09988,21.63168354,21.51912471,-3.96699,-7.73
10,Jaraguá cave,55,JAR7,26477,10005.43033,21.98457268,22.05579367,-4.71566,-7.56
10,Jaraguá cave,55,JAR7,26478,10008.7504,22.43557252,22.26129706,-5.72099,-7.81
10,Jaraguá cave,55,JAR7,26479,10011.98706,23.03540388,22.7006384,-5.18171,-8.54
10,Jaraguá cave,55,JAR7,26480,10015.32329,23.53016098,23.39126224,-4.98727,-8.3
10,Jaraguá cave,55,JAR7,26481,10018.71639,23.78316616,23.77544997,-5.42341,-8.25
10,Jaraguá cave,55,JAR7,26482,10028.86956,24.99344871,25.30151982,-5.05302,-8.49
10,Jaraguá cave,55,JAR7,26483,10032.19344,25.2901264,25.86222108,-3.77016,-8.02
10,Jaraguá cave,55,JAR7,26484,10035.53963,25.85480109,26.3015362,-4.22874,-7.16
10,Jaraguá cave,55,JAR7,26485,10038.84186,26.58016583,26.86874362,-5.13726,-7.72
10,Jaraguá cave,55,JAR7,26486,10042.18368,26.94813768,27.36132344,-5.62637,-8.05
10,Jaraguá cave,55,JAR7,26487,10045.57546,27.26306937,27.85665237,-5.43536,-8.36
10,Jaraguá cave,55,JAR7,26488,10048.96797,27.44981169,28.41759091,-4.45361,-8.22
10,Jaraguá cave,55,JAR7,26489,10052.22225,28.06499273,29.1719666,-3.78917,-7.36
10,Jaraguá cave,55,JAR7,26490,10055.37292,28.92578218,29.35554714,-4.50336,-7.12
10,Jaraguá cave,55,JAR7,26491,10058.73761,29.2382869,29.90110426,-3.96201,-7.97
10,Jaraguá cave,55,JAR7,26492,10062.16292,29.71555277,30.70902569,-3.67461,-7.4
10,Jaraguá cave,55,JAR7,26493,10065.68005,29.98904705,31.60877143,-4.49547,-7.07
10,Jaraguá cave,55,JAR7,26494,10069.07883,30.39717398,32.27853861,-5.06569,-8.01
10,Jaraguá cave,55,JAR7,26495,10072.46658,30.99604804,32.65016924,-3.78637,-8.36
10,Jaraguá cave,55,JAR7,26496,10075.70176,31.60719067,33.1959854,-2.70782,-8.36
10,Jaraguá cave,55,JAR7,26497,10079.14961,32.13676233,33.82259412,-3.49419,-7.37
10,Jaraguá cave,55,JAR7,26498,10082.50685,32.83097335,34.31602118,-3.74586,-8.1
10,Jaraguá cave,55,JAR7,26499,10085.7886,33.46517713,34.73384684,-3.64272,-8.31
10,Jaraguá cave,55,JAR7,26500,10089.09087,34.00132996,35.38394507,-4.43221,-7.78
10,Jaraguá cave,55,JAR7,26501,10092.38764,34.65081391,35.88656234,-3.90249,-8.58
10,Jaraguá cave,55,JAR7,26502,10095.72443,35.28995584,36.24883738,-3.45233,-7.86
10,Jaraguá cave,55,JAR7,26503,10099.09434,35.96219014,36.73895431,-2.72599,-7.82
10,Jaraguá cave,55,JAR7,26504,10102.38677,36.60614743,37.30935949,-2.76172,-7.6
10,Jaraguá cave,55,JAR7,26505,10105.78379,37.11175757,38.04182331,-3.71844,-8.33
10,Jaraguá cave,55,JAR7,26506,10109.09308,37.46493589,38.66293911,-3.43976,-8.18
10,Jaraguá cave,55,JAR7,26507,10113.14434,37.413233,38.43383268,-3.20347,-7.64
10,Jaraguá cave,55,JAR7,26508,10117.35863,36.95342154,38.36959867,-2.82581,-7.6
10,Jaraguá cave,55,JAR7,26509,10121.44986,36.54899943,38.06269732,-3.17231,-7.52
10,Jaraguá cave,55,JAR7,26510,10125.57533,36.480596,37.20601753,-3.17387,-8.02
10,Jaraguá cave,55,JAR7,26511,10129.86862,35.48441626,36.80188732,-2.19191,-7.86
10,Jaraguá cave,55,JAR7,26512,10134.01898,34.86476826,36.41779638,-2.92099,-6.95
10,Jaraguá cave,55,JAR7,26513,10138.12446,34.46071604,35.87904789,-2.92584,-7.89
10,Jaraguá cave,55,JAR7,26514,10142.37183,33.6978549,35.39502546,-2.69225,-8.14
10,Jaraguá cave,55,JAR7,26515,10146.60086,33.23515648,34.98326793,-2.08098,-7.7
10,Jaraguá cave,55,JAR7,26516,10150.71385,32.9597177,34.64568484,-2.75121,-6.83
10,Jaraguá cave,55,JAR7,26517,10154.95199,32.56987192,34.30655617,-2.99565,-8.13
10,Jaraguá cave,55,JAR7,26518,10159.09745,32.51179333,33.8582858,-2.89459,-8.19
10,Jaraguá cave,55,JAR7,26519,10163.2721,32.23091366,33.58680964,-2.59295,-8.13
10,Jaraguá cave,55,JAR7,26520,10167.45504,31.78596489,33.15379185,-3.29649,-7.8
10,Jaraguá cave,55,JAR7,26521,10171.65473,31.44972656,33.00093282,-3.67528,-8.29
10,Jaraguá cave,55,JAR7,26522,10175.74517,31.12103705,32.40500688,-3.19261,-7.61
10,Jaraguá cave,55,JAR7,26523,10180.0045,30.66207109,32.04553649,-2.86097,-6.93
10,Jaraguá cave,55,JAR7,26524,10184.16108,30.49546122,31.62557758,-2.43702,-5.94
10,Jaraguá cave,55,JAR7,26525,10188.36044,30.10714179,31.59062562,-2.61049,-5.75
10,Jaraguá cave,55,JAR7,26526,10192.51866,29.90340115,31.09459657,-2.93788,-5.92
10,Jaraguá cave,55,JAR7,26527,10196.6588,29.54579713,30.49187297,-3.62193,-6.64
10,Jaraguá cave,55,JAR7,26528,10200.83927,29.10016388,29.9718966,-4.87312,-7.67
10,Jaraguá cave,55,JAR7,26529,10205.03007,28.78730621,29.65718438,-4.2606,-6.9
10,Jaraguá cave,55,JAR7,26530,10209.20793,28.52091948,29.56164027,-5.06472,-6.76
10,Jaraguá cave,55,JAR7,26531,10213.37154,28.26966,28.8197804,-4.93474,-7.68
10,Jaraguá cave,55,JAR7,26532,10217.54655,28.25937421,28.65931937,-4.99232,-7.59
10,Jaraguá cave,55,JAR7,26533,10221.82078,28.03200689,28.66927916,-3.35635,-7.26
10,Jaraguá cave,55,JAR7,26534,10225.93124,27.75954449,28.3944669,-3.98331,-6.84
10,Jaraguá cave,55,JAR7,26535,10230.11277,27.31086099,28.50405668,-3.80072,-6.86
10,Jaraguá cave,55,JAR7,26536,10234.27322,27.07080753,27.92004635,-3.67023,-5.47
10,Jaraguá cave,55,JAR7,26537,10238.4647,26.8161885,27.47503402,-4.18519,-8.4
10,Jaraguá cave,55,JAR7,26538,10242.51304,26.70038075,27.11272912,-4.10741,-9.11
10,Jaraguá cave,55,JAR7,26539,10246.71877,26.48849565,27.03288737,-3.36695,-7.24
10,Jaraguá cave,55,JAR7,26540,10250.83119,26.43301549,26.9883542,-4.05697,-6.31
10,Jaraguá cave,55,JAR7,26541,10255.13899,26.23041776,27.20434062,-3.07852,-7.61
10,Jaraguá cave,55,JAR7,26542,10259.2251,26.36955585,27.16319631,-3.73058,-6.86
10,Jaraguá cave,55,JAR7,26543,10263.34393,26.34408281,26.79831965,-3.23016,-7.98
10,Jaraguá cave,55,JAR7,26544,10267.4525,26.38595714,26.71845503,-4.57131,-6.62
10,Jaraguá cave,55,JAR7,26545,10271.61239,26.43040726,26.77630976,-4.29495,-8.16
10,Jaraguá cave,55,JAR7,26546,10275.74194,26.53423008,26.69013099,-4.77402,-7.82
10,Jaraguá cave,55,JAR7,26547,10279.97259,26.64260672,26.79708209,-3.86953,-8.62
10,Jaraguá cave,55,JAR7,26548,10284.02634,26.96441424,26.91467785,-3.91905,-7.33
10,Jaraguá cave,55,JAR7,26549,10288.10585,26.95463542,26.82891555,-4.1299,-6.75
10,Jaraguá cave,55,JAR7,26550,10292.44513,27.15399058,26.90435822,-4.33797,-7.93
10,Jaraguá cave,55,JAR7,26551,10300.87686,27.23148384,26.96941451,-3.71672,-8.54
10,Jaraguá cave,55,JAR7,26552,10305.00263,27.11801158,27.01429962,-4.18276,-8
10,Jaraguá cave,55,JAR7,26553,10309.12766,27.14989383,27.26366874,-3.78339,-7.98
10,Jaraguá cave,55,JAR7,26554,10313.44736,27.18463132,27.3743596,-4.51505,-6.6
10,Jaraguá cave,55,JAR7,26555,10317.7029,27.29890191,27.3979498,-4.95289,-7.43
10,Jaraguá cave,55,JAR7,26556,10321.94478,27.71323573,27.64346967,-5.9408,-7.87
10,Jaraguá cave,55,JAR7,26557,10326.07504,27.82831052,27.81040773,-5.63404,-8.01
10,Jaraguá cave,55,JAR7,26558,10330.2241,28.10530418,27.99528437,-4.94639,-8.15
10,Jaraguá cave,55,JAR7,26559,10334.42595,28.169935,28.27877188,-4.38903,-7.94
10,Jaraguá cave,55,JAR7,26560,10338.78154,28.18539258,28.73316671,-4.62313,-8.05
10,Jaraguá cave,55,JAR7,26561,10342.93486,28.14748576,28.71218132,-5.84655,-7.68
10,Jaraguá cave,55,JAR7,26562,10347.20769,28.22689863,28.84244888,-4.31228,-8.67
10,Jaraguá cave,55,JAR7,26563,10351.4457,28.64284426,29.16208122,-4.12505,-7.71
10,Jaraguá cave,55,JAR7,26564,10355.59381,28.93426354,29.47034126,-4.61794,-7.53
10,Jaraguá cave,55,JAR7,26565,10359.71291,29.19164957,29.70153263,-4.44866,-8.91
10,Jaraguá cave,55,JAR7,26566,10363.84884,29.34767519,29.94096871,-4.55837,-8.63
10,Jaraguá cave,55,JAR7,26567,10368.04192,29.54066447,30.25812193,-4.51901,-7.65
10,Jaraguá cave,55,JAR7,26568,10372.18904,29.71846272,30.57296746,-4.49755,-8.25
10,Jaraguá cave,55,JAR7,26569,10376.34228,29.88963717,30.813097,-4.24381,-7.71
10,Jaraguá cave,55,JAR7,26570,10380.51547,30.17590831,31.25181643,-3.80031,-7.7
10,Jaraguá cave,55,JAR7,26571,10401.47925,32.1001526,33.57910043,-5.23549,-8.36
10,Jaraguá cave,55,JAR7,26572,10405.59345,32.55109286,33.83164691,-4.52553,-8.65
10,Jaraguá cave,55,JAR7,26573,10409.81701,33.01351806,34.43976548,-4.12102,-8.5
10,Jaraguá cave,55,JAR7,26574,10414.05898,33.4151792,35.00944891,-6.19407,-7
10,Jaraguá cave,55,JAR7,26575,10418.28929,33.88782265,35.65589197,-5.10847,-8.8
10,Jaraguá cave,55,JAR7,26576,10422.46927,34.26150912,36.16851113,-4.08409,-8.12
10,Jaraguá cave,55,JAR7,26577,10426.69965,34.51463053,36.6901689,-3.8725,-8.33
10,Jaraguá cave,55,JAR7,26578,10430.87641,34.89814541,37.11991335,-4.63765,-8.3
10,Jaraguá cave,55,JAR7,26579,10434.94447,35.32917117,37.50041714,-4.433,-7.92
10,Jaraguá cave,55,JAR7,26580,10439.22435,35.63385162,38.0715354,-3.34863,-7.94
10,Jaraguá cave,55,JAR7,26581,10443.44746,35.93706015,38.46382717,-3.15448,-7.82
10,Jaraguá cave,55,JAR7,26582,10450.77452,35.01635467,38.68265091,-3.83118,-6.41
10,Jaraguá cave,55,JAR7,26583,10458.54028,34.62540231,38.06984245,-2.95881,-6.87
10,Jaraguá cave,55,JAR7,26584,10466.09083,34.38082053,37.95993803,-3.06899,-7.32
10,Jaraguá cave,55,JAR7,26585,10473.74323,33.84616633,38.53490029,-4.38127,-6
10,Jaraguá cave,55,JAR7,26586,10481.50293,34.49159628,38.73995375,-3.02512,-7.35
10,Jaraguá cave,55,JAR7,26587,10489.14138,35.39054731,39.73709,-3.38403,-6.94
10,Jaraguá cave,55,JAR7,26588,10496.78248,36.75328984,40.50366881,-3.83332,-6.76
10,Jaraguá cave,55,JAR7,26589,10504.43237,37.72165565,41.34862893,-2.98095,-6.66
10,Jaraguá cave,55,JAR7,26590,10512.20438,39.43532077,43.03224267,-3.97758,-5.65
10,Jaraguá cave,55,JAR7,26591,10519.24492,41.63873723,43.76786635,-4.11092,-7.32
10,Jaraguá cave,55,JAR7,26592,10527.18892,43.1168794,45.60795738,-4.48309,-7.25
10,Jaraguá cave,55,JAR7,26593,10534.91814,45.09805119,46.79747168,-6.00186,-6.46
10,Jaraguá cave,55,JAR7,26594,10542.45312,46.77841002,48.80267852,-4.6806,-8.11
10,Jaraguá cave,55,JAR7,26595,10549.94844,48.50946989,50.71045787,-4.53002,-7.76
10,Jaraguá cave,55,JAR7,26596,10557.55299,51.07848869,52.93229318,-4.93249,-8.36
10,Jaraguá cave,55,JAR7,26597,10565.48247,53.59474792,55.496643,-4.91402,-7.72
10,Jaraguá cave,55,JAR7,26598,10573.02035,56.03517838,57.76289672,-5.67366,-7.21
10,Jaraguá cave,55,JAR7,26599,10580.85272,58.32183697,60.36198141,-5.87576,-7.95
10,Jaraguá cave,55,JAR7,26600,10588.35196,60.17318475,62.22363781,-3.99288,-8.33
10,Jaraguá cave,55,JAR7,26601,10595.56186,63.72999691,63.54202342,-4.59827,-6.8
10,Jaraguá cave,55,JAR7,26602,10603.11297,66.44311719,65.28776714,-4.23015,-7.55
10,Jaraguá cave,55,JAR7,26603,10610.43004,69.6616858,67.74365669,-5.22426,-7.86
10,Jaraguá cave,55,JAR7,26604,10618.2408,72.75735075,70.24689283,-4.62286,-8.36
10,Jaraguá cave,55,JAR7,26605,10625.58677,75.90540305,72.99832793,-3.88403,-8.3
10,Jaraguá cave,55,JAR7,26606,10633.08522,79.04330879,75.46596708,-5.21172,-6.3
10,Jaraguá cave,55,JAR7,26607,10640.72861,82.4574333,78.2741311,-3.46738,-7.44
10,Jaraguá cave,55,JAR7,26608,10648.3459,84.9207544,80.95868379,-3.67652,-6.07
10,Jaraguá cave,55,JAR7,26609,10655.97034,87.78964442,84.55813707,-3.93198,-5.56
10,Jaraguá cave,55,JAR7,26610,10663.65651,91.12295858,87.54204633,-4.11827,-6.73
10,Jaraguá cave,55,JAR7,26611,10671.02961,93.83236602,89.73108721,-2.62469,-7.93
10,Jaraguá cave,55,JAR7,26612,10678.69852,96.96300085,93.41546909,-4.84016,-5.91
10,Jaraguá cave,55,JAR7,26613,10686.30079,99.98371287,96.51459161,-4.04583,-7.53
10,Jaraguá cave,55,JAR7,26614,10693.7649,103.4292937,97.90370783,-4.66203,-6.26
10,Jaraguá cave,55,JAR7,26615,10701.28488,106.9504101,100.8824244,-3.18346,-7.41
10,Jaraguá cave,55,JAR7,26616,10708.92927,110.0374488,103.6762648,-4.38097,-5.63
10,Jaraguá cave,55,JAR7,26617,10716.47496,112.7384529,106.0235725,-4.82914,-5.75
10,Jaraguá cave,55,JAR7,26618,10724.11042,115.7395752,108.7391952,-6.1705,-7.11
10,Jaraguá cave,55,JAR7,26619,10731.64202,118.4819393,111.7003926,-6.41239,-8.47
10,Jaraguá cave,55,JAR7,26620,10739.23545,121.4781024,114.0662805,-7.13928,-8.12
10,Jaraguá cave,55,JAR7,26621,10746.79909,124.5014127,116.818588,-4.9888,-9.02
10,Jaraguá cave,55,JAR7,26622,10754.40125,127.4857766,119.8194185,-3.92749,-7.93
10,Jaraguá cave,55,JAR7,26623,10770.40219,133.7534866,126.0021661,-4.25732,-8.25
10,Jaraguá cave,55,JAR7,26624,10778.28908,136.6083335,129.3541997,-4.50217,-7.67
10,Jaraguá cave,55,JAR7,26625,10785.7937,139.3338709,131.9518217,-4.45983,-7.72
10,Jaraguá cave,55,JAR7,26626,10793.51917,141.8385636,135.4131109,-6.09501,-6.94
10,Jaraguá cave,55,JAR7,26627,10801.3811,144.3476196,139.2474613,-4.31057,-8.56
10,Jaraguá cave,55,JAR7,26628,10808.69661,147.6442276,142.2810944,-3.81802,-6.22
10,Jaraguá cave,55,JAR7,26629,10816.45814,150.578943,145.7607519,-3.67458,-6.97
10,Jaraguá cave,55,JAR7,26630,10823.7096,153.8559659,148.6405052,-5.74916,-6.84
10,Jaraguá cave,55,JAR7,26631,10831.23498,157.0864569,151.7672367,-6.23773,-7.89
10,Jaraguá cave,55,JAR7,26632,10838.45439,160.5198399,154.509431,-4.71865,-8.46
10,Jaraguá cave,55,JAR7,26633,10845.81347,163.5956414,157.4798869,-4.15224,-8.36
10,Jaraguá cave,55,JAR7,26634,10853.4497,166.6098822,160.9581619,-3.6098,-8.08
10,Jaraguá cave,55,JAR7,26635,10860.9524,169.7545953,164.0107375,-4.56671,-7.18
10,Jaraguá cave,55,JAR7,26636,10868.49162,172.8408682,167.5372869,-5.43571,-7.1
10,Jaraguá cave,55,JAR7,26637,10876.42844,175.5764358,171.3641814,-5.59867,-7.6
10,Jaraguá cave,55,JAR7,26638,10883.96344,178.6903847,174.7892452,-4.47052,-7.23
10,Jaraguá cave,55,JAR7,26639,10891.79501,181.4914893,178.5108335,-3.71628,-7.12
10,Jaraguá cave,55,JAR7,26640,10898.55757,183.8578724,180.6378336,-4.374,-7.08
10,Jaraguá cave,55,JAR7,26641,10902.9265,181.1154049,177.8333046,-5.43684,-7.62
10,Jaraguá cave,55,JAR7,26642,10906.78261,178.764705,174.3547711,-4.97062,-7.43
10,Jaraguá cave,55,JAR7,26643,10910.89688,176.0932906,171.2476331,-5.4526,-7.76
10,Jaraguá cave,55,JAR7,26644,10915.0069,173.399524,168.666022,-5.50308,-7.36
10,Jaraguá cave,55,JAR7,26645,10919.25591,170.793015,166.081595,-5.23371,-7.06
10,Jaraguá cave,55,JAR7,26646,10923.43615,168.1883004,163.2750075,-4.94456,-6.58
10,Jaraguá cave,55,JAR7,26647,10927.67084,165.5065828,160.4520797,-5.08424,-6.36
10,Jaraguá cave,55,JAR7,26648,10931.69451,163.1092531,157.3553558,-4.61411,-7.73
10,Jaraguá cave,55,JAR7,26649,10935.85085,160.4936901,154.136933,-4.51172,-6.72
10,Jaraguá cave,55,JAR7,26650,10940.00719,157.6737613,151.0139886,-5.03006,-6.97
10,Jaraguá cave,55,JAR7,26651,10944.09693,154.9030008,148.3184406,-3.82692,-7.21
10,Jaraguá cave,55,JAR7,26652,10948.39699,151.9219053,145.8332276,-3.59916,-6.38
10,Jaraguá cave,55,JAR7,26653,10952.47622,149.216163,143.2169429,-4.57713,-4.85
10,Jaraguá cave,55,JAR7,26654,10956.79541,146.5430025,140.8964593,-3.87543,-5.7
10,Jaraguá cave,55,JAR7,26655,10960.97087,144.1387557,138.4341588,-4.09041,-5.98
10,Jaraguá cave,55,JAR7,26656,10964.97933,141.6898154,135.8876041,-4.14264,-6.37
10,Jaraguá cave,55,JAR7,26657,10969.28729,138.9118328,133.3788332,-5.22114,-6.49
10,Jaraguá cave,55,JAR7,26658,10973.46292,136.6637062,130.998533,-5.37432,-6.95
10,Jaraguá cave,55,JAR7,26659,10977.71038,134.4005164,128.4232294,-5.12823,-7.09
10,Jaraguá cave,55,JAR7,26660,10981.99377,131.8455292,125.740986,-3.19166,-7.44
10,Jaraguá cave,55,JAR7,26661,10986.32226,129.1376271,123.2064561,-3.28107,-6.6
10,Jaraguá cave,55,JAR7,26662,10990.50189,126.5785821,120.6240871,-4.28046,-6.46
10,Jaraguá cave,55,JAR7,26663,10994.69688,124.5027972,118.0174813,-3.44589,-7.3
10,Jaraguá cave,55,JAR7,26664,10998.80944,122.4757226,115.2824517,-4.25255,-6.46
10,Jaraguá cave,55,JAR7,26665,11002.82619,120.2331886,112.6992049,-5.09784,-7.17
10,Jaraguá cave,55,JAR7,26666,11006.8083,117.911014,109.9922583,-4.03829,-7.85
10,Jaraguá cave,55,JAR7,26667,11011.19299,114.8587337,107.8973699,-4.07197,-7.03
10,Jaraguá cave,55,JAR7,26668,11015.27071,112.2453696,105.8457141,-3.60163,-6.82
10,Jaraguá cave,55,JAR7,26669,11019.42286,109.412945,103.3545906,-3.93374,-6.58
10,Jaraguá cave,55,JAR7,26670,11023.51452,106.6907193,101.1451704,-3.58248,-6.66
10,Jaraguá cave,55,JAR7,26671,11027.74048,103.7926317,98.33876703,-3.8949,-6.71
10,Jaraguá cave,55,JAR7,26672,11031.84461,101.0298207,95.50118462,-3.99647,-6.98
10,Jaraguá cave,55,JAR7,26673,11036.18238,98.32684092,92.51745314,-4.16654,-6.27
10,Jaraguá cave,55,JAR7,26674,11040.4792,95.93221499,89.91722855,-4.48916,-6.59
10,Jaraguá cave,55,JAR7,26675,11044.7852,93.8096544,87.4792899,-5.36711,-6.26
10,Jaraguá cave,55,JAR7,26676,11048.79791,91.36084464,85.09760898,-4.74524,-6.86
10,Jaraguá cave,55,JAR7,26677,11052.93039,88.64223399,82.85283518,-4.35504,-6.2
10,Jaraguá cave,55,JAR7,26678,11057.34781,86.29614774,80.99842002,-4.97145,-7.34
10,Jaraguá cave,55,JAR7,26679,11061.31359,84.0926098,78.57293676,-4.14604,-7.55
10,Jaraguá cave,55,JAR7,26680,11065.32104,81.43159441,76.42780714,-4.61978,-6.33
10,Jaraguá cave,55,JAR7,26681,11069.32986,78.68784382,74.72136312,-4.34917,-7.11
10,Jaraguá cave,55,JAR7,26682,11073.81862,75.87741577,72.47992469,-4.77985,-6.82
10,Jaraguá cave,55,JAR7,26683,11078.02592,73.63529271,70.05511312,-4.5111,-7.36
10,Jaraguá cave,55,JAR7,26684,11081.94538,71.2557294,67.48314639,-3.95485,-6.7
10,Jaraguá cave,55,JAR7,26685,11086.21393,68.83393638,65.40083548,-3.9224,-5.99
10,Jaraguá cave,55,JAR7,26686,11090.25418,67.58346715,63.04354628,-3.76387,-6.72
10,Jaraguá cave,55,JAR7,26687,11094.61503,65.0540819,60.18827315,-4.51192,-6.45
10,Jaraguá cave,55,JAR7,26688,11099.06133,62.28267673,58.41303156,-4.71599,-7.9
10,Jaraguá cave,55,JAR7,26689,11103.12524,60.20467473,55.95300801,-5.23834,-6.93
10,Jaraguá cave,55,JAR7,26690,11107.44416,57.31193558,54.50488114,-4.86648,-6.73
10,Jaraguá cave,55,JAR7,26691,11111.66673,55.18423023,52.24587757,-4.77182,-6.86
10,Jaraguá cave,55,JAR7,26692,11115.88846,52.65938945,50.35941693,-5.11412,-6.03
10,Jaraguá cave,55,JAR7,26693,11120.16682,50.40769391,48.83652689,-4.75008,-6.29
10,Jaraguá cave,55,JAR7,26694,11124.39423,48.35842995,46.68580485,-4.6583,-6.9
10,Jaraguá cave,55,JAR7,26695,11128.53842,46.3615324,45.28305509,-5.11257,-7.43
10,Jaraguá cave,55,JAR7,26696,11132.94088,44.03469233,43.92273902,-6.4522,-5.9
10,Jaraguá cave,55,JAR7,26697,11137.16344,42.02794023,41.90360697,-5.49515,-7.6
10,Jaraguá cave,55,JAR7,26698,11141.34961,40.59814985,40.83972949,-5.04973,-7.71
10,Jaraguá cave,55,JAR7,26699,11145.43374,39.1082099,39.31808372,-6.36466,-6.35
10,Jaraguá cave,55,JAR7,26700,11149.46117,37.81881789,37.70222793,-6.58552,-7.3
10,Jaraguá cave,55,JAR7,26701,11153.5556,36.34151397,36.18044325,-6.5609,-7.49
10,Jaraguá cave,55,JAR7,26702,11157.73958,35.33148998,35.1060738,-4.32614,-7.63
10,Jaraguá cave,55,JAR7,26703,11161.76471,34.25556364,34.35619364,-3.72124,-5.97
10,Jaraguá cave,55,JAR7,26704,11166.08901,32.54084123,34.30906037,-3.73463,-6.71
10,Jaraguá cave,55,JAR7,26705,11170.11541,32.35480599,34.15671541,-4.28627,-6.61
10,Jaraguá cave,55,JAR7,26706,11174.43524,32.03179591,34.18571672,-4.23229,-7.13
10,Jaraguá cave,55,JAR7,26707,11178.34357,32.10363081,34.04822971,-4.40535,-6.65
10,Jaraguá cave,55,JAR7,26708,11182.36175,32.30779676,33.7791318,-5.08668,-7.01
10,Jaraguá cave,55,JAR7,26709,11186.69393,32.74448921,34.43313797,-4.47066,-7.7
10,Jaraguá cave,55,JAR7,26710,11188.52491,32.0594431,33.31040435,-3.99505,-7.45
10,Jaraguá cave,55,JAR7,26711,11190.08289,31.20340255,32.80535648,-4.16533,-6.63
10,Jaraguá cave,55,JAR7,26712,11191.91239,30.57942781,31.89324521,-4.0206,-5.79
10,Jaraguá cave,55,JAR7,26713,11193.53627,30.42399821,30.80283414,-3.48359,-6.71
10,Jaraguá cave,55,JAR7,26714,11195.33714,30.04523354,30.30178781,-4.1094,-6.72
10,Jaraguá cave,55,JAR7,26715,11196.96075,29.71448909,29.72463455,-5.27839,-6.92
10,Jaraguá cave,55,JAR7,26716,11198.94426,29.24880383,29.56792323,-4.5881,-7.42
10,Jaraguá cave,55,JAR7,26717,11201.04442,28.95513593,29.83041374,-3.77151,-6.93
10,Jaraguá cave,55,JAR7,26718,11202.96191,28.85232672,29.96694674,-4.67999,-5.62
10,Jaraguá cave,55,JAR7,26719,11204.80852,29.02504157,30.00793455,-4.77939,-6.48
10,Jaraguá cave,55,JAR7,26720,11206.62878,28.86493739,30.32195129,-4.54051,-6.69
10,Jaraguá cave,55,JAR7,26721,11208.43837,29.17505639,30.42807,-4.2873,-5.9
10,Jaraguá cave,55,JAR7,26722,11210.3318,28.98911554,30.67706784,-3.8257,-5.98
10,Jaraguá cave,55,JAR7,26723,11211.99614,30.44697956,30.84285017,-4.89157,-6.17
10,Jaraguá cave,55,JAR7,26724,11213.48061,31.853633,30.94873197,-4.72047,-6.74
10,Jaraguá cave,55,JAR7,26725,11215.03744,32.89684987,31.63097997,-5.27417,-6.43
10,Jaraguá cave,55,JAR7,26726,11216.7292,34.00511865,32.0835098,-4.08086,-7.21
10,Jaraguá cave,55,JAR7,26727,11218.53166,35.48438391,33.00886809,-3.53675,-6.15
10,Jaraguá cave,55,JAR7,26728,11220.08741,36.8326845,33.3450647,-3.04177,-6.58
10,Jaraguá cave,55,JAR7,26729,11221.72678,38.55430056,34.08505096,-3.77687,-6.04
10,Jaraguá cave,55,JAR7,26730,11223.5041,39.98379627,35.32622075,-3.99165,-6.86
10,Jaraguá cave,55,JAR7,26731,11225.36348,41.5905924,36.15298388,-4.29554,-6.11
10,Jaraguá cave,55,JAR7,26732,11226.91227,42.70561653,37.0608851,-4.08261,-6.25
10,Jaraguá cave,55,JAR7,26733,11228.41926,44.35658211,37.83601134,-4.14658,-5.96
10,Jaraguá cave,55,JAR7,26734,11230.04004,46.42825818,38.68431596,-4.44367,-6.72
10,Jaraguá cave,55,JAR7,26735,11232.28173,47.20661907,39.37191124,-4.22807,-7.1
10,Jaraguá cave,55,JAR7,26736,11236.11057,45.91634143,38.90108213,-4.54617,-6.95
10,Jaraguá cave,55,JAR7,26737,11239.83985,45.06556599,38.0959092,-4.90837,-6.25
10,Jaraguá cave,55,JAR7,26738,11243.78096,43.73749057,37.49902052,-5.02518,-6.46
10,Jaraguá cave,55,JAR7,26739,11247.4898,42.50894166,36.88468897,-4.88405,-7.47
10,Jaraguá cave,55,JAR7,26740,11251.273,41.52489374,36.20516752,-4.62415,-6.75
10,Jaraguá cave,55,JAR7,26741,11254.96066,40.96158082,35.55705841,-4.9575,-7.26
10,Jaraguá cave,55,JAR7,26742,11258.73288,40.26892018,35.32942281,-4.86891,-7.18
10,Jaraguá cave,55,JAR7,26743,11262.38261,39.81576717,34.89791713,-4.84769,-6.42
10,Jaraguá cave,55,JAR7,26744,11266.09207,38.86584646,33.81031991,-4.72789,-6.39
10,Jaraguá cave,55,JAR7,26745,11269.86179,38.25959574,33.15228514,-4.08766,-6.31
10,Jaraguá cave,55,JAR7,26746,11273.62965,37.38004413,32.65834852,-4.58305,-4.42
10,Jaraguá cave,55,JAR7,26747,11277.42029,36.47488016,31.84268678,-5.02549,-6.31
10,Jaraguá cave,55,JAR7,26748,11281.10501,35.73220696,31.30270972,-4.99613,-6.11
10,Jaraguá cave,55,JAR7,26749,11285.00541,34.93063526,31.17152551,-4.25032,-6.26
10,Jaraguá cave,55,JAR7,26750,11288.64329,33.95773434,30.5483488,-4.59428,-5.21
10,Jaraguá cave,55,JAR7,26751,11292.43931,33.23506425,30.12904783,-4.38722,-5.19
10,Jaraguá cave,55,JAR7,26752,11296.15055,32.76868537,29.87846674,-5.33,-5.41
10,Jaraguá cave,55,JAR7,26753,11299.88408,31.58779255,29.65079889,-4.92145,-6.08
10,Jaraguá cave,55,JAR7,26754,11303.72125,31.14226908,29.47123945,-5.01601,-6.08
10,Jaraguá cave,55,JAR7,26755,11307.41134,30.55856009,28.70868425,-5.66757,-5.05
10,Jaraguá cave,55,JAR7,26756,11311.24099,29.80843907,28.51373809,-4.88478,-6.02
10,Jaraguá cave,55,JAR7,26757,11315.13052,28.96921815,28.40544614,-4.65197,-5.68
10,Jaraguá cave,55,JAR7,26758,11318.9136,28.62535342,28.20584185,-4.17522,-4.26
10,Jaraguá cave,55,JAR7,26759,11322.47133,28.34186349,27.80299943,-4.73747,-4.61
10,Jaraguá cave,55,JAR7,26760,11326.18307,27.94890621,27.49528752,-4.27772,-5.85
10,Jaraguá cave,55,JAR7,26761,11329.95634,27.68093951,27.03386402,-5.17445,-4.87
10,Jaraguá cave,55,JAR7,26762,11333.55197,27.31906491,26.5922707,-4.77805,-4.71
10,Jaraguá cave,55,JAR7,26763,11337.18176,26.96567532,26.43222948,-4.61335,-5.88
10,Jaraguá cave,55,JAR7,26764,11340.93669,27.21279998,26.72935544,-5.1865,-5.82
10,Jaraguá cave,55,JAR7,26765,11344.63186,27.32099679,26.7149321,-5.0292,-5.59
10,Jaraguá cave,55,JAR7,26766,11348.45862,27.37640088,26.8343381,-5.23455,-5.79
10,Jaraguá cave,55,JAR7,26767,11352.06217,27.31375881,26.83164994,-5.13259,-5.89
10,Jaraguá cave,55,JAR7,26768,11355.79186,27.54235529,26.91805933,-4.84468,-6.24
10,Jaraguá cave,55,JAR7,26769,11359.44327,28.18253759,27.26934955,-5.04696,-5.78
10,Jaraguá cave,55,JAR7,26770,11363.06633,28.38933923,27.07495038,-6.12107,-5.05
10,Jaraguá cave,55,JAR7,26771,11366.71706,28.50351547,27.31486072,-6.60037,-6.18
10,Jaraguá cave,55,JAR7,26772,11370.45685,28.96772123,27.57647884,-5.21391,-6.41
10,Jaraguá cave,55,JAR7,26773,11374.14647,29.00076009,28.19857826,-4.81131,-5.21
10,Jaraguá cave,55,JAR7,26774,11377.83759,28.89816292,28.54657706,-4.6688,-5.1
10,Jaraguá cave,55,JAR7,26775,11381.68285,28.9615389,29.11852242,-4.60955,-4.94
10,Jaraguá cave,55,JAR7,26776,11385.45764,29.16856133,29.77224264,-5.37768,-4.44
10,Jaraguá cave,55,JAR7,26777,11389.2053,30.01162575,30.22745279,-4.34618,-5.05
10,Jaraguá cave,55,JAR7,26778,11392.68803,30.74831588,30.8217096,-4.22184,-5.1
10,Jaraguá cave,55,JAR7,26779,11396.33776,31.26731871,31.32533666,-4.49281,-5.61
10,Jaraguá cave,55,JAR7,26780,11400.1862,31.71163046,32.21210568,-5.21566,-5.2
10,Jaraguá cave,55,JAR7,26781,11403.83614,32.39493068,32.66923589,-5.84918,-5.76
10,Jaraguá cave,55,JAR7,26782,11407.51921,32.83258587,33.2594887,-5.40633,-6.25
10,Jaraguá cave,55,JAR7,26783,11413.21708,32.40648225,32.86134291,-4.31569,-5.48
10,Jaraguá cave,55,JAR7,26784,11418.84792,32.43347746,32.12857466,-4.37103,-5.2
10,Jaraguá cave,55,JAR7,26785,11424.47212,32.00173587,31.81032929,-3.89923,-5.7
10,Jaraguá cave,55,JAR7,26786,11429.88492,31.63994236,30.78911663,-4.92087,-5.35
10,Jaraguá cave,55,JAR7,26787,11435.56884,30.94557548,30.04325038,-4.89282,-5.9
10,Jaraguá cave,55,JAR7,26788,11441.31615,30.47293012,29.66327092,-4.55524,-5.48
10,Jaraguá cave,55,JAR7,26789,11446.81249,30.25572045,29.17985114,-4.5882,-5.72
10,Jaraguá cave,55,JAR7,26790,11452.53037,30.01308957,28.92873825,-4.66715,-5.08
10,Jaraguá cave,55,JAR7,26791,11458.18259,29.63788859,28.61084818,-4.2663,-5.61
10,Jaraguá cave,55,JAR7,26792,11463.92562,29.11137043,28.29531358,-4.90537,-4.98
10,Jaraguá cave,55,JAR7,26793,11469.46769,28.67269612,27.92930956,-4.50102,-5.35
10,Jaraguá cave,55,JAR7,26794,11475.07102,28.66577656,27.5819238,-4.45122,-5.93
10,Jaraguá cave,55,JAR7,26795,11480.92875,28.44871865,27.61918208,-3.90313,-6.34
10,Jaraguá cave,55,JAR7,26796,11486.50986,28.05972576,27.20515944,-4.14021,-5.45
10,Jaraguá cave,55,JAR7,26797,11492.07417,27.83867346,27.11860314,-3.92551,-4.69
10,Jaraguá cave,55,JAR7,26798,11497.64628,27.89608778,27.12475122,-4.78452,-4.49
10,Jaraguá cave,55,JAR7,26799,11503.1955,27.75296755,27.04524761,-5.38467,-5.72
10,Jaraguá cave,55,JAR7,26800,11508.88224,27.87710123,27.27261897,-5.12551,-5.85
10,Jaraguá cave,55,JAR7,26801,11514.71209,27.75755275,27.33520324,-4.72681,-5.31
10,Jaraguá cave,55,JAR7,26802,11520.39623,27.69747428,27.24203821,-4.4886,-6.14
10,Jaraguá cave,55,JAR7,26803,11526.32476,27.47608639,27.3901971,-5.03525,-5.34
10,Jaraguá cave,55,JAR7,26804,11532.01851,27.81747566,27.66848065,-5.14707,-4.94
10,Jaraguá cave,55,JAR7,26805,11537.73392,28.03478627,27.9902886,-5.27203,-5.33
10,Jaraguá cave,55,JAR7,26806,11543.26773,28.54691101,28.26423666,-4.80084,-5.6
10,Jaraguá cave,55,JAR7,26807,11548.90919,28.72962531,28.71008795,-7.2151,-3.64
10,Jaraguá cave,55,JAR7,26808,11554.52369,29.29073645,29.20688154,-6.36205,-5.11
10,Jaraguá cave,55,JAR7,26809,11560.04386,30.05827467,29.28625614,-5.72823,-4.76
10,Jaraguá cave,55,JAR7,26810,11565.64317,30.64336458,29.34742118,-5.05168,-4.75
10,Jaraguá cave,55,JAR7,26811,11571.32331,31.22863341,29.57082251,-4.44999,-5.03
10,Jaraguá cave,55,JAR7,26812,11577.05433,32.11989466,30.35885059,-5.08372,-4.43
10,Jaraguá cave,55,JAR7,26813,11582.80259,32.47257879,30.970951,-4.51909,-4.26
10,Jaraguá cave,55,JAR7,26814,11588.34383,33.09046201,31.54140638,-4.60216,-3.35
10,Jaraguá cave,55,JAR7,26815,11594.13336,33.65650195,32.42024923,-4.96389,-3.43
10,Jaraguá cave,55,JAR7,26816,11599.75584,34.29306685,32.9858987,-4.64621,-3.96
10,Jaraguá cave,55,JAR7,26817,11605.45647,34.81909782,33.65834851,-4.81686,-3.87
10,Jaraguá cave,55,JAR7,26818,11611.09923,35.85214686,34.4934901,-5.11411,-3.53
10,Jaraguá cave,55,JAR7,26819,11616.75296,36.33726852,35.2944574,-5.33076,-3.49
10,Jaraguá cave,55,JAR7,26820,11622.35608,37.23848729,35.96849389,-5.5127,-3.64
10,Jaraguá cave,55,JAR7,26821,11627.97152,37.77736819,36.71764086,-5.271,-3.45
10,Jaraguá cave,55,JAR7,26822,11633.80897,38.61059157,37.46593501,-5.48529,-3.39
10,Jaraguá cave,55,JAR7,26823,11639.63759,39.21160887,38.18194473,-5.85226,-3.42
10,Jaraguá cave,55,JAR7,26824,11645.40801,39.85429129,39.02019955,-6.30733,-3.18
10,Jaraguá cave,55,JAR7,26825,11651.12912,40.69069632,39.88736529,-6.38731,-2.64
10,Jaraguá cave,55,JAR7,26826,11656.88626,41.51263857,40.7102287,-6.16173,-2.21
10,Jaraguá cave,55,JAR7,26827,11662.68858,42.74188467,41.53409167,-6.3175,-3.21
10,Jaraguá cave,55,JAR7,26828,11668.387,43.63321187,42.39857701,-6.14197,-3.16
10,Jaraguá cave,55,JAR7,26829,11672.52949,44.44682805,42.80446682,-6.65768,-2.17
10,Jaraguá cave,55,JAR7,26830,11676.78883,45.29539175,43.52739859,-6.72278,-2.84
10,Jaraguá cave,55,JAR7,26831,11680.95245,45.62663103,44.38683453,-6.46652,-3.05
10,Jaraguá cave,55,JAR7,26832,11685.31351,46.23176415,45.29988679,-6.17046,-2.95
10,Jaraguá cave,55,JAR7,26833,11689.60194,46.89259368,45.97417844,-5.90727,-2.61
10,Jaraguá cave,55,JAR7,26834,11693.71303,47.94323664,46.46735563,-5.61295,-2.39
10,Jaraguá cave,55,JAR7,26835,11697.96268,48.58894672,47.33301263,-6.06758,-2.75
10,Jaraguá cave,55,JAR7,26836,11702.14729,49.5110951,47.69843071,-7.18682,-2.86
10,Jaraguá cave,55,JAR7,26837,11706.5152,50.20093475,48.23296347,-7.63626,-2.51
10,Jaraguá cave,55,JAR7,26838,11710.86026,50.71845705,48.98927621,-6.64369,-2.83
10,Jaraguá cave,55,JAR7,26839,11714.99992,51.62366721,49.30513955,-7.07701,-2.95
10,Jaraguá cave,55,JAR7,26840,11719.25897,52.22224634,49.69565381,-6.1772,-3.03
10,Jaraguá cave,55,JAR7,26841,11724.21341,50.40723959,49.22462967,-6.15546,-2.73
10,Jaraguá cave,55,JAR7,26842,11729.05619,49.09966418,47.45758846,-6.81554,-2.92
10,Jaraguá cave,55,JAR7,26843,11734.0605,47.4643262,46.01822782,-6.8035,-2.86
10,Jaraguá cave,55,JAR7,26844,11739.09317,45.95045832,44.73912431,-6.49173,-2.74
10,Jaraguá cave,55,JAR7,26845,11744.29335,44.67161387,43.62091103,-6.46958,-2.65
10,Jaraguá cave,55,JAR7,26846,11749.63496,43.22190932,43.09758798,-7.48338,-2.83
10,Jaraguá cave,55,JAR7,26847,11754.95333,42.12149178,42.49904779,-6.90964,-2.98
10,Jaraguá cave,55,JAR7,26848,11759.88331,41.3177331,41.35427831,-6.28956,-2.88
10,Jaraguá cave,55,JAR7,26849,11765.13238,39.34661436,40.00636665,-6.22414,-3.05
10,Jaraguá cave,55,JAR7,26850,11770.28666,38.60811618,38.90778799,-5.96401,-2.48
10,Jaraguá cave,55,JAR7,26851,11775.05763,38.17168856,37.83946567,-5.86961,-2.42
10,Jaraguá cave,55,JAR7,26852,11780.15106,37.39417655,36.19918679,-6.24221,-2.26
10,Jaraguá cave,55,JAR7,26853,11785.14839,36.56063341,35.5535681,-6.46234,-2.46
10,Jaraguá cave,55,JAR7,26854,11790.09159,35.57264529,34.71743244,-6.56643,-2.74
10,Jaraguá cave,55,JAR7,26855,11795.1403,34.55071781,34.05816117,-6.68696,-2.88
10,Jaraguá cave,55,JAR7,26856,11800.1305,34.05907997,33.83177729,-6.56092,-2.75
10,Jaraguá cave,55,JAR7,26857,11805.43919,32.88512961,33.63365649,-7.04302,-2.64
10,Jaraguá cave,55,JAR7,26858,11810.69179,31.72465475,33.23938764,-6.39345,-2.46
10,Jaraguá cave,55,JAR7,26859,11815.54788,31.27550064,32.65196388,-7.18426,-2.24
10,Jaraguá cave,55,JAR7,26860,11820.74994,30.94977639,32.76300203,-6.64226,-2.43
10,Jaraguá cave,55,JAR7,26861,11825.91625,30.75544154,32.9460052,-6.79503,-2.26
10,Jaraguá cave,55,JAR7,26862,11831.0661,30.94376008,33.14986111,-6.52775,-2.59
10,Jaraguá cave,55,JAR7,26863,11836.10409,30.91677674,33.69566688,-6.60858,-2.54
10,Jaraguá cave,55,JAR7,26864,11840.94427,30.86524929,34.08978279,-6.17547,-1.49
10,Jaraguá cave,55,JAR7,26865,11846.19356,30.67527292,34.40929437,-7.34765,-1.79
10,Jaraguá cave,55,JAR7,26866,11851.10216,31.08838764,34.75880674,-7.54543,-2.58
10,Jaraguá cave,55,JAR7,26867,11856.45799,30.92156227,34.86241825,-6.6839,-2.69
10,Jaraguá cave,55,JAR7,26868,11861.54164,31.70347793,35.15556082,-6.72747,-2.52
10,Jaraguá cave,55,JAR7,26869,11866.45736,32.96563553,35.79504166,-6.80044,-2.87
10,Jaraguá cave,55,JAR7,26870,11871.6195,33.34748869,37.10937279,-7.01598,-2.95
10,Jaraguá cave,55,JAR7,26871,11876.87479,34.10774734,37.96767636,-7.56656,-3.38
10,Jaraguá cave,55,JAR7,26872,11882.01191,35.44844878,38.79272611,-6.89913,-3.5
10,Jaraguá cave,55,JAR7,26873,11887.00068,36.52122286,39.74994205,-6.46703,-3.45
10,Jaraguá cave,55,JAR7,26874,11892.05535,37.36564502,40.3718027,-6.68298,-3.17
10,Jaraguá cave,55,JAR7,26875,11896.87968,38.06947222,41.26033491,-7.10721,-2.91
10,Jaraguá cave,55,JAR7,26876,11901.84952,38.82930358,41.61155008,-6.95668,-2.68
10,Jaraguá cave,55,JAR7,26877,11907.45215,36.37305377,39.27231648,-6.90862,-3
10,Jaraguá cave,55,JAR7,26878,11912.80989,34.09751071,37.1024776,-7.26203,-3.01
10,Jaraguá cave,55,JAR7,26879,11918.49333,31.75265041,34.92287027,-7.24009,-3.06
10,Jaraguá cave,55,JAR7,26880,11924.14987,29.3199045,32.72194492,-6.54194,-3.12
10,Jaraguá cave,55,JAR7,26881,11929.41285,27.36623773,30.68941959,-6.11148,-3.08
10,Jaraguá cave,55,JAR7,26882,11934.87919,25.12427995,28.78457722,-6.23731,-2.85
10,Jaraguá cave,55,JAR7,26883,11940.15635,23.8588064,27.03566365,-5.93064,-2.16
10,Jaraguá cave,55,JAR7,26884,11945.45351,23.00349525,25.17720142,-6.15526,-1.7
10,Jaraguá cave,55,JAR7,26885,11950.79249,22.19707712,23.98317081,-5.78021,-1.9
10,Jaraguá cave,55,JAR7,26886,11956.08554,21.91275853,22.81278245,-5.97381,-2.71
10,Jaraguá cave,55,JAR7,26887,11961.54984,21.57181809,22.0365357,-6.15648,-3.06
10,Jaraguá cave,55,JAR7,26888,11966.80894,22.0355502,21.60851333,-6.18332,-3.13
10,Jaraguá cave,55,JAR7,26889,11972.32983,22.74365069,21.433345,-6.26088,-3.11
10,Jaraguá cave,55,JAR7,26890,11977.84524,23.26250684,22.27092628,-6.72523,-3.08
10,Jaraguá cave,55,JAR7,26891,11983.28222,24.31708913,23.2131693,-6.70541,-3.03
10,Jaraguá cave,55,JAR7,26892,11989.3022,25.48759438,24.48848578,-6.43179,-2.95
10,Jaraguá cave,55,JAR7,26893,12002.39315,23.69106135,22.32879686,-6.76996,-3.02
10,Jaraguá cave,55,JAR7,26894,12015.5933,22.03968495,20.72919891,-6.89168,-3.09
10,Jaraguá cave,55,JAR7,26895,12028.62343,21.08531496,19.70669024,-5.97212,-2.79
10,Jaraguá cave,55,JAR7,26896,12041.8054,20.19988684,19.56432016,-5.57396,-1.4
10,Jaraguá cave,55,JAR7,26897,12055.01091,19.94629922,19.80946771,-5.36713,-1.19
10,Jaraguá cave,55,JAR7,26898,12068.31568,20.67953845,20.84884498,-5.62406,-1.91
10,Jaraguá cave,55,JAR7,26899,12081.21859,21.72172934,21.68182709,-5.68753,-0.35
10,Jaraguá cave,55,JAR7,26900,12094.09062,23.10793755,23.62237931,-5.01102,-0.94
10,Jaraguá cave,55,JAR7,26901,12107.50895,25.52525857,26.23352507,-5.27123,-1.03
10,Jaraguá cave,55,JAR7,26902,12120.58271,27.85903433,28.67793875,-5.05589,-0.98
10,Jaraguá cave,55,JAR7,26903,12133.63229,30.36486827,31.13433562,-5.34641,-0.59
10,Jaraguá cave,55,JAR7,26904,12145.01166,30.6517024,32.09772916,-5.5305,-0.66
10,Jaraguá cave,55,JAR7,26905,12154.79493,29.66092396,30.99553012,-5.74226,-0.8
10,Jaraguá cave,55,JAR7,26906,12164.47638,28.60310024,29.96136411,-6.48164,-0.94
10,Jaraguá cave,55,JAR7,26907,12174.29195,27.57189766,29.0067979,-6.59663,-0.65
10,Jaraguá cave,55,JAR7,26908,12184.1099,26.62619941,28.14128176,-6.33317,-1.1
10,Jaraguá cave,55,JAR7,26909,12193.91604,25.63028541,27.12977884,-6.05954,-1.03
10,Jaraguá cave,55,JAR7,26910,12203.54229,24.79896542,25.61162555,-5.95824,-1.01
10,Jaraguá cave,55,JAR7,26911,12213.1017,24.1074916,24.9493875,-5.55535,-1.36
10,Jaraguá cave,55,JAR7,26912,12222.89326,23.47436793,24.32070609,-5.73673,-1.22
10,Jaraguá cave,55,JAR7,26913,12232.56845,22.76647819,23.58929542,-6.87277,-0.83
10,Jaraguá cave,55,JAR7,26914,12242.13336,22.78942349,22.85441888,-6.29122,-1
10,Jaraguá cave,55,JAR7,26915,12251.92583,22.0976639,22.47290743,-6.73455,-0.93
10,Jaraguá cave,55,JAR7,26916,12261.71732,21.47783278,22.18241856,-6.56595,-1.22
10,Jaraguá cave,55,JAR7,26917,12271.44848,21.16883004,21.84595641,-6.67027,-1.22
10,Jaraguá cave,55,JAR7,26918,12290.48785,21.74895901,21.56519247,-6.34021,-1.23
10,Jaraguá cave,55,JAR7,26919,12300.26064,21.71936755,21.70267146,-5.75061,-1.49
10,Jaraguá cave,55,JAR7,26920,12310.01792,22.35814058,21.93827925,-5.80302,-1.2
10,Jaraguá cave,55,JAR7,26921,12319.69395,22.75921121,22.00632053,-4.783,-0.41
10,Jaraguá cave,55,JAR7,26922,12329.26643,23.49352938,22.67419166,-5.10916,0.91
10,Jaraguá cave,55,JAR7,26923,12339.09731,23.99345489,23.68328379,-5.57778,0.43
10,Jaraguá cave,55,JAR7,26924,12348.73988,24.37806948,24.19129465,-5.45777,0.12
10,Jaraguá cave,55,JAR7,26925,12358.46455,25.15986538,24.88086058,-5.75524,-0.02
10,Jaraguá cave,55,JAR7,26926,12368.15591,26.18127762,25.33235458,-5.85111,-0.7
10,Jaraguá cave,55,JAR7,26927,12378.16306,26.80090911,26.5152324,-5.96498,-0.38
10,Jaraguá cave,55,JAR7,26928,12387.95042,27.64445573,27.30168941,-6.25792,-0.19
10,Jaraguá cave,55,JAR7,26929,12397.55692,28.50787629,28.04455865,-5.75421,-0.66
10,Jaraguá cave,55,JAR7,26930,12407.17222,29.54119334,29.10104833,-6.18187,-0.63
10,Jaraguá cave,55,JAR7,26931,12417.69747,29.83129613,29.71887927,-6.08077,-0.74
10,Jaraguá cave,55,JAR7,26932,12442.89415,32.78735578,32.21702743,-5.93983,-0.54
10,Jaraguá cave,55,JAR7,26933,12469.13095,41.05503115,45.04211104,-5.92223,-0.43
10,Jaraguá cave,55,JAR7,26934,12494.81451,53.1593482,61.04481809,-5.32679,-0.49
10,Jaraguá cave,55,JAR7,26935,12520.4897,68.1743557,78.15666542,-5.73351,-0.08
10,Jaraguá cave,55,JAR7,26936,12546.22465,83.34623743,96.59919214,-6.28709,-0.18
10,Jaraguá cave,55,JAR7,26937,12571.85804,98.61958451,114.1940829,-5.86418,-0.54
10,Jaraguá cave,55,JAR7,26938,12597.30913,114.458676,134.1579549,-5.47588,-0.83
10,Jaraguá cave,55,JAR7,26939,12623.32693,128.608911,153.7232052,-5.8329,-0.21
10,Jaraguá cave,55,JAR7,26940,12648.80696,143.556401,171.4223647,-5.51758,0.12
10,Jaraguá cave,55,JAR7,26941,12656.16603,138.5152788,163.6437094,-5.38041,0.06
10,Jaraguá cave,55,JAR7,26942,12664.06072,132.0062115,156.0073929,-5.1259,0.2
10,Jaraguá cave,55,JAR7,26943,12670.87615,126.6908961,147.5000671,-5.19612,0.64
10,Jaraguá cave,55,JAR7,26944,12678.15421,121.0553757,139.3484402,-5.49567,0.52
10,Jaraguá cave,55,JAR7,26945,12685.91763,116.5293507,131.8054643,-5.80604,0.38
10,Jaraguá cave,55,JAR7,26946,12693.09892,112.4786821,124.4871721,-5.54449,0.51
10,Jaraguá cave,55,JAR7,26947,12700.08767,108.3236162,117.3680418,-6.11376,0.46
10,Jaraguá cave,55,JAR7,26948,12707.55899,104.3339661,109.9611,-5.16936,0.19
10,Jaraguá cave,55,JAR7,26949,12715.31949,100.2081534,103.052511,-5.10749,0.29
10,Jaraguá cave,55,JAR7,26950,12722.96077,94.44066934,97.86687017,-5.6117,0.52
10,Jaraguá cave,55,JAR7,26951,12729.95544,90.71602879,91.28910106,-5.65142,0.2
10,Jaraguá cave,55,JAR7,26952,12737.50901,86.65473365,86.5094364,-5.7988,-0.24
10,Jaraguá cave,55,JAR7,26953,12744.77921,82.81521259,81.3508816,-6.42813,-0.15
10,Jaraguá cave,55,JAR7,26954,12752.25748,78.56940114,77.10234131,-6.8131,-0.34
10,Jaraguá cave,55,JAR7,26955,12760.31699,74.87504827,74.32036064,-5.92316,-0.27
10,Jaraguá cave,55,JAR7,26956,12767.99657,71.79737206,71.33346167,-5.903,-0.33
10,Jaraguá cave,55,JAR7,26957,12775.56567,69.61777978,70.42173738,-6.05574,-0.08
10,Jaraguá cave,55,JAR7,26958,12783.25797,68.43109293,69.2097503,-6.40662,0.29
10,Jaraguá cave,55,JAR7,26959,12791.46346,67.30114785,67.87038146,-6.27965,-0.02
10,Jaraguá cave,55,JAR7,26960,12799.33548,64.88342156,68.57127152,-5.6576,-0.34
10,Jaraguá cave,55,JAR7,26961,12805.84649,65.50112281,68.34454673,-5.25143,-0.18
10,Jaraguá cave,55,JAR7,26962,12814.09653,66.82666145,69.0240054,-5.01591,0.53
10,Jaraguá cave,55,JAR7,26963,12825.05356,66.80319797,68.13794023,-5.59407,0.76
10,Jaraguá cave,55,JAR7,26964,12841.9267,63.5768623,65.24071831,-5.67705,0.35
10,Jaraguá cave,55,JAR7,26965,12858.02935,59.50628845,62.24672888,-6.54133,0.29
10,Jaraguá cave,55,JAR7,26966,12873.91146,57.29790799,59.87348038,-6.49113,-0.41
10,Jaraguá cave,55,JAR7,26967,12890.10791,54.11464717,56.27924528,-6.46771,-0.24
10,Jaraguá cave,55,JAR7,26968,12906.00791,52.36640921,53.70881477,-6.13373,-0.44
10,Jaraguá cave,55,JAR7,26969,12921.57339,51.13970871,51.94303437,-6.24879,-0.54
10,Jaraguá cave,55,JAR7,26970,12937.47681,50.77235007,50.60363836,-6.06358,-0.24
10,Jaraguá cave,55,JAR7,26971,12952.62727,51.75251567,49.27257178,-5.15592,0.2
10,Jaraguá cave,55,JAR7,26972,12969.54641,51.00934072,50.20998621,-5.15256,0.47
10,Jaraguá cave,55,JAR7,26973,12985.55243,52.26521555,51.08324407,-4.63356,0.7
10,Jaraguá cave,55,JAR7,26974,13001.52894,54.46507163,52.0778312,-4.83181,0.5
10,Jaraguá cave,55,JAR7,26975,13018.2202,55.28410059,53.74373453,-4.81674,-0.05
10,Jaraguá cave,55,JAR7,26976,13065.95007,61.14733142,61.2131617,-5.18657,0.5
10,Jaraguá cave,55,JAR7,26977,13082.52675,64.69743698,64.04167688,-4.90726,0.17
10,Jaraguá cave,55,JAR7,26978,13098.90111,67.44681624,67.49571662,-4.72846,0.28
10,Jaraguá cave,55,JAR7,26979,13114.54642,70.97564338,70.81616291,-4.22158,-0.32
10,Jaraguá cave,55,JAR7,26980,13125.30731,68.49868196,67.97452555,-4.87061,-0.63
10,Jaraguá cave,55,JAR7,26981,13136.38831,65.58041863,66.66658793,-4.67826,-0.81
10,Jaraguá cave,55,JAR7,26982,13147.00577,64.00902623,64.39953337,-4.22861,-0.82
10,Jaraguá cave,55,JAR7,26983,13157.93559,62.15275793,62.53516262,-5.24257,-1.05
10,Jaraguá cave,55,JAR7,26984,13168.88037,60.26832089,60.88199036,-5.78621,-1.3
10,Jaraguá cave,55,JAR7,26985,13180.03193,58.02095938,59.282509,-4.95787,-1.51
10,Jaraguá cave,55,JAR7,26986,13191.04221,56.13821657,58.16018515,-5.34399,-0.96
10,Jaraguá cave,55,JAR7,26987,13223.77256,51.23464238,54.63781836,-5.06234,-1.03
10,Jaraguá cave,55,JAR7,26988,13234.4989,50.00470863,52.84398936,-4.92926,-1.02
10,Jaraguá cave,55,JAR7,26989,13245.5998,49.2166375,51.67349175,-5.29531,-0.86
10,Jaraguá cave,55,JAR7,26990,13256.59596,48.15285729,50.25434752,-5.52635,-0.84
10,Jaraguá cave,55,JAR7,26991,13267.31083,47.34789053,48.57493031,-4.41892,-0.9
10,Jaraguá cave,55,JAR7,26992,13278.03395,46.55165803,47.34834563,-5.36669,-0.7
10,Jaraguá cave,55,JAR7,26993,13288.96947,45.64280932,46.51988555,-5.4731,-0.57
10,Jaraguá cave,55,JAR7,26994,13299.98746,44.53588535,46.31072113,-5.61657,-0.2
10,Jaraguá cave,55,JAR7,26995,13310.83103,44.21837533,45.53716822,-5.5066,-0.43
10,Jaraguá cave,55,JAR7,26996,13321.74382,44.10774419,45.10586807,-4.83741,-0.51
10,Jaraguá cave,55,JAR7,26997,13332.94676,43.94493898,45.97691744,-5.05908,0.44
10,Jaraguá cave,55,JAR7,26998,13343.62755,44.9031501,46.21862905,-5.56657,0.32
10,Jaraguá cave,55,JAR7,26999,13354.5395,45.24568458,47.21346198,-5.03047,-1.06
10,Jaraguá cave,55,JAR7,27000,13365.65623,45.36797008,48.23579947,-5.10989,-0.83
10,Jaraguá cave,55,JAR7,27001,13376.54459,46.13283467,48.70194408,-5.52961,-0.89
10,Jaraguá cave,55,JAR7,27002,13387.13349,48.03615283,49.28474117,-5.07212,-0.89
10,Jaraguá cave,55,JAR7,27003,13398.25853,49.44026474,49.24097619,-4.88435,-1.24
10,Jaraguá cave,55,JAR7,27004,13409.21851,50.42516388,49.94260239,-4.97162,-1.36
10,Jaraguá cave,55,JAR7,27005,13420.24488,51.19859316,51.26086283,-4.28094,-1.14
10,Jaraguá cave,55,JAR7,27006,13430.97613,53.14767686,52.3268592,-3.87772,0.6
10,Jaraguá cave,55,JAR7,27007,13441.57615,55.64736693,54.3149003,-4.17688,1.06
10,Jaraguá cave,55,JAR7,27008,13452.92498,57.11905441,56.64635146,-4.69333,-0.57
10,Jaraguá cave,55,JAR7,27009,13463.84841,58.0454949,58.70862735,-4.84322,-1.4
10,Jaraguá cave,55,JAR7,27010,13470.01692,58.26312243,57.8095709,-4.65128,-1.14
10,Jaraguá cave,55,JAR7,27011,13476.18307,57.82284271,57.34614014,-4.35853,-0.81
10,Jaraguá cave,55,JAR7,27012,13481.97338,56.88945051,57.23443896,-5.14675,-0.53
10,Jaraguá cave,55,JAR7,27013,13488.25226,55.51409448,58.33389029,-5.01805,-1.06
10,Jaraguá cave,55,JAR7,27014,13493.92791,55.45271716,58.03401699,-4.90431,-1.32
10,Jaraguá cave,55,JAR7,27015,13500.02233,55.5995154,58.0961371,-4.9316,-1.07
10,Jaraguá cave,55,JAR7,27016,13505.89221,57.18701034,58.01823657,-4.94779,-1.04
10,Jaraguá cave,55,JAR7,27017,13511.61946,57.0656631,57.3324763,-5.08006,-1.6
10,Jaraguá cave,55,JAR7,27018,13517.4098,58.08383592,58.34753902,-5.44887,-1.57
10,Jaraguá cave,55,JAR7,27019,13523.54842,60.22998795,60.30611508,-5.70343,-1.52
10,Jaraguá cave,55,JAR7,27020,13529.49098,61.38775495,63.38115991,-5.54935,-1.18
10,Jaraguá cave,55,JAR7,27021,13535.56371,61.87756152,66.23025268,-5.25606,-0.9
10,Jaraguá cave,55,JAR7,27022,13541.64491,63.28638727,67.52296203,-4.72895,-0.99
10,Jaraguá cave,55,JAR7,27023,13548.01736,64.64638616,70.28660157,-5.58467,-0.84
10,Jaraguá cave,55,JAR7,27024,13554.20041,65.45137149,72.36776533,-5.49689,-0.68
10,Jaraguá cave,55,JAR7,27025,13560.47658,67.74913506,75.37665018,-4.6736,-1.03
10,Jaraguá cave,55,JAR7,27026,13566.99856,68.94340001,78.33044717,-4.98548,-1.1
10,Jaraguá cave,55,JAR7,27027,13572.73247,71.37801873,81.17242901,-4.59769,-1.5
10,Jaraguá cave,55,JAR7,27028,13578.80569,73.13331354,83.81894472,-4.96545,-1.34
10,Jaraguá cave,55,JAR7,27029,13584.45063,75.56348545,86.38419701,-4.44454,-0.72
10,Jaraguá cave,55,JAR7,27030,13590.58552,77.36935173,90.02010896,-4.35511,0.15
10,Jaraguá cave,55,JAR7,27031,13596.53558,79.00311747,92.5876027,-4.46974,0.17
10,Jaraguá cave,55,JAR7,27032,13602.45822,81.25459302,95.45394405,-4.28354,0.45
10,Jaraguá cave,55,JAR7,27033,13608.34807,83.48573756,99.75649265,-4.92889,0.38
10,Jaraguá cave,55,JAR7,27034,13613.94177,86.17583453,102.8199344,-5.10084,0.11
10,Jaraguá cave,55,JAR7,27035,13619.86437,88.69211124,105.0578083,-4.94975,-0.37
10,Jaraguá cave,55,JAR7,27036,13626.147,90.51082292,109.5231842,-4.7148,-0.78
10,Jaraguá cave,55,JAR7,27037,13632.36714,93.06610367,112.5510714,-4.31875,-0.66
10,Jaraguá cave,55,JAR7,27038,13638.2544,95.72502626,116.1591707,-4.45869,-1.05
10,Jaraguá cave,55,JAR7,27039,13644.30812,97.30951849,118.7632094,-4.80186,-0.68
10,Jaraguá cave,55,JAR7,27040,13650.13378,100.127642,123.1207354,-4.87168,-1.08
10,Jaraguá cave,55,JAR7,27041,13655.94802,103.0806017,126.891499,-4.35552,-0.79
10,Jaraguá cave,55,JAR7,27042,13662.08384,105.7581801,130.3892962,-4.42802,-0.31
10,Jaraguá cave,55,JAR7,27043,13668.49323,108.3165253,133.9305893,-4.69549,-0.05
10,Jaraguá cave,55,JAR7,27044,13674.59737,109.9839865,138.0816019,-4.88913,-0.92
10,Jaraguá cave,55,JAR7,27045,13680.74993,111.9266507,141.9713261,-5.90833,-1.28
10,Jaraguá cave,55,JAR7,27046,13686.62883,114.6963204,146.0981798,-4.78111,-1.01
10,Jaraguá cave,55,JAR7,27047,13693.00895,117.0852001,150.6519561,-4.74207,-1.26
10,Jaraguá cave,55,JAR7,27048,13699.5103,119.0331526,154.5308739,-4.30275,-0.79
10,Jaraguá cave,55,JAR7,27049,13705.39578,121.5850588,157.8765466,-5.52023,0.24
10,Jaraguá cave,55,JAR7,27050,13711.89317,124.0380464,162.0441436,-5.15784,-1.45
10,Jaraguá cave,55,JAR7,27051,13717.72139,126.7262178,165.9621448,-4.64985,-1.43
10,Jaraguá cave,55,JAR7,27052,13724.36829,129.525043,171.0525519,-4.78947,-0.66
10,Jaraguá cave,55,JAR7,27053,13730.71071,131.9115693,174.8252411,-5.1722,-0.68
10,Jaraguá cave,55,JAR7,27054,13736.73312,134.814934,178.1217786,-5.06469,-1.76
10,Jaraguá cave,55,JAR7,27055,13742.89802,137.7740642,182.5140554,-5.83201,-1.21
10,Jaraguá cave,55,JAR7,27056,13748.93094,140.2137949,186.7126466,-5.4215,-1.4
10,Jaraguá cave,55,JAR7,27057,13754.77522,143.1825709,190.6585917,-4.74238,-1.56
10,Jaraguá cave,55,JAR7,27058,13760.88017,146.0458882,193.844211,-5.31234,-0.76
10,Jaraguá cave,55,JAR7,27059,13766.24351,149.7501684,196.3134899,-5.02793,-1.32
10,Jaraguá cave,55,JAR7,27060,13772.89226,152.1267039,200.8717573,-4.9041,-1.02
10,Jaraguá cave,55,JAR7,27061,13782.7034,157.6261072,207.0012509,-5.1135,-0.23
10,Jaraguá cave,55,JAR7,27062,13788.0226,159.5811812,210.9474531,-4.81093,-0.86
10,Jaraguá cave,55,JAR7,27063,13793.11565,162.1152357,214.1337362,-4.60125,-1.24
10,Jaraguá cave,55,JAR7,27064,13797.92252,164.4694439,216.7939959,-4.74662,-1.6
10,Jaraguá cave,55,JAR7,27065,13802.90653,166.8142853,219.1438725,-4.92214,-1.58
10,Jaraguá cave,55,JAR7,27066,13808.1689,169.075094,222.0045305,-4.75722,-2.07
10,Jaraguá cave,55,JAR7,27067,13813.05109,171.7008047,225.7709215,-4.5244,-1.63
10,Jaraguá cave,55,JAR7,27068,13817.77168,174.6316573,228.9883888,-5.01463,-1.26
10,Jaraguá cave,55,JAR7,27069,13821.99397,177.6096413,231.4053437,-5.185,-1.8
10,Jaraguá cave,55,JAR7,27070,13826.30249,180.7956327,233.6750472,-5.76495,-1.91
10,Jaraguá cave,55,JAR7,27071,13831.50703,183.5573601,236.815555,-5.67709,-2.42
10,Jaraguá cave,55,JAR7,27072,13836.65358,186.39863,240.027721,-5.84581,-2.12
10,Jaraguá cave,55,JAR7,27073,13842.15598,188.2881815,243.5591111,-6.12864,-2.52
10,Jaraguá cave,55,JAR7,27074,13847.41242,190.3759385,246.5290167,-6.49633,-2.68
10,Jaraguá cave,55,JAR7,27075,13852.58897,192.617417,249.3915455,-6.92278,-2.64
10,Jaraguá cave,55,JAR7,27076,13858.01178,194.7317573,252.503903,-5.66361,-2.77
10,Jaraguá cave,55,JAR7,27077,13863.28723,197.031687,255.4688986,-4.38109,-2.89
10,Jaraguá cave,55,JAR7,27078,13868.46178,199.0445916,258.4379603,-4.68572,-2.96
10,Jaraguá cave,55,JAR7,27079,13873.69404,200.8229912,261.9774461,-4.94879,-2.71
10,Jaraguá cave,55,JAR7,27080,13878.433,203.5697163,265.0236165,-5.3741,-2.68
10,Jaraguá cave,55,JAR7,27081,13883.39612,206.1065591,268.2939566,-5.48408,-2.35
10,Jaraguá cave,55,JAR7,27082,13888.48686,208.7751823,271.6919155,-4.88541,-2.4
10,Jaraguá cave,55,JAR7,27083,13921.00806,182.5771369,237.5912133,-5.21,-2.39
10,Jaraguá cave,55,JAR7,27084,13956.78481,152.7850641,196.4932947,-5.50126,-2.06
10,Jaraguá cave,55,JAR7,27085,13993.74434,122.778441,155.7259728,-5.94612,-2.07
10,Jaraguá cave,55,JAR7,27086,14031.25708,93.63839399,117.5775597,-6.62308,-2.26
10,Jaraguá cave,55,JAR7,27087,14067.8945,67.05172633,79.5332388,-5.449,-2.23
10,Jaraguá cave,55,JAR7,27088,14104.16647,42.50004213,45.19083059,-5.00002,-2.2
10,Jaraguá cave,55,JAR7,27089,14140.08848,33.9274391,34.67682107,-4.75887,-2.05
10,Jaraguá cave,55,JAR7,27090,14144.02925,32.99820534,33.95765956,-5.82164,-1.48
10,Jaraguá cave,55,JAR7,27091,14148.0649,32.43263114,33.04383458,-6.92041,-1.5
10,Jaraguá cave,55,JAR7,27092,14152.23194,31.46926324,32.38259218,-5.56639,-1.85
10,Jaraguá cave,55,JAR7,27093,14156.06464,30.8392904,31.43151421,-4.75053,-2.4
10,Jaraguá cave,55,JAR7,27094,14160.20768,29.80684458,31.06979366,-4.64724,-2.62
10,Jaraguá cave,55,JAR7,27095,14164.21359,29.02401355,30.08553093,-5.22636,-2.83
10,Jaraguá cave,55,JAR7,27096,14168.18514,28.2365931,29.10310753,-5.45373,-2.99
10,Jaraguá cave,55,JAR7,27097,14172.10829,27.7558712,28.17025721,-6.06361,-2.84
10,Jaraguá cave,55,JAR7,27098,14175.95799,27.2798288,27.58402197,-5.57071,-2.32
10,Jaraguá cave,55,JAR7,27099,14179.82165,27.13550964,26.97915354,-5.5526,-2.3
10,Jaraguá cave,55,JAR7,27100,14183.79583,26.57656053,26.68040801,-5.5953,-2.45
10,Jaraguá cave,55,JAR7,27101,14187.81649,26.11520697,26.68845994,-6.12555,-2.48
10,Jaraguá cave,55,JAR7,27102,14191.92502,25.33212261,26.6030518,-5.624,-2.6
10,Jaraguá cave,55,JAR7,27103,14195.83714,24.94764205,26.53332403,-5.6489,-2.77
10,Jaraguá cave,55,JAR7,27104,14200.01508,24.4149592,26.85847404,-5.53758,-2.22
10,Jaraguá cave,55,JAR7,27105,14204.07887,24.26766021,27.30083527,-5.84561,-1.61
10,Jaraguá cave,55,JAR7,27106,14208.101,24.35197517,27.46211685,-5.87503,-1.44
10,Jaraguá cave,55,JAR7,27107,14212.12104,24.45977851,28.01570218,-5.56001,-1.46
10,Jaraguá cave,55,JAR7,27108,14216.10401,24.45723809,28.26431545,-5.4775,-1.85
10,Jaraguá cave,55,JAR7,27109,14220.13047,24.61975752,29.15153417,-5.80363,-1.38
10,Jaraguá cave,55,JAR7,27110,14224.19257,24.3487847,29.61994558,-6.10353,-2.59
10,Jaraguá cave,55,JAR7,27111,14228.22617,24.80297947,30.251342,-4.47203,-2.29
10,Jaraguá cave,55,JAR7,27112,14232.32073,25.30447477,31.20024507,-4.59549,-1.07
10,Jaraguá cave,55,JAR7,27113,14236.35852,25.97964953,31.70351135,-4.68088,-1.61
10,Jaraguá cave,55,JAR7,27114,14240.20732,26.44573873,32.05717584,-4.47677,-2.14
10,Jaraguá cave,55,JAR7,27115,14244.1559,27.4641767,32.89735943,-4.47049,-1.26
10,Jaraguá cave,55,JAR7,27116,14248.02802,28.01172532,33.5521418,-4.7243,-2.59
10,Jaraguá cave,55,JAR7,27117,14251.98309,28.99362419,34.47417899,-5.17873,-2.65
10,Jaraguá cave,55,JAR7,27118,14255.91761,29.86021115,35.65830241,-5.64962,-2.46
10,Jaraguá cave,55,JAR7,27119,14259.8459,30.51056977,36.72692274,-6.12905,-2.45
10,Jaraguá cave,55,JAR7,27120,14264.07369,31.06202312,37.8361513,-5.91608,-2.46
10,Jaraguá cave,55,JAR7,27121,14268.18748,31.82627319,38.67087656,-5.23953,-2.59
10,Jaraguá cave,55,JAR7,27122,14272.1344,32.59371096,39.79489715,-5.29581,-2.48
10,Jaraguá cave,55,JAR7,27123,14276.32128,33.42139221,41.55293888,-5.74746,-2.52
10,Jaraguá cave,55,JAR7,27124,14280.4278,34.43112188,41.77153428,-5.59018,-2.58
10,Jaraguá cave,55,JAR7,27125,14287.64227,30.36442008,35.97195902,-4.93924,-2.34
10,Jaraguá cave,55,JAR7,27126,14294.56555,27.47459051,30.60748596,-4.36351,-2.26
10,Jaraguá cave,55,JAR7,27127,14301.59668,24.94324733,25.88560539,-4.48065,-2.18
10,Jaraguá cave,55,JAR7,27128,14308.90436,23.12042573,23.28393613,-4.76244,-2.08
10,Jaraguá cave,55,JAR7,27129,14316.33841,22.75906585,22.06974009,-4.72602,-1.67
10,Jaraguá cave,55,JAR7,27130,14323.88332,24.36869209,23.05299195,-5.00522,-1.04
10,Jaraguá cave,55,JAR7,27131,14332.47044,26.8284135,25.14525774,-4.32388,-2.09
10,Jaraguá cave,55,JAR7,27132,14354.12498,25.49551406,24.95305811,-4.52059,-1.08
10,Jaraguá cave,55,JAR7,27133,14375.456,24.78201127,24.59503862,-5.1788,0.09
10,Jaraguá cave,55,JAR7,27134,14396.70771,25.5003314,24.0782214,-5.73969,-0.56
10,Jaraguá cave,55,JAR7,27135,14418.26356,25.46049676,25.26312913,-5.84427,-1.4
10,Jaraguá cave,55,JAR7,27136,14439.83402,26.2104996,26.39096821,-4.44247,-1.57
10,Jaraguá cave,55,JAR7,27137,14461.6199,27.27740958,28.33753134,-4.62954,-1.58
10,Jaraguá cave,55,JAR7,27138,14483.29665,28.56073991,30.34572176,-4.99308,-1.88
10,Jaraguá cave,55,JAR7,27139,14504.80907,30.6027543,32.42879114,-6.2045,-2.09
10,Jaraguá cave,55,JAR7,27140,14526.52299,32.21026438,34.887323,-6.17462,-2.38
10,Jaraguá cave,55,JAR7,27141,14548.06634,34.59093277,37.40725661,-7.15187,-2.24
10,Jaraguá cave,55,JAR7,27142,14569.25644,38.02513174,39.32476561,-6.54719,-1.82
10,Jaraguá cave,55,JAR7,27143,14590.62618,40.74960016,41.72145853,-7.03006,-1.87
10,Jaraguá cave,55,JAR7,27144,14611.68703,43.34001707,43.69113145,-7.32057,-1.75
10,Jaraguá cave,55,JAR7,27145,14632.9718,46.21377282,46.08212123,-6.30037,-2.14
10,Jaraguá cave,55,JAR7,27146,14654.38176,48.93997895,48.73070163,-5.60159,-2.27
10,Jaraguá cave,55,JAR7,27147,14675.91689,51.93291503,51.7020643,-4.67591,-2.08
10,Jaraguá cave,55,JAR7,27148,14697.47027,54.92829372,54.69898431,-4.59893,-0.77
10,Jaraguá cave,55,JAR7,27149,14718.85068,57.74398055,57.09712248,-5.63479,-0.35
10,Jaraguá cave,55,JAR7,27150,14740.51145,60.25762211,60.31340831,-6.43722,0.17
10,Jaraguá cave,55,JAR7,27151,14761.89998,63.40204307,62.90842606,-6.88449,-0.37
10,Jaraguá cave,55,JAR7,27152,14783.23537,66.8617445,65.6369992,-5.84707,-0.16
10,Jaraguá cave,55,JAR7,27153,14804.52832,70.39503818,68.41317771,-5.9392,0.2
10,Jaraguá cave,55,JAR7,27154,14826.1859,73.27410454,71.90800479,-5.7316,0.89
10,Jaraguá cave,55,JAR7,27155,14847.64132,76.07472562,75.19038771,-6.10054,1.41
10,Jaraguá cave,55,JAR7,27156,14869.0354,78.91801849,78.25573009,-6.1961,1.38
10,Jaraguá cave,55,JAR7,27157,14890.64258,81.89659716,81.50049226,-6.16404,0.84
10,Jaraguá cave,55,JAR7,27158,14912.19143,84.58177126,84.32425862,-6.54636,0.19
10,Jaraguá cave,55,JAR7,27159,14934.01342,87.66100869,87.58124032,-6.66257,0.02
10,Jaraguá cave,55,JAR7,27160,14954.63417,89.83144247,89.82807556,-6.37382,0.09
10,Jaraguá cave,55,JAR7,27161,14972.59574,88.00435448,88.55355358,-7.31009,0.04
10,Jaraguá cave,55,JAR7,27162,14990.34891,86.86498708,86.69652753,-7.18092,-0.35
10,Jaraguá cave,55,JAR7,27163,15008.21449,85.4050881,84.62130221,-6.86146,-0.2
10,Jaraguá cave,55,JAR7,27164,15025.8715,84.06144683,82.48111132,-6.67979,0.2
10,Jaraguá cave,55,JAR7,27165,15043.90006,82.58698595,81.02490876,-5.26139,-0.23
10,Jaraguá cave,55,JAR7,27166,15061.97598,81.23635627,79.69480013,-5.9004,1.6
10,Jaraguá cave,55,JAR7,27167,15079.91938,79.99412595,78.2113945,-6.51109,0.58
10,Jaraguá cave,55,JAR7,27168,15097.83431,78.91565581,76.60353885,-6.92226,0.42
10,Jaraguá cave,55,JAR7,27169,15115.85103,77.68755901,74.96414298,-7.04251,0.36
10,Jaraguá cave,55,JAR7,27170,15133.73386,76.46759613,73.33883244,-6.9564,0.17
10,Jaraguá cave,55,JAR7,27171,15151.81951,75.04280754,71.89047254,-6.79579,0.67
10,Jaraguá cave,55,JAR7,27172,15170.03559,72.88692423,70.6697581,-6.44604,0.56
10,Jaraguá cave,55,JAR7,27173,15187.96335,71.74974171,69.09047351,-6.45828,0.36
10,Jaraguá cave,55,JAR7,27174,15205.76962,70.23051407,67.56433543,-6.72855,-0.19
10,Jaraguá cave,55,JAR7,27175,15223.66668,68.3972552,65.76336591,-7.27647,-0.74
10,Jaraguá cave,55,JAR7,27176,15241.22704,67.37269234,63.74639091,-7.26433,-0.77
10,Jaraguá cave,55,JAR7,27177,15259.21252,65.42018923,62.19134701,-7.15,-0.52
10,Jaraguá cave,55,JAR7,27178,15277.09502,63.94232896,60.82489617,-7.11586,-0.24
10,Jaraguá cave,55,JAR7,27179,15295.14914,62.67197777,59.56328832,-6.79672,-0.29
10,Jaraguá cave,55,JAR7,27180,15313.10489,61.15207112,58.84796669,-6.3981,0.13
10,Jaraguá cave,56,JAR14,27458,15321.91586,176.3457402,168.6754611,-6.61802,-1.05
10,Jaraguá cave,56,JAR14,27459,15327.19381,173.9621228,166.4561572,-6.52071,-0.57
10,Jaraguá cave,55,JAR7,27181,15331.3382,59.24353149,58.13709245,-6.30182,0.66
10,Jaraguá cave,56,JAR14,27460,15332.70527,171.4012165,164.4703776,-6.50661,0.41
10,Jaraguá cave,56,JAR14,27461,15337.79993,169.2051822,162.4426686,-5.8196,0.06
10,Jaraguá cave,56,JAR14,27462,15342.93616,167.058347,160.5005216,-6.52101,-0.67
10,Jaraguá cave,56,JAR14,27463,15348.2568,164.9430114,158.782154,-6.81586,-0.95
10,Jaraguá cave,55,JAR7,27182,15349.56845,57.94347698,56.99357012,-6.72741,0.63
10,Jaraguá cave,56,JAR14,27464,15353.53964,162.8654851,157.4470491,-6.77143,-0.86
10,Jaraguá cave,56,JAR14,27465,15358.82214,160.788296,155.6806413,-6.66264,-0.83
10,Jaraguá cave,56,JAR14,27466,15363.92666,158.8890809,154.3680673,-7.0555,-0.91
10,Jaraguá cave,55,JAR7,27183,15367.26366,57.14339876,55.34348095,-7.01937,0.1
10,Jaraguá cave,56,JAR14,27467,15368.96871,157.052344,152.3655331,-7.28417,-0.81
10,Jaraguá cave,56,JAR14,27468,15373.96345,155.2629163,150.2044077,-6.78866,-0.76
10,Jaraguá cave,56,JAR14,27469,15379.3321,153.0995691,148.4172018,-6.65932,-0.76
10,Jaraguá cave,56,JAR14,27470,15384.83041,150.8065764,146.6684434,-6.91468,-0.8
10,Jaraguá cave,55,JAR7,27184,15385.35042,55.95013364,53.96471208,-6.94301,-0.18
10,Jaraguá cave,56,JAR14,27471,15390.29345,148.5488458,144.9406476,-7.2201,-0.68
10,Jaraguá cave,56,JAR14,27472,15395.58728,146.4732764,143.3130487,-7.90921,-0.68
10,Jaraguá cave,56,JAR14,27473,15400.60523,144.6995465,141.261916,-7.25334,-0.79
10,Jaraguá cave,55,JAR7,27185,15403.47591,54.58059922,52.7847454,-7.12261,-0.27
10,Jaraguá cave,56,JAR14,27474,15405.94656,142.9260032,139.7946515,-6.9393,-0.81
10,Jaraguá cave,56,JAR14,27475,15411.16498,141.1325544,138.2541299,-7.05943,-0.85
10,Jaraguá cave,56,JAR14,27476,15416.10837,139.5897099,136.3606744,-7.43452,-0.79
10,Jaraguá cave,56,JAR14,27477,15421.22758,137.9883829,133.930956,-5.83542,-0.07
10,Jaraguá cave,55,JAR7,27186,15421.37724,53.47085879,50.50412107,-7.49913,-0.48
10,Jaraguá cave,56,JAR14,27478,15426.45068,136.3655255,131.6371091,-6.19615,-0.9
10,Jaraguá cave,56,JAR14,27479,15431.51761,134.8988294,129.5800099,-6.78211,-0.61
10,Jaraguá cave,56,JAR14,27480,15436.82229,133.1629348,127.7405758,-6.93956,-0.57
10,Jaraguá cave,55,JAR7,27187,15439.63123,51.61486111,49.54361106,-7.00993,-0.44
10,Jaraguá cave,56,JAR14,27481,15442.05369,131.4098661,125.8278626,-7.05339,-1.23
10,Jaraguá cave,56,JAR14,27482,15447.63913,129.2563825,124.269188,-6.52091,-0.8
10,Jaraguá cave,56,JAR14,27483,15452.79887,127.186393,122.3260157,-7.3437,-1.08
10,Jaraguá cave,55,JAR7,27188,15457.72318,50.35495787,47.98992859,-6.40852,-0.17
10,Jaraguá cave,56,JAR14,27484,15458.16398,125.1125209,120.5632747,-7.01722,-1.08
10,Jaraguá cave,56,JAR14,27485,15463.41599,123.3358536,118.6486955,-6.73597,-1.06
10,Jaraguá cave,56,JAR14,27486,15468.48934,121.4650222,116.7613655,-6.28993,-0.8
10,Jaraguá cave,56,JAR14,27487,15473.83791,119.2563808,115.0609428,-6.05341,-0.91
10,Jaraguá cave,55,JAR7,27189,15476.03754,48.63420897,47.23952992,-5.95833,-0.06
10,Jaraguá cave,56,JAR14,27488,15478.9349,117.6585677,113.1483376,-6.22334,-0.75
10,Jaraguá cave,56,JAR14,27489,15484.79159,115.0162067,111.9892507,-6.80598,-0.43
10,Jaraguá cave,56,JAR14,27490,15489.78326,113.5896976,109.965142,-6.45906,-0.39
10,Jaraguá cave,55,JAR7,27190,15493.98658,47.46775121,46.06502283,-5.52254,0.15
10,Jaraguá cave,56,JAR14,27491,15494.99461,111.9912173,108.1089889,-7.29555,-0.58
10,Jaraguá cave,56,JAR14,27492,15500.10137,110.2752192,106.0704502,-7.65607,-0.52
10,Jaraguá cave,56,JAR14,27493,15505.33953,108.0919615,104.311203,-7.02256,-0.51
10,Jaraguá cave,56,JAR14,27494,15510.62521,105.7167168,102.721623,-7.32567,-0.56
10,Jaraguá cave,55,JAR7,27191,15512.28505,45.53760267,45.07584443,-6.06116,0.39
10,Jaraguá cave,56,JAR14,27495,15515.81191,103.8992355,101.0815836,-8.29694,-1.08
10,Jaraguá cave,56,JAR14,27496,15521.01144,102.1872694,99.12298726,-7.87114,-1.08
10,Jaraguá cave,56,JAR14,27497,15526.58225,99.873503,97.72012989,-7.37603,-1.21
10,Jaraguá cave,55,JAR7,27192,15530.23161,44.38321968,43.79911743,-5.95692,0.18
10,Jaraguá cave,56,JAR14,27498,15532.00325,97.85563793,96.44378596,-6.91085,-0.84
10,Jaraguá cave,56,JAR14,27499,15537.24066,95.93393778,94.86317049,-7.02921,-0.88
10,Jaraguá cave,56,JAR14,27500,15542.62494,93.85324529,93.28721738,-7.01531,-0.42
10,Jaraguá cave,56,JAR14,27501,15547.9447,92.20485589,91.5352096,-6.91286,-0.34
10,Jaraguá cave,55,JAR7,27193,15548.40935,43.30432447,42.65602572,-5.20386,-0.32
10,Jaraguá cave,56,JAR14,27502,15553.45216,90.42929765,90.08389095,-6.6988,-0.56
10,Jaraguá cave,56,JAR14,27503,15558.7727,87.96135353,88.27673473,-6.80357,-0.7
10,Jaraguá cave,56,JAR14,27504,15563.97504,86.11876469,85.92173334,-7.20479,-0.82
10,Jaraguá cave,55,JAR7,27194,15566.29817,42.34221282,41.3191097,-5.42609,0.07
10,Jaraguá cave,56,JAR14,27505,15569.35814,84.03538668,84.72522761,-6.54297,-0.54
10,Jaraguá cave,56,JAR14,27506,15574.4037,82.42282319,82.66598129,-6.64038,-0.42
10,Jaraguá cave,56,JAR14,27507,15579.7445,80.74658854,81.14941586,-7.46609,-0.91
10,Jaraguá cave,55,JAR7,27195,15584.13976,41.45606576,39.62484925,-5.07364,0.74
10,Jaraguá cave,56,JAR14,27508,15584.94603,79.14185328,79.2301936,-7.69455,-0.76
10,Jaraguá cave,56,JAR14,27509,15590.02086,78.09892732,77.75240137,-6.97955,-0.24
10,Jaraguá cave,56,JAR14,27510,15595.40758,76.38152986,75.8155004,-7.44614,-0.49
10,Jaraguá cave,56,JAR14,27511,15600.66773,74.3474923,74.53917456,-7.56752,-0.63
10,Jaraguá cave,55,JAR7,27196,15602.22395,39.96813319,38.84450417,-5.66748,0.17
10,Jaraguá cave,56,JAR14,27512,15605.91854,72.99696221,73.16478825,-7.12732,-0.6
10,Jaraguá cave,56,JAR14,27513,15611.43568,71.1539009,72.02532396,-6.8076,-0.54
10,Jaraguá cave,56,JAR14,27514,15616.63505,69.44160915,70.09106883,-6.59596,-0.62
10,Jaraguá cave,55,JAR7,27197,15620.46441,38.40495144,38.31698843,-5.2884,0.16
10,Jaraguá cave,56,JAR14,27515,15621.99669,68.25885279,68.26235822,-6.94195,-0.71
10,Jaraguá cave,56,JAR14,27516,15627.26047,66.71283638,66.29403517,-7.0094,-0.5
10,Jaraguá cave,56,JAR14,27517,15632.39788,64.26203565,64.16931959,-7.25465,-0.44
10,Jaraguá cave,56,JAR14,27518,15637.85105,62.23274066,62.72468583,-6.56011,-0.5
10,Jaraguá cave,55,JAR7,27198,15638.32445,37.28196046,37.20278412,-6.13823,0.14
10,Jaraguá cave,56,JAR14,27519,15643.18639,60.74744805,61.69879333,-7.02057,-0.62
10,Jaraguá cave,56,JAR14,27520,15648.32502,59.60957574,59.97561294,-6.73376,-0.56
10,Jaraguá cave,56,JAR14,27521,15653.55888,58.54007942,57.90406424,-6.5678,-0.42
10,Jaraguá cave,55,JAR7,27199,15656.43274,36.45081395,36.17131212,-6.20047,-0.13
10,Jaraguá cave,56,JAR14,27522,15664.12891,55.84157844,56.6328754,-6.13649,-0.94
10,Jaraguá cave,56,JAR14,27523,15669.2071,54.31408072,55.37215795,-6.25504,-0.68
10,Jaraguá cave,56,JAR14,27524,15674.29259,53.1582699,54.44392909,-6.09051,-0.48
10,Jaraguá cave,55,JAR7,27200,15674.38684,35.64834245,35.77288411,-5.89327,-0.17
10,Jaraguá cave,56,JAR14,27525,15679.64534,51.8713236,53.34841188,-6.24379,-0.36
10,Jaraguá cave,56,JAR14,27526,15684.60867,51.48648476,51.75975307,-6.98251,-0.5
10,Jaraguá cave,56,JAR14,27527,15689.7002,50.35981313,50.51428924,-6.12293,-0.17
10,Jaraguá cave,55,JAR7,27201,15692.46448,34.86460308,35.59184643,-6.20664,-0.16
10,Jaraguá cave,56,JAR14,27528,15694.96554,49.10815749,49.9873958,-6.35955,-0.1
10,Jaraguá cave,56,JAR14,27529,15700.31483,48.00876359,48.83144532,-7.1407,-0.09
10,Jaraguá cave,56,JAR14,27530,15705.38362,47.60333258,47.52303789,-6.51574,-0.19
10,Jaraguá cave,55,JAR7,27202,15710.42622,33.79298974,34.80454626,-6.29627,-0.39
10,Jaraguá cave,56,JAR14,27531,15710.46966,46.99885443,46.45240968,-6.77938,-0.5
10,Jaraguá cave,56,JAR14,27532,15715.51267,46.73211896,45.35892994,-6.64782,-0.98
10,Jaraguá cave,56,JAR14,27533,15720.7436,45.41951067,44.42042759,-6.68388,-0.75
10,Jaraguá cave,56,JAR14,27534,15725.64472,45.07710059,42.69573986,-6.66195,-0.49
10,Jaraguá cave,55,JAR7,27203,15728.52938,32.59011325,34.35022783,-6.13715,-0.32
10,Jaraguá cave,56,JAR14,27535,15730.93484,44.53021389,42.10932154,-6.66465,-0.58
10,Jaraguá cave,56,JAR14,27536,15736.05167,44.16733823,41.65614939,-6.85719,-0.61
10,Jaraguá cave,56,JAR14,27537,15741.44253,43.31479298,40.97051961,-7.19065,-0.59
10,Jaraguá cave,55,JAR7,27204,15746.44017,31.97298672,33.70018164,-5.02071,0.07
10,Jaraguá cave,56,JAR14,27538,15746.61856,43.0620555,40.24221235,-6.45391,-0.77
10,Jaraguá cave,56,JAR14,27539,15752.11443,42.54000946,40.13747437,-6.74584,-0.82
10,Jaraguá cave,56,JAR14,27540,15757.12335,42.3757845,39.47271854,-7.07783,-0.83
10,Jaraguá cave,56,JAR14,27541,15762.31996,42.52398024,39.79440825,-6.1778,-0.97
10,Jaraguá cave,55,JAR7,27205,15764.54663,31.48768108,33.72268968,-4.60494,0.51
10,Jaraguá cave,56,JAR14,27542,15767.52775,42.62803645,39.50235725,-7.0241,-1.75
10,Jaraguá cave,56,JAR14,27543,15772.60235,42.71452776,38.94830164,-6.8409,-1.31
10,Jaraguá cave,56,JAR14,27544,15777.89768,42.8694321,39.26411608,-6.9683,-1.01
10,Jaraguá cave,55,JAR7,27206,15782.56778,30.96666955,33.20178052,-4.60408,0.97
10,Jaraguá cave,56,JAR14,27545,15783.25473,43.38369944,39.172061,-6.94596,-0.9
10,Jaraguá cave,56,JAR14,27546,15788.38427,43.69379808,39.31504982,-7.4192,-1.28
10,Jaraguá cave,56,JAR14,27547,15793.43604,44.59486336,39.77298382,-6.49433,-1.11
10,Jaraguá cave,56,JAR14,27548,15800.07654,43.91274144,39.1937104,-6.62142,-0.91
10,Jaraguá cave,55,JAR7,27207,15800.72232,30.14075392,32.77159768,-4.16785,0.79
10,Jaraguá cave,56,JAR14,27549,15806.81727,43.17049001,38.80183077,-6.47955,-0.98
10,Jaraguá cave,56,JAR14,27550,15813.59481,42.56824328,38.19747533,-6.74142,-0.93
10,Jaraguá cave,55,JAR7,27208,15818.74521,29.60398678,32.19082722,-4.98889,0.34
10,Jaraguá cave,56,JAR14,27551,15820.27351,41.83719489,37.49222718,-6.74664,-0.24
10,Jaraguá cave,56,JAR14,27552,15827.10342,40.94845707,37.34473269,-6.8038,-1.22
10,Jaraguá cave,56,JAR14,27553,15833.68176,40.19673336,37.1244339,-6.23329,-0.93
10,Jaraguá cave,55,JAR7,27209,15836.62573,29.46443015,31.40075388,-4.70723,0.1
10,Jaraguá cave,56,JAR14,27554,15840.32459,39.49443298,36.68931434,-5.7454,-0.94
10,Jaraguá cave,56,JAR14,27555,15847.02563,39.26637787,36.17982356,-6.49163,-1.16
10,Jaraguá cave,56,JAR14,27556,15853.76842,38.40193193,35.63129626,-6.61166,-0.75
10,Jaraguá cave,55,JAR7,27210,15854.56824,29.27624206,31.43040512,-5.05697,0.74
10,Jaraguá cave,56,JAR14,27557,15860.49575,37.57870407,35.3767136,-7.0027,-0.79
10,Jaraguá cave,55,JAR7,27211,15872.49625,29.34503834,31.20664087,-4.51077,0.37
10,Jaraguá cave,56,JAR14,27558,15873.99237,36.18463262,34.86668132,-7.44962,-1.06
10,Jaraguá cave,56,JAR14,27559,15887.58791,34.74458958,34.35805035,-6.25761,-0.92
10,Jaraguá cave,55,JAR7,27212,15890.62391,29.28082122,31.43691256,-4.60537,0.17
10,Jaraguá cave,56,JAR14,27560,15894.15864,34.40849751,33.83532139,-6.21012,-0.88
10,Jaraguá cave,56,JAR14,27561,15900.6546,34.045868,33.1634586,-6.35654,-0.43
10,Jaraguá cave,56,JAR14,27562,15907.33593,33.54720197,32.70916518,-6.66642,-0.65
10,Jaraguá cave,55,JAR7,27213,15908.43897,29.33417508,31.21397284,-4.0688,-0.65
10,Jaraguá cave,56,JAR14,27563,15913.85577,33.19748159,32.22459919,-6.49776,-0.5
10,Jaraguá cave,55,JAR7,27214,15926.42014,29.68904157,31.798971,-4.40988,-0.57
10,Jaraguá cave,56,JAR14,27564,15933.73976,32.08775298,30.83067641,-6.64088,-0.56
10,Jaraguá cave,56,JAR14,27565,15940.21426,31.84802057,30.40785018,-6.72285,-1.25
10,Jaraguá cave,55,JAR7,27215,15944.20674,30.22740736,31.3342284,-4.77045,-0.56
10,Jaraguá cave,56,JAR14,27566,15947.09275,31.43904265,30.17702426,-7.09274,-1.15
10,Jaraguá cave,56,JAR14,27567,15953.5923,31.66187128,29.88550603,-6.57918,-0.76
10,Jaraguá cave,56,JAR14,27568,15960.32222,31.45554702,29.61142244,-6.39337,-0.27
10,Jaraguá cave,55,JAR7,27216,15962.19444,30.42632482,31.07858047,-4.27912,-0.59
10,Jaraguá cave,56,JAR14,27569,15966.94594,31.44196394,29.45399463,-6.28159,-0.67
10,Jaraguá cave,56,JAR14,27570,15973.54655,31.44932281,29.30330452,-5.88241,-0.6
10,Jaraguá cave,56,JAR14,27571,15980.22238,31.03373675,29.41217428,-5.42089,-0.04
10,Jaraguá cave,55,JAR7,27217,15980.36745,30.61013403,31.99923383,-5.41007,-0.47
10,Jaraguá cave,56,JAR14,27572,15986.9155,30.90744969,29.56544676,-5.57335,-0.06
10,Jaraguá cave,56,JAR14,27573,15993.60268,30.79169725,29.47305857,-5.61164,0.19
10,Jaraguá cave,56,JAR14,27574,16000.2678,30.4754722,29.42800434,-5.89546,-0.02
10,Jaraguá cave,55,JAR7,27218,16005.10473,30.72530084,33.90793295,-4.68483,-1.1
10,Jaraguá cave,56,JAR14,27575,16007.14861,29.89600759,29.7934164,-5.92324,-0.45
10,Jaraguá cave,56,JAR14,27576,16013.94731,29.88011052,30.0290209,-6.18531,-0.79
10,Jaraguá cave,56,JAR14,27577,16020.66525,29.99046809,30.21707566,-5.90229,-0.54
10,Jaraguá cave,56,JAR14,27578,16027.33422,30.07298111,30.44886327,-5.24096,0.69
10,Jaraguá cave,55,JAR7,27219,16033.3509,38.62084036,46.11062947,-4.80563,-0.85
10,Jaraguá cave,56,JAR14,27579,16033.95151,30.15728901,30.57098772,-5.11304,-0.1
10,Jaraguá cave,56,JAR14,27580,16040.65709,30.53256621,30.80551254,-5.05322,-0.49
10,Jaraguá cave,56,JAR14,27581,16047.53925,30.11405707,31.15626111,-4.96014,-0.78
10,Jaraguá cave,56,JAR14,27582,16054.17603,30.47622402,31.36419538,-4.96993,-0.69
10,Jaraguá cave,56,JAR14,27583,16060.71989,30.96472394,31.64410699,-4.8578,-0.36
10,Jaraguá cave,55,JAR7,27220,16062.68264,50.12107894,65.63900651,-4.85423,-0.93
10,Jaraguá cave,56,JAR14,27584,16067.51412,31.20851264,32.13704252,-4.53787,0.39
10,Jaraguá cave,56,JAR14,27585,16074.12226,31.49900563,31.9206394,-5.16449,0.14
10,Jaraguá cave,56,JAR14,27586,16080.96594,31.38799843,32.47313065,-4.93534,0.04
10,Jaraguá cave,56,JAR14,27587,16087.62568,31.68596154,32.95783501,-4.971,0.25
10,Jaraguá cave,55,JAR7,27221,16091.65575,63.59581076,86.60690548,-5.19369,-1.02
10,Jaraguá cave,56,JAR14,27588,16094.39558,31.90196797,33.56678147,-5.52681,0.02
10,Jaraguá cave,56,JAR14,27589,16100.86859,32.50604942,33.6493892,-5.57695,-0.19
10,Jaraguá cave,56,JAR14,27590,16107.46799,33.12192555,33.82573046,-5.57915,-0.32
10,Jaraguá cave,56,JAR14,27591,16114.08975,33.76713547,34.22298643,-5.53386,-0.12
10,Jaraguá cave,55,JAR7,27222,16119.98621,78.67504974,107.879943,-5.17799,-1.12
10,Jaraguá cave,56,JAR14,27592,16120.73064,33.77202228,34.56420121,-5.62444,0.31
10,Jaraguá cave,56,JAR14,27593,16127.25957,34.01849017,34.77787708,-5.93365,0.08
10,Jaraguá cave,56,JAR14,27594,16134.08531,34.68934529,35.34979897,-6.16698,-0.1
10,Jaraguá cave,56,JAR14,27595,16140.71009,34.75564521,35.74532495,-6.06422,0.35
10,Jaraguá cave,55,JAR7,27223,16149.70764,91.93879383,130.8332118,-5.17951,-0.8
10,Jaraguá cave,56,JAR14,27596,16153.7777,36.13627245,36.25048511,-5.80544,1.67
10,Jaraguá cave,56,JAR14,27597,16160.46802,36.69928306,36.81436632,-5.70713,1.68
10,Jaraguá cave,56,JAR14,27598,16166.98908,37.63655755,37.33959445,-5.31818,1.63
10,Jaraguá cave,56,JAR14,27599,16173.61398,37.91326322,37.79636328,-5.31937,1.61
10,Jaraguá cave,55,JAR7,27224,16178.65552,107.3300886,153.7623831,-3.96749,-1.05
10,Jaraguá cave,56,JAR14,27600,16180.29724,38.38202844,38.20432659,-5.55919,0.87
10,Jaraguá cave,56,JAR14,27601,16186.82874,39.16068402,38.68043555,-6.05435,0.54
10,Jaraguá cave,56,JAR14,27602,16193.49407,39.59324395,39.30068534,-5.95197,1.49
10,Jaraguá cave,56,JAR14,27603,16200.16145,40.60643996,39.80814835,-6.40084,0.82
10,Jaraguá cave,56,JAR14,27604,16207.0666,41.2696084,40.75620102,-6.40492,0.81
10,Jaraguá cave,55,JAR7,27225,16207.18701,123.51769,178.0742186,-4.7042,-0.46
10,Jaraguá cave,56,JAR14,27605,16213.62998,41.60559422,41.30553731,-6.67634,0.72
10,Jaraguá cave,56,JAR14,27606,16220.33975,42.44069561,41.93417174,-6.69121,0.52
10,Jaraguá cave,56,JAR14,27607,16227.02836,43.31909889,42.61080467,-6.55285,0.22
10,Jaraguá cave,56,JAR14,27608,16233.78673,43.9430033,43.43177698,-6.92976,0.12
10,Jaraguá cave,55,JAR7,27226,16235.59566,139.613018,201.0548273,-5.15764,-0.45
10,Jaraguá cave,56,JAR14,27609,16241.36859,43.0475178,42.119532,-6.42153,0.4
10,Jaraguá cave,56,JAR14,27610,16256.84716,40.89954567,40.27374984,-6.53337,0.56
10,Jaraguá cave,56,JAR14,27611,16264.50728,40.34363305,39.10648359,-6.74031,0.79
10,Jaraguá cave,55,JAR7,27227,16264.97023,155.7249979,226.3093405,-5.0166,-0.63
10,Jaraguá cave,56,JAR14,27612,16272.24805,39.11492267,38.27310661,-7.21616,0.58
10,Jaraguá cave,56,JAR14,27613,16280.11116,37.42373994,37.37779666,-7.56124,0.38
10,Jaraguá cave,56,JAR14,27614,16287.87741,36.31518,36.4633067,-6.99206,0.28
10,Jaraguá cave,56,JAR14,27615,16295.56551,35.54672533,35.57805901,-6.65043,0.95
10,Jaraguá cave,56,JAR14,27616,16303.07479,34.5974815,34.53154145,-5.74338,1.12
10,Jaraguá cave,56,JAR14,27617,16310.7095,34.33512267,33.82511503,-6.48818,0.51
10,Jaraguá cave,56,JAR14,27618,16318.27145,33.89216195,33.52360321,-5.79366,0.4
10,Jaraguá cave,56,JAR14,27619,16326.06796,33.51521908,32.94362538,-6.66297,0.06
10,Jaraguá cave,56,JAR14,27620,16333.54514,33.14523128,32.27786549,-7.26798,0.45
10,Jaraguá cave,56,JAR14,27621,16341.21344,32.48107453,31.86660761,-7.28242,0.31
10,Jaraguá cave,56,JAR14,27622,16349.13253,31.77297513,31.79818883,-6.73853,0.44
10,Jaraguá cave,56,JAR14,27623,16357.01789,31.27524369,31.94258152,-6.5609,1.21
10,Jaraguá cave,56,JAR14,27624,16364.75755,31.27846834,31.52763136,-6.68831,1.18
10,Jaraguá cave,56,JAR14,27625,16372.50342,30.70871885,31.29326786,-5.86587,2.03
10,Jaraguá cave,56,JAR14,27626,16380.30637,30.91459014,31.27771019,-6.39723,1.25
10,Jaraguá cave,56,JAR14,27627,16388.04273,31.12628513,31.35953972,-6.6448,0.99
10,Jaraguá cave,56,JAR14,27628,16396.11333,31.16219704,32.0263796,-5.89999,0.98
10,Jaraguá cave,56,JAR14,27629,16403.79038,31.37821711,32.61391839,-6.16557,0.7
10,Jaraguá cave,56,JAR14,27630,16411.46282,31.93090991,32.94864074,-5.98215,0.88
10,Jaraguá cave,56,JAR14,27631,16419.11685,32.45583337,33.39399537,-5.66934,0.62
10,Jaraguá cave,56,JAR14,27632,16426.88634,32.77365047,33.91176032,-6.15066,1.15
10,Jaraguá cave,56,JAR14,27633,16434.7047,33.63863001,34.98481453,-6.56854,0.53
10,Jaraguá cave,56,JAR14,27634,16442.12902,34.48925442,35.77920601,-6.30076,0.38
10,Jaraguá cave,56,JAR14,27635,16449.97022,35.10940089,36.96604094,-6.09983,1.05
10,Jaraguá cave,55,JAR7,27228,16451.29058,66.80725488,64.69425345,-5.72311,-0.09
10,Jaraguá cave,55,JAR7,27229,16454.52302,66.06806292,64.52604514,-5.35421,-0.43
10,Jaraguá cave,56,JAR14,27636,16457.67989,35.67214267,37.82761047,-6.61077,0.95
10,Jaraguá cave,55,JAR7,27230,16457.73182,66.66668588,64.6562981,-4.52679,-0.45
10,Jaraguá cave,55,JAR7,27231,16460.75918,66.97357351,65.13952477,-4.72921,0.64
10,Jaraguá cave,55,JAR7,27232,16464.22333,67.63696234,64.75752268,-5.27119,0.1
10,Jaraguá cave,56,JAR14,27637,16465.38192,36.37852267,38.9167258,-6.2078,1.04
10,Jaraguá cave,55,JAR7,27233,16466.99622,68.08127538,65.38309446,-4.82306,-0.74
10,Jaraguá cave,55,JAR7,27234,16469.97719,68.29335788,65.892217,-5.09962,-0.61
10,Jaraguá cave,56,JAR14,27638,16473.11351,37.88796102,40.13111076,-5.9058,1.4
10,Jaraguá cave,55,JAR7,27235,16473.32589,68.78130644,66.27757016,-5.82291,-0.73
10,Jaraguá cave,55,JAR7,27236,16476.47316,69.40640115,66.61103083,-4.94375,-0.88
10,Jaraguá cave,55,JAR7,27237,16479.76142,70.08198442,67.67447876,-4.81754,-1.1
10,Jaraguá cave,56,JAR14,27639,16480.73813,38.49933217,40.86915507,-6.87315,0.71
10,Jaraguá cave,55,JAR7,27238,16483.06709,70.57565177,69.59802891,-4.98196,-1.21
10,Jaraguá cave,55,JAR7,27239,16485.92563,72.09004839,70.90285611,-4.23041,-1.13
10,Jaraguá cave,56,JAR14,27640,16488.59547,39.08103857,41.69777772,-7.12852,0.08
10,Jaraguá cave,55,JAR7,27240,16489.12652,72.82197018,71.92136097,-3.57575,0.7
10,Jaraguá cave,55,JAR7,27241,16492.41774,74.43730698,73.59536543,-4.10268,0.75
10,Jaraguá cave,55,JAR7,27242,16495.89973,75.82085252,75.40945652,-4.73419,-0.92
10,Jaraguá cave,56,JAR14,27641,16496.38819,39.81164963,43.1002897,-6.09883,0.9
10,Jaraguá cave,55,JAR7,27243,16498.86071,77.15321954,76.68516615,-4.5729,-0.94
10,Jaraguá cave,55,JAR7,27244,16502.33726,78.57626043,79.16849275,-4.49875,-0.61
10,Jaraguá cave,56,JAR14,27642,16504.22253,41.23752702,44.07217208,-6.44566,0.88
10,Jaraguá cave,55,JAR7,27245,16505.64074,80.004932,81.20497319,-4.9851,-0.45
10,Jaraguá cave,55,JAR7,27246,16508.63985,82.10316156,83.00115078,-4.69522,-0.86
10,Jaraguá cave,55,JAR7,27247,16511.80796,83.63567668,85.08052286,-4.73624,-1.17
10,Jaraguá cave,56,JAR14,27643,16512.09434,42.20548931,45.5185399,-6.3515,0.78
10,Jaraguá cave,56,JAR14,27644,16519.64289,43.79986603,46.25376394,-6.00777,0.72
10,Jaraguá cave,56,JAR14,27645,16524.79309,42.70214106,45.54749538,-5.96784,1.03
10,Jaraguá cave,55,JAR7,27248,16527.88967,93.09640963,96.01622514,-7.93312,-1.06
10,Jaraguá cave,56,JAR14,27646,16529.97717,41.78518749,44.68006693,-6.77508,0.52
10,Jaraguá cave,55,JAR7,27249,16530.73479,94.8815697,97.88992591,-7.11475,0.07
10,Jaraguá cave,55,JAR7,27250,16533.71539,96.82275954,99.95060262,-6.32557,0.1
10,Jaraguá cave,56,JAR14,27647,16535.18975,40.84276424,43.99193025,-6.58556,0.61
10,Jaraguá cave,55,JAR7,27251,16537.10154,98.48485002,102.3715449,-5.86429,1.09
10,Jaraguá cave,55,JAR7,27252,16540.2086,100.6046267,104.5009681,-6.11004,2
10,Jaraguá cave,56,JAR14,27648,16540.27425,40.10920755,43.18214447,-6.5017,0.82
10,Jaraguá cave,55,JAR7,27253,16543.30645,102.6808356,106.6776386,-6.89436,1.96
10,Jaraguá cave,56,JAR14,27649,16545.35148,39.25971995,42.49164725,-6.46838,0.23
10,Jaraguá cave,55,JAR7,27254,16546.6185,104.184303,109.2046859,-7.33505,1.04
10,Jaraguá cave,55,JAR7,27255,16549.48413,106.2292216,111.3299212,-7.19712,0.38
10,Jaraguá cave,56,JAR14,27650,16550.24701,38.56371468,41.50426938,-6.76147,0.51
10,Jaraguá cave,55,JAR7,27256,16552.5663,108.3365224,113.9724038,-7.16183,-0.02
10,Jaraguá cave,56,JAR14,27651,16555.32929,37.77414302,40.70324006,-6.38232,0.75
10,Jaraguá cave,55,JAR7,27257,16555.99602,110.0957426,117.0036093,-7.19381,-0.25
10,Jaraguá cave,55,JAR7,27258,16559.18248,111.7107257,118.7680591,-7.5333,-0.19
10,Jaraguá cave,56,JAR14,27652,16560.42702,36.88524307,39.93968348,-6.249,1.01
10,Jaraguá cave,55,JAR7,27259,16562.53303,113.6938553,121.0712447,-7.3991,-0.3
10,Jaraguá cave,55,JAR7,27260,16565.57721,115.9068818,123.4757216,-7.33298,-0.08
10,Jaraguá cave,56,JAR14,27653,16565.587,35.90978867,39.20351494,-6.3598,0.75
10,Jaraguá cave,55,JAR7,27261,16569.15722,117.373777,125.9714173,-7.6317,0.04
10,Jaraguá cave,56,JAR14,27654,16570.82458,35.14427835,38.56525846,-6.65894,0.23
10,Jaraguá cave,55,JAR7,27262,16572.16841,120.1338659,128.1526204,-7.46253,-0.38
10,Jaraguá cave,55,JAR7,27263,16574.81751,122.9398827,130.0815466,-7.18988,-0.32
10,Jaraguá cave,56,JAR14,27655,16575.76291,34.88765295,37.63774719,-6.7968,0.33
10,Jaraguá cave,55,JAR7,27264,16578.25971,124.7426231,132.8152555,-7.22537,0.31
10,Jaraguá cave,56,JAR14,27656,16580.81531,34.28319565,36.96079949,-6.42215,0.54
10,Jaraguá cave,55,JAR7,27265,16581.64795,127.1792297,135.6303846,-7.03456,0.45
10,Jaraguá cave,55,JAR7,27266,16584.58262,129.6119866,138.0451566,-6.47478,1.04
10,Jaraguá cave,56,JAR14,27657,16585.91953,33.7640846,36.48510551,-6.87425,0.5
10,Jaraguá cave,55,JAR7,27267,16586.82972,132.5278903,139.5736075,-6.55859,1.65
10,Jaraguá cave,55,JAR7,27268,16589.86658,135.0680352,142.1404891,-6.7973,1.14
10,Jaraguá cave,56,JAR14,27658,16590.86293,33.53278727,35.67735377,-6.82011,1.01
10,Jaraguá cave,55,JAR7,27269,16593.49008,137.095868,145.1484141,-7.20933,0.35
10,Jaraguá cave,56,JAR14,27659,16595.87161,32.72374679,34.93565618,-6.70384,0.99
10,Jaraguá cave,55,JAR7,27270,16596.97759,138.8885125,147.5433331,-7.26169,0.15
10,Jaraguá cave,55,JAR7,27271,16600.24597,140.9133921,149.750753,-6.51296,0.19
10,Jaraguá cave,56,JAR14,27660,16601.0911,32.2365341,34.35791543,-6.40031,0.73
10,Jaraguá cave,55,JAR7,27272,16603.52218,143.0624282,152.0165875,-6.19778,0.61
10,Jaraguá cave,55,JAR7,27273,16605.95336,145.8842023,153.4638679,-6.72053,0.85
10,Jaraguá cave,56,JAR14,27661,16605.98779,32.05319123,33.81458018,-6.09312,0.77
10,Jaraguá cave,55,JAR7,27274,16608.61581,148.9451844,155.9073011,-7.92991,0.41
10,Jaraguá cave,56,JAR14,27662,16611.14487,31.60242904,33.65476431,-6.0513,0.73
10,Jaraguá cave,55,JAR7,27275,16611.75465,151.6416056,158.1054617,-8.02924,-0.11
10,Jaraguá cave,55,JAR7,27276,16615.04956,154.0103663,160.5524117,-8.01238,-0.18
10,Jaraguá cave,56,JAR14,27663,16616.24474,31.27210702,32.96753756,-6.45727,0.62
10,Jaraguá cave,55,JAR7,27277,16618.48468,156.3618342,163.6953718,-7.46749,-0.37
10,Jaraguá cave,55,JAR7,27278,16621.11044,159.6747667,165.4331453,-8.63569,-0.19
10,Jaraguá cave,56,JAR14,27664,16621.38839,31.22809447,32.63039689,-7.51351,-0.21
10,Jaraguá cave,55,JAR7,27279,16624.19705,162.3340223,168.2167982,-8.63373,-0.53
10,Jaraguá cave,56,JAR14,27665,16626.38227,31.06030597,32.08435645,-7.07579,0.74
10,Jaraguá cave,55,JAR7,27280,16627.34689,164.8734671,170.963465,-8.29869,-0.47
10,Jaraguá cave,55,JAR7,27281,16629.75332,168.2765309,172.6571506,-8.04197,-0.16
10,Jaraguá cave,56,JAR14,27666,16631.61822,30.49526771,31.744394,-7.08429,0.28
10,Jaraguá cave,55,JAR7,27282,16632.79506,171.0877724,175.2483828,-7.61142,0.13
10,Jaraguá cave,55,JAR7,27283,16635.93935,173.5069708,177.7513656,-7.16525,0.09
10,Jaraguá cave,56,JAR14,27667,16636.54042,30.45681256,31.06938445,-7.17605,0.43
10,Jaraguá cave,55,JAR7,27284,16638.96138,175.9610225,179.837647,-8.10167,-0.05
10,Jaraguá cave,56,JAR14,27668,16641.70128,30.12001398,30.92636619,-6.43816,0.57
10,Jaraguá cave,55,JAR7,27285,16641.81626,179.0243893,182.1208432,-8.50842,-0.25
10,Jaraguá cave,55,JAR7,27286,16644.39471,182.8739552,184.4784988,-8.23857,-0.46
10,Jaraguá cave,56,JAR14,27669,16646.71638,30.28646084,30.51537417,-6.2046,0.53
10,Jaraguá cave,55,JAR7,27287,16647.50648,184.8694362,187.3694778,-8.0518,-0.38
10,Jaraguá cave,55,JAR7,27288,16651.07014,187.3794592,190.7014687,-9.31954,-0.53
10,Jaraguá cave,56,JAR14,27670,16651.59016,30.2358504,29.93927953,-6.29158,0.56
10,Jaraguá cave,55,JAR7,27289,16654.87863,189.2714785,194.3461692,-7.9386,-0.79
10,Jaraguá cave,56,JAR14,27671,16656.64929,30.53213639,29.99175847,-6.37963,0.36
10,Jaraguá cave,55,JAR7,27290,16658.08763,192.1402159,196.3506983,-7.11641,-0.62
10,Jaraguá cave,55,JAR7,27291,16661.18737,194.9837754,199.210294,-7.55782,0.22
10,Jaraguá cave,56,JAR14,27672,16661.58628,30.61117975,29.37862952,-6.68475,0.45
10,Jaraguá cave,55,JAR7,27292,16664.11343,197.9790879,201.7285644,-7.49843,0.53
10,Jaraguá cave,56,JAR14,27673,16666.51102,31.07740478,29.08539862,-6.4481,0.84
10,Jaraguá cave,55,JAR7,27293,16667.07489,201.1906699,204.2822511,-7.36961,0.28
10,Jaraguá cave,55,JAR7,27294,16669.81008,205.3735602,206.5683468,-7.93074,-0.24
10,Jaraguá cave,56,JAR14,27674,16671.61159,31.18539557,29.12157865,-6.38014,0.6
10,Jaraguá cave,55,JAR7,27295,16672.40006,208.9400593,208.6778572,-8.06484,-0.18
10,Jaraguá cave,55,JAR7,27296,16674.9643,212.7409618,210.7053719,-7.68623,-0.13
10,Jaraguá cave,56,JAR14,27675,16676.7859,31.01317295,28.89383587,-5.32601,1.36
10,Jaraguá cave,55,JAR7,27297,16678.14779,215.2743764,212.5408058,-7.89473,-0.02
10,Jaraguá cave,55,JAR7,27298,16681.34406,217.7438902,214.4782535,-8.02221,-0.09
10,Jaraguá cave,56,JAR14,27676,16681.86786,31.03781337,29.02715516,-5.7349,1.19
10,Jaraguá cave,55,JAR7,27299,16684.21427,220.7763757,216.5546139,-7.593,-0.23
10,Jaraguá cave,55,JAR7,27300,16686.88434,223.8401798,218.7507051,-7.90477,-0.15
10,Jaraguá cave,56,JAR14,27677,16687.28594,30.87809845,29.24020335,-6.0458,0.86
10,Jaraguá cave,55,JAR7,27301,16690.04376,226.5352033,221.3390956,-7.78639,-0.31
10,Jaraguá cave,56,JAR14,27678,16692.48972,31.16737661,29.51502257,-5.87214,0.85
10,Jaraguá cave,55,JAR7,27302,16693.04006,229.2325217,223.9522569,-8.18073,-0.35
10,Jaraguá cave,55,JAR7,27303,16696.03198,232.4667284,226.7630985,-7.51561,-0.19
10,Jaraguá cave,56,JAR14,27679,16697.64216,31.12572435,29.75945966,-6.89422,0.88
10,Jaraguá cave,55,JAR7,27304,16698.81184,235.7987248,229.169324,-7.2203,0.03
10,Jaraguá cave,55,JAR7,27305,16701.72521,238.5723266,231.8117892,-7.06178,-0.22
10,Jaraguá cave,56,JAR14,27680,16702.67059,31.65018717,29.98042806,-6.96989,0.91
10,Jaraguá cave,55,JAR7,27306,16704.84233,240.9813684,234.8582116,-7.52875,0.04
10,Jaraguá cave,56,JAR14,27681,16707.71057,32.04804012,30.2980291,-6.78659,0.94
10,Jaraguá cave,55,JAR7,27307,16707.89006,244.7188363,237.409652,-7.60014,-0.11
10,Jaraguá cave,55,JAR7,27308,16711.03728,247.2974374,240.2004134,-7.77149,0.07
10,Jaraguá cave,56,JAR14,27682,16712.82894,32.43348758,30.69016259,-6.59173,0.76
10,Jaraguá cave,55,JAR7,27309,16714.05179,250.4659525,243.0721938,-7.66254,-0.5
10,Jaraguá cave,55,JAR7,27310,16717.2011,253.3566976,245.7834674,-7.22754,-0.26
10,Jaraguá cave,56,JAR14,27683,16718.02417,32.54586028,30.90678288,-6.86734,0.63
10,Jaraguá cave,55,JAR7,27311,16720.45402,255.5067424,248.3893561,-7.5809,0.12
10,Jaraguá cave,56,JAR14,27684,16723.32483,32.79490336,31.28014915,-6.33774,0.64
10,Jaraguá cave,55,JAR7,27312,16723.54027,258.1669188,250.7959327,-8.02539,0.17
10,Jaraguá cave,55,JAR7,27313,16726.62147,260.7322952,253.1974677,-7.78773,-0.24
10,Jaraguá cave,56,JAR14,27685,16728.63606,32.74220405,31.78450135,-6.39414,0.52
10,Jaraguá cave,55,JAR7,27314,16730.33032,262.815178,255.5653804,-7.76433,-0.28
10,Jaraguá cave,56,JAR14,27686,16733.66521,33.09030585,32.0263741,-6.7941,0.45
10,Jaraguá cave,56,JAR14,27687,16738.94464,33.45984498,32.45651243,-7.51552,0.47
10,Jaraguá cave,55,JAR7,27315,16743.71458,259.5911742,251.9192867,-8.23178,-0.7
10,Jaraguá cave,56,JAR14,27688,16744.02407,33.73070547,32.9973999,-7.99663,0.25
10,Jaraguá cave,56,JAR14,27689,16749.12698,34.09376791,33.52186905,-7.86892,0.14
10,Jaraguá cave,56,JAR14,27690,16754.15888,34.35978346,33.79005609,-7.91021,-0.28
10,Jaraguá cave,55,JAR7,27316,16756.85004,256.3244837,248.4237748,-8.22225,-0.55
10,Jaraguá cave,56,JAR14,27691,16759.24324,34.88396719,34.21457304,-7.75217,0.17
10,Jaraguá cave,56,JAR14,27692,16764.64716,35.29537263,35.02627448,-6.80881,0.99
10,Jaraguá cave,56,JAR14,27693,16769.68136,35.80558523,35.60784879,-6.53909,1.02
10,Jaraguá cave,55,JAR7,27317,16770.44478,252.4931814,244.629405,-7.52853,-0.5
10,Jaraguá cave,56,JAR14,27694,16774.71629,36.4627656,36.3120954,-6.81692,0.88
10,Jaraguá cave,56,JAR14,27695,16779.83731,37.25813869,36.93640951,-6.81358,0.88
10,Jaraguá cave,55,JAR7,27318,16783.99928,248.761423,241.1845177,-7.75138,-0.41
10,Jaraguá cave,56,JAR14,27696,16784.91689,38.35246274,37.4283972,-6.75403,0.85
10,Jaraguá cave,56,JAR14,27697,16790.07365,39.05647605,38.00920799,-6.92505,0.7
10,Jaraguá cave,56,JAR14,27698,16795.14849,39.39760427,38.82783178,-6.87616,0.8
10,Jaraguá cave,55,JAR7,27319,16797.60746,245.1305095,237.8482687,-7.8479,-0.22
10,Jaraguá cave,56,JAR14,27699,16800.28613,40.10563038,39.80409282,-6.75697,0.88
10,Jaraguá cave,55,JAR7,27320,16811.16712,241.3921657,234.5637688,-7.31914,0.12
10,Jaraguá cave,56,JAR14,27701,16821.14821,40.61961889,40.11984014,-6.98805,0.76
10,Jaraguá cave,55,JAR7,27321,16824.81733,237.6590961,231.3595419,-6.73199,0.29
10,Jaraguá cave,56,JAR14,27702,16836.97449,40.57970206,39.46474751,-6.57794,0.76
10,Jaraguá cave,55,JAR7,27322,16838.42082,234.2484492,228.225389,-7.21238,0.77
10,Jaraguá cave,55,JAR7,27323,16852.07095,230.2581187,224.795681,-6.72494,1.06
10,Jaraguá cave,56,JAR14,27703,16852.80848,40.30007037,38.99367736,-6.27728,1.15
10,Jaraguá cave,55,JAR7,27324,16865.73065,226.6602119,221.3705799,-6.48532,0.91
10,Jaraguá cave,56,JAR14,27704,16868.76824,39.90863054,38.52205114,-6.1092,1.77
10,Jaraguá cave,55,JAR7,27325,16879.69631,222.3910816,218.4334807,-6.62273,1.26
10,Jaraguá cave,56,JAR14,27705,16884.56028,39.59084491,38.00048668,-5.97013,2
10,Jaraguá cave,55,JAR7,27326,16893.46702,218.1110417,215.4943776,-6.61393,1.08
10,Jaraguá cave,56,JAR14,27706,16900.53048,38.56109981,37.53465086,-5.91738,2.29
10,Jaraguá cave,55,JAR7,27327,16907.08515,214.4686785,212.2989237,-7.53588,0.58
10,Jaraguá cave,56,JAR14,27707,16916.39386,38.1238135,36.92748829,-5.48638,2.49
10,Jaraguá cave,55,JAR7,27328,16920.47913,211.0413667,208.5728781,-6.83844,0.4
10,Jaraguá cave,56,JAR14,27708,16932.41754,37.7425452,36.65550163,-5.61013,2.53
10,Jaraguá cave,55,JAR7,27329,16933.99602,207.4529569,204.6864726,-6.53243,0.9
10,Jaraguá cave,55,JAR7,27330,16947.39235,204.2020787,201.2327982,-7.08915,1.08
10,Jaraguá cave,56,JAR14,27709,16948.34113,37.33055588,36.33977667,-5.59887,2.69
10,Jaraguá cave,55,JAR7,27331,16960.61632,200.7144316,197.5084165,-6.49464,0.98
10,Jaraguá cave,56,JAR14,27710,16964.2975,36.90611261,35.9599578,-5.14637,3.01
10,Jaraguá cave,55,JAR7,27332,16974.32647,196.6516479,194.0210299,-6.38611,1.56
10,Jaraguá cave,56,JAR14,27711,16980.187,36.30916475,35.57601327,-5.3184,3.06
10,Jaraguá cave,55,JAR7,27333,16987.87877,192.6915114,190.623978,-6.82798,2.15
10,Jaraguá cave,56,JAR14,27712,16996.1884,35.60699505,35.4657593,-5.53111,2.98
10,Jaraguá cave,55,JAR7,27334,17001.44926,188.7138612,186.7551016,-6.63371,1.65
10,Jaraguá cave,56,JAR14,27713,17012.05992,35.55096126,35.0321549,-5.6642,2.63
10,Jaraguá cave,55,JAR7,27335,17015.03006,184.6855469,183.2935568,-6.18542,1.48
10,Jaraguá cave,56,JAR14,27714,17027.96822,35.30540768,34.99378089,-5.36669,2.84
10,Jaraguá cave,55,JAR7,27336,17028.50153,181.0594983,179.7253863,-7.54624,1.66
10,Jaraguá cave,55,JAR7,27337,17041.76688,177.6237491,176.3045992,-7.44797,0.41
10,Jaraguá cave,56,JAR14,27715,17043.66273,35.08606482,34.29909964,-5.50068,2.98
10,Jaraguá cave,55,JAR7,27338,17055.4563,173.6438644,173.0140743,-6.7761,0.62
10,Jaraguá cave,56,JAR14,27716,17059.4871,35.1084894,33.97820692,-5.26413,3.11
10,Jaraguá cave,55,JAR7,27339,17069.17404,169.312017,170.2055328,-6.84393,1.38
10,Jaraguá cave,56,JAR14,27717,17075.27908,34.65321151,33.63373698,-5.07851,3.47
10,Jaraguá cave,55,JAR7,27340,17082.90653,165.6252692,167.0035251,-6.7704,1.61
10,Jaraguá cave,56,JAR14,27718,17091.14798,34.39091656,33.27143334,-4.78059,4.02
10,Jaraguá cave,55,JAR7,27341,17096.31739,162.8167632,163.3378016,-6.35007,1.39
10,Jaraguá cave,56,JAR14,27719,17107.16009,33.89035958,33.14131564,-5.02038,3.82
10,Jaraguá cave,55,JAR7,27342,17109.96484,159.0799486,160.6435883,-6.46637,1.54
10,Jaraguá cave,56,JAR14,27720,17123.1305,33.64104397,32.71808271,-5.27529,3.39
10,Jaraguá cave,55,JAR7,27343,17123.3658,155.5589027,157.1643507,-6.74586,1.42
10,Jaraguá cave,55,JAR7,27344,17136.52565,152.7707988,153.4326097,-6.87645,0.88
10,Jaraguá cave,56,JAR14,27721,17139.05475,33.5349826,32.26029473,-5.036,3.38
10,Jaraguá cave,55,JAR7,27345,17149.84972,149.7748602,149.9025468,-6.64459,0.79
10,Jaraguá cave,56,JAR14,27722,17154.87714,33.67349102,32.10234983,-5.11381,3.2
10,Jaraguá cave,55,JAR7,27346,17163.72963,145.5988086,146.7516772,-7.17355,0.69
10,Jaraguá cave,56,JAR14,27723,17170.9161,33.36534166,31.93674627,-5.33605,3.17
10,Jaraguá cave,55,JAR7,27347,17176.85485,142.5444108,143.0235437,-7.19322,0.65
10,Jaraguá cave,56,JAR14,27724,17186.78725,32.90359995,31.63096212,-5.02008,3.77
10,Jaraguá cave,55,JAR7,27348,17190.17842,138.5666672,139.0904435,-7.37993,0.73
10,Jaraguá cave,56,JAR14,27725,17202.55061,32.73127574,31.48168065,-6.12198,2.8
10,Jaraguá cave,55,JAR7,27349,17204.3948,134.0610805,136.3495633,-7.15377,1.25
10,Jaraguá cave,55,JAR7,27350,17218.0614,130.3729533,133.229971,-6.93444,1.16
10,Jaraguá cave,56,JAR14,27726,17218.43955,32.57175507,31.264881,-5.46559,2.85
10,Jaraguá cave,55,JAR7,27351,17231.37301,127.5804526,129.7613874,-6.80354,0.8
10,Jaraguá cave,56,JAR14,27727,17234.2809,32.50415321,31.29402195,-5.32347,2.87
10,Jaraguá cave,55,JAR7,27352,17244.73678,124.1713361,126.3903818,-6.85366,0.91
10,Jaraguá cave,56,JAR14,27728,17250.04425,32.41621592,31.15656823,-6.04702,2.54
10,Jaraguá cave,55,JAR7,27353,17257.82658,121.0538422,123.0053759,-7.19167,1.06
10,Jaraguá cave,56,JAR14,27729,17265.90088,32.42365276,31.1983066,-6.03728,2.5
10,Jaraguá cave,55,JAR7,27354,17270.99774,117.8135898,119.5129251,-6.82736,1.18
10,Jaraguá cave,56,JAR14,27730,17281.70084,32.60742487,30.98276492,-6.33652,2.56
10,Jaraguá cave,55,JAR7,27355,17284.29001,114.5667367,116.1010621,-6.68207,1.46
10,Jaraguá cave,55,JAR7,27356,17297.04065,111.797119,112.0556706,-6.89871,1.59
10,Jaraguá cave,56,JAR14,27731,17297.64176,32.36221818,30.91545748,-5.88604,2.5
10,Jaraguá cave,55,JAR7,27357,17310.43536,108.5327639,108.3813772,-6.44949,1.5
10,Jaraguá cave,56,JAR14,27732,17313.62167,32.2129617,31.01583066,-5.63752,2.46
10,Jaraguá cave,55,JAR7,27358,17323.24859,106.225926,104.1327923,-6.71552,1.16
10,Jaraguá cave,56,JAR14,27733,17329.49775,32.29648558,31.09174968,-5.7469,2.35
10,Jaraguá cave,55,JAR7,27359,17336.77738,102.6640336,101.3578058,-8.16695,1.32
10,Jaraguá cave,56,JAR14,27734,17345.28033,32.45843452,30.81053732,-5.59796,2.7
10,Jaraguá cave,55,JAR7,27360,17350.3156,99.93665237,98.28734524,-8.06681,0.76
10,Jaraguá cave,56,JAR14,27735,17361.0844,32.62902229,30.56928835,-5.3778,3.15
10,Jaraguá cave,55,JAR7,27361,17363.7639,96.47251211,95.33841937,-7.36367,0.67
10,Jaraguá cave,55,JAR7,27362,17376.87504,93.7320685,92.08840008,-7.68335,1.1
10,Jaraguá cave,56,JAR14,27736,17377.02263,32.75342789,30.77443772,-5.1233,3.26
10,Jaraguá cave,55,JAR7,27363,17390.25123,90.96196267,89.55914931,-8.11051,0.87
10,Jaraguá cave,56,JAR14,27737,17392.92196,32.58660653,30.89229345,-5.1412,3.33
10,Jaraguá cave,55,JAR7,27364,17403.79471,87.44734808,87.01858068,-8.23002,0.66
10,Jaraguá cave,56,JAR14,27738,17408.91106,32.44178623,31.03663333,-5.56679,3.27
10,Jaraguá cave,55,JAR7,27365,17416.83997,85.57743116,83.49197989,-8.01058,0.74
10,Jaraguá cave,56,JAR14,27739,17424.84856,32.26719314,31.12427811,-5.1294,3.21
10,Jaraguá cave,55,JAR7,27366,17430.55174,82.39683134,81.28452088,-6.90264,0.77
10,Jaraguá cave,56,JAR14,27740,17440.62496,32.2863993,30.92121609,-5.11295,3.28
10,Jaraguá cave,55,JAR7,27367,17444.04346,79.84830935,78.52370817,-6.15446,1.18
10,Jaraguá cave,56,JAR14,27741,17456.47032,32.61545533,31.0972453,-4.71282,3.32
10,Jaraguá cave,55,JAR7,27368,17457.62854,76.61023517,75.78410002,-6.14037,1.9
10,Jaraguá cave,55,JAR7,27369,17471.00264,74.06709191,73.20202948,-6.7644,2.04
10,Jaraguá cave,56,JAR14,27742,17472.38589,32.74035462,31.43436971,-5.2564,2.83
10,Jaraguá cave,55,JAR7,27370,17484.2232,71.51237722,70.65461077,-7.12042,1.55
10,Jaraguá cave,56,JAR14,27743,17488.38806,32.91383269,31.63325192,-5.7004,2.4
10,Jaraguá cave,55,JAR7,27371,17497.90538,68.88769668,67.90281166,-7.08324,1.17
10,Jaraguá cave,56,JAR14,27744,17504.32915,32.92800282,31.6530419,-6.54557,2.02
10,Jaraguá cave,55,JAR7,27372,17510.91547,66.82551603,65.11311418,-7.62908,1.19
10,Jaraguá cave,56,JAR14,27745,17520.13791,33.1290098,31.7876609,-6.24584,2.08
10,Jaraguá cave,55,JAR7,27373,17524.37632,65.17458329,62.7003822,-7.34824,0.86
10,Jaraguá cave,56,JAR14,27746,17536.0819,33.46227588,31.55250156,-6.49175,1.66
10,Jaraguá cave,55,JAR7,27374,17537.83763,62.94963734,60.4287104,-7.14714,0.57
10,Jaraguá cave,55,JAR7,27375,17550.84444,61.58913553,58.08196402,-7.15221,0.39
10,Jaraguá cave,56,JAR14,27747,17552.07925,33.33940732,31.77685516,-7.24439,1.23
10,Jaraguá cave,55,JAR7,27376,17563.78813,60.24908744,56.13479963,-6.72471,0.42
10,Jaraguá cave,56,JAR14,27748,17567.93273,33.47478904,31.97360367,-6.83236,1.29
10,Jaraguá cave,55,JAR7,27377,17577.27848,58.37693845,55.27551493,-7.20127,1.28
10,Jaraguá cave,56,JAR14,27749,17583.84135,33.87044703,32.17526569,-5.83112,1.8
10,Jaraguá cave,55,JAR7,27378,17590.7559,56.3538459,54.66044093,-7.49446,1.04
10,Jaraguá cave,56,JAR14,27750,17600.01104,34.1108128,32.54322574,-5.60084,2.26
10,Jaraguá cave,55,JAR7,27379,17604.43474,54.67143811,53.51714432,-7.55704,0.87
10,Jaraguá cave,56,JAR14,27751,17615.80394,34.38200792,32.84711382,-5.19316,2.42
10,Jaraguá cave,55,JAR7,27380,17618.1276,53.36768963,54.15813831,-7.01688,0.88
10,Jaraguá cave,55,JAR7,27381,17631.74199,53.05686477,53.30177105,-6.87987,0.87
10,Jaraguá cave,56,JAR14,27752,17631.82043,34.47434585,33.16221029,-5.22555,2.55
10,Jaraguá cave,55,JAR7,27382,17644.89425,52.3494377,53.10365484,-6.84115,1
10,Jaraguá cave,56,JAR14,27753,17647.67084,34.79455688,33.51241923,-5.30887,2.49
10,Jaraguá cave,55,JAR7,27383,17658.71823,52.89972485,53.38017594,-6.97534,1.13
10,Jaraguá cave,56,JAR14,27754,17663.62349,35.15302849,33.79921674,-5.25919,2.37
10,Jaraguá cave,55,JAR7,27384,17672.34971,53.21836243,53.80587857,-7.2251,1.26
10,Jaraguá cave,56,JAR14,27755,17679.5293,35.18556006,34.26421907,-5.41568,2.23
10,Jaraguá cave,55,JAR7,27385,17684.97089,53.36444225,53.83335137,-7.81836,1.23
10,Jaraguá cave,56,JAR14,27756,17695.49626,35.35114198,34.79166328,-5.21055,1.89
10,Jaraguá cave,55,JAR7,27386,17698.10765,54.48455443,55.39398052,-7.25682,0.96
10,Jaraguá cave,55,JAR7,27387,17709.76644,57.12661728,55.40892403,-7.18074,0.99
10,Jaraguá cave,56,JAR14,27757,17711.4936,35.46597869,35.21400341,-5.42965,1.61
10,Jaraguá cave,55,JAR7,27388,17722.76941,58.98361637,57.41052912,-6.57931,0.89
10,Jaraguá cave,56,JAR14,27758,17727.55944,35.8825267,35.52789397,-5.75267,1.27
10,Jaraguá cave,55,JAR7,27389,17735.2684,61.92977019,60.74566208,-6.34756,1.16
10,Jaraguá cave,56,JAR14,27759,17743.40034,36.36838259,35.84465881,-5.58945,1.69
10,Jaraguá cave,55,JAR7,27390,17748.07101,66.02446124,63.51229567,-6.5138,1.85
10,Jaraguá cave,56,JAR14,27760,17759.32067,36.59701615,36.36246145,-5.29128,1.67
10,Jaraguá cave,55,JAR7,27391,17760.66597,70.27731336,67.08882294,-6.49112,2.02
10,Jaraguá cave,55,JAR7,27392,17773.48015,73.6098547,70.90510661,-6.40341,1.36
10,Jaraguá cave,56,JAR14,27761,17775.3789,36.96387443,36.99649547,-4.84882,1.67
10,Jaraguá cave,55,JAR7,27393,17786.16417,77.3348014,76.18830041,-7.22445,1.24
10,Jaraguá cave,56,JAR14,27762,17791.40126,37.48436894,37.63060032,-5.00055,1.51
10,Jaraguá cave,55,JAR7,27394,17799.13,81.70649376,82.04222112,-7.36378,0.93
10,Jaraguá cave,56,JAR14,27763,17807.216,38.13279462,37.83272592,-4.56389,2.06
10,Jaraguá cave,55,JAR7,27395,17811.6027,86.67469684,87.39690321,-7.41883,1.02
10,Jaraguá cave,56,JAR14,27764,17822.95032,38.73456933,38.05930323,-4.36693,2.37
10,Jaraguá cave,55,JAR7,27396,17824.27961,93.45430747,92.56526831,-7.44,1.08
10,Jaraguá cave,55,JAR7,27397,17837.3852,98.9660863,99.29976403,-7.28363,0.86
10,Jaraguá cave,56,JAR14,27765,17838.90267,39.25832952,38.84851909,-4.89208,2.11
10,Jaraguá cave,55,JAR7,27398,17849.57927,106.038062,104.6544879,-5.80442,0.93
10,Jaraguá cave,56,JAR14,27766,17854.86439,39.66087867,39.55939612,-5.02052,2.12
10,Jaraguá cave,55,JAR7,27399,17861.77776,113.6461866,110.5024733,-6.16317,2.16
10,Jaraguá cave,56,JAR14,27767,17870.66705,40.2459142,40.04020798,-4.83868,2.31
10,Jaraguá cave,55,JAR7,27400,17873.62743,121.3365051,114.8941285,-6.80194,1.91
10,Jaraguá cave,55,JAR7,27401,17885.7714,128.6458164,121.0386598,-6.04332,1.33
10,Jaraguá cave,56,JAR14,27768,17886.58527,40.86938386,40.62394905,-5.87873,0.81
10,Jaraguá cave,55,JAR7,27402,17898.25837,134.4586482,127.5871862,-5.45777,1.75
10,Jaraguá cave,56,JAR14,27769,17902.40805,41.4788751,40.88121954,-5.63965,1.12
10,Jaraguá cave,55,JAR7,27403,17911.68166,140.3195678,134.1896036,-5.30039,2.24
10,Jaraguá cave,56,JAR14,27770,17918.4306,41.85068407,41.57906456,-5.42603,1.73
10,Jaraguá cave,55,JAR7,27404,17924.40988,146.7586567,140.6232173,-5.23325,2.28
10,Jaraguá cave,56,JAR14,27771,17934.3874,42.31198212,42.0056709,-5.51628,1.29
10,Jaraguá cave,55,JAR7,27405,17937.2551,151.3165072,148.7257015,-5.20654,2.27
10,Jaraguá cave,55,JAR7,27406,17949.37939,158.9835432,155.5625851,-4.95299,2.15
10,Jaraguá cave,56,JAR14,27772,17950.28065,42.64634801,42.52303463,-5.51142,1.22
10,Jaraguá cave,55,JAR7,27407,17962.05924,165.6876109,162.6616275,-4.89865,2.19
10,Jaraguá cave,56,JAR14,27773,17966.19644,43.20263208,43.02919254,-4.5406,1.97
10,Jaraguá cave,55,JAR7,27408,17975.24224,171.5971629,170.7729775,-4.9667,2.37
10,Jaraguá cave,56,JAR14,27774,17981.96929,43.8290685,43.21094089,-4.81694,1.7
10,Jaraguá cave,55,JAR7,27409,17988.06737,178.4200093,178.3163232,-5.42268,2.07
10,Jaraguá cave,56,JAR14,27775,17997.78406,44.58606073,43.45073828,-5.26933,1.75
10,Jaraguá cave,55,JAR7,27410,18000.56256,187.1271659,184.1408805,-6.56008,2.31
10,Jaraguá cave,55,JAR7,27411,18013.30337,194.6921928,190.7970559,-6.06891,1.13
10,Jaraguá cave,56,JAR14,27776,18013.78942,44.82005505,44.15694396,-5.067,1.65
10,Jaraguá cave,55,JAR7,27412,18026.0448,202.3907455,196.3523398,-6.11912,0.8
10,Jaraguá cave,56,JAR14,27777,18029.76202,45.07440445,44.61477762,-5.36248,1.52
10,Jaraguá cave,55,JAR7,27413,18038.7283,209.398068,201.8226893,-5.55657,0.52
10,Jaraguá cave,56,JAR14,27778,18045.82536,45.60392283,45.27900662,-5.82998,1.31
10,Jaraguá cave,55,JAR7,27414,18051.58339,215.6126331,209.1430521,-5.26859,0.78
10,Jaraguá cave,56,JAR14,27779,18061.70996,46.37565993,45.72360814,-6.2625,1.19
10,Jaraguá cave,55,JAR7,27415,18064.70867,222.290206,216.2647155,-5.9319,1.35
10,Jaraguá cave,55,JAR7,27416,18077.30457,229.9150952,222.2878998,-6.13827,0.99
10,Jaraguá cave,56,JAR14,27780,18077.62047,47.11620535,45.83673799,-5.98544,1.35
10,Jaraguá cave,55,JAR7,27417,18089.61142,237.8535033,228.7921481,-6.14654,1.14
10,Jaraguá cave,56,JAR14,27781,18093.48279,47.70030467,46.14256309,-6.08086,1.52
10,Jaraguá cave,55,JAR7,27418,18101.94424,244.9124377,235.1339248,-6.42469,1.26
10,Jaraguá cave,56,JAR14,27782,18109.35304,48.2745683,46.2062574,-5.70092,1.38
10,Jaraguá cave,55,JAR7,27419,18114.02697,251.7300302,241.3969431,-6.67189,0.72
10,Jaraguá cave,56,JAR14,27783,18125.3836,48.69471406,46.91073875,-6.26954,0.99
10,Jaraguá cave,55,JAR7,27420,18126.67994,258.4777239,248.2073739,-7.15288,0.77
10,Jaraguá cave,55,JAR7,27421,18139.40791,265.7247826,254.9722076,-7.03966,0.68
10,Jaraguá cave,56,JAR14,27784,18141.38774,49.14119066,47.55304612,-6.67122,1.17
10,Jaraguá cave,55,JAR7,27422,18151.98168,273.4424126,261.7193664,-7.03825,0.12
10,Jaraguá cave,56,JAR14,27785,18157.2701,49.53407848,48.2260577,-6.75381,1.13
10,Jaraguá cave,55,JAR7,27423,18164.54787,281.1676225,268.3729665,-7.07132,0.32
10,Jaraguá cave,56,JAR14,27786,18173.05062,50.06970425,48.81986662,-6.59204,1.05
10,Jaraguá cave,55,JAR7,27424,18177.45305,288.4007234,275.8016392,-7.16558,0.25
10,Jaraguá cave,56,JAR14,27787,18188.9205,50.88665047,49.62088557,-6.6589,0.73
10,Jaraguá cave,55,JAR7,27425,18189.72944,296.1325484,282.4301092,-7.09612,0.19
10,Jaraguá cave,55,JAR7,27426,18202.35065,303.6499656,288.9767999,-6.91324,0.23
10,Jaraguá cave,56,JAR14,27788,18204.7551,51.54273292,50.16196571,-6.68871,0.92
10,Jaraguá cave,55,JAR7,27427,18214.68407,310.2557772,295.695497,-6.9824,0.37
10,Jaraguá cave,56,JAR14,27789,18220.6645,52.1247024,50.49913504,-6.35306,0.95
10,Jaraguá cave,55,JAR7,27428,18227.2063,316.5602339,302.8237674,-7.02101,0.45
10,Jaraguá cave,56,JAR14,27790,18228.75405,51.24798589,49.93825477,-6.80111,1.11
10,Jaraguá cave,56,JAR14,27791,18236.68899,50.55972996,48.7216785,-6.80163,1.14
10,Jaraguá cave,55,JAR7,27429,18239.96665,323.7826865,309.7157203,-6.53921,0.44
10,Jaraguá cave,56,JAR14,27792,18244.3961,49.8531365,47.9849502,-6.24087,0.97
10,Jaraguá cave,56,JAR14,27793,18252.30838,48.8084992,47.45620722,-5.93069,1.38
10,Jaraguá cave,55,JAR7,27430,18252.36137,331.5666938,315.9913659,-6.02425,0.45
10,Jaraguá cave,56,JAR14,27794,18259.97161,48.19222428,46.45514381,-6.21769,1.32
10,Jaraguá cave,55,JAR7,27431,18264.81946,339.2600879,321.8108178,-5.79147,0.51
10,Jaraguá cave,56,JAR14,27795,18267.86504,47.35381632,45.65548372,-4.97354,1.75
10,Jaraguá cave,56,JAR14,27796,18275.76904,46.36012538,44.64010638,-5.40688,1.27
10,Jaraguá cave,55,JAR7,27432,18277.27755,347.2106712,328.5728899,-5.89692,0.9
10,Jaraguá cave,56,JAR14,27797,18283.93094,45.24483376,43.84808835,-5.69037,1.48
10,Jaraguá cave,55,JAR7,27433,18289.73564,355.4489474,334.8630285,-6.52742,1.16
10,Jaraguá cave,56,JAR14,27798,18291.87061,43.64356231,43.43028985,-5.90419,1.78
10,Jaraguá cave,56,JAR14,27799,18299.7984,42.9542487,42.77952923,-5.2071,1.9
10,Jaraguá cave,55,JAR7,27434,18302.47178,362.8805319,341.609122,-6.58861,0.33
10,Jaraguá cave,56,JAR14,27800,18307.89699,42.14974565,42.17776312,-5.88181,1.6
10,Jaraguá cave,55,JAR7,27435,18314.94117,370.0782093,348.4729087,-6.22527,0.94
10,Jaraguá cave,56,JAR14,27801,18315.72171,41.41747779,41.15193816,-6.27644,1.83
10,Jaraguá cave,56,JAR14,27802,18323.53844,40.88043884,40.53171065,-5.32804,1.73
10,Jaraguá cave,55,JAR7,27436,18327.64458,377.388744,354.8412065,-5.66504,1.4
10,Jaraguá cave,56,JAR14,27803,18331.48162,39.86781403,39.79961277,-5.12967,1.88
10,Jaraguá cave,56,JAR14,27804,18339.11392,39.68369819,39.00401646,-5.07617,2.12
10,Jaraguá cave,55,JAR7,27437,18340.31816,384.2270207,361.0816642,-5.22539,1.8
10,Jaraguá cave,56,JAR14,27805,18346.98149,39.28298451,38.17940824,-5.71845,1.32
10,Jaraguá cave,55,JAR7,27438,18353.01285,391.8200793,367.3432316,-5.84076,2.04
10,Jaraguá cave,56,JAR14,27806,18354.80136,38.43076526,37.28807293,-5.89971,1.16
10,Jaraguá cave,56,JAR14,27807,18362.53752,37.69049641,36.74038119,-6.08472,1.11
10,Jaraguá cave,55,JAR7,27439,18365.79425,399.2511059,373.9665286,-6.19836,1.04
10,Jaraguá cave,56,JAR14,27808,18370.63979,36.68598249,36.55649835,-5.50505,1.27
10,Jaraguá cave,55,JAR7,27440,18378.29432,407.3877438,380.8333262,-6.54493,0.45
10,Jaraguá cave,56,JAR14,27809,18378.51873,36.3129712,35.9313455,-5.72052,0.89
10,Jaraguá cave,56,JAR14,27810,18386.31303,36.13515145,34.98949944,-5.56299,1.25
10,Jaraguá cave,55,JAR7,27441,18391.05517,415.5274733,387.3410312,-6.43065,0.75
10,Jaraguá cave,56,JAR14,27811,18394.32871,35.55429852,34.60659987,-5.63251,1.16
10,Jaraguá cave,56,JAR14,27812,18401.93433,34.96519457,33.84718082,-5.52413,1.11
10,Jaraguá cave,55,JAR7,27442,18403.93369,423.3052939,394.4056586,-6.27575,1.07
10,Jaraguá cave,56,JAR14,27813,18409.79018,34.72229636,33.4341166,-5.48507,1.15
10,Jaraguá cave,55,JAR7,27443,18416.8712,430.5475337,401.6849462,-6.18038,1.21
10,Jaraguá cave,56,JAR14,27814,18417.38632,34.679259,32.87860161,-5.51998,1.15
10,Jaraguá cave,56,JAR14,27815,18425.18587,34.18550792,32.54620161,-5.6689,1.08
10,Jaraguá cave,55,JAR7,27444,18429.5234,438.075087,408.6235251,-6.12104,1.24
10,Jaraguá cave,56,JAR14,27816,18432.83793,34.33614705,31.8819968,-5.23126,1.13
10,Jaraguá cave,56,JAR14,27817,18440.72254,34.05376676,31.34355224,-5.7759,1.26
10,Jaraguá cave,55,JAR7,27445,18442.1696,445.6086368,415.1201121,-6.23692,1.35
10,Jaraguá cave,56,JAR14,27818,18448.66076,33.74286992,31.00915915,-6.07533,1.05
10,Jaraguá cave,55,JAR7,27446,18455.12724,452.8024357,421.624354,-5.4578,1.18
10,Jaraguá cave,56,JAR14,27819,18456.4661,33.59885293,30.51269588,-6.12892,1.17
10,Jaraguá cave,56,JAR14,27820,18464.45232,33.25380405,30.57871242,-5.85639,1.33
10,Jaraguá cave,55,JAR7,27447,18467.55785,460.3932011,428.4600724,-6.0545,1.71
10,Jaraguá cave,56,JAR14,27821,18472.20529,33.01104735,30.1164298,-6.00532,1.04
10,Jaraguá cave,55,JAR7,27448,18479.89965,468.5580781,434.8365544,-6.14516,0.92
10,Jaraguá cave,56,JAR14,27822,18479.95114,33.04903044,29.9099811,-6.1492,0.72
10,Jaraguá cave,56,JAR14,27823,18487.96799,32.87026474,30.33873917,-6.051,1.02
10,Jaraguá cave,55,JAR7,27449,18492.43299,476.1048582,441.2974308,-6.69283,1.07
10,Jaraguá cave,56,JAR14,27824,18496.08916,32.75280812,30.96320034,-5.90307,1.2
10,Jaraguá cave,56,JAR14,27825,18503.815,32.91902043,30.80825693,-5.44858,1.32
10,Jaraguá cave,55,JAR7,27450,18505.11196,483.746034,447.8939179,-6.37211,0.79
10,Jaraguá cave,56,JAR14,27826,18511.56816,33.10066279,30.85564386,-5.44443,1.67
10,Jaraguá cave,55,JAR7,27451,18517.64285,491.9348302,454.2429429,-5.84666,0.65
10,Jaraguá cave,56,JAR14,27827,18519.49108,32.99670464,30.90707377,-5.43642,1.99
10,Jaraguá cave,56,JAR14,27828,18527.26292,33.45408499,31.12981505,-5.28186,2
10,Jaraguá cave,55,JAR7,27452,18530.62496,498.5862101,461.3110188,-6.13765,0.79
10,Jaraguá cave,56,JAR14,27829,18535.11003,33.68992663,31.20040726,-5.12127,1.68
10,Jaraguá cave,56,JAR14,27830,18543.0642,33.35615374,31.38711998,-5.0559,1.84
10,Jaraguá cave,55,JAR7,27453,18543.19786,506.3184351,467.8957901,-6.34029,1.34
10,Jaraguá cave,56,JAR14,27831,18550.99444,33.408493,31.79110008,-5.26465,2
10,Jaraguá cave,55,JAR7,27454,18555.58083,513.870948,474.2823688,-7.17807,1.06
10,Jaraguá cave,56,JAR14,27832,18558.93117,33.76166641,32.04678923,-5.3224,1.95
10,Jaraguá cave,56,JAR14,27833,18567.0109,34.03125977,32.89366866,-4.99716,1.94
10,Jaraguá cave,55,JAR7,27455,18568.01365,521.3708014,480.7481134,-6.17018,0.73
10,Jaraguá cave,56,JAR14,27834,18574.96595,34.33144325,33.6100075,-4.99341,1.75
10,Jaraguá cave,55,JAR7,27456,18580.42645,529.3366274,487.2434838,-6.29976,1.21
10,Jaraguá cave,56,JAR14,27835,18582.99126,34.75994727,34.43009562,-5.52473,1.72
10,Jaraguá cave,56,JAR14,27836,18590.66712,35.38184158,34.40141381,-5.44117,2.08
10,Jaraguá cave,55,JAR7,27457,18593.08407,537.0576208,493.9836868,-6.6436,1.41
10,Jaraguá cave,56,JAR14,27837,18598.55611,35.876539,35.00054814,-5.37007,2.32
10,Jaraguá cave,56,JAR14,27838,18606.40906,36.62326346,35.4232448,-5.14164,2.36
10,Jaraguá cave,56,JAR14,27839,18614.26246,37.38090513,36.35196175,-5.50475,2.23
10,Jaraguá cave,56,JAR14,27840,18622.33294,37.96436956,36.94464193,-5.64329,1.95
10,Jaraguá cave,56,JAR14,27841,18630.1684,38.77713798,37.25434408,-5.40586,1.94
10,Jaraguá cave,56,JAR14,27842,18638.16171,38.98135934,37.90194115,-5.05373,2.46
10,Jaraguá cave,56,JAR14,27843,18645.99741,39.9303907,38.58063167,-5.28809,2.14
10,Jaraguá cave,56,JAR14,27844,18653.93436,40.63744716,39.43121525,-5.03613,1.75
10,Jaraguá cave,56,JAR14,27845,18661.57284,41.40140938,40.02146699,-5.38777,1.72
10,Jaraguá cave,56,JAR14,27846,18669.32094,42.18599315,40.72775203,-5.20226,1.92
10,Jaraguá cave,56,JAR14,27847,18677.22311,42.6013297,41.5684682,-5.16844,2.03
10,Jaraguá cave,56,JAR14,27848,18685.54473,40.27912646,40.39496865,-4.89867,1.92
10,Jaraguá cave,56,JAR14,27849,18693.30483,38.49950731,38.59432311,-5.09457,1.85
10,Jaraguá cave,56,JAR14,27850,18701.11781,36.98666061,36.50835535,-5.56418,1.87
10,Jaraguá cave,56,JAR14,27851,18708.98181,35.95943263,35.3430879,-5.17368,1.96
10,Jaraguá cave,56,JAR14,27852,18717.09374,34.88439767,34.75132803,-5.23884,1.65
10,Jaraguá cave,56,JAR14,27853,18725.0642,34.01419551,33.66562069,-5.31212,1.71
10,Jaraguá cave,56,JAR14,27854,18732.86186,33.99747287,32.94087852,-5.30935,1.72
10,Jaraguá cave,56,JAR14,27855,18740.98897,33.174291,31.81218144,-4.97788,1.67
10,Jaraguá cave,56,JAR14,27856,18749.05045,32.56072557,30.8507482,-5.44057,1.67
10,Jaraguá cave,56,JAR14,27857,18757.06024,32.23098325,30.59586911,-5.85886,2.05
10,Jaraguá cave,56,JAR14,27858,18765.02243,31.97743799,30.55187909,-5.00171,2.09
10,Jaraguá cave,56,JAR14,27859,18772.98077,32.37748622,30.14338742,-4.95672,1.95
10,Jaraguá cave,56,JAR14,27860,18780.99658,32.44881234,30.8925185,-4.84241,1.65
10,Jaraguá cave,56,JAR14,27861,18789.21581,32.8525977,31.59520848,-5.04463,1.55
10,Jaraguá cave,56,JAR14,27862,18797.1771,33.59984372,32.2213298,-4.88334,1.48
10,Jaraguá cave,56,JAR14,27863,18805.00724,34.58638658,33.61663044,-5.0994,1.4
10,Jaraguá cave,56,JAR14,27864,18813.31116,35.27536867,35.12333712,-5.17022,1.61
10,Jaraguá cave,56,JAR14,27865,18821.14999,36.8394374,36.74071862,-5.67453,1.83
10,Jaraguá cave,56,JAR14,27866,18829.1049,38.21145226,38.59492299,-5.6249,1.46
10,Jaraguá cave,56,JAR14,27867,18837.04035,39.95590309,40.6761989,-4.98051,1.95
10,Jaraguá cave,56,JAR14,27868,18845.24995,41.30639499,42.59320998,-6.077,2.08
10,Jaraguá cave,56,JAR14,27869,18853.12331,43.16029701,44.39280859,-4.98392,1.32
10,Jaraguá cave,56,JAR14,27870,18861.16951,45.25211695,46.48187616,-5.43137,1.37
10,Jaraguá cave,56,JAR14,27871,18869.05674,47.11359861,48.45595577,-5.97,1.35
10,Jaraguá cave,56,JAR14,27872,18880.0067,45.82937807,46.76858626,-5.86641,1.69
10,Jaraguá cave,56,JAR14,27873,18890.79861,45.21254899,45.23626631,-4.99364,1.9
10,Jaraguá cave,56,JAR14,27874,18901.72824,43.89817124,43.75530813,-5.05836,2.1
10,Jaraguá cave,56,JAR14,27875,18912.7543,42.73196226,43.27815612,-5.74545,2.18
10,Jaraguá cave,56,JAR14,27876,18923.90671,41.849545,42.8695538,-5.99543,1.94
10,Jaraguá cave,56,JAR14,27877,18935.0478,40.77523792,42.46500473,-5.38309,1.88
10,Jaraguá cave,56,JAR14,27878,18946.05501,40.16923985,42.02186165,-5.09599,2.12
10,Jaraguá cave,56,JAR14,27879,18957.04927,39.77199285,41.22859959,-4.38523,2.59
10,Jaraguá cave,56,JAR14,27880,18967.97071,39.5790244,40.39065748,-4.53089,2.55
10,Jaraguá cave,56,JAR14,27881,18979.0178,38.93984347,40.22280333,-5.34194,2.56
10,Jaraguá cave,56,JAR14,27882,18990.02009,38.47563691,39.37151627,-4.8549,2.72
10,Jaraguá cave,56,JAR14,27883,19000.96413,37.8518703,38.5409664,-4.69021,2.78
10,Jaraguá cave,56,JAR14,27884,19011.79788,37.13992708,38.18164203,-5.01463,2.36
10,Jaraguá cave,56,JAR14,27885,19022.75934,36.56166236,38.26610193,-5.46342,1.96
10,Jaraguá cave,56,JAR14,27886,19033.74452,36.41761094,37.90118127,-5.83208,1.59
10,Jaraguá cave,56,JAR14,27887,19044.58312,36.55470151,37.95593404,-5.41038,1.5
10,Jaraguá cave,56,JAR14,27888,19055.46273,36.50390472,38.07501305,-6.08331,1.59
10,Jaraguá cave,56,JAR14,27889,19066.37838,36.22816461,38.15758675,-6.00215,1.47
10,Jaraguá cave,56,JAR14,27890,19077.36475,36.02826389,38.53600329,-5.17239,1.34
10,Jaraguá cave,56,JAR14,27891,19088.25258,36.58343905,38.5775067,-5.20258,1.57
10,Jaraguá cave,56,JAR14,27892,19099.03787,37.55437805,38.75701082,-5.44656,2.18
10,Jaraguá cave,56,JAR14,27893,19109.90698,37.85306575,38.95390193,-5.06146,2.07
10,Jaraguá cave,56,JAR14,27894,19120.8276,38.44762881,39.59486045,-5.91675,1.42
10,Jaraguá cave,56,JAR14,27895,19131.4427,38.8200428,40.07078403,-5.9274,1.3
10,Jaraguá cave,56,JAR14,27896,19142.3475,39.29240818,40.65486503,-4.89594,1.77
10,Jaraguá cave,56,JAR14,27897,19153.34873,39.7455043,41.05458629,-4.53586,2.58
10,Jaraguá cave,56,JAR14,27898,19164.13363,40.60849619,42.01290925,-5.02135,2.44
10,Jaraguá cave,56,JAR14,27899,19174.96646,41.9905286,42.5970177,-5.41813,2.23
10,Jaraguá cave,56,JAR14,27900,19185.74098,42.99471161,43.31945994,-5.49877,1.95
10,Jaraguá cave,56,JAR14,27901,19196.47204,43.88959531,44.09303121,-5.58262,1.43
10,Jaraguá cave,56,JAR14,27902,19207.33569,44.99279818,45.05809364,-6.04785,1.09
10,Jaraguá cave,56,JAR14,27903,19218.05582,46.45329588,46.26541488,-6.02417,1.27
10,Jaraguá cave,56,JAR14,27904,19229.00085,47.82197354,47.91878168,-7.10526,0.91
10,Jaraguá cave,56,JAR14,27905,19239.98903,49.08150967,49.3755327,-7.21629,0.86
10,Jaraguá cave,56,JAR14,27906,19250.701,50.49017854,50.29963531,-6.80637,0.76
10,Jaraguá cave,56,JAR14,27907,19261.43305,51.81823818,51.35013606,-6.70361,0.79
10,Jaraguá cave,56,JAR14,27908,19272.17545,53.02376624,51.99985452,-5.58189,1.55
10,Jaraguá cave,56,JAR14,27909,19283.31872,53.8507598,53.08017986,-5.4078,1.2
10,Jaraguá cave,56,JAR14,27910,19294.27989,55.34801037,54.3945834,-5.85038,0.93
10,Jaraguá cave,56,JAR14,27911,19305.26374,56.60341,56.03443949,-4.95694,1.25
10,Jaraguá cave,56,JAR14,27912,19315.2759,55.5503047,55.12300309,-5.00243,1.34
10,Jaraguá cave,56,JAR14,27913,19325.3055,54.39757673,54.08492856,-5.68321,1.22
10,Jaraguá cave,56,JAR14,27914,19335.31022,53.24465949,53.68014138,-5.99129,0.88
10,Jaraguá cave,56,JAR14,27915,19345.16082,52.17578089,52.61928971,-5.66863,1.43
10,Jaraguá cave,56,JAR14,27916,19355.17293,50.82266616,51.96672947,-4.76268,2.39
10,Jaraguá cave,56,JAR14,27917,19364.96183,49.87722084,51.0698969,-5.41328,1.38
10,Jaraguá cave,56,JAR14,27918,19374.90264,49.02261103,49.74290785,-6.09044,0.8
10,Jaraguá cave,56,JAR14,27919,19384.77932,48.31639403,48.44092151,-5.75217,1.04
10,Jaraguá cave,56,JAR14,27920,19394.79323,47.33699165,48.50494593,-6.29555,1
10,Jaraguá cave,56,JAR14,27921,19404.83457,46.20899219,48.00527761,-6.22308,1.19
10,Jaraguá cave,56,JAR14,27922,19414.68348,45.72669495,47.72699338,-4.7112,2.39
10,Jaraguá cave,56,JAR14,27923,19424.84896,44.71290477,48.1700962,-4.18735,3.06
10,Jaraguá cave,56,JAR14,27924,19434.66982,43.95752854,47.64542723,-5.56349,1.98
10,Jaraguá cave,56,JAR14,27925,19444.61805,43.45884272,47.33762399,-6.31943,1.71
10,Jaraguá cave,56,JAR14,27926,19454.57925,42.78410113,46.54814066,-6.09757,1.13
10,Jaraguá cave,56,JAR14,27927,19464.24145,43.08841748,45.65798706,-5.23174,1.3
10,Jaraguá cave,56,JAR14,27928,19474.23192,42.76606024,45.27992747,-5.28987,1.15
10,Jaraguá cave,56,JAR14,27929,19484.23059,41.71227942,45.22991092,-5.01231,1.93
10,Jaraguá cave,56,JAR14,27930,19494.40628,41.03908274,44.95378508,-4.38108,2.3
10,Jaraguá cave,56,JAR14,27931,19504.25648,40.77443089,44.4260368,-4.58178,1.04
10,Jaraguá cave,56,JAR14,27932,19514.15318,40.95099807,44.34446189,-5.29542,1.08
10,Jaraguá cave,56,JAR14,27933,19523.97596,40.63914681,44.20808638,-5.5021,1.12
10,Jaraguá cave,56,JAR14,27934,19533.65162,40.86490278,43.75411322,-5.49572,0.9
10,Jaraguá cave,56,JAR14,27935,19543.79466,40.84633068,44.1097808,-5.70713,1.19
10,Jaraguá cave,56,JAR14,27936,19553.63221,40.72248843,44.0423104,-5.89878,1.24
10,Jaraguá cave,56,JAR14,27937,19563.42492,40.60222735,44.30543747,-5.80362,1.46
10,Jaraguá cave,56,JAR14,27938,19573.33359,40.97648149,44.45825659,-5.23833,1.44
10,Jaraguá cave,56,JAR14,27939,19583.34638,41.16502368,44.36737714,-5.04719,1.32
10,Jaraguá cave,56,JAR14,27940,19593.25296,41.04990212,44.62971944,-5.60577,1.33
10,Jaraguá cave,56,JAR14,27941,19603.17877,41.66370195,45.0866694,-5.60795,1.46
10,Jaraguá cave,56,JAR14,27942,19613.14023,41.51383396,45.73068678,-6.29289,0.86
10,Jaraguá cave,56,JAR14,27943,19623.16707,42.1328956,46.60319768,-5.96174,0.59
10,Jaraguá cave,56,JAR14,27944,19633.0661,42.57667787,47.55593182,-5.57617,0.63
10,Jaraguá cave,56,JAR14,27945,19643.03067,42.72407967,47.66753366,-5.47525,0.72
10,Jaraguá cave,56,JAR14,27946,19652.92933,42.98662314,47.47488622,-5.15706,1
10,Jaraguá cave,56,JAR14,27947,19662.66224,43.9944967,47.42290371,-5.1694,1.01
10,Jaraguá cave,56,JAR14,27948,19672.53153,44.67859356,47.32970271,-5.21045,0.58
10,Jaraguá cave,56,JAR14,27949,19682.5481,45.39011172,48.21319923,-5.63487,0.81
10,Jaraguá cave,56,JAR14,27950,19692.3947,46.73149231,48.4459254,-5.83346,0.96
10,Jaraguá cave,56,JAR14,27951,19702.19928,47.70231005,49.23498427,-5.24584,1.05
10,Jaraguá cave,56,JAR14,27952,19711.86014,48.70640271,49.17772938,-5.22125,1.26
10,Jaraguá cave,56,JAR14,27953,19722.12602,48.72337446,50.33294492,-5.13948,1.63
10,Jaraguá cave,56,JAR14,27954,19731.87747,49.84084054,50.55229461,-5.12846,1.76
10,Jaraguá cave,56,JAR14,27955,19742.22372,50.4496053,52.34982893,-4.99246,1.79
10,Jaraguá cave,56,JAR14,27956,19752.34948,51.23328347,54.0287004,-4.71007,1.98
10,Jaraguá cave,56,JAR14,27957,19762.49499,51.72489985,55.66763811,-4.72684,1.94
10,Jaraguá cave,56,JAR14,27958,19772.70007,52.48784913,57.3567258,-5.04924,1.89
10,Jaraguá cave,56,JAR14,27959,19782.68358,52.53790398,57.76526221,-4.84046,1.76
10,Jaraguá cave,56,JAR14,27960,19792.54187,53.43730083,58.19478047,-4.7218,1.55
10,Jaraguá cave,56,JAR14,27961,19802.5146,53.64883658,59.30485186,-5.37506,1.49
10,Jaraguá cave,56,JAR14,27962,19812.64157,54.61547576,60.53204577,-5.72973,1.59
10,Jaraguá cave,56,JAR14,27963,19822.56561,55.59770564,61.19276941,-5.7342,1.4
10,Jaraguá cave,56,JAR14,27964,19832.60569,56.22716945,62.46645561,-4.93953,1.41
10,Jaraguá cave,56,JAR14,27965,19842.41031,57.40602824,63.0847186,-5.57545,1.21
10,Jaraguá cave,56,JAR14,27966,19848.17268,57.35968388,62.98913968,-6.55838,1.25
10,Jaraguá cave,56,JAR14,27967,19854.15997,57.33714637,62.06244922,-6.24752,1.32
10,Jaraguá cave,56,JAR14,27968,19860.5255,57.26047276,61.46165319,-5.46486,0.66
10,Jaraguá cave,56,JAR14,27969,19866.45596,57.73619647,62.12788395,-5.54892,0.88
10,Jaraguá cave,56,JAR14,27970,19872.0134,58.46293879,61.98800505,-4.98413,1.4
10,Jaraguá cave,56,JAR14,27971,19877.89626,59.06684651,63.22464505,-5.69684,1.43
10,Jaraguá cave,56,JAR14,27972,19883.82516,60.8067201,63.76426185,-7.42511,0.57
10,Jaraguá cave,56,JAR14,27973,19889.84566,62.12215495,64.83956716,-5.63676,1.64
10,Jaraguá cave,56,JAR14,27974,19895.68692,63.67061111,65.43741885,-6.41675,1.4
10,Jaraguá cave,56,JAR14,27975,19901.79379,65.28384791,67.03021205,-6.4042,1.51
10,Jaraguá cave,56,JAR14,27976,19907.81388,67.24319002,67.96287653,-5.71409,1.78
10,Jaraguá cave,56,JAR14,27977,19913.95382,68.29792067,70.34984646,-4.77786,1.9
10,Jaraguá cave,56,JAR14,27978,19920.10058,70.28576121,71.61728552,-5.30739,1.76
10,Jaraguá cave,56,JAR14,27979,19925.93556,72.29502012,73.06622083,-5.75939,1.45
10,Jaraguá cave,56,JAR14,27980,19931.98402,74.3134068,75.23831828,-5.60011,1.3
10,Jaraguá cave,56,JAR14,27981,19938.32999,76.38845934,77.35554917,-6.02604,1.34
10,Jaraguá cave,56,JAR14,27982,19944.31962,78.06609867,79.43805524,-6.01116,1.49
10,Jaraguá cave,56,JAR14,27983,19950.38967,80.69691743,81.21679588,-5.99949,1.5
10,Jaraguá cave,56,JAR14,27984,19956.37219,82.4630576,83.24654754,-5.73552,1.62
10,Jaraguá cave,56,JAR14,27985,19962.74027,84.00530565,86.51771989,-4.88804,1.57
10,Jaraguá cave,56,JAR14,27986,19968.88067,85.83906568,89.7685537,-4.68888,1.27
10,Jaraguá cave,56,JAR14,27987,19974.89885,88.10852464,92.38637919,-4.92698,1.18
10,Jaraguá cave,56,JAR14,27988,19981.0228,90.02537374,94.50667832,-5.50683,1.26
10,Jaraguá cave,56,JAR14,27989,19987.35949,91.8664039,97.44453232,-5.49942,1.52
10,Jaraguá cave,56,JAR14,27990,19993.72645,94.76701297,100.2728249,-4.87875,1.61
10,Jaraguá cave,56,JAR14,27991,19999.49789,97.56439413,102.6238222,-4.94207,1.52
10,Jaraguá cave,56,JAR14,27992,20005.22802,99.81028062,105.4863082,-5.75263,1.18
10,Jaraguá cave,56,JAR14,27993,20011.23521,102.0644159,108.4442329,-6.04843,1.23
10,Jaraguá cave,56,JAR14,27994,20017.79865,103.8440495,111.9586601,-5.63034,1.73
10,Jaraguá cave,56,JAR14,27995,20023.83537,106.254928,115.1481456,-5.39563,1.92
10,Jaraguá cave,56,JAR14,27996,20029.64274,108.6917057,116.6836942,-5.28148,1.84
10,Jaraguá cave,56,JAR14,27997,20035.8261,111.238819,118.7223405,-6.04985,1.66
10,Jaraguá cave,56,JAR14,27998,20042.11003,113.2474786,121.1672492,-5.70282,1.96
10,Jaraguá cave,56,JAR14,27999,20048.02457,115.9972932,124.7756066,-5.54577,2.25
10,Jaraguá cave,56,JAR14,28000,20053.95619,118.97137,127.2935582,-4.96707,2.46
10,Jaraguá cave,56,JAR14,28001,20059.68416,121.8888921,129.550405,-5.12656,2.17
10,Jaraguá cave,56,JAR14,28002,20066.12293,124.4879886,132.6835874,-4.75333,2.06
10,Jaraguá cave,56,JAR14,28003,20072.19094,128.1375715,135.8864517,-5.06252,1.84
10,Jaraguá cave,56,JAR14,28004,20078.21758,131.4631667,138.6970642,-5.53245,1.67
10,Jaraguá cave,56,JAR14,28005,20084.41676,133.6325658,141.0951512,-5.53573,1.69
10,Jaraguá cave,56,JAR14,28006,20090.54633,136.2203028,143.4661038,-5.34145,1.79
10,Jaraguá cave,56,JAR14,28007,20097.1558,138.6715029,146.7574263,-5.29977,1.49
10,Jaraguá cave,56,JAR14,28008,20103.42439,141.7849453,150.0424802,-4.95396,1.36
10,Jaraguá cave,56,JAR14,28009,20109.50446,144.7636335,153.8165635,-5.45708,0.91
10,Jaraguá cave,56,JAR14,28010,20115.48956,147.796656,157.1139027,-5.90063,0.84
10,Jaraguá cave,56,JAR14,28011,20121.75954,150.2914483,160.7847137,-6.30977,1.01
10,Jaraguá cave,56,JAR14,28012,20127.76181,152.8356732,164.1424559,-5.94401,1.35
10,Jaraguá cave,56,JAR14,28013,20133.79912,155.0998333,167.4607608,-5.68767,1.53
10,Jaraguá cave,56,JAR14,28014,20139.59135,158.5959176,170.2167693,-5.2999,1.48
10,Jaraguá cave,56,JAR14,28015,20145.68986,161.0761098,173.8117339,-5.56681,1.22
10,Jaraguá cave,56,JAR14,28016,20151.39053,163.6255389,177.1062596,-7.21449,1.15
10,Jaraguá cave,56,JAR14,28017,20157.39223,166.6491678,180.964664,-5.91374,1.71
10,Jaraguá cave,56,JAR14,28018,20163.54387,169.6482464,184.5255098,-5.80772,1.63
10,Jaraguá cave,56,JAR14,28019,20169.49936,172.9757283,187.6634686,-5.0553,2.28
10,Jaraguá cave,56,JAR14,28020,20175.83356,175.7586676,191.2983659,-5.37459,1.93
10,Jaraguá cave,56,JAR14,28021,20181.37987,179.2382899,194.1826957,-6.10406,1.16
10,Jaraguá cave,56,JAR14,28022,20187.73715,182.180257,197.7938801,-5.79512,0.87
10,Jaraguá cave,56,JAR14,28023,20194.24806,184.9363712,201.5693885,-5.49825,1.21
10,Jaraguá cave,56,JAR14,28024,20200.51434,187.8319475,204.979397,-4.97869,1.62
10,Jaraguá cave,56,JAR14,28025,20206.86623,191.3007106,208.386268,-5.1352,1.64
10,Jaraguá cave,56,JAR14,28026,20213.18531,195.0135696,211.5429006,-5.36697,1.91
10,Jaraguá cave,56,JAR14,28027,20219.56591,197.6930799,214.7723097,-5.57817,1.85
10,Jaraguá cave,56,JAR14,28028,20226.00821,199.7961293,219.1188984,-6.21844,1.5
10,Jaraguá cave,56,JAR14,28029,20232.28571,202.3734848,222.8789367,-6.37076,1.31
10,Jaraguá cave,56,JAR14,28030,20238.56454,204.9073642,226.0679592,-5.8346,1.6
10,Jaraguá cave,56,JAR14,28031,20244.29183,208.9746921,229.5002273,-5.61743,1.56
10,Jaraguá cave,56,JAR14,28032,20250.22429,212.7763533,231.9261558,-5.0179,1.45
10,Jaraguá cave,56,JAR14,28033,20256.08441,216.442243,234.2407124,-5.01393,1.34
10,Jaraguá cave,56,JAR14,28034,20262.28818,219.6997315,237.6914119,-6.22174,1.28
10,Jaraguá cave,56,JAR14,28035,20268.38702,223.2650245,241.1178004,-5.99923,1.37
10,Jaraguá cave,56,JAR14,28036,20274.55574,226.0950432,245.1502794,-6.06022,1.29
10,Jaraguá cave,56,JAR14,28037,20280.46058,229.8267324,248.2221836,-6.09143,1.12
10,Jaraguá cave,56,JAR14,28038,20286.40613,233.4330395,252.0109753,-5.50104,2
10,Jaraguá cave,56,JAR14,28039,20292.71723,236.6827344,255.7039687,-5.04351,2.29
10,Jaraguá cave,56,JAR14,28040,20298.69947,240.4905831,258.8963658,-5.00916,2.27
10,Jaraguá cave,56,JAR14,28041,20304.91539,243.8719123,262.5325169,-5.30384,2.06
10,Jaraguá cave,56,JAR14,28042,20311.0333,246.6184491,266.1730391,-5.25848,1.99
10,Jaraguá cave,56,JAR14,28043,20317.31375,249.6756088,269.6546253,-5.1595,1.98
10,Jaraguá cave,56,JAR14,28044,20323.55892,252.8033063,273.10094,-5.33322,1.47
10,Jaraguá cave,56,JAR14,28045,20329.65813,255.6264775,276.4012984,-5.10369,1.27
10,Jaraguá cave,56,JAR14,28046,20335.78852,258.4078811,279.7328272,-5.49169,1.14
10,Jaraguá cave,56,JAR14,28047,20341.97393,261.0324176,283.1425565,-5.11233,1.53
10,Jaraguá cave,56,JAR14,28048,20347.75454,264.0617531,286.5137388,-4.85749,1.41
10,Jaraguá cave,56,JAR14,28049,20353.81179,267.208135,289.9465784,-4.80718,1.55
10,Jaraguá cave,56,JAR14,28050,20359.68903,271.1946872,293.1448558,-5.63014,1.57
10,Jaraguá cave,56,JAR14,28051,20365.79094,274.4098742,296.453457,-5.51731,1.88
10,Jaraguá cave,56,JAR14,28052,20372.11688,276.6571531,299.9440897,-5.81545,1.47
10,Jaraguá cave,56,JAR14,28053,20378.0672,279.9721284,303.2478205,-6.24645,1.16
10,Jaraguá cave,56,JAR14,28054,20383.98389,283.4942598,306.4868533,-5.96304,1.33
10,Jaraguá cave,56,JAR14,28055,20389.91966,286.594546,309.7393629,-5.70287,1.27
10,Jaraguá cave,56,JAR14,28056,20396.0003,289.5499653,313.1367395,-5.3621,1.24
10,Jaraguá cave,56,JAR14,28057,20402.0004,292.5859182,316.3546484,-5.45381,1.24
10,Jaraguá cave,56,JAR14,28058,20408.12198,295.5003985,319.6664798,-5.22177,1.45
10,Jaraguá cave,56,JAR14,28059,20413.82802,298.8304231,322.562767,-5.49148,1.85
10,Jaraguá cave,56,JAR14,28060,20419.79163,301.9028725,325.4376249,-6.14269,1.87
10,Jaraguá cave,56,JAR14,28061,20425.86659,304.8444521,328.9767888,-6.77097,1.08
10,Jaraguá cave,56,JAR14,28062,20431.83825,307.9392284,332.3841867,-4.71786,2.52
10,Jaraguá cave,56,JAR14,28063,20438.11086,310.7330491,335.9789964,-4.99333,1.87
10,Jaraguá cave,56,JAR14,28064,20444.01453,313.9151186,339.204867,-4.51991,1.8
10,Jaraguá cave,56,JAR14,28065,20450.12724,316.9335224,342.6397782,-5.27474,1.29
10,Jaraguá cave,56,JAR14,28066,20456.43061,319.8997911,346.2653473,-5.54612,1.4
10,Jaraguá cave,56,JAR14,28067,20462.3744,323.2639618,349.4422768,-6.27398,1.41
10,Jaraguá cave,56,JAR14,28068,20468.3338,326.6125079,352.6093589,-5.61893,1.52
10,Jaraguá cave,56,JAR14,28069,20474.26379,329.9904764,355.7470186,-5.4936,1.39
10,Jaraguá cave,56,JAR14,28070,20480.05619,333.5060366,358.7470866,-5.99194,1.36
10,Jaraguá cave,56,JAR14,28071,20485.90024,336.9699434,361.7988079,-6.23429,1.31
10,Jaraguá cave,56,JAR14,28072,20491.89051,340.2876276,364.8198785,-6.15329,1.4
10,Jaraguá cave,56,JAR14,28073,20497.8316,343.6544864,367.6576524,-6.70886,1.36
10,Jaraguá cave,56,JAR14,28074,20504.38349,346.4105544,371.1044396,-6.6112,1.21
10,Jaraguá cave,56,JAR14,28075,20510.54543,349.5565713,374.1612778,-6.19844,1.41
10,Jaraguá cave,56,JAR14,28076,20516.38615,353.231019,376.8968913,-5.56263,1.46
10,Jaraguá cave,56,JAR14,28077,20522.22686,356.8959084,379.6325048,-5.10406,1.5
10,Jaraguá cave,56,JAR14,28078,20528.17622,360.3973777,382.4767602,-5.51521,1.44
10,Jaraguá cave,56,JAR14,28079,20534.35814,363.6662779,385.5690565,-6.52404,1.16
10,Jaraguá cave,56,JAR14,28080,20544.59299,360.127072,382.1206126,-6.37901,1.22
10,Jaraguá cave,56,JAR14,28081,20555.06431,356.3014924,378.9086294,-6.61655,1.02
10,Jaraguá cave,56,JAR14,28082,20565.98868,351.9367511,376.1497032,-5.50824,1.42
10,Jaraguá cave,56,JAR14,28083,20576.37719,347.921676,372.6095804,-5.80668,1.19
10,Jaraguá cave,56,JAR14,28084,20587.07661,343.3081533,369.156398,-5.36342,1.23
10,Jaraguá cave,56,JAR14,28085,20597.13822,340.5808622,365.5878176,-5.51501,1.49
10,Jaraguá cave,56,JAR14,28086,20606.90619,337.7892999,361.7255952,-5.29828,1.82
10,Jaraguá cave,56,JAR14,28087,20617.1616,334.9942355,358.3490162,-5.16971,1.95
10,Jaraguá cave,56,JAR14,28088,20627.53608,331.9986435,353.833527,-5.18355,1.71
10,Jaraguá cave,56,JAR14,28089,20637.94513,328.7541376,349.1397918,-5.05362,2.03
10,Jaraguá cave,56,JAR14,28090,20648.87027,324.317899,344.9621436,-5.18385,2.46
10,Jaraguá cave,56,JAR14,28091,20658.83186,320.9508099,340.6226474,-5.78173,2.43
10,Jaraguá cave,56,JAR14,28092,20669.37279,316.9527675,337.4469191,-5.36079,2.17
10,Jaraguá cave,56,JAR14,28093,20680.32147,313.0572056,334.4956675,-5.73215,1.88
10,Jaraguá cave,56,JAR14,28094,20690.91694,309.9340987,330.505713,-5.71164,1.92
10,Jaraguá cave,56,JAR14,28095,20701.28088,306.9951326,326.1442943,-5.66398,1.87
10,Jaraguá cave,56,JAR14,28096,20711.73447,302.6846948,322.5572383,-5.72778,1.73
10,Jaraguá cave,56,JAR14,28097,20722.057,298.0193768,318.7387919,-6.12178,1.62
10,Jaraguá cave,56,JAR14,28098,20731.85547,295.1407752,315.2115029,-6.31195,1.61
10,Jaraguá cave,56,JAR14,28099,20741.8134,292.4654722,311.5602258,-5.95302,1.59
10,Jaraguá cave,56,JAR14,28100,20752.16352,289.3110746,308.2004937,-5.50137,1.67
10,Jaraguá cave,56,JAR14,28101,20762.43279,285.0083438,304.6451063,-5.35332,1.81
10,Jaraguá cave,56,JAR14,28102,20772.72401,282.2567154,300.5959431,-5.71104,2.27
10,Jaraguá cave,56,JAR14,28103,20783.04549,279.5897978,296.577051,-5.84395,2.18
10,Jaraguá cave,56,JAR14,28104,20793.39308,275.9272224,292.3677091,-5.59025,1.89
10,Jaraguá cave,56,JAR14,28105,20803.69909,271.8538787,288.0634672,-5.58732,1.79
10,Jaraguá cave,56,JAR14,28106,20814.22111,268.0969411,284.1704902,-5.55048,1.82
10,Jaraguá cave,56,JAR14,28107,20824.42377,264.8243278,280.5582789,-5.74447,1.78
10,Jaraguá cave,56,JAR14,28108,20834.85818,261.3370332,276.9897304,-5.84486,1.57
10,Jaraguá cave,56,JAR14,28109,20844.85943,257.6067079,271.9904864,-6.0013,1.82
10,Jaraguá cave,56,JAR14,28110,20854.96511,253.5005736,267.444853,-6.02705,1.71
10,Jaraguá cave,56,JAR14,28111,20865.02539,249.9303081,263.7687276,-5.67397,1.81
10,Jaraguá cave,56,JAR14,28112,20875.30245,245.5789421,259.7388267,-5.44684,1.96
10,Jaraguá cave,56,JAR14,28113,20885.3789,241.3316677,255.1771919,-5.66488,2.02
10,Jaraguá cave,56,JAR14,28114,20895.5545,238.4747921,251.2488618,-5.76931,2.16
10,Jaraguá cave,56,JAR14,28115,20906.02698,234.3937755,247.6174124,-6.01715,1.6
10,Jaraguá cave,56,JAR14,28116,20916.42874,230.3285416,243.9152372,-5.43058,1.78
10,Jaraguá cave,56,JAR14,28117,20926.65928,226.817001,241.1248813,-5.00782,1.62
10,Jaraguá cave,56,JAR14,28118,20936.87716,223.066057,238.669497,-5.99453,1.99
10,Jaraguá cave,56,JAR14,28119,20947.52931,218.2375228,235.5005923,-5.24207,1.62
10,Jaraguá cave,56,JAR14,28120,20958.07691,214.1680176,231.8269103,-5.26523,1.6
10,Jaraguá cave,56,JAR14,28121,20978.63247,207.4972746,223.3776684,-5.36104,1.43
10,Jaraguá cave,56,JAR14,28122,20988.04548,204.826175,218.6992731,-5.52921,1.37
10,Jaraguá cave,56,JAR14,28123,20998.55806,201.0049224,215.9317236,-5.46072,1.59
10,Jaraguá cave,56,JAR14,28124,21009.137,197.1222455,214.3941259,-5.89873,1.38
10,Jaraguá cave,56,JAR14,28125,21019.71899,193.1467038,210.6955753,-5.63268,1.34
10,Jaraguá cave,56,JAR14,28126,21029.93068,189.9094918,205.8862129,-4.99463,1.86
10,Jaraguá cave,56,JAR14,28127,21041.10986,186.2105785,202.9780676,-5.00765,1.86
10,Jaraguá cave,56,JAR14,28128,21051.75593,182.421562,200.2753998,-5.41376,1.74
10,Jaraguá cave,56,JAR14,28129,21062.44715,178.712046,198.2787113,-5.68663,1.38
10,Jaraguá cave,56,JAR14,28130,21072.88851,175.4368783,194.7085712,-5.777,1.27
10,Jaraguá cave,56,JAR14,28131,21082.89834,172.6797591,191.3066379,-6.17481,1.18
10,Jaraguá cave,56,JAR14,28132,21093.65698,168.5417994,188.7069299,-5.91475,1.24
10,Jaraguá cave,56,JAR14,28133,21103.50096,165.8536283,185.1636474,-5.83899,1.08
10,Jaraguá cave,56,JAR14,28134,21112.98066,163.5618824,180.9091923,-5.29086,1.2
10,Jaraguá cave,56,JAR14,28135,21123.25341,160.6305929,177.3615745,-5.12259,1.22
10,Jaraguá cave,56,JAR14,28136,21133.57811,157.4955487,173.5328184,-5.48621,1.62
10,Jaraguá cave,56,JAR14,28137,21143.6221,154.8020522,169.7852186,-5.65614,1.6
10,Jaraguá cave,56,JAR14,28138,21153.79297,151.9481875,165.7232973,-6.28013,1.14
10,Jaraguá cave,56,JAR14,28139,21164.03516,148.9201128,162.1398289,-7.08325,0.93
10,Jaraguá cave,56,JAR14,28140,21174.35135,145.8292811,157.6091561,-6.70247,0.97
10,Jaraguá cave,56,JAR14,28141,21184.53232,143.0442741,153.7073207,-5.78586,1.15
10,Jaraguá cave,56,JAR14,28142,21194.92428,139.9734088,149.9318259,-5.64508,0.96
10,Jaraguá cave,56,JAR14,28143,21205.26191,138.0275091,146.7937778,-5.69066,1.15
10,Jaraguá cave,56,JAR14,28144,21215.15859,135.6923314,142.4876824,-5.7809,1.22
10,Jaraguá cave,56,JAR14,28145,21225.08853,133.2156909,139.0716658,-6.09491,1.11
10,Jaraguá cave,56,JAR14,28146,21235.35807,130.1393543,137.3658221,-6.16902,1.09
10,Jaraguá cave,56,JAR14,28147,21245.79012,127.16328,134.1536769,-5.96116,1.2
10,Jaraguá cave,56,JAR14,28148,21256.06457,124.4814575,131.6469682,-6.00292,1.2
10,Jaraguá cave,56,JAR14,28149,21266.09879,122.6442003,128.8764237,-6.28747,1.21
10,Jaraguá cave,56,JAR14,28150,21276.12803,118.9978942,124.7949172,-5.90503,1.08
10,Jaraguá cave,56,JAR14,28151,21286.00798,116.2630532,120.4080983,-6.54825,0.74
10,Jaraguá cave,56,JAR14,28152,21295.95515,113.5903065,116.1132879,-6.29233,0.82
10,Jaraguá cave,56,JAR14,28153,21306.73877,110.4542151,112.8583576,-5.60126,0.84
10,Jaraguá cave,56,JAR14,28154,21316.97653,108.0154057,110.5825524,-5.4366,1.08
10,Jaraguá cave,56,JAR14,28155,21327.32172,105.9246255,108.4708022,-5.79806,1.21
10,Jaraguá cave,56,JAR14,28156,21337.43447,102.8923338,105.6926013,-6.31869,1
10,Jaraguá cave,56,JAR14,28157,21347.39617,101.1323468,104.2762192,-5.96395,1.01
10,Jaraguá cave,56,JAR14,28158,21357.78474,98.82000183,101.1337323,-6.44231,1.1
10,Jaraguá cave,56,JAR14,28159,21368.25331,97.85427448,98.49829132,-5.92715,1.29
10,Jaraguá cave,56,JAR14,28160,21378.40073,95.8796811,95.88320575,-5.69325,1.05
10,Jaraguá cave,56,JAR14,28161,21388.91242,93.02735959,94.23476461,-5.92746,0.92
10,Jaraguá cave,56,JAR14,28162,21399.65015,91.06779988,92.44189337,-5.96509,1.09
10,Jaraguá cave,56,JAR14,28163,21410.46117,88.57130279,92.02324464,-5.97883,1.29
10,Jaraguá cave,56,JAR14,28164,21421.00792,85.88628347,92.09455387,-5.96684,1.36
10,Jaraguá cave,56,JAR14,28165,21431.37932,85.09212677,90.15033463,-5.94783,0.98
10,Jaraguá cave,56,JAR14,28166,21441.77806,84.63757295,89.00728447,-6.38732,1.44
10,Jaraguá cave,56,JAR14,28167,21451.76543,83.57675951,88.32662434,-6.72976,1.3
10,Jaraguá cave,56,JAR14,28168,21461.9718,82.04600452,86.77310403,-6.37492,0.86
10,Jaraguá cave,56,JAR14,28169,21473.22706,80.12520656,87.28890231,-5.84943,1.2
10,Jaraguá cave,56,JAR14,28170,21483.76972,78.56096317,86.4475837,-5.73986,1.49
10,Jaraguá cave,56,JAR14,28171,21493.85209,77.46562627,86.02127626,-5.70307,1.22
10,Jaraguá cave,56,JAR14,28172,21504.3011,76.94567105,86.07702543,-5.58441,1.2
10,Jaraguá cave,56,JAR14,28173,21514.95456,75.65360288,86.16622205,-6.02142,1.23
10,Jaraguá cave,56,JAR14,28174,21525.96796,75.41852427,86.61486854,-6.14669,1.24
10,Jaraguá cave,56,JAR14,28175,21536.34748,75.71864318,89.33215688,-5.73687,1.2
10,Jaraguá cave,56,JAR14,28176,21546.71094,75.32405562,89.89484426,-5.57004,1.38
10,Jaraguá cave,56,JAR14,28177,21557.71099,75.08936788,89.96977848,-5.49035,1.47
10,Jaraguá cave,56,JAR14,28178,21568.27649,75.63751324,90.93928398,-5.71254,1.33
10,Jaraguá cave,56,JAR14,28179,21571.17733,73.65730706,86.04142653,-6.74195,1.04
10,Jaraguá cave,56,JAR14,28180,21574.25452,71.53064283,82.19807694,-6.62638,1.23
10,Jaraguá cave,56,JAR14,28181,21577.82632,68.92344083,78.49995451,-6.32477,1.27
10,Jaraguá cave,56,JAR14,28182,21580.87094,66.82241993,75.35323043,-5.6376,1.36
10,Jaraguá cave,56,JAR14,28183,21583.5943,65.59357338,72.5265338,-5.64525,0.95
10,Jaraguá cave,56,JAR14,28184,21586.52807,63.54119163,69.30513497,-5.75792,1.14
10,Jaraguá cave,56,JAR14,28185,21589.72431,61.77685846,65.8785244,-5.49827,1.17
10,Jaraguá cave,56,JAR14,28186,21592.99169,59.38780768,62.42666762,-6.59817,0.78
10,Jaraguá cave,56,JAR14,28187,21596.33148,57.45375708,58.98634714,-5.4192,1.44
10,Jaraguá cave,56,JAR14,28188,21599.46643,56.08702143,55.22626398,-5.39005,0.96
10,Jaraguá cave,56,JAR14,28189,21602.49111,55.13774244,53.31286495,-5.09319,1.17
10,Jaraguá cave,56,JAR14,28190,21605.45374,54.3767388,49.96795568,-5.18931,1.28
10,Jaraguá cave,56,JAR14,28191,21608.4166,52.95428161,48.34881637,-6.24115,0.92
10,Jaraguá cave,56,JAR14,28192,21612.28809,51.12367617,48.23240734,-6.31102,1.15
10,Jaraguá cave,56,JAR14,28193,21615.59798,50.42024358,48.42556607,-5.3763,1.58
10,Jaraguá cave,56,JAR14,28194,21619.15882,50.63846406,47.82256078,-4.71922,1.57
10,Jaraguá cave,56,JAR14,28195,21623.23251,50.11930912,48.83624118,-5.7111,1.34
10,Jaraguá cave,56,JAR14,28196,21626.89266,50.53387341,48.46415522,-5.68153,1.57
10,Jaraguá cave,56,JAR14,28197,21630.56649,50.37848919,48.42783193,-5.8219,1.72
10,Jaraguá cave,56,JAR14,28198,21633.75949,51.47519905,49.79361101,-5.62107,2.23
10,Jaraguá cave,56,JAR14,28199,21637.04398,53.30523411,50.80976901,-6.20228,1.58
10,Jaraguá cave,56,JAR14,28200,21642.89881,52.76747821,50.17154022,-6.11432,1.14
10,Jaraguá cave,56,JAR14,28201,21648.63509,52.34922982,50.1807677,-6.21531,1.37
10,Jaraguá cave,56,JAR14,28202,21654.30696,51.91073894,49.52807548,-6.02543,1.53
10,Jaraguá cave,56,JAR14,28203,21660.12533,51.4735936,48.81857158,-5.7942,1.43
10,Jaraguá cave,56,JAR14,28204,21665.93516,50.80842556,48.00319108,-5.77766,1.75
10,Jaraguá cave,56,JAR14,28205,21671.74728,50.35690715,47.72906126,-6.22554,1.41
10,Jaraguá cave,56,JAR14,28206,21677.88636,49.54077096,47.32517323,-5.72856,1.27
10,Jaraguá cave,56,JAR14,28207,21683.72416,49.2591531,47.22664524,-5.55905,1.41
10,Jaraguá cave,56,JAR14,28208,21689.50017,49.3220891,46.79802624,-5.5239,1.85
10,Jaraguá cave,56,JAR14,28209,21695.28199,49.2230969,46.81375768,-5.3424,2.02
10,Jaraguá cave,56,JAR14,28210,21701.04965,49.14032558,46.42818203,-5.58396,1.91
10,Jaraguá cave,56,JAR14,28211,21706.74008,48.97279364,46.02706246,-5.70541,1.63
10,Jaraguá cave,56,JAR14,28212,21712.57591,48.84228309,45.65325978,-6.20528,1.55
10,Jaraguá cave,56,JAR14,28213,21718.37195,48.0704505,45.67057049,-6.20776,1.29
10,Jaraguá cave,56,JAR14,28214,21724.28118,47.78890778,45.34383588,-6.65078,0.78
10,Jaraguá cave,56,JAR14,28215,21730.21942,47.71177653,45.3023818,-6.36611,1.02
10,Jaraguá cave,56,JAR14,28216,21736.06131,47.25449902,44.81042189,-6.57233,0.93
10,Jaraguá cave,56,JAR14,28217,21741.98388,46.79273906,44.42267366,-6.47589,1.02
10,Jaraguá cave,56,JAR14,28218,21747.89003,46.50675734,43.90114415,-6.53387,0.71
10,Jaraguá cave,56,JAR14,28219,21753.72262,46.48346917,43.56401706,-6.12662,0.91
10,Jaraguá cave,56,JAR14,28220,21759.55311,46.62770291,43.74985934,-6.75176,1.05
10,Jaraguá cave,56,JAR14,28221,21765.59774,45.98241133,43.64430282,-7.41298,0.82
10,Jaraguá cave,56,JAR14,28222,21771.38447,45.6496764,43.37216473,-7.12098,0.96
10,Jaraguá cave,56,JAR14,28223,21777.42938,45.31408255,43.53219683,-6.90671,0.91
10,Jaraguá cave,56,JAR14,28224,21783.29041,45.2166412,43.33263765,-6.44943,0.6
10,Jaraguá cave,56,JAR14,28225,21789.24656,44.99536021,42.87340811,-6.24228,0.69
10,Jaraguá cave,56,JAR14,28226,21795.19534,44.76007205,42.70736574,-5.92279,1.65
10,Jaraguá cave,56,JAR14,28227,21800.88528,44.4381576,42.36001052,-6.06636,1.2
10,Jaraguá cave,56,JAR14,28228,21806.79467,44.12943392,42.36813289,-6.27691,1.02
10,Jaraguá cave,56,JAR14,28229,21812.80938,44.1527902,42.67394006,-6.49304,1.08
10,Jaraguá cave,56,JAR14,28230,21818.6225,44.34429111,42.65046985,-5.82438,1.37
10,Jaraguá cave,56,JAR14,28231,21824.4364,44.55364427,42.9148306,-5.41754,0.8
10,Jaraguá cave,56,JAR14,28232,21830.29102,44.5468376,43.11982278,-5.88216,0.44
10,Jaraguá cave,56,JAR14,28233,21836.11502,44.44582731,43.06736066,-5.95834,1.32
10,Jaraguá cave,57,JAR13,28313,21841.07166,142.3887214,171.4694726,-5.53002,0.88
10,Jaraguá cave,56,JAR14,28234,21841.77335,44.48113957,43.04205464,-6.1753,1.26
10,Jaraguá cave,56,JAR14,28235,21847.60104,44.58779563,42.66363064,-6.31826,1.14
10,Jaraguá cave,57,JAR13,28314,21851.84565,138.2708945,165.7472865,-5.91612,1.02
10,Jaraguá cave,56,JAR14,28236,21853.5631,44.69860101,42.75667779,-5.65156,1.68
10,Jaraguá cave,56,JAR14,28237,21859.40749,45.1234506,43.00148695,-5.86594,1.57
10,Jaraguá cave,57,JAR13,28315,21862.12173,134.6509772,159.5271908,-5.84508,1.06
10,Jaraguá cave,56,JAR14,28238,21865.21503,45.23702162,43.28884659,-6.52516,1.36
10,Jaraguá cave,56,JAR14,28239,21871.23017,45.04656324,43.98136585,-6.5499,1.3
10,Jaraguá cave,57,JAR13,28316,21872.60045,130.8284135,153.5532238,-5.957,1.18
10,Jaraguá cave,56,JAR14,28240,21877.2484,44.74184815,43.92430142,-5.6954,1.44
10,Jaraguá cave,57,JAR13,28317,21883.24235,127.1208603,147.9014438,-5.47292,0.91
10,Jaraguá cave,56,JAR14,28241,21883.2828,44.42518093,43.85372991,-6.07333,1.14
10,Jaraguá cave,56,JAR14,28242,21889.4365,43.88811958,44.31874146,-6.0218,1.19
10,Jaraguá cave,57,JAR13,28318,21893.88425,123.419206,142.2496638,-5.75084,0.48
10,Jaraguá cave,56,JAR14,28243,21895.23184,44.07647202,44.42538808,-5.96412,1.58
10,Jaraguá cave,56,JAR14,28244,21901.14691,44.19449173,44.81723133,-5.27477,1.19
10,Jaraguá cave,57,JAR13,28319,21904.52615,119.7175516,136.5978837,-4.94359,0.52
10,Jaraguá cave,56,JAR14,28245,21906.99082,44.5192782,44.74103459,-5.60753,1.03
10,Jaraguá cave,56,JAR14,28246,21912.98259,44.96108423,45.30896813,-5.70535,1.38
10,Jaraguá cave,57,JAR13,28320,21915.16805,116.0158973,131.2410496,-6.65233,0.38
10,Jaraguá cave,56,JAR14,28247,21918.79642,45.20611886,45.47276138,-6.48985,1.14
10,Jaraguá cave,56,JAR14,28248,21924.47886,45.33322459,45.46356979,-6.01287,1.66
10,Jaraguá cave,57,JAR13,28321,21926.61542,111.5087746,126.7583477,-5.25501,0.7
10,Jaraguá cave,56,JAR14,28249,21930.50548,45.12925326,45.97495037,-6.02324,1
10,Jaraguá cave,56,JAR14,28250,21936.39711,45.07151764,46.23006473,-6.03781,1.47
10,Jaraguá cave,57,JAR13,28322,21938.18966,106.8747765,121.8291445,-6.04639,1.01
10,Jaraguá cave,56,JAR14,28251,21942.02231,45.35057021,46.30539245,-6.52434,1.58
10,Jaraguá cave,56,JAR14,28252,21947.96119,45.48817059,46.46963808,-5.81159,2.23
10,Jaraguá cave,57,JAR13,28323,21949.54418,102.4605019,116.5921568,-6.34008,0.99
10,Jaraguá cave,56,JAR14,28253,21953.82631,45.51098484,46.63571978,-6.07261,1.6
10,Jaraguá cave,56,JAR14,28254,21959.70188,45.51049227,46.91068263,-6.11059,1.04
10,Jaraguá cave,57,JAR13,28324,21960.31836,98.62657056,111.8823635,-6.10615,0.93
10,Jaraguá cave,56,JAR14,28255,21965.62805,45.67431167,47.06862029,-6.2197,1.01
10,Jaraguá cave,57,JAR13,28325,21970.56494,95.32023818,104.9249554,-5.84287,1.13
10,Jaraguá cave,56,JAR14,28256,21971.48378,46.07164046,47.12790647,-5.78829,0.8
10,Jaraguá cave,56,JAR14,28257,21977.2584,46.42369481,47.20839511,-5.00092,1.31
10,Jaraguá cave,57,JAR13,28326,21981.36088,91.59897154,98.39206241,-6.46749,1.3
10,Jaraguá cave,56,JAR14,28258,21983.06806,46.23110784,48.17582052,-5.87995,1.01
10,Jaraguá cave,56,JAR14,28259,21989.01099,46.01287508,48.59003322,-6.10166,0.56
10,Jaraguá cave,57,JAR13,28327,21991.12451,89.01788303,91.36828936,-6.06789,1.52
10,Jaraguá cave,56,JAR14,28260,21995.13986,46.12647225,48.82735494,-5.76776,1.19
10,Jaraguá cave,56,JAR14,28261,22000.99914,46.77654154,49.0822973,-5.47995,1.56
10,Jaraguá cave,57,JAR13,28328,22002.60903,84.71589685,86.90258827,-6.14798,1.16
10,Jaraguá cave,56,JAR14,28262,22006.66805,47.65057639,49.45880056,-5.35739,1.24
10,Jaraguá cave,56,JAR14,28263,22012.4336,47.96836457,49.67163544,-5.87954,1.1
10,Jaraguá cave,57,JAR13,28329,22013.88654,80.42088259,82.53439934,-6.08402,0.59
10,Jaraguá cave,56,JAR14,28264,22018.21102,48.55889121,49.7148976,-5.82226,0.84
10,Jaraguá cave,56,JAR14,28265,22023.97414,49.3042661,50.19735987,-6.51254,0.37
10,Jaraguá cave,57,JAR13,28330,22024.45944,76.34965927,78.4348421,-4.88816,1.32
10,Jaraguá cave,56,JAR14,28266,22029.78624,49.6633971,50.6443,-6.45731,0.8
10,Jaraguá cave,56,JAR14,28267,22035.45609,49.95387876,50.93615011,-5.29642,0.8
10,Jaraguá cave,57,JAR13,28331,22035.92664,71.38415299,74.80496047,-5.43475,0.98
10,Jaraguá cave,56,JAR14,28268,22041.33487,50.35730197,51.73482319,-5.38757,1.08
10,Jaraguá cave,56,JAR14,28269,22047.1385,50.80386084,52.11727412,-5.381,0.83
10,Jaraguá cave,57,JAR13,28332,22047.69035,66.1433473,72.96076886,-6.22941,0.81
10,Jaraguá cave,56,JAR14,28270,22053.08989,51.1663708,52.61429898,-5.52224,1.5
10,Jaraguá cave,56,JAR14,28271,22058.94675,51.19653236,53.00657844,-6.2587,1.65
10,Jaraguá cave,57,JAR13,28333,22059.52071,63.3312532,71.3920259,-6.14152,0.68
10,Jaraguá cave,56,JAR14,28272,22064.92848,51.46422164,53.50413859,-6.35621,0.95
10,Jaraguá cave,57,JAR13,28334,22069.56621,60.85222474,67.79421632,-6.66273,0.68
10,Jaraguá cave,56,JAR14,28273,22070.7201,52.33275658,54.00668106,-5.40984,0.83
10,Jaraguá cave,56,JAR14,28274,22076.6901,52.79009643,54.72947287,-5.7148,1.16
10,Jaraguá cave,57,JAR13,28335,22081.04468,56.14562126,65.62936825,-5.88949,0.66
10,Jaraguá cave,56,JAR14,28275,22082.53074,52.89479254,55.53713867,-5.76253,1.1
10,Jaraguá cave,56,JAR14,28276,22088.43008,52.97150589,55.97558959,-5.95067,0.83
10,Jaraguá cave,57,JAR13,28336,22091.89674,51.77806352,62.83812358,-6.12685,0.53
10,Jaraguá cave,56,JAR14,28277,22094.28579,53.45962353,56.41167599,-6.07353,0.5
10,Jaraguá cave,56,JAR14,28278,22100.24801,54.09070609,56.81939559,-5.77135,-0.01
10,Jaraguá cave,57,JAR13,28337,22100.93455,49.05458425,57.53185854,-6.03074,0.51
10,Jaraguá cave,56,JAR14,28279,22106.21804,54.76856404,57.49079512,-5.86106,0.61
10,Jaraguá cave,56,JAR14,28280,22112.02198,55.76252289,58.08877207,-6.08267,0.43
10,Jaraguá cave,57,JAR13,28338,22112.30757,46.80533736,54.43890872,-6.53105,0.09
10,Jaraguá cave,56,JAR14,28281,22117.71214,56.59401186,58.04830305,-6.05229,0.86
10,Jaraguá cave,56,JAR14,28282,22123.32422,57.66188954,58.44497593,-6.21148,0.91
10,Jaraguá cave,57,JAR13,28339,22123.66875,43.99356551,49.5858518,-5.64828,-0.3
10,Jaraguá cave,56,JAR14,28283,22129.28513,58.51714672,59.26014641,-6.49663,0.36
10,Jaraguá cave,56,JAR14,28284,22134.77682,59.49017891,59.37999723,-6.29873,0.3
10,Jaraguá cave,57,JAR13,28340,22135.78098,40.70734418,46.23760155,-6.18271,1.21
10,Jaraguá cave,56,JAR14,28285,22140.68915,60.0249228,60.39575774,-6.34328,0.28
10,Jaraguá cave,57,JAR13,28341,22146.26662,42.3087717,45.89480265,-7.55995,0.11
10,Jaraguá cave,56,JAR14,28286,22146.61626,60.65941653,60.89177209,-6.05383,0.64
10,Jaraguá cave,56,JAR14,28287,22152.54325,61.18562885,61.74088814,-5.64869,0.27
10,Jaraguá cave,57,JAR13,28342,22156.33575,43.06511702,44.2677675,-7.57867,0.37
10,Jaraguá cave,56,JAR14,28288,22158.55149,61.74369367,62.82507762,-6.19824,-0.78
10,Jaraguá cave,56,JAR14,28289,22164.38385,62.74706292,63.53397653,-5.44669,1.18
10,Jaraguá cave,57,JAR13,28343,22165.39447,45.31400257,37.20331342,-6.40009,0.83
10,Jaraguá cave,56,JAR14,28290,22170.15763,63.84108077,64.05354797,-4.98131,2.47
10,Jaraguá cave,57,JAR13,28344,22175.13836,44.79939507,37.70990301,-5.43443,0.75
10,Jaraguá cave,56,JAR14,28291,22176.03876,64.53858392,64.611583,-5.21924,1.82
10,Jaraguá cave,56,JAR14,28292,22181.9463,64.93336174,65.40813709,-5.65721,1.05
10,Jaraguá cave,57,JAR13,28345,22186.95422,42.45085666,35.33551108,-6.52501,0.64
10,Jaraguá cave,56,JAR14,28293,22187.91282,65.03399247,66.16681898,-4.83751,1.84
10,Jaraguá cave,56,JAR14,28294,22193.5664,65.93258042,66.55475435,-5.48149,0.92
10,Jaraguá cave,57,JAR13,28346,22196.04705,43.44314588,31.41420376,-6.26722,-0.01
10,Jaraguá cave,56,JAR14,28295,22199.4566,66.26572228,67.09693401,-6.65059,-0.01
10,Jaraguá cave,56,JAR14,28296,22205.41182,66.76427045,67.98391273,-6.31988,0.36
10,Jaraguá cave,57,JAR13,28347,22206.80606,46.05264597,34.66700858,-5.80483,0.73
10,Jaraguá cave,56,JAR14,28297,22211.34785,67.38991079,68.68112691,-5.95785,0.12
10,Jaraguá cave,56,JAR14,28298,22217.22884,67.83159739,69.12738109,-5.53083,0.14
10,Jaraguá cave,57,JAR13,28348,22217.4045,49.1730659,36.34513388,-6.01888,0.12
10,Jaraguá cave,56,JAR14,28299,22228.97677,69.31236069,70.20365249,-6.31805,0.45
10,Jaraguá cave,57,JAR13,28349,22229.64423,51.69097872,41.39995029,-5.95557,0.83
10,Jaraguá cave,56,JAR14,28300,22234.89084,69.70518085,70.8055989,-5.97397,0.58
10,Jaraguá cave,56,JAR14,28301,22240.60761,70.81977795,71.49773534,-6.28462,0.49
10,Jaraguá cave,57,JAR13,28350,22240.6635,55.26137826,45.31734126,-6.08358,0.83
10,Jaraguá cave,56,JAR14,28302,22246.51964,71.36903129,72.46988857,-7.0941,-0.38
10,Jaraguá cave,57,JAR13,28351,22252.16427,58.53107752,46.87239534,-5.95284,1.01
10,Jaraguá cave,56,JAR14,28303,22252.45487,71.74659098,73.0449658,-6.05544,0.22
10,Jaraguá cave,56,JAR14,28304,22258.18798,72.56663759,73.44934365,-5.44181,0.45
10,Jaraguá cave,57,JAR13,28352,22263.23099,62.00506073,50.17515226,-5.50329,1.51
10,Jaraguá cave,56,JAR14,28305,22263.88352,73.17390644,73.68114651,-6.4708,-0.29
10,Jaraguá cave,56,JAR14,28306,22269.7192,73.67352583,74.52773414,-6.18979,0.19
10,Jaraguá cave,57,JAR13,28353,22274.49406,65.69933933,55.29601156,-6.04842,0.74
10,Jaraguá cave,56,JAR14,28307,22275.61469,74.49407516,75.15111284,-5.9339,0.59
10,Jaraguá cave,56,JAR14,28308,22281.68062,74.86873731,76.10060133,-5.25069,2.21
10,Jaraguá cave,57,JAR13,28354,22283.68244,72.66684552,57.40082714,-5.57745,0.99
10,Jaraguá cave,56,JAR14,28309,22287.64094,75.28759532,77.11684775,-5.0197,2.85
10,Jaraguá cave,57,JAR13,28355,22291.46472,70.20475134,55.8511817,-5.71943,0.5
10,Jaraguá cave,56,JAR14,28310,22293.3919,76.02834802,77.91779034,-5.3643,2.29
10,Jaraguá cave,56,JAR14,28311,22299.04935,76.72149033,78.36703012,-5.22149,2.24
10,Jaraguá cave,57,JAR13,28356,22299.07605,66.29257785,54.13058544,-6.02835,0.86
10,Jaraguá cave,56,JAR14,28312,22304.66115,77.585317,78.97224294,-5.26398,2.36
10,Jaraguá cave,57,JAR13,28357,22306.79375,62.97899236,52.84277629,-6.20569,0.59
10,Jaraguá cave,57,JAR13,28358,22314.84431,59.98905783,52.37410536,-6.1152,0.77
10,Jaraguá cave,57,JAR13,28359,22322.03076,58.61380019,52.56260778,-6.28859,0.37
10,Jaraguá cave,57,JAR13,28360,22329.65661,56.97719121,51.29463222,-5.38695,0.87
10,Jaraguá cave,57,JAR13,28361,22336.72541,55.8976355,49.48058441,-5.16837,0.79
10,Jaraguá cave,57,JAR13,28362,22342.85937,55.75291947,47.20298648,-5.91882,0.26
10,Jaraguá cave,57,JAR13,28363,22350.31572,54.34205313,47.43000885,-5.8223,0.62
10,Jaraguá cave,57,JAR13,28364,22358.50418,52.63859972,47.85958186,-5.60886,0.38
10,Jaraguá cave,57,JAR13,28365,22365.98329,51.64448819,47.11736094,-5.91581,1.54
10,Jaraguá cave,57,JAR13,28366,22373.25144,51.12447942,44.52685525,-5.57038,1.26
10,Jaraguá cave,57,JAR13,28367,22380.62503,50.34633472,42.91134456,-5.48595,0.24
10,Jaraguá cave,57,JAR13,28368,22395.42895,50.78823551,44.99871219,-5.21445,0.91
10,Jaraguá cave,57,JAR13,28369,22403.69983,50.13064352,45.88513749,-7.38331,0.62
10,Jaraguá cave,57,JAR13,28370,22411.78345,49.9851501,45.93782316,-6.12883,0.41
10,Jaraguá cave,57,JAR13,28371,22419.88468,47.4517626,45.88954398,-5.10055,0.63
10,Jaraguá cave,57,JAR13,28372,22426.87025,46.48653004,44.79812489,-5.79307,0.6
10,Jaraguá cave,57,JAR13,28373,22433.57846,47.44513638,43.22775913,-5.68596,0.67
10,Jaraguá cave,57,JAR13,28374,22440.60775,47.40348363,43.76868427,-4.87464,0.7
10,Jaraguá cave,57,JAR13,28375,22448.60531,47.88990249,45.81484796,-5.69151,0.56
10,Jaraguá cave,57,JAR13,28376,22455.83845,49.20693995,46.696953,-6.30903,0.46
10,Jaraguá cave,57,JAR13,28377,22462.05866,51.45933924,46.46307138,-5.39029,0.51
10,Jaraguá cave,57,JAR13,28378,22468.81345,52.95918969,46.99076,-6.6424,0.86
10,Jaraguá cave,57,JAR13,28379,22476.77014,52.10755394,48.44860153,-6.1836,0.43
10,Jaraguá cave,57,JAR13,28380,22484.58344,50.6941601,48.99049832,-7.12213,0.6
10,Jaraguá cave,57,JAR13,28381,22491.94645,52.01386713,49.12836955,-5.68858,0.94
10,Jaraguá cave,57,JAR13,28382,22507.14417,54.28075587,50.224852,-7.33834,0.2
10,Jaraguá cave,57,JAR13,28383,22514.91511,55.37039222,50.46120831,-5.49991,0.41
10,Jaraguá cave,57,JAR13,28384,22522.85443,56.29165904,50.94963294,-5.92028,0.78
10,Jaraguá cave,57,JAR13,28385,22531.04591,56.96075899,52.10987001,-7.13114,0.01
10,Jaraguá cave,57,JAR13,28386,22539.14983,57.76658684,52.76492554,-6.10382,0.2
10,Jaraguá cave,57,JAR13,28387,22546.54855,59.02239472,52.78440157,-4.98489,1.24
10,Jaraguá cave,57,JAR13,28388,22554.1554,60.46626541,54.25128154,-6.62962,0.01
10,Jaraguá cave,57,JAR13,28389,22561.76226,61.77504279,56.1444792,-6.12036,0.06
10,Jaraguá cave,57,JAR13,28390,22568.82406,63.63921507,58.0624163,-6.59916,0.39
10,Jaraguá cave,57,JAR13,28391,22576.50849,65.01524767,60.63972304,-6.17502,0.42
10,Jaraguá cave,57,JAR13,28392,22594.66293,63.22993401,63.28593275,-6.18025,1.18
10,Jaraguá cave,57,JAR13,28393,22601.67938,66.10604578,65.46785427,-5.81673,1.37
10,Jaraguá cave,57,JAR13,28394,22614.09509,59.40009793,75.40349123,-6.44546,0.39
10,Jaraguá cave,57,JAR13,28395,22623.06755,63.39129518,81.24693602,-6.75998,0.91
10,Jaraguá cave,57,JAR13,28396,22630.88826,71.66451732,84.73250869,-6.21187,1.12
10,Jaraguá cave,57,JAR13,28397,22641.21837,78.61199446,92.20765024,-4.86857,1.68
10,Jaraguá cave,57,JAR13,28398,22649.48203,85.82792683,97.0835705,-6.10037,0.74
10,Jaraguá cave,57,JAR13,28399,22671.31646,112.3867265,109.9919119,-6.65056,0.24
10,Jaraguá cave,57,JAR13,28400,22684.18794,102.5437618,107.5439986,-5.5799,0.99
10,Jaraguá cave,57,JAR13,28401,22693.96633,94.94015812,102.003003,-4.8402,0.14
10,Jaraguá cave,57,JAR13,28402,22702.53576,88.54551498,93.6755995,-6.39196,1.43
10,Jaraguá cave,57,JAR13,28403,22710.30365,82.95241327,81.47745331,-5.54891,0.91
10,Jaraguá cave,57,JAR13,28404,22719.64527,75.78558286,75.72969313,-6.0121,0.88
10,Jaraguá cave,57,JAR13,28405,22728.2217,69.93758324,70.07874418,-5.13231,1.09
10,Jaraguá cave,57,JAR13,28406,22737.94187,63.17376923,63.42161037,-5.54493,1.72
10,Jaraguá cave,57,JAR13,28407,22745.41593,58.65606114,60.2927271,-5.81652,1.68
10,Jaraguá cave,57,JAR13,28408,22754.26887,56.26547366,58.6360903,-5.29439,1.3
10,Jaraguá cave,57,JAR13,28409,22764.5313,51.17982268,61.35214259,-4.27482,2.12
10,Jaraguá cave,57,JAR13,28410,22772.66021,48.41323357,62.92973332,-5.08809,1.39
10,Jaraguá cave,57,JAR13,28411,22781.73946,52.00601379,65.82976043,-5.73465,0.79
10,Jaraguá cave,57,JAR13,28412,22789.1973,54.34471966,54.26921147,-5.57142,1.45
10,Jaraguá cave,57,JAR13,28413,22791.59356,54.39601635,51.57456272,-4.61149,1.07
10,Jaraguá cave,57,JAR13,28414,22803.13122,56.01711542,47.83230824,-5.03819,0.52
10,Jaraguá cave,57,JAR13,28415,22816.31792,51.95229976,56.17264005,-5.26197,2.16
10,Jaraguá cave,57,JAR13,28416,22825.47873,50.92663368,54.97922694,-5.83663,1.29
10,Jaraguá cave,57,JAR13,28417,22834.70829,48.82999459,52.42283982,-4.78793,1.43
10,Jaraguá cave,57,JAR13,28418,22843.80942,48.57700346,46.91008917,-6.54571,1
10,Jaraguá cave,57,JAR13,28419,22853.52424,47.89141922,43.4314412,-4.83641,1.45
10,Jaraguá cave,57,JAR13,28420,22863.01149,45.52568553,43.94447764,-4.98136,1.08
10,Jaraguá cave,57,JAR13,28421,22875.00279,42.54732417,47.15904841,-6.08418,0.63
10,Jaraguá cave,57,JAR13,28422,22883.26727,42.51065212,43.23759925,-4.90784,0.6
10,Jaraguá cave,57,JAR13,28423,22893.71461,41.92890925,42.64579056,-4.47197,0.89
10,Jaraguá cave,57,JAR13,28424,22904.07365,41.03168661,43.90224554,-4.85779,1.24
10,Jaraguá cave,57,JAR13,28425,22914.46552,39.72915716,43.03948785,-5.8675,1.07
10,Jaraguá cave,57,JAR13,28426,22925.23952,38.80007768,45.10000424,-5.59555,1.23
10,Jaraguá cave,57,JAR13,28427,22934.27129,41.48165936,48.39387744,-6.0065,1.12
10,Jaraguá cave,57,JAR13,28428,22945.62748,42.14677716,53.62482128,-4.34694,0.6
10,Jaraguá cave,57,JAR13,28429,22956.51769,43.60255822,56.45371527,-6.74394,0.55
10,Jaraguá cave,57,JAR13,28430,22966.07749,47.36158744,61.46082603,-5.44403,0.68
10,Jaraguá cave,57,JAR13,28431,22981.21864,51.19248416,62.76498574,-5.90921,0.99
10,Jaraguá cave,57,JAR13,28432,23002.47,48.7747319,67.77988167,-7.06407,1.18
10,Jaraguá cave,57,JAR13,28433,23016.19846,61.9883405,70.37505553,-6.7626,0.84
10,Jaraguá cave,57,JAR13,28434,23038.0849,69.93909607,86.67366945,-6.24863,0.63
10,Jaraguá cave,57,JAR13,28435,23059.14207,79.15388011,102.2248982,-6.56729,0.55
10,Jaraguá cave,57,JAR13,28436,23070.64213,99.58589781,109.9867016,-5.37563,1.02
10,Jaraguá cave,57,JAR13,28437,23086.5804,117.1150948,123.606053,-5.87678,1.28
10,Jaraguá cave,57,JAR13,28438,23105.87091,132.5538285,136.1241469,-5.77855,1.15
10,Jaraguá cave,57,JAR13,28439,23126.75928,146.831368,155.1381519,-5.72985,1.23
10,Jaraguá cave,57,JAR13,28440,23146.05135,163.1137919,173.7569991,-5.83329,1.23
10,Jaraguá cave,57,JAR13,28441,23171.91555,172.8240942,198.9479679,-6.04581,1.68
10,Jaraguá cave,57,JAR13,28442,23194.00951,186.3046295,219.8155119,-6.39816,1.17
10,Jaraguá cave,57,JAR13,28443,23216.11229,199.7763455,239.9174038,-4.44069,1.52
10,Jaraguá cave,57,JAR13,28444,23232.9228,218.5403309,254.9502821,-5.10941,1.83
10,Jaraguá cave,57,JAR13,28445,23250.3492,236.7116683,270.9051309,-5.3311,1.33
10,Jaraguá cave,57,JAR13,28446,23267.96882,254.8880217,287.0532061,-6.02454,1.67
10,Jaraguá cave,57,JAR13,28447,23277.09235,253.3343354,284.2570119,-5.00847,1.83
10,Jaraguá cave,57,JAR13,28448,23284.37206,247.3918353,277.09734,-5.01285,1.95
10,Jaraguá cave,57,JAR13,28449,23290.60656,242.5264634,268.8924641,-4.91097,1.4
10,Jaraguá cave,57,JAR13,28450,23296.78863,237.333891,260.6351499,-4.77771,2.18
10,Jaraguá cave,57,JAR13,28451,23302.9707,231.6426887,252.7331524,-4.6482,2.39
10,Jaraguá cave,57,JAR13,28452,23309.15277,226.2349806,245.1280672,-5.46051,1.44
10,Jaraguá cave,57,JAR13,28453,23315.33484,221.1610217,239.2427974,-5.24945,1.18
10,Jaraguá cave,57,JAR13,28454,23321.5169,216.0925151,232.5506062,-5.46468,1.34
10,Jaraguá cave,57,JAR13,28455,23327.69897,211.0240085,224.4640315,-5.83538,1.74
10,Jaraguá cave,57,JAR13,28456,23333.88104,205.9555019,216.3774569,-4.43234,2.17
10,Jaraguá cave,57,JAR13,28457,23340.06311,200.8869954,208.2908823,-4.67103,2.17
10,Jaraguá cave,57,JAR13,28458,23346.24518,195.8184888,200.2043076,-4.8726,2.36
10,Jaraguá cave,57,JAR13,28459,23352.42724,190.7499822,192.117733,-5.16603,1.39
10,Jaraguá cave,57,JAR13,28460,23359.75323,184.5375536,185.4245408,-5.94925,2.01
10,Jaraguá cave,57,JAR13,28461,23367.19683,178.207518,179.5719329,-4.47572,1.75
10,Jaraguá cave,57,JAR13,28462,23374.64043,171.8774825,173.845205,-5.00732,0.77
10,Jaraguá cave,57,JAR13,28463,23382.08403,165.5474469,168.1222079,-5.27041,0.66
10,Jaraguá cave,57,JAR13,28464,23389.52762,159.2174114,161.6359611,-5.09888,1.61
10,Jaraguá cave,57,JAR13,28465,23396.68263,153.1759647,154.7399178,-6.44686,1.28
10,Jaraguá cave,57,JAR13,28466,23403.05874,147.9134218,148.330787,-4.86874,1.28
10,Jaraguá cave,57,JAR13,28467,23409.43484,142.6508789,143.8258351,-5.10138,1.34
10,Jaraguá cave,57,JAR13,28468,23415.38329,137.8159864,137.505642,-6.43507,1.24
10,Jaraguá cave,57,JAR13,28469,23421.11189,133.8404713,131.3694525,-4.90743,1.59
10,Jaraguá cave,57,JAR13,28470,23426.39992,130.3860328,125.106334,-5.33736,1.43
10,Jaraguá cave,57,JAR13,28471,23430.77162,129.0026479,118.2576695,-5.20878,1.31
10,Jaraguá cave,57,JAR13,28472,23436.86575,126.0395306,113.9437059,-5.38783,1.38
10,Jaraguá cave,57,JAR13,28473,23444.06314,120.1856483,109.1538512,-4.71897,1.49
10,Jaraguá cave,57,JAR13,28474,23450.46069,114.2442899,103.3779371,-4.90052,1.92
10,Jaraguá cave,57,JAR13,28475,23457.13914,108.022038,98.89726352,-5.38468,1.59
10,Jaraguá cave,57,JAR13,28476,23462.08506,103.5323096,93.45076677,-5.43852,1.77
10,Jaraguá cave,57,JAR13,28477,23468.36696,97.70660333,89.34024777,-5.45364,1.51
10,Jaraguá cave,57,JAR13,28478,23477.03005,89.49971693,87.61090895,-5.52229,1.31
10,Jaraguá cave,57,JAR13,28479,23484.66065,82.68214157,85.74571785,-4.83146,1.25
10,Jaraguá cave,57,JAR13,28480,23493.08196,75.20282287,82.06480706,-5.28405,1.35
10,Jaraguá cave,57,JAR13,28481,23498.76462,70.86781606,77.39735031,-5.18515,2.02
10,Jaraguá cave,57,JAR13,28482,23503.8511,67.20832022,69.64844782,-6.53934,1.1
10,Jaraguá cave,57,JAR13,28483,23509.06056,67.53382861,64.14943881,-6.14805,1.28
10,Jaraguá cave,57,JAR13,28484,23517.63678,63.91608958,65.44955471,-5.27751,1.09
10,Jaraguá cave,57,JAR13,28485,23524.68843,60.37335663,64.32564017,-5.96648,1.02
10,Jaraguá cave,57,JAR13,28486,23531.30699,56.47277232,64.21332525,-5.61606,1.45
10,Jaraguá cave,57,JAR13,28487,23536.83237,56.42340722,63.74619965,-6.24123,1.3
10,Jaraguá cave,57,JAR13,28488,23541.67714,61.26444389,64.5294455,-6.16542,1.51
10,Jaraguá cave,57,JAR13,28489,23548.90249,60.96591513,62.83897896,-5.73081,1.84
10,Jaraguá cave,57,JAR13,28490,23557.1983,58.97144682,59.34989371,-5.20507,1.47
10,Jaraguá cave,57,JAR13,28491,23563.87912,57.90319505,54.74498421,-5.56776,1.09
10,Jaraguá cave,57,JAR13,28492,23572.13744,57.31526508,52.69637137,-4.88734,1.81
10,Jaraguá cave,57,JAR13,28493,23580.16367,55.48326903,49.8528428,-4.64102,1.57
10,Jaraguá cave,57,JAR13,28494,23589.27045,53.92551908,51.06630514,-4.3759,1.47
10,Jaraguá cave,57,JAR13,28495,23597.97726,53.60097179,49.8881764,-5.04253,1.45
10,Jaraguá cave,57,JAR13,28496,23603.36225,53.27973087,45.89063747,-4.36446,1.69
10,Jaraguá cave,57,JAR13,28497,23610.62243,52.88608475,46.24612924,-4.98286,1.7
10,Jaraguá cave,57,JAR13,28498,23618.64094,53.38123011,46.45246938,-4.64214,1.7
10,Jaraguá cave,57,JAR13,28499,23625.51722,55.28553555,44.77310438,-4.16759,1.66
10,Jaraguá cave,57,JAR13,28500,23633.47611,59.36148823,49.82429892,-5.10996,1.72
10,Jaraguá cave,57,JAR13,28501,23640.70858,63.15702338,50.831071,-4.91155,1.53
10,Jaraguá cave,57,JAR13,28502,23648.2026,65.1064898,52.9910405,-5.71549,1.09
10,Jaraguá cave,57,JAR13,28503,23656.07158,66.37675236,57.34243689,-6.49746,1.15
10,Jaraguá cave,57,JAR13,28504,23664.04636,69.24562472,61.61504658,-5.36925,1.95
10,Jaraguá cave,57,JAR13,28505,23671.70584,69.590079,65.07407791,-5.04539,1.78
10,Jaraguá cave,57,JAR13,28506,23679.4203,71.03229069,68.63197714,-5.51116,1.48
10,Jaraguá cave,57,JAR13,28507,23687.81299,72.33670599,72.94022929,-5.52587,1.82
10,Jaraguá cave,57,JAR13,28508,23696.94099,72.90582439,78.09329699,-5.61751,1.6
10,Jaraguá cave,57,JAR13,28509,23705.23567,74.30824877,82.41305873,-5.87211,1.2
10,Jaraguá cave,57,JAR13,28510,23713.46771,75.77332771,86.67016589,-5.68606,1.46
10,Jaraguá cave,57,JAR13,28511,23721.59342,77.34472496,90.23495951,-5.89908,1.26
10,Jaraguá cave,57,JAR13,28512,23729.37981,78.48040678,93.3766325,-6.58777,1.09
10,Jaraguá cave,57,JAR13,28513,23736.47056,79.57963041,96.70372464,-5.82245,1.46
10,Jaraguá cave,57,JAR13,28514,23744.92693,79.38132098,102.2338518,-6.04834,1.33
10,Jaraguá cave,57,JAR13,28515,23796.55609,78.16163739,121.8898375,-5.66727,1.48
10,Jaraguá cave,57,JAR13,28516,23844.5736,125.4451116,138.8594747,-6.5705,1.44
10,Jaraguá cave,57,JAR13,28517,23884.93663,163.869199,162.9563671,-5.56234,1.13
10,Jaraguá cave,57,JAR13,28518,23894.25731,158.4413259,157.0389072,-6.50604,1.76
10,Jaraguá cave,57,JAR13,28519,23902.46861,154.8437394,149.4222217,-6.29875,1.65
10,Jaraguá cave,57,JAR13,28520,23909.75295,152.5952388,141.0848807,-6.46609,1.83
10,Jaraguá cave,57,JAR13,28521,23917.9491,148.932554,136.7515433,-6.72099,1.79
10,Jaraguá cave,57,JAR13,28522,23923.93653,144.6953098,129.4832837,-5.92482,1.85
10,Jaraguá cave,57,JAR13,28523,23931.62973,138.8360963,123.0948163,-5.9992,2.06
10,Jaraguá cave,57,JAR13,28524,23940.49619,134.2806078,118.5866302,-6.40898,1.78
10,Jaraguá cave,57,JAR13,28525,23948.58858,131.4294396,113.1635596,-5.77311,1.67
10,Jaraguá cave,57,JAR13,28526,23953.74133,131.7597053,106.0420333,-6.14264,1.91
10,Jaraguá cave,57,JAR13,28527,23960.83585,130.6489313,100.9570592,-6.96098,1.92
10,Jaraguá cave,57,JAR13,28528,23966.2905,130.7872192,95.68553443,-6.39917,1.48
10,Jaraguá cave,57,JAR13,28529,23974.90228,127.5598775,97.68842931,-6.65285,1.41
10,Jaraguá cave,57,JAR13,28530,23983.85311,119.1661493,98.22982651,-6.25931,1.53
10,Jaraguá cave,57,JAR13,28531,23993.6231,113.4727337,98.04447917,-6.83736,1.67
10,Jaraguá cave,57,JAR13,28532,24004.23429,108.2051104,101.3872525,-6.48285,1.58
10,Jaraguá cave,57,JAR13,28533,24010.13957,109.6106067,97.41549071,-5.78257,1.15
10,Jaraguá cave,57,JAR13,28534,24017.54783,110.0798463,95.12576959,-6.90016,1.07
10,Jaraguá cave,57,JAR13,28535,24028.7827,108.4283152,93.33832336,-6.32896,1.42
10,Jaraguá cave,57,JAR13,28536,24035.27696,110.5398322,88.75964395,-5.96367,1.8
10,Jaraguá cave,57,JAR13,28537,24043.30169,111.0828264,89.00719564,-6.04496,1.49
10,Jaraguá cave,57,JAR13,28538,24055.04046,105.9154296,93.62336347,-5.99413,1.76
10,Jaraguá cave,57,JAR13,28539,24063.02998,104.0013055,91.1029943,-6.41622,1.41
10,Jaraguá cave,57,JAR13,28540,24070.9706,101.2049628,87.84988156,-7.11182,1.09
10,Jaraguá cave,57,JAR13,28541,24079.38649,97.89598297,85.33044135,-6.00524,1.15
10,Jaraguá cave,57,JAR13,28542,24087.26489,95.76265269,82.1892494,-6.50255,1.11
10,Jaraguá cave,57,JAR13,28543,24095.11461,92.58175962,78.67415626,-5.54322,1.6
10,Jaraguá cave,57,JAR13,28544,24103.87883,88.32395303,76.16342242,-5.14675,1.3
10,Jaraguá cave,57,JAR13,28545,24112.06291,86.2118809,73.9285115,-5.15745,1.52
10,Jaraguá cave,57,JAR13,28546,24121.49541,81.76286316,72.42753478,-5.63491,1.81
10,Jaraguá cave,57,JAR13,28547,24131.29483,76.95381067,72.50382201,-5.6134,1.39
10,Jaraguá cave,57,JAR13,28548,24140.1152,74.46937624,72.16646383,-5.98867,1.42
10,Jaraguá cave,57,JAR13,28549,24148.52575,71.95434702,70.79352924,-6.56079,1.31
10,Jaraguá cave,57,JAR13,28550,24157.62541,68.62815808,70.09094206,-6.50183,1.56
10,Jaraguá cave,57,JAR13,28551,24165.55553,66.47151181,68.57909461,-6.13356,1.67
10,Jaraguá cave,57,JAR13,28552,24173.33514,64.30022415,66.91673119,-6.05813,1.27
10,Jaraguá cave,57,JAR13,28553,24180.3699,63.97518622,64.798272,-6.92094,1
10,Jaraguá cave,57,JAR13,28554,24188.50315,60.33365754,64.45178583,-5.84091,0.9
10,Jaraguá cave,57,JAR13,28555,24196.7809,56.77740783,64.24979605,-7.56797,0.99
10,Jaraguá cave,57,JAR13,28556,24202.86219,55.51573727,60.86241306,-5.66927,0.88
10,Jaraguá cave,57,JAR13,28557,24210.4035,53.80620868,57.53540652,-6.39461,1.06
10,Jaraguá cave,57,JAR13,28558,24218.17978,52.86180715,54.40058712,-7.4092,1.35
10,Jaraguá cave,57,JAR13,28559,24225.07056,53.09047597,52.92416384,-7.21565,1.02
10,Jaraguá cave,57,JAR13,28560,24232.46265,53.33006225,52.03376278,-7.14145,1.43
10,Jaraguá cave,57,JAR13,28561,24239.85349,55.34014101,51.20315304,-5.53623,0.7
10,Jaraguá cave,57,JAR13,28562,24246.32397,56.82501007,49.45218761,-6.15908,1.09
10,Jaraguá cave,57,JAR13,28563,24253.76751,56.20786585,48.6742873,-5.73739,1.03
10,Jaraguá cave,57,JAR13,28564,24261.848,57.31801597,47.978358,-5.44711,0.57
10,Jaraguá cave,57,JAR13,28565,24270.8745,58.09487664,48.1224304,-6.15105,1.45
10,Jaraguá cave,57,JAR13,28566,24279.00833,58.83826499,47.21927506,-6.35716,0.73
10,Jaraguá cave,57,JAR13,28567,24286.83702,59.9655499,46.27927405,-6.89727,0.14
10,Jaraguá cave,57,JAR13,28568,24294.2322,62.19587173,45.71464039,-5.70354,1.31
10,Jaraguá cave,57,JAR13,28569,24303.82204,62.94595701,48.51313848,-6.72214,0.46
10,Jaraguá cave,57,JAR13,28570,24312.63486,63.3390814,50.70006511,-7.00583,1.02
10,Jaraguá cave,57,JAR13,28571,24321.42043,62.15959243,54.62857326,-7.45787,0.6
10,Jaraguá cave,57,JAR13,28572,24329.33264,63.17582834,56.42966287,-6.8342,0.88
10,Jaraguá cave,57,JAR13,28573,24344.40961,60.25667027,53.4006406,-6.74179,0.75
10,Jaraguá cave,57,JAR13,28574,24365.20399,56.77756062,56.08120175,-7.43204,0.16
10,Jaraguá cave,57,JAR13,28575,24383.29051,58.07477082,56.86604858,-6.41427,0.56
10,Jaraguá cave,57,JAR13,28576,24400.02248,59.67222953,56.66089342,-7.06479,0.33
10,Jaraguá cave,57,JAR13,28577,24418.41394,62.80472459,59.8552034,-7.21709,0.13
10,Jaraguá cave,57,JAR13,28578,24436.90541,66.94899677,66.17535627,-6.77832,0.09
10,Jaraguá cave,57,JAR13,28579,24458.42867,67.76954715,75.24571565,-6.65454,0.69
10,Jaraguá cave,57,JAR13,28580,24477.57783,75.11471399,84.09910955,-6.73984,0.61
10,Jaraguá cave,57,JAR13,28581,24495.33627,82.76419623,88.79770942,-6.56275,1.38
10,Jaraguá cave,57,JAR13,28582,24511.73644,89.4703578,94.50710968,-6.35407,1.57
10,Jaraguá cave,57,JAR13,28583,24529.76681,98.407519,101.3974533,-6.9657,0.48
10,Jaraguá cave,57,JAR13,28584,24549.53167,104.1988014,111.640865,-7.06541,0.77
10,Jaraguá cave,57,JAR13,28585,24571.27569,109.2013417,123.650207,-7.576,0.43
10,Jaraguá cave,57,JAR13,28586,24589.92811,118.4780884,132.9383688,-7.73415,0.71
10,Jaraguá cave,57,JAR13,28587,24607.76269,126.7779202,142.306128,-7.82995,0.45
10,Jaraguá cave,57,JAR13,28588,24620.08849,124.5482764,142.6676509,-6.98752,0.78
10,Jaraguá cave,57,JAR13,28589,24629.82686,120.8001757,139.2603119,-5.24204,1.33
10,Jaraguá cave,57,JAR13,28590,24640.39983,115.5530699,136.8751402,-4.35998,1.55
10,Jaraguá cave,57,JAR13,28591,24649.92985,110.1609156,133.4990948,-5.8335,1.27
10,Jaraguá cave,57,JAR13,28592,24658.8359,105.8565929,129.4990641,-5.47624,0.85
10,Jaraguá cave,57,JAR13,28593,24666.89757,102.8608258,124.6546703,-4.85865,0.96
10,Jaraguá cave,57,JAR13,28594,24677.31734,99.90359504,122.2370984,-5.32584,0.68
10,Jaraguá cave,57,JAR13,28595,24687.45589,96.93887621,119.9274528,-4.58636,0.91
10,Jaraguá cave,57,JAR13,28596,24699.05874,92.70590229,118.4546346,-5.88446,1.2
10,Jaraguá cave,57,JAR13,28597,24708.86586,90.46155999,115.3108924,-4.46885,1.56
10,Jaraguá cave,57,JAR13,28598,24717.68888,88.71303568,109.2542824,-5.13817,2.29
10,Jaraguá cave,57,JAR13,28599,24726.39891,86.57779368,105.0486308,-4.69771,2.24
10,Jaraguá cave,57,JAR13,28600,24734.85809,84.6933979,100.2451498,-5.53069,1.54
10,Jaraguá cave,57,JAR13,28601,24743.391,82.73527435,95.99780103,-5.1899,1.42
10,Jaraguá cave,57,JAR13,28602,24752.58452,79.80187966,92.78818838,-4.76795,1.34
10,Jaraguá cave,57,JAR13,28603,24760.91308,77.426231,88.713615,-5.78874,1.16
10,Jaraguá cave,57,JAR13,28604,24770.45698,75.39365619,85.41431442,-6.07224,1.61
10,Jaraguá cave,57,JAR13,28605,24778.9472,73.47822226,80.62947984,-6.48571,1.46
10,Jaraguá cave,57,JAR13,28606,24786.39199,72.60821673,75.66493343,-5.81744,1.22
10,Jaraguá cave,57,JAR13,28607,24794.35019,70.44993889,71.43083837,-4.27311,1.12
10,Jaraguá cave,57,JAR13,28608,24802.31619,69.35916072,68.87466318,-5.49561,1.11
10,Jaraguá cave,57,JAR13,28609,24810.94275,67.64032057,67.49375135,-6.57431,0.93
10,Jaraguá cave,57,JAR13,28610,24821.44166,64.86383829,68.49393895,-7.0416,0.58
10,Jaraguá cave,57,JAR13,28611,24830.34235,63.03007166,66.88856546,-5.83859,0.99
10,Jaraguá cave,57,JAR13,28612,24839.1836,61.4969245,64.21214298,-5.90782,1.2
10,Jaraguá cave,57,JAR13,28613,24848.43755,61.31923562,62.58328928,-6.53252,0.91
10,Jaraguá cave,57,JAR13,28614,24855.7755,65.18318712,59.75959338,-5.55153,0.89
10,Jaraguá cave,57,JAR13,28615,24865.8168,66.33432362,61.23336518,-5.43298,1.1
10,Jaraguá cave,57,JAR13,28616,24875.55466,68.26295213,59.38719952,-5.87095,0.75
10,Jaraguá cave,57,JAR13,28617,24883.90093,73.38830402,60.77658306,-5.48335,1.17
10,Jaraguá cave,57,JAR13,28618,24894.52623,72.71665084,63.85267809,-5.23263,0.82
10,Jaraguá cave,57,JAR13,28619,24900.98196,77.00248522,63.28380632,-5.37192,0.87
10,Jaraguá cave,57,JAR13,28620,24912.33561,76.74412856,68.91998841,-5.35988,1.26
10,Jaraguá cave,57,JAR13,28621,24922.49598,78.0056583,71.67549374,-5.93054,1.2
10,Jaraguá cave,57,JAR13,28622,24931.29028,80.63325449,73.59373933,-4.74858,1
10,Jaraguá cave,57,JAR13,28623,24940.65533,82.6901108,74.45193355,-5.39224,1.03
10,Jaraguá cave,57,JAR13,28624,24949.25513,86.45221409,74.79946641,-6.88943,0.93
10,Jaraguá cave,57,JAR13,28625,24958.62777,87.00525585,74.79697974,-5.06381,1.4
10,Jaraguá cave,57,JAR13,28626,24965.78146,85.55549941,73.38455958,-5.28248,0.82
10,Jaraguá cave,57,JAR13,28627,24973.70722,80.80052844,73.08467696,-6.52142,0.89
10,Jaraguá cave,57,JAR13,28628,24981.0953,76.66924718,72.2471215,-4.68176,1.36
10,Jaraguá cave,57,JAR13,28629,24987.60356,73.8278523,70.52973713,-4.64197,1.49
10,Jaraguá cave,57,JAR13,28630,24994.25639,72.46425361,68.95693643,-5.4755,0.97
10,Jaraguá cave,57,JAR13,28631,25000.99469,71.01519484,67.46959581,-5.52912,1.2
10,Jaraguá cave,57,JAR13,28632,25008.72638,67.14829565,65.23920525,-4.94652,1.89
10,Jaraguá cave,57,JAR13,28633,25015.74873,66.59828574,62.41232923,-5.06402,1.1
10,Jaraguá cave,57,JAR13,28634,25023.67967,64.51016967,60.63031581,-5.51194,1.4
10,Jaraguá cave,57,JAR13,28635,25030.32441,63.75618457,61.20963949,-6.56572,1.28
10,Jaraguá cave,57,JAR13,28636,25036.98592,62.74645361,61.94089288,-4.11288,1.51
10,Jaraguá cave,57,JAR13,28637,25043.92864,61.7330573,63.06789863,-4.99459,0.83
10,Jaraguá cave,57,JAR13,28638,25050.94852,60.22779857,63.08932534,-5.46293,0.78
10,Jaraguá cave,57,JAR13,28639,25058.55137,57.17590581,60.35463039,-6.26138,0.57
10,Jaraguá cave,57,JAR13,28640,25066.7098,52.1328935,58.17551055,-6.1976,0.74
10,Jaraguá cave,57,JAR13,28641,25074.38633,50.76527616,58.31839572,-5.76099,1.14
10,Jaraguá cave,57,JAR13,28642,25080.21399,50.70262737,57.91499668,-6.16796,1.21
10,Jaraguá cave,57,JAR13,28643,25087.13306,50.15759394,58.73224148,-5.45728,1.04
10,Jaraguá cave,57,JAR13,28644,25093.49864,50.62327824,58.99599695,-5.8875,0.58
10,Jaraguá cave,57,JAR13,28645,25099.68119,50.71730916,59.19720101,-5.55624,1.19
10,Jaraguá cave,57,JAR13,28646,25106.59634,51.49585069,59.24034294,-5.3183,1.09
10,Jaraguá cave,57,JAR13,28647,25112.06794,53.8934292,59.80361996,-6.49901,1.18
10,Jaraguá cave,57,JAR13,28648,25118.95294,54.61137073,61.50249898,-5.94102,0.95
10,Jaraguá cave,57,JAR13,28649,25126.50091,54.02778228,63.3481998,-5.01187,1.32
10,Jaraguá cave,57,JAR13,28650,25134.10702,53.76230248,64.57075208,-7.27337,0.94
10,Jaraguá cave,57,JAR13,28651,25140.72045,55.49354951,65.38530565,-8.06082,0.8
10,Jaraguá cave,57,JAR13,28652,25145.56304,58.46771095,65.3314044,-7.52419,1.12
10,Jaraguá cave,57,JAR13,28653,25153.67706,59.11650339,66.37289769,-6.39399,1.1
10,Jaraguá cave,57,JAR13,28654,25161.82584,60.71220878,67.97710423,-5.65067,1.07
10,Jaraguá cave,57,JAR13,28655,25168.20164,63.70261178,68.22193153,-6.07688,1.5
10,Jaraguá cave,57,JAR13,28656,25175.97498,65.40845692,70.44872033,-6.43563,1.16
10,Jaraguá cave,57,JAR13,28657,25182.8192,68.15183436,71.74639969,-6.05158,0.75
10,Jaraguá cave,57,JAR13,28658,25189.89314,69.6893582,75.13632946,-5.98622,0.79
10,Jaraguá cave,57,JAR13,28659,25196.09452,72.09944021,78.5959426,-6.50627,0.6
10,Jaraguá cave,57,JAR13,28660,25202.80103,74.00438591,82.56069205,-5.84317,0.76
10,Jaraguá cave,57,JAR13,28661,25209.96928,75.77095152,84.83678834,-6.58789,0.93
10,Jaraguá cave,57,JAR13,28662,25218.82343,75.11570701,87.34898877,-5.36803,1.07
10,Jaraguá cave,57,JAR13,28663,25242.79057,68.83534866,82.63958954,-6.23354,0.93
10,Jaraguá cave,57,JAR13,28664,25254.35246,66.55068834,79.94691798,-4.80065,1.34
10,Jaraguá cave,57,JAR13,28665,25264.82362,65.43259072,77.37008463,-6.98074,0.78
10,Jaraguá cave,57,JAR13,28666,25275.97752,63.67020785,74.99826595,-5.87542,0.58
10,Jaraguá cave,57,JAR13,28667,25287.10475,63.54426386,71.30004632,-6.1316,0.42
10,Jaraguá cave,57,JAR13,28668,25299.19811,62.04178701,68.33161504,-6.86259,0.43
10,Jaraguá cave,57,JAR13,28669,25308.89639,63.38159771,66.43833869,-5.0526,1.53
10,Jaraguá cave,57,JAR13,28670,25330.86152,61.17592913,61.31441147,-5.15677,0.97
10,Jaraguá cave,57,JAR13,28671,25341.40626,60.51217437,58.88949819,-6.00139,0.62
10,Jaraguá cave,57,JAR13,28672,25350.91878,60.82600991,55.49812484,-5.27378,1.05
10,Jaraguá cave,57,JAR13,28673,25370.50731,61.34506897,50.06707877,-5.74734,1.07
10,Jaraguá cave,57,JAR13,28674,25382.09656,66.4751581,48.30749871,-4.91106,0.87
10,Jaraguá cave,57,JAR13,28675,25393.6464,69.88981688,49.72989077,-4.91345,0.78
10,Jaraguá cave,57,JAR13,28676,25405.39683,72.66366088,52.37117425,-4.80603,0.57
10,Jaraguá cave,57,JAR13,28677,25416.39761,74.0885657,53.50384451,-5.94785,0.88
10,Jaraguá cave,57,JAR13,28678,25428.45574,76.11240778,56.77619689,-5.90051,0.59
10,Jaraguá cave,57,JAR13,28679,25440.38647,78.56643757,59.18186036,-5.76958,0.59
10,Jaraguá cave,57,JAR13,28680,25451.26335,79.09369042,58.22898792,-5.90104,0.34
10,Jaraguá cave,57,JAR13,28681,25462.69105,78.56241587,56.89688067,-5.83642,0.74
10,Jaraguá cave,57,JAR13,28682,25486.27779,82.32403382,65.19462017,-5.53122,0.83
10,Jaraguá cave,57,JAR13,28683,25497.27432,83.94905033,67.75236693,-6.46407,0.67
10,Jaraguá cave,57,JAR13,28684,25508.62097,87.69853891,71.45926449,-4.78558,0.94
10,Jaraguá cave,57,JAR13,28685,25520.58579,90.95494727,76.0898812,-7.02926,0.51
10,Jaraguá cave,57,JAR13,28686,25531.33588,95.4260914,78.5399907,-6.98404,0.47
10,Jaraguá cave,57,JAR13,28687,25542.51221,99.61017162,81.02796056,-6.0698,0.6
10,Jaraguá cave,57,JAR13,28688,25554.4133,103.1093025,85.67444802,-5.03226,1.12
10,Jaraguá cave,57,JAR13,28689,25564.63832,108.2845135,88.84093623,-6.14371,1.17
10,Jaraguá cave,57,JAR13,28690,25575.07326,111.7687579,91.05250061,-4.80638,0.9
10,Jaraguá cave,57,JAR13,28691,25588.17796,106.8666725,89.60664124,-6.14341,0.88
10,Jaraguá cave,57,JAR13,28692,25600.18461,104.7536698,85.65055585,-5.12704,1.12
10,Jaraguá cave,57,JAR13,28693,25612.68291,101.0624065,83.83609844,-5.54809,1.22
10,Jaraguá cave,57,JAR13,28694,25624.29701,98.57924304,82.90068411,-5.53017,0.81
10,Jaraguá cave,57,JAR13,28695,25635.17964,96.67045885,79.22834402,-5.3207,0.43
10,Jaraguá cave,57,JAR13,28696,25646.76612,94.05781417,76.52586736,-6.10914,0.94
10,Jaraguá cave,57,JAR13,28697,25658.00393,91.79384757,77.12740122,-7.41605,0.82
10,Jaraguá cave,57,JAR13,28698,25680.33358,87.41188271,77.97737324,-6.27371,0.97
10,Jaraguá cave,57,JAR13,28699,25692.51986,81.69011316,77.97167798,-6.57437,0.5
10,Jaraguá cave,57,JAR13,28700,25704.79096,75.6865172,78.07501044,-4.76133,1.11
10,Jaraguá cave,57,JAR13,28701,25715.98014,74.80780239,75.35152504,-6.31482,0.81
10,Jaraguá cave,57,JAR13,28702,25729.18142,73.03007593,74.32487861,-5.50579,0.81
10,Jaraguá cave,57,JAR13,28703,25742.52685,71.83519746,71.95689242,-5.29213,0.81
10,Jaraguá cave,57,JAR13,28704,25754.23378,69.73227328,70.37298491,-5.35274,1.06
10,Jaraguá cave,57,JAR13,28705,25766.27683,67.58578499,69.45324878,-5.01137,0.99
10,Jaraguá cave,57,JAR13,28706,25777.6815,66.11289848,69.49305713,-4.16433,1.7
10,Jaraguá cave,57,JAR13,28707,25789.39186,65.25153992,70.37228632,-5.84338,1.41
10,Jaraguá cave,57,JAR13,28708,25798.7927,66.71126415,67.9786889,-6.23206,1.26
10,Jaraguá cave,57,JAR13,28709,25810.15277,66.32642992,68.39103858,-6.22263,1.13
10,Jaraguá cave,57,JAR13,28710,25822.37827,65.95799291,70.16958425,-5.09831,0.95
10,Jaraguá cave,57,JAR13,28711,25834.3795,66.78700551,73.02524932,-5.99021,1.29
10,Jaraguá cave,57,JAR13,28712,25845.87427,68.64276711,74.73902397,-6.47674,1.62
10,Jaraguá cave,57,JAR13,28713,25856.49483,72.13767938,76.815534,-4.7009,1.98
10,Jaraguá cave,57,JAR13,28714,25867.42686,75.54445764,78.79495562,-5.68222,1.76
10,Jaraguá cave,57,JAR13,28715,25879.74926,76.55816233,82.28732883,-6.89066,1.26
10,Jaraguá cave,57,JAR13,28716,25893.37301,76.23912361,86.5516568,-6.66018,0.51
10,Jaraguá cave,57,JAR13,28717,25907.38513,74.17430754,92.44342106,-6.45699,1.04
10,Jaraguá cave,57,JAR13,28718,25920.30171,71.1522727,97.08189065,-6.10937,0.74
10,Jaraguá cave,57,JAR13,28719,25930.854,75.65047273,99.31737665,-7.26552,1.1
10,Jaraguá cave,57,JAR13,28720,25943.00968,79.7598703,103.1764133,-5.19904,0.86
10,Jaraguá cave,57,JAR13,28721,25954.50026,83.21717397,106.3703452,-5.42678,0.72
10,Jaraguá cave,57,JAR13,28722,25965.24677,84.67925843,108.5124326,-5.46324,1.35
10,Jaraguá cave,57,JAR13,28723,25971.4785,83.08313512,105.459177,-6.54689,0.97
10,Jaraguá cave,57,JAR13,28724,25978.33696,81.24571921,103.4189373,-7.00809,0.88
10,Jaraguá cave,57,JAR13,28725,25983.68615,79.81398661,99.17705707,-6.21856,0.64
10,Jaraguá cave,57,JAR13,28726,25988.97038,78.74012184,94.72222038,-5.7366,0.21
10,Jaraguá cave,57,JAR13,28727,25995.42999,77.86934048,91.44276618,-5.3897,0.93
10,Jaraguá cave,57,JAR13,28728,26001.70421,75.90282133,88.42655622,-5.81869,0.35
10,Jaraguá cave,57,JAR13,28729,26008.03296,73.773346,85.46644703,-5.64229,1.15
10,Jaraguá cave,57,JAR13,28730,26013.63059,72.37499354,82.26954013,-5.58128,0.76
10,Jaraguá cave,57,JAR13,28731,26019.66514,70.53972864,77.56254183,-6.21907,0.82
10,Jaraguá cave,57,JAR13,28732,26024.6946,69.43810155,72.07725466,-6.34821,1.15
10,Jaraguá cave,57,JAR13,28733,26030.3162,67.49490339,68.49190569,-6.72098,0.89
10,Jaraguá cave,57,JAR13,28734,26036.94204,63.55482712,66.03626157,-7.00952,0.87
10,Jaraguá cave,57,JAR13,28735,26043.71954,60.49572432,63.73226495,-7.43495,0.73
10,Jaraguá cave,57,JAR13,28736,26050.53093,59.39891118,61.15116792,-5.93878,0.53
10,Jaraguá cave,57,JAR13,28737,26056.70035,57.50292788,56.78458298,-7.0086,0.73
10,Jaraguá cave,57,JAR13,28738,26062.59916,54.8225089,51.85259201,-5.82216,0.75
10,Jaraguá cave,57,JAR13,28739,26069.13847,51.9492547,47.66518804,-5.78682,1.93
10,Jaraguá cave,57,JAR13,28740,26075.03833,49.80903359,46.76530247,-6.81631,0.71
10,Jaraguá cave,57,JAR13,28741,26080.1783,49.89120491,44.89315201,-6.73381,0.5
10,Jaraguá cave,57,JAR13,28742,26084.58835,51.58530504,44.17417919,-6.04806,1.24
10,Jaraguá cave,57,JAR13,28743,26091.73713,51.23565943,45.96175308,-6.29769,1.1
10,Jaraguá cave,57,JAR13,28744,26097.1423,52.86079938,43.69771521,-6.19432,0.61
10,Jaraguá cave,57,JAR13,28745,26103.40626,53.86468442,40.80695916,-5.9568,1.03
10,Jaraguá cave,57,JAR13,28746,26109.61911,54.68650131,38.75065558,-6.58817,0.65
10,Jaraguá cave,57,JAR13,28747,26116.40894,54.3012232,38.58133436,-5.59228,0.65
10,Jaraguá cave,57,JAR13,28748,26122.40385,53.37368655,38.33436097,-6.24921,1.18
10,Jaraguá cave,57,JAR13,28749,26130.26852,52.91231489,39.97097533,-5.61479,2.21
10,Jaraguá cave,57,JAR13,28750,26137.67899,52.74975415,42.5319722,-4.91111,3.01
10,Jaraguá cave,57,JAR13,28751,26143.42269,52.81270299,42.89064086,-5.29499,1.32
10,Jaraguá cave,57,JAR13,28752,26148.4262,53.89385325,42.53368155,-5.64446,0.77
10,Jaraguá cave,57,JAR13,28753,26153.43813,55.45141548,44.19788276,-4.58208,1.6
10,Jaraguá cave,57,JAR13,28754,26159.97324,55.32291478,47.25011605,-5.12734,1.4
10,Jaraguá cave,57,JAR13,28755,26167.28598,55.93535354,49.10335279,-6.24937,1.07
10,Jaraguá cave,57,JAR13,28756,26180.89616,54.38019441,47.76161099,-4.92112,0.85
10,Jaraguá cave,57,JAR13,28757,26193.96191,52.29742469,46.16448316,-5.16973,0.72
10,Jaraguá cave,57,JAR13,28758,26207.32796,51.09456523,44.52425232,-5.48984,1.02
10,Jaraguá cave,57,JAR13,28759,26221.44666,50.13103819,43.11882771,-5.00268,1.35
10,Jaraguá cave,57,JAR13,28760,26234.05587,50.67700387,40.21296797,-5.13459,1.1
10,Jaraguá cave,57,JAR13,28761,26247.18498,51.04390065,38.21003039,-7.23436,0.73
10,Jaraguá cave,57,JAR13,28762,26261.06007,50.69384579,37.88532757,-6.09924,1.55
10,Jaraguá cave,57,JAR13,28763,26275.28617,49.89320926,37.19543944,-6.13398,0.93
10,Jaraguá cave,57,JAR13,28764,26290.08803,47.81710816,37.33752512,-6.25876,0.92
10,Jaraguá cave,57,JAR13,28765,26303.37433,44.82483609,37.12902405,-5.89352,1.21
10,Jaraguá cave,57,JAR13,28766,26316.48912,45.40871877,36.52445781,-5.83295,0.89
10,Jaraguá cave,57,JAR13,28767,26330.13315,44.51269616,36.93526893,-6.6009,0.7
10,Jaraguá cave,57,JAR13,28768,26343.84244,42.89545774,37.35052022,-5.60342,1.07
10,Jaraguá cave,57,JAR13,28769,26357.48523,42.44290277,37.70409597,-6.06973,1.02
10,Jaraguá cave,57,JAR13,28770,26370.60552,43.4253685,37.53518224,-5.81776,0.66
10,Jaraguá cave,57,JAR13,28771,26384.16531,43.96833651,37.83044879,-6.76382,0.54
10,Jaraguá cave,57,JAR13,28772,26397.58329,44.06265134,37.94057202,-5.83836,1.12
10,Jaraguá cave,57,JAR13,28773,26411.64962,43.30786805,38.71165344,-6.39941,0.33
10,Jaraguá cave,57,JAR13,28774,26425.7846,44.45995336,39.55742557,-5.86261,0.19
10,Jaraguá cave,57,JAR13,28775,26439.6747,44.34403235,40.15832313,-5.00785,1.05
10,Jaraguá cave,57,JAR13,28776,26452.67959,45.76131403,41.21433141,-5.93631,1.17
10,Jaraguá cave,57,JAR13,28777,26466.82247,46.04059967,45.10676953,-6.63433,1.28
10,Jaraguá cave,57,JAR13,28778,26481.00946,45.68915464,49.13326212,-6.01496,0.38
10,Jaraguá cave,57,JAR13,28779,26494.98385,45.37631708,50.43015598,-5.32127,0.56
10,Jaraguá cave,57,JAR13,28780,26508.65316,45.36854768,51.36395038,-5.38441,0.18
10,Jaraguá cave,57,JAR13,28781,26533.93237,49.44225297,52.3973832,-5.56379,0.63
10,Jaraguá cave,57,JAR13,28782,26547.26357,50.48978663,54.02548463,-5.30355,0.45
10,Jaraguá cave,57,JAR13,28783,26560.90851,52.30264501,55.9673158,-5.25824,0.87
10,Jaraguá cave,57,JAR13,28784,26574.94802,52.07988454,58.22825031,-6.45864,0.52
10,Jaraguá cave,57,JAR13,28785,26589.2708,51.41914577,60.50209594,-5.52397,0.52
10,Jaraguá cave,57,JAR13,28786,26603.74146,51.20203162,63.24913532,-6.1523,0.14
10,Jaraguá cave,57,JAR13,28787,26617.31071,52.39467127,65.09477069,-6.15724,0.86
10,Jaraguá cave,57,JAR13,28788,26630.93906,54.92473099,67.93700081,-5.33859,0.41
10,Jaraguá cave,57,JAR13,28789,26645.2858,56.03225529,72.68676898,-5.98153,1.02
10,Jaraguá cave,57,JAR13,28790,26659.07993,57.8279118,75.86301704,-5.75527,0.69
10,Jaraguá cave,57,JAR13,28791,26671.89709,60.48249295,77.31161489,-4.93501,1.36
10,Jaraguá cave,57,JAR13,28792,26685.361,62.73730805,79.27239895,-5.71438,1.42
10,Jaraguá cave,57,JAR13,28793,26699.08651,64.71251332,80.8685184,-5.12845,1.83
10,Jaraguá cave,57,JAR13,28794,26712.79659,66.24823341,82.0405687,-5.37723,0.86
10,Jaraguá cave,57,JAR13,28795,26726.4571,66.91063725,83.12037359,-6.87787,0.27
10,Jaraguá cave,57,JAR13,28796,26736.87896,65.25584151,80.68421682,-6.63043,0.53
10,Jaraguá cave,57,JAR13,28797,26767.00224,62.63062554,74.84796737,-5.70611,0.93
10,Jaraguá cave,57,JAR13,28798,26787.48722,59.76554815,76.04595331,-6.16907,0.93
10,Jaraguá cave,57,JAR13,28799,26795.83096,61.67662073,70.50481353,-5.45552,1.16
10,Jaraguá cave,57,JAR13,28800,26805.82036,61.59923214,67.19669531,-5.15791,0.97
10,Jaraguá cave,57,JAR13,28801,26816.59294,60.26292522,67.92803623,-4.96136,1.98
10,Jaraguá cave,57,JAR13,28802,26826.7186,59.57354482,68.61188698,-4.38003,1.11
10,Jaraguá cave,57,JAR13,28803,26836.39425,59.54063861,67.10277597,-5.72153,1.52
10,Jaraguá cave,57,JAR13,28804,26845.30862,59.33196174,64.50735487,-4.56877,0.88
10,Jaraguá cave,57,JAR13,28805,26856.01542,57.57590401,63.70435981,-6.46885,0.7
10,Jaraguá cave,57,JAR13,28806,26865.21215,57.6797189,61.39129722,-6.49877,0.89
10,Jaraguá cave,57,JAR13,28807,26875.25346,57.64035476,61.00270232,-6.44573,0.88
10,Jaraguá cave,57,JAR13,28808,26884.6733,58.39297973,60.06420094,-5.78585,1.56
10,Jaraguá cave,57,JAR13,28809,26895.29427,58.48531541,60.56466512,-5.62581,1.25
10,Jaraguá cave,57,JAR13,28810,26905.88678,58.65219906,61.66195352,-5.8977,1.06
10,Jaraguá cave,57,JAR13,28811,26916.28005,58.62534261,61.86035245,-5.72965,1.06
10,Jaraguá cave,57,JAR13,28812,26925.96852,59.30328489,60.8090214,-5.92641,0.7
10,Jaraguá cave,57,JAR13,28813,26936.53666,59.10156542,60.99654382,-5.27597,0.99
10,Jaraguá cave,57,JAR13,28814,26946.7801,59.22453641,62.91320211,-5.24208,1.2
10,Jaraguá cave,57,JAR13,28815,26966.90497,60.9331696,63.66514986,-7.03418,1.04
10,Jaraguá cave,57,JAR13,28816,26976.76094,61.82455806,62.95079467,-6.67318,0.84
10,Jaraguá cave,57,JAR13,28817,26986.56029,62.77256199,62.84121323,-5.3555,1.3
10,Jaraguá cave,57,JAR13,28818,26996.46767,63.61254011,63.75759641,-5.01812,1.87
10,Jaraguá cave,57,JAR13,28819,27005.69562,66.13012862,63.36506399,-4.64417,1.9
10,Jaraguá cave,57,JAR13,28820,27015.60622,67.30654173,63.63665174,-5.42175,1.71
10,Jaraguá cave,57,JAR13,28821,27026.21004,67.33010106,64.66086165,-5.56963,1.29
10,Jaraguá cave,57,JAR13,28822,27036.50187,67.37741438,67.24670255,-4.39868,2.02
10,Jaraguá cave,57,JAR13,28823,27047.16477,68.25845699,69.50129933,-6.00069,1.62
10,Jaraguá cave,57,JAR13,28824,27057.78282,68.10471557,71.56601357,-5.74469,1.19
10,Jaraguá cave,57,JAR13,28825,27068.01284,68.76474491,73.2093702,-5.81598,1.24
10,Jaraguá cave,57,JAR13,28826,27077.64845,71.8449841,73.91258402,-4.8737,0.91
10,Jaraguá cave,57,JAR13,28827,27086.46202,75.71760053,73.79375706,-5.25234,0.8
10,Jaraguá cave,57,JAR13,28828,27096.19902,77.05653934,74.39187066,-5.10671,0.98
10,Jaraguá cave,57,JAR13,28829,27106.3569,78.07853971,75.34166492,-5.74167,0.78
10,Jaraguá cave,57,JAR13,28830,27116.55525,80.05138396,77.24092874,-5.08467,1.39
10,Jaraguá cave,57,JAR13,28831,27126.46182,82.58727836,76.86585372,-6.5202,1.05
10,Jaraguá cave,57,JAR13,28832,27132.97547,84.67487246,73.61357401,-6.62837,0.46
10,Jaraguá cave,57,JAR13,28833,27141.63861,80.03221452,75.31963686,-5.88943,0.87
10,Jaraguá cave,57,JAR13,28834,27156.76526,91.55535074,68.19495352,-5.56967,1.25
10,Jaraguá cave,57,JAR13,28835,27167.15199,105.235267,75.64480018,-4.96882,1.18
10,Jaraguá cave,57,JAR13,28836,27175.63395,113.1814199,82.86952952,-5.67516,1.21
10,Jaraguá cave,57,JAR13,28837,27183.16017,124.2258484,84.93770419,-6.03376,1.12
10,Jaraguá cave,57,JAR13,28838,27190.38161,140.5157476,87.98401952,-6.56553,0.42
10,Jaraguá cave,57,JAR13,28839,27197.09142,152.887077,92.45871668,-6.1615,0.67
10,Jaraguá cave,57,JAR13,28840,27202.59927,168.2327992,92.21822604,-5.01426,1.33
10,Jaraguá cave,57,JAR13,28841,27207.50814,181.3990536,93.58248055,-5.19376,1.74
10,Jaraguá cave,57,JAR13,28842,27216.12939,192.4257541,95.10627146,-5.89585,1.36
10,Jaraguá cave,57,JAR13,28843,27221.10558,210.1205854,92.98501705,-6.38206,0.86
10,Jaraguá cave,57,JAR13,28844,27225.48307,219.6272884,91.79521927,-5.27391,0.85
10,Jaraguá cave,57,JAR13,28845,27234.06299,231.9702683,98.02847314,-6.2332,0.72
10,Jaraguá cave,57,JAR13,28846,27243.52492,245.2012903,106.3719085,-5.9533,0.62
10,Jaraguá cave,57,JAR13,28847,27249.25537,262.1637956,111.5743043,-6.17274,1.15
10,Jaraguá cave,57,JAR13,28848,27256.10253,278.0095856,117.9734411,-5.77138,1.17
10,Jaraguá cave,57,JAR13,28849,27279.31651,316.1641592,134.468269,-5.04592,0.87
10,Jaraguá cave,57,JAR13,28850,27291.14568,310.5528067,131.8957091,-5.15322,1.07
10,Jaraguá cave,57,JAR13,28851,27307.31695,299.5401268,139.9775632,-4.8863,1.1
10,Jaraguá cave,57,JAR13,28852,27321.31662,289.1460084,145.887814,-5.42116,1.23
10,Jaraguá cave,57,JAR13,28853,27330.95652,283.1116529,145.0698391,-5.20111,1.59
10,Jaraguá cave,57,JAR13,28854,27351.56602,268.5672648,158.8848411,-4.36728,1.41
10,Jaraguá cave,57,JAR13,28855,27369.69246,258.923311,167.5123612,-6.07638,1.3
10,Jaraguá cave,57,JAR13,28856,27380.42148,255.7308238,172.6350284,-4.60609,1.78
10,Jaraguá cave,57,JAR13,28857,27396.51067,257.6691416,180.4457429,-4.88607,0.99
10,Jaraguá cave,57,JAR13,28858,27425.84376,249.0568297,194.3532951,-4.87332,0.61
10,Jaraguá cave,57,JAR13,28859,27437.06221,244.75044,200.3534756,-5.8987,0.79
10,Jaraguá cave,57,JAR13,28860,27454.51535,233.9663005,213.1117244,-5.17182,0.62
10,Jaraguá cave,57,JAR13,28861,27469.29398,228.8221857,220.7812454,-5.37906,1.38
10,Jaraguá cave,57,JAR13,28862,27484.422,227.4894252,226.5094941,-4.74296,1.27
10,Jaraguá cave,57,JAR13,28863,27508.61342,245.3583261,239.8292287,-5.45141,1.1
10,Jaraguá cave,57,JAR13,28864,27518.88308,250.3426363,247.1967688,-5.98055,0.89
10,Jaraguá cave,57,JAR13,28865,27530.9023,256.5871205,252.8635773,-6.00304,0.98
10,Jaraguá cave,57,JAR13,28866,27545.15898,267.3138927,256.5364545,-5.38192,1.25
10,Jaraguá cave,57,JAR13,28867,27561.69829,277.9547154,262.3960198,-4.49953,2.66
10,Jaraguá cave,57,JAR13,28868,27576.67704,291.2890735,266.9278178,-5.34902,1.98
10,Jaraguá cave,57,JAR13,28869,27589.07909,308.4511644,269.384799,-5.60434,0.69
10,Jaraguá cave,57,JAR13,28870,27602.08569,322.4054115,273.0893615,-4.29076,1.55
10,Jaraguá cave,57,JAR13,28871,27615.73241,328.7638961,279.7393113,-4.28232,1.54
10,Jaraguá cave,57,JAR13,28872,27628.32341,329.5234201,285.7496712,-5.68788,1.53
10,Jaraguá cave,57,JAR13,28873,27636.23558,340.945238,287.081191,-5.79886,1.37
10,Jaraguá cave,57,JAR13,28874,27648.16995,349.9328724,292.4349186,-5.84202,1.11
10,Jaraguá cave,57,JAR13,28875,27662.28533,355.9765589,299.9730646,-4.92145,0.6
10,Jaraguá cave,57,JAR13,28876,27677.93766,364.6918299,309.4192587,-5.86906,1.2
10,Jaraguá cave,57,JAR13,28877,27691.91967,375.1820336,317.1951344,-6.25494,0.95
10,Jaraguá cave,57,JAR13,28878,27705.22338,386.3505416,324.2927057,-6.08767,1.33
10,Jaraguá cave,57,JAR13,28879,27715.52479,392.9541501,328.3879743,-5.0405,1.08
10,Jaraguá cave,57,JAR13,28880,27725.29954,401.2715536,332.1583884,-6.13037,1.32
10,Jaraguá cave,57,JAR13,28881,27737.03665,414.0659421,338.7321883,-6.08745,1.16
10,Jaraguá cave,57,JAR13,28882,27750.25811,427.694862,346.7903409,-5.24253,1.19
10,Jaraguá cave,57,JAR13,28883,27759.96513,444.8382185,351.3340568,-6.32504,1.14
10,Jaraguá cave,57,JAR13,28884,27772.67142,450.4743843,358.8770451,-5.65651,1.08
10,Jaraguá cave,57,JAR13,28885,27785.69474,461.0172104,366.7370585,-6.05434,0.98
10,Jaraguá cave,57,JAR13,28886,27799.40398,471.0049915,375.2829926,-5.90294,1.32
10,Jaraguá cave,57,JAR13,28887,27814.60986,481.1910802,385.3255634,-6.69225,1.08
10,Jaraguá cave,57,JAR13,28888,27829.86775,493.7773462,395.4201519,-7.04906,0.96
10,Jaraguá cave,57,JAR13,28889,27845.12564,505.787241,405.5147405,-6.2954,0.99
10,Jaraguá cave,57,JAR13,28890,27859.40809,516.7224167,414.6338803,-6.63335,0.87
10,Jaraguá cave,57,JAR13,28891,27869.19839,522.9718418,419.2608726,-5.11266,1.38
10,Jaraguá cave,57,JAR13,28892,27878.98869,535.5811583,423.8878649,-4.83878,0.78
10,Jaraguá cave,57,JAR13,28893,27889.87687,549.7527586,429.6127404,-5.64547,0.72
10,Jaraguá cave,57,JAR13,28894,27900.48071,567.9587508,435.0532818,-4.48827,0.96
10,Jaraguá cave,57,JAR13,28895,27911.08456,581.9958509,440.4938231,-5.32357,0.45
