site_id,site_name,entity_id,entity_name,sample_id,age_bp,age_uncert_pos,age_uncert_neg,d18o,d13c
24,Lapa sem fim cave,709,LSF19,421178,1036.59584735963,51.3749026838418,52.5796967907845,-4.92959137292514,-5.13751645173804
24,Lapa sem fim cave,709,LSF19,421179,1052.39546824424,49.6595121626663,50.8574399675139,-4.92317921565189,-4.91806559177245
24,Lapa sem fim cave,709,LSF19,421180,1067.99877993539,47.9128945112734,48.8269017866553,-5.11554393384939,-5.31365059972721
24,Lapa sem fim cave,709,LSF19,421181,1083.74815534115,46.2574706608686,47.0528815948323,-4.78253222496978,-4.82416151403636
24,Lapa sem fim cave,709,LSF19,421182,1099.4222176366,44.6726837641902,45.4057510963803,-4.79914076348082,-4.92973959925545
24,Lapa sem fim cave,709,LSF19,421183,1115.36963919242,42.572811189357,43.7280124538256,-5.61138239053661,-5.98019546557693
24,Lapa sem fim cave,709,LSF19,421184,1131.27335415006,40.6498335436829,41.8390376555026,-5.79975265010487,-6.02146410606509
24,Lapa sem fim cave,709,LSF19,421185,1147.08390263303,38.8695962981596,40.2155426841971,-5.76043876780659,-6.61315195901942
24,Lapa sem fim cave,709,LSF19,421186,1162.78965257158,37.1079174039421,38.2948576325546,-5.52266336203459,-5.98971899799728
24,Lapa sem fim cave,709,LSF19,421187,1178.5011093999,35.6846629241434,36.3452588461735,-4.90793720246137,-5.0798632393439
24,Lapa sem fim cave,709,LSF19,421188,1194.39843778856,33.7798370746759,34.9075436419428,-4.3259025332485,-4.10180670013193
24,Lapa sem fim cave,709,LSF19,421189,1210.29121060559,31.8633335595021,33.0475912402005,-4.97184854052918,-4.71786660379639
24,Lapa sem fim cave,709,LSF19,421190,1225.87679060862,30.3271617764276,31.2250626094758,-4.16664977474073,-4.1290460509256
24,Lapa sem fim cave,709,LSF19,421191,1241.60931230904,28.6056049390186,29.4713514682521,-5.23579816205591,-5.49582655860671
24,Lapa sem fim cave,709,LSF19,421192,1257.39682162206,26.8286695237091,28.0031939595044,-5.56712799361795,-6.12397008405182
24,Lapa sem fim cave,709,LSF19,421193,1273.19560367126,25.2175136150292,26.1593113287911,-6.09513235400377,-6.51289885966977
24,Lapa sem fim cave,709,LSF19,421194,1288.85788482872,23.4686972263669,24.2513714813495,-5.95553653664514,-6.77064865646556
24,Lapa sem fim cave,709,LSF19,421195,1304.5098412651,21.7082910978211,22.5710193944708,-5.55178086309509,-5.88967070579645
24,Lapa sem fim cave,709,LSF19,421196,1320.19083781808,20.1565770817369,20.7333394061343,-5.17083565066463,-5.41963829924395
24,Lapa sem fim cave,709,LSF19,421197,1335.95460954422,18.6770478378241,19.1101735646353,-4.97931187112591,-4.88877816949053
24,Lapa sem fim cave,709,LSF19,421198,1351.65188172529,17.6023658186646,17.5593822595006,-5.15128382684783,-5.07883920359978
24,Lapa sem fim cave,709,LSF19,421199,1367.49802393272,16.3236915040604,16.4442240274491,-5.52812946331671,-5.82454203247022
24,Lapa sem fim cave,709,LSF19,421200,1383.29630684558,15.3383004906675,15.1997586734235,-5.03828269457334,-5.54344422070843
24,Lapa sem fim cave,709,LSF19,421201,1398.94121278038,14.3836044231984,13.9204060600023,-4.82047958194754,-4.86717101528954
24,Lapa sem fim cave,709,LSF19,421202,1414.63456169893,13.3501992368826,12.9517035318404,-5.46705629322231,-5.73831822281506
24,Lapa sem fim cave,709,LSF19,421203,1430.46527988547,12.4841829098775,12.061871158302,-5.16105973875623,-5.20397637153162
24,Lapa sem fim cave,709,LSF19,421204,1446.22864486446,11.7035313579599,11.6754731385092,-4.93295512756028,-5.33361929673761
24,Lapa sem fim cave,709,LSF19,421205,1461.96238745173,11.4745522793453,11.3645082070725,-3.69677529914355,-3.66751314104932
24,Lapa sem fim cave,709,LSF19,421206,1477.8079553859,11.5966547192825,11.6166229085586,-4.89248495460616,-5.1238967763412
24,Lapa sem fim cave,709,LSF19,421207,1493.37716833043,12.0763560424848,11.9417472798268,-3.86464767890389,-3.50909481143347
24,Lapa sem fim cave,709,LSF19,421208,1508.01354180464,11.9939160568624,11.7662101557989,-4.64419781559933,-4.87413445834957
24,Lapa sem fim cave,709,LSF19,421209,1522.66472601375,11.8300901109669,11.6515919345429,-4.21563445161507,-4.98780242594724
24,Lapa sem fim cave,709,LSF19,421210,1536.42802211405,11.6925990052823,11.5651524572695,-5.12742219240475,-6.0581245857047
24,Lapa sem fim cave,709,LSF19,421211,1550.20464344411,11.5730757066976,11.4196824717349,-4.63421166902624,-5.39444701993852
24,Lapa sem fim cave,709,LSF19,421212,1563.91903326423,11.5287052305839,11.3103940050603,-4.85968834691348,-5.2778093486829
24,Lapa sem fim cave,709,LSF19,421213,1577.63070586163,11.438435349897,11.1965383989721,-4.45151774540479,-5.2861040382103
24,Lapa sem fim cave,709,LSF19,421214,1591.36511688215,11.31403932382,11.0425863518838,-4.54423123253604,-5.73463169413621
24,Lapa sem fim cave,709,LSF19,421215,1605.11281966124,11.1476219553933,10.9482222270626,-4.93285001022794,-5.85167897968949
24,Lapa sem fim cave,709,LSF19,421216,1618.85466368301,10.9977334616854,10.8767039451834,-4.87703270675096,-5.57191241439505
24,Lapa sem fim cave,709,LSF19,421217,1632.57203490041,10.9044009922568,10.7922159507627,-5.29949926545902,-5.58788737200337
24,Lapa sem fim cave,709,LSF19,421218,1646.3415703286,10.7914384297073,10.7710811856916,-5.27038176439852,-5.81450648217782
24,Lapa sem fim cave,709,LSF19,421219,1660.10244643425,10.662731856085,10.7718809256639,-4.72503304417523,-4.9725442933598
24,Lapa sem fim cave,709,LSF19,421220,1673.87372363095,10.5240357447892,10.6687551041987,-4.81638000598595,-5.42055993141366
24,Lapa sem fim cave,709,LSF19,421221,1687.59972110661,10.5013642601368,10.5676189404339,-4.6495587995491,-5.33157122524936
24,Lapa sem fim cave,709,LSF19,421222,1701.34884040223,10.3747417439454,10.3572349233195,-5.72553981346693,-5.68885729637391
24,Lapa sem fim cave,709,LSF19,421223,1715.13427836922,10.2900483875158,10.399266372074,-4.21857773692082,-4.93905832452698
24,Lapa sem fim cave,709,LSF19,421224,1728.88878253045,10.2383133775168,10.2919189081213,-4.61213702923308,-5.28262231668028
24,Lapa sem fim cave,709,LSF19,421225,1742.65415696291,10.1648886738462,10.2577035312274,-4.61854918650633,-4.69113927087477
24,Lapa sem fim cave,709,LSF19,421226,1756.39755914197,10.0323396248493,10.1270272538918,-5.09157718207396,-5.84789004743623
24,Lapa sem fim cave,709,LSF19,421227,1783.98330957518,9.69210236641402,10.0741769284223,-4.48189665445346,-4.83214899284052
24,Lapa sem fim cave,709,LSF19,421228,1797.77887913776,9.61108221768336,10.0415169488219,-4.86988472815127,-5.16455099538288
24,Lapa sem fim cave,709,LSF19,421229,1811.4793731696,9.60072455203544,9.93223148582615,-4.88176298670663,-4.8261071819502
24,Lapa sem fim cave,709,LSF19,421230,1825.21346622014,9.56635239608158,9.80794342615945,-4.48641669974444,-4.80470483489802
24,Lapa sem fim cave,709,LSF19,421231,1838.95242383004,9.52812758224604,9.79874691067948,-3.95925327801741,-4.32504649235076
24,Lapa sem fim cave,709,LSF19,421232,1852.70622079148,9.40086948228054,9.69825802987634,-4.78568574494023,-5.24862432997539
24,Lapa sem fim cave,709,LSF19,421233,1866.45982686999,9.35299368977007,9.57693812943785,-4.66059611944568,-5.08703148955277
24,Lapa sem fim cave,709,LSF19,421234,1880.22319031911,9.33806552989131,9.49120402219887,-4.87797876274209,-5.30320543513715
24,Lapa sem fim cave,709,LSF19,421235,1894.00419822913,9.28890846523973,9.46495698390595,-4.68950338584148,-4.87095994754279
24,Lapa sem fim cave,709,LSF19,421236,1907.76088525393,9.29393517800622,9.42077416890857,-4.78989043823416,-5.34959425434593
24,Lapa sem fim cave,709,LSF19,421237,1921.54966749788,9.18780723611826,9.3113160336402,-4.59174769816677,-5.44652900919636
24,Lapa sem fim cave,709,LSF19,421238,1935.28605649099,9.18411340269722,9.35958146022995,-4.23784700897521,-4.96081627440515
24,Lapa sem fim cave,709,LSF19,421239,1949.02027287503,9.21162149618522,9.29101285831734,-4.73489619069479,-5.16011688025698
24,Lapa sem fim cave,709,LSF19,421240,1962.7639595041,9.19778596939432,9.29400253194967,-4.31506360457974,-4.70537036288035
24,Lapa sem fim cave,709,LSF19,421241,1976.53829826047,9.16597373724312,9.35424660259446,-5.23288576397113,-6.0383391118506
24,Lapa sem fim cave,709,LSF19,421242,1990.30959312311,9.15644674937425,9.35382803989182,-4.98953332667348,-5.25636597569637
24,Lapa sem fim cave,709,LSF19,421243,2004.06527773065,9.10496723844381,9.44702900593711,-5.03738880811716,-5.46724083986053
24,Lapa sem fim cave,709,LSF19,421244,2017.8224999761,9.07303595858957,9.46908656901951,-4.70543058858319,-5.64948464398891
24,Lapa sem fim cave,709,LSF19,421245,2031.59203628631,9.05416585657281,9.45689507128191,-4.59812146316254,-5.5329298322121
24,Lapa sem fim cave,709,LSF19,421246,2045.35166937529,9.03927662238084,9.40308769154171,-4.75380850978061,-5.72542802309088
24,Lapa sem fim cave,709,LSF19,421247,2059.08399737096,9.11291838270927,9.3454532091132,-4.72277558840775,-5.5250106028405
24,Lapa sem fim cave,709,LSF19,421248,2072.84779925504,9.05429318672532,9.38351563887682,-4.75568929289412,-5.41657807759865
24,Lapa sem fim cave,709,LSF19,421249,2086.63050741119,9.03165068343469,9.46075344057135,-5.11554579527845,-5.83071316230043
24,Lapa sem fim cave,709,LSF19,421250,2100.40692528669,8.98565413529468,9.53405152819323,-5.34029937734252,-6.24038098940798
24,Lapa sem fim cave,709,LSF19,421251,2114.16065826644,9.07033950641789,9.57486987336506,-5.2535743782197,-6.80579366082357
24,Lapa sem fim cave,709,LSF19,421252,2127.88101627826,9.07021332450449,9.55752401056407,-5.08670712087134,-6.48668932858094
24,Lapa sem fim cave,709,LSF19,421253,2141.65820882015,9.0261441198727,9.61817403181976,-4.98859293511673,-6.30434399587086
24,Lapa sem fim cave,709,LSF19,421254,2155.39759102289,9.04959441177289,9.63697529340743,-4.64482757714796,-5.5786176939713
24,Lapa sem fim cave,709,LSF19,421255,2169.17905817291,9.05962347931381,9.71934941149721,-4.47754236799659,-5.13219652029302
24,Lapa sem fim cave,709,LSF19,421256,2182.94343093205,9.10188069253763,9.75441902964212,-5.29735482958412,-6.29835380955132
24,Lapa sem fim cave,709,LSF19,421257,2196.71477771246,9.11754704446685,9.83765060166616,-4.45768965735402,-5.08732088718731
24,Lapa sem fim cave,709,LSF19,421258,2210.44185913865,9.09692587436302,9.86574526453751,-4.53762293967807,-5.40256713332583
24,Lapa sem fim cave,709,LSF19,421259,2224.17669368303,9.16276498076968,9.79543427873887,-4.84816112930821,-5.54988510535385
24,Lapa sem fim cave,709,LSF19,421260,2237.91207067987,9.18232381968164,9.77298606439308,-4.25675932806103,-5.37332690179994
24,Lapa sem fim cave,709,LSF19,421261,2251.71852754313,9.1674031880425,9.92512537311995,-5.10112645807489,-5.93356161554949
24,Lapa sem fim cave,709,LSF19,421262,2265.48852834341,9.1001003022925,9.96738876861946,-4.70710239579519,-4.89431505340009
24,Lapa sem fim cave,709,LSF19,421263,2279.22893506784,9.17297063574824,9.9444351274301,-4.65830652279476,-5.28195117828153
24,Lapa sem fim cave,709,LSF19,421264,2293.03256979679,9.18990211431219,9.96114847135232,-4.34849974881987,-4.3879920165264
24,Lapa sem fim cave,709,LSF19,421265,2306.80905903021,9.19435834780506,10.1072557654156,-4.52978634337179,-4.89695479652395
24,Lapa sem fim cave,709,LSF19,421266,2320.58630662898,9.25031337544124,10.178372645074,-4.15571947968541,-3.9424846000833
24,Lapa sem fim cave,709,LSF19,421267,2334.32174501967,9.35540701136415,10.1749442340333,-5.08231862693983,-5.32885738302098
24,Lapa sem fim cave,709,LSF19,421268,2348.0643435733,9.47280769789359,10.2938275199531,-5.06142103678975,-4.84649509142545
24,Lapa sem fim cave,709,LSF19,421269,2361.80120586152,9.59751122110947,10.242244683714,-4.69174266703488,-4.55165609020604
24,Lapa sem fim cave,709,LSF19,421270,2375.55029028273,9.67824513771302,10.3347593078097,-5.01241618788782,-4.62587348341933
24,Lapa sem fim cave,709,LSF19,421271,2389.31275800881,9.76620634836263,10.3394766250976,-5.10049953037039,-5.26469131939472
24,Lapa sem fim cave,709,LSF19,421272,2403.10447001536,9.75214780376382,10.4150621692092,-5.09684245209413,-4.71532016388569
24,Lapa sem fim cave,709,LSF19,421273,2416.88063264021,9.79675218242528,10.5332083935064,-5.25775389624972,-5.20621085634293
24,Lapa sem fim cave,709,LSF19,421274,2430.62948268846,9.9174356976846,10.6195229855425,-5.21345100513156,-5.40469923354126
24,Lapa sem fim cave,709,LSF19,421275,2444.34235398756,10.0256551316411,10.6759599583056,-4.63625956518643,-4.52546171613077
24,Lapa sem fim cave,709,LSF19,421276,2458.12390254952,10.0826290616033,10.8468113828708,-4.91534688164071,-4.98782287713393
24,Lapa sem fim cave,709,LSF19,421277,2471.88787810362,10.1855490468683,11.0266098101774,-5.03952500622139,-5.67825107546693
24,Lapa sem fim cave,709,LSF19,421278,2485.65166095616,10.2204166880961,11.2402837113846,-4.41307330238361,-5.05219199792356
24,Lapa sem fim cave,709,LSF19,421279,2499.40132907053,10.3467099256891,11.3713967398803,-4.71807363062398,-4.82263587472898
24,Lapa sem fim cave,709,LSF19,421280,2513.12783852949,10.4791503626061,11.4761330592783,-5.19015019211422,-5.07655885752848
24,Lapa sem fim cave,709,LSF19,421281,2526.88015454786,10.5688003344362,11.5677111608211,-5.1708199212254,-5.13757753512244
24,Lapa sem fim cave,709,LSF19,421282,2540.62332617997,10.7034743656836,11.6971113685527,-4.88326908076034,-4.70120769103118
24,Lapa sem fim cave,709,LSF19,421283,2554.37685381099,10.8491962722428,11.769351774743,-5.21355549308231,-5.24925897497827
24,Lapa sem fim cave,709,LSF19,421284,2568.14639817396,10.8988963701386,11.927636773944,-5.31815954155575,-5.16643421422862
24,Lapa sem fim cave,709,LSF19,421285,2581.9191545177,11.0158809347313,12.0527344368224,-5.45314636415294,-4.93705858629037
24,Lapa sem fim cave,709,LSF19,421286,2595.63857257621,11.1756570421576,12.160957721042,-5.52095904418994,-5.188341825966
24,Lapa sem fim cave,709,LSF19,421287,2609.38893873134,11.2986334924176,12.2314388060754,-5.64749395254866,-4.91431618399245
24,Lapa sem fim cave,709,LSF19,421288,2623.09675639056,11.4842757548067,12.3827541458427,-5.29610097417511,-5.22499364395505
24,Lapa sem fim cave,709,LSF19,421289,2636.80729110654,11.6657162155725,12.4658761905512,-5.10582841585866,-5.15006555066995
24,Lapa sem fim cave,709,LSF19,421290,2650.57567777726,11.7860026779995,12.5946085740379,-5.50058389379362,-5.66349558826174
24,Lapa sem fim cave,709,LSF19,421291,2664.34817777694,11.8562540412049,12.6904982683814,-4.86561061708353,-5.23027313020278
24,Lapa sem fim cave,709,LSF19,421292,2678.09598196228,11.923020628361,12.7985422442198,-4.38256282076449,-5.05219199792357
24,Lapa sem fim cave,709,LSF19,421293,2691.83544888255,11.997718006839,12.863283710858,-5.31396841375343,-5.3523104853907
24,Lapa sem fim cave,709,LSF19,421294,2705.56513557694,12.1284873515024,12.9375779390843,-5.42127753917407,-5.73933743878202
24,Lapa sem fim cave,709,LSF19,421295,2719.30814499895,12.2465030860194,13.1174535910695,-5.43183082219986,-5.71761032230098
24,Lapa sem fim cave,709,LSF19,421296,2733.03098126865,12.4139581848053,13.2037603504236,-5.5627542244901,-5.7576125834857
24,Lapa sem fim cave,709,LSF19,421297,2746.75556693651,12.6254758958903,13.1988795887937,-5.29434562137247,-5.46978075948118
24,Lapa sem fim cave,709,LSF19,421298,2760.47414025266,12.8532922621066,13.2671643239355,-5.0950393393916,-5.41953107713209
24,Lapa sem fim cave,709,LSF19,421299,2774.22693512688,13.0363148882748,13.440958233155,-5.19851120966933,-5.00996589509397
24,Lapa sem fim cave,709,LSF19,421300,2787.96966376054,13.2166556181255,13.4913355648255,-4.72488415532423,-4.71210030815717
24,Lapa sem fim cave,709,LSF19,421301,2801.72467613369,13.3180202335679,13.6186882382117,-4.85241925124795,-4.64126641858073
24,Lapa sem fim cave,709,LSF19,421302,2815.50850528455,13.3994134693385,13.6921320616839,-5.21462310858012,-4.91299813457694
24,Lapa sem fim cave,709,LSF19,421303,2829.28576965329,13.525830077991,13.8905509820615,-4.65489155551048,-4.90825569467653
24,Lapa sem fim cave,709,LSF19,421304,2843.06606353202,13.6383436959482,14.0330494249465,-4.3092180879699,-4.49818599775539
24,Lapa sem fim cave,709,LSF19,421305,2856.84640078811,13.7499306681607,14.2742024943245,-4.7762539109424,-4.65125581326459
24,Lapa sem fim cave,709,LSF19,421306,2870.58123688863,13.8830483516654,14.4470528263723,-4.58217876497153,-4.82147913479656
24,Lapa sem fim cave,709,LSF19,421307,2884.3562615471,13.9783930265207,14.6487880335408,-5.29016071256448,-5.11450137885635
24,Lapa sem fim cave,709,LSF19,421308,2898.09872769099,14.1159059536612,14.8628080509447,-4.81632441277898,-4.75952470716133
24,Lapa sem fim cave,709,LSF19,421309,2911.83680650199,14.2515416397105,14.8767704410161,-5.34289056354524,-5.31176669811836
24,Lapa sem fim cave,709,LSF19,421310,2924.92184019344,14.2314098926113,14.9805406939386,-5.5678294119751,-5.9780290526386
24,Lapa sem fim cave,709,LSF19,421311,2934.39731140687,13.939542332846,14.3168655252061,-5.75217464496738,-5.59631309214336
24,Lapa sem fim cave,709,LSF19,421312,2943.89371560482,13.9017400082553,14.1604151983142,-5.22456226699912,-5.41055071221428
24,Lapa sem fim cave,709,LSF19,421313,2953.28842782728,14.261170498703,14.1163674433074,-5.45222130615417,-5.32387505531092
24,Lapa sem fim cave,709,LSF19,421314,2962.78408074698,14.2233194836317,14.2441684210921,-5.408698254551,-5.57764604147151
24,Lapa sem fim cave,709,LSF19,421315,2972.29606509944,14.5875123911405,14.4748461878794,-4.92429506002531,-5.08735847814971
24,Lapa sem fim cave,709,LSF19,421316,2981.64525281594,15.1760014283855,15.0503666479653,-6.30698893018763,-5.68016346570179
24,Lapa sem fim cave,709,LSF19,421317,2991.29275783668,15.6516490351901,15.7878443680811,-5.51384408835193,-6.26045648415491
24,Lapa sem fim cave,709,LSF19,421318,3004.50846357666,16.9934709782274,16.6043022967606,-4.75062134449342,-5.55716273722077
24,Lapa sem fim cave,709,LSF19,421319,3017.56133853135,18.4238906055371,17.5664133163764,-4.83777207041996,-4.89705546427342
24,Lapa sem fim cave,709,LSF19,421320,3030.66712282636,19.9547842974707,18.8426300519573,-4.98801029662707,-4.94669972876288
24,Lapa sem fim cave,709,LSF19,421321,3043.9212059873,21.1836898389265,20.5027962256404,-5.31851346973866,-4.77344931793277
24,Lapa sem fim cave,709,LSF19,421322,3057.038248556,22.7806304957817,21.8707486129047,-5.34581999971084,-5.43214394920766
24,Lapa sem fim cave,709,LSF19,421323,3070.41951674465,24.3674855066793,23.8652632269341,-5.7235080196326,-5.68308965202333
24,Lapa sem fim cave,709,LSF19,421324,3083.611128836,26.1230491028059,25.8538272920355,-5.54878807689871,-5.27221273128936
24,Lapa sem fim cave,709,LSF19,421325,3096.64835415247,28.1668169610957,27.6844526368013,-5.64870277468965,-5.82758271452113
24,Lapa sem fim cave,709,LSF19,421326,3109.77223827827,30.1832062027461,29.60365100739,-5.68657619940202,-5.7677472493946
24,Lapa sem fim cave,709,LSF19,421327,3122.87462495861,32.5240245429177,31.5009466812935,-6.34151442785361,-6.26348357345304
24,Lapa sem fim cave,709,LSF19,421328,3135.9101608047,34.6205362138344,33.4359624720482,-5.723717265073,-5.46937714757477
24,Lapa sem fim cave,709,LSF19,421329,3149.11711426822,36.5439896605485,35.7664553615855,-5.20981046345093,-5.44273876175115
24,Lapa sem fim cave,709,LSF19,421330,3162.27610712508,38.6979083739152,37.9573851668342,-4.98612708766347,-5.16263209869675
24,Lapa sem fim cave,709,LSF19,421331,3175.40979836791,40.6603601406036,39.9532712542104,-5.28084929046668,-5.12933411641723
24,Lapa sem fim cave,709,LSF19,421332,3188.75171562883,42.6965454183419,42.0810766244913,-5.22906104396771,-5.42255816643022
24,Lapa sem fim cave,709,LSF19,421333,3201.83947545283,45.0561267632806,44.2250354258931,-5.86234236933791,-6.08942593881009
24,Lapa sem fim cave,709,LSF19,421334,3215.02900635375,47.3168356012775,46.317184394788,-6.02492607652861,-5.39208546749564
24,Lapa sem fim cave,709,LSF19,421335,3230.30554194653,46.3925498714452,45.9199322556269,-6.26806927827325,-5.43416200873976
24,Lapa sem fim cave,709,LSF19,421336,3247.1403981655,43.7410216353865,43.4564909032929,-6.23940265293847,-6.07691396971113
24,Lapa sem fim cave,709,LSF19,421337,3263.85919703843,40.9789372381701,41.518458076901,-6.26283814226326,-6.83782331628649
24,Lapa sem fim cave,709,LSF19,421338,3275.98578769888,38.823467236939,40.6365739072667,-4.57433206095653,-5.35101795601756
24,Lapa sem fim cave,709,LSF19,421339,3288.00310334541,37.3738599483872,39.1054550771646,-5.06229242796902,-5.09512800734827
24,Lapa sem fim cave,709,LSF19,421340,3300.04581112332,36.1864773667426,37.7177283346805,-4.97587406108387,-5.44051889626585
24,Lapa sem fim cave,709,LSF19,421341,3312.21815705991,34.8770816050237,36.5255166948609,-5.66638401440344,-5.51982863587707
24,Lapa sem fim cave,709,LSF19,421342,3324.12367626655,34.0791636902454,35.0532589833742,-6.0353883485486,-5.20006710301706
24,Lapa sem fim cave,709,LSF19,421343,3335.8850202336,33.7019786527439,33.7829869522625,-5.86066840581471,-5.97237848594875
24,Lapa sem fim cave,709,LSF19,421344,3347.81979191875,33.0710633530475,33.0805741999966,-5.91099193423088,-5.99679700628706
24,Lapa sem fim cave,709,LSF19,421345,3359.70102523426,32.4386267160803,31.5774368291759,-5.63196313945766,-6.21686639826172
24,Lapa sem fim cave,709,LSF19,421346,3371.76015214377,31.839490649917,30.7156816975112,-5.210877024661,-5.40753543210325
24,Lapa sem fim cave,709,LSF19,421347,3383.58443347729,31.2996409999841,30.4419050725514,-5.94513448031644,-6.8080118329225
24,Lapa sem fim cave,709,LSF19,421348,3395.69505291929,31.5566498406783,30.9557607331026,-5.10940574480075,-5.93170762695176
24,Lapa sem fim cave,709,LSF19,421349,3407.61853346726,31.4843914029952,31.2481481010473,-5.81970470382252,-5.67018208699817
24,Lapa sem fim cave,709,LSF19,421350,3419.78688303585,31.5458061020267,31.2546955065873,-5.31766036938573,-6.15164999453548
24,Lapa sem fim cave,709,LSF19,421351,3431.79923525462,31.7472924007698,31.3717577998768,-5.83629135533814,-5.65570951230082
24,Lapa sem fim cave,709,LSF19,421352,3443.8365415551,32.490435047046,32.1873236592178,-5.76896906389239,-5.83039960407029
24,Lapa sem fim cave,709,LSF19,421353,3455.52729034841,33.5740541679802,32.5941394472143,-6.38115743715184,-6.4192907068964
24,Lapa sem fim cave,709,LSF19,421354,3467.46219212017,34.0573925029721,33.6214784293725,-6.42473805093798,-5.36085628272727
24,Lapa sem fim cave,709,LSF19,421355,3479.37890928229,35.7798352950272,34.7452621871853,-6.07262403706394,-6.25693287948172
24,Lapa sem fim cave,709,LSF19,421356,3491.27484509154,37.3995489995732,35.9977087550651,-6.02134634969866,-6.11944341985686
24,Lapa sem fim cave,709,LSF19,421357,3503.30288922881,38.3646484541273,37.4722274831302,-6.6353552060225,-7.15558817292385
24,Lapa sem fim cave,709,LSF19,421358,3515.40095654393,40.0867611287886,38.8346064253369,-7.11121334815872,-8.32010911532162
24,Lapa sem fim cave,709,LSF19,421359,3527.14656672164,41.8118233266796,40.2882553008712,-5.94323750546922,-5.99005601053442
24,Lapa sem fim cave,709,LSF19,421360,3539.62460435583,41.5534862830787,39.5543960024356,-5.59815868340294,-5.33468433393839
24,Lapa sem fim cave,709,LSF19,421361,3554.93873582032,40.626843820588,38.7759825137414,-5.36785205397088,-4.85010771393403
24,Lapa sem fim cave,709,LSF19,421362,3570.18123064151,39.5963130331493,37.5223208679668,-5.6764520482075,-5.58789381985051
24,Lapa sem fim cave,709,LSF19,421363,3585.38654738935,38.6094792518084,36.5915724214169,-5.51148063279872,-5.42448066919796
24,Lapa sem fim cave,709,LSF19,421364,3600.56741148127,37.794556316936,35.739865077775,-5.31166376991085,-4.85172566592069
24,Lapa sem fim cave,709,LSF19,421365,3615.86373055075,36.6155526420907,35.0195799111852,-5.32734422127645,-5.39697548542476
24,Lapa sem fim cave,709,LSF19,421366,3631.15339254287,35.6119505091351,34.3730403553946,-5.4724972884315,-5.90329333524983
24,Lapa sem fim cave,709,LSF19,421367,3646.43045706638,34.5361806955302,33.3726373960108,-5.41609122032473,-6.00916806837683
24,Lapa sem fim cave,709,LSF19,421368,3661.7042600637,33.9237504748776,32.5206989006697,-5.49100893240476,-5.96609009673204
24,Lapa sem fim cave,709,LSF19,421369,3676.93859735584,32.8551962717247,31.3897432476397,-4.91736575328036,-6.2670291662506
24,Lapa sem fim cave,709,LSF19,421370,3692.12710166349,31.7309533191788,30.3096839338136,-4.89602291669942,-5.6868922570342
24,Lapa sem fim cave,709,LSF19,421371,3707.50767940874,30.7714750829573,29.7345435718107,-4.54299497692697,-5.52449032637331
24,Lapa sem fim cave,709,LSF19,421372,3722.59516873241,29.9893093965798,28.7257151123604,-4.71809335050936,-5.63410657346946
24,Lapa sem fim cave,709,LSF19,421373,3737.80441041446,29.2683563699661,27.8365584525504,-4.08434177448355,-5.29555012026107
24,Lapa sem fim cave,709,LSF19,421374,3752.9633604334,28.4209946940719,26.7104619482893,-4.73312044973471,-5.96487663274204
24,Lapa sem fim cave,709,LSF19,421375,3768.19707702237,27.5326518847864,25.8126156548442,-4.01911545248365,-5.43216594113459
24,Lapa sem fim cave,709,LSF19,421376,3783.38130876023,26.7955320014257,24.9772972785236,-4.45501022204229,-5.60356772972127
24,Lapa sem fim cave,709,LSF19,421377,3798.58098940606,25.8870206134438,23.9830029720788,-4.67224980866969,-5.70802675485994
24,Lapa sem fim cave,709,LSF19,421378,3813.8186286297,25.2592682957675,23.0649363668344,-4.68215898279656,-6.33781456566693
24,Lapa sem fim cave,709,LSF19,421379,3829.09926154563,24.6153187799609,22.5594981042946,-4.4213625868203,-6.33791568766609
24,Lapa sem fim cave,709,LSF19,421380,3844.33265222986,23.8015517309723,21.8374939600972,-4.64045333784503,-5.66464541721764
24,Lapa sem fim cave,709,LSF19,421381,3859.71222916275,22.8509354608577,20.9576953850155,-4.58339391759804,-5.67212844515594
24,Lapa sem fim cave,709,LSF19,421382,3874.93309666884,22.0990604610083,20.420235141979,-4.19987621128138,-4.9476904431294
24,Lapa sem fim cave,709,LSF19,421383,3890.20786036141,21.3590623725636,20.2481842481493,-4.64568015496689,-5.38939133548729
24,Lapa sem fim cave,709,LSF19,421384,3905.49888127563,20.6716412945575,19.6088546603496,-4.49367898945311,-5.38632396817925
24,Lapa sem fim cave,709,LSF19,421385,3920.68075735439,20.0682654913576,19.284188988343,-4.23276160233977,-4.34196966812396
24,Lapa sem fim cave,709,LSF19,421386,3935.98604264773,19.4492223789193,18.7309255663836,-4.65286702850946,-4.43500190735685
24,Lapa sem fim cave,709,LSF19,421387,3951.2922110648,18.681530623433,18.3916842199587,-5.10901571441532,-5.24327004669216
24,Lapa sem fim cave,709,LSF19,421388,3966.54415196291,18.1236820394947,17.9186835358009,-4.47787754695044,-4.05488431249117
24,Lapa sem fim cave,709,LSF19,421389,3981.70879437509,17.6735836743992,17.5279634402286,-4.24484861693407,-4.0350644006546
24,Lapa sem fim cave,709,LSF19,421390,3996.89565071544,17.4357351499984,17.6145523072087,-5.22509461133001,-5.35278517178913
24,Lapa sem fim cave,709,LSF19,421391,4011.99213564823,17.5970022031115,17.3090988099434,-5.12872517064567,-5.43823326108456
24,Lapa sem fim cave,709,LSF19,421392,4027.19894138929,17.5277067869006,17.4577635088403,-4.96985170854574,-5.25924732256041
24,Lapa sem fim cave,709,LSF19,421393,4042.46038197388,17.5686794492949,17.6433536524546,-4.73322934175809,-4.94040965918944
24,Lapa sem fim cave,709,LSF19,421394,4057.7592181912,17.4903393509644,17.729371398666,-5.28944979714294,-5.16914762130334
24,Lapa sem fim cave,709,LSF19,421395,4073.05572936219,17.5436314203662,17.7267566331088,-5.07667478347379,-5.06620542615217
24,Lapa sem fim cave,709,LSF19,421396,4088.1932268152,17.6278625388932,17.7306410735614,-5.41793028560835,-5.0100377735042
24,Lapa sem fim cave,709,LSF19,421397,4103.42817015167,17.7376644359329,17.7198805488056,-4.97529630971434,-5.26895503448037
24,Lapa sem fim cave,709,LSF19,421398,4118.59685079828,18.0491284046084,17.724426104136,-4.56150662090024,-5.16520386333586
24,Lapa sem fim cave,709,LSF19,421399,4133.64570164676,18.6547243997984,17.7591575892757,-4.7586011832038,-5.00866700862661
24,Lapa sem fim cave,709,LSF19,421400,4148.73835489608,18.9155213630602,18.1551479103537,-4.79603584101639,-5.23576454719849
24,Lapa sem fim cave,709,LSF19,421401,4161.32489839572,18.6702055442402,17.9536077249504,-4.34187140975865,-4.63036960974592
24,Lapa sem fim cave,709,LSF19,421402,4175.97123869308,18.333559735318,17.7733058515742,-4.45119900122427,-5.7087346088541
24,Lapa sem fim cave,709,LSF19,421403,4190.61369009839,18.0758904980576,17.5485212295744,-4.34034692143144,-5.57555693595224
24,Lapa sem fim cave,709,LSF19,421404,4205.26309638834,17.8041047607903,17.3299872549869,-4.4311628689238,-5.48434489270434
24,Lapa sem fim cave,709,LSF19,421405,4219.94411745934,17.5380163631962,17.0312163261333,-4.89504288848908,-5.67162283516011
24,Lapa sem fim cave,709,LSF19,421406,4234.56909674931,17.4467841120231,16.7560312699698,-4.83123216279301,-5.73907120860395
24,Lapa sem fim cave,709,LSF19,421407,4249.24066844283,17.1285347547755,16.5050342596887,-4.74433632814205,-5.89611367330904
24,Lapa sem fim cave,709,LSF19,421408,4263.8541475879,16.9715769860331,16.1575602395869,-4.80531586123044,-5.60498343770959
24,Lapa sem fim cave,709,LSF19,421409,4278.43270772124,16.6698876751552,15.8844512019277,-4.71351988552773,-5.39090816547478
24,Lapa sem fim cave,709,LSF19,421410,4293.06371037482,16.5294067300747,15.6164159500458,-4.45947479500055,-5.57171429998392
24,Lapa sem fim cave,709,LSF19,421411,4307.77105114011,16.3082114075251,15.4200112309773,-4.38782384362169,-4.86183786583731
24,Lapa sem fim cave,709,LSF19,421412,4322.46011848043,16.1024529368733,15.1742460087735,-5.43961189737311,-5.0030041766733
24,Lapa sem fim cave,709,LSF19,421413,4337.10858833621,15.8750332250684,14.8063982411668,-4.29679011208258,-5.03435199641482
24,Lapa sem fim cave,709,LSF19,421414,4351.7663241463,15.6484710328241,14.589412350686,-5.36556532148006,-5.84797960170593
24,Lapa sem fim cave,709,LSF19,421415,4366.48853105386,15.3716417337173,14.4755215026498,-4.66724077559458,-5.44763760700701
24,Lapa sem fim cave,709,LSF19,421416,4381.15785355439,15.1384228213838,14.3411814820083,-4.07312589607622,-4.94789268712773
24,Lapa sem fim cave,709,LSF19,421417,4395.80353859841,14.8810279352874,14.1108710809285,-4.57189381024557,-5.36194957274799
24,Lapa sem fim cave,709,LSF19,421418,4410.45071364073,14.6003226888042,13.943695767889,-5.05859910910394,-5.56496274886181
24,Lapa sem fim cave,709,LSF19,421419,4425.14806189531,14.3852688462193,13.809894412736,-4.60046824705064,-5.25664691406611
24,Lapa sem fim cave,709,LSF19,421420,4439.81158791245,14.1710117137818,13.6921399627308,-5.13007531765446,-6.22500240093604
24,Lapa sem fim cave,709,LSF19,421421,4454.45311226701,13.8477647782456,13.5027642084169,-5.08262318433195,-5.70921343261064
24,Lapa sem fim cave,709,LSF19,421422,4469.07582659529,13.6275475582497,13.2714325812676,-5.53114900104123,-5.92696830003039
24,Lapa sem fim cave,709,LSF19,421423,4483.75827258807,13.5611368281416,13.1037057653048,-5.66458806774187,-5.89123189824256
24,Lapa sem fim cave,709,LSF19,421424,4498.39518836854,13.2662364655043,12.8447718241059,-4.77727902208277,-6.20243025004496
24,Lapa sem fim cave,709,LSF19,421425,4513.03463096666,13.1113090576482,12.6617571976094,-4.642189446397,-4.93375961534676
24,Lapa sem fim cave,709,LSF19,421426,4527.75365207857,13.0442363257234,12.5366037214362,-4.75159297600167,-4.96606877250457
24,Lapa sem fim cave,709,LSF19,421427,4542.44120596465,12.9395157102899,12.4256053541703,-4.6192427867565,-4.69030041320188
24,Lapa sem fim cave,709,LSF19,421428,4557.13328948092,12.7033539027116,12.4303658567933,-4.6020155992242,-5.82095068634291
24,Lapa sem fim cave,709,LSF19,421429,4571.77741834509,12.602650405358,12.2469187450333,-4.97523694348689,-5.93462853223324
24,Lapa sem fim cave,709,LSF19,421430,4586.36719226445,12.6053614513439,12.0924512099045,-4.31616807436188,-4.26296159271208
24,Lapa sem fim cave,709,LSF19,421431,4600.99255928451,12.4948065297967,12.0363327064524,-5.22663009328461,-5.07933807267741
24,Lapa sem fim cave,709,LSF19,421432,4615.61213139819,12.5019755448993,12.0089013714232,-5.54084574132887,-5.49186711090837
24,Lapa sem fim cave,709,LSF19,421433,4630.21215570089,12.5087726042193,11.7148444891418,-5.84175416068052,-6.37514295211195
24,Lapa sem fim cave,709,LSF19,421434,4644.90175016083,12.4380160036835,11.6230770558968,-5.88043796501952,-6.78440362460301
24,Lapa sem fim cave,709,LSF19,421435,4659.46852121657,12.3696613749989,11.6691622693652,-5.28068426254764,-6.13430525165426
24,Lapa sem fim cave,709,LSF19,421436,4674.0482795652,12.3122055256754,11.4686168601156,-5.33143741384041,-6.10774978001771
24,Lapa sem fim cave,709,LSF19,421437,4688.69214873206,12.1896272971871,11.5272622164257,-5.1644265359075,-5.95311522594946
24,Lapa sem fim cave,709,LSF19,421438,4703.30965333538,12.1442397990213,11.2769877297051,-5.39446622571009,-6.20968193653033
24,Lapa sem fim cave,709,LSF19,421439,4717.93822897955,12.1942402425593,11.5894414176109,-5.639566810002,-5.3123112680735
24,Lapa sem fim cave,709,LSF19,421440,4732.53934222024,12.3425716402417,11.5706131009574,-5.58602842479683,-4.91837105998814
24,Lapa sem fim cave,709,LSF19,421441,4747.14324203822,12.4116325765899,11.4498773657688,-5.40932080657627,-5.82105282277228
24,Lapa sem fim cave,709,LSF19,421442,4761.78348816005,12.4277173863393,11.4302909317721,-5.49174309902123,-5.62413378694429
24,Lapa sem fim cave,709,LSF19,421443,4776.50314976425,12.6228473516239,11.5449874735586,-5.19568304981341,-5.98253051760841
24,Lapa sem fim cave,709,LSF19,421444,4791.17854841346,12.5938650399867,11.6621900221953,-5.45770135120291,-5.09220726277821
24,Lapa sem fim cave,709,LSF19,421445,4805.85132021996,12.5853041093724,11.7981517471198,-5.73839103548671,-5.16206858046822
24,Lapa sem fim cave,709,LSF19,421446,4820.52560343806,12.6287761783897,11.8533673599413,-5.387038935277,-4.10475226361583
24,Lapa sem fim cave,709,LSF19,421447,4835.13523490111,12.8353872246007,11.8716185900121,-5.15163509127273,-4.50635270390405
24,Lapa sem fim cave,709,LSF19,421448,4849.73867650759,13.0021681818198,12.078755908874,-5.2597434297988,-4.64484970213162
24,Lapa sem fim cave,710,LSF17,421874,4864.29037545042,52.8615806912803,50.9287519181726,-4.3216,-4.2696
24,Lapa sem fim cave,709,LSF19,421449,4864.38320104016,13.0193909513837,12.2373925315787,-4.37352326159517,-4.61431090974958
24,Lapa sem fim cave,710,LSF17,421875,4872.04487642287,51.6974189845114,50.1542115502834,-4.02622,-3.9484
24,Lapa sem fim cave,709,LSF19,421450,4879.10742625505,12.938684399559,12.3019311528224,-4.00432503298374,-4.46703017859607
24,Lapa sem fim cave,710,LSF17,421876,4879.60990931088,50.6256836663133,48.9222151941676,-4.5225,-3.87278
24,Lapa sem fim cave,710,LSF17,421877,4887.11531394998,49.658350781835,47.7595119083817,-4.54433,-4.9183
24,Lapa sem fim cave,709,LSF19,421451,4893.82564991066,13.0675678182424,12.4413098140512,-5.11635546171556,-5.33243214465966
24,Lapa sem fim cave,710,LSF17,421878,4894.63235313024,49.2567509114388,47.1368047104888,-4.0575,-4.2233
24,Lapa sem fim cave,710,LSF17,421879,4902.40782447258,48.446137334271,46.2255433776509,-4.12586,-4.22211
24,Lapa sem fim cave,709,LSF19,421452,4908.47960572035,13.0807802970148,12.7845601313647,-4.4490340476649,-4.91755396855317
24,Lapa sem fim cave,710,LSF17,421880,4909.83184556477,47.5258211582459,45.1716290807371,-4.0877,-4.99611
24,Lapa sem fim cave,710,LSF17,421881,4917.52296969157,46.9902260708814,44.8654021036346,-4.26211,-4.4252
24,Lapa sem fim cave,709,LSF19,421453,4923.10639867152,13.3885255229761,12.7936414972828,-4.7135281125321,-4.59694771675645
24,Lapa sem fim cave,710,LSF17,421882,4925.00207393991,45.9309802742791,43.5828355571666,-4.67887,-4.8783
24,Lapa sem fim cave,710,LSF17,421883,4932.54156310249,44.8831584541913,42.5649622909423,-4.74233,-5.0388
24,Lapa sem fim cave,709,LSF19,421454,4937.7513435935,13.6391794381871,12.922095171778,-4.74261833339503,-5.28218102140895
24,Lapa sem fim cave,710,LSF17,421884,4940.23550655338,44.0608049139764,42.1171511693447,-4.4693,-4.7218
24,Lapa sem fim cave,710,LSF17,421885,4948.29490141789,43.0341895742449,41.8643466506355,-4.3062,-4.572
24,Lapa sem fim cave,709,LSF19,421455,4952.39048860886,13.7317180766122,13.0589900007917,-4.90859764321223,-5.10139954142163
24,Lapa sem fim cave,710,LSF17,421886,4955.77837674306,42.9732870193047,41.3815007249368,-4.4003,-4.6067
24,Lapa sem fim cave,710,LSF17,421887,4963.3439947889,43.2435040469391,40.7555988181821,-4.6642,-4.5776
24,Lapa sem fim cave,709,LSF19,421456,4967.02058956953,13.8432176337219,13.1260411104613,-5.23075636574744,-5.4499911748661
24,Lapa sem fim cave,710,LSF17,421888,4970.9124872286,42.7655919287208,40.6917953871989,-4.5887,-4.8985
24,Lapa sem fim cave,710,LSF17,421889,4978.35200715018,42.463479815091,40.2015354475579,-4.0036,-4.678
24,Lapa sem fim cave,709,LSF19,421457,4981.66649342793,14.1310679342014,13.3015400567283,-4.85402768989135,-5.382581131481
24,Lapa sem fim cave,710,LSF17,421890,4985.88505968698,41.9452024543471,39.3762933326107,-3.8758,-4.037
24,Lapa sem fim cave,710,LSF17,421891,4993.33407238433,42.5689405155908,39.2137375398161,-4.08275,-4.3648
24,Lapa sem fim cave,709,LSF19,421458,4996.36223302855,14.2568535706414,13.5027560074977,-4.67989899196006,-5.7193249391184
24,Lapa sem fim cave,710,LSF17,421892,5000.95651931517,42.5840671094884,39.3997219301855,-4.15778,-4.4492
24,Lapa sem fim cave,710,LSF17,421893,5008.58565827579,42.6989478895703,38.9456723275753,-4.2259,-4.4747
24,Lapa sem fim cave,709,LSF19,421459,5010.95766473804,14.438447806212,13.5354995707803,-4.88414947886999,-4.49828392598371
24,Lapa sem fim cave,710,LSF17,421894,5016.15074386817,42.6353544001304,39.5413261217273,-4.6502,-5.0389
24,Lapa sem fim cave,710,LSF17,421895,5023.81863528134,42.6024035254432,39.7515323493544,-4.59333,-4.2815
24,Lapa sem fim cave,709,LSF19,421460,5025.59265859452,14.5116699222863,13.6251991974405,-5.43480053903422,-4.8928369526453
24,Lapa sem fim cave,710,LSF17,421896,5031.41409339147,42.3129559257241,39.7040605093671,-4.3615,-4.188
24,Lapa sem fim cave,710,LSF17,421897,5038.93704891148,42.6077833575646,39.9643601553216,-4.1348,-5.0546
24,Lapa sem fim cave,709,LSF19,421461,5040.2823537663,14.6622928614188,13.753046369704,-5.67639379173273,-5.71891639340092
24,Lapa sem fim cave,710,LSF17,421898,5046.58108367494,42.664937169473,40.0874097697342,-4.5145,-4.6962
24,Lapa sem fim cave,710,LSF17,421899,5054.37866357544,42.8072030334206,40.6427283202283,-4.21367,-4.3934
24,Lapa sem fim cave,709,LSF19,421462,5054.9468640361,14.6988058132683,14.067484499923,-5.10139772403782,-5.04716509742543
24,Lapa sem fim cave,710,LSF17,421900,5061.92692653554,43.0777721967206,41.0712185740613,-4.35271,-4.6055
24,Lapa sem fim cave,709,LSF19,421463,5069.61904819562,14.8310773165795,14.1762742678002,-4.68154950094519,-4.21597883520125
24,Lapa sem fim cave,710,LSF17,421901,5077.18316448852,43.1568281303662,42.0872527004803,-4.8558,-5.1969
24,Lapa sem fim cave,709,LSF19,421464,5084.32799570043,15.0129074869246,14.4449085810747,-5.35536979412481,-4.69775637254599
24,Lapa sem fim cave,710,LSF17,421902,5084.8152199463,43.6756214259958,42.3357043574269,-5.15322,-5.2988
24,Lapa sem fim cave,710,LSF17,421903,5092.33299522377,44.2376915880423,42.4971790843301,-4.97667,-5.3915
24,Lapa sem fim cave,709,LSF19,421465,5099.0052040502,15.1233707054944,14.5456264800487,-5.37953141176825,-5.19205129673479
24,Lapa sem fim cave,710,LSF17,421904,5099.67059393493,45.0623854881651,43.2784978722493,-4.7968,-5.0896
24,Lapa sem fim cave,710,LSF17,421905,5107.32825906345,45.6981097701719,43.7724497198915,-4.73967,-5.346
24,Lapa sem fim cave,709,LSF19,421466,5113.65114036363,15.3326771008278,14.7220973837639,-5.24096889009293,-5.02418440081687
24,Lapa sem fim cave,710,LSF17,421906,5114.85873663174,46.6250162602373,44.6026970224284,-4.7359,-5.2306
24,Lapa sem fim cave,710,LSF17,421907,5122.64450093153,47.3355418911833,45.6994597326175,-4.8291,-5.0151
24,Lapa sem fim cave,709,LSF19,421467,5128.24164107788,15.7705177759926,15.0242590333801,-5.48421265177658,-5.33028727964286
24,Lapa sem fim cave,710,LSF17,421908,5130.1535419404,48.0123748109709,46.4034941055133,-4.5938,-4.8892
24,Lapa sem fim cave,710,LSF17,421909,5137.70179484185,48.7272396066492,46.6533201912307,-4.44675,-4.82738
24,Lapa sem fim cave,709,LSF19,421468,5142.8135098262,15.984805586163,15.102948776138,-5.91221026298329,-5.82309555135971
24,Lapa sem fim cave,710,LSF17,421910,5145.49059489462,49.4885863152467,47.3435314350581,-4.72067,-5.2724
24,Lapa sem fim cave,710,LSF17,421911,5153.09496499068,50.5161036277323,47.8986307582318,-5.01725,-5.2848
24,Lapa sem fim cave,709,LSF19,421469,5155.96898061222,15.6341832224116,14.7362344175199,-5.39756093005721,-5.91665252066388
24,Lapa sem fim cave,710,LSF17,421912,5160.70313035574,51.2395206149113,49.3487885652539,-4.7583,-4.9085
24,Lapa sem fim cave,710,LSF17,421913,5168.09812566776,51.9256113131178,49.7919545024206,-4.8183,-4.9882
24,Lapa sem fim cave,709,LSF19,421470,5168.85997514184,16.5589103607781,15.3310106836316,-5.30554505413617,-6.02277227078073
24,Lapa sem fim cave,710,LSF17,421914,5175.62309213782,52.9392660400372,50.9271429744576,-4.61522,-4.78078
24,Lapa sem fim cave,709,LSF19,421471,5181.6637524109,17.6339817198877,16.3863889824261,-4.43220802551093,-4.98993465150101
24,Lapa sem fim cave,710,LSF17,421915,5183.27790958346,53.7895738446059,51.8154420465698,-4.88089,-4.94267
24,Lapa sem fim cave,710,LSF17,421916,5190.93094619713,55.2130422133032,53.4793332780309,-4.25237,-4.5016
24,Lapa sem fim cave,709,LSF19,421472,5194.53019154589,19.3504932945689,17.9722464489369,-4.81204286758209,-5.26798405772633
24,Lapa sem fim cave,710,LSF17,421917,5198.5053201761,56.2743969957564,54.900377586885,-4.5408,-4.7968
24,Lapa sem fim cave,710,LSF17,421918,5206.20523007827,57.2796835627432,55.793849104366,-3.97,-2.8091
24,Lapa sem fim cave,709,LSF19,421473,5207.39320336287,21.5177239062887,20.7852630618418,-4.93913205943715,-5.53660286697302
24,Lapa sem fim cave,710,LSF17,421919,5213.80671166936,58.3764772532732,56.5459329958403,-4.7815,-4.6352
24,Lapa sem fim cave,709,LSF19,421474,5220.41348849274,23.5903939430127,23.0756638266103,-4.30244821842298,-5.28187461212084
24,Lapa sem fim cave,710,LSF17,421920,5221.49813871243,59.9790840360729,57.3828234301618,-4.9092,-4.5507
24,Lapa sem fim cave,710,LSF17,421921,5229.20491983321,61.506418373282,58.2281426347845,-4.5531,-4.90189
24,Lapa sem fim cave,709,LSF19,421475,5233.17039274618,26.3612342754095,25.818161319512,-5.56756335552568,-5.51607344466938
24,Lapa sem fim cave,710,LSF17,421922,5237.00690602183,62.9187751216004,59.5941828613759,-5.1475,-4.4892
24,Lapa sem fim cave,710,LSF17,421923,5244.3282809556,64.1617791152748,60.3610152091323,-4.6759,-4.62922
24,Lapa sem fim cave,709,LSF19,421476,5245.75462528366,29.3476306370603,28.3391983783285,-5.14307307591237,-5.1478716167856
24,Lapa sem fim cave,710,LSF17,421924,5251.86460793434,65.1579427303404,61.0859602223691,-4.99214,-4.718
24,Lapa sem fim cave,710,LSF17,421925,5259.51549932416,66.2852036876857,62.2396874424721,-4.965,-4.565
24,Lapa sem fim cave,709,LSF19,421477,5261.02709741109,32.9591314594418,32.0945579466852,-5.96664592699702,-4.59482053430252
24,Lapa sem fim cave,710,LSF17,421926,5267.07123229726,67.1901381150501,63.1476246030916,-4.8055,-4.25675
24,Lapa sem fim cave,710,LSF17,421927,5274.7304821099,68.0833412987113,64.5437086125421,-4.75356,-4.1904
24,Lapa sem fim cave,709,LSF19,421478,5276.27728418762,36.4294170386447,35.4246716920625,-6.06606528536243,-5.54618054573634
24,Lapa sem fim cave,710,LSF17,421928,5282.23680057261,69.1245303989344,65.8941237621802,-5.1419,-4.8496
24,Lapa sem fim cave,710,LSF17,421929,5288.19959174327,68.4942288950906,65.1037648834827,-4.77933,-4.76356
24,Lapa sem fim cave,709,LSF19,421479,5291.66524070839,40.077514137698,39.4000606666732,-5.3903838848615,-4.98636457511399
24,Lapa sem fim cave,710,LSF17,421930,5294.35120381445,67.4231121971852,64.3497041779465,-4.96071,-4.3969
24,Lapa sem fim cave,710,LSF17,421931,5300.62420720544,66.0820948383143,63.7637797360585,-4.85762,-4.2263
24,Lapa sem fim cave,710,LSF17,421932,5306.76379431627,64.925547860993,63.100460848872,-4.93922,-4.72822
24,Lapa sem fim cave,709,LSF19,421480,5306.92989813317,44.3151697669773,43.5493520007531,-6.12279856653261,-5.05393914717048
24,Lapa sem fim cave,710,LSF17,421933,5312.74783284409,63.5480874902914,62.3131871668174,-5.07443,-4.32856
24,Lapa sem fim cave,710,LSF17,421934,5318.79983327341,62.6344427183594,61.4636892414028,-4.7983,-4.2209
24,Lapa sem fim cave,709,LSF19,421481,5322.14530106193,47.9805275715362,47.4217897942581,-4.96025632128718,-5.10577017293848
24,Lapa sem fim cave,710,LSF17,421935,5324.86923984306,61.8854985560156,60.740614422466,-5.4261,-4.48778
24,Lapa sem fim cave,710,LSF17,421936,5330.86607447474,61.0958122559523,59.7730068729061,-4.6283,-4.3792
24,Lapa sem fim cave,710,LSF17,421937,5336.72203289052,60.4659216813579,58.7862530073326,-4.9666,-4.7293
24,Lapa sem fim cave,709,LSF19,421482,5337.31840187637,51.8185363186112,51.3370621286413,-5.27615507114265,-5.06375330589579
24,Lapa sem fim cave,710,LSF17,421938,5342.78415783437,59.4096045640163,58.2635676129066,-5.57662,-5.02344
24,Lapa sem fim cave,710,LSF17,421939,5348.78348746705,58.6258334955492,57.7213375150368,-5.21556,-5.0198
24,Lapa sem fim cave,709,LSF19,421483,5352.38707462665,55.8978779470526,55.1834207266656,-5.32962156069075,-5.38751831301065
24,Lapa sem fim cave,710,LSF17,421940,5354.65256358697,58.0172675044359,57.0097784094432,-5.04589,-4.3843
24,Lapa sem fim cave,710,LSF17,421941,5360.80847998219,57.3108467461234,56.3938523915758,-5.89633,-5.047
24,Lapa sem fim cave,710,LSF17,421942,5366.8459012399,56.4366348710364,55.6043353887444,-5.49378,-4.9602
24,Lapa sem fim cave,709,LSF19,421484,5367.5290156616,59.7273134273883,58.7262417636093,-5.55198117710056,-5.79102335976858
24,Lapa sem fim cave,710,LSF17,421943,5372.7617557213,56.0115149752901,54.836108614908,-5.35317,-4.4274
24,Lapa sem fim cave,710,LSF17,421944,5378.89600230101,55.2470683387974,54.5273057030327,-5.44833,-4.76138
24,Lapa sem fim cave,709,LSF19,421485,5382.73281619385,63.2923154450218,62.798048319175,-5.34813337988255,-5.41082693998324
24,Lapa sem fim cave,710,LSF17,421945,5384.9118547697,54.6546305734146,53.9886193219845,-5.29362,-4.5173
24,Lapa sem fim cave,710,LSF17,421946,5396.7290152849,53.2324275150622,52.0238699718311,-5.65525,-5.0659
24,Lapa sem fim cave,709,LSF19,421486,5397.88427627362,67.6804728315601,67.0176002143371,-5.51114628182452,-5.49649636718951
24,Lapa sem fim cave,710,LSF17,421947,5402.60130580546,52.915923043658,51.3290114065239,-5.0789,-4.5943
24,Lapa sem fim cave,710,LSF17,421948,5408.71947081004,51.8134383402958,50.5689743010262,-4.68622,-4.2379
24,Lapa sem fim cave,709,LSF19,421487,5413.26037053973,71.277423216975,71.1391296188876,-5.20123664994287,-5.07060277083948
24,Lapa sem fim cave,710,LSF17,421949,5414.77474786618,51.1038675370128,49.8523662848493,-5.3395,-4.35214
24,Lapa sem fim cave,710,LSF17,421950,5420.94090832246,50.1408008091621,49.5361159663271,-5.58178,-4.6237
24,Lapa sem fim cave,710,LSF17,421951,5426.86824880152,49.5794746592046,48.9651222936009,-4.85912,-4.4659
24,Lapa sem fim cave,709,LSF19,421488,5428.56775551298,74.8722780547978,75.1964651068356,-5.38526591132024,-4.93821385886798
24,Lapa sem fim cave,710,LSF17,421952,5432.74571462699,49.1576459036633,47.9299356715246,-5.4497,-4.6771
24,Lapa sem fim cave,710,LSF17,421953,5438.90358511332,48.127047980578,48.0576712061466,-4.879,-3.8759
24,Lapa sem fim cave,709,LSF19,421489,5443.79112721599,78.7430929331058,78.7631822032872,-5.83738987181659,-5.66078129501824
24,Lapa sem fim cave,710,LSF17,421954,5444.92668146002,47.6497547683148,47.3654410527688,-5.3122,-4.73678
24,Lapa sem fim cave,710,LSF17,421955,5450.91687857654,47.5733640401404,46.648320873438,-5.13311,-4.8871
24,Lapa sem fim cave,710,LSF17,421956,5456.83917790298,46.3706205049202,46.3097266021578,-4.80714,-4.539
24,Lapa sem fim cave,709,LSF19,421490,5459.2646904619,82.286267702073,83.0704957421831,-5.57060188934644,-5.79705497815184
24,Lapa sem fim cave,710,LSF17,421957,5462.86661989457,45.5655909441784,45.9699622143253,-4.4933,-4.75144
24,Lapa sem fim cave,710,LSF17,421958,5468.87740405806,45.1194696355551,45.7987433782946,-4.8657,-4.62722
24,Lapa sem fim cave,709,LSF19,421491,5474.5118489653,86.7821304800445,86.8926851400702,-6.18976779478532,-6.28633168293609
24,Lapa sem fim cave,710,LSF17,421959,5474.9304214387,44.2505687224957,45.370090935905,-4.56,-4.507
24,Lapa sem fim cave,710,LSF17,421960,5480.90854458132,44.0172365826893,44.559486485382,-4.51389,-4.6112
24,Lapa sem fim cave,710,LSF17,421961,5486.77013034515,43.4866550966799,44.0072470575833,-4.547,-4.86644
24,Lapa sem fim cave,709,LSF19,421492,5489.89537572445,89.9975787391541,90.9344758417028,-6.04951354114387,-6.4757653924984
24,Lapa sem fim cave,710,LSF17,421962,5493.0986512777,42.9817559313315,43.473618565391,-4.5809,-4.7136
24,Lapa sem fim cave,710,LSF17,421963,5499.06294346899,42.6732394364035,42.6355733199025,-4.182,-3.7289
24,Lapa sem fim cave,710,LSF17,421964,5505.04771063795,42.0679869494224,41.941595918951,-4.35375,-3.58062
24,Lapa sem fim cave,709,LSF19,421493,5505.25460461141,94.3220049193269,94.9601650072545,-5.93724480239827,-5.9354755085066
24,Lapa sem fim cave,710,LSF17,421965,5510.96459474964,41.3275663983195,41.5071509785957,-4.63011,-4.35867
24,Lapa sem fim cave,710,LSF17,421966,5517.10053536585,40.1823619706265,41.0915468117946,-4.61467,-4.2494
24,Lapa sem fim cave,709,LSF19,421494,5520.69287403841,97.8377415790374,98.9884682122065,-5.96806153669993,-5.35388437321248
24,Lapa sem fim cave,710,LSF17,421967,5523.10967211758,39.8448661121483,40.3570695080407,-4.4098,-4.6681
24,Lapa sem fim cave,710,LSF17,421968,5529.14794533804,39.3589856199014,39.8356797453353,-4.85833,-4.6956
24,Lapa sem fim cave,710,LSF17,421969,5535.23253979608,38.488616025259,39.5639682171613,-4.5316,-4.5352
24,Lapa sem fim cave,709,LSF19,421495,5535.94654388483,101.268984313731,102.765084726343,-5.07677188914149,-4.64654932925045
24,Lapa sem fim cave,710,LSF17,421970,5541.36184970614,38.0530016443754,39.9264677921728,-4.6519,-4.937
24,Lapa sem fim cave,710,LSF17,421971,5547.36110986703,38.0019739676873,39.723081509489,-4.9469,-4.7607
24,Lapa sem fim cave,709,LSF19,421496,5551.32223239627,105.371645663594,106.765806794505,-6.34243585659069,-5.96767821682399
24,Lapa sem fim cave,710,LSF17,421972,5553.35030605853,37.6958990375151,39.5884796977989,-4.60014,-4.0943
24,Lapa sem fim cave,710,LSF17,421973,5559.49162646689,37.3300517227226,39.3590050252442,-4.721,-4.4661
24,Lapa sem fim cave,710,LSF17,421974,5565.44417467005,37.151464663817,39.4261766430982,-5.16575,-4.7568
24,Lapa sem fim cave,709,LSF19,421497,5566.55027934911,109.185292165088,111.075277976251,-6.58363397135452,-6.03463940396015
24,Lapa sem fim cave,710,LSF17,421975,5571.47886146669,36.6966340477175,38.839191015396,-5.27117,-4.59978
24,Lapa sem fim cave,710,LSF17,421976,5577.35552086925,36.3493700772187,38.6319869610752,-5.43867,-4.5418
24,Lapa sem fim cave,709,LSF19,421498,5582.05031372418,112.698016562527,115.513677630738,-5.86221748814442,-5.12764756843029
24,Lapa sem fim cave,710,LSF17,421977,5583.36353825222,36.2351415209641,38.1948226043023,-6.14612,-5.203
24,Lapa sem fim cave,710,LSF17,421978,5589.49936470877,36.2587964093836,38.0195510401436,-5.40178,-4.82614
24,Lapa sem fim cave,710,LSF17,421979,5595.63022042562,35.8631362042843,38.4849167086495,-5.218,-4.5177
24,Lapa sem fim cave,709,LSF19,421499,5597.26884410956,116.545340587078,119.405779048021,-5.54098297863955,-5.84479677111762
24,Lapa sem fim cave,710,LSF17,421980,5601.4990789354,36.2186639691281,37.9350463243982,-5.20033,-4.2928
24,Lapa sem fim cave,710,LSF17,421981,5607.50055868051,36.2265971880861,37.5005960685039,-5.23888,-4.80778
24,Lapa sem fim cave,709,LSF19,421500,5607.77927644001,116.08764277069,119.064140634758,-5.80896878470446,-5.66333706551961
24,Lapa sem fim cave,710,LSF17,421982,5613.49046756737,36.2557016248848,37.4108695481664,-4.87667,-4.31167
24,Lapa sem fim cave,709,LSF19,421501,5614.51567044882,113.790624274436,115.236034441669,-6.75437828013542,-6.23235380994694
24,Lapa sem fim cave,710,LSF17,421983,5619.46795524472,36.2097076993341,37.3671050973962,-3.96956,-3.7577
24,Lapa sem fim cave,709,LSF19,421502,5621.24664260948,111.299403056954,112.299019586656,-6.00987646946259,-6.1335988377736
24,Lapa sem fim cave,710,LSF17,421984,5625.36973689126,36.2087390881416,37.5490605595887,-4.64971,-3.54856
24,Lapa sem fim cave,709,LSF19,421503,5628.23867651882,108.677177790063,109.819248173683,-7.52272766964945,-5.44466534142151
24,Lapa sem fim cave,710,LSF17,421985,5631.47786574835,36.3356789556219,37.3525251475003,-4.567,-3.5775
24,Lapa sem fim cave,709,LSF19,421504,5635.23855649863,105.715356325916,108.559852908676,-5.27049263233104,-5.23192300488661
24,Lapa sem fim cave,710,LSF17,421986,5637.58750524742,36.4490316393531,37.0323306861956,-4.9835,-3.6174
24,Lapa sem fim cave,709,LSF19,421505,5641.37551220189,103.161390399926,104.80516072893,-4.75684409628545,-5.2022760670706
24,Lapa sem fim cave,710,LSF17,421987,5643.61802558177,36.5515801519332,36.9815017458468,-4.74556,-3.6311
24,Lapa sem fim cave,709,LSF19,421506,5647.96093264168,100.280455123951,102.069930734785,-5.64541141749215,-5.96655367780338
24,Lapa sem fim cave,710,LSF17,421988,5649.54084703752,36.5872290242323,37.0922323469567,-4.91178,-4.00856
24,Lapa sem fim cave,709,LSF19,421507,5654.89402819117,96.158826224706,100.867835214608,-4.7302741910925,-4.73988606796087
24,Lapa sem fim cave,710,LSF17,421989,5655.61345063363,36.4526962460013,37.0683605617214,-5.1089,-4.1756
24,Lapa sem fim cave,710,LSF17,421990,5661.64684224034,36.3874697103493,37.4247187753845,-4.90478,-3.644
24,Lapa sem fim cave,709,LSF19,421508,5661.75015876055,92.391916577908,97.0112790686717,-5.1216358274181,-5.24091931705147
24,Lapa sem fim cave,710,LSF17,421991,5667.63602483646,36.6890709936652,37.6257128531606,-5.02167,-3.786
24,Lapa sem fim cave,709,LSF19,421509,5668.15240829195,90.3623562496296,94.4864660218882,-7.2769560466147,-5.13163457041245
24,Lapa sem fim cave,710,LSF17,421992,5673.69709588021,37.0440774583303,37.8840344545652,-5.13,-4.0416
24,Lapa sem fim cave,709,LSF19,421510,5674.35515988829,88.9208027885352,92.1764012835401,-5.50276151666117,-5.58145017865539
24,Lapa sem fim cave,710,LSF17,421993,5679.54529505632,37.9031638578908,38.2838804377443,-5.33867,-3.83
24,Lapa sem fim cave,710,LSF17,421994,5685.42868803746,37.9718708116452,38.8724283178899,-5.15911,-4.759
24,Lapa sem fim cave,709,LSF19,421511,5689.56339236809,84.2626376525996,85.837656162661,-5.92864225112679,-5.65158052121327
24,Lapa sem fim cave,710,LSF17,421995,5691.61419071993,37.986354434508,39.3674965767623,-4.9968,-4.939
24,Lapa sem fim cave,710,LSF17,421996,5697.39207113828,38.5673107558878,39.5599328715844,-4.94922,-5.1814
24,Lapa sem fim cave,710,LSF17,421997,5703.35862668849,39.2115979398059,39.9899149204684,-5.58478,-4.94756
24,Lapa sem fim cave,709,LSF19,421512,5704.40057272783,80.0412333745699,81.2843261555463,-5.79731722791903,-5.18193213387961
24,Lapa sem fim cave,710,LSF17,421998,5709.61367698409,39.7451237104933,40.5734907689775,-5.2293,-5.1828
24,Lapa sem fim cave,710,LSF17,421999,5715.69968160255,39.890496040086,41.0264799275792,-5.0833,-5.33656
24,Lapa sem fim cave,709,LSF19,421513,5720.01338830856,76.1650382561866,78.9640506187734,-6.61564852925094,-5.12212710414731
24,Lapa sem fim cave,710,LSF17,422000,5721.68186210508,40.3774044497823,41.4359422319267,-5.51825,-5.3835
24,Lapa sem fim cave,710,LSF17,422001,5727.79239687259,40.6768570632612,42.2067587312331,-5.49033,-4.9068
24,Lapa sem fim cave,710,LSF17,422002,5733.68565125854,41.3162889857404,42.7642654987976,-5.48967,-5.339
24,Lapa sem fim cave,709,LSF19,421514,5735.01620008596,72.5916982421204,76.0592224558713,-5.19764317915858,-5.19327975490574
24,Lapa sem fim cave,710,LSF17,422003,5739.55555296996,41.8234943576381,43.0522062366153,-5.57817,-5.6747
24,Lapa sem fim cave,709,LSF19,421515,5750.29945031538,70.5257872873653,72.7224023181252,-7.13757293740581,-7.05469852647108
24,Lapa sem fim cave,710,LSF17,422004,5751.49560148025,43.0807071079098,43.9685842054478,-5.23122,-5.4102
24,Lapa sem fim cave,710,LSF17,422005,5759.31120765827,42.1255383987418,42.7999992584255,-5.16688,-5.6285
24,Lapa sem fim cave,709,LSF19,421516,5765.75831510701,70.3782378326387,72.6141017474447,-6.13608351912909,-6.78153777528355
24,Lapa sem fim cave,710,LSF17,422006,5767.15690109791,41.2495415028297,41.8222658093773,-5.331,-5.5537
24,Lapa sem fim cave,710,LSF17,422007,5774.86564800328,40.740425307592,41.1352549196417,-5.8257,-5.8187
24,Lapa sem fim cave,709,LSF19,421517,5781.18691883671,70.8935945763915,73.5296708867481,-5.84991257303457,-5.87403478565341
24,Lapa sem fim cave,710,LSF17,422008,5782.73440674955,39.594170956484,39.8741775555145,-5.52211,-5.6431
24,Lapa sem fim cave,710,LSF17,422009,5790.66569495299,38.737792423738,38.5889663612452,-5.45589,-5.751
24,Lapa sem fim cave,709,LSF19,421518,5796.16328415349,72.3256642176011,74.0601442397492,-5.8273717108422,-6.20608048919275
24,Lapa sem fim cave,710,LSF17,422010,5798.38553477126,38.1695472882111,37.5839533388653,-5.547,-4.7718
24,Lapa sem fim cave,710,LSF17,422011,5805.93372745343,37.6697769036446,36.89840377566,-4.6222,-4.5305
24,Lapa sem fim cave,709,LSF19,421519,5811.24388178963,75.4687801531145,77.5010060935156,-5.83989441206018,-7.11419686374321
24,Lapa sem fim cave,710,LSF17,422012,5813.57249053154,37.4681774867531,36.318074497115,-4.4268,-4.47
24,Lapa sem fim cave,710,LSF17,422013,5821.51012330223,36.6615401417966,36.244523633527,-4.3148,-4.2205
24,Lapa sem fim cave,709,LSF19,421520,5825.46518677479,79.3505707761851,81.2434211784903,-6.35964095913366,-7.11859278900559
24,Lapa sem fim cave,710,LSF17,422014,5829.38251090299,36.292152752103,36.1670164394391,-4.6905,-4.036
24,Lapa sem fim cave,710,LSF17,422015,5837.32722217866,35.9863529700606,35.8386694021747,-4.8015,-4.5044
24,Lapa sem fim cave,709,LSF19,421521,5840.61518235335,83.1039958181873,84.8308902145891,-6.09339744193386,-7.28778479619697
24,Lapa sem fim cave,710,LSF17,422016,5845.1452097739,35.8844005174396,35.720760157129,-4.7041,-4.7333
24,Lapa sem fim cave,710,LSF17,422017,5853.18933858332,35.6187570933998,35.7909603145745,-5.0373,-4.5512
24,Lapa sem fim cave,709,LSF19,421522,5854.80056016514,89.5790695284277,88.1526282184841,-5.68254394892983,-6.69137019199485
24,Lapa sem fim cave,710,LSF17,422018,5860.84653781884,36.2534139804575,36.2441752244113,-4.5803,-4.6467
24,Lapa sem fim cave,710,LSF17,422019,5868.68029184633,36.6369474945359,36.5414560474128,-4.8492,-4.26
24,Lapa sem fim cave,710,LSF17,422020,5876.41937492106,36.9309159705954,36.586885345745,-4.7771,-4.0725
24,Lapa sem fim cave,710,LSF17,422021,5884.21633449738,37.5824652097308,37.0510363560388,-4.6248,-3.7111
24,Lapa sem fim cave,710,LSF17,422022,5892.05316347024,38.1143899560784,37.9171654543607,-5.0718,-3.6105
24,Lapa sem fim cave,710,LSF17,422023,5900.18225034517,38.740943040857,38.4262205502218,-5.0221,-3.7212
24,Lapa sem fim cave,710,LSF17,422024,5907.82478270477,39.54177535487,39.0364573009174,-4.2419,-3.3512
24,Lapa sem fim cave,709,LSF19,421523,5909.73284239051,86.235928579601,83.0372296277601,-5.51539311093323,-6.213952262337
24,Lapa sem fim cave,710,LSF17,422025,5915.96912324744,40.4581692234078,40.3887535763752,-4.7313,-4.0896
24,Lapa sem fim cave,710,LSF17,422026,5923.98449646871,41.2191239613612,41.5401579658837,-4.1381,-4.0428
24,Lapa sem fim cave,710,LSF17,422027,5931.58189079996,42.282003444674,42.6448881639199,-4.3033,-3.7484
24,Lapa sem fim cave,710,LSF17,422028,5939.29922131746,43.6946639066664,43.4131844585163,-4.3479,-4.0051
24,Lapa sem fim cave,710,LSF17,422029,5946.93644590031,45.1047596584604,44.5852153280903,-4.3405,-4.7094
24,Lapa sem fim cave,710,LSF17,422030,5954.68053449092,47.1109619638473,46.1822011555469,-3.9887,-4.0967
24,Lapa sem fim cave,710,LSF17,422031,5962.39387096421,48.5206228628049,47.3721731574678,-4.8084,-4.7243
24,Lapa sem fim cave,710,LSF17,422032,5969.74539778364,50.692828882924,48.5780408728642,-4.595,-4.3521
24,Lapa sem fim cave,709,LSF19,421524,5974.33084681885,80.115925964391,78.4756269373074,-5.93735369545234,-6.82437248888668
24,Lapa sem fim cave,710,LSF17,422033,5977.61465498569,52.1821559391701,50.5322024097613,-4.9336,-4.5157
24,Lapa sem fim cave,710,LSF17,422034,5985.36860950715,53.8260013930876,51.9393823161554,-4.8719,-4.7042
24,Lapa sem fim cave,710,LSF17,422035,5993.34387930826,55.4867848518679,53.5971012954578,-4.8222,-4.885
24,Lapa sem fim cave,710,LSF17,422036,6001.18589857846,56.5270837373673,54.6500045839084,-4.6891,-5.0516
24,Lapa sem fim cave,710,LSF17,422037,6008.88184604529,57.8690015776783,55.6691645070614,-4.8609,-4.6433
24,Lapa sem fim cave,710,LSF17,422038,6016.47651551889,60.0505664061866,57.1807863397016,-4.7227,-4.5128
24,Lapa sem fim cave,710,LSF17,422039,6024.34180870605,61.3073803793359,59.0384111920503,-4.9131,-4.5733
24,Lapa sem fim cave,710,LSF17,422040,6032.24164810874,63.1792946889473,60.9981513702533,-5.2139,-4.4207
24,Lapa sem fim cave,709,LSF19,421525,6038.50483613793,75.5298314564297,73.2890569363608,-8.46415651899275,-6.58994585952007
24,Lapa sem fim cave,710,LSF17,422041,6040.25045962947,64.4545232220244,62.6333264872819,-5.309,-4.9322
24,Lapa sem fim cave,710,LSF17,422042,6052.4870553962,62.9813528935902,60.5468673717342,-4.8412,-4.5195
24,Lapa sem fim cave,710,LSF17,422043,6065.17361114404,62.130389818657,59.5482937771912,-5.0848,-4.4865
24,Lapa sem fim cave,710,LSF17,422044,6077.20799705983,61.0909417988105,58.6224514666555,-5.3494,-5.249
24,Lapa sem fim cave,710,LSF17,422045,6089.4550576646,60.4700308695519,57.1999800512403,-5.087,-4.9768
24,Lapa sem fim cave,710,LSF17,422046,6101.93223572483,59.3315240612665,56.9178442640032,-4.9767,-4.6409
24,Lapa sem fim cave,709,LSF19,421526,6103.03382834079,70.9110318827488,71.7877734306985,-5.83836990930321,-6.07900757986411
24,Lapa sem fim cave,710,LSF17,422047,6114.71414435346,58.511452324542,56.965771428173,-4.8937,-4.7282
24,Lapa sem fim cave,710,LSF17,422048,6127.40925244154,58.1017370898126,57.9737449456879,-4.3527,-5.0895
24,Lapa sem fim cave,710,LSF17,422049,6139.82845933848,57.8694182993277,58.5872978504322,-4.5468,-4.7855
24,Lapa sem fim cave,710,LSF17,422050,6152.30199674877,57.6152358387099,59.7989663930221,-4.3782,-4.3989
24,Lapa sem fim cave,710,LSF17,422051,6164.3643184474,57.7635455509071,59.2431104667412,-4.3645,-4.5732
24,Lapa sem fim cave,709,LSF19,421527,6166.8457094286,68.2002895633432,68.316041648628,-5.33277945925876,-5.67253783932459
24,Lapa sem fim cave,710,LSF17,422052,6177.02797256021,59.1319748040341,60.4008940866161,-4.6995,-4.7721
24,Lapa sem fim cave,710,LSF17,422053,6189.50241637636,60.2007683295542,61.334408525463,-5.2251,-4.4014
24,Lapa sem fim cave,710,LSF17,422054,6201.61293624173,62.079511242946,62.219500293284,-4.6488,-4.8205
24,Lapa sem fim cave,710,LSF17,422055,6213.93030956948,63.7997802216469,63.0048988475855,-4.6245,-4.6432
24,Lapa sem fim cave,710,LSF17,422056,6226.03903778485,65.0866811169144,64.418704546998,-5.1969,-4.0288
24,Lapa sem fim cave,709,LSF19,421528,6231.20410616209,66.0098029833562,66.2021422380731,-8.93275962833828,-5.16712002395161
24,Lapa sem fim cave,710,LSF17,422057,6238.17956900435,66.5949730843649,67.0154061914873,-4.8211,-4.1391
24,Lapa sem fim cave,710,LSF17,422058,6250.59594227817,68.3713124389242,67.5248480207556,-4.8987,-4.3863
24,Lapa sem fim cave,710,LSF17,422059,6263.14382962638,70.4627472119118,69.1316737050392,-5.0628,-4.4618
24,Lapa sem fim cave,710,LSF17,422060,6275.64143371444,72.8261481903974,71.3884373967912,-4.7694,-4.4524
24,Lapa sem fim cave,710,LSF17,422061,6287.80640808834,75.534254703176,73.4636460456186,-4.5896,-4.5558
24,Lapa sem fim cave,709,LSF19,421529,6295.54972377421,65.531613219393,65.6746436472322,-5.96599256867261,-6.38038403738689
24,Lapa sem fim cave,710,LSF17,422062,6300.05975711152,78.740262318207,75.2120341728032,-3.9983,-3.4773
24,Lapa sem fim cave,710,LSF17,422063,6312.68771426439,80.611057280551,76.8006458939326,-4.3379,-3.2111
24,Lapa sem fim cave,710,LSF17,422064,6324.79654788659,83.4148052888158,78.5045974057912,-4.343,-3.4163
24,Lapa sem fim cave,710,LSF17,422065,6337.18248728366,85.1938108749355,81.0458834225365,-4.7692,-3.8526
24,Lapa sem fim cave,710,LSF17,422066,6349.12798320381,87.6924856824144,83.1942604904834,-4.462,-4.0766
24,Lapa sem fim cave,709,LSF19,421530,6360.19570995743,66.1724797009556,65.752440519027,-5.77368743518596,-5.09779616897417
24,Lapa sem fim cave,710,LSF17,422067,6361.38711692572,90.1490316045602,86.0237380996823,-4.5496,-4.2497
24,Lapa sem fim cave,710,LSF17,422068,6373.72188345499,92.9316649388111,88.3251552989359,-4.972,-4.8105
24,Lapa sem fim cave,709,LSF19,421531,6375.00420618012,66.9464932899464,66.5167975046488,-5.29749810974026,-5.00957097126652
24,Lapa sem fim cave,710,LSF17,422069,6385.81665425046,95.482502187162,90.244949759267,-5.2695,-4.7052
24,Lapa sem fim cave,709,LSF19,421532,6389.43184891403,66.9949105189098,67.1603488445244,-5.33669960920526,-5.59044649082025
24,Lapa sem fim cave,710,LSF17,422070,6398.44973272435,96.7897360996922,92.7756256243301,-5.2644,-4.2296
24,Lapa sem fim cave,709,LSF19,421533,6404.28145356022,67.2077821665716,69.0608041147325,-5.78664570862022,-5.88650694570015
24,Lapa sem fim cave,710,LSF17,422071,6410.49672842678,99.1551098397886,95.1027601850774,-4.9056,-4.4917
24,Lapa sem fim cave,709,LSF19,421534,6418.81491365595,67.9219322587041,69.9734939480022,-5.57147303377899,-5.12120702676681
24,Lapa sem fim cave,710,LSF17,422072,6422.67174000742,101.790763116574,98.5070499801641,-5.282,-4.2915
24,Lapa sem fim cave,709,LSF19,421535,6433.30926254891,68.6665609439533,70.3883692198087,-5.20101886383473,-4.63734855544549
24,Lapa sem fim cave,710,LSF17,422073,6435.58966349884,104.211735348321,102.146004670507,-3.0971,-4.1432
24,Lapa sem fim cave,709,LSF19,421536,6448.13202461245,69.6932881860102,70.9968578991329,-4.67462984046301,-5.03369744479955
24,Lapa sem fim cave,710,LSF17,422074,6448.3948927658,106.373595439409,105.837972275262,-5.5116,-4.797
24,Lapa sem fim cave,710,LSF17,422075,6460.95806908441,109.36969678835,108.441346857533,-5.0091,-4.6908
24,Lapa sem fim cave,709,LSF19,421537,6462.91633913388,70.9087147504206,72.1301079223267,-4.84575463864724,-4.78452375247972
24,Lapa sem fim cave,710,LSF17,422076,6473.29802004949,113.221178795727,111.703325287455,-4.3552,-4.1799
24,Lapa sem fim cave,709,LSF19,421538,6477.41858549247,72.1182552771552,72.4093561093268,-5.11145232733747,-4.6858698455823
24,Lapa sem fim cave,710,LSF17,422077,6485.88125429847,116.629892599328,114.899998722788,-4.2128,-4.0969
24,Lapa sem fim cave,709,LSF19,421539,6492.27954915611,72.3086937554908,73.2705106898857,-5.23993047519687,-4.98504963459332
24,Lapa sem fim cave,710,LSF17,422078,6498.61268232136,118.762643394153,118.170793049317,-4.2512,-4.363
24,Lapa sem fim cave,709,LSF19,421540,6506.76301885389,73.241239996958,74.2352799747641,-5.4058136534457,-4.86396981409945
24,Lapa sem fim cave,710,LSF17,422079,6511.21014700777,122.717657695372,121.04521273268,-4.4873,-5.2506
24,Lapa sem fim cave,709,LSF19,421541,6520.98778924301,74.516483248919,75.0671826474718,-3.96815944195578,-4.21844542228037
24,Lapa sem fim cave,710,LSF17,422080,6523.36094836612,126.775990283201,123.604174741326,-5.0685,-5.0002
24,Lapa sem fim cave,709,LSF19,421542,6535.56243252899,75.8372269632764,75.8790489859857,-4.62965927286475,-4.59385320459235
24,Lapa sem fim cave,710,LSF17,422081,6535.69539927096,129.489294454904,126.346786296455,-4.2186,-4.3695
24,Lapa sem fim cave,710,LSF17,422082,6548.30870011015,132.652487043402,129.460740571674,-4.0335,-4.1659
24,Lapa sem fim cave,709,LSF19,421543,6550.00693458425,77.5155417081587,75.8467359094366,-4.71656498205761,-4.68637266875711
24,Lapa sem fim cave,710,LSF17,422083,6560.80097518065,134.771307024785,132.74882792233,-3.8527,-4.1897
24,Lapa sem fim cave,709,LSF19,421544,6564.47247689506,78.8464130533466,75.9254682519522,-4.11554339321854,-4.65057165871075
24,Lapa sem fim cave,710,LSF17,422084,6572.70668414193,138.55329827055,136.369980284151,-4.2791,-4.4622
24,Lapa sem fim cave,709,LSF19,421545,6579.12996654238,80.19819009194,77.2640833206951,-4.2327390454985,-4.19963983554253
24,Lapa sem fim cave,710,LSF17,422085,6584.97356556266,141.946082630308,139.943849537092,-4.1491,-4.0738
24,Lapa sem fim cave,709,LSF19,421546,6593.92976797294,80.7690406186921,79.0531857424112,-4.3654862457393,-4.62844743901917
24,Lapa sem fim cave,710,LSF17,422086,6596.92071920637,145.930458555313,143.911899242435,-3.7433,-3.5261
24,Lapa sem fim cave,710,LSF17,422087,6608.83988523297,150.057801205948,145.530324846982,-3.9754,-3.9016
24,Lapa sem fim cave,709,LSF19,421547,6608.93039927676,82.1699406749594,81.4322770303388,-4.95614013593783,-4.75284589246678
24,Lapa sem fim cave,710,LSF17,422088,6620.93242863994,153.129219437031,148.013995886356,-4.1411,-3.5975
24,Lapa sem fim cave,709,LSF19,421548,6623.31020856633,83.225203377644,82.0848461836913,-5.18179004752632,-4.79759715502473
24,Lapa sem fim cave,710,LSF17,422089,6633.1738707047,155.458319462416,151.820506098382,-4.6365,-3.8916
24,Lapa sem fim cave,709,LSF19,421549,6638.04682297171,83.2455684838424,83.4970065489733,-4.91121344182877,-4.91988375113815
24,Lapa sem fim cave,710,LSF17,422090,6645.77898450096,157.839684663798,155.7536278853,-4.4547,-3.2234
24,Lapa sem fim cave,709,LSF19,421550,6652.51951138587,84.3767810436939,84.7474608638513,-5.22793647088721,-4.72217367880347
24,Lapa sem fim cave,710,LSF17,422091,6657.87569233258,161.972413413515,158.559285942913,-4.3792,-3.4601
24,Lapa sem fim cave,709,LSF19,421551,6667.14189842242,85.9889214335981,86.3452808248576,-6.36106494583699,-5.0683171523416
24,Lapa sem fim cave,710,LSF17,422092,6669.94026392297,166.041612818913,162.340880336527,-4.4836,-3.7886
24,Lapa sem fim cave,709,LSF19,421552,6681.71454231721,87.1548673247498,87.786685578626,-5.14204720273754,-4.48293041222961
24,Lapa sem fim cave,710,LSF17,422093,6682.62187391425,168.629328567965,166.365732211681,-5.2991,-3.8848
24,Lapa sem fim cave,709,LSF19,421553,6696.30381639727,88.734222974449,89.682467752933,-4.84016421290969,-5.19945343633164
24,Lapa sem fim cave,710,LSF17,422094,6700.55364567622,166.295344377934,161.997767661638,-5.0311,-4.3549
24,Lapa sem fim cave,709,LSF19,421554,6711.09239264876,89.9832994659419,91.1903449947768,-4.723375137047,-4.41665831778986
24,Lapa sem fim cave,710,LSF17,422095,6718.05179886051,162.876530004676,157.979454568017,-4.285,-4.2268
24,Lapa sem fim cave,709,LSF19,421555,6726.01349425664,90.7730216145574,92.6091213799036,-4.2067181547928,-3.86315056696072
24,Lapa sem fim cave,710,LSF17,422096,6736.27079536649,157.920906260508,153.825429061368,-4.5614,-4.0642
24,Lapa sem fim cave,709,LSF19,421556,6740.94617783333,91.6965940104119,94.7784083545939,-4.44436207069096,-4.36758277592855
24,Lapa sem fim cave,710,LSF17,422097,6754.31134018921,154.504723533016,149.814075334822,-4.9251,-4.1972
24,Lapa sem fim cave,709,LSF19,421557,6755.8136948507,92.7347123697537,97.1404936988274,-4.42779408168694,-4.3538054209388
24,Lapa sem fim cave,709,LSF19,421558,6770.27252097457,93.7527314134177,98.9223990423325,-4.42555791139191,-4.35219638677941
24,Lapa sem fim cave,710,LSF17,422098,6771.59596153501,150.717577074161,145.234127508646,-4.3661,-4.2162
24,Lapa sem fim cave,709,LSF19,421559,6788.54796355592,91.6620585483379,97.4677081733662,-4.48105559235016,-4.07493968819004
24,Lapa sem fim cave,710,LSF17,422099,6789.95076364515,145.887499176158,142.219123810215,-4.1278,-3.921
24,Lapa sem fim cave,709,LSF19,421560,6806.4310522999,90.5212040578626,94.793954552496,-4.42748914937398,-4.05784370024655
24,Lapa sem fim cave,710,LSF17,422100,6807.95728689615,141.429898815707,139.456180903323,-4.1801,-4.3813
24,Lapa sem fim cave,709,LSF19,421561,6824.1357820463,89.1135248912387,92.6213561724071,-4.80194602968569,-5.26331197953232
24,Lapa sem fim cave,710,LSF17,422101,6826.00453183867,139.15629520278,137.702438932776,-4.7565,-4.4249
24,Lapa sem fim cave,709,LSF19,421562,6842.51650042562,87.1647843847586,91.3889717505226,-4.52842174496288,-4.29950051805949
24,Lapa sem fim cave,710,LSF17,422102,6843.75799164445,137.726805302702,134.534352569728,-4.3435,-3.7193
24,Lapa sem fim cave,709,LSF19,421563,6860.34236963419,86.216926639242,89.7962630099146,-4.93997872335108,-3.69038052409654
24,Lapa sem fim cave,710,LSF17,422103,6861.2919489115,134.682037118384,130.417597689665,-4.7017,-3.5745
24,Lapa sem fim cave,709,LSF19,421564,6878.86368811715,84.7396895837037,88.24632211484,-4.17032956544655,-4.18556078664789
24,Lapa sem fim cave,710,LSF17,422104,6879.2206247081,133.281170201917,126.864017149939,-4.7368,-3.9372
24,Lapa sem fim cave,710,LSF17,422105,6896.13959959572,132.659942535813,122.014174560072,-4.959,-4.2538
24,Lapa sem fim cave,709,LSF19,421565,6896.69945336567,84.172581450156,86.7875093392659,-4.68007474860704,-4.23202164800019
24,Lapa sem fim cave,710,LSF17,422106,6914.43991998663,129.334001801271,118.389993948707,-4.6726,-4.0089
24,Lapa sem fim cave,709,LSF19,421566,6914.4545578138,83.3460617075652,85.7596854458225,-4.97575744807142,-4.49892018918852
24,Lapa sem fim cave,710,LSF17,422107,6932.27574714048,127.255436119614,114.377675204268,-4.4347,-4.083
24,Lapa sem fim cave,709,LSF19,421567,6932.65899100207,81.8147884798345,84.178150341897,-4.7908668223149,-4.30442818517261
24,Lapa sem fim cave,709,LSF19,421568,6950.30368291834,81.7699097785808,81.9660562359904,-4.90247204885732,-5.06761319989687
24,Lapa sem fim cave,710,LSF17,422108,6950.55344279263,124.286059633001,112.556638360327,-5.3407,-3.942
24,Lapa sem fim cave,709,LSF19,421569,6968.46201644375,80.3636100240274,81.0578151399914,-5.02718936485691,-4.56680131778766
24,Lapa sem fim cave,710,LSF17,422109,6968.50878815936,121.693234458033,111.33335056507,-5.0698,-4.2865
24,Lapa sem fim cave,709,LSF19,421570,6986.18111903023,79.8610885269918,80.3955824344739,-4.72906720688887,-5.48767168013185
24,Lapa sem fim cave,710,LSF17,422110,6986.45878217269,119.02204372601,108.37795621094,-4.5683,-3.2716
24,Lapa sem fim cave,710,LSF17,422111,7003.7882416429,117.634845448258,104.843729501308,-5.1306,-3.3164
24,Lapa sem fim cave,709,LSF19,421571,7004.36200874831,77.6765424057539,80.3718385631337,-4.95054971020027,-4.68214895408871
24,Lapa sem fim cave,709,LSF19,421572,7022.19606359266,77.2705699421704,79.4306623290868,-5.74103590949023,-4.67953427357971
24,Lapa sem fim cave,710,LSF17,422112,7022.34173977228,115.719250142758,103.345597340787,-5.096,-3.5924
24,Lapa sem fim cave,710,LSF17,422113,7040.14569265394,114.714942793392,103.147519695111,-4.7422,-3.3136
24,Lapa sem fim cave,709,LSF19,421573,7040.52902037871,76.5751572261788,78.635197564281,-5.03481267268084,-4.55684541892645
24,Lapa sem fim cave,710,LSF17,422114,7058.06010680952,113.440552592723,103.185725908171,-4.7216,-2.7183
24,Lapa sem fim cave,709,LSF19,421574,7058.63949326617,76.9752829365434,77.8228536700999,-4.94211324954179,-4.20486919656054
24,Lapa sem fim cave,710,LSF17,422115,7075.67804444746,112.368198471968,102.990936738222,-4.8273,-2.4624
24,Lapa sem fim cave,709,LSF19,421575,7077.12257853194,77.1217613212293,77.3762881861348,-4.84534806222996,-4.18747151471217
24,Lapa sem fim cave,710,LSF17,422116,7092.82540356092,112.578991843334,103.001144102574,-4.5325,-1.7657
24,Lapa sem fim cave,709,LSF19,421576,7094.9884682077,78.1049073601353,77.7114643567038,-5.13005319842788,-4.60702717177234
24,Lapa sem fim cave,710,LSF17,422117,7110.51885959767,112.554895330203,102.346115295816,-4.4573,-2.5701
24,Lapa sem fim cave,709,LSF19,421577,7113.15944849661,77.4336534123231,76.1023659508182,-4.26973749947067,-4.47357790117817
24,Lapa sem fim cave,710,LSF17,422118,7128.38044489711,111.084927376277,101.064174279805,-4.2442,-2.452
24,Lapa sem fim cave,709,LSF19,421578,7131.62945108685,77.9862538702837,75.692631355565,-4.79899835066044,-4.5826905301116
24,Lapa sem fim cave,710,LSF17,422119,7146.42191180778,110.213866958461,100.208802531934,-4.1195,-2.0333
24,Lapa sem fim cave,709,LSF19,421579,7149.7602369571,78.8232552719346,75.2936459494431,-4.96986209002091,-4.46010224009331
24,Lapa sem fim cave,710,LSF17,422120,7164.32239489544,110.477689594346,100.49397376245,-4.1183,-1.6218
24,Lapa sem fim cave,709,LSF19,421580,7168.04449623175,79.6799785329777,76.1930928342972,-4.91832852913111,-4.57796399226841
24,Lapa sem fim cave,709,LSF19,421581,7186.34313316872,79.8727779814872,76.9645942292718,-4.13505906124781,-4.31740102308267
24,Lapa sem fim cave,710,LSF17,422121,7201.0651632905,108.341721704557,102.426106110982,-4.3461,-1.9957
24,Lapa sem fim cave,709,LSF19,421582,7204.42588886176,78.9992296578785,77.6282221970432,-4.97738375374053,-4.82816880405309
24,Lapa sem fim cave,710,LSF17,422122,7218.74169749793,108.354956391583,103.900416450661,-4.3377,-2.7099
24,Lapa sem fim cave,709,LSF19,421583,7222.49061659552,79.6563156242883,78.549278022826,-4.89230763842541,-4.86809296413288
24,Lapa sem fim cave,710,LSF17,422123,7237.41274176437,109.436071132201,106.121310556077,-3.8145,-3.056
24,Lapa sem fim cave,709,LSF19,421584,7240.5488611089,80.3246954618298,79.3934778593584,-5.22956277655631,-5.23786912688701
24,Lapa sem fim cave,710,LSF17,422124,7254.56686686289,110.263850947892,107.725511866854,-3.9046,-3.2636
24,Lapa sem fim cave,709,LSF19,421585,7258.595398329,81.4011507186106,80.9420406766676,-4.74177271992876,-4.24901707130872
24,Lapa sem fim cave,710,LSF17,422125,7272.55371046068,110.31663154925,109.890324224778,-3.687,-2.5699
24,Lapa sem fim cave,709,LSF19,421586,7277.36086501535,81.2958922732569,82.9198266489857,-3.95047336780425,-4.64654907331228
24,Lapa sem fim cave,710,LSF17,422126,7290.47490142128,111.106097810382,112.489386339787,-3.5486,-2.3958
24,Lapa sem fim cave,709,LSF19,421587,7295.64420523695,82.2833008067828,84.2281682519997,-4.22979136647325,-4.16595068283037
24,Lapa sem fim cave,710,LSF17,422127,7308.51578433109,113.540509270097,114.884358814023,-3.2127,-2.0241
24,Lapa sem fim cave,709,LSF19,421588,7314.24975514403,83.2444819629118,86.300623841691,-4.35562676762035,-4.08911930171964
24,Lapa sem fim cave,710,LSF17,422128,7326.61516181422,113.226490731253,117.274792266937,-3.3701,-2.3195
24,Lapa sem fim cave,709,LSF19,421589,7332.04098798539,84.6146275910505,87.0234024592637,-4.46194650073817,-4.55604090184676
24,Lapa sem fim cave,710,LSF17,422129,7344.18702507845,115.743251359208,118.913026995271,-2.7767,-2.0877
24,Lapa sem fim cave,709,LSF19,421590,7349.62005427349,86.0720523837454,87.5333653879306,-4.65507029894453,-3.74951252945401
24,Lapa sem fim cave,710,LSF17,422130,7361.73437264837,116.86768443302,120.548468562634,-3.1318,-2.1635
24,Lapa sem fim cave,709,LSF19,421591,7368.15911877906,86.5087434466623,89.4698114346193,-4.96000261190195,-3.99267781679138
24,Lapa sem fim cave,710,LSF17,422131,7379.97372044606,119.986602634962,123.656552020717,-3.3387,-2.2388
24,Lapa sem fim cave,709,LSF19,421592,7386.09402178566,89.1202908153537,91.2191260797044,-5.04304584513069,-4.37049915034244
24,Lapa sem fim cave,710,LSF17,422132,7397.86469136109,122.497494132851,128.007096590281,-3.44,-1.8146
24,Lapa sem fim cave,709,LSF19,421593,7404.38553769769,90.8528478417938,92.8295306612754,-5.4939390918904,-5.39193414764832
24,Lapa sem fim cave,710,LSF17,422133,7415.82780092678,124.923058250699,129.769911867095,-4.6774,-3.114
24,Lapa sem fim cave,709,LSF19,421594,7422.24108857671,92.9903424943332,94.7722907196439,-5.54293155017223,-4.39453409809829
24,Lapa sem fim cave,709,LSF19,421595,7440.44450266717,94.7514117208211,96.3772379362617,-5.0866511658836,-3.68424608136387
24,Lapa sem fim cave,710,LSF17,422134,7451.25931991942,130.449829624138,136.462501640761,-4.1239,-2.4922
24,Lapa sem fim cave,709,LSF19,421596,7458.54163800176,96.2956719040867,98.4248228974448,-4.83132117583392,-4.53562628094954
24,Lapa sem fim cave,710,LSF17,422135,7469.22944445869,133.321349840492,139.993215313204,-3.619,-2.4435
24,Lapa sem fim cave,709,LSF19,421597,7476.88672150058,97.6278355156483,100.91885136793,-4.41797665857937,-4.01049649858395
24,Lapa sem fim cave,709,LSF19,421598,7495.49068839584,99.2158307985683,104.433805849058,-4.72291514285398,-4.05079988870887
24,Lapa sem fim cave,709,LSF19,421599,7513.52569753398,101.915563866515,105.7137160502,-4.78235884738346,-3.4760735455275
24,Lapa sem fim cave,709,LSF19,421600,7531.88254227688,103.433885631849,108.527470361776,-4.39841942245712,-3.34901710815868
24,Lapa sem fim cave,709,LSF19,421601,7547.29520270167,104.362970824381,111.183242279152,-4.93138269923899,-3.97142460093507
24,Lapa sem fim cave,709,LSF19,421602,7562.56942880868,105.925557408772,112.359971500011,-5.02476564247771,-4.73535296998067
24,Lapa sem fim cave,709,LSF19,421603,7577.4525715525,108.455127871247,113.009872882728,-4.58820181245925,-3.72270510347319
24,Lapa sem fim cave,709,LSF19,421604,7592.73712969552,109.957127633793,115.067488197867,-4.76455146923004,-4.23599396633289
24,Lapa sem fim cave,709,LSF19,421605,7608.06961570638,112.668533121348,117.691870112651,-4.46452516794638,-3.88443645058212
24,Lapa sem fim cave,709,LSF19,421606,7623.20179698545,114.875082680398,119.368687602735,-4.86722124038178,-3.68448685401792
24,Lapa sem fim cave,709,LSF19,421607,7650.43626851567,112.558164537049,117.49766372107,-4.85486930177825,-3.581377347615
24,Lapa sem fim cave,709,LSF19,421608,7729.17897788446,91.662981026594,95.3906983381303,-5.07160007634942,-3.73139552196887
24,Lapa sem fim cave,709,LSF19,421609,7808.76480395912,70.7193663952767,74.0317959638096,-4.98719516255864,-3.64810184904404
24,Lapa sem fim cave,709,LSF19,421610,7887.74707804987,51.182710488566,53.5611871120846,-4.47639103489189,-3.7997853370871
24,Lapa sem fim cave,709,LSF19,421611,7966.27375520081,34.2421155747961,34.3619696940386,-5.27417186944728,-4.00787677822583
24,Lapa sem fim cave,709,LSF19,421612,8044.81341731381,25.9320349159752,25.2060332958963,-4.49136776044867,-4.07649329991351
24,Lapa sem fim cave,709,LSF19,421613,8074.69414886024,26.6999246031683,26.3628861008583,-4.67942602568739,-4.47835168561742
24,Lapa sem fim cave,709,LSF19,421614,8086.13762752166,28.1208384198189,29.8878932204789,-4.83451147704281,-4.13185448440455
24,Lapa sem fim cave,709,LSF19,421615,8097.74802465314,32.0483136568637,36.3378638167524,-4.83032554229383,-3.98429929500276
24,Lapa sem fim cave,709,LSF19,421616,8109.85974592322,36.7773912437142,44.8952543270088,-5.46034303295491,-4.48350156324449
24,Lapa sem fim cave,709,LSF19,421617,8121.45112915711,42.5139606836719,53.4886778493692,-5.16156336251179,-4.55388695594321
24,Lapa sem fim cave,709,LSF19,421618,8133.3939914881,48.1512454314061,62.2219974854179,-5.74148687994744,-4.54633007029478
24,Lapa sem fim cave,709,LSF19,421619,8144.72892670514,54.1405409317867,70.5314099442821,-5.99776673201029,-4.5719451137964
24,Lapa sem fim cave,709,LSF19,421620,8156.20164713635,60.6758424367035,79.9732795356067,-6.05906894582039,-5.22463612609721
24,Lapa sem fim cave,709,LSF19,421621,8167.89651156023,66.8476390987998,89.9320255014391,-5.35334191402038,-3.72952429314165
24,Lapa sem fim cave,709,LSF19,421622,8179.2925375218,73.1010699056696,98.7376641478841,-4.33480693864895,-2.71746298490116
24,Lapa sem fim cave,709,LSF19,421623,8191.12370336234,79.4765217957693,107.873899995419,-4.8050040681566,-2.96294421692037
24,Lapa sem fim cave,709,LSF19,421624,8202.86966482039,85.9296855967095,117.325507283818,-4.33951897448659,-3.48095473388707
24,Lapa sem fim cave,709,LSF19,421625,8214.40552820877,92.219164842998,126.217033785052,-4.42762661061338,-3.46640073189751
24,Lapa sem fim cave,709,LSF19,421626,8225.80972041254,99.414551875152,135.369572111192,-4.38002018057895,-3.58655521370744
24,Lapa sem fim cave,709,LSF19,421627,8237.5273735721,105.999397413667,145.553573849447,-4.52173294284901,-3.86006409494269
24,Lapa sem fim cave,709,LSF19,421628,8249.14390852991,113.125180242065,155.785497319786,-4.53017343422809,-3.09490423342105
24,Lapa sem fim cave,709,LSF19,421629,8261.03205875811,119.833701245025,165.78198781078,-4.84555959990485,-2.92734288897669
24,Lapa sem fim cave,709,LSF19,421630,8272.56077437653,126.923547926364,175.430111065682,-4.4747955761556,-3.11868323359476
24,Lapa sem fim cave,709,LSF19,421631,8284.47393210953,133.62691908962,185.633620166331,-4.08770934782312,-2.7071136500798
24,Lapa sem fim cave,709,LSF19,421632,8296.14532625588,140.770457542221,195.716834271641,-4.51602017124488,-2.98540496037541
24,Lapa sem fim cave,709,LSF19,421633,8307.35884847433,148.4497434112,204.849397636835,-4.81128297028006,-3.3377321589237
24,Lapa sem fim cave,709,LSF19,421634,8318.74335213341,155.786078266978,214.187446789777,-4.59355064301524,-4.06505001593162
24,Lapa sem fim cave,709,LSF19,421635,8330.4321673386,163.064747630884,223.88693417102,-4.80418060558303,-3.77915503926691
24,Lapa sem fim cave,709,LSF19,421636,8341.97535341726,169.995868467608,233.440770130817,-4.93531702042382,-4.27528977170469
24,Lapa sem fim cave,709,LSF19,421637,8354.04509600172,176.740316981277,243.502133032018,-5.35065095596747,-4.90039535254222
24,Lapa sem fim cave,709,LSF19,421638,8365.16112580233,184.543129781581,252.91442328472,-4.96969658287031,-4.49585007416332
24,Lapa sem fim cave,709,LSF19,421639,8376.52166810353,192.168318427477,261.96194576733,-4.94447804155477,-4.29705360237215
24,Lapa sem fim cave,709,LSF19,421640,8388.31819594451,199.145600675634,271.778507980021,-5.3549741344787,-3.91618656569164
24,Lapa sem fim cave,709,LSF19,421641,8399.4612411565,206.605039301523,280.96114087224,-5.52388689488195,-4.29131036927934
24,Lapa sem fim cave,709,LSF19,421642,8411.57872738488,213.278204430284,291.12967888102,-5.81824903172729,-4.33342741195989
24,Lapa sem fim cave,709,LSF19,421643,8423.29287732345,220.545426503253,301.27061526643,-5.34097527072804,-4.41232129812942
24,Lapa sem fim cave,709,LSF19,421644,8435.07646354091,227.858453134219,311.099425814858,-5.4310414897121,-4.52789126931263
24,Lapa sem fim cave,709,LSF19,421645,8446.49238482444,235.195918754524,320.196491661794,-5.52882767032336,-4.87107463622634
24,Lapa sem fim cave,709,LSF19,421646,8458.12791380308,242.162735664351,329.95297464438,-6.18368628195376,-5.26524179164807
24,Lapa sem fim cave,709,LSF19,421647,8469.70396208636,249.326551177362,339.651464729175,-5.80654042325936,-5.33295148705794
24,Lapa sem fim cave,709,LSF19,421648,8481.08494831998,256.801447939466,349.154892764314,-5.79771760997113,-5.53151765376269
24,Lapa sem fim cave,709,LSF19,421649,8492.73323850621,263.990913547415,358.841664945895,-6.25676858535797,-5.32499156750827
24,Lapa sem fim cave,709,LSF19,421650,8504.03782417503,271.587042202194,368.424065324327,-5.3539791172023,-5.11290617236201
24,Lapa sem fim cave,709,LSF19,421651,8515.76332827337,278.660662847968,378.273987335561,-5.23114594997833,-5.04248719350486
24,Lapa sem fim cave,709,LSF19,421652,8527.52651716038,285.648405209973,388.161594135459,-5.41848368546518,-5.11447352642243
24,Lapa sem fim cave,709,LSF19,421653,8539.12715742696,292.871824349279,397.811939911344,-5.77698399874378,-5.6029122305554
24,Lapa sem fim cave,709,LSF19,421654,8550.68093423728,300.058854882396,407.411436662893,-5.53685643041566,-4.80548086879803
24,Lapa sem fim cave,709,LSF19,421655,8562.34446911416,307.162551460979,417.120691480995,-5.35034215750238,-4.61857389709371
24,Lapa sem fim cave,709,LSF19,421656,8574.04245071422,314.293454679217,426.864393022284,-5.41611623056617,-4.50250013353393
24,Lapa sem fim cave,709,LSF19,421658,8587.65240708558,316.620446721192,429.10410946117,-4.84270481500571,-4.41089803498744
24,Lapa sem fim cave,709,LSF19,421659,8612.56484334789,294.505138283663,398.979885725541,-4.96460952955206,-3.10287696521133
24,Lapa sem fim cave,709,LSF19,421660,8637.68270016302,272.558131657472,368.622748941872,-5.05665374583833,-2.95986237650117
24,Lapa sem fim cave,709,LSF19,421661,8662.22911234101,250.871483052555,337.914779228284,-5.03374815553496,-3.4344574496787
24,Lapa sem fim cave,709,LSF19,421662,8687.63114887995,229.159474163092,309.022935308592,-5.69121498721429,-3.83482241641897
24,Lapa sem fim cave,709,LSF19,421663,8712.24828458502,207.435353607209,279.180645192611,-5.5796742256723,-4.15560092508488
24,Lapa sem fim cave,709,LSF19,421664,8736.79756657904,185.160823430231,249.297124423489,-5.96827115663782,-4.29941896654061
24,Lapa sem fim cave,709,LSF19,421665,8761.80985910813,162.857485370974,219.203787651966,-5.9415916736563,-4.22881555652428
24,Lapa sem fim cave,709,LSF19,421666,8787.24297668889,140.47359020679,189.256994672534,-5.29461421135431,-3.48321140864208
24,Lapa sem fim cave,709,LSF19,421667,8811.94934445261,120.043583569639,160.519082998095,-5.52305728438362,-3.69790904699542
24,Lapa sem fim cave,709,LSF19,421668,8837.25591162424,97.8001609615858,131.002838580871,-6.00880344809053,-4.13340554298871
24,Lapa sem fim cave,709,LSF19,421669,8886.64821186522,56.358183552371,71.4470704734995,-7.25842938558673,-4.33145664476992
24,Lapa sem fim cave,709,LSF19,421670,8911.56905855612,37.2933361049945,43.196848673495,-6.46666442141193,-4.44896160880847
24,Lapa sem fim cave,709,LSF19,421671,8936.75273206877,23.0763124488276,23.3301802600126,-6.29252948825944,-4.33607649805691
24,Lapa sem fim cave,709,LSF19,421672,8950.78993421911,20.7270012799872,21.8088976355757,-6.87258021333854,-4.51353912323307
24,Lapa sem fim cave,709,LSF19,421673,8957.66723607527,20.6058226567711,21.6516553685087,-6.66881281169502,-3.95996018154036
24,Lapa sem fim cave,709,LSF19,421674,8964.5764017371,20.4774238703594,21.5296430728067,-6.70913987635556,-4.02745021216763
24,Lapa sem fim cave,709,LSF19,421675,8971.49108303468,20.2377053945365,21.2486302255966,-6.36117785023882,-4.31629147419742
24,Lapa sem fim cave,709,LSF19,421676,8978.37847064099,20.0687947611059,21.0726415711433,-7.0630534794451,-4.25181439136602
24,Lapa sem fim cave,709,LSF19,421677,8985.22352804675,19.9309541884122,20.6884078906078,-6.33501143423771,-4.15600265145766
24,Lapa sem fim cave,709,LSF19,421678,8992.06959963481,19.8271891979548,20.4569355683725,-6.46163636500387,-4.16694969511595
24,Lapa sem fim cave,709,LSF19,421679,8998.84791702165,19.8263099412779,20.1577090449246,-6.53059256717151,-4.33690505870077
24,Lapa sem fim cave,709,LSF19,421680,9005.80222225443,19.5978682057175,20.1495765897071,-7.20470557199316,-4.79195781770238
24,Lapa sem fim cave,709,LSF19,421681,9012.65273028815,19.3481145504757,19.793413536021,-6.91529018908588,-4.48320878208808
24,Lapa sem fim cave,709,LSF19,421682,9019.52871993004,19.3116910936678,19.6261563717271,-7.57078456326274,-4.69682678081457
24,Lapa sem fim cave,709,LSF19,421683,9026.43989380498,19.1592748751791,19.6127811855404,-6.91375098814464,-4.31488543189269
24,Lapa sem fim cave,709,LSF19,421684,9033.35330150444,19.0082026587261,19.5983403922692,-6.16641762447369,-3.73800636057866
24,Lapa sem fim cave,709,LSF19,421685,9040.28364163615,18.7053195213521,19.4946367265857,-5.60527626799496,-3.80499423323995
24,Lapa sem fim cave,709,LSF19,421686,9047.19292549807,18.59923213619,19.500307819344,-5.82122616005119,-3.52579440415691
24,Lapa sem fim cave,709,LSF19,421687,9054.02811557701,18.3642357652316,19.4417358244737,-5.41559540533592,-3.47477515481367
24,Lapa sem fim cave,709,LSF19,421688,9060.86059782332,18.3389996719015,19.4088816962485,-5.83241102022421,-3.88453605505066
24,Lapa sem fim cave,709,LSF19,421689,9067.75587033005,18.250322539061,19.1800876977068,-5.11965837103316,-3.53131814178265
24,Lapa sem fim cave,709,LSF19,421690,9074.64218457889,18.0060288138502,19.0921096232651,-4.991802079514,-3.23825875283865
24,Lapa sem fim cave,709,LSF19,421691,9081.54144202342,17.911588195635,19.0481984003745,-5.14616683168788,-3.46882737268333
24,Lapa sem fim cave,709,LSF19,421692,9088.33953471723,17.9237528601097,18.8379046133268,-5.63073009096772,-3.78697234179434
24,Lapa sem fim cave,709,LSF19,421693,9095.21218030586,17.6688714559696,18.7026600037534,-5.87494997364476,-4.61218526588272
24,Lapa sem fim cave,709,LSF19,421694,9102.04854517966,17.6765930605725,18.4521318158513,-6.38867824038901,-4.96487870305293
24,Lapa sem fim cave,709,LSF19,421695,9108.93957754545,17.752036452488,18.2849947747764,-6.25148412982632,-5.2283107720043
24,Lapa sem fim cave,709,LSF19,421696,9115.81342064591,17.7634149226396,18.154585204149,-6.26523432490142,-5.41903036748226
24,Lapa sem fim cave,709,LSF19,421697,9122.66172086828,17.6732180078034,17.9952637408569,-6.52905336623027,-5.41983382022782
24,Lapa sem fim cave,709,LSF19,421698,9129.47281194476,17.6377448857911,17.9305993387861,-6.10218163852586,-5.26878470406203
24,Lapa sem fim cave,709,LSF19,421699,9136.27674905038,17.6211592734853,17.7201421158607,-6.05179846104921,-5.04853822018465
24,Lapa sem fim cave,709,LSF19,421700,9143.22266819003,17.4559341118129,17.6965548502358,-6.41579383030389,-4.94978885617533
24,Lapa sem fim cave,709,LSF19,421701,9150.10387574959,17.3188259207855,17.631556254717,-5.91347560312962,-4.84536510715047
24,Lapa sem fim cave,709,LSF19,421702,9156.99139646998,17.2936450258003,17.6155392700002,-5.97186262550072,-4.86494926782357
24,Lapa sem fim cave,709,LSF19,421703,9163.89807719791,17.26445670465,17.552581422653,-6.01947524128314,-4.50942142791206
24,Lapa sem fim cave,709,LSF19,421704,9170.7283204715,17.2765404395104,17.4159774994805,-5.55125031495737,-4.25794071855093
24,Lapa sem fim cave,709,LSF19,421705,9177.62988092665,17.2662753625591,17.2721343313005,-6.51745805247291,-4.0992588013023
24,Lapa sem fim cave,709,LSF19,421706,9184.56212178688,17.1578530907864,17.2929261210484,-5.56510312342855,-4.24297641116483
24,Lapa sem fim cave,709,LSF19,421707,9191.45263942626,17.1121845600665,17.3459139188817,-5.68834181212398,-4.18372177117958
24,Lapa sem fim cave,709,LSF19,421708,9198.30583808792,17.0457234135865,17.2841714992774,-6.20838650347155,-4.07103752361441
24,Lapa sem fim cave,709,LSF19,421709,9205.22608427793,16.9969734351289,17.2444273744022,-5.30261805624877,-3.79625668463196
24,Lapa sem fim cave,709,LSF19,421710,9212.12154595217,16.910535039171,17.1815284565218,-5.14366990571653,-3.65253907476943
24,Lapa sem fim cave,709,LSF19,421711,9218.97007630167,16.9285228899953,17.05885066888,-5.54920944852417,-3.5435931142843
24,Lapa sem fim cave,709,LSF19,421712,9225.91329616332,16.9160142032033,17.1035241025384,-5.74929416939715,-4.29499997644001
24,Lapa sem fim cave,709,LSF19,421713,9232.84048865157,16.8648155675419,17.0990102233754,-4.65512752696637,-3.46473199549414
24,Lapa sem fim cave,709,LSF19,421714,9239.73489956472,16.8845740905745,17.1041546504694,-5.19117990810286,-4.14716467125647
24,Lapa sem fim cave,709,LSF19,421715,9246.59969496919,16.8314958336741,17.1136704172859,-5.31924142641418,-3.165948005738
24,Lapa sem fim cave,709,LSF19,421716,9253.46263657726,16.7995595484626,17.1204949059356,-4.23697793792901,-3.33668171417008
24,Lapa sem fim cave,709,LSF19,421717,9260.3267252146,16.8418997667504,17.1071105625488,-4.34003025712544,-3.26725266058349
24,Lapa sem fim cave,709,LSF19,421718,9267.16893087481,16.914383015599,17.006117228595,-3.73443327092601,-2.78773251492353
24,Lapa sem fim cave,709,LSF19,421719,9274.0349949569,16.889852760658,16.9837391847486,-4.13647908182568,-2.3361969306438
24,Lapa sem fim cave,709,LSF19,421720,9280.97465827124,16.839208505251,17.1604110351345,-4.80557127459161,-3.1972243084215
24,Lapa sem fim cave,709,LSF19,421721,9287.87753332613,16.9356477252568,17.3039692327311,-5.18705156161138,-3.42307578645066
24,Lapa sem fim cave,709,LSF19,421722,9294.70981223365,16.9316941958677,17.289830973501,-5.46539880065917,-3.32174891169236
24,Lapa sem fim cave,709,LSF19,421723,9309.73834586984,16.9992511630826,17.1499423258647,-5.76327084400657,-3.55753111525118
24,Lapa sem fim cave,709,LSF19,421724,9324.79283456623,17.1117398217411,17.3533699163636,-5.14500422813416,-3.92027039192971
24,Lapa sem fim cave,709,LSF19,421725,9339.82050140039,17.4063668228573,17.517582853905,-5.48026299118623,-3.90932427760993
24,Lapa sem fim cave,709,LSF19,421726,9354.79138354134,17.6481041683055,17.5672173096718,-5.06463126489615,-3.48054009709985
24,Lapa sem fim cave,709,LSF19,421727,9369.81347608779,17.8587816291747,17.6457664025329,-5.11161070421035,-3.6932138370947
24,Lapa sem fim cave,709,LSF19,421728,9384.79126261246,17.7491614782703,17.9391941787126,-5.23714184749708,-3.74252156306727
24,Lapa sem fim cave,709,LSF19,421729,9399.80570660347,18.0802805792537,18.3312037511987,-5.70818057926778,-4.00195897800014
24,Lapa sem fim cave,709,LSF19,421730,9414.81529313468,18.1793162663525,18.6304039932747,-5.72664203964842,-4.36233273354126
24,Lapa sem fim cave,709,LSF19,421731,9429.70753384937,18.3914220950628,18.6465676065491,-6.13591632676331,-4.41264469018537
24,Lapa sem fim cave,709,LSF19,421732,9444.77612869357,18.6724587435856,19.0089719251682,-5.94471804039471,-4.08943862760977
24,Lapa sem fim cave,709,LSF19,421733,9459.73818288954,18.7662193901251,19.121987752982,-5.88862099258369,-4.01999049761355
24,Lapa sem fim cave,709,LSF19,421734,9474.71267380141,18.9844668717797,19.5047437604753,-6.16493204114832,-4.08817776021106
24,Lapa sem fim cave,709,LSF19,421735,9489.77802619536,19.0853065294868,19.7558997464967,-5.83211670667604,-4.14069902433256
24,Lapa sem fim cave,709,LSF19,421736,9504.78292028415,19.3840402270798,20.1517872596432,-5.73763746825748,-4.17293482888897
24,Lapa sem fim cave,709,LSF19,421737,9519.80801792225,19.7770294074289,20.3880944297416,-5.79108746844039,-4.17705217464228
24,Lapa sem fim cave,709,LSF19,421738,9534.84458956684,20.2070275873939,20.652243867522,-5.83069137333783,-4.56117040650602
24,Lapa sem fim cave,709,LSF19,421739,9549.83782610371,20.5164084133849,21.0148577807813,-6.00448023107542,-4.60746544046397
24,Lapa sem fim cave,709,LSF19,421740,9564.774006592,21.0622140817031,21.2309253211024,-6.14253394583357,-4.91305283381335
24,Lapa sem fim cave,709,LSF19,421741,9579.88599670291,21.136570736453,21.6786763975851,-6.24811042238535,-4.8412503407983
24,Lapa sem fim cave,709,LSF19,421742,9594.87208503104,21.5781612550836,22.0597454888848,-6.12522632672672,-4.6876030480528
24,Lapa sem fim cave,709,LSF19,421743,9609.83575850414,22.1860524404747,22.504971607581,-6.168597184018,-4.90632448831404
24,Lapa sem fim cave,709,LSF19,421744,9624.87466072663,22.7354403293502,23.0743745209329,-6.23925299378361,-4.97300540490424
24,Lapa sem fim cave,709,LSF19,421745,9639.84156398558,23.2294556708694,23.2813129103397,-6.11769242193904,-4.86464891544516
24,Lapa sem fim cave,709,LSF19,421746,9654.7648752707,23.45806305935,23.5998203450308,-5.98839432625846,-4.70105973905143
24,Lapa sem fim cave,709,LSF19,421747,9669.83714712766,23.7606840363951,23.8680710279059,-6.0998757552114,-5.04701720539668
24,Lapa sem fim cave,709,LSF19,421748,9684.77945845112,24.1895935014218,24.05472985284,-6.01415213587042,-4.81001876691343
24,Lapa sem fim cave,709,LSF19,421749,9699.92547933048,24.4851563269931,24.6654770956357,-5.8519441115058,-4.77818465462564
24,Lapa sem fim cave,709,LSF19,421750,9714.80723923269,24.9853355193045,24.8294328719694,-5.61668775355785,-4.634880937797
24,Lapa sem fim cave,709,LSF19,421751,9729.76532943693,25.4238714955918,25.25193113981,-5.72124613486805,-4.51527706481668
24,Lapa sem fim cave,709,LSF19,421752,9744.79344581096,25.8063520239612,25.5753830353733,-5.66881422992671,-4.5426925621497
24,Lapa sem fim cave,709,LSF19,421753,9759.85042614337,26.176465223185,26.0661294553993,-6.09702508853498,-4.86053156969185
24,Lapa sem fim cave,709,LSF19,421754,9774.83373707969,26.6387707942631,26.5898816993322,-6.51281518519597,-5.14061150398413
24,Lapa sem fim cave,709,LSF19,421755,9789.88351307185,27.232349949727,27.094958636204,-6.33332499410554,-5.0822657019677
24,Lapa sem fim cave,709,LSF19,421756,9804.97647544426,27.7679520449383,27.666229215758,-6.44460280401016,-4.99439551820802
24,Lapa sem fim cave,709,LSF19,421757,9821.03362844985,27.6557008560558,27.8509634815746,-6.63335766179896,-4.89698514306872
24,Lapa sem fim cave,709,LSF19,421758,9839.60458304266,27.140800109486,26.6862885625396,-5.58573765821384,-3.74342537067166
24,Lapa sem fim cave,709,LSF19,421759,9858.36648163149,26.7250569784701,26.6207720921902,-6.29412832730473,-4.60826882500121
24,Lapa sem fim cave,709,LSF19,421760,9876.90293243506,25.7664012128917,26.5021498488532,-6.06291889794207,-4.63317374565538
24,Lapa sem fim cave,709,LSF19,421761,9895.40888869182,25.1651160793699,25.9592743614885,-6.02372223114127,-4.66169389672709
24,Lapa sem fim cave,709,LSF19,421762,9932.34746289496,26.3747846518982,25.7176338453119,-6.00712727870352,-4.29655562455544
24,Lapa sem fim cave,709,LSF19,421763,9950.8888392487,26.7167156157066,25.7387802657886,-6.02469507770544,-4.33792992822286
24,Lapa sem fim cave,709,LSF19,421764,9969.51282726107,27.7681358975751,26.4885017676024,-6.09936670759061,-4.40671972922329
24,Lapa sem fim cave,709,LSF19,421765,9988.03026409603,28.3081747394681,26.8419582128045,-6.00112051677821,-4.3568094648478
24,Lapa sem fim cave,709,LSF19,421766,10006.5768639067,29.0207435067168,27.8979425888374,-6.31387937499137,-4.43272930361615
24,Lapa sem fim cave,709,LSF19,421767,10025.3932210473,30.0109927480189,28.9922394749592,-5.95713880234198,-3.76893282972875
24,Lapa sem fim cave,709,LSF19,421768,10043.8950009672,31.4231565604005,30.0165185631104,-5.75871203975817,-4.42489630437815
24,Lapa sem fim cave,709,LSF19,421769,10062.532917888,32.2991747163469,31.2713750828862,-6.05345061219538,-4.58728040396604
24,Lapa sem fim cave,709,LSF19,421770,10080.9071340846,34.5562526716385,32.5449764298755,-6.25014661286851,-4.7965620759148
24,Lapa sem fim cave,709,LSF19,421771,10099.4306220789,36.0179548009291,34.264719875071,-6.34676385129438,-4.59792524908435
24,Lapa sem fim cave,709,LSF19,421772,10117.8701332188,37.8212453474098,35.932583892929,-6.19007899361533,-4.69774577783535
24,Lapa sem fim cave,709,LSF19,421773,10136.6320424345,39.4398915885104,37.6424062321312,-6.59670623310211,-4.83040464954567
24,Lapa sem fim cave,709,LSF19,421774,10155.3222007456,40.1992527056973,39.6011325720228,-6.17592746975737,-4.56779832893818
24,Lapa sem fim cave,709,LSF19,421775,10173.825581137,41.5282629183366,40.7116041931477,-6.23904937473529,-4.67173620344248
24,Lapa sem fim cave,709,LSF19,421776,10192.4926054149,42.2614367065507,42.2264492446247,-5.76132859980214,-4.44600646874718
24,Lapa sem fim cave,709,LSF19,421777,10211.0128596922,44.4019150431595,43.9012361933146,-5.86008397042707,-4.60722994718416
24,Lapa sem fim cave,709,LSF19,421778,10229.5401728289,46.4990664196011,45.9083320404334,-5.66765089251469,-4.14843341125425
24,Lapa sem fim cave,709,LSF19,421779,10248.0250908697,47.9501461693544,47.667539267517,-5.93635254627172,-4.49199780107209
24,Lapa sem fim cave,709,LSF19,421780,10266.602494735,49.4110129409073,49.5571637845824,-5.78526615553599,-4.65159686159031
24,Lapa sem fim cave,709,LSF19,421781,10285.2926716989,50.9680922384159,50.894903474993,-5.84806337966895,-4.52935941320358
24,Lapa sem fim cave,709,LSF19,421782,10303.797388825,52.7359688240194,52.4590375535954,-6.04122183805812,-4.45219956206246
24,Lapa sem fim cave,709,LSF19,421783,10322.1628734788,54.7996200270481,54.4220888160671,-6.43676144946984,-4.61443830169866
24,Lapa sem fim cave,709,LSF19,421784,10341.0352771439,56.0064369220454,56.091235701957,-6.52660500280858,-4.68794321252257
24,Lapa sem fim cave,709,LSF19,421785,10355.7817736641,57.2438016662727,57.8618390608171,-6.55251144840799,-4.72692924257282
24,Lapa sem fim cave,709,LSF19,421786,10368.5677542556,56.5595258107733,57.2186893332018,-6.45986999894451,-4.94114935560937
24,Lapa sem fim cave,709,LSF19,421787,10381.1493301618,55.6302312057051,56.6583184020619,-6.49178673992298,-4.75505197779137
24,Lapa sem fim cave,709,LSF19,421788,10393.7023264404,55.1292957936712,56.2478792438324,-5.57024265706092,-3.50892038186223
24,Lapa sem fim cave,709,LSF19,421789,10406.4143924443,54.0622389482196,55.4970276892709,-6.29344699241393,-4.09848256025236
24,Lapa sem fim cave,709,LSF19,421790,10419.2048820607,52.7981644481406,54.4721780191867,-6.35365357198695,-4.07543613102995
24,Lapa sem fim cave,709,LSF19,421791,10444.7741364704,50.8144774837092,53.4698853085647,-6.12837112105452,-5.08826070337711
24,Lapa sem fim cave,709,LSF19,421792,10457.7910012244,49.9422038822668,53.2915384305943,-5.72309068609741,-4.63464199956324
24,Lapa sem fim cave,709,LSF19,421793,10470.4775133992,49.2983168894116,52.245387550196,-6.11023660913493,-4.7052026529094
24,Lapa sem fim cave,709,LSF19,421794,10483.1801256829,48.6833572235428,51.5948457384766,-6.02578159648087,-4.53423266695986
24,Lapa sem fim cave,709,LSF19,421795,10496.0339544422,47.9327015177296,50.4273646047222,-5.84350384524345,-4.65657164146651
24,Lapa sem fim cave,709,LSF19,421796,10508.7623549601,47.5981573109239,49.82772902133,-5.81469587773691,-4.20244530705303
24,Lapa sem fim cave,709,LSF19,421797,10521.4516873483,46.875875652071,48.9725916538173,-5.70371266478906,-4.26864033724252
24,Lapa sem fim cave,709,LSF19,421798,10534.1637614376,45.5135555462039,48.086593378579,-5.50817081340474,-3.99746407092945
24,Lapa sem fim cave,709,LSF19,421799,10546.9436340785,44.9065024654737,47.6541076826015,-5.0871392595232,-3.90304477940149
24,Lapa sem fim cave,709,LSF19,421800,10559.4821581551,44.5444123794987,46.9025925868191,-5.80474780262674,-4.7597221793078
24,Lapa sem fim cave,709,LSF19,421801,10572.0118178729,43.671817243865,46.2581806836479,-5.97479771154124,-4.5839804657219
24,Lapa sem fim cave,709,LSF19,421802,10584.8591907385,42.7149545773136,45.5559643952965,-5.80288253854358,-4.47423073008565
24,Lapa sem fim cave,709,LSF19,421803,10597.4060285299,42.4748470944778,44.547326344371,-5.61314373097354,-4.14447389257727
24,Lapa sem fim cave,709,LSF19,421804,10610.0281478982,42.4151202787179,43.5633992767616,-5.70474892261304,-4.02883564198551
24,Lapa sem fim cave,709,LSF19,421805,10622.5014392429,42.1185399175793,42.7338845106478,-5.36765425247357,-4.17686072483256
24,Lapa sem fim cave,709,LSF19,421806,10635.4355768499,41.4536194885914,42.4757080242143,-5.1786408253803,-4.079294123587
24,Lapa sem fim cave,709,LSF19,421807,10647.9526798369,41.0837524103044,41.9746076970678,-5.58951705258688,-4.86926886270421
24,Lapa sem fim cave,709,LSF19,421808,10660.4989551759,40.6557810476006,41.1995856761132,-5.31615223862195,-3.96314824239563
24,Lapa sem fim cave,709,LSF19,421809,10673.0972395403,40.6880349081785,40.7905638220036,-5.06340895535415,-3.72547559565699
24,Lapa sem fim cave,709,LSF19,421810,10685.687437296,40.0941066488576,39.9660215572931,-5.62236642560692,-4.10031003041097
24,Lapa sem fim cave,709,LSF19,421811,10698.5940193579,39.7632954722612,39.9625613820735,-5.84060232333632,-3.86903352922744
24,Lapa sem fim cave,709,LSF19,421812,10711.4483635508,39.0416775069116,39.8885865298707,-5.49241969448031,-4.21858796012072
24,Lapa sem fim cave,709,LSF19,421813,10723.9917080993,39.1556902437187,39.9240995888722,-5.3617475828769,-3.83847416713076
24,Lapa sem fim cave,709,LSF19,421814,10736.4931694652,39.0428649517435,39.1680161194163,-5.41304234516373,-3.70425663659318
24,Lapa sem fim cave,709,LSF19,421815,10748.9246120331,38.8929151125285,38.7684121208331,-5.59459471592436,-3.90466919732025
24,Lapa sem fim cave,709,LSF19,421816,10762.0050509121,38.3388762878221,38.8756013703005,-5.08879727204156,-3.25886154849304
24,Lapa sem fim cave,709,LSF19,421817,10774.8970566464,38.2033625268377,38.7105892678974,-4.91781473108549,-3.48089917276361
24,Lapa sem fim cave,709,LSF19,421818,10787.6211100665,38.0780059933622,38.6349280504655,-4.90144185746666,-3.84740846568394
24,Lapa sem fim cave,709,LSF19,421819,10803.1454969637,37.7879402907838,39.4391959838049,-4.61336218240127,-3.59318706139793
24,Lapa sem fim cave,709,LSF19,421820,10818.4617225244,37.8078603882532,39.601277456557,-4.88164933302872,-4.08944673557926
24,Lapa sem fim cave,709,LSF19,421821,10834.0138747873,38.1655322447241,39.9331429158683,-5.32610031373212,-4.74144747772175
24,Lapa sem fim cave,709,LSF19,421822,10849.2861867923,38.2079925808375,40.1136642245183,-4.94195953838413,-4.06071484364118
24,Lapa sem fim cave,709,LSF19,421823,10864.7114522738,38.0811781238081,40.9433207752263,-5.50029525394252,-4.26630523648431
24,Lapa sem fim cave,709,LSF19,421824,10880.1065648359,38.5199589184285,41.2786153493289,-5.16527309945101,-4.38295874827529
24,Lapa sem fim cave,709,LSF19,421825,10895.5444665473,38.6747136585072,41.8162700996563,-5.2486918542811,-4.20559261677063
24,Lapa sem fim cave,709,LSF19,421826,10910.7878016178,38.8656564375488,42.1398885043054,-5.50247139537287,-4.42123409548609
24,Lapa sem fim cave,709,LSF19,421827,10925.9552480832,38.8780138653401,42.0631138326189,-5.29356181805927,-4.38438011395421
24,Lapa sem fim cave,709,LSF19,421828,10941.308644233,38.7868539471419,42.5374869537663,-5.73822005032747,-4.67707991769086
24,Lapa sem fim cave,709,LSF19,421829,10956.9371545971,39.0403989676306,43.250536587555,-5.76640626313962,-4.7052026529094
24,Lapa sem fim cave,709,LSF19,421830,10972.306753505,39.4469821489402,43.7164648172038,-5.2395727854301,-4.48671844283612
24,Lapa sem fim cave,709,LSF19,421831,10987.7723694847,39.6365508663712,44.3759871629845,-5.7237124407918,-5.09709347581037
24,Lapa sem fim cave,709,LSF19,421832,11003.126986585,40.3886661353517,44.6272367015063,-5.38848303473549,-4.99211546781048
24,Lapa sem fim cave,709,LSF19,421833,11018.3391456404,40.8190162352821,45.1269883543973,-5.2354277541342,-4.77190531369851
24,Lapa sem fim cave,709,LSF19,421834,11033.7887883344,41.2506544927237,46.0233726105926,-5.79314171499821,-5.07485925554734
24,Lapa sem fim cave,709,LSF19,421835,11048.9890780792,41.9898642062999,46.7571114002658,-5.72444909887679,-5.10018111258463
24,Lapa sem fim cave,709,LSF19,421836,11064.3917076254,43.0530452672574,47.7046832219312,-5.67650722770344,-4.76848888864222
24,Lapa sem fim cave,709,LSF19,421837,11079.7426310234,43.3389663806902,48.6350700796356,-5.64492079232483,-4.96995599224856
24,Lapa sem fim cave,709,LSF19,421838,11095.0527686005,44.4139038150679,49.3158070305162,-5.75164001088556,-4.97538203892923
24,Lapa sem fim cave,709,LSF19,421839,11110.495930043,45.7168469005846,50.3484777157792,-5.61875209505324,-5.10711439445438
24,Lapa sem fim cave,709,LSF19,421840,11125.7949307724,46.4631155075895,51.2164611034805,-6.72499288362045,-4.92735147757071
24,Lapa sem fim cave,709,LSF19,421841,11141.1263536411,47.6581077831815,52.1241950391795,-5.66710285212146,-4.59586021832018
24,Lapa sem fim cave,709,LSF19,421842,11156.5614657864,48.4914065704888,53.2836319052876,-5.77545761426166,-4.7445740903089
24,Lapa sem fim cave,709,LSF19,421843,11171.7560953313,49.8485894746937,53.8502356334575,-5.96548733390188,-4.93689730043485
24,Lapa sem fim cave,709,LSF19,421844,11187.2328143862,50.9180347265756,54.9938032952869,-5.39498928908635,-4.46593654502193
24,Lapa sem fim cave,709,LSF19,421845,11202.5524971756,51.5631705677897,56.0497728047631,-5.40592698677409,-4.38273716258499
24,Lapa sem fim cave,709,LSF19,421846,11217.8580337827,52.4643525686042,56.8035586243222,-5.5524103586108,-4.45287384004994
24,Lapa sem fim cave,709,LSF19,421847,11233.3679197302,53.3061471221954,58.0024532964035,-5.78884862731861,-4.78858535782989
24,Lapa sem fim cave,709,LSF19,421848,11248.830430479,54.3461668642703,59.0994028297828,-6.12025064510967,-4.8001408276128
24,Lapa sem fim cave,709,LSF19,421849,11264.2622301026,55.3301057642093,59.9837520249639,-5.83198608922725,-4.37801449232589
24,Lapa sem fim cave,709,LSF19,421850,11279.6850352727,56.5450327296803,61.0030925004958,-6.00647814486246,-4.604300735379
24,Lapa sem fim cave,709,LSF19,421851,11295.1096580726,57.5701854395484,61.9913351763298,-6.06934435119852,-4.51497192983983
24,Lapa sem fim cave,709,LSF19,421852,11310.5717109031,58.3142328099766,63.0570853682093,-5.86398141050073,-3.93579168785132
24,Lapa sem fim cave,709,LSF19,421853,11325.8105272384,59.3251643769163,64.1598757200154,-5.55343257334797,-4.39157960902756
24,Lapa sem fim cave,709,LSF19,421854,11341.0277887982,60.549134388224,65.5418592947917,-5.5369749160795,-4.185590799854
24,Lapa sem fim cave,709,LSF19,421855,11356.6030766776,61.5774605854567,67.2607531366739,-5.37556720908009,-4.07867758377562
24,Lapa sem fim cave,709,LSF19,421856,11372.0419640544,62.7577450817498,68.9539200767722,-5.26148804441173,-4.04451358615659
24,Lapa sem fim cave,709,LSF19,421857,11387.3113381979,64.1996742524552,70.0670378043469,-5.39519373203379,-4.22568325588339
24,Lapa sem fim cave,709,LSF19,421858,11402.7940710803,65.6386558514296,71.4013353123028,-5.41584246972466,-4.41097270179366
24,Lapa sem fim cave,709,LSF19,421859,11418.037893677,67.3471856385131,72.2248577504579,-5.66863617422722,-4.5264269172768
24,Lapa sem fim cave,709,LSF19,421860,11433.331522398,68.7130399508278,73.1738720802714,-5.21681726039733,-4.13143081539324
24,Lapa sem fim cave,709,LSF19,421861,11448.7460973521,70.3740095060803,74.3336116603168,-5.1969862944962,-3.76999581705308
24,Lapa sem fim cave,709,LSF19,421862,11464.0688183256,71.9881774857167,75.6800657185631,-5.18144863049119,-3.74728680687102
24,Lapa sem fim cave,709,LSF19,421863,11479.4795355569,73.8106263561222,76.8982656481112,-5.28714563431474,-3.63534947349573
24,Lapa sem fim cave,709,LSF19,421864,11494.8743689667,75.1818229797136,78.2443968989483,-5.17091981869832,-3.45247160388798
24,Lapa sem fim cave,709,LSF19,421865,11510.1849652727,76.7265853528952,79.4771608352276,-5.42391796614831,-4.41509247797713
24,Lapa sem fim cave,709,LSF19,421866,11525.4368393439,78.2405175333643,80.6017231707538,-5.28857673494678,-4.0392885041678
24,Lapa sem fim cave,709,LSF19,421867,11540.8410407849,79.7418948355789,82.0077999185596,-5.6072010685232,-4.29782958026711
24,Lapa sem fim cave,709,LSF19,421868,11556.229078267,81.2218708613764,83.4458226545848,-5.55905475440241,-4.18016475317333
24,Lapa sem fim cave,709,LSF19,421869,11571.6097867392,82.5191371561341,85.0009370874504,-5.30135441916143,-4.2561294067027
24,Lapa sem fim cave,709,LSF19,421870,11587.0377028165,83.5559804241857,86.1218885470298,-5.55517033840116,-3.80938489666091
24,Lapa sem fim cave,709,LSF19,421871,11602.4370668265,84.6762827969378,87.6712490149457,-5.48801083016898,-3.75341622997326
24,Lapa sem fim cave,709,LSF19,421872,11617.7814385812,86.3533378683096,88.6987647700244,-5.58869898178039,-3.84264455316649
24,Lapa sem fim cave,709,LSF19,421873,11633.2306809882,87.8575601855082,89.9932363744483,-5.47063317963706,-4.13896699133861
24,Lapa sem fim cave,603,LSF15,376849,12144.41314,36.03273414,37.86442844,-4.79122981208,-1.83792
24,Lapa sem fim cave,603,LSF15,376850,12147.99567,35.68464199,37.59945098,-4.79122981208,-1.69391
24,Lapa sem fim cave,603,LSF15,376851,12151.4147,35.66735774,37.15942007,-4.82438631736,-1.83516
24,Lapa sem fim cave,603,LSF15,376852,12154.90496,35.3324245,36.69482686,-5.45072339773,-1.93318
24,Lapa sem fim cave,603,LSF15,376853,12158.41211,35.11658241,36.38033478,-5.9098875176,-2.52389
24,Lapa sem fim cave,603,LSF15,376854,12162.02712,34.69994965,35.95668643,-5.60602419019,-2.76234
24,Lapa sem fim cave,603,LSF15,376855,12165.50253,34.2454827,35.85035193,-5.79950844197,-1.99457
24,Lapa sem fim cave,603,LSF15,376856,12168.96967,33.8867974,35.27200188,-5.38312690954,-2.28585
24,Lapa sem fim cave,603,LSF15,376857,12172.5009,33.61811445,35.02044016,-5.44302253198,-2.39172
24,Lapa sem fim cave,603,LSF15,376858,12176.02792,33.30381055,34.71563816,-5.67190937488,-2.17152
24,Lapa sem fim cave,603,LSF15,376859,12179.49937,33.24527497,34.43112572,-5.57308159785,-2.41599
24,Lapa sem fim cave,603,LSF15,376860,12183.00501,33.12856128,34.09750386,-5.5575729099,-2.59967
24,Lapa sem fim cave,603,LSF15,376861,12186.56195,32.62514605,33.92306879,-6.20294824168,-2.44842
24,Lapa sem fim cave,603,LSF15,376862,12190.23867,32.21544013,33.53209157,-6.14241088043,-2.43292
24,Lapa sem fim cave,603,LSF15,376863,12193.84174,31.96249995,33.34894928,-6.14872131208,-2.62088
24,Lapa sem fim cave,603,LSF15,376864,12197.49481,31.6591125,33.0628971,-6.36348990111,-2.71512
24,Lapa sem fim cave,603,LSF15,376865,12201.12282,31.55628912,32.57744906,-6.28316559316,-3.32358
24,Lapa sem fim cave,603,LSF15,376866,12204.59163,31.61970513,32.34241702,-6.65120280176,-2.68728
24,Lapa sem fim cave,603,LSF15,376867,12208.11973,31.20944601,32.10629209,-6.03930484466,-2.8575
24,Lapa sem fim cave,603,LSF15,376868,12211.65527,30.92835328,31.62976934,-6.33076122171,-3.5244
24,Lapa sem fim cave,603,LSF15,376869,12215.08784,30.7797815,31.29237446,-6.18893694429,-3.2626
24,Lapa sem fim cave,603,LSF15,376870,12218.58505,30.66057703,30.92955809,-6.4928002717,-3.10513
24,Lapa sem fim cave,603,LSF15,376871,12222.20826,30.17657304,30.4872849,-6.60906195311,-3.04567
24,Lapa sem fim cave,603,LSF15,376872,12225.80818,29.85040175,30.52441423,-6.49975244216,-2.78702
24,Lapa sem fim cave,603,LSF15,376873,12229.34971,29.79949042,30.1829159,-5.64303112834,-2.50462
24,Lapa sem fim cave,603,LSF15,376874,12232.85801,30.05055377,29.8284169,-6.05181875149,-3.95775
24,Lapa sem fim cave,603,LSF15,376875,12236.44849,29.63190463,29.4747128,-6.14850739914,-3.84995
24,Lapa sem fim cave,603,LSF15,376876,12240.02459,29.42990491,29.62725247,-6.09695438126,-3.45484
24,Lapa sem fim cave,603,LSF15,376877,12243.39834,29.3797337,29.30848576,-6.23204040115,-3.73623
24,Lapa sem fim cave,603,LSF15,376878,12246.97842,29.11611002,29.05161494,-6.76885491727,-4.38274
24,Lapa sem fim cave,603,LSF15,376879,12250.53924,29.10429611,28.98317419,-6.97057481712,-3.62007
24,Lapa sem fim cave,603,LSF15,376880,12254.01413,28.82410725,29.02962764,-6.48584810124,-3.22588
24,Lapa sem fim cave,603,LSF15,376881,12257.58648,28.61532547,29.19743329,-6.09695438126,-2.92705
24,Lapa sem fim cave,603,LSF15,376882,12261.20785,28.33170189,29.10929183,-6.30006471521,-3.21731
24,Lapa sem fim cave,603,LSF15,376883,12264.65326,28.34272311,28.81743123,-6.2745021192,-3.53674
24,Lapa sem fim cave,603,LSF15,376884,12268.1889,28.43230777,28.70712382,-6.24273604802,-3.41293
24,Lapa sem fim cave,603,LSF15,376885,12271.77434,28.37744759,28.79364014,-6.10155350941,-3.45484
24,Lapa sem fim cave,603,LSF15,376886,12275.30898,28.40836063,28.82072733,-6.00764572994,-3.36611
24,Lapa sem fim cave,603,LSF15,376887,12278.90152,28.36798409,28.78793309,-5.62335113811,-3.62751
24,Lapa sem fim cave,603,LSF15,376888,12282.43414,28.21683365,28.52636472,-5.96668140245,-3.36781
24,Lapa sem fim cave,603,LSF15,376889,12285.99103,28.23955281,28.55791111,-5.92318577187,-3.16377
24,Lapa sem fim cave,603,LSF15,376890,12289.55153,28.23398991,28.61153605,-5.59885810679,-3.20191
24,Lapa sem fim cave,603,LSF15,376891,12300.26631,27.96389208,28.53481801,-5.80047105018,-3.7349
24,Lapa sem fim cave,603,LSF15,376892,12303.94466,27.78544949,28.5263911,-6.66628366384,-3.89717
24,Lapa sem fim cave,603,LSF15,376893,12307.64827,27.58165285,28.78985135,-6.33707165336,-3.45209
24,Lapa sem fim cave,603,LSF15,376894,12311.11344,27.66394296,28.62994662,-6.14348044512,-3.45556
24,Lapa sem fim cave,603,LSF15,376895,12314.60432,27.88381071,28.59641635,-5.84560667995,-3.6116
24,Lapa sem fim cave,603,LSF15,376896,12318.30222,28.04476978,28.73459311,-6.14198305456,-3.72868
24,Lapa sem fim cave,603,LSF15,376897,12321.77593,28.38840937,28.85010272,-6.51290808781,-3.28412
24,Lapa sem fim cave,603,LSF15,376898,12325.38826,28.34234491,29.06260446,-6.30551949511,-3.16407
24,Lapa sem fim cave,603,LSF15,376899,12328.99056,28.37620188,29.11736006,-6.42188813299,-2.90411
24,Lapa sem fim cave,603,LSF15,376900,12332.39173,28.70483294,29.04900653,-6.27471603214,-3.01293
24,Lapa sem fim cave,603,LSF15,376901,12336.10494,28.6847787,29.47092008,-6.17396303868,-3.47483
24,Lapa sem fim cave,603,LSF15,376902,12339.50163,29.10311364,29.45774426,-6.80447142132,-3.31033
24,Lapa sem fim cave,603,LSF15,376903,12343.16184,29.22829787,29.78454446,-6.34498643204,-2.8116
24,Lapa sem fim cave,603,LSF15,376904,12346.69781,29.6330881,30.02126943,-6.31995861838,-2.72481
24,Lapa sem fim cave,603,LSF15,376905,12350.33015,30.11455283,30.26291693,-5.75512150748,-3.10553
24,Lapa sem fim cave,603,LSF15,376906,12353.75058,30.53526994,30.18041056,-6.47664984494,-3.04934
24,Lapa sem fim cave,603,LSF15,376907,12357.41824,30.50368744,30.43470621,-5.79683453025,-2.94999
24,Lapa sem fim cave,603,LSF15,376908,12360.8752,30.61502984,30.72660254,-6.19198804592,-2.87074
24,Lapa sem fim cave,603,LSF15,376909,12364.43524,30.75412824,30.9138314,-6.32559046205,-3.073
24,Lapa sem fim cave,603,LSF15,376910,12368.01628,30.77067326,31.40488523,-6.49869272294,-3.0976
24,Lapa sem fim cave,603,LSF15,376911,12371.65007,30.82044761,31.60415052,-6.71396687691,-3.4451
24,Lapa sem fim cave,603,LSF15,376912,12375.34029,31.06157564,31.84913772,-7.12046674997,-3.2781
24,Lapa sem fim cave,603,LSF15,376913,12378.83417,31.28010218,32.10390246,-7.02926857896,-3.50269
24,Lapa sem fim cave,603,LSF15,376914,12382.41374,31.59166206,32.33613195,-6.78065190896,-3.25327
24,Lapa sem fim cave,603,LSF15,376915,12385.84249,32.10032453,32.49811198,-6.88811472193,-3.47265
24,Lapa sem fim cave,603,LSF15,376916,12389.33372,32.54403778,32.47774993,-7.18831354216,-3.56482
24,Lapa sem fim cave,603,LSF15,376917,12392.99394,32.77487468,33.07669356,-7.16356805117,-3.43047
24,Lapa sem fim cave,603,LSF15,376918,12396.53799,33.16389422,33.35952679,-7.31157629303,-3.59849
24,Lapa sem fim cave,603,LSF15,376919,12400.21667,33.46491117,34.0074213,-7.3510761378,-3.75348
24,Lapa sem fim cave,603,LSF15,376920,12403.90051,33.71567865,34.5001649,-7.06121698282,-3.54351
24,Lapa sem fim cave,603,LSF15,376921,12407.53961,33.88872526,34.85698296,-6.82932965884,-3.15826
24,Lapa sem fim cave,603,LSF15,376922,12411.17088,34.13907404,35.5132477,-6.59872027101,-3.14136
24,Lapa sem fim cave,603,LSF15,376923,12414.58742,34.54862774,35.76439326,-6.57351007597,-4.16118
24,Lapa sem fim cave,603,LSF15,376924,12418.21214,34.79775883,35.91946464,-6.77902544477,-4.15676
24,Lapa sem fim cave,603,LSF15,376925,12421.83892,35.33347743,36.5017016,-8.10238642046,-3.71833
24,Lapa sem fim cave,603,LSF15,376926,12425.36371,35.76648643,36.82572685,-7.54927241772,-3.93919
24,Lapa sem fim cave,603,LSF15,376927,12429.0265,35.92760258,37.10364365,-7.64825438166,-3.76085
24,Lapa sem fim cave,603,LSF15,376928,12432.63757,36.27726337,37.42590247,-7.53939745652,-3.8274
24,Lapa sem fim cave,603,LSF15,376929,12436.23191,36.78761015,37.65738117,-7.34375704892,-3.30973
24,Lapa sem fim cave,603,LSF15,376930,12439.85682,37.1045464,38.22959863,-6.42329448984,-3.09069
24,Lapa sem fim cave,603,LSF15,376931,12443.38116,37.57222916,38.65851468,-6.65227741347,-3.42832
24,Lapa sem fim cave,603,LSF15,376932,12446.95241,37.952281,39.20560831,-7.25151329378,-3.40269
24,Lapa sem fim cave,603,LSF15,376933,12450.46625,38.39851723,39.82889444,-7.33899383234,-3.06336
24,Lapa sem fim cave,603,LSF15,376934,12453.91923,38.88872414,40.13168273,-6.48045308874,-3.60201
24,Lapa sem fim cave,603,LSF15,376935,12461.20212,39.45750416,41.19682367,-6.54586018463,-3.03207
24,Lapa sem fim cave,603,LSF15,376936,12464.76442,39.8358802,41.48598412,-6.71919479755,-2.78718
24,Lapa sem fim cave,603,LSF15,376937,12468.3251,40.19327291,42.07132951,-6.9434145046,-3.19476
24,Lapa sem fim cave,603,LSF15,376938,12471.46247,40.10735894,41.82885772,-7.08933157821,-2.80351
24,Lapa sem fim cave,603,LSF15,376939,12474.66153,39.63914379,41.56722219,-5.84369235589,-3.27197
24,Lapa sem fim cave,603,LSF15,376940,12477.84482,39.23644054,41.04469399,-6.24403490021,-3.80382
24,Lapa sem fim cave,603,LSF15,376941,12481.00045,38.93095246,40.82801352,-6.18641159725,-4.06027
24,Lapa sem fim cave,603,LSF15,376942,12484.17645,38.51540336,40.61257423,-7.43483904391,-4.18317
24,Lapa sem fim cave,603,LSF15,376943,12487.26174,38.3201501,40.16436565,-7.91743420614,-4.24258
24,Lapa sem fim cave,603,LSF15,376944,12493.51642,37.81982322,39.70610037,-7.4364655081,-4.158
24,Lapa sem fim cave,603,LSF15,376945,12496.63312,37.55319072,39.404587,-6.56537775498,-3.98363
24,Lapa sem fim cave,603,LSF15,376946,12499.80141,37.31686943,39.15919153,-6.70746102013,-4.08544
24,Lapa sem fim cave,603,LSF15,376947,12503.01133,36.9587138,39.03194955,-7.71273206944,-4.01005
24,Lapa sem fim cave,603,LSF15,376948,12506.16206,36.63646829,38.5750239,-6.78820334987,-4.09712
24,Lapa sem fim cave,603,LSF15,376949,12509.24339,36.37434684,38.1367492,-6.27319507972,-3.93511
24,Lapa sem fim cave,603,LSF15,376950,12512.34721,35.94399027,37.88936772,-6.24031726776,-3.88669
24,Lapa sem fim cave,603,LSF15,376951,12515.34499,35.91250677,37.4161529,-5.84892027653,-4.02535
24,Lapa sem fim cave,603,LSF15,376952,12518.4655,35.5081119,37.37728929,-6.62056136164,-3.85654
24,Lapa sem fim cave,603,LSF15,376953,12521.59881,35.30119455,37.06997074,-7.08828599409,-4.42421
24,Lapa sem fim cave,603,LSF15,376954,12524.65131,35.14946249,36.63641859,-6.47220459174,-4.50266
24,Lapa sem fim cave,603,LSF15,376955,12527.72442,34.86898785,36.20394541,-6.32535811002,-4.16775
24,Lapa sem fim cave,603,LSF15,376956,12530.82144,34.6186662,35.83444585,-6.51298237266,-3.96243
24,Lapa sem fim cave,603,LSF15,376957,12533.90291,34.58478945,35.64474856,-6.41202541648,-0.8734
24,Lapa sem fim cave,603,LSF15,376958,12536.98376,34.60094935,35.57807932,-1.00542607604,-3.83284
24,Lapa sem fim cave,603,LSF15,376959,12540.04499,34.2373859,35.28879897,-6.68794344977,-4.03714
24,Lapa sem fim cave,603,LSF15,376960,12543.22029,33.88663139,34.90363968,-7.18924295027,-4.36616
24,Lapa sem fim cave,603,LSF15,376961,12546.31282,33.79075733,34.45895181,-6.89624704291,-4.61559
24,Lapa sem fim cave,603,LSF15,376962,12549.37618,33.68726025,34.06505806,-7.26661617561,-4.72839
24,Lapa sem fim cave,603,LSF15,376963,12552.42824,33.3418815,33.6061171,-6.83188553114,-4.99766
24,Lapa sem fim cave,603,LSF15,376964,12555.47552,33.16521752,33.05000388,-7.24372950084,-4.84857
24,Lapa sem fim cave,603,LSF15,376965,12558.59276,32.89007908,32.59571031,-7.1431210727,-4.80132
24,Lapa sem fim cave,603,LSF15,376966,12564.91824,32.03175128,32.16860657,-6.55277040375,-4.6342
24,Lapa sem fim cave,603,LSF15,376967,12568.20309,31.6887286,32.105458,-7.68033491494,-4.72066
24,Lapa sem fim cave,603,LSF15,376968,12571.35649,31.32225147,31.90453899,-7.43981765743,-4.53605
24,Lapa sem fim cave,603,LSF15,376969,12574.52969,30.96708654,31.73195345,-7.60882978433,-4.29244
24,Lapa sem fim cave,603,LSF15,376970,12577.6802,30.55014678,31.59074759,-7.0307145331,-4.51794
24,Lapa sem fim cave,603,LSF15,376971,12580.75569,30.43304418,31.28530195,-7.01153282891,-4.21645
24,Lapa sem fim cave,603,LSF15,376972,12583.91241,30.22547096,31.07625375,-7.39783103826,-4.4088
24,Lapa sem fim cave,603,LSF15,376973,12587.03525,30.11998144,30.51555936,-7.65848908517,-4.28298
24,Lapa sem fim cave,603,LSF15,376974,12590.08945,30.22101372,30.59559286,-7.14378002279,-4.75158
24,Lapa sem fim cave,603,LSF15,376975,12593.18784,30.20935733,30.35996739,-7.19748879452,-4.51835
24,Lapa sem fim cave,603,LSF15,376976,12596.27794,29.85603399,30.22019461,-7.67596574899,-4.74558
24,Lapa sem fim cave,603,LSF15,376977,12599.27042,29.85593951,30.03186783,-7.76984953449,-4.92826
24,Lapa sem fim cave,603,LSF15,376978,12602.40569,29.76742734,29.76540647,-8.01335061266,-5.28163
24,Lapa sem fim cave,603,LSF15,376979,12605.4053,29.57085072,29.27985116,-8.11224295425,-4.96203
24,Lapa sem fim cave,603,LSF15,376980,12608.41712,29.38692727,28.94107307,-7.5555472727,-5.14543
24,Lapa sem fim cave,603,LSF15,376981,12611.5336,29.27691471,28.84959428,-7.7827439023,-4.79898
24,Lapa sem fim cave,603,LSF15,376982,12614.59331,29.1907694,28.59396857,-7.59945206228,-4.08473
24,Lapa sem fim cave,603,LSF15,376983,12617.74505,29.04661002,28.46968243,-6.85541506983,-3.60951
24,Lapa sem fim cave,603,LSF15,376984,12620.8553,28.87108121,28.33187936,-6.62896439538,-4.1834
24,Lapa sem fim cave,603,LSF15,376985,12623.99025,28.55537441,28.2383065,-7.28988066969,-3.81061
24,Lapa sem fim cave,603,LSF15,376986,12627.1843,28.34863868,28.01362821,-7.36373023081,-3.38523
24,Lapa sem fim cave,603,LSF15,376987,12630.34436,27.99033672,27.75498954,-7.67596574899,-3.29674
24,Lapa sem fim cave,603,LSF15,376988,12633.44509,27.72231857,27.54055398,-7.48755878785,-4.0829
24,Lapa sem fim cave,603,LSF15,376989,12636.57892,27.61378643,27.30388157,-6.92116568918,-4.59484
24,Lapa sem fim cave,603,LSF15,376990,12639.76544,27.42809781,27.22859862,-6.92915806593,-4.19672
24,Lapa sem fim cave,603,LSF15,376991,12642.89355,27.38582776,27.13246065,-7.16456020233,-3.83512
24,Lapa sem fim cave,603,LSF15,376992,12646.0336,27.04412061,27.09831292,-6.68267316711,-4.45844
24,Lapa sem fim cave,603,LSF15,376993,12649.16428,27.03876252,26.9830322,-7.17436418447,-4.3078
24,Lapa sem fim cave,603,LSF15,376994,12652.26939,26.7935337,26.80408605,-7.360000455,-4.05605
24,Lapa sem fim cave,603,LSF15,376995,12655.27801,26.7030378,26.6057589,-6.98286683765,-4.14495
24,Lapa sem fim cave,603,LSF15,376996,12658.2942,26.69874745,26.24164511,-7.09955553813,-3.68407
24,Lapa sem fim cave,603,LSF15,376997,12661.47172,26.49795471,26.04704877,-7.4955511646,-2.87411
24,Lapa sem fim cave,603,LSF15,376998,12664.62206,26.38127422,25.86489135,-7.1090398252,-3.50719
24,Lapa sem fim cave,603,LSF15,376999,12667.69289,26.22551841,25.65919879,-7.22828608624,-3.70757
24,Lapa sem fim cave,603,LSF15,377000,12670.78887,26.06111826,25.36671752,-7.73574872704,-4.49231
24,Lapa sem fim cave,603,LSF15,377001,12673.9486,25.87129451,25.21180935,-7.50972431269,-4.76145
24,Lapa sem fim cave,603,LSF15,377002,12677.00342,25.89623052,24.93621952,-6.68000904153,-4.86174
24,Lapa sem fim cave,603,LSF15,377003,12680.22226,25.76534959,24.84255468,-7.49427238432,-4.68089
24,Lapa sem fim cave,603,LSF15,377004,12683.4737,25.63515028,24.76138902,-7.05916739431,-4.85696
24,Lapa sem fim cave,603,LSF15,377005,12686.62341,25.51775863,24.65035124,-7.9539938947,-4.98228
24,Lapa sem fim cave,603,LSF15,377006,12689.74971,25.35890276,24.53995062,-7.35701663435,-5.1734
24,Lapa sem fim cave,603,LSF15,377007,12692.91101,25.18849042,24.54751212,-6.88024472025,-5.53236
24,Lapa sem fim cave,603,LSF15,377008,12696.13926,24.81534781,24.6224047,-7.19343932363,-5.07565
24,Lapa sem fim cave,603,LSF15,377009,12699.2699,24.81591433,24.48337213,-7.40092142393,-4.52659
24,Lapa sem fim cave,603,LSF15,377010,12702.33753,24.85174991,24.30172623,-7.36490244607,-4.563
24,Lapa sem fim cave,603,LSF15,377011,12705.37771,24.82069475,24.20960942,-7.31407092997,-4.059
24,Lapa sem fim cave,603,LSF15,377012,12708.5054,24.76597849,24.19400467,-7.17681518,-4.4976
24,Lapa sem fim cave,603,LSF15,377013,12711.59259,24.65676591,24.05832868,-6.85616102499,-4.43158
24,Lapa sem fim cave,603,LSF15,377014,12714.67803,24.6416241,23.75294278,-6.94290495393,-5.09762
24,Lapa sem fim cave,603,LSF15,377015,12717.80981,24.63875362,23.77053651,-7.6842778208,-5.30024
24,Lapa sem fim cave,603,LSF15,377016,12720.97686,24.69874246,23.52117351,-7.87321760706,-4.68455
24,Lapa sem fim cave,603,LSF15,377017,12724.09655,24.67612545,23.61002338,-8.12044846104,-4.31766
24,Lapa sem fim cave,603,LSF15,377018,12727.1674,24.69930925,23.61745812,-6.6844847725,-4.93152
24,Lapa sem fim cave,603,LSF15,377019,12730.25806,24.48044736,23.34031888,-7.87577516762,-4.83621
24,Lapa sem fim cave,603,LSF15,377020,12733.51176,24.37588378,23.17584295,-7.40582341501,-5.77088
24,Lapa sem fim cave,603,LSF15,377021,12736.62729,24.25702836,23.14313438,-6.96826742947,-5.59684
24,Lapa sem fim cave,603,LSF15,377022,12739.60645,24.26962036,22.95187045,-7.75620921151,-5.67913
24,Lapa sem fim cave,603,LSF15,377023,12742.67747,24.24118355,22.91556734,-7.50482232162,-5.4577
24,Lapa sem fim cave,603,LSF15,377024,12745.81958,24.1782763,22.9570119,-6.33026263516,-5.96672
24,Lapa sem fim cave,603,LSF15,377025,12748.9836,23.89052466,23.07302786,-6.57074023427,-6.12017
24,Lapa sem fim cave,603,LSF15,377026,12752.07438,23.77332147,23.00472279,-7.31331615098,-6.66314
24,Lapa sem fim cave,603,LSF15,377027,12755.29376,23.82982123,23.03947794,-6.78929688106,-5.86219
24,Lapa sem fim cave,603,LSF15,377028,12758.296,24.1192939,22.87159424,-7.13609409459,-6.53973
24,Lapa sem fim cave,603,LSF15,377029,12761.43802,24.30591361,22.95105945,-7.13382069212,-6.76188
24,Lapa sem fim cave,603,LSF15,377030,12764.60289,24.18572122,22.77987821,-0.365017430437,-7.23482
24,Lapa sem fim cave,603,LSF15,377031,12767.6757,24.50194747,22.71740932,-7.59821481537,-5.8291
24,Lapa sem fim cave,603,LSF15,377032,12770.86487,24.42744087,22.85185915,-6.67924353409,-6.37663
24,Lapa sem fim cave,603,LSF15,377033,12774.00326,24.57545821,22.90241196,-7.00744018194,-6.01878
24,Lapa sem fim cave,603,LSF15,377034,12777.27277,24.43380471,23.07801264,-1.50549618899,-5.99483
24,Lapa sem fim cave,603,LSF15,377035,12780.41484,24.37486047,23.23004209,-4.84739782361,-6.93776
24,Lapa sem fim cave,603,LSF15,377036,12783.5167,24.49651175,23.28621508,-0.76302360876,-7.08969
24,Lapa sem fim cave,603,LSF15,377037,12786.54685,24.5980226,23.30981812,-7.2572044445,-6.99297
24,Lapa sem fim cave,603,LSF15,377038,12789.64569,24.89065672,23.35538361,-7.34586714092,-7.15282
24,Lapa sem fim cave,603,LSF15,377039,12792.68468,25.31056539,23.34654959,-6.69402065016,-7.24304
24,Lapa sem fim cave,603,LSF15,377040,12795.93943,25.36043205,23.56834077,-6.7485823095,-6.65481
24,Lapa sem fim cave,603,LSF15,377041,12799.11485,25.50062628,23.71532589,-6.58417397615,-7.01317
24,Lapa sem fim cave,603,LSF15,377042,12802.27506,25.61033447,23.9006346,-7.6584599809,-7.09253
24,Lapa sem fim cave,603,LSF15,377043,12805.34074,25.90103174,23.96686335,-6.87279275369,-7.30353
24,Lapa sem fim cave,603,LSF15,377044,12808.46916,25.95410796,24.01538092,-6.90104953896,-7.42176
24,Lapa sem fim cave,603,LSF15,377045,12811.5906,26.15057966,24.15198947,-5.15069038074,-7.34291
24,Lapa sem fim cave,603,LSF15,377046,12814.75766,26.27010085,24.29625587,-2.20146735502,-6.88032
24,Lapa sem fim cave,603,LSF15,377047,12817.91454,26.30332067,24.41542481,-2.96863735302,-7.08685
24,Lapa sem fim cave,603,LSF15,377048,12821.03838,26.32681652,24.61331118,-6.53891259965,-7.33164
24,Lapa sem fim cave,603,LSF15,377049,12824.18369,26.40961557,24.80252734,-7.25338099488,-7.17433
24,Lapa sem fim cave,603,LSF15,377050,12827.31976,26.51304494,24.99200391,-6.99648651549,-7.5811
24,Lapa sem fim cave,603,LSF15,377051,12830.4404,26.76301762,25.02925224,-7.30887268251,-7.52589
24,Lapa sem fim cave,603,LSF15,377052,12833.60692,26.78330774,25.22225291,-6.92880112369,-7.104
24,Lapa sem fim cave,603,LSF15,377053,12836.75842,26.87361488,25.45118113,-6.93789473358,-6.96385
24,Lapa sem fim cave,603,LSF15,377054,12839.9163,26.99225679,25.63262099,-6.73917869019,-7.02342
24,Lapa sem fim cave,603,LSF15,377055,12842.9395,27.24503038,25.76263081,-6.85522555276,-7.04291
24,Lapa sem fim cave,603,LSF15,377056,12846.11388,27.35197631,26.05112067,-6.73411520286,-6.15245
24,Lapa sem fim cave,603,LSF15,377057,12849.20756,27.50928929,26.13202902,-6.02698369743,-6.46107
24,Lapa sem fim cave,603,LSF15,377058,12852.36283,27.80013494,26.37371053,-6.49509793382,-6.41469
24,Lapa sem fim cave,603,LSF15,377059,12855.42189,28.2247805,26.49410987,-6.34980684853,-6.39835
24,Lapa sem fim cave,603,LSF15,377060,12858.6506,28.31041903,26.72532126,-6.07369178459,-5.66784
24,Lapa sem fim cave,603,LSF15,377061,12861.75568,28.4762197,26.81025965,-6.31777254096,-5.17328
24,Lapa sem fim cave,603,LSF15,377062,12864.9204,28.55547764,26.87915102,-5.48560389954,-5.76679
24,Lapa sem fim cave,603,LSF15,377063,12868.09497,28.60724809,26.9437009,-6.08784888181,-3.94943
24,Lapa sem fim cave,603,LSF15,377064,12871.26682,28.87612652,27.18617765,-5.56062618113,-4.59064
24,Lapa sem fim cave,603,LSF15,377065,12874.36191,29.17733789,27.38641958,-5.80036680551,-3.80339
24,Lapa sem fim cave,603,LSF15,377066,12877.52588,29.46277889,27.6216825,-5.39125769693,-4.57206
24,Lapa sem fim cave,603,LSF15,377067,12880.70424,29.76310647,27.75754983,-6.46792044062,-4.67416
24,Lapa sem fim cave,603,LSF15,377068,12883.8512,29.94186569,27.9126294,-6.17103474501,-4.45363
24,Lapa sem fim cave,603,LSF15,377069,12891.3238,29.51740905,27.59752863,-6.21670946741,-5.97575
24,Lapa sem fim cave,603,LSF15,377070,12898.79524,29.10225468,27.40638302,-6.01985348058,-7.3766
24,Lapa sem fim cave,603,LSF15,377071,12906.26278,28.81793786,27.02445246,-7.61433530563,-7.08837
24,Lapa sem fim cave,603,LSF15,377072,12913.76791,28.46785609,26.77094182,-6.83063147147,-6.79974
24,Lapa sem fim cave,603,LSF15,377073,12921.26151,28.22176669,26.33000683,-6.24957046678,-7.13597
24,Lapa sem fim cave,603,LSF15,377074,12928.77684,28.01492666,26.14142729,-6.28635825225,-7.18306
24,Lapa sem fim cave,603,LSF15,377075,12936.29449,27.77363889,25.88273888,-6.48125084603,-7.10684
24,Lapa sem fim cave,603,LSF15,377076,12943.76422,27.63897355,25.63019011,-6.91299064286,-7.24304
24,Lapa sem fim cave,603,LSF15,377077,12951.28379,27.30640374,25.2584831,-6.57900715235,-7.34514
24,Lapa sem fim cave,603,LSF15,377078,12958.81874,26.88113204,25.09871848,-1.20292698719,-7.23604
24,Lapa sem fim cave,603,LSF15,377079,12966.42421,26.3216385,24.99077481,-6.2206362535,-7.4723
24,Lapa sem fim cave,603,LSF15,377080,12973.86296,26.08357901,24.86156201,-6.32717616028,-7.47839
24,Lapa sem fim cave,603,LSF15,377081,12981.27565,26.00907367,24.5178507,-3.73963080063,-7.23979
24,Lapa sem fim cave,603,LSF15,377082,12988.82983,25.51112802,24.14939034,-6.66766984878,-7.21939
24,Lapa sem fim cave,603,LSF15,377083,12996.3254,25.17080128,23.90309058,-5.91693035046,-7.01987
24,Lapa sem fim cave,603,LSF15,377084,13003.77938,24.84340464,23.64625693,-1.91946211195,-7.16866
24,Lapa sem fim cave,603,LSF15,377085,13011.30211,24.69482908,23.51798597,-6.09042789819,-7.35433
24,Lapa sem fim cave,603,LSF15,377086,13018.79606,24.48787526,23.36357369,-5.91440797261,-7.13011
24,Lapa sem fim cave,603,LSF15,377087,13026.27904,24.08011746,23.2545893,-6.04992266108,-6.84133
24,Lapa sem fim cave,603,LSF15,377088,13033.84316,23.73709904,23.0475243,-6.25303404978,-7.08245
24,Lapa sem fim cave,603,LSF15,377089,13041.31554,23.48193908,22.69038189,-6.48725300161,-6.78386
24,Lapa sem fim cave,603,LSF15,377090,13048.79172,23.52711813,22.61732978,-6.93020875078,-6.86157
24,Lapa sem fim cave,603,LSF15,377091,13056.27667,23.28838187,22.56808408,-7.03531295635,-6.74652
24,Lapa sem fim cave,603,LSF15,377092,13063.70688,23.08092806,22.43248298,-6.20918971239,-7.33683
24,Lapa sem fim cave,603,LSF15,377093,13071.21622,22.77919478,22.3809232,-5.92153368146,-6.74409
24,Lapa sem fim cave,603,LSF15,377094,13078.82481,22.65899677,22.29888541,-6.03668100566,-6.85013
24,Lapa sem fim cave,603,LSF15,377095,13086.32842,22.53124853,22.15733806,-6.30374018089,-5.42152
24,Lapa sem fim cave,603,LSF15,377096,13093.88052,22.4706764,21.90258354,-5.50214957063,-5.09935
24,Lapa sem fim cave,603,LSF15,377097,13101.48613,22.34741197,21.92105339,-5.62906980511,-5.352
24,Lapa sem fim cave,603,LSF15,377098,13108.96479,22.07115843,21.63207132,-5.45763970809,-4.72274
24,Lapa sem fim cave,603,LSF15,377099,13116.51509,21.97841392,21.66745903,-4.73567114891,-4.50186
24,Lapa sem fim cave,603,LSF15,377100,13124.05811,21.55713743,21.54142559,-4.71790851235,-5.14377
24,Lapa sem fim cave,603,LSF15,377101,13131.63737,21.36398548,21.81422966,-5.0842112558,-5.37386
24,Lapa sem fim cave,603,LSF15,377102,13139.11645,21.40673871,21.90121724,-5.54387111231,-4.90598
24,Lapa sem fim cave,603,LSF15,377103,13146.65517,21.33789884,21.69778417,-5.72490542561,-4.56246
24,Lapa sem fim cave,603,LSF15,377104,13154.18636,21.1110712,21.67122514,-5.33960079189,-4.41494
24,Lapa sem fim cave,603,LSF15,377105,13161.80052,20.9798446,21.78246383,-5.3101685162,-3.62935
24,Lapa sem fim cave,603,LSF15,377106,13169.27483,20.99367004,21.65180553,-4.20919486302,-3.10218
24,Lapa sem fim cave,603,LSF15,377107,13176.66256,21.37748964,21.5517073,-4.10664661824,-3.75815
24,Lapa sem fim cave,603,LSF15,377108,13184.24819,21.25819568,21.52685805,-4.26034850241,-3.03064
24,Lapa sem fim cave,603,LSF15,377109,13191.81865,21.12486602,21.6895453,-3.89938143468,-1.7969
24,Lapa sem fim cave,603,LSF15,377110,13199.39754,20.86359294,21.80293954,-3.88048281555,-0.46967
24,Lapa sem fim cave,603,LSF15,377111,13206.90254,21.01779573,21.98971145,-2.89971677256,-0.62661
24,Lapa sem fim cave,603,LSF15,377112,13214.27287,21.28944062,21.99878477,-3.11338476698,-0.18201
24,Lapa sem fim cave,603,LSF15,377113,13221.75957,21.35358676,21.9963847,-2.66974341216,-1.51187
24,Lapa sem fim cave,603,LSF15,377114,13229.18494,21.52205154,21.80252361,-3.82595565216,-2.39622
24,Lapa sem fim cave,603,LSF15,377115,13236.66484,21.65946456,21.93799818,-4.10158633224,-2.17523
24,Lapa sem fim cave,603,LSF15,377116,13244.23957,21.69192395,22.18467405,-3.96010486663,-1.71282
24,Lapa sem fim cave,603,LSF15,377117,13251.80575,21.73826204,22.21354846,-3.78382102591,-1.89121
24,Lapa sem fim cave,603,LSF15,377118,13259.27951,21.87640557,22.16211224,-3.10729176955,-2.71768
24,Lapa sem fim cave,603,LSF15,377119,13266.85737,21.79426068,22.27664184,-3.32715603253,-2.74753
24,Lapa sem fim cave,603,LSF15,377120,13274.34415,21.95492955,22.49551702,-4.08800043968,-2.45925
24,Lapa sem fim cave,603,LSF15,377121,13281.84322,22.15763098,22.69899942,-4.07804051169,-1.87026
24,Lapa sem fim cave,603,LSF15,377122,13289.3201,22.38325109,22.90117669,-4.23656171585,-2.4464
24,Lapa sem fim cave,603,LSF15,377123,13296.83567,22.48125006,23.08644891,-4.47945544367,-3.11179
24,Lapa sem fim cave,603,LSF15,377124,13304.40334,22.65619839,23.33555653,-4.6538115564,-2.6342
24,Lapa sem fim cave,603,LSF15,377125,13311.94054,22.73646516,23.6641209,-4.51043678651,-2.68894
24,Lapa sem fim cave,603,LSF15,377126,13319.35885,23.10039605,23.80278486,-4.40654601687,-2.55153
24,Lapa sem fim cave,603,LSF15,377127,13326.89412,23.26613693,24.04723609,-4.22034814644,-2.87249
24,Lapa sem fim cave,603,LSF15,377128,13334.51,23.32818715,24.37095529,-4.11490830966,-2.21601
24,Lapa sem fim cave,603,LSF15,377129,13341.94132,23.7581913,24.35961533,-4.01651385973,-2.83566
24,Lapa sem fim cave,603,LSF15,377130,13349.48517,23.95846873,24.53984834,-4.20504106816,-2.73488
24,Lapa sem fim cave,603,LSF15,377131,13356.97066,24.01247886,24.45364097,-4.86486334853,-2.86379
24,Lapa sem fim cave,603,LSF15,377132,13364.47814,24.366907,24.78856514,-4.43628810599,-2.90821
24,Lapa sem fim cave,603,LSF15,377133,13371.92257,24.45169007,24.86343999,-4.15415134392,-2.9246
24,Lapa sem fim cave,603,LSF15,377134,13379.46189,24.63018092,25.10464361,-4.67122995582,-2.65656
24,Lapa sem fim cave,603,LSF15,377135,13387.04394,24.85516994,25.48910784,-4.33291369207,-3.54192
24,Lapa sem fim cave,603,LSF15,377136,13394.58278,25.18933266,25.93976779,-4.17862660475,-3.03317
24,Lapa sem fim cave,603,LSF15,377137,13402.07626,25.53737312,26.27239556,-3.87717813898,-2.76969
24,Lapa sem fim cave,603,LSF15,377138,13409.62296,25.89218916,26.91137436,-4.56713264389,-3.0441
24,Lapa sem fim cave,603,LSF15,377139,13417.08695,26.25638628,27.23179707,-3.94492400864,-3.42506
24,Lapa sem fim cave,603,LSF15,377140,13424.59497,26.51506226,27.06202221,-4.02898671887,-2.46553
24,Lapa sem fim cave,603,LSF15,377141,13432.10347,26.82859244,27.4101723,-4.07556200426,-2.70351
24,Lapa sem fim cave,603,LSF15,377142,13439.66892,27.04834102,27.75276647,-4.31783610522,-2.36495
24,Lapa sem fim cave,603,LSF15,377143,13447.15937,27.31654668,28.06898156,-4.31380853065,-2.08983
24,Lapa sem fim cave,603,LSF15,377144,13454.73769,27.58242517,28.40241951,-3.66289051771,-2.55494
24,Lapa sem fim cave,603,LSF15,377145,13462.31396,27.89380643,28.78779078,-4.18957298346,-2.63806
24,Lapa sem fim cave,603,LSF15,377146,13469.86307,28.15453027,29.08937791,-4.14690831816,-2.54657
24,Lapa sem fim cave,603,LSF15,377147,13477.2747,28.4929894,29.25525428,-4.13672697758,-3.56057
24,Lapa sem fim cave,603,LSF15,377148,13484.79284,29.00392924,29.56298159,-4.41172706451,-2.63235
24,Lapa sem fim cave,603,LSF15,377149,13492.23163,29.5338558,29.9641595,-3.56634103562,-3.99618
24,Lapa sem fim cave,603,LSF15,377150,13499.60546,29.91579482,30.30617854,-4.09745609248,-3.55384
24,Lapa sem fim cave,603,LSF15,377151,13507.11139,30.30761282,30.74605225,-3.86235023803,-3.00564
24,Lapa sem fim cave,603,LSF15,377152,13514.55356,30.58979693,31.02592502,-3.97237105105,-2.78748
24,Lapa sem fim cave,603,LSF15,377153,13521.96074,30.95439057,31.27381252,-3.95076167512,-2.81114
24,Lapa sem fim cave,603,LSF15,377154,13529.59549,31.05541383,31.54087287,-4.33328918554,-3.35455
24,Lapa sem fim cave,603,LSF15,377155,13537.12713,31.50055737,31.81844723,-4.62761304133,-4.52215
24,Lapa sem fim cave,603,LSF15,377156,13544.56422,31.81753817,32.15500211,-5.29916595479,-4.27859
24,Lapa sem fim cave,603,LSF15,377157,13552.09367,32.31285678,32.65975548,-4.70147970616,-3.83646
24,Lapa sem fim cave,603,LSF15,377158,13559.53862,32.82519281,33.15315429,-4.96525954021,-3.46715
24,Lapa sem fim cave,603,LSF15,377159,13567.0791,33.2508304,33.61374346,-4.80994215072,-3.58964
24,Lapa sem fim cave,603,LSF15,377160,13574.65481,33.45309656,34.0512021,-4.57971918411,-3.2904
24,Lapa sem fim cave,603,LSF15,377161,13582.24945,34.03908486,34.55445565,-4.33983433306,-3.76966
24,Lapa sem fim cave,603,LSF15,377162,13589.66394,34.40332027,34.81884629,-4.69275284281,-3.89959
24,Lapa sem fim cave,603,LSF15,377163,13597.07395,34.83158187,35.04057979,-5.03860674889,-4.1663
24,Lapa sem fim cave,603,LSF15,377164,13603.55223,33.85866531,35.14641565,-5.43734129125,-4.19965
24,Lapa sem fim cave,603,LSF15,377165,13609.29727,34.08284076,33.99130367,-4.98272481039,-4.21893
24,Lapa sem fim cave,603,LSF15,377166,13615.47662,33.6799604,33.89799635,-5.18914514177,-3.00747
24,Lapa sem fim cave,603,LSF15,377167,13621.58786,33.78975753,33.60993836,-4.28175913525,-2.99044
24,Lapa sem fim cave,603,LSF15,377168,13627.79692,34.01233016,34.21006666,-4.16508928349,-2.89273
24,Lapa sem fim cave,603,LSF15,377169,13633.89622,34.09995956,35.10645845,-4.2371897974,-2.50261
24,Lapa sem fim cave,603,LSF15,377170,13640.32156,34.39519765,36.06406768,-3.91710091647,-2.48517
24,Lapa sem fim cave,603,LSF15,377171,13646.26317,35.35043,36.08194245,-3.60677781119,-3.26959
24,Lapa sem fim cave,603,LSF15,377172,13652.13967,36.38098723,36.26575677,-4.56309658724,-3.90357
24,Lapa sem fim cave,603,LSF15,377173,13658.46619,36.75859794,37.22028892,-4.92692367618,-3.70856
24,Lapa sem fim cave,603,LSF15,377174,13664.56835,37.72516963,38.12212116,-4.96598677882,-4.12112
24,Lapa sem fim cave,603,LSF15,377175,13670.75318,39.62565801,39.24151935,-5.15621162173,-4.2788
24,Lapa sem fim cave,603,LSF15,377176,13676.88681,41.09259261,40.5690806,-5.76948155491,-3.87155
24,Lapa sem fim cave,603,LSF15,377177,13683.19281,42.12575587,42.02087344,-5.63244902199,-3.43839
24,Lapa sem fim cave,603,LSF15,377178,13689.51533,43.44113809,43.91125694,-4.90115865104,-3.03022
24,Lapa sem fim cave,603,LSF15,377179,13695.64697,45.56033325,45.66659304,-4.86864069591,-2.63061
24,Lapa sem fim cave,603,LSF15,377180,13701.75946,47.09674876,47.4531484,-4.58803048254,-2.5119
24,Lapa sem fim cave,603,LSF15,377181,13708.15285,48.69663861,49.80660401,-4.52787746013,-2.71598
24,Lapa sem fim cave,603,LSF15,377182,13714.38908,50.15868118,51.86794787,-4.96598677882,-2.80186
24,Lapa sem fim cave,603,LSF15,377183,13720.67545,51.84811247,53.23769525,-4.70584313784,-2.44713
24,Lapa sem fim cave,603,LSF15,377184,13726.90942,53.69840371,54.89270388,-4.4335442229,-2.71537
24,Lapa sem fim cave,603,LSF15,377185,13733.41736,54.89439047,57.04374174,-4.32809462402,-2.97402
24,Lapa sem fim cave,603,LSF15,377186,13739.13793,56.8914028,58.45375206,-4.25817582595,-2.94332
24,Lapa sem fim cave,603,LSF15,377187,13745.10697,59.31892287,60.32912254,-3.73259009124,-2.70078
24,Lapa sem fim cave,603,LSF15,377188,13751.27371,61.94832865,62.24651784,-4.62854806241,-2.48936
24,Lapa sem fim cave,603,LSF15,377189,13757.33401,63.22862145,64.44898352,-4.2088274915,-2.09128
24,Lapa sem fim cave,603,LSF15,377190,13763.52822,65.51404547,66.07521843,-3.61727082547,-3.05112
24,Lapa sem fim cave,603,LSF15,377191,13769.63189,67.27424677,67.79828821,-4.06670428828,-5.62223
24,Lapa sem fim cave,603,LSF15,377192,13775.699,69.77560438,69.49819452,-5.2558433117,-5.06485
24,Lapa sem fim cave,603,LSF15,377193,13781.78653,71.8735077,71.15533975,-5.20412856589,-5.001
24,Lapa sem fim cave,603,LSF15,377194,13788.03768,74.50595135,72.93507214,-4.91975518128,-4.78049
24,Lapa sem fim cave,603,LSF15,377195,13794.04318,77.220967,74.46956937,-5.18426225394,-5.35889
24,Lapa sem fim cave,603,LSF15,377196,13800.23654,79.80042586,76.37236849,-5.62787780785,-5.0626
24,Lapa sem fim cave,603,LSF15,377197,13806.2919,82.7449614,78.11245277,-4.89915008725,-5.43049
24,Lapa sem fim cave,603,LSF15,377198,13812.28784,85.24102001,80.10931708,-5.11631738924,-4.88126
24,Lapa sem fim cave,603,LSF15,377199,13818.35026,87.39807007,82.52254225,-4.68402597945,-4.87912
24,Lapa sem fim cave,603,LSF15,377200,13824.3907,90.3426203,84.85708785,-5.182888581,-4.7191
24,Lapa sem fim cave,603,LSF15,377201,13830.51379,92.44877447,86.92924041,-5.0355939032,-3.75548
24,Lapa sem fim cave,603,LSF15,377202,13836.61131,94.76536621,88.88071603,-4.74604904401,-3.79668
24,Lapa sem fim cave,603,LSF15,377203,13842.64646,97.15631937,91.20063873,-4.55572030988,-5.47567
24,Lapa sem fim cave,603,LSF15,377204,13848.59854,99.7674716,93.39299872,-5.41313463456,-5.24942
24,Lapa sem fim cave,603,LSF15,377205,13854.69431,102.2719648,95.54341126,-5.2912853825,-5.86693
24,Lapa sem fim cave,603,LSF15,377206,13861.02603,104.707774,98.33423551,-6.58259640244,-5.43834
24,Lapa sem fim cave,603,LSF15,377207,13867.21245,107.2985655,100.5542707,-5.7595884606,-5.62602
24,Lapa sem fim cave,603,LSF15,377208,13873.45293,109.6546616,102.9643455,-5.1749788816,-4.77228
24,Lapa sem fim cave,603,LSF15,377209,13879.33076,112.1772052,104.5376235,-5.10614230511,-5.06686
24,Lapa sem fim cave,603,LSF15,377210,13885.37845,114.4866493,105.9846644,-5.38629437908,-5.5294
24,Lapa sem fim cave,603,LSF15,377211,13891.28918,117.1283429,107.4427908,-5.98238248314,-5.92317
24,Lapa sem fim cave,603,LSF15,377212,13897.38844,119.5544997,109.8204423,-5.61012561773,-6.12088
24,Lapa sem fim cave,603,LSF15,377213,13903.52696,121.8701134,112.3244174,-5.78105883428,-5.61375
24,Lapa sem fim cave,603,LSF15,377214,13909.67487,124.2119724,114.7600937,-5.5587834198,-5.11245
24,Lapa sem fim cave,603,LSF15,377215,13915.93464,126.5371676,117.4045402,-5.26659963885,-4.83423
24,Lapa sem fim cave,603,LSF15,377216,13922.07628,128.9634749,119.3014904,-4.8307614253,-4.70011
24,Lapa sem fim cave,603,LSF15,377217,13928.03822,131.6677014,121.0401614,-4.62259215005,-5.10718
24,Lapa sem fim cave,603,LSF15,377218,13934.33887,133.8794005,123.7735066,-5.05075496431,-5.12113
24,Lapa sem fim cave,603,LSF15,377219,13940.79821,135.7993652,126.7596001,-5.12450103043,-5.49963
24,Lapa sem fim cave,603,LSF15,377220,13947.07573,137.8757397,128.9032027,-5.22106585119,-5.56902
24,Lapa sem fim cave,603,LSF15,377221,13953.31577,139.9176048,131.2317367,-5.31419633412,-5.30708
24,Lapa sem fim cave,603,LSF15,377222,13959.79182,141.7234697,134.1400368,-5.64124210133,-5.19801
24,Lapa sem fim cave,603,LSF15,377223,13965.76066,144.063963,136.2257815,-5.02679527194,-5.17055
24,Lapa sem fim cave,603,LSF15,377224,13972.05676,146.1124252,138.382648,-5.07990073728,-5.50864
24,Lapa sem fim cave,603,LSF15,377225,13978.05574,148.4580121,140.4919289,-5.12968711103,-5.32543
24,Lapa sem fim cave,603,LSF15,377226,13997.19099,145.3976709,135.8313534,-5.72338961802,-6.80394
24,Lapa sem fim cave,603,LSF15,377227,14017.03766,140.921448,131.5737805,-7.35751542324,-1.40602
24,Lapa sem fim cave,603,LSF15,377228,14036.76369,136.2698144,126.996793,-4.18772698811,-1.76358
24,Lapa sem fim cave,603,LSF15,377229,14076.51357,127.4284509,118.8848732,-3.59814794834,-1.87556
24,Lapa sem fim cave,603,LSF15,377230,14136.68444,114.231762,107.8083676,-4.10586048847,-1.14543
24,Lapa sem fim cave,603,LSF15,377231,14156.53604,109.6531347,103.9809648,-3.87796659227,-1.34652
24,Lapa sem fim cave,603,LSF15,377232,14196.64853,101.244784,97.15782582,-4.4520839077,-1.46652
24,Lapa sem fim cave,603,LSF15,377233,14275.84504,85.06064225,82.19366376,-4.18632456413,-0.74177
24,Lapa sem fim cave,603,LSF15,377234,14315.06925,77.50042259,75.30260981,-3.30185082268,-1.00333
24,Lapa sem fim cave,603,LSF15,377235,14335.27749,73.60614225,72.45971529,-2.16956876456,-0.88845
24,Lapa sem fim cave,603,LSF15,377236,14355.02119,69.67328796,68.79910893,-2.76111119789,-0.71385
24,Lapa sem fim cave,91,LSF16,41457,14373.24739,48.23774282,46.68385656,-5.70479333113,-6.11107
24,Lapa sem fim cave,603,LSF15,377237,14374.58435,66.49495804,65.05938342,-2.95780116061,-0.73728
24,Lapa sem fim cave,91,LSF16,41458,14376.66153,47.03541067,45.0634959,-5.60298767196,-6.39763
24,Lapa sem fim cave,91,LSF16,41459,14380.0759,45.54764588,43.6745944,-6.06236058422,-6.33609
24,Lapa sem fim cave,91,LSF16,41460,14383.79298,43.46200361,42.41595365,-6.55609063933,-6.17732
24,Lapa sem fim cave,91,LSF16,41461,14387.21013,42.18631021,40.8714855,-6.66428498016,-6.51578
24,Lapa sem fim cave,91,LSF16,41462,14390.88883,40.95404538,39.57089011,-6.36083646384,-6.91535
24,Lapa sem fim cave,603,LSF15,377238,14394.33987,62.86891541,62.75357368,-2.72166802355,-1.63395
24,Lapa sem fim cave,91,LSF16,41463,14394.35104,39.76883159,38.68272514,-5.67474509039,-6.78458
24,Lapa sem fim cave,91,LSF16,41464,14398.04824,38.61198729,36.96850286,-6.02758228836,-6.20866
24,Lapa sem fim cave,91,LSF16,41465,14401.65446,37.2680126,35.4223152,-6.06268525573,-5.3645
24,Lapa sem fim cave,91,LSF16,41466,14408.53688,35.25209153,32.58146521,-5.8666632231,-5.32708
24,Lapa sem fim cave,91,LSF16,41467,14411.96916,34.48053043,31.02293463,-5.85698256393,-5.67954
24,Lapa sem fim cave,603,LSF15,377239,14413.98835,59.99378062,60.20762009,-2.83589545645,-1.86559
24,Lapa sem fim cave,91,LSF16,41468,14415.71119,33.91835409,30.37096391,-6.79974833333,-6.66999
24,Lapa sem fim cave,91,LSF16,41469,14419.04777,33.10904086,29.33541931,-6.19408553131,-5.24345
24,Lapa sem fim cave,91,LSF16,41470,14422.48123,32.19492158,28.4983021,-5.81404772928,-5.78168
24,Lapa sem fim cave,91,LSF16,41471,14425.75554,31.77901487,27.61180231,-5.57845635582,-5.59269
24,Lapa sem fim cave,91,LSF16,41472,14432.88503,30.30944503,27.3019287,-5.11105723545,-4.9334
24,Lapa sem fim cave,603,LSF15,377240,14433.47549,57.80969806,57.14690265,-2.68979793868,-1.83139
24,Lapa sem fim cave,91,LSF16,41473,14436.68981,29.53753493,26.92778999,-4.81646586199,-5.11152
24,Lapa sem fim cave,91,LSF16,41474,14440.32149,29.2943589,26.70304132,-5.04973163139,-4.87097
24,Lapa sem fim cave,91,LSF16,41475,14447.51649,29.15621475,25.8719274,-4.79856674162,-4.60122
24,Lapa sem fim cave,91,LSF16,41476,14451.11177,28.96275982,26.12394479,-4.95988608245,-5.0869
24,Lapa sem fim cave,603,LSF15,377241,14453.23201,55.38435446,54.26300982,-2.93140052925,-2.26018
24,Lapa sem fim cave,91,LSF16,41477,14454.57967,29.05278747,26.45313174,-4.99836613757,-5.5958
24,Lapa sem fim cave,91,LSF16,41478,14458.03335,29.45636432,26.92068474,-5.0743262478,-5.10115
24,Lapa sem fim cave,91,LSF16,41479,14461.35073,29.71159698,27.30548206,-5.01535987434,-4.80572
24,Lapa sem fim cave,91,LSF16,41480,14464.89846,30.220487,27.70006753,-4.97342921517,-4.96629
24,Lapa sem fim cave,91,LSF16,41481,14468.37519,30.78333754,28.54126551,-5.27180212743,-5.51674
24,Lapa sem fim cave,91,LSF16,41482,14471.78674,31.72602872,29.30884622,-5.13396075397,-6.3492
24,Lapa sem fim cave,603,LSF15,377242,14473.00372,52.23368128,52.28954061,-3.12356767465,-1.61488
24,Lapa sem fim cave,91,LSF16,41483,14475.43352,32.39424869,30.10815679,-5.18072652337,-5.41654
24,Lapa sem fim cave,91,LSF16,41484,14478.95558,33.33715829,31.0741594,-5.78815300705,-6.48689
24,Lapa sem fim cave,91,LSF16,41485,14482.51853,34.38440407,32.07803736,-5.95282113977,-6.61861
24,Lapa sem fim cave,603,LSF15,377243,14492.5309,50.82402372,49.43564562,-2.72640120447,-1.69268
24,Lapa sem fim cave,91,LSF16,41486,14494.14958,32.5333444,31.03171769,-5.52051339286,-6.71875
24,Lapa sem fim cave,91,LSF16,41487,14505.82739,30.64043122,29.6772871,-5.2520470194,-6.05354
24,Lapa sem fim cave,603,LSF15,377244,14512.14856,49.4523677,48.49377468,-2.63878476653,-1.13685
24,Lapa sem fim cave,91,LSF16,41488,14517.54035,29.66405048,29.01741668,-5.08145564594,-6.57444
24,Lapa sem fim cave,91,LSF16,41489,14529.34224,28.67292655,28.30252794,-5.01272141534,-7.09378
24,Lapa sem fim cave,603,LSF15,377245,14532.30656,47.37881581,48.18000572,-2.87186763145,-0.74112
24,Lapa sem fim cave,91,LSF16,41490,14540.95282,28.3787433,27.73582599,-5.29539789903,-6.27313
24,Lapa sem fim cave,603,LSF15,377246,14551.60679,46.37963822,46.4619685,-2.70898777343,-1.24764
24,Lapa sem fim cave,91,LSF16,41491,14552.56474,27.87571201,27.83204402,-4.71905652557,-6.43614
24,Lapa sem fim cave,91,LSF16,41492,14564.31647,28.19926566,27.9401021,-5.18796515212,-6.8377
24,Lapa sem fim cave,603,LSF15,377247,14571.74471,45.15798809,45.87569012,-2.49016288561,-0.91936
24,Lapa sem fim cave,91,LSF16,41493,14575.82624,28.98805249,28.63962968,-4.76074877866,-6.83394
24,Lapa sem fim cave,91,LSF16,41494,14587.24491,30.20835185,29.47759888,-5.18419103175,-6.32674
24,Lapa sem fim cave,603,LSF15,377248,14591.47238,45.36135043,45.83974459,-2.92577914648,-1.04262
24,Lapa sem fim cave,91,LSF16,41495,14598.94166,31.5430792,31.63678849,-4.97372465829,-6.85175
24,Lapa sem fim cave,91,LSF16,41496,14610.46333,33.46627704,32.56927328,-5.01838328483,-6.12532
24,Lapa sem fim cave,603,LSF15,377249,14611.47237,46.56590267,46.40302738,-3.01459933167,-1.64791
24,Lapa sem fim cave,91,LSF16,41497,14621.99226,34.9427232,35.07687994,-5.03716691138,-5.25777
24,Lapa sem fim cave,603,LSF15,377250,14631.14638,47.37872071,47.65278558,-3.34150436062,-2.01547
24,Lapa sem fim cave,91,LSF16,41498,14633.82468,36.54628545,37.57542789,-4.40457553792,-4.07367
24,Lapa sem fim cave,91,LSF16,41499,14645.18015,39.17635356,39.45080393,-4.7990020216,-4.28057
24,Lapa sem fim cave,603,LSF15,377251,14650.80559,49.42924742,49.31517014,-3.59804276654,-1.67054
24,Lapa sem fim cave,91,LSF16,41500,14656.58303,41.50838283,40.97324717,-5.05726779101,-3.8007
24,Lapa sem fim cave,603,LSF15,377252,14656.87112,48.69125801,48.90295473,-3.13355994548,-1.51229
24,Lapa sem fim cave,603,LSF15,377253,14662.83889,48.08558982,48.41856719,-2.71735556982,-1.2258
24,Lapa sem fim cave,91,LSF16,41501,14668.20151,44.23572081,43.68610286,-6.98717641755,-3.73149
24,Lapa sem fim cave,603,LSF15,377254,14674.63416,47.36693919,47.65407798,-2.72650638627,-1.66386
24,Lapa sem fim cave,91,LSF16,41502,14679.76805,46.57547548,45.38554859,-5.71520795635,-2.18316
24,Lapa sem fim cave,91,LSF16,41503,14685.15856,47.28429857,46.91506251,-6.06477729718,-2.45808
24,Lapa sem fim cave,603,LSF15,377255,14686.14936,46.92137525,46.65508267,-2.97578724811,-1.73257
24,Lapa sem fim cave,91,LSF16,41504,14690.12887,48.7277421,48.4629746,-6.09868592372,-1.97698
24,Lapa sem fim cave,91,LSF16,41505,14695.28663,49.69541739,49.60072052,-6.32071955026,-2.04765
24,Lapa sem fim cave,603,LSF15,377256,14698.18121,45.8006933,45.44113609,-3.00934024175,-1.21772
24,Lapa sem fim cave,91,LSF16,41506,14700.48967,50.60052239,50.70490224,-5.48637817681,-0.20178
24,Lapa sem fim cave,603,LSF15,377257,14709.8079,45.21992479,44.1354131,-3.62244494373,-0.26182
24,Lapa sem fim cave,603,LSF15,377258,14721.83744,44.37905764,43.07365922,-3.74561282948,-0.33701
24,Lapa sem fim cave,603,LSF15,377259,14733.47267,44.31117526,41.85915212,-4.60589475733,0.60523
24,Lapa sem fim cave,91,LSF16,41507,14742.89686,46.73854411,46.78834233,-6.11141180335,-1.28345
24,Lapa sem fim cave,603,LSF15,377260,14745.3387,44.20784162,40.71727532,-4.82604026106,0.15181
24,Lapa sem fim cave,603,LSF15,377261,14757.3547,43.38944648,40.53891855,-4.91092197225,0.19279
24,Lapa sem fim cave,603,LSF15,377262,14769.31514,43.2493941,40.03187646,-4.16160684154,-1.19838
24,Lapa sem fim cave,603,LSF15,377263,14781.00011,42.21822905,39.37813241,-5.11907675098,-1.23128
24,Lapa sem fim cave,91,LSF16,41508,14783.73933,62.04469642,59.08370189,-6.39694542989,-1.95469
24,Lapa sem fim cave,603,LSF15,377264,14792.77165,42.09586884,39.18932695,-5.82463625361,-1.39682
24,Lapa sem fim cave,603,LSF15,377265,14804.57444,42.05413034,38.82014914,-4.97045487005,-2.59922
24,Lapa sem fim cave,603,LSF15,377266,14816.49856,41.23530126,38.38912026,-5.68337709857,-3.137
24,Lapa sem fim cave,91,LSF16,41509,14825.28917,88.06513549,80.37453159,-5.87256834215,-1.15959
24,Lapa sem fim cave,603,LSF15,377267,14828.49148,41.05282741,38.27000315,-5.31124389637,-2.37126
24,Lapa sem fim cave,603,LSF15,377268,14840.35524,41.15491827,38.32354183,-5.47543268343,-1.48317
24,Lapa sem fim cave,603,LSF15,377269,14852.26989,40.37130148,38.45062504,-5.41190287729,-0.67336
24,Lapa sem fim cave,603,LSF15,377270,14864.02347,40.5186674,38.37481463,-5.25349908913,-0.54014
24,Lapa sem fim cave,91,LSF16,41510,14867.56263,116.6034529,106.9460327,-5.65404630952,-1.22361
24,Lapa sem fim cave,603,LSF15,377271,14875.70104,39.92347585,38.49021339,-4.87295134308,-0.65721
24,Lapa sem fim cave,91,LSF16,41511,14882.27131,109.0205379,101.2630386,-6.34707993607,-1.94084
24,Lapa sem fim cave,603,LSF15,377272,14887.35184,40.29480624,38.50703917,-5.26538463234,-0.52618
24,Lapa sem fim cave,91,LSF16,41512,14896.90258,106.7751454,96.53755232,-6.59886356261,-1.91497
24,Lapa sem fim cave,603,LSF15,377273,14899.0571,40.78116946,38.65872114,-5.35847052378,0.23727
24,Lapa sem fim cave,603,LSF15,377274,14910.82024,41.81780347,38.48696616,-5.60564774966,-0.12481
24,Lapa sem fim cave,91,LSF16,41513,14912.45634,103.9432958,94.54964604,-7.56877218915,-2.01342
24,Lapa sem fim cave,603,LSF15,377275,14922.47559,42.38597201,38.57396935,-4.46253196632,-0.52408
24,Lapa sem fim cave,91,LSF16,41514,14926.68675,100.714824,93.78696167,-6.9189308157,-2.01888
24,Lapa sem fim cave,603,LSF15,377276,14934.277,42.5610847,38.69838964,-4.98780986676,-0.31657
24,Lapa sem fim cave,91,LSF16,41515,14942.26291,96.39153679,94.14758694,-7.59288110891,-1.91789
24,Lapa sem fim cave,603,LSF15,377277,14946.15764,43.31779846,39.92817807,-5.27474581238,-1.20376
24,Lapa sem fim cave,91,LSF16,41516,14957.18115,93.62796219,95.04975094,-6.82074806878,-0.13624
24,Lapa sem fim cave,603,LSF15,377278,14958.32724,43.49111613,41.28157716,-5.06659103365,-0.44703
24,Lapa sem fim cave,603,LSF15,377279,14970.16649,44.55919907,41.83948925,-6.10470005237,-0.3128
24,Lapa sem fim cave,91,LSF16,41517,14972.03833,95.12175591,98.63104493,-6.87840669533,-0.36036
24,Lapa sem fim cave,603,LSF15,377280,14982.09733,45.38508089,43.02611707,-6.0637034173,1.03998
24,Lapa sem fim cave,91,LSF16,41518,14985.68661,102.5670058,100.0255005,-6.19731532187,0.11485
24,Lapa sem fim cave,603,LSF15,377281,14994.09933,46.01403123,44.49844417,-7.16544290067,-0.56778
24,Lapa sem fim cave,91,LSF16,41519,15000.57981,108.0410865,105.3845502,-6.21035714286,-0.36129
24,Lapa sem fim cave,603,LSF15,377282,15006.14616,46.74331204,46.17545445,-6.19667197564,-1.03259
24,Lapa sem fim cave,91,LSF16,41520,15015.30119,114.2471805,110.4888565,-6.3567,0.28072
24,Lapa sem fim cave,603,LSF15,377283,15018.18869,47.62681562,47.4570681,-6.17431017469,-0.4031
24,Lapa sem fim cave,91,LSF16,41521,15029.5026,120.8817372,116.6298675,-6.58461428571,-0.10471
24,Lapa sem fim cave,603,LSF15,377284,15029.92539,48.71061079,48.52490053,-6.39311919474,1.46369
24,Lapa sem fim cave,603,LSF15,377285,15041.71742,49.8292934,49.49274123,-6.11251466023,1.55466
24,Lapa sem fim cave,91,LSF16,41522,15044.34924,126.9467194,123.5102766,-7.3901,-1.27259
24,Lapa sem fim cave,603,LSF15,377286,15053.39799,51.18003532,50.6668881,-6.03977869478,3.07752
24,Lapa sem fim cave,91,LSF16,41523,15058.59285,134.4815607,130.288518,-6.68172857143,-1.21902
24,Lapa sem fim cave,603,LSF15,377287,15065.29805,52.37581869,51.65639871,-6.11455848075,2.8685
24,Lapa sem fim cave,91,LSF16,41524,15072.73599,144.6637242,138.5267009,-7.22321428571,-0.46879
24,Lapa sem fim cave,603,LSF15,377288,15077.00853,54.1221115,52.65419174,-6.58355517702,1.99534
24,Lapa sem fim cave,91,LSF16,41525,15087.19853,155.9860556,146.784203,-6.53027142857,0.24922
24,Lapa sem fim cave,603,LSF15,377289,15088.96704,55.05236157,53.18398502,-6.64667316357,-1.37261
24,Lapa sem fim cave,603,LSF15,377290,15100.96335,56.1943672,54.77656889,-6.99352152777,-2.42446
24,Lapa sem fim cave,91,LSF16,41526,15102.59243,165.1384088,156.5898423,-6.61218571429,0.0099
24,Lapa sem fim cave,603,LSF15,377291,15112.81212,57.68393228,56.44703438,-6.27361580686,3.22037
24,Lapa sem fim cave,91,LSF16,41527,15116.21578,180.7136381,163.4606254,-7.277425,-0.70108
24,Lapa sem fim cave,603,LSF15,377292,15124.81807,59.13957144,57.95251361,-6.25870793956,-0.22224
24,Lapa sem fim cave,91,LSF16,41528,15131.02858,190.684695,171.2512737,-5.67378571429,-0.63996
24,Lapa sem fim cave,91,LSF16,41529,15133.78746,191.9763882,173.1108718,-6.506325,-0.12961
24,Lapa sem fim cave,603,LSF15,377293,15136.52225,60.57281522,58.61081666,-5.72394831254,0.01428
24,Lapa sem fim cave,91,LSF16,41530,15141.5207,189.2929515,170.503435,-7.41778888889,-0.9255
24,Lapa sem fim cave,603,LSF15,377294,15148.39826,62.2588656,59.68291537,-6.58920573963,2.31326
24,Lapa sem fim cave,91,LSF16,41531,15149.19991,186.6383455,168.00403,-6.78154444444,0.28441
24,Lapa sem fim cave,91,LSF16,41532,15156.85351,183.9918314,165.7829216,-6.52118888889,0.43364
24,Lapa sem fim cave,603,LSF15,377295,15160.28598,63.52425475,61.31285702,-8.05342280292,0.41763
24,Lapa sem fim cave,91,LSF16,41533,15164.24972,181.581923,162.706395,-5.91027777778,0.3941
24,Lapa sem fim cave,603,LSF15,377296,15171.97807,64.91147592,62.06448013,-7.53212834636,-0.17372
24,Lapa sem fim cave,91,LSF16,41534,15171.98259,178.7919575,159.7843433,-5.83092222222,0.25356
24,Lapa sem fim cave,91,LSF16,41535,15179.76112,176.3745549,157.2733977,-5.6621,-0.00898
24,Lapa sem fim cave,603,LSF15,377297,15183.57417,66.44677644,63.13417094,-7.40985978955,-2.79143
24,Lapa sem fim cave,91,LSF16,41536,15187.54795,173.7626578,154.6876388,-5.75241111111,0.20426
24,Lapa sem fim cave,91,LSF16,41537,15195.20936,171.0659846,153.0842069,-5.96861111111,0.07493
24,Lapa sem fim cave,603,LSF15,377298,15195.39413,67.92076594,64.38759081,-7.90807109674,-9.17397
24,Lapa sem fim cave,91,LSF16,41538,15202.91833,168.0427708,150.3982169,-6.1847,-0.11717
24,Lapa sem fim cave,603,LSF15,377299,15207.36596,69.43340914,66.06412596,-9.42341372914,-1.20914
24,Lapa sem fim cave,91,LSF16,41539,15210.4038,165.8498713,147.9969358,-6.32512222222,0.30818
24,Lapa sem fim cave,91,LSF16,41540,15218.09992,163.0556703,145.9574577,-6.30376666667,0.27586
24,Lapa sem fim cave,603,LSF15,377300,15219.73764,70.52479196,68.26263269,-7.75742950217,-3.39572
24,Lapa sem fim cave,91,LSF16,41541,15225.80353,160.042127,143.608637,-6.3813,0.3112
24,Lapa sem fim cave,91,LSF16,41542,15233.57529,157.253713,141.7616032,-6.48483333333,0.49432
24,Lapa sem fim cave,91,LSF16,41543,15241.3199,154.4983973,139.8874156,-6.93501111111,0.42857
24,Lapa sem fim cave,603,LSF15,377301,15241.71092,64.97205237,61.75946519,-7.95543964284,-1.88903
24,Lapa sem fim cave,91,LSF16,41544,15248.97902,151.8507772,137.296577,-6.80043333333,0.59791
24,Lapa sem fim cave,603,LSF15,377302,15252.66625,62.58027914,60.04267485,-7.73843399384,-3.67428
24,Lapa sem fim cave,91,LSF16,41545,15256.50675,149.055669,134.9853034,-6.55644285714,0.68737
24,Lapa sem fim cave,603,LSF15,377303,15263.47626,59.8786916,58.26782458,-6.99436310093,-3.16082
24,Lapa sem fim cave,91,LSF16,41546,15264.47572,146.6173298,133.164761,-5.75464285714,0.90538
24,Lapa sem fim cave,91,LSF16,41547,15272.22626,144.3204947,130.5518596,-5.80414444444,0.74406
24,Lapa sem fim cave,603,LSF15,377304,15274.67645,58.48952211,57.93817183,-7.60883172811,-3.37497
24,Lapa sem fim cave,91,LSF16,41548,15279.93403,142.0765818,128.2991528,-5.92475714286,0.65718
24,Lapa sem fim cave,603,LSF15,377305,15285.45016,58.05310195,57.28764559,-7.0717878311,-1.89779
24,Lapa sem fim cave,91,LSF16,41549,15287.68129,139.6640902,126.5802727,-6.229475,0.10774
24,Lapa sem fim cave,91,LSF16,41550,15295.53803,137.0746164,125.1282167,-6.4101,-0.36742
24,Lapa sem fim cave,603,LSF15,377306,15296.35652,59.09159336,58.09502889,-7.59127891662,-2.09725
24,Lapa sem fim cave,91,LSF16,41551,15303.42598,134.3991986,122.9308256,-5.97292857143,-0.4954
24,Lapa sem fim cave,603,LSF15,377307,15307.61878,58.66608236,59.29297874,-8.07879022228,-3.59572
24,Lapa sem fim cave,91,LSF16,41552,15311.06669,131.8281863,120.298603,-6.00184285714,0.1367
24,Lapa sem fim cave,603,LSF15,377308,15318.8177,60.49816346,62.21248031,-8.43357341907,-3.39532
24,Lapa sem fim cave,91,LSF16,41553,15318.96456,129.3694389,117.7050599,-6.91647142857,0.0004
24,Lapa sem fim cave,91,LSF16,41554,15326.63142,126.9609748,115.2713887,-6.37167142857,0.0233
24,Lapa sem fim cave,603,LSF15,377309,15329.71191,62.7882841,63.89245708,-8.69890941207,-1.29849
24,Lapa sem fim cave,91,LSF16,41555,15334.35759,124.4242764,113.2733325,-6.42301428571,0.59109
24,Lapa sem fim cave,603,LSF15,377310,15340.05217,66.47538005,67.03859304,-9.15131509473,-1.71815
24,Lapa sem fim cave,91,LSF16,41556,15342.21053,121.9036298,111.345398,-6.882375,0.04921
24,Lapa sem fim cave,91,LSF16,41557,15349.91407,120.2547798,109.1533501,-6.55612857143,-0.42511
24,Lapa sem fim cave,603,LSF15,377311,15351.50825,69.14044622,71.09610773,-9.29125668778,-3.35974
24,Lapa sem fim cave,91,LSF16,41558,15357.88988,118.2253297,107.1775833,-6.8029,-0.21443
24,Lapa sem fim cave,603,LSF15,377312,15362.71371,72.72957421,75.39080461,-9.26492747053,-2.64682
24,Lapa sem fim cave,91,LSF16,41559,15365.60388,116.3874411,104.7109085,-6.4213,0.19359
24,Lapa sem fim cave,91,LSF16,41560,15373.27365,114.5155981,102.4481746,-7.11927777778,0.23816
24,Lapa sem fim cave,603,LSF15,377313,15373.44341,76.15786287,79.40015616,-9.38094434105,-3.46418
24,Lapa sem fim cave,91,LSF16,41561,15380.95787,112.1855293,100.0515305,-7.58995,0.20406
24,Lapa sem fim cave,603,LSF15,377314,15384.28509,80.61774434,83.74510456,-9.23643420803,-2.20439
24,Lapa sem fim cave,91,LSF16,41562,15388.76014,108.725427,97.66774145,-7.02004285714,0.13462
24,Lapa sem fim cave,603,LSF15,377315,15394.93598,85.17402467,88.59852519,-8.91278921793,-7.78857
24,Lapa sem fim cave,91,LSF16,41563,15396.39797,105.9226773,95.41106052,-6.96952857143,0.52086
24,Lapa sem fim cave,91,LSF16,41564,15404.14985,103.6868257,93.23450739,-6.87901428571,0.74098
24,Lapa sem fim cave,603,LSF15,377316,15405.7024,89.13264862,93.39307197,-8.48863634829,-3.42645
24,Lapa sem fim cave,91,LSF16,41565,15411.81746,101.5407792,91.13302345,-6.6295,0.84443
24,Lapa sem fim cave,603,LSF15,377317,15416.61505,93.95972658,98.41489036,-8.03370594617,-3.86889
24,Lapa sem fim cave,91,LSF16,41566,15419.36987,98.89451531,89.14226095,-6.36827142857,0.75733
24,Lapa sem fim cave,603,LSF15,377318,15427.02635,98.83248572,102.8719667,-8.21644754533,-5.0206
24,Lapa sem fim cave,91,LSF16,41567,15427.09839,96.44099353,86.93422269,-7.098225,0.0208
24,Lapa sem fim cave,91,LSF16,41568,15434.89755,93.93823708,84.57850634,-6.826925,-0.18674
24,Lapa sem fim cave,91,LSF16,41569,15442.97948,91.70377023,82.59817543,-6.85905555556,-0.24829
24,Lapa sem fim cave,91,LSF16,41570,15450.77023,89.16445091,81.29286876,-6.39598571429,-0.62372
24,Lapa sem fim cave,603,LSF15,377319,15452.13514,105.2927128,107.1515631,-8.43537679012,0.19971
24,Lapa sem fim cave,91,LSF16,41571,15458.41507,87.31891594,78.94234893,-6.5229,-0.23593
24,Lapa sem fim cave,91,LSF16,41572,15466.07187,86.07078738,77.00858964,-6.57967142857,-0.24181
24,Lapa sem fim cave,91,LSF16,41573,15473.90263,84.56211159,75.410735,-6.92687142857,-0.50347
24,Lapa sem fim cave,91,LSF16,41574,15481.58638,82.79530091,72.97554724,-7.05021428571,-0.91757
24,Lapa sem fim cave,603,LSF15,377320,15498.94569,152.2444012,127.4718896,-6.93316871016,-0.15499
24,Lapa sem fim cave,91,LSF16,41575,15504.96458,76.06497531,67.90560299,-6.34144285714,0.60459
24,Lapa sem fim cave,91,LSF16,41576,15512.63459,73.76244697,66.3065981,-6.31307142857,0.41393
24,Lapa sem fim cave,91,LSF16,41577,15520.23953,71.7630253,64.85503292,-5.82398571429,0.30706
24,Lapa sem fim cave,91,LSF16,41578,15527.84459,69.98636782,63.22667775,-5.8449,-0.00116
24,Lapa sem fim cave,91,LSF16,41579,15535.6684,67.94930066,61.92195431,-6.12524285714,0.92519
24,Lapa sem fim cave,603,LSF15,377321,15540.99759,222.4019886,147.6331244,-8.45280937688,-0.30054
24,Lapa sem fim cave,91,LSF16,41580,15543.69313,65.73738932,60.87592986,-6.88272857143,0.95176
24,Lapa sem fim cave,91,LSF16,41581,15552.00243,64.14778811,59.93416567,-7.55492857143,0.64188
24,Lapa sem fim cave,91,LSF16,41582,15559.43688,62.53963319,58.25412323,-7.28944444444,0.27727
24,Lapa sem fim cave,91,LSF16,41583,15567.11288,61.13947443,56.97864256,-7.23784444444,1.23948
24,Lapa sem fim cave,91,LSF16,41584,15574.87938,59.38885373,55.74929782,-5.7378,2.42558
24,Lapa sem fim cave,91,LSF16,41585,15583.03036,57.98848156,55.31731734,-5.43895,2.6039
24,Lapa sem fim cave,603,LSF15,377322,15585.68937,292.2101877,180.2030529,-7.80034973303,-1.53419
24,Lapa sem fim cave,91,LSF16,41586,15590.64184,57.34065859,53.86962763,-5.686225,2.83289
24,Lapa sem fim cave,91,LSF16,41587,15598.73665,56.12103681,52.97229033,-5.991625,2.75354
24,Lapa sem fim cave,91,LSF16,41588,15606.44107,54.55260436,52.05470857,-7.34706666667,1.0342
24,Lapa sem fim cave,91,LSF16,41589,15614.46872,52.72313005,51.40127909,-7.39313333333,1.65574
24,Lapa sem fim cave,91,LSF16,41590,15621.81906,51.81483372,50.4744893,-7.50426666667,1.77883
24,Lapa sem fim cave,603,LSF15,377323,15629.33313,367.6232455,210.7472061,-6.37159896694,-1.73149
24,Lapa sem fim cave,91,LSF16,41591,15629.38221,50.66242643,50.28828749,-6.86533333333,2.77993
24,Lapa sem fim cave,91,LSF16,41592,15637.27898,50.44542467,50.24665555,-6.60784444444,2.55881
24,Lapa sem fim cave,91,LSF16,41593,15644.98612,50.14344774,49.99127788,-6.81402222222,2.4328
24,Lapa sem fim cave,91,LSF16,41594,15652.93071,49.77023836,50.50414217,-6.63575555556,2.40001
24,Lapa sem fim cave,91,LSF16,41595,15660.56987,49.20815546,51.05815751,-7.73937777778,1.186
24,Lapa sem fim cave,91,LSF16,41596,15668.47048,48.59196419,50.92363804,-7.73244444444,1.55899
24,Lapa sem fim cave,603,LSF15,377324,15669.16573,452.6902235,242.9044621,-7.15378110125,-0.92397
24,Lapa sem fim cave,91,LSF16,41597,15676.24625,49.31802333,50.15448558,-8.35595555556,1.21287
24,Lapa sem fim cave,91,LSF16,41598,15691.70061,50.25439616,50.68173482,-7.12,1.5
24,Lapa sem fim cave,91,LSF16,41599,15699.71176,50.52071297,51.83175292,-7.89,-0.25
24,Lapa sem fim cave,91,LSF16,41600,15710.90746,49.34572349,50.75962411,-8.32,-2.15
24,Lapa sem fim cave,603,LSF15,377325,15711.97008,528.458189,279.0928852,-6.2873214268,-3.61782
24,Lapa sem fim cave,91,LSF16,41601,15722.42984,47.86632892,49.66971994,-8.49,-1.82
24,Lapa sem fim cave,91,LSF16,41602,15733.89379,46.20110367,48.72709621,-7.6,0.96
24,Lapa sem fim cave,91,LSF16,41603,15745.0584,45.85986053,47.77410251,-7.1,1.25
24,Lapa sem fim cave,603,LSF15,377326,15753.93619,606.433393,315.9441551,-7.44220024361,-2.68348
24,Lapa sem fim cave,91,LSF16,41604,15756.30266,45.15794268,46.65496701,-6.56,-0.42
24,Lapa sem fim cave,91,LSF16,41605,15767.69712,44.16216622,46.09236868,-7.21,0.41
24,Lapa sem fim cave,91,LSF16,41606,15778.79266,43.08654332,45.69182952,-7.12,-0.85
24,Lapa sem fim cave,91,LSF16,41607,15790.0572,42.25916574,45.1420256,-7.34,0.31
24,Lapa sem fim cave,603,LSF15,377327,15796.73956,682.4191071,352.6239734,-7.6677418489,-1.31317
24,Lapa sem fim cave,91,LSF16,41608,15801.36413,41.68096516,44.36253591,-6.97,-0.35
24,Lapa sem fim cave,91,LSF16,41609,15812.623,41.62270156,43.88845223,-7.27,0.23
24,Lapa sem fim cave,91,LSF16,41610,15824.01096,41.36247027,42.91239144,-6.98,-0.05
24,Lapa sem fim cave,91,LSF16,41611,15835.3094,41.35722222,43.06622532,-7.39,0.25
24,Lapa sem fim cave,603,LSF15,377328,15838.84599,763.4094217,388.1719601,-6.74657991943,-2.27568
24,Lapa sem fim cave,91,LSF16,41612,15846.54983,41.07125137,42.49118051,-6.67,1.00347
24,Lapa sem fim cave,91,LSF16,41613,15857.90971,40.48099314,41.61287198,-7.47982222222,1.21521
24,Lapa sem fim cave,91,LSF16,41614,15869.03451,40.5169966,41.59312715,-7.36977777778,1.85551
24,Lapa sem fim cave,603,LSF15,377329,15878.22084,843.2248328,421.4599495,-7.15065525811,-2.82957
24,Lapa sem fim cave,91,LSF16,41615,15880.29627,41.11092533,41.83847234,-7.3094,1.9847
24,Lapa sem fim cave,91,LSF16,41616,15891.81529,41.23798919,41.85719004,-7.23557777778,2.50733
24,Lapa sem fim cave,91,LSF16,41617,15903.23023,41.27219927,41.53149517,-7.13097777778,2.32341
24,Lapa sem fim cave,91,LSF16,41618,15914.68848,41.18712422,41.8264585,-6.95682222222,1.27049
24,Lapa sem fim cave,603,LSF15,377330,15921.4205,924.0989538,458.7531151,-7.76752838002,-0.10351
24,Lapa sem fim cave,91,LSF16,41619,15926.06072,41.71953365,41.97477766,-8.08166666667,1.75234
24,Lapa sem fim cave,91,LSF16,41620,15937.26271,42.29548,42.10709494,-8.36017777778,1.20239
24,Lapa sem fim cave,91,LSF16,41621,15948.72996,42.68317758,42.9968035,-7.71331111111,2.04913
24,Lapa sem fim cave,91,LSF16,41622,15960.2876,43.08733781,43.38281071,-7.1136,1.91066
24,Lapa sem fim cave,603,LSF15,377331,15965.13401,1006.904504,497.0392305,-6.21554725923,-1.59605
24,Lapa sem fim cave,91,LSF16,41623,15971.5016,43.7040972,43.328555,-7.65155555556,1.88673
24,Lapa sem fim cave,91,LSF16,41624,15982.8907,44.62956498,44.20668755,-7.31673333333,1.61837
24,Lapa sem fim cave,91,LSF16,41625,15994.32927,45.53924505,45.4694009,-7.24668888889,1.24533
24,Lapa sem fim cave,91,LSF16,41626,16005.76035,46.81454617,46.71828009,-7.5632,0.90108
24,Lapa sem fim cave,603,LSF15,377332,16010.63246,1087.925116,537.4921977,-7.05712041327,-1.48069
24,Lapa sem fim cave,91,LSF16,41627,16017.13498,48.5715085,47.34038326,-8.0506,0.82382
24,Lapa sem fim cave,91,LSF16,41628,16028.44221,49.38278537,48.46541834,-8.04333333333,1.22709
24,Lapa sem fim cave,91,LSF16,41629,16039.81521,50.43114641,49.36043828,-7.23624444444,1.46761
24,Lapa sem fim cave,91,LSF16,41630,16051.13624,51.64952192,50.4198997,-6.85353333333,1.79758
24,Lapa sem fim cave,603,LSF15,377333,16052.42452,1171.705381,574.9666106,-7.44496541255,-0.54002
24,Lapa sem fim cave,91,LSF16,41631,16062.75193,52.56395379,51.47041123,-7.33002857143,1.34677
24,Lapa sem fim cave,91,LSF16,41632,16073.59704,54.30210554,51.95231554,-7.51488888889,0.90973
24,Lapa sem fim cave,91,LSF16,41633,16084.91241,55.24573178,53.06019165,-8.03351111111,1.11892
24,Lapa sem fim cave,91,LSF16,41634,16096.18355,56.54440339,54.09820826,-8.3018,0.88944
24,Lapa sem fim cave,603,LSF15,377334,16096.4891,1251.265351,615.2198249,-7.45602608829,-3.30408
24,Lapa sem fim cave,91,LSF16,41635,16107.43239,57.7535283,55.49501995,-8.3482,0.37152
24,Lapa sem fim cave,91,LSF16,41636,16118.71894,58.90574514,56.55797825,-8.31104444444,1.52779
24,Lapa sem fim cave,91,LSF16,41637,16130.04273,60.16090392,57.96956582,-7.61484444444,1.86664
24,Lapa sem fim cave,603,LSF15,377335,16138.49986,1331.793643,652.5699297,-7.85553288698,0.39432
24,Lapa sem fim cave,91,LSF16,41638,16141.49924,61.43645392,59.58969794,-7.34191111111,1.97839
24,Lapa sem fim cave,91,LSF16,41639,16152.96681,62.63076907,60.79092175,-7.96595,0.19647
24,Lapa sem fim cave,91,LSF16,41640,16164.39011,64.19397271,62.01795471,-8.54648888889,0.96543
24,Lapa sem fim cave,91,LSF16,41641,16175.88533,65.29189263,63.37640288,-7.91233333333,1.87896
24,Lapa sem fim cave,603,LSF15,377336,16181.75597,1408.97312,692.9262855,-6.74657991943,-1.14027
24,Lapa sem fim cave,91,LSF16,41642,16187.37184,65.82106013,65.25982881,-7.45595555556,1.21214
24,Lapa sem fim cave,91,LSF16,41643,16198.70575,66.8630371,66.9198484,-7.32468888889,1.63822
24,Lapa sem fim cave,91,LSF16,41644,16212.52444,64.72925721,64.35666915,-6.622825,1.7453
24,Lapa sem fim cave,91,LSF16,41645,16226.09915,62.97794211,63.02439952,-6.909725,1.48144
24,Lapa sem fim cave,603,LSF15,377337,16226.78449,1483.578477,733.7813925,-6.81090015335,-1.22261
24,Lapa sem fim cave,91,LSF16,41646,16240.60967,60.33633256,61.53787778,-7.98418888889,2.5128
24,Lapa sem fim cave,91,LSF16,41647,16254.61507,58.95401972,59.44421237,-7.69537777778,3.20073
24,Lapa sem fim cave,91,LSF16,41648,16268.69144,57.73714556,58.16562614,-7.13423333333,2.9652
24,Lapa sem fim cave,603,LSF15,377338,16271.42437,1562.553257,773.9404438,-6.68442373077,-1.1272
24,Lapa sem fim cave,91,LSF16,41649,16282.35571,58.0070516,56.25307139,-6.74175555556,2.7608
24,Lapa sem fim cave,91,LSF16,41650,16296.32223,58.27994898,55.13730729,-6.56078571429,3.2787
24,Lapa sem fim cave,91,LSF16,41651,16310.6324,56.76972317,53.74516871,-6.382425,2.75253
24,Lapa sem fim cave,603,LSF15,377339,16316.07373,1641.518566,811.9282466,-7.26079183545,-1.5299
24,Lapa sem fim cave,91,LSF16,41652,16324.87508,55.68043217,52.68976595,-7.59932222222,3.2172
24,Lapa sem fim cave,91,LSF16,41653,16338.64099,55.26908637,52.39860214,-6.49706666667,2.8324
24,Lapa sem fim cave,91,LSF16,41654,16352.36186,55.94889612,52.55140928,-7.90222222222,2.949
24,Lapa sem fim cave,603,LSF15,377340,16361.62687,1719.162583,854.2333862,-7.07336433252,-1.34846
24,Lapa sem fim cave,91,LSF16,41655,16366.39721,56.81255586,53.38665089,-6.75572857143,2.9679
24,Lapa sem fim cave,91,LSF16,41656,16380.25651,57.65178373,54.51253504,-5.96485,3.5751
24,Lapa sem fim cave,91,LSF16,41657,16393.72916,57.96265043,55.73179178,-6.29965,3.106
24,Lapa sem fim cave,603,LSF15,377341,16405.22498,1796.409031,890.8398584,-7.18275741402,-1.4165
24,Lapa sem fim cave,91,LSF16,41658,16421.57439,61.31536896,56.65955538,-7.00561111111,3.9155
24,Lapa sem fim cave,91,LSF16,41659,16435.95257,62.44009451,59.00104602,-6.66013333333,2.6998
24,Lapa sem fim cave,603,LSF15,377342,16447.0129,1874.046162,928.9193117,-6.97721847375,-0.64759
24,Lapa sem fim cave,91,LSF16,41660,16450.45183,63.79964862,61.48763053,-7.62654444444,3.9202
24,Lapa sem fim cave,91,LSF16,41661,16464.45177,65.49711641,63.88869926,-6.4272,4.6236
24,Lapa sem fim cave,91,LSF16,41662,16478.10653,68.34746236,65.74115301,-6.442,4.0659
24,Lapa sem fim cave,603,LSF15,377343,16488.93351,1951.307976,966.7720054,-7.38964177535,-0.56392
24,Lapa sem fim cave,91,LSF16,41663,16492.0409,70.91966914,68.27610669,-6.458425,3.8952
24,Lapa sem fim cave,91,LSF16,41664,16505.83234,73.44174439,70.73759799,-6.82131428571,2.8406
24,Lapa sem fim cave,91,LSF16,41665,16519.68559,76.17310534,74.04693547,-8.13167777778,1.8304
24,Lapa sem fim cave,603,LSF15,377344,16532.88317,2026.540729,1006.119607,-6.24551640541,-0.37714
24,Lapa sem fim cave,91,LSF16,41666,16533.64094,79.69908991,76.68511214,-9.45908888889,2.4184
24,Lapa sem fim cave,91,LSF16,41667,16547.45547,82.90662129,79.38891431,-8.88361111111,2.0951
24,Lapa sem fim cave,91,LSF16,41668,16561.77062,85.58427376,82.69759924,-8.33446666667,3.63607
24,Lapa sem fim cave,603,LSF15,377345,16572.89999,2105.706337,1040.594381,-6.09296635608,-0.19378
24,Lapa sem fim cave,91,LSF16,41669,16573.99421,88.05057674,85.65694761,-7.24368571429,3.4931
24,Lapa sem fim cave,91,LSF16,41670,16586.2832,90.15044739,88.48336754,-6.6837,3.5963
24,Lapa sem fim cave,91,LSF16,41671,16598.57785,92.69574463,90.38244739,-6.47275,3.0274
24,Lapa sem fim cave,91,LSF16,41672,16614.03816,87.53999991,85.70994842,-7.37974444444,3.2366
24,Lapa sem fim cave,603,LSF15,377346,16614.46482,2183.323927,1076.928963,-5.77937975537,-0.6115
24,Lapa sem fim cave,91,LSF16,41673,16629.57611,81.15911467,80.08521946,-7.93337777778,3.2743
24,Lapa sem fim cave,91,LSF16,41674,16644.88381,74.76651194,73.3562449,-7.84612222222,2.9304
24,Lapa sem fim cave,603,LSF15,377347,16657.16163,2261.40751,1116.095907,-6.63082429797,0.70486
24,Lapa sem fim cave,91,LSF16,41675,16660.75233,68.52542073,67.98608166,-7.30186666667,1.763
24,Lapa sem fim cave,91,LSF16,41676,16676.02122,63.19087202,63.14873679,-7.54003333333,1.8649
24,Lapa sem fim cave,91,LSF16,41677,16691.52246,58.40448115,58.41055539,-7.66663333333,3.0787
24,Lapa sem fim cave,603,LSF15,377348,16700.34629,2342.043491,1156.774041,-6.0443242101,1.13316
24,Lapa sem fim cave,91,LSF16,41678,16722.54558,49.03565971,50.16272273,-7.02175714286,2.7886
24,Lapa sem fim cave,91,LSF16,41679,16738.23902,44.85346449,47.48979756,-6.98677142857,2.4095
24,Lapa sem fim cave,603,LSF15,377349,16743.91217,2422.298249,1196.390459,-5.88059681659,0.96613
24,Lapa sem fim cave,91,LSF16,41680,16753.71349,42.53498424,44.02578997,-6.92925,2.7871
24,Lapa sem fim cave,91,LSF16,41681,16769.27592,40.88871804,42.609573,-7.056175,1.2424
24,Lapa sem fim cave,603,LSF15,377350,16786.06297,2502.346276,1234.572389,-6.26621519094,0.63047
24,Lapa sem fim cave,91,LSF16,41682,16799.41974,41.27767515,40.90288787,-8.42695555556,2.0135
24,Lapa sem fim cave,91,LSF16,41683,16815.1313,42.53449014,43.04652709,-7.57866666667,2.12078
24,Lapa sem fim cave,603,LSF15,377351,16828.89331,2582.289101,1272.85673,-6.64800428996,-3.87967
24,Lapa sem fim cave,91,LSF16,41684,16830.36262,45.89040537,45.44351135,-6.93044285714,2.0754
24,Lapa sem fim cave,91,LSF16,41685,16851.01364,42.14530423,42.46180784,-7.78532857143,0.95447
24,Lapa sem fim cave,603,LSF15,377352,16870.93223,2663.232009,1310.366389,-9.00176668603,-0.44931
24,Lapa sem fim cave,91,LSF16,41686,16871.12863,40.35633666,39.90492897,-8.22294444444,0.6312
24,Lapa sem fim cave,91,LSF16,41687,16881.34954,39.8005077,38.56293824,-8.50224444444,0.7367
24,Lapa sem fim cave,91,LSF16,41688,16891.91622,39.16096718,37.70292245,-8.72621111111,2.11471
24,Lapa sem fim cave,91,LSF16,41689,16902.08629,39.48822339,37.54933283,-7.885575,2.17302
24,Lapa sem fim cave,91,LSF16,41690,16912.12092,39.05819646,37.42103199,-7.50483333333,2.6355
24,Lapa sem fim cave,603,LSF15,377353,16916.07431,2739.482202,1351.48539,-7.28676881129,0.22716
24,Lapa sem fim cave,91,LSF16,41691,16932.96547,40.03795126,39.40193341,-8.06988571429,2.5284
24,Lapa sem fim cave,91,LSF16,41692,16942.90619,41.64779845,40.46758098,-8.12912222222,2.6389
24,Lapa sem fim cave,91,LSF16,41693,16953.07805,43.19506037,41.64516373,-8.71831111111,3.0752
24,Lapa sem fim cave,603,LSF15,377354,16960.04764,2816.261262,1392.148286,-6.59749925328,-0.01416
24,Lapa sem fim cave,91,LSF16,41694,16963.19583,43.961483,42.64997583,-8.07605555556,1.7032
24,Lapa sem fim cave,91,LSF16,41695,16973.27147,45.83016041,43.6243579,-8.26546666667,3.5623
24,Lapa sem fim cave,91,LSF16,41696,16993.66484,49.09259841,46.08759415,-6.808075,2.9836
24,Lapa sem fim cave,91,LSF16,41697,17003.97722,50.62362184,48.43933468,-7.63411111111,1.8534
24,Lapa sem fim cave,603,LSF15,377355,17004.02098,2893.040322,1431.866784,-6.95434631574,0.45598
24,Lapa sem fim cave,91,LSF16,41698,17014.32358,52.2439265,49.72431841,-8.57196666667,2.0632
24,Lapa sem fim cave,91,LSF16,41699,17024.83333,54.05230315,51.8931957,-8.49626666667,2.404
24,Lapa sem fim cave,91,LSF16,41700,17035.16476,56.40493397,54.42290696,-7.73434444444,2.4059
24,Lapa sem fim cave,91,LSF16,41701,17045.40684,58.67419344,57.51993356,-7.04997777778,2.9181
24,Lapa sem fim cave,603,LSF15,377356,17046.707,2971.106695,1472.060774,-6.68577957354,-0.46484
24,Lapa sem fim cave,91,LSF16,41702,17066.76479,63.21431076,63.2017019,-6.55513333333,1.46489
24,Lapa sem fim cave,91,LSF16,41703,17076.71002,66.41878665,65.79697143,-6.836225,0.68589
24,Lapa sem fim cave,91,LSF16,41704,17086.55712,69.80110786,67.99384195,-6.43138888889,2.22422
24,Lapa sem fim cave,603,LSF15,377357,17089.06545,3049.500642,1511.446288,-7.35052107071,-0.90131
24,Lapa sem fim cave,91,LSF16,41705,17097.73521,65.0188521,63.21150693,-5.4639,3.06233
24,Lapa sem fim cave,603,LSF15,377358,17131.4239,3128.718303,1551.598431,-7.64475430696,-0.813
24,Lapa sem fim cave,91,LSF16,41706,17152.1743,46.57288841,43.13037195,-5.95067777778,3.02278
24,Lapa sem fim cave,91,LSF16,41707,17163.28497,43.70057138,40.24613921,-6.59236666667,1.66844
24,Lapa sem fim cave,603,LSF15,377359,17173.78235,3209.40805,1591.671549,-7.59331782493,-0.45909
24,Lapa sem fim cave,91,LSF16,41708,17196.74814,40.08304498,38.40191121,-5.9079,1.33167
24,Lapa sem fim cave,603,LSF15,377360,17216.80957,3289.429026,1632.331947,-7.21887679476,-0.03946
24,Lapa sem fim cave,91,LSF16,41709,17219.5132,41.98133714,43.27420179,-6.7467,3.14722
24,Lapa sem fim cave,91,LSF16,41710,17230.61214,43.85728314,45.9729303,-7.47054444444,1.64322
24,Lapa sem fim cave,91,LSF16,41711,17241.34777,46.10596992,48.18514792,-7.6375,0.42233
24,Lapa sem fim cave,91,LSF16,41712,17252.22862,49.64583557,51.49371317,-7.21,0.86144
24,Lapa sem fim cave,603,LSF15,377361,17258.49925,3370.787542,1671.654804,-7.03972880604,-0.47441
24,Lapa sem fim cave,91,LSF16,41713,17263.69701,53.07499418,55.90730599,-7.55,2.73211
24,Lapa sem fim cave,91,LSF16,41714,17274.60964,57.0381795,60.48273283,-7.27,2.09644
24,Lapa sem fim cave,91,LSF16,41715,17285.67593,61.06751926,64.53659291,-7.03,2.36078
24,Lapa sem fim cave,91,LSF16,41716,17296.83654,66.28635673,69.33545733,-7.67,2.45278
24,Lapa sem fim cave,603,LSF15,377362,17300.8577,3451.477289,1710.858382,-7.07626216249,-0.27957
24,Lapa sem fim cave,91,LSF16,41717,17307.65542,71.36072191,74.35404947,-7.7,0.91778
24,Lapa sem fim cave,91,LSF16,41718,17318.78305,76.62668442,78.30744138,-7.79,1.744
24,Lapa sem fim cave,91,LSF16,41719,17330.00358,82.58172295,83.32147311,-7.42,1.60233
24,Lapa sem fim cave,91,LSF16,41720,17340.76714,88.4411843,88.28022007,-7.08,1.85133
24,Lapa sem fim cave,603,LSF15,377363,17343.56385,3531.819331,1748.41225,-7.36087046347,-0.21304
24,Lapa sem fim cave,91,LSF16,41721,17351.71541,94.12700259,93.44450067,-6.96,2.117
24,Lapa sem fim cave,91,LSF16,41722,17362.45195,100.503106,97.69736677,-7.03,2.12789
24,Lapa sem fim cave,91,LSF16,41723,17373.34449,106.2942454,102.7775553,-7.63,2.14044
24,Lapa sem fim cave,91,LSF16,41724,17384.19488,111.4990079,108.6066565,-7.77,1.05944
24,Lapa sem fim cave,603,LSF15,377364,17386.19268,3612.238698,1785.881122,-6.54316494127,-0.2087
24,Lapa sem fim cave,91,LSF16,41725,17395.33115,116.7205128,114.1441925,-7.57,1.03278
24,Lapa sem fim cave,91,LSF16,41726,17405.92385,122.4850876,119.3515901,-6.83,0.407
24,Lapa sem fim cave,91,LSF16,41727,17417.24958,128.3154236,124.9661126,-6.41,2.07338
24,Lapa sem fim cave,603,LSF15,377365,17428.51231,3692.967262,1823.068522,-7.21515101337,-0.3219
24,Lapa sem fim cave,91,LSF16,41728,17428.67728,134.2725084,130.9650672,-6.2,1.504
24,Lapa sem fim cave,91,LSF16,41729,17439.23691,140.5843331,136.8827341,-6.52,1.78256
24,Lapa sem fim cave,91,LSF16,41730,17450.21988,146.0264559,142.8724771,-5.71,2.23667
24,Lapa sem fim cave,91,LSF16,41731,17461.17943,151.4492129,148.9315828,-5.58,3.06656
24,Lapa sem fim cave,603,LSF15,377366,17470.83194,3773.695827,1862.885552,-6.54482084411,-0.40557
24,Lapa sem fim cave,91,LSF16,41732,17471.63255,157.8943391,154.1812964,-5.29,3.45944
24,Lapa sem fim cave,91,LSF16,41733,17482.69355,163.9476331,160.1141408,-5.16,3.863
24,Lapa sem fim cave,91,LSF16,41734,17493.45257,170.2161296,166.2351792,-6.07,3.23767
24,Lapa sem fim cave,91,LSF16,41735,17504.32719,176.1772728,172.5757064,-5.97,0.47744
24,Lapa sem fim cave,603,LSF15,377367,17513.15157,3854.424392,1900.865884,-6.99822774106,-0.36857
24,Lapa sem fim cave,91,LSF16,41736,17515.62159,181.5475808,177.9075895,-6.06,1.27211
24,Lapa sem fim cave,91,LSF16,41737,17526.21625,187.6176208,182.9903839,-5.4,2.29211
24,Lapa sem fim cave,91,LSF16,41738,17536.60588,194.0990802,188.2396563,-5.71,2.86622
24,Lapa sem fim cave,91,LSF16,41739,17548.29827,199.9816099,194.0281593,-5.16,2.59856
24,Lapa sem fim cave,603,LSF15,377368,17555.4712,3935.152957,1939.371059,-8.07860085158,-0.58076
24,Lapa sem fim cave,91,LSF16,41740,17559.43076,205.6116867,200.2746454,-5.53,2.51622
24,Lapa sem fim cave,91,LSF16,41741,17570.58259,211.4577517,205.4079448,-6.49,2.25767
24,Lapa sem fim cave,91,LSF16,41742,17581.55702,216.8546035,210.9578632,-6.96,1.10411
24,Lapa sem fim cave,603,LSF15,377369,17597.79083,4015.881522,1976.994607,-8.65143974101,0.64367
24,Lapa sem fim cave,91,LSF16,41743,17603.45773,228.0429581,222.1790913,-6.08,0.51844
24,Lapa sem fim cave,91,LSF16,41744,17614.18333,234.0380151,227.5446984,-5.78,2.46444
24,Lapa sem fim cave,91,LSF16,41745,17625.1721,239.5133919,232.6481553,-6.06,2.72489
24,Lapa sem fim cave,91,LSF16,41746,17636.08378,245.6179437,237.6134348,-6.21,2.44378
24,Lapa sem fim cave,603,LSF15,377370,17641.41406,4095.306491,2017.115348,-7.65965743254,0.70859
24,Lapa sem fim cave,91,LSF16,41747,17647.30048,250.4057626,242.83653,-7.32,2.11389
24,Lapa sem fim cave,91,LSF16,41748,17658.60934,255.4910434,248.1517947,-7.53,0.04911
24,Lapa sem fim cave,91,LSF16,41749,17669.92483,260.8082093,253.4122734,-8.6,-0.21978
24,Lapa sem fim cave,91,LSF16,41750,17680.80074,266.7968183,258.2000873,-7.9,0.15656
24,Lapa sem fim cave,603,LSF15,377371,17685.09851,4174.670242,2055.736658,-7.7202013802,1.46106
24,Lapa sem fim cave,91,LSF16,41751,17691.56685,273.2233813,263.2163092,-6.87,0.58389
24,Lapa sem fim cave,91,LSF16,41752,17701.98666,280.0677564,267.7829897,-6.81,0.816
24,Lapa sem fim cave,91,LSF16,41753,17712.76637,286.3068259,273.0649106,-6.9,1.08022
24,Lapa sem fim cave,91,LSF16,41754,17723.45885,292.412689,278.4949285,-7.73,1.19767
24,Lapa sem fim cave,603,LSF15,377372,17728.39951,4254.417433,2093.780729,-6.97090534416,1.46661
24,Lapa sem fim cave,91,LSF16,41755,17734.61658,298.3709294,284.3901854,-7.93,0.30778
24,Lapa sem fim cave,91,LSF16,41756,17745.32928,304.6911294,289.5747242,-7.69,-0.87778
24,Lapa sem fim cave,91,LSF16,41757,17756.03357,310.7327254,294.6034894,-8.81,-0.58378
24,Lapa sem fim cave,91,LSF16,41758,17766.64686,316.7260105,300.0429114,-6.77,-0.21411
24,Lapa sem fim cave,603,LSF15,377373,17771.50507,4334.360073,2132.760279,-7.41572224511,1.78786
24,Lapa sem fim cave,603,LSF15,377374,17813.80172,4415.111613,2171.879999,-7.24713063701,2.08008
24,Lapa sem fim cave,603,LSF15,377375,17856.09838,4495.863153,2210.999719,-7.49437763011,1.44867
24,Lapa sem fim cave,603,LSF15,377376,17898.39503,4576.614693,2250.042518,-7.75704521843,1.41288
24,Lapa sem fim cave,603,LSF15,377377,17940.69169,4657.366233,2289.052619,-8.10633722418,1.38748
24,Lapa sem fim cave,603,LSF15,377378,17982.58554,4738.520581,2327.659912,-7.2950483255,1.56983
24,Lapa sem fim cave,603,LSF15,377379,18024.61966,4819.534654,2366.407481,-7.03796940927,1.34212
24,Lapa sem fim cave,603,LSF15,377380,18067.68814,4899.514371,2406.189404,-7.06063457942,2.44579
24,Lapa sem fim cave,603,LSF15,377381,18110.54529,4979.705409,2444.09667,-7.24992497305,2.10962
24,Lapa sem fim cave,603,LSF15,377382,18197.16722,5139.179871,2525.189066,-7.17271850304,1.16007
24,Lapa sem fim cave,603,LSF15,377383,18240.48547,5218.909819,2563.59727,-7.39750731385,1.39474
24,Lapa sem fim cave,603,LSF15,377384,18284.17841,5298.265074,2603.136662,-7.4310393464,0.97974
24,Lapa sem fim cave,603,LSF15,377385,18328.30856,5377.183121,2643.054452,-7.77577761934,1.1008
24,Lapa sem fim cave,603,LSF15,377386,18372.8323,5455.70758,2683.365829,-7.73903727503,1.16945
24,Lapa sem fim cave,603,LSF15,377387,18416.87978,5534.708292,2722.95544,-7.95119982667,0.75344
24,Lapa sem fim cave,603,LSF15,377388,18460.69481,5613.941461,2761.867304,-8.44196803148,0.58168
24,Lapa sem fim cave,603,LSF15,377389,18504.50983,5693.174631,2801.823215,-8.37862974778,0.70798
24,Lapa sem fim cave,603,LSF15,377390,18548.32486,5772.4078,2842.51627,-8.58851543301,0.497
24,Lapa sem fim cave,603,LSF15,377391,18592.13989,5851.640969,2882.442009,-8.73402789525,0.52866
24,Lapa sem fim cave,603,LSF15,377392,18635.95491,5930.874138,2922.367749,-7.85070722294,0.41818
24,Lapa sem fim cave,603,LSF15,377393,18679.76994,6010.107307,2962.293488,-7.73282763937,0.90847
24,Lapa sem fim cave,603,LSF15,377394,18723.58497,6089.340476,3002.219228,-7.86333348211,0.98619
24,Lapa sem fim cave,603,LSF15,377395,18767.36614,6168.607502,3042.111111,-8.66934419049,0.81654
24,Lapa sem fim cave,603,LSF15,377396,18810.39727,6248.624564,3081.151131,-8.1888218845,0.75284
24,Lapa sem fim cave,708,LSF13_2018,420874,30207.950498701,83.6681253703391,82.3794271586376,-5.31553659575,
24,Lapa sem fim cave,605,LSF13,377816,30210.52601,87.00399323,83.96075787,-4.99767029476,
24,Lapa sem fim cave,708,LSF13_2018,420875,30275.0290864661,81.815000836461,79.0381892419609,-5.09729846564,
24,Lapa sem fim cave,605,LSF13,377817,30277.62639,81.89401434,81.25633153,-5.31553659575,
24,Lapa sem fim cave,708,LSF13_2018,420876,30342.4642150592,77.8163158150637,76.4095204784026,-5.38475195657,
24,Lapa sem fim cave,605,LSF13,377818,30344.16884,81.14099711,78.85222197,-5.09729846564,
24,Lapa sem fim cave,708,LSF13_2018,420877,30408.8982369134,80.4791497569822,76.7776227089416,-5.61158957091,
24,Lapa sem fim cave,605,LSF13,377819,30410.73323,79.49541712,78.40914777,-5.38475195657,
24,Lapa sem fim cave,708,LSF13_2018,420878,30474.8549626779,83.8449869762007,77.0736526773726,-5.50430576163,
24,Lapa sem fim cave,605,LSF13,377820,30476.57121,80.86324975,77.2295112,-5.61158957091,
24,Lapa sem fim cave,708,LSF13_2018,420879,30541.0296702435,85.5466642433203,79.0137616678621,-5.45868654654,
24,Lapa sem fim cave,605,LSF13,377821,30543.28867,82.93118849,79.91974568,-5.50430576163,
24,Lapa sem fim cave,708,LSF13_2018,420880,30607.1338890185,90.2923715799516,81.1335879062171,-5.39544887597,
24,Lapa sem fim cave,605,LSF13,377822,30609.69588,86.26812242,85.33939634,-5.45868654654,
24,Lapa sem fim cave,708,LSF13_2018,420881,30673.5660795264,97.9045431515115,87.4420036464362,-4.7413637162,
24,Lapa sem fim cave,605,LSF13,377823,30677.07199,90.50739582,92.58609644,-5.39544887597,
24,Lapa sem fim cave,708,LSF13_2018,420882,30740.1364966429,105.716937564164,93.8855959241555,-4.42139998003,
24,Lapa sem fim cave,605,LSF13,377824,30743.28259,97.82320662,99.64042789,-4.7413637162,
24,Lapa sem fim cave,708,LSF13_2018,420883,30871.8347890288,122.654788358726,108.3905991264,-4.43010433601,
24,Lapa sem fim cave,605,LSF13,377825,30876.01244,114.5062289,114.0156802,-4.42139998003,
24,Lapa sem fim cave,708,LSF13_2018,420884,30937.6378208195,131.715108238652,115.420141574719,-4.42748254204,
24,Lapa sem fim cave,605,LSF13,377826,30944.31073,118.6598569,123.6809385,-4.43010433601,
24,Lapa sem fim cave,708,LSF13_2018,420885,31004.1159450953,142.573453980134,124.870173588821,-4.33330770262,
24,Lapa sem fim cave,605,LSF13,377827,31010.15752,129.6213518,131.1742066,-4.42748254204,
24,Lapa sem fim cave,708,LSF13_2018,420886,31070.6430873981,153.045189256689,134.461245913015,-4.29576361296,
24,Lapa sem fim cave,605,LSF13,377828,31076.65375,140.6881479,141.8131639,-4.33330770262,
24,Lapa sem fim cave,708,LSF13_2018,420887,31138.3004528011,161.284796436463,145.945175448189,-4.36791538303,
24,Lapa sem fim cave,605,LSF13,377829,31143.45093,150.2082492,152.2244419,-4.29576361296,
24,Lapa sem fim cave,708,LSF13_2018,420888,31204.9803406159,172.193332042792,157.312242402892,-3.99153064062,
24,Lapa sem fim cave,605,LSF13,377830,31209.60773,162.3642453,161.6231614,-4.36791538303,
24,Lapa sem fim cave,708,LSF13_2018,420889,31271.5979798298,182.212850793258,168.327605187776,-4.25119311546,
24,Lapa sem fim cave,605,LSF13,377831,31276.24852,173.3856428,172.0167187,-3.99153064062,
24,Lapa sem fim cave,708,LSF13_2018,420890,31339.1002674465,190.583754206942,180.985120307836,-4.20494466982,
24,Lapa sem fim cave,605,LSF13,377832,31342.57164,184.8975164,182.0186558,-4.25119311546,
24,Lapa sem fim cave,708,LSF13_2018,420891,31405.5885676571,201.572293308891,192.998967785865,-4.1441190497,
24,Lapa sem fim cave,605,LSF13,377833,31409.8033,194.8892778,192.6054617,-4.20494466982,
24,Lapa sem fim cave,605,LSF13,377834,31476.13686,204.6231961,202.5300178,-4.1441190497,
24,Lapa sem fim cave,708,LSF13_2018,420894,35028.6898167516,183.076363149783,182.550138792016,-3.93805644434,
24,Lapa sem fim cave,605,LSF13,377837,35037.85266,178.3711046,177.1883512,-3.93805644434,
24,Lapa sem fim cave,711,LSF13_2021,422136,35040.1230151001,1510.27541496055,1771.67813299162,-5.93,
24,Lapa sem fim cave,708,LSF13_2018,420895,35041.2207697649,180.530086949831,180.302239845747,-3.64275766198,
24,Lapa sem fim cave,605,LSF13,377838,35050.85146,176.1854569,175.1906215,-3.64275766198,
24,Lapa sem fim cave,708,LSF13_2018,420896,35053.8930861483,177.793007258348,177.638126193466,-3.78940407195,
24,Lapa sem fim cave,605,LSF13,377839,35063.75945,173.9737147,173.0686597,-3.78940407195,
24,Lapa sem fim cave,708,LSF13_2018,420897,35067.0548991524,174.355910761049,175.497601535222,-3.99221742946,
24,Lapa sem fim cave,605,LSF13,377840,35076.73564,171.5014349,170.9672873,-3.99221742946,
24,Lapa sem fim cave,711,LSF13_2021,422137,35077.0987608168,1483.84889375032,1735.61798227232,-5.99,
24,Lapa sem fim cave,708,LSF13_2018,420898,35079.707045468,172.221896871808,172.718208227379,-3.96909607324,
24,Lapa sem fim cave,605,LSF13,377841,35089.63714,169.6109904,168.4423576,-3.96909607324,
24,Lapa sem fim cave,708,LSF13_2018,420899,35092.6709976248,169.716691583308,169.965826705884,-4.06094803629,
24,Lapa sem fim cave,605,LSF13,377842,35102.83705,167.5207605,166.0364654,-4.06094803629,
24,Lapa sem fim cave,708,LSF13_2018,420900,35105.2752200745,167.57121600199,167.434043683548,-4.31222122258,
24,Lapa sem fim cave,605,LSF13,377843,35115.93828,164.8548559,163.4985818,-4.31222122258,
24,Lapa sem fim cave,711,LSF13_2021,422138,35117.6322049553,1452.16228438725,1703.77292661483,-5.96,
24,Lapa sem fim cave,708,LSF13_2018,420901,35118.2699951852,165.03518775972,164.505860710378,-4.1761325095,
24,Lapa sem fim cave,605,LSF13,377844,35128.76961,162.6251698,161.1900683,-4.1761325095,
24,Lapa sem fim cave,708,LSF13_2018,420902,35130.9218749618,162.625502306859,161.216323978842,-4.03972706552,
24,Lapa sem fim cave,605,LSF13,377845,35141.69525,160.5087683,159.8976273,-4.03972706552,
24,Lapa sem fim cave,708,LSF13_2018,420903,35143.8510597072,160.685402102958,159.298339483532,-4.28688275001,
24,Lapa sem fim cave,711,LSF13_2021,422139,35152.6927362684,1420.68335180954,1674.20483738045,-5.86,
24,Lapa sem fim cave,605,LSF13,377846,35154.66207,158.3511866,158.6039,-4.28688275001,
24,Lapa sem fim cave,708,LSF13_2018,420904,35156.6486538911,158.991176632044,156.484547045075,-3.6617615164,
24,Lapa sem fim cave,605,LSF13,377847,35167.37679,156.2859009,155.6231899,-3.6617615164,
24,Lapa sem fim cave,708,LSF13_2018,420905,35169.6811934107,156.992710150953,154.07580059157,-4.56697844884,
24,Lapa sem fim cave,605,LSF13,377848,35180.14107,154.3862422,153.2238349,-4.56697844884,
24,Lapa sem fim cave,708,LSF13_2018,420906,35182.5307308605,154.90950839829,151.974702312713,-4.30694237413,
24,Lapa sem fim cave,711,LSF13_2021,422140,35191.2362356154,1387.84977618511,1640.04113861146,-5.87,
24,Lapa sem fim cave,605,LSF13,377849,35193.05381,152.4527402,151.280315,-4.30694237413,
24,Lapa sem fim cave,708,LSF13_2018,420907,35195.3541866018,153.039655311703,149.889560605312,-4.092621127,
24,Lapa sem fim cave,605,LSF13,377850,35206.40333,150.2649128,148.7933147,-4.092621127,
24,Lapa sem fim cave,708,LSF13_2018,420908,35208.4505856476,150.805856533007,148.547523543522,-4.27643063008,
24,Lapa sem fim cave,605,LSF13,377851,35219.54573,148.1211567,147.4890465,-4.27643063008,
24,Lapa sem fim cave,708,LSF13_2018,420909,35221.236015057,149.422196760366,146.949778373244,-4.64668906045,
24,Lapa sem fim cave,711,LSF13_2021,422141,35229.2779731711,1358.42697390356,1604.57654387394,-5.89,
24,Lapa sem fim cave,605,LSF13,377852,35232.46756,145.6362814,146.219059,-4.64668906045,
24,Lapa sem fim cave,708,LSF13_2018,420910,35234.2797041305,147.014646038268,145.470812712185,-4.55093074955,
24,Lapa sem fim cave,605,LSF13,377853,35245.51672,143.3434013,144.3688709,-4.55093074955,
24,Lapa sem fim cave,708,LSF13_2018,420911,35247.3244175018,144.358626377449,144.238990534555,-4.44788762778,
24,Lapa sem fim cave,605,LSF13,377854,35258.25817,141.283734,141.4756243,-4.44788762778,
24,Lapa sem fim cave,708,LSF13_2018,420912,35260.4700571347,141.72244348938,143.269683953637,-4.43279012121,
24,Lapa sem fim cave,711,LSF13_2021,422142,35269.6933469075,1327.04310146233,1572.9836673115,-5.64,
24,Lapa sem fim cave,605,LSF13,377855,35270.61612,139.4129112,138.3163928,-4.43279012121,
24,Lapa sem fim cave,708,LSF13_2018,420913,35273.180713086,139.760345579707,141.139472442657,-4.35476874109,
24,Lapa sem fim cave,605,LSF13,377856,35283.83775,137.0577026,137.0687758,-4.35476874109,
24,Lapa sem fim cave,708,LSF13_2018,420914,35286.6244641877,137.043866181572,139.742975770816,-4.45760070893,
24,Lapa sem fim cave,605,LSF13,377857,35296.6656,134.941557,134.8946068,-4.45760070893,
24,Lapa sem fim cave,708,LSF13_2018,420915,35299.3725566834,135.159446486672,137.572411270427,-3.74411155224,
24,Lapa sem fim cave,711,LSF13_2021,422143,35302.5970999187,1304.9116745527,1541.43728832868,-5.84,
24,Lapa sem fim cave,605,LSF13,377858,35309.6198,132.4540165,132.9682431,-3.74411155224,
24,Lapa sem fim cave,708,LSF13_2018,420916,35312.4139308053,132.014593759981,135.102553119861,-4.44704301202,
24,Lapa sem fim cave,605,LSF13,377859,35322.86684,129.9682849,131.4513154,-4.44704301202,
24,Lapa sem fim cave,708,LSF13_2018,420917,35325.1322186465,129.38000599893,133.008447567823,-4.67023272455,
24,Lapa sem fim cave,605,LSF13,377860,35335.62731,127.9859587,129.73177,-4.67023272455,
24,Lapa sem fim cave,708,LSF13_2018,420918,35337.5076832049,127.685074938687,130.719331090215,-4.3537129714,
24,Lapa sem fim cave,711,LSF13_2021,422144,35341.6466980043,1277.98094333124,1508.01411374884,-5.95,
24,Lapa sem fim cave,605,LSF13,377861,35348.66537,126.1040784,128.4538063,-4.3537129714,
24,Lapa sem fim cave,708,LSF13_2018,420919,35350.3282520175,125.201592584657,128.73961916619,-5.21321507625,
24,Lapa sem fim cave,605,LSF13,377862,35361.38415,123.96694,125.892186,-5.21321507625,
24,Lapa sem fim cave,708,LSF13_2018,420920,35362.9668169897,123.604177310393,126.564485570576,-5.06699097415,
24,Lapa sem fim cave,605,LSF13,377863,35374.02513,122.1677151,123.4355526,-5.06699097415,
24,Lapa sem fim cave,708,LSF13_2018,420921,35375.7316488386,121.787324443198,124.699136978663,-5.12389696046,
24,Lapa sem fim cave,711,LSF13_2021,422145,35381.5232484555,1249.4177392343,1475.01606866392,-6.19,
24,Lapa sem fim cave,605,LSF13,377864,35399.07268,118.8943081,119.0029795,-5.12389696046,
24,Lapa sem fim cave,708,LSF13_2018,420922,35401.3881374075,118.340941896306,121.233564253504,-5.08018809528,
24,Lapa sem fim cave,605,LSF13,377865,35412.20053,117.1531253,117.636777,-5.08018809528,
24,Lapa sem fim cave,708,LSF13_2018,420923,35413.9852638153,116.732742919994,119.401551627248,-4.98801940132,
24,Lapa sem fim cave,711,LSF13_2021,422146,35423.5796787123,1221.00967806346,1443.81955371534,-6.11,
24,Lapa sem fim cave,605,LSF13,377866,35425.29265,114.8718394,116.15666,-4.98801940132,
24,Lapa sem fim cave,708,LSF13_2018,420924,35427.144828237,114.211013054562,117.270056739675,-4.97777843532,
24,Lapa sem fim cave,605,LSF13,377867,35438.4626,112.5285139,114.4837481,-4.97777843532,
24,Lapa sem fim cave,708,LSF13_2018,420925,35439.9000578383,112.800880783318,114.86063570089,-5.12548061499,
24,Lapa sem fim cave,605,LSF13,377868,35451.44196,110.7671749,112.374096,-5.12548061499,
24,Lapa sem fim cave,708,LSF13_2018,420926,35452.680154223,111.711764221363,111.709087522628,-5.60976217192,
24,Lapa sem fim cave,711,LSF13_2021,422147,35458.9776027688,1197.28823136003,1415.40325195005,-6.1,
24,Lapa sem fim cave,605,LSF13,377869,35464.69572,108.7085919,110.8742881,-5.60976217192,
24,Lapa sem fim cave,708,LSF13_2018,420927,35465.3981177449,110.392431311033,110.15768083329,-4.35772489623,
24,Lapa sem fim cave,605,LSF13,377870,35477.21626,107.3334975,108.0510962,-4.35772489623,
24,Lapa sem fim cave,708,LSF13_2018,420928,35478.1326854781,107.967642361611,108.789527620174,-5.93346115896,
24,Lapa sem fim cave,605,LSF13,377871,35490.09082,105.5684985,105.8186469,-5.93346115896,
24,Lapa sem fim cave,708,LSF13_2018,420929,35491.1078676003,105.495384605994,107.893168908144,-5.50091231685,
24,Lapa sem fim cave,711,LSF13_2021,422148,35499.163941875,1168.4106514524,1382.13941727292,-6.23,
24,Lapa sem fim cave,605,LSF13,377872,35502.69839,103.8198975,102.9533611,-5.50091231685,
24,Lapa sem fim cave,708,LSF13_2018,420930,35504.0254865789,102.961746161447,106.300659792389,-5.65970007827,
24,Lapa sem fim cave,605,LSF13,377873,35515.74903,101.3291317,101.2623233,-5.65970007827,
24,Lapa sem fim cave,708,LSF13_2018,420931,35516.2080601717,102.020086583369,103.912124292365,-5.72188491303,
24,Lapa sem fim cave,605,LSF13,377874,35528.66252,99.51078562,99.34613262,-5.72188491303,
24,Lapa sem fim cave,708,LSF13_2018,420932,35528.9026978964,100.921882223105,101.675182714462,-5.86557516787,
24,Lapa sem fim cave,605,LSF13,377875,35541.5485,98.27032351,97.46876089,-5.86557516787,
24,Lapa sem fim cave,711,LSF13_2021,422149,35541.5597668453,1136.88984578758,1346.82493158137,-6.15,
24,Lapa sem fim cave,708,LSF13_2018,420933,35542.2445166629,99.099238746945,100.688852949708,-5.94528577949,
24,Lapa sem fim cave,605,LSF13,377876,35554.80531,96.65453684,96.70558915,-5.94528577949,
24,Lapa sem fim cave,708,LSF13_2018,420934,35555.1833853482,97.3751141519097,99.2716834186504,-5.78850398048,
24,Lapa sem fim cave,605,LSF13,377877,35567.47111,94.43649986,94.59187012,-5.78850398048,
24,Lapa sem fim cave,708,LSF13_2018,420935,35568.0006086573,95.3118877712259,97.6363497425045,-5.29683203572,
24,Lapa sem fim cave,605,LSF13,377878,35579.91677,93.1636565,92.82710184,-5.29683203572,
24,Lapa sem fim cave,708,LSF13_2018,420936,35580.5565110828,93.7082694532291,96.0552554446549,-5.85755131823,
24,Lapa sem fim cave,711,LSF13_2021,422150,35581.0876763347,1105.89713955387,1306.05835541419,-5.88,
24,Lapa sem fim cave,605,LSF13,377879,35593.20038,91.62090061,91.5711161,-5.85755131823,
24,Lapa sem fim cave,708,LSF13_2018,420937,35593.5943308495,91.5988073357512,93.9487542793286,-5.58157312119,
24,Lapa sem fim cave,708,LSF13_2018,420938,35606.4409448242,90.7499588464561,92.6308927924838,-5.68366605024,
24,Lapa sem fim cave,605,LSF13,377880,35606.48243,89.45996355,89.60228348,-5.58157312119,
24,Lapa sem fim cave,711,LSF13_2021,422151,35617.0280594913,1079.39796746185,1272.89793646534,-6.27,
24,Lapa sem fim cave,605,LSF13,377881,35619.29876,88.2474411,87.91076535,-5.68366605024,
24,Lapa sem fim cave,708,LSF13_2018,420939,35619.5456818803,88.9011769325662,91.3752493744105,-5.72431318332,
24,Lapa sem fim cave,605,LSF13,377882,35631.92356,86.89891874,86.81265802,-5.72431318332,
24,Lapa sem fim cave,708,LSF13_2018,420940,35632.4932567991,87.0398380119077,89.7227532628895,-5.07596501652,
24,Lapa sem fim cave,605,LSF13,377883,35644.45605,86.01169704,85.64301351,-5.07596501652,
24,Lapa sem fim cave,708,LSF13_2018,420941,35645.6042124037,85.0260349657692,88.5031461024701,-5.58780216236,
24,Lapa sem fim cave,711,LSF13_2021,422152,35654.0381335847,1050.59183975546,1228.98715358285,-6.22,
24,Lapa sem fim cave,605,LSF13,377884,35657.48375,84.04479778,84.60658111,-5.58780216236,
24,Lapa sem fim cave,708,LSF13_2018,420942,35658.1318986297,83.7745910108715,87.1741284771051,-5.50693020409,
24,Lapa sem fim cave,605,LSF13,377885,35670.5199,82.25697658,82.73051299,-5.50693020409,
24,Lapa sem fim cave,708,LSF13_2018,420943,35670.5214697762,82.5663569466851,85.555322836939,-5.55581234075,
24,Lapa sem fim cave,708,LSF13_2018,420944,35683.1772324235,81.0343760354008,83.7273822656934,-5.44675133174,
24,Lapa sem fim cave,605,LSF13,377886,35683.41193,80.93942078,80.69918676,-5.55581234075,
24,Lapa sem fim cave,711,LSF13_2021,422153,35693.9209667314,1024.44116022792,1194.1305948534,-6.33,
24,Lapa sem fim cave,708,LSF13_2018,420945,35695.4836560843,79.8340039141258,81.8273871641068,-5.57766677334,
24,Lapa sem fim cave,605,LSF13,377887,35696.6118,79.41276722,79.35855179,-5.44675133174,
24,Lapa sem fim cave,708,LSF13_2018,420946,35708.1164765047,79.2605265350503,79.9634396959154,-5.76622724002,
24,Lapa sem fim cave,605,LSF13,377888,35709.45523,78.65903758,77.85280709,-5.57766677334,
24,Lapa sem fim cave,708,LSF13_2018,420947,35720.9658678974,77.7495829543259,78.9340842529346,-5.4226797828,
24,Lapa sem fim cave,605,LSF13,377889,35722.22886,77.77273965,75.99734679,-5.76622724002,
24,Lapa sem fim cave,708,LSF13_2018,420948,35733.7399666207,76.3522908190498,77.7011905672261,-5.92881577232,
24,Lapa sem fim cave,711,LSF13_2021,422154,35734.6971427005,997.413903731176,1155.18700653707,-6.26,
24,Lapa sem fim cave,605,LSF13,377890,35735.504,76.72788904,75.03189569,-5.4226797828,
24,Lapa sem fim cave,708,LSF13_2018,420949,35746.6896661477,76.1186196509152,76.3626187503469,-5.99437907009,
24,Lapa sem fim cave,605,LSF13,377891,35748.32023,75.6827003,73.05053339,-5.92881577232,
24,Lapa sem fim cave,708,LSF13_2018,420950,35759.1259397717,75.3017789680453,74.4766447000002,-5.95763828487,
24,Lapa sem fim cave,605,LSF13,377892,35760.85583,75.57898921,71.31397507,-5.99437907009,
24,Lapa sem fim cave,711,LSF13_2021,422155,35771.0507587107,971.636768484081,1125.16158756069,-5.99,
24,Lapa sem fim cave,708,LSF13_2018,420951,35771.8960736372,74.951399631711,73.6075558543816,-5.85945170367,
24,Lapa sem fim cave,605,LSF13,377893,35773.43361,74.23750382,70.54466139,-5.95763828487,
24,Lapa sem fim cave,708,LSF13_2018,420952,35784.8443200818,73.8035552811198,72.7153283077787,-5.87296555571,
24,Lapa sem fim cave,605,LSF13,377894,35786.07972,74.07440251,69.43901997,-5.85945170367,
24,Lapa sem fim cave,708,LSF13_2018,420953,35797.8155110785,73.211853471068,72.1962634869706,-5.88742960046,
24,Lapa sem fim cave,605,LSF13,377895,35799.00714,73.02330531,67.95667547,-5.87296555571,
24,Lapa sem fim cave,711,LSF13_2021,422156,35809.3914029409,945.976983961897,1088.48376908661,-5.92,
24,Lapa sem fim cave,708,LSF13_2018,420954,35810.8564835706,71.7395881616467,71.6619031163209,-5.63669070337,
24,Lapa sem fim cave,605,LSF13,377896,35811.80665,72.69494947,67.58927979,-5.88742960046,
24,Lapa sem fim cave,708,LSF13_2018,420955,35823.7259557542,71.7392639563768,71.0634604509978,-5.83561206329,
24,Lapa sem fim cave,605,LSF13,377897,35824.38371,71.64068086,67.46561697,-5.63669070337,
24,Lapa sem fim cave,708,LSF13_2018,420956,35836.6943214138,71.0183592001194,69.7680132352907,-5.95460589164,
24,Lapa sem fim cave,605,LSF13,377898,35837.47272,70.67341749,67.30335964,-5.83561206329,
24,Lapa sem fim cave,711,LSF13_2021,422157,35846.2720365057,919.350004785098,1051.08928938683,-5.49,
24,Lapa sem fim cave,708,LSF13_2018,420957,35849.2366282029,70.5613152548249,68.6330617895146,-6.18763107281,
24,Lapa sem fim cave,605,LSF13,377899,35850.40373,69.92590027,67.37570918,-5.95460589164,
24,Lapa sem fim cave,708,LSF13_2018,420958,35862.3913196363,69.9265636662894,67.9814084568279,-6.11319393972,
24,Lapa sem fim cave,605,LSF13,377900,35863.33966,70.16516231,67.66505422,-6.18763107281,
24,Lapa sem fim cave,708,LSF13_2018,420959,35875.5053033055,68.8017597502039,67.3614156292533,-6.09999586648,
24,Lapa sem fim cave,605,LSF13,377901,35876.10974,70.21045538,67.65635671,-6.11319393972,
24,Lapa sem fim cave,711,LSF13_2021,422158,35883.1565301204,893.014619700742,1020.35734679872,-6.11,
24,Lapa sem fim cave,708,LSF13_2018,420960,35888.4095501202,69.2280596799392,67.0997226057079,-6.22891464591,
24,Lapa sem fim cave,605,LSF13,377902,35888.80498,69.91362564,67.19879051,-6.09999586648,
24,Lapa sem fim cave,708,LSF13_2018,420961,35901.3195594378,69.5635205721628,67.2753918480157,-6.15416075907,
24,Lapa sem fim cave,605,LSF13,377903,35901.84777,69.8649454,67.60123149,-6.22891464591,
24,Lapa sem fim cave,708,LSF13_2018,420962,35913.9366310591,69.6816890012997,67.2719483895635,-5.87731797473,
24,Lapa sem fim cave,605,LSF13,377904,35914.65025,69.40326595,66.25496899,-6.15416075907,
24,Lapa sem fim cave,711,LSF13_2021,422159,35915.7992312157,865.196270781838,985.391533413225,-5.72,
24,Lapa sem fim cave,708,LSF13_2018,420963,35926.6563653989,69.3423265643214,67.4624429543692,-6.26766418895,
24,Lapa sem fim cave,605,LSF13,377905,35927.5751,69.86840748,66.51413127,-5.87731797473,
24,Lapa sem fim cave,708,LSF13_2018,420964,35939.3638353004,70.0735921518281,68.1367832041869,-6.22036229445,
24,Lapa sem fim cave,605,LSF13,377906,35940.06048,69.63429434,66.75238307,-6.26766418895,
24,Lapa sem fim cave,711,LSF13_2021,422160,35951.7469406382,837.76394189243,956.430731344706,-5.89,
24,Lapa sem fim cave,708,LSF13_2018,420965,35952.1787937855,70.4767647632616,67.7197283856949,-6.32626363415,
24,Lapa sem fim cave,605,LSF13,377907,35953.13729,69.84856883,67.28509155,-6.22036229445,
24,Lapa sem fim cave,708,LSF13_2018,420966,35965.2093262371,70.2028440588329,68.8813499011303,-6.26270171341,
24,Lapa sem fim cave,605,LSF13,377908,35966.14442,70.02391489,68.01158475,-6.32626363415,
24,Lapa sem fim cave,711,LSF13_2021,422161,35975.9712502214,816.669004864765,939.86916315835,-5.82,
24,Lapa sem fim cave,708,LSF13_2018,420967,35978.244807666,70.509970544641,69.9175025341829,-5.98860412831,
24,Lapa sem fim cave,605,LSF13,377909,35978.90732,70.16445422,68.78433675,-6.26270171341,
24,Lapa sem fim cave,708,LSF13_2018,420968,35991.3114636493,70.5350760265283,70.3170592826937,-5.92124116248,
24,Lapa sem fim cave,605,LSF13,377910,35991.64324,70.4944607,69.07262499,-5.98860412831,
24,Lapa sem fim cave,711,LSF13_2021,422162,35997.3359983173,800.001172221368,913.722084608249,-5.58,
24,Lapa sem fim cave,708,LSF13_2018,420969,36004.4691711801,71.0065604964475,71.106600266452,-5.49487038395,
24,Lapa sem fim cave,605,LSF13,377911,36004.62747,70.85519417,70.19302858,-5.92124116248,
24,Lapa sem fim cave,711,LSF13_2021,422163,36017.1179166873,785.757311999194,891.928744235003,-6.12,
24,Lapa sem fim cave,605,LSF13,377912,36017.23272,72.17468477,70.79663988,-5.49487038395,
24,Lapa sem fim cave,708,LSF13_2018,420970,36017.263018742,72.0451293825899,72.2027766430183,-6.10987098788,
24,Lapa sem fim cave,605,LSF13,377913,36029.94467,72.68460761,71.62829764,-6.10987098788,
24,Lapa sem fim cave,708,LSF13_2018,420971,36030.7759506092,71.3222931798737,74.3500685901599,-5.72041634081,
24,Lapa sem fim cave,711,LSF13_2021,422164,36038.2413220593,774.457542343189,874.982169245835,-5.99,
24,Lapa sem fim cave,605,LSF13,377914,36043.48308,72.91356591,73.05350436,-5.72041634081,
24,Lapa sem fim cave,708,LSF13_2018,420972,36043.5486636659,72.3029853172047,75.6941586496323,-5.88854676162,
24,Lapa sem fim cave,708,LSF13_2018,420973,36056.2441280632,73.4614539677277,76.5577806612055,-5.82310993745,
24,Lapa sem fim cave,605,LSF13,377915,36056.73977,73.64961232,75.28590307,-5.88854676162,
24,Lapa sem fim cave,711,LSF13_2021,422165,36059.7513541212,757.780966433886,859.226561101641,-5.97,
24,Lapa sem fim cave,711,LSF13_2021,422166,36074.3202387487,746.60196300751,842.787508395828,-5.84,
24,Lapa sem fim cave,605,LSF13,377916,36095.22674,75.97572455,78.82459689,-5.82310993745,
24,Lapa sem fim cave,708,LSF13_2018,420974,36095.4982458644,74.084634181665,77.7168600842779,-5.5822602072,
24,Lapa sem fim cave,711,LSF13_2021,422167,36096.6205152403,730.05910254443,823.799008254442,-5.31,
24,Lapa sem fim cave,708,LSF13_2018,420975,36112.1059333771,77.6775734260809,80.397548224355,-6.12169183354,
24,Lapa sem fim cave,605,LSF13,377917,36112.74799,77.65212077,84.41937625,-5.5822602072,
24,Lapa sem fim cave,711,LSF13_2021,422168,36118.1897837329,716.240794787758,806.699999256227,-4.72,
24,Lapa sem fim cave,605,LSF13,377918,36129.48491,82.54743263,91.68889325,-6.12169183354,
24,Lapa sem fim cave,708,LSF13_2018,420976,36129.9704288928,80.7250830503617,88.018355702472,-5.99060709867,
24,Lapa sem fim cave,711,LSF13_2021,422169,36138.3195037226,702.600352927977,788.124672838458,-4.48,
24,Lapa sem fim cave,605,LSF13,377919,36146.21965,89.59410727,101.2996145,-5.99060709867,
24,Lapa sem fim cave,708,LSF13_2018,420977,36147.4158384179,85.9168875992109,94.4788483954035,-5.96527671512,
24,Lapa sem fim cave,711,LSF13_2021,422170,36160.6987347995,687.675076963962,770.485194426183,-5.11,
24,Lapa sem fim cave,605,LSF13,377920,36163.88642,93.89967672,111.671865,-5.96527671512,
24,Lapa sem fim cave,708,LSF13_2018,420978,36166.3040651144,89.4541648256272,106.872879726739,-5.84369087408,
24,Lapa sem fim cave,605,LSF13,377921,36181.91179,99.18661636,122.4149314,-5.84369087408,
24,Lapa sem fim cave,711,LSF13_2021,422171,36184.3889385853,671.767495755921,753.470684448388,-4.97,
24,Lapa sem fim cave,708,LSF13_2018,420979,36184.6559519654,94.3623019549486,117.858882371424,-5.31386368484,
24,Lapa sem fim cave,605,LSF13,377922,36200.16227,105.9123119,133.8445471,-5.31386368484,
24,Lapa sem fim cave,708,LSF13_2018,420980,36201.8094737694,101.673994474142,129.179540492711,-4.72345466161,
24,Lapa sem fim cave,711,LSF13_2021,422172,36204.2639617032,658.585113886431,737.839124195831,-4.78,
24,Lapa sem fim cave,605,LSF13,377923,36218.53146,113.1730657,146.7430451,-4.72345466161,
24,Lapa sem fim cave,708,LSF13_2018,420981,36219.6047822271,108.947813800078,141.275250057013,-4.47658896527,
24,Lapa sem fim cave,711,LSF13_2021,422173,36226.2862770632,643.664775771918,726.79262924983,-4.32,
24,Lapa sem fim cave,605,LSF13,377924,36235.78529,120.9657356,159.1321763,-4.47658896527,
24,Lapa sem fim cave,708,LSF13_2018,420982,36237.3609290677,117.48244356463,152.230410575161,-5.10678779933,
24,Lapa sem fim cave,711,LSF13_2021,422174,36249.3711022884,627.82912549279,708.063664581867,-4.36,
24,Lapa sem fim cave,605,LSF13,377925,36253.35992,128.2575436,172.7020353,-5.10678779933,
24,Lapa sem fim cave,708,LSF13_2018,420983,36255.5892187507,125.055411447262,163.662726985007,-4.96673188695,
24,Lapa sem fim cave,605,LSF13,377926,36270.34594,137.7406688,185.0469388,-4.96673188695,
24,Lapa sem fim cave,711,LSF13_2021,422175,36270.5117249248,613.554305421734,689.099465505147,-4.61,
24,Lapa sem fim cave,708,LSF13_2018,420984,36272.727019259,133.348380489515,174.117860108221,-4.77633183727,
24,Lapa sem fim cave,605,LSF13,377927,36288.12837,147.6987603,199.7807004,-4.77633183727,
24,Lapa sem fim cave,711,LSF13_2021,422176,36289.9663014855,598.221245308661,677.195037594596,-4.65,
24,Lapa sem fim cave,708,LSF13_2018,420985,36290.9359190353,142.184360383377,187.936231466949,-4.32017384685,
24,Lapa sem fim cave,605,LSF13,377928,36305.08722,157.2120756,211.1995066,-4.32017384685,
24,Lapa sem fim cave,708,LSF13_2018,420986,36308.0449659326,150.833519557171,198.671523404453,-4.35637518668,
24,Lapa sem fim cave,711,LSF13_2021,422177,36312.9621678547,583.607418447376,663.239368174582,-4.55,
24,Lapa sem fim cave,605,LSF13,377929,36321.28126,168.5630516,223.7516245,-4.35637518668,
24,Lapa sem fim cave,708,LSF13_2018,420987,36325.9582468209,160.3247610857,210.378591417168,-4.61210651726,
24,Lapa sem fim cave,711,LSF13_2021,422178,36337.3392432136,567.861969260157,647.623949697088,-4.41,
24,Lapa sem fim cave,605,LSF13,377930,36338.9331,178.1789539,236.6706727,-4.61210651726,
24,Lapa sem fim cave,708,LSF13_2018,420988,36344.3967773677,168.296851975989,222.905588115973,-4.65284621747,
24,Lapa sem fim cave,605,LSF13,377931,36355.86057,188.1111368,249.3869352,-4.65284621747,
24,Lapa sem fim cave,711,LSF13_2021,422179,36357.4650277876,557.54802365652,631.225121754738,-4.59,
24,Lapa sem fim cave,708,LSF13_2018,420989,36361.6983421871,177.626793620322,234.764716890815,-4.54740849594,
24,Lapa sem fim cave,605,LSF13,377932,36373.81305,197.3129217,263.8147914,-4.54740849594,
24,Lapa sem fim cave,708,LSF13_2018,420990,36379.8249994924,186.792335915452,248.862094775679,-4.40809138642,
24,Lapa sem fim cave,711,LSF13_2021,422180,36381.2338954945,543.847004288153,614.080725708896,-4.53,
24,Lapa sem fim cave,605,LSF13,377933,36391.57683,206.5745691,276.1485168,-4.40809138642,
24,Lapa sem fim cave,708,LSF13_2018,420991,36397.7399750442,195.815496271396,262.569875189067,-4.5895202586,
24,Lapa sem fim cave,711,LSF13_2021,422181,36401.195368622,531.044957153114,595.22748484918,-4.48,
24,Lapa sem fim cave,605,LSF13,377934,36409.8566,215.8285214,291.0629193,-4.5895202586,
24,Lapa sem fim cave,708,LSF13_2018,420992,36416.4663329831,205.244491614365,274.981676712581,-4.5295716842,
24,Lapa sem fim cave,711,LSF13_2021,422182,36422.0399336416,517.93957730908,579.645193353921,-4.12,
24,Lapa sem fim cave,605,LSF13,377935,36427.4849,226.4167165,306.1176601,-4.5295716842,
24,Lapa sem fim cave,708,LSF13_2018,420993,36433.6193304479,216.115481411696,288.76103525627,-4.48302710442,
24,Lapa sem fim cave,711,LSF13_2021,422183,36443.6437982593,506.114795482863,564.280740819508,-4.02,
24,Lapa sem fim cave,605,LSF13,377936,36444.52992,237.7464953,320.1077309,-4.48302710442,
24,Lapa sem fim cave,708,LSF13_2018,420994,36451.8085068334,225.749952616956,302.645033972913,-4.12259685517,
24,Lapa sem fim cave,605,LSF13,377937,36462.07774,245.9678993,334.519071,-4.12259685517,
24,Lapa sem fim cave,711,LSF13_2021,422184,36464.7808822545,490.994969170686,546.796691880496,-4.3,
24,Lapa sem fim cave,708,LSF13_2018,420995,36469.2269939069,235.343070668278,315.241338863583,-4.01842565282,
24,Lapa sem fim cave,605,LSF13,377938,36479.58697,256.9866905,348.2320789,-4.01842565282,
24,Lapa sem fim cave,708,LSF13_2018,420996,36486.3102229666,246.231704757054,327.406998207924,-4.29589889595,
24,Lapa sem fim cave,711,LSF13_2021,422185,36486.7013774273,477.935485766153,531.783490236616,-4.42,
24,Lapa sem fim cave,605,LSF13,377939,36496.48325,268.2394277,361.9507984,-4.29589889595,
24,Lapa sem fim cave,711,LSF13_2021,422186,36501.2576910466,471.3817665592,514.197666982291,-3.87,
24,Lapa sem fim cave,708,LSF13_2018,420997,36504.0251724039,256.179739216779,340.388764081406,-4.41642930434,
24,Lapa sem fim cave,605,LSF13,377940,36513.84896,277.6254475,377.2423406,-4.41642930434,
24,Lapa sem fim cave,708,LSF13_2018,420998,36521.5525626553,265.888750517923,353.936285649885,-3.87003182253,
24,Lapa sem fim cave,711,LSF13_2021,422187,36523.6665056833,457.536994087335,500.513050782451,-3.96,
24,Lapa sem fim cave,605,LSF13,377941,36531.61193,287.0283265,391.738292,-3.87003182253,
24,Lapa sem fim cave,708,LSF13_2018,420999,36539.7026584259,275.455619766937,367.942102287452,-3.95573295354,
24,Lapa sem fim cave,711,LSF13_2021,422188,36544.7949854298,442.074128635519,487.61643581128,-3.78,
24,Lapa sem fim cave,605,LSF13,377942,36548.95237,296.1851498,404.1156599,-3.95573295354,
24,Lapa sem fim cave,708,LSF13_2018,421000,36557.5623035967,284.921393720193,379.37554173125,-3.78496395111,
24,Lapa sem fim cave,711,LSF13_2021,422189,36563.5372711507,432.177375625186,469.706926632694,-4.08,
24,Lapa sem fim cave,605,LSF13,377943,36566.08352,306.9546053,416.0819028,-3.78496395111,
24,Lapa sem fim cave,708,LSF13_2018,421001,36575.7938578517,293.834051504942,392.023259876019,-4.07731879458,
24,Lapa sem fim cave,605,LSF13,377944,36583.66931,316.6649572,430.278481,-4.07731879458,
24,Lapa sem fim cave,711,LSF13_2021,422190,36586.3699947454,424.258813359957,460.39605989126,-3.84,
24,Lapa sem fim cave,708,LSF13_2018,421002,36594.3222761635,303.625232229722,405.169966116664,-3.83952981901,
24,Lapa sem fim cave,605,LSF13,377945,36600.96797,328.0702911,443.6140153,-3.83952981901,
24,Lapa sem fim cave,711,LSF13_2021,422191,36608.3262178171,417.484425676252,447.546345600851,-3.79,
24,Lapa sem fim cave,708,LSF13_2018,421003,36612.919271641,313.223153057254,418.770823725601,-3.78749698946,
24,Lapa sem fim cave,605,LSF13,377946,36618.24411,339.2726913,457.5037801,-3.78749698946,
24,Lapa sem fim cave,711,LSF13_2021,422192,36630.0336712461,399.924425576253,439.24501482406,-3.51,
24,Lapa sem fim cave,708,LSF13_2018,421004,36631.1823859856,322.456267044523,431.18778443442,-3.50727962145,
24,Lapa sem fim cave,605,LSF13,377947,36636.19866,349.4184861,472.5886404,-3.50727962145,
24,Lapa sem fim cave,708,LSF13_2018,421005,36648.1999383619,332.915668625181,443.706428310725,-3.35909687769,
24,Lapa sem fim cave,711,LSF13_2021,422193,36654.1231985029,386.128487292299,432.269440617827,-3.36,
24,Lapa sem fim cave,605,LSF13,377948,36654.35231,358.3146498,488.0305581,-3.35909687769,
24,Lapa sem fim cave,708,LSF13_2018,421006,36665.898937179,343.133150639202,455.405473438601,-3.54474748045,
24,Lapa sem fim cave,605,LSF13,377949,36672.20993,367.6566395,502.9839959,-3.54474748045,
24,Lapa sem fim cave,711,LSF13_2021,422194,36674.6810643645,376.449038705352,421.241353769343,-3.54,
24,Lapa sem fim cave,708,LSF13_2018,421007,36683.2047301605,352.189840364801,468.998323894848,-3.58379848842,
24,Lapa sem fim cave,605,LSF13,377950,36689.5389,376.9418346,515.8572104,-3.58379848842,
24,Lapa sem fim cave,711,LSF13_2021,422195,36699.1914170666,364.497316912486,415.360193345376,-3.58,
24,Lapa sem fim cave,708,LSF13_2018,421008,36701.2064044097,361.754428707951,483.958446609176,-3.45345255641,
24,Lapa sem fim cave,605,LSF13,377951,36707.61787,386.5940962,529.4336944,-3.45345255641,
24,Lapa sem fim cave,711,LSF13_2021,422196,36716.404266922,358.367332855851,410.637940962086,-3.45,
24,Lapa sem fim cave,708,LSF13_2018,421009,36719.6097782878,371.294473852358,499.40141023897,-3.10484315281,
24,Lapa sem fim cave,605,LSF13,377952,36725.8679,395.9397918,543.9259002,-3.10484315281,
24,Lapa sem fim cave,711,LSF13_2021,422197,36736.6605879639,350.986613922389,402.839559311571,-3.1,
24,Lapa sem fim cave,708,LSF13_2018,421010,36737.194032579,381.727039460733,513.832959379142,-3.22516247467,
24,Lapa sem fim cave,605,LSF13,377953,36743.0319,407.1942406,558.6636346,-3.22516247467,
24,Lapa sem fim cave,708,LSF13_2018,421011,36755.1831047763,391.532098454954,528.789700208654,-3.22547910446,
24,Lapa sem fim cave,711,LSF13_2021,422198,36756.47993055,347.604158445225,397.339931183269,-3.23,
24,Lapa sem fim cave,605,LSF13,377954,36760.11217,418.6086827,571.6617787,-3.22547910446,
24,Lapa sem fim cave,708,LSF13_2018,421012,36773.8565121207,400.600850986681,541.94397747676,-3.28606093845,
24,Lapa sem fim cave,711,LSF13_2021,422199,36777.2128160691,343.747051533144,389.487669233065,-3.23,
24,Lapa sem fim cave,605,LSF13,377955,36778.3754,428.0166756,586.9161097,-3.28606093845,
24,Lapa sem fim cave,708,LSF13_2018,421013,36792.0412788991,410.657554628167,555.714850972916,-3.39529821751,
24,Lapa sem fim cave,605,LSF13,377956,36795.5363,439.0153083,600.4736527,-3.39529821751,
24,Lapa sem fim cave,711,LSF13_2021,422200,36799.326862994,342.16788971387,386.996020605409,-3.29,
24,Lapa sem fim cave,708,LSF13_2018,421014,36809.747828394,421.939829969939,569.107131045785,-3.50147474189,
24,Lapa sem fim cave,605,LSF13,377957,36812.55444,449.9204182,613.0485342,-3.50147474189,
24,Lapa sem fim cave,711,LSF13_2021,422201,36820.281420119,338.782820567802,384.845367634654,-3.4,
24,Lapa sem fim cave,708,LSF13_2018,421015,36827.7566437992,431.889469568901,582.957857016838,-3.71140029555,
24,Lapa sem fim cave,605,LSF13,377958,36829.82744,459.7769777,625.9067846,-3.71140029555,
24,Lapa sem fim cave,711,LSF13_2021,422202,36842.3962109493,333.774496368707,384.700614158108,-3.5,
24,Lapa sem fim cave,708,LSF13_2018,421016,36845.1312953709,441.019556401458,595.99670120755,-3.73335329463,
24,Lapa sem fim cave,605,LSF13,377959,36847.67383,468.7870367,639.5654872,-3.73335329463,
24,Lapa sem fim cave,708,LSF13_2018,421017,36863.6909493102,451.166647968705,610.404327971919,-3.56026234037,
24,Lapa sem fim cave,605,LSF13,377960,36865.11975,479.4112979,652.8237133,-3.56026234037,
24,Lapa sem fim cave,711,LSF13_2021,422203,36865.4725895235,328.502995134702,385.26044436892,-3.71,
24,Lapa sem fim cave,708,LSF13_2018,421018,36881.3332426083,460.765960559351,623.527033682905,-3.65504019215,
24,Lapa sem fim cave,605,LSF13,377961,36882.00426,491.155441,665.6510975,-3.65504019215,
24,Lapa sem fim cave,711,LSF13_2021,422204,36887.9610494382,329.044914714803,385.040872234014,-3.73,
24,Lapa sem fim cave,605,LSF13,377962,36898.96118,502.4520286,679.1007908,-3.70591204578,
24,Lapa sem fim cave,708,LSF13_2018,421019,36899.2799251431,469.450527794914,637.137908836696,-3.70591204578,
24,Lapa sem fim cave,711,LSF13_2021,422205,36908.3419076835,332.023501019932,385.017231458849,-3.56,
24,Lapa sem fim cave,605,LSF13,377963,36916.32381,512.1440466,692.8955558,-3.95108904989,
24,Lapa sem fim cave,708,LSF13_2018,421020,36916.9455481898,479.712072006769,650.467724502385,-3.95108904989,
24,Lapa sem fim cave,711,LSF13_2021,422206,36927.5681964869,329.357428766249,386.96195691084,-3.66,
24,Lapa sem fim cave,605,LSF13,377964,36934.18653,522.8293194,707.3618617,-3.88111386533,
24,Lapa sem fim cave,708,LSF13_2018,421021,36935.1006839172,488.941323139457,664.253645532444,-3.88111386533,
24,Lapa sem fim cave,711,LSF13_2021,422207,36949.3317069043,333.6367108833,389.675447880261,-3.71,
24,Lapa sem fim cave,605,LSF13,377965,36951.85627,534.380318,722.063616,-3.92512540675,
24,Lapa sem fim cave,708,LSF13_2018,421022,36952.8145512268,498.574904446759,678.019886817819,-3.92512540675,
24,Lapa sem fim cave,605,LSF13,377966,36968.12585,547.3198542,735.3652078,-4.11341459113,
24,Lapa sem fim cave,708,LSF13_2018,421023,36970.501780992,508.602965703933,691.016535161667,-4.11341459113,
24,Lapa sem fim cave,711,LSF13_2021,422208,36971.0750853644,338.701556370397,392.084467296998,-3.95,
24,Lapa sem fim cave,605,LSF13,377967,36973.46668,542.5891794,728.8740119,-4.05029971879,
24,Lapa sem fim cave,605,LSF13,377968,36978.80752,537.4629569,722.382816,-4.03868995966,
24,Lapa sem fim cave,708,LSF13_2018,421024,36987.5623315085,520.713846654355,703.724583077434,-4.05029971879,
24,Lapa sem fim cave,711,LSF13_2021,422209,36992.4377282826,347.055379169047,395.282875038843,-3.88,
24,Lapa sem fim cave,708,LSF13_2018,421025,36992.8565914852,515.870946687319,697.268786194581,-4.03868995966,
24,Lapa sem fim cave,605,LSF13,377969,36997.07468,522.3158377,699.2378731,-4.18054010754,
24,Lapa sem fim cave,708,LSF13_2018,421026,36998.2782708636,511.38882330912,691.360145030965,-4.18054010754,
24,Lapa sem fim cave,711,LSF13_2021,422210,37015.1280375291,354.832947413794,395.904099921536,-3.93,
24,Lapa sem fim cave,605,LSF13,377970,37015.63176,505.1731301,675.9813378,-4.31046386649,
24,Lapa sem fim cave,708,LSF13_2018,421027,37017.3284026362,497.383066701863,669.60406257119,-4.31046386649,
24,Lapa sem fim cave,605,LSF13,377971,37034.15296,487.5217464,653.4582342,-4.40798584316,
24,Lapa sem fim cave,708,LSF13_2018,421028,37035.3036821879,483.33317450036,646.735349227121,-4.40798584316,
24,Lapa sem fim cave,711,LSF13_2021,422211,37036.7362570379,360.885791863031,399.151512812823,-4.11,
24,Lapa sem fim cave,711,LSF13_2021,422212,37051.5379769126,350.249607565856,387.815982096552,-4.05,
24,Lapa sem fim cave,708,LSF13_2018,421029,37053.9413216551,467.12636184958,625.20196072563,-3.86380476991,
24,Lapa sem fim cave,605,LSF13,377972,37054.49399,471.2902265,630.1198009,-3.86380476991,
24,Lapa sem fim cave,711,LSF13_2021,422213,37065.8692605616,338.507715114742,376.362347030401,-4.04,
24,Lapa sem fim cave,708,LSF13_2018,421030,37071.3499230076,451.967317959054,601.266590088613,-3.82728680029,
24,Lapa sem fim cave,605,LSF13,377973,37073.1372,455.551144,607.8970431,-3.82728680029,
24,Lapa sem fim cave,711,LSF13_2021,422214,37081.5664262906,327.390825975082,365.065963211891,-4.18,
24,Lapa sem fim cave,708,LSF13_2018,421031,37089.9715399085,435.658890677892,578.600698315488,-3.76966017772,
24,Lapa sem fim cave,605,LSF13,377974,37093.32936,437.7735256,588.432018,-3.76966017772,
24,Lapa sem fim cave,711,LSF13_2021,422215,37095.6983375002,317.693993709014,354.998341008104,-4.31,
24,Lapa sem fim cave,708,LSF13_2018,421032,37107.7976621383,420.556773778953,556.009837640086,-3.83034755497,
24,Lapa sem fim cave,711,LSF13_2021,422216,37109.9732504884,306.269480843475,343.158196563374,-4.41,
24,Lapa sem fim cave,605,LSF13,377975,37111.88545,422.5985836,562.9589028,-3.83034755497,
24,Lapa sem fim cave,711,LSF13_2021,422217,37124.5055170858,295.838878004011,330.157823055401,-3.86,
24,Lapa sem fim cave,708,LSF13_2018,421033,37126.5557953457,406.34265697455,534.215438418418,-3.86124205604,
24,Lapa sem fim cave,605,LSF13,377976,37131.68753,407.797929,539.3613701,-3.86124205604,
24,Lapa sem fim cave,711,LSF13_2021,422218,37139.857326186,283.868529401851,318.943172316212,-3.83,
24,Lapa sem fim cave,708,LSF13_2018,421034,37144.8410207772,392.355508595007,510.719048405022,-3.72371485881,
24,Lapa sem fim cave,605,LSF13,377977,37150.42025,392.551529,516.3648895,-3.72371485881,
24,Lapa sem fim cave,711,LSF13_2021,422219,37154.0110159958,273.185409523525,307.387118092003,-3.77,
24,Lapa sem fim cave,708,LSF13_2018,421035,37163.1240701519,376.818720445255,487.296891135331,-3.41169078766,
24,Lapa sem fim cave,711,LSF13_2021,422220,37167.8554220665,263.870557826987,295.732809547459,-3.83,
24,Lapa sem fim cave,605,LSF13,377978,37167.89661,378.8926714,492.95198,-3.41169078766,
24,Lapa sem fim cave,711,LSF13_2021,422221,37181.5701031917,253.527914071754,285.898400805934,-3.86,
24,Lapa sem fim cave,708,LSF13_2018,421036,37181.8890172701,360.428463800388,466.540072047937,-3.31652027713,
24,Lapa sem fim cave,605,LSF13,377979,37186.32306,363.4462808,469.9008403,-3.31652027713,
24,Lapa sem fim cave,711,LSF13_2021,422222,37196.3490108542,241.446504742358,274.495579050119,-3.72,
24,Lapa sem fim cave,708,LSF13_2018,421037,37200.8893770816,344.132430714169,445.497447916605,-3.50760069172,
24,Lapa sem fim cave,605,LSF13,377980,37205.57396,347.683644,446.1101828,-3.50760069172,
24,Lapa sem fim cave,711,LSF13_2021,422223,37209.8684457606,233.916720196095,261.77660832103,-3.41,
24,Lapa sem fim cave,708,LSF13_2018,421038,37219.280587892,327.975568046793,425.478771027985,-3.60108115989,
24,Lapa sem fim cave,711,LSF13_2021,422224,37224.6956663551,224.648634637735,251.474329728095,-3.32,
24,Lapa sem fim cave,605,LSF13,377981,37224.98787,333.2734704,425.3340469,-3.60108115989,
24,Lapa sem fim cave,708,LSF13_2018,421039,37237.6750840358,315.868226253508,403.417435978248,-4.1859414449,
24,Lapa sem fim cave,711,LSF13_2021,422225,37238.6317351644,214.423726828034,240.347867057179,-3.51,
24,Lapa sem fim cave,605,LSF13,377982,37243.04541,318.5414416,401.1699679,-4.1859414449,
24,Lapa sem fim cave,711,LSF13_2021,422226,37253.8188240535,207.210954841765,228.110156068782,-3.6,
24,Lapa sem fim cave,708,LSF13_2018,421040,37256.382236052,300.893269407075,381.603685902606,-4.19967303909,
24,Lapa sem fim cave,605,LSF13,377983,37261.80213,302.4078626,377.0821885,-4.19967303909,
24,Lapa sem fim cave,711,LSF13_2021,422227,37267.2584021779,199.087864306784,217.129095157594,-4.19,
24,Lapa sem fim cave,708,LSF13_2018,421041,37275.6162363549,286.620170449714,360.615808183233,-4.21097519739,
24,Lapa sem fim cave,605,LSF13,377984,37281.25582,288.1592654,355.812063,-4.21097519739,
24,Lapa sem fim cave,711,LSF13_2021,422228,37281.6705237922,191.192939484223,206.687470130906,-4.2,
24,Lapa sem fim cave,708,LSF13_2018,421042,37294.8293133239,272.488710163292,339.910801796686,-3.64523351661,
24,Lapa sem fim cave,711,LSF13_2021,422229,37295.7404445514,183.035922646639,195.38620203438,-4.21,
24,Lapa sem fim cave,605,LSF13,377985,37300.0865,273.6653254,334.4700381,-3.64523351661,
24,Lapa sem fim cave,711,LSF13_2021,422230,37310.8495975477,173.54092668563,184.492446208307,-3.65,
24,Lapa sem fim cave,708,LSF13_2018,421043,37313.1424096543,260.090185149857,320.037164797868,-2.87478545468,
24,Lapa sem fim cave,605,LSF13,377986,37321.04964,257.8787697,315.3714328,-2.87478545468,
24,Lapa sem fim cave,711,LSF13_2021,422231,37325.6361085441,163.960540096341,172.792475080132,-2.87,
24,Lapa sem fim cave,708,LSF13_2018,421044,37332.3818603067,246.56365208354,297.500683577658,-3.1834294411,
24,Lapa sem fim cave,605,LSF13,377987,37338.02119,245.9107853,293.0040529,-3.1834294411,
24,Lapa sem fim cave,711,LSF13_2021,422232,37339.6325692842,154.934649501462,160.457998865182,-3.18,
24,Lapa sem fim cave,708,LSF13_2018,421045,37351.4676718797,231.10602560245,279.240816914178,-3.40017737407,
24,Lapa sem fim cave,711,LSF13_2021,422233,37353.3562023572,149.522073206106,150.080991573821,-3.4,
24,Lapa sem fim cave,605,LSF13,377988,37357.97906,232.1528652,273.3839665,-3.40017737407,
24,Lapa sem fim cave,711,LSF13_2021,422234,37367.6427525024,142.7605613263,139.305155670751,-3.42,
24,Lapa sem fim cave,708,LSF13_2018,421046,37369.9811582104,217.116005680989,256.597345696769,-3.42172541419,
24,Lapa sem fim cave,605,LSF13,377989,37377.74561,217.3119958,252.7305291,-3.42172541419,
24,Lapa sem fim cave,711,LSF13_2021,422235,37382.1229197014,135.146137246593,131.346127054101,-3.33,
24,Lapa sem fim cave,708,LSF13_2018,421047,37388.9440646,203.023225077275,238.626290766217,-3.33257567958,
24,Lapa sem fim cave,605,LSF13,377990,37395.62579,204.7291449,230.1325284,-3.33257567958,
24,Lapa sem fim cave,711,LSF13_2021,422236,37396.8531711237,127.839074845971,123.896330621741,-3.62,
24,Lapa sem fim cave,708,LSF13_2018,421048,37406.5426439496,192.136201751753,219.808318732452,-3.62495300826,
24,Lapa sem fim cave,711,LSF13_2021,422237,37409.7595667615,121.54958085675,116.914712478545,-3.58,
24,Lapa sem fim cave,605,LSF13,377991,37416.75976,189.160315,210.8964311,-3.62495300826,
24,Lapa sem fim cave,708,LSF13_2018,421049,37425.178564091,180.623559855172,200.017391936861,-3.58164567272,
24,Lapa sem fim cave,711,LSF13_2021,422238,37425.3756013019,114.824390555841,114.066815372469,-3.57,
24,Lapa sem fim cave,605,LSF13,377992,37436.14267,175.6407257,190.5706167,-3.58164567272,
24,Lapa sem fim cave,711,LSF13_2021,422239,37440.9169844454,109.214939305006,109.245999279556,-3.91,
24,Lapa sem fim cave,708,LSF13_2018,421050,37443.5565189601,166.815229624059,182.672495560393,-3.56527338734,
24,Lapa sem fim cave,711,LSF13_2021,422240,37454.8464509209,104.583942380814,103.109453717138,-3.97,
24,Lapa sem fim cave,605,LSF13,377993,37455.06054,164.6371712,174.8820473,-3.56527338734,
24,Lapa sem fim cave,708,LSF13_2018,421051,37461.2119211182,155.114288922698,164.695158587958,-3.90803510395,
24,Lapa sem fim cave,711,LSF13_2021,422241,37468.9384772717,102.510717700294,99.03287371224,-4.57,
24,Lapa sem fim cave,605,LSF13,377994,37474.76426,151.4945242,157.2136676,-3.90803510395,
24,Lapa sem fim cave,708,LSF13_2018,421052,37480.2985891775,143.671949602467,146.740665328951,-3.97193983077,
24,Lapa sem fim cave,711,LSF13_2021,422242,37483.8601676074,98.7346334484246,96.7972307470191,-4.46,
24,Lapa sem fim cave,605,LSF13,377995,37494.99549,140.0944756,136.6516389,-3.97193983077,
24,Lapa sem fim cave,711,LSF13_2021,422243,37499.6202862439,98.7037817975724,98.5589417691808,-4.35,
24,Lapa sem fim cave,708,LSF13_2018,421053,37500.0325023536,134.030705077195,131.93309597965,-4.56820790173,
24,Lapa sem fim cave,605,LSF13,377996,37513.84637,130.5759914,123.8551063,-4.56820790173,
24,Lapa sem fim cave,711,LSF13_2021,422244,37514.0313950154,99.4290137237695,101.487530019789,-4.34,
24,Lapa sem fim cave,708,LSF13_2018,421054,37519.9560871908,123.985610729527,122.361854870811,-4.46258025408,
24,Lapa sem fim cave,711,LSF13_2021,422245,37527.9125547421,102.100301532155,103.662617571703,-4.05,
24,Lapa sem fim cave,605,LSF13,377997,37533.74246,123.2594933,115.5441948,-4.46258025408,
24,Lapa sem fim cave,708,LSF13_2018,421055,37538.3406306232,116.58218936401,112.222508687009,-4.34797425639,
24,Lapa sem fim cave,605,LSF13,377998,37553.18612,114.5601913,109.233153,-4.34797425639,
24,Lapa sem fim cave,708,LSF13_2018,421056,37558.6119398794,111.641834859925,104.778301760671,-4.33772837457,
24,Lapa sem fim cave,605,LSF13,377999,37574.35014,109.5674574,106.2417392,-4.33772837457,
24,Lapa sem fim cave,708,LSF13_2018,421057,37578.7522300201,106.195586823749,102.500981213707,-4.04873113061,
24,Lapa sem fim cave,605,LSF13,378000,37594.74009,111.6038274,108.3245302,-4.04873113061,
24,Lapa sem fim cave,708,LSF13_2018,421058,37598.5464125668,107.12229770828,105.385809046042,-4.08211156587,
24,Lapa sem fim cave,711,LSF13_2021,422246,37606.1922907041,92.1162261528734,87.0938325662937,-4.02,
24,Lapa sem fim cave,605,LSF13,378001,37670.84785,97.14021089,96.76213392,-4.08211156587,
24,Lapa sem fim cave,708,LSF13_2018,421059,37674.0762130016,97.3625060986597,94.2286477566304,-3.74545875193,
24,Lapa sem fim cave,605,LSF13,378002,37746.39935,91.30636067,87.80114124,-3.74545875193,
24,Lapa sem fim cave,711,LSF13_2021,422247,37748.8829211503,93.2980680540059,89.7488375117537,-3.91,
24,Lapa sem fim cave,708,LSF13_2018,421060,37749.2027667642,90.504745217695,87.171753435854,-3.22508319298,
24,Lapa sem fim cave,605,LSF13,378003,37820.78655,89.68248256,86.06031263,-3.22508319298,
24,Lapa sem fim cave,708,LSF13_2018,421061,37824.1066891909,92.9021376006349,89.1762117348553,-4.31181666268,
24,Lapa sem fim cave,605,LSF13,378004,37896.59909,96.57802069,95.48801364,-4.31181666268,
24,Lapa sem fim cave,708,LSF13_2018,421062,37900.4541230962,100.653409156017,98.234853255919,-5.19891439372,
24,Lapa sem fim cave,605,LSF13,378005,37973.63543,109.3540585,112.0200658,-5.19891439372,
24,Lapa sem fim cave,708,LSF13_2018,421063,37974.689005576,116.561159437377,114.354729919607,-5.80453813299,
24,Lapa sem fim cave,605,LSF13,378006,38049.47311,127.5497439,129.3854387,-5.80453813299,
24,Lapa sem fim cave,708,LSF13_2018,421064,38049.6071120799,134.508033409118,133.877009016593,-5.68911726339,
24,Lapa sem fim cave,605,LSF13,378007,38124.8389,149.8225151,151.3836923,-5.68911726339,
24,Lapa sem fim cave,708,LSF13_2018,421065,38125.2517134906,154.972903614595,158.937050668283,-5.64168827579,
24,Lapa sem fim cave,711,LSF13_2021,422248,38143.7163629176,68.4714057616729,70.054467958762,-4.25,
24,Lapa sem fim cave,605,LSF13,378008,38200.49662,138.762942,138.2253508,-5.64168827579,
24,Lapa sem fim cave,708,LSF13_2018,421066,38201.0005810673,142.430381660721,145.90069331447,-5.59270932127,
24,Lapa sem fim cave,605,LSF13,378009,38275.48557,126.410099,125.9849969,-5.59270932127,
24,Lapa sem fim cave,708,LSF13_2018,421067,38276.6202508105,131.700550947164,133.625421247896,-5.5543734729,
24,Lapa sem fim cave,605,LSF13,378010,38351.91325,112.1619582,116.5654234,-5.5543734729,
24,Lapa sem fim cave,708,LSF13_2018,421068,38352.048145967,119.211061637674,121.349108036389,-5.35845765484,
24,Lapa sem fim cave,708,LSF13_2018,421069,38427.0415987751,108.295927832347,109.400421128943,-5.47232855754,
24,Lapa sem fim cave,605,LSF13,378011,38427.31033,102.1957782,106.5380034,-5.35845765484,
24,Lapa sem fim cave,711,LSF13_2021,422249,38497.9424986831,68.6999008839484,71.3416117698289,-3.68,
24,Lapa sem fim cave,708,LSF13_2018,421070,38502.0817915378,97.8814018708872,97.0665132484501,-5.68508734941,
24,Lapa sem fim cave,605,LSF13,378012,38503.63854,92.52747341,96.02861911,-5.47232855754,
24,Lapa sem fim cave,708,LSF13_2018,421071,38577.7758264344,89.6490994116975,88.6807005824303,-5.84618057744,
24,Lapa sem fim cave,605,LSF13,378013,38579.36324,82.40545467,87.97190536,-5.68508734941,
24,Lapa sem fim cave,708,LSF13_2018,421072,38653.8924328152,84.4049744100776,79.7673512897018,-5.74522606571,
24,Lapa sem fim cave,605,LSF13,378014,38654.24763,76.86546913,78.62998307,-5.84618057744,
24,Lapa sem fim cave,708,LSF13_2018,421073,38729.6317924993,79.0734783096705,74.7595704185806,-5.99146414295,
24,Lapa sem fim cave,605,LSF13,378015,38730.71173,71.98701376,74.0754629,-5.74522606571,
24,Lapa sem fim cave,711,LSF13_2021,422250,38789.2399491813,93.9250327364425,94.0009462267117,-5.28,
24,Lapa sem fim cave,708,LSF13_2018,421074,38805.5987033023,71.9741799540789,70.7971186560317,-5.96284142058,
24,Lapa sem fim cave,605,LSF13,378016,38805.94156,67.39132655,69.68823486,-5.99146414295,
24,Lapa sem fim cave,708,LSF13_2018,421075,38880.9777243765,71.9699185680292,71.1187723094627,-6.27231814795,
24,Lapa sem fim cave,605,LSF13,378017,38880.99426,69.24281516,67.98980382,-5.96284142058,
24,Lapa sem fim cave,711,LSF13_2021,422251,38883.9318686927,147.399206791517,132.396398262827,-5.21,
24,Lapa sem fim cave,711,LSF13_2021,422252,38918.979747346,120.194180527564,105.145032851673,-5.48,
24,Lapa sem fim cave,711,LSF13_2021,422253,38955.0061568665,94.6141195403761,82.0256171097571,-5.42,
24,Lapa sem fim cave,605,LSF13,378018,38956.21694,72.8045658,71.24503992,-6.27231814795,
24,Lapa sem fim cave,708,LSF13_2018,421076,38957.4658905423,73.3515877048558,74.8853662017791,-5.81187464306,
24,Lapa sem fim cave,711,LSF13_2021,422254,38990.9187262895,73.4127619826686,61.9729147676117,-5.6,
24,Lapa sem fim cave,711,LSF13_2021,422255,39025.3545913176,60.0926996497728,50.3484608247381,-5.38,
24,Lapa sem fim cave,605,LSF13,378019,39031.87993,80.43017107,75.76240736,-5.81187464306,
24,Lapa sem fim cave,708,LSF13_2018,421077,39032.8728629367,78.0056322089586,80.0363969076352,-5.90259937315,
24,Lapa sem fim cave,711,LSF13_2021,422256,39061.3640847139,58.0664667048986,54.7420141816765,-5.46,
24,Lapa sem fim cave,605,LSF13,378020,39078.50908,73.16445837,69.69481773,-5.90259937315,
24,Lapa sem fim cave,708,LSF13_2018,421078,39079.2454824175,71.5793084520265,72.5330558587666,-6.20763286203,
24,Lapa sem fim cave,711,LSF13_2021,422257,39079.9783781491,52.989188447209,49.4512793806352,-5.27,
24,Lapa sem fim cave,711,LSF13_2021,422258,39104.1481815135,45.5565507533538,44.5460664130442,-5.63,
24,Lapa sem fim cave,711,LSF13_2021,422259,39122.6672289394,41.8577212486707,41.9632774871425,-5.6,
24,Lapa sem fim cave,708,LSF13_2018,421079,39125.502927617,66.0643355767243,65.5106378296041,-6.41522509752,
24,Lapa sem fim cave,605,LSF13,378021,39125.51063,66.280516,64.03538381,-6.20763286203,
24,Lapa sem fim cave,711,LSF13_2021,422260,39141.6711912901,38.5839002763678,39.9202901133103,-5.77,
24,Lapa sem fim cave,711,LSF13_2021,422261,39160.4863219475,38.7445921821782,39.6660369721358,-5.78,
24,Lapa sem fim cave,708,LSF13_2018,421080,39171.8934255457,61.1197280448905,60.2623590085204,-6.58747808734,
24,Lapa sem fim cave,605,LSF13,378022,39172.42774,61.16440199,59.66679876,-6.41522509752,
24,Lapa sem fim cave,711,LSF13_2021,422262,39179.2476117047,39.2684385603643,40.7536417815572,-5.71,
24,Lapa sem fim cave,711,LSF13_2021,422263,39197.7809778865,41.6631405568332,43.9079269378926,-5.87,
24,Lapa sem fim cave,711,LSF13_2021,422264,39216.1929294827,44.2663818633082,47.6037001557488,-6.05,
24,Lapa sem fim cave,605,LSF13,378023,39218.44992,56.89689468,55.94510179,-6.58747808734,
24,Lapa sem fim cave,708,LSF13_2018,421081,39218.452612982,56.5430602778433,54.9482975771389,-7.32918892175,
24,Lapa sem fim cave,711,LSF13_2021,422265,39234.3822392669,49.4377885976137,51.2569747263624,-6.54,
24,Lapa sem fim cave,711,LSF13_2021,422266,39254.6918149181,52.5749174657976,55.6965859697957,-6.58,
24,Lapa sem fim cave,605,LSF13,378024,39264.41215,55.02146356,53.8769609,-7.32918892175,
24,Lapa sem fim cave,708,LSF13_2018,421082,39265.4917093429,53.8387047373399,52.3973431309787,-6.93291404714,
24,Lapa sem fim cave,711,LSF13_2021,422267,39279.5446462085,50.3129007649113,53.2454304566854,-6.78,
24,Lapa sem fim cave,711,LSF13_2021,422268,39304.6246982007,48.2449767055441,51.4711263681456,-7,
24,Lapa sem fim cave,605,LSF13,378025,39311.55678,53.86044401,53.37312292,-6.93291404714,
24,Lapa sem fim cave,708,LSF13_2018,421083,39312.3437146146,52.6795755978092,52.9081537151287,-7.42167028102,
24,Lapa sem fim cave,711,LSF13_2021,422269,39329.7123222474,46.3599366856652,49.140393934118,-7.1,
24,Lapa sem fim cave,605,LSF13,378026,39358.42686,53.97165254,53.59808118,-7.42167028102,
24,Lapa sem fim cave,708,LSF13_2018,421084,39359.5716198708,54.2971181314133,55.6832520155513,-7.27173681477,
24,Lapa sem fim cave,711,LSF13_2021,422270,39360.7724725687,44.1838259361321,46.197125526327,-7.02,
24,Lapa sem fim cave,711,LSF13_2021,422271,39385.8332029214,41.8877657265693,44.7019367457178,-7.01,
24,Lapa sem fim cave,605,LSF13,378027,39405.54772,55.45049197,56.96527714,-7.27173681477,
24,Lapa sem fim cave,708,LSF13_2018,421085,39406.4525236983,56.6481769889724,57.9942002376774,-7.22782108551,
24,Lapa sem fim cave,711,LSF13_2021,422272,39410.7087019034,40.2073624452169,43.2293539305174,-6.88,
24,Lapa sem fim cave,711,LSF13_2021,422273,39435.3695789899,39.1908444174769,42.296521668839,-6.27,
24,Lapa sem fim cave,605,LSF13,378028,39452.34303,58.62620452,61.99329357,-7.22782108551,
24,Lapa sem fim cave,708,LSF13_2018,421086,39452.7190232157,61.6956977438967,60.7470066904643,-6.9641200477,
24,Lapa sem fim cave,711,LSF13_2021,422274,39460.4970805823,38.319113289981,41.578496811162,-5.28,
24,Lapa sem fim cave,711,LSF13_2021,422275,39485.2288091456,37.4056362499978,39.7904879336857,-4.88,
24,Lapa sem fim cave,708,LSF13_2018,421087,39498.6330482746,66.512405256799,64.149662682823,-5.6298051961,
24,Lapa sem fim cave,605,LSF13,378029,39499.13515,61.18530155,65.68062252,-6.9641200477,
24,Lapa sem fim cave,711,LSF13_2021,422276,39510.2514515052,36.8361548396933,39.1470664777007,-4.88,
24,Lapa sem fim cave,711,LSF13_2021,422277,39535.3052093559,35.4200498749269,37.9780371393863,-4.89,
24,Lapa sem fim cave,605,LSF13,378030,39544.52248,68.56486559,71.26633984,-5.6298051961,
24,Lapa sem fim cave,708,LSF13_2018,421088,39544.8404994491,73.8727269787487,70.2385166351087,-4.82061913532,
24,Lapa sem fim cave,605,LSF13,378031,39559.00669,63.63838525,62.40092166,-4.82061913532,
24,Lapa sem fim cave,708,LSF13_2018,421089,39559.8988133901,68.5449171959262,63.3202674631902,-5.1360890681,
24,Lapa sem fim cave,711,LSF13_2021,422278,39560.1031858732,34.7946118620021,37.6480785884778,-4.88,
24,Lapa sem fim cave,605,LSF13,378032,39574.50983,59.02489487,59.34259661,-5.1360890681,
24,Lapa sem fim cave,708,LSF13_2018,421090,39574.856136831,63.4004117733857,59.229968048443,-5.32900828346,
24,Lapa sem fim cave,711,LSF13_2021,422279,39584.6343027606,34.5275868191238,37.4826316354665,-5.17,
24,Lapa sem fim cave,708,LSF13_2018,421091,39589.3316694888,60.9202637539493,56.5686091865355,-5.19075123464,
24,Lapa sem fim cave,605,LSF13,378033,39589.80484,55.08346446,57.78635587,-5.32900828346,
24,Lapa sem fim cave,708,LSF13_2018,421092,39604.1463965375,57.145036757538,57.2104071622525,-5.54610698269,
24,Lapa sem fim cave,605,LSF13,378034,39604.43613,53.68029073,58.52849187,-5.19075123464,
24,Lapa sem fim cave,711,LSF13_2021,422280,39609.5543021453,34.1364001083712,37.6351910313097,-5.2,
24,Lapa sem fim cave,708,LSF13_2018,421093,39619.3970646039,57.7057592336787,58.2861657379763,-5.09558326605,
24,Lapa sem fim cave,605,LSF13,378035,39619.61605,53.65704959,60.46295914,-5.54610698269,
24,Lapa sem fim cave,605,LSF13,378036,39633.61056,56.57129871,61.75982599,-5.09558326605,
24,Lapa sem fim cave,711,LSF13_2021,422281,39634.5699307114,34.2749323992975,38.3757265458553,-5.12,
24,Lapa sem fim cave,708,LSF13_2018,421094,39635.1045466928,59.505187351424,61.7582234029105,-4.96455939617,
24,Lapa sem fim cave,605,LSF13,378037,39648.66491,62.85391799,66.30723205,-4.96455939617,
24,Lapa sem fim cave,708,LSF13_2018,421095,39649.5838577241,64.5619102184573,65.0376561504381,-4.68566868259,
24,Lapa sem fim cave,605,LSF13,378038,39662.62399,71.49104729,73.2121173,-4.68566868259,
24,Lapa sem fim cave,708,LSF13_2018,421096,39665.01499503,70.1235095122101,70.5106166068945,-4.6756455632,
24,Lapa sem fim cave,711,LSF13_2021,422282,39665.8508004678,35.0499236956457,39.0606923190207,-4.97,
24,Lapa sem fim cave,605,LSF13,378039,39677.88746,79.06203279,78.64117323,-4.6756455632,
24,Lapa sem fim cave,708,LSF13_2018,421097,39678.6727750722,78.8221652344146,77.1027843236734,-4.66066254969,
24,Lapa sem fim cave,711,LSF13_2021,422283,39690.9323384777,35.9096629504202,39.3029252042106,-4.81,
24,Lapa sem fim cave,605,LSF13,378040,39691.83739,91.22858337,87.69330515,-4.66066254969,
24,Lapa sem fim cave,708,LSF13_2018,421098,39693.138359121,87.0050882881842,84.3645470747288,-4.78445324064,
24,Lapa sem fim cave,605,LSF13,378041,39708.03598,83.94490723,78.28413796,-4.78445324064,
24,Lapa sem fim cave,708,LSF13_2018,421099,39709.0909915424,78.9654792325746,76.1501851286448,-4.70158167625,
24,Lapa sem fim cave,711,LSF13_2021,422284,39715.9704679352,37.0282005949921,40.2002327970768,-4.8,
24,Lapa sem fim cave,605,LSF13,378042,39723.63975,78.7124335,72.16140413,-4.70158167625,
24,Lapa sem fim cave,708,LSF13_2018,421100,39724.8621712693,73.522272907263,70.3698575283415,-4.96011615768,
24,Lapa sem fim cave,711,LSF13_2021,422285,39741.0103297512,37.7761154875552,41.4454134153275,-5.05,
24,Lapa sem fim cave,708,LSF13_2018,421101,39741.2003016403,70.3239043947106,68.6231547504431,-5.23497695728,
24,Lapa sem fim cave,605,LSF13,378043,39741.48268,71.64845927,71.50972193,-4.96011615768,
24,Lapa sem fim cave,605,LSF13,378044,39758.01658,67.83130964,68.90506327,-5.23497695728,
24,Lapa sem fim cave,708,LSF13_2018,421102,39758.190639955,68.2994861285042,67.7607280819793,-5.17235829391,
24,Lapa sem fim cave,711,LSF13_2021,422286,39766.0717008883,38.7656156947705,43.184074794066,-4.97,
24,Lapa sem fim cave,708,LSF13_2018,421103,39773.4951003338,70.3054262653386,68.487156955729,-5.04639764928,
24,Lapa sem fim cave,605,LSF13,378045,39774.4609,68.69989837,72.24961261,-5.17235829391,
24,Lapa sem fim cave,708,LSF13_2018,421104,39788.9590958891,76.6325137709791,72.2274480351989,-5.11542284257,
24,Lapa sem fim cave,605,LSF13,378046,39790.29201,73.08587099,75.29815471,-5.04639764928,
24,Lapa sem fim cave,711,LSF13_2021,422287,39790.9125488384,40.3333331769682,44.3624162900596,-4.61,
24,Lapa sem fim cave,708,LSF13_2018,421105,39804.8664179366,83.0246157708316,78.0411231200997,-4.77112352517,
24,Lapa sem fim cave,605,LSF13,378047,39805.91187,78.95474153,80.00832857,-5.11542284257,
24,Lapa sem fim cave,711,LSF13_2021,422288,39816.039439371,40.979754549684,46.1228136792852,-4.69,
24,Lapa sem fim cave,708,LSF13_2018,421106,39820.115366452,92.231401649602,83.6575907723309,-4.90028743476,
24,Lapa sem fim cave,605,LSF13,378048,39821.59616,87.3429432,86.46558095,-4.77112352517,
24,Lapa sem fim cave,708,LSF13_2018,421107,39835.8126026352,102.783068212571,92.4097744215178,-4.46728268513,
24,Lapa sem fim cave,605,LSF13,378049,39837.58391,97.4627009,93.05802885,-4.90028743476,
24,Lapa sem fim cave,711,LSF13_2021,422289,39841.0470187205,42.2527081309236,48.1008775573864,-4.59,
24,Lapa sem fim cave,711,LSF13_2021,422290,39865.8379813524,44.8156646066927,50.0505860916019,-4.57,
24,Lapa sem fim cave,711,LSF13_2021,422291,39873.029280996,44.8179961355927,49.8389787841006,-4.93,
24,Lapa sem fim cave,711,LSF13_2021,422292,39874.1970308254,44.1963426824586,48.0739272546853,-4.79,
24,Lapa sem fim cave,711,LSF13_2021,422293,39875.2889353641,44.1848692611384,46.6384885152802,-4.78,
24,Lapa sem fim cave,711,LSF13_2021,422294,39876.9103446002,44.1549280764812,45.6424230329067,-4.67,
24,Lapa sem fim cave,708,LSF13_2018,421108,39877.7479251122,112.891154161312,98.2728561911354,-4.59161348059,
24,Lapa sem fim cave,711,LSF13_2021,422295,39878.131500794,43.7178349868118,44.8648024025169,-4.4,
24,Lapa sem fim cave,711,LSF13_2021,422296,39879.4615641456,42.8144472069253,44.4188474684634,-4.35,
24,Lapa sem fim cave,605,LSF13,378050,39880.65834,108.0418734,100.9046755,-4.46728268513,
24,Lapa sem fim cave,711,LSF13_2021,422297,39881.0826072117,42.7116584784671,43.9755444487892,-4.47,
24,Lapa sem fim cave,711,LSF13_2021,422298,39882.581910924,42.7983276873856,43.4564560244398,-4.59,
24,Lapa sem fim cave,711,LSF13_2021,422299,39884.0286336522,42.6239189390544,42.9771532402083,-4.6,
24,Lapa sem fim cave,711,LSF13_2021,422300,39884.9361563523,42.8812265086017,42.1703153542039,-4.6,
24,Lapa sem fim cave,711,LSF13_2021,422301,39886.4009472266,42.8790818934503,41.382039768192,-4.23,
24,Lapa sem fim cave,711,LSF13_2021,422302,39888.375885916,42.2544497479466,41.1534328338603,-4.55,
24,Lapa sem fim cave,711,LSF13_2021,422303,39890.3517903454,41.3614329282718,41.6490730846854,-4.44,
24,Lapa sem fim cave,711,LSF13_2021,422304,39892.2302946318,40.9926547707728,41.5302570505155,-4.44,
24,Lapa sem fim cave,711,LSF13_2021,422305,39893.6862270656,42.1710441716423,41.1070622299812,-4.65,
24,Lapa sem fim cave,711,LSF13_2021,422306,39895.573018625,42.3502072020565,40.8954141564172,-4.6,
24,Lapa sem fim cave,711,LSF13_2021,422307,39897.2584925996,43.145867393323,40.9910344800737,-4.5,
24,Lapa sem fim cave,711,LSF13_2021,422308,39899.2504189811,43.9235503171512,41.6737922833345,-4.52,
24,Lapa sem fim cave,711,LSF13_2021,422309,39901.3682881324,44.1803652887611,42.314107313643,-4.34,
24,Lapa sem fim cave,711,LSF13_2021,422310,39902.3974956104,45.0497323364325,42.1321169377625,-4.29,
24,Lapa sem fim cave,711,LSF13_2021,422311,39904.147681994,45.8643963522845,42.9497002423814,-4.26,
24,Lapa sem fim cave,711,LSF13_2021,422312,39905.8448805245,46.5572313711455,43.4572414454742,-4.29,
24,Lapa sem fim cave,711,LSF13_2021,422313,39907.0202505799,48.0747774028714,43.6010876619912,-4.46,
24,Lapa sem fim cave,711,LSF13_2021,422314,39908.4153013549,49.6669535608453,44.0242232160745,-4.54,
24,Lapa sem fim cave,711,LSF13_2021,422315,39915.9871013965,49.503218330683,42.7433999287678,-4.75,
24,Lapa sem fim cave,708,LSF13_2018,421109,39917.3921797401,156.954355950904,119.799679986114,-4.60317424771,
24,Lapa sem fim cave,605,LSF13,378051,39919.23121,153.4843593,123.0896574,-4.59161348059,
24,Lapa sem fim cave,711,LSF13_2021,422316,39925.3704681676,48.3287551576577,42.0936676795391,-4.67,
24,Lapa sem fim cave,711,LSF13_2021,422317,39934.660688465,46.7920775443999,41.5262297776353,-4.71,
24,Lapa sem fim cave,711,LSF13_2021,422318,39944.215493429,44.3489335528866,40.8529760894307,-4.62,
24,Lapa sem fim cave,605,LSF13,378052,39952.17994,220.9292482,143.0188333,-4.60317424771,
24,Lapa sem fim cave,708,LSF13_2018,421110,39952.7469385332,216.678580435233,142.882203963687,-4.60128248581,
24,Lapa sem fim cave,711,LSF13_2021,422319,39953.5525883834,43.3674146504782,38.9799935325063,-4.72,
24,Lapa sem fim cave,711,LSF13_2021,422320,39962.530571231,42.5182878163978,37.6775060627187,-4.69,
24,Lapa sem fim cave,711,LSF13_2021,422321,39971.8031190779,40.5180329928771,37.46476073128,-4.75,
24,Lapa sem fim cave,711,LSF13_2021,422322,39981.1295706574,39.4732575289745,36.6899813418131,-4.89,
24,Lapa sem fim cave,605,LSF13,378053,39986.60805,294.1262041,169.4189406,-4.60128248581,
24,Lapa sem fim cave,708,LSF13_2018,421111,39986.9103813667,286.972854875072,169.729906699213,-4.22503206507,
24,Lapa sem fim cave,711,LSF13_2021,422323,39990.2733210677,38.7749699982232,36.3077855990196,-4.86,
24,Lapa sem fim cave,605,LSF13,378054,39991.34011,291.2140029,167.4798271,-4.22503206507,
24,Lapa sem fim cave,708,LSF13_2018,421112,39992.0950511105,283.396938006859,167.247148276947,-4.55062530626,
24,Lapa sem fim cave,605,LSF13,378055,39997.42795,287.2752952,165.5619431,-4.55062530626,
24,Lapa sem fim cave,708,LSF13_2018,421113,39998.0917118898,279.443018766215,164.246763034367,-4.43638390756,
24,Lapa sem fim cave,711,LSF13_2021,422324,39999.41683715,38.5346464524482,36.5635620435496,-4.69,
24,Lapa sem fim cave,605,LSF13,378056,40003.88355,282.0637214,162.048301,-4.43638390756,
24,Lapa sem fim cave,708,LSF13_2018,421114,40004.6954583038,274.6993779103,163.010916944717,-4.43627880968,
24,Lapa sem fim cave,711,LSF13_2021,422325,40008.6438888041,37.6132059371084,36.8115606439605,-4.01,
24,Lapa sem fim cave,605,LSF13,378057,40010.14536,277.1409152,159.5023626,-4.43627880968,
24,Lapa sem fim cave,708,LSF13_2018,421115,40011.0477204958,269.865114021813,160.192891709419,-4.6517294696,
24,Lapa sem fim cave,605,LSF13,378058,40016.53012,273.2256521,156.7666814,-4.6517294696,
24,Lapa sem fim cave,708,LSF13_2018,421116,40016.8010188085,266.037731296026,157.222077348117,-4.60454052018,
24,Lapa sem fim cave,711,LSF13_2021,422326,40017.7870932856,38.1918648070496,37.0113261832812,-3.97,
24,Lapa sem fim cave,605,LSF13,378059,40022.60108,268.6099351,153.2058237,-4.60454052018,
24,Lapa sem fim cave,708,LSF13_2018,421117,40022.7502739466,261.471730282959,154.163300594046,-4.49576421139,
24,Lapa sem fim cave,711,LSF13_2021,422327,40026.8931974131,38.9203027659532,37.7651485634851,-3.7,
24,Lapa sem fim cave,708,LSF13_2018,421118,40029.2965802526,256.673591626328,152.301494972526,-4.5178347668,
24,Lapa sem fim cave,605,LSF13,378060,40029.4005,263.7932461,150.6109821,-4.49576421139,
24,Lapa sem fim cave,711,LSF13_2021,422328,40034.2840118665,38.4728361041125,38.3517014751269,-3.73,
24,Lapa sem fim cave,708,LSF13_2018,421119,40035.4277421797,252.911663909777,149.544039915505,-4.34116522567,
24,Lapa sem fim cave,605,LSF13,378061,40036.05779,259.5765444,149.3107615,-4.5178347668,
24,Lapa sem fim cave,708,LSF13_2018,421120,40041.2592332571,248.8898847932,147.015382869657,-4.29103353553,
24,Lapa sem fim cave,605,LSF13,378062,40042.81614,256.1161939,147.417001,-4.34116522567,
24,Lapa sem fim cave,711,LSF13_2021,422329,40043.6224397939,38.8092822832768,39.4648506039812,-3.96,
24,Lapa sem fim cave,708,LSF13_2018,421121,40047.0115626401,245.376270803288,144.793981912706,-4.25614103841,
24,Lapa sem fim cave,605,LSF13,378063,40048.97759,252.2486406,144.4661187,-4.29103353553,
24,Lapa sem fim cave,711,LSF13_2021,422330,40052.7730682696,39.3079877065102,40.6583513324731,-4.03,
24,Lapa sem fim cave,708,LSF13_2018,421122,40053.8372164534,240.550905878801,143.039288130691,-4.28609393503,
24,Lapa sem fim cave,605,LSF13,378064,40055.69505,247.1208288,143.1629665,-4.25614103841,
24,Lapa sem fim cave,708,LSF13_2018,421123,40060.5106800377,235.561311142075,140.227474463107,-4.45540662436,
24,Lapa sem fim cave,711,LSF13_2021,422331,40062.1408947418,40.2862855762432,42.4571336579538,-4,
24,Lapa sem fim cave,605,LSF13,378065,40062.29975,243.2336302,140.7638235,-4.28609393503,
24,Lapa sem fim cave,708,LSF13_2018,421124,40066.5321500199,232.826337893581,137.997410485848,-4.5381186582,
24,Lapa sem fim cave,605,LSF13,378066,40068.6556,238.3204435,137.8057558,-4.45540662436,
24,Lapa sem fim cave,711,LSF13_2021,422332,40071.3394595278,41.5200980496447,43.8640817519336,-4.05,
24,Lapa sem fim cave,708,LSF13_2018,421125,40072.689236656,229.928482758602,136.172225543378,-4.74957559857,
24,Lapa sem fim cave,605,LSF13,378067,40074.86275,234.3526164,135.2380938,-4.5381186582,
24,Lapa sem fim cave,708,LSF13_2018,421126,40079.2970202452,225.928248962176,135.049659547803,-4.67453571019,
24,Lapa sem fim cave,711,LSF13_2021,422333,40080.3481301047,42.6732163853885,44.838854534144,-4.01,
24,Lapa sem fim cave,605,LSF13,378068,40081.5944,229.1441945,133.292365,-4.74957559857,
24,Lapa sem fim cave,708,LSF13_2018,421127,40084.91128272,222.191638837321,132.489484677513,-4.70806193483,
24,Lapa sem fim cave,605,LSF13,378069,40088.266,223.6326739,131.1467114,-4.67453571019,
24,Lapa sem fim cave,711,LSF13_2021,422334,40089.5374131181,44.0883724547602,46.4621938357304,-3.63,
24,Lapa sem fim cave,708,LSF13_2018,421128,40091.1464285671,218.322939430902,128.900802060933,-4.6204103005,
24,Lapa sem fim cave,605,LSF13,378070,40094.67394,218.8316975,129.3112026,-4.70806193483,
24,Lapa sem fim cave,708,LSF13_2018,421129,40097.7008621494,213.483725161452,125.937110369203,-4.71962270195,
24,Lapa sem fim cave,711,LSF13_2021,422335,40098.8705858426,45.343629716961,47.9864363886736,-3.45,
24,Lapa sem fim cave,605,LSF13,378071,40100.64492,215.4013198,127.4680039,-4.6204103005,
24,Lapa sem fim cave,708,LSF13_2018,421130,40104.0320082511,208.783629832753,122.9504894774,-4.68599137942,
24,Lapa sem fim cave,605,LSF13,378072,40107.65177,210.5822546,126.1522412,-4.71962270195,
24,Lapa sem fim cave,711,LSF13_2021,422336,40108.2256448982,46.5229229719989,50.4452393027095,-3.69,
24,Lapa sem fim cave,708,LSF13_2018,421131,40110.1682079304,205.488622223078,121.098600866258,-4.75388461177,
24,Lapa sem fim cave,605,LSF13,378073,40113.98361,206.4329714,123.9744828,-4.68599137942,
24,Lapa sem fim cave,708,LSF13_2018,421132,40116.4481006372,202.476465373416,118.095758153315,-4.88704362939,
24,Lapa sem fim cave,711,LSF13_2021,422337,40117.295280614,47.8475593263211,52.748660347992,-3.93,
24,Lapa sem fim cave,605,LSF13,378074,40120.02917,202.3737904,122.166384,-4.75388461177,
24,Lapa sem fim cave,708,LSF13_2018,421133,40122.4932816971,198.995608160039,116.231044464112,-4.86339660574,
24,Lapa sem fim cave,605,LSF13,378075,40125.68075,199.3478873,120.0376696,-4.88704362939,
24,Lapa sem fim cave,711,LSF13_2021,422338,40126.4118600165,50.0705866110002,54.9223706262055,-3.69,
24,Lapa sem fim cave,708,LSF13_2018,421134,40129.1627555103,195.321631461629,115.632980968381,-4.6879882392,
24,Lapa sem fim cave,605,LSF13,378076,40132.33999,195.007405,118.8275382,-4.86339660574,
24,Lapa sem fim cave,708,LSF13_2018,421135,40135.531935774,192.116280084418,114.990327459302,-4.01220885223,
24,Lapa sem fim cave,711,LSF13_2021,422339,40135.7871079509,51.6943992492234,57.2642767316138,-3.49,
24,Lapa sem fim cave,605,LSF13,378077,40138.48312,190.8026982,116.9488967,-4.6879882392,
24,Lapa sem fim cave,708,LSF13_2018,421136,40141.9061087494,187.891997222505,113.613085894001,-3.97258695038,
24,Lapa sem fim cave,711,LSF13_2021,422340,40144.878307992,54.8507948117767,58.7084013226922,-3.18,
24,Lapa sem fim cave,605,LSF13,378078,40144.96448,186.844665,115.752983,-4.01220885223,
24,Lapa sem fim cave,708,LSF13_2018,421137,40148.7344458545,182.624214442643,112.896029682095,-3.69838657392,
24,Lapa sem fim cave,605,LSF13,378079,40151.20783,183.2941689,114.1908081,-3.97258695038,
24,Lapa sem fim cave,711,LSF13_2021,422341,40152.41444686,52.7818846223963,56.3972872884551,-3.19,
24,Lapa sem fim cave,708,LSF13_2018,421138,40155.1012262267,180.402424942309,111.079395984321,-3.73159750491,
24,Lapa sem fim cave,605,LSF13,378080,40157.36207,179.947347,111.7635401,-3.69838657392,
24,Lapa sem fim cave,711,LSF13_2021,422342,40158.8771668855,50.3680274718645,50.965687356118,-3.03,
24,Lapa sem fim cave,708,LSF13_2018,421139,40161.6644733349,177.156732421463,109.168909120461,-3.9638638261,
24,Lapa sem fim cave,605,LSF13,378081,40164.01484,177.321501,111.2247948,-3.73159750491,
24,Lapa sem fim cave,711,LSF13_2021,422343,40165.5640016334,48.053077081393,47.5849380474174,-3.17,
24,Lapa sem fim cave,708,LSF13_2018,421140,40168.4175975424,173.302546724939,107.997233143244,-4.03438450551,
24,Lapa sem fim cave,605,LSF13,378082,40170.29294,172.9462475,109.4941375,-3.9638638261,
24,Lapa sem fim cave,711,LSF13_2021,422344,40172.2070080454,46.3537957416993,44.3948445160568,-3.11,
24,Lapa sem fim cave,708,LSF13_2018,421141,40175.1547692994,170.189006504166,106.833050121444,-4.00495709831,
24,Lapa sem fim cave,605,LSF13,378083,40176.86894,169.2641487,109.4709161,-4.03438450551,
24,Lapa sem fim cave,711,LSF13_2021,422345,40179.167170019,44.7033994192097,43.0712097947471,-3.1,
24,Lapa sem fim cave,708,LSF13_2018,421142,40181.3851180269,167.522641253498,106.0427476962,-4.04762683876,
24,Lapa sem fim cave,605,LSF13,378084,40183.53648,165.3917904,109.4334367,-4.00495709831,
24,Lapa sem fim cave,711,LSF13_2021,422346,40184.5295617055,44.5466632478492,43.1248129754676,-3.17,
24,Lapa sem fim cave,708,LSF13_2018,421143,40188.2917565923,163.84824068853,105.424630223577,-4.00548258772,
24,Lapa sem fim cave,605,LSF13,378085,40190.23204,161.0940366,108.9369997,-4.04762683876,
24,Lapa sem fim cave,711,LSF13_2021,422347,40191.4322188679,44.1820801512076,44.611856708565,-3.13,
24,Lapa sem fim cave,708,LSF13_2018,421144,40194.5360611911,159.940148835485,104.201968875095,-3.63249020135,
24,Lapa sem fim cave,605,LSF13,378086,40196.62163,157.3458841,107.8168239,-4.00548258772,
24,Lapa sem fim cave,711,LSF13_2021,422348,40198.4881058583,45.6676809550117,46.4437416928486,-3.12,
24,Lapa sem fim cave,708,LSF13_2018,421145,40201.1337846258,156.470939630082,103.027039700624,-3.44846380841,
24,Lapa sem fim cave,605,LSF13,378087,40203.20492,153.8177708,106.6754716,-3.63249020135,
24,Lapa sem fim cave,711,LSF13_2021,422349,40205.3503653162,49.045696466339,48.6821344161435,-3.36,
24,Lapa sem fim cave,708,LSF13_2018,421146,40207.1729324033,154.148154794857,101.625091614871,-3.69071442847,
24,Lapa sem fim cave,605,LSF13,378088,40209.84981,150.708519,105.7876266,-3.44846380841,
24,Lapa sem fim cave,711,LSF13_2021,422350,40211.9083999305,51.9979722496573,52.5896232478408,-3.49,
24,Lapa sem fim cave,708,LSF13_2018,421147,40213.9557284903,151.080845777513,101.268052587351,-3.93264975488,
24,Lapa sem fim cave,605,LSF13,378089,40216.50813,145.4815904,105.6851892,-3.69071442847,
24,Lapa sem fim cave,711,LSF13_2021,422351,40219.3643119388,53.4559070171817,53.0328310929035,-3.21,
24,Lapa sem fim cave,708,LSF13_2018,421148,40220.0545214091,148.139120586296,99.3228199600999,-3.68619521951,
24,Lapa sem fim cave,605,LSF13,378090,40223.86158,141.6476099,105.2007944,-3.93264975488,
24,Lapa sem fim cave,708,LSF13_2018,421149,40226.2224010659,145.764967720752,98.2047305146116,-3.48703473143,
24,Lapa sem fim cave,711,LSF13_2021,422352,40226.7778351686,52.4718115812138,49.3888235386694,-3.14,
24,Lapa sem fim cave,605,LSF13,378091,40230.36429,137.4772445,103.8819976,-3.68619521951,
24,Lapa sem fim cave,708,LSF13_2018,421150,40233.1858113287,142.183408232762,98.240573893112,-3.18424773083,
24,Lapa sem fim cave,711,LSF13_2021,422353,40234.5548006299,51.9933927674138,47.0864341810593,-3.6,
24,Lapa sem fim cave,605,LSF13,378092,40236.64003,134.0997538,102.9646792,-3.48703473143,
24,Lapa sem fim cave,708,LSF13_2018,421151,40239.3500053241,140.816341505117,97.4408363987168,-3.19381163817,
24,Lapa sem fim cave,711,LSF13_2021,422354,40243.0237032788,51.5029736975266,47.2730636196502,-3.82,
24,Lapa sem fim cave,605,LSF13,378093,40243.66653,130.5019463,103.3331896,-3.18424773083,
24,Lapa sem fim cave,708,LSF13_2018,421152,40246.0712611481,137.455518714101,96.8038992682414,-3.0339577583,
24,Lapa sem fim cave,605,LSF13,378094,40249.64465,129.1013765,103.3948118,-3.19381163817,
24,Lapa sem fim cave,711,LSF13_2021,422355,40251.0384413605,53.1654276437039,48.3742710058868,-3.77,
24,Lapa sem fim cave,708,LSF13_2018,421153,40252.5196661808,134.447059900405,96.5478624347015,-3.16648618862,
24,Lapa sem fim cave,605,LSF13,378095,40256.40324,125.9936102,103.4209931,-3.0339577583,
24,Lapa sem fim cave,708,LSF13_2018,421154,40258.7067017313,131.817924774958,95.9231208444471,-3.10637019961,
24,Lapa sem fim cave,711,LSF13_2021,422356,40259.2342154489,54.7016763032807,50.8595805874356,-3.72,
24,Lapa sem fim cave,605,LSF13,378096,40263.16735,123.2549583,102.9500321,-3.16648618862,
24,Lapa sem fim cave,708,LSF13_2018,421155,40265.3600681215,128.530202452232,95.7603629176665,-3.10101020758,
24,Lapa sem fim cave,711,LSF13_2021,422357,40267.632449033,58.0765566817354,54.5481264745758,-3.8,
24,Lapa sem fim cave,605,LSF13,378097,40269.93154,118.7270166,102.6851777,-3.10637019961,
24,Lapa sem fim cave,708,LSF13_2018,421156,40271.1685642969,126.282459221038,95.6994405302466,-3.16564540556,
24,Lapa sem fim cave,711,LSF13_2021,422358,40275.7417332048,61.1492500716049,57.6392161063559,-3.87,
24,Lapa sem fim cave,605,LSF13,378098,40276.10872,115.1325113,102.435052,-3.10101020758,
24,Lapa sem fim cave,708,LSF13_2018,421157,40278.0331378816,123.911007274241,95.9958421496121,-3.13201408304,
24,Lapa sem fim cave,605,LSF13,378099,40281.8113,113.6907874,102.3873575,-3.16564540556,
24,Lapa sem fim cave,711,LSF13_2021,422359,40283.3712716887,67.3540774131761,61.3144681950944,-3.92,
24,Lapa sem fim cave,708,LSF13_2018,421158,40284.1833271994,121.574130364039,95.7773183644822,-3.12402664394,
24,Lapa sem fim cave,605,LSF13,378100,40288.45656,111.0115297,102.3785381,-3.13201408304,
24,Lapa sem fim cave,711,LSF13_2021,422360,40290.6017205702,73.4575442191781,64.5522624878431,-4.31,
24,Lapa sem fim cave,708,LSF13_2018,421159,40290.7088533457,119.229935465082,96.1480221080055,-3.35646600597,
24,Lapa sem fim cave,605,LSF13,378101,40295.18583,107.9753855,103.2013736,-3.12402664394,
24,Lapa sem fim cave,708,LSF13_2018,421160,40297.2007214239,116.022091422528,96.1352359345183,-3.48870375411,
24,Lapa sem fim cave,711,LSF13_2021,422361,40298.6237263123,79.2965560084267,68.4083037485398,-4.29,
24,Lapa sem fim cave,605,LSF13,378102,40301.6003,107.1666773,102.2470564,-3.35646600597,
24,Lapa sem fim cave,708,LSF13_2018,421161,40303.2464709532,117.008751599453,95.8355865775156,-3.2128935937,
24,Lapa sem fim cave,711,LSF13_2021,422362,40306.4639902504,85.3228272478518,74.0205994435455,-4.3,
24,Lapa sem fim cave,605,LSF13,378103,40307.5888,107.1359277,102.3653696,-3.48870375411,
24,Lapa sem fim cave,708,LSF13_2018,421162,40310.0786075295,115.271825983284,97.3596516950129,-3.14184204173,
24,Lapa sem fim cave,605,LSF13,378104,40313.78046,106.9953207,102.3618854,-3.2128935937,
24,Lapa sem fim cave,711,LSF13_2021,422363,40314.6367875695,92.0579267873545,79.9952563382176,-4.25,
24,Lapa sem fim cave,708,LSF13_2018,421163,40316.4506590861,114.623098227115,98.6590621335272,-3.59795732222,
24,Lapa sem fim cave,605,LSF13,378105,40319.77987,106.1753598,102.2172549,-3.14184204173,
24,Lapa sem fim cave,711,LSF13_2021,422364,40320.4946833003,98.8254840168811,83.3762949148004,-4.1,
24,Lapa sem fim cave,708,LSF13_2018,421164,40321.9241814863,114.138787627657,99.6480194335963,-3.82066248218,
24,Lapa sem fim cave,605,LSF13,378106,40325.75825,105.6631037,102.9817812,-3.59795732222,
24,Lapa sem fim cave,711,LSF13_2021,422365,40327.3798958386,104.884986925368,86.7285427740717,-3.91,
24,Lapa sem fim cave,708,LSF13_2018,421165,40327.7208822275,113.656137032885,100.086662344271,-3.76703272877,
24,Lapa sem fim cave,605,LSF13,378107,40332.12244,104.3979071,103.9330094,-3.82066248218,
24,Lapa sem fim cave,711,LSF13_2021,422366,40333.8419883793,102.939010107817,88.3947847586096,-4.03,
24,Lapa sem fim cave,708,LSF13_2018,421166,40333.9786683798,113.447715118717,100.596969112172,-3.71718119673,
24,Lapa sem fim cave,605,LSF13,378108,40337.63986,104.551624,104.4106379,-3.76703272877,
24,Lapa sem fim cave,711,LSF13_2021,422367,40338.2214259226,103.998254200844,86.7936316615596,-4.03,
24,Lapa sem fim cave,708,LSF13_2018,421167,40339.9128666623,113.124855614253,100.613510193456,-3.8035555354,
24,Lapa sem fim cave,711,LSF13_2021,422368,40342.9513879016,105.832138695012,87.4394833750484,-3.76,
24,Lapa sem fim cave,605,LSF13,378109,40343.90948,104.6810051,105.1631974,-3.71718119673,
24,Lapa sem fim cave,708,LSF13_2018,421168,40346.0635627744,113.172641485929,100.847450247187,-3.87093381659,
24,Lapa sem fim cave,711,LSF13_2021,422369,40348.4781847391,106.323868336585,89.3154811776913,-3.87,
24,Lapa sem fim cave,605,LSF13,378110,40350.03689,105.0567525,105.921348,-3.8035555354,
24,Lapa sem fim cave,708,LSF13_2018,421169,40351.9634864265,113.247659793909,101.282046457018,-3.92235960754,
24,Lapa sem fim cave,711,LSF13_2021,422370,40353.3850330266,107.443397172698,89.3008071672302,-4.07,
24,Lapa sem fim cave,605,LSF13,378111,40355.82889,105.908196,105.7723313,-3.87093381659,
24,Lapa sem fim cave,708,LSF13_2018,421170,40357.7094789847,113.846191327844,101.94863716438,-4.3149797788,
24,Lapa sem fim cave,711,LSF13_2021,422371,40358.6178384582,109.30269960306,91.7846178816035,-4.06,
24,Lapa sem fim cave,605,LSF13,378112,40362.03714,106.8609049,106.4065577,-3.92235960754,
24,Lapa sem fim cave,708,LSF13_2018,421171,40364.1361615709,114.192288038124,103.162634193242,-4.29031638927,
24,Lapa sem fim cave,711,LSF13_2021,422372,40364.3763145818,109.857636037588,95.0175277265153,-4.36,
24,Lapa sem fim cave,605,LSF13,378113,40368.41176,106.7709974,107.2670235,-4.3149797788,
24,Lapa sem fim cave,711,LSF13_2021,422373,40368.9776839819,114.151130806065,96.833323072613,-3.86,
24,Lapa sem fim cave,708,LSF13_2018,421172,40370.540959447,113.377034704608,103.325340719166,-4.29965699211,
24,Lapa sem fim cave,605,LSF13,378114,40374.03982,107.8271338,107.9606454,-4.29031638927,
24,Lapa sem fim cave,711,LSF13_2021,422374,40374.3262873742,119.584557156268,97.5946841505429,-3.97,
24,Lapa sem fim cave,708,LSF13_2018,421173,40376.7759799506,113.479601094266,104.876144320966,-4.24980546008,
24,Lapa sem fim cave,711,LSF13_2021,422375,40378.9579772264,122.181684776682,100.779757713397,-4.1,
24,Lapa sem fim cave,605,LSF13,378115,40379.81466,109.2803523,109.8965375,-4.29965699211,
24,Lapa sem fim cave,708,LSF13_2018,421174,40383.1338131565,114.896527873323,107.365616562682,-4.09647264259,
24,Lapa sem fim cave,711,LSF13_2021,422376,40383.9883551337,128.313352456011,103.784757055306,-4.24,
24,Lapa sem fim cave,605,LSF13,378116,40386.50668,109.7815391,111.5497737,-4.24980546008,
24,Lapa sem fim cave,711,LSF13_2021,422377,40388.7384211611,133.132761111476,107.152533855595,-4.31,
24,Lapa sem fim cave,708,LSF13_2018,421175,40389.2474075958,114.204199531909,108.585146722122,-3.90630216669,
24,Lapa sem fim cave,605,LSF13,378117,40392.51368,111.3474547,112.6188423,-4.09647264259,
24,Lapa sem fim cave,711,LSF13_2021,422378,40393.479846843,138.868264721059,109.97635435855,-4.26,
24,Lapa sem fim cave,708,LSF13_2018,421176,40395.9570114575,114.870872016974,110.92856378638,-4.03098347208,
24,Lapa sem fim cave,711,LSF13_2021,422379,40397.4866062115,146.52548511199,111.789296647206,-4.16,
24,Lapa sem fim cave,605,LSF13,378118,40398.61202,112.5553848,115.5660845,-3.90630216669,
24,Lapa sem fim cave,711,LSF13_2021,422380,40401.7321548116,150.127794820568,113.401304115599,-4.45,
24,Lapa sem fim cave,708,LSF13_2018,421177,40402.070730205,116.095729705965,112.759921071614,-3.54619606182,
24,Lapa sem fim cave,605,LSF13,378119,40403.80946,114.6498105,116.8457516,-4.03098347208,
24,Lapa sem fim cave,711,LSF13_2021,422381,40406.8160942833,156.731707122897,116.959063832917,-4.31,
24,Lapa sem fim cave,711,LSF13_2021,422382,40410.4651228628,161.347384513087,119.719314239832,-4.13,
24,Lapa sem fim cave,711,LSF13_2021,422383,40414.3701170008,169.421616080224,122.014579325893,-4.2,
24,Lapa sem fim cave,711,LSF13_2021,422384,40419.0201882343,177.259099587049,125.036781496288,-4.17,
24,Lapa sem fim cave,711,LSF13_2021,422385,40423.0684235931,185.827412076935,128.434792889733,-4.25,
24,Lapa sem fim cave,711,LSF13_2021,422386,40427.6666169878,194.420685415615,131.647612877001,-4.3,
24,Lapa sem fim cave,711,LSF13_2021,422387,40432.4377662511,201.407987335791,135.242219337255,-4.5,
24,Lapa sem fim cave,711,LSF13_2021,422388,40436.3893448359,211.492327809327,137.639169440103,-4.44,
24,Lapa sem fim cave,711,LSF13_2021,422389,40440.3653876358,219.116256479567,140.410240142439,-4.31,
24,Lapa sem fim cave,711,LSF13_2021,422390,40445.1947030853,227.065566209647,143.91407369823,-4.48,
24,Lapa sem fim cave,711,LSF13_2021,422391,40449.8946889003,234.11741582711,147.051441383184,-4.27,
24,Lapa sem fim cave,606,LSF11,378120,54070.83058,565.9604142,620.895912,-3.54619606182,
24,Lapa sem fim cave,606,LSF11,378121,54087.88286,557.7264256,614.669888,-3.79795910437,
24,Lapa sem fim cave,606,LSF11,378122,54100.03302,552.0766793,596.9640386,-3.99317197325,
24,Lapa sem fim cave,606,LSF11,378123,54115.57701,543.3391605,586.9208702,-3.36694661835,
24,Lapa sem fim cave,606,LSF11,378124,54129.12177,541.8031915,578.3220738,-3.4218274142,
24,Lapa sem fim cave,606,LSF11,378125,54143.81812,536.8423729,570.4490487,-3.31112679748,
24,Lapa sem fim cave,606,LSF11,378126,54161.03608,529.1594621,570.3417483,-3.47535184056,
24,Lapa sem fim cave,606,LSF11,378127,54178.72276,523.3048229,568.8826175,-4.10689833726,
24,Lapa sem fim cave,606,LSF11,378128,54195.58143,520.0253796,556.0845132,-4.30983207856,
24,Lapa sem fim cave,606,LSF11,378129,54212.75926,514.6781812,549.2765487,-4.46696226591,
24,Lapa sem fim cave,606,LSF11,378130,54230.13572,508.5635279,547.4462795,-4.88608043496,
24,Lapa sem fim cave,606,LSF11,378131,54247.04135,500.2487989,554.4532244,-4.99114690154,
24,Lapa sem fim cave,606,LSF11,378132,54263.2219,494.0765192,549.8867377,-4.98040028182,
24,Lapa sem fim cave,606,LSF11,378133,54281.41597,490.668703,549.0498672,-5.15265920566,
24,Lapa sem fim cave,606,LSF11,378134,54299.00054,490.8149018,551.2706387,-5.35110649407,
24,Lapa sem fim cave,606,LSF11,378135,54315.11785,486.3264643,559.0902005,-5.12469712717,
24,Lapa sem fim cave,606,LSF11,378136,54333.7332,487.6194296,554.0429437,-5.13137463845,
24,Lapa sem fim cave,606,LSF11,378137,54350.92054,488.5193719,555.9911097,-4.6713567128,
24,Lapa sem fim cave,606,LSF11,378138,54367.57045,491.8496393,550.6472633,-4.84403298111,
24,Lapa sem fim cave,606,LSF11,378139,54383.45507,489.8150353,553.0418332,-4.64433365934,
24,Lapa sem fim cave,606,LSF11,378140,54398.77913,494.9460396,549.8141586,-4.93835282796,
24,Lapa sem fim cave,606,LSF11,378141,54415.04548,497.17442,549.6108579,-5.79776939715,
24,Lapa sem fim cave,606,LSF11,378142,54431.62552,494.4839196,558.0085586,-5.6209196843,
24,Lapa sem fim cave,606,LSF11,378143,54449.9611,493.621451,561.6638746,-5.7360024178,
24,Lapa sem fim cave,606,LSF11,378144,54464.57681,496.6088973,570.5570162,-5.68894683048,
24,Lapa sem fim cave,606,LSF11,378145,54479.99713,496.3471129,581.7091981,-5.652742199,
24,Lapa sem fim cave,606,LSF11,378146,54496.31643,498.6071119,586.8926366,-5.3233530878,
24,Lapa sem fim cave,606,LSF11,378147,54516.32399,497.5767932,590.9545693,-5.21557388227,
24,Lapa sem fim cave,606,LSF11,378148,54533.08069,503.4987973,590.3603439,-5.06251280336,
24,Lapa sem fim cave,606,LSF11,378149,54551.23135,510.2256636,593.2620515,-4.83099096689,
24,Lapa sem fim cave,606,LSF11,378150,54568.93584,517.8972841,597.3235173,-4.33017762075,
24,Lapa sem fim cave,606,LSF11,378151,54585.84914,524.7973502,598.3960706,-4.28176566396,
24,Lapa sem fim cave,606,LSF11,378152,54597.94881,531.4546599,598.2531405,-4.16125745254,
24,Lapa sem fim cave,606,LSF11,378153,54613.86746,541.325376,605.836357,-3.63415140574,
24,Lapa sem fim cave,606,LSF11,378154,54633.59405,545.4545064,616.7230833,-4.20873038431,
24,Lapa sem fim cave,606,LSF11,378155,54647.93089,557.1974549,623.4202217,-4.79196926033,
24,Lapa sem fim cave,606,LSF11,378156,54663.82885,564.280642,633.7179866,-5.00053715178,
24,Lapa sem fim cave,606,LSF11,378157,54678.30993,577.0668066,637.7172068,-5.37030433901,
24,Lapa sem fim cave,606,LSF11,378158,54691.99152,594.8943308,647.1473134,-5.30154684003,
24,Lapa sem fim cave,606,LSF11,378159,54707.52767,611.0416991,656.9273593,-5.67736552185,
24,Lapa sem fim cave,606,LSF11,378160,54725.61969,619.5240268,668.7181807,-5.51397516768,
24,Lapa sem fim cave,606,LSF11,378161,54738.33102,632.3043922,673.1934853,-5.16444918652,
24,Lapa sem fim cave,606,LSF11,378162,54755.32405,645.4638651,681.6304407,-4.51401785323,
24,Lapa sem fim cave,606,LSF11,378163,54769.9166,658.5847973,688.1306906,-4.16428319984,
24,Lapa sem fim cave,606,LSF11,378164,54786.19496,673.3242453,698.9570048,-4.73729713671,
24,Lapa sem fim cave,606,LSF11,378165,54801.44128,691.6165625,706.0574372,-4.82827822793,
24,Lapa sem fim cave,606,LSF11,378166,54871.53366,635.8995767,652.9954271,-4.83672945314,
24,Lapa sem fim cave,606,LSF11,378167,54938.40784,585.0716002,597.87275,-4.80782834963,
24,Lapa sem fim cave,606,LSF11,378168,54973.73759,557.2672348,568.5925555,-5.22621616588,
24,Lapa sem fim cave,606,LSF11,378169,55006.79764,531.1160447,542.1876612,-5.25856036115,
24,Lapa sem fim cave,606,LSF11,378170,55038.46314,507.9270392,514.321858,-4.95400324503,
24,Lapa sem fim cave,606,LSF11,378171,55073.65094,480.2977657,489.5303809,-5.00690165472,
24,Lapa sem fim cave,606,LSF11,378172,55106.08958,454.421753,463.7153797,-5.17279607562,
24,Lapa sem fim cave,606,LSF11,378173,55140.12034,432.7784239,438.3736308,-4.65268054844,
24,Lapa sem fim cave,606,LSF11,378174,55174.64595,406.9432449,413.2841679,-5.32961325463,
24,Lapa sem fim cave,606,LSF11,378175,55206.48781,382.3815165,387.1887677,-4.7727714154,
24,Lapa sem fim cave,606,LSF11,378176,55241.69858,357.6797902,363.6167479,-4.79749907436,
24,Lapa sem fim cave,606,LSF11,378177,55275.36341,335.3187111,341.3966174,-4.86051808708,
24,Lapa sem fim cave,606,LSF11,378178,55308.9551,312.9426309,312.9963505,-4.4457324746,
24,Lapa sem fim cave,606,LSF11,378179,55342.94543,290.2476018,285.8932805,-4.37316991295,
24,Lapa sem fim cave,606,LSF11,378180,55376.02055,270.4188729,263.1111607,-4.42423634001,
24,Lapa sem fim cave,606,LSF11,378181,55409.05063,247.3023899,240.3483898,-4.39424661077,
24,Lapa sem fim cave,606,LSF11,378182,55443.25743,221.8518066,220.8228775,-4.29232347505,
24,Lapa sem fim cave,606,LSF11,378183,55477.22602,202.8196238,198.020339,-4.48924903975,
24,Lapa sem fim cave,606,LSF11,378184,55511.53296,186.9017504,179.9707893,-4.33667891374,
24,Lapa sem fim cave,606,LSF11,378185,55548.33204,166.8664505,167.1691318,-4.55593948658,
24,Lapa sem fim cave,606,LSF11,378186,55584.9421,149.775738,158.7020678,-4.5832028768,
24,Lapa sem fim cave,606,LSF11,378187,55619.53103,141.6898597,146.085027,-4.47257642804,
24,Lapa sem fim cave,606,LSF11,378188,55655.31349,137.8507536,149.5681665,-4.35073004562,
24,Lapa sem fim cave,606,LSF11,378189,55687.03107,144.3589925,151.1830062,-4.42182457856,
24,Lapa sem fim cave,606,LSF11,378190,55695.02677,142.1857146,148.8212746,-4.27292452432,
24,Lapa sem fim cave,606,LSF11,378191,55702.00106,141.8186038,145.1828438,-4.18515737966,
24,Lapa sem fim cave,606,LSF11,378192,55709.76501,140.684817,142.595536,-4.21493739051,
24,Lapa sem fim cave,606,LSF11,378193,55718.08273,138.3479724,140.6239742,-4.12895285214,
24,Lapa sem fim cave,606,LSF11,378194,55726.27727,137.3689646,140.4583284,-3.90707079947,
24,Lapa sem fim cave,606,LSF11,378195,55733.43102,137.3599569,138.5687963,-4.06928797125,
24,Lapa sem fim cave,606,LSF11,378196,55741.70391,136.3733782,138.7408291,-3.5845239214,
24,Lapa sem fim cave,606,LSF11,378197,55750.19236,135.7857401,138.4889971,-3.61126301565,
24,Lapa sem fim cave,606,LSF11,378198,55757.82253,135.134373,136.5767566,-3.47767240359,
24,Lapa sem fim cave,606,LSF11,378199,55765.89079,135.3435728,137.2121618,-3.28273916356,
24,Lapa sem fim cave,606,LSF11,378200,55773.2874,134.514107,136.7377544,-3.21206406739,
24,Lapa sem fim cave,606,LSF11,378201,55780.78536,134.2804283,134.5441964,-2.94551199844,
24,Lapa sem fim cave,606,LSF11,378202,55788.49224,133.761067,133.3602413,-3.37333750643,
24,Lapa sem fim cave,606,LSF11,378203,55796.63782,132.9545094,133.9398908,-4.39141541256,
24,Lapa sem fim cave,606,LSF11,378204,55805.12185,131.2575401,133.6562961,-4.53014412507,
24,Lapa sem fim cave,606,LSF11,378205,55819.87394,130.1360454,130.8740869,-4.30448714145,
24,Lapa sem fim cave,606,LSF11,378206,55828.46909,128.7002248,130.8973005,-4.33017764377,
24,Lapa sem fim cave,606,LSF11,378207,55836.23127,128.3948478,129.6682508,-4.3052211558,
24,Lapa sem fim cave,606,LSF11,378208,55844.29215,127.3727387,129.6510712,-4.3296533478,
24,Lapa sem fim cave,606,LSF11,378209,55852.03397,126.7902563,129.8322693,-4.28372502121,
24,Lapa sem fim cave,606,LSF11,378210,55859.83475,127.4110511,129.7856099,-4.23978901929,
24,Lapa sem fim cave,606,LSF11,378211,55867.56296,126.0747348,129.7040232,-4.22814964885,
24,Lapa sem fim cave,606,LSF11,378212,55875.92727,124.65032,128.6966434,-4.81232021379,
24,Lapa sem fim cave,606,LSF11,378213,55884.1516,124.2623767,128.8112418,-4.33793722406,
24,Lapa sem fim cave,606,LSF11,378214,55892.25103,124.7805869,128.7986939,-4.54304180583,
24,Lapa sem fim cave,606,LSF11,378215,55900.46535,123.3335778,129.0852816,-4.5586658256,
24,Lapa sem fim cave,606,LSF11,378216,55908.374,123.3556852,129.7332712,-4.5587706848,
24,Lapa sem fim cave,606,LSF11,378217,55916.13508,123.5087013,129.1342566,-4.63710050207,
24,Lapa sem fim cave,606,LSF11,378218,55923.96514,124.3625858,130.3633495,-4.6136120428,
24,Lapa sem fim cave,606,LSF11,378219,55930.96755,126.626721,129.6311636,-4.81326394653,
24,Lapa sem fim cave,606,LSF11,378220,55939.06599,126.9181175,131.1898566,-4.74814638759,
24,Lapa sem fim cave,606,LSF11,378221,55947.64327,126.2118809,133.0726312,-4.53601623989,
24,Lapa sem fim cave,606,LSF11,378222,55955.25192,127.1228777,133.2629811,-4.45170944861,
24,Lapa sem fim cave,606,LSF11,378223,55963.15876,128.1616374,135.0349311,-4.19595787656,
24,Lapa sem fim cave,606,LSF11,378224,55971.6457,128.7580609,136.7763386,-4.39477090674,
24,Lapa sem fim cave,606,LSF11,378225,55979.26952,130.0145419,137.5351131,-4.53140243539,
24,Lapa sem fim cave,606,LSF11,378226,55986.93483,131.3259151,138.6534621,-4.45883987374,
24,Lapa sem fim cave,606,LSF11,378227,55994.2195,132.9233831,140.17634,-4.36446659992,
24,Lapa sem fim cave,606,LSF11,378228,56002.1847,133.545423,141.9601624,-4.06047979903,
24,Lapa sem fim cave,606,LSF11,378229,56010.5145,134.8320562,143.5458681,-4.62944578097,
24,Lapa sem fim cave,606,LSF11,378230,56018.79765,136.174061,145.7345428,-4.57114406959,
24,Lapa sem fim cave,606,LSF11,378231,56026.46334,138.9743712,146.8253348,-4.92567300157,
24,Lapa sem fim cave,606,LSF11,378232,56034.28087,139.5689746,147.2590495,-4.79722048998,
24,Lapa sem fim cave,606,LSF11,378233,56043.15358,140.1103704,150.8119819,-4.25709078615,
24,Lapa sem fim cave,606,LSF11,378234,56051.25645,141.9900511,151.1525471,-4.37033871474,
24,Lapa sem fim cave,606,LSF11,378235,56059.16996,143.2740826,152.5036983,-4.41154837764,
24,Lapa sem fim cave,606,LSF11,378236,56067.28202,143.6767655,154.4420734,-4.04317803216,
24,Lapa sem fim cave,606,LSF11,378237,56075.4744,145.486591,156.0585506,-3.76194567618,
24,Lapa sem fim cave,606,LSF11,378238,56083.81282,147.1712856,159.4984316,-3.80693027003,
24,Lapa sem fim cave,606,LSF11,378239,56091.21254,148.7844717,161.0248131,-4.05282507793,
24,Lapa sem fim cave,606,LSF11,378240,56099.92443,150.3761417,165.3904613,-3.80273590231,
24,Lapa sem fim cave,606,LSF11,378241,56115.40861,153.9912064,169.2286903,-4.41312116897,
24,Lapa sem fim cave,606,LSF11,378242,56131.62646,158.5541487,173.0311207,-4.88545328725,
24,Lapa sem fim cave,606,LSF11,378243,56147.3387,162.4460108,177.2612503,-5.250096557,
24,Lapa sem fim cave,606,LSF11,378244,56163.55605,164.7917398,184.1555124,-5.14097048838,
24,Lapa sem fim cave,606,LSF11,378245,56179.21336,168.0336353,188.6716789,-4.96994129711,
24,Lapa sem fim cave,606,LSF11,378246,56195.08409,172.4620645,193.4649801,-4.49278422565,
24,Lapa sem fim cave,606,LSF11,378247,56211.25215,176.4204524,197.9018321,-4.56700637769,
24,Lapa sem fim cave,606,LSF11,378248,56227.20821,180.3759318,203.6513732,-4.56731435342,
24,Lapa sem fim cave,606,LSF11,378249,56242.89241,185.7220602,208.5374376,-4.53672209712,
24,Lapa sem fim cave,606,LSF11,378250,56259.55762,189.7042271,214.0825769,-4.44894901276,
24,Lapa sem fim cave,606,LSF11,378251,56276.15985,192.1991642,219.4882394,-4.2157087231,
24,Lapa sem fim cave,606,LSF11,378252,56292.27867,196.424459,225.4251212,-4.04765663059,
24,Lapa sem fim cave,606,LSF11,378253,56307.90885,202.0641769,230.0740053,-4.97332903019,
24,Lapa sem fim cave,606,LSF11,378254,56323.91569,208.7801223,233.7153481,-4.66278683114,
24,Lapa sem fim cave,606,LSF11,378255,56340.01318,215.1712624,238.7997768,-5.40952532894,
24,Lapa sem fim cave,606,LSF11,378256,56355.17515,219.6443851,242.7276847,-5.37800914544,
24,Lapa sem fim cave,606,LSF11,378257,56371.24972,225.0186437,246.8813944,-4.52214457901,
24,Lapa sem fim cave,606,LSF11,378258,56387.44242,230.4613127,250.4944345,-4.70775128839,
24,Lapa sem fim cave,606,LSF11,378261,62065.36739,164.744433,158.6002485,-6.51813531488,
24,Lapa sem fim cave,606,LSF11,378262,62067.38268,164.9698121,156.7997828,-6.48805635147,
24,Lapa sem fim cave,606,LSF11,378263,62069.27576,164.9833576,155.9673803,-6.9064927162,
24,Lapa sem fim cave,606,LSF11,378264,62071.14141,164.5148085,154.9808899,-6.85074910824,
24,Lapa sem fim cave,606,LSF11,378265,62073.31988,164.3606318,154.7292156,-7.042104698,
24,Lapa sem fim cave,606,LSF11,378266,62075.15762,163.5743589,153.2895417,-6.7209886654,
24,Lapa sem fim cave,606,LSF11,378267,62077.53712,162.7344947,152.9314221,-6.17474237082,
24,Lapa sem fim cave,606,LSF11,378268,62079.70606,161.0682647,151.708472,-7.02034107942,
24,Lapa sem fim cave,606,LSF11,378269,62082.72391,160.0804212,148.4384303,-7.08142293344,
24,Lapa sem fim cave,606,LSF11,378270,62086.75094,157.7002912,147.3174693,-7.10780618804,
24,Lapa sem fim cave,606,LSF11,378271,62091.12858,154.890374,146.5311769,-7.24803780586,
24,Lapa sem fim cave,606,LSF11,378272,62095.17888,153.0852264,146.2262362,-7.05955665629,
24,Lapa sem fim cave,606,LSF11,378273,62098.97822,153.3244002,145.4787898,-6.94540031733,
24,Lapa sem fim cave,606,LSF11,378274,62103.03603,151.9471664,144.6364101,-7.02413944681,
24,Lapa sem fim cave,606,LSF11,378275,62107.13334,150.3207845,143.8096803,-6.98194677117,
24,Lapa sem fim cave,606,LSF11,378276,62111.01601,148.2102779,142.1096683,-7.31599778462,
24,Lapa sem fim cave,606,LSF11,378277,62115.68749,147.4000367,141.6788408,-7.43888010272,
24,Lapa sem fim cave,606,LSF11,378278,62119.68892,147.5486056,140.9201037,-7.20389461723,
24,Lapa sem fim cave,606,LSF11,378279,62124.56428,147.8355995,142.4247298,-7.12217838899,
24,Lapa sem fim cave,606,LSF11,378280,62128.25231,148.3938414,140.3411131,-6.96521342293,
24,Lapa sem fim cave,606,LSF11,378281,62132.74377,147.4672182,139.9039044,-7.15543976832,
24,Lapa sem fim cave,606,LSF11,378282,62136.58926,147.2775475,138.7818648,-7.19670851676,
24,Lapa sem fim cave,606,LSF11,378283,62141.22093,144.6995524,140.4785303,-7.26908281439,
24,Lapa sem fim cave,606,LSF11,378284,62145.34598,142.7619759,139.7685495,-7.13983566444,
24,Lapa sem fim cave,606,LSF11,378285,62150.04046,141.8100065,138.6074912,-7.2478324887,
24,Lapa sem fim cave,606,LSF11,378286,62154.35316,142.9182444,138.5863392,-6.99447111771,
24,Lapa sem fim cave,606,LSF11,378287,62158.6435,143.8353992,138.0509107,-7.16940133496,
24,Lapa sem fim cave,606,LSF11,378288,62163.35054,143.818863,139.6877461,-7.06817997686,
24,Lapa sem fim cave,606,LSF11,378289,62168.05556,143.7731025,140.7044416,-7.22185986842,
24,Lapa sem fim cave,606,LSF11,378290,62172.70755,143.0757983,141.4236002,-7.04918813989,
24,Lapa sem fim cave,606,LSF11,378291,62176.59659,143.9359137,141.6895827,-6.77437112606,
24,Lapa sem fim cave,606,LSF11,378292,62180.66201,145.078285,142.1974425,-7.05801677762,
24,Lapa sem fim cave,606,LSF11,378293,62185.07002,145.9128614,143.8542545,-6.98779831013,
24,Lapa sem fim cave,606,LSF11,378294,62189.33698,147.1606842,143.5750888,-7.03081225439,
24,Lapa sem fim cave,606,LSF11,378295,62194.38932,149.0221471,145.032661,-6.74295760113,
24,Lapa sem fim cave,606,LSF11,378296,62198.10762,150.9820065,145.9245747,-6.38026484436,
24,Lapa sem fim cave,606,LSF11,378297,62202.05862,153.3898545,145.7462093,-6.43765098958,
24,Lapa sem fim cave,606,LSF11,378298,62205.88621,155.376717,146.9048313,-7.53856158215,
24,Lapa sem fim cave,606,LSF11,378299,62209.65439,157.5180207,148.0552303,-7.47860897249,
24,Lapa sem fim cave,606,LSF11,378300,62213.78624,158.5596818,149.6747022,-7.59574241021,
24,Lapa sem fim cave,606,LSF11,378301,62217.76089,161.3457587,150.9257485,-7.58640047959,
24,Lapa sem fim cave,606,LSF11,378302,62221.57735,164.5622213,151.5222603,-7.55929861495,
24,Lapa sem fim cave,606,LSF11,378303,62225.37144,166.0068293,153.8586909,-7.80872677658,
24,Lapa sem fim cave,606,LSF11,378304,62228.53653,168.1702148,154.7732521,-7.85133254104,
24,Lapa sem fim cave,606,LSF11,378305,62232.07883,170.1338436,157.7273061,-8.10614382799,
24,Lapa sem fim cave,606,LSF11,378306,62237.22203,172.0555502,161.2557198,-8.03482548314,
24,Lapa sem fim cave,606,LSF11,378307,62240.92022,174.4761338,162.9316247,-8.22047958721,
24,Lapa sem fim cave,606,LSF11,378308,62244.55709,178.5984501,164.2431478,-7.76694431192,
24,Lapa sem fim cave,606,LSF11,378309,62249.79596,181.6513756,166.7472219,-7.83476363264,
24,Lapa sem fim cave,606,LSF11,378310,62253.29945,184.9779786,168.6821676,-7.82220831074,
24,Lapa sem fim cave,606,LSF11,378311,62257.6513,187.3198153,169.7886084,-8.0656992255,
24,Lapa sem fim cave,606,LSF11,378312,62261.79292,191.3587394,172.025609,-8.23540189601,
24,Lapa sem fim cave,606,LSF11,378313,62266.35914,193.5520876,174.0432065,-8.38874148308,
24,Lapa sem fim cave,606,LSF11,378314,62270.27088,195.8947883,175.2895049,-8.37721528593,
24,Lapa sem fim cave,606,LSF11,378315,62274.00844,200.203575,177.7846601,-8.39069682009,
24,Lapa sem fim cave,606,LSF11,378316,62279.17461,201.1050618,182.1822806,-8.04367595595,
24,Lapa sem fim cave,606,LSF11,378317,62283.25059,203.1125337,184.041939,-8.39697448104,
24,Lapa sem fim cave,606,LSF11,378318,62287.57593,206.374948,185.5474592,-8.4884636709,
24,Lapa sem fim cave,606,LSF11,378319,62290.66114,210.3810123,186.8912175,-8.21924463751,
24,Lapa sem fim cave,606,LSF11,378320,62295.21275,210.5287582,189.9474708,-8.09019239444,
24,Lapa sem fim cave,606,LSF11,378321,62299.12244,215.832445,191.3305974,-8.01496337555,
24,Lapa sem fim cave,606,LSF11,378322,62303.19689,220.1617556,194.7637914,-7.97842944709,
24,Lapa sem fim cave,606,LSF11,378323,62307.22729,225.1276228,197.0561579,-8.00868571461,
24,Lapa sem fim cave,606,LSF11,378324,62310.96045,230.5350742,199.2433549,-8.06292058869,
24,Lapa sem fim cave,606,LSF11,378325,62314.91013,233.0195643,202.0562463,-7.79822970418,
24,Lapa sem fim cave,606,LSF11,378326,62326.31274,230.1544912,194.6537047,-7.72763174664,
24,Lapa sem fim cave,606,LSF11,378327,62331.95201,229.4651935,191.5681898,-7.77641225957,
24,Lapa sem fim cave,606,LSF11,378328,62338.23459,226.1629869,189.3836728,-7.87716357215,
24,Lapa sem fim cave,606,LSF11,378329,62344.1992,223.496394,187.4194308,-7.62194063529,
24,Lapa sem fim cave,606,LSF11,378330,62349.78034,221.3672615,185.2575501,-7.60516590194,
24,Lapa sem fim cave,606,LSF11,378331,62355.66274,221.2647522,183.9286231,-7.26184988688,
24,Lapa sem fim cave,606,LSF11,378332,62361.86446,219.7104333,182.6935906,-7.0689919096,
24,Lapa sem fim cave,606,LSF11,378333,62367.67158,219.2156315,180.0767055,-6.99252794102,
24,Lapa sem fim cave,606,LSF11,378334,62373.30436,217.6553849,177.1730779,-7.22408100873,
24,Lapa sem fim cave,606,LSF11,378335,62378.68154,216.2714319,173.8231417,-7.97143139882,
24,Lapa sem fim cave,606,LSF11,378336,62384.21278,216.1935635,173.5786194,-8.09770500508,
24,Lapa sem fim cave,606,LSF11,378337,62390.99236,213.8507418,173.3308061,-8.18404857122,
24,Lapa sem fim cave,606,LSF11,378338,62397.72431,211.6057818,172.6934014,-8.19814758023,
24,Lapa sem fim cave,606,LSF11,378339,62404.10849,208.7714996,174.2300517,-8.06765456252,
24,Lapa sem fim cave,606,LSF11,378340,62410.74916,207.1439282,172.9936408,-7.84145294348,
24,Lapa sem fim cave,606,LSF11,378341,62416.7756,207.4144668,172.8215712,-8.01403716328,
24,Lapa sem fim cave,606,LSF11,378342,62422.0373,207.3464615,169.5191936,-8.04398469337,
24,Lapa sem fim cave,606,LSF11,378343,62428.84749,205.9771151,169.9474982,-8.21708347555,
24,Lapa sem fim cave,606,LSF11,378344,62435.60596,203.4565541,170.7966393,-7.999011942,
24,Lapa sem fim cave,606,LSF11,378345,62442.10885,201.462902,169.574336,-7.76169577571,
24,Lapa sem fim cave,606,LSF11,378346,62447.33846,200.5966136,169.5382962,-7.83908595657,
24,Lapa sem fim cave,606,LSF11,378347,62453.00889,201.4152842,170.4750197,-7.9824430336,
24,Lapa sem fim cave,606,LSF11,378348,62459.05465,199.9805138,170.7805554,-7.92079846135,
24,Lapa sem fim cave,606,LSF11,378349,62464.31106,200.7971678,170.6840836,-7.97318091089,
24,Lapa sem fim cave,606,LSF11,378350,62471.21067,199.8076368,173.8371371,-7.58468631951,
24,Lapa sem fim cave,606,LSF11,378351,62478.38939,199.1278066,175.272458,-7.28088869467,
24,Lapa sem fim cave,606,LSF11,378352,62484.47918,200.0224826,174.6606773,-7.45594281386,
24,Lapa sem fim cave,606,LSF11,378353,62491.22114,199.9398468,175.9958113,-7.72629388447,
24,Lapa sem fim cave,606,LSF11,378354,62498.20464,199.1992881,177.6716696,-7.25845377522,
24,Lapa sem fim cave,606,LSF11,378355,62505.04066,198.441458,178.3382349,-7.05139387645,
24,Lapa sem fim cave,606,LSF11,378356,62511.02748,199.621901,178.8795311,-7.06178803638,
24,Lapa sem fim cave,606,LSF11,378357,62517.91062,199.0012375,180.0069338,-7.4852728691,
24,Lapa sem fim cave,606,LSF11,378358,62524.56299,197.5307873,181.9414139,-7.54907860332,
24,Lapa sem fim cave,606,LSF11,378359,62531.75864,196.1594977,183.5472833,-7.55504752684,
24,Lapa sem fim cave,606,LSF11,378360,62538.14198,196.792497,186.3283354,-7.87911890916,
24,Lapa sem fim cave,606,LSF11,378361,62544.62383,195.7236046,187.4900085,-7.72320651024,
24,Lapa sem fim cave,606,LSF11,378362,62550.88975,196.3329525,187.1387278,-7.358381788,
24,Lapa sem fim cave,606,LSF11,378363,62557.20273,194.8786282,188.1708153,-7.34047501743,
24,Lapa sem fim cave,606,LSF11,378364,62563.27496,195.3199188,190.3548003,-7.44040303021,
24,Lapa sem fim cave,606,LSF11,378365,62570.45292,196.2753286,193.0911625,-7.34582646611,
24,Lapa sem fim cave,606,LSF11,378366,62576.76761,195.4023527,195.0047577,-6.98141339376,
24,Lapa sem fim cave,606,LSF11,378367,62582.89988,197.298846,195.9021875,-7.17228573226,
24,Lapa sem fim cave,606,LSF11,378368,62588.92959,199.3892227,197.0424193,-6.907613526,
24,Lapa sem fim cave,606,LSF11,378369,62594.90697,200.7413202,197.7016721,-6.87273979249,
24,Lapa sem fim cave,606,LSF11,378370,62600.93212,201.8361141,200.6484889,-7.03596113761,
24,Lapa sem fim cave,606,LSF11,378371,62607.48608,201.9315651,202.8271645,-7.11716273412,
24,Lapa sem fim cave,606,LSF11,378372,62614.54258,202.5013001,206.8716377,-7.39645940927,
24,Lapa sem fim cave,606,LSF11,378373,62620.99618,202.9724489,210.2668898,-7.36915358274,
24,Lapa sem fim cave,606,LSF11,378374,62626.90715,203.6835049,210.9971817,-7.61664459477,
24,Lapa sem fim cave,606,LSF11,378375,62633.73844,203.3533048,214.76591,-7.47674058466,
24,Lapa sem fim cave,606,LSF11,378376,62640.14609,203.6521008,216.4398539,-7.58074817112,
24,Lapa sem fim cave,606,LSF11,378377,62646.68666,203.748939,220.4603351,-7.58013455704,
24,Lapa sem fim cave,606,LSF11,378378,62652.67397,204.6838271,222.8309893,-7.33223446896,
24,Lapa sem fim cave,606,LSF11,378379,62659.31619,205.8356425,226.4845981,-7.47039990584,
24,Lapa sem fim cave,606,LSF11,378380,62666.11406,207.9094602,229.1162478,-7.32742782534,
24,Lapa sem fim cave,606,LSF11,378381,62672.4006,208.9412073,229.8220031,-7.47377478328,
24,Lapa sem fim cave,606,LSF11,378382,62678.82406,209.5597893,232.9277048,-7.08770925831,
24,Lapa sem fim cave,606,LSF11,378383,62684.97574,210.9741385,235.7789181,-6.91835177239,
24,Lapa sem fim cave,606,LSF11,378384,62690.90304,216.4569324,239.4517246,-5.97093163378,
24,Lapa sem fim cave,606,LSF11,378385,62697.15607,218.0572622,241.8599835,-7.2692367568,
24,Lapa sem fim cave,606,LSF11,378386,62704.31058,217.2565299,245.0690556,-7.40995891902,
24,Lapa sem fim cave,606,LSF11,378387,62710.35088,218.2838293,247.2616696,-7.47050217485,
24,Lapa sem fim cave,606,LSF11,378388,62716.21765,220.2169467,249.4014226,-7.39870932756,
24,Lapa sem fim cave,606,LSF11,378389,62722.09042,221.8203795,250.92645,-7.31607596487,
24,Lapa sem fim cave,606,LSF11,378390,62728.49035,224.0094082,254.0249006,-7.35360869272,
24,Lapa sem fim cave,606,LSF11,378391,62734.52854,228.020824,256.8846627,-7.12033307353,
24,Lapa sem fim cave,606,LSF11,378392,62740.59072,229.2088068,260.104208,-7.07011898804,
24,Lapa sem fim cave,606,LSF11,378393,62747.41075,232.7904983,263.5587463,-7.10877667504,
24,Lapa sem fim cave,606,LSF11,378394,62753.95455,235.4958705,266.0396373,-7.28294080458,
24,Lapa sem fim cave,606,LSF11,378395,62760.63379,238.2402355,267.8967782,-7.28856560031,
24,Lapa sem fim cave,606,LSF11,378396,62766.01981,242.537898,269.8373202,-7.03626794465,
24,Lapa sem fim cave,606,LSF11,378397,62772.22326,246.1172146,272.9742435,-7.20777307985,
24,Lapa sem fim cave,606,LSF11,378398,62778.30219,249.6544508,276.1195045,-7.08126631048,
24,Lapa sem fim cave,606,LSF11,378399,62784.75071,251.7299858,279.1039209,-6.92663556247,
24,Lapa sem fim cave,606,LSF11,378400,62791.53857,254.5231715,283.9285455,-6.89227317402,
24,Lapa sem fim cave,606,LSF11,378401,62797.74682,257.5531545,285.7497749,-7.1486615902,
24,Lapa sem fim cave,606,LSF11,378402,62804.70654,258.6622648,290.3094057,-6.62371474526,
24,Lapa sem fim cave,606,LSF11,378403,62812.15211,260.1324214,294.8412919,-6.42050621596,
24,Lapa sem fim cave,606,LSF11,378404,62818.453,263.691733,299.0782612,-6.66809949701,
24,Lapa sem fim cave,606,LSF11,378405,62825.38336,263.9587258,304.4113123,-6.52134346301,
24,Lapa sem fim cave,606,LSF11,378406,62831.77344,268.7745474,309.0661062,-6.33214578853,
24,Lapa sem fim cave,606,LSF11,378407,62838.0653,273.0488348,313.3737137,-6.11155152698,
24,Lapa sem fim cave,606,LSF11,378408,62844.03773,276.0374342,316.4810826,-6.54404718395,
24,Lapa sem fim cave,606,LSF11,378409,62850.15257,278.564769,319.7197873,-6.90843167811,
24,Lapa sem fim cave,606,LSF11,378410,62857.25839,279.7322225,324.079236,-6.5745233499,
24,Lapa sem fim cave,606,LSF11,378411,62864.49763,281.9565017,329.7723551,-6.92714690753,
24,Lapa sem fim cave,606,LSF11,378412,62870.79701,284.5206461,334.5995923,-6.72455199231,
24,Lapa sem fim cave,606,LSF11,378413,62877.21464,288.5880535,339.5383379,-6.57820503437,
24,Lapa sem fim cave,606,LSF11,378414,62882.80974,292.4279205,341.6608036,-6.55979661199,
24,Lapa sem fim cave,606,LSF11,378415,62889.38035,294.9741448,346.543515,-5.97737458161,
24,Lapa sem fim cave,606,LSF11,378416,62895.43803,298.2997887,349.6609824,-4.91203827074,
24,Lapa sem fim cave,606,LSF11,378417,62901.11618,300.5594608,352.3077056,-6.64212316764,
24,Lapa sem fim cave,606,LSF11,378418,62906.63377,305.190266,354.7938606,-7.01407556878,
24,Lapa sem fim cave,606,LSF11,378419,62912.59744,310.1082694,357.7616708,-7.023484318,
24,Lapa sem fim cave,606,LSF11,378420,62918.83633,314.409126,360.8461346,-6.93890784405,
24,Lapa sem fim cave,606,LSF11,378421,62925.17252,316.3762723,364.7623851,-6.9261242174,
24,Lapa sem fim cave,606,LSF11,378422,62931.32214,319.7006391,368.5925608,-7.21912494032,
24,Lapa sem fim cave,606,LSF11,378423,62935.38596,316.5004645,364.0619096,-6.95261189183,
24,Lapa sem fim cave,606,LSF11,378424,62939.01319,313.5720716,360.2063676,-6.84338858569,
24,Lapa sem fim cave,606,LSF11,378425,62943.0693,311.4163186,358.478444,-7.14313906349,
24,Lapa sem fim cave,606,LSF11,378426,62946.95141,309.5214281,354.5676687,-7.14579805783,
24,Lapa sem fim cave,606,LSF11,378427,62951.06106,306.8088648,350.8833205,-7.02317751096,
24,Lapa sem fim cave,606,LSF11,378428,62955.41053,302.9218011,346.8253368,-7.22045443749,
24,Lapa sem fim cave,606,LSF11,378429,62959.26371,301.0488702,341.456907,-7.21626140795,
24,Lapa sem fim cave,606,LSF11,378430,62962.88213,298.1156054,336.2214494,-7.05815351349,
24,Lapa sem fim cave,606,LSF11,378431,62967.25618,294.095013,332.2677533,-6.75215464233,
24,Lapa sem fim cave,606,LSF11,378432,62971.1173,291.1150995,328.1363492,-7.35217558256,
24,Lapa sem fim cave,606,LSF11,378433,62975.93136,288.1254879,324.9383089,-7.21032447823,
24,Lapa sem fim cave,606,LSF11,378434,62980.74014,284.0824285,321.9319514,-6.92303240069,
24,Lapa sem fim cave,606,LSF11,378435,62983.8693,282.0178236,317.1202442,-6.78066845795,
24,Lapa sem fim cave,606,LSF11,378436,62987.38482,279.6866695,312.7971358,-6.86364571276,
24,Lapa sem fim cave,606,LSF11,378437,62991.66473,276.945335,309.2111251,-6.85995327621,
24,Lapa sem fim cave,606,LSF11,378438,62995.70362,275.4747287,305.0653216,-6.72764096631,
24,Lapa sem fim cave,606,LSF11,378439,63000.98727,271.840848,302.9199095,-6.77574520921,
24,Lapa sem fim cave,606,LSF11,378440,63004.55019,269.6215665,298.0663745,-6.60117501429,
24,Lapa sem fim cave,606,LSF11,378441,63009.73061,264.7949555,295.2384635,-6.63040680369,
24,Lapa sem fim cave,606,LSF11,378442,63014.604,260.6892243,292.1309561,-5.35190064644,
24,Lapa sem fim cave,606,LSF11,378443,63019.1848,257.5761155,289.3629174,-7.08037122502,
24,Lapa sem fim cave,606,LSF11,378444,63023.17798,254.8483992,286.3992358,-6.95995676624,
24,Lapa sem fim cave,606,LSF11,378445,63027.14246,251.8810266,283.9597578,-6.73389759492,
24,Lapa sem fim cave,606,LSF11,378446,63031.49596,248.4617973,280.774406,-6.78989954934,
24,Lapa sem fim cave,606,LSF11,378447,63036.04048,244.6821549,277.3254185,-6.91739117818,
24,Lapa sem fim cave,606,LSF11,378448,63040.38373,241.1037052,273.4586312,-6.95226419009,
24,Lapa sem fim cave,606,LSF11,378449,63045.1117,237.0875621,270.3856745,-6.9401612036,
24,Lapa sem fim cave,606,LSF11,378450,63049.71912,233.2691801,266.6791457,-6.6417918164,
24,Lapa sem fim cave,606,LSF11,378451,63053.20958,230.5725648,264.5994444,-6.82456742589,
24,Lapa sem fim cave,606,LSF11,378452,63057.06265,228.7833301,262.4549856,-6.83267027277,
24,Lapa sem fim cave,606,LSF11,378453,63061.4105,226.6092507,257.1718715,-6.39296261965,
24,Lapa sem fim cave,606,LSF11,378454,63065.33858,223.1841744,254.545486,-6.51604383816,
24,Lapa sem fim cave,606,LSF11,378455,63069.80923,219.528062,252.1179615,-6.55696834331,
24,Lapa sem fim cave,606,LSF11,378456,63073.44997,217.6967406,248.2151216,-6.27706113889,
24,Lapa sem fim cave,606,LSF11,378457,63077.52113,215.6190126,245.7924478,-6.28998466683,
24,Lapa sem fim cave,606,LSF11,378458,63081.5539,213.4206678,241.8117438,-5.11496930081,
24,Lapa sem fim cave,606,LSF11,378459,63084.87117,212.4480376,238.1117898,-6.45983674837,
24,Lapa sem fim cave,606,LSF11,378460,63089.23654,210.6179533,234.9196353,-6.43111779739,
24,Lapa sem fim cave,606,LSF11,378461,63093.59281,207.4415869,231.1369188,-6.63974046276,
24,Lapa sem fim cave,606,LSF11,378462,63097.71574,205.0928843,227.0810348,-6.51101802174,
24,Lapa sem fim cave,606,LSF11,378463,63101.81067,203.123838,222.6302648,-6.53348034411,
24,Lapa sem fim cave,606,LSF11,378464,63105.96105,200.3926965,218.2896048,-5.76771002963,
24,Lapa sem fim cave,606,LSF11,378465,63110.55781,198.1796405,215.3419494,-5.90576612972,
24,Lapa sem fim cave,606,LSF11,378466,63114.361,196.5201026,211.3747565,-6.35634595715,
24,Lapa sem fim cave,606,LSF11,378467,63118.32388,194.4618438,208.2485168,-6.17664737812,
24,Lapa sem fim cave,606,LSF11,378468,63122.12358,192.6960361,204.909306,-6.24013677334,
24,Lapa sem fim cave,606,LSF11,378469,63125.87275,191.011321,202.175559,-6.31972929464,
24,Lapa sem fim cave,606,LSF11,378470,63129.58031,190.0829167,200.6167932,-6.00935948864,
24,Lapa sem fim cave,606,LSF11,378471,63132.7723,189.0845169,196.309709,-6.24731651108,
24,Lapa sem fim cave,606,LSF11,378472,63137.33073,186.9746495,194.6358932,-6.40650155369,
24,Lapa sem fim cave,606,LSF11,378473,63141.4713,186.0422111,192.8013563,-6.29234372352,
24,Lapa sem fim cave,606,LSF11,378474,63145.35571,184.2086854,188.0149543,-6.23736744592,
24,Lapa sem fim cave,606,LSF11,378475,63148.92456,183.1093549,184.249816,-6.19941740355,
24,Lapa sem fim cave,606,LSF11,378476,63153.58453,182.2527886,181.712089,-6.41060426097,
24,Lapa sem fim cave,606,LSF11,378477,63157.50659,180.5639406,179.5566136,-6.33193484881,
24,Lapa sem fim cave,606,LSF11,378478,63162.59324,178.3433657,179.037991,-5.95140874825,
24,Lapa sem fim cave,606,LSF11,378479,63167.16339,177.9239948,177.5981972,-5.62175621802,
24,Lapa sem fim cave,606,LSF11,378480,63172.00581,175.1570293,177.2320392,-5.82432739014,
24,Lapa sem fim cave,606,LSF11,378481,63176.51679,174.7701812,176.4482283,-5.85889269901,
24,Lapa sem fim cave,606,LSF11,378482,63180.96285,174.2534404,174.5618447,-5.04758233368,
24,Lapa sem fim cave,606,LSF11,378483,63185.46698,173.5290184,173.0731164,-5.71037469534,
24,Lapa sem fim cave,606,LSF11,378484,63189.79552,171.9714855,171.7526114,-5.39374826073,
24,Lapa sem fim cave,606,LSF11,378485,63193.39734,169.7451017,170.6519811,-5.36523444511,
24,Lapa sem fim cave,606,LSF11,378486,63197.49959,167.9110567,168.7117147,-5.37036282921,
24,Lapa sem fim cave,606,LSF11,378487,63202.20071,165.8233748,168.1585322,-5.2507689119,
24,Lapa sem fim cave,606,LSF11,378488,63206.97587,164.9906712,167.585858,-5.30256559135,
24,Lapa sem fim cave,606,LSF11,378489,63210.15687,165.7771302,165.1853938,-5.12655944889,
24,Lapa sem fim cave,606,LSF11,378490,63213.86601,165.703057,163.7519645,-4.78818866567,
24,Lapa sem fim cave,606,LSF11,378491,63218.12705,165.4161409,162.0497012,-4.37843077572,
24,Lapa sem fim cave,606,LSF11,378492,63221.72292,165.0282007,161.1733104,-4.09226694269,
24,Lapa sem fim cave,606,LSF11,378493,63227.0677,163.4166906,162.3844205,-3.28629009683,
24,Lapa sem fim cave,606,LSF11,378494,63231.14675,163.3589219,160.9382131,-4.23411804702,
24,Lapa sem fim cave,606,LSF11,378495,63235.1721,162.5561657,160.1262667,-4.59968341417,
24,Lapa sem fim cave,606,LSF11,378496,63239.70165,162.5320857,160.1326478,-4.40856819172,
24,Lapa sem fim cave,606,LSF11,378497,63244.00028,163.6625884,159.3646975,-4.33330876589,
24,Lapa sem fim cave,606,LSF11,378498,63248.10858,163.0975778,159.1300388,-3.12822111321,
24,Lapa sem fim cave,606,LSF11,378499,63251.80284,164.1240032,159.2192583,-3.73893626033,
24,Lapa sem fim cave,606,LSF11,378500,63255.33672,164.5030356,159.1729967,-5.45002124217,
24,Lapa sem fim cave,606,LSF11,378501,63259.38031,163.9571094,158.8851764,-5.50810528037,
24,Lapa sem fim cave,606,LSF11,378502,63263.84048,164.5512147,158.8479457,-5.50748072082,
24,Lapa sem fim cave,606,LSF11,378503,63268.02754,165.0592592,158.9407021,-5.60584885002,
24,Lapa sem fim cave,606,LSF11,378504,63272.69935,165.8864623,160.6372772,-5.45522590509,
24,Lapa sem fim cave,606,LSF11,378505,63276.69226,167.2420252,161.0331231,-4.77757879281,
24,Lapa sem fim cave,606,LSF11,378506,63280.95489,168.4184907,162.0638886,-5.69162169496,
24,Lapa sem fim cave,606,LSF11,378507,63285.35351,168.4489383,164.0510595,-5.86805976797,
24,Lapa sem fim cave,606,LSF11,378508,63289.58189,170.3820961,165.8258984,-5.79404946124,
24,Lapa sem fim cave,606,LSF11,378509,63293.63934,172.1279416,166.6635784,-5.88867023314,
24,Lapa sem fim cave,606,LSF11,378510,63297.17619,173.2261823,167.0972712,-6.09165208705,
24,Lapa sem fim cave,606,LSF11,378511,63334.36693,167.3083455,162.8695807,-5.98599742976,
24,Lapa sem fim cave,606,LSF11,378512,63343.57276,166.2366663,162.3672665,-6.07416441963,
24,Lapa sem fim cave,606,LSF11,378513,63352.72974,165.4206923,160.8295591,-6.09133980727,
24,Lapa sem fim cave,606,LSF11,378514,63361.65879,164.9522215,160.0419723,-5.84692883651,
24,Lapa sem fim cave,606,LSF11,378515,63370.83065,164.6159391,159.3590784,-5.75626360843,
24,Lapa sem fim cave,606,LSF11,378516,63379.93966,164.9921017,158.1683102,-5.8399545882,
24,Lapa sem fim cave,606,LSF11,378517,63389.71735,163.3138756,157.9209879,-5.6872497781,
24,Lapa sem fim cave,606,LSF11,378518,63399.02531,162.6414716,156.5970213,-5.70817252304,
24,Lapa sem fim cave,606,LSF11,378519,63408.62943,162.2356395,155.719876,-5.70400879271,
24,Lapa sem fim cave,606,LSF11,378520,63417.91295,162.0064192,155.3157729,-5.70421697922,
24,Lapa sem fim cave,606,LSF11,378521,63426.90952,161.8751875,154.1780399,-5.74824842753,
24,Lapa sem fim cave,606,LSF11,378522,63436.03151,161.0752857,153.0488546,-5.6049120107,
24,Lapa sem fim cave,606,LSF11,378523,63445.18581,160.4714452,152.0846451,-5.50872983992,
24,Lapa sem fim cave,606,LSF11,378524,63454.67054,158.6262611,152.4371699,-5.93513052414,
24,Lapa sem fim cave,606,LSF11,378525,63463.99235,156.2717511,152.0740612,-5.51736958037,
24,Lapa sem fim cave,606,LSF11,378526,63472.98581,156.5961791,150.9017076,-5.61604998935,
24,Lapa sem fim cave,606,LSF11,378527,63482.48598,155.6729346,150.9222824,-5.72295376574,
24,Lapa sem fim cave,606,LSF11,378528,63491.13328,154.7008117,150.0511097,-5.78634656011,
24,Lapa sem fim cave,606,LSF11,378529,63500.36541,153.0684643,149.6095282,-5.79019801068,
24,Lapa sem fim cave,606,LSF11,378530,63509.07678,152.3120435,147.4424636,-5.72545200394,
24,Lapa sem fim cave,606,LSF11,378531,63518.11748,151.5359649,146.2887402,-5.75293262416,
24,Lapa sem fim cave,606,LSF11,378532,63526.79783,151.4951419,145.6873541,-5.76750568034,
24,Lapa sem fim cave,606,LSF11,378533,63536.03693,150.0442872,143.6649191,-5.80883070393,
24,Lapa sem fim cave,606,LSF11,378534,63545.01059,149.2556499,143.3988699,-5.98016820728,
24,Lapa sem fim cave,606,LSF11,378535,63553.80311,148.890709,142.6381785,-5.69370356012,
24,Lapa sem fim cave,606,LSF11,378536,63563.01874,149.0938871,142.0655758,-5.70265558035,
24,Lapa sem fim cave,606,LSF11,378537,63571.4325,149.6373674,140.5576082,-5.6136558444,
24,Lapa sem fim cave,606,LSF11,378538,63580.60399,148.0233409,139.9032487,-5.46053466127,
24,Lapa sem fim cave,606,LSF11,378539,63590.1615,147.6102925,140.5581843,-5.55328175452,
24,Lapa sem fim cave,606,LSF11,378540,63599.40972,148.2930565,140.2824233,-5.39787051971,
24,Lapa sem fim cave,606,LSF11,378541,63608.70557,147.1835441,140.9911458,-5.16137063659,
24,Lapa sem fim cave,606,LSF11,378542,63617.761,146.4697435,140.660821,-5.25422182309,
24,Lapa sem fim cave,606,LSF11,378543,63627.10075,146.1450079,140.6524834,-5.60376698485,
24,Lapa sem fim cave,606,LSF11,378544,63636.41747,145.8585672,140.3877844,-5.50373336352,
24,Lapa sem fim cave,606,LSF11,378545,63645.37597,147.0210445,140.4867007,-5.50404564329,
24,Lapa sem fim cave,606,LSF11,378546,63654.36473,147.4924212,140.8008641,-5.55765367137,
24,Lapa sem fim cave,606,LSF11,378547,63663.24962,147.8378551,139.8080882,-5.5443297343,
24,Lapa sem fim cave,606,LSF11,378548,63672.21196,147.2654743,139.0783905,-5.53798004553,
24,Lapa sem fim cave,606,LSF11,378549,63681.32997,146.5473157,138.0758051,-5.56941620958,
24,Lapa sem fim cave,606,LSF11,378550,63690.45307,147.3320121,138.1089483,-5.45189492082,
24,Lapa sem fim cave,606,LSF11,378551,63699.56196,146.9784494,138.3820195,-5.17844193097,
24,Lapa sem fim cave,606,LSF11,378552,63708.55276,147.7567569,138.880192,-5.15293908265,
24,Lapa sem fim cave,606,LSF11,378553,63717.74217,147.4491343,139.432314,-5.24891306691,
24,Lapa sem fim cave,606,LSF11,378554,63726.75356,148.2890461,139.4814721,-5.12816488715,
24,Lapa sem fim cave,606,LSF11,378555,63736.20025,147.6132057,139.3325271,-5.04863763772,
24,Lapa sem fim cave,606,LSF11,378556,63745.24802,148.301827,139.4805189,-5.20508980512,
24,Lapa sem fim cave,606,LSF11,378557,63754.94503,146.8683919,139.6034673,-5.22226519276,
24,Lapa sem fim cave,606,LSF11,378558,63764.08542,146.5499547,138.9942181,-5.09776965569,
24,Lapa sem fim cave,606,LSF11,378559,63773.00832,147.2858556,139.7128806,-6.37741388642,
24,Lapa sem fim cave,606,LSF11,378560,63782.45464,147.2981818,140.4088663,-6.39192836372,
24,Lapa sem fim cave,606,LSF11,378561,63791.64701,147.3409064,140.1651002,-6.43609384465,
24,Lapa sem fim cave,606,LSF11,378562,63800.41148,147.9823566,140.028597,-5.57818456136,
24,Lapa sem fim cave,606,LSF11,378563,63809.15,148.3363631,139.9408678,-5.48736540339,
24,Lapa sem fim cave,606,LSF11,378564,63818.47058,148.1280945,140.4360466,-5.46590471195,
24,Lapa sem fim cave,606,LSF11,378565,63827.85917,148.5795786,141.1288608,-5.45045716111,
24,Lapa sem fim cave,606,LSF11,378566,63836.22289,149.8303315,140.0455754,-5.50975916837,
24,Lapa sem fim cave,606,LSF11,378567,63845.58313,150.4410087,140.7678275,-5.64059681375,
24,Lapa sem fim cave,606,LSF11,378568,63854.32897,151.4883828,139.6238868,-6.04544705559,
24,Lapa sem fim cave,606,LSF11,378569,63863.89977,151.5669455,139.8106792,-6.41919484608,
24,Lapa sem fim cave,606,LSF11,378570,63872.96967,152.5340772,140.5739072,-6.4783931785,
24,Lapa sem fim cave,606,LSF11,378571,63881.84544,152.8942115,141.4956026,-6.30961054246,
24,Lapa sem fim cave,606,LSF11,378572,63891.03443,153.3243157,142.6714765,-6.42271979057,
24,Lapa sem fim cave,606,LSF11,378573,63900.35669,153.2406954,143.9322218,-6.19422044792,
24,Lapa sem fim cave,606,LSF11,378574,63909.97023,153.4645348,144.0879865,-6.17866922224,
24,Lapa sem fim cave,606,LSF11,378575,63918.7918,154.6546006,143.9733678,-6.47362413596,
24,Lapa sem fim cave,606,LSF11,378576,63927.8608,154.5884739,144.85692,-6.54567814827,
24,Lapa sem fim cave,606,LSF11,378577,63936.79095,155.2332473,145.1817565,-6.50047591896,
24,Lapa sem fim cave,606,LSF11,378578,63946.03421,155.6438756,146.036425,-6.432672575,
24,Lapa sem fim cave,606,LSF11,378579,63955.42692,155.7493188,146.73594,-6.26129806802,
24,Lapa sem fim cave,606,LSF11,378580,63964.86276,156.1766598,147.4067788,-6.17638837581,
24,Lapa sem fim cave,606,LSF11,378581,63973.71386,156.6955369,147.5055272,-6.23123236504,
24,Lapa sem fim cave,606,LSF11,378582,63982.83923,157.8917906,148.9988116,-6.22687802185,
24,Lapa sem fim cave,606,LSF11,378583,63991.82732,158.8529389,149.7253797,-6.2563216758,
24,Lapa sem fim cave,606,LSF11,378584,64000.47714,160.7973948,150.948467,-6.26430463832,
24,Lapa sem fim cave,606,LSF11,378585,64010.0087,161.4211611,151.8494261,-6.27913014013,
24,Lapa sem fim cave,606,LSF11,378586,64019.32365,161.5900487,152.061485,-6.08826476363,
24,Lapa sem fim cave,606,LSF11,378587,64028.47441,161.9886049,153.1440901,-5.28862073921,
24,Lapa sem fim cave,606,LSF11,378588,64037.79699,163.3087119,154.1554161,-6.08069650047,
24,Lapa sem fim cave,606,LSF11,378589,64047.612,162.9517063,155.4982784,-6.26461566283,
24,Lapa sem fim cave,606,LSF11,378590,64056.74676,164.002941,156.0902192,-6.33604762612,
24,Lapa sem fim cave,606,LSF11,378591,64065.73955,165.0745965,156.9891663,-6.43764896722,
24,Lapa sem fim cave,606,LSF11,378592,64074.58388,167.1657393,156.7374039,-6.62301957731,
24,Lapa sem fim cave,606,LSF11,378593,64084.1586,167.786848,158.1042154,-6.43816734141,
24,Lapa sem fim cave,606,LSF11,378594,64093.33001,169.2600035,159.4137556,-6.34434161314,
24,Lapa sem fim cave,606,LSF11,378595,64102.47289,170.1023878,160.8883294,-6.15140273989,
24,Lapa sem fim cave,606,LSF11,378596,64111.72461,170.6527265,162.1688933,-6.03248770086,
24,Lapa sem fim cave,606,LSF11,378597,64120.73802,171.5190347,163.6115433,-5.83664593214,
24,Lapa sem fim cave,606,LSF11,378598,64129.52101,172.9411797,163.2865423,-5.62753378418,
24,Lapa sem fim cave,606,LSF11,378599,64148.14516,174.3235155,164.0301037,-5.96675785366,
24,Lapa sem fim cave,606,LSF11,378600,64175.80363,177.9254641,167.0142216,-5.62069124488,
24,Lapa sem fim cave,606,LSF11,378601,64185.00294,177.3462795,168.7513599,-5.33506706657,
24,Lapa sem fim cave,606,LSF11,378602,64194.98706,177.6754827,170.8417131,-5.94239426676,
24,Lapa sem fim cave,606,LSF11,378603,64204.1011,178.6673459,170.9541611,-6.16560619267,
24,Lapa sem fim cave,606,LSF11,378604,64276.38351,186.3646604,180.6031884,-6.20904594974,
24,Lapa sem fim cave,606,LSF11,378605,64360.10974,195.4399971,195.6751568,-5.62464161572,
24,Lapa sem fim cave,606,LSF11,378606,64368.69044,197.7163367,195.9911479,-5.8050410649,
24,Lapa sem fim cave,606,LSF11,378607,64377.52271,200.5470396,196.9075633,-5.82160511085,
24,Lapa sem fim cave,606,LSF11,378608,64386.81697,203.0164423,198.833798,-5.72668038597,
24,Lapa sem fim cave,606,LSF11,378609,64395.8247,205.0442463,200.9965659,-5.60191914243,
24,Lapa sem fim cave,606,LSF11,378610,64404.85988,206.8797816,202.320343,-5.74207645433,
24,Lapa sem fim cave,606,LSF11,378611,64413.98067,208.1212694,203.0017391,-5.65182363984,
24,Lapa sem fim cave,606,LSF11,378612,64423.41823,209.4772219,204.5981383,-5.48416576447,
24,Lapa sem fim cave,606,LSF11,378613,64432.98442,210.3842143,205.7143436,-5.64343543709,
24,Lapa sem fim cave,606,LSF11,378614,64442.61212,210.5780853,206.3149739,-5.80451016599,
24,Lapa sem fim cave,606,LSF11,378615,64451.99722,211.3149707,207.2606751,-5.72222083514,
24,Lapa sem fim cave,606,LSF11,378616,64461.27328,213.1717764,208.8630668,-5.53035396953,
24,Lapa sem fim cave,606,LSF11,378617,64469.81194,215.5460828,209.8735273,-5.3322224968,
24,Lapa sem fim cave,606,LSF11,378618,64478.89214,216.4991522,211.5962923,-5.2339000189,
24,Lapa sem fim cave,606,LSF11,378619,64487.89623,217.4603948,213.7007161,-5.31332249565,
24,Lapa sem fim cave,606,LSF11,378620,64497.27206,219.5960492,215.2267777,-5.30472193332,
24,Lapa sem fim cave,606,LSF11,378621,64506.81829,220.1669804,217.7516726,-5.34082305912,
24,Lapa sem fim cave,606,LSF11,378622,64516.37243,220.9728353,220.1873251,-4.78008763173,
24,Lapa sem fim cave,606,LSF11,378623,64525.72206,222.5275311,222.4962995,-5.43903935723,
24,Lapa sem fim cave,606,LSF11,378624,64535.22323,223.9306942,224.9373098,-5.97046916486,
24,Lapa sem fim cave,606,LSF11,378625,64543.94963,226.1274858,226.6035459,-5.84231016829,
24,Lapa sem fim cave,606,LSF11,378626,64552.10274,228.4979282,227.6965002,-5.76288769155,
24,Lapa sem fim cave,606,LSF11,378627,64561.30856,229.8498199,229.5270681,-5.65861914588,
24,Lapa sem fim cave,606,LSF11,378628,64570.45404,232.284624,230.5820474,-5.91812253246,
24,Lapa sem fim cave,606,LSF11,378629,64579.57364,234.5532531,231.5414294,-5.93394331994,
24,Lapa sem fim cave,606,LSF11,378630,64589.20577,235.8393424,233.2925213,-5.73039667834,
24,Lapa sem fim cave,606,LSF11,378631,64598.14476,237.6009708,234.8440275,-5.83275398794,
24,Lapa sem fim cave,606,LSF11,378632,64607.9277,238.2178021,237.3024307,-5.84369050546,
24,Lapa sem fim cave,606,LSF11,378633,64616.67053,239.6911184,238.1616689,-5.87490736129,
24,Lapa sem fim cave,606,LSF11,378634,64625.92896,240.6488433,239.360971,-5.83657646008,
24,Lapa sem fim cave,606,LSF11,378635,64635.23069,241.7312994,240.7494494,-5.67635116943,
24,Lapa sem fim cave,606,LSF11,378636,64643.85724,243.2639899,241.4489904,-5.7707449954,
24,Lapa sem fim cave,606,LSF11,378637,64653.12782,244.3695296,242.6323746,-6.02865568525,
24,Lapa sem fim cave,606,LSF11,378638,64662.21587,245.2265479,243.3714233,-5.94817141069,
24,Lapa sem fim cave,606,LSF11,378639,64670.58517,247.4756142,243.9142849,-6.23241468642,
24,Lapa sem fim cave,606,LSF11,378640,64680.07324,248.5027377,246.2281137,-6.02833714591,
24,Lapa sem fim cave,606,LSF11,378641,64688.84451,250.4022926,247.7396931,-5.7893264572,
24,Lapa sem fim cave,606,LSF11,378642,64697.88607,252.9459386,249.9748351,-5.82468432452,
24,Lapa sem fim cave,606,LSF11,378643,64706.61992,255.2597735,251.4867468,-6.00657029065,
24,Lapa sem fim cave,606,LSF11,378644,64715.61115,256.8710363,252.6465666,-6.03438939347,
24,Lapa sem fim cave,606,LSF11,378645,64725.10864,257.6907461,254.401356,-6.07303883402,
24,Lapa sem fim cave,606,LSF11,378646,64734.31626,258.8003296,257.0465332,-6.00434051523,
24,Lapa sem fim cave,606,LSF11,378647,64743.23954,260.6763287,259.2725337,-5.89932871109,
24,Lapa sem fim cave,606,LSF11,378648,64751.97254,262.5055152,260.6612163,-5.95963882712,
24,Lapa sem fim cave,606,LSF11,378649,64761.00459,263.9293005,262.2080868,-5.85568882079,
24,Lapa sem fim cave,606,LSF11,378650,64770.38025,265.9071545,264.0605246,-5.71383263238,
24,Lapa sem fim cave,606,LSF11,378651,64779.85289,267.8659286,265.7434513,-5.74738544341,
24,Lapa sem fim cave,606,LSF11,378652,64789.43534,269.4237465,267.5361924,-5.7806197151,
24,Lapa sem fim cave,606,LSF11,378653,64798.58581,271.3316718,268.8969489,-5.69588824927,
24,Lapa sem fim cave,606,LSF11,378654,64807.78068,273.1951999,270.2407876,-6.03385849456,
24,Lapa sem fim cave,606,LSF11,378655,64817.2369,274.821374,271.8293603,-5.59820285006,
24,Lapa sem fim cave,606,LSF11,378658,70723.44308,389.9669545,392.9923646,-3.50379093346,
24,Lapa sem fim cave,606,LSF11,378659,70741.06917,385.6883417,388.5512523,-3.52086105427,
24,Lapa sem fim cave,606,LSF11,378660,70758.57009,383.9331187,383.9381331,-3.76607793951,
24,Lapa sem fim cave,606,LSF11,378661,70776.69916,379.6422538,381.1311843,-3.70853016694,
24,Lapa sem fim cave,606,LSF11,378662,70793.88812,375.1357308,374.6014381,-3.68430490567,
24,Lapa sem fim cave,606,LSF11,378663,70811.94786,370.4033322,371.0621835,-3.65558212753,
24,Lapa sem fim cave,606,LSF11,378664,70827.2551,368.2107718,366.3245664,-3.52270094753,
24,Lapa sem fim cave,606,LSF11,378665,70843.40317,366.956144,359.033666,-3.50747071998,
24,Lapa sem fim cave,606,LSF11,378666,70860.04419,364.0640832,353.8295814,-3.58903932124,
24,Lapa sem fim cave,606,LSF11,378667,70877.56425,361.3027613,350.3249814,-3.27911952297,
24,Lapa sem fim cave,606,LSF11,378668,70895.94609,357.1090159,347.1771331,-3.39063749788,
24,Lapa sem fim cave,606,LSF11,378669,70913.83801,353.2074296,342.6593223,-3.72284044787,
24,Lapa sem fim cave,606,LSF11,378670,70932.37247,345.5905889,338.7957676,-3.56573400659,
24,Lapa sem fim cave,606,LSF11,378671,70949.5139,341.384419,335.3052171,-3.77200648446,
24,Lapa sem fim cave,606,LSF11,378672,70966.9261,339.5866783,331.8198057,-3.76382918108,
24,Lapa sem fim cave,606,LSF11,378673,70984.59687,337.1666385,328.0051549,-3.7516654423,
24,Lapa sem fim cave,606,LSF11,378674,71001.42018,335.0310953,323.3316189,-3.6546621809,
24,Lapa sem fim cave,606,LSF11,378675,71018.23507,332.7688324,319.0766467,-3.51023055987,
24,Lapa sem fim cave,606,LSF11,378676,71037.16491,327.7955182,316.3140867,-3.65343558539,
24,Lapa sem fim cave,606,LSF11,378677,71054.45264,323.375613,315.4038423,-3.65660429045,
24,Lapa sem fim cave,606,LSF11,378678,71071.1979,321.253512,312.7225828,-3.61367344768,
24,Lapa sem fim cave,606,LSF11,378679,71088.47087,319.1016497,306.9390172,-3.51493250932,
24,Lapa sem fim cave,606,LSF11,378680,71106.16403,314.8782634,303.5904012,-3.59731884092,
24,Lapa sem fim cave,606,LSF11,378681,71123.43836,311.8692133,300.2516295,-3.16770376436,
24,Lapa sem fim cave,606,LSF11,378682,71142.25896,307.4933757,298.3121254,-3.62655270051,
24,Lapa sem fim cave,606,LSF11,378683,71160.4136,305.8637211,294.5649177,-3.59813657125,
24,Lapa sem fim cave,606,LSF11,378684,71176.82823,304.8074452,291.3999058,-3.25714302013,
24,Lapa sem fim cave,606,LSF11,378685,71195.45916,302.2262549,289.8863879,-3.80164920923,
24,Lapa sem fim cave,606,LSF11,378686,71213.23872,301.9541444,288.2802939,-3.56972044199,
24,Lapa sem fim cave,606,LSF11,378687,71228.819,301.3705832,286.6174311,-3.62573497018,
24,Lapa sem fim cave,606,LSF11,378688,71245.54965,298.746645,285.4738677,-3.57544455436,
24,Lapa sem fim cave,606,LSF11,378689,71262.82338,295.6549479,284.1746,-3.34770665511,
24,Lapa sem fim cave,606,LSF11,378690,71280.41614,294.9580695,282.9888421,-3.36058590794,
24,Lapa sem fim cave,606,LSF11,378691,71299.26314,292.0839459,284.4716119,-3.42549325355,
24,Lapa sem fim cave,606,LSF11,378692,71317.53942,292.9390709,284.4876268,-3.95701797353,
24,Lapa sem fim cave,606,LSF11,378693,71336.19233,289.3202888,284.6929055,-3.93422374035,
24,Lapa sem fim cave,606,LSF11,378694,71369.71869,289.2201988,281.0782819,-3.95466699881,
24,Lapa sem fim cave,606,LSF11,378695,71387.29735,286.1364657,280.5664325,-3.85367730201,
24,Lapa sem fim cave,606,LSF11,378696,71405.70512,285.4514201,282.0256365,-3.4607578744,
24,Lapa sem fim cave,606,LSF11,378697,71424.66539,283.832379,281.6331317,-3.98512745392,
24,Lapa sem fim cave,606,LSF11,378698,71442.60387,280.9294112,284.066021,-3.96867063086,
24,Lapa sem fim cave,606,LSF11,378699,71460.16585,277.9796903,285.1509379,-3.69207334388,
24,Lapa sem fim cave,606,LSF11,378700,71477.94474,276.3171239,282.8049533,-3.70290827087,
24,Lapa sem fim cave,606,LSF11,378701,71495.92468,275.9069136,282.6464025,-3.70229497311,
24,Lapa sem fim cave,606,LSF11,378702,71514.40994,277.3359907,287.4417612,-3.79561844799,
24,Lapa sem fim cave,606,LSF11,378703,71531.10537,280.2787334,285.7257994,-3.71496979336,
24,Lapa sem fim cave,606,LSF11,378704,71548.00326,282.8867086,287.1386815,-4.29842038983,
24,Lapa sem fim cave,606,LSF11,378705,71566.57989,286.0017262,289.5445271,-4.39256159504,
24,Lapa sem fim cave,606,LSF11,378706,71584.44867,286.8724909,294.0112169,-3.74410143666,
24,Lapa sem fim cave,606,LSF11,378707,71603.11675,284.8391599,294.0668263,-3.6772519815,
24,Lapa sem fim cave,606,LSF11,378708,71620.14464,290.762554,295.4701181,-3.64842698707,
24,Lapa sem fim cave,606,LSF11,378709,71637.07379,296.5587891,296.7701209,-3.19284897227,
24,Lapa sem fim cave,606,LSF11,378710,71654.7992,297.5443854,296.7972705,-3.19213345822,
24,Lapa sem fim cave,606,LSF11,378711,71671.51739,299.9960252,297.3759744,-3.04729297203,
24,Lapa sem fim cave,606,LSF11,378712,71690.44958,299.1951159,298.8537602,-3.06068330632,
24,Lapa sem fim cave,606,LSF11,378713,71706.84622,301.7408829,298.7599514,-3.70689470627,
24,Lapa sem fim cave,606,LSF11,378714,71723.22172,304.5695902,300.3066649,-3.73050666979,
24,Lapa sem fim cave,606,LSF11,378715,71739.73034,306.1758051,301.706447,-3.76628237209,
24,Lapa sem fim cave,606,LSF11,378716,71756.68862,310.4974721,303.0042494,-3.78406800696,
24,Lapa sem fim cave,606,LSF11,378717,71774.58891,310.1482135,305.7386027,-3.53588684924,
24,Lapa sem fim cave,606,LSF11,378718,71792.30727,311.0063275,306.7688262,-3.82352349579,
24,Lapa sem fim cave,606,LSF11,378719,71808.13162,315.3664648,306.4025072,-3.9189935128,
24,Lapa sem fim cave,606,LSF11,378720,71824.68461,317.7038537,306.6795755,-3.90052212774,
24,Lapa sem fim cave,606,LSF11,378721,71840.96257,322.8578066,310.8205866,-3.684251311,
24,Lapa sem fim cave,606,LSF11,378722,71859.14041,325.4962119,314.1406466,-3.87267215936,
24,Lapa sem fim cave,606,LSF11,378723,71876.4208,329.0959487,317.2571352,-3.80340428928,
24,Lapa sem fim cave,606,LSF11,378724,71893.76529,333.2992915,322.4189895,-3.72577122724,
24,Lapa sem fim cave,606,LSF11,378725,71910.05443,340.1501242,326.0669204,-3.87767087163,
24,Lapa sem fim cave,606,LSF11,378726,71926.60916,344.7328021,329.3169963,-3.80340428928,
24,Lapa sem fim cave,606,LSF11,378727,71943.57301,351.6667728,334.8699213,-3.98519419278,
24,Lapa sem fim cave,606,LSF11,378728,71960.22381,358.2360198,337.9593974,-3.96703560534,
24,Lapa sem fim cave,606,LSF11,378729,71978.43315,361.4885505,340.1050975,-3.49368815739,
24,Lapa sem fim cave,606,LSF11,378730,71995.72611,363.0051376,341.9066523,-3.10378860006,
24,Lapa sem fim cave,606,LSF11,378731,72012.29106,368.6163186,344.2141289,-3.1518374466,
24,Lapa sem fim cave,606,LSF11,378732,72030.30662,373.6045009,346.5666155,-3.3454610363,
24,Lapa sem fim cave,606,LSF11,378733,72048.87349,376.3932523,350.2326695,-4.05670638265,
24,Lapa sem fim cave,606,LSF11,378734,72065.3983,380.9358496,352.2308498,-3.97529878277,
24,Lapa sem fim cave,606,LSF11,378735,72082.60255,386.5256872,355.8306427,-3.7828993675,
24,Lapa sem fim cave,606,LSF11,378736,72099.91874,391.054868,359.0996658,-3.74066534952,
24,Lapa sem fim cave,606,LSF11,378737,72116.33276,397.2677253,363.4964334,-3.37249488839,
24,Lapa sem fim cave,606,LSF11,378738,72132.37533,398.3652777,366.8194077,-3.20835349966,
24,Lapa sem fim cave,606,LSF11,378739,72150.11641,401.9558393,367.9399252,-4.6039123548,
24,Lapa sem fim cave,606,LSF11,378740,72168.71171,405.5447263,371.5362549,-4.15770077348,
24,Lapa sem fim cave,606,LSF11,378741,72186.21232,408.7951571,375.0373926,-4.34908004339,
24,Lapa sem fim cave,606,LSF11,378742,72203.39077,410.6207526,383.454741,-4.52750346719,
24,Lapa sem fim cave,606,LSF11,378743,72219.99898,414.2962622,385.1641655,-4.37417561929,
24,Lapa sem fim cave,607,LSF9,378744,76888.46367,233.2897127,235.0840979,-5.06789694987,
24,Lapa sem fim cave,607,LSF9,378745,76906.97045,228.5294523,229.5855836,-4.79301339382,
24,Lapa sem fim cave,607,LSF9,378746,76925.37339,226.2733924,227.4708268,-5.16571772243,
24,Lapa sem fim cave,607,LSF9,378747,76944.1554,222.2854235,225.9578402,-5.13779825744,
24,Lapa sem fim cave,607,LSF9,378748,76961.85616,220.036736,223.2822783,-4.7881890745,
24,Lapa sem fim cave,607,LSF9,378749,76980.0238,217.0821138,219.2195359,-4.96463598744,
24,Lapa sem fim cave,607,LSF9,378750,76998.2994,214.0062686,215.4796297,-6.02085398286,
24,Lapa sem fim cave,607,LSF9,378751,77016.87374,210.7804544,211.6245584,-5.56408332401,
24,Lapa sem fim cave,607,LSF9,378752,77035.98125,208.3294422,208.9266889,-5.399851177,
24,Lapa sem fim cave,607,LSF9,378753,77053.72643,206.5171327,207.6056193,-5.64968933063,
24,Lapa sem fim cave,607,LSF9,378754,77071.46187,203.7810158,205.3572829,-5.72872605138,
24,Lapa sem fim cave,607,LSF9,378755,77089.97871,201.1382069,200.8889868,-5.69947220019,
24,Lapa sem fim cave,607,LSF9,378756,77108.97062,198.0055498,199.8904197,-5.0358716812,
24,Lapa sem fim cave,607,LSF9,378757,77126.82111,197.7180404,197.3777,-5.92949985109,
24,Lapa sem fim cave,607,LSF9,378758,77144.78449,196.6539016,194.3940909,-6.1542926023,
24,Lapa sem fim cave,607,LSF9,378759,77163.21247,195.6411021,192.3576256,-6.0873680024,
24,Lapa sem fim cave,607,LSF9,378760,77180.10929,196.0887918,188.8931256,-6.0709447877,
24,Lapa sem fim cave,607,LSF9,378761,77198.65403,195.2592225,186.3467975,-5.89891161371,
24,Lapa sem fim cave,607,LSF9,378762,77217.38275,193.6787021,186.1989766,-5.86832337633,
24,Lapa sem fim cave,607,LSF9,378763,77235.39485,194.6740113,183.5183129,-6.40916036543,
24,Lapa sem fim cave,607,LSF9,378764,77254.03782,195.8496301,184.1524571,-5.66200674166,
24,Lapa sem fim cave,607,LSF9,378765,77272.1024,194.8126224,183.1078395,-5.47591119008,
24,Lapa sem fim cave,607,LSF9,378766,77291.10643,194.9933577,184.7472875,-5.90014335481,
24,Lapa sem fim cave,607,LSF9,378767,77309.5538,194.7798962,182.6482683,-5.44840230546,
24,Lapa sem fim cave,607,LSF9,378768,77327.9284,194.1055014,181.2001192,-5.35242914455,
24,Lapa sem fim cave,607,LSF9,378769,77346.26149,192.7563987,183.9354573,-5.09499525412,
24,Lapa sem fim cave,607,LSF9,378770,77364.62212,191.6637007,184.5179489,-4.79876151896,
24,Lapa sem fim cave,607,LSF9,378771,77381.40598,193.240611,182.60329,-5.70891554864,
24,Lapa sem fim cave,607,LSF9,378772,77400.27039,194.8090398,185.259788,-5.41771142299,
24,Lapa sem fim cave,607,LSF9,378773,77417.8897,196.1812247,186.1220702,-5.4466573389,
24,Lapa sem fim cave,607,LSF9,378774,77436.22971,196.1560348,187.7048377,-4.93014723657,
24,Lapa sem fim cave,607,LSF9,378775,77454.41707,197.6811857,190.0177002,-5.05445044283,
24,Lapa sem fim cave,607,LSF9,378776,77471.63261,200.3410138,192.7453884,-5.4554848168,
24,Lapa sem fim cave,607,LSF9,378777,77489.06848,201.3534961,194.9373472,-5.48792066583,
24,Lapa sem fim cave,607,LSF9,378778,77507.88743,203.372395,197.0642093,-5.76988673322,
24,Lapa sem fim cave,607,LSF9,378779,77525.7933,205.4267627,196.8886772,-5.88874974961,
24,Lapa sem fim cave,607,LSF9,378780,77544.50375,207.2731286,200.1765428,-4.93271336387,
24,Lapa sem fim cave,607,LSF9,378781,77563.90237,209.2718498,202.796586,-5.77337666634,
24,Lapa sem fim cave,607,LSF9,378782,77581.59047,211.7666173,204.8505267,-5.04901025296,
24,Lapa sem fim cave,607,LSF9,378783,77600.26461,212.4368786,207.0324324,-4.37771135208,
24,Lapa sem fim cave,607,LSF9,378784,77618.00322,215.3107887,208.4462533,-4.9701788224,
24,Lapa sem fim cave,607,LSF9,378785,77637.06838,216.2193123,210.6655641,-4.56113813127,
24,Lapa sem fim cave,607,LSF9,378786,77655.17026,217.9312443,211.8638318,-4.65433987469,
24,Lapa sem fim cave,607,LSF9,378787,77673.7094,220.3684113,214.8253708,-4.2789667737,
24,Lapa sem fim cave,607,LSF9,378788,77693.15858,221.9688217,216.6775024,-4.99317132298,
24,Lapa sem fim cave,607,LSF9,378789,77711.71151,223.4617575,219.0316217,-4.62837066645,
24,Lapa sem fim cave,607,LSF9,378790,77730.41137,225.1195894,222.2204826,-4.25946420624,
24,Lapa sem fim cave,607,LSF9,378791,77748.59787,228.0158618,225.7018723,-3.91047089385,
24,Lapa sem fim cave,607,LSF9,378792,77767.45652,231.8214969,227.4894508,-4.37186058184,
24,Lapa sem fim cave,607,LSF9,378793,77786.3254,232.905908,232.3351816,-4.85193167656,
24,Lapa sem fim cave,607,LSF9,378794,77804.98645,233.2423622,236.4891397,-4.87738765934,
24,Lapa sem fim cave,607,LSF9,378795,77823.85375,237.596214,241.7097564,-4.66634935044,
24,Lapa sem fim cave,607,LSF9,378796,77842.45286,239.5578883,244.9778889,-4.56996560917,
24,Lapa sem fim cave,607,LSF9,378797,77859.92942,245.6440449,247.1979261,-3.96784950021,
24,Lapa sem fim cave,607,LSF9,378798,77877.62716,246.7799497,248.8552456,-3.93777448829,
24,Lapa sem fim cave,607,LSF9,378799,77895.98131,251.4614379,252.6369462,-4.15271331069,
24,Lapa sem fim cave,607,LSF9,378800,77914.63382,256.4933742,256.908782,-4.75493206473,
24,Lapa sem fim cave,607,LSF9,378801,77933.57711,261.2960345,257.6180555,-4.63925104619,
24,Lapa sem fim cave,607,LSF9,378802,77952.09507,265.190181,261.1018644,-4.22600190629,
24,Lapa sem fim cave,607,LSF9,378803,77969.24492,270.594695,267.9208886,-4.64068807747,
24,Lapa sem fim cave,607,LSF9,378804,77985.44705,276.3089249,272.5109402,-4.91895892155,
24,Lapa sem fim cave,607,LSF9,378805,78004.62945,279.9762584,276.3357144,-4.50570978165,
24,Lapa sem fim cave,607,LSF9,378806,78022.49386,283.2609823,278.955307,-4.53110684415,
24,Lapa sem fim cave,607,LSF9,378807,78040.16259,287.4654229,281.2314333,-4.79256744724,
24,Lapa sem fim cave,607,LSF9,378808,78058.29688,292.3574726,289.3602415,-4.9562344655,
24,Lapa sem fim cave,607,LSF9,378809,78077.07177,295.5849799,297.2452466,-4.94515390339,
24,Lapa sem fim cave,607,LSF9,378810,78095.44388,299.2152601,298.7793974,-3.58956403474,
24,Lapa sem fim cave,607,LSF9,378811,78113.10746,303.7361797,304.3334138,-4.3223043252,
24,Lapa sem fim cave,607,LSF9,378812,78131.91028,306.8976178,308.9297492,-4.5364946404,
24,Lapa sem fim cave,607,LSF9,378813,78150.018,310.6407467,315.2588079,-5.12793234988,
24,Lapa sem fim cave,607,LSF9,378814,78169.13214,313.3671094,322.8823367,-4.79531217363,
24,Lapa sem fim cave,607,LSF9,378815,78187.09771,316.7058253,327.8987929,-5.15619286607,
24,Lapa sem fim cave,607,LSF9,378816,78203.25024,320.9596679,329.9346388,-5.1596491882,
24,Lapa sem fim cave,607,LSF9,378817,78222.51122,313.8493064,325.4852469,-5.38004055192,
24,Lapa sem fim cave,607,LSF9,378818,78240.03212,310.8882264,316.6292266,-4.19065911486,
24,Lapa sem fim cave,607,LSF9,378819,78258.49381,306.9385391,311.8303978,-4.95765765696,
24,Lapa sem fim cave,607,LSF9,378820,78277.5144,299.9319136,309.2293735,-4.32342254706,
24,Lapa sem fim cave,607,LSF9,378821,78295.73195,295.8846914,304.7505401,-4.19604691111,
24,Lapa sem fim cave,607,LSF9,378822,78314.42899,290.5928876,301.2874316,-4.20712747321,
24,Lapa sem fim cave,607,LSF9,378823,78334.13619,286.0291675,299.7871241,-4.87053800811,
24,Lapa sem fim cave,607,LSF9,378824,78353.30918,280.6346635,299.7065584,-5.20234493209,
24,Lapa sem fim cave,607,LSF9,378825,78371.24271,277.5463849,294.0880778,-4.63550810362,
24,Lapa sem fim cave,607,LSF9,378826,78389.89005,273.4148554,290.0634203,-4.5503199289,
24,Lapa sem fim cave,607,LSF9,378827,78409.30621,267.9998311,289.5023816,-4.0110320209,
24,Lapa sem fim cave,607,LSF9,378828,78427.19974,262.7343955,289.3870834,-4.32474408199,
24,Lapa sem fim cave,607,LSF9,378829,78445.11715,261.2412837,284.7536786,-4.01438668649,
24,Lapa sem fim cave,607,LSF9,378830,78463.29375,259.9397856,283.0794115,-4.78463823766,
24,Lapa sem fim cave,607,LSF9,378831,78482.65366,254.3122833,281.2941853,-4.57359927498,
24,Lapa sem fim cave,607,LSF9,378832,78500.33153,252.3739253,275.9582143,-3.17876998455,
24,Lapa sem fim cave,607,LSF9,378833,78519.91737,248.2955655,273.8737369,-5.44825208562,
24,Lapa sem fim cave,607,LSF9,378834,78539.09882,246.0660194,270.693204,-4.40545936926,
24,Lapa sem fim cave,607,LSF9,378835,78556.62476,243.6999499,267.6670224,-4.14836999709,
24,Lapa sem fim cave,607,LSF9,378836,78575.165,240.7142454,264.4755735,-4.1846613794,
24,Lapa sem fim cave,607,LSF9,378837,78593.99606,237.4939171,262.6331579,-4.79114425577,
24,Lapa sem fim cave,607,LSF9,378838,78611.21541,237.6723644,257.1660346,-2.96193659949,
24,Lapa sem fim cave,607,LSF9,378839,78629.61464,235.974601,253.5303079,-4.27218765439,
24,Lapa sem fim cave,607,LSF9,378840,78648.82826,232.4665451,248.7976668,-3.56343830574,
24,Lapa sem fim cave,607,LSF9,378841,78667.48558,230.7225163,249.2358698,-4.68918275309,
24,Lapa sem fim cave,607,LSF9,378842,78685.27644,231.8746353,248.9103798,-4.43900602518,
24,Lapa sem fim cave,607,LSF9,378843,78702.98579,231.3196442,248.2736945,-3.95735737143,
24,Lapa sem fim cave,607,LSF9,378844,78721.79132,229.6635898,247.4482334,-3.97931518258,
24,Lapa sem fim cave,607,LSF9,378845,78739.24376,228.7471883,246.5317242,-4.28835104315,
24,Lapa sem fim cave,607,LSF9,378846,78775.91977,229.9309685,246.5686061,-4.93915616794,
24,Lapa sem fim cave,607,LSF9,378847,78795.17832,230.3671306,247.6453927,-4.74580544202,
24,Lapa sem fim cave,607,LSF9,378848,78812.76699,232.3422391,243.6042648,-4.60694261783,
24,Lapa sem fim cave,607,LSF9,378849,78831.04691,233.6276567,243.5071233,-4.9285838885,
24,Lapa sem fim cave,607,LSF9,378850,78849.28439,234.0190023,246.3342872,-4.29007920421,
24,Lapa sem fim cave,607,LSF9,378851,78867.99833,237.9144175,249.719377,-3.89798995611,
24,Lapa sem fim cave,607,LSF9,378852,78886.07992,237.9234288,252.6286186,-4.03298983204,
24,Lapa sem fim cave,607,LSF9,378853,78905.19255,237.6431433,253.0736892,-4.10008314388,
24,Lapa sem fim cave,607,LSF9,378854,78922.69894,242.7899941,254.0608096,-4.65563609717,
24,Lapa sem fim cave,607,LSF9,378855,78941.76595,244.1470687,258.8813661,-4.86657340332,
24,Lapa sem fim cave,607,LSF9,378856,78959.09397,249.4585715,259.081075,-5.10882092166,
24,Lapa sem fim cave,607,LSF9,378857,78978.31122,250.3939087,259.731213,-4.85203651909,
24,Lapa sem fim cave,607,LSF9,378858,78995.69542,254.78493,264.6672686,-4.46879138937,
24,Lapa sem fim cave,607,LSF9,378859,79013.44785,259.3493546,266.7668789,-4.39915666421,
24,Lapa sem fim cave,607,LSF9,378860,79030.49262,263.0876622,267.1680246,-4.02851694459,
24,Lapa sem fim cave,607,LSF9,378861,79049.17435,265.7934816,271.1114154,-5.49633562577,
24,Lapa sem fim cave,607,LSF9,378862,79066.88306,270.7684147,273.8175876,-5.53598167367,
24,Lapa sem fim cave,607,LSF9,378863,79084.76808,277.6495783,280.1874329,-5.24249926266,
24,Lapa sem fim cave,607,LSF9,378864,79102.37618,282.0898693,283.3882336,-5.08594820171,
24,Lapa sem fim cave,607,LSF9,378865,79122.11155,284.8038293,289.7754715,-5.28123040176,
24,Lapa sem fim cave,607,LSF9,378866,79140.35212,289.2314733,292.4501524,-4.79439726483,
24,Lapa sem fim cave,607,LSF9,378867,79176.76242,298.8128689,301.8728473,-4.99303413047,
24,Lapa sem fim cave,607,LSF9,378868,79195.25244,302.986565,307.0999196,-4.5413361891,
24,Lapa sem fim cave,607,LSF9,378869,79213.75943,309.4004077,311.8818512,-4.54073394187,
24,Lapa sem fim cave,607,LSF9,378870,79232.88198,313.7794825,313.9778094,-4.42680883998,
24,Lapa sem fim cave,607,LSF9,378871,79251.73645,318.5174824,318.7835643,-4.11323877982,
24,Lapa sem fim cave,607,LSF9,378872,79268.7809,324.686575,322.2907425,-4.03283877399,
24,Lapa sem fim cave,607,LSF9,378873,79286.65468,328.5915594,326.5285227,-3.95615262612,
24,Lapa sem fim cave,607,LSF9,378874,79305.0322,332.5526589,327.4400005,-3.84734662572,
24,Lapa sem fim cave,607,LSF9,378875,79323.32341,335.4158098,332.3256022,-4.13602380019,
24,Lapa sem fim cave,607,LSF9,378876,79343.4719,339.1877177,338.5402411,-4.1714560125,
24,Lapa sem fim cave,607,LSF9,378877,79363.45777,343.7571885,342.9918285,-5.06940663934,
24,Lapa sem fim cave,607,LSF9,378878,79382.29095,347.4032094,346.7156199,-4.79558489666,
24,Lapa sem fim cave,607,LSF9,378879,79400.60622,353.4499293,351.7166892,-4.82579763293,
24,Lapa sem fim cave,607,LSF9,378880,79417.9241,359.9905136,354.0331224,-4.69189799776,
24,Lapa sem fim cave,607,LSF9,378881,79436.42292,366.3039665,358.6968118,-4.37973318114,
24,Lapa sem fim cave,607,LSF9,378882,79453.63617,372.2033646,363.8145531,-4.06515937558,
24,Lapa sem fim cave,607,LSF9,378883,79471.74938,377.1294174,366.970115,-4.16754140547,
24,Lapa sem fim cave,607,LSF9,378884,79489.77507,381.0334283,370.5221757,-5.30398193723,
24,Lapa sem fim cave,607,LSF9,378885,79508.74908,386.7463249,377.1630514,-5.25098418058,
24,Lapa sem fim cave,607,LSF9,378886,79527.01977,391.6870635,382.7050004,-5.07703510431,
24,Lapa sem fim cave,607,LSF9,378887,79544.24166,384.5909884,374.7987447,-5.08697218368,
24,Lapa sem fim cave,607,LSF9,378888,79560.53313,379.089436,364.1377773,-4.71699163254,
24,Lapa sem fim cave,607,LSF9,378889,79578.14482,371.041647,360.9600713,-5.18373323938,
24,Lapa sem fim cave,607,LSF9,378890,79596.48179,363.2074067,357.2680303,-5.28892575637,
24,Lapa sem fim cave,607,LSF9,378891,79615.75654,355.5941837,356.7531897,-5.53735274065,
24,Lapa sem fim cave,607,LSF9,378892,79632.28625,350.5755538,351.627235,-5.00928229042,
24,Lapa sem fim cave,607,LSF9,378893,79650.43731,343.5329763,346.9010019,-5.01068753396,
24,Lapa sem fim cave,607,LSF9,378894,79669.02413,334.7553594,341.4980392,-4.89114145789,
24,Lapa sem fim cave,607,LSF9,378895,79687.08423,328.479649,338.7516511,-4.30023654617,
24,Lapa sem fim cave,607,LSF9,378896,79703.52475,322.0038949,335.6926727,-3.95514888072,
24,Lapa sem fim cave,607,LSF9,378897,79721.50412,319.1377355,329.6430062,-4.11514589606,
24,Lapa sem fim cave,607,LSF9,378898,79737.84796,315.4903421,322.7434543,-4.52648075732,
24,Lapa sem fim cave,607,LSF9,378899,79755.51326,310.2012465,316.4954521,-4.48050921841,
24,Lapa sem fim cave,607,LSF9,378900,79773.50418,305.1050245,313.5853335,-3.97833539926,
24,Lapa sem fim cave,607,LSF9,378901,79790.25342,300.0704803,309.2635377,-4.19745301813,
24,Lapa sem fim cave,607,LSF9,378902,79808.85511,295.9886689,308.8782734,-4.92948453183,
24,Lapa sem fim cave,607,LSF9,378903,79826.69606,290.4956424,306.0126248,-4.89636093392,
24,Lapa sem fim cave,607,LSF9,378904,79844.90108,282.6921667,302.9405687,-4.44999535852,
24,Lapa sem fim cave,607,LSF9,378905,79861.80579,280.6715166,298.6570309,-4.68888676159,
24,Lapa sem fim cave,607,LSF9,378906,79880.33386,281.8923756,297.9428474,-4.75142009945,
24,Lapa sem fim cave,607,LSF9,378907,79898.02922,277.0244501,295.1469823,-4.89716393023,
24,Lapa sem fim cave,607,LSF9,378908,79916.31948,274.8195097,294.3765375,-4.88602235639,
24,Lapa sem fim cave,607,LSF9,378909,79933.20886,276.6918228,291.9568502,-4.31770171598,
24,Lapa sem fim cave,607,LSF9,378910,79950.44984,273.4616847,289.8052136,-4.56793544197,
24,Lapa sem fim cave,607,LSF9,378911,79968.09889,272.3682436,287.2066399,-4.02119532746,
24,Lapa sem fim cave,607,LSF9,378912,79984.90773,270.7809793,288.0266522,-4.14335114155,
24,Lapa sem fim cave,607,LSF9,378913,80001.82748,269.1923871,285.0974123,-5.5438770857,
24,Lapa sem fim cave,607,LSF9,378914,80017.69892,270.9742253,284.9428989,-5.40796995975,
24,Lapa sem fim cave,607,LSF9,378915,80035.3486,268.180868,284.1334877,-5.27176171018,
24,Lapa sem fim cave,607,LSF9,378916,80052.17369,270.5865848,284.5000457,-4.94383809092,
24,Lapa sem fim cave,607,LSF9,378917,80068.75537,268.1768035,285.1488105,-4.4201841204,
24,Lapa sem fim cave,607,LSF9,378918,80088.60695,265.75497,287.9239491,-4.69932571366,
24,Lapa sem fim cave,607,LSF9,378919,80107.01009,268.9293538,288.093571,-4.87106655007,
24,Lapa sem fim cave,607,LSF9,378920,80124.02827,270.049887,289.4419253,-4.90710100961,
24,Lapa sem fim cave,607,LSF9,378921,80141.88081,272.7108152,289.2243342,-4.8698620556,
24,Lapa sem fim cave,607,LSF9,378922,80158.61996,275.5921871,291.9020856,-4.02229944739,
24,Lapa sem fim cave,607,LSF9,378923,80177.95253,277.9268032,295.2427618,-4.78494519551,
24,Lapa sem fim cave,607,LSF9,378924,80195.19074,278.9917908,296.9680861,-4.52688225547,
24,Lapa sem fim cave,607,LSF9,378925,80213.59195,281.6656745,300.2609269,-4.62384406025,
24,Lapa sem fim cave,607,LSF9,378926,80230.3177,285.1422557,300.8482874,-4.79608676935,
24,Lapa sem fim cave,607,LSF9,378927,80247.18213,289.9661664,305.8399935,-4.36357288035,
24,Lapa sem fim cave,607,LSF9,378928,80264.25467,291.4420193,309.7391732,-5.09640739036,
24,Lapa sem fim cave,607,LSF9,378929,80280.73137,297.3898997,307.6943544,-4.59704405831,
24,Lapa sem fim cave,607,LSF9,378930,80299.01268,298.6083279,310.7789496,-4.57486128517,
24,Lapa sem fim cave,607,LSF9,378931,80316.74487,301.4864332,312.8334632,-4.4920522904,
24,Lapa sem fim cave,607,LSF9,378932,80332.95704,308.029581,317.0421634,-4.2215611725,
24,Lapa sem fim cave,607,LSF9,378933,80349.71232,312.636129,323.5659862,-4.68546164514,
24,Lapa sem fim cave,607,LSF9,378934,80367.48434,318.4318354,326.143452,-3.8861398739,
24,Lapa sem fim cave,607,LSF9,378935,80386.48242,321.4060833,330.33469,-4.83217590063,
24,Lapa sem fim cave,607,LSF9,378936,80402.50948,332.8335201,335.7463198,-4.13236557399,
24,Lapa sem fim cave,607,LSF9,378937,80419.73767,338.9112196,343.2762253,-3.88113825155,
24,Lapa sem fim cave,607,LSF9,378938,80436.09494,347.5338711,348.1312452,-4.28679066394,
24,Lapa sem fim cave,607,LSF9,378939,80452.68772,352.687937,354.8277024,-4.41683284495,
24,Lapa sem fim cave,607,LSF9,378940,80469.45981,359.0121627,357.9377068,-4.57782256422,
24,Lapa sem fim cave,607,LSF9,378941,80486.95474,366.8980969,364.0513771,-4.05525722949,
24,Lapa sem fim cave,607,LSF9,378942,80504.74994,373.2924153,368.787443,-4.55573206553,
24,Lapa sem fim cave,607,LSF9,378943,80521.50545,382.2141068,372.8137994,-4.81790043685,
24,Lapa sem fim cave,607,LSF9,378944,80537.68472,378.9694046,370.4118303,-4.80070736004,
24,Lapa sem fim cave,607,LSF9,378945,80554.86676,376.5170388,369.1959623,-4.5334331659,
24,Lapa sem fim cave,607,LSF9,378946,80571.74329,373.3954129,367.1502177,-4.52843154355,
24,Lapa sem fim cave,607,LSF9,378947,80588.84457,369.4537584,366.4334832,-4.4804993294,
24,Lapa sem fim cave,607,LSF9,378948,80604.63571,367.3026833,362.9938382,-4.64034284355,
24,Lapa sem fim cave,607,LSF9,378949,80622.22842,361.1219957,360.1395158,-4.82842468387,
24,Lapa sem fim cave,607,LSF9,378950,80639.53823,358.9653047,359.4538166,-4.56385970184,
24,Lapa sem fim cave,607,LSF9,378951,80655.42101,355.7038147,356.7348287,-4.49581679783,
24,Lapa sem fim cave,607,LSF9,378952,80671.44375,355.3573524,351.5993581,-4.85207818955,
24,Lapa sem fim cave,607,LSF9,378953,80687.87822,354.7132403,349.4681517,-4.0754721198,
24,Lapa sem fim cave,607,LSF9,378954,80705.35378,352.3309494,349.9769019,-3.96939604587,
24,Lapa sem fim cave,607,LSF9,378955,80722.44565,348.3659746,346.741649,-4.50988386068,
24,Lapa sem fim cave,607,LSF9,378956,80738.72493,346.7710855,344.4877609,-5.2735690727,
24,Lapa sem fim cave,607,LSF9,378957,80755.70351,344.4557635,341.5719162,-5.10226350734,
24,Lapa sem fim cave,607,LSF9,378958,80773.04166,341.2135669,338.6008018,-5.20813118034,
24,Lapa sem fim cave,607,LSF9,378959,80789.75889,339.1313656,337.3018991,-5.02619716749,
24,Lapa sem fim cave,607,LSF9,378960,80804.90022,337.5284659,332.9011236,-4.49915121273,
24,Lapa sem fim cave,607,LSF9,378961,80820.67231,338.4615536,328.8003027,-4.49790080715,
24,Lapa sem fim cave,607,LSF9,378962,80839.57016,335.0750011,326.9513105,-4.67504159858,
24,Lapa sem fim cave,607,LSF9,378963,80856.20882,333.4382698,323.2887927,-4.42464787986,
24,Lapa sem fim cave,607,LSF9,378964,80872.63427,331.4557711,322.1211262,-4.32336502735,
24,Lapa sem fim cave,607,LSF9,378965,80889.71174,329.5619443,320.4882206,-3.89280870369,
24,Lapa sem fim cave,607,LSF9,378966,80905.26517,328.6265814,316.3168061,-4.08922658126,
24,Lapa sem fim cave,607,LSF9,378967,80921.71655,326.8337883,313.3483399,-3.95730879187,
24,Lapa sem fim cave,607,LSF9,378968,80938.652,326.4021473,309.9749072,-3.58656353544,
24,Lapa sem fim cave,607,LSF9,378969,80955.63949,324.0393012,306.3317474,-4.28616546115,
24,Lapa sem fim cave,607,LSF9,378970,80972.54988,322.5836986,304.6278727,-4.53562137567,
24,Lapa sem fim cave,607,LSF9,378971,80989.28758,321.1134212,302.8269477,-4.32305242595,
24,Lapa sem fim cave,607,LSF9,378972,81006.7121,318.3327065,302.1487164,-4.53239116124,
24,Lapa sem fim cave,607,LSF9,378973,81024.0296,317.222483,301.0695689,-4.36723342334,
24,Lapa sem fim cave,607,LSF9,378974,81041.19803,315.605688,299.6775471,-3.76245392129,
24,Lapa sem fim cave,607,LSF9,378975,81057.37445,313.143232,295.0973607,-4.91803708425,
24,Lapa sem fim cave,607,LSF9,378976,81074.27521,309.7166834,295.1980782,-4.8132114159,
24,Lapa sem fim cave,607,LSF9,378977,81090.37291,307.4815998,294.2466567,-4.38484330202,
24,Lapa sem fim cave,607,LSF9,378978,81108.28309,304.5273376,292.3348019,-3.97387666589,
24,Lapa sem fim cave,607,LSF9,378979,81125.43877,302.8613529,289.4654112,-4.7009875145,
24,Lapa sem fim cave,607,LSF9,378980,81141.83103,302.2781354,287.5530502,-4.18081879047,
24,Lapa sem fim cave,607,LSF9,378981,81159.09906,301.8674211,288.1123721,-4.01857866561,
24,Lapa sem fim cave,607,LSF9,378982,81177.00186,300.3970359,288.4363376,-3.81872217269,
24,Lapa sem fim cave,607,LSF9,378983,81193.01945,300.0661516,286.3958648,-4.8256112713,
24,Lapa sem fim cave,607,LSF9,378984,81209.87402,297.7951087,283.4883838,-4.80977280054,
24,Lapa sem fim cave,607,LSF9,378985,81227.4717,296.1686364,282.5423228,-4.30096192725,
24,Lapa sem fim cave,607,LSF9,378986,81243.45989,296.4324174,280.7081727,-3.94303332809,
24,Lapa sem fim cave,607,LSF9,378987,81261.02272,294.684023,281.0402327,-4.1032936441,
24,Lapa sem fim cave,607,LSF9,378988,81277.46088,293.5377418,280.7274802,-4.94898462251,
24,Lapa sem fim cave,607,LSF9,378989,81294.41716,294.649338,279.6329617,-3.94897275462,
24,Lapa sem fim cave,607,LSF9,378990,81310.996,294.814973,278.410309,-4.6081448997,
24,Lapa sem fim cave,607,LSF9,378991,81327.99891,294.4057464,277.2602274,-4.71453357503,
24,Lapa sem fim cave,607,LSF9,378992,81345.16015,293.0826036,277.7632058,-4.41662444402,
24,Lapa sem fim cave,607,LSF9,378993,81361.5675,292.8949773,276.992095,-4.28022603461,
24,Lapa sem fim cave,607,LSF9,378994,81378.6244,291.729652,276.9446312,-4.12809335491,
24,Lapa sem fim cave,607,LSF9,378995,81394.17072,291.770929,276.3536139,-4.19050943377,
24,Lapa sem fim cave,607,LSF9,378996,81410.85325,292.2251188,275.9770553,-4.48812830982,
24,Lapa sem fim cave,607,LSF9,378997,81429.17095,289.3738161,278.7659825,-4.35312871082,
24,Lapa sem fim cave,607,LSF9,378998,81445.89684,284.7944498,277.4470295,-3.95246522578,
24,Lapa sem fim cave,607,LSF9,378999,81462.68882,283.3762843,276.1555097,-4.58894951894,
24,Lapa sem fim cave,607,LSF9,379000,81480.17834,285.3205504,275.7252127,-4.29868525789,
24,Lapa sem fim cave,607,LSF9,379001,81495.08361,286.9952358,272.3014446,-4.35585088346,
24,Lapa sem fim cave,607,LSF9,379002,81512.41396,285.3645155,270.8155801,-4.47270266483,
24,Lapa sem fim cave,607,LSF9,379003,81529.15346,283.9722954,270.1597011,-4.3994056458,
24,Lapa sem fim cave,607,LSF9,379004,81545.31191,282.8639845,269.9784523,-4.05157247435,
24,Lapa sem fim cave,607,LSF9,379005,81561.98867,284.0782003,269.2454968,-5.15385075362,
24,Lapa sem fim cave,607,LSF9,379006,81578.15652,284.9919601,268.6187316,-5.43988052389,
24,Lapa sem fim cave,607,LSF9,379007,81594.63385,283.0089229,267.9249534,-4.83041631478,
24,Lapa sem fim cave,607,LSF9,379008,81612.72492,283.2169737,271.066085,-4.885968801,
24,Lapa sem fim cave,607,LSF9,379009,81629.65256,283.4960659,272.064151,-4.35201967751,
24,Lapa sem fim cave,607,LSF9,379010,81645.7937,284.4642301,271.1155039,-4.9788251346,
24,Lapa sem fim cave,607,LSF9,379011,81662.34031,284.9951454,272.6644913,-4.71921052112,
24,Lapa sem fim cave,607,LSF9,379012,81679.75097,285.8419395,275.8265132,-4.39224733995,
24,Lapa sem fim cave,607,LSF9,379013,81695.8106,286.303876,275.0292944,-4.61969998772,
24,Lapa sem fim cave,607,LSF9,379014,81712.35481,287.1845815,275.7258651,-4.37097406483,
24,Lapa sem fim cave,607,LSF9,379015,81729.89925,287.50913,275.1801442,-5.56046268999,
24,Lapa sem fim cave,607,LSF9,379016,81746.53335,287.4908442,275.2071481,-5.79577939207,
24,Lapa sem fim cave,607,LSF9,379017,81763.94573,286.4330292,279.4428748,-5.05343282934,
24,Lapa sem fim cave,607,LSF9,379018,81780.95041,286.7635545,278.6357322,-5.27836494688,
24,Lapa sem fim cave,607,LSF9,379019,81797.34519,287.903322,278.4077911,-4.73130906621,
24,Lapa sem fim cave,607,LSF9,379020,81815.36348,289.0923662,279.7406997,-5.38523542855,
24,Lapa sem fim cave,607,LSF9,379021,81833.21235,289.0544435,280.7791495,-5.0297398452,
24,Lapa sem fim cave,607,LSF9,379022,81850.23481,287.5408525,281.7174921,-4.79815352786,
24,Lapa sem fim cave,607,LSF9,379023,81867.78325,289.4888448,281.3993214,-4.67898285868,
24,Lapa sem fim cave,607,LSF9,379024,81884.16249,290.7707686,281.5362335,-5.34188230863,
24,Lapa sem fim cave,607,LSF9,379025,81900.21855,292.39269,282.1419873,-5.12793970288,
24,Lapa sem fim cave,607,LSF9,379026,81917.99016,293.3750899,283.4488038,-4.50526791537,
24,Lapa sem fim cave,607,LSF9,379027,81934.90619,294.4115141,284.6646157,-4.6869477342,
24,Lapa sem fim cave,607,LSF9,379028,81952.73343,295.0902433,285.5420701,-4.44860639585,
24,Lapa sem fim cave,607,LSF9,379029,81971.04091,295.4888356,289.814226,-4.24393934134,
24,Lapa sem fim cave,607,LSF9,379030,81987.71377,296.0150695,292.0119417,-4.02162857524,
24,Lapa sem fim cave,607,LSF9,379031,82005.04843,294.8676094,295.2463255,-4.64631678693,
24,Lapa sem fim cave,607,LSF9,379032,82021.80253,295.5797428,297.7459705,-4.61869177563,
24,Lapa sem fim cave,607,LSF9,379033,82038.88748,297.7412676,299.3925727,-4.23405886285,
24,Lapa sem fim cave,607,LSF9,379034,82055.20112,297.8252471,302.0064238,-4.27569802221,
24,Lapa sem fim cave,607,LSF9,379035,82072.1036,298.075545,302.7497343,-4.60528255482,
24,Lapa sem fim cave,607,LSF9,379036,82088.87118,299.4286074,306.7391738,-4.39013009456,
24,Lapa sem fim cave,607,LSF9,379037,82105.43173,300.9648073,307.4131015,-5.26878693202,
24,Lapa sem fim cave,607,LSF9,379038,82121.01137,302.8413916,306.4036812,-4.96874301368,
24,Lapa sem fim cave,607,LSF9,379039,82137.63113,305.7015325,306.2187885,-5.04163674788,
24,Lapa sem fim cave,607,LSF9,379040,82154.08634,307.1838816,308.0951785,-5.08529233142,
24,Lapa sem fim cave,607,LSF9,379041,82170.75674,308.3939128,307.907413,-4.62625336631,
24,Lapa sem fim cave,607,LSF9,379042,82187.5408,308.8079025,307.7522583,-4.67021141349,
24,Lapa sem fim cave,607,LSF9,379043,82204.2624,311.7688632,308.2924332,-4.98154730724,
24,Lapa sem fim cave,607,LSF9,379044,82220.85235,315.5776419,309.2880456,-5.61954391854,
24,Lapa sem fim cave,607,LSF9,379045,82239.56876,316.345967,313.4823707,-5.01895197582,
24,Lapa sem fim cave,607,LSF9,379046,82256.74155,316.4529506,315.9640529,-4.73836655085,
24,Lapa sem fim cave,607,LSF9,379047,82273.01606,318.5212056,317.348636,-4.83575983886,
24,Lapa sem fim cave,607,LSF9,379048,82289.8151,321.2173548,319.1460915,-5.04214085392,
24,Lapa sem fim cave,607,LSF9,379049,82306.77704,323.7506131,321.1632804,-4.33044393876,
24,Lapa sem fim cave,607,LSF9,379050,82323.76673,326.0378459,323.5640389,-4.52462558752,
24,Lapa sem fim cave,607,LSF9,379051,82340.86086,327.1530369,321.9695071,-5.04395563569,
24,Lapa sem fim cave,607,LSF9,379052,82357.72619,329.0823205,323.1395624,-5.10878367315,
24,Lapa sem fim cave,607,LSF9,379053,82374.12309,330.7400896,324.5549073,-4.68311652826,
24,Lapa sem fim cave,607,LSF9,379054,82389.64138,332.9228308,325.043468,-5.21061309436,
24,Lapa sem fim cave,607,LSF9,379055,82405.98054,334.8380451,326.6469401,-5.28733803449,
24,Lapa sem fim cave,607,LSF9,379056,82422.04834,338.1822141,329.6606264,-4.85841028877,
24,Lapa sem fim cave,607,LSF9,379057,82439.25793,338.2518579,332.9290876,-4.52365547537,
24,Lapa sem fim cave,607,LSF9,379058,82456.49388,340.188122,337.1211601,-4.33819717598,
24,Lapa sem fim cave,607,LSF9,379059,82473.62178,340.0353631,338.2655023,-4.09415678423,
24,Lapa sem fim cave,607,LSF9,379060,82491.38773,341.3959237,341.7663809,-5.64890691757,
24,Lapa sem fim cave,607,LSF9,379061,82508.85765,343.3696663,344.0333396,-5.44154490816,
24,Lapa sem fim cave,607,LSF9,379062,82526.08096,345.4958323,348.4254762,-5.49103489446,
24,Lapa sem fim cave,607,LSF9,379063,82560.19307,354.5955863,357.0271317,-5.20700990001,
24,Lapa sem fim cave,607,LSF9,379064,82576.08584,358.2104756,358.8133426,-5.22974016512,
24,Lapa sem fim cave,607,LSF9,379065,82594.71177,358.2529969,365.4026952,-4.60372800018,
24,Lapa sem fim cave,607,LSF9,379066,82612.4139,359.4319112,369.9764402,-4.90511065163,
24,Lapa sem fim cave,607,LSF9,379067,82628.49153,362.1263591,372.2828082,-5.13096683129,
24,Lapa sem fim cave,607,LSF9,379068,82662.74313,367.1372363,376.0390403,-5.31260231337,
24,Lapa sem fim cave,607,LSF9,379069,82679.27225,371.8300945,378.2559823,-4.69981502996,
24,Lapa sem fim cave,607,LSF9,379070,82695.21703,375.7229852,379.3769316,-4.63141759586,
24,Lapa sem fim cave,607,LSF9,379071,82712.31307,376.177013,382.8810099,-4.39171661836,
24,Lapa sem fim cave,607,LSF9,379072,82729.09844,378.3377493,384.5246242,-5.48793531286,
24,Lapa sem fim cave,607,LSF9,379073,82746.12892,377.7069505,386.0080417,-5.68310563462,
24,Lapa sem fim cave,607,LSF9,379074,82762.62697,380.8793648,387.3406301,-5.50126351376,
24,Lapa sem fim cave,607,LSF9,379075,82779.54415,383.5099009,389.7439648,-5.32520727857,
24,Lapa sem fim cave,607,LSF9,379076,82797.10921,385.8559752,392.4050531,-5.69695043246,
24,Lapa sem fim cave,607,LSF9,379077,82814.44374,388.645001,395.2387289,-5.57410368149,
24,Lapa sem fim cave,607,LSF9,379078,82831.16871,390.6560964,397.6026441,-5.46375857634,
24,Lapa sem fim cave,607,LSF9,379079,82847.66202,392.3609196,399.7349014,-5.3815163444,
24,Lapa sem fim cave,607,LSF9,379080,82864.2442,396.8293609,402.8278335,-5.77423333382,
24,Lapa sem fim cave,607,LSF9,379081,82880.7987,398.8246282,405.1315236,-5.92208337641,
24,Lapa sem fim cave,607,LSF9,379082,82901.8348,393.6835138,399.4723166,-5.84614362707,
24,Lapa sem fim cave,607,LSF9,379083,82921.64809,390.2879455,392.9822771,-5.92208337641,
24,Lapa sem fim cave,607,LSF9,379084,82940.75186,385.7294965,387.4204089,-6.32048293211,
24,Lapa sem fim cave,607,LSF9,379085,82961.78127,379.8482647,385.2482411,-5.76121509108,
24,Lapa sem fim cave,607,LSF9,379086,82979.6895,375.793679,378.8218169,-5.80688226007,
24,Lapa sem fim cave,607,LSF9,379087,82999.8042,369.7854287,372.5190398,-5.54992694497,
24,Lapa sem fim cave,607,LSF9,379088,83019.71528,363.4656235,365.2052074,-5.23934886809,
24,Lapa sem fim cave,607,LSF9,379089,83040.03457,357.522599,356.9813018,-5.40218022177,
24,Lapa sem fim cave,607,LSF9,379090,83060.59082,350.3921159,350.3306853,-5.48690211899,
24,Lapa sem fim cave,607,LSF9,379091,83081.33782,344.53137,346.1763137,-5.51924108708,
24,Lapa sem fim cave,607,LSF9,379092,83102.55344,340.6598439,339.6932964,-6.07106993225,
24,Lapa sem fim cave,607,LSF9,379093,83121.96353,335.3807136,331.8126039,-5.41416527065,
24,Lapa sem fim cave,607,LSF9,379094,83143.2131,331.3366522,330.260676,-5.0334333301,
24,Lapa sem fim cave,607,LSF9,379095,83164.99735,328.8812728,327.8838613,-5.55457631738,
24,Lapa sem fim cave,607,LSF9,379096,83186.03655,325.0828935,326.4797245,-5.51996432278,
24,Lapa sem fim cave,607,LSF9,379097,83205.64464,320.4942626,321.8865993,-5.5528198878,
24,Lapa sem fim cave,607,LSF9,379098,83223.85326,321.4799414,315.3116873,-5.18128337268,
24,Lapa sem fim cave,607,LSF9,379099,83245.00452,319.1520581,310.2223939,-5.0295071934,
24,Lapa sem fim cave,607,LSF9,379100,83267.54384,314.6284564,311.7647901,-5.66822764291,
24,Lapa sem fim cave,607,LSF9,379101,83289.06006,309.2581617,310.0225714,-5.62142396067,
24,Lapa sem fim cave,607,LSF9,379102,83308.21751,304.6804948,304.9265944,-5.50653280249,
24,Lapa sem fim cave,607,LSF9,379103,83328.73133,299.6860459,301.5840591,-5.10544694273,
24,Lapa sem fim cave,607,LSF9,379104,83348.37976,297.2958943,299.3732757,-4.80912694124,
24,Lapa sem fim cave,607,LSF9,379105,83388.31919,300.3397977,294.9726393,-5.37862340157,
24,Lapa sem fim cave,607,LSF9,379106,83408.71737,299.3865608,294.9273965,-5.45631958048,
24,Lapa sem fim cave,607,LSF9,379107,83429.31839,298.7576168,297.0431533,-5.54238462973,
24,Lapa sem fim cave,607,LSF9,379108,83449.97507,297.5921705,295.9316994,-4.80602735964,
24,Lapa sem fim cave,607,LSF9,379109,83489.09663,300.3211681,298.8158646,-4.71417642473,
24,Lapa sem fim cave,607,LSF9,379110,83509.83985,300.3573039,296.3341565,-4.2601910389,
24,Lapa sem fim cave,607,LSF9,379111,83528.19507,305.4229936,296.4423722,-4.39016682756,
24,Lapa sem fim cave,607,LSF9,379112,83551.07904,302.1063287,301.5102527,-4.1643106479,
24,Lapa sem fim cave,607,LSF9,379113,83571.76249,301.0171287,300.4807145,-4.05751688286,
24,Lapa sem fim cave,607,LSF9,379114,83593.60326,299.5295439,303.1728068,-4.16896949736,
24,Lapa sem fim cave,607,LSF9,379115,83613.06855,301.551533,302.5037731,-4.0625306837,
24,Lapa sem fim cave,607,LSF9,379116,83634.71639,307.2591747,305.6336276,-4.44347509333,
24,Lapa sem fim cave,607,LSF9,379117,83656.92804,306.9989836,310.8919597,-4.10232772787,
24,Lapa sem fim cave,607,LSF9,379118,83678.00221,308.6590996,314.2431088,-4.09136003853,
24,Lapa sem fim cave,607,LSF9,379119,83699.70346,311.3615708,318.9997842,-3.92517343153,
24,Lapa sem fim cave,607,LSF9,379120,83721.65594,313.2924407,323.8600478,-4.91132538419,
24,Lapa sem fim cave,607,LSF9,379121,83741.98487,315.7648765,329.4624224,-4.79893268203,
24,Lapa sem fim cave,607,LSF9,379122,83761.25125,320.6869761,333.3357105,-4.79391888119,
24,Lapa sem fim cave,607,LSF9,379123,83784.20127,323.0754051,335.3382902,-4.45538287033,
24,Lapa sem fim cave,607,LSF9,379124,83805.23972,327.3556561,338.5969209,-4.27425931499,
24,Lapa sem fim cave,607,LSF9,379125,83825.15357,332.2204155,345.6943864,-4.44723544396,
24,Lapa sem fim cave,607,LSF9,379126,83845.70599,336.5409162,344.5874321,-4.77668394081,
24,Lapa sem fim cave,607,LSF9,379127,83865.71659,341.328811,346.8549148,-4.41192992972,
24,Lapa sem fim cave,607,LSF9,379128,83886.9605,345.980298,357.8444281,-4.66251551752,
24,Lapa sem fim cave,607,LSF9,379129,83907.08449,351.6355632,364.7118059,-4.99520209407,
24,Lapa sem fim cave,607,LSF9,379130,83926.18157,361.3041245,368.4619082,-4.93263403776,
24,Lapa sem fim cave,607,LSF9,379131,83947.54277,362.6099419,371.632691,-5.00324506625,
24,Lapa sem fim cave,607,LSF9,379132,83969.22863,365.8509802,379.1071387,-4.78441355043,
24,Lapa sem fim cave,607,LSF9,379133,83990.02335,370.9416627,386.8837637,-4.83444710465,
24,Lapa sem fim cave,607,LSF9,379134,84011.31087,378.0928732,394.9152985,-4.61718240159,
24,Lapa sem fim cave,607,LSF9,379135,84031.98957,382.4362152,400.5183716,-4.40399141172,
24,Lapa sem fim cave,607,LSF9,379136,84053.38481,386.252022,408.0643286,-4.12353192725,
24,Lapa sem fim cave,607,LSF9,379137,84074.26882,393.3533492,415.3611542,-4.27519940265,
24,Lapa sem fim cave,607,LSF9,379138,84094.36662,402.9873542,420.8146302,-3.81434754214,
24,Lapa sem fim cave,607,LSF9,379139,84115.64537,406.5203839,425.8248818,-5.06497748909,
24,Lapa sem fim cave,607,LSF9,379140,84136.85611,414.8268866,433.576135,-4.56850675177,
