site_id,site_name,entity_id,entity_name,sample_id,age_bp,age_uncert_pos,age_uncert_neg,d18o,d13c
58,Spannagel cave,141,SPA127,302307,2413.828679,86.99694557,85.42604371,-7.48977004641,
58,Spannagel cave,732,SPA127_2023,431077,2416.68833447612,89.6456086543481,86.3292069248573,-7.48977004640777,2.12988360104975
58,Spannagel cave,141,SPA127,302308,2419.089183,86.89178005,84.88468857,-7.64900416763,
58,Spannagel cave,732,SPA127_2023,431078,2421.91380661741,89.4762523792069,85.9376653770041,-7.64900416762522,-0.203583859877314
58,Spannagel cave,141,SPA127,302309,2424.452119,86.68418314,84.53040385,-7.57144790245,
58,Spannagel cave,732,SPA127_2023,431079,2427.17275620287,89.2734186599032,85.6907247789168,-7.5714479024467,0.298118123391731
58,Spannagel cave,141,SPA127,302310,2429.99387,86.29777091,84.57111409,-7.70290902191,
58,Spannagel cave,140,SPA128,301247,2431.334725,47.57044103,47.0205202,-8.03878015177,
58,Spannagel cave,732,SPA127_2023,431080,2432.39984380466,89.0813433399189,85.241192640086,-7.70290902190513,-3.32416586986097
58,Spannagel cave,140,SPA128,301248,2432.577728,46.93981034,46.60598495,-8.004118416,
58,Spannagel cave,140,SPA128,301249,2433.709442,46.42046706,45.9567112,-8.05939351803,
58,Spannagel cave,140,SPA128,301250,2434.80915,46.05874734,45.41339503,-8.18488590089,
58,Spannagel cave,141,SPA127,302311,2435.499583,85.94739673,84.42197209,-7.92704005246,
58,Spannagel cave,140,SPA128,301251,2436.040991,45.56891897,44.89691877,-7.84325280701,
58,Spannagel cave,140,SPA128,301252,2437.163378,45.06196265,44.34786065,-7.6959954425,
58,Spannagel cave,732,SPA127_2023,431081,2437.7282054546,88.7696408354632,84.9149231659958,-7.927040052456,-4.10547292743843
58,Spannagel cave,140,SPA128,301253,2438.30936,44.43597211,43.78899763,-7.72848256734,
58,Spannagel cave,140,SPA128,301254,2439.370105,43.96145506,43.03173301,-7.71348980945,
58,Spannagel cave,140,SPA128,301255,2440.540242,43.35626971,42.43609686,-8.0003459506,
58,Spannagel cave,141,SPA127,302312,2440.796788,85.80553037,84.05049669,-7.85897781079,
58,Spannagel cave,140,SPA128,301256,2441.717211,42.80746359,41.91301594,-8.06669272778,
58,Spannagel cave,140,SPA128,301257,2442.906224,42.17065423,41.48192258,-7.78325838728,
58,Spannagel cave,732,SPA127_2023,431082,2443.07916535812,88.5081297654847,84.5529532439828,-7.85897781079032,-4.12300464355001
58,Spannagel cave,140,SPA128,301258,2444.034029,41.60722453,41.01713116,-7.85274578031,
58,Spannagel cave,140,SPA128,301259,2445.215854,41.01405576,40.58831286,-7.98582196562,
58,Spannagel cave,141,SPA127,302313,2446.158517,85.59914045,83.70626596,-7.97036506815,
58,Spannagel cave,140,SPA128,301260,2446.414817,40.4511795,40.13644924,-7.80030966627,
58,Spannagel cave,140,SPA128,301261,2447.596708,39.97812234,39.68417855,-7.73224132186,
58,Spannagel cave,732,SPA127_2023,431083,2448.4302800117,88.2464639454502,84.1779296054115,-7.97036506814686,-4.71860756253414
58,Spannagel cave,140,SPA128,301262,2448.892568,39.40094373,39.20660865,-7.98544860584,
58,Spannagel cave,140,SPA128,301263,2450.130844,38.81003988,38.9895498,-7.65961886248,
58,Spannagel cave,140,SPA128,301264,2451.187726,38.46560601,38.43118719,-7.97120237685,
58,Spannagel cave,141,SPA127,302314,2451.541233,85.36672392,83.38302255,-8.05942756239,
58,Spannagel cave,140,SPA128,301265,2452.345482,38.04128797,37.84258338,-8.03673066261,
58,Spannagel cave,140,SPA128,301266,2453.589421,37.52699198,37.24051176,-8.01292833614,
58,Spannagel cave,732,SPA127_2023,431084,2453.78889620654,87.8365570133756,83.8104075080987,-8.05942756239498,-5.55509368575936
58,Spannagel cave,140,SPA128,301267,2454.703811,36.97296167,36.84300693,-7.84509654634,
58,Spannagel cave,140,SPA128,301268,2455.921595,36.36143354,36.40756179,-8.00909316268,
58,Spannagel cave,141,SPA127,302315,2456.926024,85.10186088,83.06185438,-8.08909186201,
58,Spannagel cave,140,SPA128,301269,2457.156049,35.75853353,36.06153809,-8.16909176367,
58,Spannagel cave,140,SPA128,301270,2458.414898,35.18501987,35.6411034,-8.17325445532,
58,Spannagel cave,732,SPA127_2023,431085,2459.11756825335,87.5804564843284,83.4433202974687,-8.08909186201319,-5.99743604119774
58,Spannagel cave,140,SPA128,301271,2459.60712,34.64491995,35.14567126,-7.96880382231,
58,Spannagel cave,140,SPA128,301272,2460.855901,34.21495385,34.76520776,-7.82273177692,
58,Spannagel cave,140,SPA128,301273,2462.03029,33.83606617,34.13859118,-7.53053414414,
58,Spannagel cave,141,SPA127,302316,2462.436637,84.71117626,82.86650779,-7.95017999116,
58,Spannagel cave,140,SPA128,301274,2463.112634,33.49419948,33.45047858,-7.44948174414,
58,Spannagel cave,140,SPA128,301275,2464.256506,33.10295208,32.83578558,-7.87250475063,
58,Spannagel cave,732,SPA127_2023,431086,2464.5440044994,87.2031107694497,83.1682193302058,-7.95017999115828,-6.18453388056871
58,Spannagel cave,140,SPA128,301276,2465.481446,32.64675288,32.39432755,-7.76596767425,
58,Spannagel cave,140,SPA128,301277,2466.614319,32.20223118,31.83045192,-8.01258532678,
58,Spannagel cave,140,SPA128,301278,2467.734542,31.83585902,31.41467696,-8.24394079254,
58,Spannagel cave,141,SPA127,302317,2467.84632,84.42142137,82.65660291,-7.95051057715,
58,Spannagel cave,140,SPA128,301279,2468.891825,31.43552065,30.88031299,-8.12646439514,
58,Spannagel cave,732,SPA127_2023,431087,2469.98479285474,86.7206800100917,82.9074704722361,-7.95051057715224,-6.01446711651794
58,Spannagel cave,140,SPA128,301280,2470.046616,31.02651983,30.38697373,-8.26048983448,
58,Spannagel cave,140,SPA128,301281,2471.232837,30.51937335,29.92568633,-8.03075005286,
58,Spannagel cave,140,SPA128,301282,2472.37077,29.9238327,29.38844178,-8.18021905411,
58,Spannagel cave,141,SPA127,302318,2473.216767,84.16562982,82.43777811,-7.99259934423,
58,Spannagel cave,140,SPA128,301283,2473.578195,29.42216711,28.97704983,-8.22772000423,
58,Spannagel cave,140,SPA128,301284,2474.741603,28.91881588,28.59641114,-8.33931363151,
58,Spannagel cave,732,SPA127_2023,431088,2475.33908383679,86.3075859587702,82.5969436632427,-7.99259934422512,-6.24709722707498
58,Spannagel cave,140,SPA128,301285,2475.931122,28.35183961,28.29287029,-8.12836200962,
58,Spannagel cave,140,SPA128,301286,2477.090944,27.87773567,27.8883408,-7.94844495691,
58,Spannagel cave,140,SPA128,301287,2478.227987,27.49700854,27.34953637,-8.22632624646,
58,Spannagel cave,141,SPA127,302319,2478.541419,83.85079763,82.15567282,-7.96652592949,
58,Spannagel cave,140,SPA128,301288,2479.347239,27.08862329,26.93165223,-7.90436895213,
58,Spannagel cave,140,SPA128,301289,2480.501086,26.84790558,26.52723496,-7.80015289799,
58,Spannagel cave,732,SPA127_2023,431089,2480.66985856041,85.9609264409523,82.3053270389073,-7.96652592949365,-5.61858969520288
58,Spannagel cave,140,SPA128,301290,2481.648133,26.53194019,26.21310734,-7.98345569025,
58,Spannagel cave,140,SPA128,301291,2482.861235,26.1636241,25.8260894,-8.18068547846,
58,Spannagel cave,141,SPA127,302320,2483.87152,83.53051762,81.90460365,-7.72083287653,
58,Spannagel cave,140,SPA128,301292,2484.135217,25.76730555,25.76114489,-8.04786534859,
58,Spannagel cave,140,SPA128,301293,2485.224155,25.50569392,25.09816065,-7.81813120914,
58,Spannagel cave,732,SPA127_2023,431090,2485.98050020886,85.5973587672124,82.0345393029797,-7.7208328765343,-3.38906478048704
58,Spannagel cave,140,SPA128,301294,2486.440135,25.03907358,24.47533891,-8.00399508743,
58,Spannagel cave,140,SPA128,301295,2487.617615,24.62028996,24.08603581,-7.94168789892,
58,Spannagel cave,140,SPA128,301296,2488.689815,24.48227364,23.38570658,-7.85878144221,
58,Spannagel cave,141,SPA127,302321,2489.134777,83.27708015,81.58669193,-7.7534923764,
58,Spannagel cave,140,SPA128,301297,2489.725705,24.22604733,22.84036521,-8.17137664158,
58,Spannagel cave,140,SPA128,301298,2491.0124,23.68159162,22.8298526,-8.0164025163,
58,Spannagel cave,732,SPA127_2023,431091,2491.3167079049,85.2549176330499,81.7585052252575,-7.75349237640387,-1.64885694127271
58,Spannagel cave,140,SPA128,301299,2492.226451,23.40112447,22.65122477,-7.91984812861,
58,Spannagel cave,140,SPA128,301300,2493.502322,23.00803124,22.46545991,-7.83703273115,
58,Spannagel cave,141,SPA127,302322,2494.425185,82.97444297,81.29593059,-7.67276707704,
58,Spannagel cave,140,SPA128,301301,2494.60257,22.85192932,22.02241694,-8.02597583765,
58,Spannagel cave,140,SPA128,301302,2495.796598,22.62350261,21.82228958,-7.79060694049,
58,Spannagel cave,732,SPA127_2023,431092,2496.7508855577,84.8530626082552,81.6021850081947,-7.67276707704193,-0.762744840847362
58,Spannagel cave,140,SPA128,301303,2496.997334,22.52826817,21.59170839,-7.68467077525,
58,Spannagel cave,140,SPA128,301304,2498.113785,22.40292953,21.49659329,-7.8105844896,
58,Spannagel cave,140,SPA128,301305,2499.271663,22.10326481,21.18541998,-7.8912518079,
58,Spannagel cave,141,SPA127,302323,2499.703495,82.67148279,80.99307057,-7.61649302531,
58,Spannagel cave,140,SPA128,301306,2500.327795,21.95660071,20.92026962,-7.84458125661,
58,Spannagel cave,140,SPA128,301307,2501.521542,21.81367702,20.80844306,-7.71338856144,
58,Spannagel cave,732,SPA127_2023,431093,2502.11178587415,84.5281705544603,81.2971653665459,-7.61649302531246,-0.776196563622683
58,Spannagel cave,140,SPA128,301308,2502.701159,21.58009095,20.74037727,-7.80466101158,
58,Spannagel cave,140,SPA128,301309,2503.85802,21.2645444,20.51443362,-7.86210855592,
58,Spannagel cave,140,SPA128,301310,2504.959967,21.12594022,20.27393272,-7.86494994339,
58,Spannagel cave,141,SPA127,302324,2505.032444,82.3178823,80.69394646,-7.76450242821,
58,Spannagel cave,140,SPA128,301311,2506.119814,20.85312185,20.03541106,-7.79728117807,
58,Spannagel cave,140,SPA128,301312,2507.237191,20.49218545,19.8543855,-7.69916441443,
58,Spannagel cave,732,SPA127_2023,431094,2507.36233512949,84.3136295617746,80.8526172041761,-7.76450242820813,-2.13022884275488
58,Spannagel cave,140,SPA128,301313,2508.494921,20.21731882,19.85821562,-7.87114666418,
58,Spannagel cave,140,SPA128,301314,2509.741959,19.70264243,19.64481011,-8.07142790356,
58,Spannagel cave,141,SPA127,302325,2510.369001,81.956675,80.28088353,-7.84436813739,
58,Spannagel cave,140,SPA128,301315,2510.89927,19.71900603,19.36062027,-7.71238929064,
58,Spannagel cave,140,SPA128,301316,2512.11986,19.63860102,19.20616158,-7.73062568271,
58,Spannagel cave,732,SPA127_2023,431095,2512.81179082298,83.8668761794206,80.5939779446066,-7.84436813739082,-2.8876295637937
58,Spannagel cave,140,SPA128,301317,2513.272002,19.6562105,19.24430381,-7.9436049422,
58,Spannagel cave,140,SPA128,301318,2514.418665,19.55085388,19.12888403,-7.94894273763,
58,Spannagel cave,140,SPA128,301319,2515.455215,19.74093691,18.98380453,-7.70996942644,
58,Spannagel cave,141,SPA127,302326,2515.665008,81.63601707,79.8205434,-7.90966218138,
58,Spannagel cave,140,SPA128,301320,2516.70595,19.49443726,18.98413155,-7.73108163722,
58,Spannagel cave,140,SPA128,301321,2517.821729,19.44174714,18.82392496,-7.68373862292,
58,Spannagel cave,732,SPA127_2023,431096,2518.29775053725,83.3792392642981,80.3842401987376,-7.9096621813813,-3.11177049804326
58,Spannagel cave,140,SPA128,301322,2518.995817,19.56225966,18.81889297,-7.88618405347,
58,Spannagel cave,140,SPA128,301323,2520.123879,19.63007431,18.59483888,-7.89448198702,
58,Spannagel cave,141,SPA127,302327,2520.995715,81.28391278,79.69260631,-7.86312685151,
58,Spannagel cave,140,SPA128,301324,2521.411749,19.44008655,18.70274481,-8.13623758477,
58,Spannagel cave,140,SPA128,301325,2522.63963,19.68706518,18.8170914,-7.81036274023,
58,Spannagel cave,732,SPA127_2023,431097,2523.55307816139,83.2032962276985,79.9104442370603,-7.86312685150997,-3.32020770276899
58,Spannagel cave,140,SPA128,301326,2523.825769,19.48870695,19.04279613,-7.76505101976,
58,Spannagel cave,140,SPA128,301327,2525.069763,19.32585341,19.2388112,-7.82123555832,
58,Spannagel cave,141,SPA127,302328,2526.449328,80.97846024,79.68757533,-7.82441497528,
58,Spannagel cave,140,SPA128,301328,2527.465878,19.33821671,19.37592321,-7.83698244168,
58,Spannagel cave,140,SPA128,301329,2528.655763,19.49394367,19.28705195,-7.91061374328,
58,Spannagel cave,732,SPA127_2023,431098,2528.87724760123,83.0132370787405,79.4787872949723,-7.82441497527732,-3.42299702249625
58,Spannagel cave,140,SPA128,301330,2529.824795,19.66822964,19.42585303,-7.8802036199,
58,Spannagel cave,140,SPA128,301331,2531.032231,19.75898556,19.6395665,-7.85528519398,
58,Spannagel cave,141,SPA127,302329,2531.832123,80.77757483,79.31587213,-7.83257745334,
58,Spannagel cave,140,SPA128,301332,2532.26419,19.88769447,19.87262654,-8.12798413037,
58,Spannagel cave,140,SPA128,301333,2533.549629,20.01334384,20.312018,-8.29755157675,
58,Spannagel cave,732,SPA127_2023,431099,2534.36522911579,82.6349089222877,79.2763389486472,-7.83257745334404,-3.89656152491717
58,Spannagel cave,140,SPA128,301334,2534.63978,20.19658924,20.42745573,-8.18807235875,
58,Spannagel cave,140,SPA128,301335,2535.795758,20.63878205,20.47154364,-8.32543382952,
58,Spannagel cave,140,SPA128,301336,2536.962048,20.91913873,20.53573156,-8.23897724595,
58,Spannagel cave,141,SPA127,302330,2537.062682,80.7289248,78.64541617,-7.91287654232,
58,Spannagel cave,140,SPA128,301337,2538.182023,21.27060929,20.90660493,-8.31303064488,
58,Spannagel cave,140,SPA128,301338,2539.374384,21.61900923,21.38622333,-8.43544686884,
58,Spannagel cave,732,SPA127_2023,431100,2539.71853482991,82.3782022042005,78.9565095151725,-7.9128765423235,-4.35379432109038
58,Spannagel cave,140,SPA128,301339,2540.648664,21.81285212,21.86595066,-8.37563635279,
58,Spannagel cave,140,SPA128,301340,2541.816736,22.12526527,21.90307099,-8.39111666874,
58,Spannagel cave,141,SPA127,302331,2542.374404,80.5991126,78.05612238,-7.7349569603,
58,Spannagel cave,140,SPA128,301341,2542.900174,22.54307085,22.26378999,-8.40687173696,
58,Spannagel cave,140,SPA128,301342,2544.058929,23.01287747,22.58836871,-8.40258182011,
58,Spannagel cave,732,SPA127_2023,431101,2544.97187257686,82.1882887957195,78.5367121145414,-7.73495696030252,-3.65731269675183
58,Spannagel cave,140,SPA128,301343,2545.170543,23.41414397,22.86676234,-8.29251912039,
58,Spannagel cave,140,SPA128,301344,2546.308832,23.82157679,23.27738325,-8.42836983415,
58,Spannagel cave,140,SPA128,301345,2547.531106,23.89360808,23.53143756,-8.19337926641,
58,Spannagel cave,141,SPA127,302332,2547.766546,80.36637271,77.54724832,-7.7616507025,
58,Spannagel cave,140,SPA128,301346,2548.665253,24.22612142,23.83107633,-8.32499138505,
58,Spannagel cave,140,SPA128,301347,2550.260384,23.77935742,23.48242998,-8.02787927808,
58,Spannagel cave,732,SPA127_2023,431102,2550.38110923654,81.7169736200826,78.2790274337694,-7.76165070250065,-2.90339077198388
58,Spannagel cave,140,SPA128,301348,2552.064413,23.25264697,23.36414047,-7.90915418614,
58,Spannagel cave,141,SPA127,302333,2553.138747,80.12780144,77.054852,-7.85525859445,
58,Spannagel cave,140,SPA128,301349,2553.891779,22.66289781,23.25462077,-7.9652753892,
58,Spannagel cave,140,SPA128,301350,2555.674971,22.28086125,23.11208636,-8.00211755048,
58,Spannagel cave,732,SPA127_2023,431103,2555.79636514747,81.2589668521719,78.2108117781991,-7.85525859444629,-2.64710882089411
58,Spannagel cave,140,SPA128,301351,2557.391829,21.84145893,22.66182393,-8.25785796251,
58,Spannagel cave,141,SPA127,302334,2558.486721,79.91345834,76.85716301,-7.94953231904,
58,Spannagel cave,140,SPA128,301352,2558.963604,21.61063915,22.0881009,-8.10172192837,
58,Spannagel cave,140,SPA128,301353,2560.634661,21.35380051,21.70626963,-8.48578145791,
58,Spannagel cave,732,SPA127_2023,431104,2561.14747978024,80.8651013624335,77.9072117450251,-7.94953231904058,-2.84324234373027
58,Spannagel cave,140,SPA128,301354,2562.251933,21.22995007,21.59418861,-8.39058168192,
58,Spannagel cave,141,SPA127,302335,2563.927119,79.64171152,76.75189899,-7.91359237433,
58,Spannagel cave,140,SPA128,301355,2563.939228,21.00822641,21.15964277,-7.85467385599,
58,Spannagel cave,140,SPA128,301356,2565.638141,20.68030663,20.89260938,-7.93089081332,
58,Spannagel cave,732,SPA127_2023,431105,2566.46033547637,80.6794769991429,77.5454874269317,-7.91359237432749,-3.05070654141333
58,Spannagel cave,140,SPA128,301357,2567.253866,20.62940689,20.83889628,-8.01737650072,
58,Spannagel cave,140,SPA128,301358,2568.96267,20.58143402,20.59548186,-8.28794081093,
58,Spannagel cave,141,SPA127,302336,2569.38487,79.2409633,76.66398714,-7.90670469106,
58,Spannagel cave,140,SPA128,301359,2570.557667,20.26283284,20.2053961,-8.04454233905,
58,Spannagel cave,732,SPA127_2023,431106,2571.82675678957,80.5198830978488,77.3050066618734,-7.90670469106284,-3.06130901992499
58,Spannagel cave,140,SPA128,301360,2572.254932,20.08742439,20.02006608,-7.96507271502,
58,Spannagel cave,140,SPA128,301361,2573.91869,19.97202559,19.84756674,-7.92265655213,
58,Spannagel cave,141,SPA127,302337,2574.918495,78.91967362,76.65195016,-7.63620513236,
58,Spannagel cave,140,SPA128,301362,2575.521253,19.89225356,19.65584076,-8.10006979584,
58,Spannagel cave,140,SPA128,301363,2577.13133,19.96260058,19.38496624,-8.26204775658,
58,Spannagel cave,732,SPA127_2023,431107,2577.31027323523,80.2431940640895,77.2799926725556,-7.6362051323598,-2.96507023128055
58,Spannagel cave,140,SPA128,301364,2578.823734,19.87450731,19.46592078,-8.5347893407,
58,Spannagel cave,141,SPA127,302338,2580.271366,78.7392102,76.48080964,-7.70339225192,
58,Spannagel cave,140,SPA128,301365,2580.503353,19.66290166,19.55501461,-8.59845189578,
58,Spannagel cave,140,SPA128,301366,2582.197137,19.4750808,19.64632119,-8.43300266498,
58,Spannagel cave,732,SPA127_2023,431108,2582.80187161973,79.95115914178,77.2595981667937,-7.70339225192004,-2.68293417842433
58,Spannagel cave,140,SPA128,301367,2583.868011,19.44541484,19.5361366,-8.28678986523,
58,Spannagel cave,140,SPA128,301368,2585.553807,19.36308836,19.49349986,-8.01586877143,
58,Spannagel cave,141,SPA127,302339,2585.63568,78.49736978,76.36335692,-7.77732770289,
58,Spannagel cave,140,SPA128,301369,2587.230787,19.45364296,19.4132599,-8.1778857873,
58,Spannagel cave,732,SPA127_2023,431109,2588.10671526907,79.7058154453098,77.06423300395,-7.77732770288501,-2.69827764244177
58,Spannagel cave,140,SPA128,301370,2588.942725,19.55722011,19.4676528,-8.40426885461,
58,Spannagel cave,140,SPA128,301371,2590.640933,19.39261887,19.35558424,-8.38325317755,
58,Spannagel cave,141,SPA127,302340,2591.04644,78.28746082,76.23918883,-7.71619920229,
58,Spannagel cave,140,SPA128,301372,2592.224715,19.67104816,19.21289647,-8.21268045825,
58,Spannagel cave,732,SPA127_2023,431110,2593.4366351647,79.2060610777039,76.9143112621373,-7.71619920228576,-2.9230280043745
58,Spannagel cave,140,SPA128,301373,2593.90227,19.74417129,19.23937066,-7.93066355329,
58,Spannagel cave,140,SPA128,301374,2595.498401,19.99212196,19.40158633,-7.74188626501,
58,Spannagel cave,141,SPA127,302341,2596.409371,78.12146706,76.05985264,-7.77529446849,
58,Spannagel cave,140,SPA128,301375,2597.196697,20.11192409,19.26217759,-7.63872171586,
58,Spannagel cave,732,SPA127_2023,431111,2598.71762850456,78.7547543659884,76.4168258940758,-7.77529446849013,-3.20729814451162
58,Spannagel cave,140,SPA128,301376,2598.948946,20.15310142,19.347181,-7.62545004493,
58,Spannagel cave,140,SPA128,301377,2600.591055,20.39578304,19.59647559,-7.75348419759,
58,Spannagel cave,141,SPA127,302342,2601.747994,78.04331921,75.78019791,-7.73063124663,
58,Spannagel cave,140,SPA128,301378,2602.337575,20.38205922,19.83381503,-7.68731120726,
58,Spannagel cave,140,SPA128,301379,2603.946245,20.71015896,20.03115777,-7.65137833017,
58,Spannagel cave,732,SPA127_2023,431112,2603.96315002927,78.5233828872647,75.8335746666335,-7.73063124662964,-3.45059749305337
58,Spannagel cave,140,SPA128,301380,2605.627664,20.90362584,20.26418407,-7.59498735684,
58,Spannagel cave,141,SPA127,302343,2606.970254,78.05037654,75.50401335,-7.76659965588,
58,Spannagel cave,140,SPA128,301381,2607.394972,21.03871442,20.89358689,-7.5899783036,
58,Spannagel cave,140,SPA128,301382,2609.134663,21.2246482,21.15774296,-7.48521378574,
58,Spannagel cave,732,SPA127_2023,431113,2609.24980020226,78.1250490530174,75.3710133363356,-7.76659965587636,-3.38179245214257
58,Spannagel cave,140,SPA128,301383,2610.740583,21.52055065,21.2917428,-7.4454458211,
58,Spannagel cave,140,SPA128,301384,2612.304211,21.8672653,21.43927402,-7.48106152292,
58,Spannagel cave,141,SPA127,302344,2612.359186,77.89076149,75.22980375,-7.84771253158,
58,Spannagel cave,140,SPA128,301385,2613.965388,22.24870225,21.79026466,-7.41761126228,
58,Spannagel cave,732,SPA127_2023,431114,2614.60604104855,77.9083817239575,74.9467178780128,-7.84771253157868,-3.30960448310288
58,Spannagel cave,140,SPA128,301386,2615.625101,22.37016067,22.05706571,-7.66821496155,
58,Spannagel cave,140,SPA128,301387,2617.403674,22.55967158,22.30550684,-7.95459112407,
58,Spannagel cave,141,SPA127,302345,2617.673137,77.82510519,74.96694798,-7.99268675524,
58,Spannagel cave,140,SPA128,301388,2619.095229,22.72583578,22.4906551,-7.99800871376,
58,Spannagel cave,732,SPA127_2023,431115,2619.88985897788,77.6148238329624,74.3490089488828,-7.99268675523894,-3.49898326451509
58,Spannagel cave,140,SPA128,301389,2620.842861,22.93312641,22.75247954,-8.31571418015,
58,Spannagel cave,140,SPA128,301390,2622.404344,23.64045388,23.1940139,-8.28725663303,
58,Spannagel cave,141,SPA127,302346,2623.051408,77.70348979,74.94792937,-8.1029425432,
58,Spannagel cave,140,SPA128,301391,2624.156073,24.01424983,23.78597957,-8.57082165065,
58,Spannagel cave,732,SPA127_2023,431116,2625.26005012097,77.4035843914025,73.9456296249286,-8.10294254320009,-3.56522000016401
58,Spannagel cave,140,SPA128,301392,2625.862147,24.42782681,24.11771238,-8.14384227541,
58,Spannagel cave,140,SPA128,301393,2627.377491,25.004721,24.46546049,-7.94514791272,
58,Spannagel cave,141,SPA127,302347,2628.402834,77.60492083,74.54234772,-7.97005556956,
58,Spannagel cave,140,SPA128,301394,2629.191437,25.51986247,25.01477031,-7.83648764634,
58,Spannagel cave,732,SPA127_2023,431117,2630.57807700373,77.2341155052986,73.4870014637331,-7.97005556956302,-3.13231427446529
58,Spannagel cave,140,SPA128,301395,2630.944773,26.01484129,25.67011104,-8.06224018734,
58,Spannagel cave,140,SPA128,301396,2632.491441,26.73258877,26.15405771,-8.08718834385,
58,Spannagel cave,141,SPA127,302348,2633.697227,77.57688998,74.01013976,-7.64309787873,
58,Spannagel cave,140,SPA128,301397,2634.111649,27.11576447,26.64970108,-8.13945060298,
58,Spannagel cave,732,SPA127_2023,431118,2635.80614831803,77.2871830507825,73.0081042611669,-7.64309787872607,-3.12740149707247
58,Spannagel cave,140,SPA128,301398,2635.836559,27.12297445,27.12837961,-8.11186404907,
58,Spannagel cave,140,SPA128,301399,2637.574934,27.39693459,27.6812832,-7.98338848504,
58,Spannagel cave,141,SPA127,302349,2639.082554,77.44869706,73.53428245,-7.86549405697,
58,Spannagel cave,140,SPA128,301400,2639.162565,28.01008923,28.02316961,-7.97290302077,
58,Spannagel cave,140,SPA128,301401,2640.810387,28.47767629,28.60447901,-7.77357340977,
58,Spannagel cave,732,SPA127_2023,431119,2641.04445524866,77.2804186939184,72.6009617784084,-7.86549405697094,-3.41975057435149
58,Spannagel cave,140,SPA128,301402,2642.341789,29.14480124,29.02012018,-7.59212500379,
58,Spannagel cave,140,SPA128,301403,2644.03275,29.59548932,29.77261373,-7.684801148,
58,Spannagel cave,141,SPA127,302350,2644.358313,77.37079185,73.04737831,-7.6853121511,
58,Spannagel cave,140,SPA128,301404,2645.66889,30.1713324,30.39402219,-7.64111550268,
58,Spannagel cave,732,SPA127_2023,431120,2646.42192626347,77.0363488700923,72.3294610406097,-7.68531215109657,-3.49535205924479
58,Spannagel cave,140,SPA128,301405,2647.397291,30.6465324,30.73021867,-7.69802246295,
58,Spannagel cave,140,SPA128,301406,2649.147389,30.98264409,31.35533014,-7.69289628107,
58,Spannagel cave,141,SPA127,302351,2649.679074,77.18206748,72.95879486,-7.74573293003,
58,Spannagel cave,140,SPA128,301407,2651.265322,30.68240259,31.07010381,-7.82733963,
58,Spannagel cave,732,SPA127_2023,431121,2651.82986071321,76.6276425989954,72.0632841658012,-7.74573293003415,-3.52690641595653
58,Spannagel cave,140,SPA128,301408,2653.380132,30.57174565,30.69353898,-7.62925608899,
58,Spannagel cave,141,SPA127,302352,2655.060941,76.91672162,72.53600472,-7.78020622808,
58,Spannagel cave,140,SPA128,301409,2655.61112,30.24277151,30.45644682,-7.64987519609,
58,Spannagel cave,732,SPA127_2023,431122,2657.12543383505,76.3312976558041,71.7148215866114,-7.78020622808312,-3.63530403610226
58,Spannagel cave,140,SPA128,301410,2657.813496,30.10042922,30.20931523,-7.6918442441,
58,Spannagel cave,140,SPA128,301411,2659.920215,29.83083878,29.90081026,-7.76421087912,
58,Spannagel cave,141,SPA127,302353,2660.365605,76.72008121,72.13861584,-7.79633340421,
58,Spannagel cave,140,SPA128,301412,2662.001727,29.6690834,29.39378796,-7.64358959075,
58,Spannagel cave,732,SPA127_2023,431123,2662.60730214482,75.8486575246716,71.5843768585173,-7.79633340421437,-3.75855452203037
58,Spannagel cave,140,SPA128,301413,2664.08726,29.28896764,29.0942361,-7.69474703106,
58,Spannagel cave,141,SPA127,302354,2665.794383,76.39932644,71.96299717,-7.92699723579,
58,Spannagel cave,140,SPA128,301414,2666.230199,29.08851343,28.62249293,-7.67993554208,
58,Spannagel cave,732,SPA127_2023,431124,2668.11203077479,75.3431570733464,71.457504092717,-7.926997235793,-3.70426297627578
58,Spannagel cave,140,SPA128,301415,2668.398171,28.67870903,28.48098381,-7.91432734388,
58,Spannagel cave,140,SPA128,301416,2670.589732,28.24966668,28.01114044,-7.93317276563,
58,Spannagel cave,141,SPA127,302355,2671.096178,76.20555564,71.66039453,-7.95057237292,
58,Spannagel cave,140,SPA128,301417,2672.759422,27.82793215,27.85696782,-7.92364309927,
58,Spannagel cave,732,SPA127_2023,431125,2673.41875390026,75.2028781977046,71.1779994503922,-7.95057237292188,-3.57354711372866
58,Spannagel cave,140,SPA128,301418,2675.024989,27.3685738,27.51068754,-7.92372853526,
58,Spannagel cave,141,SPA127,302356,2676.491596,75.91816136,71.45141537,-7.92961910092,
58,Spannagel cave,140,SPA128,301419,2677.099153,27.36829359,27.07382598,-8.12245276016,
58,Spannagel cave,732,SPA127_2023,431126,2678.81539958483,74.7466867710727,71.0182020709285,-7.92961910092313,-3.44750613887305
58,Spannagel cave,140,SPA128,301420,2681.426168,26.53940468,26.88250104,-8.04072622634,
58,Spannagel cave,141,SPA127,302357,2681.855514,75.74529158,71.2109365,-7.84770094867,
58,Spannagel cave,140,SPA128,301421,2683.58487,26.33419193,26.60520685,-8.23894422529,
58,Spannagel cave,732,SPA127_2023,431127,2684.17351270866,74.5390017403947,70.6983120202235,-7.847700948672,-3.41306959384836
58,Spannagel cave,140,SPA128,301422,2685.828777,26.22773828,26.64834222,-8.60540968294,
58,Spannagel cave,141,SPA127,302358,2687.275099,75.35070598,71.07451545,-7.79095593708,
58,Spannagel cave,140,SPA128,301423,2687.99561,25.908612,26.55558618,-8.59294397915,
58,Spannagel cave,732,SPA127_2023,431128,2689.56781358777,74.2654959012334,70.3870438344452,-7.79095593707728,-3.44435870623734
58,Spannagel cave,140,SPA128,301424,2690.184556,25.47539772,26.1327833,-8.79503673845,
58,Spannagel cave,140,SPA128,301425,2692.36667,25.50444507,25.92367063,-8.93912276252,
58,Spannagel cave,141,SPA127,302359,2692.700239,75.03358929,70.94767265,-7.78952640153,
58,Spannagel cave,140,SPA128,301426,2694.48783,25.44610055,25.51946688,-8.83755394697,
58,Spannagel cave,732,SPA127_2023,431129,2694.97243410227,74.0222893516625,70.3484656789205,-7.78952640153349,-3.54988170957661
58,Spannagel cave,140,SPA128,301427,2696.700412,25.14127602,25.67421985,-8.70070849254,
58,Spannagel cave,141,SPA127,302360,2698.042289,74.79956347,70.58451951,-7.6735959308,
58,Spannagel cave,140,SPA128,301428,2698.85439,24.92937123,25.51163101,-8.18152676361,
58,Spannagel cave,732,SPA127_2023,431130,2700.2889266606,73.8726210108662,70.1053482680159,-7.67359593080465,-3.54685581905282
58,Spannagel cave,140,SPA128,301429,2703.17717,24.36685703,25.0280502,-8.00729088365,
58,Spannagel cave,141,SPA127,302361,2703.431547,74.51832942,70.36938012,-7.69596747845,
58,Spannagel cave,140,SPA128,301430,2705.329729,24.23689421,24.69304535,-7.75285684147,
58,Spannagel cave,732,SPA127_2023,431131,2705.65243149146,73.7058758402454,69.8925783729997,-7.69596747845361,-3.58123318090764
58,Spannagel cave,140,SPA128,301431,2707.473072,24.05803401,24.45902151,-7.71765321778,
58,Spannagel cave,141,SPA127,302362,2708.829863,74.22803717,70.1650389,-7.70631679083,
58,Spannagel cave,140,SPA128,301432,2709.620215,23.82376674,24.28512344,-7.75264476952,
58,Spannagel cave,732,SPA127_2023,431132,2710.9676902995,73.5873766924383,69.6315624551694,-7.70631679083319,-3.91828298177376
58,Spannagel cave,140,SPA128,301433,2711.807923,23.76009729,24.11720526,-7.81393706433,
58,Spannagel cave,140,SPA128,301434,2713.88605,23.72707718,23.95484493,-7.79049327882,
58,Spannagel cave,141,SPA127,302363,2714.226017,73.93482135,70.00611387,-7.66809280608,
58,Spannagel cave,140,SPA128,301435,2716.100439,23.54340834,23.76546439,-7.88726585382,
58,Spannagel cave,732,SPA127_2023,431133,2716.26505925998,73.3753200536507,69.3950582015741,-7.66809280607908,-3.70665503238341
58,Spannagel cave,140,SPA128,301436,2718.347097,23.29332952,23.79866802,-7.74694107362,
58,Spannagel cave,141,SPA127,302364,2719.68608,73.59753996,69.97147116,-7.68824341531,
58,Spannagel cave,140,SPA128,301437,2720.424487,23.326217,23.55393766,-7.75507596788,
58,Spannagel cave,732,SPA127_2023,431134,2721.5814159128,73.2203773657529,69.105252658896,-7.68824341531337,-3.44899845070018
58,Spannagel cave,140,SPA128,301438,2722.501276,23.30252904,23.33562416,-7.98587724289,
58,Spannagel cave,140,SPA128,301439,2724.692735,22.86606806,23.10838502,-7.99806308095,
58,Spannagel cave,141,SPA127,302365,2725.09248,73.37279659,69.9039513,-7.90407199297,
58,Spannagel cave,732,SPA127_2023,431135,2726.93584195555,73.0273652879287,68.8075529749376,-7.90407199296699,-3.52873558964692
58,Spannagel cave,140,SPA128,301440,2726.951019,22.53878032,23.1985987,-8.03777592121,
58,Spannagel cave,140,SPA128,301441,2729.048736,22.5613353,23.19354848,-8.08159605463,
58,Spannagel cave,141,SPA127,302366,2730.530053,73.04700664,69.82620147,-7.79911894274,
58,Spannagel cave,140,SPA128,301442,2731.141728,22.41633636,22.88176375,-8.13528611616,
58,Spannagel cave,732,SPA127_2023,431136,2732.22606659265,72.8985546157596,68.4857918879802,-7.79911894273829,-3.42691039102213
58,Spannagel cave,140,SPA128,301443,2733.350649,22.45609425,22.73374932,-8.28091068484,
58,Spannagel cave,140,SPA128,301444,2735.530136,22.23651713,22.61266225,-8.00866428856,
58,Spannagel cave,141,SPA127,302367,2736.037061,72.63754247,69.91806553,-7.8939878778,
58,Spannagel cave,140,SPA128,301445,2737.594145,22.42296732,22.44132716,-7.86988389482,
58,Spannagel cave,732,SPA127_2023,431137,2737.68494448425,72.5918952598877,68.3258864964655,-7.89398787779783,-3.20939813401808
58,Spannagel cave,140,SPA128,301446,2739.690266,22.43594809,22.4423184,-7.86350596375,
58,Spannagel cave,141,SPA127,302368,2741.316206,72.45594187,69.40622609,-7.89617622919,
58,Spannagel cave,140,SPA128,301447,2741.861359,22.50963189,22.26895335,-7.90687211868,
58,Spannagel cave,732,SPA127_2023,431138,2743.06253081978,72.3633128422084,68.0563955479493,-7.89617622919119,-3.17855883254742
58,Spannagel cave,140,SPA128,301448,2744.097198,22.42413491,22.19982077,-7.88237851083,
58,Spannagel cave,140,SPA128,301449,2746.130715,22.5495047,22.02534968,-7.90702585729,
58,Spannagel cave,141,SPA127,302369,2746.699457,72.17023539,69.02204249,-7.96609350167,
58,Spannagel cave,140,SPA128,301450,2748.323247,22.52907455,21.90460768,-7.82851600389,
58,Spannagel cave,732,SPA127_2023,431139,2748.37407924047,72.2172818349795,67.6409287775773,-7.96609350166515,-3.376224285055
58,Spannagel cave,140,SPA128,301451,2750.438643,22.46068434,21.90468676,-7.9619916316,
58,Spannagel cave,141,SPA127,302370,2752.151874,71.83778236,68.88450392,-7.99902281443,
58,Spannagel cave,140,SPA128,301452,2752.538015,22.23007766,22.07843131,-8.28857011387,
58,Spannagel cave,732,SPA127_2023,431140,2753.75953156944,71.9645823781702,67.5100888690299,-7.99902281442883,-3.59197353347127
58,Spannagel cave,140,SPA128,301453,2754.697882,22.28671512,22.1330756,-8.20607165312,
58,Spannagel cave,140,SPA128,301454,2756.722493,22.55244222,22.19333907,-8.23033383772,
58,Spannagel cave,141,SPA127,302371,2757.629986,71.46114553,68.75049965,-8.03134903322,
58,Spannagel cave,140,SPA128,301455,2758.883479,22.25952641,22.12960396,-8.35583787277,
58,Spannagel cave,732,SPA127_2023,431141,2759.09071008743,71.7199891640666,67.3620520639215,-8.03134903322367,-3.97878091000115
58,Spannagel cave,140,SPA128,301456,2760.994529,22.38262082,22.16329294,-8.28455621859,
58,Spannagel cave,140,SPA128,301457,2763.144095,22.51547034,22.2210513,-8.06106816573,
58,Spannagel cave,141,SPA127,302372,2763.170498,71.17017935,68.67889506,-7.93256301183,
58,Spannagel cave,732,SPA127_2023,431142,2764.34199732255,71.5552872328453,67.1117340181841,-7.93256301183214,-3.95373979164049
58,Spannagel cave,140,SPA128,301458,2765.218114,22.66781198,22.1438751,-7.8979873391,
58,Spannagel cave,140,SPA128,301459,2767.429999,22.63925891,22.36610849,-8.33933360529,
58,Spannagel cave,141,SPA127,302373,2768.622322,70.76657493,68.83581375,-7.80732874873,
58,Spannagel cave,140,SPA128,301460,2769.570029,22.95590922,22.50235231,-8.70869146855,
58,Spannagel cave,732,SPA127_2023,431143,2769.62783396545,71.3330434609134,66.9556231537517,-7.80732874873332,-4.19565439375705
58,Spannagel cave,140,SPA128,301461,2771.708884,23.13799575,22.53805567,-8.55666244235,
58,Spannagel cave,140,SPA128,301462,2773.93364,23.26315046,22.31572471,-8.31734973854,
58,Spannagel cave,141,SPA127,302374,2774.129768,70.43905985,68.68840193,-7.68402099556,
58,Spannagel cave,732,SPA127_2023,431144,2774.89505143734,71.1257342544204,66.6892023834912,-7.68402099556217,-4.19819097521419
58,Spannagel cave,140,SPA128,301463,2776.038209,23.51421501,22.32134933,-8.49667827293,
58,Spannagel cave,140,SPA128,301464,2778.200055,23.55001431,22.16402088,-8.48460642256,
58,Spannagel cave,141,SPA127,302375,2779.564109,70.18464842,68.46788644,-7.62047572114,
58,Spannagel cave,732,SPA127_2023,431145,2780.25977740474,70.8708080549995,66.2232890480227,-7.6204757211405,-4.15808857728472
58,Spannagel cave,140,SPA128,301465,2780.273362,23.81847861,22.02774884,-8.5983338074,
58,Spannagel cave,140,SPA128,301466,2782.435833,23.79331259,22.02207837,-8.25580162946,
58,Spannagel cave,140,SPA128,301467,2784.495424,23.66412718,21.96874788,-8.17382102504,
58,Spannagel cave,141,SPA127,302376,2784.933239,69.99544922,68.27251902,-7.87222555814,
58,Spannagel cave,732,SPA127_2023,431146,2785.70222165578,70.6384821038309,66.1189362952464,-7.87222555814207,-3.86956088993284
58,Spannagel cave,140,SPA128,301468,2786.68298,23.72193979,22.15582596,-8.05045977125,
58,Spannagel cave,140,SPA128,301469,2788.868971,23.80519605,22.48224805,-8.15528985874,
58,Spannagel cave,141,SPA127,302377,2790.448057,69.68418171,68.3262165,-7.75484775563,
58,Spannagel cave,732,SPA127_2023,431147,2791.07538923265,70.3312036778161,65.838825725446,-7.75484775562592,-4.02058788051936
58,Spannagel cave,140,SPA128,301470,2791.151333,23.77909179,22.6664437,-8.09709203279,
58,Spannagel cave,140,SPA128,301471,2793.250191,23.91227156,22.81717373,-8.01975966817,
58,Spannagel cave,141,SPA127,302378,2795.918537,69.39509801,68.30628186,-7.74912716645,
58,Spannagel cave,732,SPA127_2023,431148,2796.41780924407,69.9862541017228,65.5502805115966,-7.7491271664504,-3.85154408226542
58,Spannagel cave,140,SPA128,301472,2797.448578,24.45622099,22.67339611,-8.05781931375,
58,Spannagel cave,140,SPA128,301473,2799.556017,24.84896362,22.87273465,-8.09122931785,
58,Spannagel cave,141,SPA127,302379,2801.417539,69.06458864,68.31486888,-7.59934004708,
58,Spannagel cave,732,SPA127_2023,431149,2801.65425726736,69.8402608021543,65.1588095625611,-7.59934004707798,-3.39095043066713
58,Spannagel cave,140,SPA128,301474,2801.778977,25.07855735,23.11401805,-8.15254989415,
58,Spannagel cave,140,SPA128,301475,2803.955527,25.33213679,23.36062331,-8.10569353596,
58,Spannagel cave,140,SPA128,301476,2806.063837,25.6360558,23.48463633,-8.14101714617,
58,Spannagel cave,141,SPA127,302380,2806.819339,68.84058563,68.22625424,-7.76671803177,
58,Spannagel cave,732,SPA127_2023,431150,2807.10925787503,69.4757149182137,64.8496000266073,-7.76671803176726,-3.42290910461327
58,Spannagel cave,140,SPA128,301477,2808.188176,25.73682377,23.58817535,-7.94774245193,
58,Spannagel cave,140,SPA128,301478,2810.419357,25.81016198,23.8522594,-7.93979026105,
58,Spannagel cave,141,SPA127,302381,2812.239014,68.62621834,67.98568508,-7.71886803372,
58,Spannagel cave,732,SPA127_2023,431151,2812.50603986393,69.1693876530412,64.6211716974472,-7.71886803372479,-3.26920281109452
58,Spannagel cave,140,SPA128,301479,2812.537787,26.02775674,24.16707414,-7.9477369579,
58,Spannagel cave,140,SPA128,301480,2814.709625,26.28636519,24.38123672,-8.13488415397,
58,Spannagel cave,141,SPA127,302382,2817.554208,68.49035182,67.7721382,-7.77421872362,
58,Spannagel cave,732,SPA127_2023,431152,2817.88657999226,68.8793022484342,64.5769952545897,-7.77421872361929,-3.10502266445022
58,Spannagel cave,140,SPA128,301481,2818.960944,26.67693341,24.64968842,-7.89771487592,
58,Spannagel cave,140,SPA128,301482,2821.136162,26.97459717,24.89390778,-7.88622136238,
58,Spannagel cave,141,SPA127,302383,2822.855695,68.23392665,67.69791444,-7.76227239219,
58,Spannagel cave,732,SPA127_2023,431153,2823.09121606539,68.7651208990383,64.1174410961398,-7.76227239218522,-2.98577624954115
58,Spannagel cave,140,SPA128,301483,2823.247596,27.35616545,25.25267332,-7.92814953955,
58,Spannagel cave,140,SPA128,301484,2825.400169,27.57627736,25.58083728,-7.86095308606,
58,Spannagel cave,140,SPA128,301485,2827.623629,27.70513528,25.83687242,-7.88048824742,
58,Spannagel cave,141,SPA127,302384,2828.253459,67.92353512,67.6907647,-7.6590773839,
58,Spannagel cave,732,SPA127_2023,431154,2828.48758328606,68.4592084020924,64.1362748771712,-7.65907738390045,-2.51570551847726
58,Spannagel cave,140,SPA128,301486,2829.830548,28.00510908,26.0417767,-8.02193964648,
58,Spannagel cave,140,SPA128,301487,2832.03226,28.27652925,26.43984703,-7.89990588454,
58,Spannagel cave,141,SPA127,302385,2833.728183,67.36613496,67.25693065,-7.56169916392,
58,Spannagel cave,732,SPA127_2023,431155,2833.91235810964,68.1132874127902,64.4268479733246,-7.561699163917,-2.39215084449857
58,Spannagel cave,140,SPA128,301488,2834.166996,28.60358071,26.78552079,-8.43236538193,
58,Spannagel cave,140,SPA128,301489,2836.313542,29.05552766,27.22349252,-8.21055330283,
58,Spannagel cave,140,SPA128,301490,2838.428701,29.25193333,27.56322474,-8.07564901468,
58,Spannagel cave,141,SPA127,302386,2839.13432,67.10057657,66.72903955,-7.56062638158,
58,Spannagel cave,732,SPA127_2023,431156,2839.20956914788,68.2326624302336,64.2318306886273,-7.5606263815769,-2.69979541813383
58,Spannagel cave,140,SPA128,301491,2840.60242,29.57065863,27.8423555,-8.34598974507,
58,Spannagel cave,140,SPA128,301492,2842.820756,29.85089354,28.11771228,-8.3709519833,
58,Spannagel cave,141,SPA127,302387,2844.357721,66.96646223,66.01841301,-7.64550874003,
58,Spannagel cave,732,SPA127_2023,431157,2844.6459286362,67.9086732345945,63.7893307561612,-7.64550874002751,-2.86518392799672
58,Spannagel cave,140,SPA128,301493,2844.942801,30.21516664,28.31290036,-8.14849723148,
58,Spannagel cave,140,SPA128,301494,2847.115713,30.49236708,28.60589039,-8.13073526915,
58,Spannagel cave,140,SPA128,301495,2849.290757,30.74333512,29.04151425,-8.0466746173,
58,Spannagel cave,141,SPA127,302388,2849.766565,66.55745065,65.75814525,-7.79329564177,
58,Spannagel cave,732,SPA127_2023,431158,2850.08504117389,67.4404785750435,63.4823105459895,-7.79329564176912,-2.97212355074392
58,Spannagel cave,140,SPA128,301496,2851.488899,30.92243657,29.40137129,-8.01496114876,
58,Spannagel cave,140,SPA128,301497,2853.705432,31.21194128,29.71013509,-7.97313636294,
58,Spannagel cave,141,SPA127,302389,2855.016917,66.74578563,65.35374794,-7.68173962565,
58,Spannagel cave,732,SPA127_2023,431159,2855.5246922258,67.3893996541119,63.448327022707,-7.68173962564822,-2.89734807352203
58,Spannagel cave,140,SPA128,301498,2855.800344,31.51764005,29.93183366,-8.12086105048,
58,Spannagel cave,140,SPA128,301499,2857.969903,31.83731001,30.23720457,-7.96814625574,
58,Spannagel cave,140,SPA128,301500,2860.154492,32.16068111,30.54826512,-8.09788991431,
58,Spannagel cave,141,SPA127,302390,2860.372715,66.49375383,65.1946904,-7.75023387525,
58,Spannagel cave,732,SPA127_2023,431160,2860.82594985582,67.2296324472809,63.2317506898034,-7.75023387524624,-2.85511925496971
58,Spannagel cave,140,SPA128,301501,2862.334962,32.50519898,31.05508663,-8.13133013786,
58,Spannagel cave,140,SPA128,301502,2864.554824,32.76575715,31.40829921,-8.0672808964,
58,Spannagel cave,141,SPA127,302391,2865.659279,66.26348768,64.67168954,-7.85942406028,
58,Spannagel cave,732,SPA127_2023,431161,2866.20995986043,67.0242595175114,62.8674470054707,-7.85942406027524,-2.84077934703315
58,Spannagel cave,140,SPA128,301503,2867.143147,32.3945186,30.94294412,-8.1285924591,
58,Spannagel cave,140,SPA128,301504,2869.80653,31.88763983,30.51074973,-8.18198251889,
58,Spannagel cave,141,SPA127,302392,2870.922303,66.28274281,64.16567063,-8.00453139162,
58,Spannagel cave,732,SPA127_2023,431162,2871.50418450485,66.7678464083333,62.6270346391752,-8.0045313916205,-3.22172814298248
58,Spannagel cave,140,SPA128,301505,2872.414602,31.4950949,30.02809173,-7.91179740693,
58,Spannagel cave,140,SPA128,301506,2874.981265,31.17645008,29.55764016,-7.81180126227,
58,Spannagel cave,141,SPA127,302393,2876.19873,66.1016776,64.06231397,-7.97230659723,
58,Spannagel cave,732,SPA127_2023,431163,2877.04296635911,66.3506044912815,62.6733429270798,-7.97230659723149,-3.2072031956591
58,Spannagel cave,140,SPA128,301507,2877.584988,30.74911443,29.14387045,-7.85888941141,
58,Spannagel cave,140,SPA128,301508,2880.185594,30.16884839,28.71795685,-7.88762879064,
58,Spannagel cave,141,SPA127,302394,2881.576119,65.70117329,63.63648157,-8.02930671044,
58,Spannagel cave,732,SPA127_2023,431164,2882.44806525766,66.0976342994159,62.238655983474,-8.02930671043798,-3.21103905173483
58,Spannagel cave,140,SPA128,301509,2882.82534,29.72851453,28.23952295,-7.85619492639,
58,Spannagel cave,140,SPA128,301510,2885.427488,29.2306481,27.84392526,-8.17889489747,
58,Spannagel cave,141,SPA127,302395,2887.05034,65.47061346,63.71680783,-7.95680356765,
58,Spannagel cave,732,SPA127_2023,431165,2887.67119122647,66.0046266716754,61.7709827400377,-7.95680356764652,-3.15567574625728
58,Spannagel cave,140,SPA128,301511,2888.047754,28.71902461,27.34498729,-8.09094001275,
58,Spannagel cave,140,SPA128,301512,2890.628201,28.39364275,26.91506696,-8.02585990587,
58,Spannagel cave,141,SPA127,302396,2892.61344,65.16364092,63.8498591,-7.82291608804,
58,Spannagel cave,732,SPA127_2023,431166,2892.98427364367,65.7209649117308,61.3462828994516,-7.82291608803886,-3.04539631920741
58,Spannagel cave,140,SPA128,301513,2893.176466,28.18437656,26.50577258,-7.96827660701,
58,Spannagel cave,140,SPA128,301514,2895.726838,27.86309976,26.18304565,-8.04370394156,
58,Spannagel cave,141,SPA127,302397,2898.126952,64.90625567,63.81838794,-7.79792527372,
58,Spannagel cave,732,SPA127_2023,431167,2898.23871398553,65.6031315721502,61.0023697680731,-7.79792527371753,-2.78780476429394
58,Spannagel cave,140,SPA128,301515,2898.320943,27.62922174,25.65744784,-8.02276553928,
58,Spannagel cave,140,SPA128,301516,2900.920201,27.14004971,25.34520521,-8.18886809682,
58,Spannagel cave,141,SPA127,302398,2903.56726,64.67224302,63.72635571,-7.65327581707,
58,Spannagel cave,140,SPA128,301517,2903.575552,26.82575696,25.00020024,-7.8927843667,
58,Spannagel cave,732,SPA127_2023,431168,2903.77914032252,65.1568864556343,60.9761023742058,-7.65327581706699,-2.30683637059889
58,Spannagel cave,140,SPA128,301518,2906.139099,26.48568997,24.69108338,-7.92495260935,
58,Spannagel cave,140,SPA128,301519,2908.67614,26.07758353,24.31538155,-8.20694941903,
58,Spannagel cave,141,SPA127,302399,2908.977448,64.42649421,63.78779034,-7.89484637629,
58,Spannagel cave,732,SPA127_2023,431169,2909.10441825781,64.9041960742584,60.6057641781181,-7.89484637629323,-2.25708632562699
58,Spannagel cave,140,SPA128,301520,2911.322405,25.68602919,24.01365565,-8.24532242278,
58,Spannagel cave,140,SPA128,301521,2913.956052,25.30709314,23.81765666,-8.21695405253,
58,Spannagel cave,732,SPA127_2023,431170,2914.46137209897,64.6198297870128,60.3551305979131,-7.91019547780405,-2.25475101842644
58,Spannagel cave,141,SPA127,302400,2914.48504,64.25853514,63.87338857,-7.9101954778,
58,Spannagel cave,140,SPA128,301522,2916.660279,24.88484508,23.5127126,-8.00359533661,
58,Spannagel cave,140,SPA128,301523,2919.316625,24.49492729,23.24999766,-8.31890728446,
58,Spannagel cave,141,SPA127,302401,2919.822514,64.11700212,63.95910103,-7.88784879285,
58,Spannagel cave,732,SPA127_2023,431171,2920.00811050887,64.3106111663592,60.3982404786057,-7.88784879284943,-2.35914253011378
58,Spannagel cave,140,SPA128,301524,2921.967652,24.31439634,23.02757492,-8.24096796201,
58,Spannagel cave,140,SPA128,301525,2924.650451,23.86808352,22.67604984,-8.48481606425,
58,Spannagel cave,141,SPA127,302402,2925.323189,63.92650823,63.88915795,-7.90721716239,
58,Spannagel cave,732,SPA127_2023,431172,2925.33533990517,64.2099540632453,60.3411201040412,-7.90721716238503,-2.56772215450186
58,Spannagel cave,140,SPA128,301526,2927.27677,23.4859762,22.36012335,-7.90816000524,
58,Spannagel cave,140,SPA128,301527,2929.80664,23.17721558,21.95421167,-8.01752680139,
58,Spannagel cave,141,SPA127,302403,2930.682371,63.69079394,63.57382485,-7.86008675273,
58,Spannagel cave,732,SPA127_2023,431173,2930.68819830785,64.2759207047875,60.3056259009782,-7.8600867527277,-2.22231021575812
58,Spannagel cave,140,SPA128,301528,2932.451448,22.86225828,21.72187021,-8.14593496783,
58,Spannagel cave,140,SPA128,301529,2935.012848,22.51823857,21.37962749,-8.18770515217,
58,Spannagel cave,732,SPA127_2023,431174,2936.07889064527,64.3040534115949,60.3332329009259,-7.76802092524951,-1.77082305690729
58,Spannagel cave,141,SPA127,302404,2936.102054,63.34308223,63.28629058,-7.76802092525,
58,Spannagel cave,140,SPA128,301530,2937.56123,22.24607861,20.83269372,-8.03690785243,
58,Spannagel cave,140,SPA128,301531,2940.121993,22.00726205,20.6840553,-7.98960587796,
58,Spannagel cave,732,SPA127_2023,431175,2941.39184108643,64.4099280146625,60.2761486798513,-7.78192542120609,-1.21593810103937
58,Spannagel cave,141,SPA127,302405,2941.439042,63.1184584,62.87777053,-7.78192542121,
58,Spannagel cave,140,SPA128,301532,2942.674526,21.71826612,20.24483242,-7.9149827812,
58,Spannagel cave,140,SPA128,301533,2945.263929,21.45543924,19.98359572,-7.6133025219,
58,Spannagel cave,732,SPA127_2023,431176,2946.71941885668,64.4538705560053,60.2336917878679,-7.92598763486732,-1.0273109387373
58,Spannagel cave,141,SPA127,302406,2946.80525,62.89727888,62.37643188,-7.92598763487,
58,Spannagel cave,140,SPA128,301534,2947.837128,21.11755938,19.62557998,-7.41476375267,
58,Spannagel cave,140,SPA128,301535,2950.46489,20.80438637,19.19489257,-7.70423074709,
58,Spannagel cave,732,SPA127_2023,431177,2952.00476549363,64.3043965190786,60.1490037625881,-7.95169996219185,-1.3065582605955
58,Spannagel cave,141,SPA127,302407,2952.225996,62.62156067,62.06811636,-7.95169996219,
58,Spannagel cave,140,SPA128,301536,2953.05963,20.51127428,18.84677946,-7.50393822376,
58,Spannagel cave,140,SPA128,301537,2955.677382,20.2230425,18.53071898,-7.7527281191,
58,Spannagel cave,732,SPA127_2023,431178,2957.30502411457,63.9272067339821,60.0792277212895,-7.93474736811826,-2.49902126728513
58,Spannagel cave,141,SPA127,302408,2957.632384,62.35612633,61.9728654,-7.93474736812,
58,Spannagel cave,140,SPA128,301538,2958.268962,19.90264111,18.12958157,-7.68832266878,
58,Spannagel cave,140,SPA128,301539,2960.899843,19.5902665,17.79499523,-7.81115181326,
58,Spannagel cave,732,SPA127_2023,431179,2962.62040099597,63.5188560357738,60.0111749481844,-7.87645515516918,-2.94089704069587
58,Spannagel cave,141,SPA127,302409,2962.949088,62.10529511,61.60630888,-7.87645515517,
58,Spannagel cave,140,SPA128,301540,2963.488666,19.12595531,17.55797825,-7.92247449005,
58,Spannagel cave,140,SPA128,301541,2966.119193,18.85906304,17.20513886,-7.82302433629,
58,Spannagel cave,732,SPA127_2023,431180,2967.92958873697,63.1166944779679,59.9344756224882,-7.89864575926254,-2.49370994700857
58,Spannagel cave,141,SPA127,302410,2968.426891,61.71549428,61.58124882,-7.89864575926,
58,Spannagel cave,140,SPA128,301542,2968.731349,18.69610031,17.0353378,-7.91852644692,
58,Spannagel cave,140,SPA128,301543,2971.396895,18.28908639,16.92782198,-7.94535844751,
58,Spannagel cave,732,SPA127_2023,431181,2973.38755034378,62.5657590543474,59.9565350077846,-7.68388340802807,-1.68022602140436
58,Spannagel cave,141,SPA127,302411,2973.787945,61.44244309,61.37945912,-7.68388340803,
58,Spannagel cave,140,SPA128,301544,2974.063445,17.94749614,16.79369584,-8.00092333364,
58,Spannagel cave,140,SPA128,301545,2976.641966,17.82423351,16.66502204,-8.1039703177,
58,Spannagel cave,732,SPA127_2023,431182,2978.69242354838,62.1679120329295,59.5629883282327,-7.81827256673983,-0.983969292261874
58,Spannagel cave,141,SPA127,302412,2979.293769,61.02462109,61.12125453,-7.81827256674,
58,Spannagel cave,140,SPA128,301546,2979.314485,17.6277505,16.58593533,-8.20667293724,
58,Spannagel cave,140,SPA128,301547,2982.006858,17.10058597,16.67638151,-8.23047628942,
58,Spannagel cave,732,SPA127_2023,431183,2984.14448211457,61.7325400514196,59.3846254978102,-7.69258090233201,-1.72799954565684
58,Spannagel cave,141,SPA127,302413,2984.634623,60.77176963,60.95540268,-7.69258090233,
58,Spannagel cave,140,SPA128,301548,2984.671668,16.97501144,16.65585382,-8.45086848413,
58,Spannagel cave,140,SPA128,301549,2987.374315,16.70255518,16.63054434,-8.40404093437,
58,Spannagel cave,732,SPA127_2023,431184,2989.54758764384,61.681421082726,59.1514508488731,-7.6102276614128,-2.85235382673536
58,Spannagel cave,140,SPA128,301550,2990.056205,16.58373425,16.46158971,-8.28666622663,
58,Spannagel cave,141,SPA127,302414,2990.083871,60.44144791,60.79631275,-7.61022766141,
58,Spannagel cave,140,SPA128,301551,2992.621578,16.55198501,16.19116523,-8.0905315337,
58,Spannagel cave,732,SPA127_2023,431185,2994.97147811852,61.5984528698127,59.0975662532487,-7.80313979584198,-3.02461230977153
58,Spannagel cave,140,SPA128,301552,2995.279902,16.32228941,16.00126892,-7.79271617557,
58,Spannagel cave,141,SPA127,302415,2995.387511,60.38120757,60.49383082,-7.80313979584,
58,Spannagel cave,140,SPA128,301553,2997.930036,16.11651191,15.9318454,-7.57829491035,
58,Spannagel cave,140,SPA128,301554,3000.539631,15.91432943,16.00990582,-8.0939475227,
58,Spannagel cave,141,SPA127,302416,3000.840283,60.16869414,60.32865271,-7.58934565352,
58,Spannagel cave,140,SPA128,301555,3003.177691,15.71084333,16.07960955,-7.96065865664,
58,Spannagel cave,732,SPA127_2023,431186,3005.72726754453,61.6830621216172,59.0688312565844,-7.5893456535239,-1.63632791085501
58,Spannagel cave,140,SPA128,301556,3005.842009,15.51417374,16.26766817,-7.9913111278,
58,Spannagel cave,141,SPA127,302417,3006.271198,59.96492949,60.14161792,-7.83247758317,
58,Spannagel cave,140,SPA128,301557,3008.568273,15.20101195,16.39034569,-7.89497637821,
58,Spannagel cave,732,SPA127_2023,431187,3011.14345071127,61.5984325995069,58.9014934117986,-7.83247758316777,-1.64660623818465
58,Spannagel cave,140,SPA128,301558,3011.178853,15.09653618,16.38873671,-8.05198375168,
58,Spannagel cave,141,SPA127,302418,3011.742666,59.74521652,60.04986869,-7.93961383966,
58,Spannagel cave,140,SPA128,301559,3013.803499,15.01903234,16.45788989,-8.06186949804,
58,Spannagel cave,140,SPA128,301560,3016.342992,14.94105503,16.3789716,-8.22738953648,
58,Spannagel cave,732,SPA127_2023,431188,3016.49824951394,61.5653814258858,58.6404184531589,-7.93961383966434,-2.58626093521798
58,Spannagel cave,141,SPA127,302419,3017.140325,59.63729979,60.10274886,-7.97701260529,
58,Spannagel cave,140,SPA128,301561,3019.00973,14.79786274,16.37076721,-8.15308129297,
58,Spannagel cave,140,SPA128,301562,3021.658865,14.87339397,16.2415947,-8.1074208185,
58,Spannagel cave,732,SPA127_2023,431189,3021.91542251211,61.5127792829821,58.3023753710659,-7.9770126052946,-3.24480271317629
58,Spannagel cave,141,SPA127,302420,3022.463829,59.57547417,59.73651667,-8.10447742688,
58,Spannagel cave,140,SPA128,301563,3024.281525,14.8194431,16.27799916,-7.64051372072,
58,Spannagel cave,140,SPA128,301564,3026.871183,14.88529824,16.34516577,-7.4035191529,
58,Spannagel cave,732,SPA127_2023,431190,3027.30701639388,61.4857562564698,58.1757532810452,-8.10447742687899,-3.37826312232614
58,Spannagel cave,141,SPA127,302421,3027.767105,59.5218898,59.88165689,-7.88792016397,
58,Spannagel cave,140,SPA128,301565,3029.458378,15.05856471,16.39038057,-7.55018971629,
58,Spannagel cave,140,SPA128,301566,3032.061141,15.20125495,16.41547622,-7.95607778552,
58,Spannagel cave,732,SPA127_2023,431191,3032.6678033689,61.3557929468689,57.8625773429444,-7.88792016396535,-2.62842472458072
58,Spannagel cave,141,SPA127,302422,3033.105474,59.43464953,60.08486975,-8.020719363,
58,Spannagel cave,140,SPA128,301567,3034.680626,15.28931435,16.61731686,-8.18419907758,
58,Spannagel cave,140,SPA128,301568,3037.265325,15.36430755,16.54485748,-8.33511628409,
58,Spannagel cave,732,SPA127_2023,431192,3038.00342806512,61.0189540045835,57.6076025759339,-8.02071936300331,-3.34711797608116
58,Spannagel cave,141,SPA127,302423,3038.496829,59.2167581,59.76891737,-8.05833889484,
58,Spannagel cave,140,SPA128,301569,3042.530879,15.31228252,16.64923034,-7.88290890835,
58,Spannagel cave,732,SPA127_2023,431193,3043.35272984807,60.8890824170808,57.5069799248695,-8.05833889484227,-3.7339332919844
58,Spannagel cave,141,SPA127,302424,3043.840641,58.91493067,59.59747332,-7.96762265387,
58,Spannagel cave,140,SPA128,301570,3045.13409,15.26853282,16.77463679,-7.80922089381,
58,Spannagel cave,140,SPA128,301571,3047.688282,15.50798788,16.87822153,-7.75509077696,
58,Spannagel cave,732,SPA127_2023,431194,3048.72964465032,60.4934791869455,57.1938054199495,-7.96762265386752,-3.7222433246263
58,Spannagel cave,141,SPA127,302425,3049.257466,58.79615995,59.43821854,-7.90523265112,
58,Spannagel cave,140,SPA128,301572,3050.335585,15.59428213,17.05213745,-7.88173172385,
58,Spannagel cave,140,SPA128,301573,3052.970807,15.76497011,17.19367468,-8.32202853109,
58,Spannagel cave,732,SPA127_2023,431195,3054.09502683419,60.0215744663751,56.9099131154198,-7.90523265111512,-3.82317240854368
58,Spannagel cave,141,SPA127,302426,3054.640041,58.74958259,59.26157906,-7.84029193724,
58,Spannagel cave,140,SPA128,301574,3055.56545,15.90355166,17.24246987,-8.23637285015,
58,Spannagel cave,140,SPA128,301575,3058.145624,16.04269573,17.45451142,-7.94406767519,
58,Spannagel cave,732,SPA127_2023,431196,3059.41573565424,59.5943431096157,56.8614858703977,-7.84029193724099,-4.09996502101027
58,Spannagel cave,141,SPA127,302427,3059.971564,58.63585538,59.03578194,-7.8811619451,
58,Spannagel cave,140,SPA128,301576,3063.394149,16.57414488,18.07126907,-8.07795470795,
58,Spannagel cave,732,SPA127_2023,431197,3064.96218640818,59.0803253048075,56.9286036820322,-7.88116194509838,-4.45740169906734
58,Spannagel cave,141,SPA127,302428,3065.435886,58.239277,58.92686849,-8.11853287981,
58,Spannagel cave,140,SPA128,301577,3066.060433,16.74020077,18.06418529,-8.13565383581,
58,Spannagel cave,140,SPA128,301578,3068.758082,16.80727972,18.35089991,-8.17270052188,
58,Spannagel cave,732,SPA127_2023,431198,3070.23793939093,59.1310792272575,56.7940982176847,-8.11853287980824,-4.84807756821688
58,Spannagel cave,141,SPA127,302429,3070.865002,57.9130825,58.85265213,-7.91094490015,
58,Spannagel cave,140,SPA128,301579,3071.438256,16.93735076,18.69994163,-8.03193768158,
58,Spannagel cave,140,SPA128,301580,3074.000613,17.15311625,18.88360932,-7.95340030688,
58,Spannagel cave,140,SPA128,301581,3075.111973,17.35703331,18.95076529,-7.81947206293,
58,Spannagel cave,732,SPA127_2023,431199,3075.67963221885,59.0126482628125,56.8382607856879,-7.9109449001536,-4.34842011868423
58,Spannagel cave,141,SPA127,302430,3076.237954,57.59875208,58.7837461,-8.05539355141,
58,Spannagel cave,140,SPA128,301582,3076.290691,17.43527033,18.75510537,-7.78623887243,
58,Spannagel cave,140,SPA128,301583,3077.460281,17.36455363,18.83226973,-7.72212646796,
58,Spannagel cave,140,SPA128,301584,3078.613812,17.95337139,19.30240828,-7.98754501897,
58,Spannagel cave,140,SPA128,301585,3079.826722,18.50656226,19.70620093,-8.15406208913,
58,Spannagel cave,732,SPA127_2023,431200,3081.01169495324,58.999541598223,56.7721954466065,-8.05539355140629,-4.49629116382599
58,Spannagel cave,140,SPA128,301586,3081.012224,19.24743454,20.03357898,-8.27329264047,
58,Spannagel cave,141,SPA127,302431,3081.604526,57.2466189,58.70845923,-7.91270710523,
58,Spannagel cave,140,SPA128,301587,3082.167789,19.61966465,20.49663042,-7.95972568328,
58,Spannagel cave,140,SPA128,301588,3083.277273,20.33421394,21.1519347,-7.66699733356,
58,Spannagel cave,140,SPA128,301589,3084.430302,21.14226659,21.7170576,-7.71897445616,
58,Spannagel cave,140,SPA128,301590,3085.536301,22.26079973,22.38328408,-8.00300889797,
58,Spannagel cave,732,SPA127_2023,431201,3086.38796211024,58.9049788194989,56.7085517654104,-7.91270710523144,-4.61204332671248
58,Spannagel cave,140,SPA128,301591,3086.867346,23.12085937,22.73912921,-7.89949265592,
58,Spannagel cave,141,SPA127,302432,3086.960443,56.93530727,58.59153072,-7.9302318049,
58,Spannagel cave,140,SPA128,301592,3087.967464,24.20247255,23.2720273,-7.69137127999,
58,Spannagel cave,140,SPA128,301593,3089.031885,25.11127093,23.80371026,-7.65984841121,
58,Spannagel cave,140,SPA128,301594,3090.104629,26.36869913,24.26433244,-7.67775362013,
58,Spannagel cave,140,SPA128,301595,3090.972905,27.4631651,24.60118322,-7.47702221447,
58,Spannagel cave,732,SPA127_2023,431202,3091.81102260093,58.5175663505515,56.5649209597855,-7.93023180490054,-4.4744038730448
58,Spannagel cave,140,SPA128,301596,3092.131558,28.4822891,25.33486453,-7.40792252296,
58,Spannagel cave,141,SPA127,302433,3092.468053,56.66168402,58.6270201,-7.955258353,
58,Spannagel cave,140,SPA128,301597,3093.216964,29.65984342,26.04465221,-7.45211795694,
58,Spannagel cave,140,SPA128,301598,3094.280114,31.17789904,26.56791849,-7.75470413223,
58,Spannagel cave,140,SPA128,301599,3095.351334,32.42063887,27.36456881,-7.87378559475,
58,Spannagel cave,140,SPA128,301600,3096.258911,34.11470414,27.99347023,-7.89555941129,
58,Spannagel cave,732,SPA127_2023,431203,3097.22743059517,58.2665099264937,56.606632724217,-7.955258353001,-4.0738101183882
58,Spannagel cave,140,SPA128,301601,3097.288923,35.45861274,28.67668991,-7.98018377796,
58,Spannagel cave,141,SPA127,302434,3097.959982,56.52076915,58.51999103,-7.90933630582,
58,Spannagel cave,140,SPA128,301602,3098.467365,36.98996446,29.31154148,-8.20818139287,
58,Spannagel cave,140,SPA128,301603,3099.422065,38.82450803,29.8747635,-8.09758073467,
58,Spannagel cave,140,SPA128,301604,3100.415237,40.20461008,30.5339229,-8.52307082613,
58,Spannagel cave,140,SPA128,301605,3101.391234,42.25646291,31.09195491,-8.52026945231,
58,Spannagel cave,140,SPA128,301606,3102.415823,43.88834083,31.74084607,-8.20579150858,
58,Spannagel cave,732,SPA127_2023,431204,3102.73348927284,57.9441070168705,56.811571438966,-7.90933630582173,-3.96597722962761
58,Spannagel cave,141,SPA127,302435,3103.304604,56.49791049,58.48397195,-7.80072284303,
58,Spannagel cave,140,SPA128,301607,3103.393552,45.52808432,32.29702387,-8.13551657481,
58,Spannagel cave,140,SPA128,301608,3104.50978,47.18765442,33.07451223,-7.89914232318,
58,Spannagel cave,140,SPA128,301609,3105.451798,48.95954366,33.62612932,-7.84863091228,
58,Spannagel cave,140,SPA128,301610,3106.544589,50.49798703,34.23879119,-7.95140815789,
58,Spannagel cave,140,SPA128,301611,3107.777448,52.28360811,35.15155748,-7.87519334244,
58,Spannagel cave,732,SPA127_2023,431205,3108.1234079045,57.8502187320551,56.6529248244051,-7.80072284302872,-3.37355200480582
58,Spannagel cave,141,SPA127,302436,3108.641791,56.52482726,58.49587747,-7.90793841585,
58,Spannagel cave,140,SPA128,301612,3108.928534,53.93500599,36.20594884,-7.92976752372,
58,Spannagel cave,140,SPA128,301613,3109.977243,55.46985555,36.89440133,-7.89418337223,
58,Spannagel cave,140,SPA128,301614,3111.178619,57.30523551,37.70645335,-7.84832901888,
58,Spannagel cave,140,SPA128,301615,3112.127736,59.22037664,38.41746185,-7.92269214535,
58,Spannagel cave,732,SPA127_2023,431206,3113.30990946799,57.9046029208403,56.3359161923513,-7.90793841585308,-3.27390198675274
58,Spannagel cave,140,SPA128,301616,3113.40117,60.56104707,39.39404162,-7.83643916055,
58,Spannagel cave,141,SPA127,302437,3114.059455,56.3256783,58.58186352,-8.00677264434,
58,Spannagel cave,140,SPA128,301617,3114.549144,61.97257774,40.17857978,-7.57294557083,
58,Spannagel cave,140,SPA128,301618,3115.752481,63.24749931,41.02969544,-7.57677364198,
58,Spannagel cave,140,SPA128,301619,3116.790595,64.59677547,41.80227562,-7.65240350937,
58,Spannagel cave,140,SPA128,301620,3117.971306,65.80785101,42.64254537,-7.89530257511,
58,Spannagel cave,732,SPA127_2023,431207,3118.71219870558,57.6824829254638,56.0751887723272,-8.00677264434052,-3.4005896589141
58,Spannagel cave,140,SPA128,301621,3119.043078,67.2294762,43.34041984,-8.33996850452,
58,Spannagel cave,141,SPA127,302438,3119.462342,56.01433926,58.33085575,-8.05158712163,
58,Spannagel cave,140,SPA128,301622,3120.080837,68.6761417,44.17472922,-7.96616307617,
58,Spannagel cave,140,SPA128,301623,3121.124755,70.38115517,44.95708429,-8.1253101438,
58,Spannagel cave,140,SPA128,301624,3122.200803,71.8325124,45.8655604,-8.28642719611,
58,Spannagel cave,140,SPA128,301625,3123.260545,73.24374798,46.77006672,-8.44970533458,
58,Spannagel cave,732,SPA127_2023,431208,3124.23650723726,57.4051324974102,56.1701315927717,-8.05158712163196,-3.53269418451946
58,Spannagel cave,140,SPA128,301626,3124.301393,74.96060164,47.57627487,-8.39480032852,
58,Spannagel cave,141,SPA127,302439,3124.869484,55.70658853,57.87490156,-7.98139036296,
58,Spannagel cave,140,SPA128,301627,3125.253542,76.44680526,48.24631947,-8.27366041401,
58,Spannagel cave,140,SPA128,301628,3126.383766,77.73977795,49.2575702,-8.11582920781,
58,Spannagel cave,140,SPA128,301629,3127.575839,79.12440454,50.2696758,-8.12479658504,
58,Spannagel cave,140,SPA128,301630,3128.692153,80.57953059,51.19291651,-8.17239666098,
58,Spannagel cave,732,SPA127_2023,431209,3129.54368548024,57.3185764338386,56.1548703927842,-7.98139036295659,-3.81966610004083
58,Spannagel cave,140,SPA128,301631,3129.770657,82.38330359,52.16682833,-8.08369539553,
58,Spannagel cave,141,SPA127,302440,3130.232327,55.52546226,57.37464835,-7.98819469521,
58,Spannagel cave,140,SPA128,301632,3130.866967,83.83572273,53.21772607,-8.07517082992,
58,Spannagel cave,140,SPA128,301633,3132.085886,85.13665074,54.34650903,-8.09832422666,
58,Spannagel cave,140,SPA128,301634,3133.225957,86.51642677,55.22343731,-7.92942062785,
58,Spannagel cave,140,SPA128,301635,3134.380367,87.92467502,56.12975487,-7.88582387502,
58,Spannagel cave,732,SPA127_2023,431210,3134.91879450396,57.0322520970667,56.2075399735372,-7.98819469520573,-3.96502749744639
58,Spannagel cave,140,SPA128,301636,3135.426237,89.48284809,57.00478318,-7.89430317228,
58,Spannagel cave,141,SPA127,302441,3135.607389,55.61641187,57.28824913,-8.0955490854,
58,Spannagel cave,140,SPA128,301637,3136.523472,91.01656351,57.93806359,-8.03162158133,
58,Spannagel cave,140,SPA128,301638,3137.607201,92.56378547,58.94188444,-7.90421330626,
58,Spannagel cave,140,SPA128,301639,3138.900123,93.90181432,60.01550098,-7.96578727069,
58,Spannagel cave,140,SPA128,301640,3140.040024,95.3708207,60.93392047,-7.81048458862,
58,Spannagel cave,732,SPA127_2023,431211,3140.27407478029,56.9166784530676,56.2383214855736,-8.09554908539764,-4.16811299270675
58,Spannagel cave,141,SPA127,302442,3140.95577,55.73404401,57.3358291,-8.14728318741,
58,Spannagel cave,140,SPA128,301641,3141.13976,96.86609373,61.81686519,-7.68761971443,
58,Spannagel cave,140,SPA128,301642,3142.256084,98.34477812,62.75855636,-7.46856487048,
58,Spannagel cave,140,SPA128,301643,3143.290579,99.90529216,63.68464076,-7.67479424939,
58,Spannagel cave,140,SPA128,301644,3144.366495,101.4243844,64.59576303,-7.67203351702,
58,Spannagel cave,140,SPA128,301645,3145.436061,102.8937539,65.46258041,-7.68708286845,
58,Spannagel cave,732,SPA127_2023,431212,3145.79619375731,56.6060261649563,56.4506382458139,-8.14728318740675,-4.02270103046996
58,Spannagel cave,141,SPA127,302443,3146.354741,55.72927181,57.48694346,-7.88509757047,
58,Spannagel cave,140,SPA128,301646,3146.723702,104.1301989,66.70166099,-7.73185356784,
58,Spannagel cave,140,SPA128,301647,3147.870749,105.5072384,67.76267883,-7.64077667281,
58,Spannagel cave,140,SPA128,301648,3148.959528,106.9338691,68.76296824,-7.67592536251,
58,Spannagel cave,140,SPA128,301649,3149.944986,108.5258975,69.64835623,-7.8819100484,
58,Spannagel cave,140,SPA128,301650,3151.135704,109.9319285,70.80877365,-7.952302591,
58,Spannagel cave,732,SPA127_2023,431213,3151.18583378893,56.3894355204507,56.3055191012859,-7.88509757046638,-3.5356778015592
58,Spannagel cave,141,SPA127,302444,3151.787339,55.52479261,57.67168377,-8.0803819872,
58,Spannagel cave,140,SPA128,301651,3152.293809,111.3705733,71.93657729,-8.10966741071,
58,Spannagel cave,140,SPA128,301652,3154.467585,114.3987375,73.73269432,-8.16103481621,
58,Spannagel cave,140,SPA128,301653,3155.627311,115.8504766,74.67397527,-8.09945478626,
58,Spannagel cave,140,SPA128,301654,3156.646649,117.4426046,75.45245051,-8.1428014227,
58,Spannagel cave,732,SPA127_2023,431214,3156.69353069064,56.0547880058484,56.2743210190597,-8.08038198719694,-3.74402474587783
58,Spannagel cave,141,SPA127,302445,3157.300562,55.1226035,57.89326093,-8.04402424488,
58,Spannagel cave,140,SPA128,301655,3157.715082,119.0896109,76.21761408,-7.91994998508,
58,Spannagel cave,140,SPA128,301656,3158.905688,120.6375219,77.28900992,-7.94924735939,
58,Spannagel cave,140,SPA128,301657,3160.058043,122.0204243,78.25519649,-7.97517523506,
58,Spannagel cave,140,SPA128,301658,3161.105193,123.4797176,79.20144222,-7.90933835656,
58,Spannagel cave,732,SPA127_2023,431215,3162.1272884822,55.7940796013954,56.207869376326,-8.04402424488148,-3.92703495101784
58,Spannagel cave,140,SPA128,301659,3162.206458,125.0076389,80.21306776,-7.85851906436,
58,Spannagel cave,141,SPA127,302446,3162.789656,54.74081288,57.86905995,-8.10508079621,
58,Spannagel cave,140,SPA128,301660,3163.269284,126.6950922,81.18625421,-7.84813103323,
58,Spannagel cave,140,SPA128,301661,3164.342836,128.2801737,82.17016751,-7.97318809478,
58,Spannagel cave,140,SPA128,301662,3165.468631,129.7582608,83.19095731,-8.11410508931,
58,Spannagel cave,140,SPA128,301663,3166.527681,131.3581146,84.18909413,-8.03108384986,
58,Spannagel cave,732,SPA127_2023,431216,3167.46942443874,55.9777038571988,56.0610024453936,-8.10508079620556,-3.89762455685649
58,Spannagel cave,140,SPA128,301664,3167.586732,132.9367481,84.9828294,-8.17480815119,
58,Spannagel cave,141,SPA127,302447,3168.024628,54.75595085,57.45034374,-8.04050223314,
58,Spannagel cave,140,SPA128,301665,3168.699061,134.513936,85.88099194,-8.17761802585,
58,Spannagel cave,140,SPA128,301666,3169.848015,135.9898142,86.89904164,-8.12806914949,
58,Spannagel cave,140,SPA128,301667,3170.996968,137.4656923,87.905482,-8.08198589329,
58,Spannagel cave,140,SPA128,301668,3172.112909,139.0718956,88.98689679,-8.02387830841,
58,Spannagel cave,732,SPA127_2023,431217,3172.94022858447,55.7418107537787,56.3692332406386,-8.0405022331352,-3.85868110463923
58,Spannagel cave,140,SPA128,301669,3173.109639,140.7094955,89.88481813,-7.9440825145,
58,Spannagel cave,141,SPA127,302448,3173.367236,54.62039785,57.15372501,-7.93035698138,
58,Spannagel cave,140,SPA128,301670,3174.201997,142.5011223,90.90014487,-7.97871277389,
58,Spannagel cave,140,SPA128,301671,3175.244861,144.2338692,91.87984683,-7.74896084452,
58,Spannagel cave,140,SPA128,301672,3176.223691,145.9769527,92.79551438,-7.69998566532,
58,Spannagel cave,140,SPA128,301673,3177.178104,147.7444527,93.68676548,-7.74155520952,
58,Spannagel cave,140,SPA128,301674,3178.175679,149.4538027,94.62117849,-7.84969400456,
58,Spannagel cave,732,SPA127_2023,431218,3178.34300033069,55.5863821378844,56.1627352971291,-7.93035698138329,-3.79253834775128
58,Spannagel cave,141,SPA127,302449,3178.59798,54.75262087,56.84455213,-7.90867060599,
58,Spannagel cave,140,SPA128,301675,3179.286337,151.0330848,95.66070983,-7.93788117243,
58,Spannagel cave,140,SPA128,301676,3180.390176,152.6191846,96.59122995,-7.87172161197,
58,Spannagel cave,140,SPA128,301677,3181.421976,154.2903715,97.41196279,-7.97614873798,
58,Spannagel cave,140,SPA128,301678,3182.445823,155.9793058,98.2276102,-7.93455179036,
58,Spannagel cave,140,SPA128,301679,3183.533594,157.604317,99.10767146,-8.1313741462,
58,Spannagel cave,732,SPA127_2023,431219,3183.80634806392,55.3755391619306,55.9892434948415,-7.90867060598756,-3.68269045629453
58,Spannagel cave,141,SPA127,302450,3183.84636,54.80173095,56.90619275,-7.91259007952,
58,Spannagel cave,140,SPA128,301680,3186.11894,156.1304084,98.26139982,-8.34559220681,
58,Spannagel cave,140,SPA128,301681,3188.684005,154.6040594,97.37251089,-8.04324585605,
58,Spannagel cave,141,SPA127,302451,3189.170916,55.11610995,56.82373344,-7.8479104366,
58,Spannagel cave,732,SPA127_2023,431220,3189.24255258898,55.1951656981914,56.3260853746328,-7.91259007951594,-3.7584999699125
58,Spannagel cave,140,SPA128,301682,3191.281549,153.0322509,96.42947575,-8.02947289984,
58,Spannagel cave,140,SPA128,301683,3193.902772,151.5609317,95.69333861,-7.99684899013,
58,Spannagel cave,141,SPA127,302452,3194.57033,55.14581739,56.79347719,-8.10153136201,
58,Spannagel cave,732,SPA127_2023,431221,3194.64254223116,54.9336669608438,56.092690755594,-7.8479104366021,-3.7725242230463
58,Spannagel cave,140,SPA128,301684,3196.448852,150.1647561,94.79589335,-7.88916358865,
58,Spannagel cave,140,SPA128,301685,3198.991183,148.7723296,93.92923206,-7.64838738895,
58,Spannagel cave,732,SPA127_2023,431222,3200.04163034418,54.8812654835911,55.7729634264133,-8.10153136200788,-3.92150672457798
58,Spannagel cave,141,SPA127,302453,3200.053497,55.03357354,56.6829358,-7.87638152591,
58,Spannagel cave,140,SPA128,301686,3201.637285,147.2023529,93.36307232,-7.64375572419,
58,Spannagel cave,140,SPA128,301687,3204.352789,145.6766212,92.47893095,-7.72091202448,
58,Spannagel cave,141,SPA127,302454,3205.211522,55.13169167,56.40485494,-7.99416720936,
58,Spannagel cave,732,SPA127_2023,431223,3205.42488991586,54.7135239803183,55.6829724968507,-7.87638152591344,-4.07533018877967
58,Spannagel cave,140,SPA128,301688,3206.72003,144.4208177,91.29288117,-7.75713752575,
58,Spannagel cave,140,SPA128,301689,3209.150337,143.1019477,90.48949719,-7.67559697786,
58,Spannagel cave,141,SPA127,302455,3210.698699,54.74477733,56.31950886,-7.9731808611,
58,Spannagel cave,732,SPA127_2023,431224,3210.81476020122,54.6235609760279,55.6265280255157,-7.99416720936028,-4.15125023814823
58,Spannagel cave,140,SPA128,301690,3211.672201,141.7180239,89.44108247,-7.80779613741,
58,Spannagel cave,140,SPA128,301691,3214.190764,140.3186468,88.34734134,-7.85721338059,
58,Spannagel cave,732,SPA127_2023,431225,3216.12690828891,54.6410217991624,55.6592319948377,-7.97318086110159,-4.17603128595504
58,Spannagel cave,141,SPA127,302456,3216.235943,54.30779627,56.28867549,-7.96324657318,
58,Spannagel cave,140,SPA128,301692,3216.923647,138.7049498,87.67623492,-7.91355330036,
58,Spannagel cave,140,SPA128,301693,3219.472377,137.3957379,86.85206605,-7.86452214889,
58,Spannagel cave,141,SPA127,302457,3221.352033,54.59025521,56.25029223,-7.96370826753,
58,Spannagel cave,732,SPA127_2023,431226,3221.48639920272,54.533442268043,55.8911115068572,-7.96324657317978,-3.98985712378042
58,Spannagel cave,140,SPA128,301694,3222.032955,135.8387141,86.16541249,-7.93477632463,
58,Spannagel cave,140,SPA128,301695,3224.795286,134.16062,85.37621896,-7.72312792942,
58,Spannagel cave,141,SPA127,302458,3226.763527,54.62187974,56.26475686,-7.95907330833,
58,Spannagel cave,732,SPA127_2023,431227,3226.84512314308,54.4506922280043,55.9811775582198,-7.96370826753458,-3.30476657057174
58,Spannagel cave,140,SPA128,301696,3227.251579,132.8048155,84.35487,-7.83399932236,
58,Spannagel cave,140,SPA128,301697,3229.836019,131.3208638,83.61242713,-7.90654194118,
58,Spannagel cave,141,SPA127,302459,3232.047977,54.65677095,56.20168246,-7.94090585297,
58,Spannagel cave,732,SPA127_2023,431228,3232.31764478522,54.238873308042,55.9135296850709,-7.95907330832834,-2.95365275856348
58,Spannagel cave,140,SPA128,301698,3232.481781,129.7996177,82.82058643,-7.90456591448,
58,Spannagel cave,140,SPA128,301699,3235.0154,128.4393933,81.92375863,-7.85409690887,
58,Spannagel cave,141,SPA127,302460,3237.321017,54.59556467,56.22969292,-8.09662290874,
58,Spannagel cave,140,SPA128,301700,3237.569308,126.9924928,81.42765268,-7.87081100812,
58,Spannagel cave,732,SPA127_2023,431229,3237.79787618851,54.0365737282054,55.8114347736864,-7.94090585297072,-3.42298573703042
58,Spannagel cave,140,SPA128,301701,3240.111159,125.5635396,80.60613703,-7.8476097816,
58,Spannagel cave,141,SPA127,302461,3242.626858,54.58047485,56.25722598,-7.8889601192,
58,Spannagel cave,140,SPA128,301702,3242.65301,124.4885274,79.86766603,-7.7310762575,
58,Spannagel cave,732,SPA127_2023,431230,3243.14738639526,53.9223449902734,55.5702149188337,-8.09662290873597,-3.89326055156014
58,Spannagel cave,140,SPA128,301703,3245.13912,123.4504978,78.85971064,-7.75710815641,
58,Spannagel cave,140,SPA128,301704,3247.752333,122.0934936,77.91201299,-7.72688546306,
58,Spannagel cave,141,SPA127,302462,3247.984942,54.30322308,55.97072702,-8.02403078293,
58,Spannagel cave,732,SPA127_2023,431231,3248.44432683249,53.8967662451855,55.4371384470114,-7.88896011919563,-4.1636644172441
58,Spannagel cave,140,SPA128,301705,3250.225254,120.7198499,76.98753201,-7.56792015366,
58,Spannagel cave,140,SPA128,301706,3252.373692,119.7675719,75.50039994,-7.62890454166,
58,Spannagel cave,141,SPA127,302463,3253.3406,54.25964992,55.94323305,-8.02160151956,
58,Spannagel cave,732,SPA127_2023,431232,3253.72020738649,53.9757898515572,55.3291262916259,-8.02403078293179,-4.20948743230836
58,Spannagel cave,140,SPA128,301707,3255.220298,118.0728839,74.99842158,-7.65308290163,
58,Spannagel cave,140,SPA128,301708,3257.893723,116.584611,74.31502368,-7.76283304064,
58,Spannagel cave,141,SPA127,302464,3258.782049,53.99807408,55.82281225,-7.96319623472,
58,Spannagel cave,732,SPA127_2023,431233,3259.18618647409,53.7914136254044,55.3655722243757,-8.02160151955858,-4.17384769290687
58,Spannagel cave,140,SPA128,301709,3260.168409,115.4835746,73.10143536,-7.64242681032,
58,Spannagel cave,140,SPA128,301710,3262.606382,114.1418866,72.09800459,-7.7309365587,
58,Spannagel cave,141,SPA127,302465,3264.243699,53.6795982,56.00656034,-7.95592350237,
58,Spannagel cave,732,SPA127_2023,431234,3264.53353830366,53.8049127339646,55.2721386400813,-7.96319623471908,-4.16391765140869
58,Spannagel cave,140,SPA128,301711,3265.275192,112.5693622,71.78101379,-7.72465668406,
58,Spannagel cave,140,SPA128,301712,3267.982083,111.0013547,71.49318201,-7.7462544846,
58,Spannagel cave,141,SPA127,302466,3269.676861,53.38653824,56.03801197,-7.72095198381,
58,Spannagel cave,732,SPA127_2023,431235,3269.73017308181,53.9605966160834,55.0241843128706,-7.95592350237212,-4.02255355938123
58,Spannagel cave,140,SPA128,301713,3270.435542,109.8175598,70.53516471,-7.78524647365,
58,Spannagel cave,140,SPA128,301714,3273.127158,108.3693124,70.05835962,-7.75208260901,
58,Spannagel cave,141,SPA127,302467,3275.028125,53.38290266,56.22771741,-7.90589387365,
58,Spannagel cave,732,SPA127_2023,431236,3275.08255266882,53.9332279711111,54.8090706953958,-7.720951983808,-3.92041595398628
58,Spannagel cave,140,SPA128,301715,3275.468112,107.1057652,69.06667494,-7.71424308208,
58,Spannagel cave,140,SPA128,301716,3277.973466,105.6778177,68.25478276,-7.77453057707,
58,Spannagel cave,732,SPA127_2023,431237,3280.35276041052,53.9365098883923,54.5080849527299,-7.905893873653,-4.07733031628519
58,Spannagel cave,141,SPA127,302468,3280.391635,53.20409015,56.21853159,-7.82689575209,
58,Spannagel cave,140,SPA128,301717,3280.537277,104.0909046,67.32544614,-7.77547879084,
58,Spannagel cave,140,SPA128,301718,3283.149901,102.6804045,66.43595836,-7.9045765424,
58,Spannagel cave,732,SPA127_2023,431238,3285.65925201824,54.0284953525943,54.3416922082797,-7.82689575208919,-4.0680307800791
58,Spannagel cave,141,SPA127,302469,3285.723311,53.05889568,56.15816462,-7.74367210669,
58,Spannagel cave,140,SPA128,301719,3285.864474,101.0158623,65.58094664,-7.78880714255,
58,Spannagel cave,140,SPA128,301720,3288.36656,99.54398414,64.73343786,-7.92662565763,
58,Spannagel cave,732,SPA127_2023,431239,3291.02244409122,54.1511086117976,54.4300900770741,-7.74367210668865,-4.01175060497083
58,Spannagel cave,140,SPA128,301721,3291.075664,98.10304697,64.06234371,-7.99509681017,
58,Spannagel cave,141,SPA127,302470,3291.189849,52.82667354,56.24210819,-7.87848011275,
58,Spannagel cave,140,SPA128,301722,3293.595685,96.95340027,63.39816338,-7.69615536978,
58,Spannagel cave,140,SPA128,301723,3296.337837,95.46915038,62.99670925,-7.64835135177,
58,Spannagel cave,732,SPA127_2023,431240,3296.41127026952,53.9411288832766,54.544122051183,-7.87848011275459,-4.1966817625123
58,Spannagel cave,141,SPA127,302471,3296.524291,52.85271188,56.28630806,-7.78550218449,
58,Spannagel cave,140,SPA128,301724,3298.941357,94.2311093,62.34349493,-7.76268058073,
58,Spannagel cave,140,SPA128,301725,3301.554316,92.6525413,61.69876597,-7.4509679546,
58,Spannagel cave,141,SPA127,302472,3301.776267,52.95524925,56.02623421,-7.84692708738,
58,Spannagel cave,732,SPA127_2023,431241,3301.82097992521,53.9160117397332,54.6483483009215,-7.78550218448989,-4.13825053610336
58,Spannagel cave,140,SPA128,301726,3304.385386,90.83301991,61.58765434,-7.48759859673,
58,Spannagel cave,140,SPA128,301727,3306.664326,89.67941851,60.6265295,-7.71959068465,
58,Spannagel cave,141,SPA127,302473,3307.012876,53.08648824,55.72094203,-7.89253034491,
58,Spannagel cave,732,SPA127_2023,431242,3307.30941329819,53.9099803996369,54.3019872847176,-7.8469270873788,-4.07636644211896
58,Spannagel cave,140,SPA128,301728,3308.900077,88.90582995,59.57126101,-7.59656216666,
58,Spannagel cave,140,SPA128,301729,3311.524439,87.52542255,58.76573425,-7.64590859168,
58,Spannagel cave,141,SPA127,302474,3312.424913,53.01696224,55.74765186,-7.82359167244,
58,Spannagel cave,732,SPA127_2023,431243,3312.6601259613,54.0208108708421,54.0481987611752,-7.89253034491441,-3.94308874275718
58,Spannagel cave,140,SPA128,301730,3314.194717,86.02782098,58.16311946,-7.80266941004,
58,Spannagel cave,140,SPA128,301731,3316.604794,84.77492918,57.2800187,-7.91039496738,
58,Spannagel cave,141,SPA127,302475,3317.843764,53.13025469,55.86919682,-7.88318367071,
58,Spannagel cave,732,SPA127_2023,431244,3317.98313483721,54.1511321245412,54.0331063792669,-7.8235916724432,-3.60770888727155
58,Spannagel cave,140,SPA128,301732,3319.212118,83.52959798,56.71201607,-7.78629413254,
58,Spannagel cave,140,SPA128,301733,3322.000179,82.1561959,56.38175001,-7.97116248388,
58,Spannagel cave,141,SPA127,302476,3323.304156,52.92055084,55.97325534,-7.8524181062,
58,Spannagel cave,732,SPA127_2023,431245,3323.33850023533,54.0510809265361,54.0456245517703,-7.88318367070829,-3.29467548192091
58,Spannagel cave,140,SPA128,301734,3324.75321,80.69811572,56.10469189,-7.96633240838,
58,Spannagel cave,140,SPA128,301735,3327.217751,79.88649485,55.52857005,-8.10514406229,
58,Spannagel cave,141,SPA127,302477,3328.566477,52.77586558,55.94004907,-7.95756738684,
58,Spannagel cave,732,SPA127_2023,431246,3328.63811231988,54.06538851609,53.9987873786622,-7.85241810619642,-3.33113009777479
58,Spannagel cave,140,SPA128,301736,3330.141617,78.24177513,55.33639993,-7.8999544186,
58,Spannagel cave,140,SPA128,301737,3332.934369,76.87840695,55.27666738,-7.95117175132,
58,Spannagel cave,141,SPA127,302478,3333.911288,52.54941648,56.04382631,-8.02676432829,
58,Spannagel cave,732,SPA127_2023,431247,3334.11411897939,53.7930502334598,54.1283447805135,-7.95756738683827,-3.62957383140058
58,Spannagel cave,140,SPA128,301738,3335.798915,75.12984421,55.20811026,-7.80063628945,
58,Spannagel cave,140,SPA128,301739,3338.115389,74.34950389,54.63282155,-7.71247481559,
58,Spannagel cave,141,SPA127,302479,3339.246144,52.54822503,56.13856316,-7.95134051019,
58,Spannagel cave,732,SPA127_2023,431248,3339.58106185147,53.530049635473,54.2719160871975,-8.02676432829342,-3.66372785674386
58,Spannagel cave,140,SPA128,301740,3340.563642,73.38045201,54.18157513,-7.74176044078,
58,Spannagel cave,140,SPA128,301741,3342.685152,72.63577746,53.41391466,-7.61966384419,
58,Spannagel cave,141,SPA127,302480,3344.627428,52.38872441,56.25020407,-8.17265983523,
58,Spannagel cave,732,SPA127_2023,431249,3345.09936942387,53.3564083468509,54.3480003889867,-7.95134051019206,-3.53110333471383
58,Spannagel cave,140,SPA128,301742,3345.259733,71.3292968,52.67955653,-7.63603364095,
58,Spannagel cave,140,SPA128,301743,3347.864405,70.14194669,52.39637009,-7.8842364182,
58,Spannagel cave,141,SPA127,302481,3349.916415,52.31292555,55.98059157,-8.02292043701,
58,Spannagel cave,140,SPA128,301744,3350.244187,69.15716648,52.08120296,-7.91575840853,
58,Spannagel cave,732,SPA127_2023,431250,3350.468631833,53.2861518743721,54.4303517291828,-8.17265983522817,-3.40682666790781
58,Spannagel cave,140,SPA128,301745,3352.510643,68.2242758,51.2822389,-7.84568906381,
58,Spannagel cave,141,SPA127,302482,3355.306148,52.19949122,55.90344067,-7.92851075892,
58,Spannagel cave,140,SPA128,301746,3355.386649,67.20843325,51.44171349,-7.81835759831,
58,Spannagel cave,732,SPA127_2023,431251,3355.77867916077,53.1457478227221,54.4619418981442,-8.02292043701214,-3.68901206161029
58,Spannagel cave,140,SPA128,301747,3358.009556,66.05930454,51.23728622,-7.92852037095,
58,Spannagel cave,141,SPA127,302483,3360.575167,52.20810345,55.86261059,-8.01005446463,
58,Spannagel cave,140,SPA128,301748,3360.794803,64.78370444,50.75428314,-7.79131657904,
58,Spannagel cave,732,SPA127_2023,431252,3361.02051880805,53.2232515268593,54.3116415541813,-7.92851075892201,-3.87408225960235
58,Spannagel cave,140,SPA128,301749,3363.356201,63.6817936,50.20279183,-7.70986385877,
58,Spannagel cave,141,SPA127,302484,3365.959425,52.01740433,55.78541849,-7.85944818224,
58,Spannagel cave,140,SPA128,301750,3366.00744,62.65073029,49.64871728,-7.69963304779,
58,Spannagel cave,732,SPA127_2023,431253,3366.44446035408,53.1048036380735,54.5209875579194,-8.01005446463349,-3.75408204568172
58,Spannagel cave,140,SPA128,301751,3368.638995,61.52308188,49.59752333,-7.75094429194,
58,Spannagel cave,141,SPA127,302485,3371.295907,52.22343407,55.85719038,-7.96047358704,
58,Spannagel cave,140,SPA128,301752,3371.426416,60.66638542,49.90586017,-7.63407967082,
58,Spannagel cave,732,SPA127_2023,431254,3371.77798204929,53.0832950812619,54.4930322124737,-7.8594481822443,-3.72614355258613
58,Spannagel cave,140,SPA128,301753,3373.985157,59.82599179,49.62688499,-7.70657274117,
58,Spannagel cave,140,SPA128,301754,3376.345009,58.63810089,49.01889737,-7.63753171182,
58,Spannagel cave,141,SPA127,302486,3376.695417,52.22883369,55.95886124,-7.87276564046,
58,Spannagel cave,732,SPA127_2023,431255,3377.22169372303,52.9268666214684,54.3981437021744,-7.96047358703682,-3.81848137250277
58,Spannagel cave,140,SPA128,301755,3379.098835,57.63270139,49.55932205,-7.59105960914,
58,Spannagel cave,140,SPA128,301756,3381.71743,56.13691336,49.83332128,-7.8035337918,
58,Spannagel cave,141,SPA127,302487,3382.09053,52.25390774,55.97349839,-7.90616215794,
58,Spannagel cave,732,SPA127_2023,431256,3382.61280618701,52.8230373714291,54.3053229669972,-7.87276564046138,-4.0459456344467
58,Spannagel cave,140,SPA128,301757,3384.315258,55.36725893,49.35676187,-7.91874832011,
58,Spannagel cave,140,SPA128,301758,3386.739319,55.1974033,49.04700392,-7.85659253877,
58,Spannagel cave,141,SPA127,302488,3387.485739,52.12092304,55.98315909,-7.8022381519,
58,Spannagel cave,732,SPA127_2023,431257,3388.00401748437,52.8692513307742,54.322791698798,-7.90616215793555,-4.19383370072532
58,Spannagel cave,140,SPA128,301759,3389.561379,54.20813894,49.2637112,-7.78967502284,
58,Spannagel cave,140,SPA128,301760,3392.418676,53.12073437,49.79476432,-7.91042324104,
58,Spannagel cave,141,SPA127,302489,3392.922701,51.94010107,55.98308724,-7.98170097776,
58,Spannagel cave,732,SPA127_2023,431258,3393.40390184489,52.7316998207675,54.4264875997378,-7.80223815189585,-4.11906823019093
58,Spannagel cave,140,SPA128,301761,3394.783005,52.08483354,49.32989343,-8.14217970214,
58,Spannagel cave,140,SPA128,301762,3397.528406,52.16529295,49.76127001,-8.1698595118,
58,Spannagel cave,141,SPA127,302490,3398.276941,51.88768757,55.87777984,-7.91976090426,
58,Spannagel cave,732,SPA127_2023,431259,3398.75461203377,52.7659728769872,54.434585791786,-7.98170097775576,-4.20576935666385
58,Spannagel cave,140,SPA128,301763,3400.241125,51.10025185,49.76275638,-8.09947247953,
58,Spannagel cave,140,SPA128,301764,3402.815588,50.60636837,49.63710473,-8.00728879475,
58,Spannagel cave,141,SPA127,302491,3403.699214,51.70655869,55.83380022,-8.04048084259,
58,Spannagel cave,732,SPA127_2023,431260,3404.27285487844,52.5863918503683,54.4261633981796,-7.91976090425694,-4.07586194184282
58,Spannagel cave,140,SPA128,301765,3405.477574,49.68053989,49.89482407,-7.97324967575,
58,Spannagel cave,140,SPA128,301766,3408.203118,49.91071577,50.28373618,-7.93873724242,
58,Spannagel cave,141,SPA127,302492,3409.086196,51.79932495,55.85626821,-8.02169850084,
58,Spannagel cave,732,SPA127_2023,431261,3409.73998299231,52.4986328462714,54.5748448865302,-8.04048084259059,-3.93609035688932
58,Spannagel cave,140,SPA128,301767,3410.678648,49.81315711,50.01844405,-7.92865226924,
58,Spannagel cave,140,SPA128,301768,3413.223828,49.16012681,50.06993185,-7.95930409002,
58,Spannagel cave,141,SPA127,302493,3414.354712,51.94592839,55.71419951,-7.88308523425,
58,Spannagel cave,732,SPA127_2023,431262,3415.18139177725,52.4880913610673,54.7481024263425,-8.02169850084287,-3.80314505540071
58,Spannagel cave,140,SPA128,301769,3415.937491,48.2906106,50.57097221,-7.83234422134,
58,Spannagel cave,140,SPA128,301770,3418.443507,48.36819839,50.63747538,-7.94933370635,
58,Spannagel cave,141,SPA127,302494,3419.516995,52.15721573,55.40952212,-7.72833107098,
58,Spannagel cave,732,SPA127_2023,431263,3420.51122315343,52.671925440322,54.5718080958491,-7.88308523425016,-3.70386744747595
58,Spannagel cave,140,SPA128,301771,3421.008191,47.93049678,51.01383544,-8.02616662915,
58,Spannagel cave,140,SPA128,301772,3423.486913,47.83967256,50.84764705,-7.95678816772,
58,Spannagel cave,141,SPA127,302495,3424.839632,52.23998933,55.17333326,-7.69817281812,
58,Spannagel cave,732,SPA127_2023,431264,3425.75623336789,52.8468582620071,54.5355846200778,-7.72833107098392,-3.61380978037884
58,Spannagel cave,140,SPA128,301773,3425.804332,48.24521219,50.81765578,-8.02635612954,
58,Spannagel cave,140,SPA128,301774,3428.513836,47.91666257,51.32732102,-8.12121193208,
58,Spannagel cave,141,SPA127,302496,3430.131915,52.32179562,55.22040696,-7.68968403024,
58,Spannagel cave,140,SPA128,301775,3431.035895,48.50268732,51.29634856,-8.0515501421,
58,Spannagel cave,732,SPA127_2023,431265,3431.10688965309,52.8838705625185,54.608442070351,-7.698172818125,-3.38567290925881
58,Spannagel cave,140,SPA128,301776,3433.621694,48.82300624,51.63056485,-8.07107939374,
58,Spannagel cave,141,SPA127,302497,3435.568277,52.23284157,55.29177844,-7.81530223765,
58,Spannagel cave,140,SPA128,301777,3436.242183,48.50460017,51.77311928,-8.21025976119,
58,Spannagel cave,732,SPA127_2023,431266,3436.42144288517,52.6702749790843,54.5477598636585,-7.68968403024174,-2.15946142023124
58,Spannagel cave,140,SPA128,301778,3439.065089,48.04639278,52.08962562,-8.0294731512,
58,Spannagel cave,141,SPA127,302498,3440.943463,52.19906822,55.33653326,-7.68877950122,
58,Spannagel cave,140,SPA128,301779,3441.447774,47.99640754,51.98341536,-7.93427044644,
58,Spannagel cave,732,SPA127_2023,431267,3441.78076197079,52.4875321909112,54.5016822328444,-7.81530223764514,-1.05595055064429
58,Spannagel cave,140,SPA128,301780,3443.691738,48.95463553,51.56477007,-7.94659777935,
58,Spannagel cave,140,SPA128,301781,3446.192367,49.3913564,51.58537601,-7.8898469463,
58,Spannagel cave,141,SPA127,302499,3446.242744,52.23512569,55.18313478,-7.84020977651,
58,Spannagel cave,732,SPA127_2023,431268,3447.31153921546,52.1802822401733,54.5935704078383,-7.68877950122141,-1.03257920065466
58,Spannagel cave,140,SPA128,301782,3448.734047,49.61269213,52.03814009,-7.84390107813,
58,Spannagel cave,140,SPA128,301783,3451.248042,49.557198,52.33832247,-7.90070298727,
58,Spannagel cave,141,SPA127,302500,3451.727827,52.26955957,55.26501978,-7.87659601883,
58,Spannagel cave,732,SPA127_2023,431269,3452.71989092239,52.1058552515674,54.5366053725802,-7.84020977651073,-1.91184317972082
58,Spannagel cave,140,SPA128,301784,3453.342719,50.34289071,52.28728552,-7.68899745967,
58,Spannagel cave,140,SPA128,301785,3455.552083,50.39014645,52.21256085,-7.97105614594,
58,Spannagel cave,141,SPA127,302501,3457.296894,52.1306489,55.43481337,-7.84542036549,
58,Spannagel cave,140,SPA128,301786,3458.040519,50.58553526,53.22478891,-7.82501161068,
58,Spannagel cave,732,SPA127_2023,431270,3458.0612015376,52.1462405068664,54.2323659544609,-7.87659601882682,-2.79622346759412
58,Spannagel cave,140,SPA128,301787,3460.599612,50.9610189,53.58443344,-7.90986109932,
58,Spannagel cave,141,SPA127,302502,3462.779228,52.06158537,55.52693575,-7.76190376324,
58,Spannagel cave,140,SPA128,301788,3462.907811,51.15829689,53.6935045,-7.97648177232,
58,Spannagel cave,732,SPA127_2023,431271,3463.42434583387,52.160180893457,54.0988730633344,-7.84542036548797,-3.5558407718239
58,Spannagel cave,140,SPA128,301789,3465.284799,51.68709072,53.91362353,-7.74338987852,
58,Spannagel cave,141,SPA127,302503,3468.241088,52.14625233,55.6872806,-7.66954758163,
58,Spannagel cave,732,SPA127_2023,431272,3468.71412054,52.3393891006972,54.2514662997319,-7.76190376323855,-3.81784962376687
58,Spannagel cave,140,SPA128,301790,3469.359637,51.13287803,53.85650743,-7.67671032074,
58,Spannagel cave,140,SPA128,301791,3473.31725,50.60483407,52.97755201,-7.86212052375,
58,Spannagel cave,141,SPA127,302504,3473.838959,52.05007426,56.13073165,-7.65092955519,
58,Spannagel cave,732,SPA127_2023,431273,3474.13974157577,52.5268829861302,54.2996409979069,-7.66954758162825,-3.88987627111164
58,Spannagel cave,140,SPA128,301792,3477.486291,49.59077169,52.41514089,-7.81812836867,
58,Spannagel cave,141,SPA127,302505,3479.130197,52.12146495,56.00621352,-7.65908166823,
58,Spannagel cave,732,SPA127_2023,431274,3479.67653923183,52.5506350634455,54.4046290530041,-7.65092955519111,-3.82409963994886
58,Spannagel cave,140,SPA128,301793,3481.418224,49.41089025,51.64995362,-7.74100394,
58,Spannagel cave,141,SPA127,302506,3484.428467,52.18582246,55.71790525,-7.90428585368,
58,Spannagel cave,732,SPA127_2023,431275,3485.10315004215,52.4009456466288,54.6198928725366,-7.6590816682295,-3.82195453407693
58,Spannagel cave,140,SPA128,301794,3485.450279,49.23188816,50.99842079,-7.99319357189,
58,Spannagel cave,140,SPA128,301795,3489.604902,48.44758592,50.94096426,-8.07560639704,
58,Spannagel cave,141,SPA127,302507,3489.678075,52.34431963,55.54135828,-7.9317856194,
58,Spannagel cave,732,SPA127_2023,431276,3490.39265071636,52.5394875213092,54.6358050420326,-7.90428585368446,-3.72378025690424
58,Spannagel cave,140,SPA128,301796,3493.572409,48.23011796,50.34593106,-8.03498480607,
58,Spannagel cave,141,SPA127,302508,3495.047749,52.37342232,55.44339048,-7.98471330873,
58,Spannagel cave,732,SPA127_2023,431277,3495.74674895183,52.7000455547841,54.7134623745105,-7.93178561939517,-3.62158704130581
58,Spannagel cave,140,SPA128,301797,3497.742869,47.74422928,50.04984216,-8.40166046947,
58,Spannagel cave,141,SPA127,302509,3500.366459,52.56345164,55.4279435,-7.98107338096,
58,Spannagel cave,732,SPA127_2023,431278,3501.11880735245,52.8426434231119,54.7463255237985,-7.98471330872648,-3.53942268131608
58,Spannagel cave,140,SPA128,301798,3501.77729,47.4156903,49.95434679,-8.17806491565,
58,Spannagel cave,140,SPA128,301799,3505.646391,46.85796918,49.52739543,-8.13249501202,
58,Spannagel cave,141,SPA127,302510,3505.867575,52.65590378,55.61006532,-8.06751917099,
58,Spannagel cave,732,SPA127_2023,431279,3506.52855883668,52.9404052268155,54.8697794858431,-7.98107338095859,-3.59720470895433
58,Spannagel cave,140,SPA128,301800,3509.509687,46.3515267,48.84503183,-8.17094752001,
58,Spannagel cave,141,SPA127,302511,3511.193467,52.6546721,55.60854711,-8.00567686641,
58,Spannagel cave,732,SPA127_2023,431280,3511.9236174523,52.9897199856105,54.9785405792827,-8.06751917098599,-3.58605388844555
58,Spannagel cave,140,SPA128,301801,3513.433596,46.39881249,48.38712984,-8.18159187515,
58,Spannagel cave,141,SPA127,302512,3516.643914,52.66940006,55.78425923,-7.94671793363,
58,Spannagel cave,732,SPA127_2023,431281,3517.29590414139,53.0794950159152,55.0645297461947,-8.0056768664067,-3.51562457336965
58,Spannagel cave,140,SPA128,301802,3517.48017,45.88229275,48.25474495,-8.28434778685,
58,Spannagel cave,140,SPA128,301803,3521.358442,45.55839467,47.7100494,-8.2491438062,
58,Spannagel cave,141,SPA127,302513,3522.127489,52.72076126,56.00362323,-8.05634242223,
58,Spannagel cave,732,SPA127_2023,431282,3522.5948522279,53.066734139004,55.0722922271157,-7.94671793363089,-3.45878388658845
58,Spannagel cave,140,SPA128,301804,3525.463548,45.42695195,47.71958905,-8.25072524289,
58,Spannagel cave,141,SPA127,302514,3527.540305,52.80845967,56.02659802,-7.96435750797,
58,Spannagel cave,732,SPA127_2023,431283,3528.01138297608,53.3100489392291,55.1358657635938,-8.05634242223467,-3.55679103082404
58,Spannagel cave,140,SPA128,301805,3529.471548,45.33858448,47.36807407,-8.17142938396,
58,Spannagel cave,141,SPA127,302515,3532.903632,52.94534075,56.18785387,-7.91904189778,
58,Spannagel cave,732,SPA127_2023,431284,3533.3522249357,53.4296986983682,55.0722644737834,-7.96435750797154,-3.60875873332211
58,Spannagel cave,140,SPA128,301806,3533.616606,45.09370038,47.45846443,-8.36819402278,
58,Spannagel cave,140,SPA128,301807,3537.527682,45.31946971,47.64150837,-8.45953565081,
58,Spannagel cave,141,SPA127,302516,3538.318875,52.97700812,56.21000156,-7.83629851212,
58,Spannagel cave,732,SPA127_2023,431285,3538.70383484374,53.494016132554,55.0419638489261,-7.91904189777706,-3.66183161963135
58,Spannagel cave,140,SPA128,301808,3541.555099,45.02257613,47.3855074,-8.69458491599,
58,Spannagel cave,141,SPA127,302517,3543.727313,52.96037333,56.20861283,-7.8784513704,
58,Spannagel cave,732,SPA127_2023,431286,3543.95036279906,53.6908674786678,55.2246509801657,-7.83629851211542,-3.65658320670712
58,Spannagel cave,140,SPA128,301809,3545.365839,45.27774634,46.8288375,-8.4415718688,
58,Spannagel cave,141,SPA127,302518,3549.147888,52.85081008,56.47562595,-7.92169844539,
58,Spannagel cave,732,SPA127_2023,431287,3549.24264671052,53.7842075656517,55.2934871822317,-7.87845137039507,-3.79786573590992
58,Spannagel cave,140,SPA128,301810,3549.490812,45.21171852,47.07980396,-8.90933739911,
58,Spannagel cave,140,SPA128,301811,3553.534224,44.95236856,47.2586683,-8.52783862465,
58,Spannagel cave,141,SPA127,302519,3554.483151,52.79054365,56.47864348,-8.00829882152,
58,Spannagel cave,732,SPA127_2023,431288,3554.70756916815,53.7720063779598,55.553058306999,-7.92169844539134,-3.92800326128219
58,Spannagel cave,140,SPA128,301812,3557.536375,44.57807237,47.24262606,-8.59026742342,
58,Spannagel cave,141,SPA127,302520,3559.972316,52.81492819,56.53884781,-7.98430598616,
58,Spannagel cave,732,SPA127_2023,431289,3560.20976243436,53.5885273016102,55.6684199339238,-8.00829882151869,-3.83146220735271
58,Spannagel cave,140,SPA128,301813,3561.582111,44.33341077,47.5124932,-8.37465073051,
58,Spannagel cave,141,SPA127,302521,3565.432688,52.64768332,56.90525012,-8.06168108057,
58,Spannagel cave,140,SPA128,301814,3565.512481,44.42093679,47.26179006,-8.30055963467,
58,Spannagel cave,732,SPA127_2023,431290,3565.6354276191,53.3984283634718,55.6894195291579,-7.9843059861564,-3.83922754753838
58,Spannagel cave,140,SPA128,301815,3569.667476,44.47862364,48.20346847,-8.33858466259,
58,Spannagel cave,141,SPA127,302522,3570.810449,52.72632958,57.05625404,-8.04954069618,
58,Spannagel cave,732,SPA127_2023,431291,3571.03223206575,53.4737537414157,55.849827621616,-8.06168108057425,-3.72745601131267
58,Spannagel cave,140,SPA128,301816,3573.940809,44.30714238,48.35819272,-8.41474019364,
58,Spannagel cave,141,SPA127,302523,3576.063649,52.83733016,57.00569968,-8.01515930429,
58,Spannagel cave,732,SPA127_2023,431292,3576.46313539678,53.5046168867466,56.0816599954624,-8.04954069617855,-3.78318018325287
58,Spannagel cave,140,SPA128,301817,3577.873255,44.35256344,48.09312549,-8.50060987985,
58,Spannagel cave,141,SPA127,302524,3581.394386,52.77519234,57.13744844,-8.05304322177,
58,Spannagel cave,732,SPA127_2023,431293,3581.86357396557,53.5659447943258,56.1966293041964,-8.01515930428919,-3.94073524231462
58,Spannagel cave,140,SPA128,301818,3582.143374,43.62701966,48.80355557,-8.46071710775,
58,Spannagel cave,140,SPA128,301819,3586.274083,43.70665882,49.65616195,-8.34223508218,
58,Spannagel cave,141,SPA127,302525,3586.829869,52.58157093,57.34206845,-8.23286744701,
58,Spannagel cave,732,SPA127_2023,431294,3587.15843475003,53.7046009912474,56.3184042546691,-8.05304322176759,-3.89549609747126
58,Spannagel cave,140,SPA128,301820,3590.312781,43.935833,49.95293562,-8.3735710612,
58,Spannagel cave,141,SPA127,302526,3592.13492,52.49376379,57.38729941,-8.05315357375,
58,Spannagel cave,732,SPA127_2023,431295,3592.56185721797,53.7136285320657,56.4691770831264,-8.23286744701088,-3.76398301964937
58,Spannagel cave,140,SPA128,301821,3594.058862,44.65367125,50.35337236,-8.46273466481,
58,Spannagel cave,141,SPA127,302527,3597.708729,52.12836314,57.71279934,-7.90586414593,
58,Spannagel cave,732,SPA127_2023,431296,3597.99014571692,53.4088054127192,56.913154285146,-8.05315357375363,-3.60991322471433
58,Spannagel cave,140,SPA128,301822,3598.138178,44.47417616,50.89535952,-8.39440144989,
58,Spannagel cave,140,SPA128,301823,3602.281985,44.35356141,51.6160017,-8.34436516317,
58,Spannagel cave,141,SPA127,302528,3603.012496,52.06045392,57.75228688,-7.78475341534,
58,Spannagel cave,732,SPA127_2023,431297,3603.38016928156,53.0788448290364,57.1266553616224,-7.90586414593473,-3.58704648147188
58,Spannagel cave,140,SPA128,301824,3606.566806,44.26716293,52.0425748,-8.18100859426,
58,Spannagel cave,141,SPA127,302529,3608.276839,52.2853624,57.53373097,-7.7214183999,
58,Spannagel cave,732,SPA127_2023,431298,3608.64369206798,53.2013781231603,57.0986725154153,-7.78475341534449,-3.54265603955498
58,Spannagel cave,140,SPA128,301825,3610.796837,43.85381805,52.51698985,-8.29112756741,
58,Spannagel cave,141,SPA127,302530,3613.664336,52.43980834,57.54843547,-7.62702489076,
58,Spannagel cave,732,SPA127_2023,431299,3614.15046130602,53.0764558158571,57.3049768984611,-7.72141839990144,-3.63913221181897
58,Spannagel cave,140,SPA128,301826,3614.759581,43.85026256,53.12102347,-8.33012080599,
58,Spannagel cave,140,SPA128,301827,3618.884193,44.09779151,54.15499801,-8.36875811592,
58,Spannagel cave,141,SPA127,302531,3619.041802,52.53634601,57.43875802,-7.74700818761,
58,Spannagel cave,732,SPA127_2023,431300,3619.59041458964,53.0930438771697,57.4430829748667,-7.62702489076484,-3.40177227905961
58,Spannagel cave,140,SPA128,301828,3623.03539,44.05153779,55.06354854,-8.14546949331,
58,Spannagel cave,141,SPA127,302532,3624.448487,52.66167877,57.84590059,-7.78644408758,
58,Spannagel cave,732,SPA127_2023,431301,3624.96112979311,53.3482778418461,57.440851768346,-7.74700818761189,-3.17827458125847
58,Spannagel cave,140,SPA128,301829,3626.973914,44.47187832,55.2940379,-8.2867951217,
58,Spannagel cave,141,SPA127,302533,3629.784848,52.83925076,57.95322486,-7.87636891235,
58,Spannagel cave,732,SPA127_2023,431302,3630.24281211226,53.6659064631986,57.3218808640859,-7.78644408757617,-3.01868360588766
58,Spannagel cave,140,SPA128,301830,3631.174846,44.09088679,56.06346973,-8.35996160654,
58,Spannagel cave,141,SPA127,302534,3635.093956,53.05510607,58.13168261,-7.93149962281,
58,Spannagel cave,140,SPA128,301831,3635.232913,44.2817748,57.136215,-8.28715441065,
58,Spannagel cave,732,SPA127_2023,431303,3635.62716256754,53.3192283160615,57.2704980226194,-7.87636891235299,-2.97048787290746
58,Spannagel cave,140,SPA128,301832,3639.425465,44.41873645,57.87708885,-8.12351534393,
58,Spannagel cave,141,SPA127,302535,3640.311601,53.35171351,58.05974042,-7.84686566275,
58,Spannagel cave,732,SPA127_2023,431304,3640.92320215876,53.6370415850743,57.1967732477733,-7.93149962280509,-3.0628437136261
58,Spannagel cave,140,SPA128,301833,3643.498458,44.61924855,58.47433235,-8.18636579894,
58,Spannagel cave,141,SPA127,302536,3645.849264,53.29729784,58.20436158,-7.7293876658,
58,Spannagel cave,732,SPA127_2023,431305,3646.20052730986,53.7479444368551,57.062862988987,-7.8468656627494,-3.25700333595133
58,Spannagel cave,140,SPA128,301834,3647.550136,44.8883832,59.1389356,-8.07884503125,
58,Spannagel cave,141,SPA127,302537,3651.192133,53.2857944,58.06856665,-7.7207818301,
58,Spannagel cave,732,SPA127_2023,431306,3651.54290224471,53.7281361859941,57.2854655377291,-7.72938766580097,-3.2004779968979
58,Spannagel cave,140,SPA128,301835,3651.550478,45.38295828,60.34436471,-8.21577404335,
58,Spannagel cave,140,SPA128,301836,3655.780278,45.88873532,61.71013083,-8.15809975559,
58,Spannagel cave,141,SPA127,302538,3656.651331,53.24405452,58.02899868,-7.91095713753,
58,Spannagel cave,732,SPA127_2023,431307,3656.83907572772,53.6687427766828,57.3326337147946,-7.72078183010452,-3.07687072531502
58,Spannagel cave,140,SPA128,301837,3660.075361,46.36508605,63.26586435,-8.07066883522,
58,Spannagel cave,141,SPA127,302539,3662.025005,53.42709613,58.04181811,-7.93308901727,
58,Spannagel cave,732,SPA127_2023,431308,3662.16900707535,53.5928034896756,57.379269475673,-7.91095713752617,-3.05302321697117
58,Spannagel cave,140,SPA128,301838,3664.241887,46.5559084,64.33653598,-7.96541353755,
58,Spannagel cave,141,SPA127,302540,3667.40862,53.52511361,58.14876355,-8.08078320799,
58,Spannagel cave,732,SPA127_2023,431309,3667.449678904,53.7699709717776,57.3961830451208,-7.93308901727403,-3.13054344827792
58,Spannagel cave,140,SPA128,301839,3668.315658,47.01193128,65.40155861,-7.95651573142,
58,Spannagel cave,140,SPA128,301840,3672.23355,47.33395474,66.39113724,-8.09652164525,
58,Spannagel cave,732,SPA127_2023,431310,3672.71938077957,54.04993704869,57.3936858425063,-8.08078320798922,-3.35495249553004
58,Spannagel cave,141,SPA127,302541,3672.727477,53.6808472,58.10133763,-8.22572324551,
58,Spannagel cave,140,SPA128,301841,3675.952906,47.90786838,67.16719163,-8.13970751492,
58,Spannagel cave,141,SPA127,302542,3678.03983,54.02359609,58.29145582,-8.19373562705,
58,Spannagel cave,732,SPA127_2023,431311,3678.10079580438,54.0527614125895,57.5777077595717,-8.22572324550885,-3.51460592709849
58,Spannagel cave,140,SPA128,301842,3679.943269,48.32265043,68.06863118,-8.03251563062,
58,Spannagel cave,141,SPA127,302543,3683.362024,54.02115057,58.35948102,-7.85315741816,
58,Spannagel cave,732,SPA127_2023,431312,3683.54042311663,53.9637938650089,58.0427759816248,-8.19373562705417,-3.61666090524325
58,Spannagel cave,140,SPA128,301843,3684.102727,48.78273419,69.11966069,-8.08051452737,
58,Spannagel cave,140,SPA128,301844,3688.320792,49.06521186,69.72585746,-8.23320889147,
58,Spannagel cave,141,SPA127,302544,3688.70794,53.97820337,58.55814308,-7.85572630895,
58,Spannagel cave,732,SPA127_2023,431313,3688.96207435168,54.0269516976609,58.5034202274214,-7.85315741816231,-3.62665665452808
58,Spannagel cave,140,SPA128,301845,3692.428635,49.56023037,70.40368027,-8.1689897132,
58,Spannagel cave,141,SPA127,302545,3693.96699,54.16692865,58.65976477,-7.85333641906,
58,Spannagel cave,732,SPA127_2023,431314,3694.42068519286,53.9535051264515,58.8100686616999,-7.85572630894807,-3.80219620201781
58,Spannagel cave,140,SPA128,301846,3696.599073,50.12241782,71.65396619,-8.10879745324,
58,Spannagel cave,141,SPA127,302546,3699.400267,54.24545989,58.82375133,-7.74613873898,
58,Spannagel cave,732,SPA127_2023,431315,3699.87686676824,53.8780251103913,58.7831962874343,-7.853336419061,-3.81936404173821
58,Spannagel cave,140,SPA128,301847,3700.903245,50.50596628,72.65248878,-8.26376695667,
58,Spannagel cave,141,SPA127,302547,3704.811692,54.06514483,59.1673316,-7.70503425746,
58,Spannagel cave,140,SPA128,301848,3704.922593,50.99109484,74.4303604,-8.11020822,
58,Spannagel cave,732,SPA127_2023,431316,3705.10996841089,54.2708494798635,58.7809871205936,-7.74613873897534,-3.81716519718279
58,Spannagel cave,140,SPA128,301849,3709.224218,51.30212703,75.95195897,-8.36311472671,
58,Spannagel cave,141,SPA127,302548,3710.349995,54.22796583,59.42464556,-7.7652203878,
58,Spannagel cave,732,SPA127_2023,431317,3710.38956549673,54.4087499542065,58.6248118995445,-7.70503425746364,-3.79556600651639
58,Spannagel cave,140,SPA128,301850,3713.442103,51.4549647,77.355088,-8.23664090201,
58,Spannagel cave,141,SPA127,302549,3715.801023,54.66881707,59.49803512,-7.64170438774,
58,Spannagel cave,732,SPA127_2023,431318,3715.92359806841,54.163696497119,58.6797002542012,-7.76522038780439,-3.71800809229305
58,Spannagel cave,140,SPA128,301851,3717.734289,51.62578892,78.80480123,-8.13751236255,
58,Spannagel cave,141,SPA127,302550,3721.079395,54.83629467,59.39421826,-7.70682999067,
58,Spannagel cave,732,SPA127_2023,431319,3721.4028709863,53.9715157478631,58.8440864766958,-7.64170438774381,-3.72968761974029
58,Spannagel cave,140,SPA128,301852,3721.633054,52.36318966,79.59819828,-8.0621895713,
58,Spannagel cave,140,SPA128,301853,3725.491925,53.05757749,80.29456323,-8.01158345429,
58,Spannagel cave,141,SPA127,302551,3726.381498,54.75953188,59.48634028,-7.86401484531,
58,Spannagel cave,732,SPA127_2023,431320,3726.63914118639,54.1751096599451,59.0729627337769,-7.70682999067403,-3.82689100027125
58,Spannagel cave,140,SPA128,301854,3729.651415,53.52021164,81.48728412,-8.06228685154,
58,Spannagel cave,141,SPA127,302552,3731.906779,54.45959114,59.80309328,-7.8025448206,
58,Spannagel cave,732,SPA127_2023,431321,3731.93492536899,54.3852229545846,59.3168193517004,-7.86401484530546,-3.75864329434377
58,Spannagel cave,140,SPA128,301855,3733.637932,54.00835024,82.76489261,-8.06629811709,
58,Spannagel cave,732,SPA127_2023,431322,3737.19269859535,54.6466490373341,59.507280481243,-7.80254482059701,-3.45146685534564
58,Spannagel cave,141,SPA127,302553,3737.316085,54.35742964,59.94031606,-7.8948262978,
58,Spannagel cave,140,SPA128,301856,3737.902341,54.15548852,84.24521546,-8.07203968904,
58,Spannagel cave,140,SPA128,301857,3741.833971,54.91670164,85.60043512,-8.00664708601,
58,Spannagel cave,732,SPA127_2023,431323,3742.43429837631,54.9490466022353,59.6573869605818,-7.89482629779924,-3.58312403113867
58,Spannagel cave,141,SPA127,302554,3742.717375,54.47003145,59.88544228,-7.94584754291,
58,Spannagel cave,140,SPA128,301858,3745.823385,55.67163324,86.47183713,-8.08414347524,
58,Spannagel cave,732,SPA127_2023,431324,3747.80769303461,55.1004317459724,59.8621457416771,-7.94584754291206,-3.79339377490462
58,Spannagel cave,141,SPA127,302555,3748.276927,54.42437209,59.98791336,-7.98768024673,
58,Spannagel cave,140,SPA128,301859,3750.22345,55.74027655,87.67852103,-8.20326900822,
58,Spannagel cave,732,SPA127_2023,431325,3753.24170452549,55.1119872554304,60.0987763804933,-7.98768024673493,-3.95792417144164
58,Spannagel cave,141,SPA127,302556,3753.701917,54.5164515,60.09020931,-7.92748256388,
58,Spannagel cave,140,SPA128,301860,3754.215162,56.63336972,89.05858899,-8.22124491989,
58,Spannagel cave,140,SPA128,301861,3758.360255,57.1785446,89.92171865,-8.2148238623,
58,Spannagel cave,732,SPA127_2023,431326,3758.66150314885,55.1725726292798,60.4643748906406,-7.92748256387576,-3.7625622649506
58,Spannagel cave,141,SPA127,302557,3759.219161,54.40537097,60.22871053,-7.94966729347,
58,Spannagel cave,140,SPA128,301862,3762.510818,57.8031817,91.2435323,-8.1448034489,
58,Spannagel cave,732,SPA127_2023,431327,3764.02658540698,55.3555514673749,60.7652430922294,-7.94966729347441,-3.70325870308982
58,Spannagel cave,141,SPA127,302558,3764.612062,54.2922249,60.16398929,-7.89016685715,
58,Spannagel cave,140,SPA128,301863,3766.574136,58.32361097,92.19975374,-8.14472690321,
58,Spannagel cave,732,SPA127_2023,431328,3769.27423867395,55.6897826275576,60.9287432820079,-7.8901668571518,-3.64368733973146
58,Spannagel cave,141,SPA127,302559,3770.057749,54.62410631,60.29131481,-7.959193717,
58,Spannagel cave,140,SPA128,301864,3770.624239,59.16318153,93.55030265,-8.04139294764,
58,Spannagel cave,732,SPA127_2023,431329,3774.53676932733,55.780539263752,60.9532599057211,-7.9591937169963,-3.68545696092264
58,Spannagel cave,140,SPA128,301865,3774.955304,59.72179072,94.56711406,-8.01164010403,
58,Spannagel cave,141,SPA127,302560,3775.406703,54.76860155,60.35207967,-8.09106932304,
58,Spannagel cave,140,SPA128,301866,3779.019286,60.57772698,95.77488859,-8.11314736128,
58,Spannagel cave,732,SPA127_2023,431330,3779.97205559551,55.8622822498364,61.349175730832,-8.09106932303563,-3.87815425070982
58,Spannagel cave,141,SPA127,302561,3780.65216,55.16972423,60.40764054,-7.93051961931,
58,Spannagel cave,140,SPA128,301867,3783.010344,61.34840876,96.93262068,-7.98792445318,
58,Spannagel cave,732,SPA127_2023,431331,3785.36380188391,56.0227713635759,61.2217716159253,-7.93051961931197,-4.08527968671789
58,Spannagel cave,141,SPA127,302562,3785.938046,55.5160981,60.49884705,-7.95322476854,
58,Spannagel cave,140,SPA128,301868,3786.930658,62.05594894,98.22039375,-7.96303684369,
58,Spannagel cave,732,SPA127_2023,431332,3790.74843029471,56.1682606001114,61.1014446052154,-7.95322476853784,-4.12805903025174
58,Spannagel cave,140,SPA128,301869,3791.035466,62.63656805,99.49388518,-8.13328266751,
58,Spannagel cave,141,SPA127,302563,3791.199564,55.68275326,60.49370681,-7.94553321531,
58,Spannagel cave,140,SPA128,301870,3795.162638,63.13848764,101.2261678,-7.98594847304,
58,Spannagel cave,732,SPA127_2023,431333,3796.08533053192,56.3420384371921,60.991370204139,-7.9455332153069,-4.35923751950241
58,Spannagel cave,141,SPA127,302564,3796.588419,55.57188244,60.7192812,-8.03291038465,
58,Spannagel cave,140,SPA128,301871,3799.23095,63.74869165,102.4468236,-7.84961048795,
58,Spannagel cave,732,SPA127_2023,431334,3801.41126111797,56.7288720051665,61.1546334489644,-8.03291038465126,-4.58933025306344
58,Spannagel cave,141,SPA127,302565,3801.970108,55.98936941,60.92257323,-8.21900518754,
58,Spannagel cave,140,SPA128,301872,3803.273181,64.540771,103.4557468,-7.90053081957,
58,Spannagel cave,732,SPA127_2023,431335,3806.73902949792,57.0932787179754,61.2046506227794,-8.21900518754055,-4.67844876924154
58,Spannagel cave,141,SPA127,302566,3807.333276,55.97048078,60.97703629,-8.18898454763,
58,Spannagel cave,140,SPA128,301873,3807.344607,65.37471648,104.5304956,-7.91719703832,
58,Spannagel cave,140,SPA128,301874,3811.389572,66.06802048,105.728668,-7.90147844732,
58,Spannagel cave,732,SPA127_2023,431336,3812.0672848739,57.240176468501,61.2920998026934,-8.18898454763003,-4.73533040085876
58,Spannagel cave,141,SPA127,302567,3812.666406,56.10677084,61.04328358,-8.10265316039,
58,Spannagel cave,140,SPA128,301875,3815.642326,66.54108116,107.1665971,-7.82988055488,
58,Spannagel cave,732,SPA127_2023,431337,3817.43873621192,57.2273548094095,61.4956667774468,-8.1026531603928,-4.54439737485735
58,Spannagel cave,141,SPA127,302568,3818.14888,55.99724471,61.38137467,-8.12676905134,
58,Spannagel cave,140,SPA128,301876,3819.874346,67.03487587,108.8922382,-7.8489311279,
58,Spannagel cave,732,SPA127_2023,431338,3822.84763772188,57.3818952154616,61.5064440631013,-8.12676905134358,-4.70593645016175
58,Spannagel cave,141,SPA127,302569,3823.603202,55.78154972,61.61554759,-8.10236692453,
58,Spannagel cave,140,SPA128,301877,3823.920754,67.78567442,110.4180525,-8.12806546792,
58,Spannagel cave,140,SPA128,301878,3828.031012,68.53283691,111.8117543,-7.91111740375,
58,Spannagel cave,732,SPA127_2023,431339,3828.18860752316,57.6988663818456,61.8966876136783,-8.10236692452607,-4.94864993769356
58,Spannagel cave,141,SPA127,302570,3828.922142,56.04845238,61.71306422,-8.11282851771,
58,Spannagel cave,140,SPA128,301879,3832.110083,69.20542275,113.1848328,-7.77267784609,
58,Spannagel cave,732,SPA127_2023,431340,3833.48511338706,58.0491407568402,62.0242973642657,-8.11282851771213,-4.84356662291339
58,Spannagel cave,141,SPA127,302571,3834.139521,56.4093803,61.69206206,-8.04069902669,
58,Spannagel cave,140,SPA128,301880,3836.203637,69.90827997,114.3804013,-7.76446493007,
58,Spannagel cave,732,SPA127_2023,431341,3838.90675231955,58.0917919052608,61.9676129146856,-8.04069902668792,-4.79225784699416
58,Spannagel cave,141,SPA127,302572,3839.441232,56.96055063,61.84020165,-7.95085202648,
58,Spannagel cave,140,SPA128,301881,3840.186694,70.46125502,115.4416038,-7.56501988738,
58,Spannagel cave,140,SPA128,301882,3844.283669,70.99428512,117.1507928,-8.01768945951,
58,Spannagel cave,732,SPA127_2023,431342,3844.34437172366,58.3115095799835,62.320537002548,-7.95085202648233,-4.19825274413269
58,Spannagel cave,141,SPA127,302573,3844.821849,57.41088881,62.00635248,-7.77968532715,
58,Spannagel cave,140,SPA128,301883,3848.195647,71.80711174,118.3458873,-7.49648152392,
58,Spannagel cave,732,SPA127_2023,431343,3849.72424196871,58.6359490256946,62.4948049936497,-7.77968532714954,-3.41016069872531
58,Spannagel cave,141,SPA127,302574,3850.195197,57.83177646,62.16047277,-7.6303383978,
58,Spannagel cave,140,SPA128,301884,3852.361611,72.4932454,119.7641841,-7.68769459381,
58,Spannagel cave,732,SPA127_2023,431344,3855.0584161433,58.8565239916511,62.4996948402795,-7.63033839779765,-2.32450882686114
58,Spannagel cave,141,SPA127,302575,3855.491331,58.10062915,62.26472963,-7.75808586914,
58,Spannagel cave,140,SPA128,301885,3856.302447,73.54720163,120.9994476,-7.7185087219,
58,Spannagel cave,140,SPA128,301886,3860.298299,74.50377743,122.5967938,-7.64444099168,
58,Spannagel cave,732,SPA127_2023,431345,3860.39001655876,59.0472878153596,62.5020109277802,-7.75808586913724,-1.667634798042
58,Spannagel cave,141,SPA127,302576,3860.945063,58.19287606,62.49364938,-7.63269686232,
58,Spannagel cave,140,SPA128,301887,3864.5643,75.20160301,124.5886942,-7.97586052674,
58,Spannagel cave,732,SPA127_2023,431346,3865.73316937094,59.1908397302332,62.6479317069943,-7.63269686232022,-1.10587986785321
58,Spannagel cave,141,SPA127,302577,3866.325023,58.34789407,62.86822233,-7.66279961719,
58,Spannagel cave,140,SPA128,301888,3868.445698,76.20649474,125.7511974,-7.79663877592,
58,Spannagel cave,732,SPA127_2023,431347,3871.1000863781,59.3002518192716,62.8234370287482,-7.66279961719424,-1.04490422859675
58,Spannagel cave,141,SPA127,302578,3871.720479,58.4837067,63.01232498,-7.79168497275,
58,Spannagel cave,140,SPA128,301889,3872.398426,77.10235765,126.6306919,-7.79066553559,
58,Spannagel cave,140,SPA128,301890,3874.360758,75.62302739,123.6807774,-7.79238583341,
58,Spannagel cave,732,SPA127_2023,431348,3876.4297919125,59.4607613605194,62.9307460827708,-7.79168497274514,-1.33034722406278
58,Spannagel cave,140,SPA128,301891,3876.436177,73.80919541,120.7126011,-7.81968114335,
58,Spannagel cave,141,SPA127,302579,3877.135616,58.51293658,63.06721215,-8.12157102937,
58,Spannagel cave,140,SPA128,301892,3878.604686,72.22067271,117.8742469,-7.87722848043,
58,Spannagel cave,140,SPA128,301893,3880.442269,71.22883096,114.2038078,-7.85356327515,
58,Spannagel cave,732,SPA127_2023,431349,3881.85328699281,59.4078507064573,63.0630345137497,-8.12157102936604,-0.853425383804804
58,Spannagel cave,141,SPA127,302580,3882.51977,58.48796061,63.27207923,-7.77323315838,
58,Spannagel cave,140,SPA128,301894,3882.616856,69.48214468,111.160113,-7.92569946087,
58,Spannagel cave,140,SPA128,301895,3886.739751,66.64064525,104.3564928,-7.8847776601,
58,Spannagel cave,732,SPA127_2023,431350,3887.18275195322,59.6164037516451,63.1709707931204,-7.77323315837695,-1.26881585277648
58,Spannagel cave,141,SPA127,302581,3887.981946,58.40373851,63.5584283,-7.60936190681,
58,Spannagel cave,140,SPA128,301896,3889.099853,64.77493903,101.148444,-8.09270553237,
58,Spannagel cave,140,SPA128,301897,3890.916455,63.43638704,98.09031403,-7.94393389647,
58,Spannagel cave,732,SPA127_2023,431351,3892.57449195431,59.8004068455302,63.5091839186448,-7.60936190680772,-1.56089761970775
58,Spannagel cave,140,SPA128,301898,3892.665913,62.24071531,94.91748794,-7.94941199873,
58,Spannagel cave,141,SPA127,302582,3893.453173,58.63185358,63.9024115,-7.89022767302,
58,Spannagel cave,140,SPA128,301899,3894.500874,60.64226209,91.17116224,-7.88638495088,
58,Spannagel cave,140,SPA128,301900,3896.316905,59.31090712,88.53996941,-8.04187636609,
58,Spannagel cave,732,SPA127_2023,431352,3897.92671517968,60.0096016812822,63.7979676067366,-7.89022767301855,-1.52478490887703
58,Spannagel cave,140,SPA128,301901,3898.429045,57.81810424,85.88060039,-7.98435337285,
58,Spannagel cave,141,SPA127,302583,3898.789304,58.7597575,64.14604258,-7.42127253226,
58,Spannagel cave,140,SPA128,301902,3900.31359,56.80087925,82.31558907,-8.00537320918,
58,Spannagel cave,140,SPA128,301903,3902.330597,55.58265374,79.45126871,-7.86190621436,
58,Spannagel cave,732,SPA127_2023,431353,3903.28431564585,60.1733356405771,63.8754793173312,-7.42127253225968,-1.71605367153534
58,Spannagel cave,140,SPA128,301904,3903.901643,54.71787154,76.08272094,-7.99696620401,
58,Spannagel cave,141,SPA127,302584,3904.25647,58.88844189,64.51984931,-7.47315348252,
58,Spannagel cave,140,SPA128,301905,3905.739979,53.88052436,72.31728221,-7.9974702116,
58,Spannagel cave,140,SPA128,301906,3907.551316,52.68740798,69.75496636,-7.92590752785,
58,Spannagel cave,732,SPA127_2023,431354,3908.63922749162,60.3397582202761,63.8908673467458,-7.47315348251697,-0.976597045596216
58,Spannagel cave,140,SPA128,301907,3909.404409,51.97640189,66.84946318,-7.92360686186,
58,Spannagel cave,141,SPA127,302585,3909.658179,59.17857543,64.85316208,-7.50652445728,
58,Spannagel cave,140,SPA128,301908,3911.503334,50.46263571,63.47703814,-7.97800561196,
58,Spannagel cave,140,SPA128,301909,3913.416822,49.34629916,60.93191272,-7.86283686329,
58,Spannagel cave,732,SPA127_2023,431355,3913.96008525144,60.4403220184436,63.9518964948033,-7.50652445728434,-0.478170712261333
58,Spannagel cave,141,SPA127,302586,3915.075241,59.43296692,65.08001819,-7.71198664641,
58,Spannagel cave,140,SPA128,301910,3915.345462,48.17497374,58.3068458,-7.93112687212,
58,Spannagel cave,140,SPA128,301911,3917.299664,47.11875988,56.45961381,-7.8816771206,
58,Spannagel cave,140,SPA128,301912,3919.197278,46.0864292,54.63715835,-7.77935257891,
58,Spannagel cave,732,SPA127_2023,431356,3919.44729274099,60.1941144044395,63.9684633228612,-7.7119866464096,-0.580016748684218
58,Spannagel cave,141,SPA127,302587,3920.358562,59.74351036,65.17313272,-7.73632139601,
58,Spannagel cave,140,SPA128,301913,3921.044815,45.21114621,51.87238565,-7.9299153701,
58,Spannagel cave,140,SPA128,301914,3923.212581,44.27159817,49.34560513,-7.98553723931,
58,Spannagel cave,732,SPA127_2023,431357,3924.82166499578,60.4902314231699,64.2248761605474,-7.73632139601388,-0.180609601715737
58,Spannagel cave,140,SPA128,301915,3925.282852,42.99673866,47.64116197,-7.92944193235,
58,Spannagel cave,141,SPA127,302588,3925.701362,59.85704611,65.33249369,-7.7555247132,
58,Spannagel cave,140,SPA128,301916,3927.505668,41.85904897,45.66154498,-7.94344158065,
58,Spannagel cave,140,SPA128,301917,3929.587786,40.66852087,43.49539148,-7.94217073419,
58,Spannagel cave,732,SPA127_2023,431358,3930.13536157523,60.8725301393029,64.3437433253944,-7.75552471320471,0.424417565063127
58,Spannagel cave,141,SPA127,302589,3931.156812,59.6664961,65.59096923,-7.72391188297,
58,Spannagel cave,140,SPA128,301918,3931.93902,39.54742335,41.58789033,-7.91639055201,
58,Spannagel cave,140,SPA128,301919,3933.942901,39.11946049,40.09465755,-7.75726241934,
58,Spannagel cave,732,SPA127_2023,431359,3935.45500427214,61.0580077925842,64.578191350809,-7.72391188297211,0.455738402348005
58,Spannagel cave,140,SPA128,301920,3936.182833,38.66796571,38.92027217,-7.78343917985,
58,Spannagel cave,141,SPA127,302590,3936.501771,59.72861195,65.74572232,-7.82690056547,
58,Spannagel cave,140,SPA128,301921,3938.4123,37.94798068,37.45450197,-7.8229941806,
58,Spannagel cave,140,SPA128,301922,3940.842785,37.37147427,36.90635249,-7.85337247772,
58,Spannagel cave,732,SPA127_2023,431360,3940.84675659687,61.1450262272574,64.8951597443879,-7.82690056546925,0.588636230872104
58,Spannagel cave,141,SPA127,302591,3941.847793,59.85279842,65.71441663,-7.65703754514,
58,Spannagel cave,140,SPA128,301923,3942.773019,37.11234115,36.32663293,-7.8967466655,
58,Spannagel cave,140,SPA128,301924,3945.114413,36.3266205,36.09104902,-7.87390870299,
58,Spannagel cave,732,SPA127_2023,431361,3946.12920175812,61.3396372142333,65.1158130641993,-7.65703754514311,0.515269750434126
58,Spannagel cave,140,SPA128,301925,3947.369967,35.93617145,35.38989623,-7.7939700284,
58,Spannagel cave,141,SPA127,302592,3947.385771,60.04132929,65.85466484,-7.62347353531,
58,Spannagel cave,140,SPA128,301926,3949.67611,35.50923948,34.99367326,-7.70004340191,
58,Spannagel cave,732,SPA127_2023,431362,3951.43205929429,61.6528308135435,65.3534457128417,-7.62347353530736,-0.0287120417170298
58,Spannagel cave,140,SPA128,301927,3951.953388,35.74602976,35.0463001,-7.65740220513,
58,Spannagel cave,141,SPA127,302593,3952.806006,60.36044879,66.09253855,-7.81650656121,
58,Spannagel cave,140,SPA128,301928,3954.317232,36.40091007,34.8980695,-7.77017813375,
58,Spannagel cave,732,SPA127_2023,431363,3956.86099831974,61.7370151325695,65.7039734695768,-7.81650656121097,-0.174275521629857
58,Spannagel cave,140,SPA128,301929,3957.918107,35.87907255,34.26339201,-7.92159590359,
58,Spannagel cave,141,SPA127,302594,3958.228147,60.44932516,66.31577206,-8.05357245417,
58,Spannagel cave,140,SPA128,301930,3961.462569,35.42806805,33.71624153,-8.0198690275,
58,Spannagel cave,732,SPA127_2023,431364,3962.20550619703,61.9855873802876,66.0083307592236,-8.05357245417179,-0.760450395994489
58,Spannagel cave,141,SPA127,302595,3963.560669,60.62137785,66.2415868,-7.82648464398,
58,Spannagel cave,140,SPA128,301931,3965.135454,34.79770325,33.32776145,-7.92766711018,
58,Spannagel cave,732,SPA127_2023,431365,3967.49174957026,62.2267227463694,66.0259015261954,-7.82648464398211,-0.33570578227295
58,Spannagel cave,140,SPA128,301932,3968.60874,34.57014656,32.71164736,-8.07516690079,
58,Spannagel cave,141,SPA127,302596,3968.908754,60.8195688,66.31959555,-7.84812175073,
58,Spannagel cave,140,SPA128,301933,3972.199143,34.09665104,32.28015426,-8.22526606455,
58,Spannagel cave,732,SPA127_2023,431366,3972.92255341701,62.2637537922797,66.2556431459293,-7.84812175072545,-0.817093769834837
58,Spannagel cave,141,SPA127,302597,3974.314091,61.13653853,66.76488653,-7.68806510966,
58,Spannagel cave,140,SPA128,301934,3975.906775,33.66266131,31.78501502,-8.36522842907,
58,Spannagel cave,732,SPA127_2023,431367,3978.3586940499,62.5205073208313,66.5050298591277,-7.68806510966413,-0.675043970529392
58,Spannagel cave,140,SPA128,301935,3979.494582,33.4786186,31.48961176,-8.07013217981,
58,Spannagel cave,141,SPA127,302598,3979.650093,61.4552785,67.07579683,-7.61762912587,
58,Spannagel cave,140,SPA128,301936,3983.043522,33.00262557,30.96677616,-7.98362309928,
58,Spannagel cave,732,SPA127_2023,431368,3983.66559276792,62.7647922145406,66.6118092080574,-7.61762912586541,-0.666887800622893
58,Spannagel cave,141,SPA127,302599,3985.038823,61.54178849,66.88532449,-7.589817059,
58,Spannagel cave,140,SPA128,301937,3986.803326,32.58684577,30.83023046,-8.12559964455,
58,Spannagel cave,732,SPA127_2023,431369,3988.97297330032,63.0546745685738,66.6675553349637,-7.58981705899811,-0.937793490658431
58,Spannagel cave,141,SPA127,302600,3990.332125,61.88317788,66.8693057,-7.57066897132,
58,Spannagel cave,140,SPA128,301938,3990.608799,32.09439496,30.6364041,-8.28011480975,
58,Spannagel cave,140,SPA128,301939,3994.143068,31.71805985,30.1886137,-7.7694292576,
58,Spannagel cave,732,SPA127_2023,431370,3994.37264040872,63.5367921367706,66.8151348469823,-7.57066897132472,-0.307228470281449
58,Spannagel cave,141,SPA127,302601,3995.763016,61.98641907,66.89597375,-7.6439269198,
58,Spannagel cave,140,SPA128,301940,3998.002651,31.18702432,30.0426525,-7.77828164267,
58,Spannagel cave,732,SPA127_2023,431371,3999.75812347821,63.9599026861579,66.9485303200945,-7.64392691980279,-0.142676285722019
58,Spannagel cave,141,SPA127,302602,4001.096141,62.18095054,67.1569008,-7.55651689059,
58,Spannagel cave,140,SPA128,301941,4001.636019,31.04338388,29.746941,-7.73694501454,
58,Spannagel cave,732,SPA127_2023,431372,4005.07029969059,64.2391511545161,66.9488878393167,-7.55651689058894,0.0132844137197752
58,Spannagel cave,140,SPA128,301942,4005.220191,30.77743004,29.44884666,-7.83918202948,
58,Spannagel cave,141,SPA127,302603,4006.462894,62.13405199,67.25520213,-7.62853488679,
58,Spannagel cave,140,SPA128,301943,4008.901848,30.55337929,29.33120547,-7.64372993755,
58,Spannagel cave,732,SPA127_2023,431373,4010.34388991112,64.5312514331727,66.8858675306046,-7.62853488678963,-0.145228246446845
58,Spannagel cave,141,SPA127,302604,4011.898054,62.02162468,67.58947666,-7.56795676402,
58,Spannagel cave,140,SPA128,301944,4012.431659,30.5549628,29.10500797,-7.68090804758,
58,Spannagel cave,732,SPA127_2023,431374,4015.74960114238,64.4330962956556,66.9396630108781,-7.56795676401686,-0.406337767412626
58,Spannagel cave,140,SPA128,301945,4016.148544,30.2916199,28.94986354,-7.81031983545,
58,Spannagel cave,141,SPA127,302605,4017.334944,62.17377796,67.84327359,-7.64766299276,
58,Spannagel cave,140,SPA128,301946,4019.953115,29.9672503,28.75378181,-7.91925120225,
58,Spannagel cave,732,SPA127_2023,431375,4021.22050642703,64.2114414304806,67.0538445772318,-7.64766299275944,-0.75983532498268
58,Spannagel cave,141,SPA127,302606,4022.797655,62.2074309,68.1197628,-7.63803170947,
58,Spannagel cave,140,SPA128,301947,4023.589906,29.7078281,28.54937038,-7.78699707096,
58,Spannagel cave,732,SPA127_2023,431376,4026.46703704003,64.6485383483659,67.0282365832968,-7.63803170946989,-1.00568271323192
58,Spannagel cave,140,SPA128,301948,4027.217873,29.56249884,28.60464681,-7.74880950526,
58,Spannagel cave,141,SPA127,302607,4028.160599,62.25104405,68.26364866,-7.569018213,
58,Spannagel cave,140,SPA128,301949,4030.793578,29.56938269,28.63151427,-7.67238563218,
58,Spannagel cave,732,SPA127_2023,431377,4031.80638986869,64.9608397687252,67.2425507159805,-7.56901821299774,-0.81217241878396
58,Spannagel cave,141,SPA127,302608,4033.588683,62.20596198,68.46672578,-7.5243597853,
58,Spannagel cave,140,SPA128,301950,4034.354073,29.520087,28.6734028,-7.95219418512,
58,Spannagel cave,732,SPA127_2023,431378,4037.25383281893,65.2188702123494,67.5715669014271,-7.52435978529808,-0.778560382077421
58,Spannagel cave,140,SPA128,301951,4037.973434,29.43123013,28.34690181,-7.95989523803,
58,Spannagel cave,141,SPA127,302609,4038.817767,62.55343686,68.47044068,-7.56581692747,
58,Spannagel cave,140,SPA128,301952,4041.758681,29.42050858,28.42012989,-7.75146417422,
58,Spannagel cave,732,SPA127_2023,431379,4042.4057103787,65.8421186365595,67.5265722320405,-7.56581692747403,-0.77883142307748
58,Spannagel cave,141,SPA127,302610,4044.18622,62.65888596,68.73530368,-7.59644925387,
58,Spannagel cave,140,SPA128,301953,4045.41793,29.33152221,28.23009089,-7.98949918481,
58,Spannagel cave,732,SPA127_2023,431380,4047.8295871275,66.019828552121,67.5896381427965,-7.59644925387486,-0.681030067396106
58,Spannagel cave,140,SPA128,301954,4048.937655,29.52794228,28.1326301,-7.66206702761,
58,Spannagel cave,141,SPA127,302611,4049.646567,62.90263499,69.02346663,-7.60332226238,
58,Spannagel cave,140,SPA128,301955,4052.422304,29.48480333,28.12977891,-7.80096600878,
58,Spannagel cave,732,SPA127_2023,431381,4053.29247602401,66.1440082729405,67.7762073524514,-7.60332226238166,-0.817873917226817
58,Spannagel cave,141,SPA127,302612,4055.008333,62.99699755,69.1954308,-7.66274512578,
58,Spannagel cave,140,SPA128,301956,4056.132911,29.27614199,28.07918679,-7.8741009556,
58,Spannagel cave,732,SPA127_2023,431382,4058.71217042389,66.2914561422758,68.088441267284,-7.66274512578248,-0.857388283137388
58,Spannagel cave,140,SPA128,301957,4059.830345,28.95027422,27.98261227,-7.68690256983,
58,Spannagel cave,141,SPA127,302613,4060.347372,63.1595748,69.18977914,-7.69074853742,
58,Spannagel cave,140,SPA128,301958,4063.521617,29.16665224,27.81420656,-7.53731396538,
58,Spannagel cave,732,SPA127_2023,431383,4063.97065034055,66.6001184948364,68.1182433543167,-7.69074853742461,-1.15219975323531
58,Spannagel cave,141,SPA127,302614,4065.653778,63.5731733,69.27648156,-7.59643502689,
58,Spannagel cave,140,SPA128,301959,4067.111516,29.48724728,27.75151662,-7.53217693494,
58,Spannagel cave,732,SPA127_2023,431384,4069.24457895694,66.8899111525461,68.1378681735491,-7.59643502689257,-1.08831687398863
58,Spannagel cave,140,SPA128,301960,4070.724311,29.75223001,27.92721552,-7.84990639558,
58,Spannagel cave,141,SPA127,302615,4070.996198,63.93445579,69.44521381,-7.60525378883,
58,Spannagel cave,140,SPA128,301961,4074.399551,29.70217629,27.96115356,-7.75816454763,
58,Spannagel cave,732,SPA127_2023,431385,4074.54198329404,67.2614065260145,68.1809687134796,-7.60525378883447,-1.14414719647939
58,Spannagel cave,141,SPA127,302616,4076.308279,64.3586818,69.62874883,-7.70119572562,
58,Spannagel cave,140,SPA128,301962,4078.02832,29.9558036,28.06394475,-7.98199479187,
58,Spannagel cave,732,SPA127_2023,431386,4079.84112733002,67.6243201677862,68.2258089523002,-7.7011957256194,-1.24622431553683
58,Spannagel cave,140,SPA128,301963,4081.600538,29.94281485,28.18130215,-7.77480008366,
58,Spannagel cave,141,SPA127,302617,4081.64333,64.74190004,69.98625017,-7.65340273947,
58,Spannagel cave,140,SPA128,301964,4085.187169,30.45040606,28.15395998,-7.92629873585,
58,Spannagel cave,732,SPA127_2023,431387,4085.22742361602,67.7054646753822,68.3986127282751,-7.65340273947422,-1.32748023634165
58,Spannagel cave,141,SPA127,302618,4087.048689,64.9646687,70.41405897,-7.68919870595,
58,Spannagel cave,140,SPA128,301965,4088.77229,30.88505638,28.43153355,-7.65386546416,
58,Spannagel cave,732,SPA127_2023,431388,4090.61936167658,67.863607399082,68.6732081436348,-7.68919870595032,-1.54258576489652
58,Spannagel cave,141,SPA127,302619,4092.337785,65.21703356,70.69586522,-7.58830515426,
58,Spannagel cave,140,SPA128,301966,4092.421863,31.27101087,28.65275809,-7.82969998359,
58,Spannagel cave,732,SPA127_2023,431389,4096.02307685761,67.9708417527163,68.9590714538363,-7.58830515426142,-1.67764429640849
58,Spannagel cave,140,SPA128,301967,4096.1023,31.46979049,28.87942292,-7.56417690779,
58,Spannagel cave,141,SPA127,302620,4097.64216,65.45036268,70.83974327,-7.6696438618,
58,Spannagel cave,140,SPA128,301968,4099.699224,31.51796342,29.16158992,-7.48531797943,
58,Spannagel cave,732,SPA127_2023,431390,4101.37363224885,68.2167426730884,69.2003276230489,-7.66964386180278,-2.15635141193728
58,Spannagel cave,141,SPA127,302621,4103.105935,65.52429068,70.94716248,-7.78058222928,
58,Spannagel cave,140,SPA128,301969,4103.207867,32.0728707,29.78125398,-7.37208146611,
58,Spannagel cave,732,SPA127_2023,431391,4106.72066549947,68.3400399457041,69.5416646314434,-7.78058222928192,-2.34110233028933
58,Spannagel cave,140,SPA128,301970,4106.748111,32.36482686,29.79813336,-7.18766858347,
58,Spannagel cave,141,SPA127,302622,4108.606792,65.77179827,71.40358805,-7.56418783817,
58,Spannagel cave,140,SPA128,301971,4110.490657,32.6188591,30.11619109,-7.2502081389,
58,Spannagel cave,732,SPA127_2023,431392,4111.90323053827,68.7105869300221,69.6693590791429,-7.56418783817373,-2.39230037152727
58,Spannagel cave,141,SPA127,302623,4113.852919,66.07503693,71.37113555,-7.49202047054,
58,Spannagel cave,140,SPA128,301972,4114.181838,32.90079214,30.12007226,-7.73440575947,
58,Spannagel cave,732,SPA127_2023,431393,4117.22002433248,69.0002567926467,69.9176709003368,-7.49202047054082,-2.42662273686511
58,Spannagel cave,140,SPA128,301973,4117.797079,33.25590378,30.41974069,-7.59981114355,
58,Spannagel cave,141,SPA127,302624,4118.980863,66.44848265,71.35104878,-7.56937247829,
58,Spannagel cave,140,SPA128,301974,4121.635874,33.38295544,31.25865003,-7.53698616972,
58,Spannagel cave,732,SPA127_2023,431394,4122.53647838157,69.2077626749751,69.9712355220709,-7.56937247828737,-2.72986706627848
58,Spannagel cave,141,SPA127,302625,4124.355191,66.70583365,71.36242909,-7.64023216902,
58,Spannagel cave,140,SPA128,301975,4125.341161,33.54776888,31.85005355,-7.54200530724,
58,Spannagel cave,732,SPA127_2023,431395,4127.86576317207,69.4067268263861,70.0310232243551,-7.64023216902316,-2.70875663831399
58,Spannagel cave,140,SPA128,301976,4128.946787,33.89999778,32.37607448,-7.74887813808,
58,Spannagel cave,141,SPA127,302626,4129.705183,66.89041498,71.57183823,-7.50548164015,
58,Spannagel cave,140,SPA128,301977,4132.613208,34.52240884,32.78010246,-7.86710458002,
58,Spannagel cave,732,SPA127_2023,431396,4133.22665785403,69.5266757075806,70.2085410516434,-7.50548164014857,-2.48758374000022
58,Spannagel cave,141,SPA127,302627,4135.030069,67.23138778,71.70879214,-7.60470782348,
58,Spannagel cave,140,SPA128,301978,4136.354166,34.87523848,33.19630754,-7.77817335808,
58,Spannagel cave,732,SPA127_2023,431397,4138.61159196094,69.5917168936348,70.3765379982301,-7.60470782348265,-2.45944349187577
58,Spannagel cave,140,SPA128,301979,4139.952704,35.20920884,33.40527476,-7.72692026046,
58,Spannagel cave,141,SPA127,302628,4140.445964,67.58477602,71.98657638,-7.83341624774,
58,Spannagel cave,140,SPA128,301980,4143.455788,35.57754468,33.67947999,-7.80618665001,
58,Spannagel cave,732,SPA127_2023,431398,4144.00339561549,69.6686945504562,70.5514044924539,-7.83341624774118,-2.78724540803991
58,Spannagel cave,141,SPA127,302629,4145.9387,67.58528635,72.34120142,-7.73662217852,
58,Spannagel cave,140,SPA128,301981,4147.071231,35.78085373,33.82242547,-7.69020136642,
58,Spannagel cave,732,SPA127_2023,431399,4149.37203326148,69.7975718218067,70.703104978129,-7.73662217851835,-2.84290005462601
58,Spannagel cave,140,SPA128,301982,4150.512315,36.44394479,34.16416207,-7.57524454035,
58,Spannagel cave,141,SPA127,302630,4151.376986,67.58960105,72.64137681,-7.71205678378,
58,Spannagel cave,140,SPA128,301983,4154.171989,36.97108164,34.30903636,-7.36086795738,
58,Spannagel cave,732,SPA127_2023,431400,4154.69374946951,70.125799958043,70.7914818015697,-7.71205678377949,-2.83694449363498
58,Spannagel cave,141,SPA127,302631,4156.672208,67.71258376,72.7984884,-7.75002543374,
58,Spannagel cave,140,SPA128,301984,4157.739393,37.82502001,34.82831443,-7.32218882841,
58,Spannagel cave,732,SPA127_2023,431401,4160.107261243,70.4170285257633,70.9703028417971,-7.75002543374398,-3.00302902013638
58,Spannagel cave,140,SPA128,301985,4161.430697,38.25435223,35.10250178,-7.48462867535,
58,Spannagel cave,141,SPA127,302632,4162.000906,68.04888881,72.98907583,-7.72336220254,
58,Spannagel cave,140,SPA128,301986,4164.985269,38.706605,35.2599109,-7.50530280541,
58,Spannagel cave,732,SPA127_2023,431402,4165.49943183913,70.729598270842,71.2514312203784,-7.72336220253901,-2.40680122364423
58,Spannagel cave,141,SPA127,302633,4167.502675,68.23406298,73.25066522,-7.64454367072,
58,Spannagel cave,140,SPA128,301987,4168.763896,39.16853911,35.87553071,-7.60330088222,
58,Spannagel cave,732,SPA127_2023,431403,4170.83405150699,70.9438328710576,71.4785256344294,-7.64454367071961,-1.26317960755303
58,Spannagel cave,140,SPA128,301988,4172.519838,39.27660659,36.55415018,-7.74488764585,
58,Spannagel cave,141,SPA127,302634,4172.905299,68.49592174,73.34557099,-7.63191398286,
58,Spannagel cave,140,SPA128,301989,4176.070897,39.67307245,37.04020176,-7.84230748361,
58,Spannagel cave,732,SPA127_2023,431404,4176.08977843265,71.3016055577446,71.6267273062876,-7.63191398285786,-0.216826850146782
58,Spannagel cave,141,SPA127,302635,4178.173343,68.92458374,73.55704941,-7.63943015958,
58,Spannagel cave,732,SPA127_2023,431405,4181.50280635345,71.5527371206081,71.9322299732839,-7.63943015957651,0.131717858413806
58,Spannagel cave,140,SPA128,301990,4183.202739,40.92366579,37.99508115,-7.73661929917,
58,Spannagel cave,141,SPA127,302636,4183.484912,69.05823029,73.90764418,-7.56715541762,
58,Spannagel cave,140,SPA128,301991,4186.5798,41.84110504,38.35788678,-7.85645375472,
58,Spannagel cave,732,SPA127_2023,431406,4186.83618318391,71.888958166167,72.1525930575435,-7.56715541761763,0.694940780196318
58,Spannagel cave,141,SPA127,302637,4188.991017,69.22620955,74.27800749,-7.65466773542,
58,Spannagel cave,140,SPA128,301992,4190.265627,42.49676862,38.97747276,-8.20944482461,
58,Spannagel cave,139,SPA70,300507,4191.588973,345.8523935,612.884758,-8.08432226273,
58,Spannagel cave,732,SPA127_2023,431407,4192.28765911007,72.1070801160313,72.4511590637467,-7.65466773542448,0.917632854506469
58,Spannagel cave,140,SPA128,301993,4193.880331,43.07185059,39.63904779,-8.23176254867,
58,Spannagel cave,141,SPA127,302638,4194.458282,69.42634488,74.5723233,-7.65419086237,
58,Spannagel cave,140,SPA128,301994,4197.449959,43.73149494,40.30259148,-8.22424378966,
58,Spannagel cave,732,SPA127_2023,431408,4197.61200100783,72.4613971177796,72.622591041546,-7.65419086237364,1.0096521693713
58,Spannagel cave,139,SPA70,300508,4199.214534,339.2227275,600.9441882,-7.98950831336,
58,Spannagel cave,141,SPA127,302639,4199.799541,69.68903907,74.75601473,-7.71939309843,
58,Spannagel cave,140,SPA128,301995,4201.081482,44.54692493,40.75884914,-8.184991983,
58,Spannagel cave,732,SPA127_2023,431409,4202.98061624505,72.8760874300215,72.8159327135927,-7.71939309843178,0.883659026379879
58,Spannagel cave,140,SPA128,301996,4204.858851,44.82115235,41.66854928,-8.33062745811,
58,Spannagel cave,141,SPA127,302640,4205.007083,70.02281601,74.76687879,-7.91911149721,
58,Spannagel cave,139,SPA70,300509,4207.212987,332.4566391,589.3765117,-7.94146652806,
58,Spannagel cave,732,SPA127_2023,431410,4208.28534618027,73.1706819379442,73.0070199153624,-7.91911149720774,0.608172825841519
58,Spannagel cave,140,SPA128,301997,4208.46099,45.3006552,42.22377927,-7.94012500032,
58,Spannagel cave,141,SPA127,302641,4210.212444,70.18009424,74.77209167,-7.79977530475,
58,Spannagel cave,140,SPA128,301998,4212.361777,44.98551108,41.6500889,-7.87186023379,
58,Spannagel cave,732,SPA127_2023,431411,4213.5851760888,73.4407467858682,73.2576568139148,-7.79977530475085,0.628300152210495
58,Spannagel cave,139,SPA70,300510,4214.803166,325.4439914,577.4005597,-7.93858571635,
58,Spannagel cave,141,SPA127,302642,4215.749612,70.36270919,75.16850871,-7.89720728463,
58,Spannagel cave,140,SPA128,301999,4216.365379,44.65160303,41.33468602,-7.85985923781,
58,Spannagel cave,732,SPA127_2023,431412,4218.95108119145,73.6255031937399,73.5371165204269,-7.8972072846314,0.497597818028332
58,Spannagel cave,140,SPA128,302000,4220.445607,43.89829669,40.97811156,-7.92741197272,
58,Spannagel cave,141,SPA127,302643,4221.076717,70.79868884,75.29332163,-7.86698106585,
58,Spannagel cave,139,SPA70,300511,4222.065799,318.3990442,565.0051422,-7.92036471945,
58,Spannagel cave,732,SPA127_2023,431413,4224.2744993274,74.0038257503593,73.7740892602342,-7.86698106584915,0.454963229445543
58,Spannagel cave,141,SPA127,302644,4226.474236,71.11264424,75.49628501,-7.76121136834,
58,Spannagel cave,140,SPA128,302001,4228.394019,42.85281526,40.35884847,-8.34618959916,
58,Spannagel cave,139,SPA70,300512,4229.570439,311.5096918,552.6396275,-7.81546650658,
58,Spannagel cave,732,SPA127_2023,431414,4229.63811268187,74.0569274493073,74.0361037442717,-7.76121136833628,0.790419935206034
58,Spannagel cave,141,SPA127,302645,4231.784958,71.5133964,75.62735282,-7.76595113324,
58,Spannagel cave,140,SPA128,302002,4232.289736,42.4894997,39.9163051,-8.02530200231,
58,Spannagel cave,732,SPA127_2023,431415,4234.91613275767,74.4757064163787,74.1556624957375,-7.76595113324349,0.810653853135965
58,Spannagel cave,140,SPA128,302003,4236.387893,42.10054325,39.5889159,-8.21237358174,
58,Spannagel cave,141,SPA127,302646,4237.093814,71.9160144,75.88409678,-7.73830963927,
58,Spannagel cave,139,SPA70,300513,4237.296962,304.213896,540.1520915,-8.02349031931,
58,Spannagel cave,732,SPA127_2023,431416,4240.2041590174,74.6873212740065,74.2611628855284,-7.73830963927215,0.983126799388671
58,Spannagel cave,140,SPA128,302004,4240.401949,41.55841035,39.17432435,-8.14271786232,
58,Spannagel cave,141,SPA127,302647,4242.479307,72.24199544,76.17368735,-7.77951858714,
58,Spannagel cave,140,SPA128,302005,4244.38333,40.85098521,38.71292737,-8.11328099161,
58,Spannagel cave,139,SPA70,300514,4244.998503,296.7197833,526.8958891,-8.02870231672,
58,Spannagel cave,732,SPA127_2023,431417,4245.51445688316,74.8121407764911,74.4476462012572,-7.77951858713919,0.814252925038938
58,Spannagel cave,141,SPA127,302648,4247.807546,72.63495624,76.5035878,-7.78331878664,
58,Spannagel cave,140,SPA128,302006,4248.365714,40.39584191,38.26662148,-7.96185403395,
58,Spannagel cave,732,SPA127_2023,431418,4250.91031333485,74.9794466391504,74.7096222539203,-7.78331878663753,0.794850964648882
58,Spannagel cave,140,SPA128,302007,4252.3743,39.95989666,37.87452296,-7.86996053538,
58,Spannagel cave,139,SPA70,300515,4252.82708,289.0785395,514.169835,-8.02905824613,
58,Spannagel cave,141,SPA127,302649,4253.200632,72.99164031,76.80443942,-7.86336091485,
58,Spannagel cave,732,SPA127_2023,431419,4256.23345049994,75.4118817850085,74.8560127936762,-7.86336091485244,0.481068979243417
58,Spannagel cave,140,SPA128,302008,4256.308333,39.46426608,37.42138397,-7.73292489714,
58,Spannagel cave,141,SPA127,302650,4258.53695,73.2708161,76.96745809,-7.66754271335,
58,Spannagel cave,140,SPA128,302009,4260.370257,38.85101656,37.05717944,-7.59294570736,
58,Spannagel cave,732,SPA127_2023,431420,4261.66413598779,75.6756663788992,75.2584704777219,-7.66754271335253,0.470058555400219
58,Spannagel cave,141,SPA127,302651,4263.936499,73.47246224,77.24241184,-7.69590078079,
58,Spannagel cave,140,SPA128,302010,4264.432187,38.33671087,36.6326733,-7.42923462526,
58,Spannagel cave,732,SPA127_2023,431421,4266.93789980384,76.1940791102406,75.4423383270605,-7.69590078078736,0.432087011325664
58,Spannagel cave,140,SPA128,302011,4268.396001,37.86699826,36.1864873,-7.70602579084,
58,Spannagel cave,141,SPA127,302652,4269.249384,73.73250406,77.46107045,-7.78080270624,
58,Spannagel cave,732,SPA127_2023,431422,4272.23829304637,76.6099545442976,75.6248014158082,-7.78080270624389,0.369485240525347
58,Spannagel cave,140,SPA128,302012,4272.457132,37.40858625,35.82020358,-7.71264892597,
58,Spannagel cave,141,SPA127,302653,4274.677389,73.85651556,77.75138071,-7.89431787362,
58,Spannagel cave,140,SPA128,302013,4276.481664,37.03739396,35.63512074,-7.70910620263,
58,Spannagel cave,732,SPA127_2023,431423,4277.67143115508,76.7797642821988,75.9400093707463,-7.89431787362279,0.665597474068904
58,Spannagel cave,141,SPA127,302654,4280.090812,74.00071641,78.05527905,-7.87025361835,
58,Spannagel cave,140,SPA128,302014,4280.42189,36.57281129,35.09534127,-7.92280061395,
58,Spannagel cave,139,SPA70,300516,4282.258499,263.4059343,466.8693669,-7.9513956897,
58,Spannagel cave,732,SPA127_2023,431424,4283.0681711639,77.1766454650833,76.214319189894,-7.8702536183478,0.429695742715048
58,Spannagel cave,140,SPA128,302015,4284.491245,35.9713255,34.92869992,-7.79216826796,
58,Spannagel cave,141,SPA127,302655,4285.531232,74.25889929,78.37436127,-8.07662147262,
58,Spannagel cave,140,SPA128,302016,4288.422896,35.54106656,34.49215754,-7.97979081962,
58,Spannagel cave,732,SPA127_2023,431425,4288.50020213937,77.5724791482298,76.4138270302155,-8.07662147262472,0.288340838940146
58,Spannagel cave,139,SPA70,300517,4289.814852,256.8812908,453.8875457,-8.07861405612,
58,Spannagel cave,141,SPA127,302656,4290.854831,74.6342834,78.57462253,-7.93304242421,
58,Spannagel cave,140,SPA128,302017,4292.456119,34.9762256,34.10505767,-8.080974833,
58,Spannagel cave,732,SPA127_2023,431426,4293.94841072593,77.9278856904612,76.7497425094252,-7.93304242421414,0.341819154644808
58,Spannagel cave,141,SPA127,302657,4296.270799,74.88125483,78.86725361,-7.93842942459,
58,Spannagel cave,140,SPA128,302018,4296.289243,34.61616287,33.53881822,-8.07006588651,
58,Spannagel cave,139,SPA70,300518,4297.273996,250.003233,440.8085154,-8.17302783151,
58,Spannagel cave,732,SPA127_2023,431427,4299.41645506617,78.1166556242451,77.0670549733277,-7.93842942458561,0.269130560036325
58,Spannagel cave,140,SPA128,302019,4300.227128,34.16837639,33.1969965,-8.09571766134,
58,Spannagel cave,141,SPA127,302658,4301.697692,75.1157932,79.17081019,-7.92956320336,
58,Spannagel cave,140,SPA128,302020,4304.274096,33.70197327,32.9776414,-8.24119060627,
58,Spannagel cave,139,SPA70,300519,4304.70849,243.4112435,428.4544458,-8.12785550223,
58,Spannagel cave,732,SPA127_2023,431428,4304.79465352625,78.3782147699858,77.2800707271253,-7.92956320335725,0.302813543066665
58,Spannagel cave,141,SPA127,302659,4306.983371,75.5157032,79.33315242,-7.86910635459,
58,Spannagel cave,140,SPA128,302021,4308.273138,33.28962684,32.78902365,-8.34758152613,
58,Spannagel cave,732,SPA127_2023,431429,4310.19029098825,78.6223349138108,77.5580277459349,-7.86910635458889,0.47483102432279
58,Spannagel cave,139,SPA70,300520,4312.160946,236.7155946,416.9465573,-8.03818727165,
58,Spannagel cave,140,SPA128,302022,4312.177103,32.82722137,32.17008279,-8.64044837837,
58,Spannagel cave,141,SPA127,302660,4312.336749,75.66519089,79.55702068,-7.93548977349,
58,Spannagel cave,732,SPA127_2023,431430,4315.57999426157,78.917477934725,77.7777472931448,-7.93548977349279,0.422333959181257
58,Spannagel cave,140,SPA128,302023,4316.120968,32.3659123,31.89470678,-8.39883540543,
58,Spannagel cave,141,SPA127,302661,4317.756261,75.83945223,79.84136474,-8.00877546744,
58,Spannagel cave,139,SPA70,300521,4319.971481,229.6904634,404.6473884,-8.14975495782,
58,Spannagel cave,140,SPA128,302024,4320.06387,31.98130887,31.75401836,-8.1018917092,
58,Spannagel cave,732,SPA127_2023,431431,4320.98156591224,79.2082587114101,77.9357726135477,-8.00877546743616,0.460504806753457
58,Spannagel cave,141,SPA127,302662,4323.141673,76.29020415,80.02534776,-7.89727455227,
58,Spannagel cave,140,SPA128,302025,4324.027216,31.46742546,31.42718386,-8.00972869739,
58,Spannagel cave,732,SPA127_2023,431432,4326.30057181344,79.4751028726605,77.9973580614624,-7.89727455226585,0.44620303194964
58,Spannagel cave,139,SPA70,300522,4327.714977,222.9720323,391.5697348,-8.07913004087,
58,Spannagel cave,140,SPA128,302026,4327.976686,31.19394222,30.94855393,-7.84639087522,
58,Spannagel cave,141,SPA127,302663,4328.488044,76.63982263,80.19901263,-7.90926160016,
58,Spannagel cave,732,SPA127_2023,431433,4331.51105076299,79.8435138509112,78.0845161094185,-7.90926160015934,0.16079580671817
58,Spannagel cave,140,SPA128,302027,4331.847059,30.8916658,30.69805981,-8.00071651414,
58,Spannagel cave,141,SPA127,302664,4333.81956,76.86654062,80.5176466,-7.91730984887,
58,Spannagel cave,139,SPA70,300523,4334.763171,216.8465729,379.215567,-8.00291025218,
58,Spannagel cave,140,SPA128,302028,4335.864884,30.23245985,30.37515837,-8.06682235815,
58,Spannagel cave,732,SPA127_2023,431434,4336.87814005499,80.0963544235865,78.3686685149451,-7.91730984887267,0.129983557992585
58,Spannagel cave,141,SPA127,302665,4339.167416,77.04890008,80.77717636,-7.87737717214,
58,Spannagel cave,140,SPA128,302029,4339.947087,29.78741263,30.11498527,-8.05987573278,
58,Spannagel cave,139,SPA70,300524,4341.67604,210.5698864,367.1100015,-8.05659057241,
58,Spannagel cave,732,SPA127_2023,431435,4342.05127418914,80.5431501541034,78.5380653108841,-7.87737717214,0.154594517676989
58,Spannagel cave,140,SPA128,302030,4343.826494,29.57481931,29.51625046,-8.04230926546,
58,Spannagel cave,141,SPA127,302666,4344.351131,77.45824905,80.83755407,-7.95479397294,
58,Spannagel cave,732,SPA127_2023,431436,4347.22789758285,81.0450876993646,78.545129104089,-7.9547939729394,0.0531896644279219
58,Spannagel cave,140,SPA128,302031,4347.751078,29.38822686,29.45150165,-8.32852133978,
58,Spannagel cave,139,SPA70,300525,4349.104598,204.3775137,354.6374677,-8.01568858627,
58,Spannagel cave,141,SPA127,302667,4349.625063,77.86381408,80.98731112,-7.71156790915,
58,Spannagel cave,140,SPA128,302032,4351.731154,29.11867053,29.41607611,-8.29881985846,
58,Spannagel cave,732,SPA127_2023,431437,4352.58148198401,81.5400859904166,78.7507206178916,-7.71156790914702,0.1970326092282
58,Spannagel cave,141,SPA127,302668,4354.916877,78.25149626,81.14745543,-7.82917404541,
58,Spannagel cave,140,SPA128,302033,4355.694676,28.77888374,28.83931569,-8.20200463584,
58,Spannagel cave,139,SPA70,300526,4356.234154,198.2323523,341.0926133,-8.15436799596,
58,Spannagel cave,732,SPA127_2023,431438,4357.91384564485,81.8655445167878,79.0062150492186,-7.82917404540945,0.217952667833913
58,Spannagel cave,140,SPA128,302034,4359.740686,28.46169378,28.65930158,-8.3990051838,
58,Spannagel cave,141,SPA127,302669,4360.192283,78.67145176,81.26153302,-7.91045495289,
58,Spannagel cave,732,SPA127_2023,431439,4363.20376316582,82.1140025120467,79.0996157095306,-7.91045495289182,0.24163033254575
58,Spannagel cave,140,SPA128,302035,4363.747577,28.2355845,28.54148201,-8.20503762991,
58,Spannagel cave,139,SPA70,300527,4363.804393,191.5884777,328.8015558,-7.96015462374,
58,Spannagel cave,141,SPA127,302670,4365.411215,79.16754007,81.30360964,-7.80423119457,
58,Spannagel cave,140,SPA128,302036,4367.752313,27.90032641,28.29385984,-7.85587515074,
58,Spannagel cave,732,SPA127_2023,431440,4368.62660216635,82.4324350832003,79.5337312887714,-7.80423119456801,0.326704101538523
58,Spannagel cave,141,SPA127,302671,4370.70353,79.52896636,81.41906981,-7.98294582627,
58,Spannagel cave,139,SPA70,300528,4371.57896,185.5776485,316.6334497,-7.96647301194,
58,Spannagel cave,140,SPA128,302037,4371.71814,27.76042364,28.02555196,-7.91633783364,
58,Spannagel cave,732,SPA127_2023,431441,4374.07807573491,82.7241902388514,79.9964814360437,-7.98294582626696,0.325175301415699
58,Spannagel cave,140,SPA128,302038,4375.780865,27.30731546,27.76697676,-8.02836973617,
58,Spannagel cave,141,SPA127,302672,4376.126955,79.82613934,81.66563963,-7.8798755314,
58,Spannagel cave,732,SPA127_2023,431442,4378.40821809536,81.5745108610236,79.3240356132692,-7.87987553140145,0.509623129082886
58,Spannagel cave,139,SPA70,300529,4379.589167,178.2604548,305.3256602,-7.99527458099,
58,Spannagel cave,140,SPA128,302039,4379.671807,27.09348869,27.41151929,-8.11522361759,
58,Spannagel cave,141,SPA127,302673,4380.275566,78.63175268,81.38853246,-7.85861191481,
58,Spannagel cave,732,SPA127_2023,431443,4382.36169760672,80.038028003275,78.2712668490349,-7.85861191481098,0.670195409815917
58,Spannagel cave,140,SPA128,302040,4383.648721,26.83255652,27.22357678,-8.12875431782,
58,Spannagel cave,141,SPA127,302674,4384.506171,77.58486828,80.43850109,-7.85858204196,
58,Spannagel cave,732,SPA127_2023,431444,4386.171004655,79.4997683453275,76.8371230786825,-7.85858204196456,0.679452599537744
58,Spannagel cave,139,SPA70,300530,4387.067858,171.6820225,291.416292,-7.88270862419,
58,Spannagel cave,140,SPA128,302041,4387.527355,26.76279236,27.06941133,-7.98231275744,
58,Spannagel cave,141,SPA127,302675,4388.076782,77.1873506,78.98938467,-7.76553453316,
58,Spannagel cave,732,SPA127_2023,431445,4389.79747889739,79.3677982279632,76.3930876365594,-7.76553453315606,0.575710989323536
58,Spannagel cave,140,SPA128,302042,4391.493179,26.58083331,26.90366554,-8.08735465485,
58,Spannagel cave,141,SPA127,302676,4391.624985,77.50762835,77.94691696,-7.7846421108,
58,Spannagel cave,732,SPA127_2023,431446,4393.82695840105,79.2093130154881,75.0843737146824,-7.78464211080179,0.368714956532105
58,Spannagel cave,139,SPA70,300531,4394.324369,165.1672507,278.7975907,-7.94141418137,
58,Spannagel cave,141,SPA127,302677,4395.248119,77.17782427,76.70691411,-7.78240548391,
58,Spannagel cave,140,SPA128,302043,4395.554081,26.0573541,26.92466895,-8.01554956652,
58,Spannagel cave,732,SPA127_2023,431447,4397.82436326134,77.8613030680117,74.366402883692,-7.78240548391316,0.320561365203648
58,Spannagel cave,141,SPA127,302678,4399.042193,76.27661871,76.48834031,-8.0438116561,
58,Spannagel cave,140,SPA128,302044,4399.506806,25.78074894,26.84817309,-7.91737693176,
58,Spannagel cave,732,SPA127_2023,431448,4401.4557601458,77.7111061188225,73.6729633044506,-8.04381165610228,-0.036007750341884
58,Spannagel cave,139,SPA70,300532,4401.7426,159.4030791,267.225566,-8.10895445183,
58,Spannagel cave,141,SPA127,302679,4402.917147,75.31044213,75.54554604,-7.8736326643,
58,Spannagel cave,140,SPA128,302045,4403.482471,25.76645554,26.68421082,-7.78949216622,
58,Spannagel cave,732,SPA127_2023,431449,4405.19780201353,77.09124356352,73.164397071293,-7.87363266430272,-0.135666176051907
58,Spannagel cave,141,SPA127,302680,4407.014017,75.19340873,75.53800906,-7.90737402487,
58,Spannagel cave,140,SPA128,302046,4407.420618,25.82496254,26.47447998,-7.90044603616,
58,Spannagel cave,732,SPA127_2023,431450,4409.38563109925,76.4182781927975,72.8445887063081,-7.90737402486819,-0.366736867734593
58,Spannagel cave,139,SPA70,300533,4409.439787,152.3494615,256.2251357,-8.05984398446,
58,Spannagel cave,141,SPA127,302681,4411.101636,74.54074434,75.15982832,-7.91740950359,
58,Spannagel cave,140,SPA128,302047,4411.376444,25.84808043,26.46524402,-7.92295399735,
58,Spannagel cave,732,SPA127_2023,431451,4413.40048748323,75.6305728293401,72.6059284446874,-7.91740950358817,-0.521875674230157
58,Spannagel cave,141,SPA127,302682,4414.782611,74.09047899,74.53724057,-7.96529862229,
58,Spannagel cave,140,SPA128,302048,4415.305717,25.62429875,26.28863229,-7.98992729798,
58,Spannagel cave,139,SPA70,300534,4416.400948,145.7241289,245.224429,-7.86467150541,
58,Spannagel cave,732,SPA127_2023,431452,4417.52049836087,75.0247742486563,72.1344510971185,-7.96529862228902,-0.682700221137284
58,Spannagel cave,141,SPA127,302683,4418.339679,73.93288211,73.83765218,-8.15233178701,
58,Spannagel cave,140,SPA128,302049,4419.329193,25.54853281,26.24098445,-7.96226468483,
58,Spannagel cave,732,SPA127_2023,431453,4421.81883011282,74.3608402816953,72.348209290144,-8.15233178700756,-0.883792234450133
58,Spannagel cave,141,SPA127,302684,4421.896984,74.27088851,73.15515052,-8.13818522188,
58,Spannagel cave,139,SPA70,300535,4423.143777,139.5978426,232.224832,-7.91375560556,
58,Spannagel cave,140,SPA128,302050,4423.39453,25.28924265,26.29509008,-7.94549164329,
58,Spannagel cave,141,SPA127,302685,4426.174211,73.59366745,72.95395091,-8.07445004301,
58,Spannagel cave,732,SPA127_2023,431454,4426.22857458826,73.2363157531399,72.4732353159407,-8.13818522187837,-1.11844319110469
58,Spannagel cave,140,SPA128,302051,4427.354286,25.23214726,26.2824974,-8.03590865473,
58,Spannagel cave,141,SPA127,302686,4430.016423,73.25124647,72.73680708,-8.0007604624,
58,Spannagel cave,732,SPA127_2023,431455,4430.27573984543,72.4927676655798,72.1511296961098,-8.07445004300579,-1.28741524110221
58,Spannagel cave,139,SPA70,300536,4430.371673,133.504618,219.806096,-7.9265691327,
58,Spannagel cave,140,SPA128,302052,4431.293305,25.42192517,26.00681357,-7.99246449604,
58,Spannagel cave,141,SPA127,302687,4433.923665,73.49137942,72.37574016,-7.95181856393,
58,Spannagel cave,732,SPA127_2023,431456,4434.18919080518,72.4822159802534,71.2231893064927,-8.0007604624002,-1.40047875353607
58,Spannagel cave,140,SPA128,302053,4435.269821,25.62908422,25.97248243,-8.11855668265,
58,Spannagel cave,141,SPA127,302688,4437.290676,73.43210115,71.874297,-8.12241818909,
58,Spannagel cave,732,SPA127_2023,431457,4438.19469504774,71.9657003301154,70.6459488678011,-7.95181856393459,-1.16541957683783
58,Spannagel cave,139,SPA70,300537,4438.382111,126.9415228,207.3010112,-7.78189241899,
58,Spannagel cave,140,SPA128,302054,4439.345941,25.37471616,26.1046979,-8.1314679867,
58,Spannagel cave,141,SPA127,302689,4441.532472,72.96202477,72.85910666,-8.05175488522,
58,Spannagel cave,732,SPA127_2023,431458,4442.10244461934,71.7039095067348,70.5893124543436,-8.1224181890911,-1.07209330448224
58,Spannagel cave,140,SPA128,302055,4443.337954,25.23662838,26.15147486,-8.15976060389,
58,Spannagel cave,141,SPA127,302690,4445.495884,72.85167099,73.09713427,-8.24776238074,
58,Spannagel cave,139,SPA70,300538,4446.163742,121.0338913,196.0464816,-7.86343552022,
58,Spannagel cave,732,SPA127_2023,431459,4446.39336587723,71.313164494285,70.6608367851031,-8.05175488522102,-0.736289487323031
58,Spannagel cave,140,SPA128,302056,4447.15226,25.36174575,26.1503801,-8.16048030749,
58,Spannagel cave,141,SPA127,302691,4449.228661,73.29977051,73.63718363,-8.02995472291,
58,Spannagel cave,732,SPA127_2023,431460,4450.18933744978,72.2559969684226,70.2271461042556,-8.24776238073795,-0.655569912092795
58,Spannagel cave,140,SPA128,302057,4451.142351,25.38500974,26.27979912,-8.18955475471,
58,Spannagel cave,141,SPA127,302692,4452.927355,73.21254691,73.85283448,-8.18195896081,
58,Spannagel cave,139,SPA70,300539,4453.386886,115.9962797,182.5463635,-7.90668029819,
58,Spannagel cave,732,SPA127_2023,431461,4454.24132965161,71.6995622907307,70.6998060802434,-8.02995472290645,-0.661182356830055
58,Spannagel cave,140,SPA128,302058,4455.187547,25.55830962,26.65014806,-8.15749911467,
58,Spannagel cave,141,SPA127,302693,4457.141488,73.01517811,74.5365763,-7.98574921852,
58,Spannagel cave,732,SPA127_2023,431462,4457.6244758952,71.6447923496326,70.2251223731992,-8.18195896080724,-0.663665791892929
58,Spannagel cave,140,SPA128,302059,4459.129653,25.59235666,26.60406104,-8.16076606015,
58,Spannagel cave,139,SPA70,300540,4460.811847,111.1184449,170.3834047,-7.88144183725,
58,Spannagel cave,141,SPA127,302694,4461.034702,73.23883461,75.19109925,-7.92538296273,
58,Spannagel cave,732,SPA127_2023,431463,4461.70810541077,72.2772744614886,71.2683212311222,-7.98574921851709,-1.08953910535813
58,Spannagel cave,140,SPA128,302060,4462.940782,25.99716993,26.36052412,-7.90185121947,
58,Spannagel cave,141,SPA127,302695,4465.025459,73.70795236,75.33011137,-7.94959617989,
58,Spannagel cave,732,SPA127_2023,431464,4465.68777218463,72.4597733554137,71.7698559694873,-7.92538296272545,-1.41342862579073
58,Spannagel cave,140,SPA128,302061,4466.896124,26.3194516,26.25469785,-7.93051540848,
58,Spannagel cave,139,SPA70,300541,4468.281946,104.6186927,157.3957747,-7.84420107985,
58,Spannagel cave,141,SPA127,302696,4468.798849,74.24633219,76.11108775,-8.0986297564,
58,Spannagel cave,732,SPA127_2023,431465,4469.62352142431,72.9786083603212,72.0946095251065,-7.94959617988721,-1.5434733850126
58,Spannagel cave,140,SPA128,302062,4470.916977,26.39350441,26.41649025,-7.88564409731,
58,Spannagel cave,141,SPA127,302697,4472.697402,73.75373704,76.75368068,-8.05514713364,
58,Spannagel cave,732,SPA127_2023,431466,4473.12405461773,73.9795462355714,72.081426989992,-8.09862975639694,-1.54487845982104
58,Spannagel cave,140,SPA128,302063,4474.89416,26.65186226,26.54825615,-7.84051447126,
58,Spannagel cave,139,SPA70,300542,4476.061664,98.82825747,145.1767284,-7.88901483924,
58,Spannagel cave,141,SPA127,302698,4476.576779,73.80777909,76.82695245,-7.96674146898,
58,Spannagel cave,732,SPA127_2023,431467,4477.07614420909,73.9697179523528,72.2628984886851,-8.05514713364424,-1.64726163433346
58,Spannagel cave,140,SPA128,302064,4478.762695,26.85794969,26.56824059,-8.07478901898,
58,Spannagel cave,141,SPA127,302699,4480.327306,74.29748113,77.2195176,-8.01714504158,
58,Spannagel cave,732,SPA127_2023,431468,4480.94679448624,74.2332781587529,73.3062751593579,-7.96674146898235,-1.68796923496382
58,Spannagel cave,140,SPA128,302065,4482.646609,26.91202033,26.64162895,-8.0097041016,
58,Spannagel cave,141,SPA127,302700,4483.784913,74.93947354,77.60852631,-8.05156578482,
58,Spannagel cave,139,SPA70,300543,4483.873517,92.03394827,134.210866,-7.96166992179,
58,Spannagel cave,732,SPA127_2023,431469,4485.09485324314,74.1387908668285,74.9876131985375,-8.01714504158193,-1.22673449000336
58,Spannagel cave,140,SPA128,302066,4486.772703,26.81602052,26.87707091,-8.07618318837,
58,Spannagel cave,141,SPA127,302701,4487.700966,75.00467909,78.35299726,-8.0288784143,
58,Spannagel cave,732,SPA127_2023,431470,4489.21605476364,74.6064019593068,76.4159229703137,-8.0515657848221,-1.13695320630835
58,Spannagel cave,140,SPA128,302067,4490.754924,27.20933044,27.15925663,-7.95539255252,
58,Spannagel cave,141,SPA127,302702,4491.073043,76.5619894,78.34441307,-7.85898636076,
58,Spannagel cave,139,SPA70,300544,4491.556035,86.4412499,124.4717226,-7.81777401235,
58,Spannagel cave,732,SPA127_2023,431471,4492.9555981824,75.3724419756072,77.4368972074217,-8.02887841429506,-0.541503108887629
58,Spannagel cave,141,SPA127,302703,4494.464663,77.41498578,79.38389375,-8.06588138684,
58,Spannagel cave,140,SPA128,302068,4494.610994,27.50979421,27.16030174,-7.96290719628,
58,Spannagel cave,732,SPA127_2023,431472,4496.65819502286,76.5780751337488,78.4026117780732,-7.85898636076496,-0.22096398340717
58,Spannagel cave,141,SPA127,302704,4498.109064,78.68520536,79.93762281,-7.91869739457,
58,Spannagel cave,140,SPA128,302069,4498.479151,27.58907871,27.40503368,-7.97507095286,
58,Spannagel cave,139,SPA70,300545,4499.528493,80.43051777,114.1387342,-7.79403593299,
58,Spannagel cave,732,SPA127_2023,431473,4500.63241548647,77.4783267838411,78.122541117742,-8.06588138684439,-0.321043330536873
58,Spannagel cave,141,SPA127,302705,4501.959629,79.73083246,81.05884181,-7.9704657973,
58,Spannagel cave,140,SPA128,302070,4502.426616,27.62001048,27.62089745,-7.9726620008,
58,Spannagel cave,732,SPA127_2023,431474,4504.27140122783,78.7502745766342,79.3565592174182,-7.91869739457117,-0.199921478853331
58,Spannagel cave,141,SPA127,302706,4505.244469,80.52483569,80.55453906,-7.93483096437,
58,Spannagel cave,140,SPA128,302071,4506.264413,27.7103067,27.68947855,-7.90748397277,
58,Spannagel cave,139,SPA70,300546,4506.400843,76.12020927,102.8247097,-7.88221251452,
58,Spannagel cave,732,SPA127_2023,431475,4508.63438577413,79.3582308038458,80.4130085645475,-7.97046579730172,-0.239067371457152
58,Spannagel cave,141,SPA127,302707,4509.181022,81.81265217,81.48353335,-8.02384341174,
58,Spannagel cave,140,SPA128,302072,4510.29704,27.79967291,27.8063336,-7.85137670439,
58,Spannagel cave,732,SPA127_2023,431476,4512.43593942201,80.1855749287515,80.7200426007103,-7.93483096437443,-0.306064902892369
58,Spannagel cave,141,SPA127,302708,4512.761712,83.06311523,82.07043114,-7.90151138496,
58,Spannagel cave,140,SPA128,302073,4514.284013,27.95389459,28.07275687,-7.8832641352,
58,Spannagel cave,139,SPA70,300547,4514.293338,70.52740537,93.15692316,-7.76633257895,
58,Spannagel cave,732,SPA127_2023,431477,4516.1876151203,81.1474497998197,81.0400769866055,-8.02384341173993,-0.32015324625332
58,Spannagel cave,141,SPA127,302709,4516.844911,84.01922008,82.78197741,-8.03396665818,
58,Spannagel cave,140,SPA128,302074,4518.222922,28.44820622,28.24101152,-7.7372315696,
58,Spannagel cave,732,SPA127_2023,431478,4520.17253671147,82.450350654135,81.6725897350098,-7.90151138496279,-0.395892082581879
58,Spannagel cave,141,SPA127,302710,4520.611095,84.69774184,83.5581979,-8.15829237729,
58,Spannagel cave,139,SPA70,300548,4521.689102,66.44669524,82.58221211,-7.78784575631,
58,Spannagel cave,140,SPA128,302075,4522.250648,28.58692751,28.85719025,-7.77634926767,
58,Spannagel cave,732,SPA127_2023,431479,4524.00652200285,84.1398287465654,82.7453805032328,-8.03396665818151,-0.87582218168516
58,Spannagel cave,141,SPA127,302711,4524.460419,85.67816029,84.28783285,-8.23970603174,
58,Spannagel cave,140,SPA128,302076,4526.225184,28.74722552,29.23689156,-7.73757355139,
58,Spannagel cave,732,SPA127_2023,431480,4527.72796477092,86.1706539038078,83.6456425088536,-8.15829237728938,-1.58085320075899
58,Spannagel cave,141,SPA127,302712,4528.171457,87.44880792,85.55351799,-8.25327983997,
58,Spannagel cave,139,SPA70,300549,4529.638781,62.06175807,73.54419827,-7.88992611406,
58,Spannagel cave,140,SPA128,302077,4530.109719,28.98766904,29.25625396,-7.83233071301,
58,Spannagel cave,732,SPA127_2023,431481,4531.74828139566,87.2568490969225,85.0446982827543,-8.23970603174126,-2.27390076895552
58,Spannagel cave,141,SPA127,302713,4531.968078,89.07294343,86.27618992,-8.22025472286,
58,Spannagel cave,140,SPA128,302078,4533.949977,29.33949835,29.56788471,-7.8982310436,
58,Spannagel cave,732,SPA127_2023,431482,4535.82970379502,87.9489857760645,86.5095332742203,-8.25327983997383,-3.1245669568743
58,Spannagel cave,141,SPA127,302714,4535.831178,90.72244931,88.23607763,-8.24507574114,
58,Spannagel cave,139,SPA70,300550,4537.152974,58.19291442,65.35901301,-7.71142471143,
58,Spannagel cave,140,SPA128,302079,4537.923833,29.56240108,29.91651632,-8.00370989698,
58,Spannagel cave,141,SPA127,302715,4539.506799,92.14820946,89.18713323,-8.30407052808,
58,Spannagel cave,732,SPA127_2023,431483,4540.09989017588,88.397393736368,88.0854305946323,-8.22025472285851,-3.9323273237722
58,Spannagel cave,140,SPA128,302080,4541.965851,29.83749456,30.32369653,-8.07932215856,
58,Spannagel cave,141,SPA127,302716,4543.202051,93.05929711,89.91978536,-8.21167481364,
58,Spannagel cave,732,SPA127_2023,431484,4543.87858229802,89.4038750795889,89.0969576787993,-8.24507574114235,-3.96393268492369
58,Spannagel cave,139,SPA70,300551,4545.436645,54.19857283,59.06336694,-7.78257599052,
58,Spannagel cave,140,SPA128,302081,4545.932161,30.08891212,30.58366534,-8.05224997426,
58,Spannagel cave,141,SPA127,302717,4547.084263,94.64744152,90.95133551,-8.0543600443,
58,Spannagel cave,732,SPA127_2023,431485,4547.59199188085,91.4558596803627,90.4099245335146,-8.30407052808405,-4.09691433103168
58,Spannagel cave,140,SPA128,302082,4549.820398,30.4461055,31.09505984,-8.10402731227,
58,Spannagel cave,141,SPA127,302718,4551.142218,95.67702732,92.43216916,-7.92267014748,
58,Spannagel cave,732,SPA127_2023,431486,4551.51307562751,92.8008694420423,91.2587173803176,-8.21167481363906,-4.10048997622036
58,Spannagel cave,139,SPA70,300552,4553.692444,51.40598902,55.14109789,-7.98071899988,
58,Spannagel cave,140,SPA128,302083,4553.903747,30.8959334,31.52876698,-7.96974958517,
58,Spannagel cave,141,SPA127,302719,4554.829102,96.773404,93.66537559,-7.8734951451,
58,Spannagel cave,732,SPA127_2023,431487,4555.11185287904,95.2684291308033,93.3347934229223,-8.0543600442983,-4.20321721121589
58,Spannagel cave,140,SPA128,302084,4557.947651,31.05644214,31.95257638,-7.98803507496,
58,Spannagel cave,141,SPA127,302720,4558.336942,97.91824421,94.4460611,-7.87294534259,
58,Spannagel cave,732,SPA127_2023,431488,4559.07810855079,97.3589097178301,95.1133544845397,-7.92267014747692,-4.27405372724465
58,Spannagel cave,140,SPA128,302085,4561.957986,31.71613564,32.48373403,-7.9750610444,
58,Spannagel cave,139,SPA70,300553,4562.111067,49.57875861,52.65678396,-7.95453002471,
58,Spannagel cave,141,SPA127,302721,4562.134801,99.57684061,96.24679017,-7.82342732676,
58,Spannagel cave,732,SPA127_2023,431489,4563.08455655986,98.4651737676622,96.3678089464747,-7.87349514510182,-3.7355625832648
58,Spannagel cave,141,SPA127,302722,4565.915136,100.8647371,98.27950014,-7.83522404157,
58,Spannagel cave,140,SPA128,302086,4565.956947,32.17380495,32.89364426,-7.77007212138,
58,Spannagel cave,732,SPA127_2023,431490,4566.93049008895,100.27879158184,97.5260005348373,-7.87294534259163,-3.2737479857273
58,Spannagel cave,141,SPA127,302723,4569.63601,102.7821897,100.3528299,-7.88035893045,
58,Spannagel cave,139,SPA70,300554,4570.472221,49.50913446,51.04848974,-7.94209794486,
58,Spannagel cave,732,SPA127_2023,431491,4570.85530372855,101.798698690425,98.4362497284765,-7.82342732676292,-3.25212470565912
58,Spannagel cave,141,SPA127,302724,4573.478748,103.7380101,101.671128,-8.17879308792,
58,Spannagel cave,732,SPA127_2023,431492,4574.37080564585,103.925588319544,98.7696713121095,-7.83522404156562,-3.37697045788606
58,Spannagel cave,140,SPA128,302087,4577.157611,31.40357679,32.8111594,-7.94902906366,
58,Spannagel cave,141,SPA127,302725,4577.861003,104.5124985,103.4051544,-7.97170672925,
58,Spannagel cave,732,SPA127_2023,431493,4578.15785941755,105.381798768505,99.5991347355775,-7.88035893045478,-3.54035504653888
58,Spannagel cave,141,SPA127,302726,4581.382938,106.4549891,103.9316422,-8.0161996841,
58,Spannagel cave,732,SPA127_2023,431494,4582.13420753218,106.62458368776,101.130917846307,-8.17879308791922,-3.89611165129559
58,Spannagel cave,139,SPA70,300555,4582.359014,48.78596796,50.40380454,-8.03052491704,
58,Spannagel cave,141,SPA127,302727,4585.10701,108.1722773,105.0104283,-8.07385478467,
58,Spannagel cave,732,SPA127_2023,431495,4585.98278243217,108.011597556331,102.119285514594,-7.97170672924736,-3.74482229593869
58,Spannagel cave,140,SPA128,302088,4588.311329,32.71989247,33.98691998,-7.98456288534,
58,Spannagel cave,141,SPA127,302728,4588.553224,110.7801556,106.1403572,-8.19833155753,
58,Spannagel cave,732,SPA127_2023,431496,4589.80529822308,109.88135148153,103.527339577446,-8.01619968410262,-3.50730039893748
58,Spannagel cave,141,SPA127,302729,4592.328838,112.2688148,108.0625726,-8.13915874968,
58,Spannagel cave,732,SPA127_2023,431497,4593.30006627899,112.314486043849,104.923913054254,-8.07385478466812,-4.09890758478566
58,Spannagel cave,139,SPA70,300556,4594.153882,48.20848566,48.7714914,-7.94404063016,
58,Spannagel cave,141,SPA127,302730,4596.224225,114.0369036,109.457287,-8.25982766204,
58,Spannagel cave,732,SPA127_2023,431498,4597.1492253945,114.763994075138,106.777391855927,-8.19833155753486,-4.65661266988561
58,Spannagel cave,140,SPA128,302089,4599.752083,36.83766103,37.78429406,-7.95846141,
58,Spannagel cave,141,SPA127,302731,4600.692423,115.4052564,111.2579364,-8.34612078986,
58,Spannagel cave,732,SPA127_2023,431499,4601.07914695136,116.697662546641,108.326088655233,-8.13915874968311,-4.87051224673431
58,Spannagel cave,141,SPA127,302732,4604.640457,117.0293929,112.9204916,-8.28461069785,
58,Spannagel cave,732,SPA127_2023,431500,4605.15650660476,118.489918629681,110.68980109459,-8.25982766203503,-4.63355800321368
58,Spannagel cave,139,SPA70,300557,4606.007024,47.35659794,47.74139909,-7.78431124021,
58,Spannagel cave,141,SPA127,302733,4608.340619,118.9568082,113.7645007,-8.72239585182,
58,Spannagel cave,732,SPA127_2023,431501,4609.4786422578,119.088801627729,112.836458910929,-8.34612078985722,-5.3489311227207
58,Spannagel cave,140,SPA128,302090,4611.099597,42.80819181,42.70869074,-8.13385184724,
58,Spannagel cave,141,SPA127,302734,4611.77089,120.8409867,114.3969663,-8.37538753962,
58,Spannagel cave,732,SPA127_2023,431502,4613.68101677631,121.140523174451,114.777539598407,-8.28461069784559,-5.71536915004178
58,Spannagel cave,141,SPA127,302735,4615.839335,122.4329779,115.9405648,-8.09945197992,
58,Spannagel cave,139,SPA70,300558,4617.449798,46.91004948,46.75900303,-7.8453521987,
58,Spannagel cave,732,SPA127_2023,431503,4617.5058064791,122.503419511016,116.429645435624,-8.72239585182372,-6.38255191018283
58,Spannagel cave,141,SPA127,302736,4619.598455,123.6843126,117.261001,-8.0025056033,
58,Spannagel cave,732,SPA127_2023,431504,4621.48709482454,123.519963144612,118.238249915487,-8.37538753961805,-5.45113012953346
58,Spannagel cave,140,SPA128,302091,4621.84776,49.50020519,47.69656319,-8.08190676472,
58,Spannagel cave,141,SPA127,302737,4623.513794,125.7829684,118.2894255,-7.89177195776,
58,Spannagel cave,732,SPA127_2023,431505,4625.67606673419,124.883039961178,120.7013321598,-8.09945197992333,-4.14928272104472
58,Spannagel cave,141,SPA127,302738,4627.673698,126.8798782,120.5177979,-7.98839469158,
58,Spannagel cave,139,SPA70,300559,4629.243339,45.20388281,45.55313073,-7.76748906752,
58,Spannagel cave,732,SPA127_2023,431506,4629.3530935521,127.327521289319,121.801182728668,-8.00250560330206,-2.64802515758136
58,Spannagel cave,141,SPA127,302739,4631.694802,128.6451611,122.2715632,-7.82776721982,
58,Spannagel cave,140,SPA128,302092,4632.516203,57.57266442,53.56607854,-8.13099036812,
58,Spannagel cave,732,SPA127_2023,431507,4633.37834665549,129.300459032381,123.749416599456,-7.89177195775805,-1.66889352412593
58,Spannagel cave,141,SPA127,302740,4635.247013,131.0933087,123.8881621,-7.85571453,
58,Spannagel cave,732,SPA127_2023,431508,4636.8681026527,131.110124455857,125.092662299718,-7.98839469158222,-1.37453651042171
58,Spannagel cave,141,SPA127,302741,4639.01149,132.9411897,126.0011063,-7.85888327979,
58,Spannagel cave,732,SPA127_2023,431509,4640.69342336273,132.922641282791,126.017914815405,-7.82776721982154,-1.87804638303317
58,Spannagel cave,139,SPA70,300560,4640.994297,43.48534817,44.60366493,-8.05241675854,
58,Spannagel cave,141,SPA127,302742,4642.664756,134.9371536,127.2176113,-8.01196903115,
58,Spannagel cave,140,SPA128,302093,4643.596965,65.67559405,60.68091925,-8.02009620165,
58,Spannagel cave,732,SPA127_2023,431510,4644.81506153692,134.796786249779,127.302135890151,-7.85571452999698,-1.72730094708401
58,Spannagel cave,141,SPA127,302743,4646.812294,135.8139399,128.6487817,-8.09512336566,
58,Spannagel cave,732,SPA127_2023,431511,4648.93330586685,136.145537605383,129.555597206114,-7.85888327978782,-1.55781895522813
58,Spannagel cave,141,SPA127,302744,4650.56963,137.3657457,130.4522326,-7.74464044729,
58,Spannagel cave,139,SPA70,300561,4653.106735,42.22857228,43.76501836,-7.96328285194,
58,Spannagel cave,732,SPA127_2023,431512,4653.24036151651,137.380766706405,132.128602758718,-8.01196903114789,-1.04444841276894
58,Spannagel cave,141,SPA127,302745,4654.201445,139.0928514,131.2928008,-7.94070394193,
58,Spannagel cave,140,SPA128,302094,4654.820339,73.93253711,68.21544757,-7.95474486578,
58,Spannagel cave,732,SPA127_2023,431513,4657.12480178163,139.511728093921,133.176016729567,-8.09512336566169,-0.32865870380884
58,Spannagel cave,141,SPA127,302746,4658.447035,140.8973096,133.5965816,-7.78180215291,
58,Spannagel cave,732,SPA127_2023,431514,4660.86510523643,141.60376873281,134.629949500182,-7.74464044728711,-0.101190275202398
58,Spannagel cave,141,SPA127,302747,4662.117065,143.3788611,134.9090122,-7.78020158015,
58,Spannagel cave,732,SPA127_2023,431515,4664.74690155446,143.530759242246,135.085762053541,-7.94070394193272,-0.0987754391548291
58,Spannagel cave,139,SPA70,300562,4664.947412,41.37773034,43.69403643,-7.9652795161,
58,Spannagel cave,141,SPA127,302748,4665.925614,144.8569472,137.1944494,-7.88350654608,
58,Spannagel cave,140,SPA128,302095,4666.740846,81.18686851,75.54293402,-7.74003988174,
58,Spannagel cave,732,SPA127_2023,431516,4668.67384412876,145.452375676966,136.843998497139,-7.7818021529126,-0.332294411383864
58,Spannagel cave,141,SPA127,302749,4669.614903,146.7231091,139.3461316,-7.77434800957,
58,Spannagel cave,732,SPA127_2023,431517,4672.44414501405,148.062514025005,138.985247873909,-7.78020158014612,-0.52266390396252
58,Spannagel cave,141,SPA127,302750,4673.517198,148.3748371,141.5481661,-8.06387427021,
58,Spannagel cave,732,SPA127_2023,431518,4676.37419136095,149.673488049956,140.373642540478,-7.88350654607599,-0.532472400476884
58,Spannagel cave,139,SPA70,300563,4676.626089,41.11098312,42.70258932,-7.85196070441,
58,Spannagel cave,141,SPA127,302751,4677.385793,149.9918983,143.3215155,-8.13282145134,
58,Spannagel cave,140,SPA128,302096,4677.796751,89.41645343,82.41176364,-7.61211898711,
58,Spannagel cave,732,SPA127_2023,431519,4680.71892716624,151.148557482487,142.459997370886,-7.77434800957266,-0.192017995038599
58,Spannagel cave,141,SPA127,302752,4681.244074,151.5976484,145.3551253,-8.06359318157,
58,Spannagel cave,732,SPA127_2023,431520,4684.75837614601,152.920412948549,144.37391861531,-8.06387427020892,0.521927855873462
58,Spannagel cave,141,SPA127,302753,4684.960354,153.9586567,147.5569894,-8.13096579675,
58,Spannagel cave,139,SPA70,300564,4688.184217,40.45745499,41.93930441,-7.74782298906,
58,Spannagel cave,140,SPA128,302097,4688.531161,98.38052595,89.82496388,-7.6261189967,
58,Spannagel cave,732,SPA127_2023,431521,4688.69128220489,155.245566180847,145.895779031984,-8.13282145134344,0.670448044124679
58,Spannagel cave,141,SPA127,302754,4688.850368,156.3340088,149.2358704,-8.28836750773,
58,Spannagel cave,732,SPA127_2023,431522,4692.36920114886,157.825706528063,147.8985377503,-8.06359318156862,0.0762543437260027
58,Spannagel cave,141,SPA127,302755,4692.916567,158.1957371,151.4985105,-8.25030794265,
58,Spannagel cave,732,SPA127_2023,431523,4695.91454786891,160.514897845353,149.862462300398,-8.13096579674794,-0.764119073108555
58,Spannagel cave,141,SPA127,302756,4696.778424,159.8434964,152.9385196,-8.164488948,
58,Spannagel cave,139,SPA70,300565,4699.613491,40.47750515,40.6278617,-7.89238063418,
58,Spannagel cave,140,SPA128,302098,4699.723773,106.9131744,97.53739841,-7.62005394388,
58,Spannagel cave,732,SPA127_2023,431524,4700.25665244793,162.388881689167,152.604864752324,-8.2883675077326,-1.25594095359113
58,Spannagel cave,141,SPA127,302757,4700.315972,162.1263877,154.3415398,-8.24890810048,
58,Spannagel cave,732,SPA127_2023,431525,4704.31795736842,163.945524337636,154.616455260013,-8.25030794265343,-1.28320090787555
58,Spannagel cave,141,SPA127,302758,4707.435342,158.458642,152.2782447,-8.15232979605,
58,Spannagel cave,732,SPA127_2023,431526,4708.32894155091,164.982765399464,156.891182840592,-8.16448894799692,-0.951330322007094
58,Spannagel cave,140,SPA128,302099,4710.653216,115.6697655,105.7597451,-7.71737585467,
58,Spannagel cave,139,SPA70,300566,4711.527265,40.28592752,40.25672406,-7.83128311227,
58,Spannagel cave,141,SPA127,302759,4714.217972,155.8218501,150.1077542,-8.04555905727,
58,Spannagel cave,732,SPA127_2023,431527,4715.48728550218,161.909574441055,154.992144157764,-8.24890810047813,-1.03858628956694
58,Spannagel cave,141,SPA127,302760,4721.425279,153.3226553,148.8352811,-7.90654037359,
58,Spannagel cave,140,SPA128,302100,4721.799159,124.2756844,113.8922911,-7.96911151223,
58,Spannagel cave,732,SPA127_2023,431528,4722.24602226965,158.823861501557,151.898546319985,-8.15232979604713,-0.643767232501504
58,Spannagel cave,139,SPA70,300567,4723.494684,39.92311987,40.47389839,-7.87025884525,
58,Spannagel cave,141,SPA127,302761,4728.719199,151.1638031,147.7276488,-8.07440559407,
58,Spannagel cave,732,SPA127_2023,431529,4728.91804037171,156.273561615364,148.726788287791,-8.04555905727222,-0.304537954731949
58,Spannagel cave,140,SPA128,302101,4733.281692,133.1880189,122.851354,-7.76256649104,
58,Spannagel cave,139,SPA70,300568,4735.006133,39.77775013,40.05829679,-7.84912916442,
58,Spannagel cave,141,SPA127,302762,4735.62323,148.7390294,145.3442318,-8.09300305105,
58,Spannagel cave,732,SPA127_2023,431530,4735.7897003888,152.679853021284,146.913323076622,-7.90654037359379,-0.393781245331681
58,Spannagel cave,141,SPA127,302763,4742.480159,146.3710249,143.1359086,-8.18351067586,
58,Spannagel cave,732,SPA127_2023,431531,4742.94722963729,148.834464201495,145.175023891037,-8.07440559406559,-0.672607136729311
58,Spannagel cave,140,SPA128,302102,4744.772568,141.9624829,130.963851,-7.82895123235,
58,Spannagel cave,139,SPA70,300569,4746.854808,39.94483637,40.18662482,-7.92846104295,
58,Spannagel cave,141,SPA127,302764,4748.859409,143.7264369,140.001344,-8.21429288989,
58,Spannagel cave,732,SPA127_2023,431532,4749.4290105038,145.868311218775,142.32218334406,-8.0930030510461,-1.28292369091014
58,Spannagel cave,141,SPA127,302765,4756.054534,140.2591081,137.7090663,-8.2095746936,
58,Spannagel cave,140,SPA128,302103,4756.097442,149.7870633,139.7373468,-7.83067174425,
58,Spannagel cave,732,SPA127_2023,431533,4756.26901413501,143.349777239267,140.31766855469,-8.18351067586375,-1.93089473964978
58,Spannagel cave,139,SPA70,300570,4758.818499,39.45629627,40.4478677,-7.91597657491,
58,Spannagel cave,141,SPA127,302766,4762.419632,137.9056392,134.3087745,-8.25063770497,
58,Spannagel cave,732,SPA127_2023,431534,4762.93741029799,140.399975375333,137.497621298421,-8.21429288989493,-2.7957432348321
58,Spannagel cave,140,SPA128,302104,4767.819639,157.250323,147.0052783,-7.77331928621,
58,Spannagel cave,141,SPA127,302767,4769.00573,135.9591243,131.2100281,-8.12699094934,
58,Spannagel cave,732,SPA127_2023,431535,4769.27017099436,138.325795293834,135.294629547354,-8.20957469360014,-3.38805226426701
58,Spannagel cave,139,SPA70,300571,4770.688458,38.81127977,40.42453527,-7.93692776436,
58,Spannagel cave,732,SPA127_2023,431536,4775.59126262299,136.041137476345,132.693623301376,-8.25063770496942,-3.70584151098062
58,Spannagel cave,141,SPA127,302768,4775.695035,134.4027083,128.6923579,-8.14999804951,
58,Spannagel cave,140,SPA128,302105,4778.771283,166.0723393,154.4985288,-7.81196968783,
58,Spannagel cave,141,SPA127,302769,4782.13316,132.5355806,125.1622911,-7.91665655376,
58,Spannagel cave,139,SPA70,300572,4782.25013,39.11160953,40.72650204,-7.92254994048,
58,Spannagel cave,732,SPA127_2023,431537,4782.54028872458,133.069169923542,131.043445016148,-8.12699094934478,-4.03662784819172
58,Spannagel cave,141,SPA127,302770,4788.410165,130.7399449,122.2089646,-7.9534646085,
58,Spannagel cave,732,SPA127_2023,431538,4788.95923814608,130.695066569953,128.176505905985,-8.14999804951,-3.8402672262318
58,Spannagel cave,140,SPA128,302106,4789.495838,175.4115491,162.2334101,-7.80230081525,
58,Spannagel cave,140,SPA128,302107,4792.887742,172.927694,159.6508911,-8.03700323867,
58,Spannagel cave,139,SPA70,300573,4794.30594,39.49337867,41.43307068,-7.86043951675,
58,Spannagel cave,141,SPA127,302771,4795.324651,127.1007206,119.8681951,-7.96964043199,
58,Spannagel cave,732,SPA127_2023,431539,4795.86185898398,127.68720208758,125.448036045718,-7.91665655376092,-3.870351061308
58,Spannagel cave,140,SPA128,302108,4796.759056,172.7124111,155.9012605,-7.91777095446,
58,Spannagel cave,140,SPA128,302109,4800.050714,171.9952189,152.5973243,-7.98510622491,
58,Spannagel cave,141,SPA127,302772,4802.270958,123.9356871,117.4846823,-8.08329054341,
58,Spannagel cave,732,SPA127_2023,431540,4802.91494117364,124.756474313675,123.62994801555,-7.95346460849889,-4.04890335033611
58,Spannagel cave,140,SPA128,302110,4803.737618,170.6804502,150.2671908,-7.97531263583,
58,Spannagel cave,139,SPA70,300574,4805.830622,39.85912116,41.47159869,-7.93081237449,
58,Spannagel cave,140,SPA128,302111,4807.695954,168.972387,146.5593421,-7.8717996254,
58,Spannagel cave,141,SPA127,302773,4809.153452,120.5264166,115.5118215,-8.11367272711,
58,Spannagel cave,732,SPA127_2023,431541,4809.74726020932,122.826175687978,122.373977140936,-7.96964043198599,-3.95732734689381
58,Spannagel cave,140,SPA128,302112,4812.362385,167.6291423,145.0217713,-7.93491652602,
58,Spannagel cave,140,SPA128,302113,4815.941185,167.5038448,142.3395047,-7.77270642197,
58,Spannagel cave,732,SPA127_2023,431542,4816.30863377046,120.856167396264,119.639272572011,-8.08329054341296,-4.03009539556323
58,Spannagel cave,141,SPA127,302774,4816.720707,117.3081531,114.188898,-8.24541349862,
58,Spannagel cave,139,SPA70,300575,4817.697427,40.48912287,42.60177155,-7.97154815882,
58,Spannagel cave,140,SPA128,302114,4820.494371,166.5561271,140.9339269,-7.81270701238,
58,Spannagel cave,732,SPA127_2023,431543,4823.43375666627,118.520834500304,117.291687376026,-8.11367272711205,-3.87432037296949
58,Spannagel cave,141,SPA127,302775,4824.17009,115.2844917,112.2386707,-8.20118356261,
58,Spannagel cave,140,SPA128,302115,4825.080079,164.8608597,139.4849489,-7.76017230188,
58,Spannagel cave,139,SPA70,300576,4829.287479,41.38848339,43.48029041,-7.89905658961,
58,Spannagel cave,140,SPA128,302116,4829.604027,163.1938373,137.9277838,-7.74270168408,
58,Spannagel cave,732,SPA127_2023,431544,4829.73163180222,117.063958298744,114.395206194016,-8.24541349861663,-3.80787899889052
58,Spannagel cave,141,SPA127,302776,4831.421064,113.3815223,111.2314612,-8.00355674745,
58,Spannagel cave,140,SPA128,302117,4834.904775,161.4230004,136.5873459,-7.7505447728,
58,Spannagel cave,732,SPA127_2023,431545,4836.20647352256,115.582866812895,111.960461605316,-8.20118356261389,-3.82706560178139
58,Spannagel cave,141,SPA127,302777,4837.846304,110.9392006,108.4295056,-8.0723413965,
58,Spannagel cave,140,SPA128,302118,4838.709761,160.8129948,135.4451091,-7.70380665903,
58,Spannagel cave,139,SPA70,300577,4840.939233,42.1123722,44.10536592,-7.92961793033,
58,Spannagel cave,732,SPA127_2023,431546,4843.1088801691,113.905781604033,110.851683094099,-8.00355674744961,-3.70174074505919
58,Spannagel cave,140,SPA128,302119,4843.332675,159.9004542,136.0651669,-7.66270345345,
58,Spannagel cave,141,SPA127,302778,4844.755956,109.1146469,106.9226481,-7.97284537914,
58,Spannagel cave,140,SPA128,302120,4847.731221,159.0269617,135.3048696,-7.58711331173,
58,Spannagel cave,732,SPA127_2023,431547,4850.17984530257,112.376930604996,109.176923925814,-8.07234139650112,-3.64645577943008
58,Spannagel cave,140,SPA128,302121,4851.625237,157.4856637,134.7992749,-7.53785124318,
58,Spannagel cave,141,SPA127,302779,4851.744877,106.6090466,105.2549412,-8.04920694799,
58,Spannagel cave,139,SPA70,300578,4852.899829,43.00102408,45.21332482,-7.98209810326,
58,Spannagel cave,140,SPA128,302122,4856.486499,156.6564011,135.340966,-7.60338186845,
58,Spannagel cave,732,SPA127_2023,431548,4856.87535785392,110.431499434554,107.198612167304,-7.97284537913628,-3.58630817198353
58,Spannagel cave,141,SPA127,302780,4859.017032,103.7864545,103.5283225,-8.06280149441,
58,Spannagel cave,140,SPA128,302123,4860.564852,156.7379341,134.8439806,-7.7764238435,
58,Spannagel cave,732,SPA127_2023,431549,4863.19148591979,108.855490244871,104.734409945707,-8.04920694798865,-3.29144941892045
58,Spannagel cave,140,SPA128,302124,4864.160875,156.5980679,134.5865449,-7.81512367888,
58,Spannagel cave,139,SPA70,300579,4864.58022,44.04553747,45.46401933,-8.01085929774,
58,Spannagel cave,141,SPA127,302781,4866.162727,101.1621696,101.6707223,-7.85374129261,
58,Spannagel cave,140,SPA128,302125,4867.8272,156.7507984,134.5922865,-7.94069198406,
58,Spannagel cave,732,SPA127_2023,431550,4869.82578852122,105.986980599222,102.756433667968,-8.0628014944081,-3.04963819113518
58,Spannagel cave,140,SPA128,302126,4872.306812,155.6360184,136.9335514,-7.91781827263,
58,Spannagel cave,141,SPA127,302782,4872.760901,98.45928969,99.99337486,-7.86857263772,
58,Spannagel cave,140,SPA128,302127,4876.300613,157.0436475,138.2065497,-8.0093419092,
58,Spannagel cave,139,SPA70,300580,4876.724507,44.59098519,46.24714357,-8.0561977883,
58,Spannagel cave,141,SPA127,302783,4879.458786,96.66092878,99.32189226,-7.78181148925,
58,Spannagel cave,140,SPA128,302128,4880.506419,157.1832364,139.2731592,-8.00656550526,
58,Spannagel cave,732,SPA127_2023,431552,4883.72137368684,100.164093457048,98.7490049312637,-7.85374129260573,-2.77623834951305
58,Spannagel cave,140,SPA128,302129,4884.848526,157.1196969,140.8772175,-7.98274580973,
58,Spannagel cave,141,SPA127,302784,4886.034024,96.31375226,97.156918,-7.89578712652,
58,Spannagel cave,139,SPA70,300581,4888.402724,45.46148545,47.28925521,-8.05788770904,
58,Spannagel cave,140,SPA128,302130,4888.850189,157.898153,142.5249179,-7.99162473428,
58,Spannagel cave,732,SPA127_2023,431553,4890.71858260167,97.2251911855419,97.3366763889517,-7.86857263771933,-3.37958507802315
58,Spannagel cave,141,SPA127,302785,4892.722987,93.73489084,94.81522516,-7.98722128039,
58,Spannagel cave,140,SPA128,302131,4893.569808,157.8279269,143.621335,-7.93987980656,
58,Spannagel cave,732,SPA127_2023,431554,4896.99562702329,96.0927927612429,94.9025872279626,-7.78181148925252,-3.63705876178644
58,Spannagel cave,140,SPA128,302132,4898.779776,158.0901462,144.4482914,-8.019565461,
58,Spannagel cave,141,SPA127,302786,4900.015192,92.21490225,94.39342816,-7.8234030347,
58,Spannagel cave,139,SPA70,300582,4900.071779,46.64673076,48.25038436,-7.968163342,
58,Spannagel cave,140,SPA128,302133,4902.469052,160.311223,144.7963184,-8.04298365413,
58,Spannagel cave,732,SPA127_2023,431555,4903.12214317697,95.8107706829269,92.8777000279688,-7.89578712651595,-3.75581013902006
58,Spannagel cave,140,SPA128,302134,4906.533289,162.0342385,146.4416446,-8.05261429863,
58,Spannagel cave,141,SPA127,302787,4906.697156,91.12724024,93.11681801,-7.77171040587,
58,Spannagel cave,732,SPA127_2023,431556,4909.69019271705,93.8390023161955,90.4432147352354,-7.98722128038828,-3.38679389372403
58,Spannagel cave,140,SPA128,302135,4911.223491,162.6915683,148.6088472,-8.05122259276,
58,Spannagel cave,139,SPA70,300583,4912.142988,47.55230296,49.16917189,-8.03744797578,
58,Spannagel cave,141,SPA127,302788,4913.31204,90.43989882,91.20362119,-7.78802370089,
58,Spannagel cave,140,SPA128,302136,4916.336731,161.9475931,151.8977865,-8.16898755786,
58,Spannagel cave,732,SPA127_2023,431557,4916.97964866142,90.8465492677487,89.6172723935397,-7.82340303470465,-3.00882589589992
58,Spannagel cave,140,SPA128,302137,4919.836697,162.7770213,153.3316948,-8.1814628236,
58,Spannagel cave,141,SPA127,302789,4920.344877,89.05424403,89.61066169,-7.7123651476,
58,Spannagel cave,732,SPA127_2023,431558,4923.11121918582,89.057656786701,88.8741559844921,-7.77171040586696,-2.40403677632399
58,Spannagel cave,140,SPA128,302138,4923.900716,164.4587266,155.4227284,-8.31022376936,
58,Spannagel cave,139,SPA70,300584,4923.961846,48.61326733,50.54313438,-7.92782232018,
58,Spannagel cave,141,SPA127,302790,4927.823619,86.95580292,88.60854927,-7.81575908738,
58,Spannagel cave,140,SPA128,302139,4928.592648,166.3442813,157.0093485,-8.19477290944,
58,Spannagel cave,732,SPA127_2023,431559,4929.58874253268,87.7859678582136,86.214585109612,-7.78802370088613,-2.11151810796781
58,Spannagel cave,140,SPA128,302140,4932.752158,167.8488188,158.4816772,-8.22511540317,
58,Spannagel cave,141,SPA127,302791,4934.294383,86.22862233,86.9672321,-7.99476781406,
58,Spannagel cave,732,SPA127_2023,431560,4935.66801785485,87.3666161449437,84.7661946615844,-7.71236514760156,-1.88900931531792
58,Spannagel cave,139,SPA70,300585,4936.060764,49.27741372,51.99161319,-7.99572150182,
58,Spannagel cave,140,SPA128,302141,4937.304608,171.048447,161.2481938,-8.08968176305,
58,Spannagel cave,141,SPA127,302792,4940.530812,85.42153681,86.24934082,-8.27258787981,
58,Spannagel cave,140,SPA128,302142,4942.361108,173.9317622,163.6135982,-8.07705721285,
58,Spannagel cave,732,SPA127_2023,431561,4942.38225149458,86.7233400683563,84.2543434100371,-7.81575908737916,-2.10791597450631
58,Spannagel cave,140,SPA128,302143,4946.287519,176.5248669,163.719383,-8.12555425682,
58,Spannagel cave,141,SPA127,302793,4947.024937,84.75502509,84.82919984,-8.19348078528,
58,Spannagel cave,139,SPA70,300586,4947.612752,50.94022893,52.54957966,-7.98283801982,
58,Spannagel cave,732,SPA127_2023,431562,4949.20063455019,85.5408129605203,83.1538782057896,-7.99476781405878,-2.30188679946501
58,Spannagel cave,140,SPA128,302144,4950.276261,181.1955714,166.4556224,-8.06598788314,
58,Spannagel cave,141,SPA127,302794,4953.543277,84.06065125,82.52850442,-8.07208400387,
58,Spannagel cave,140,SPA128,302145,4954.564349,185.431935,169.3404451,-8.10643628595,
58,Spannagel cave,732,SPA127_2023,431563,4955.98281430386,84.1283365016207,81.3402874574876,-8.27258787980847,-2.28561690801014
58,Spannagel cave,140,SPA128,302146,4958.723805,189.8191966,171.070523,-8.10470439479,
58,Spannagel cave,139,SPA70,300587,4959.48147,52.21280558,54.25909719,-7.89242572871,
58,Spannagel cave,141,SPA127,302795,4960.928193,82.52594226,81.72895938,-8.03827576979,
58,Spannagel cave,140,SPA128,302147,4962.539638,193.3392155,174.129799,-8.03046511119,
58,Spannagel cave,732,SPA127_2023,431564,4962.68129176348,82.9629987867356,80.415939945914,-8.19348078527607,-2.5520621261349
58,Spannagel cave,140,SPA128,302148,4966.351457,195.5691491,176.0615993,-8.01404700548,
58,Spannagel cave,141,SPA127,302796,4968.230047,81.08252028,81.08902737,-7.96514181495,
58,Spannagel cave,732,SPA127_2023,431565,4969.49977692884,82.0468209448791,79.5023592980579,-8.07208400386509,-2.74710359974049
58,Spannagel cave,140,SPA128,302149,4970.2988,199.9323127,176.7622237,-8.02892335225,
58,Spannagel cave,139,SPA70,300588,4970.963869,53.46422828,55.5371514,-7.9456182073,
58,Spannagel cave,140,SPA128,302150,4974.742539,202.746224,180.3846467,-7.97610848422,
58,Spannagel cave,141,SPA127,302797,4975.235951,80.43204976,80.46314784,-8.10422237657,
58,Spannagel cave,732,SPA127_2023,431566,4976.08526208221,81.5397729864299,79.0044730756363,-8.03827576979123,-2.9013381356907
58,Spannagel cave,141,SPA127,302798,4981.773907,80.61850079,79.29772344,-8.3820970027,
58,Spannagel cave,139,SPA70,300589,4982.728298,54.19075667,56.82067138,-8.08772484304,
58,Spannagel cave,732,SPA127_2023,431567,4982.73044874747,80.7483731616812,78.3599111162675,-7.96514181495356,-3.07630015785578
58,Spannagel cave,140,SPA128,302151,4983.02315,210.0811785,185.951347,-8.18685437272,
58,Spannagel cave,140,SPA128,302152,4987.670463,214.2844072,188.5678319,-8.45100357413,
58,Spannagel cave,141,SPA127,302799,4988.485777,80.46989402,78.77664432,-7.88444622966,
58,Spannagel cave,732,SPA127_2023,431568,4989.73551710821,79.6969164347111,78.5295209449869,-8.10422237656852,-3.30571676200047
58,Spannagel cave,140,SPA128,302153,4991.978748,215.7079486,191.7198185,-8.56116793185,
58,Spannagel cave,139,SPA70,300590,4994.195465,55.87510095,57.68901285,-8.07861315381,
58,Spannagel cave,141,SPA127,302800,4995.526517,80.04654098,78.84962726,-8.04541906579,
58,Spannagel cave,140,SPA128,302154,4996.131117,220.0057563,194.9712179,-8.51932358826,
58,Spannagel cave,732,SPA127_2023,431569,4996.6321360647,79.965236285123,78.2272363505399,-8.38209700269919,-3.37890705102357
58,Spannagel cave,140,SPA128,302155,5000.084333,222.212271,198.1175514,-8.38904618237,
58,Spannagel cave,141,SPA127,302801,5002.497941,79.64219964,78.07088096,-7.94739254776,
58,Spannagel cave,732,SPA127_2023,431570,5003.47273984073,79.2499601263853,77.842152056106,-7.88444622966382,-2.98100491374022
58,Spannagel cave,139,SPA70,300591,5005.837729,57.05305826,59.15802204,-8.08246808248,
58,Spannagel cave,141,SPA127,302802,5009.332453,79.4700788,77.58201234,-8.00290338012,
58,Spannagel cave,732,SPA127_2023,431571,5009.91469273876,79.0972107051684,77.1256995091244,-8.04541906578997,-3.27603622512867
58,Spannagel cave,140,SPA128,302156,5013.610509,215.9436695,191.2745913,-7.9555338135,
58,Spannagel cave,732,SPA127_2023,431572,5016.17370586841,79.0968632093372,76.7657693585707,-7.94739254776298,-3.14372063262521
58,Spannagel cave,141,SPA127,302803,5016.607557,77.82306807,77.69312945,-8.16586102441,
58,Spannagel cave,139,SPA70,300592,5017.243199,58.96858621,60.41028429,-7.91200465989,
58,Spannagel cave,732,SPA127_2023,431573,5023.02586082034,77.9199711813344,76.0300732318019,-8.00290338011679,-3.2878012070177
58,Spannagel cave,141,SPA127,302804,5023.210692,77.07197076,76.75999517,-8.09728433841,
58,Spannagel cave,140,SPA128,302157,5027.379179,208.8625824,183.9069111,-7.77844349133,
58,Spannagel cave,139,SPA70,300593,5029.365157,60.34443671,62.21613943,-8.02405758536,
58,Spannagel cave,732,SPA127_2023,431574,5029.75569558905,77.1213678554996,75.8297500028257,-8.16586102441003,-2.71349025344833
58,Spannagel cave,141,SPA127,302805,5030.25347,77.84755385,77.17068654,-8.04051855686,
58,Spannagel cave,732,SPA127_2023,431575,5036.07810070222,78.0069659322853,74.5797326059555,-8.09728433840649,-2.37553451178321
58,Spannagel cave,141,SPA127,302806,5036.995591,77.71478793,77.39009418,-8.09817882464,
58,Spannagel cave,139,SPA70,300594,5041.217098,62.03281144,64.4308559,-8.01265527683,
58,Spannagel cave,140,SPA128,302158,5041.42004,201.0549736,176.7766261,-7.82463260513,
58,Spannagel cave,732,SPA127_2023,431576,5042.87794101635,78.3958821166916,75.1041238114713,-8.04051855685653,-2.66727999657942
58,Spannagel cave,141,SPA127,302807,5044.162835,79.00593955,77.982373,-8.28753950234,
58,Spannagel cave,732,SPA127_2023,431577,5049.28468859899,80.3807512203002,75.6674435931855,-8.09817882464032,-2.86438936026877
58,Spannagel cave,141,SPA127,302808,5050.353883,80.33964978,77.31405902,-8.19125935568,
58,Spannagel cave,140,SPA128,302159,5054.32325,193.651756,168.4719775,-8.15273629979,
58,Spannagel cave,139,SPA70,300595,5054.42633,60.67522471,63.3558973,-8.02547568031,
58,Spannagel cave,732,SPA127_2023,431578,5055.95692398048,81.5541674292717,75.7910748138966,-8.2875395023385,-3.25485733406675
58,Spannagel cave,141,SPA127,302809,5057.611504,80.65150629,78.27621218,-8.30367752691,
58,Spannagel cave,732,SPA127_2023,431579,5062.69800649399,82.496697198897,76.3305934609944,-8.19125935567703,-3.53538387634474
58,Spannagel cave,141,SPA127,302810,5064.88881,80.47841135,78.98576669,-8.23192678633,
58,Spannagel cave,139,SPA70,300596,5067.364789,59.89015737,61.64517687,-8.08433910986,
58,Spannagel cave,140,SPA128,302160,5068.119755,186.0331236,162.2254443,-8.08216550625,
58,Spannagel cave,732,SPA127_2023,431580,5069.14590476795,83.9352537176974,76.2982222937926,-8.30367752690806,-3.70573821538067
58,Spannagel cave,141,SPA127,302811,5072.170939,80.41005788,80.42829649,-8.12052390031,
58,Spannagel cave,732,SPA127_2023,431581,5075.95087506072,85.0962583277096,77.9735927775937,-8.23192678632599,-3.48399063351843
58,Spannagel cave,141,SPA127,302812,5079.188684,81.60949141,81.33882504,-7.99359026239,
58,Spannagel cave,139,SPA70,300597,5080.537079,58.49578944,60.9050564,-8.17922594209,
58,Spannagel cave,140,SPA128,302161,5082.511543,177.4807624,155.7463374,-7.86203027939,
58,Spannagel cave,732,SPA127_2023,431582,5082.64805492482,87.9458893519104,79.0982093117991,-8.12052390031414,-2.96221105250679
58,Spannagel cave,141,SPA127,302813,5086.204357,82.06218363,82.93003021,-7.97932185841,
58,Spannagel cave,732,SPA127_2023,431583,5089.86852639502,88.6189990335051,81.605265581311,-7.99359026239418,-1.85615495894504
58,Spannagel cave,141,SPA127,302814,5092.746204,83.02466949,82.9636168,-7.91086000859,
58,Spannagel cave,139,SPA70,300598,5093.626832,57.40087969,60.10783841,-8.10327322081,
58,Spannagel cave,140,SPA128,302162,5096.044002,170.0680039,150.5433888,-7.73493811967,
58,Spannagel cave,732,SPA127_2023,431584,5096.37489405992,89.5446478107424,82.7896499031485,-7.97932185841431,-0.998153777248279
58,Spannagel cave,141,SPA127,302815,5099.405498,84.20819678,83.42742563,-7.90009675767,
58,Spannagel cave,732,SPA127_2023,431585,5103.13413955842,90.0841233010397,83.6028889006866,-7.91086000858683,-0.486236066408382
58,Spannagel cave,141,SPA127,302816,5106.643506,84.74388707,85.34538201,-7.87952626916,
58,Spannagel cave,139,SPA70,300599,5106.803861,56.97980017,59.43441542,-8.15292994781,
58,Spannagel cave,732,SPA127_2023,431586,5109.94977183108,91.2666955811901,86.2901427743063,-7.90009675767436,-0.387522694104537
58,Spannagel cave,140,SPA128,302163,5110.22699,162.4882879,143.3378576,-7.72436302683,
58,Spannagel cave,141,SPA127,302817,5114.006339,85.20493489,87.12031382,-7.96642945322,
58,Spannagel cave,732,SPA127_2023,431587,5118.00189613242,90.9020653779226,85.1882587334467,-7.87952626916313,-0.257202251889981
58,Spannagel cave,139,SPA70,300600,5120.029357,55.77692941,58.53565246,-8.27232466863,
58,Spannagel cave,141,SPA127,302818,5122.157777,84.88595859,86.30080241,-7.87964959601,
58,Spannagel cave,140,SPA128,302164,5123.932866,155.2037664,136.0064248,-7.67582024738,
58,Spannagel cave,732,SPA127_2023,431588,5126.11581297735,90.3958797974974,84.1564717568663,-7.96642945321901,-0.541695102587753
58,Spannagel cave,141,SPA127,302819,5130.380503,84.48161152,85.55257906,-8.02372611785,
58,Spannagel cave,139,SPA70,300601,5133.355522,54.64958414,58.15921347,-8.25360782112,
58,Spannagel cave,732,SPA127_2023,431589,5134.36907806345,89.1834631132479,83.3134911910674,-7.87964959600563,-0.38780458883366
58,Spannagel cave,140,SPA128,302165,5137.904019,149.3507134,130.724135,-7.87389497246,
58,Spannagel cave,141,SPA127,302820,5138.488435,83.78806049,84.6881076,-8.14273058213,
58,Spannagel cave,732,SPA127_2023,431590,5142.679961012,87.9661723272602,82.6564548660162,-8.02372611785069,-0.417341771395195
58,Spannagel cave,139,SPA70,300602,5146.543653,53.82375229,57.59333545,-8.21913591623,
58,Spannagel cave,141,SPA127,302821,5146.727044,82.6704702,84.04961565,-8.01968441245,
58,Spannagel cave,732,SPA127_2023,431591,5150.97830848402,87.1411354997545,81.6511323195355,-8.14273058213361,-0.497192724360733
58,Spannagel cave,140,SPA128,302166,5151.349661,142.8064131,125.481845,-8.20300866764,
58,Spannagel cave,141,SPA127,302822,5154.794144,81.72438844,82.9542497,-8.07686448935,
58,Spannagel cave,732,SPA127_2023,431592,5159.19505561881,86.236868713574,80.6746543402223,-8.01968441245121,-0.452492513826402
58,Spannagel cave,139,SPA70,300603,5159.585668,53.31428528,55.70379747,-8.30593670337,
58,Spannagel cave,141,SPA127,302823,5162.927086,80.62556845,81.88241247,-8.02320379361,
58,Spannagel cave,140,SPA128,302167,5164.488484,136.0036979,118.9401271,-8.26863517189,
58,Spannagel cave,732,SPA127_2023,431593,5167.53247126028,85.0157917308034,79.8714971917698,-8.07686448934541,-0.490100507623197
58,Spannagel cave,141,SPA127,302824,5170.975687,79.82409696,80.69236944,-8.23829356021,
58,Spannagel cave,139,SPA70,300604,5172.745041,52.73325791,54.46661677,-8.22083508208,
58,Spannagel cave,732,SPA127_2023,431594,5176.01082198075,83.5289588211763,79.0314126369431,-8.02320379360609,-0.501210634203846
58,Spannagel cave,140,SPA128,302168,5178.02297,130.2424171,111.6746369,-8.27206723076,
58,Spannagel cave,141,SPA127,302825,5179.219331,78.78481344,79.7275013,-8.1572794397,
58,Spannagel cave,732,SPA127_2023,431595,5184.19854355367,82.5181596846269,77.7785215760414,-8.2382935602067,-0.787584953199155
58,Spannagel cave,139,SPA70,300605,5185.91382,51.96540852,53.81349552,-8.17304672036,
58,Spannagel cave,141,SPA127,302826,5187.438621,77.7517248,79.02727298,-8.1472239805,
58,Spannagel cave,140,SPA128,302169,5192.139084,124.6052852,106.0270395,-7.98612407102,
58,Spannagel cave,732,SPA127_2023,431596,5192.39153745941,81.6732187578054,76.6653680576364,-8.15727943970463,-0.743491181351249
58,Spannagel cave,141,SPA127,302827,5195.633937,76.70673541,78.07235149,-8.03253573327,
58,Spannagel cave,139,SPA70,300606,5199.196283,50.87378016,53.36731731,-8.19263271562,
58,Spannagel cave,732,SPA127_2023,431597,5200.63011455964,80.5172336504947,76.0039567528784,-8.14722398049527,-0.739160399701107
58,Spannagel cave,141,SPA127,302828,5203.782739,75.90563128,77.35138126,-7.74919302651,
58,Spannagel cave,140,SPA128,302170,5206.062939,117.3218857,100.9991802,-8.13352720236,
58,Spannagel cave,732,SPA127_2023,431598,5208.76171112776,79.7256021037219,74.59849549309,-8.03253573326991,-0.440869622319261
58,Spannagel cave,141,SPA127,302829,5211.906363,74.91275629,76.24173986,-7.84357819605,
58,Spannagel cave,139,SPA70,300607,5212.323668,50.27053382,53.0390737,-8.2938533107,
58,Spannagel cave,732,SPA127_2023,431599,5216.85614586344,78.9032593263155,73.2263475301615,-7.74919302651347,-0.273178519275573
58,Spannagel cave,140,SPA128,302171,5219.443331,111.021747,94.97618017,-8.04923593822,
58,Spannagel cave,141,SPA127,302830,5220.079171,73.91013809,75.44685545,-7.709284646,
58,Spannagel cave,732,SPA127_2023,431600,5225.03288277474,77.8136922000249,72.3793182336367,-7.84357819605105,-0.283144185409475
58,Spannagel cave,139,SPA70,300608,5225.267922,49.65677445,52.06193113,-8.16090945996,
58,Spannagel cave,141,SPA127,302831,5228.201087,73.29372882,74.54561645,-7.7226094659,
58,Spannagel cave,732,SPA127_2023,431601,5233.18102616131,76.5401245091289,71.4736536730688,-7.70928464600142,-0.167508437122582
58,Spannagel cave,140,SPA128,302172,5233.895793,103.6921591,90.52805089,-7.66090919289,
58,Spannagel cave,141,SPA127,302832,5236.442232,72.51365045,73.52608474,-7.84659031997,
58,Spannagel cave,139,SPA70,300609,5238.305744,48.90064503,51.29762194,-8.30696190294,
58,Spannagel cave,732,SPA127_2023,431602,5241.44684107504,75.4456161332619,70.4680501505463,-7.72260946589916,-0.107700575301774
58,Spannagel cave,141,SPA127,302833,5244.635122,71.39475367,72.64418084,-7.92011275813,
58,Spannagel cave,140,SPA128,302173,5247.295179,97.60498521,87.23822241,-7.81541241514,
58,Spannagel cave,732,SPA127_2023,431603,5249.60825023935,74.5249683443399,69.2138056124568,-7.84659031997317,-0.208843906227016
58,Spannagel cave,139,SPA70,300610,5251.40134,48.10230539,50.56624277,-8.27186441391,
58,Spannagel cave,141,SPA127,302834,5252.740713,70.41874248,71.7050128,-8.03850719651,
58,Spannagel cave,732,SPA127_2023,431604,5257.85590226774,73.408477012058,68.3226013348885,-7.92011275813111,-0.294612561658336
58,Spannagel cave,141,SPA127,302835,5260.859476,69.67884218,70.77761778,-8.23655630249,
58,Spannagel cave,140,SPA128,302174,5261.614464,92.0607421,82.98573674,-8.04305393767,
58,Spannagel cave,139,SPA70,300611,5264.549943,47.11289546,50.0137707,-8.3230296836,
58,Spannagel cave,732,SPA127_2023,431605,5266.10298073531,72.2829902341718,67.5158142947967,-8.03850719650719,-0.664367715827652
58,Spannagel cave,141,SPA127,302836,5269.073548,68.93172472,69.97326028,-8.27168648346,
58,Spannagel cave,732,SPA127_2023,431606,5274.42369532369,71.3743611808377,66.8096496128601,-8.23655630249136,-0.750453018328986
58,Spannagel cave,140,SPA128,302175,5275.265301,87.7540848,78.76207708,-8.05754764563,
58,Spannagel cave,141,SPA127,302837,5277.287577,68.19322512,69.11340245,-8.19038187165,
58,Spannagel cave,139,SPA70,300612,5277.511542,46.74993234,48.62421697,-8.26473526344,
58,Spannagel cave,732,SPA127_2023,431607,5282.40065535315,70.8290881452513,65.9081149744761,-8.27168648346136,-0.81567821500981
58,Spannagel cave,141,SPA127,302838,5285.507225,67.43006344,68.31217426,-8.02756737783,
58,Spannagel cave,140,SPA128,302176,5289.378112,82.15396683,74.68821618,-7.96551963191,
58,Spannagel cave,139,SPA70,300613,5290.314506,46.52751574,47.57656981,-8.12300957106,
58,Spannagel cave,732,SPA127_2023,431608,5290.87234591287,69.5235968944871,64.8203354847547,-8.19038187165229,-0.609221872914842
58,Spannagel cave,141,SPA127,302839,5293.829421,66.38520945,67.67821516,-8.01102482295,
58,Spannagel cave,732,SPA127_2023,431609,5299.28664000001,67.9547035258593,63.8748309650618,-8.02756737782672,-0.612026839357621
58,Spannagel cave,141,SPA127,302840,5302.071362,65.58511895,66.70072877,-8.04848287294,
58,Spannagel cave,139,SPA70,300614,5303.247862,46.34974173,46.57023546,-8.16307061005,
58,Spannagel cave,140,SPA128,302177,5303.323852,77.38890874,70.21013437,-7.97802671343,
58,Spannagel cave,732,SPA127_2023,431610,5307.44851463018,67.0457876292785,63.246251821578,-8.01102482294603,-1.21593352564447
58,Spannagel cave,141,SPA127,302841,5310.5193,64.54875891,65.81522124,-7.82337137886,
58,Spannagel cave,732,SPA127_2023,431611,5315.7612316024,65.8429987957124,62.5589632022575,-8.04848287293711,-0.984335745760756
58,Spannagel cave,139,SPA70,300615,5316.187894,45.78029571,45.32607953,-8.19707086858,
58,Spannagel cave,140,SPA128,302178,5317.630209,73.0585323,67.90466916,-8.03128578578,
58,Spannagel cave,141,SPA127,302842,5318.865692,63.57530151,64.84498765,-7.75289616532,
58,Spannagel cave,732,SPA127_2023,431612,5323.95557602294,65.1243651500299,61.7050458992971,-7.82337137886261,-0.436455594347029
58,Spannagel cave,141,SPA127,302843,5327.003479,62.81044899,63.86007034,-7.65472579815,
58,Spannagel cave,139,SPA70,300616,5329.135002,45.20274383,44.42488615,-8.20591357345,
58,Spannagel cave,140,SPA128,302179,5330.938368,69.55805391,64.15835862,-8.27060139036,
58,Spannagel cave,732,SPA127_2023,431613,5332.22025196286,64.1455698353757,61.0067744420758,-7.75289616531787,-0.199701906943753
58,Spannagel cave,141,SPA127,302844,5335.121856,62.12237802,62.77601012,-7.61448010453,
58,Spannagel cave,732,SPA127_2023,431614,5340.33556620511,63.3768562860841,59.8893327693459,-7.65472579814582,-0.179841481026913
58,Spannagel cave,139,SPA70,300617,5342.306768,44.52554095,43.83080471,-8.20962966515,
58,Spannagel cave,141,SPA127,302845,5343.226471,61.39873498,61.74675822,-7.71210306361,
58,Spannagel cave,140,SPA128,302180,5344.476788,66.96308616,63.35834766,-8.20077888047,
58,Spannagel cave,732,SPA127_2023,431615,5348.69731200723,62.4586180857805,59.0270138677861,-7.61448010452912,0.161843582451636
58,Spannagel cave,141,SPA127,302846,5351.360797,60.82895804,60.97942062,-7.96415523415,
58,Spannagel cave,139,SPA70,300618,5355.339297,44.01761805,42.96286272,-8.1562039771,
58,Spannagel cave,732,SPA127_2023,431616,5356.89099324003,61.5120991559761,57.9112390128012,-7.7121030636051,-0.195366962543612
58,Spannagel cave,140,SPA128,302181,5357.676743,64.66313065,59.84045029,-8.11604079732,
58,Spannagel cave,141,SPA127,302847,5359.512753,60.30083254,60.13800286,-7.99626131828,
58,Spannagel cave,732,SPA127_2023,431617,5365.16780559016,60.7433280682299,57.2934515240167,-7.96415523414749,-0.399434602254062
58,Spannagel cave,141,SPA127,302848,5367.872134,59.56528097,59.63232614,-7.99382120911,
58,Spannagel cave,139,SPA70,300619,5368.525558,43.46238616,42.57084506,-8.19161126169,
58,Spannagel cave,140,SPA128,302182,5371.543033,64.13306302,59.69876002,-8.28664093473,
58,Spannagel cave,732,SPA127_2023,431618,5373.5910821531,59.6277918412325,57.2187850391838,-7.9962613182823,-0.491551039423242
58,Spannagel cave,141,SPA127,302849,5375.986483,58.91918177,58.7004846,-8.20944968863,
58,Spannagel cave,139,SPA70,300620,5381.584303,43.23452465,41.83342231,-8.18382947153,
58,Spannagel cave,732,SPA127_2023,431619,5381.82347154645,58.9008141798467,56.4148315177263,-7.99382120911297,-0.429683890871762
58,Spannagel cave,141,SPA127,302850,5384.21693,57.9251331,57.80643367,-8.07811568241,
58,Spannagel cave,140,SPA128,302183,5385.186849,64.19638546,59.44638669,-8.08977583185,
58,Spannagel cave,732,SPA127_2023,431620,5390.05833546055,58.154135706297,54.870119025536,-8.20944968863119,-0.187410440735832
58,Spannagel cave,141,SPA127,302851,5392.253372,57.28951611,56.7977849,-8.04664234293,
58,Spannagel cave,139,SPA70,300621,5394.816873,42.87785829,41.50893207,-8.03461556976,
58,Spannagel cave,732,SPA127_2023,431621,5398.28214187905,57.3056239212137,53.8852599299007,-8.07811568240876,-0.0759451227656631
58,Spannagel cave,140,SPA128,302184,5399.907253,64.68227515,61.60578295,-8.09484923687,
58,Spannagel cave,141,SPA127,302852,5400.46567,56.16432279,56.01081859,-8.17756820026,
58,Spannagel cave,732,SPA127_2023,431622,5406.73141213082,56.3319741360847,53.3514647765596,-8.0466423429347,0.132824143666313
58,Spannagel cave,139,SPA70,300622,5407.815276,42.42355421,41.2622074,-8.11547863667,
58,Spannagel cave,141,SPA127,302853,5408.721343,55.18848761,55.31386535,-8.22735920626,
58,Spannagel cave,140,SPA128,302185,5413.499187,65.3879428,63.38681866,-7.93840659636,
58,Spannagel cave,732,SPA127_2023,431623,5414.86992092539,55.5420198345309,52.4921317184444,-8.17756820025802,-0.0491678502452548
58,Spannagel cave,141,SPA127,302854,5416.869187,54.77101799,53.89877748,-8.23466018734,
58,Spannagel cave,140,SPA128,302186,5419.124701,64.56149208,62.6673164,-8.11354977098,
58,Spannagel cave,139,SPA70,300623,5420.949806,41.92469913,40.82739794,-8.05107181497,
58,Spannagel cave,732,SPA127_2023,431624,5423.11752408094,54.725840668023,51.5609244906755,-8.22735920626458,0.0797775167572338
58,Spannagel cave,140,SPA128,302187,5424.664961,63.82029605,62.00155392,-8.17805726135,
58,Spannagel cave,141,SPA127,302855,5425.135187,53.60805719,53.18544233,-8.13998486202,
58,Spannagel cave,140,SPA128,302188,5430.209637,62.99902224,61.579129,-8.22379705857,
58,Spannagel cave,732,SPA127_2023,431625,5431.4086757853,54.2590746711348,50.4061498959018,-8.23466018734215,-0.170648267807331
58,Spannagel cave,141,SPA127,302856,5433.368211,52.76069333,52.35197403,-8.18781174978,
58,Spannagel cave,139,SPA70,300624,5434.242174,41.47041932,40.96240702,-8.14562021774,
58,Spannagel cave,140,SPA128,302189,5435.805455,62.12338347,60.61954575,-8.11557301328,
58,Spannagel cave,732,SPA127_2023,431626,5439.72950314682,53.4871939563045,49.5114855457132,-8.1399848620177,-0.248375569246706
58,Spannagel cave,140,SPA128,302190,5441.168031,61.73832829,59.6220163,-8.07586015743,
58,Spannagel cave,141,SPA127,302857,5441.463314,51.65804069,51.52144032,-7.98846793309,
58,Spannagel cave,140,SPA128,302191,5446.734029,61.04446251,58.69092765,-8.06427599969,
58,Spannagel cave,139,SPA70,300625,5447.554897,41.04366922,40.59017341,-8.00974250257,
58,Spannagel cave,732,SPA127_2023,431627,5448.0658925541,52.5796559052515,48.6998638389059,-8.18781174977912,-0.662515832928274
58,Spannagel cave,141,SPA127,302858,5449.593485,51.080449,50.25977513,-7.91185424832,
58,Spannagel cave,140,SPA128,302192,5452.294557,60.13782353,58.09427942,-8.03233125681,
58,Spannagel cave,732,SPA127_2023,431628,5456.37272637348,51.7196840741608,47.7147154694812,-7.98846793309348,-1.06347977390201
58,Spannagel cave,140,SPA128,302193,5457.736004,59.35185331,57.18391076,-8.02978428772,
58,Spannagel cave,141,SPA127,302859,5457.903965,50.33491397,49.28719489,-8.11375833987,
58,Spannagel cave,139,SPA70,300626,5460.807271,40.93107287,40.595522,-8.12009547114,
58,Spannagel cave,140,SPA128,302194,5463.165897,58.70873076,56.16778018,-7.99105969849,
58,Spannagel cave,732,SPA127_2023,431629,5464.61279561898,50.833816388511,46.5703018488693,-7.91185424832054,-1.39159339965861
58,Spannagel cave,141,SPA127,302860,5466.321123,48.77700331,48.58225275,-8.13250225999,
58,Spannagel cave,140,SPA128,302195,5468.661332,57.81445037,55.619874,-8.14288009458,
58,Spannagel cave,732,SPA127_2023,431630,5472.73216813458,49.7782267618804,45.7443212917051,-8.11375833987063,-1.708628332702
58,Spannagel cave,140,SPA128,302196,5474.20602,57.04778277,55.04832681,-8.09834171487,
58,Spannagel cave,139,SPA70,300627,5474.255658,40.3617169,40.36748205,-8.20131647544,
58,Spannagel cave,141,SPA127,302861,5474.553654,47.92594201,47.93109536,-8.21043397809,
58,Spannagel cave,140,SPA128,302197,5479.648827,56.46529726,54.09412162,-8.2056586279,
58,Spannagel cave,732,SPA127_2023,431631,5481.07927630861,48.8540912996841,44.9993547473132,-8.1325022599851,-1.81567576655646
58,Spannagel cave,141,SPA127,302862,5482.823331,47.14792628,47.29376466,-8.10795674167,
58,Spannagel cave,140,SPA128,302198,5485.038077,55.62098837,53.08765817,-8.21419456387,
58,Spannagel cave,139,SPA70,300628,5487.348778,40.46733524,39.77976858,-8.09516885638,
58,Spannagel cave,732,SPA127_2023,431632,5489.32729070653,48.1967307990899,44.3038300023163,-8.2104339780888,-1.73848802399753
58,Spannagel cave,140,SPA128,302199,5490.547955,54.75554737,52.46807296,-8.22428609669,
58,Spannagel cave,141,SPA127,302863,5490.981694,46.63658673,46.48006004,-8.03002875379,
58,Spannagel cave,140,SPA128,302200,5496.073543,53.87248201,51.89517677,-8.41213845382,
58,Spannagel cave,732,SPA127_2023,431633,5497.63532217615,47.2542212131602,43.7936206448903,-8.10795674166789,-0.996812913551946
58,Spannagel cave,141,SPA127,302864,5498.951835,45.945839,45.57439059,-7.8492936123,
58,Spannagel cave,139,SPA70,300629,5500.443634,40.55877971,39.91666681,-8.16510412318,
58,Spannagel cave,140,SPA128,302201,5501.600391,53.07047165,51.17476703,-8.36850480785,
58,Spannagel cave,732,SPA127_2023,431634,5505.82791684025,46.4345847664927,42.8932665010261,-8.03002875378996,-0.308394597305376
58,Spannagel cave,140,SPA128,302202,5507.082669,52.40526624,50.04252445,-8.23756456439,
58,Spannagel cave,141,SPA127,302865,5507.283543,45.15824885,44.919485,-7.82034243458,
58,Spannagel cave,140,SPA128,302203,5512.633857,51.65624816,49.35276299,-8.24133247207,
58,Spannagel cave,139,SPA70,300630,5513.62816,40.06514765,39.89628314,-8.10407306578,
58,Spannagel cave,732,SPA127_2023,431635,5513.87545369495,45.7932146013191,42.2565560477606,-7.84929361230248,-0.0545858391598636
58,Spannagel cave,141,SPA127,302866,5515.498379,44.605281,44.08299098,-8.06904968944,
58,Spannagel cave,140,SPA128,302204,5518.084081,50.92468773,48.76355849,-7.76405430121,
58,Spannagel cave,732,SPA127_2023,431636,5522.18962223503,44.7272789198842,41.5450661362138,-7.82034243458436,0.158168682071514
58,Spannagel cave,140,SPA128,302205,5523.44095,50.58454671,47.94056606,-7.8853320173,
58,Spannagel cave,141,SPA127,302867,5523.886999,43.79263332,43.39488713,-8.07368314443,
58,Spannagel cave,139,SPA70,300631,5526.572281,40.05138213,39.91354372,-8.06840938034,
58,Spannagel cave,140,SPA128,302206,5529.10811,49.50873185,47.42621513,-7.79035679763,
58,Spannagel cave,732,SPA127_2023,431637,5530.46633939018,44.0113153567963,41.082683994231,-8.06904968944059,0.153475234741785
58,Spannagel cave,141,SPA127,302868,5532.296594,43.02610234,42.9207213,-8.01144775244,
58,Spannagel cave,140,SPA128,302207,5534.810822,48.67204495,46.96027889,-7.86035057418,
58,Spannagel cave,732,SPA127_2023,431638,5538.58167893723,43.7487329524911,40.4505095355034,-8.07368314442787,0.345780300482886
58,Spannagel cave,139,SPA70,300632,5539.606451,40.24254259,39.63436264,-8.04945601953,
58,Spannagel cave,140,SPA128,302208,5540.334986,48.22635957,45.97543245,-7.85840649748,
58,Spannagel cave,141,SPA127,302869,5540.475634,42.0208035,42.29280087,-8.04588024945,
58,Spannagel cave,140,SPA128,302209,5545.920892,47.72957005,45.44650589,-7.69049166794,
58,Spannagel cave,732,SPA127_2023,431639,5546.83223674831,42.8935274567693,39.4288675498701,-8.011447752438,0.476546622662569
58,Spannagel cave,141,SPA127,302870,5548.813227,41.08127435,41.56142628,-8.01382064864,
58,Spannagel cave,140,SPA128,302210,5551.430813,46.76609382,44.76984528,-7.74548247021,
58,Spannagel cave,139,SPA70,300633,5552.773415,40.25695202,39.69946039,-8.11413740244,
58,Spannagel cave,732,SPA127_2023,431640,5555.05339145867,42.0950583313379,38.6813476894049,-8.04588024944958,0.760195876462046
58,Spannagel cave,140,SPA128,302211,5556.968496,46.04726907,44.39856623,-7.76637274384,
58,Spannagel cave,141,SPA127,302871,5556.980264,40.41374487,40.90056644,-8.12960921649,
58,Spannagel cave,140,SPA128,302212,5562.458036,45.15387105,43.47830038,-7.9026746189,
58,Spannagel cave,732,SPA127_2023,431641,5563.20750965646,41.4378961553002,37.83461719979,-8.01382064863762,0.800525819660942
58,Spannagel cave,141,SPA127,302872,5565.107645,39.89970834,39.97053199,-8.0393192385,
58,Spannagel cave,139,SPA70,300634,5565.851779,40.42540861,39.43052616,-8.05027364535,
58,Spannagel cave,140,SPA128,302213,5568.010862,44.32779723,42.59620761,-7.8471737878,
58,Spannagel cave,732,SPA127_2023,431642,5571.32577035387,40.5570596452053,37.6496129931747,-8.12960921648704,0.805111728816476
58,Spannagel cave,141,SPA127,302873,5573.348881,38.90697611,39.28273272,-8.31893935744,
58,Spannagel cave,140,SPA128,302214,5573.544684,43.55587707,41.9809412,-7.91245800211,
58,Spannagel cave,139,SPA70,300635,5578.831814,40.43191439,39.40083466,-8.14807912841,
58,Spannagel cave,140,SPA128,302215,5579.122772,42.91715099,41.28912173,-7.9900988972,
58,Spannagel cave,732,SPA127_2023,431643,5579.60475495266,40.1947222127028,36.9864513553894,-8.03931923849944,0.767870087793349
58,Spannagel cave,141,SPA127,302874,5581.723832,38.14507462,38.83763758,-8.26876957528,
58,Spannagel cave,140,SPA128,302216,5584.541339,42.34702451,40.32271244,-8.14904289302,
58,Spannagel cave,732,SPA127_2023,431644,5587.87930512014,39.3358724421214,36.4825958544925,-8.31893935743919,0.116757734900737
58,Spannagel cave,141,SPA127,302875,5589.890686,37.65542903,38.30079321,-8.41663263291,
58,Spannagel cave,140,SPA128,302217,5590.070792,42.03463796,39.94009265,-8.07757009254,
58,Spannagel cave,139,SPA70,300636,5592.007373,40.13960558,39.77954343,-8.0795345243,
58,Spannagel cave,140,SPA128,302218,5595.682456,41.36453107,39.22956871,-8.25252503052,
58,Spannagel cave,732,SPA127_2023,431645,5596.28348955045,38.1437823260158,35.9055810330165,-8.26876957527608,-1.0026143699379
58,Spannagel cave,141,SPA127,302876,5598.030625,37.08755796,37.66823988,-8.33409104094,
58,Spannagel cave,140,SPA128,302219,5601.248734,40.41369997,38.86129769,-8.22659286551,
58,Spannagel cave,732,SPA127_2023,431646,5604.51131043643,37.4232771964025,35.4002345671415,-8.41663263290759,-1.59243777525366
58,Spannagel cave,139,SPA70,300637,5604.987749,40.20598734,39.80861568,-8.18850456651,
58,Spannagel cave,141,SPA127,302877,5606.342656,36.75810465,37.29725441,-8.24935872254,
58,Spannagel cave,140,SPA128,302220,5606.91182,39.89345077,38.8522946,-8.2913316414,
58,Spannagel cave,140,SPA128,302221,5612.413624,39.56348099,38.14632549,-8.36226707251,
58,Spannagel cave,732,SPA127_2023,431647,5612.79035843798,36.5480118194218,34.5592310282436,-8.33409104093811,-1.57465054357838
58,Spannagel cave,141,SPA127,302878,5614.693964,36.01856803,36.42610951,-8.06654582705,
58,Spannagel cave,140,SPA128,302222,5617.804721,39.07424531,37.61224386,-8.25101307869,
58,Spannagel cave,139,SPA70,300638,5618.220946,39.7334869,40.28219878,-8.09820262341,
58,Spannagel cave,732,SPA127_2023,431648,5620.98949326748,36.0680342078131,34.0650588344224,-8.24935872254384,-1.55044220998451
58,Spannagel cave,141,SPA127,302879,5622.814179,35.62574076,35.75042511,-8.10565367144,
58,Spannagel cave,140,SPA128,302223,5623.285496,38.44008157,36.92973284,-8.31718170156,
58,Spannagel cave,140,SPA128,302224,5628.733401,37.83175782,36.06875858,-8.18741272059,
58,Spannagel cave,732,SPA127_2023,431649,5629.29851168204,35.5444651744228,34.1762654351742,-8.06654582705322,-1.2858613129342
58,Spannagel cave,141,SPA127,302880,5630.902425,35.29755666,35.29546118,-8.19387364465,
58,Spannagel cave,139,SPA70,300639,5631.456972,39.67915228,40.69306172,-8.08662561718,
58,Spannagel cave,140,SPA128,302225,5634.24716,37.43894469,35.56097139,-8.03386845564,
58,Spannagel cave,732,SPA127_2023,431650,5637.42386042957,35.2722349533824,34.0303353171339,-8.10565367144454,-1.48506989036672
58,Spannagel cave,141,SPA127,302881,5639.015608,34.85097034,34.75361106,-8.22515458808,
58,Spannagel cave,140,SPA128,302226,5639.907112,36.51821148,35.12834295,-7.97696679572,
58,Spannagel cave,139,SPA70,300640,5644.537057,40.36877983,40.86969148,-8.06301838656,
58,Spannagel cave,140,SPA128,302227,5645.535782,35.92994754,34.81695278,-7.97301740339,
58,Spannagel cave,732,SPA127_2023,431651,5645.70489819502,34.5899759748727,33.9391767773541,-8.19387364464573,-1.45095464271281
58,Spannagel cave,141,SPA127,302882,5647.147627,34.2701999,34.3797758,-8.35704013941,
58,Spannagel cave,140,SPA128,302228,5651.04369,35.52663883,34.29438552,-7.96239048377,
58,Spannagel cave,732,SPA127_2023,431652,5653.91859401747,34.1817209885903,33.6147131224789,-8.22515458808458,-1.37307521773859
58,Spannagel cave,141,SPA127,302883,5655.446672,33.81286847,34.14539129,-8.39406867101,
58,Spannagel cave,140,SPA128,302229,5656.723745,34.71311,34.04364491,-8.23915198005,
58,Spannagel cave,139,SPA70,300641,5657.583529,40.78252656,41.18160529,-8.00292883457,
58,Spannagel cave,732,SPA127_2023,431653,5662.16857168154,33.6218186946726,33.425908677973,-8.35704013940772,-1.1682777966887
58,Spannagel cave,140,SPA128,302230,5662.254295,34.38931484,33.48134608,-8.12857689756,
58,Spannagel cave,141,SPA127,302884,5663.662349,33.46661384,33.55502732,-8.41046607292,
58,Spannagel cave,140,SPA128,302231,5667.590683,33.96163153,32.77902273,-8.16985851245,
58,Spannagel cave,732,SPA127_2023,431654,5670.379022682,33.3131340208038,32.8923794694956,-8.39406867101133,-1.34272563103988
58,Spannagel cave,139,SPA70,300642,5670.857072,41.35148494,41.83692496,-7.95742775385,
58,Spannagel cave,141,SPA127,302885,5671.750966,33.26399938,32.96431536,-8.46829953573,
58,Spannagel cave,140,SPA128,302232,5673.065477,33.76171056,32.24689687,-8.17396682093,
58,Spannagel cave,732,SPA127_2023,431655,5678.54847578803,33.0600645033128,32.5289604949585,-8.4104660729187,-0.947244066041664
58,Spannagel cave,140,SPA128,302233,5678.592243,33.263829,31.75659178,-8.08959101304,
58,Spannagel cave,141,SPA127,302886,5679.852635,33.05009851,32.5158363,-8.53477330632,
58,Spannagel cave,139,SPA70,300643,5683.999881,42.21686265,42.45239001,-7.92466272571,
58,Spannagel cave,140,SPA128,302234,5684.193101,32.5589298,31.54500365,-7.93232623156,
58,Spannagel cave,732,SPA127_2023,431656,5686.71846112179,32.9861090898057,31.894451782241,-8.46829953573344,-1.04048698753856
58,Spannagel cave,141,SPA127,302887,5687.896263,33.0546873,31.95686791,-8.58914796211,
58,Spannagel cave,140,SPA128,302235,5689.739136,32.5176806,31.33449539,-7.9161745023,
58,Spannagel cave,732,SPA127_2023,431657,5694.85118028266,33.0351573742992,31.6226307041761,-8.53477330631953,-1.07252068917035
58,Spannagel cave,140,SPA128,302236,5695.199289,32.24364088,30.78689013,-8.1782194455,
58,Spannagel cave,141,SPA127,302888,5696.070488,32.93701038,31.71363801,-8.52703236798,
58,Spannagel cave,139,SPA70,300644,5697.216005,42.28076145,42.70774878,-8.0085637095,
58,Spannagel cave,140,SPA128,302237,5700.914613,31.50789372,30.65545588,-8.47365610909,
58,Spannagel cave,732,SPA127_2023,431658,5702.90572179864,32.7727662481175,31.0515359187393,-8.58914796210613,-1.03069562629423
58,Spannagel cave,141,SPA127,302889,5704.26614,32.87855583,31.36897321,-8.4858719031,
58,Spannagel cave,140,SPA128,302238,5706.311033,31.52064493,30.32454598,-8.3540961779,
58,Spannagel cave,139,SPA70,300645,5710.482587,42.37235853,43.26039184,-7.94099658445,
58,Spannagel cave,732,SPA127_2023,431659,5711.33115551335,32.8439204914321,30.7071613466487,-8.52703236797977,-0.906214702152913
58,Spannagel cave,140,SPA128,302239,5711.762692,31.57836044,30.02655629,-8.35566005572,
58,Spannagel cave,141,SPA127,302890,5712.647355,32.6756274,31.44202118,-8.50383095625,
58,Spannagel cave,140,SPA128,302240,5717.35405,31.07702905,29.85598039,-8.42976519874,
58,Spannagel cave,732,SPA127_2023,431660,5719.67078818229,32.2616526550837,29.9194575709762,-8.48587190310481,-1.20081548843805
58,Spannagel cave,141,SPA127,302891,5720.998104,32.29816225,31.02464797,-8.72148879348,
58,Spannagel cave,140,SPA128,302241,5723.115827,30.47103628,30.07938001,-8.47307772742,
58,Spannagel cave,139,SPA70,300646,5723.605764,42.6694778,43.21800856,-7.9158803309,
58,Spannagel cave,732,SPA127_2023,431661,5727.96070657401,32.2129622417042,29.8991075847562,-8.50383095625421,-1.88574417085136
58,Spannagel cave,140,SPA128,302242,5728.696993,30.17901756,29.85689799,-8.51583603943,
58,Spannagel cave,141,SPA127,302892,5729.306858,31.87897148,31.1155886,-8.64523200378,
58,Spannagel cave,140,SPA128,302243,5734.215712,29.96574378,29.63607803,-8.17330681273,
58,Spannagel cave,732,SPA127_2023,431662,5736.41261319849,31.82095683641,29.8736671151528,-8.72148879348375,-3.07433332864147
58,Spannagel cave,139,SPA70,300647,5736.729322,42.87494092,43.59716954,-7.98589718919,
58,Spannagel cave,141,SPA127,302893,5737.443607,31.69132219,31.02602914,-8.88521607388,
58,Spannagel cave,140,SPA128,302244,5739.75317,29.85211524,29.56360393,-8.45227004005,
58,Spannagel cave,732,SPA127_2023,431663,5744.68441109836,31.9116035293828,29.9097864003852,-8.64523200377539,-3.9058236881011
58,Spannagel cave,140,SPA128,302245,5745.319015,29.54308945,29.65964285,-8.70735063634,
58,Spannagel cave,141,SPA127,302894,5745.613792,32.01242604,31.01440207,-8.86479288568,
58,Spannagel cave,139,SPA70,300648,5749.883551,43.25680117,44.05391856,-8.03119125336,
58,Spannagel cave,140,SPA128,302246,5750.845315,29.402681,29.80735545,-8.64090909205,
58,Spannagel cave,732,SPA127_2023,431664,5753.11435658375,31.5623287589988,29.8733046534235,-8.88521607388371,-5.00054683613619
58,Spannagel cave,141,SPA127,302895,5753.737669,31.88429269,30.8119956,-8.92643024087,
58,Spannagel cave,140,SPA128,302247,5756.527141,29.0235148,29.85957031,-8.58853496742,
58,Spannagel cave,732,SPA127_2023,431665,5761.25992947818,31.2803341069266,29.8516076608457,-8.8647928856848,-5.62500174196853
58,Spannagel cave,140,SPA128,302248,5761.937272,28.83008976,29.4672967,-8.64843141851,
58,Spannagel cave,141,SPA127,302896,5762.0805,31.86242829,30.85889037,-8.91240760187,
58,Spannagel cave,139,SPA70,300649,5762.781069,44.5579894,44.0074994,-8.04025068916,
58,Spannagel cave,140,SPA128,302249,5767.457647,29.06852892,29.43961145,-8.41951656874,
58,Spannagel cave,732,SPA127_2023,431666,5769.56158891227,31.2062486444047,30.109179521256,-8.92643024087169,-5.86099342080831
58,Spannagel cave,141,SPA127,302897,5770.269482,31.61699742,31.03065803,-8.75315363222,
58,Spannagel cave,140,SPA128,302250,5773.00444,28.93397783,29.59101121,-8.30879342622,
58,Spannagel cave,139,SPA70,300650,5775.88658,45.12185916,44.15483721,-8.10331328751,
58,Spannagel cave,732,SPA127_2023,431667,5777.82673473823,31.0356684482958,30.3017124560974,-8.91240760187347,-5.99519445096667
58,Spannagel cave,140,SPA128,302251,5778.505325,28.98317556,29.67787924,-8.38174832783,
58,Spannagel cave,141,SPA127,302898,5778.543801,31.54928623,31.31406865,-8.60795736851,
58,Spannagel cave,140,SPA128,302252,5783.857531,29.25290273,29.6503523,-8.51097710528,
58,Spannagel cave,732,SPA127_2023,431668,5785.94703273093,31.3064675916312,30.1673637747399,-8.75315363221621,-5.4201223111031
58,Spannagel cave,141,SPA127,302899,5786.963072,31.05998127,31.69248147,-8.71046688459,
58,Spannagel cave,139,SPA70,300651,5788.845434,46.27707448,44.51034914,-8.11834713523,
58,Spannagel cave,140,SPA128,302253,5789.432815,29.78275895,29.81911249,-8.41083999829,
58,Spannagel cave,732,SPA127_2023,431669,5794.16777663274,30.9885355488432,30.4964512185707,-8.60795736850777,-4.58209072499315
58,Spannagel cave,140,SPA128,302254,5794.945468,29.94976015,29.995299,-8.40497705634,
58,Spannagel cave,141,SPA127,302900,5795.265515,31.19578189,31.86879495,-8.96644739132,
58,Spannagel cave,140,SPA128,302255,5800.396771,30.01111571,29.95936513,-8.1600442328,
58,Spannagel cave,139,SPA70,300652,5801.931762,46.9856025,44.9051478,-8.03475076416,
58,Spannagel cave,732,SPA127_2023,431670,5802.39121884292,31.0217861353613,30.7683629714993,-8.71046688458818,-5.07949245988076
58,Spannagel cave,141,SPA127,302901,5803.472125,31.24206891,31.80671173,-8.92453620265,
58,Spannagel cave,140,SPA128,302256,5805.766457,30.16491592,30.3615114,-8.29869730306,
58,Spannagel cave,732,SPA127_2023,431671,5810.80032643447,31.1357278457363,31.1795320946085,-8.96644739131902,-5.67744457323882
58,Spannagel cave,140,SPA128,302257,5811.231572,30.41429797,30.36218632,-8.23564073155,
58,Spannagel cave,141,SPA127,302902,5811.701366,31.17414431,32.29638758,-9.12406087091,
58,Spannagel cave,139,SPA70,300653,5815.211445,46.68694428,45.38176973,-8.01489759048,
58,Spannagel cave,140,SPA128,302258,5816.802189,30.59211104,30.85266469,-8.49801509315,
58,Spannagel cave,732,SPA127_2023,431672,5819.11836389558,31.0044226676609,31.4047823274341,-8.92453620265476,-5.96581051291446
58,Spannagel cave,141,SPA127,302903,5819.879604,31.49172559,32.55994021,-9.05029368005,
58,Spannagel cave,140,SPA128,302259,5822.542597,30.44001712,31.51976639,-8.60057063175,
58,Spannagel cave,732,SPA127_2023,431673,5827.43663329524,31.1664197585615,31.9532374851133,-9.12406087090845,-6.67621704658369
58,Spannagel cave,141,SPA127,302904,5827.97881,31.82374684,32.81954977,-9.03205996422,
58,Spannagel cave,140,SPA128,302260,5828.061023,30.5640711,31.80794388,-8.68048852328,
58,Spannagel cave,139,SPA70,300654,5828.342729,47.42885301,46.139744,-8.14407938649,
58,Spannagel cave,140,SPA128,302261,5833.539531,30.98999642,31.75289404,-8.88263230276,
58,Spannagel cave,732,SPA127_2023,431674,5835.5802820579,31.5885275346855,31.8827141758056,-9.05029368004714,-6.78240463288753
58,Spannagel cave,141,SPA127,302905,5836.106288,32.22383155,32.73385849,-9.06414903824,
58,Spannagel cave,140,SPA128,302262,5839.132044,31.3402633,31.83067264,-8.66812951018,
58,Spannagel cave,139,SPA70,300655,5841.249269,48.44086308,46.83725471,-8.18317589489,
58,Spannagel cave,732,SPA127_2023,431675,5843.8567144172,32.1270023852467,32.0365087096498,-9.0320599642201,-6.64927003042098
58,Spannagel cave,141,SPA127,302906,5844.161644,32.46438259,33.22732877,-9.0940594939,
58,Spannagel cave,140,SPA128,302263,5844.790136,31.70873791,32.07890221,-8.72592640549,
58,Spannagel cave,140,SPA128,302264,5850.4408,31.9006771,32.60523157,-8.63229121762,
58,Spannagel cave,732,SPA127_2023,431676,5852.13475009671,32.6131564013695,32.6883048451646,-9.06414903824066,-6.43593078849187
58,Spannagel cave,141,SPA127,302907,5852.419607,32.93755629,33.68100687,-9.28605147004,
58,Spannagel cave,139,SPA70,300656,5854.329583,49.10965135,47.2864156,-8.09334868765,
58,Spannagel cave,732,SPA127_2023,431677,5855.64665321046,32.5354201257305,32.5097493244484,-9.09405949390204,-6.03113685301939
58,Spannagel cave,141,SPA127,302908,5855.989945,32.87254056,33.68915415,-9.27860256272,
58,Spannagel cave,140,SPA128,302265,5856.048775,32.23906359,33.39624453,-8.76252423354,
58,Spannagel cave,732,SPA127_2023,431678,5859.1829971187,32.4055420512441,32.3972403731323,-9.28605147004495,-6.4036293507466
58,Spannagel cave,141,SPA127,302909,5859.60634,32.6840063,33.50536727,-9.33499756572,
58,Spannagel cave,140,SPA128,302266,5861.74812,32.06619066,32.69951745,-8.68645633408,
58,Spannagel cave,732,SPA127_2023,431679,5862.76190740772,32.2705461506666,32.1568137867298,-9.27860256271911,-6.5317272427163
58,Spannagel cave,141,SPA127,302910,5863.104057,32.55053241,33.17136773,-9.32096872671,
58,Spannagel cave,732,SPA127_2023,431680,5866.28875358972,32.3190478881415,31.8599982656169,-9.33499756571645,-6.92618516945427
58,Spannagel cave,141,SPA127,302911,5866.64339,32.4044461,32.88305412,-9.27160769097,
58,Spannagel cave,140,SPA128,302267,5867.273146,31.97685752,31.48914734,-8.70918667468,
58,Spannagel cave,139,SPA70,300657,5867.533189,49.37330336,47.88643162,-8.12493583081,
58,Spannagel cave,732,SPA127_2023,431681,5869.77221769182,32.3860197615386,31.696738286073,-9.3209687267062,-7.07428947757025
58,Spannagel cave,141,SPA127,302912,5870.083985,32.466275,32.62020174,-9.17137889889,
58,Spannagel cave,140,SPA128,302268,5872.961613,31.78356479,30.56147977,-8.75825588342,
58,Spannagel cave,732,SPA127_2023,431682,5873.33372378811,32.1171977671784,31.6084932125268,-9.27160769097472,-6.86755040732816
58,Spannagel cave,141,SPA127,302913,5873.68407,32.3206291,32.50342719,-8.92588744261,
58,Spannagel cave,732,SPA127_2023,431683,5876.81329632407,31.9688810573389,31.4296199449245,-9.17137889888925,-6.78936706589291
58,Spannagel cave,141,SPA127,302914,5877.186808,32.31234887,32.47908827,-8.95740082925,
58,Spannagel cave,140,SPA128,302269,5878.888573,31.41280656,30.63735928,-8.81913244403,
58,Spannagel cave,732,SPA127_2023,431684,5880.34152196003,31.8688733294994,31.3622370916019,-8.92588744261321,-6.35929271547367
58,Spannagel cave,139,SPA70,300658,5880.486757,50.7180988,48.60266583,-8.04941668925,
58,Spannagel cave,141,SPA127,302915,5880.685958,32.24573287,32.11158223,-8.86817961945,
58,Spannagel cave,732,SPA127_2023,431685,5883.90659858008,31.7609001704423,31.3014985972632,-8.95740082925247,-5.63725852232924
58,Spannagel cave,141,SPA127,302916,5884.265691,32.17074226,31.98373824,-8.62986687668,
58,Spannagel cave,140,SPA128,302270,5884.655235,32.02787978,30.696212,-8.94043131921,
58,Spannagel cave,732,SPA127_2023,431686,5887.41195441213,31.6300953259961,31.1446428168401,-8.86817961945197,-4.92542694450694
58,Spannagel cave,141,SPA127,302917,5887.827331,32.08898799,31.73829197,-8.45844770746,
58,Spannagel cave,140,SPA128,302271,5890.144775,32.24926792,30.24836472,-8.90681598998,
58,Spannagel cave,732,SPA127_2023,431687,5890.93464901979,31.5486195019503,31.00194395369,-8.62986687668292,-3.7103864489783
58,Spannagel cave,141,SPA127,302918,5891.44031,32.06708821,31.58569953,-8.53692454651,
58,Spannagel cave,139,SPA70,300659,5893.55106,52.11072758,49.4438199,-7.95382923083,
58,Spannagel cave,732,SPA127_2023,431688,5894.47178570412,31.4305273336558,30.9517205627299,-8.45844770745755,-1.7947876823632
58,Spannagel cave,141,SPA127,302919,5895.028261,31.78923746,31.48725912,-8.50303291263,
58,Spannagel cave,139,SPA70,300660,5895.524623,51.91782321,49.03766665,-8.02963343639,
58,Spannagel cave,140,SPA128,302272,5895.713799,32.31492464,30.16364563,-8.76269294532,
58,Spannagel cave,139,SPA70,300661,5897.638065,51.58213378,48.78614483,-7.96011056576,
58,Spannagel cave,732,SPA127_2023,431689,5898.14672151999,31.2111982561491,31.0392963032991,-8.53692454650862,-2.31468410812538
58,Spannagel cave,141,SPA127,302920,5898.632402,31.39467359,31.37629936,-8.37482399793,
58,Spannagel cave,139,SPA70,300662,5899.797155,51.17990507,48.69476604,-8.08785004206,
58,Spannagel cave,140,SPA128,302273,5901.565152,32.57971965,31.13147157,-8.60923003851,
58,Spannagel cave,732,SPA127_2023,431690,5901.75596939997,31.0908245636674,31.0097937915261,-8.50303291263017,-1.68682899035077
58,Spannagel cave,139,SPA70,300663,5901.992402,50.67053031,48.46288266,-8.09714379897,
58,Spannagel cave,141,SPA127,302921,5902.172799,31.31233722,31.3377182,-8.43924030826,
58,Spannagel cave,139,SPA70,300664,5904.077978,50.31610967,48.20612671,-8.1044694449,
58,Spannagel cave,732,SPA127_2023,431691,5905.28929718565,31.0291517680807,30.6804369725241,-8.37482399792974,-0.965726883104519
58,Spannagel cave,141,SPA127,302922,5905.6256,31.3146597,31.29114319,-8.13523651161,
58,Spannagel cave,139,SPA70,300665,5906.117257,49.93855565,48.11714263,-8.08720753694,
58,Spannagel cave,140,SPA128,302274,5907.434529,33.38617572,31.58255454,-8.47492715753,
58,Spannagel cave,139,SPA70,300666,5908.061018,49.64628719,47.74874379,-8.29343011103,
58,Spannagel cave,732,SPA127_2023,431692,5908.80511626712,31.0268955091442,30.6177976497529,-8.43924030826017,-0.694961910653018
58,Spannagel cave,141,SPA127,302923,5909.232232,31.04790493,31.2023085,-8.25801083162,
58,Spannagel cave,139,SPA70,300667,5910.310788,49.01899187,47.55891025,-8.36053816687,
58,Spannagel cave,139,SPA70,300668,5912.350293,48.73086731,47.07291813,-8.36966892472,
58,Spannagel cave,732,SPA127_2023,431693,5912.47101652164,30.8615706392056,30.5141778183443,-8.1352365116144,-1.10089330467879
58,Spannagel cave,141,SPA127,302924,5912.812234,30.94029154,31.19252307,-8.42810377132,
58,Spannagel cave,140,SPA128,302275,5913.292482,34.15967545,32.80062341,-8.95567052675,
58,Spannagel cave,139,SPA70,300669,5914.381849,48.34936207,46.56512005,-8.3806347234,
58,Spannagel cave,732,SPA127_2023,431694,5916.02874592942,30.7800895111577,30.4455303520863,-8.25801083162,-0.377751362113166
58,Spannagel cave,141,SPA127,302925,5916.397848,30.77338961,31.16278563,-8.3415117073,
58,Spannagel cave,139,SPA70,300670,5916.50679,47.90796823,46.22656926,-8.35116675246,
58,Spannagel cave,139,SPA70,300671,5918.528223,47.55333365,45.90382053,-8.38424094346,
58,Spannagel cave,140,SPA128,302276,5919.141809,34.68058411,33.87998304,-8.86422005339,
58,Spannagel cave,732,SPA127_2023,431695,5919.5961786041,30.7179507965457,30.343625975107,-8.42810377132013,-0.307202779444397
58,Spannagel cave,141,SPA127,302926,5919.981939,30.60264682,30.92288385,-8.4694293642,
58,Spannagel cave,139,SPA70,300672,5920.549864,47.19849195,45.55376168,-8.43857781212,
58,Spannagel cave,139,SPA70,300673,5922.527111,46.88804347,45.21557563,-8.52170770956,
58,Spannagel cave,732,SPA127_2023,431696,5923.20483362871,30.5426393793841,30.3104021658537,-8.34151170730317,-0.457629109568787
58,Spannagel cave,141,SPA127,302927,5923.628833,30.45956554,30.79720417,-8.60965596646,
58,Spannagel cave,139,SPA70,300674,5924.498348,46.75105371,44.88878364,-8.48972078907,
58,Spannagel cave,140,SPA128,302277,5925.035197,35.50645949,35.10842512,-8.81155872569,
58,Spannagel cave,139,SPA70,300675,5926.510941,46.58691618,44.59014343,-8.42902024169,
58,Spannagel cave,732,SPA127_2023,431697,5926.75627559109,30.3827924447241,30.067493437843,-8.46942936420242,-0.431890017257785
58,Spannagel cave,141,SPA127,302928,5927.223643,30.34012991,30.70537732,-8.60902955175,
58,Spannagel cave,139,SPA70,300676,5928.560448,46.29651044,44.30759932,-8.47207646469,
58,Spannagel cave,732,SPA127_2023,431698,5930.22661467914,30.5361049967642,29.8410429400892,-8.60965596646243,-0.80135173546875
58,Spannagel cave,139,SPA70,300677,5930.656251,45.83154802,44.07504248,-8.5232727545,
58,Spannagel cave,141,SPA127,302929,5930.801661,30.24951673,30.61483144,-8.53525880166,
58,Spannagel cave,140,SPA128,302278,5930.917838,36.80967248,36.2179705,-8.50200420028,
58,Spannagel cave,139,SPA70,300678,5932.70174,45.41024375,43.81188297,-8.37504536888,
58,Spannagel cave,732,SPA127_2023,431699,5933.8283266662,30.3662928543272,29.7740887063001,-8.60902955174974,-1.02662586515604
58,Spannagel cave,141,SPA127,302930,5934.341916,30.1302321,30.46479072,-8.62158186846,
58,Spannagel cave,139,SPA70,300679,5934.631942,45.09322673,43.42117282,-8.59983380064,
58,Spannagel cave,139,SPA70,300680,5936.744333,44.59401998,43.21026835,-8.53433640365,
58,Spannagel cave,140,SPA128,302279,5936.976417,37.62817303,37.95437094,-8.78866624033,
58,Spannagel cave,732,SPA127_2023,431700,5937.3869005892,30.258436261538,29.7487822511775,-8.53525880165796,-1.30486357156982
58,Spannagel cave,141,SPA127,302931,5937.918742,30.05509983,30.34290685,-8.47826643523,
58,Spannagel cave,139,SPA70,300681,5938.810572,44.10407654,42.91388893,-8.45319026033,
58,Spannagel cave,139,SPA70,300682,5940.828735,43.65185495,42.59869429,-8.45837055666,
58,Spannagel cave,732,SPA127_2023,431701,5940.86797928038,30.1768930919352,29.5282913017973,-8.62158186846292,-1.39460206634688
58,Spannagel cave,141,SPA127,302932,5941.566292,29.95329708,30.32141942,-8.69221171595,
58,Spannagel cave,140,SPA128,302280,5942.636459,39.35559913,39.09496457,-9.18293985416,
58,Spannagel cave,139,SPA70,300683,5942.837027,43.28910848,42.32432892,-8.13097268023,
58,Spannagel cave,732,SPA127_2023,431702,5944.39138412305,30.058084999645,29.4515701331284,-8.47826643523167,-1.33240419707936
58,Spannagel cave,139,SPA70,300684,5944.885528,42.95344919,42.05322025,-8.06270056322,
58,Spannagel cave,141,SPA127,302933,5945.070538,29.99631618,30.09811878,-8.56576710354,
58,Spannagel cave,139,SPA70,300685,5946.90836,42.69182989,41.74270977,-8.10947012893,
58,Spannagel cave,732,SPA127_2023,431703,5947.99375877715,29.903338058306,29.4984517339435,-8.69221171595494,-1.95323748818448
58,Spannagel cave,140,SPA128,302281,5948.425466,40.77338518,40.06452386,-8.82716606178,
58,Spannagel cave,141,SPA127,302934,5948.566258,30.01055622,30.03285157,-8.59924752776,
58,Spannagel cave,139,SPA70,300686,5948.832871,42.32384765,41.25165882,-8.13438075148,
58,Spannagel cave,139,SPA70,300687,5950.845345,41.94899478,40.93856702,-8.07391760139,
58,Spannagel cave,732,SPA127_2023,431704,5951.53050431901,29.6399153136308,29.3283496146787,-8.56576710354495,-1.65084777780834
58,Spannagel cave,141,SPA127,302935,5952.177624,29.789587,30.08506415,-8.35178730198,
58,Spannagel cave,139,SPA70,300688,5952.854151,41.65595757,40.61229075,-8.12881398372,
58,Spannagel cave,140,SPA128,302282,5954.152734,42.74749722,41.67446442,-8.68195616633,
58,Spannagel cave,139,SPA70,300689,5954.917217,41.48959056,40.42609204,-8.12273978614,
58,Spannagel cave,732,SPA127_2023,431705,5955.01306593489,29.6113358610537,29.2023941886173,-8.59924752776399,-1.50841134730044
58,Spannagel cave,141,SPA127,302936,5955.761992,29.62725038,30.10987783,-8.5239000486,
58,Spannagel cave,139,SPA70,300690,5957.026491,41.26325479,40.27234174,-8.05921915833,
58,Spannagel cave,732,SPA127_2023,431706,5958.5508034316,29.6323981693713,29.1738619670705,-8.35178730197869,-1.13227773947081
58,Spannagel cave,139,SPA70,300691,5959.184975,41.00428138,40.11360982,-8.0501436018,
58,Spannagel cave,141,SPA127,302937,5959.292007,29.59978794,30.0137397,-8.47871623378,
58,Spannagel cave,140,SPA128,302283,5959.744939,44.72485563,43.20736481,-8.4547412566,
58,Spannagel cave,139,SPA70,300692,5961.237203,40.81778591,39.81240526,-8.13626121191,
58,Spannagel cave,732,SPA127_2023,431707,5962.13621958445,29.6159346148406,29.0487914100768,-8.52390004860268,-0.920238539647409
58,Spannagel cave,141,SPA127,302938,5962.885258,29.52526975,29.94435756,-8.54453430176,
58,Spannagel cave,139,SPA70,300693,5963.238776,40.6079099,39.58809795,-8.20202937049,
58,Spannagel cave,139,SPA70,300694,5965.397455,40.25148799,39.56945533,-8.28171014043,
58,Spannagel cave,140,SPA128,302284,5965.503465,46.31049391,45.03327016,-8.44445885073,
58,Spannagel cave,732,SPA127_2023,431708,5965.69122199533,29.5429732251851,28.9332106525417,-8.47871623378389,-0.975465778391162
58,Spannagel cave,141,SPA127,302939,5966.340909,29.58868883,29.81278942,-8.49234228435,
58,Spannagel cave,139,SPA70,300695,5967.476549,40.09390265,39.26259311,-8.2167550853,
58,Spannagel cave,732,SPA127_2023,431709,5969.22882426054,29.4804963192491,28.8538241498227,-8.54453430176356,-1.08246953932744
58,Spannagel cave,139,SPA70,300696,5969.478357,39.80406718,38.86865734,-8.21323428678,
58,Spannagel cave,141,SPA127,302940,5969.846099,29.5105769,29.72380524,-8.51954637205,
58,Spannagel cave,140,SPA128,302285,5971.407269,48.13585957,46.28423576,-8.70047237087,
58,Spannagel cave,139,SPA70,300697,5971.444028,39.75877198,38.60522339,-8.24751446408,
58,Spannagel cave,732,SPA127_2023,431710,5972.75145171416,29.4562946268952,28.7488186087494,-8.49234228434809,-1.16851213289156
58,Spannagel cave,141,SPA127,302941,5973.412925,29.55584148,29.72112137,-8.60046011863,
58,Spannagel cave,139,SPA70,300698,5973.474063,39.52286184,38.42625957,-8.29519009404,
58,Spannagel cave,139,SPA70,300699,5975.577926,39.26070922,38.15294675,-8.14322785253,
58,Spannagel cave,732,SPA127_2023,431711,5976.22527799689,29.523760169096,28.648073203467,-8.51954637205496,-1.35467317163838
58,Spannagel cave,141,SPA127,302942,5977.013745,29.52919496,29.67182548,-8.60116441391,
58,Spannagel cave,140,SPA128,302286,5977.352659,49.59920702,48.33174607,-8.66255514632,
58,Spannagel cave,139,SPA70,300700,5977.575069,38.95793591,37.71823723,-8.05943595395,
58,Spannagel cave,139,SPA70,300701,5979.61339,38.76562649,37.32359466,-8.126272944,
58,Spannagel cave,732,SPA127_2023,431712,5979.76290351192,29.5269902508999,28.5932772631668,-8.60046011863492,-1.24775390450931
58,Spannagel cave,141,SPA127,302943,5980.602904,29.37102495,29.67047385,-8.69431529439,
58,Spannagel cave,139,SPA70,300702,5981.711894,38.53066033,36.97651982,-8.15730084438,
58,Spannagel cave,140,SPA128,302287,5983.133629,51.88698319,50.3282972,-8.50117499192,
58,Spannagel cave,732,SPA127_2023,431713,5983.36371116366,29.4708261392452,28.7008594785393,-8.60116441391272,-1.35206615456787
58,Spannagel cave,139,SPA70,300703,5983.719724,38.39290002,36.64727471,-8.11198056125,
58,Spannagel cave,141,SPA127,302944,5984.152987,29.26676527,29.53760041,-8.5828366328,
58,Spannagel cave,139,SPA70,300704,5985.727896,38.23687058,36.42737152,-8.15204690758,
58,Spannagel cave,732,SPA127_2023,431714,5986.89283144736,29.4867916828825,28.635888286075,-8.69431529438954,-1.30096782584554
58,Spannagel cave,141,SPA127,302945,5987.663472,29.31945933,29.3774135,-8.65349481491,
58,Spannagel cave,139,SPA70,300705,5987.734573,37.99188053,35.99095547,-8.14373467878,
58,Spannagel cave,140,SPA128,302288,5988.996742,53.68583495,52.7113576,-8.37571008002,
58,Spannagel cave,139,SPA70,300706,5989.676812,37.71220035,35.67544259,-8.32878811586,
58,Spannagel cave,732,SPA127_2023,431715,5990.48959414169,29.4709681544282,28.7073678876241,-8.58283663280314,-1.23359166086302
58,Spannagel cave,141,SPA127,302946,5991.220695,29.28390505,29.3336078,-8.68329027792,
58,Spannagel cave,139,SPA70,300707,5991.761085,37.25677672,35.62426033,-8.12441637755,
58,Spannagel cave,139,SPA70,300708,5993.880277,36.90077517,35.44499781,-8.05022654267,
58,Spannagel cave,732,SPA127_2023,431716,5994.09824051139,29.4483124531971,28.6429030143045,-8.65349481490701,-1.33723743727264
58,Spannagel cave,140,SPA128,302289,5994.653783,56.00554675,54.88291725,-8.56429871146,
58,Spannagel cave,141,SPA127,302947,5994.834285,29.11401129,29.45701687,-8.6660706393,
58,Spannagel cave,139,SPA70,300709,5995.881271,36.74338389,35.13663515,-8.00698146699,
58,Spannagel cave,732,SPA127_2023,431717,5997.60319957546,29.4372337708446,28.4219339658021,-8.68329027792253,-1.22138681828323
58,Spannagel cave,139,SPA70,300710,5997.993744,36.42580189,34.95808877,-8.04031957663,
58,Spannagel cave,141,SPA127,302948,5998.301991,29.15096244,29.41260236,-8.78887971933,
58,Spannagel cave,139,SPA70,300711,5999.987248,36.3489343,34.66146901,-8.22271181402,
58,Spannagel cave,140,SPA128,302290,6000.445513,58.43652846,56.64630201,-8.27876216374,
58,Spannagel cave,732,SPA127_2023,431718,6001.20124821572,29.3301471168488,28.3192556897147,-8.66607063929848,-1.17919088274484
58,Spannagel cave,141,SPA127,302949,6001.819046,29.14957773,29.40555825,-8.82207836638,
58,Spannagel cave,139,SPA70,300712,6002.069181,36.16575595,34.55889833,-8.36135246508,
58,Spannagel cave,139,SPA70,300713,6004.073849,36.05392028,34.40308521,-8.10666720911,
58,Spannagel cave,732,SPA127_2023,431719,6004.70549100713,29.2902351956936,28.1237831540402,-8.78887971932831,-1.14692574933036
58,Spannagel cave,141,SPA127,302950,6005.402786,29.1423909,29.31864151,-8.75388854758,
58,Spannagel cave,139,SPA70,300714,6006.078938,35.50367955,34.11331511,-8.04182711959,
58,Spannagel cave,140,SPA128,302291,6006.276603,60.3005041,58.58371243,-8.2395219238,
58,Spannagel cave,139,SPA70,300715,6008.148125,35.25403266,34.05553066,-7.89832999112,
58,Spannagel cave,732,SPA127_2023,431720,6008.33374433526,29.1304960853213,28.0426593107213,-8.82207836637913,-1.10129397599825
58,Spannagel cave,141,SPA127,302951,6009.011348,28.99733774,29.39558367,-8.73966477323,
58,Spannagel cave,139,SPA70,300716,6010.153197,35.12189135,33.70343254,-8.07150210176,
58,Spannagel cave,732,SPA127_2023,431721,6011.82807135342,29.0785646703789,27.903191942527,-8.75388854758367,-0.836853279794022
58,Spannagel cave,140,SPA128,302292,6012.092936,62.61344674,60.71341935,-8.15253280942,
58,Spannagel cave,139,SPA70,300717,6012.163547,34.96955357,33.42566128,-8.11217947415,
58,Spannagel cave,141,SPA127,302952,6012.595844,28.82605426,29.38585847,-8.61112806899,
58,Spannagel cave,139,SPA70,300718,6014.290257,34.67979459,33.24727429,-8.17481421337,
58,Spannagel cave,732,SPA127_2023,431722,6015.49891324597,28.9257655858719,28.0567985262496,-8.73966477322979,-1.48200314282393
58,Spannagel cave,141,SPA127,302953,6016.215407,28.68195792,29.41820131,-8.66029099464,
58,Spannagel cave,139,SPA70,300719,6016.266174,34.61075343,33.10624778,-8.15562819851,
58,Spannagel cave,140,SPA128,302293,6017.744991,64.52041998,62.23422682,-8.03392190574,
58,Spannagel cave,139,SPA70,300720,6018.278754,34.52918175,33.04392087,-8.24952152445,
58,Spannagel cave,732,SPA127_2023,431723,6019.08891704539,28.8609671726326,28.1198410380503,-8.61112806899096,-1.63545379910684
58,Spannagel cave,141,SPA127,302954,6019.712796,28.77617196,29.31920644,-8.63080446719,
58,Spannagel cave,139,SPA70,300721,6020.293334,34.33872538,32.88365158,-8.26504252244,
58,Spannagel cave,139,SPA70,300722,6022.210509,34.29225598,32.5564362,-8.15301961567,
58,Spannagel cave,732,SPA127_2023,431724,6022.59363520782,28.8271655561666,27.9086383408649,-8.66029099464376,-2.02462469105284
58,Spannagel cave,141,SPA127,302955,6023.172219,28.74151485,29.23551052,-8.59429147373,
58,Spannagel cave,140,SPA128,302294,6023.545143,66.51274878,64.23990275,-7.98220222812,
58,Spannagel cave,139,SPA70,300723,6024.171016,34.30286722,32.17081807,-8.10912053366,
58,Spannagel cave,732,SPA127_2023,431725,6026.07139706146,28.9617912899239,27.7458743517318,-8.63080446718775,-2.28392186979563
58,Spannagel cave,139,SPA70,300724,6026.221691,34.16061903,32.02996147,-8.12664373867,
58,Spannagel cave,141,SPA127,302956,6026.685798,28.74241902,29.19565915,-8.69125857572,
58,Spannagel cave,139,SPA70,300725,6028.192379,33.99554068,32.0667152,-8.09428365233,
58,Spannagel cave,140,SPA128,302295,6029.321643,68.78943112,66.62240202,-7.90940211489,
58,Spannagel cave,732,SPA127_2023,431726,6029.60426546633,29.0128107129749,27.6929883500698,-8.59429147372718,-2.75841128697167
58,Spannagel cave,141,SPA127,302957,6030.250454,28.72898172,29.21350673,-8.55743066545,
58,Spannagel cave,139,SPA70,300726,6030.29696,33.86622745,32.02752442,-8.10256629997,
58,Spannagel cave,139,SPA70,300727,6032.402597,33.61917959,31.79422526,-8.2644541558,
58,Spannagel cave,732,SPA127_2023,431727,6033.13179953435,29.0477706196452,27.6252499804859,-8.69125857571593,-2.99994953208611
58,Spannagel cave,141,SPA127,302958,6033.826984,28.69127156,29.23268726,-8.67809728287,
58,Spannagel cave,139,SPA70,300728,6034.506132,33.27556968,31.61060635,-8.20777244338,
58,Spannagel cave,140,SPA128,302296,6035.17408,70.87712439,69.01355586,-8.34363809087,
58,Spannagel cave,139,SPA70,300729,6036.525487,33.07361703,31.45326623,-8.23759397921,
58,Spannagel cave,732,SPA127_2023,431728,6036.79346472329,28.9333613022427,27.7324420166206,-8.55743066545022,-3.32094467542171
58,Spannagel cave,141,SPA127,302959,6037.392547,28.6756401,29.25171372,-8.51132216213,
58,Spannagel cave,139,SPA70,300730,6038.589572,32.93399313,31.26550957,-8.08830948275,
58,Spannagel cave,732,SPA127_2023,431729,6040.36292378661,28.8296985301467,27.7255617887795,-8.67809728286713,-3.92285761677083
58,Spannagel cave,139,SPA70,300731,6040.680797,32.69657993,31.06566286,-8.46417620687,
58,Spannagel cave,140,SPA128,302297,6040.687911,73.65801762,70.80926711,-8.51396697038,
58,Spannagel cave,141,SPA127,302960,6040.913265,28.69389305,29.19375208,-8.49228790654,
58,Spannagel cave,139,SPA70,300732,6042.656963,32.43743379,30.75075677,-8.47196867623,
58,Spannagel cave,732,SPA127_2023,431730,6043.84577908991,29.0043898050908,27.6456222092911,-8.51132216213417,-3.97230662293101
58,Spannagel cave,141,SPA127,302961,6044.475007,28.6791416,29.19511258,-8.5920476839,
58,Spannagel cave,139,SPA70,300733,6044.780469,32.47035802,30.71637505,-8.51531949939,
58,Spannagel cave,140,SPA128,302298,6046.530822,75.83536745,72.96692171,-8.60257469915,
58,Spannagel cave,139,SPA70,300734,6046.979707,32.07977979,30.67034667,-8.44475762169,
58,Spannagel cave,732,SPA127_2023,431731,6047.36863467991,29.0364824054441,27.601842960451,-8.49228790653984,-5.1783528506323
58,Spannagel cave,141,SPA127,302962,6047.983624,28.55712293,29.158844,-8.52073280752,
58,Spannagel cave,139,SPA70,300735,6048.944491,32.23889647,30.59454888,-8.39884396141,
58,Spannagel cave,732,SPA127_2023,431732,6050.85413394468,29.099283425573,27.4749798463754,-8.59204768389654,-5.92711983193872
58,Spannagel cave,139,SPA70,300736,6050.989408,31.95315109,30.50134871,-8.33648863818,
58,Spannagel cave,141,SPA127,302963,6051.485597,28.53020668,29.04635141,-8.55533533532,
58,Spannagel cave,140,SPA128,302299,6052.325841,77.89572553,75.50450214,-8.50682186387,
58,Spannagel cave,139,SPA70,300737,6053.046015,31.7454594,30.42184387,-8.32159750007,
58,Spannagel cave,732,SPA127_2023,431733,6054.41536897319,28.9637459584383,27.3912448312039,-8.52073280752101,-5.66818590774525
58,Spannagel cave,141,SPA127,302964,6054.924753,28.58462057,28.89009656,-8.83394034891,
58,Spannagel cave,139,SPA70,300738,6055.030049,31.70693893,30.24934272,-8.3479871,
58,Spannagel cave,139,SPA70,300739,6057.096923,31.73912212,30.03115846,-8.38618894623,
58,Spannagel cave,140,SPA128,302300,6057.907045,80.90195392,77.96035285,-8.30142983426,
58,Spannagel cave,732,SPA127_2023,431734,6057.92491017097,28.8157112146637,27.3203289791381,-8.55533533532379,-5.63626700990133
58,Spannagel cave,141,SPA127,302965,6058.412053,28.63223965,28.74363227,-8.73145676464,
58,Spannagel cave,139,SPA70,300740,6059.170173,31.53958562,29.95420316,-8.22359174787,
58,Spannagel cave,139,SPA70,300741,6061.179536,31.47221305,29.76097548,-8.30936276603,
58,Spannagel cave,732,SPA127_2023,431735,6061.38442841227,28.6977060602985,27.2445473826074,-8.83394034891272,-5.15644666874548
58,Spannagel cave,141,SPA127,302966,6061.974767,28.49712988,28.61622897,-8.78871452875,
58,Spannagel cave,139,SPA70,300742,6063.159228,31.4031015,29.4493027,-8.44704726616,
58,Spannagel cave,140,SPA128,302301,6063.688448,83.72052118,80.37478702,-8.27652577728,
58,Spannagel cave,732,SPA127_2023,431736,6064.86829957014,28.66766554284,27.1514794797677,-8.73145676463985,-4.76950230046554
58,Spannagel cave,139,SPA70,300743,6065.142532,31.3803278,29.30987526,-8.47890353246,
58,Spannagel cave,141,SPA127,302967,6065.510071,28.38966535,28.46141628,-8.84735337363,
58,Spannagel cave,139,SPA70,300744,6067.200268,31.29992299,29.12653572,-8.54422896006,
58,Spannagel cave,732,SPA127_2023,431737,6068.38167588748,28.6288858567286,27.0389254110823,-8.78871452874793,-5.27484396881241
58,Spannagel cave,141,SPA127,302968,6069.101015,28.39294517,28.42061408,-8.55579040995,
58,Spannagel cave,139,SPA70,300745,6069.327097,31.17400756,29.0604324,-8.57498407613,
58,Spannagel cave,140,SPA128,302302,6069.438666,86.371866,82.11925588,-8.13619950542,
58,Spannagel cave,139,SPA70,300746,6071.366579,31.11888234,29.19226143,-8.46584879515,
58,Spannagel cave,732,SPA127_2023,431738,6071.99637343879,28.5549880831077,26.9970182878178,-8.84735337363059,-5.36208151816637
58,Spannagel cave,141,SPA127,302969,6072.6166,28.51812526,28.28220311,-8.78011233666,
58,Spannagel cave,139,SPA70,300747,6073.376581,31.2198691,29.22219803,-8.24943813081,
58,Spannagel cave,140,SPA128,302303,6075.152718,88.88595282,84.10908727,-8.23769064837,
58,Spannagel cave,139,SPA70,300748,6075.356845,31.2146734,29.07307133,-8.45007043651,
58,Spannagel cave,732,SPA127_2023,431739,6075.61882414104,28.4666085420786,26.9526061720653,-8.55579040995205,-5.5074921262221
58,Spannagel cave,141,SPA127,302970,6076.168179,28.60405633,28.12463851,-8.70255912209,
58,Spannagel cave,139,SPA70,300749,6077.368318,31.25983955,28.97824405,-8.32922918447,
58,Spannagel cave,732,SPA127_2023,431740,6079.16144959977,28.5181697825547,26.8587737452735,-8.78011233666025,-6.51864030422235
58,Spannagel cave,139,SPA70,300750,6079.30804,31.39699317,28.78033808,-8.45280556542,
58,Spannagel cave,141,SPA127,302971,6079.714785,28.48639486,28.07122544,-8.84016377912,
58,Spannagel cave,140,SPA128,302304,6080.704761,91.28873907,86.24595209,-8.08465193065,
58,Spannagel cave,139,SPA70,300751,6081.298626,31.43987179,28.65744757,-8.43254249749,
58,Spannagel cave,732,SPA127_2023,431741,6082.80157658768,28.433629819976,26.8952418940125,-8.70255912209436,-6.72124072746503
58,Spannagel cave,139,SPA70,300752,6083.249144,31.47666803,28.52002974,-8.60782733228,
58,Spannagel cave,141,SPA127,302972,6083.273763,28.47304988,28.14720519,-8.83928457345,
58,Spannagel cave,139,SPA70,300753,6085.243285,31.41373247,28.6388207,-8.44837444339,
58,Spannagel cave,732,SPA127_2023,431742,6086.38481919136,28.365717195953,26.891633016332,-8.84016377912269,-6.80462038761763
58,Spannagel cave,140,SPA128,302305,6086.602002,93.64212257,88.94319696,-8.18837810049,
58,Spannagel cave,141,SPA127,302973,6086.834463,28.52827065,28.22807511,-8.72445928484,
58,Spannagel cave,139,SPA70,300754,6087.370144,31.1954786,28.83516774,-8.56176213827,
58,Spannagel cave,139,SPA70,300755,6089.550857,30.8460295,28.84585005,-8.50546297112,
58,Spannagel cave,732,SPA127_2023,431743,6089.99775589836,28.2363450994062,26.9177182419753,-8.83928457345028,-6.02482536565198
58,Spannagel cave,141,SPA127,302974,6090.438588,28.42000051,28.45215652,-8.54143289513,
58,Spannagel cave,139,SPA70,300756,6091.553475,30.72735143,28.96719246,-8.49956572732,
58,Spannagel cave,140,SPA128,302306,6092.595056,95.659631,91.64237341,-8.19858395317,
58,Spannagel cave,139,SPA70,300757,6093.456929,30.74197635,28.73968087,-8.35820456492,
58,Spannagel cave,732,SPA127_2023,431744,6093.61575890043,28.2533682694111,26.9272772612449,-8.72445928484379,-4.8099929749764
58,Spannagel cave,141,SPA127,302975,6093.964321,28.31974073,28.33984509,-8.26424523441,
58,Spannagel cave,139,SPA70,300758,6095.52275,30.56816096,28.64202246,-8.34628050918,
58,Spannagel cave,732,SPA127_2023,431745,6097.13212309251,28.5332262452393,26.7862949654327,-8.54143289512906,-3.71150215341197
58,Spannagel cave,141,SPA127,302976,6097.51442,28.1718124,28.17710951,-8.32707836963,
58,Spannagel cave,139,SPA70,300759,6097.568217,30.56318072,28.78934803,-8.38051705517,
58,Spannagel cave,139,SPA70,300760,6099.547512,30.56094963,28.76305137,-8.43096849541,
58,Spannagel cave,732,SPA127_2023,431746,6100.6415915156,28.4734241285241,26.6377893401741,-8.26424523440924,-2.5530361611529
58,Spannagel cave,141,SPA127,302977,6101.067255,28.18038558,28.26519204,-8.41443978308,
58,Spannagel cave,139,SPA70,300761,6101.480145,30.49773732,28.68676943,-8.52192609173,
58,Spannagel cave,139,SPA70,300762,6103.5536,30.4973522,28.67287045,-8.71180584435,
58,Spannagel cave,732,SPA127_2023,431747,6104.23237538549,28.5157712917235,26.7319050522228,-8.32707836962749,-2.10262094717987
58,Spannagel cave,141,SPA127,302978,6104.650573,28.06741953,28.25052273,-8.38272796723,
58,Spannagel cave,139,SPA70,300763,6105.653241,30.26618675,28.61263435,-8.46956598593,
58,Spannagel cave,139,SPA70,300764,6107.711174,30.1364235,28.80267704,-8.44715711988,
58,Spannagel cave,732,SPA127_2023,431748,6107.75911510011,28.8089054587654,26.7734488580627,-8.41443978308072,-1.76137363751658
58,Spannagel cave,141,SPA127,302979,6108.222409,28.11217825,28.19826868,-8.4347435624,
58,Spannagel cave,139,SPA70,300765,6109.861501,30.00085929,29.17179872,-8.63214690659,
58,Spannagel cave,732,SPA127_2023,431749,6111.34855832882,28.7688564525815,26.832383023383,-8.38272796723052,-2.25679995265039
58,Spannagel cave,141,SPA127,302980,6111.760943,28.11642794,28.21836454,-8.23702476006,
58,Spannagel cave,139,SPA70,300766,6111.84181,30.08704462,28.88060998,-8.74422733065,
58,Spannagel cave,139,SPA70,300767,6113.931849,29.95349002,28.84633823,-8.68367104063,
58,Spannagel cave,732,SPA127_2023,431750,6114.85675157713,28.6524964957789,26.7695519986673,-8.43474356240424,-2.45132412071066
58,Spannagel cave,141,SPA127,302981,6115.364488,28.04867474,28.36504672,-8.42584371514,
58,Spannagel cave,139,SPA70,300768,6115.809287,30.09315452,28.65926446,-8.65963857047,
58,Spannagel cave,139,SPA70,300769,6117.877101,30.046221,28.63406655,-8.64579487169,
58,Spannagel cave,732,SPA127_2023,431751,6118.41148320617,28.5244397613897,26.7898538365253,-8.23702476005707,-2.39728866150712
58,Spannagel cave,141,SPA127,302982,6118.893859,28.061074,28.41426656,-8.57020274669,
58,Spannagel cave,139,SPA70,300770,6119.968338,29.98026894,28.79737177,-8.56052875204,
58,Spannagel cave,732,SPA127_2023,431752,6121.93554660406,28.5717783331802,26.7415503975926,-8.42584371513837,-2.40399926683781
58,Spannagel cave,139,SPA70,300771,6122.019384,29.95858286,28.87722871,-8.6897277392,
58,Spannagel cave,141,SPA127,302983,6122.453084,28.0187665,28.39474007,-8.38435655262,
58,Spannagel cave,139,SPA70,300772,6124.05749,30.1183585,28.79425943,-8.80636958102,
58,Spannagel cave,732,SPA127_2023,431753,6125.39028557086,28.7668242305645,26.6759730085432,-8.57020274669171,-2.17720049020771
58,Spannagel cave,141,SPA127,302984,6125.976616,28.03433031,28.32354922,-8.46294315911,
58,Spannagel cave,139,SPA70,300773,6126.07039,30.19268334,28.91918606,-8.76595880911,
58,Spannagel cave,139,SPA70,300774,6128.175765,30.1716716,29.15266216,-8.59133373119,
58,Spannagel cave,732,SPA127_2023,431754,6128.92281249649,28.8214601785467,26.7193185114875,-8.38435655262289,-1.92484276240352
58,Spannagel cave,141,SPA127,302985,6129.517317,28.01085704,28.22989166,-8.27454182605,
58,Spannagel cave,139,SPA70,300775,6130.250609,30.34620331,29.36576352,-8.52698642149,
58,Spannagel cave,139,SPA70,300776,6132.370582,30.29448866,29.53347668,-8.47976688481,
58,Spannagel cave,732,SPA127_2023,431755,6132.48589661126,28.6664784517288,26.7593194645624,-8.46294315910608,-2.06486245323549
58,Spannagel cave,141,SPA127,302986,6133.019341,28.03126293,28.20477185,-8.24026343168,
58,Spannagel cave,139,SPA70,300777,6134.567,30.22329462,29.88825543,-8.23332619403,
58,Spannagel cave,732,SPA127_2023,431756,6136.0320641684,28.6983913721051,26.8123285955098,-8.27454182605042,-2.17920477230925
58,Spannagel cave,139,SPA70,300778,6136.555327,30.41707895,29.993818,-8.38809846756,
58,Spannagel cave,141,SPA127,302987,6136.560194,28.0536812,28.23931943,-8.19089338475,
58,Spannagel cave,139,SPA70,300779,6138.664716,30.33062932,30.14071249,-8.42647377624,
58,Spannagel cave,732,SPA127_2023,431757,6139.56328778141,28.7895173697671,26.8262731837422,-8.24026343167514,-2.34968020912721
58,Spannagel cave,141,SPA127,302988,6140.097561,27.97455882,28.11457834,-8.2907006165,
58,Spannagel cave,139,SPA70,300780,6140.635261,30.58643466,30.02926075,-8.5547235185,
58,Spannagel cave,139,SPA70,300781,6142.790043,30.49875759,30.55409907,-8.51509819281,
58,Spannagel cave,732,SPA127_2023,431758,6143.19809133337,28.8064295615422,26.911013207281,-8.19089338474805,-2.41657558111895
58,Spannagel cave,141,SPA127,302989,6143.698403,27.89853237,28.01666291,-8.30534146716,
58,Spannagel cave,139,SPA70,300782,6144.839086,30.70265975,30.81690945,-8.56912458606,
58,Spannagel cave,732,SPA127_2023,431759,6146.78260575534,28.9442991481274,26.9137129302053,-8.2907006164998,-2.6998887015081
58,Spannagel cave,139,SPA70,300783,6146.899743,30.72951545,31.08816828,-8.4664484627,
58,Spannagel cave,141,SPA127,302990,6147.261754,27.92242083,28.14469684,-8.47970067082,
58,Spannagel cave,139,SPA70,300784,6148.993165,30.86131877,31.27547891,-8.44121076766,
58,Spannagel cave,732,SPA127_2023,431760,6150.32591794517,29.1168294666768,27.0694486004995,-8.30534146715501,-2.76699919510188
58,Spannagel cave,141,SPA127,302991,6150.756593,28.01221711,28.07417484,-8.53963819305,
58,Spannagel cave,139,SPA70,300785,6151.027588,31.02556882,31.53228797,-8.41286911278,
58,Spannagel cave,139,SPA70,300786,6153.109006,31.23410635,31.54685815,-8.39068630897,
58,Spannagel cave,732,SPA127_2023,431761,6153.94354487749,29.1850416306215,27.2238533022373,-8.4797006708244,-2.77550288307191
58,Spannagel cave,141,SPA127,302992,6154.399184,27.95883163,28.13721817,-8.36672090933,
58,Spannagel cave,139,SPA70,300787,6155.101386,31.37694065,31.65586744,-8.52755446515,
58,Spannagel cave,139,SPA70,300788,6157.135129,31.73512885,31.85604817,-8.45053005401,
58,Spannagel cave,732,SPA127_2023,431762,6157.51667297435,29.1703176317387,27.2480902167599,-8.53963819305316,-2.63314105805913
58,Spannagel cave,141,SPA127,302993,6157.962249,27.9690035,28.17548237,-8.4161200211,
58,Spannagel cave,139,SPA70,300789,6159.244354,31.70127939,32.07518166,-8.36002791211,
58,Spannagel cave,732,SPA127_2023,431763,6161.03077549234,29.2148825357635,27.246616547859,-8.36672090933288,-2.43654075396157
58,Spannagel cave,139,SPA70,300790,6161.33891,31.66284145,32.54282287,-8.33505199862,
58,Spannagel cave,141,SPA127,302994,6161.426326,28.10676101,28.23026185,-8.24564665347,
58,Spannagel cave,139,SPA70,300791,6163.384664,31.86172611,32.7536319,-8.37900853725,
58,Spannagel cave,732,SPA127_2023,431764,6164.57673524595,29.2217436498449,27.2880460252863,-8.41612002109609,-2.58112943283187
58,Spannagel cave,141,SPA127,302995,6164.91141,28.21116076,28.32232224,-8.4286544745,
58,Spannagel cave,139,SPA70,300792,6165.441212,31.94234577,32.86741091,-8.48797764408,
58,Spannagel cave,139,SPA70,300793,6167.530193,31.95805901,33.03486379,-8.70376456662,
58,Spannagel cave,732,SPA127_2023,431765,6168.16344392018,29.1616662099441,27.366863614996,-8.24564665346819,-2.2355335519397
58,Spannagel cave,141,SPA127,302996,6168.522145,28.0879364,28.35850277,-8.45142036723,
58,Spannagel cave,139,SPA70,300794,6169.54993,32.05823127,33.10931247,-8.59803129704,
58,Spannagel cave,139,SPA70,300795,6171.53114,32.39935744,33.26256406,-8.74282017437,
58,Spannagel cave,732,SPA127_2023,431766,6171.72305484091,29.2405543345876,27.4185834512082,-8.42865447450218,-1.94318483945244
58,Spannagel cave,141,SPA127,302997,6171.928506,28.14547802,28.29249208,-8.21604241059,
58,Spannagel cave,139,SPA70,300796,6173.699732,32.36772907,33.43804927,-8.45294252786,
58,Spannagel cave,732,SPA127_2023,431767,6175.28789373756,29.2243579023088,27.4792534494745,-8.45142036722929,-1.40471014459657
58,Spannagel cave,141,SPA127,302998,6175.471036,28.10766007,28.45001345,-8.35220420926,
58,Spannagel cave,139,SPA70,300797,6175.737643,32.68039195,33.5942202,-8.3953452551,
58,Spannagel cave,139,SPA70,300798,6177.707297,33.01806155,33.66808315,-8.45983027666,
58,Spannagel cave,732,SPA127_2023,431768,6178.77734937413,29.4415982809696,27.4524066219128,-8.21604241059137,-0.915850923984819
58,Spannagel cave,141,SPA127,302999,6179.068439,28.14628768,28.56280996,-8.16336939246,
58,Spannagel cave,139,SPA70,300799,6179.777511,33.1249746,33.74826695,-8.64977642982,
58,Spannagel cave,139,SPA70,300800,6181.699154,33.33513879,33.60126374,-8.41438889097,
58,Spannagel cave,732,SPA127_2023,431769,6182.37812778148,29.3487585121056,27.4937504145219,-8.35220420925594,-1.03348595521488
58,Spannagel cave,141,SPA127,303000,6182.642592,28.22777087,28.53653998,-8.45359748828,
58,Spannagel cave,139,SPA70,300801,6183.771694,33.63268528,33.69858323,-8.33921505543,
58,Spannagel cave,139,SPA70,300802,6185.774481,34.01620362,33.77704989,-8.33603169984,
58,Spannagel cave,732,SPA127_2023,431770,6185.99228148548,29.340367955042,27.6544924919299,-8.16336939246315,-0.888576039314545
58,Spannagel cave,141,SPA127,303001,6186.146553,28.37130977,28.42190974,-8.49469694106,
58,Spannagel cave,139,SPA70,300803,6187.836421,34.34056926,33.88765151,-8.23471622647,
58,Spannagel cave,732,SPA127_2023,431771,6189.51580543832,29.4977767821292,27.7039588321031,-8.45359748828142,-0.740232397069578
58,Spannagel cave,141,SPA127,303002,6189.716842,28.44851969,28.60468298,-8.5238128117,
58,Spannagel cave,139,SPA70,300804,6189.90974,34.63377548,33.92616672,-8.2977779366,
58,Spannagel cave,139,SPA70,300805,6191.969232,34.93813637,34.08732815,-8.44359814985,
58,Spannagel cave,732,SPA127_2023,431772,6193.03905754489,29.5267898855755,27.5719330101028,-8.49469694106156,-0.562977930467858
58,Spannagel cave,141,SPA127,303003,6193.306432,28.43339457,28.53746466,-8.51227417924,
58,Spannagel cave,139,SPA70,300806,6194.017036,35.28070591,34.24333673,-8.3933478208,
58,Spannagel cave,139,SPA70,300807,6196.121864,35.539943,34.54476077,-8.43952867766,
58,Spannagel cave,732,SPA127_2023,431773,6196.60950199422,29.5123785495443,27.7258056454384,-8.5238128116951,-0.602575870264626
58,Spannagel cave,141,SPA127,303004,6196.91086,28.36008574,28.5418122,-8.17691200136,
58,Spannagel cave,139,SPA70,300808,6198.238255,35.80161958,35.03737892,-8.4589912046,
58,Spannagel cave,732,SPA127_2023,431774,6200.18051586392,29.4244031343915,27.8129157980893,-8.51227417923851,-0.829060662955776
58,Spannagel cave,139,SPA70,300809,6200.364255,35.99384121,35.39972598,-8.4951411488,
58,Spannagel cave,141,SPA127,303005,6200.46579,28.43011515,28.55878767,-8.09948587078,
58,Spannagel cave,732,SPA127_2023,431775,6203.69369824076,29.4562371113734,27.8182070904104,-8.17691200135748,-1.1393447818339
58,Spannagel cave,141,SPA127,303006,6204.040455,28.42751592,28.71885259,-8.22838111046,
58,Spannagel cave,732,SPA127_2023,431776,6207.31125683055,29.4485827827593,27.9779095183867,-8.09948587077639,-1.39602520239103
58,Spannagel cave,139,SPA70,300810,6207.322091,35.68102007,34.92199953,-8.43321096773,
58,Spannagel cave,141,SPA127,303007,6207.588907,28.55583311,28.8465266,-8.28502506729,
58,Spannagel cave,732,SPA127_2023,431777,6210.82307397966,29.6172742944636,28.1625992069794,-8.22838111046446,-1.95808005704214
58,Spannagel cave,141,SPA127,303008,6211.109492,28.64441851,28.94285972,-8.44875838526,
58,Spannagel cave,139,SPA70,300811,6214.169765,35.47106758,34.41471971,-8.35931919891,
58,Spannagel cave,732,SPA127_2023,431778,6214.26922315116,29.9927654189059,27.993600579357,-8.28502506728607,-2.66032654088206
58,Spannagel cave,141,SPA127,303009,6214.719888,28.6038058,28.96364441,-8.47330018432,
58,Spannagel cave,732,SPA127_2023,431779,6217.8651878635,30.0272718138749,28.2242753922847,-8.44875838525783,-3.57032303715169
58,Spannagel cave,141,SPA127,303010,6218.237929,28.59488622,29.14165356,-8.26248781139,
58,Spannagel cave,139,SPA70,300812,6221.168347,35.12011118,34.1477176,-8.52367133221,
58,Spannagel cave,732,SPA127_2023,431780,6221.54163451306,29.9621230072589,28.5068183708891,-8.47330018432165,-4.07206588770856
58,Spannagel cave,141,SPA127,303011,6221.77136,28.5852227,29.32387838,-8.76750097714,
58,Spannagel cave,732,SPA127_2023,431781,6225.16842094072,29.9984750792282,28.7164052746357,-8.26248781139041,-2.55177870771861
58,Spannagel cave,141,SPA127,303012,6225.290984,28.60554386,29.29045745,-8.58072590444,
58,Spannagel cave,139,SPA70,300813,6228.138464,34.79761993,33.73024875,-8.54386927768,
58,Spannagel cave,732,SPA127_2023,431782,6228.73170371711,29.9892230153164,28.6848705550528,-8.76750097713676,-3.89904451494959
58,Spannagel cave,141,SPA127,303013,6228.911387,28.59527813,29.3195489,-8.83001362566,
58,Spannagel cave,732,SPA127_2023,431783,6232.34636113478,29.9910707459367,28.7134386019479,-8.5807259044396,-4.65790612306216
58,Spannagel cave,141,SPA127,303014,6232.39861,28.72522391,29.18266225,-8.60216344628,
58,Spannagel cave,139,SPA70,300814,6235.09055,34.58657482,33.50153827,-8.47848878833,
58,Spannagel cave,732,SPA127_2023,431784,6235.86950318508,30.0722146607732,28.6551148903382,-8.83001362566457,-5.622304758661
58,Spannagel cave,141,SPA127,303015,6235.946677,28.8594089,29.10662011,-8.3527192896,
58,Spannagel cave,732,SPA127_2023,431785,6239.39693749518,30.2055116564306,28.6146251987593,-8.60216344627761,-6.18986511334898
58,Spannagel cave,141,SPA127,303016,6239.439097,29.16666289,29.04783149,-8.05846626159,
58,Spannagel cave,139,SPA70,300815,6242.126794,34.10454154,33.43010131,-8.57343100488,
58,Spannagel cave,141,SPA127,303017,6243.038434,29.15079405,29.12993366,-8.25633270258,
58,Spannagel cave,732,SPA127_2023,431786,6243.04274389491,30.1742182958924,28.7388296382696,-8.35271928960391,-6.692020416056
58,Spannagel cave,141,SPA127,303018,6246.568587,29.25023095,29.23750563,-8.55868465243,
58,Spannagel cave,732,SPA127_2023,431787,6246.57225730745,30.2499340728518,28.8149022058615,-8.05846626158658,-6.39778996125403
58,Spannagel cave,139,SPA70,300816,6249.137743,33.74121753,33.05032455,-8.5,
58,Spannagel cave,732,SPA127_2023,431788,6250.07589497693,30.3516171117481,28.8083681683202,-8.25633270258231,-6.54738743038775
58,Spannagel cave,141,SPA127,303019,6250.1864,29.23418047,29.3184716,-8.67334582238,
58,Spannagel cave,141,SPA127,303020,6253.652766,29.34833065,29.22308616,-8.8143443779,
58,Spannagel cave,732,SPA127_2023,431789,6253.67489815678,30.473011449707,28.9545791744868,-8.55868465242898,-6.83667732231651
58,Spannagel cave,139,SPA70,300817,6256.079231,33.44735506,32.74215219,-8.52715023986,
58,Spannagel cave,732,SPA127_2023,431790,6257.17384804693,30.5568351414931,28.9615887157925,-8.6733458223772,-6.51453573048149
58,Spannagel cave,141,SPA127,303021,6257.262082,29.34878936,29.37186947,-9.11644657542,
58,Spannagel cave,732,SPA127_2023,431791,6260.75035162958,30.5487388115462,28.9876943056579,-8.81434437789978,-6.1407988877092
58,Spannagel cave,141,SPA127,303022,6260.827438,29.47589419,29.34061786,-9.19573020895,
58,Spannagel cave,139,SPA70,300818,6263.089524,33.15295144,32.42745969,-8.60475234723,
58,Spannagel cave,732,SPA127_2023,431792,6264.23165132135,30.5669938228275,28.9939014970141,-9.11644657542487,-7.25145895242934
58,Spannagel cave,141,SPA127,303023,6264.369228,29.63672113,29.44186757,-8.98143848432,
58,Spannagel cave,732,SPA127_2023,431793,6267.80518841084,30.669632972932,29.1489755631574,-9.19573020895351,-7.57578323593485
58,Spannagel cave,141,SPA127,303024,6267.948136,29.73328894,29.43102657,-9.11378575861,
58,Spannagel cave,139,SPA70,300819,6270.081134,33.0031963,32.25193033,-8.51814720005,
58,Spannagel cave,732,SPA127_2023,431794,6271.41522403457,30.6947602578985,29.2454411403241,-8.9814384843236,-7.84589614728818
58,Spannagel cave,141,SPA127,303025,6271.487548,29.83598277,29.51202059,-8.99634346615,
58,Spannagel cave,732,SPA127_2023,431795,6275.04306406768,30.6764877547821,29.4164032975505,-9.11378575861182,-7.3999410073384
58,Spannagel cave,141,SPA127,303026,6275.089217,29.91486767,29.76672269,-8.67893978555,
58,Spannagel cave,139,SPA70,300820,6277.037099,32.67950522,31.99272763,-8.3851363917,
58,Spannagel cave,732,SPA127_2023,431796,6278.55665888738,30.7983760598181,29.4056945523334,-8.99634346614925,-6.95583512177684
58,Spannagel cave,141,SPA127,303027,6278.675202,30.01513393,30.01221482,-8.58764146072,
58,Spannagel cave,732,SPA127_2023,431797,6282.06408810313,30.9681260208781,29.4307835807567,-8.67893978554594,-5.79352153187595
58,Spannagel cave,141,SPA127,303028,6282.248239,30.15849527,30.05931883,-8.58715632436,
58,Spannagel cave,139,SPA70,300821,6284.048236,32.17224502,31.81344258,-8.51657394616,
58,Spannagel cave,732,SPA127_2023,431798,6285.67222707465,30.9598358738904,29.5240954344945,-8.58764146072447,-4.13690776971914
58,Spannagel cave,141,SPA127,303029,6285.79509,30.32263105,30.09820996,-8.61939963844,
58,Spannagel cave,732,SPA127_2023,431799,6289.26411027506,31.0078814502604,29.5792371319258,-8.58715632436433,-3.23660438452649
58,Spannagel cave,141,SPA127,303030,6289.429279,30.38947459,30.26506079,-8.61839237795,
58,Spannagel cave,139,SPA70,300822,6291.084152,31.96217959,31.63904292,-8.62848428717,
58,Spannagel cave,732,SPA127_2023,431800,6292.77607280302,31.2684367014945,29.7188196741527,-8.61939963843856,-2.38637842920201
58,Spannagel cave,141,SPA127,303031,6292.892167,30.7181779,30.32723929,-8.43029598758,
58,Spannagel cave,732,SPA127_2023,431801,6296.22976111958,31.4885768328768,29.7369323080147,-8.61839237795081,-2.02770212655325
58,Spannagel cave,141,SPA127,303032,6296.385233,30.9473805,30.32976973,-8.57835331058,
58,Spannagel cave,139,SPA70,300823,6298.043783,31.82840001,31.25846092,-8.63421106767,
58,Spannagel cave,732,SPA127_2023,431802,6299.83765349726,31.4099335528317,29.8190974795561,-8.43029598757833,-1.81142587862883
58,Spannagel cave,141,SPA127,303033,6299.957015,31.00136837,30.46280025,-8.37927737756,
58,Spannagel cave,732,SPA127_2023,431803,6303.37234377967,31.473647210948,29.829536628562,-8.57835331057822,-2.12280492062202
58,Spannagel cave,141,SPA127,303034,6303.475671,31.06250273,30.51839264,-8.26215270133,
58,Spannagel cave,139,SPA70,300824,6305.015785,31.67255014,30.92287421,-8.54879998109,
58,Spannagel cave,732,SPA127_2023,431804,6306.92662219168,31.5275422917257,29.9631461253302,-8.37927737755965,-1.91883204002618
58,Spannagel cave,141,SPA127,303035,6306.999688,31.18072731,30.57763307,-8.42275085059,
58,Spannagel cave,732,SPA127_2023,431805,6310.45615204504,31.6567661565405,30.0343830695692,-8.26215270133145,-2.30765910372582
58,Spannagel cave,141,SPA127,303036,6310.648409,31.21517486,30.79214594,-8.34671486147,
58,Spannagel cave,139,SPA70,300825,6312.064179,31.24650136,30.65669862,-8.6876178676,
58,Spannagel cave,732,SPA127_2023,431806,6314.02691911328,31.744752806484,30.0950668154746,-8.42275085058967,-3.47264914231407
58,Spannagel cave,141,SPA127,303037,6314.151964,31.40395676,30.87385677,-8.41575422897,
58,Spannagel cave,732,SPA127_2023,431807,6317.56357178624,32.0107630221664,30.1817844060297,-8.34671486146865,-3.82849036015319
58,Spannagel cave,141,SPA127,303038,6317.7503,31.49165371,31.07642782,-8.57177867816,
58,Spannagel cave,139,SPA70,300826,6319.138511,30.93403721,30.73559148,-8.66432834324,
58,Spannagel cave,732,SPA127_2023,431808,6321.04587220435,32.2877616901706,30.3886670404972,-8.41575422896884,-4.39727632303645
58,Spannagel cave,141,SPA127,303039,6321.254489,31.67349673,31.07807979,-8.56423167946,
58,Spannagel cave,732,SPA127_2023,431809,6324.52272844866,32.3412141408162,30.4891185852985,-8.5717786781644,-4.65625601785946
58,Spannagel cave,141,SPA127,303040,6324.78426,31.78512915,31.26042214,-8.62217558636,
58,Spannagel cave,139,SPA70,300827,6326.147907,30.69614,30.48804587,-8.55108662566,
58,Spannagel cave,732,SPA127_2023,431810,6327.93937225666,32.6654762182798,30.570101043244,-8.56423167946329,-5.09610995527614
58,Spannagel cave,141,SPA127,303041,6328.271239,31.98275217,31.29637024,-8.72544889995,
58,Spannagel cave,732,SPA127_2023,431811,6331.42086427442,32.9248900859957,30.6660747566912,-8.62217558636198,-5.77571739076756
58,Spannagel cave,141,SPA127,303042,6331.835097,32.05764722,31.46276997,-8.62930966001,
58,Spannagel cave,139,SPA70,300828,6333.139951,30.51246838,30.28508129,-8.49661254389,
58,Spannagel cave,732,SPA127_2023,431812,6335.01456223789,33.0720980079905,30.9051190600094,-8.72544889995186,-4.26038376298906
58,Spannagel cave,141,SPA127,303043,6335.4052,32.22777693,31.5508105,-8.516742642,
58,Spannagel cave,732,SPA127_2023,431813,6338.50600031118,33.3092428059244,31.0160857542014,-8.62930966001091,-2.73491680036527
58,Spannagel cave,141,SPA127,303044,6338.927337,32.42189456,31.68355732,-8.38136225249,
58,Spannagel cave,139,SPA70,300829,6340.174938,30.31455285,30.18758992,-8.49836576964,
58,Spannagel cave,732,SPA127_2023,431814,6342.08267640031,33.4327789649005,31.2940935824345,-8.51674264199653,-2.68768691961958
58,Spannagel cave,141,SPA127,303045,6342.482401,32.54908182,31.80656652,-8.41102949691,
58,Spannagel cave,732,SPA127_2023,431815,6345.6783958211,33.5122983840547,31.4995671397683,-8.38136225248868,-2.77665647206183
58,Spannagel cave,141,SPA127,303046,6346.01719,32.66400016,31.89918887,-8.28624579859,
58,Spannagel cave,139,SPA70,300830,6347.170645,30.08898442,30.04928535,-8.51376685709,
58,Spannagel cave,732,SPA127_2023,431816,6349.18831987099,33.6478321223931,31.5998799772378,-8.41102949690959,-3.53508383389156
58,Spannagel cave,141,SPA127,303047,6349.512004,32.74088083,31.91464927,-8.32096760212,
58,Spannagel cave,732,SPA127_2023,431817,6352.75575220569,33.6343356819934,31.7709329486861,-8.28624579858847,-3.4554326633732
58,Spannagel cave,141,SPA127,303048,6353.055493,32.74715947,31.92516874,-8.40138729979,
58,Spannagel cave,139,SPA70,300831,6354.152755,29.89580195,29.77397346,-8.28566464738,
58,Spannagel cave,732,SPA127_2023,431818,6356.36533539115,33.5103941086372,31.9841367708859,-8.32096760212254,-2.84230731983095
58,Spannagel cave,141,SPA127,303049,6356.636489,32.97151742,32.15515953,-8.4298338953,
58,Spannagel cave,732,SPA127_2023,431819,6359.90804175773,33.5393462699794,32.244390333698,-8.40138729979457,-2.31413478888668
58,Spannagel cave,141,SPA127,303050,6360.177878,33.26040775,32.19891141,-8.69653887521,
58,Spannagel cave,139,SPA70,300832,6361.130953,29.71492759,29.57320346,-8.54956543083,
58,Spannagel cave,732,SPA127_2023,431820,6363.4968412507,33.736676193229,32.5588831235555,-8.42983389529977,-1.94259016068813
58,Spannagel cave,141,SPA127,303051,6363.696488,33.45594322,32.07958064,-8.64389427515,
58,Spannagel cave,732,SPA127_2023,431821,6367.06363672223,33.6836517137626,32.7843726451501,-8.6965388752132,-1.090197107458
58,Spannagel cave,141,SPA127,303052,6367.24629,33.66606797,32.29803584,-8.54519256259,
58,Spannagel cave,139,SPA70,300833,6367.978894,29.66252376,29.24990138,-8.69589503918,
58,Spannagel cave,732,SPA127_2023,431822,6370.70866706817,33.7202775320193,32.8568049086025,-8.64389427515016,-0.822567319636399
58,Spannagel cave,141,SPA127,303053,6370.791309,33.84612598,32.52800024,-8.55022111434,
58,Spannagel cave,732,SPA127_2023,431823,6374.30628555976,33.7593795613202,33.0978441416692,-8.54519256259271,-1.23356665638961
58,Spannagel cave,141,SPA127,303054,6374.315185,34.08476202,32.57901134,-8.64001015013,
58,Spannagel cave,139,SPA70,300834,6374.928863,29.44013186,28.90363831,-8.67653312494,
58,Spannagel cave,732,SPA127_2023,431824,6377.82031043394,33.8090645905913,33.2148631048112,-8.55022111434288,-2.46701142448078
58,Spannagel cave,141,SPA127,303055,6377.87533,34.33352067,32.61708503,-8.54532032871,
58,Spannagel cave,732,SPA127_2023,431825,6381.28001204259,34.0827131535716,33.2178400482844,-8.6400101501348,-2.26006770202113
58,Spannagel cave,141,SPA127,303056,6381.411823,34.59411891,32.65814728,-8.6566948042,
58,Spannagel cave,139,SPA70,300835,6381.88293,29.35336088,28.63611633,-8.73525831142,
58,Spannagel cave,732,SPA127_2023,431826,6384.81411903814,34.3478884834249,33.358199220329,-8.54532032871119,-3.08947008803691
58,Spannagel cave,141,SPA127,303057,6384.964507,34.83360468,32.68502887,-8.37989761261,
58,Spannagel cave,732,SPA127_2023,431827,6388.31616466117,34.5038664506328,33.5444923212672,-8.65669480420306,-3.60349805246821
58,Spannagel cave,141,SPA127,303058,6388.528265,34.8683104,32.82287172,-8.49018668905,
58,Spannagel cave,139,SPA70,300836,6388.81722,29.33788997,28.44045689,-8.77140060248,
58,Spannagel cave,732,SPA127_2023,431828,6391.88840642142,34.5466645170509,33.7180508639158,-8.37989761260605,-2.93636250709771
58,Spannagel cave,141,SPA127,303059,6392.069186,34.96981646,33.02166525,-8.54993396148,
58,Spannagel cave,732,SPA127_2023,431829,6395.38034465164,34.7006594409249,33.7440088563308,-8.49018668905096,-3.42845869787554
58,Spannagel cave,141,SPA127,303060,6395.71901,35.022846,33.31412405,-8.53482249616,
58,Spannagel cave,139,SPA70,300837,6395.732806,29.39495423,28.34757639,-8.66564981502,
58,Spannagel cave,732,SPA127_2023,431830,6398.87954136631,34.8630216362299,33.7670544718048,-8.54993396148135,-3.50552273295378
58,Spannagel cave,141,SPA127,303061,6399.352547,34.96658937,33.42507359,-8.40279870821,
58,Spannagel cave,732,SPA127_2023,431831,6402.43938304604,34.9611353651107,33.8845646158434,-8.534822496162,-4.10315509838103
58,Spannagel cave,139,SPA70,300838,6402.684206,29.3603083,28.14059238,-8.46514345826,
58,Spannagel cave,141,SPA127,303062,6402.861224,35.02734666,33.53596915,-8.42316501542,
58,Spannagel cave,732,SPA127_2023,431832,6406.05385078014,35.014474322039,34.0648401819381,-8.40279870820957,-4.85634513184743
58,Spannagel cave,141,SPA127,303063,6406.42012,35.13961436,33.60621873,-8.38166677085,
58,Spannagel cave,732,SPA127_2023,431833,6409.56128037826,35.2411699645972,34.2125521150983,-8.4231650154203,-5.43570098745095
58,Spannagel cave,139,SPA70,300839,6409.738684,29.01731785,28.18646327,-8.46127166252,
58,Spannagel cave,141,SPA127,303064,6410.043829,35.28585338,33.78065554,-8.4260066162,
58,Spannagel cave,732,SPA127_2023,431834,6413.11421796499,35.4266055060498,34.2783148482467,-8.38166677085318,-5.38172037333524
58,Spannagel cave,141,SPA127,303065,6413.661635,35.51117444,34.02163181,-8.40271111483,
58,Spannagel cave,732,SPA127_2023,431835,6416.62277924459,35.6605382197904,34.3622219603967,-8.42600661620086,-5.84645475013644
58,Spannagel cave,139,SPA70,300840,6416.683598,28.75973837,27.95015184,-8.46641164171,
58,Spannagel cave,141,SPA127,303066,6417.238219,35.71950204,34.17047675,-8.45890204007,
58,Spannagel cave,732,SPA127_2023,431836,6420.2317578502,35.7767437116554,34.5207533006087,-8.40271111482819,-5.66392380813935
58,Spannagel cave,141,SPA127,303067,6420.87967,35.89708599,34.50233643,-8.52490894199,
58,Spannagel cave,139,SPA70,300841,6423.73246,28.70018096,27.78610942,-8.43202929609,
58,Spannagel cave,732,SPA127_2023,431837,6423.8232547492,35.9212008623172,34.7335428423203,-8.45890204007264,-5.86029967065518
58,Spannagel cave,141,SPA127,303068,6424.501173,36.07145706,34.79295244,-8.48049181836,
58,Spannagel cave,732,SPA127_2023,431838,6427.427247261,36.0893169465226,35.0754181627563,-8.52490894198791,-5.7505051385718
58,Spannagel cave,141,SPA127,303069,6428.070104,36.17870875,34.98711736,-8.56430938824,
58,Spannagel cave,139,SPA70,300842,6430.693102,28.55036769,27.63799037,-8.31936662145,
58,Spannagel cave,732,SPA127_2023,431839,6431.02307322324,36.3073215519771,35.3238583664415,-8.48049181835848,-5.7192085777722
58,Spannagel cave,141,SPA127,303070,6431.644832,36.29074326,35.13532939,-8.70246414034,
58,Spannagel cave,732,SPA127_2023,431840,6434.5848860206,36.5538367313566,35.603765195201,-8.56430938824068,-5.28368663573223
58,Spannagel cave,141,SPA127,303071,6435.286328,36.38849987,35.35075163,-8.77365095251,
58,Spannagel cave,139,SPA70,300843,6437.606354,28.50921448,27.49168045,-8.33589842304,
58,Spannagel cave,732,SPA127_2023,431841,6438.19801402015,36.6514780818416,35.7897380394243,-8.70246414034058,-4.99107971063846
58,Spannagel cave,141,SPA127,303072,6438.892851,36.46692926,35.55402767,-8.83188472878,
58,Spannagel cave,732,SPA127_2023,431842,6441.78645894617,36.7528543311,35.936516746714,-8.77365095251181,-4.9240321466031
58,Spannagel cave,141,SPA127,303073,6442.50699,36.61219941,35.80264071,-8.94073703572,
58,Spannagel cave,139,SPA70,300844,6444.530947,28.68431711,27.24384489,-8.4207760598,
58,Spannagel cave,732,SPA127_2023,431843,6445.30470458907,36.9719082916081,35.9473630673592,-8.8318847287837,-4.72452989192104
58,Spannagel cave,141,SPA127,303074,6446.033475,36.83271728,35.93078838,-8.87805746631,
58,Spannagel cave,732,SPA127_2023,431844,6448.76462547811,37.2835886953844,35.8929299352203,-8.94073703572235,-4.82268844167942
58,Spannagel cave,141,SPA127,303075,6449.680486,36.87980125,36.12602964,-8.83713605876,
58,Spannagel cave,139,SPA70,300845,6451.581711,28.30595797,27.31577649,-8.43886656679,
58,Spannagel cave,732,SPA127_2023,431845,6452.30818191389,37.5022058499635,35.9973318590319,-8.8780574663071,-4.92309762046723
58,Spannagel cave,141,SPA127,303076,6453.228278,37.06817644,36.14993377,-8.69130432669,
58,Spannagel cave,732,SPA127_2023,431846,6455.8613276028,37.7112337514027,36.1494622088603,-8.83713605875795,-4.95443458571162
58,Spannagel cave,141,SPA127,303077,6456.803567,37.31838379,36.3001271,-8.59607244634,
58,Spannagel cave,139,SPA70,300846,6458.543783,27.88586624,27.13246978,-8.45667452525,
58,Spannagel cave,732,SPA127_2023,431847,6459.31534570836,37.9730327754341,36.2192915592459,-8.69130432668824,-4.9221166745378
58,Spannagel cave,141,SPA127,303078,6460.269255,37.6578197,36.34071841,-8.6865531852,
58,Spannagel cave,732,SPA127_2023,431848,6462.85581745065,38.1132065035326,36.3741707114468,-8.59607244633588,-4.12261038390106
58,Spannagel cave,141,SPA127,303079,6463.789002,37.87479252,36.42143928,-8.60413417893,
58,Spannagel cave,139,SPA70,300847,6465.476936,27.90431428,26.96036002,-8.50215461017,
58,Spannagel cave,732,SPA127_2023,431849,6466.40103348376,38.3030469504292,36.4973870286112,-8.68655318519621,-3.32495214646129
58,Spannagel cave,141,SPA127,303080,6467.348607,38.05258705,36.53342851,-8.59656422506,
58,Spannagel cave,732,SPA127_2023,431850,6470.00756928373,38.4200574826045,36.7098423343805,-8.60413417893064,-2.92729426991411
58,Spannagel cave,141,SPA127,303081,6470.957294,38.15787854,36.69450049,-8.71242645226,
58,Spannagel cave,139,SPA70,300848,6472.489294,27.80933258,26.8402097,-8.46208437845,
58,Spannagel cave,732,SPA127_2023,431851,6473.59208534954,38.4712104355467,36.9021347716753,-8.59656422506121,-2.48338603429301
58,Spannagel cave,141,SPA127,303082,6474.521203,38.30040989,36.85682363,-8.52690284683,
58,Spannagel cave,732,SPA127_2023,431852,6477.18193832491,38.4786851420004,37.1258001811957,-8.71242645226041,-1.99305508270633
58,Spannagel cave,141,SPA127,303083,6478.042549,38.41767098,37.02775489,-8.4231971582,
58,Spannagel cave,139,SPA70,300849,6479.477742,27.39239647,26.73380776,-8.5520619675,
58,Spannagel cave,732,SPA127_2023,431853,6480.72916766537,38.4289950924876,37.364725939955,-8.52690284682721,-1.59257061836636
58,Spannagel cave,141,SPA127,303084,6481.569979,38.46919408,37.13837972,-8.46024609771,
58,Spannagel cave,732,SPA127_2023,431854,6484.2619741265,38.6428833814371,37.6800071900971,-8.42319715819935,-1.21516075247742
58,Spannagel cave,141,SPA127,303085,6484.994962,38.71612314,37.15859678,-8.34132739693,
58,Spannagel cave,139,SPA70,300850,6486.411647,27.23120842,26.57531712,-8.47163337963,
58,Spannagel cave,732,SPA127_2023,431855,6487.85991505346,38.7066107422534,37.9037356143708,-8.46024609770598,-0.980733567172227
58,Spannagel cave,141,SPA127,303086,6488.492413,38.87882113,37.24129979,-8.27512946557,
58,Spannagel cave,732,SPA127_2023,431856,6491.38594605108,38.8835105156404,38.0889916986835,-8.34132739693004,-1.01511251687226
58,Spannagel cave,141,SPA127,303087,6492.025062,38.99896233,37.42109416,-8.32196800331,
58,Spannagel cave,139,SPA70,300851,6493.344328,27.41099704,26.44918448,-8.49487242723,
58,Spannagel cave,732,SPA127_2023,431857,6494.96463551664,39.0379447849682,38.3634958943312,-8.27512946556667,-0.942927056414637
58,Spannagel cave,141,SPA127,303088,6495.657986,39.13064328,37.74308987,-8.21961297095,
58,Spannagel cave,732,SPA127_2023,431858,6498.53577250628,39.1395456024675,38.6103507429343,-8.32196800330732,-1.20137603760261
58,Spannagel cave,141,SPA127,303089,6499.131271,39.49077071,37.7262909,-8.4446438925,
58,Spannagel cave,139,SPA70,300852,6500.323285,27.30613184,26.35254467,-8.68846921642,
58,Spannagel cave,732,SPA127_2023,431859,6502.13070626455,39.2475426152123,38.8109292144318,-8.21961297094816,-1.58292105286313
58,Spannagel cave,141,SPA127,303090,6502.633923,39.69172185,37.85943273,-8.47914604382,
58,Spannagel cave,732,SPA127_2023,431860,6505.71840702643,39.3703758912661,38.8635347651625,-8.4446438925015,-2.01627365391351
58,Spannagel cave,141,SPA127,303091,6506.288387,39.83766329,38.03647376,-8.45585077921,
58,Spannagel cave,139,SPA70,300853,6507.314781,27.29233977,26.33970116,-8.77172575428,
58,Spannagel cave,732,SPA127_2023,431861,6509.31096404435,39.6373449289886,38.9611900529462,-8.47914604382483,-2.59544978834108
58,Spannagel cave,141,SPA127,303092,6509.86742,40.07925958,38.17960271,-8.56299810313,
58,Spannagel cave,732,SPA127_2023,431862,6512.84530466911,39.9544204435306,39.1506382670768,-8.45585077920868,-2.66442051162225
58,Spannagel cave,141,SPA127,303093,6513.532423,40.23488535,38.41258811,-8.55301056194,
58,Spannagel cave,139,SPA70,300854,6514.241205,27.26254291,26.25240647,-8.58385849571,
58,Spannagel cave,732,SPA127_2023,431863,6516.47187007069,40.1407502048642,39.2693647676415,-8.56299810313241,-2.59447117042415
58,Spannagel cave,141,SPA127,303094,6517.063254,40.3390036,38.76448531,-8.69766416299,
58,Spannagel cave,732,SPA127_2023,431864,6520.06491234949,40.2721066901504,39.423789250849,-8.55301056194191,-2.84123655681208
58,Spannagel cave,141,SPA127,303095,6520.750648,40.25955315,39.3404346,-8.71121828835,
58,Spannagel cave,139,SPA70,300855,6521.149935,27.37067025,26.18154901,-8.53206969471,
58,Spannagel cave,732,SPA127_2023,431865,6523.64269755767,40.3980297823055,39.7162294655782,-8.69766416298631,-2.88227166872351
58,Spannagel cave,141,SPA127,303096,6524.319788,40.28056424,39.62766581,-8.77542285039,
58,Spannagel cave,732,SPA127_2023,431866,6527.23997381117,40.5289054868299,40.0717129981113,-8.71121828834588,-3.01002991725918
58,Spannagel cave,141,SPA127,303097,6527.878538,40.30361353,39.80209681,-8.79294330484,
58,Spannagel cave,139,SPA70,300856,6528.170293,26.95441781,26.14417151,-8.53,
58,Spannagel cave,732,SPA127_2023,431867,6530.82092869201,40.6532304012508,40.4108751579824,-8.77542285039476,-3.06952230179193
58,Spannagel cave,141,SPA127,303098,6531.36518,40.47970129,40.02894713,-8.62174891961,
58,Spannagel cave,732,SPA127_2023,431868,6534.39705791116,40.8002932225845,40.7307384408832,-8.79294330483589,-3.18707353567514
58,Spannagel cave,141,SPA127,303099,6534.918407,40.62001926,40.30220969,-8.68725602603,
58,Spannagel cave,139,SPA70,300857,6535.188775,26.88949203,26.06263671,-8.56534710547,
58,Spannagel cave,732,SPA127_2023,431869,6537.92301363654,40.952329449874,40.9319651732349,-8.62174891960971,-3.21759341226653
58,Spannagel cave,141,SPA127,303100,6538.577867,40.62882223,40.60652048,-8.60078756994,
58,Spannagel cave,732,SPA127_2023,431870,6541.53349596902,41.0967012262918,41.1524333441694,-8.68725602603226,-2.26796578986848
58,Spannagel cave,139,SPA70,300858,6542.11268,27.15989925,26.13482788,-8.41404947234,
58,Spannagel cave,141,SPA127,303101,6542.209345,40.69266772,40.88193207,-8.48897610037,
58,Spannagel cave,732,SPA127_2023,431871,6545.14514831279,41.2616655656366,41.3657575680736,-8.60078756994461,-1.89055031484815
58,Spannagel cave,141,SPA127,303102,6545.761379,40.93885873,41.05166866,-8.53151187285,
58,Spannagel cave,732,SPA127_2023,431872,6548.71231561754,41.3595374253773,41.5867886301367,-8.48897610037361,-2.07311419810229
58,Spannagel cave,139,SPA70,300859,6549.050138,27.1665302,26.3155513,-8.43207702893,
58,Spannagel cave,141,SPA127,303103,6549.431293,40.98226699,41.33510192,-8.64928083671,
58,Spannagel cave,732,SPA127_2023,431873,6552.25647781102,41.6715556371855,41.7982372303086,-8.53151187284988,-2.22639864433248
58,Spannagel cave,141,SPA127,303104,6553.099308,41.05219206,41.6166355,-8.56994022592,
58,Spannagel cave,732,SPA127_2023,431874,6555.88744333734,41.8178371970389,42.0468611068572,-8.64928083670592,-3.61858586441842
58,Spannagel cave,139,SPA70,300860,6555.966012,27.16904131,25.99198698,-8.35899294518,
58,Spannagel cave,141,SPA127,303105,6556.669939,41.16485388,41.80707031,-8.41275930323,
58,Spannagel cave,732,SPA127_2023,431875,6559.46103204246,41.8056270256211,42.3002784006439,-8.56994022591772,-3.82524016549341
58,Spannagel cave,141,SPA127,303106,6560.251081,41.41798399,42.02365803,-8.46780209813,
58,Spannagel cave,139,SPA70,300861,6562.90341,27.0983311,25.86417894,-8.31882881753,
58,Spannagel cave,732,SPA127_2023,431876,6563.02300370243,42.0745498623492,42.6414046911768,-8.41275930322908,-3.47783489703255
58,Spannagel cave,141,SPA127,303107,6563.832765,41.65585387,42.24739569,-8.38796937764,
58,Spannagel cave,732,SPA127_2023,431877,6566.56217649963,42.3868729309916,42.8832987435781,-8.46780209812806,-3.73099832170586
58,Spannagel cave,141,SPA127,303108,6567.359343,41.82356113,42.37309419,-8.42258997342,
58,Spannagel cave,139,SPA70,300862,6569.848578,27.02093197,25.66275009,-8.3812953248,
58,Spannagel cave,732,SPA127_2023,431878,6570.11186323251,42.5645726364119,43.1066574730248,-8.38796937763683,-3.7098674857463
58,Spannagel cave,141,SPA127,303109,6570.885111,42.14794444,42.47659402,-8.53918993997,
58,Spannagel cave,732,SPA127_2023,431879,6573.69532040691,42.6433986207094,43.3567323509178,-8.42258997341915,-4.15998867411468
58,Spannagel cave,141,SPA127,303110,6574.45437,42.40556393,42.65207694,-8.6254905021,
58,Spannagel cave,139,SPA70,300863,6576.843839,26.81149174,25.86375951,-8.25724385374,
58,Spannagel cave,732,SPA127_2023,431880,6577.22155586453,42.9132488950017,43.5392171785115,-8.539189939974,-5.17990793496644
58,Spannagel cave,141,SPA127,303111,6577.985827,42.51127045,42.96635082,-8.84702375392,
58,Spannagel cave,732,SPA127_2023,431881,6580.72564882043,43.1372685521164,43.6324164472626,-8.6254905020991,-4.0838712636086
58,Spannagel cave,141,SPA127,303112,6581.632347,42.47802396,43.25477335,-8.77026421619,
58,Spannagel cave,139,SPA70,300864,6583.888227,26.81122472,25.83147273,-8.28649338251,
58,Spannagel cave,732,SPA127_2023,431882,6584.27127154797,43.377106943929,43.7391454591834,-8.84702375391535,-4.98396342305357
58,Spannagel cave,141,SPA127,303113,6585.165162,42.58934066,43.44618814,-9.14340176023,
58,Spannagel cave,732,SPA127_2023,431883,6587.7945803094,43.6603869794408,43.8235605049949,-8.77026421618874,-4.63953416282491
58,Spannagel cave,141,SPA127,303114,6588.730185,42.86217519,43.54720353,-8.82300136381,
58,Spannagel cave,139,SPA70,300865,6590.914931,26.92897987,25.69746542,-8.42177303314,
58,Spannagel cave,732,SPA127_2023,431884,6591.31848854163,43.8122885710181,44.0033754236511,-9.1434017602316,-3.37501934091916
58,Spannagel cave,141,SPA127,303115,6592.27589,43.1564861,43.85548187,-8.65814204302,
58,Spannagel cave,732,SPA127_2023,431885,6594.91885941389,43.8276763485283,44.1901792967537,-8.82300136381147,-3.22785558070879
58,Spannagel cave,141,SPA127,303116,6595.887888,43.34685416,44.2057517,-8.46685541491,
58,Spannagel cave,139,SPA70,300866,6597.893706,27.04310344,25.7047274,-8.37406693889,
58,Spannagel cave,732,SPA127_2023,431886,6598.52854602903,43.9913939841263,44.5010584447036,-8.658142043021,-3.23193798762417
58,Spannagel cave,141,SPA127,303117,6599.481775,43.47672071,44.38479183,-8.51266503007,
58,Spannagel cave,732,SPA127_2023,431887,6602.13823264418,44.1674659789132,44.7055919859686,-8.46685541491436,-2.93038178870186
58,Spannagel cave,141,SPA127,303118,6603.046654,43.61541112,44.54787312,-8.51055451197,
58,Spannagel cave,139,SPA70,300867,6604.79318,27.07936601,25.47825572,-8.36494022909,
58,Spannagel cave,732,SPA127_2023,431888,6605.74791925932,44.3271069921757,44.9011354242384,-8.51266503006868,-2.32066350164355
58,Spannagel cave,141,SPA127,303119,6606.575294,43.78634677,44.84997748,-8.56296728334,
58,Spannagel cave,732,SPA127_2023,431889,6609.35302035283,44.5143659287651,45.108023515937,-8.51055451197396,-1.49037201437272
58,Spannagel cave,141,SPA127,303120,6610.071248,43.98996968,45.10465263,-8.63453125877,
58,Spannagel cave,139,SPA70,300868,6611.742007,26.95323647,25.50471349,-8.46463245744,
58,Spannagel cave,732,SPA127_2023,431890,6612.91215058671,44.7475957249726,45.2585234790031,-8.562967283339,-1.07325724440217
58,Spannagel cave,141,SPA127,303121,6613.63396,44.12683406,45.33952326,-8.66205499208,
58,Spannagel cave,732,SPA127_2023,431891,6616.4592313849,44.9495134736235,45.3929982668697,-8.63453125877407,-0.856207840170282
58,Spannagel cave,141,SPA127,303122,6617.203695,44.33041535,45.55274276,-8.69729942087,
58,Spannagel cave,139,SPA70,300869,6618.789984,26.71642481,25.54488435,-8.59829112777,
58,Spannagel cave,732,SPA127_2023,431892,6619.97592661167,45.071683877497,45.6659085080028,-8.66205499207517,-0.859656063532713
58,Spannagel cave,141,SPA127,303123,6620.670287,44.73183609,45.62331621,-8.75002752162,
58,Spannagel cave,732,SPA127_2023,431893,6623.47867659928,45.1972583127044,45.7701358939057,-8.69729942086539,-0.945537615744898
58,Spannagel cave,141,SPA127,303124,6624.165176,44.97598524,45.6386461,-8.67494488738,
58,Spannagel cave,139,SPA70,300870,6625.765799,26.90123386,25.47408645,-8.43902802878,
58,Spannagel cave,732,SPA127_2023,431894,6626.98655396868,45.4115760911091,45.9650776145463,-8.75002752161956,-0.765836957615618
58,Spannagel cave,141,SPA127,303125,6627.640137,45.28248833,45.61996346,-8.46908332611,
58,Spannagel cave,732,SPA127_2023,431895,6630.49453221658,45.7282317649888,46.1473689917375,-8.67494488737871,-0.830056980307166
58,Spannagel cave,141,SPA127,303126,6631.185491,45.56192243,45.79615628,-8.54475584796,
58,Spannagel cave,139,SPA70,300871,6632.598902,27.00487889,25.46030223,-8.44280135141,
58,Spannagel cave,732,SPA127_2023,431896,6634.0468072888,46.0144759223913,46.2601891728154,-8.46908332610702,-0.806685869323372
58,Spannagel cave,141,SPA127,303127,6634.826951,45.73587446,46.13538822,-8.49059467731,
58,Spannagel cave,732,SPA127_2023,431897,6637.60698565588,46.2928167849514,46.368851509199,-8.54475584795674,-0.950834002050263
58,Spannagel cave,141,SPA127,303128,6638.418321,45.88011063,46.35258813,-8.66327588965,
58,Spannagel cave,139,SPA70,300872,6639.602907,26.76063417,25.66400196,-8.45424766875,
58,Spannagel cave,732,SPA127_2023,431898,6641.16716402295,46.5444878904236,46.5363465535138,-8.4905946773121,-1.64161125696745
58,Spannagel cave,141,SPA127,303129,6641.998141,45.97506963,46.68911371,-8.49303341049,
58,Spannagel cave,732,SPA127_2023,431899,6644.67978466561,46.8245971471288,46.7425825854643,-8.66327588964722,-2.95194814670647
58,Spannagel cave,141,SPA127,303130,6645.613517,46.02826943,47.05240542,-8.5317985065,
58,Spannagel cave,139,SPA70,300873,6646.666979,26.62427104,26.10206796,-8.29833571675,
58,Spannagel cave,732,SPA127_2023,431900,6648.20966573179,46.9963566649158,46.9083870455488,-8.49303341049274,-3.50064397879616
58,Spannagel cave,141,SPA127,303131,6649.150973,46.20270642,47.33645476,-8.41005849548,
58,Spannagel cave,732,SPA127_2023,431901,6651.78372146371,47.2180207889105,47.1974848553355,-8.53179850649739,-3.96579774806222
58,Spannagel cave,141,SPA127,303132,6652.743569,46.3894579,47.67993771,-8.5942902861,
58,Spannagel cave,139,SPA70,300874,6653.667671,26.65765912,26.10359161,-8.27542177438,
58,Spannagel cave,732,SPA127_2023,431902,6655.32295358253,47.5372568680468,47.45175905203,-8.41005849547776,-3.86811565757409
58,Spannagel cave,141,SPA127,303133,6656.382122,46.50675102,48.0830186,-8.65084384026,
58,Spannagel cave,732,SPA127_2023,431903,6658.94733152672,47.6143888335473,47.7911790740945,-8.59429028609626,-3.9574562111343
58,Spannagel cave,141,SPA127,303134,6660.01219,46.53664887,48.37773182,-8.67719106153,
58,Spannagel cave,139,SPA70,300875,6660.608281,26.52553077,26.26489935,-8.44474261993,
58,Spannagel cave,732,SPA127_2023,431904,6662.59317147586,47.6028190032557,48.2213254898479,-8.65084384026378,-4.60447879712933
58,Spannagel cave,141,SPA127,303135,6663.493215,46.68502731,48.62562314,-8.51757557503,
58,Spannagel cave,732,SPA127_2023,431905,6666.20449119556,47.7550098372058,48.682433397832,-8.67719106153358,-4.56605430102376
58,Spannagel cave,141,SPA127,303136,6667.070198,46.73544723,48.98426448,-8.39684613063,
58,Spannagel cave,139,SPA70,300876,6667.505772,26.67998414,26.23976819,-8.42561889142,
58,Spannagel cave,732,SPA127_2023,431906,6669.7028304608,47.894449075714,49.022477711078,-8.51757557503196,-4.62320748484899
58,Spannagel cave,141,SPA127,303137,6670.674942,46.82769303,49.37066767,-8.40479525299,
58,Spannagel cave,732,SPA127_2023,431907,6673.28379519821,47.9401534763674,49.3407301341949,-8.39684613062565,-4.71928277779775
58,Spannagel cave,141,SPA127,303138,6674.24294,46.96022429,49.72032403,-8.39454141337,
58,Spannagel cave,139,SPA70,300877,6674.414278,26.82467512,26.17862694,-8.79232294727,
58,Spannagel cave,732,SPA127_2023,431908,6676.86675322441,47.9622427426857,49.5269842292882,-8.40479525298674,-4.6450330753554
58,Spannagel cave,141,SPA127,303139,6677.807831,47.12492668,50.06687319,-8.46932336681,
58,Spannagel cave,732,SPA127_2023,431909,6680.3505460898,48.0834971698205,49.614073163566,-8.39454141336845,-5.13365578818018
58,Spannagel cave,139,SPA70,300878,6681.340894,26.96548566,26.12419695,-9.03738211332,
58,Spannagel cave,141,SPA127,303140,6681.377977,47.24136274,50.267119,-8.32522404174,
58,Spannagel cave,732,SPA127_2023,431910,6683.81045877009,48.3108221070042,49.6772819127455,-8.46932336681101,-5.1102359099196
58,Spannagel cave,141,SPA127,303141,6684.893727,47.50954358,50.3522763,-8.34405968102,
58,Spannagel cave,732,SPA127_2023,431911,6687.35690482456,48.5828977430301,49.8064503941096,-8.32522404173885,-4.41180495679359
58,Spannagel cave,139,SPA70,300879,6688.436104,26.79819273,26.07782996,-9.14338843039,
58,Spannagel cave,141,SPA127,303142,6688.466881,47.6871805,50.50062047,-8.22234644054,
58,Spannagel cave,732,SPA127_2023,431912,6690.8418757319,48.9164485261872,49.9595752273453,-8.34405968102278,-5.48536695865981
58,Spannagel cave,141,SPA127,303143,6692.000473,48.07133833,50.7713343,-8.52986138087,
58,Spannagel cave,732,SPA127_2023,431913,6694.42035468788,49.1301736541445,50.0940198262088,-8.22234644054225,-2.94906348552766
58,Spannagel cave,139,SPA70,300880,6695.527259,26.8353374,26.30971475,-8.96451888519,
58,Spannagel cave,141,SPA127,303144,6695.548026,48.15659707,51.05600837,-8.39845897952,
58,Spannagel cave,732,SPA127_2023,431914,6697.92284811083,49.3372176177327,50.1538284234439,-8.52986138087338,-2.52028642554433
58,Spannagel cave,141,SPA127,303145,6699.161071,48.34598545,51.36922516,-8.39608623649,
58,Spannagel cave,732,SPA127_2023,431915,6701.44641775757,49.6412857100277,50.3108757222562,-8.39845897951541,-3.25270800424676
58,Spannagel cave,139,SPA70,300881,6702.42177,27.01865139,26.58244591,-9.04824797575,
58,Spannagel cave,141,SPA127,303146,6702.711732,48.66520177,51.57921404,-8.64789881451,
58,Spannagel cave,732,SPA127_2023,431916,6704.98905200611,49.8668125066552,50.5838569528332,-8.39608623648983,-4.17907444186166
58,Spannagel cave,141,SPA127,303147,6706.249669,48.89502633,51.77334227,-8.93601448341,
58,Spannagel cave,732,SPA127_2023,431917,6708.52822839904,50.0166827770681,50.8507041002113,-8.64789881451333,-5.29057978829975
58,Spannagel cave,139,SPA70,300882,6709.442103,26.94156088,26.67819717,-9.09357303379,
58,Spannagel cave,141,SPA127,303148,6709.802268,49.20970904,51.95588565,-8.82866220016,
58,Spannagel cave,732,SPA127_2023,431918,6712.17778044921,50.0561773902518,51.2023959180924,-8.93601448340515,-5.22224122802023
58,Spannagel cave,141,SPA127,303149,6713.33717,49.45364107,52.12073155,-8.80748044158,
58,Spannagel cave,732,SPA127_2023,431919,6715.73353524846,50.3089530033531,51.4145991534579,-8.82866220016147,-5.47071556449244
58,Spannagel cave,139,SPA70,300883,6716.453522,27.09955257,26.94616727,-9.0169583653,
58,Spannagel cave,141,SPA127,303150,6716.911001,49.62936221,52.32439148,-8.79059894622,
58,Spannagel cave,732,SPA127_2023,431920,6719.35757484612,50.48590288593,51.7885363059122,-8.8074804415774,-6.35235188673753
58,Spannagel cave,141,SPA127,303151,6720.520541,49.76264401,52.50453969,-8.69803204332,
58,Spannagel cave,732,SPA127_2023,431921,6722.87167359189,50.7680845417508,52.052532606469,-8.79059894621956,-6.25429785834992
58,Spannagel cave,139,SPA70,300884,6723.326837,27.27464156,26.99814311,-8.87783448492,
58,Spannagel cave,141,SPA127,303152,6724.116497,49.92685619,52.65178341,-8.6281478719,
58,Spannagel cave,732,SPA127_2023,431922,6726.45284055263,50.9343581511685,52.3387531456747,-8.69803204331521,-6.37480710592415
58,Spannagel cave,141,SPA127,303153,6727.676105,50.20628561,52.72711772,-8.70677432255,
58,Spannagel cave,732,SPA127_2023,431923,6730.03367037513,51.0167382555001,52.4974390906755,-8.62814787189645,-6.35612529176743
58,Spannagel cave,139,SPA70,300885,6730.34937,27.43045349,27.20307476,-8.80311193912,
58,Spannagel cave,141,SPA127,303154,6731.237635,50.48379272,52.90137863,-8.72443144836,
58,Spannagel cave,732,SPA127_2023,431924,6733.5818250448,51.1501877727851,52.6104105458844,-8.70677432255011,-6.90475678916014
58,Spannagel cave,141,SPA127,303155,6734.78591,50.77455509,53.03271077,-8.41849543611,
58,Spannagel cave,732,SPA127_2023,431925,6737.17279728675,51.4065354125796,52.8387004128535,-8.72443144836342,-6.84300585451042
58,Spannagel cave,139,SPA70,300886,6737.392382,27.48506477,27.21362036,-8.77662649711,
58,Spannagel cave,141,SPA127,303156,6738.343342,51.05615971,53.17320067,-8.41337825302,
58,Spannagel cave,732,SPA127_2023,431926,6740.78336590611,51.6415511914984,53.1318004775412,-8.41849543610583,-6.4845293682922
58,Spannagel cave,141,SPA127,303157,6741.89553,51.34300975,53.30317539,-8.69853394068,
58,Spannagel cave,139,SPA70,300887,6744.403822,27.59575902,27.25044388,-8.72969398114,
58,Spannagel cave,732,SPA127_2023,431927,6744.52019018655,51.6079681351712,52.8884421855519,-8.41337825302086,-6.45796016629036
58,Spannagel cave,141,SPA127,303158,6745.70087,51.00624248,52.87659673,-8.77989085797,
58,Spannagel cave,732,SPA127_2023,431928,6748.10784967522,51.5989873806557,52.0205436138003,-8.69853394067811,-6.4866725167096
58,Spannagel cave,141,SPA127,303159,6749.50646,50.82545917,52.68784548,-8.97276612166,
58,Spannagel cave,139,SPA70,300888,6751.388217,27.56538216,27.41563624,-8.85146648744,
58,Spannagel cave,732,SPA127_2023,431929,6751.92544764528,51.2660188082527,51.9048587552634,-8.77989085796555,-6.56858835439837
58,Spannagel cave,141,SPA127,303160,6753.327512,50.95414895,52.65427522,-9.07032429686,
58,Spannagel cave,732,SPA127_2023,431930,6755.76686628833,50.8454826335328,51.7628963163279,-8.97276612166351,-6.53876595355793
58,Spannagel cave,141,SPA127,303161,6757.111088,50.83952211,52.4344237,-9.20321975012,
58,Spannagel cave,139,SPA70,300889,6758.32303,27.88375226,27.53093402,-8.73541204759,
58,Spannagel cave,732,SPA127_2023,431931,6759.66329224453,50.7482438856305,51.5565090715818,-9.07032429686035,-6.52886471792734
58,Spannagel cave,141,SPA127,303162,6760.930961,50.66710571,52.08760561,-9.04999834365,
58,Spannagel cave,732,SPA127_2023,431932,6763.45366275738,50.5200684562715,51.5340569719074,-9.20321975012488,-6.6121714132865
58,Spannagel cave,141,SPA127,303163,6764.8693,50.28842919,51.85429861,-9.20619151224,
58,Spannagel cave,139,SPA70,300890,6765.240481,28.32846667,27.70488958,-8.74671273018,
58,Spannagel cave,732,SPA127_2023,431933,6767.29366338805,50.1542036689016,51.2427801781205,-9.04999834365306,-6.61864811928964
58,Spannagel cave,141,SPA127,303164,6768.627165,50.27815373,51.41321813,-9.02226573539,
58,Spannagel cave,732,SPA127_2023,431934,6771.13711257399,49.845694388594,50.8387205202853,-9.20619151224044,-6.40532709565524
58,Spannagel cave,139,SPA70,300891,6772.305337,28.16020193,27.94861996,-8.59641631215,
58,Spannagel cave,141,SPA127,303165,6772.473489,49.96589394,51.21285831,-8.93692542885,
58,Spannagel cave,732,SPA127_2023,431935,6774.85846652061,49.6770268497157,50.177910468582,-9.02226573539398,-6.08210343267794
58,Spannagel cave,141,SPA127,303166,6776.424093,49.72212799,51.51527817,-8.84247844314,
58,Spannagel cave,732,SPA127_2023,431936,6778.66387341685,49.4070002228173,49.9286990261189,-8.9369254288535,-5.94434921750434
58,Spannagel cave,139,SPA70,300892,6779.356083,28.2906813,28.27567697,-8.568291804,
58,Spannagel cave,141,SPA127,303167,6780.320606,49.47721628,51.76360777,-8.64310767106,
58,Spannagel cave,732,SPA127_2023,431937,6782.40507659183,49.1942552040691,49.7285160481242,-8.84247844313506,-5.69382466781223
58,Spannagel cave,141,SPA127,303168,6784.037946,49.43575878,51.83276354,-8.52421211674,
58,Spannagel cave,732,SPA127_2023,431938,6786.33157954983,48.7958120209569,49.5941952339954,-8.64310767105665,-5.48263134250595
58,Spannagel cave,139,SPA70,300893,6786.376413,28.40264456,28.3557715,-8.44536530552,
58,Spannagel cave,141,SPA127,303169,6787.881322,49.22395763,51.77453278,-8.53351780982,
58,Spannagel cave,732,SPA127_2023,431939,6790.20271680576,48.5591578574868,49.4750290796565,-8.52421211673799,-5.2422394090146
58,Spannagel cave,141,SPA127,303170,6791.552798,49.11273407,51.41579089,-8.34551340764,
58,Spannagel cave,139,SPA70,300894,6793.393973,28.57238588,28.67717523,-8.62441460932,
58,Spannagel cave,732,SPA127_2023,431940,6794.1264512281,48.2594978722973,49.3557972217841,-8.53351780981829,-5.15724233451402
58,Spannagel cave,141,SPA127,303171,6795.373467,48.86081264,51.13924777,-8.26397402778,
58,Spannagel cave,732,SPA127_2023,431941,6798.01538744816,47.9899476541414,49.4460262353605,-8.34551340764306,-5.08738171283025
58,Spannagel cave,141,SPA127,303172,6799.280732,48.55438244,51.09452995,-8.21070961782,
58,Spannagel cave,139,SPA70,300895,6800.328049,28.69875833,28.91681534,-8.62615195598,
58,Spannagel cave,732,SPA127_2023,431942,6801.84490149551,47.8145908676815,49.1986555032627,-8.26397402778247,-4.66985759293555
58,Spannagel cave,141,SPA127,303173,6803.11328,48.35869538,51.00477642,-8.39009595004,
58,Spannagel cave,732,SPA127_2023,431943,6805.76257509781,47.5933661258941,48.9790510829625,-8.21070961781994,-3.05286499166843
58,Spannagel cave,141,SPA127,303174,6806.983866,48.12809224,50.86395591,-8.39878852784,
58,Spannagel cave,139,SPA70,300896,6807.306699,28.93525182,29.11992663,-8.71039520808,
58,Spannagel cave,732,SPA127_2023,431944,6809.5151328781,47.530779654383,48.7543786939741,-8.39009595003738,-3.43130155225891
58,Spannagel cave,141,SPA127,303175,6810.734384,48.11550797,50.60595499,-8.52667165821,
58,Spannagel cave,732,SPA127_2023,431945,6813.2813466509,47.2922641165496,48.8269888747864,-8.39878852784476,-4.13989776295191
58,Spannagel cave,139,SPA70,300897,6814.363057,29.19517183,29.38815218,-8.56697003184,
58,Spannagel cave,141,SPA127,303176,6814.450345,48.20443528,50.20908882,-8.71305169362,
58,Spannagel cave,732,SPA127_2023,431946,6817.06841420116,47.2071096012351,48.4805229924696,-8.52667165821484,-4.69629764137276
58,Spannagel cave,141,SPA127,303177,6818.199021,48.0648431,49.78258323,-8.56236086474,
58,Spannagel cave,732,SPA127_2023,431947,6820.80449702691,46.9471300285313,48.2275845540644,-8.71305169361747,-3.95470216943029
58,Spannagel cave,139,SPA70,300898,6821.288927,29.51268163,29.5609285,-8.61333548021,
58,Spannagel cave,141,SPA127,303178,6821.883698,48.0115084,49.45727549,-8.73671182128,
58,Spannagel cave,732,SPA127_2023,431948,6824.59250347503,46.7740126760755,48.0764006715508,-8.56236086474405,-2.73200922461382
58,Spannagel cave,141,SPA127,303179,6825.764888,47.88304768,49.25462314,-8.67817190846,
58,Spannagel cave,139,SPA70,300899,6828.330573,29.70453944,30.02649612,-8.60991792641,
58,Spannagel cave,732,SPA127_2023,431949,6828.36895242138,46.6704634957232,47.9713930099751,-8.73671182127694,-2.3791706598022
58,Spannagel cave,141,SPA127,303180,6829.638072,47.56359302,49.03879592,-8.5147471038,
58,Spannagel cave,732,SPA127_2023,431950,6832.19205097864,46.440204388804,47.83204593957,-8.67817190846266,-3.17309752703318
58,Spannagel cave,141,SPA127,303181,6833.423788,47.4105169,48.71311507,-8.40811127265,
58,Spannagel cave,139,SPA70,300900,6835.307085,29.86878162,29.92406353,-8.61147611223,
58,Spannagel cave,732,SPA127_2023,431951,6835.96005093553,46.4657727627009,47.4155385515633,-8.51474710379773,-4.09016530417803
58,Spannagel cave,141,SPA127,303182,6837.297429,47.29379779,48.46769441,-8.66288060289,
58,Spannagel cave,732,SPA127_2023,431952,6839.77848687845,46.4144610026306,47.2842264278479,-8.40811127265311,-4.94718937439377
58,Spannagel cave,141,SPA127,303183,6841.212953,46.92721362,48.24695363,-8.74631485228,
58,Spannagel cave,139,SPA70,300901,6842.152851,30.07545822,29.90405101,-8.55757194533,
58,Spannagel cave,732,SPA127_2023,431953,6843.66364559823,46.2855033992,47.2897185683605,-8.66288060288975,-6.24676067677517
58,Spannagel cave,141,SPA127,303184,6845.053828,46.9484002,48.31560494,-8.87504917172,
58,Spannagel cave,732,SPA127_2023,431954,6847.46294468471,46.3394158282126,47.0927013388464,-8.74631485228012,-6.5294441787021
58,Spannagel cave,141,SPA127,303185,6848.892338,46.94443847,48.25778463,-8.55281124982,
58,Spannagel cave,139,SPA70,300902,6849.110472,30.25345706,29.95633331,-8.60857895877,
58,Spannagel cave,732,SPA127_2023,431955,6851.1590906876,46.4460540417176,46.9094252318737,-8.87504917172498,-6.5268453684171
58,Spannagel cave,141,SPA127,303186,6852.639541,47.03587368,48.08866636,-8.46649000351,
58,Spannagel cave,732,SPA127_2023,431956,6854.88985851395,46.4676840654301,46.7007314753791,-8.55281124982223,-4.78154955249715
58,Spannagel cave,139,SPA70,300903,6856.089382,30.47629378,30.16081286,-8.65133484847,
58,Spannagel cave,141,SPA127,303187,6856.365617,46.97499924,47.77603862,-8.5244623041,
58,Spannagel cave,732,SPA127_2023,431957,6858.63812225308,46.4012349960503,46.5622089487842,-8.46649000350715,-6.095751968271
58,Spannagel cave,141,SPA127,303188,6860.153394,46.70596909,47.51595947,-8.80040171291,
58,Spannagel cave,732,SPA127_2023,431958,6862.38010391501,46.3619214913351,46.3464511669699,-8.52446230409654,-5.94719725654523
58,Spannagel cave,139,SPA70,300904,6862.966426,30.63279541,30.20830505,-8.6782958651,
58,Spannagel cave,141,SPA127,303189,6863.877415,46.70167281,47.14399553,-8.79380971917,
58,Spannagel cave,732,SPA127_2023,431959,6866.23001189009,46.2460120690357,46.1610272863481,-8.80040171291438,-6.0035788080024
58,Spannagel cave,141,SPA127,303190,6867.743055,46.51441087,46.89102956,-8.75787463255,
58,Spannagel cave,139,SPA70,300905,6869.962431,30.77178563,30.51360583,-8.84004055902,
58,Spannagel cave,732,SPA127_2023,431960,6870.03347450389,45.9459377513895,45.7383084358271,-8.79380971917231,-6.20163952474123
58,Spannagel cave,141,SPA127,303191,6871.552489,46.4341311,46.49670218,-8.71880844608,
58,Spannagel cave,732,SPA127_2023,431961,6873.71430785354,45.9956730907561,45.3085292877777,-8.7578746325474,-6.21329984930017
58,Spannagel cave,141,SPA127,303192,6875.235288,46.61565269,46.19806753,-8.75749768594,
58,Spannagel cave,139,SPA70,300906,6876.914254,31.04348769,30.75058174,-8.65970541005,
58,Spannagel cave,732,SPA127_2023,431962,6877.47797087957,45.7624573122166,45.0404896622767,-8.71880844608167,-6.27453537668705
58,Spannagel cave,141,SPA127,303193,6878.995523,46.4363835,45.99642984,-8.6692629658,
58,Spannagel cave,732,SPA127_2023,431963,6881.29758517289,45.6892900566882,44.9142462210693,-8.75749768594082,-6.48506770956098
58,Spannagel cave,141,SPA127,303194,6882.818411,46.32511781,45.74815287,-8.69637113098,
58,Spannagel cave,139,SPA70,300907,6883.830003,31.37385963,30.96394765,-8.72601220362,
58,Spannagel cave,732,SPA127_2023,431964,6885.18745640691,45.6507076521502,44.7572243200684,-8.66926296580031,-6.39565528596175
58,Spannagel cave,141,SPA127,303195,6886.735456,45.9007162,45.70254247,-8.78636126536,
58,Spannagel cave,732,SPA127_2023,431965,6889.08001128616,45.6094416023789,44.5799688790394,-8.69637113098254,-6.44985767478695
58,Spannagel cave,141,SPA127,303196,6890.684777,45.57875203,45.54593708,-8.86885082716,
58,Spannagel cave,139,SPA70,300908,6890.747138,31.8030632,31.03412929,-8.71985602008,
58,Spannagel cave,732,SPA127_2023,431966,6892.91643071524,45.5352864472497,44.3662109357356,-8.78636126536252,-6.56694851010382
58,Spannagel cave,141,SPA127,303197,6894.484098,45.38115652,45.23323426,-8.68236768599,
58,Spannagel cave,732,SPA127_2023,431967,6896.69832917133,45.676342763436,44.1233473577604,-8.86885082716149,-6.46640918578014
58,Spannagel cave,139,SPA70,300909,6897.739807,32.03303637,31.28557026,-8.71660293632,
58,Spannagel cave,141,SPA127,303198,6898.349956,45.05625715,45.0443437,-8.48002599547,
58,Spannagel cave,732,SPA127_2023,431968,6900.36599093072,45.9102966120035,43.7123341304687,-8.68236768598547,-5.99925633542875
58,Spannagel cave,141,SPA127,303199,6902.008917,45.04825303,44.66707687,-8.42836014225,
58,Spannagel cave,732,SPA127_2023,431969,6904.29513805876,45.5372883643286,43.6822030594576,-8.48002599546515,-6.01171875700076
58,Spannagel cave,139,SPA70,300910,6904.782376,32.13110324,31.43440989,-8.75893275542,
58,Spannagel cave,141,SPA127,303200,6905.71759,44.99566592,44.57480762,-8.32634587476,
58,Spannagel cave,732,SPA127_2023,431970,6908.10132257147,45.4963520286947,43.4966313148007,-8.42836014224606,-5.52572718555845
58,Spannagel cave,141,SPA127,303201,6909.549755,45.02364012,44.70325601,-8.2444428904,
58,Spannagel cave,139,SPA70,300911,6911.748601,32.41011446,31.67929747,-8.68745542067,
58,Spannagel cave,732,SPA127_2023,431971,6911.81535417742,45.4365918020194,43.0439758373186,-8.3263458747571,-5.43876563136501
58,Spannagel cave,141,SPA127,303202,6913.30114,45.01101772,44.61634829,-8.30823244401,
58,Spannagel cave,732,SPA127_2023,431972,6915.58997281982,45.2759541778069,42.9128788145645,-8.24444289039621,-5.51178175893493
58,Spannagel cave,141,SPA127,303203,6916.941033,45.09698259,44.05762293,-8.08454176781,
58,Spannagel cave,139,SPA70,300912,6918.714839,32.92537918,31.86256526,-8.64753780071,
58,Spannagel cave,732,SPA127_2023,431973,6919.41414341569,45.042075544111,42.4557302265785,-8.30823244400603,-5.47270308836115
58,Spannagel cave,141,SPA127,303204,6920.617679,45.09543983,43.850943,-8.18478329845,
58,Spannagel cave,732,SPA127_2023,431974,6923.20700899393,44.7946784548867,42.2956589342048,-8.08454176781005,-5.29824068871558
58,Spannagel cave,141,SPA127,303205,6924.360891,44.92944202,43.64046396,-7.86343005799,
58,Spannagel cave,139,SPA70,300913,6925.733076,33.38026683,32.29488163,-8.73502515223,
58,Spannagel cave,732,SPA127_2023,431975,6927.10745674398,44.460721752168,42.3281178225698,-8.18478329844808,-5.21827715840088
58,Spannagel cave,141,SPA127,303206,6928.020129,44.86837965,43.56608391,-7.97340808334,
58,Spannagel cave,732,SPA127_2023,431976,6930.93601665421,44.3778556087091,42.1914333858067,-7.86343005799068,-5.18724607115388
58,Spannagel cave,141,SPA127,303207,6931.727446,44.65459397,43.46374425,-7.95292164121,
58,Spannagel cave,139,SPA70,300914,6932.708917,33.50322319,32.7742919,-8.73180919879,
58,Spannagel cave,732,SPA127_2023,431977,6934.82625767927,44.0179924651165,42.1204319777817,-7.97340808333717,-5.25482601673826
58,Spannagel cave,141,SPA127,303208,6935.582424,44.48075052,43.25793595,-8.0046547013,
58,Spannagel cave,732,SPA127_2023,431978,6938.66085864982,43.9216957056615,42.0491881852922,-7.95292164120717,-5.48754782575407
58,Spannagel cave,141,SPA127,303209,6939.332438,44.43126162,43.10203786,-8.18873286728,
58,Spannagel cave,139,SPA70,300915,6939.651542,33.62273694,33.20789814,-8.82989152646,
58,Spannagel cave,732,SPA127_2023,431979,6942.56303295934,43.7025054111609,42.0091009299294,-8.00465470130313,-5.44626694289208
58,Spannagel cave,141,SPA127,303210,6943.225844,44.06785629,42.82590005,-8.34597806321,
58,Spannagel cave,732,SPA127_2023,431980,6946.28227269021,43.6054300581782,41.7367219780635,-8.18873286728424,-5.15168522364379
58,Spannagel cave,139,SPA70,300916,6946.61326,33.70080593,33.43868907,-8.73987429512,
58,Spannagel cave,141,SPA127,303211,6947.050443,43.96990629,42.66338817,-8.37615610421,
58,Spannagel cave,732,SPA127_2023,431981,6949.9707711317,43.5359414915511,41.6587220824731,-8.34597806321442,-5.30424272630966
58,Spannagel cave,141,SPA127,303212,6950.936302,43.75335706,42.70997869,-8.51829545425,
58,Spannagel cave,139,SPA70,300917,6953.542437,34.10875674,33.4736066,-8.70423844021,
58,Spannagel cave,732,SPA127_2023,431982,6953.75815860368,43.4897843391182,41.7337051684035,-8.37615610421401,-5.30490947349976
58,Spannagel cave,141,SPA127,303213,6954.705805,43.63660386,42.80188276,-8.48150422572,
58,Spannagel cave,732,SPA127_2023,431983,6957.54124061833,43.6313866700821,41.569969083308,-8.51829545424635,-5.24435650550921
58,Spannagel cave,141,SPA127,303214,6958.639215,43.28482521,42.73382088,-8.41487169942,
58,Spannagel cave,139,SPA70,300918,6960.457396,34.57807513,33.45212451,-8.58740020192,
58,Spannagel cave,732,SPA127_2023,431984,6961.24810721671,43.9370696830592,41.2902046959271,-8.48150422571959,-5.28660186844389
58,Spannagel cave,141,SPA127,303215,6962.630868,42.86553062,42.77448256,-8.61658554219,
58,Spannagel cave,732,SPA127_2023,431985,6965.09096827325,43.9460157594558,41.2528592839353,-8.41487169942313,-5.26965248320546
58,Spannagel cave,141,SPA127,303216,6966.407195,42.81820498,42.51409419,-8.42212496827,
58,Spannagel cave,139,SPA70,300919,6967.388246,34.96999849,33.751624,-8.56046018675,
58,Spannagel cave,732,SPA127_2023,431986,6968.85132707958,44.1482164689514,41.1242144967682,-8.61658554218806,-5.57921265052329
58,Spannagel cave,141,SPA127,303217,6970.272181,42.61782176,42.61141476,-8.51324308792,
58,Spannagel cave,732,SPA127_2023,431987,6972.63638411321,44.1704475137867,40.9553498351188,-8.4221249682661,-5.61550477029679
58,Spannagel cave,141,SPA127,303218,6974.033476,42.59780964,42.4888213,-8.85902226187,
58,Spannagel cave,139,SPA70,300920,6974.215313,35.37510377,34.09974629,-8.45429900091,
58,Spannagel cave,732,SPA127_2023,431988,6976.59368655117,43.8737358916187,41.0181381217226,-8.51324308792053,-5.96752844637129
58,Spannagel cave,141,SPA127,303219,6977.818846,42.50092342,42.39490571,-8.81845402027,
58,Spannagel cave,732,SPA127_2023,431989,6980.24970737495,43.9785828843624,40.7495367979927,-8.85902226186648,-6.00175838863269
58,Spannagel cave,139,SPA70,300921,6981.255302,35.48088518,34.35162039,-8.49916612586,
58,Spannagel cave,141,SPA127,303220,6981.644495,42.17002034,42.33508074,-8.6561533075,
58,Spannagel cave,732,SPA127_2023,431990,6984.19305419318,43.6038247202578,40.7218952978847,-8.8184540202665,-5.74793388563918
58,Spannagel cave,141,SPA127,303221,6985.369844,42.15867463,42.20212848,-8.68420817133,
58,Spannagel cave,732,SPA127_2023,431991,6988.00736959118,43.4529470606676,40.6959403904602,-8.65615330750086,-5.38183990392973
58,Spannagel cave,139,SPA70,300922,6988.319301,35.51541522,34.60269803,-8.59834659205,
58,Spannagel cave,141,SPA127,303222,6989.175583,41.99090046,42.13597961,-8.72073095265,
58,Spannagel cave,732,SPA127_2023,431992,6991.86599250697,43.3201676835679,40.681709845906,-8.68420817132972,-5.34577585033712
58,Spannagel cave,141,SPA127,303223,6992.891529,41.97862856,41.96045342,-8.46937799486,
58,Spannagel cave,139,SPA70,300923,6995.370268,35.59698248,35.0524941,-8.70384267317,
58,Spannagel cave,732,SPA127_2023,431993,6995.71535028172,43.285063749473,40.8350447098028,-8.7207309526456,-5.11081267362703
58,Spannagel cave,141,SPA127,303224,6996.538738,42.12410513,41.71236913,-8.43035829059,
58,Spannagel cave,732,SPA127_2023,431994,6999.49785449931,43.3291855556918,40.7722977652465,-8.4693779948587,-5.10167491164295
58,Spannagel cave,141,SPA127,303225,7000.323837,42.06873388,41.76814289,-8.68632286329,
58,Spannagel cave,139,SPA70,300924,7002.340317,35.95065373,35.37888015,-8.75319653695,
58,Spannagel cave,732,SPA127_2023,431995,7003.31601079321,43.326447278333,40.743032630613,-8.43035829058741,-4.99847336507778
58,Spannagel cave,141,SPA127,303226,7004.148376,42.02204532,41.88316777,-8.54927369752,
58,Spannagel cave,732,SPA127_2023,431996,7007.19238541801,43.1935800778756,40.8284818184684,-8.68632286328765,-5.55521168045428
58,Spannagel cave,141,SPA127,303227,7007.95319,42.00569977,41.87877661,-8.90303075111,
58,Spannagel cave,139,SPA70,300925,7009.298933,36.50827498,35.36875115,-8.7603091318,
58,Spannagel cave,732,SPA127_2023,431997,7010.99856628433,43.2141515090989,40.8237184933841,-8.54927369751522,-5.33598465801497
58,Spannagel cave,141,SPA127,303228,7011.849193,41.89603833,41.7596499,-8.81869303413,
58,Spannagel cave,732,SPA127_2023,431998,7014.83701074105,43.3118426006467,40.7580201573764,-8.90303075110827,-5.60816474092409
58,Spannagel cave,141,SPA127,303229,7015.776852,41.72083659,41.62496001,-8.76451372852,
58,Spannagel cave,139,SPA70,300926,7016.252786,36.96872277,35.79500622,-8.64646053936,
58,Spannagel cave,732,SPA127_2023,431999,7018.71498976736,43.2353331520771,40.8499924786265,-8.81869303413155,-5.4013623790996
58,Spannagel cave,141,SPA127,303230,7019.638896,41.56050059,41.54804147,-9.03181740687,
58,Spannagel cave,732,SPA127_2023,432000,7022.51987168319,43.1757210782735,40.6871279612824,-8.76451372852338,-5.28743971215835
58,Spannagel cave,139,SPA70,300927,7023.198943,37.06409931,36.02800411,-8.71400271262,
58,Spannagel cave,141,SPA127,303231,7023.473462,41.39548744,41.38173579,-9.12604290211,
58,Spannagel cave,732,SPA127_2023,432001,7026.3558121738,42.9848713339779,40.6903183002023,-9.03181740686568,-5.32366888886218
58,Spannagel cave,141,SPA127,303232,7027.339726,41.20558126,41.41860658,-8.8043298142,
58,Spannagel cave,139,SPA70,300928,7030.226592,37.31406897,36.29873554,-8.69914810481,
58,Spannagel cave,732,SPA127_2023,432002,7030.26787145367,42.9034374416478,40.9200542711324,-9.12604290210566,-5.46250629103382
58,Spannagel cave,141,SPA127,303233,7031.132009,41.0374951,41.40630052,-8.70659580341,
58,Spannagel cave,732,SPA127_2023,432003,7034.05548159701,43.1156357275195,40.7300992061828,-8.80432981420258,-5.19849629330923
58,Spannagel cave,141,SPA127,303234,7034.706537,41.12224765,41.04669637,-8.64357084365,
58,Spannagel cave,139,SPA70,300929,7037.264976,37.45246342,36.58881984,-8.64639793908,
58,Spannagel cave,732,SPA127_2023,432004,7037.83647374937,43.0760404105786,40.6280695800961,-8.7065958034125,-5.08052535592232
58,Spannagel cave,141,SPA127,303235,7038.420995,41.13012523,40.86266209,-8.71590649705,
58,Spannagel cave,732,SPA127_2023,432005,7041.66577166349,43.1108285678756,40.6764418596331,-8.64357084365152,-4.9316760594723
58,Spannagel cave,141,SPA127,303236,7042.191641,41.18952739,40.83691969,-8.49912647837,
58,Spannagel cave,139,SPA70,300930,7043.754159,37.26005907,36.16248392,-8.76076494285,
58,Spannagel cave,732,SPA127_2023,432006,7045.55224103466,43.0927896420581,40.8705624628492,-8.71590649705493,-5.24967718608903
58,Spannagel cave,141,SPA127,303237,7045.996458,41.23252925,41.01684012,-8.42708407107,
58,Spannagel cave,732,SPA127_2023,432007,7049.43267193274,42.9868993228501,40.9651521792039,-8.49912647836783,-5.0738448386727
58,Spannagel cave,141,SPA127,303238,7049.880406,41.0050436,41.13214699,-8.22114556771,
58,Spannagel cave,139,SPA70,300931,7050.24739,37.08897079,35.94517505,-8.79278497166,
58,Spannagel cave,732,SPA127_2023,432008,7053.16956333363,43.1283556138515,40.8753061151801,-8.4270840710693,-4.92166268045131
58,Spannagel cave,141,SPA127,303239,7053.470296,41.2252601,41.04240506,-7.96847536823,
58,Spannagel cave,139,SPA70,300932,7056.818402,36.72032038,35.79287187,-8.84254578616,
58,Spannagel cave,732,SPA127_2023,432009,7057.11424113547,42.9999101227359,41.0295479177439,-8.22114556771204,-3.88618932841409
58,Spannagel cave,141,SPA127,303240,7057.291857,41.15300824,41.19136752,-7.83781571498,
58,Spannagel cave,732,SPA127_2023,432010,7060.98024462291,42.9908937968739,41.1378621489648,-7.96847536822992,-3.31363696772377
58,Spannagel cave,141,SPA127,303241,7061.070153,40.9679015,41.11598668,-7.7921866475,
58,Spannagel cave,139,SPA70,300933,7063.290294,36.46894915,35.45495233,-8.77658111572,
58,Spannagel cave,732,SPA127_2023,432011,7064.82543688114,42.923969359721,41.2774225418125,-7.83781571497655,-1.97318872442515
58,Spannagel cave,141,SPA127,303242,7064.99568,40.67631388,40.8567137,-7.76520516688,
58,Spannagel cave,732,SPA127_2023,432012,7068.72482835819,42.6752711711333,41.4314110582991,-7.7921866474952,-1.3697923187082
58,Spannagel cave,141,SPA127,303243,7068.824693,40.5623783,40.91270194,-7.93690928913,
58,Spannagel cave,139,SPA70,300934,7069.796868,36.13298058,35.07219792,-8.63617044394,
58,Spannagel cave,732,SPA127_2023,432013,7072.54950490802,42.4864782399591,41.5325436619587,-7.76520516688285,-0.973081387968815
58,Spannagel cave,141,SPA127,303244,7072.587074,40.71530332,40.76871478,-8.11463902299,
58,Spannagel cave,139,SPA70,300935,7076.317915,35.73491699,34.7305201,-8.76549643758,
58,Spannagel cave,141,SPA127,303245,7076.345958,41.06760989,40.79910345,-8.17877470384,
58,Spannagel cave,732,SPA127_2023,432014,7076.3563012215,42.315565545131,41.5626067210542,-7.93690928912594,-0.0681998801397282
58,Spannagel cave,141,SPA127,303246,7080.166741,40.93480427,40.83881681,-8.18104319034,
58,Spannagel cave,732,SPA127_2023,432015,7080.23704783779,42.1084184324518,41.6863810238401,-8.1146390229939,-0.210785081406614
58,Spannagel cave,139,SPA70,300936,7082.841767,35.27477404,34.30809073,-8.88720735994,
58,Spannagel cave,141,SPA127,303247,7084.045748,40.82176607,40.83032105,-8.00469907228,
58,Spannagel cave,732,SPA127_2023,432016,7084.10623249882,41.9965383805111,41.8426132195937,-8.17877470384426,-0.461712426173389
58,Spannagel cave,141,SPA127,303248,7087.87681,40.77594226,40.82346452,-7.9856420594,
58,Spannagel cave,732,SPA127_2023,432017,7087.90911382161,42.0505858614533,41.9258928831969,-8.18104319034127,-0.815498068404425
58,Spannagel cave,139,SPA70,300937,7089.355409,34.85388059,33.97373765,-8.68701184064,
58,Spannagel cave,141,SPA127,303249,7091.639539,40.94929103,41.03657067,-8.12985727773,
58,Spannagel cave,732,SPA127_2023,432018,7091.78165678662,42.01246773811,41.9029496697485,-8.00469907228421,-0.709469163276613
58,Spannagel cave,141,SPA127,303250,7095.398126,41.12678167,40.78378113,-8.14906842366,
58,Spannagel cave,732,SPA127_2023,432019,7095.60276096711,41.7795519458396,41.8337755800885,-7.98564205939885,-0.430040687042969
58,Spannagel cave,139,SPA70,300938,7095.906262,34.43141149,33.63300766,-8.72990284894,
58,Spannagel cave,141,SPA127,303251,7099.212334,41.24865102,40.8700205,-8.22107390981,
58,Spannagel cave,732,SPA127_2023,432020,7099.44521217947,41.7150759218657,41.9999804433046,-8.12985727772982,-0.229519299389485
58,Spannagel cave,139,SPA70,300939,7102.477018,33.96517711,33.27667209,-8.57495507793,
58,Spannagel cave,141,SPA127,303252,7102.990792,41.31243118,41.01037767,-8.00492356692,
58,Spannagel cave,732,SPA127_2023,432021,7103.18069341794,41.8256778930963,42.0474236256123,-8.14906842365848,-0.154656352590202
58,Spannagel cave,141,SPA127,303253,7106.899912,41.22238607,41.00642268,-7.94228423445,
58,Spannagel cave,732,SPA127_2023,432022,7106.95601882019,42.0350078923393,41.7717228301944,-8.22107390981131,-0.268296114913398
58,Spannagel cave,139,SPA70,300940,7108.999949,33.57301376,32.71646816,-8.73557816728,
58,Spannagel cave,732,SPA127_2023,432023,7110.63939547073,42.0105521982832,41.5945517063392,-8.00492356692191,0.0162948660876535
58,Spannagel cave,141,SPA127,303254,7110.664208,41.27369492,40.93543301,-7.98305342331,
58,Spannagel cave,141,SPA127,303255,7114.432927,41.27383295,40.90841593,-7.9141754788,
58,Spannagel cave,732,SPA127_2023,432024,7114.51033032196,41.9169261747566,41.7077323895528,-7.94228423444509,0.0305442269795106
58,Spannagel cave,139,SPA70,300941,7115.517963,33.20688002,32.37267879,-8.76250028484,
58,Spannagel cave,141,SPA127,303256,7118.235111,41.2123026,40.76117723,-7.96862677534,
58,Spannagel cave,732,SPA127_2023,432025,7118.38272556541,41.9617988101818,41.8366895086856,-7.98305342331281,-0.0450207871145054
58,Spannagel cave,141,SPA127,303257,7122.064445,41.13423843,40.83066629,-7.82247452703,
58,Spannagel cave,139,SPA70,300942,7122.076556,32.82119629,32.09069996,-8.7194052492,
58,Spannagel cave,732,SPA127_2023,432026,7122.22319990885,41.9373653998273,41.8992363428879,-7.91417547880324,-0.271602597982022
58,Spannagel cave,141,SPA127,303258,7125.838466,41.16659396,40.84757736,-7.86013800237,
58,Spannagel cave,732,SPA127_2023,432027,7126.31035534944,41.8863133601071,42.1797468018094,-7.96862677534297,-0.459988888280047
58,Spannagel cave,139,SPA70,300943,7128.611291,32.29094794,31.91112955,-8.80986663757,
58,Spannagel cave,141,SPA127,303259,7129.676945,41.07474542,40.92418684,-7.88635802462,
58,Spannagel cave,732,SPA127_2023,432028,7130.05934487467,41.9801254995591,42.0745388544401,-7.822474527028,-0.652536767855707
58,Spannagel cave,141,SPA127,303260,7133.483041,41.13354803,40.95921784,-8.11921385743,
58,Spannagel cave,732,SPA127_2023,432029,7134.03796967116,41.9120740429144,42.1770067922816,-7.86013800236617,-1.06377045095832
58,Spannagel cave,139,SPA70,300944,7135.224567,31.75790373,31.68317704,-8.74626664738,
58,Spannagel cave,141,SPA127,303261,7137.262166,41.27728103,40.98362466,-8.20794635768,
58,Spannagel cave,732,SPA127_2023,432030,7137.84140937455,42.0018053227859,41.968740469737,-7.88635802461885,-1.17057765796928
58,Spannagel cave,141,SPA127,303262,7141.118955,41.56430701,41.05385737,-8.38113083062,
58,Spannagel cave,732,SPA127_2023,432031,7141.67711284072,42.0928913324979,42.0851776496975,-8.11921385742751,-1.66330485043361
58,Spannagel cave,139,SPA70,300945,7141.753085,31.27501455,31.30989241,-8.98287333043,
58,Spannagel cave,141,SPA127,303263,7144.975888,41.60201314,41.02264173,-8.53768193257,
58,Spannagel cave,732,SPA127_2023,432032,7145.44687249644,42.2053858315612,42.071603641446,-8.20794635768198,-2.07774308857514
58,Spannagel cave,139,SPA70,300946,7148.262673,30.87301107,31.05961327,-8.99503919199,
58,Spannagel cave,141,SPA127,303264,7148.794349,41.50992453,40.96621895,-8.36987074859,
58,Spannagel cave,732,SPA127_2023,432033,7149.27715315782,42.2984948597523,42.0465183515316,-8.3811308306198,-2.84177528267009
58,Spannagel cave,141,SPA127,303265,7152.571586,41.6350486,41.10105298,-8.13952451101,
58,Spannagel cave,732,SPA127_2023,432034,7153.20819987358,42.0896650495024,42.2444820480578,-8.53768193256811,-3.1806558797447
58,Spannagel cave,139,SPA70,300947,7154.74938,30.53290027,30.75008343,-9.14109393543,
58,Spannagel cave,141,SPA127,303266,7156.436704,41.44484349,40.83421819,-8.05342227372,
58,Spannagel cave,732,SPA127_2023,432035,7157.08109560227,42.0729348572495,42.3819626103159,-8.3698707485941,-3.37805688543462
58,Spannagel cave,141,SPA127,303267,7160.229235,41.54597871,40.87509016,-7.96524810838,
58,Spannagel cave,732,SPA127_2023,432036,7160.87380180018,42.3045366303559,42.424770784758,-8.13952451100759,-3.75334903588984
58,Spannagel cave,139,SPA70,300948,7161.241678,30.14580237,30.33645352,-9.07938337856,
58,Spannagel cave,141,SPA127,303268,7164.007053,41.60498347,40.90005731,-8.01636595054,
58,Spannagel cave,732,SPA127_2023,432037,7164.68121141477,42.2589652111728,42.4097425100954,-8.05342227372098,-4.07182233208199
58,Spannagel cave,139,SPA70,300949,7167.794385,29.90840074,29.97584852,-9.04304226753,
58,Spannagel cave,141,SPA127,303269,7167.81253,41.49381845,40.8003064,-8.13807642652,
58,Spannagel cave,732,SPA127_2023,432038,7168.47590605167,42.1904135173827,42.3508053767864,-7.9652481083789,-4.23673567946307
58,Spannagel cave,141,SPA127,303270,7171.591979,41.63824998,40.95424437,-8.32142017136,
58,Spannagel cave,732,SPA127_2023,432039,7172.26126338248,42.3080874636989,42.1981785763328,-8.01636595054404,-4.18606355883613
58,Spannagel cave,139,SPA70,300950,7174.251596,29.53856383,29.53130835,-9.09671154824,
58,Spannagel cave,141,SPA127,303271,7175.370562,41.72924382,40.95308163,-8.38241551971,
58,Spannagel cave,732,SPA127_2023,432040,7175.9739462897,42.4803268607257,42.1913558178649,-8.13807642651605,-4.277219200735
58,Spannagel cave,141,SPA127,303272,7179.273061,41.59422779,41.36920424,-8.24944768779,
58,Spannagel cave,732,SPA127_2023,432041,7179.6981942372,42.6516749238299,42.2168816198155,-8.32142017135567,-4.45023830075919
58,Spannagel cave,139,SPA70,300951,7180.723776,29.30407838,29.17974061,-8.89942944009,
58,Spannagel cave,141,SPA127,303273,7183.067505,41.56614241,41.62662647,-8.29828501179,
58,Spannagel cave,732,SPA127_2023,432042,7183.60062366078,42.635221676127,42.3988903095669,-8.38241551970649,-4.65995145097883
58,Spannagel cave,141,SPA127,303274,7186.954164,41.44025899,41.84206111,-8.23136677599,
58,Spannagel cave,139,SPA70,300952,7187.227914,29.07370632,29.12037348,-8.97033062353,
58,Spannagel cave,732,SPA127_2023,432043,7187.40269270573,42.619272458749,42.6112431112151,-8.24944768779235,-4.76941057524161
58,Spannagel cave,141,SPA127,303275,7190.672805,41.49073381,41.79395831,-8.15640570674,
58,Spannagel cave,732,SPA127_2023,432044,7191.26973899266,42.6188313366492,42.6235183449417,-8.2982850117935,-5.08600485849493
58,Spannagel cave,139,SPA70,300953,7193.884649,28.736448,28.85448502,-8.91038906849,
58,Spannagel cave,141,SPA127,303276,7194.505278,41.52638254,41.8514897,-8.01625719184,
58,Spannagel cave,732,SPA127_2023,432045,7195.12515020092,42.606386002507,42.8998999277937,-8.23136677598589,-5.12733601591842
58,Spannagel cave,141,SPA127,303277,7198.235466,41.59732716,41.7806042,-8.12935594452,
58,Spannagel cave,732,SPA127_2023,432046,7198.99487552135,42.6310328221534,43.1818201960532,-8.15640570673914,-4.67487591374096
58,Spannagel cave,139,SPA70,300954,7200.352943,28.54354728,28.52318902,-8.88931696471,
58,Spannagel cave,141,SPA127,303278,7201.955956,41.65154221,41.57846011,-8.09949605579,
58,Spannagel cave,732,SPA127_2023,432047,7202.73577707432,42.7756206649874,43.3127397576463,-8.01625719183627,-3.67464487026443
58,Spannagel cave,141,SPA127,303279,7205.799819,41.55051738,41.82925377,-8.18351393019,
58,Spannagel cave,732,SPA127_2023,432048,7206.65364381027,42.6270116846708,43.4689881997065,-8.12935594451771,-2.49532194417264
58,Spannagel cave,139,SPA70,300955,7206.922164,28.37527582,28.55283177,-8.85408649271,
58,Spannagel cave,141,SPA127,303280,7209.559128,41.59622443,42.06703306,-8.21373853375,
58,Spannagel cave,732,SPA127_2023,432049,7210.36124363875,42.6991909491926,43.3810156228756,-8.09949605578834,-1.57401784595727
58,Spannagel cave,141,SPA127,303281,7213.363589,41.56516435,42.16585146,-8.12154993435,
58,Spannagel cave,139,SPA70,300956,7213.417924,28.18010903,28.24225327,-8.83099243114,
58,Spannagel cave,732,SPA127_2023,432050,7214.35551851041,42.4856515864876,43.5797180892241,-8.18351393019278,-0.976383601956883
58,Spannagel cave,141,SPA127,303282,7217.213098,41.48572809,42.33028269,-8.07831613958,
58,Spannagel cave,732,SPA127_2023,432051,7218.22894222031,42.3929496710734,43.6181827950895,-8.21373853374873,-0.753560695636368
58,Spannagel cave,139,SPA70,300957,7219.880665,28.10407016,27.99411357,-8.7525667503,
58,Spannagel cave,141,SPA127,303283,7221.104351,41.28072051,42.40503218,-8.0981295808,
58,Spannagel cave,732,SPA127_2023,432052,7221.97122813096,42.4769371484335,43.7262200291607,-8.12154993434663,-0.501407861919958
58,Spannagel cave,141,SPA127,303284,7224.818834,41.43590632,42.35866503,-8.14572463746,
58,Spannagel cave,732,SPA127_2023,432053,7225.80678200478,42.573730635524,43.7990579871675,-8.07831613957877,-0.303611102978341
58,Spannagel cave,139,SPA70,300958,7226.344891,27.97055183,27.68948866,-8.77574326223,
58,Spannagel cave,141,SPA127,303285,7228.662193,41.49266483,42.40361542,-8.09192588207,
58,Spannagel cave,732,SPA127_2023,432054,7229.58754894338,42.7253110578367,43.9201058283434,-8.09812958080249,-0.350407643606378
58,Spannagel cave,141,SPA127,303286,7232.473102,41.71610565,42.4389655,-8.11621613566,
58,Spannagel cave,139,SPA70,300959,7232.909385,27.65510956,27.59758714,-8.65567308161,
58,Spannagel cave,732,SPA127_2023,432055,7233.43099940752,43.2020448028497,43.9854427538858,-8.14572463746306,-0.528267513902254
58,Spannagel cave,141,SPA127,303287,7236.27751,42.04143735,42.32945572,-8.22980836991,
58,Spannagel cave,732,SPA127_2023,432056,7237.33547405877,43.245281779291,44.071887032158,-8.09192588206753,-0.778417602637309
58,Spannagel cave,139,SPA70,300960,7239.32471,27.63840852,27.28249827,-8.7370395132,
58,Spannagel cave,141,SPA127,303288,7240.076459,42.35368555,42.37336777,-8.14784144321,
58,Spannagel cave,732,SPA127_2023,432057,7241.18795121439,43.5380080094565,44.2130472667341,-8.1162161356637,-1.08071755387389
58,Spannagel cave,141,SPA127,303289,7243.905552,42.64794926,42.43564295,-8.16277920748,
58,Spannagel cave,732,SPA127_2023,432058,7244.92600319563,43.7676997685448,44.4282440319421,-8.22980836991432,-1.32677799902777
58,Spannagel cave,139,SPA70,300961,7245.902665,27.48311367,26.99511284,-8.68400825915,
58,Spannagel cave,141,SPA127,303290,7247.725522,43.02088282,42.46446345,-8.18230286325,
58,Spannagel cave,732,SPA127_2023,432059,7248.73695749884,43.8701431086292,44.7163431191248,-8.14784144320679,-1.19944098143347
58,Spannagel cave,141,SPA127,303291,7251.525012,43.06444046,42.51259758,-8.20194327958,
58,Spannagel cave,139,SPA70,300962,7252.340194,27.44847277,26.70469832,-8.74635115048,
58,Spannagel cave,732,SPA127_2023,432060,7252.46918171698,44.1391559996537,44.8940276970479,-8.16277920748403,-0.92915761616025
58,Spannagel cave,141,SPA127,303292,7255.295515,43.19759874,42.53520189,-8.1930917334,
58,Spannagel cave,732,SPA127_2023,432061,7256.31936707007,44.138213450984,44.9982211224687,-8.1823028632486,-0.717262742364915
58,Spannagel cave,139,SPA70,300963,7258.892072,27.11848857,26.6557148,-8.72047817318,
58,Spannagel cave,141,SPA127,303293,7259.062371,43.52421355,42.59414804,-8.24398179984,
58,Spannagel cave,732,SPA127_2023,432062,7260.00183465113,44.2889906161718,44.8199595623673,-8.20194327957819,-0.769962313017868
58,Spannagel cave,141,SPA127,303294,7262.884733,43.68716911,42.62808619,-8.33932947959,
58,Spannagel cave,732,SPA127_2023,432063,7263.87492798218,44.3263274326728,45.0740999163245,-8.19309173340281,-0.821618007547402
58,Spannagel cave,139,SPA70,300964,7265.421621,26.96544107,26.63281613,-8.73344467668,
58,Spannagel cave,141,SPA127,303295,7266.652757,43.83162111,42.64194278,-8.12989115506,
58,Spannagel cave,732,SPA127_2023,432064,7267.78571024888,44.2148105867782,45.2090272525375,-8.24398179983941,-0.825283950842556
58,Spannagel cave,141,SPA127,303296,7270.417102,44.22760797,42.61485675,-7.9976811926,
58,Spannagel cave,732,SPA127_2023,432065,7271.57818767221,44.4198305141508,45.3014947309548,-8.33932947958609,-0.659505591631195
58,Spannagel cave,139,SPA70,300965,7272.009895,26.62859749,26.60571096,-8.71152163738,
58,Spannagel cave,141,SPA127,303297,7274.201262,44.31896002,42.66783836,-7.95255296686,
58,Spannagel cave,141,SPA127,303298,7278.003446,44.52062711,42.73347897,-8.03446983551,
58,Spannagel cave,139,SPA70,300966,7278.484793,26.3178756,26.13784742,-8.76599187594,
58,Spannagel cave,141,SPA127,303299,7281.853925,44.58413553,42.84005806,-8.19757051312,
58,Spannagel cave,732,SPA127_2023,432068,7283.10854534989,44.4990968869224,45.9968855757306,-8.12989115505868,-0.956589853675819
58,Spannagel cave,139,SPA70,300967,7285.068751,25.98458743,25.83044554,-8.70351024384,
58,Spannagel cave,141,SPA127,303300,7285.722578,44.52368047,43.20364397,-7.99264425268,
58,Spannagel cave,732,SPA127_2023,432069,7286.8911499286,44.6758289245336,46.0838540884633,-7.99768119260137,-0.959003820098646
58,Spannagel cave,141,SPA127,303301,7289.567691,44.49519749,43.31918791,-8.47254446655,
58,Spannagel cave,732,SPA127_2023,432070,7290.77810261949,44.784091440818,46.3190326161912,-7.95255296686089,-1.5113020804835
58,Spannagel cave,139,SPA70,300968,7291.560491,25.78179816,25.64976536,-8.67720276456,
58,Spannagel cave,141,SPA127,303302,7293.305577,44.53617978,43.18057689,-8.31667798369,
58,Spannagel cave,732,SPA127_2023,432071,7294.63858667369,44.7915790130146,46.4520438948975,-8.03446983551233,-2.24152080058982
58,Spannagel cave,141,SPA127,303303,7297.060422,44.65285087,43.29550423,-8.37135541387,
58,Spannagel cave,139,SPA70,300969,7298.025557,25.74290196,25.48751807,-8.55750224274,
58,Spannagel cave,732,SPA127_2023,432072,7298.53707975939,45.0190014024574,46.781274409348,-8.19757051311847,-3.56007913245957
58,Spannagel cave,141,SPA127,303304,7300.771159,44.77345274,43.32482203,-8.55727551568,
58,Spannagel cave,732,SPA127_2023,432073,7302.36241044102,45.5851295354405,47.1985673610925,-7.99264425267743,-3.09251399435935
58,Spannagel cave,139,SPA70,300970,7304.502625,25.50939409,25.47481132,-8.67076636341,
58,Spannagel cave,141,SPA127,303305,7304.5719,44.82555675,43.3985266,-8.46471520004,
58,Spannagel cave,732,SPA127_2023,432074,7306.23674303456,45.9512269235247,47.4871455386528,-8.47254446654775,-3.61309185842689
58,Spannagel cave,141,SPA127,303306,7308.519713,44.90294796,43.59142645,-8.45326496194,
58,Spannagel cave,732,SPA127_2023,432075,7309.99995039645,45.9971098100368,47.6701453705155,-8.31667798368979,-4.09907829641919
58,Spannagel cave,139,SPA70,300971,7310.978545,25.44694487,25.39495766,-8.51195377525,
58,Spannagel cave,141,SPA127,303307,7312.389413,45.05845161,43.64288944,-8.41402801896,
58,Spannagel cave,732,SPA127_2023,432076,7313.74083559646,46.1776644055935,47.9039434399583,-8.37135541387348,-4.65328471746802
58,Spannagel cave,141,SPA127,303308,7316.228823,45.19999155,43.70976182,-8.43635291307,
58,Spannagel cave,139,SPA70,300972,7317.464648,25.45894294,25.19284505,-8.48783583935,
58,Spannagel cave,732,SPA127_2023,432077,7317.48220630941,46.2426568539568,48.003706096325,-8.55727551567734,-4.85373214361833
58,Spannagel cave,141,SPA127,303309,7320.113433,45.1754437,44.17195545,-8.69380987881,
58,Spannagel cave,732,SPA127_2023,432078,7321.32123504783,46.3137105839469,48.1596964112641,-8.46471520004453,-5.10159178048122
58,Spannagel cave,141,SPA127,303310,7323.965462,45.28165396,44.47813353,-8.72652900122,
58,Spannagel cave,139,SPA70,300973,7323.969811,25.47433092,25.12503697,-8.58314498461,
58,Spannagel cave,732,SPA127_2023,432079,7325.17541692663,46.3882130093707,48.3497403358206,-8.45326496194333,-5.20468097626138
58,Spannagel cave,141,SPA127,303311,7327.858757,45.42142276,44.65431039,-8.46943911996,
58,Spannagel cave,732,SPA127_2023,432080,7328.99366143651,46.5176283940518,48.4842556713966,-8.41402801896229,-5.5729076967848
58,Spannagel cave,139,SPA70,300974,7330.516182,25.41514456,25.14587464,-8.59,
58,Spannagel cave,141,SPA127,303312,7331.602236,45.81752573,44.68707241,-8.32384579717,
58,Spannagel cave,732,SPA127_2023,432081,7332.73845294955,46.8632206098355,48.4062708669971,-8.43635291307482,-5.66418948705722
58,Spannagel cave,141,SPA127,303313,7335.408668,45.89014199,44.8949662,-8.25377626169,
58,Spannagel cave,732,SPA127_2023,432082,7336.43951971169,47.311595515207,48.4170620970226,-8.69380987880506,-5.79993424291291
58,Spannagel cave,139,SPA70,300975,7337.087237,25.31287548,25.3105168,-8.55960061318,
58,Spannagel cave,141,SPA127,303314,7339.276835,46.00946845,45.16180476,-8.13498331349,
58,Spannagel cave,732,SPA127_2023,432083,7340.14456211524,47.4987917187982,48.7073685470868,-8.72652900122453,-5.61498208698193
58,Spannagel cave,141,SPA127,303315,7343.094393,46.21814513,45.45787981,-8.32628053058,
58,Spannagel cave,139,SPA70,300976,7343.521685,25.17929906,25.14934364,-8.47931473282,
58,Spannagel cave,732,SPA127_2023,432084,7343.89876260021,47.691356016725,48.8042087348967,-8.46943911995575,-5.32762367214385
58,Spannagel cave,141,SPA127,303316,7346.861287,46.48016512,45.51583882,-8.3303884071,
58,Spannagel cave,732,SPA127_2023,432085,7347.69297167604,47.8229976476523,48.8768623622645,-8.32384579717414,-5.07507110453692
58,Spannagel cave,139,SPA70,300977,7350.077779,24.8210528,25.07801247,-8.51660081193,
58,Spannagel cave,141,SPA127,303317,7350.685083,46.68018927,45.73699181,-8.1912494938,
58,Spannagel cave,732,SPA127_2023,432086,7351.52736132173,47.8403526505335,48.9661815247073,-8.25377626169202,-5.3510706274528
58,Spannagel cave,141,SPA127,303318,7354.507288,46.82122989,45.96621728,-8.51172823216,
58,Spannagel cave,732,SPA127_2023,432087,7355.40041796278,47.8734929705515,49.0813154378275,-8.13498331349414,-5.32147590001527
58,Spannagel cave,139,SPA70,300978,7356.590625,24.55283806,24.91849075,-8.5,
58,Spannagel cave,141,SPA127,303319,7358.263443,46.96459346,46.15445999,-8.65350501057,
58,Spannagel cave,732,SPA127_2023,432088,7359.25101857468,47.9485737386012,49.3607399419616,-8.32628053057555,-5.29724093440803
58,Spannagel cave,141,SPA127,303320,7362.103823,46.93612669,46.45636501,-8.63808839704,
58,Spannagel cave,732,SPA127_2023,432089,7363.00957898896,48.1726828988049,49.4768144325026,-8.33038840709569,-5.30622290857672
58,Spannagel cave,139,SPA70,300979,7363.175176,24.50809736,24.84968056,-8.42664579681,
58,Spannagel cave,141,SPA127,303321,7365.947213,46.99364458,46.67669711,-9.10625346692,
58,Spannagel cave,732,SPA127_2023,432090,7366.87010730491,48.3050630857178,49.6631764748336,-8.19124949380456,-4.214652629366
58,Spannagel cave,139,SPA70,300980,7369.702176,24.55722671,24.74838778,-8.42438728556,
58,Spannagel cave,141,SPA127,303322,7369.749534,47.0694044,46.89825156,-8.9794992138,
58,Spannagel cave,732,SPA127_2023,432091,7370.69609674884,48.5398248307029,49.8065091229046,-8.51172823216041,-5.93543548962305
58,Spannagel cave,141,SPA127,303323,7373.647367,47.2413452,47.21531815,-9.93782287181,
58,Spannagel cave,732,SPA127_2023,432092,7374.4725228153,48.7584616043214,49.8560783622488,-8.65350501057346,-6.47174547652511
58,Spannagel cave,139,SPA70,300981,7376.224263,24.54886657,24.66277274,-8.38617025146,
58,Spannagel cave,141,SPA127,303324,7377.413954,47.31580197,47.3948676,-8.86958937844,
58,Spannagel cave,732,SPA127_2023,432093,7378.26770606925,48.883395279624,49.8641530274081,-8.63808839703633,-6.18071104301899
58,Spannagel cave,141,SPA127,303325,7381.292377,47.46873789,47.69432763,-8.6446868459,
58,Spannagel cave,732,SPA127_2023,432094,7382.03785347916,49.1048286508321,49.9053933698506,-9.10625346691749,-7.16689409676411
58,Spannagel cave,139,SPA70,300982,7382.724598,24.58449307,24.63925073,-8.44588357526,
58,Spannagel cave,141,SPA127,303326,7384.999747,47.89595319,47.81210068,-8.90323449924,
58,Spannagel cave,732,SPA127_2023,432095,7385.87740083363,49.2816335037751,50.1387273497776,-8.97949921380164,-6.75216899274228
58,Spannagel cave,141,SPA127,303327,7388.759011,48.12034862,47.91985776,-9.53507365924,
58,Spannagel cave,139,SPA70,300983,7389.195037,24.53288134,24.6921578,-8.37405945261,
58,Spannagel cave,732,SPA127_2023,432096,7389.6508785184,49.5210267232833,50.2546665220825,-9.93782287180504,-6.57857208474201
58,Spannagel cave,141,SPA127,303328,7392.553856,48.15134934,48.20896509,-9.93485137364,
58,Spannagel cave,732,SPA127_2023,432097,7393.48451617666,49.7016964499289,50.3753570778608,-8.86958937843691,-6.70710472283868
58,Spannagel cave,139,SPA70,300984,7395.618725,24.5096759,24.50980886,-8.47534340304,
58,Spannagel cave,141,SPA127,303329,7396.243118,48.45391499,48.32647163,-8.78180992477,
58,Spannagel cave,141,SPA127,303330,7400.046245,48.72072692,48.38175603,-8.78328838944,
58,Spannagel cave,732,SPA127_2023,432099,7401.1689229016,50.166771867739,50.6509301797041,-8.64468684590375,-6.45437786394636
58,Spannagel cave,139,SPA70,300985,7402.157674,24.33927275,24.34820533,-8.60160358158,
58,Spannagel cave,141,SPA127,303331,7403.857586,48.95558922,48.4419137,-9.18238190984,
58,Spannagel cave,732,SPA127_2023,432100,7404.89669027023,50.5010317715578,50.7715754158207,-8.90323449924022,-6.52499755847539
58,Spannagel cave,141,SPA127,303332,7407.712498,49.23888606,48.75696666,-8.81780025844,
58,Spannagel cave,732,SPA127_2023,432101,7408.69360942961,50.6704830496064,50.9381420804775,-9.53507365923552,-6.49050782988811
58,Spannagel cave,139,SPA70,300986,7408.710006,24.33805767,24.28493751,-8.61079458481,
58,Spannagel cave,141,SPA127,303333,7411.498728,49.53309147,49.00266337,-8.90714494202,
58,Spannagel cave,732,SPA127_2023,432102,7412.57902594369,50.8903187800315,51.0072582387929,-9.93485137364022,-6.78641117339229
58,Spannagel cave,141,SPA127,303334,7415.263463,49.54003918,49.23817239,-8.77502442873,
58,Spannagel cave,139,SPA70,300987,7415.286293,24.34751916,24.32529779,-8.52476149434,
58,Spannagel cave,732,SPA127_2023,432103,7416.33077191034,50.881820881621,51.0525456742744,-8.78180992476983,-6.92026662983634
58,Spannagel cave,141,SPA127,303335,7419.192127,49.66856208,49.65591495,-8.86291621624,
58,Spannagel cave,732,SPA127_2023,432104,7420.0920566177,51.1199945258622,51.2019447591283,-8.78328838943596,-6.96103589404123
58,Spannagel cave,139,SPA70,300988,7421.923074,24.28128713,24.42482605,-8.49,
58,Spannagel cave,141,SPA127,303336,7423.076161,49.73345315,50.00967043,-8.67244907212,
58,Spannagel cave,732,SPA127_2023,432105,7424.04030067862,51.2604649383084,51.505876204591,-9.18238190984258,-7.03349420523619
58,Spannagel cave,141,SPA127,303337,7426.877619,49.85204742,50.30611702,-8.66908668816,
58,Spannagel cave,732,SPA127_2023,432106,7427.88768036965,51.3554894864383,51.7595853806715,-8.81780025844299,-7.1417361081783
58,Spannagel cave,139,SPA70,300989,7428.403175,24.45039395,24.6344779,-8.54968506848,
58,Spannagel cave,141,SPA127,303338,7430.67835,50.02290412,50.55954343,-8.57264191592,
58,Spannagel cave,732,SPA127_2023,432107,7431.78660639461,51.3291409394133,52.1468177610495,-8.90714494202318,-6.97056033369653
58,Spannagel cave,141,SPA127,303339,7434.504173,50.16702638,50.8510953,-8.44759740883,
58,Spannagel cave,139,SPA70,300990,7434.999032,24.52252764,24.76456344,-8.54965172702,
58,Spannagel cave,732,SPA127_2023,432108,7435.61336712943,51.4278198241909,52.1264990012805,-8.77502442873036,-6.95836765448843
58,Spannagel cave,141,SPA127,303340,7438.309767,50.40704458,51.07584597,-8.37662605113,
58,Spannagel cave,732,SPA127_2023,432109,7439.54245287306,51.4236131080579,52.4166881897872,-8.86291621623883,-6.99038786939317
58,Spannagel cave,139,SPA70,300991,7441.500088,24.57472077,24.66308141,-8.50166309062,
58,Spannagel cave,141,SPA127,303341,7442.127575,50.48843935,51.33952732,-8.05149377106,
58,Spannagel cave,732,SPA127_2023,432110,7443.32239495061,51.7543254830362,52.5752034358429,-8.67244907212255,-6.83108621044706
58,Spannagel cave,141,SPA127,303342,7445.963448,50.66484653,51.6861851,-7.86305912954,
58,Spannagel cave,732,SPA127_2023,432111,7447.13226667461,51.8222210545073,52.7353859028754,-8.66908668816138,-6.31244332857328
58,Spannagel cave,139,SPA70,300992,7448.039789,24.66898951,24.56162786,-8.44655209443,
58,Spannagel cave,141,SPA127,303343,7449.872491,50.81224339,52.10357687,-7.96055141555,
58,Spannagel cave,732,SPA127_2023,432112,7450.86120537687,52.0874932262541,52.7897896825734,-8.57264191592133,-5.57556697608688
58,Spannagel cave,141,SPA127,303344,7453.768218,50.94952576,52.44840289,-8.15320949126,
58,Spannagel cave,732,SPA127_2023,432113,7454.67062432635,52.2681234367265,52.9075320492548,-8.44759740883218,-4.86515703561124
58,Spannagel cave,139,SPA70,300993,7454.689048,24.62290611,24.75755806,-8.51954006945,
58,Spannagel cave,141,SPA127,303345,7457.504745,51.29571324,52.45036682,-7.98678553426,
58,Spannagel cave,732,SPA127_2023,432114,7458.47890670429,52.4417423597233,52.98440644315,-8.37662605112952,-5.1967798954129
58,Spannagel cave,139,SPA70,300994,7461.253971,24.61476316,24.89422772,-8.6076026886,
58,Spannagel cave,141,SPA127,303346,7461.343873,51.39745511,52.83701543,-8.25608329181,
58,Spannagel cave,732,SPA127_2023,432115,7462.30866763018,52.7249828458826,53.1254249369349,-8.05149377106324,-3.80418031840349
58,Spannagel cave,141,SPA127,303347,7465.05483,51.72910923,53.11687564,-8.12578759829,
58,Spannagel cave,732,SPA127_2023,432116,7466.084283832,52.9018345486074,53.3218076059475,-7.86305912953948,-2.46755975928396
58,Spannagel cave,139,SPA70,300995,7467.702121,24.79385474,24.97308347,-8.57850599152,
58,Spannagel cave,141,SPA127,303348,7468.747399,52.0274899,53.37432023,-8.04110024798,
58,Spannagel cave,732,SPA127_2023,432117,7469.90367092735,53.1526513476138,53.5398686450699,-7.96055141555293,-1.6093745283916
58,Spannagel cave,141,SPA127,303349,7472.571142,52.2934112,53.7812351,-7.88847505309,
58,Spannagel cave,732,SPA127_2023,432118,7473.77585482378,53.3777372125551,53.8939639037571,-8.15320949125826,-1.21328365823523
58,Spannagel cave,139,SPA70,300996,7474.316742,24.86805739,24.97794829,-8.5506540234,
58,Spannagel cave,141,SPA127,303350,7476.449877,52.53658488,54.22901149,-8.0004086807,
58,Spannagel cave,732,SPA127_2023,432119,7477.61369835067,53.5580207318699,54.0214539486633,-7.9867855342562,-1.46262528415034
58,Spannagel cave,141,SPA127,303351,7480.277713,52.78639679,54.5182477,-8.10713377037,
58,Spannagel cave,139,SPA70,300997,7480.843614,24.87997882,24.97042533,-8.53515850833,
58,Spannagel cave,141,SPA127,303352,7484.16297,52.93770347,54.81386309,-8.21216025016,
58,Spannagel cave,732,SPA127_2023,432121,7485.17887729217,53.9815067066156,54.4285284568514,-8.25608329180858,-2.31041401890966
58,Spannagel cave,139,SPA70,300998,7487.227126,25.03473479,24.89393027,-8.4911299735,
58,Spannagel cave,141,SPA127,303353,7488.043365,52.93585523,55.10461749,-8.26072966746,
58,Spannagel cave,141,SPA127,303354,7491.781561,53.29096306,55.28140739,-8.27762642951,
58,Spannagel cave,732,SPA127_2023,432123,7492.94719337031,54.2210976575889,55.0282672454341,-8.12578759829471,-3.40412668780315
58,Spannagel cave,139,SPA70,300999,7493.653173,25.25704214,24.95737236,-8.4495009153,
58,Spannagel cave,141,SPA127,303355,7495.613623,53.51892351,55.65136939,-8.17550975674,
58,Spannagel cave,732,SPA127_2023,432124,7496.73915470598,54.4360130740179,55.1758307008322,-8.04110024797826,-3.38576951501345
58,Spannagel cave,141,SPA127,303356,7499.347484,53.72184003,55.74304964,-8.13314637723,
58,Spannagel cave,139,SPA70,301000,7500.230784,25.66314619,25.09934686,-8.48003370976,
58,Spannagel cave,732,SPA127_2023,432125,7500.49940811544,54.7002581809647,55.4738183427053,-7.88847505309495,-3.28013389848422
58,Spannagel cave,141,SPA127,303357,7503.089076,54.05067407,55.8134901,-8.12781557043,
58,Spannagel cave,732,SPA127_2023,432126,7504.23080603263,54.9494412177864,55.7292237793226,-8.00040868069946,-3.69605621561499
58,Spannagel cave,139,SPA70,301001,7506.800658,25.70593956,25.34395088,-8.42,
58,Spannagel cave,141,SPA127,303358,7506.98378,54.11416643,56.02494685,-8.00809833041,
58,Spannagel cave,732,SPA127_2023,432127,7508.14280790788,55.0427589042447,56.1569570427055,-8.10713377036516,-3.86783279788708
58,Spannagel cave,141,SPA127,303359,7510.803626,54.47552646,56.19103442,-8.22131866145,
58,Spannagel cave,732,SPA127_2023,432128,7511.96718651583,55.2481678723025,56.4313602054035,-8.21216025016094,-4.1005911107725
58,Spannagel cave,139,SPA70,301002,7513.33035,25.7175482,25.7041762,-8.23,
58,Spannagel cave,141,SPA127,303360,7514.633656,54.84439772,56.37996592,-7.97763505541,
58,Spannagel cave,732,SPA127_2023,432129,7515.94455107313,55.3287351009203,56.788646964661,-8.26072966745661,-4.25309842195837
58,Spannagel cave,141,SPA127,303361,7518.362458,55.25474413,56.40756458,-8.11210756578,
58,Spannagel cave,139,SPA70,301003,7519.829825,25.72006974,25.59113969,-8.36768976205,
58,Spannagel cave,732,SPA127_2023,432130,7519.87939712625,55.5157822400079,56.9759022804137,-8.27762642950943,-4.23324504884826
58,Spannagel cave,141,SPA127,303362,7522.151542,55.4595365,56.53248201,-8.1720858131,
58,Spannagel cave,732,SPA127_2023,432131,7523.65551133738,55.5786298553103,57.3144435963422,-8.1755097567363,-4.47444920518543
58,Spannagel cave,141,SPA127,303363,7526.028252,55.54235094,56.99587683,-8.13542212533,
58,Spannagel cave,139,SPA70,301004,7526.248075,26.03175625,25.65373432,-8.25527291566,
58,Spannagel cave,732,SPA127_2023,432132,7527.46122545075,55.7094543039902,57.6670226716442,-8.13314637723003,-4.41968886603248
58,Spannagel cave,141,SPA127,303364,7529.937499,55.73367664,57.29515698,-8.16874735105,
58,Spannagel cave,732,SPA127_2023,432133,7531.24858144387,55.7357609850023,57.87431461493,-8.12781557043493,-4.54805980042647
58,Spannagel cave,139,SPA70,301005,7532.80939,26.31859912,25.87315186,-8.31,
58,Spannagel cave,141,SPA127,303365,7533.810538,55.99914174,57.52063591,-8.29592524397,
58,Spannagel cave,732,SPA127_2023,432134,7535.02823826429,55.7717100568607,58.0123637567576,-8.00809833041096,-4.66972269153164
58,Spannagel cave,141,SPA127,303366,7537.589636,56.33779804,57.72666325,-8.30683929309,
58,Spannagel cave,732,SPA127_2023,432135,7538.715889355,56.1900784882682,57.9436036991292,-8.22131866145389,-4.65547238397804
58,Spannagel cave,139,SPA70,301006,7539.298499,26.5423644,25.8134106,-8.23097292165,
58,Spannagel cave,141,SPA127,303367,7541.460221,56.58496653,58.0477387,-8.14703226954,
58,Spannagel cave,732,SPA127_2023,432136,7542.57580707125,56.2824920147423,58.0471102670335,-7.97763505541085,-4.69255597798352
58,Spannagel cave,141,SPA127,303368,7545.246036,56.85364865,58.30127852,-8.21266197015,
58,Spannagel cave,139,SPA70,301007,7545.833522,26.63968569,26.07553708,-8.35532170383,
58,Spannagel cave,732,SPA127_2023,432137,7546.44241471926,56.5539079014407,58.1573067667077,-8.11210756577896,-4.67754400580867
58,Spannagel cave,141,SPA127,303369,7549.11951,56.98463282,58.53153635,-8.10535877682,
58,Spannagel cave,732,SPA127_2023,432138,7550.29348470421,56.8244343658016,58.2519656033201,-8.17208581309777,-4.47777819258382
58,Spannagel cave,139,SPA70,301008,7552.390642,26.94893214,26.26774412,-8.18,
58,Spannagel cave,141,SPA127,303370,7552.935586,57.24889344,58.77925443,-8.27065322956,
58,Spannagel cave,732,SPA127_2023,432139,7554.16497631845,57.0110753165172,58.3670460692201,-8.13542212532591,-4.34526788810895
58,Spannagel cave,141,SPA127,303371,7556.814344,57.40812293,59.04782577,-8.30255974235,
58,Spannagel cave,732,SPA127_2023,432140,7557.95335740471,57.3252843286664,58.4857000270576,-8.16874735105434,-4.30170089554095
58,Spannagel cave,139,SPA70,301009,7558.955275,26.99688925,26.30154582,-8.28,
58,Spannagel cave,141,SPA127,303372,7560.5712,57.59559669,59.18581673,-8.1982442415,
58,Spannagel cave,732,SPA127_2023,432141,7561.78102416309,57.6328953814727,58.7708209313896,-8.29592524396987,-4.44378676056237
58,Spannagel cave,141,SPA127,303373,7564.326377,57.76007824,59.44096386,-8.06560564329,
58,Spannagel cave,139,SPA70,301010,7565.439077,27.2994436,26.41054681,-8.26,
58,Spannagel cave,732,SPA127_2023,432142,7565.60958401457,57.9396133411847,59.3260437532763,-8.30683929309193,-4.97976457303742
58,Spannagel cave,141,SPA127,303374,7568.050167,57.94708124,59.82169901,-8.06914287184,
58,Spannagel cave,732,SPA127_2023,432143,7569.46289005525,58.1925585274685,59.5009176674075,-8.14703226954336,-4.88047477026241
58,Spannagel cave,141,SPA127,303375,7571.815659,58.1106203,60.0949504,-8.01788671092,
58,Spannagel cave,139,SPA70,301011,7571.959614,27.45467361,26.46707312,-8.27,
58,Spannagel cave,732,SPA127_2023,432144,7573.19208841991,58.4298125240402,59.5510081361317,-8.21266197015437,-4.73056796425935
58,Spannagel cave,141,SPA127,303376,7575.704456,58.17859341,60.35200681,-7.87505282638,
58,Spannagel cave,732,SPA127_2023,432145,7577.05871127301,58.4813898723187,59.9465682206101,-8.10535877682124,-4.53563607667999
58,Spannagel cave,139,SPA70,301012,7578.507489,27.62824495,26.76534562,-8.41,
58,Spannagel cave,141,SPA127,303377,7579.487016,58.37690024,60.55194488,-7.80721218948,
58,Spannagel cave,732,SPA127_2023,432146,7580.88379512174,58.5408735631809,60.1008314491482,-8.2706532295642,-5.05954865260726
58,Spannagel cave,141,SPA127,303378,7583.326786,58.86645442,60.65806846,-7.84505070952,
58,Spannagel cave,732,SPA127_2023,432147,7584.76154860135,58.6495810033839,60.4300341937978,-8.30255974234888,-5.02063989190984
58,Spannagel cave,139,SPA70,301013,7585.053884,27.80996709,27.0086888,-8.41,
58,Spannagel cave,141,SPA127,303379,7587.166933,59.28884596,61.20052328,-7.96338100894,
58,Spannagel cave,732,SPA127_2023,432148,7588.61720455899,58.9003484685927,60.6372768937754,-8.19824424150377,-4.93903707242704
58,Spannagel cave,141,SPA127,303380,7591.011269,59.46945419,61.42655913,-7.9994800909,
58,Spannagel cave,139,SPA70,301014,7591.653898,27.86183484,27.29559476,-8.16,
58,Spannagel cave,732,SPA127_2023,432149,7592.4852226244,59.1452822574511,60.9650658712408,-8.06560564329253,-4.78331063057996
58,Spannagel cave,141,SPA127,303381,7594.837972,59.64051897,61.62164853,-7.96436150634,
58,Spannagel cave,732,SPA127_2023,432150,7596.35827122985,59.3586468781887,61.3680571370242,-8.06914287183916,-4.51815056799949
58,Spannagel cave,139,SPA70,301015,7598.092701,28.1734833,27.42222204,-8.16131597757,
58,Spannagel cave,141,SPA127,303382,7598.702874,59.79452402,61.85493598,-8.01979276284,
58,Spannagel cave,732,SPA127_2023,432151,7600.03718018349,59.6712398218615,61.5611503635828,-8.01788671091903,-4.10392510079819
58,Spannagel cave,141,SPA127,303383,7602.552963,59.98094807,62.05467932,-8.10304844052,
58,Spannagel cave,732,SPA127_2023,432152,7603.73684160278,59.9359574306363,61.8210425460338,-7.87505282638278,-2.76185487434855
58,Spannagel cave,139,SPA70,301016,7604.513962,28.49496883,27.46039487,-8.2301652855,
58,Spannagel cave,141,SPA127,303384,7606.353522,60.40423202,62.25656642,-8.26010749552,
58,Spannagel cave,732,SPA127_2023,432153,7607.66747569908,60.0898350069601,62.3119074054821,-7.80721218948146,-1.75710864846391
58,Spannagel cave,141,SPA127,303385,7610.131736,60.80612057,62.51218924,-8.04866161495,
58,Spannagel cave,139,SPA70,301017,7611.054165,28.55830984,27.71090253,-8.12,
58,Spannagel cave,732,SPA127_2023,432154,7611.47187325898,60.5803064861002,62.7741286781265,-7.84505070952185,-1.75042893004974
58,Spannagel cave,141,SPA127,303386,7613.924595,61.19649702,62.80112642,-7.97149298467,
58,Spannagel cave,732,SPA127_2023,432155,7615.331697569,60.8139159096108,63.3804766281992,-7.96338100893932,-1.60819404846823
58,Spannagel cave,139,SPA70,301018,7617.580727,28.89139008,28.01800192,-8.16,
58,Spannagel cave,141,SPA127,303387,7617.727316,61.47147817,63.0871387,-7.94286446658,
58,Spannagel cave,732,SPA127_2023,432156,7619.1310692018,61.089270798253,63.7484418313215,-7.99948009090234,-1.75188399276986
58,Spannagel cave,141,SPA127,303388,7621.519409,61.606988,63.26870635,-7.91525948169,
58,Spannagel cave,732,SPA127_2023,432157,7622.9255029547,61.3695635667991,63.9705684780238,-7.96436150633503,-1.8187911355672
58,Spannagel cave,139,SPA70,301019,7624.100068,29.15143911,28.32089789,-8.13,
58,Spannagel cave,141,SPA127,303389,7625.310691,61.78206411,63.57806296,-7.97990498406,
58,Spannagel cave,732,SPA127_2023,432158,7626.66299532876,61.7148491603948,64.1357537458771,-8.01979276283621,-1.8988136835202
58,Spannagel cave,141,SPA127,303390,7629.148166,61.90210677,63.7156938,-7.81452948135,
58,Spannagel cave,732,SPA127_2023,432159,7630.37873975955,62.0799004870278,64.2826345859876,-8.10304844052201,-1.78356483980307
58,Spannagel cave,139,SPA70,301020,7630.567027,29.44246887,28.46984323,-8.17790353111,
58,Spannagel cave,141,SPA127,303391,7632.973196,62.08934803,63.84705202,-8.01719077003,
58,Spannagel cave,732,SPA127_2023,432160,7634.14141967676,62.4059529379974,64.5878156554227,-8.26010749551689,-1.63944336266117
58,Spannagel cave,141,SPA127,303392,7636.80308,62.27809368,64.01906355,-7.99658346298,
58,Spannagel cave,139,SPA70,301021,7637.017917,29.75086881,28.7880662,-8.2,
58,Spannagel cave,732,SPA127_2023,432161,7637.93256025695,62.7037091893162,64.9296681788455,-8.04866161495345,-1.32179076209415
58,Spannagel cave,141,SPA127,303393,7640.610834,62.65582722,64.2740164,-8.14784002707,
58,Spannagel cave,732,SPA127_2023,432162,7641.7286337185,63.0522297592925,65.2764535836232,-7.97149298467298,-1.01345373123576
58,Spannagel cave,139,SPA70,301022,7643.559788,30.09749965,29.14998196,-8.04,
58,Spannagel cave,141,SPA127,303394,7644.417568,62.95769761,64.55850536,-8.19856022842,
58,Spannagel cave,732,SPA127_2023,432163,7645.59752287003,63.4437096688671,65.6932672375733,-7.94286446658378,-0.921731533582568
58,Spannagel cave,141,SPA127,303395,7648.250153,63.15461664,64.86884588,-8.14976285349,
58,Spannagel cave,732,SPA127_2023,432164,7649.43488999627,63.8724024624498,65.8172708077309,-7.91525948169185,-0.972939964337028
58,Spannagel cave,139,SPA70,301023,7650.023882,30.52495012,29.51265427,-8.1,
58,Spannagel cave,141,SPA127,303396,7652.067607,63.55486857,65.13507733,-8.14090812647,
58,Spannagel cave,732,SPA127_2023,432165,7653.19581271517,64.3775396633637,65.8181665709417,-7.97990498405789,-1.17907124963943
58,Spannagel cave,141,SPA127,303397,7655.895914,63.88610712,65.32589561,-8.07238385133,
58,Spannagel cave,139,SPA70,301024,7656.484947,30.92527486,29.65745831,-8.18,
58,Spannagel cave,732,SPA127_2023,432166,7656.94740441209,64.715944816372,65.9786564630012,-7.81452948135023,-1.37083235601445
58,Spannagel cave,141,SPA127,303398,7659.605179,64.2262697,65.33939515,-8.13756597029,
58,Spannagel cave,732,SPA127_2023,432167,7660.7684821427,64.6666267492246,66.4225688962724,-8.0171907700257,-2.02068313262177
58,Spannagel cave,139,SPA70,301025,7662.98375,31.10040738,29.74533647,-8.11086478688,
58,Spannagel cave,141,SPA127,303399,7663.373965,64.5069108,65.49118148,-8.17579802594,
58,Spannagel cave,732,SPA127_2023,432168,7664.56156709036,64.9492353498545,66.8432247557321,-7.99658346297616,-2.357151087836
58,Spannagel cave,141,SPA127,303400,7667.148096,64.75216733,65.78699994,-8.34956207747,
58,Spannagel cave,732,SPA127_2023,432169,7668.32232262603,65.1414219162289,66.98044727464,-8.14784002706806,-2.64091299251468
58,Spannagel cave,139,SPA70,301026,7669.489069,31.39275624,30.25040985,-8.19581897936,
58,Spannagel cave,141,SPA127,303401,7670.951205,64.96928994,66.11179652,-8.21398973069,
58,Spannagel cave,732,SPA127_2023,432170,7672.23592651246,65.1995695035193,67.2505138776442,-8.19856022842467,-2.78177647640148
58,Spannagel cave,141,SPA127,303402,7674.816071,65.28505093,66.49834992,-8.4850964436,
58,Spannagel cave,139,SPA70,301027,7675.973287,31.65046195,30.28493319,-8.0173721524,
58,Spannagel cave,732,SPA127_2023,432171,7676.10760037494,65.5724191728914,67.60042551277,-8.14976285349429,-3.02952733133756
58,Spannagel cave,141,SPA127,303403,7678.676879,65.57630784,66.88084524,-8.58140380707,
58,Spannagel cave,732,SPA127_2023,432172,7680.00347280305,66.0047447581674,67.9216735102691,-8.1409081264727,-3.84195540167901
58,Spannagel cave,141,SPA127,303404,7682.457792,65.82412083,67.18344576,-8.58057279855,
58,Spannagel cave,139,SPA70,301028,7682.471282,31.75397165,30.6532211,-8.1,
58,Spannagel cave,732,SPA127_2023,432173,7683.90074713628,66.205704423779,68.2161915108745,-8.07238385132759,-4.02024303217285
58,Spannagel cave,141,SPA127,303405,7686.198722,66.08968305,67.44606314,-8.31555960334,
58,Spannagel cave,732,SPA127_2023,432174,7687.86794028983,66.2243944362635,68.5806283317979,-8.1375659702945,-4.39818422959478
58,Spannagel cave,139,SPA70,301029,7688.937053,32.26044996,30.95750582,-8.12,
58,Spannagel cave,141,SPA127,303406,7689.95784,66.33240261,67.72686945,-8.550750335,
58,Spannagel cave,732,SPA127_2023,432175,7691.7509802911,66.6210154284136,68.8516233978798,-8.17579802593911,-4.66494386290858
58,Spannagel cave,141,SPA127,303407,7693.760431,66.61204587,68.0511475,-8.31590732939,
58,Spannagel cave,141,SPA127,303408,7695.54129,66.28709481,67.57436414,-8.31613639996,
58,Spannagel cave,732,SPA127_2023,432176,7695.63849058552,66.8913047698443,69.1261765430272,-8.34956207746855,-4.81164706207591
58,Spannagel cave,139,SPA70,301030,7696.982824,31.4888759,30.37948576,-8.14,
58,Spannagel cave,141,SPA127,303409,7697.461389,65.80012676,67.01978333,-8.14996068579,
58,Spannagel cave,732,SPA127_2023,432177,7697.47467079424,66.564376584467,68.6203643129902,-8.21398973068744,-4.78587862388149
58,Spannagel cave,732,SPA127_2023,432178,7699.24583865619,66.3024607458137,68.0877639507144,-8.48509644360118,-5.37800028017137
58,Spannagel cave,141,SPA127,303410,7699.35436,65.3372787,66.4305814,-8.24702779431,
58,Spannagel cave,732,SPA127_2023,432179,7701.09791772706,65.7468640446486,67.573253188255,-8.58140380706642,-5.45540371547452
58,Spannagel cave,141,SPA127,303411,7701.187046,64.93471505,65.85903348,-8.35015702015,
58,Spannagel cave,732,SPA127_2023,432180,7703.00322261541,65.3874599772735,67.1119682432791,-8.58057279854646,-5.88843937787197
58,Spannagel cave,141,SPA127,303412,7703.105468,64.44641467,65.37322229,-8.18702582464,
58,Spannagel cave,732,SPA127_2023,432181,7704.83149322451,65.0290958851519,66.4968122209484,-8.3155596033382,-5.49267931494256
58,Spannagel cave,139,SPA70,301031,7704.875573,31.00106128,29.67096862,-8.20390588692,
58,Spannagel cave,141,SPA127,303413,7705.013139,63.85956834,64.87665926,-8.27298946372,
58,Spannagel cave,732,SPA127_2023,432182,7706.730605557,64.5516291632975,65.9433870591556,-8.55075033500045,-5.92323731337001
58,Spannagel cave,141,SPA127,303414,7706.909251,63.41658204,64.54528691,-8.14325307079,
58,Spannagel cave,732,SPA127_2023,432183,7708.56552620402,64.1599231669752,65.3705425160097,-8.31590732938709,-5.38934011209284
58,Spannagel cave,141,SPA127,303415,7708.714722,63.05403662,64.34951857,-8.091836331,
58,Spannagel cave,732,SPA127_2023,432184,7710.38724148316,63.7751907612528,64.8165127067368,-8.31613639996374,-4.79109326690068
58,Spannagel cave,141,SPA127,303416,7710.665751,62.39127084,64.29930939,-8.17320694174,
58,Spannagel cave,732,SPA127_2023,432185,7712.18938115388,63.3836752109246,64.3947181990898,-8.14996068579163,-3.78412804058397
58,Spannagel cave,141,SPA127,303417,7712.655801,61.84539762,64.2881213,-8.20067227485,
58,Spannagel cave,139,SPA70,301032,7712.947944,30.4189252,29.31175911,-8.21463039988,
58,Spannagel cave,732,SPA127_2023,432186,7714.08266961303,62.9010108721668,64.183624493885,-8.24702779430724,-2.93582691559934
58,Spannagel cave,141,SPA127,303418,7714.364362,61.44313695,63.86677256,-8.16639421485,
58,Spannagel cave,732,SPA127_2023,432187,7715.96491917355,62.4293854320358,63.9654475677289,-8.35015702014584,-4.33105460857571
58,Spannagel cave,141,SPA127,303419,7716.211965,60.8930545,63.13718066,-8.09521084961,
58,Spannagel cave,732,SPA127_2023,432188,7717.75484252964,61.9573445150172,63.6925147815073,-8.18702582464381,-1.90584817702993
58,Spannagel cave,141,SPA127,303420,7718.188258,60.2237227,62.94467303,-7.96494162191,
58,Spannagel cave,732,SPA127_2023,432189,7719.69446256467,61.22202533985,63.386437272924,-8.27298946372117,-1.80927129401789
58,Spannagel cave,141,SPA127,303421,7720.171958,59.46521661,62.35688076,-8.1553765889,
58,Spannagel cave,139,SPA70,301033,7720.668856,30.34918009,28.71825314,-8.20160030966,
58,Spannagel cave,732,SPA127_2023,432190,7721.52505913395,60.899386377072,63.102205923411,-8.14325307079454,-1.90085986073144
58,Spannagel cave,141,SPA127,303422,7722.048415,58.92025859,62.1131422,-7.97880230642,
58,Spannagel cave,732,SPA127_2023,432191,7723.38888561791,60.492298169177,62.8340782238156,-8.09183633100107,-1.87357801545529
58,Spannagel cave,141,SPA127,303423,7723.946096,58.43282742,61.88180711,-7.97663111106,
58,Spannagel cave,732,SPA127_2023,432192,7725.2573183169,59.881625279304,62.388687796587,-8.17320694174157,-1.94315743164227
58,Spannagel cave,141,SPA127,303424,7725.731788,58.10262365,61.46910234,-7.9473339007,
58,Spannagel cave,732,SPA127_2023,432193,7727.30661115605,59.1655811364071,62.4015758954065,-8.20067227484917,-1.82344590534218
58,Spannagel cave,141,SPA127,303425,7727.672944,57.6228879,60.94649856,-7.97465095863,
58,Spannagel cave,139,SPA70,301034,7728.738061,29.90345417,28.55492669,-8.3094468238,
58,Spannagel cave,732,SPA127_2023,432194,7729.07043751164,58.8434538113534,62.0333849030421,-8.16639421484983,-1.71339898350532
58,Spannagel cave,141,SPA127,303426,7729.581671,56.98818094,60.39146727,-7.99757167905,
58,Spannagel cave,732,SPA127_2023,432195,7730.86276233213,58.4173289737519,61.3011476603042,-8.09521084960857,-2.25006088201724
58,Spannagel cave,141,SPA127,303427,7731.500318,56.37850189,60.31548248,-8.09925581138,
58,Spannagel cave,732,SPA127_2023,432196,7732.69822093283,58.037183788314,60.8268520144402,-7.96494162190771,-2.89693290620896
58,Spannagel cave,141,SPA127,303428,7733.311826,55.96106919,59.81219879,-8.4512187133,
58,Spannagel cave,732,SPA127_2023,432197,7734.68639345174,57.2970803955495,60.6933294429373,-8.15537658889572,-3.37971663198498
58,Spannagel cave,141,SPA127,303429,7735.137467,55.60388049,59.43533136,-8.14498649243,
58,Spannagel cave,732,SPA127_2023,432198,7736.63403949919,56.6732139908609,60.3592267473796,-7.97880230641718,-3.17203397940403
58,Spannagel cave,139,SPA70,301035,7736.669488,29.75593371,28.39529343,-8.24482566971,
58,Spannagel cave,141,SPA127,303430,7736.973286,55.24907369,59.19782465,-8.18802079495,
58,Spannagel cave,732,SPA127_2023,432199,7738.46226885034,56.1244491261614,59.924986872642,-7.97663111106096,-2.89527026240722
58,Spannagel cave,141,SPA127,303431,7738.878659,54.81959729,59.00334697,-8.2722456433,
58,Spannagel cave,732,SPA127_2023,432200,7740.44671621287,55.5420205984465,59.7134259191853,-7.94733390070122,-2.69409860933434
58,Spannagel cave,141,SPA127,303432,7740.699518,54.48245378,58.51015243,-8.13213538103,
58,Spannagel cave,732,SPA127_2023,432201,7742.37608021216,54.8290785404934,59.4467816024926,-7.97465095863488,-2.69685557576383
58,Spannagel cave,141,SPA127,303433,7742.553656,54.25177125,58.01799244,-8.4713098659,
58,Spannagel cave,732,SPA127_2023,432202,7744.21731461227,54.368113313838,59.1810154548393,-7.99757167905291,-2.76939451341477
58,Spannagel cave,141,SPA127,303434,7744.353384,53.97500366,57.46552569,-8.38668829971,
58,Spannagel cave,139,SPA70,301036,7744.560513,29.93224528,27.83168195,-8.1996341944,
58,Spannagel cave,732,SPA127_2023,432203,7746.04111708285,54.0271892096907,58.8862812542811,-8.09925581137555,-2.72128319136971
58,Spannagel cave,141,SPA127,303435,7746.176106,53.41262385,57.08551007,-8.32064320543,
58,Spannagel cave,732,SPA127_2023,432204,7747.81398567523,53.8306857962343,58.4214545002797,-8.45121871329941,-2.89074963609569
58,Spannagel cave,141,SPA127,303436,7747.979236,53.12075519,56.66679562,-8.43593558521,
58,Spannagel cave,732,SPA127_2023,432205,7749.61304302834,53.5585043282144,57.7736707406675,-8.1449864924259,-3.50410516540139
58,Spannagel cave,141,SPA127,303437,7749.756439,52.90316946,56.37974384,-8.17848361213,
58,Spannagel cave,732,SPA127_2023,432206,7751.55959887605,53.1913192316724,57.5183112262321,-8.18802079495241,-3.83825592297251
58,Spannagel cave,141,SPA127,303438,7751.676424,52.48902944,56.19437942,-8.17061737394,
58,Spannagel cave,139,SPA70,301037,7752.387189,29.58295383,27.75656846,-8.18,
58,Spannagel cave,732,SPA127_2023,432207,7753.36548611978,52.8136688973063,57.0750379181836,-8.27224564329525,-4.34112107861795
58,Spannagel cave,141,SPA127,303439,7753.47698,52.17891392,55.7117445,-7.99887092582,
58,Spannagel cave,732,SPA127_2023,432208,7755.12885860622,52.6645406007356,56.5892498528528,-8.1321353810272,-4.17316520891299
58,Spannagel cave,141,SPA127,303440,7755.306188,51.8811878,55.20413043,-8.10052709747,
58,Spannagel cave,732,SPA127_2023,432209,7757.06187779377,52.1641906352952,55.9741454575005,-8.47130986589632,-5.0894690093352
58,Spannagel cave,141,SPA127,303441,7757.248475,51.36657136,54.9816736,-8.29161332676,
58,Spannagel cave,732,SPA127_2023,432210,7758.886505344,51.7074653537638,55.2171357381403,-8.38668829970722,-5.24284888143792
58,Spannagel cave,141,SPA127,303442,7759.023301,50.89301918,54.68739514,-8.44387321,
58,Spannagel cave,139,SPA70,301038,7760.062722,29.46983682,27.29121864,-8.21302885456,
58,Spannagel cave,732,SPA127_2023,432211,7760.72504205948,51.4502110303938,54.8244765533036,-8.32064320542713,-5.39720974855968
58,Spannagel cave,141,SPA127,303443,7760.835093,50.51031836,54.45398807,-8.31514665284,
58,Spannagel cave,732,SPA127_2023,432212,7762.50237455433,51.0699083279169,54.4443366143996,-8.43593558520586,-5.47451903669905
58,Spannagel cave,141,SPA127,303444,7762.749024,49.88360871,53.99968441,-8.1960466041,
58,Spannagel cave,732,SPA127_2023,432213,7764.37538230028,50.7096928746878,54.1754635995621,-8.17848361213419,-5.66961611570927
58,Spannagel cave,141,SPA127,303445,7764.751884,49.47683696,53.59105762,-8.10615503993,
58,Spannagel cave,732,SPA127_2023,432214,7766.21769924967,50.5606765539842,53.8758997881596,-8.17061737393995,-4.91019743310714
58,Spannagel cave,141,SPA127,303446,7766.717109,49.02454417,52.9976957,-7.92023435491,
58,Spannagel cave,732,SPA127_2023,432215,7768.02055276446,50.1476036162567,53.5198665320204,-7.99887092581737,-3.82143740412838
58,Spannagel cave,139,SPA70,301039,7768.02799,29.33583901,27.18111717,-8.08877136943,
58,Spannagel cave,141,SPA127,303447,7768.634787,48.41802758,52.77256921,-7.98187939608,
58,Spannagel cave,732,SPA127_2023,432216,7769.90755196017,49.7341532864284,53.2626976166675,-8.10052709747255,-2.88063256360552
58,Spannagel cave,141,SPA127,303448,7770.53573,47.9920858,52.25461666,-7.96157842827,
58,Spannagel cave,732,SPA127_2023,432217,7771.74031939163,49.6890859831383,52.836203770119,-8.29161332676091,-2.33622133177849
58,Spannagel cave,141,SPA127,303449,7772.401971,47.70828738,51.70196245,-8.05865250103,
58,Spannagel cave,732,SPA127_2023,432218,7773.55237052955,49.3239999044126,52.3130837495692,-8.44387321000102,-1.97301323682182
58,Spannagel cave,141,SPA127,303450,7774.278364,47.34460912,51.04366246,-8.04420101138,
58,Spannagel cave,732,SPA127_2023,432219,7775.3234668941,48.9424097050924,52.2121565729776,-8.31514665283932,-1.80292780311468
58,Spannagel cave,139,SPA70,301040,7775.924827,29.00690148,27.31227046,-8.43721761884,
58,Spannagel cave,141,SPA127,303451,7776.17302,46.94030459,50.63522061,-8.03408663088,
58,Spannagel cave,732,SPA127_2023,432220,7777.23186052701,48.4068246633014,51.8033230034725,-8.19604660410275,-1.97323514428694
58,Spannagel cave,141,SPA127,303452,7778.048787,46.55488827,50.0920925,-8.16872834655,
58,Spannagel cave,732,SPA127_2023,432221,7779.21556829199,47.9390934421463,51.554229181027,-8.10615503992866,-2.03444615829416
58,Spannagel cave,141,SPA127,303453,7779.977352,46.39088776,49.60176273,-8.15997838091,
58,Spannagel cave,732,SPA127_2023,432222,7781.11907723357,47.3509651108789,51.0255613978443,-7.92023435490791,-2.16054771283399
58,Spannagel cave,141,SPA127,303454,7781.868455,45.77667722,49.09706949,-8.16311082128,
58,Spannagel cave,732,SPA127_2023,432223,7782.96967974449,47.0957765695657,50.5661211627648,-7.98187939607922,-2.21033730732049
58,Spannagel cave,141,SPA127,303455,7783.696824,45.51162197,48.55644333,-8.01142933533,
58,Spannagel cave,139,SPA70,301041,7783.795493,28.66986614,27.28119018,-8.45,
58,Spannagel cave,732,SPA127_2023,432224,7784.84077750695,46.8735897512697,50.1216226455372,-7.96157842826616,-1.75151408087221
58,Spannagel cave,141,SPA127,303456,7785.585202,45.31441211,48.47215986,-8.00370843163,
58,Spannagel cave,732,SPA127_2023,432225,7786.61733103545,46.6297265295252,50.0680618403476,-8.05865250102732,-1.61881184914605
58,Spannagel cave,141,SPA127,303457,7787.511341,44.8502003,48.46101665,-7.86908503436,
58,Spannagel cave,732,SPA127_2023,432226,7788.38318630433,46.2964093545379,49.9337026675139,-8.04420101137558,-1.43147566697923
58,Spannagel cave,141,SPA127,303458,7789.386986,44.45451003,47.8761287,-7.95852824557,
58,Spannagel cave,732,SPA127_2023,432227,7790.23387168415,45.7252543158038,49.6165420219077,-8.0340866308845,-1.25541275542107
58,Spannagel cave,141,SPA127,303459,7791.186495,43.98085528,47.43959421,-8.1590870894,
58,Spannagel cave,139,SPA70,301042,7791.49559,28.51107455,26.94816049,-8.38,
58,Spannagel cave,732,SPA127_2023,432228,7792.03357676489,45.2576912189816,49.0832342496869,-8.16872834654977,-1.13011321091277
58,Spannagel cave,141,SPA127,303460,7793.034677,43.68820132,47.07700855,-8.18659949262,
58,Spannagel cave,732,SPA127_2023,432229,7793.8433268281,45.3578822710742,48.6293702945286,-8.15997838090713,-1.30971988423405
58,Spannagel cave,141,SPA127,303461,7794.825036,43.40046908,46.71550027,-8.10128891527,
58,Spannagel cave,732,SPA127_2023,432230,7795.73248316331,45.3048634444185,48.3109365404889,-8.16311082127823,-1.50672109206806
58,Spannagel cave,141,SPA127,303462,7796.670423,42.94077704,46.33956884,-8.04993653947,
58,Spannagel cave,732,SPA127_2023,432231,7797.61489293044,44.8888391400551,48.0329240256551,-8.01142933533029,-1.41456766653455
58,Spannagel cave,141,SPA127,303463,7798.535316,42.74034697,46.05011366,-8.0695150043,
58,Spannagel cave,139,SPA70,301043,7799.277669,28.54684927,27.19167676,-8.24469184028,
58,Spannagel cave,732,SPA127_2023,432232,7799.56211948001,44.551583693893,47.7291981947574,-8.00370843162927,-1.90088715456935
58,Spannagel cave,141,SPA127,303464,7800.352673,42.354457,45.59983169,-8.12610793901,
58,Spannagel cave,732,SPA127_2023,432233,7801.43754301701,44.1940272579004,47.4866193528924,-7.86908503435932,-2.10704731275628
58,Spannagel cave,141,SPA127,303465,7802.172742,42.10743841,45.36791359,-7.91636276403,
58,Spannagel cave,732,SPA127_2023,432234,7803.12842406095,43.9412449225465,47.1240049395938,-7.95852824557123,-2.37895519015414
58,Spannagel cave,141,SPA127,303466,7804.084702,41.73144444,45.18369609,-8.04477532231,
58,Spannagel cave,732,SPA127_2023,432235,7805.04420309234,43.4681586586867,46.9477778830096,-8.15908708940349,-2.67340560901715
58,Spannagel cave,141,SPA127,303467,7805.891826,41.55603602,44.97670796,-8.22256067482,
58,Spannagel cave,732,SPA127_2023,432236,7806.76183925871,43.1638336458618,46.7792515097944,-8.18659949262008,-3.05167977788164
58,Spannagel cave,139,SPA70,301044,7807.159855,28.53364106,27.2275317,-8.19,
58,Spannagel cave,141,SPA127,303468,7807.582288,41.29883613,44.69865558,-8.02225543799,
58,Spannagel cave,732,SPA127_2023,432237,7808.50699984098,42.8319842171395,46.5380517411404,-8.10128891527205,-3.26405090669942
58,Spannagel cave,141,SPA127,303469,7809.416998,41.0729072,44.25196559,-7.96169112988,
58,Spannagel cave,732,SPA127_2023,432238,7810.29614336779,42.56307540936,46.3362032691502,-8.04993653946633,-2.82280541736765
58,Spannagel cave,141,SPA127,303470,7811.155181,40.91098427,43.6930405,-8.09824777499,
58,Spannagel cave,732,SPA127_2023,432239,7812.07747643372,42.4712531756331,45.9761143585465,-8.06951500429711,-2.34827725998801
58,Spannagel cave,141,SPA127,303471,7813.078331,40.60731451,43.46733963,-8.11356999358,
58,Spannagel cave,732,SPA127_2023,432240,7813.82995488723,42.2323163149822,45.441943212767,-8.1261079390131,-2.24968345794163
58,Spannagel cave,141,SPA127,303472,7814.821429,40.59572144,43.00181053,-8.16235099665,
58,Spannagel cave,139,SPA70,301045,7815.145184,28.40157148,27.4210611,-8.19743591007,
58,Spannagel cave,732,SPA127_2023,432241,7815.65369069075,42.1384538622833,45.1481331867308,-7.91636276402961,-1.77486832596899
58,Spannagel cave,141,SPA127,303473,7816.634608,40.28805125,42.54367415,-8.17234858159,
58,Spannagel cave,732,SPA127_2023,432242,7817.5304124035,41.6903009375947,44.9928762684112,-8.04477532231228,-1.88402308897392
58,Spannagel cave,141,SPA127,303474,7818.530459,40.16054653,42.15542777,-8.24362762131,
58,Spannagel cave,732,SPA127_2023,432243,7819.33747675168,41.4364281978642,44.4429475492107,-8.22256067481625,-1.93815527609904
58,Spannagel cave,141,SPA127,303475,7820.323151,40.09486635,41.6743788,-8.09926061736,
58,Spannagel cave,732,SPA127_2023,432244,7821.22455033992,41.2397440544873,44.1892163344728,-8.02225543798949,-1.92576726665873
58,Spannagel cave,141,SPA127,303476,7822.148221,39.95306428,41.24059102,-8.16975705732,
58,Spannagel cave,139,SPA70,301046,7822.88447,28.6305913,27.6605028,-8.19123538642,
58,Spannagel cave,732,SPA127_2023,432245,7823.04653823702,41.3084233145519,43.9180868561307,-7.96169112988446,-1.65476115058175
58,Spannagel cave,141,SPA127,303477,7824.019598,39.65217698,41.05556536,-8.18755199719,
58,Spannagel cave,732,SPA127_2023,432246,7824.88269617222,41.3629325365246,43.5778813160296,-8.09824777499357,-1.76199474264091
58,Spannagel cave,141,SPA127,303478,7825.870146,39.5986552,40.93044945,-8.09749628893,
58,Spannagel cave,732,SPA127_2023,432247,7826.83813804861,41.0431397366747,43.4396814320307,-8.11356999358111,-1.71776782467399
58,Spannagel cave,141,SPA127,303479,7827.658695,39.52017127,40.50971382,-8.24884691188,
58,Spannagel cave,732,SPA127_2023,432248,7828.65787231775,40.9075278213704,43.2877599455569,-8.16235099665037,-1.51617340297347
58,Spannagel cave,141,SPA127,303480,7829.477321,39.37071106,40.28404752,-8.09253557373,
58,Spannagel cave,732,SPA127_2023,432249,7830.56860874646,40.3459314661886,43.1980212129783,-8.17234858158769,-1.67986096222923
58,Spannagel cave,139,SPA70,301047,7830.765517,28.60797599,27.76879046,-8.19,
58,Spannagel cave,141,SPA127,303481,7831.373036,39.0360875,40.07809078,-8.08435805952,
58,Spannagel cave,732,SPA127_2023,432250,7832.2801190802,40.3214911710202,42.8023249482121,-8.24362762130971,-1.5588386897984
58,Spannagel cave,141,SPA127,303482,7833.241169,38.88855452,39.96860872,-8.27439881572,
58,Spannagel cave,732,SPA127_2023,432251,7833.99953735959,40.4337999627323,42.4791341948658,-8.09926061735708,-1.56897752978484
58,Spannagel cave,141,SPA127,303483,7834.982303,38.96981408,39.69051189,-8.1758397071,
58,Spannagel cave,732,SPA127_2023,432252,7835.82409573192,40.1458953560677,42.0486293013191,-8.16975705732479,-1.78426423328711
58,Spannagel cave,141,SPA127,303484,7836.818041,38.78723058,39.43053921,-8.18410677954,
58,Spannagel cave,732,SPA127_2023,432253,7837.56368254684,39.930377485447,41.6792310619157,-8.18755199719272,-2.17657633068489
58,Spannagel cave,139,SPA70,301048,7838.460191,29.14425959,27.76456744,-7.94622349601,
58,Spannagel cave,141,SPA127,303485,7838.702113,38.66285495,39.28679394,-8.29027617238,
58,Spannagel cave,732,SPA127_2023,432254,7839.51510805599,39.5037322338103,41.4629105311815,-8.09749628893464,-2.31393563684555
58,Spannagel cave,141,SPA127,303486,7840.526533,38.65552753,39.11302585,-8.22032795189,
58,Spannagel cave,732,SPA127_2023,432255,7841.41687472676,39.1815270220104,41.6435810673947,-8.24884691188433,-2.79869928691506
58,Spannagel cave,141,SPA127,303487,7842.374513,38.47703673,38.94920351,-8.28764239946,
58,Spannagel cave,732,SPA127_2023,432256,7843.23106450782,39.2576945659657,41.4283141266133,-8.09253557373279,-2.94174637354371
58,Spannagel cave,141,SPA127,303488,7844.123424,38.48512499,38.75705423,-8.27478127746,
58,Spannagel cave,732,SPA127_2023,432257,7845.16127154509,39.0661047277899,41.153416201415,-8.0843580595151,-3.20613594433188
58,Spannagel cave,141,SPA127,303489,7845.888955,38.23593838,38.68662456,-8.26585315545,
58,Spannagel cave,139,SPA70,301049,7846.411421,29.55546519,28.07377498,-8.15,
58,Spannagel cave,732,SPA127_2023,432258,7846.97242679339,39.0541637514889,41.0365869583547,-8.27439881572023,-3.47361263618911
58,Spannagel cave,141,SPA127,303490,7847.636133,37.91932623,38.5415212,-8.23018638906,
58,Spannagel cave,732,SPA127_2023,432259,7848.83687553205,39.0519766259258,40.8493753282319,-8.1758397070952,-3.70034501507817
58,Spannagel cave,141,SPA127,303491,7849.417379,37.90649489,38.4265147,-8.08487843594,
58,Spannagel cave,732,SPA127_2023,432260,7850.61358381513,38.8980095089246,40.6046513150495,-8.18410677954377,-3.77110468016717
58,Spannagel cave,141,SPA127,303492,7851.279445,37.7489803,38.22629539,-8.06526577278,
58,Spannagel cave,732,SPA127_2023,432261,7852.30742501863,39.134250439547,40.5592544523934,-8.29027617238468,-3.87694292358
58,Spannagel cave,141,SPA127,303493,7853.104286,37.67412029,38.1365473,-8.21164313261,
58,Spannagel cave,732,SPA127_2023,432262,7854.02525772281,39.1991974443836,40.1482876658038,-8.22032795189019,-3.86281076968591
58,Spannagel cave,139,SPA70,301050,7854.213996,29.88646472,28.03788639,-8.10184994547,
58,Spannagel cave,141,SPA127,303494,7854.859762,37.60241878,37.88820016,-8.21456935305,
58,Spannagel cave,732,SPA127_2023,432263,7855.78554831466,39.2164256326951,39.6519785336304,-8.28764239945727,-3.83896167583475
58,Spannagel cave,141,SPA127,303495,7856.723171,37.6307169,37.81621603,-8.26506223538,
58,Spannagel cave,732,SPA127_2023,432264,7857.55946599705,39.1048411055472,39.4076083785149,-8.27478127746122,-4.10221430819245
58,Spannagel cave,141,SPA127,303496,7858.612531,37.7512614,37.71677165,-8.38860502716,
58,Spannagel cave,732,SPA127_2023,432265,7859.32242099497,38.8261998197795,39.2586944982286,-8.26585315544685,-3.9820846593675
58,Spannagel cave,141,SPA127,303497,7860.405882,37.66699576,37.73224688,-8.36226079031,
58,Spannagel cave,732,SPA127_2023,432266,7861.24650386979,38.5151874484782,39.3124174987306,-8.23018638906016,-2.75827584205105
58,Spannagel cave,139,SPA70,301051,7862.121756,29.90381787,28.37366232,-8.30811528328,
58,Spannagel cave,141,SPA127,303498,7862.255422,37.52449159,37.76991067,-8.39744634939,
58,Spannagel cave,732,SPA127_2023,432267,7863.0627212987,38.5402864710759,39.1996824216285,-8.08487843594453,-2.32836911006878
58,Spannagel cave,141,SPA127,303499,7864.155104,37.35376646,37.24860042,-8.39050217564,
58,Spannagel cave,732,SPA127_2023,432268,7864.98297966422,38.531068897988,38.9553087391068,-8.06526577277859,-2.42929851579813
58,Spannagel cave,141,SPA127,303500,7866.175231,37.1218194,37.34420748,-8.28239575556,
58,Spannagel cave,732,SPA127_2023,432269,7866.93646957142,38.3904735585647,38.8422660713104,-8.21164313260754,-1.71421576248174
58,Spannagel cave,141,SPA127,303501,7868.154164,37.17989072,37.4063936,-8.16517376545,
58,Spannagel cave,732,SPA127_2023,432270,7868.63233813807,38.799513243659,38.6367418162681,-8.21456935305104,-1.68345931748392
58,Spannagel cave,139,SPA70,301052,7870.022009,30.69794946,28.5400305,-8.25,
58,Spannagel cave,141,SPA127,303502,7870.028143,36.96237142,37.34095143,-8.37233824518,
58,Spannagel cave,732,SPA127_2023,432271,7870.2899051669,38.9569474075761,38.2557261253296,-8.26506223538099,-2.00800243973759
58,Spannagel cave,141,SPA127,303503,7871.719984,37.34989567,36.97618282,-8.2225932127,
58,Spannagel cave,732,SPA127_2023,432272,7871.99299125762,39.1029960668875,38.2219737816285,-8.38860502715859,-2.00176146797968
58,Spannagel cave,141,SPA127,303504,7873.665052,36.83171003,36.7981212,-8.37731381076,
58,Spannagel cave,732,SPA127_2023,432273,7873.81676331966,39.0837053459873,38.262484524007,-8.36226079030708,-1.96750704151328
58,Spannagel cave,141,SPA127,303505,7875.516961,36.82445398,36.68135433,-8.23934281729,
58,Spannagel cave,732,SPA127_2023,432274,7875.83277479766,38.905134160922,38.6062495132155,-8.39744634939002,-1.82454291532056
58,Spannagel cave,141,SPA127,303506,7877.389741,37.09092394,36.47999655,-8.3555881846,
58,Spannagel cave,732,SPA127_2023,432275,7877.79037300626,38.5773416580514,38.7046377927109,-8.3905021756418,-1.48015255570458
58,Spannagel cave,139,SPA70,301053,7878.104536,30.59408692,28.87966514,-8.34324467799,
58,Spannagel cave,141,SPA127,303507,7879.365828,36.95427307,36.4657569,-8.16085316413,
58,Spannagel cave,732,SPA127_2023,432276,7879.82369791267,38.2954050031631,38.5288641653979,-8.28239575555866,-1.47295581175916
58,Spannagel cave,141,SPA127,303508,7881.317494,36.88990589,36.75329084,-8.1242876308,
58,Spannagel cave,732,SPA127_2023,432277,7881.67159610649,38.1995607294521,38.3474127491791,-8.1651737654459,-1.52256942050818
58,Spannagel cave,141,SPA127,303509,7883.197358,36.906479,36.83071555,-8.09287021305,
58,Spannagel cave,732,SPA127_2023,432278,7883.54402503386,38.2909764937249,38.3063552209524,-8.3723382451817,-1.96297295556862
58,Spannagel cave,141,SPA127,303510,7885.078819,37.03293404,36.9260634,-8.06621360635,
58,Spannagel cave,732,SPA127_2023,432279,7885.37927390324,38.2235793707887,38.2613464795286,-8.22259321270331,-1.60442438758267
58,Spannagel cave,139,SPA70,301054,7885.963754,30.97874063,29.30164956,-8.37,
58,Spannagel cave,141,SPA127,303511,7886.935881,36.90857068,36.79975632,-7.87062383455,
58,Spannagel cave,732,SPA127_2023,432280,7887.1548857521,38.1092951151022,38.2350224502125,-8.37731381075637,-1.29948809797443
58,Spannagel cave,141,SPA127,303512,7888.684741,37.0833953,36.75530676,-7.97642075674,
58,Spannagel cave,732,SPA127_2023,432281,7888.90724418452,38.3655673241228,38.1508849906277,-8.23934281728839,-1.1367971831391
58,Spannagel cave,141,SPA127,303513,7890.331614,37.14944733,36.53521577,-8.0786293324,
58,Spannagel cave,732,SPA127_2023,432282,7890.67883978003,38.5189624070945,38.0829073895993,-8.35558818460261,-1.29182467165897
58,Spannagel cave,141,SPA127,303514,7892.189462,37.13218232,36.65216021,-8.01118796382,
58,Spannagel cave,732,SPA127_2023,432283,7892.50842830256,38.7536362972642,38.1459588842717,-8.16085316412786,-1.08143846034798
58,Spannagel cave,139,SPA70,301055,7893.922588,31.74744037,29.79434495,-8.47584171381,
58,Spannagel cave,141,SPA127,303515,7894.100001,37.21964685,36.77257704,-8.08054808927,
58,Spannagel cave,732,SPA127_2023,432284,7894.29755036977,38.8914598991851,38.0453280975835,-8.12428763080148,-1.06091767047724
58,Spannagel cave,141,SPA127,303516,7896.103784,37.27660804,36.78407195,-8.12333790642,
58,Spannagel cave,732,SPA127_2023,432285,7896.12471063012,38.9733300487105,38.0192375495035,-8.09287021304882,-0.999682333792469
58,Spannagel cave,732,SPA127_2023,432286,7897.93255077307,39.1324439770924,38.2094173986688,-8.06621360635059,-1.01323560807546
58,Spannagel cave,141,SPA127,303517,7898.030343,37.41207491,36.92576199,-8.01527335779,
58,Spannagel cave,732,SPA127_2023,432287,7899.7061501483,39.3069286689615,38.0678538574039,-7.87062383455199,-1.01041135899921
58,Spannagel cave,141,SPA127,303518,7899.749004,37.39921243,36.7756752,-8.09804080793,
58,Spannagel cave,732,SPA127_2023,432288,7901.54045936793,39.7716922621712,38.0457235733256,-7.97642075673646,-1.21143292785566
58,Spannagel cave,141,SPA127,303519,7901.778335,37.23919184,36.99884838,-8.14190223157,
58,Spannagel cave,139,SPA70,301056,7901.892466,32.03059944,30.28620272,-8.43110051052,
58,Spannagel cave,732,SPA127_2023,432289,7903.30862944481,39.8621580697427,38.0175482386303,-8.07862933240403,-1.73950998273714
58,Spannagel cave,141,SPA127,303520,7903.656514,37.32720703,37.21911833,-8.17054160102,
58,Spannagel cave,732,SPA127_2023,432290,7905.09881391727,39.8697213135329,38.0897445437795,-8.01118796381749,-1.65849565258664
58,Spannagel cave,141,SPA127,303521,7905.440626,37.49088572,37.24789494,-8.33230411404,
58,Spannagel cave,732,SPA127_2023,432291,7906.88076795428,39.9294663068395,37.7794066181023,-8.08054808926609,-1.66657880914142
58,Spannagel cave,141,SPA127,303522,7907.228279,37.75422103,37.19909165,-8.15810315347,
58,Spannagel cave,732,SPA127_2023,432292,7908.72144338601,40.0537239457253,37.8307542098619,-8.123337906419,-1.82369244372172
58,Spannagel cave,141,SPA127,303523,7909.110344,37.76660165,37.14082166,-8.10139768663,
58,Spannagel cave,139,SPA70,301057,7909.863709,32.33690894,30.66846088,-8.35,
58,Spannagel cave,732,SPA127_2023,432293,7910.73862910197,40.061332895446,37.8861972752056,-8.01527335778549,-2.02994681791412
58,Spannagel cave,141,SPA127,303524,7910.997897,37.66943583,37.29903746,-7.99172529652,
58,Spannagel cave,732,SPA127_2023,432294,7912.52694432765,40.2869487251055,37.9625857463443,-8.09804080792932,-2.19614960309736
58,Spannagel cave,141,SPA127,303525,7912.877239,37.80810052,37.61747234,-8.09571581193,
58,Spannagel cave,732,SPA127_2023,432295,7914.58340604671,40.3115958372728,38.1438988089039,-8.14190223156635,-2.13155322408225
58,Spannagel cave,141,SPA127,303526,7914.736734,37.9586125,37.75126294,-8.03969258343,
58,Spannagel cave,732,SPA127_2023,432296,7916.24145470953,40.9157208667675,38.5824603785422,-8.17054160102235,-1.93823223881817
58,Spannagel cave,141,SPA127,303527,7916.540401,37.88769345,37.87896295,-8.1462099367,
58,Spannagel cave,139,SPA70,301058,7917.833075,32.47692241,31.34813748,-8.28,
58,Spannagel cave,732,SPA127_2023,432297,7917.92488898367,41.4891612112615,38.760212099618,-8.33230411403651,-1.81385736112868
58,Spannagel cave,141,SPA127,303528,7918.469628,37.7321926,38.06847145,-8.25132687827,
58,Spannagel cave,732,SPA127_2023,432298,7919.70494206742,41.5441069012559,38.9226615630614,-8.15810315347431,-1.55630422199907
58,Spannagel cave,141,SPA127,303529,7920.364456,37.77475692,38.37610397,-8.22319089491,
58,Spannagel cave,732,SPA127_2023,432299,7921.65008995989,41.2146058455628,39.0656222689322,-8.10139768663197,-1.61119559174535
58,Spannagel cave,141,SPA127,303530,7922.140994,37.79047121,38.3994511,-8.23063346528,
58,Spannagel cave,732,SPA127_2023,432300,7923.53726071771,41.2971119822705,39.133580892385,-7.99172529651552,-1.570830932859
58,Spannagel cave,141,SPA127,303531,7923.881648,37.77475835,38.39087425,-8.21013703291,
58,Spannagel cave,732,SPA127_2023,432301,7925.36185773089,41.2432534099553,39.4636275108569,-8.09571581192833,-1.77716647067048
58,Spannagel cave,141,SPA127,303532,7925.703656,37.93049486,38.59640358,-8.23493378334,
58,Spannagel cave,139,SPA70,301059,7925.768957,33.09242224,32.12597509,-8.35,
58,Spannagel cave,732,SPA127_2023,432302,7927.19303362212,41.2891623058786,39.5393914477954,-8.03969258342934,-1.74815632489908
58,Spannagel cave,141,SPA127,303533,7927.56293,37.90984493,38.90054828,-8.17583348815,
58,Spannagel cave,732,SPA127_2023,432303,7929.11345829407,41.3594193829995,40.0005665310728,-8.14620993670165,-1.78899274254133
58,Spannagel cave,141,SPA127,303534,7929.484985,37.83376472,39.24342038,-8.07672373544,
58,Spannagel cave,732,SPA127_2023,432304,7931.05393701553,41.5335024707174,40.1025678626556,-8.2513268782666,-1.8232780365595
58,Spannagel cave,141,SPA127,303535,7931.35412,37.98627863,39.47151281,-8.12929919372,
58,Spannagel cave,732,SPA127_2023,432305,7933.07740677189,41.7954672024798,40.4332552032793,-8.22319089490738,-2.20400637117554
58,Spannagel cave,141,SPA127,303536,7933.182451,38.18044254,39.86940452,-8.02286424285,
58,Spannagel cave,139,SPA70,301060,7933.487731,33.90321449,32.53299307,-8.39,
58,Spannagel cave,732,SPA127_2023,432306,7934.81971796322,42.0893871669386,40.430413744446,-8.23063346527614,-2.40324992970745
58,Spannagel cave,141,SPA127,303537,7935.041887,38.44121697,40.15597279,-7.98369841507,
58,Spannagel cave,732,SPA127_2023,432307,7936.61434336148,42.2834382204956,40.7659043805361,-8.21013703291299,-2.28225736175867
58,Spannagel cave,141,SPA127,303538,7936.905163,38.74463361,40.01376005,-7.84866322866,
58,Spannagel cave,732,SPA127_2023,432308,7938.41684692697,42.4517260735765,41.1216942659848,-8.23493378333905,-2.19269873214636
58,Spannagel cave,141,SPA127,303539,7938.750843,38.86103226,40.05178204,-7.94176361798,
58,Spannagel cave,732,SPA127_2023,432309,7940.25685597788,42.812581930637,41.4180910662262,-8.17583348814631,-2.14706305883986
58,Spannagel cave,141,SPA127,303540,7940.592556,39.09724184,40.09876783,-7.81529304947,
58,Spannagel cave,139,SPA70,301061,7941.271016,35.04100266,32.84341415,-8.35937281639,
58,Spannagel cave,732,SPA127_2023,432310,7942.15389411219,43.0350636570656,41.667260370642,-8.07672373544458,-2.40715307763499
58,Spannagel cave,141,SPA127,303541,7942.489434,39.32161141,40.34913741,-7.84030536747,
58,Spannagel cave,732,SPA127_2023,432311,7943.95178311822,43.0447263734814,41.9588119588634,-8.12929919372453,-2.04611732743825
58,Spannagel cave,141,SPA127,303542,7944.390178,39.53042883,40.49555132,-7.7649046144,
58,Spannagel cave,732,SPA127_2023,432312,7945.92311085432,43.1261210437951,42.1653617343809,-8.02286424284606,-1.93773365915778
58,Spannagel cave,141,SPA127,303543,7946.213978,39.7719736,40.60137905,-7.8378930006,
58,Spannagel cave,732,SPA127_2023,432313,7947.76411855724,43.0237258061088,42.3698644402884,-7.98369841507062,-1.84857437896542
58,Spannagel cave,141,SPA127,303544,7947.94273,40.26648151,40.5814206,-7.8760000841,
58,Spannagel cave,139,SPA70,301062,7949.157654,35.4266698,33.25041679,-8.32,
58,Spannagel cave,732,SPA127_2023,432314,7949.60332221566,43.3507520099802,42.661612717342,-7.84866322866039,-1.77799016907124
58,Spannagel cave,141,SPA127,303545,7949.685698,40.62943375,40.53191265,-7.93775689127,
58,Spannagel cave,141,SPA127,303546,7951.570919,40.93168995,40.73777138,-7.86502479123,
58,Spannagel cave,732,SPA127_2023,432315,7951.58674011043,43.355705281213,43.0975752307468,-7.94176361797928,-1.83642266694061
58,Spannagel cave,732,SPA127_2023,432316,7953.32485692058,43.4687737578079,43.2529637972139,-7.81529304946999,-2.03063042974685
58,Spannagel cave,141,SPA127,303547,7953.409988,41.07197176,41.06819482,-8.00316255979,
58,Spannagel cave,732,SPA127_2023,432317,7955.03302043838,43.9270575202872,43.3695893612366,-7.84030536747262,-1.98749210114522
58,Spannagel cave,141,SPA127,303548,7955.129406,41.31948272,41.3819497,-8.07637897636,
58,Spannagel cave,732,SPA127_2023,432318,7956.96372883596,44.014008598193,43.6101114507028,-7.76490461440057,-2.16987316352916
58,Spannagel cave,139,SPA70,301063,7957.068152,36.04293097,34.07462158,-8.39796972975,
58,Spannagel cave,141,SPA127,303549,7957.105284,41.47015413,41.9790137,-8.01243192303,
58,Spannagel cave,732,SPA127_2023,432319,7958.85855136163,43.9588366870703,43.7316911122552,-7.83789300059965,-2.39726363447105
58,Spannagel cave,141,SPA127,303550,7958.988188,41.73949059,42.40141355,-8.13147708433,
58,Spannagel cave,732,SPA127_2023,432320,7960.6836089927,44.2075125885631,43.8389711477557,-7.8760000840955,-2.71071474000013
58,Spannagel cave,141,SPA127,303551,7960.897501,41.88749236,42.82872768,-8.01751119741,
58,Spannagel cave,732,SPA127_2023,432321,7962.57131878106,44.6203017960524,44.3183858880002,-7.9377568912668,-2.78152084741809
58,Spannagel cave,141,SPA127,303552,7962.906255,42.14540753,43.32738596,-8.1387481359,
58,Spannagel cave,732,SPA127_2023,432322,7964.44164663492,45.2313623783712,44.7257122821293,-7.86502479122995,-2.73444214841128
58,Spannagel cave,141,SPA127,303553,7964.674155,42.66969982,43.64732608,-8.24473478847,
58,Spannagel cave,139,SPA70,301064,7964.931544,37.00030064,34.70459654,-8.35215588644,
58,Spannagel cave,732,SPA127_2023,432323,7966.3351118712,45.1806216193509,45.1818143368901,-8.00316255978706,-3.2145918063243
58,Spannagel cave,141,SPA127,303554,7966.484054,43.00453857,43.71580077,-8.42667000435,
58,Spannagel cave,732,SPA127_2023,432324,7968.1687048143,45.7516728973933,45.531731566788,-8.07637897636019,-3.37371073703075
58,Spannagel cave,141,SPA127,303555,7968.493742,43.27770332,44.53634089,-8.39851790626,
58,Spannagel cave,732,SPA127_2023,432325,7969.94559046571,46.0143861462693,45.6448539962539,-8.01243192303205,-3.39606735935173
58,Spannagel cave,141,SPA127,303556,7970.385807,43.55463054,45.03248621,-8.40898071,
58,Spannagel cave,732,SPA127_2023,432326,7971.77616679572,46.3238359302959,45.6086057880666,-8.13147708433084,-3.80935986048152
58,Spannagel cave,141,SPA127,303557,7972.321738,43.97794233,45.54139378,-8.64137808931,
58,Spannagel cave,139,SPA70,301065,7972.912423,37.4841619,35.29736669,-8.49911048172,
58,Spannagel cave,732,SPA127_2023,432327,7973.80773557509,46.0361944133447,45.5288154996797,-8.01751119740839,-3.75668146588947
58,Spannagel cave,141,SPA127,303558,7974.400175,43.74337693,45.21376782,-8.44279206855,
58,Spannagel cave,141,SPA127,303559,7976.481536,43.41143526,44.86845509,-8.58875267259,
58,Spannagel cave,732,SPA127_2023,432329,7977.84561121932,45.8451671238054,45.3310043222864,-8.13874813590195,-4.5950492140831
58,Spannagel cave,141,SPA127,303560,7978.636638,42.91283463,44.59598146,-8.57955647189,
58,Spannagel cave,732,SPA127_2023,432330,7980.0730643299,45.5835688582574,45.2444321728344,-8.24473478846904,-4.92978968575943
58,Spannagel cave,141,SPA127,303561,7980.808015,42.43588675,44.43086738,-8.69254636825,
58,Spannagel cave,139,SPA70,301066,7980.838353,38.05616624,36.2358715,-8.51696954196,
58,Spannagel cave,732,SPA127_2023,432331,7982.22796370301,45.4043031114452,45.1614416575794,-8.42667000434819,-4.91269257803152
58,Spannagel cave,141,SPA127,303562,7982.957153,42.2137152,44.31598347,-8.54308443724,
58,Spannagel cave,732,SPA127_2023,432332,7984.31567123395,45.075441846474,44.8786299777321,-8.39851790625741,-5.29111515356251
58,Spannagel cave,141,SPA127,303563,7984.932603,42.30167381,44.0746421,-8.39018655533,
58,Spannagel cave,732,SPA127_2023,432333,7986.38743191859,44.9539494094724,44.579052268522,-8.4089807100027,-5.34368038962887
58,Spannagel cave,141,SPA127,303564,7987.079793,42.13572215,43.91018291,-8.44245453567,
58,Spannagel cave,732,SPA127_2023,432334,7988.4612634542,44.864122851297,44.3189612912411,-8.64137808930941,-5.25778691250256
58,Spannagel cave,139,SPA70,301067,7988.815212,38.51445421,37.20937295,-8.49483472122,
58,Spannagel cave,141,SPA127,303565,7989.286831,41.76307183,43.7742012,-8.40849021569,
58,Spannagel cave,732,SPA127_2023,432335,7990.59631549914,44.744991201228,44.184132855713,-8.44279206854947,-5.11946336637365
58,Spannagel cave,141,SPA127,303566,7991.403224,41.62199054,43.55893821,-8.45513538279,
58,Spannagel cave,732,SPA127_2023,432336,7992.77258579067,44.5760269214525,43.9036722401779,-8.58875267259262,-5.08153454440605
58,Spannagel cave,141,SPA127,303567,7993.562543,41.49710059,43.55328264,-8.28583261621,
58,Spannagel cave,732,SPA127_2023,432337,7994.91897787399,44.4923400004627,43.4603106021405,-8.5795564718903,-5.2153200173668
58,Spannagel cave,141,SPA127,303568,7995.71753,41.28450252,43.16630004,-8.15912335369,
58,Spannagel cave,139,SPA70,301068,7996.663471,38.80610767,38.07552521,-8.57132257814,
58,Spannagel cave,732,SPA127_2023,432338,7997.01847843011,44.3584389963717,42.7132124047976,-8.69254636824855,-5.40683303752858
58,Spannagel cave,141,SPA127,303569,7997.690627,41.0016357,42.81217284,-8.21758150968,
58,Spannagel cave,732,SPA127_2023,432339,7999.17718499685,44.1376522529608,42.4552274315793,-8.54308443723889,-5.51270528996846
58,Spannagel cave,141,SPA127,303570,7999.846264,40.71392475,42.75063575,-8.38409908497,
58,Spannagel cave,732,SPA127_2023,432340,8001.34822239731,43.8667432059574,42.3794298412631,-8.39018655532601,-5.52597251620766
58,Spannagel cave,141,SPA127,303571,8001.935302,40.41296615,42.29280831,-8.18865007992,
58,Spannagel cave,732,SPA127_2023,432341,8003.50016829762,43.6767449070558,42.2018858388865,-8.44245453566704,-5.60399729687729
58,Spannagel cave,141,SPA127,303572,8004.099381,40.09601577,42.26764493,-8.330205671,
58,Spannagel cave,139,SPA70,301069,8004.479649,39.51601263,38.93182993,-8.63629427916,
58,Spannagel cave,732,SPA127_2023,432342,8005.69244808719,43.3928227570541,42.1850086819804,-8.40849021569115,-5.60923957074876
58,Spannagel cave,141,SPA127,303573,8006.127228,39.92098492,41.98376944,-8.23205949968,
58,Spannagel cave,732,SPA127_2023,432343,8007.86550046693,43.1232764259166,41.9463867439918,-8.45513538278884,-5.75975454242623
58,Spannagel cave,141,SPA127,303574,8008.304766,39.78959945,41.90529316,-8.25415405107,
58,Spannagel cave,732,SPA127_2023,432344,8009.9510645101,43.0282134358231,41.8216278876116,-8.28583261621335,-5.4748181011688
58,Spannagel cave,141,SPA127,303575,8010.438473,39.76413116,41.7598111,-8.4590980071,
58,Spannagel cave,732,SPA127_2023,432345,8012.12172456084,42.8842263846391,41.8104164235983,-8.15912335368786,-5.70046817710261
58,Spannagel cave,139,SPA70,301070,8012.345864,40.52962981,39.69106658,-8.73,
58,Spannagel cave,141,SPA127,303576,8012.656656,39.63230955,41.63134174,-8.3225126705,
58,Spannagel cave,732,SPA127_2023,432346,8014.25283171918,43.0834332870272,41.6992808711748,-8.217581509684,-5.57340002098608
58,Spannagel cave,141,SPA127,303577,8014.78833,39.6124237,41.43200327,-8.23300895595,
58,Spannagel cave,732,SPA127_2023,432347,8016.43918787113,42.5614268285171,41.747170067626,-8.38409908496508,-5.64164196356996
58,Spannagel cave,141,SPA127,303578,8016.893358,39.39724699,41.33239862,-8.30955482937,
58,Spannagel cave,732,SPA127_2023,432348,8018.66941883112,42.277130748841,41.6228290710424,-8.18865007991549,-5.6894463718415
58,Spannagel cave,141,SPA127,303579,8018.983261,39.24891091,41.36989643,-8.40730225586,
58,Spannagel cave,139,SPA70,301071,8020.221522,41.68776032,40.19084653,-8.73,
58,Spannagel cave,732,SPA127_2023,432349,8020.78717163971,42.2883069959498,41.4080443119647,-8.33020567099509,-5.72866808849442
58,Spannagel cave,141,SPA127,303580,8021.135054,39.04951355,41.3394535,-8.30790092546,
58,Spannagel cave,732,SPA127_2023,432350,8022.99307524769,41.8879631317386,41.2363104137858,-8.23205949968356,-5.74064694671375
58,Spannagel cave,141,SPA127,303581,8023.179537,38.85914016,41.09335501,-8.4021104169,
58,Spannagel cave,732,SPA127_2023,432351,8025.07831714168,41.7726222834472,41.0706797317634,-8.25415405106725,-5.95765872502586
58,Spannagel cave,141,SPA127,303582,8025.141631,38.78266418,40.81837266,-8.42330520234,
58,Spannagel cave,141,SPA127,303583,8027.220169,38.70239699,40.41790419,-8.66809786797,
58,Spannagel cave,732,SPA127_2023,432352,8027.24619890589,41.6886845308982,41.0489649140382,-8.45909800709892,-5.94134866462299
58,Spannagel cave,139,SPA70,301072,8028.16553,42.31478696,41.04360515,-8.63,
58,Spannagel cave,141,SPA127,303584,8029.196818,38.91558958,40.3606302,-8.73752057552,
58,Spannagel cave,732,SPA127_2023,432353,8029.35139481465,41.8068806144729,41.013220317026,-8.32251267049852,-5.97942740332986
58,Spannagel cave,141,SPA127,303585,8031.123835,38.9089793,40.1309553,-9.11037733557,
58,Spannagel cave,732,SPA127_2023,432354,8031.41479136444,41.5382890342871,40.8383642087229,-8.23300895594867,-5.91341727485241
58,Spannagel cave,141,SPA127,303586,8033.263732,38.70141292,39.98930525,-8.98259652019,
58,Spannagel cave,732,SPA127_2023,432355,8033.53331494525,41.4746922216173,40.7595431406762,-8.30955482936908,-5.97442772299061
58,Spannagel cave,141,SPA127,303587,8035.357502,38.55930607,39.80710866,-8.90523054288,
58,Spannagel cave,732,SPA127_2023,432356,8035.72110253309,41.4219693881232,40.5944759908125,-8.407302255861,-5.91375048268293
58,Spannagel cave,139,SPA70,301073,8036.352757,43.04643354,42.33507407,-8.64,
58,Spannagel cave,141,SPA127,303588,8037.456101,38.35631007,39.77483493,-8.71561279969,
58,Spannagel cave,732,SPA127_2023,432357,8037.87445055317,41.1802741925239,40.6413580150893,-8.30790092545802,-5.81273760973854
58,Spannagel cave,141,SPA127,303589,8039.584914,38.3314237,39.63426538,-8.78705477084,
58,Spannagel cave,732,SPA127_2023,432358,8039.97791949405,41.1152234956035,40.6439436602996,-8.40211041690038,-5.93451242148325
58,Spannagel cave,141,SPA127,303590,8041.618965,38.35908756,39.54772703,-8.79350582577,
58,Spannagel cave,732,SPA127_2023,432359,8042.02697590217,41.385019552843,40.5374967252601,-8.42330520233843,-5.88287616752891
58,Spannagel cave,141,SPA127,303591,8043.747056,38.20474757,39.75667486,-8.59606640278,
58,Spannagel cave,732,SPA127_2023,432360,8044.09611454984,41.0992055483712,40.3821079025402,-8.66809786797054,-5.89927018164473
58,Spannagel cave,139,SPA70,301074,8044.118418,44.05279199,42.9811302,-8.62859039472,
58,Spannagel cave,141,SPA127,303592,8045.876115,38.07208744,39.81506378,-8.45924970561,
58,Spannagel cave,732,SPA127_2023,432361,8046.24568683513,40.9068883356822,40.3420836059067,-8.73752057552386,-5.908216000159
58,Spannagel cave,141,SPA127,303593,8048.05521,37.95062185,39.61433705,-8.50317196582,
58,Spannagel cave,732,SPA127_2023,432362,8048.37323258122,40.9145077706926,40.2340766920897,-9.11037733557194,-5.89110218739879
58,Spannagel cave,141,SPA127,303594,8050.073068,37.94626475,39.21935527,-8.56730036765,
58,Spannagel cave,732,SPA127_2023,432363,8050.51214156121,40.8735588575464,40.295656648399,-8.98259652018582,-6.15986925309864
58,Spannagel cave,141,SPA127,303595,8052.097072,38.03805436,39.06094466,-8.42844052972,
58,Spannagel cave,139,SPA70,301075,8052.133746,45.10602716,44.2543865,-8.38,
58,Spannagel cave,732,SPA127_2023,432364,8052.5285923063,40.7749918190639,40.2157094336235,-8.90523054287855,-6.43232383694877
58,Spannagel cave,141,SPA127,303596,8054.176874,38.1478282,38.8854437,-8.42598680078,
58,Spannagel cave,732,SPA127_2023,432365,8054.71359875457,40.6631771723532,40.3772752129571,-8.71561279969383,-6.47030014011668
58,Spannagel cave,141,SPA127,303597,8056.22344,38.27113241,38.57256596,-8.43146557071,
58,Spannagel cave,732,SPA127_2023,432366,8056.76934650364,40.3783772352199,40.4603844859166,-8.78705477084106,-6.39617523065085
58,Spannagel cave,141,SPA127,303598,8058.509982,38.12225453,38.86933501,-8.43862644671,
58,Spannagel cave,732,SPA127_2023,432367,8058.88063686028,40.4126956279388,40.4835480721958,-8.79350582577225,-6.63662349437598
58,Spannagel cave,139,SPA70,301076,8059.884893,46.20054664,45.03641947,-8.36454946854,
58,Spannagel cave,141,SPA127,303599,8060.717394,37.96263185,39.02253903,-8.52134294361,
58,Spannagel cave,732,SPA127_2023,432368,8061.05943869758,40.0119626761843,40.5378658910713,-8.59606640277514,-6.5303095093832
58,Spannagel cave,141,SPA127,303600,8062.948699,37.69935156,39.04244337,-8.45989968491,
58,Spannagel cave,732,SPA127_2023,432369,8063.22079970556,39.7440283713267,40.4374845143639,-8.45924970560745,-6.23041239238951
58,Spannagel cave,141,SPA127,303601,8065.08668,37.54989722,39.11723736,-8.51531773361,
58,Spannagel cave,732,SPA127_2023,432370,8065.24464049767,39.598386253253,40.0748691996414,-8.50317196581736,-6.13850551342134
58,Spannagel cave,141,SPA127,303602,8067.188296,37.48142805,38.88905918,-8.27400985048,
58,Spannagel cave,732,SPA127_2023,432371,8067.44244021778,39.2034739086866,39.9035871181004,-8.56730036765249,-6.2212213107338
58,Spannagel cave,139,SPA70,301077,8067.772584,47.124764,45.80335895,-8.43,
58,Spannagel cave,141,SPA127,303603,8069.240855,37.71337174,38.59652498,-8.15658066483,
58,Spannagel cave,732,SPA127_2023,432372,8069.62247591556,39.0729078803106,39.9023495476049,-8.42844052972265,-6.01211815667785
58,Spannagel cave,141,SPA127,303604,8071.470499,37.25929423,38.46526187,-8.21103904742,
58,Spannagel cave,732,SPA127_2023,432373,8071.78826862033,39.0513289169485,39.9052971036454,-8.42598680078235,-5.76653375989538
58,Spannagel cave,141,SPA127,303605,8073.681805,37.29239344,38.57919739,-8.39429580818,
58,Spannagel cave,732,SPA127_2023,432374,8074.01245007987,38.9730063862653,40.0270207900485,-8.43146557070691,-5.80832665909392
58,Spannagel cave,139,SPA70,301078,8075.734196,47.76768946,46.7511923,-8.45,
58,Spannagel cave,141,SPA127,303606,8075.912448,37.25711107,38.67388944,-8.24919970954,
58,Spannagel cave,732,SPA127_2023,432375,8076.18500325873,38.8429045294197,40.152233852963,-8.43862644670723,-5.80861591243621
58,Spannagel cave,141,SPA127,303607,8077.954415,37.44894914,38.91638496,-8.25848339427,
58,Spannagel cave,732,SPA127_2023,432376,8078.18087922107,39.0774251177108,39.9827902111401,-8.521342943611,-5.82917219448098
58,Spannagel cave,141,SPA127,303608,8080.129694,37.4795332,39.12561653,-8.40849309151,
58,Spannagel cave,732,SPA127_2023,432377,8080.31587343696,39.081040713535,39.8030158407764,-8.45989968490693,-5.57182197107247
58,Spannagel cave,141,SPA127,303609,8082.157011,37.49294397,39.2655462,-8.59672431325,
58,Spannagel cave,732,SPA127_2023,432378,8082.39000742933,39.2620003192797,39.5971434073854,-8.51531773361397,-5.25866400272397
58,Spannagel cave,139,SPA70,301079,8083.756115,48.3558796,47.62890283,-8.47,
58,Spannagel cave,141,SPA127,303610,8084.298797,37.38757454,39.41368929,-8.71703363685,
58,Spannagel cave,732,SPA127_2023,432379,8084.56993286174,39.1484479250958,39.6392916296536,-8.27400985047561,-5.18970004684004
58,Spannagel cave,141,SPA127,303611,8086.381058,37.43853501,39.12312417,-8.61913117228,
58,Spannagel cave,732,SPA127_2023,432380,8086.70479275824,39.0012079056187,39.6534824720584,-8.15658066482564,-4.94033058806613
58,Spannagel cave,141,SPA127,303612,8088.415682,37.66924141,39.32013511,-8.50795077426,
58,Spannagel cave,732,SPA127_2023,432381,8088.83651797383,38.9064128853688,39.5573087101384,-8.2110390474151,-4.93332857503182
58,Spannagel cave,141,SPA127,303613,8090.563772,37.50827109,39.19945263,-8.32137850355,
58,Spannagel cave,732,SPA127_2023,432382,8091.10488001434,38.6370368949883,39.588547643466,-8.39429580817955,-5.02802742742724
58,Spannagel cave,139,SPA70,301080,8091.512056,49.68724522,48.33929772,-8.53,
58,Spannagel cave,141,SPA127,303614,8092.710765,37.63250279,39.17839078,-8.65432917466,
58,Spannagel cave,732,SPA127_2023,432383,8093.12008940721,38.8633955756741,39.6051093154047,-8.24919970953899,-4.75180500485337
58,Spannagel cave,141,SPA127,303615,8094.760712,37.71043459,38.94341725,-8.34604956998,
58,Spannagel cave,732,SPA127_2023,432384,8095.16853497994,39.1303988327491,39.4583274216702,-8.25848339426768,-4.75323880841281
58,Spannagel cave,141,SPA127,303616,8096.848652,38.01818311,39.1259371,-8.25453568146,
58,Spannagel cave,732,SPA127_2023,432385,8097.29112664673,39.114120411009,39.3786449712043,-8.40849309150755,-4.98160392353424
58,Spannagel cave,141,SPA127,303617,8098.837978,38.2931397,38.8651607,-8.32027775498,
58,Spannagel cave,732,SPA127_2023,432386,8099.43542182234,39.2268302136808,39.3411707606274,-8.59672431325433,-5.13093183012954
58,Spannagel cave,139,SPA70,301081,8099.488251,50.34813209,49.20698208,-8.53760422061,
58,Spannagel cave,141,SPA127,303618,8100.863982,38.49013068,38.58492107,-8.34401466841,
58,Spannagel cave,732,SPA127_2023,432387,8101.6137663906,39.3691521673391,39.2938413018355,-8.71703363685413,-5.46795707792474
58,Spannagel cave,141,SPA127,303619,8103.104069,38.46442737,38.65462561,-8.15909787919,
58,Spannagel cave,732,SPA127_2023,432388,8103.8348067092,39.047543545832,39.4166213679709,-8.61913117227754,-5.28714392395971
58,Spannagel cave,141,SPA127,303620,8105.347005,38.5777831,38.8220422,-8.16155904369,
58,Spannagel cave,732,SPA127_2023,432389,8106.12035006718,38.7984428033697,39.6090928079939,-8.50795077426481,-5.13314658288862
58,Spannagel cave,139,SPA70,301082,8107.285978,51.1680815,49.85230056,-8.54,
58,Spannagel cave,141,SPA127,303621,8107.484685,38.49921926,39.02003464,-8.05401791762,
58,Spannagel cave,732,SPA127_2023,432390,8108.17234078931,39.0683109369493,39.6293839371619,-8.32137850355096,-4.91626241954962
58,Spannagel cave,141,SPA127,303622,8109.609742,38.66442466,38.95411303,-8.20918697234,
58,Spannagel cave,732,SPA127_2023,432391,8110.37851034848,39.0286494366173,39.8030608710669,-8.65432917465968,-4.83686684989678
58,Spannagel cave,141,SPA127,303623,8111.72944,38.98100111,38.75279454,-8.28139713562,
58,Spannagel cave,732,SPA127_2023,432392,8112.43197078321,38.9871386080431,39.896091007734,-8.34604956998368,-5.44198323402625
58,Spannagel cave,141,SPA127,303624,8113.806417,39.01982023,38.78451849,-8.22686125482,
58,Spannagel cave,732,SPA127_2023,432393,8114.55184325998,39.1166092110716,39.864205374939,-8.25453568145785,-5.59608178459685
58,Spannagel cave,139,SPA70,301083,8115.306531,51.67775129,50.81091635,-8.51507715255,
58,Spannagel cave,141,SPA127,303625,8115.896451,39.11701453,38.97770561,-8.36933895287,
58,Spannagel cave,732,SPA127_2023,432394,8116.55576784238,39.385810501296,39.8685476349674,-8.32027775498153,-5.5995414581991
58,Spannagel cave,141,SPA127,303626,8117.868427,39.43150041,39.26206215,-8.40149872796,
58,Spannagel cave,732,SPA127_2023,432395,8118.68207161255,39.4336299483757,40.1078694070129,-8.3440146684083,-5.94573716326913
58,Spannagel cave,141,SPA127,303627,8119.721688,40.01175071,39.15970511,-8.35488467503,
58,Spannagel cave,732,SPA127_2023,432396,8120.77308107237,39.617357579069,40.3139648731731,-8.15909787919316,-5.95156677938288
58,Spannagel cave,141,SPA127,303628,8121.973418,40.07967387,39.20109279,-8.36191326143,
58,Spannagel cave,732,SPA127_2023,432397,8122.96541804324,39.8341922593099,40.6314674054511,-8.16155904369072,-5.99516642858901
58,Spannagel cave,139,SPA70,301084,8123.166537,53.13971569,51.61975428,-8.37205158328,
58,Spannagel cave,141,SPA127,303629,8124.023983,40.29156689,39.00790187,-8.27762262222,
58,Spannagel cave,732,SPA127_2023,432398,8125.12165323911,40.2241217912597,40.937188433355,-8.05401791762239,-5.8492309745463
58,Spannagel cave,141,SPA127,303630,8126.201674,40.29585673,39.36077644,-8.36070580021,
58,Spannagel cave,732,SPA127_2023,432399,8127.2890590137,40.2510786194762,41.084558725639,-8.20918697233649,-5.97469015639304
58,Spannagel cave,141,SPA127,303631,8128.439817,40.57083978,39.71111707,-8.41844171963,
58,Spannagel cave,732,SPA127_2023,432400,8129.30977938302,40.2800171538547,40.8347527564492,-8.28139713562386,-5.96267738320065
58,Spannagel cave,141,SPA127,303632,8130.644283,40.43440122,40.15888607,-8.33803364946,
58,Spannagel cave,139,SPA70,301085,8131.1823,53.83323838,52.66724218,-8.51,
58,Spannagel cave,732,SPA127_2023,432401,8131.48374853682,40.1557069037426,41.0135678934994,-8.22686125482311,-5.97750864811505
58,Spannagel cave,141,SPA127,303633,8132.769224,40.30771928,39.87162116,-8.45127003388,
58,Spannagel cave,732,SPA127_2023,432402,8133.73235253004,40.0050928886203,41.283378092392,-8.36933895286766,-6.00187034444241
58,Spannagel cave,141,SPA127,303634,8134.80428,40.76524306,40.17606352,-8.25434481019,
58,Spannagel cave,732,SPA127_2023,432403,8135.80532368339,40.0681593742411,41.3480873808066,-8.40149872795804,-6.03817160123086
58,Spannagel cave,141,SPA127,303635,8136.961327,41.22813329,40.23571764,-8.28554506606,
58,Spannagel cave,732,SPA127_2023,432404,8137.85514596423,40.269081678789,41.205267973879,-8.35488467503196,-5.98138158382497
58,Spannagel cave,139,SPA70,301086,8138.928468,54.95414973,53.37874397,-8.44658658341,
58,Spannagel cave,141,SPA127,303636,8139.067308,41.32123463,40.21195866,-8.26750844767,
58,Spannagel cave,732,SPA127_2023,432405,8139.90408549829,40.5278462845636,41.299073589189,-8.36191326142853,-5.88631514912369
58,Spannagel cave,141,SPA127,303637,8141.105463,41.66764412,40.15410715,-8.15065422654,
58,Spannagel cave,732,SPA127_2023,432406,8141.98638533997,40.9023857922912,41.3694966491603,-8.27762262221792,-5.82432951193576
58,Spannagel cave,141,SPA127,303638,8143.20484,41.75038379,40.15747749,-8.10290605544,
58,Spannagel cave,732,SPA127_2023,432407,8144.00884574539,41.2164043327484,41.3380630701322,-8.36070580020794,-5.92255576404134
58,Spannagel cave,141,SPA127,303639,8145.302797,41.88247758,40.21840211,-8.21673823676,
58,Spannagel cave,732,SPA127_2023,432408,8146.06194905767,41.19284902463,41.6672179969364,-8.41844171963101,-5.85956067038394
58,Spannagel cave,139,SPA70,301087,8146.744053,56.40512935,54.00114629,-8.41931632491,
58,Spannagel cave,141,SPA127,303640,8147.424834,42.11672263,40.62753876,-8.13685502772,
58,Spannagel cave,732,SPA127_2023,432409,8148.16900063571,41.2918360743997,41.8856705385924,-8.33803364945631,-5.98617408340652
58,Spannagel cave,141,SPA127,303641,8149.691325,42.07926692,40.78290847,-8.17325114497,
58,Spannagel cave,732,SPA127_2023,432410,8150.10017819586,41.5895167215313,41.7683199791791,-8.45127003387758,-5.90672007239154
58,Spannagel cave,141,SPA127,303642,8151.854548,42.20876486,40.96015697,-8.2713582065,
58,Spannagel cave,732,SPA127_2023,432411,8152.23200655406,41.9455984446249,42.0052030789375,-8.25434481019476,-5.80516379096833
58,Spannagel cave,141,SPA127,303643,8153.929097,42.39251766,41.24163206,-8.14418665479,
58,Spannagel cave,732,SPA127_2023,432412,8154.3135752921,42.1880589380544,42.3660100505685,-8.28554506605512,-5.97032238182645
58,Spannagel cave,139,SPA70,301088,8154.587008,57.77788668,55.36758388,-8.33367243148,
58,Spannagel cave,141,SPA127,303644,8156.074816,42.64266103,41.46834054,-8.11450915731,
58,Spannagel cave,732,SPA127_2023,432413,8156.44444967319,42.4697131897228,42.7716319083802,-8.26750844766862,-5.9544384319412
58,Spannagel cave,141,SPA127,303645,8158.24618,42.77262894,41.59477786,-8.24606291231,
58,Spannagel cave,732,SPA127_2023,432414,8158.5056730667,42.6557645296134,43.0835240304887,-8.15065422653759,-5.91038813780202
58,Spannagel cave,141,SPA127,303646,8160.430305,42.86059674,41.89312115,-8.42485301733,
58,Spannagel cave,732,SPA127_2023,432415,8160.5860343457,42.9397304232334,43.32964934345,-8.10290605543849,-5.87784681108588
58,Spannagel cave,139,SPA70,301089,8162.419721,58.73368727,56.20060645,-8.22164916909,
58,Spannagel cave,141,SPA127,303647,8162.551327,42.92210152,42.32846948,-8.24849269442,
58,Spannagel cave,732,SPA127_2023,432416,8162.59404626819,43.1652949847685,43.0474606736534,-8.21673823675747,-5.90406735034603
58,Spannagel cave,141,SPA127,303648,8164.700895,43.13653675,42.72342964,-8.72209431334,
58,Spannagel cave,732,SPA127_2023,432417,8164.73664568167,43.4055119377936,43.0646022997553,-8.13685502772283,-5.9117866542586
58,Spannagel cave,141,SPA127,303649,8166.856276,43.38201532,42.92136808,-8.39959677367,
58,Spannagel cave,732,SPA127_2023,432418,8166.89154480601,43.8550630367517,43.0733597302142,-8.17325114496722,-5.90890741587966
58,Spannagel cave,141,SPA127,303650,8169.031884,43.51790941,43.33476786,-9.38075498683,
58,Spannagel cave,732,SPA127_2023,432419,8169.04273658418,44.2488670124567,43.3862545597267,-8.27135820650323,-5.91964490607397
58,Spannagel cave,139,SPA70,301090,8170.2211,59.88935427,56.60718174,-8.34868583532,
58,Spannagel cave,141,SPA127,303651,8171.041709,43.77479443,43.42960397,-9.63029008551,
58,Spannagel cave,732,SPA127_2023,432420,8171.11940441595,44.4588127306315,43.5006429463874,-8.14418665478938,-5.80031127823273
58,Spannagel cave,141,SPA127,303652,8173.164985,43.99988767,43.63087409,-8.84056283888,
58,Spannagel cave,732,SPA127_2023,432421,8173.23779437483,44.5627000963723,43.6991683599827,-8.11450915730984,-5.67654227685025
58,Spannagel cave,141,SPA127,303653,8175.145033,44.54109409,43.69726689,-8.52844577324,
58,Spannagel cave,732,SPA127_2023,432422,8175.27280746295,44.7731743687036,44.0075791116124,-8.24606291230947,-5.66632215105513
58,Spannagel cave,141,SPA127,303654,8177.303262,44.65779133,43.94724603,-8.63757201756,
58,Spannagel cave,732,SPA127_2023,432423,8177.3611745263,45.0261945892853,44.311687130893,-8.42485301733498,-5.29430743278644
58,Spannagel cave,139,SPA70,301091,8178.050593,61.06808165,57.5510251,-8.36901671303,
58,Spannagel cave,141,SPA127,303655,8179.401386,44.83459322,44.0415102,-8.56810174236,
58,Spannagel cave,732,SPA127_2023,432424,8179.50086648212,45.312450283729,44.2593930689145,-8.24849269442497,-5.32685783467608
58,Spannagel cave,141,SPA127,303656,8181.559044,44.95186151,44.32017937,-8.49789154389,
58,Spannagel cave,732,SPA127_2023,432425,8181.63183576136,45.4281336477961,44.7408155519997,-8.72209431333687,-4.9753235164818
58,Spannagel cave,141,SPA127,303657,8183.64415,45.39241978,44.54566394,-8.49401024816,
58,Spannagel cave,732,SPA127_2023,432426,8183.73941065607,45.6913848346067,45.3826524206615,-8.39959677367479,-5.01816113808299
58,Spannagel cave,139,SPA70,301092,8185.760402,62.11771654,58.74971734,-8.14974157515,
58,Spannagel cave,141,SPA127,303658,8185.821672,45.32053957,44.86938426,-8.61977265183,
58,Spannagel cave,732,SPA127_2023,432427,8185.96657475076,45.8630796568004,45.6220670112716,-9.38075498683427,-5.18953767153909
58,Spannagel cave,141,SPA127,303659,8187.888592,45.72388092,45.20799298,-8.49388281419,
58,Spannagel cave,732,SPA127_2023,432428,8188.12426733601,46.1380320688204,45.7332868833337,-9.63029008550924,-5.22664324135872
58,Spannagel cave,141,SPA127,303660,8189.898646,46.04198403,45.38552034,-8.53972959041,
58,Spannagel cave,732,SPA127_2023,432429,8190.24460318266,46.4103331457454,45.9276670968893,-8.84056283887765,-5.09932207299538
58,Spannagel cave,141,SPA127,303661,8192.044203,46.33552596,45.74883734,-8.75546903501,
58,Spannagel cave,732,SPA127_2023,432430,8192.40226275837,46.6382444228966,46.0766853221412,-8.52844577324414,-5.16856396318039
58,Spannagel cave,139,SPA70,301093,8193.600844,62.63059201,59.56826322,-8.20035137651,
58,Spannagel cave,141,SPA127,303662,8194.136656,46.72511216,46.03151462,-8.30870102709,
58,Spannagel cave,732,SPA127_2023,432431,8194.63107893196,46.7706654207232,46.5643168510169,-8.63757201756249,-5.406350568389
58,Spannagel cave,141,SPA127,303663,8196.253034,46.8347504,46.13683033,-8.34828871812,
58,Spannagel cave,732,SPA127_2023,432432,8196.77470938531,47.0437206224924,47.0149527230806,-8.56810174235623,-5.54970071213572
58,Spannagel cave,141,SPA127,303664,8198.630521,46.81895616,46.54107155,-8.49496372296,
58,Spannagel cave,732,SPA127_2023,432433,8198.92695235635,47.4125033570908,47.1867000550301,-8.49789154388758,-5.42849935688804
58,Spannagel cave,141,SPA127,303665,8200.675777,47.02426957,46.81707935,-8.15565349434,
58,Spannagel cave,732,SPA127_2023,432434,8201.07225858184,47.7889112070952,47.504621360411,-8.49401024816357,-4.94413552800397
58,Spannagel cave,139,SPA70,301094,8201.348426,63.30776948,60.52259071,-8.15877503583,
58,Spannagel cave,141,SPA127,303666,8202.833842,47.19191948,47.17489788,-8.49223347507,
58,Spannagel cave,732,SPA127_2023,432435,8203.12726665759,48.2327063540142,47.6514725242332,-8.61977265182937,-5.04412739616086
58,Spannagel cave,141,SPA127,303667,8205.037369,47.38795305,47.7453321,-8.47457059583,
58,Spannagel cave,732,SPA127_2023,432436,8205.25235906237,48.6266030078623,47.8373815211235,-8.49388281418741,-5.04253905391287
58,Spannagel cave,141,SPA127,303668,8207.251179,47.60389153,47.8189738,-8.5651708154,
58,Spannagel cave,732,SPA127_2023,432437,8207.27475212087,49.1064272374515,47.9362521361436,-8.53972959040555,-5.05679168384052
58,Spannagel cave,141,SPA127,303669,8209.37359,48.08972224,48.35928307,-8.52349318067,
58,Spannagel cave,732,SPA127_2023,432438,8209.4767450681,49.4156829650547,48.3847151163682,-8.75546903501187,-5.0329534483801
58,Spannagel cave,139,SPA70,301095,8209.991993,61.6597724,58.69226689,-8.35171447381,
58,Spannagel cave,141,SPA127,303670,8211.425033,48.41517669,48.72589865,-8.6115926258,
58,Spannagel cave,732,SPA127_2023,432439,8211.48945782899,49.8722821174597,48.7391773141826,-8.30870102708506,-3.75002917580206
58,Spannagel cave,732,SPA127_2023,432440,8213.61735809724,50.3070759877228,49.2577673334235,-8.34828871811703,-3.07069146890666
58,Spannagel cave,141,SPA127,303671,8213.657888,48.52636635,49.32385471,-8.38957049283,
58,Spannagel cave,732,SPA127_2023,432441,8215.67647638598,50.7825675785207,49.6117527302631,-8.49496372295545,-2.98233209364257
58,Spannagel cave,141,SPA127,303672,8215.839195,48.63933322,49.69501125,-8.40772084778,
58,Spannagel cave,732,SPA127_2023,432442,8217.73594292976,51.2100914774692,49.8134174601682,-8.15565349434169,-2.94423944689036
58,Spannagel cave,141,SPA127,303673,8217.926357,48.7106549,50.00143333,-8.34274523911,
58,Spannagel cave,139,SPA70,301096,8218.57736,59.84198806,56.78676192,-8.23172842253,
58,Spannagel cave,732,SPA127_2023,432443,8219.86183043934,51.4368796772196,50.3088429957788,-8.4922334750739,-2.2424327891365
58,Spannagel cave,141,SPA127,303674,8220.158363,49.03965547,50.45228878,-8.63380135237,
58,Spannagel cave,732,SPA127_2023,432444,8221.96866520824,51.5793820815434,50.5416965671939,-8.47457059583409,-1.6872184852246
58,Spannagel cave,141,SPA127,303675,8222.421361,49.10320575,50.89930453,-8.59025948402,
58,Spannagel cave,732,SPA127_2023,432445,8223.99880336695,52.0016140440093,50.7776069335923,-8.56517081539802,-2.56235032952615
58,Spannagel cave,141,SPA127,303676,8224.644038,49.30522899,51.44474927,-8.61428096958,
58,Spannagel cave,732,SPA127_2023,432446,8226.24358151913,52.2244869676524,50.9788765779549,-8.52349318067152,-2.5817413317406
58,Spannagel cave,141,SPA127,303677,8226.892574,49.56790545,52.08124174,-8.77198211144,
58,Spannagel cave,139,SPA70,301097,8226.939479,57.96132012,55.73438886,-8.15077823677,
58,Spannagel cave,732,SPA127_2023,432447,8228.33592029921,52.5308931911986,51.2061538273774,-8.61159262580205,-2.76874089115419
58,Spannagel cave,141,SPA127,303678,8229.144102,49.89041696,52.72072723,-8.77331700664,
58,Spannagel cave,732,SPA127_2023,432448,8230.55254495511,52.7807769859719,51.6410729356285,-8.38957049283274,-2.84984761736901
58,Spannagel cave,141,SPA127,303679,8231.285925,50.07037828,53.1332479,-8.66026178361,
58,Spannagel cave,732,SPA127_2023,432449,8232.76646514782,52.9547556290272,51.8312915331499,-8.40772084777922,-2.52219593813102
58,Spannagel cave,141,SPA127,303680,8233.380856,50.24301263,53.34021658,-8.65015954343,
58,Spannagel cave,732,SPA127_2023,432450,8235.02698441514,53.203767405279,52.2913543876157,-8.34274523910681,-2.67623860342603
58,Spannagel cave,139,SPA70,301098,8235.378659,55.78413456,55.62161681,-8.11574238148,
58,Spannagel cave,141,SPA127,303681,8235.45053,50.60874517,53.58900118,-8.61977899011,
58,Spannagel cave,732,SPA127_2023,432451,8237.14321847687,53.5570582390574,52.6482177574208,-8.63380135237238,-2.84863840277321
58,Spannagel cave,141,SPA127,303682,8237.59411,50.90057163,53.8103132,-8.65868026112,
58,Spannagel cave,732,SPA127_2023,432452,8239.23737959912,53.8750494458709,52.8693448134163,-8.59025948402405,-2.95441523275621
58,Spannagel cave,141,SPA127,303683,8239.832782,51.2660817,54.28636281,-8.57259183366,
58,Spannagel cave,732,SPA127_2023,432453,8241.42503925393,53.8759630903151,53.1172263864346,-8.61428096957835,-3.09293859646027
58,Spannagel cave,141,SPA127,303684,8241.886682,51.53771027,54.7703263,-8.44960703873,
58,Spannagel cave,732,SPA127_2023,432454,8243.56562344963,54.1184112972569,53.3586467055993,-8.77198211144099,-2.99862524132365
58,Spannagel cave,139,SPA70,301099,8243.905089,53.5455096,54.57941648,-8.11877045196,
58,Spannagel cave,141,SPA127,303685,8244.09286,51.90321496,55.08237842,-8.56811409679,
58,Spannagel cave,732,SPA127_2023,432455,8245.6792601309,54.4719101029004,53.8511345247543,-8.77331700663774,-3.42938755578302
58,Spannagel cave,141,SPA127,303686,8246.208539,52.45046646,55.49478531,-8.50091820032,
58,Spannagel cave,732,SPA127_2023,432456,8247.90721765063,54.7401728026216,54.2778549346585,-8.66026178361306,-3.35699965761532
58,Spannagel cave,141,SPA127,303687,8248.447995,52.8138145,55.94156053,-8.50765854916,
58,Spannagel cave,732,SPA127_2023,432457,8250.07047640373,54.8792725872572,54.8947495009088,-8.65015954343271,-3.34667758881782
58,Spannagel cave,141,SPA127,303688,8250.530933,53.1797203,56.24185363,-8.57705293469,
58,Spannagel cave,732,SPA127_2023,432458,8252.16958440145,55.257540345674,55.272255312877,-8.61977899010872,-3.65997406640901
58,Spannagel cave,139,SPA70,301100,8252.308544,51.11079275,53.62412015,-8.2780362037,
58,Spannagel cave,141,SPA127,303689,8252.719283,53.43179214,56.37056,-8.75595824549,
58,Spannagel cave,732,SPA127_2023,432459,8254.10675882689,55.5646036706494,55.4749882963297,-8.65868026112447,-4.03958024454222
58,Spannagel cave,141,SPA127,303690,8254.885475,53.75298964,56.7565675,-8.66195141829,
58,Spannagel cave,732,SPA127_2023,432460,8256.2837436064,55.8680374549585,56.0591627693066,-8.57259183365798,-4.19874935885269
58,Spannagel cave,141,SPA127,303691,8257.05321,53.95959801,56.9181367,-8.76879765951,
58,Spannagel cave,732,SPA127_2023,432461,8258.30430128064,56.0996245618862,56.1614544769782,-8.4496070387347,-4.46020713119218
58,Spannagel cave,141,SPA127,303692,8259.23971,54.06483118,57.11339258,-8.76416817158,
58,Spannagel cave,732,SPA127_2023,432462,8260.42681981603,56.2653981021922,56.789200528201,-8.56811409679358,-4.48897708727581
58,Spannagel cave,139,SPA70,301101,8260.544787,49.94023229,51.74320463,-8.27247787587,
58,Spannagel cave,141,SPA127,303693,8261.401395,54.11192853,57.34077897,-8.86273156372,
58,Spannagel cave,732,SPA127_2023,432463,8262.52463513037,56.7246043933355,57.1079194136819,-8.50091820031855,-4.74866431861603
58,Spannagel cave,141,SPA127,303694,8263.550223,54.32633108,57.80108462,-8.86807959624,
58,Spannagel cave,732,SPA127_2023,432464,8264.70849124307,56.9464538956945,57.4166600460048,-8.50765854915922,-4.86202546413452
58,Spannagel cave,141,SPA127,303695,8265.515871,55.04377063,57.8306832,-8.83526471385,
58,Spannagel cave,732,SPA127_2023,432465,8266.90556884581,57.2097022923426,57.897409517609,-8.57705293469412,-5.24100502218439
58,Spannagel cave,141,SPA127,303696,8267.519326,55.4845057,58.14453217,-8.67647419838,
58,Spannagel cave,139,SPA70,301102,8268.567373,49.09691662,49.85327914,-8.23876655621,
58,Spannagel cave,732,SPA127_2023,432466,8269.03507656224,57.7194633692743,58.2528042014455,-8.75595824548564,-5.42247735889633
58,Spannagel cave,141,SPA127,303697,8269.553949,55.75907586,58.30185232,-8.67854107002,
58,Spannagel cave,732,SPA127_2023,432467,8271.2774140742,57.896445643366,58.7012119412066,-8.6619514182919,-5.42379161885881
58,Spannagel cave,141,SPA127,303698,8271.795295,55.7963432,58.47014485,-8.57431745423,
58,Spannagel cave,732,SPA127_2023,432468,8273.50749823595,58.0772134371964,58.9931787928126,-8.7687976595093,-5.45958712016101
58,Spannagel cave,141,SPA127,303699,8273.81007,56.21942378,58.66963209,-8.5714706576,
58,Spannagel cave,732,SPA127_2023,432469,8275.56501743623,58.4141904779281,59.3471293700386,-8.76416817158231,-5.62285514371179
58,Spannagel cave,141,SPA127,303700,8275.942402,56.52494787,59.04441714,-8.47614240846,
58,Spannagel cave,139,SPA70,301103,8276.538179,48.13216865,48.14885767,-8.4198539203,
58,Spannagel cave,732,SPA127_2023,432470,8277.63840849774,58.9672488736906,59.7079847271834,-8.86273156372386,-5.56503878039763
58,Spannagel cave,141,SPA127,303701,8278.156498,56.82834635,59.51433248,-8.5633688437,
58,Spannagel cave,732,SPA127_2023,432471,8279.85800348414,59.3543588548328,60.1186231045031,-8.86807959623887,-5.45454432126999
58,Spannagel cave,141,SPA127,303702,8280.357676,57.2314733,59.97133086,-8.28748005728,
58,Spannagel cave,732,SPA127_2023,432472,8282.04566330313,59.5916985900913,60.3822080753707,-8.83526471384741,-5.51643407070377
58,Spannagel cave,141,SPA127,303703,8282.418716,57.7449552,60.33207342,-8.35444954913,
58,Spannagel cave,732,SPA127_2023,432473,8284.0884263568,60.1991392977488,60.6799416552403,-8.676474198382,-5.402111517379
58,Spannagel cave,139,SPA70,301104,8284.183432,47.8631829,46.21701564,-8.30273808759,
58,Spannagel cave,141,SPA127,303704,8284.458103,58.09681804,60.75385817,-8.25506127461,
58,Spannagel cave,732,SPA127_2023,432474,8286.2332562803,60.4738118867153,61.0790375806537,-8.67854107002187,-5.32302936255396
58,Spannagel cave,141,SPA127,303705,8286.536895,58.41555635,61.2745936,-8.39097762639,
58,Spannagel cave,732,SPA127_2023,432475,8288.46681480839,60.6170790893066,61.3763079530945,-8.57431745423112,-5.41794329072261
58,Spannagel cave,141,SPA127,303706,8288.660837,58.67546435,61.69851153,-8.43924365485,
58,Spannagel cave,732,SPA127_2023,432476,8290.55821549332,60.9997110894092,61.7258910372366,-8.57147065760474,-5.39854459790141
58,Spannagel cave,141,SPA127,303707,8290.788159,58.86928359,62.11336925,-8.53180507476,
58,Spannagel cave,139,SPA70,301105,8292.35563,46.97202655,45.18975446,-8.31569177319,
58,Spannagel cave,732,SPA127_2023,432477,8292.69386437428,61.5392156566577,62.1251186929803,-8.47614240845619,-5.38773988665743
58,Spannagel cave,141,SPA127,303708,8292.798983,59.26140593,62.51213576,-8.65947268556,
58,Spannagel cave,732,SPA127_2023,432478,8294.76605696407,61.832679303765,62.3291510415074,-8.56336884369831,-5.26493585580952
58,Spannagel cave,141,SPA127,303709,8294.863116,59.62013266,62.86891489,-8.55884158751,
58,Spannagel cave,732,SPA127_2023,432479,8296.97545003748,61.9947478305876,62.6644769781651,-8.28748005727754,-5.20938601873479
58,Spannagel cave,141,SPA127,303710,8297.049208,59.84628726,63.46925821,-8.62478641747,
58,Spannagel cave,732,SPA127_2023,432480,8299.06414095918,62.4631583741375,62.9389680451513,-8.35444954912924,-5.14413056111884
58,Spannagel cave,141,SPA127,303711,8299.120812,60.15415613,63.87714399,-8.59686247671,
58,Spannagel cave,139,SPA70,301106,8300.649852,45.96059446,44.6578562,-8.35762519314,
58,Spannagel cave,732,SPA127_2023,432481,8301.22502916484,62.713049363776,63.2699898507744,-8.25506127461024,-5.14432377348795
58,Spannagel cave,141,SPA127,303712,8301.32729,60.40571957,64.43810574,-8.45383106803,
58,Spannagel cave,732,SPA127_2023,432482,8303.39887213417,62.9014034282536,63.4656976646074,-8.3909776263909,-5.21444495423826
58,Spannagel cave,141,SPA127,303713,8303.542459,60.68920615,64.82028541,-8.39097478457,
58,Spannagel cave,732,SPA127_2023,432483,8305.52394740184,63.1344936722508,63.8868303178351,-8.43924365485037,-5.29137341278982
58,Spannagel cave,141,SPA127,303714,8305.598255,61.06243997,65.14728707,-8.44947202511,
58,Spannagel cave,732,SPA127_2023,432484,8307.47364220199,63.5429643837688,64.0783299555969,-8.53180507475984,-5.33129296297696
58,Spannagel cave,141,SPA127,303715,8307.780813,61.2860494,65.68600598,-8.26679543485,
58,Spannagel cave,732,SPA127_2023,432485,8309.58200296844,63.7939553073247,64.4755342703065,-8.65947268555518,-5.51401618497786
58,Spannagel cave,141,SPA127,303716,8309.866007,61.58120446,66.08931915,-8.33070665484,
58,Spannagel cave,139,SPA70,301107,8311.370018,45.04582482,44.42996795,-8.29906252029,
58,Spannagel cave,732,SPA127_2023,432486,8311.84924879492,64.0185119068155,65.2054677424512,-8.55884158750508,-5.4352421881815
58,Spannagel cave,141,SPA127,303717,8311.915135,61.90243355,66.27851763,-8.53237123706,
58,Spannagel cave,141,SPA127,303718,8314.016394,62.20235707,66.55343702,-8.22817313413,
58,Spannagel cave,732,SPA127_2023,432487,8314.03529741836,64.4197106703523,65.7004569291657,-8.62478641746731,-5.50870763138524
58,Spannagel cave,732,SPA127_2023,432488,8316.07252700948,64.7436953506949,65.9720876324081,-8.59686247671078,-5.2252350738927
58,Spannagel cave,141,SPA127,303719,8316.120568,62.56927875,66.8954654,-8.45073997842,
58,Spannagel cave,732,SPA127_2023,432489,8318.12553092506,64.927865370053,66.2489294361749,-8.45383106803315,-5.01384567286547
58,Spannagel cave,141,SPA127,303720,8318.154529,62.9381363,67.02535032,-8.4541292893,
58,Spannagel cave,139,SPA70,301108,8319.891877,44.15890364,44.01040414,-7.99432423135,
58,Spannagel cave,141,SPA127,303721,8320.221742,63.26353566,67.56439933,-8.21882093066,
58,Spannagel cave,732,SPA127_2023,432490,8320.29498816559,65.2022873919541,66.5756044549016,-8.39097478457091,-4.93103811603177
58,Spannagel cave,141,SPA127,303722,8322.40274,63.46821577,68.0780011,-8.28429316358,
58,Spannagel cave,732,SPA127_2023,432491,8322.44116082807,65.4885629233486,67.0720554684813,-8.44947202510702,-4.77424611135703
58,Spannagel cave,141,SPA127,303723,8324.494636,63.73837687,68.5358248,-8.26968495036,
58,Spannagel cave,732,SPA127_2023,432492,8324.62682623373,65.6955858946967,67.5271707114425,-8.26679543485025,-4.70323998781978
58,Spannagel cave,141,SPA127,303724,8326.657577,64.07877435,69.10269291,-8.28503683659,
58,Spannagel cave,732,SPA127_2023,432493,8326.81909942864,65.9121925972649,67.9046810345499,-8.33070665483583,-4.73903032744793
58,Spannagel cave,139,SPA70,301109,8328.384109,43.50719694,43.57558601,-8.24319033856,
58,Spannagel cave,141,SPA127,303725,8328.799081,64.29682711,69.53050263,-8.19559435506,
58,Spannagel cave,732,SPA127_2023,432494,8329.01909940756,66.3454432568651,68.3529842345451,-8.53237123705833,-4.89888075156785
58,Spannagel cave,141,SPA127,303726,8330.984376,64.68434658,69.88739399,-8.33144275152,
58,Spannagel cave,732,SPA127_2023,432495,8331.124690665,66.8731026379392,68.7739783177203,-8.22817313412883,-5.06782294767127
58,Spannagel cave,732,SPA127_2023,432496,8333.17219603559,67.454102468153,69.2278010474911,-8.45073997841626,-4.75568605693771
58,Spannagel cave,141,SPA127,303727,8333.179113,64.84479387,70.2425389,-8.20751824755,
58,Spannagel cave,732,SPA127_2023,432497,8335.2037041096,67.9981282568624,69.3996772509909,-8.45412928929604,-4.58074835785221
58,Spannagel cave,141,SPA127,303728,8335.385319,65.09664777,70.77438796,-8.19873244087,
58,Spannagel cave,139,SPA70,301110,8336.65177,43.44444347,43.66140737,-8.36453531111,
58,Spannagel cave,732,SPA127_2023,432498,8337.27037251824,68.5064362577978,69.7360690982605,-8.21882093066052,-4.4443959727462
58,Spannagel cave,141,SPA127,303729,8337.505098,65.42844738,71.25507571,-8.12376752402,
58,Spannagel cave,732,SPA127_2023,432499,8339.38909900743,69.0360212083815,70.1357299632928,-8.28429316358226,-4.3080757687595
58,Spannagel cave,141,SPA127,303730,8339.633771,65.58065109,71.74465722,-8.20024237914,
58,Spannagel cave,732,SPA127_2023,432500,8341.52271083365,69.3108154487782,70.6692789891567,-8.2696849503634,-4.77594390474961
58,Spannagel cave,141,SPA127,303731,8341.704222,65.82730752,72.1539883,-8.24147162369,
58,Spannagel cave,732,SPA127_2023,432501,8343.62858018023,69.895726584542,70.9034470761435,-8.28503683658803,-4.67085248160932
58,Spannagel cave,141,SPA127,303732,8343.778005,66.04249739,72.54004241,-8.25760416574,
58,Spannagel cave,139,SPA70,301111,8344.618158,43.47053601,42.68679374,-8.40686576421,
58,Spannagel cave,732,SPA127_2023,432502,8345.69525444304,70.4195720192183,71.2366878710473,-8.19559435505631,-4.39978626213754
58,Spannagel cave,141,SPA127,303733,8345.862179,66.35702126,72.78713391,-8.22106246,
58,Spannagel cave,732,SPA127_2023,432503,8347.67651542199,71.0020271047415,71.2513744718817,-8.33144275151941,-4.48997139297128
58,Spannagel cave,141,SPA127,303734,8347.928413,66.82555216,73.14227126,-8.20092171192,
58,Spannagel cave,732,SPA127_2023,432504,8349.78135604085,71.4243847676353,71.7997246518826,-8.20751824755115,-4.16115570314544
58,Spannagel cave,141,SPA127,303735,8350.231376,67.10707509,73.73149061,-8.44239163121,
58,Spannagel cave,732,SPA127_2023,432505,8351.92614043461,71.7933707902266,72.2556075791435,-8.19873244086909,-4.18268458535233
58,Spannagel cave,141,SPA127,303736,8352.411916,67.53426695,74.38603663,-8.31235468436,
58,Spannagel cave,139,SPA70,301112,8352.967695,43.78332031,43.05162632,-8.430562816,
58,Spannagel cave,732,SPA127_2023,432506,8354.02682562909,72.2608610811185,72.6206185962965,-8.12376752402074,-4.13227775558618
58,Spannagel cave,141,SPA127,303737,8354.581702,67.98439755,74.87014864,-8.30650834285,
58,Spannagel cave,732,SPA127_2023,432507,8356.30872961914,72.5564316354812,73.2237009693108,-8.20024237913527,-3.94182189409825
58,Spannagel cave,141,SPA127,303738,8356.717084,68.15660513,75.19569111,-8.38227441685,
58,Spannagel cave,732,SPA127_2023,432508,8358.3667437463,73.0450721902907,73.5556353434313,-8.24147162369388,-3.87034518778262
58,Spannagel cave,141,SPA127,303739,8358.732917,68.65332561,75.41565492,-8.40277850529,
58,Spannagel cave,732,SPA127_2023,432509,8360.4826007073,73.475869911259,73.9040991587262,-8.25760416573813,-3.72606161551374
58,Spannagel cave,141,SPA127,303740,8360.917973,68.95994167,75.94545786,-8.64208618159,
58,Spannagel cave,139,SPA70,301113,8361.182585,43.80108967,43.13234574,-8.51608690596,
58,Spannagel cave,732,SPA127_2023,432510,8362.53173755118,73.9712267078739,74.1635175729098,-8.22106246000243,-3.84178594971026
58,Spannagel cave,141,SPA127,303741,8362.996999,69.37154925,76.36923174,-8.53183209099,
58,Spannagel cave,732,SPA127_2023,432511,8364.69931014262,74.3275001357069,74.5413717346528,-8.20092171191548,-3.86527900564662
58,Spannagel cave,141,SPA127,303742,8365.216985,69.63145168,76.93396388,-8.3886250181,
58,Spannagel cave,732,SPA127_2023,432512,8366.88326480723,74.6904338214154,74.9356079695717,-8.44239163120792,-4.13705742302585
58,Spannagel cave,141,SPA127,303743,8367.547163,69.78116105,77.60888909,-8.32994879883,
58,Spannagel cave,732,SPA127_2023,432513,8369.11403884651,75.0615372420652,75.6598540100076,-8.31235468435517,-4.31129970012292
58,Spannagel cave,139,SPA70,301114,8369.408872,44.12451201,43.56076195,-8.62292111245,
58,Spannagel cave,141,SPA127,303744,8369.58299,70.23344402,77.98946357,-8.42636189829,
58,Spannagel cave,732,SPA127_2023,432514,8371.19607039358,75.5135736971733,76.0770548735418,-8.30650834285261,-4.25487860916167
58,Spannagel cave,141,SPA127,303745,8371.785649,70.53903763,78.50508621,-8.48330317509,
58,Spannagel cave,732,SPA127_2023,432515,8373.24428410165,76.0595932055676,76.4775981934799,-8.38227441685358,-4.3018952393186
58,Spannagel cave,141,SPA127,303746,8373.880159,70.93849946,78.73974454,-8.63186066541,
58,Spannagel cave,732,SPA127_2023,432516,8375.51847724173,76.3628042945766,77.1749669074288,-8.40277850529439,-4.20376976336366
58,Spannagel cave,141,SPA127,303747,8375.951333,71.19571164,78.93335213,-8.4312165013,
58,Spannagel cave,732,SPA127_2023,432517,8377.6092840004,76.8404320674726,77.4798531853958,-8.64208618159417,-4.45497675670162
58,Spannagel cave,139,SPA70,301115,8377.718142,44.72318499,42.99676508,-8.66565246106,
58,Spannagel cave,141,SPA127,303748,8378.082228,71.61603472,79.42388576,-8.17505943968,
58,Spannagel cave,732,SPA127_2023,432518,8379.73930097007,77.192200267782,77.7100599041823,-8.53183209098729,-4.48505359894324
58,Spannagel cave,141,SPA127,303749,8380.230524,71.90340149,79.93182104,-8.58201694241,
58,Spannagel cave,732,SPA127_2023,432519,8382.04432451365,77.442157223988,78.2738706453674,-8.38862501810394,-4.13848454987773
58,Spannagel cave,141,SPA127,303750,8382.385685,72.1684243,80.44662053,-8.48962237863,
58,Spannagel cave,732,SPA127_2023,432520,8384.19709308165,77.771986138674,78.6341815132037,-8.32994879883035,-3.94309154589742
58,Spannagel cave,141,SPA127,303751,8384.481043,72.56222959,80.90161763,-8.45049563417,
58,Spannagel cave,139,SPA70,301116,8386.029083,44.86904943,43.55512721,-8.59633166152,
58,Spannagel cave,732,SPA127_2023,432521,8386.41091115413,78.0844353368102,79.087863567991,-8.42636189829088,-4.21871449903809
58,Spannagel cave,141,SPA127,303752,8386.664597,72.93621381,81.44481024,-8.67403682669,
58,Spannagel cave,732,SPA127_2023,432522,8388.50148886963,78.5152682049611,79.3164649474165,-8.48330317509478,-4.30580432149966
58,Spannagel cave,141,SPA127,303753,8388.865174,73.24200472,82.00502548,-8.61781072004,
58,Spannagel cave,732,SPA127_2023,432523,8390.63420240701,78.9516882504195,79.7322804619143,-8.63186066540789,-4.42191062462187
58,Spannagel cave,141,SPA127,303754,8390.858241,73.90736078,82.32204312,-8.65362215463,
58,Spannagel cave,732,SPA127_2023,432524,8392.66003607045,79.4643627040568,80.2238590567886,-8.43121650130156,-4.50119623778143
58,Spannagel cave,141,SPA127,303755,8393.033113,74.28458673,82.81142225,-8.67000085588,
58,Spannagel cave,139,SPA70,301117,8394.624556,45.3240134,44.5000773,-8.72,
58,Spannagel cave,732,SPA127_2023,432525,8394.65959584443,79.9618019588452,80.5319464111926,-8.17505943967591,-4.44472462242379
58,Spannagel cave,141,SPA127,303756,8395.13949,74.6223059,83.22851165,-8.51435380633,
58,Spannagel cave,732,SPA127_2023,432526,8396.62486366145,80.3428532553316,80.7042041298882,-8.58201694241038,-5.12736016420151
58,Spannagel cave,141,SPA127,303757,8397.347524,74.97341426,83.65168689,-8.54121624091,
58,Spannagel cave,732,SPA127_2023,432527,8398.61316800639,80.7516541435834,80.8271469364481,-8.48962237862625,-5.07237490801928
58,Spannagel cave,141,SPA127,303758,8399.546871,75.27923631,83.95793216,-8.32678140455,
58,Spannagel cave,732,SPA127_2023,432528,8400.73477411714,81.1880031264991,81.0120293403543,-8.45049563416707,-4.97153154907793
58,Spannagel cave,141,SPA127,303759,8401.688953,75.63115836,84.29028023,-8.36718271781,
58,Spannagel cave,139,SPA70,301118,8402.582313,46.20231013,45.37856672,-8.24072462576,
58,Spannagel cave,732,SPA127_2023,432529,8402.90713583385,81.5575546379405,81.3854369383607,-8.67403682668676,-4.76311748587093
58,Spannagel cave,141,SPA127,303760,8403.774509,76.03960705,84.70698974,-8.33531815014,
58,Spannagel cave,732,SPA127_2023,432530,8405.01675767757,81.81239683887,81.6771984909738,-8.61781072003573,-4.88039906638604
58,Spannagel cave,141,SPA127,303761,8405.928357,76.35836174,85.1869065,-8.42592198819,
58,Spannagel cave,732,SPA127_2023,432531,8407.09999548533,82.300629714231,82.0009036555075,-8.65362215463071,-4.98704606531183
58,Spannagel cave,141,SPA127,303762,8408.148875,76.60415306,85.76177449,-8.34899485025,
58,Spannagel cave,732,SPA127_2023,432532,8409.27295007882,82.5241900317633,82.4801166933194,-8.67000085587741,-4.90479639977845
58,Spannagel cave,141,SPA127,303763,8410.265472,77.03228365,86.25650673,-8.25048563899,
58,Spannagel cave,139,SPA70,301119,8410.80791,46.47435273,46.20344052,-8.69938910844,
58,Spannagel cave,732,SPA127_2023,432533,8411.46980168885,82.693217818749,83.0779287037549,-8.51435380632671,-4.89874028909308
58,Spannagel cave,141,SPA127,303764,8412.394951,77.42879336,86.74537992,-8.24928007153,
58,Spannagel cave,732,SPA127_2023,432534,8413.57505686469,83.0089851249541,83.5786827792017,-8.54121624090942,-4.94105089473098
58,Spannagel cave,141,SPA127,303765,8414.479447,77.85807383,87.23269315,-8.26016352933,
58,Spannagel cave,732,SPA127_2023,432535,8415.60906079779,83.5361666297977,83.9600455911295,-8.32678140454953,-4.8668983787085
58,Spannagel cave,141,SPA127,303766,8416.635279,78.3326493,87.68534922,-8.39372449524,
58,Spannagel cave,732,SPA127_2023,432536,8417.75347369208,83.9638282648921,84.3397745177372,-8.36718271781019,-4.83572119457726
58,Spannagel cave,141,SPA127,303767,8418.850901,78.82227514,88.25079102,-8.36098577738,
58,Spannagel cave,139,SPA70,301120,8419.10288,47.63038847,47.11691243,-8.47760931968,
58,Spannagel cave,732,SPA127_2023,432537,8419.7278258822,84.5615506041468,84.5444942757113,-8.33531815014117,-4.76934329949372
58,Spannagel cave,141,SPA127,303768,8420.989606,79.30336319,88.71803122,-8.24103002329,
58,Spannagel cave,732,SPA127_2023,432538,8421.88986661483,84.9289903100125,84.9143367240231,-8.42592198818877,-4.78895123265403
58,Spannagel cave,141,SPA127,303769,8423.119233,79.7935299,89.14798931,-8.27911237292,
58,Spannagel cave,732,SPA127_2023,432539,8424.06788726668,85.2124765755671,85.1813512369736,-8.34899485025324,-4.75920138578312
58,Spannagel cave,141,SPA127,303770,8425.246485,80.28607165,89.57653995,-8.36612132749,
58,Spannagel cave,732,SPA127_2023,432540,8426.17903958011,85.5840779487462,85.381497411523,-8.25048563899157,-4.74727805095841
58,Spannagel cave,141,SPA127,303771,8427.476048,80.62487213,90.02620699,-8.16034763768,
58,Spannagel cave,139,SPA70,301121,8427.532455,48.70255617,48.33532816,-8.72826392219,
58,Spannagel cave,732,SPA127_2023,432541,8428.22860731654,86.0167866242609,85.5200590090626,-8.24928007153455,-4.75930776306796
58,Spannagel cave,141,SPA127,303772,8429.549732,81.1115649,90.39588543,-8.33077243547,
58,Spannagel cave,732,SPA127_2023,432542,8430.37675173105,86.335924838535,86.0683394897624,-8.26016352933432,-4.80098131439013
58,Spannagel cave,141,SPA127,303773,8431.711373,81.51030129,90.96887632,-8.283471645,
58,Spannagel cave,732,SPA127_2023,432543,8432.56269622648,86.6172629718913,86.6542427218428,-8.39372449524046,-4.81892113386227
58,Spannagel cave,141,SPA127,303774,8433.874818,81.78066189,91.46374272,-8.42984398729,
58,Spannagel cave,732,SPA127_2023,432544,8434.69696030879,86.9502815183641,86.9683902930592,-8.36098577738413,-4.83471699469639
58,Spannagel cave,139,SPA70,301122,8435.642673,50.18757261,50.15100614,-8.50255805018,
58,Spannagel cave,141,SPA127,303775,8435.913655,82.14919566,91.83150256,-8.39206231928,
58,Spannagel cave,732,SPA127_2023,432545,8436.83053069314,87.329269647289,87.4892101198056,-8.24103002328857,-4.86356635374574
58,Spannagel cave,141,SPA127,303776,8438.052737,82.40204733,92.27842815,-8.5595370588,
58,Spannagel cave,732,SPA127_2023,432546,8438.99436946895,87.7217399199017,87.8843459731288,-8.2791123729189,-4.87850686496296
58,Spannagel cave,141,SPA127,303777,8440.093404,82.98428786,92.63225026,-8.53782584222,
58,Spannagel cave,732,SPA127_2023,432547,8441.1772731754,88.0951452618774,88.1822426401886,-8.36612132749143,-4.83339033935302
58,Spannagel cave,141,SPA127,303778,8442.285576,83.47089257,93.17868808,-8.43136283103,
58,Spannagel cave,732,SPA127_2023,432548,8443.33737746427,88.4839982299036,88.4400309063913,-8.16034763768298,-4.78360841309113
58,Spannagel cave,139,SPA70,301123,8443.533523,51.91415314,51.01006554,-8.66305886293,
58,Spannagel cave,141,SPA127,303779,8444.331138,83.93048818,93.59062547,-8.38066171301,
58,Spannagel cave,732,SPA127_2023,432549,8445.4860382392,88.8226752494993,88.8593560130957,-8.33077243547454,-4.71738456587737
58,Spannagel cave,141,SPA127,303780,8446.411416,84.32851815,94.06680022,-8.26412159406,
58,Spannagel cave,732,SPA127_2023,432550,8447.64928186285,89.0912384065323,89.2919751858735,-8.2834716450026,-4.69284657089103
58,Spannagel cave,141,SPA127,303781,8448.542917,84.7126172,94.59419786,-7.97073013491,
58,Spannagel cave,732,SPA127_2023,432551,8449.76911423349,89.5259695731875,89.6811831056439,-8.42984398729171,-4.64922460574534
58,Spannagel cave,141,SPA127,303782,8450.624758,85.19784697,95.07193483,-8.09996851529,
58,Spannagel cave,139,SPA70,301124,8451.338917,53.72877261,52.3037797,-8.55794048853,
58,Spannagel cave,732,SPA127_2023,432552,8451.74399089161,90.1212445432375,89.8900353193931,-8.39206231927697,-4.54893303322698
58,Spannagel cave,141,SPA127,303783,8452.776305,85.56007054,95.61937856,-8.15836287159,
58,Spannagel cave,732,SPA127_2023,432553,8453.78821374943,90.6242031743404,90.1424868000468,-8.55953705880449,-4.53812215539657
58,Spannagel cave,141,SPA127,303784,8454.837203,85.94805132,96.0761733,-8.103423693,
58,Spannagel cave,732,SPA127_2023,432554,8455.90662434194,91.0017393423495,90.4610561314767,-8.53782584222395,-4.63292648474496
58,Spannagel cave,141,SPA127,303785,8456.884438,86.53456273,96.49008081,-8.07508477599,
58,Spannagel cave,732,SPA127_2023,432555,8458.02257054851,91.389202670638,90.7766297876424,-8.43136283102786,-4.70341832507917
58,Spannagel cave,141,SPA127,303786,8458.946338,87.10640936,96.97694342,-8.22599375497,
58,Spannagel cave,139,SPA70,301125,8459.480123,54.97446659,53.44860505,-8.60713072639,
58,Spannagel cave,732,SPA127_2023,432556,8460.06903986839,91.8947158270148,91.022726557112,-8.38066171301011,-4.88443018575172
58,Spannagel cave,141,SPA127,303787,8460.992362,87.69413237,97.32567575,-8.16330084808,
58,Spannagel cave,732,SPA127_2023,432557,8462.20254093804,92.3188374501588,91.3619438101341,-8.26412159405574,-5.10823628313131
58,Spannagel cave,141,SPA127,303788,8463.082294,88.23794776,97.61513105,-8.41654892613,
58,Spannagel cave,732,SPA127_2023,432558,8464.26010034325,92.6863985016571,91.8451468322273,-7.9707301349137,-5.08386670131036
58,Spannagel cave,141,SPA127,303789,8465.205278,88.74871031,97.93763919,-8.22447657917,
58,Spannagel cave,732,SPA127_2023,432559,8466.34242090585,93.0637293504224,92.1786859522508,-8.09996851528971,-4.99413602962174
58,Spannagel cave,141,SPA127,303790,8467.367425,89.12351225,98.29930984,-7.89735791371,
58,Spannagel cave,139,SPA70,301126,8467.775508,56.5611708,54.99017478,-8.56553130178,
58,Spannagel cave,732,SPA127_2023,432560,8468.49228789007,93.418902783149,92.5546132306081,-8.15836287158646,-5.02006784945088
58,Spannagel cave,141,SPA127,303791,8469.523973,89.37204325,98.65228466,-7.91190808797,
58,Spannagel cave,732,SPA127_2023,432561,8470.69665078721,93.7118076482548,92.985036421891,-8.10342369299774,-4.98254228773741
58,Spannagel cave,141,SPA127,303792,8471.615793,89.68430368,98.93791275,-8.29418663283,
58,Spannagel cave,732,SPA127_2023,432562,8472.79794784928,94.1038666818313,93.3123937781056,-8.0750847759898,-4.88239539068633
58,Spannagel cave,141,SPA127,303793,8473.83902,89.9574265,99.38681333,-8.62443865298,
58,Spannagel cave,732,SPA127_2023,432563,8474.94416742812,94.5359150101194,93.7725615099134,-8.2259937549692,-5.03560298897493
58,Spannagel cave,141,SPA127,303794,8475.933777,90.54995226,99.79434565,-8.50864223367,
58,Spannagel cave,139,SPA70,301127,8476.320276,57.86742966,57.05411201,-8.54,
58,Spannagel cave,732,SPA127_2023,432564,8477.11148618484,95.0170187879849,94.212856119153,-8.16330084807789,-4.72181981459839
58,Spannagel cave,141,SPA127,303795,8478.028142,91.13955513,100.201485,-8.69616817899,
58,Spannagel cave,732,SPA127_2023,432565,8479.28453176466,95.481569417947,94.6541748476848,-8.41654892612803,-4.28609148654689
58,Spannagel cave,141,SPA127,303796,8480.169708,91.58871265,100.6558252,-8.4154742749,
58,Spannagel cave,732,SPA127_2023,432566,8481.41777594345,95.8252179486008,95.0204766428487,-8.22447657917133,-3.48686593569297
58,Spannagel cave,141,SPA127,303797,8482.280915,92.12404395,101.0798074,-8.3969357269,
58,Spannagel cave,732,SPA127_2023,432567,8483.46666665211,96.3056516324941,95.2948774366359,-7.89735791370553,-3.11897019006612
58,Spannagel cave,141,SPA127,303798,8484.388793,92.70067927,101.5004604,-8.43895741035,
58,Spannagel cave,139,SPA70,301128,8484.840154,58.99297836,58.85464285,-8.55440506575,
58,Spannagel cave,732,SPA127_2023,432568,8485.5504049454,96.7376946674176,95.6338420181946,-7.91190808796911,-2.8679102613037
58,Spannagel cave,141,SPA127,303799,8486.479472,93.4200269,101.9039142,-8.4594221692,
58,Spannagel cave,732,SPA127_2023,432569,8487.61520866989,97.1886722711424,96.0319573216257,-8.29418663282699,-3.52500550504745
58,Spannagel cave,141,SPA127,303800,8488.565243,94.02237835,102.2979064,-8.69121727037,
58,Spannagel cave,732,SPA127_2023,432570,8489.74792488858,97.5717373806638,96.4979851192602,-8.62443865297748,-4.95105061102449
58,Spannagel cave,141,SPA127,303801,8490.598287,94.59891082,102.7137623,-8.72116216908,
58,Spannagel cave,732,SPA127_2023,432571,8491.86319028765,97.972253309812,96.9339783509895,-8.50864223366815,-5.47257807272039
58,Spannagel cave,141,SPA127,303802,8492.70406,95.05507469,103.2110125,-8.46673951298,
58,Spannagel cave,139,SPA70,301129,8493.546992,59.81275117,59.1726449,-8.48785560813,
58,Spannagel cave,732,SPA127_2023,432572,8493.86975136963,98.4766994693964,97.158097784657,-8.69616817899261,-5.27612783707839
58,Spannagel cave,141,SPA127,303803,8494.795117,95.45179656,103.7165596,-8.37259268209,
58,Spannagel cave,732,SPA127_2023,432573,8495.90740358126,98.931339645178,97.4133083479774,-8.41547427489522,-5.40778683853551
58,Spannagel cave,141,SPA127,303804,8496.865999,95.86869387,104.2197651,-8.39834554987,
58,Spannagel cave,732,SPA127_2023,432574,8497.93758080915,99.3934548046927,97.6658969587897,-8.39693572689588,-5.29898586575242
58,Spannagel cave,141,SPA127,303805,8498.961408,96.26106363,104.747498,-8.44023890653,
58,Spannagel cave,732,SPA127_2023,432575,8500.1663179011,99.657010100158,98.198435895365,-8.43895741035029,-5.52124349365008
58,Spannagel cave,141,SPA127,303806,8501.099545,96.61070581,105.3179586,-8.3536327465,
58,Spannagel cave,732,SPA127_2023,432576,8502.4539759189,99.8616444697618,98.7898957578,-8.4594221691974,-5.48731576965561
58,Spannagel cave,141,SPA127,303807,8503.308632,96.88939791,105.9115304,-8.40554829593,
58,Spannagel cave,732,SPA127_2023,432577,8504.73769425029,100.070218525791,99.37741593381,-8.69121727036824,-5.6136974733148
58,Spannagel cave,139,SPA70,301130,8505.144035,57.49827083,56.76803558,-8.4211222953,
58,Spannagel cave,141,SPA127,303808,8505.493931,97.24490412,106.5517975,-8.51800308474,
58,Spannagel cave,732,SPA127_2023,432578,8506.87331267908,100.426892484402,99.8079248457798,-8.72116216907695,-5.73311488926199
58,Spannagel cave,141,SPA127,303809,8507.722217,97.6408728,107.20898,-8.35977717856,
58,Spannagel cave,732,SPA127_2023,432579,8508.96231254755,100.830185003344,100.189380951875,-8.46673951298126,-5.56445879201954
58,Spannagel cave,141,SPA127,303810,8509.900887,98.08645831,107.6662615,-8.35590798494,
58,Spannagel cave,732,SPA127_2023,432580,8511.12681595348,101.157973984822,100.646340595433,-8.37259268208734,-5.37390785999717
58,Spannagel cave,141,SPA127,303811,8512.052573,98.55902826,108.2505913,-8.38573672828,
58,Spannagel cave,732,SPA127_2023,432581,8513.24745392747,101.529628398252,101.059434807041,-8.3983455498663,-5.42327758594483
58,Spannagel cave,141,SPA127,303812,8514.234165,98.93854883,108.8160547,-8.56334719973,
58,Spannagel cave,732,SPA127_2023,432582,8515.26828373955,102.001090973579,101.372720856749,-8.44023890652975,-5.42457261874935
58,Spannagel cave,141,SPA127,303813,8516.326168,99.44757723,109.1778066,-8.35848025076,
58,Spannagel cave,139,SPA70,301131,8516.546545,54.70070487,54.63086125,-8.41,
58,Spannagel cave,732,SPA127_2023,432583,8517.3491339998,102.412533100734,101.742999706325,-8.35363274649655,-5.38869830746259
58,Spannagel cave,141,SPA127,303814,8518.481975,99.99052719,109.5108243,-8.24001171127,
58,Spannagel cave,732,SPA127_2023,432584,8519.45172177626,102.802237711687,102.13432555629,-8.40554829593029,-5.45952499385092
58,Spannagel cave,141,SPA127,303815,8520.59086,100.5803988,109.7669503,-8.35503423784,
58,Spannagel cave,732,SPA127_2023,432585,8521.50975137514,103.236500500223,102.481093228671,-8.51800308474205,-5.32192577933255
58,Spannagel cave,141,SPA127,303816,8522.724302,101.1003482,110.0476319,-8.3926380638,
58,Spannagel cave,732,SPA127_2023,432586,8523.5857623518,103.652781910965,102.845842278846,-8.35977717856011,-5.14038635959997
58,Spannagel cave,141,SPA127,303817,8524.900537,101.494235,110.3711075,-8.46684681147,
58,Spannagel cave,732,SPA127_2023,432587,8525.71602688636,104.027787985691,103.264844886908,-8.35590798493865,-5.16579053011387
58,Spannagel cave,141,SPA127,303818,8526.965813,101.9990813,110.5836238,-8.45500539844,
58,Spannagel cave,732,SPA127_2023,432588,8527.79480905969,104.492501117624,103.632365133746,-8.38573672827562,-5.02336378728079
58,Spannagel cave,139,SPA70,301132,8528.09853,51.79533015,52.54755873,-8.41217445756,
58,Spannagel cave,141,SPA127,303819,8529.095163,102.4398531,110.8602145,-8.36440157309,
58,Spannagel cave,732,SPA127_2023,432589,8529.89529382397,105.040698459308,104.021587971531,-8.56334719972917,-5.10657423641795
58,Spannagel cave,141,SPA127,303820,8531.265631,102.8395067,111.1779234,-8.06346714284,
58,Spannagel cave,732,SPA127_2023,432590,8531.97768479577,105.586220738065,104.392717016843,-8.35848025075983,-4.92433382020686
58,Spannagel cave,141,SPA127,303821,8533.506919,103.1627608,111.6506219,-8.06700495018,
58,Spannagel cave,732,SPA127_2023,432591,8534.02379999871,106.094001298787,104.727570293289,-8.24001171126551,-4.82988729393222
58,Spannagel cave,141,SPA127,303822,8535.669292,103.5185019,111.987816,-8.06787491182,
58,Spannagel cave,732,SPA127_2023,432592,8536.2285813237,106.393240557294,105.254185844387,-8.3550342378407,-4.86190516086829
58,Spannagel cave,141,SPA127,303823,8537.791207,103.9147011,112.3449707,-8.08877004192,
58,Spannagel cave,732,SPA127_2023,432593,8538.43336264868,106.692479815802,105.800924210091,-8.39263806380063,-4.77200817338549
58,Spannagel cave,139,SPA70,301133,8539.739574,49.59168599,50.62959053,-8.43949677896,
58,Spannagel cave,141,SPA127,303824,8539.996812,104.0569797,112.8489801,-8.15458463922,
58,Spannagel cave,732,SPA127_2023,432594,8540.59854364011,107.019661757153,106.308062242239,-8.46684681147202,-4.84797733603432
58,Spannagel cave,141,SPA127,303825,8542.191376,104.2067145,113.3540749,-8.22072495368,
58,Spannagel cave,732,SPA127_2023,432595,8542.6594614292,107.54401239845,106.683341344054,-8.45500539843678,-4.8789353888323
58,Spannagel cave,141,SPA127,303826,8544.356895,104.3854947,113.8301244,-8.24958652539,
58,Spannagel cave,732,SPA127_2023,432596,8544.70263382968,108.038764420147,106.982733528521,-8.3644015730933,-4.70326955499372
58,Spannagel cave,141,SPA127,303827,8546.49452,104.5921695,114.2782792,-8.20888527941,
58,Spannagel cave,732,SPA127_2023,432597,8546.77886535278,108.563002345152,107.284666644202,-8.0634671428372,-4.36647166755543
58,Spannagel cave,141,SPA127,303828,8548.628696,104.8022928,114.7229855,-8.3215474022,
58,Spannagel cave,732,SPA127_2023,432598,8548.81219391029,109.117124341603,107.53713071942,-8.06700495017734,-4.29847524929572
58,Spannagel cave,139,SPA70,301134,8550.809511,47.49942755,48.16779018,-8.0539430979,
58,Spannagel cave,732,SPA127_2023,432599,8550.85215197937,109.618763134004,107.900038937782,-8.06787491181901,-4.09837071454234
58,Spannagel cave,141,SPA127,303829,8550.888805,104.9311664,115.3540565,-8.29409829784,
58,Spannagel cave,732,SPA127_2023,432600,8552.95230542765,110.06020654719,108.28635233438,-8.08877004192416,-4.16531537090007
58,Spannagel cave,141,SPA127,303830,8553.05167,105.3832001,115.8811342,-8.21147717889,
58,Spannagel cave,732,SPA127_2023,432601,8555.10901883328,110.445090003035,108.755572233322,-8.15458463922338,-4.35269803518261
58,Spannagel cave,141,SPA127,303831,8555.183075,105.8666951,116.2457255,-8.41947025577,
58,Spannagel cave,732,SPA127_2023,432602,8557.23768800689,110.858017690898,109.191249876621,-8.22072495367561,-4.60296771489147
58,Spannagel cave,141,SPA127,303832,8557.239556,106.4251131,116.5318182,-8.17936716574,
58,Spannagel cave,732,SPA127_2023,432603,8559.3283237897,111.338121381785,109.608697840515,-8.24958652539284,-4.46370749846167
58,Spannagel cave,141,SPA127,303833,8559.330419,106.9491491,116.9215171,-8.24054691775,
58,Spannagel cave,732,SPA127_2023,432604,8561.39894559232,111.845961237694,110.085329861227,-8.20888527941456,-4.20007896696588
58,Spannagel cave,141,SPA127,303834,8561.412796,107.4816718,117.2937633,-8.11688624767,
58,Spannagel cave,139,SPA70,301135,8562.411122,45.11437618,46.46201853,-8.30532245389,
58,Spannagel cave,141,SPA127,303835,8563.501268,108.0080992,117.6721047,-8.15263825135,
58,Spannagel cave,732,SPA127_2023,432605,8563.51714495646,112.30622353209,110.606350192002,-8.32154740220319,-4.23979433281876
58,Spannagel cave,141,SPA127,303836,8565.623996,108.5002708,118.1110606,-8.30515047708,
58,Spannagel cave,732,SPA127_2023,432606,8565.63005921276,112.771770934316,110.930545526977,-8.29409829784211,-4.39452742691421
58,Spannagel cave,732,SPA127_2023,432607,8567.79889152084,113.181400284777,111.342324553858,-8.21147717889417,-4.30509865511468
58,Spannagel cave,732,SPA127_2023,432608,8569.89906518739,113.659688276754,111.848739796877,-8.41947025576801,-4.30447971767592
58,Spannagel cave,732,SPA127_2023,432609,8572.04369094628,114.156300917732,112.341470861293,-8.17936716574216,-4.57609847294925
58,Spannagel cave,139,SPA70,301136,8573.658555,42.70446053,44.24614128,-8.48607449512,
58,Spannagel cave,732,SPA127_2023,432610,8574.20081532631,114.691424300532,112.771198972865,-8.2405469177509,-4.59639950944136
58,Spannagel cave,732,SPA127_2023,432611,8576.35793970634,115.226547683335,113.222819266106,-8.1168862476711,-4.46909221279023
58,Spannagel cave,732,SPA127_2023,432612,8578.51506408636,115.761671066137,113.673816340048,-8.15263825135026,-4.42326780222041
58,Spannagel cave,732,SPA127_2023,432613,8580.60581202033,116.381031842191,114.058436967933,-8.30515047708353,-4.42109835975125
58,Spannagel cave,139,SPA70,301137,8584.880842,41.37145884,42.29466058,-8.42,
58,Spannagel cave,139,SPA70,301138,8596.311217,39.43894628,41.75714426,-8.3801649323,
58,Spannagel cave,139,SPA70,301139,8607.513524,37.85394642,39.6462187,-8.44,
58,Spannagel cave,139,SPA70,301140,8618.527325,37.06479903,37.84067375,-8.41634940158,
58,Spannagel cave,139,SPA70,301141,8629.871132,35.89108226,36.44666535,-8.33545991127,
58,Spannagel cave,139,SPA70,301142,8641.211007,35.39067028,35.93041332,-8.22272130164,
58,Spannagel cave,139,SPA70,301143,8652.434605,35.08869204,35.39357312,-8.16458292898,
58,Spannagel cave,139,SPA70,301144,8663.591371,34.8826832,35.47069841,-8.29431618956,
58,Spannagel cave,139,SPA70,301145,8674.693396,35.84253145,35.21887258,-8.38483535605,
58,Spannagel cave,139,SPA70,301146,8686.061098,36.38067592,36.14301331,-8.26540972167,
58,Spannagel cave,139,SPA70,301147,8697.579529,37.12675059,37.15808982,-8.3376908341,
58,Spannagel cave,139,SPA70,301148,8709.236852,37.39128443,38.76673685,-8.46735801109,
58,Spannagel cave,139,SPA70,301149,8720.714741,37.72212267,40.09034261,-8.57681471607,
58,Spannagel cave,139,SPA70,301150,8731.900651,38.75777525,41.41199165,-8.71190029981,
58,Spannagel cave,139,SPA70,301151,8743.201711,40.79499086,42.85577834,-8.77033551877,
58,Spannagel cave,139,SPA70,301152,8753.958145,42.91502328,43.37564851,-8.58784338292,
58,Spannagel cave,139,SPA70,301153,8765.146034,45.06122521,45.53333054,-8.48131689671,
58,Spannagel cave,139,SPA70,301154,8780.9713,46.69734528,47.03836441,-8.39159768144,
58,Spannagel cave,139,SPA70,301155,8808.67492,61.70970058,55.74287066,-8.36102861128,
58,Spannagel cave,139,SPA70,301156,8834.604055,85.75393219,69.99352241,-8.35942145409,
58,Spannagel cave,139,SPA70,301157,8860.995857,112.7962011,89.48595462,-8.09,
58,Spannagel cave,139,SPA70,301158,8886.691484,144.1999529,109.0486157,-8.19315442678,
58,Spannagel cave,139,SPA70,301159,8912.389637,176.4349114,127.9886282,-8.09629365332,
58,Spannagel cave,139,SPA70,301160,8938.542857,211.4456919,149.3765147,-8.16993834448,
58,Spannagel cave,139,SPA70,301161,8965.435417,243.3086663,172.2272901,-8.18003201241,
58,Spannagel cave,139,SPA70,301162,8992.493797,275.2771925,195.4872585,-8.25704755855,
58,Spannagel cave,139,SPA70,301163,9019.515104,302.2069586,218.4282317,-8.43723062401,
58,Spannagel cave,139,SPA70,301164,9045.376868,335.9136803,240.5192413,-8.455240283,
58,Spannagel cave,139,SPA70,301165,9071.661586,370.7762724,262.7814269,-8.78514114574,
58,Spannagel cave,139,SPA70,301166,9098.543236,403.1750823,284.3063103,-8.8283135459,
58,Spannagel cave,139,SPA70,301167,9125.891258,438.0024061,306.5571915,-8.93461033028,
58,Spannagel cave,139,SPA70,301168,9153.201292,471.1900821,328.5745614,-8.95319188318,
58,Spannagel cave,139,SPA70,301169,9179.469917,503.5386003,352.1813797,-9.02167014808,
58,Spannagel cave,139,SPA70,301170,9206.146208,535.472927,375.6643988,-8.56894282837,
58,Spannagel cave,139,SPA70,301171,9233.643861,568.5679812,400.5907173,-8.39933778484,
58,Spannagel cave,139,SPA70,301172,9260.719839,601.741355,424.4192786,-8.17837278031,
58,Spannagel cave,139,SPA70,301173,9286.668113,636.9105129,446.4076729,-8.30307277633,
58,Spannagel cave,139,SPA70,301174,9313.787306,671.3673787,469.7975403,-8.44578171936,
58,Spannagel cave,139,SPA70,301175,9340.772735,704.2877446,492.9128488,-8.41456796739,
58,Spannagel cave,139,SPA70,301176,9367.503329,738.0313715,515.3700827,-8.33778747128,
58,Spannagel cave,139,SPA70,301177,9394.498665,770.504507,538.6163848,-8.35443219144,
58,Spannagel cave,139,SPA70,301178,9421.323217,804.1523883,562.8336615,-8.63983900833,
58,Spannagel cave,139,SPA70,301179,9448.649403,837.4869,586.9935348,-8.44991464888,
58,Spannagel cave,139,SPA70,301180,9475.338182,871.4588198,609.9214678,-8.66771646069,
58,Spannagel cave,139,SPA70,301181,9502.023825,905.4338757,632.6349009,-8.75118384468,
58,Spannagel cave,154,SPA133,74798,9517.428399,576.3542239,951.763974,-7.88,
58,Spannagel cave,154,SPA133,74799,9522.573731,571.7483604,944.0182681,-7.83,
58,Spannagel cave,154,SPA133,74800,9527.900468,567.2499735,936.264947,-7.86,
58,Spannagel cave,139,SPA70,301182,9528.799497,939.3189017,657.1459765,-8.64749823111,
58,Spannagel cave,154,SPA133,74801,9532.870813,563.1079781,928.1552346,-8.24,
58,Spannagel cave,154,SPA133,74802,9537.838902,558.7503827,920.0432652,-8.32,
58,Spannagel cave,154,SPA133,74803,9542.965642,554.1895222,912.0899476,-8.46,
58,Spannagel cave,154,SPA133,74804,9548.262384,549.4149827,904.3066325,-8.13,
58,Spannagel cave,154,SPA133,74805,9553.559127,544.6404432,896.4930997,-8,
58,Spannagel cave,139,SPA70,301183,9554.806341,973.9252394,680.9976657,-8.33506586654,
58,Spannagel cave,154,SPA133,74806,9558.855869,539.8659037,888.6669106,-7.81,
58,Spannagel cave,154,SPA133,74807,9564.152612,535.0913642,880.8407215,-7.98,
58,Spannagel cave,154,SPA133,74808,9569.437651,530.3825613,873.002829,-7.68,
58,Spannagel cave,154,SPA133,74809,9574.867875,525.4879303,865.3101215,-7.85,
58,Spannagel cave,154,SPA133,74810,9580.059058,520.7944718,857.3783723,-7.91,
58,Spannagel cave,139,SPA70,301184,9581.689748,1006.431538,705.3046152,-8.18392634261,
58,Spannagel cave,154,SPA133,74811,9585.332118,515.9517956,849.5685562,-8,
58,Spannagel cave,154,SPA133,74812,9590.754094,511.2055992,842.4649772,-8.21,
58,Spannagel cave,154,SPA133,74813,9595.843536,506.9577611,835.0288644,-8.2,
58,Spannagel cave,154,SPA133,74814,9600.888274,502.8627309,827.5480481,-8.22,
58,Spannagel cave,154,SPA133,74815,9605.870579,498.7760095,819.9858333,-8.42,
58,Spannagel cave,139,SPA70,301185,9608.260669,1040.355807,727.9861233,-8.37183013481,
58,Spannagel cave,154,SPA133,74816,9610.782492,494.7596803,812.3488408,-8.58,
58,Spannagel cave,154,SPA133,74817,9615.694405,490.5991499,804.553098,-8.46,
58,Spannagel cave,154,SPA133,74818,9620.709339,486.2400587,796.4762043,-8.58,
58,Spannagel cave,154,SPA133,74819,9626.241592,481.3636492,788.8849796,-8.21,
58,Spannagel cave,154,SPA133,74820,9631.75509,476.7545954,781.2750009,-7.96,
58,Spannagel cave,139,SPA70,301186,9634.527226,1075.621383,749.4891007,-8.55983731401,
58,Spannagel cave,154,SPA133,74821,9636.734859,472.7359641,773.1312924,-7.79,
58,Spannagel cave,154,SPA133,74822,9641.647108,468.4868735,764.9200646,-7.72,
58,Spannagel cave,154,SPA133,74823,9646.668615,463.903934,756.8180941,-7.97,
58,Spannagel cave,154,SPA133,74824,9651.656296,459.4317226,748.6822981,-7.99,
58,Spannagel cave,154,SPA133,74825,9656.602771,454.9441915,740.5052956,-7.94,
58,Spannagel cave,154,SPA133,74826,9661.313411,450.8591914,732.0924587,-7.84,
58,Spannagel cave,139,SPA70,301187,9661.770791,1108.403271,771.9690853,-9.02182495785,
58,Spannagel cave,154,SPA133,74827,9666.516732,446.2990382,724.1723032,-7.78,
58,Spannagel cave,154,SPA133,74828,9671.939696,441.1753849,716.4349756,-7.74,
58,Spannagel cave,154,SPA133,74829,9677.192446,436.5912024,708.4858294,-7.75,
58,Spannagel cave,154,SPA133,74830,9682.449598,431.9711504,700.5410866,-7.83,
58,Spannagel cave,154,SPA133,74831,9687.504873,427.6341352,692.3944661,-7.84,
58,Spannagel cave,139,SPA70,301188,9688.904928,1141.265689,794.2836543,-8.89784768071,
58,Spannagel cave,154,SPA133,74832,9692.410971,423.8906981,684.0986683,-7.92,
58,Spannagel cave,154,SPA133,74833,9697.413499,419.9946706,675.8993009,-7.91,
58,Spannagel cave,154,SPA133,74834,9702.452496,415.9415708,667.5278417,-7.88,
58,Spannagel cave,154,SPA133,74835,9707.940566,410.7771716,660.0359116,-7.85,
58,Spannagel cave,154,SPA133,74836,9713.268679,405.763592,652.3781013,-7.99,
58,Spannagel cave,139,SPA70,301189,9716.152316,1174.014856,817.612829,-8.92572120652,
58,Spannagel cave,154,SPA133,74837,9717.975857,401.2855549,644.0281828,-7.69,
58,Spannagel cave,154,SPA133,74838,9723.37801,396.6387962,636.3732389,-7.71,
58,Spannagel cave,154,SPA133,74839,9728.619694,392.5591145,628.5578269,-8,
58,Spannagel cave,154,SPA133,74840,9733.977323,387.9460014,620.8583588,-8.07,
58,Spannagel cave,154,SPA133,74841,9739.091404,383.11977,612.9153436,-8.11,
58,Spannagel cave,139,SPA70,301190,9742.725209,1207.438517,840.9825705,-8.79158520083,
58,Spannagel cave,154,SPA133,74842,9743.764932,379.449892,604.4650689,-8.12,
58,Spannagel cave,154,SPA133,74843,9748.573999,375.6366564,596.0943981,-8.15,
58,Spannagel cave,154,SPA133,74844,9753.439558,371.9255447,587.7802186,-7.84,
58,Spannagel cave,154,SPA133,74845,9758.790896,367.4755646,580.0401945,-8.04,
58,Spannagel cave,154,SPA133,74846,9764.51751,362.7137529,573.3361758,-8.05,
58,Spannagel cave,139,SPA70,301191,9768.615551,1241.54473,863.6893048,-8.75277705188,
58,Spannagel cave,154,SPA133,74847,9770.498311,357.4203197,566.8863431,-8.11,
58,Spannagel cave,154,SPA133,74848,9776.089026,352.4521759,559.75019,-7.86,
58,Spannagel cave,154,SPA133,74849,9781.471395,347.6586701,551.9314339,-7.78,
58,Spannagel cave,154,SPA133,74850,9787.142388,342.6827818,544.7318926,-8.09,
58,Spannagel cave,154,SPA133,74851,9792.866707,337.6392075,537.9861171,-8.41,
58,Spannagel cave,139,SPA70,301192,9794.635812,1275.521023,885.9360851,-8.64819095798,
58,Spannagel cave,154,SPA133,74852,9798.721181,332.7453887,531.3028931,-8.59,
58,Spannagel cave,154,SPA133,74853,9804.506971,328.2570099,524.5509855,-8.34,
58,Spannagel cave,154,SPA133,74854,9809.69879,323.9733398,516.8807311,-8.34,
58,Spannagel cave,154,SPA133,74855,9815.348762,318.7153378,509.4418003,-8.39,
58,Spannagel cave,154,SPA133,74856,9821.358051,313.3176289,502.3427963,-8.79,
58,Spannagel cave,139,SPA70,301193,9822.090184,1308.063207,908.530666,-9.01697412149,
58,Spannagel cave,154,SPA133,74857,9826.734197,309.0314023,494.5443033,-8.64,
58,Spannagel cave,154,SPA133,74858,9831.88086,304.9064544,486.5163265,-8.49,
58,Spannagel cave,154,SPA133,74859,9836.866193,300.6257429,478.9520104,-8.25,
58,Spannagel cave,154,SPA133,74860,9841.851527,296.5292714,471.5696432,-8.34,
58,Spannagel cave,154,SPA133,74861,9846.762295,292.6422319,464.1127098,-8.28,
58,Spannagel cave,139,SPA70,301194,9849.428518,1340.721428,932.0586932,-8.99396305199,
58,Spannagel cave,154,SPA133,74862,9851.872308,288.5014894,456.5598606,-8.09,
58,Spannagel cave,154,SPA133,74863,9856.807528,284.4089763,448.5773737,-8.23,
58,Spannagel cave,154,SPA133,74864,9861.618097,280.8147508,440.5356649,-8.06,
58,Spannagel cave,154,SPA133,74865,9866.496603,277.1477691,432.2201165,-8.23,
58,Spannagel cave,154,SPA133,74866,9871.397473,273.1336805,423.2972693,-8.27,
58,Spannagel cave,139,SPA70,301195,9875.471,1374.6755,953.8543496,-8.84684666084,
58,Spannagel cave,154,SPA133,74867,9877.049127,268.1575603,416.8096302,-8.21,
58,Spannagel cave,154,SPA133,74868,9882.193189,263.4623994,409.022795,-8.14,
58,Spannagel cave,154,SPA133,74869,9887.160472,258.9689823,400.9423444,-8.1,
58,Spannagel cave,154,SPA133,74870,9892.612403,254.5519586,393.3465423,-8.08,
58,Spannagel cave,154,SPA133,74871,9897.683634,250.6598708,385.1195908,-8.09,
58,Spannagel cave,139,SPA70,301196,9901.941996,1408.297869,976.0527049,-8.7858929997,
58,Spannagel cave,154,SPA133,74872,9902.815099,246.2827536,376.9392927,-8.27,
58,Spannagel cave,154,SPA133,74873,9907.969931,241.2709991,368.7823609,-8.16,
58,Spannagel cave,154,SPA133,74874,9913.311107,236.9595177,360.8117733,-8.16,
58,Spannagel cave,154,SPA133,74875,9918.252013,233.1733242,352.3621944,-8.18,
58,Spannagel cave,154,SPA133,74876,9923.758572,228.3662293,345.5015903,-8.27,
58,Spannagel cave,154,SPA133,74877,9928.587944,224.8435812,336.8978048,-8.12,
58,Spannagel cave,139,SPA70,301197,9928.769858,1441.804146,999.2937715,-9.1196296313,
58,Spannagel cave,154,SPA133,74878,9934.268066,220.6903344,329.6174563,-8.06,
58,Spannagel cave,154,SPA133,74879,9939.825889,216.253982,322.3557104,-7.99,
58,Spannagel cave,154,SPA133,74880,9944.440271,212.4638254,313.4341651,-8.41,
58,Spannagel cave,154,SPA133,74881,9949.634851,207.7030432,306.2033947,-8.4,
58,Spannagel cave,154,SPA133,74882,9955.299927,202.773017,300.1194176,-8.32,
58,Spannagel cave,139,SPA70,301198,9955.7059,1475.202242,1022.643018,-9.1744913467,
58,Spannagel cave,154,SPA133,74883,9960.275403,199.2759485,291.3514415,-8.2,
58,Spannagel cave,154,SPA133,74884,9965.87739,194.4415628,284.5255566,-8.21,
58,Spannagel cave,154,SPA133,74885,9971.666693,189.6817377,277.6047928,-8.42,
58,Spannagel cave,154,SPA133,74886,9976.712204,185.6053766,269.6478452,-8.24,
58,Spannagel cave,154,SPA133,74887,9981.771979,182.0612065,262.3291427,-8.09,
58,Spannagel cave,139,SPA70,301199,9982.780106,1508.462175,1046.130429,-9.40756095998,
58,Spannagel cave,154,SPA133,74888,9987.483503,177.3206059,255.8008361,-7.89,
58,Spannagel cave,154,SPA133,74889,9993.210044,172.3561485,249.3667399,-8.04,
58,Spannagel cave,154,SPA133,74890,9998.197888,168.1808828,241.7498085,-7.87,
58,Spannagel cave,154,SPA133,74891,10003.12274,164.3997299,236.1613426,-7.98,
58,Spannagel cave,154,SPA133,74892,10008.29764,160.3962123,229.7907548,-7.95,
58,Spannagel cave,139,SPA70,301200,10009.53193,1542.044488,1069.29546,-9.25397595375,
58,Spannagel cave,154,SPA133,74893,10014.46621,155.6895423,222.0109471,-8.31,
58,Spannagel cave,154,SPA133,74894,10020.10614,150.6650476,216.2093288,-8.47,
58,Spannagel cave,154,SPA133,74895,10025.47483,146.3003161,210.0561083,-8.6,
58,Spannagel cave,154,SPA133,74896,10031.34441,141.2068109,202.7881297,-8.74,
58,Spannagel cave,139,SPA70,301201,10035.91061,1575.954389,1092.07292,-9.22358891447,
58,Spannagel cave,154,SPA133,74897,10036.59454,136.5501306,196.446926,-8.73,
58,Spannagel cave,154,SPA133,74898,10041.25128,132.9704964,188.9116433,-8.54,
58,Spannagel cave,154,SPA133,74899,10045.9874,130.4494094,182.2150631,-8.56,
58,Spannagel cave,154,SPA133,74900,10051.11524,126.6529256,175.406527,-8.64,
58,Spannagel cave,154,SPA133,74901,10056.55431,123.2046702,168.8707531,-8.43,
58,Spannagel cave,154,SPA133,74902,10061.85962,119.2696485,162.3163506,-8.82,
58,Spannagel cave,139,SPA70,301202,10062.35393,1609.599228,1114.792786,-9.2085380026,
58,Spannagel cave,154,SPA133,74903,10067.60766,114.7865022,155.0087446,-8.4,
58,Spannagel cave,154,SPA133,74904,10072.91388,111.6315659,148.4227797,-8.42,
58,Spannagel cave,154,SPA133,74905,10078.25262,107.3102528,142.9163178,-8.53,
58,Spannagel cave,154,SPA133,74906,10083.74742,103.9250839,135.0750044,-8.21,
58,Spannagel cave,154,SPA133,74907,10089.19852,100.2349237,128.0037358,-8.21,
58,Spannagel cave,139,SPA70,301203,10089.24897,1642.792341,1137.465099,-9.17711601542,
58,Spannagel cave,154,SPA133,74908,10094.51303,97.09031805,121.0861941,-8.15,
58,Spannagel cave,154,SPA133,74909,10099.9103,93.71646246,114.9682513,-8.18,
58,Spannagel cave,154,SPA133,74910,10104.2129,91.02453061,110.0069183,-8.2,
58,Spannagel cave,154,SPA133,74911,10109.59929,87.1456462,104.8525136,-8.33,
58,Spannagel cave,154,SPA133,74912,10114.92114,83.1313136,99.22811008,-8.32,
58,Spannagel cave,139,SPA70,301204,10116.08595,1676.04351,1160.951131,-8.89940136318,
58,Spannagel cave,154,SPA133,74913,10120.36212,79.69333883,94.07190805,-8.31,
58,Spannagel cave,154,SPA133,74914,10126.34035,76.11778655,88.74943723,-8.34,
58,Spannagel cave,154,SPA133,74915,10131.55535,73.38877907,84.01346149,-8.32,
58,Spannagel cave,154,SPA133,74916,10136.86151,70.46215719,81.32830264,-8.17,
58,Spannagel cave,154,SPA133,74917,10142.87338,67.39661833,77.70617797,-8.27,
58,Spannagel cave,139,SPA70,301205,10143.12698,1709.090638,1184.74494,-8.89818526543,
58,Spannagel cave,154,SPA133,74918,10148.4071,64.2483066,75.16003002,-8.29,
58,Spannagel cave,154,SPA133,74919,10153.93275,62.14446754,73.84823731,-8.3,
58,Spannagel cave,154,SPA133,74920,10159.74929,62.22416979,72.59547083,-8.3,
58,Spannagel cave,154,SPA133,74921,10166.07843,61.03415975,71.61806513,-8.32,
58,Spannagel cave,139,SPA70,301206,10170.29294,1742.012829,1208.422742,-8.88506541247,
58,Spannagel cave,154,SPA133,74922,10172.5312,60.67824065,71.50575162,-8.03,
58,Spannagel cave,154,SPA133,74923,10178.57041,59.81366781,71.44995576,-8.08,
58,Spannagel cave,154,SPA133,74924,10179.00487,59.54261623,70.72249007,-8.25,
58,Spannagel cave,154,SPA133,74925,10179.62426,59.36568394,70.40002377,-8.35,
58,Spannagel cave,154,SPA133,74926,10180.21965,59.33416427,69.70973593,-8.16,
58,Spannagel cave,154,SPA133,74927,10180.89574,58.74136036,69.02792069,-7.82,
58,Spannagel cave,154,SPA133,74928,10181.51776,58.48411517,68.69289484,-7.78,
58,Spannagel cave,154,SPA133,74929,10181.83375,58.28305674,67.73724215,-7.53,
58,Spannagel cave,154,SPA133,74930,10182.28857,58.27629596,66.85116497,-7.62,
58,Spannagel cave,154,SPA133,74931,10182.60217,58.36985277,65.9512843,-7.88,
58,Spannagel cave,154,SPA133,74932,10183.31348,57.80552827,65.5311145,-8.16,
58,Spannagel cave,154,SPA133,74933,10183.78246,57.48353496,65.29723177,-8.02,
58,Spannagel cave,154,SPA133,74934,10184.38561,57.19011594,65.04515659,-7.96,
58,Spannagel cave,154,SPA133,74935,10184.79889,57.1727227,64.25343884,-8.06,
58,Spannagel cave,154,SPA133,74936,10185.3217,56.90058802,63.71784687,-8.63,
58,Spannagel cave,154,SPA133,74937,10186.03004,56.57749469,63.79058111,-8.02,
58,Spannagel cave,154,SPA133,74938,10186.50483,56.19308405,63.25430551,-7.92,
58,Spannagel cave,154,SPA133,74939,10187.06075,55.68303144,62.42799543,-7.97,
58,Spannagel cave,154,SPA133,74940,10187.75897,55.01278009,62.26995687,-8.22,
58,Spannagel cave,154,SPA133,74941,10188.16595,54.76548256,61.73095978,-8.52,
58,Spannagel cave,154,SPA133,74942,10188.8745,54.5626603,61.53230943,-8.55,
58,Spannagel cave,154,SPA133,74943,10189.55338,54.51807466,60.78898129,-8.31,
58,Spannagel cave,154,SPA133,74944,10190.18908,54.51667181,60.34815786,-8.29,
58,Spannagel cave,154,SPA133,74945,10190.88235,54.10889882,59.96369177,-8.22,
58,Spannagel cave,154,SPA133,74946,10191.27947,53.90236786,59.49888691,-8.21,
58,Spannagel cave,154,SPA133,74947,10191.83233,53.80351702,59.0892921,-8.42,
58,Spannagel cave,154,SPA133,74948,10192.27097,53.7569396,58.82045621,-8.36,
58,Spannagel cave,154,SPA133,74949,10192.67751,53.82837944,58.58405891,-8.34,
58,Spannagel cave,154,SPA133,74950,10193.29759,53.67141346,57.75594786,-8.13,
58,Spannagel cave,154,SPA133,74951,10194.0041,53.33719573,57.29676143,-8.25,
58,Spannagel cave,154,SPA133,74952,10194.65544,52.90354572,57.1363325,-8.12,
58,Spannagel cave,154,SPA133,74953,10195.07092,52.79555533,56.75595776,-8.48,
58,Spannagel cave,154,SPA133,74954,10195.56079,52.93422678,56.64651416,-8.2,
58,Spannagel cave,154,SPA133,74955,10196.14225,52.58472127,56.09349547,-8.64,
58,Spannagel cave,154,SPA133,74956,10196.72702,52.29225567,55.56442423,-8.68,
58,Spannagel cave,139,SPA70,301207,10197.32964,1775.064289,1231.937001,-9.13098933226,
58,Spannagel cave,154,SPA133,74957,10197.34639,52.39858978,55.07984248,-8.61,
58,Spannagel cave,154,SPA133,74958,10197.95652,52.68086854,54.89577387,-8.71,
58,Spannagel cave,154,SPA133,74959,10198.47683,52.64268739,54.89937867,-8.68,
58,Spannagel cave,154,SPA133,74960,10199.07633,52.75168126,54.52651706,-8.41,
58,Spannagel cave,154,SPA133,74961,10199.58264,52.70206393,53.88951056,-8.31,
58,Spannagel cave,154,SPA133,74962,10200.10224,52.64741192,53.34592362,-8.47,
58,Spannagel cave,154,SPA133,74963,10200.6392,52.70334486,52.84365889,-8.74,
58,Spannagel cave,154,SPA133,74964,10201.09934,52.59186709,52.39422054,-8.8,
58,Spannagel cave,154,SPA133,74965,10201.6259,52.83848155,52.00876401,-8.69,
58,Spannagel cave,154,SPA133,74966,10202.18623,52.83538337,52.04370835,-8.52,
58,Spannagel cave,154,SPA133,74967,10202.78468,53.01337761,52.02443874,-8.29,
58,Spannagel cave,154,SPA133,74968,10203.40659,53.29213851,51.94122967,-8.14,
58,Spannagel cave,154,SPA133,74969,10203.90141,53.34941091,51.94741587,-7.79,
58,Spannagel cave,154,SPA133,74970,10204.76313,52.93968286,52.44533285,-7.8,
58,Spannagel cave,154,SPA133,74971,10205.47155,52.86070658,52.57343389,-7.75,
58,Spannagel cave,154,SPA133,74972,10206.19971,52.49671904,52.66141905,-7.72,
58,Spannagel cave,154,SPA133,74973,10206.82858,52.24558534,53.17741309,-7.62,
58,Spannagel cave,154,SPA133,74974,10207.35984,52.35932631,52.40775361,-7.92,
58,Spannagel cave,154,SPA133,74975,10207.94292,52.59127959,52.34491574,-7.89,
58,Spannagel cave,154,SPA133,74976,10208.75317,52.6679551,52.5361454,-8.02,
58,Spannagel cave,154,SPA133,74977,10209.17361,52.70900255,52.68760119,-8.03,
58,Spannagel cave,154,SPA133,74978,10209.82687,52.53570787,52.50241526,-8.18,
58,Spannagel cave,154,SPA133,74979,10210.31048,52.69167177,52.41171118,-8.19,
58,Spannagel cave,154,SPA133,74980,10210.73419,52.83611507,52.2806088,-8.27,
58,Spannagel cave,154,SPA133,74981,10211.3152,52.82883882,52.70565679,-8.17,
58,Spannagel cave,154,SPA133,74982,10211.63412,53.09815778,52.3407164,-8.51,
58,Spannagel cave,154,SPA133,74983,10212.14889,53.2886734,52.28621444,-8.4,
58,Spannagel cave,154,SPA133,74984,10212.94066,53.17088414,52.78654216,-8.33,
58,Spannagel cave,154,SPA133,74985,10213.50646,53.89299313,52.9923814,-8.22,
58,Spannagel cave,154,SPA133,74986,10214.31208,53.4829848,53.33042025,-8.2,
58,Spannagel cave,154,SPA133,74987,10214.87349,53.67675382,53.21569723,-8.12,
58,Spannagel cave,154,SPA133,74988,10215.35933,53.89732944,53.50420696,-8.08,
58,Spannagel cave,154,SPA133,74989,10215.99225,53.83747187,53.93088697,-8.11,
58,Spannagel cave,154,SPA133,74990,10216.84462,54.01954371,54.1518925,-8.23,
58,Spannagel cave,154,SPA133,74991,10217.41279,54.68839794,54.28603036,-8.12,
58,Spannagel cave,154,SPA133,74992,10218.05918,54.76434558,54.42655171,-8.35,
58,Spannagel cave,154,SPA133,74993,10218.82195,54.87466302,54.63109714,-8.25,
58,Spannagel cave,154,SPA133,74994,10219.58338,54.66553627,54.83430484,-8.19,
58,Spannagel cave,154,SPA133,74995,10220.23383,54.39907238,54.99579073,-8.13,
58,Spannagel cave,154,SPA133,74996,10220.90074,54.07057699,55.33002209,-8.03,
58,Spannagel cave,154,SPA133,74997,10221.49516,53.91974697,55.43745763,-7.91,
58,Spannagel cave,154,SPA133,74998,10221.96053,54.27881802,55.44200191,-7.96,
58,Spannagel cave,154,SPA133,74999,10222.57503,54.30722186,55.67465994,-7.98,
58,Spannagel cave,154,SPA133,75000,10223.05614,54.72217773,55.73071862,-8.02,
58,Spannagel cave,154,SPA133,75001,10223.64417,55.06132068,55.49705753,-7.91,
58,Spannagel cave,139,SPA70,301208,10224.16955,1808.312526,1255.23872,-8.80877596187,
58,Spannagel cave,154,SPA133,75002,10224.33326,55.34194398,55.49404048,-8.14,
58,Spannagel cave,154,SPA133,75003,10225.06483,55.55339203,55.87142743,-8.16,
58,Spannagel cave,154,SPA133,75004,10225.69062,55.8448107,56.27866199,-8.21,
58,Spannagel cave,154,SPA133,75005,10226.48844,56.03525415,56.85792269,-8.09,
58,Spannagel cave,154,SPA133,75006,10227.12203,56.38074727,57.27294752,-7.82,
58,Spannagel cave,154,SPA133,75007,10227.89292,56.27115559,57.65434217,-7.7,
58,Spannagel cave,154,SPA133,75008,10228.3725,56.86186164,57.78889008,-7.71,
58,Spannagel cave,154,SPA133,75009,10228.81084,57.19119383,57.93790093,-7.74,
58,Spannagel cave,154,SPA133,75010,10229.7992,56.89199311,58.55743669,-7.81,
58,Spannagel cave,154,SPA133,75011,10230.27857,57.08783939,58.66928253,-7.78,
58,Spannagel cave,154,SPA133,75012,10230.70199,57.31374565,58.64235816,-7.8,
58,Spannagel cave,154,SPA133,75013,10231.50586,57.18850536,58.94708941,-7.87,
58,Spannagel cave,154,SPA133,75014,10232.30658,56.7311605,58.74391332,-8.17,
58,Spannagel cave,154,SPA133,75015,10233.04495,56.50706791,58.34097261,-7.7,
58,Spannagel cave,154,SPA133,75016,10233.90957,56.13704679,57.87051404,-7.72,
58,Spannagel cave,154,SPA133,75017,10234.7624,55.85652125,57.75984103,-7.89,
58,Spannagel cave,154,SPA133,75018,10235.53628,55.69181382,57.17344066,-7.78,
58,Spannagel cave,154,SPA133,75019,10236.45021,55.41421209,56.67686199,-7.87,
58,Spannagel cave,154,SPA133,75020,10237.10605,55.57672993,55.89385822,-7.9,
58,Spannagel cave,154,SPA133,75021,10237.89644,55.76376843,55.3140138,-8.07,
58,Spannagel cave,154,SPA133,75022,10238.64175,55.46839968,54.67192809,-7.94,
58,Spannagel cave,154,SPA133,75023,10239.51337,54.90371496,53.88424326,-7.77,
58,Spannagel cave,154,SPA133,75024,10240.2522,54.76307636,53.18794958,-8.15,
58,Spannagel cave,154,SPA133,75025,10240.96997,54.52503036,52.42028058,-8.07,
58,Spannagel cave,154,SPA133,75026,10241.97262,53.59597691,51.98257244,-8,
58,Spannagel cave,154,SPA133,75027,10242.73263,52.90738899,51.32268601,-8.08,
58,Spannagel cave,154,SPA133,75028,10243.67683,52.19906854,50.88240326,-8.24,
58,Spannagel cave,154,SPA133,75029,10244.53029,52.20063731,50.22444138,-8.15,
58,Spannagel cave,154,SPA133,75030,10245.2119,52.23811064,49.34840353,-8.12,
58,Spannagel cave,154,SPA133,75031,10246.19466,51.3564742,49.21219763,-7.97,
58,Spannagel cave,154,SPA133,75032,10246.97646,51.06235164,48.67654758,-7.83,
58,Spannagel cave,154,SPA133,75033,10247.63742,50.78835629,48.29367695,-8.11,
58,Spannagel cave,154,SPA133,75034,10248.3476,50.43000557,47.76276119,-7.99,
58,Spannagel cave,154,SPA133,75035,10249.27096,50.16515442,47.27401364,-8.13,
58,Spannagel cave,154,SPA133,75036,10249.98009,50.00296422,47.04407692,-8.23,
58,Spannagel cave,154,SPA133,75037,10250.70735,49.9919365,46.72079829,-8.17,
58,Spannagel cave,139,SPA70,301209,10250.91227,1841.503292,1278.32333,-8.90669193743,
58,Spannagel cave,154,SPA133,75038,10251.69851,49.55841713,46.53913965,-8.18,
58,Spannagel cave,154,SPA133,75039,10252.5339,49.37121084,46.08198291,-7.91,
58,Spannagel cave,154,SPA133,75040,10253.44104,48.98802446,45.89427476,-8.02,
58,Spannagel cave,154,SPA133,75041,10254.19738,49.1671181,45.31185935,-8.27,
58,Spannagel cave,154,SPA133,75042,10255.21645,48.64155431,45.51431343,-8.26,
58,Spannagel cave,154,SPA133,75043,10256.02914,48.42698189,44.8743578,-8.27,
58,Spannagel cave,154,SPA133,75044,10256.84742,48.3964579,44.89863308,-8.21,
58,Spannagel cave,154,SPA133,75045,10257.61558,48.3913007,44.52764507,-8.12,
58,Spannagel cave,154,SPA133,75046,10258.59036,48.11911232,44.53864561,-8.13,
58,Spannagel cave,154,SPA133,75047,10259.4662,48.28462166,44.46079077,-8.2,
58,Spannagel cave,154,SPA133,75048,10260.0312,48.56002385,43.42122647,-8.35,
58,Spannagel cave,154,SPA133,75049,10261.04572,48.18812383,43.43789532,-8.14,
58,Spannagel cave,154,SPA133,75050,10261.8581,47.93557906,43.09423393,-8.09,
58,Spannagel cave,154,SPA133,75051,10262.64755,47.90056545,42.93821254,-8.1,
58,Spannagel cave,154,SPA133,75052,10263.56846,48.08290576,43.29261453,-8.14,
58,Spannagel cave,154,SPA133,75053,10264.32581,48.11811814,42.96049892,-8.32,
58,Spannagel cave,154,SPA133,75054,10265.13759,48.17378158,43.12622738,-8.14,
58,Spannagel cave,154,SPA133,75055,10266.01001,48.1270054,43.18469939,-8.26,
58,Spannagel cave,154,SPA133,75056,10266.87663,48.05638125,43.04280628,-8.16,
58,Spannagel cave,154,SPA133,75057,10267.94296,47.51209452,43.46270203,-8.22,
58,Spannagel cave,154,SPA133,75058,10268.76717,47.79902877,43.30522332,-8.25,
58,Spannagel cave,154,SPA133,75059,10269.53238,47.82903544,43.31594798,-8.16,
58,Spannagel cave,154,SPA133,75060,10270.3976,47.64411482,43.46586612,-8.3,
58,Spannagel cave,154,SPA133,75061,10271.16915,47.56910946,43.4004484,-8.31,
58,Spannagel cave,154,SPA133,75062,10272.05372,47.57759803,43.55362361,-8.27,
58,Spannagel cave,154,SPA133,75063,10272.96714,47.38687415,43.86286918,-8.26,
58,Spannagel cave,154,SPA133,75064,10273.88171,47.3267719,44.10888222,-8.32,
58,Spannagel cave,154,SPA133,75065,10274.6487,47.24139951,44.15205545,-8.24,
58,Spannagel cave,154,SPA133,75066,10275.46295,47.69159871,44.30910464,-8.29,
58,Spannagel cave,154,SPA133,75067,10276.25381,47.95881348,44.35644732,-8.43,
58,Spannagel cave,154,SPA133,75068,10277.09851,47.7951206,44.58850395,-8.47,
58,Spannagel cave,139,SPA70,301210,10277.75268,1873.874019,1301.260629,-8.99724460263,
58,Spannagel cave,154,SPA133,75069,10278.03842,48.01403535,44.83061076,-8.71,
58,Spannagel cave,154,SPA133,75070,10278.99469,47.99312521,45.2708457,-8.71,
58,Spannagel cave,154,SPA133,75071,10279.81738,48.16159261,45.70620571,-8.56,
58,Spannagel cave,154,SPA133,75072,10280.80022,48.1830694,46.2018633,-8.61,
58,Spannagel cave,154,SPA133,75073,10281.59734,48.24382592,46.29835165,-8.53,
58,Spannagel cave,154,SPA133,75074,10282.3918,48.27343521,46.64749921,-8.58,
58,Spannagel cave,154,SPA133,75075,10283.2301,48.33323916,46.80600606,-8.42,
58,Spannagel cave,154,SPA133,75076,10284.09569,48.59905042,47.18132244,-8.37,
58,Spannagel cave,154,SPA133,75077,10284.92536,48.90486129,47.30463833,-8.27,
58,Spannagel cave,154,SPA133,75078,10285.7329,49.00702469,47.20045452,-8.38,
58,Spannagel cave,154,SPA133,75079,10286.5476,49.14088965,47.55923567,-8.41,
58,Spannagel cave,154,SPA133,75080,10287.42493,49.17938413,48.10541307,-8.45,
58,Spannagel cave,154,SPA133,75081,10288.12603,49.64478409,48.02121135,-8.29,
58,Spannagel cave,154,SPA133,75082,10288.86028,50.22156985,48.21227917,-8.24,
58,Spannagel cave,154,SPA133,75083,10289.62944,50.48637165,48.62829633,-8.24,
58,Spannagel cave,154,SPA133,75084,10290.55185,50.65557407,49.32507359,-8.38,
58,Spannagel cave,154,SPA133,75085,10291.28458,51.09688728,49.55743021,-8.51,
58,Spannagel cave,154,SPA133,75086,10292.32112,51.15764243,50.02087796,-8.48,
58,Spannagel cave,154,SPA133,75087,10293.2481,51.53690246,50.27174038,-8.39,
58,Spannagel cave,154,SPA133,75088,10294.09063,51.97015138,50.78989894,-8.44,
58,Spannagel cave,154,SPA133,75089,10294.88419,52.55332675,51.20236973,-8.42,
58,Spannagel cave,154,SPA133,75090,10295.86455,52.89507745,51.8522717,-8.32,
58,Spannagel cave,154,SPA133,75091,10296.65354,53.44553395,52.23726584,-8.3,
58,Spannagel cave,154,SPA133,75092,10297.45628,53.3910747,52.63128037,-8.63,
58,Spannagel cave,154,SPA133,75093,10298.30777,53.66622884,53.07701025,-8.47,
58,Spannagel cave,154,SPA133,75094,10299.15482,54.30419397,53.5289783,-8.38,
58,Spannagel cave,154,SPA133,75095,10300.01734,54.63155526,53.92752623,-8.23,
58,Spannagel cave,154,SPA133,75096,10300.94287,55.00724634,54.39415455,-8.31,
58,Spannagel cave,154,SPA133,75097,10301.93209,55.28011802,54.67828642,-8.18,
58,Spannagel cave,154,SPA133,75098,10302.74146,55.48157012,55.01176417,-8.28,
58,Spannagel cave,154,SPA133,75099,10303.52408,56.19249945,55.54988134,-8.33,
58,Spannagel cave,139,SPA70,301211,10304.28975,1906.548075,1323.534729,-8.84006314879,
58,Spannagel cave,154,SPA133,75100,10304.30572,56.59355401,55.95499488,-8.41,
58,Spannagel cave,154,SPA133,75101,10305.14459,57.25435276,56.13166215,-8.28,
58,Spannagel cave,154,SPA133,75102,10306.05678,57.87658565,56.66032261,-8.28,
58,Spannagel cave,154,SPA133,75103,10306.94412,58.06207878,57.28225482,-8.25,
58,Spannagel cave,154,SPA133,75104,10307.83242,58.80807721,57.90832731,-8.17,
58,Spannagel cave,154,SPA133,75105,10308.73126,59.27612121,58.35736173,-8.42,
58,Spannagel cave,154,SPA133,75106,10309.64051,60.0437026,58.96757718,-8.26,
58,Spannagel cave,154,SPA133,75107,10310.32037,60.66306697,59.34723668,-8.12,
58,Spannagel cave,154,SPA133,75108,10311.18851,61.67622158,59.74556863,-8.08,
58,Spannagel cave,154,SPA133,75109,10311.99797,62.18467737,59.82915443,-8.32,
58,Spannagel cave,154,SPA133,75110,10312.81054,63.04957279,60.08463004,-8.26,
58,Spannagel cave,154,SPA133,75111,10313.53747,63.89033879,60.53749561,-8.28,
58,Spannagel cave,154,SPA133,75112,10314.47157,64.56179357,61.25151628,-8.11,
58,Spannagel cave,154,SPA133,75113,10315.51625,65.03071192,61.82957798,-8.26,
58,Spannagel cave,154,SPA133,75114,10316.33348,65.62036899,61.94351831,-8.09,
58,Spannagel cave,154,SPA133,75115,10317.06312,66.36638594,62.1235998,-8.21,
58,Spannagel cave,154,SPA133,75116,10317.77516,67.26321174,62.60257829,-8.11,
58,Spannagel cave,154,SPA133,75117,10319.47366,68.69753186,63.83097244,-8.11,
58,Spannagel cave,154,SPA133,75118,10321.0047,68.16620885,62.99965903,-7.86,
58,Spannagel cave,154,SPA133,75119,10322.56451,67.49546922,62.52223423,-7.86,
58,Spannagel cave,154,SPA133,75120,10324.24738,66.5534636,62.13769834,-7.89,
58,Spannagel cave,154,SPA133,75121,10325.77149,65.80825154,61.43270519,-7.82,
58,Spannagel cave,154,SPA133,75122,10327.30942,65.25311263,60.79238437,-7.79,
58,Spannagel cave,154,SPA133,75123,10328.90943,64.44255076,60.28416687,-7.8,
58,Spannagel cave,154,SPA133,75124,10330.41806,63.90476646,59.85209501,-8.08,
58,Spannagel cave,139,SPA70,301212,10330.79923,1939.249726,1345.781234,-9.01694441624,
58,Spannagel cave,154,SPA133,75125,10332.21536,62.95731267,59.42421207,-8.12,
58,Spannagel cave,154,SPA133,75126,10333.5657,62.556968,58.85868713,-8.31,
58,Spannagel cave,154,SPA133,75127,10335.23834,61.84312732,58.4862348,-8.45,
58,Spannagel cave,154,SPA133,75128,10336.92339,60.96988346,57.87436299,-8.23,
58,Spannagel cave,154,SPA133,75129,10338.61229,60.51677426,57.62584109,-8.2,
58,Spannagel cave,154,SPA133,75130,10340.07922,60.02754753,56.98763827,-8.21,
58,Spannagel cave,154,SPA133,75131,10341.76765,59.37132238,56.33547738,-8.37,
58,Spannagel cave,154,SPA133,75132,10343.20165,58.95050159,55.48623856,-8.28,
58,Spannagel cave,154,SPA133,75133,10344.89476,58.1872801,55.38408484,-8.32,
58,Spannagel cave,154,SPA133,75134,10346.44947,57.45870837,54.73514102,-8.42,
58,Spannagel cave,154,SPA133,75135,10348.05575,56.70875185,54.24825452,-8.84,
58,Spannagel cave,154,SPA133,75136,10349.67856,56.22601363,53.4469762,-8.64,
58,Spannagel cave,154,SPA133,75137,10350.96402,55.90990794,52.74583331,-8.44,
58,Spannagel cave,154,SPA133,75138,10352.58148,55.43280883,52.50137605,-8.47,
58,Spannagel cave,154,SPA133,75139,10354.337,54.5420443,52.27532281,-8.4,
58,Spannagel cave,154,SPA133,75140,10356.1825,53.36468523,51.74008203,-8.28,
58,Spannagel cave,139,SPA70,301213,10357.30871,1971.951378,1368.027739,-9.0739599158,
58,Spannagel cave,154,SPA133,75141,10357.9221,52.37509828,50.92256329,-7.97,
58,Spannagel cave,154,SPA133,75142,10359.43669,51.96715965,50.272381,-7.96,
58,Spannagel cave,154,SPA133,75143,10361.0566,51.48137295,49.63082921,-7.96,
58,Spannagel cave,154,SPA133,75144,10362.80366,50.86844017,49.17932041,-8.03,
58,Spannagel cave,154,SPA133,75145,10364.25796,50.40715995,48.2632661,-8.16,
58,Spannagel cave,154,SPA133,75146,10365.87452,49.89540355,47.77048854,-8.29,
58,Spannagel cave,154,SPA133,75147,10367.48005,49.09848698,47.29979663,-8.5,
58,Spannagel cave,154,SPA133,75148,10369.0889,48.6177002,46.62204704,-8.22,
58,Spannagel cave,154,SPA133,75149,10370.61878,48.38656048,46.09344631,-8.18,
58,Spannagel cave,154,SPA133,75150,10372.18369,48.10474177,45.93842066,-8.42,
58,Spannagel cave,154,SPA133,75151,10373.89521,47.6471022,45.51475482,-8.61,
58,Spannagel cave,154,SPA133,75152,10375.6594,47.1816366,45.00144337,-8.59,
58,Spannagel cave,154,SPA133,75153,10377.28331,46.89300923,44.46248752,-8.67,
58,Spannagel cave,154,SPA133,75154,10378.85967,46.64909296,43.85155503,-8.7,
58,Spannagel cave,154,SPA133,75155,10380.38422,46.54552346,43.3751032,-8.48,
58,Spannagel cave,154,SPA133,75156,10381.91969,46.23861918,42.9369878,-8.51,
58,Spannagel cave,154,SPA133,75157,10383.61999,45.8637866,42.64016442,-8.53,
58,Spannagel cave,139,SPA70,301214,10383.81819,2004.653029,1390.296189,-9.02790819248,
58,Spannagel cave,154,SPA133,75158,10385.03095,46.07824971,41.95695652,-8.37,
58,Spannagel cave,154,SPA133,75159,10386.51757,45.57293165,41.34380928,-8.37,
58,Spannagel cave,154,SPA133,75160,10388.1026,45.0393527,41.27440937,-8.3,
58,Spannagel cave,154,SPA133,75161,10389.77833,44.47679874,41.00007805,-8.36,
58,Spannagel cave,154,SPA133,75162,10391.43239,44.05624884,40.6357855,-8.47,
58,Spannagel cave,154,SPA133,75163,10393.11416,43.72465137,40.24099219,-8.43,
58,Spannagel cave,154,SPA133,75164,10394.8709,43.35956874,40.46798736,-8.53,
58,Spannagel cave,154,SPA133,75165,10396.8423,42.71253839,40.48487801,-8.31,
58,Spannagel cave,154,SPA133,75166,10398.26562,42.68139422,39.65444623,-8.49,
58,Spannagel cave,154,SPA133,75167,10399.96339,42.34900776,39.57213419,-8.41,
58,Spannagel cave,154,SPA133,75168,10401.47888,42.21229946,39.58107976,-8.48,
58,Spannagel cave,154,SPA133,75169,10403.08501,42.02259761,39.49914517,-8.35,
58,Spannagel cave,154,SPA133,75170,10404.59515,41.89574572,38.92306326,-8.29,
58,Spannagel cave,154,SPA133,75171,10406.18775,41.53109856,38.87363419,-8.37,
58,Spannagel cave,154,SPA133,75172,10407.93531,41.22582532,38.77691737,-8.38,
58,Spannagel cave,154,SPA133,75173,10409.57384,40.82261948,38.56027196,-8.19,
58,Spannagel cave,139,SPA70,301215,10410.32767,2037.421324,1413.31181,-8.88439366154,
58,Spannagel cave,154,SPA133,75174,10411.08479,40.51190512,38.16476921,-8.23,
58,Spannagel cave,154,SPA133,75175,10412.72534,40.37271529,38.40966674,-8.08,
58,Spannagel cave,154,SPA133,75176,10414.42879,40.14885154,38.57033495,-8.09,
58,Spannagel cave,154,SPA133,75177,10416.03824,40.14523512,38.28736672,-8.22,
58,Spannagel cave,154,SPA133,75178,10417.64882,40.0952677,38.27244511,-8.17,
58,Spannagel cave,154,SPA133,75179,10419.10931,40.15234664,38.23741229,-8.25,
58,Spannagel cave,154,SPA133,75180,10420.56388,40.41292366,38.02097824,-8.09,
58,Spannagel cave,154,SPA133,75181,10422.14365,40.65676911,38.15622053,-8.13,
58,Spannagel cave,154,SPA133,75182,10423.74366,40.61049811,38.57500452,-8.27,
58,Spannagel cave,154,SPA133,75183,10425.39652,40.63654164,38.61306445,-8.27,
58,Spannagel cave,154,SPA133,75184,10427.34834,40.18874598,39.18122762,-8.44,
58,Spannagel cave,154,SPA133,75185,10428.97913,40.51671748,39.37130187,-8.25,
58,Spannagel cave,154,SPA133,75186,10430.64104,40.48550753,39.52331411,-8.33,
58,Spannagel cave,154,SPA133,75187,10432.19717,40.77960525,39.62109336,-8.52,
58,Spannagel cave,154,SPA133,75188,10433.82048,40.8758128,39.49562102,-8.54,
58,Spannagel cave,154,SPA133,75189,10435.34042,40.93967729,39.62327391,-8.24,
58,Spannagel cave,139,SPA70,301216,10436.9828,2070.704696,1436.535286,-8.73683598409,
58,Spannagel cave,154,SPA133,75190,10436.98889,41.0281401,39.59159953,-8,
58,Spannagel cave,154,SPA133,75191,10438.44289,41.11027306,39.58108603,-8.04,
58,Spannagel cave,154,SPA133,75192,10440.1496,41.00948253,39.84557115,-8.13,
58,Spannagel cave,154,SPA133,75193,10441.58786,40.99749367,39.93275706,-8.15,
58,Spannagel cave,154,SPA133,75194,10443.13496,41.04478736,39.91339173,-8.28,
58,Spannagel cave,154,SPA133,75195,10444.72457,41.06853057,40.05671269,-8.18,
58,Spannagel cave,154,SPA133,75196,10446.31747,40.90487442,40.12236891,-8.14,
58,Spannagel cave,154,SPA133,75197,10447.99384,40.7339177,40.32317185,-8.25,
58,Spannagel cave,154,SPA133,75198,10449.50456,41.265825,40.58299094,-8.32,
58,Spannagel cave,154,SPA133,75199,10451.20453,41.36002014,41.08277193,-8.33,
58,Spannagel cave,154,SPA133,75200,10452.83083,41.91636398,41.62018319,-8.28,
58,Spannagel cave,154,SPA133,75201,10454.49249,42.3492233,42.05770461,-8.04,
58,Spannagel cave,154,SPA133,75202,10456.18028,42.64618682,42.47370539,-8.05,
58,Spannagel cave,154,SPA133,75203,10457.78668,42.78846743,42.86161506,-8.11,
58,Spannagel cave,154,SPA133,75204,10459.41254,43.06768832,43.36135396,-8.01,
58,Spannagel cave,154,SPA133,75205,10460.87375,43.28586154,43.5667897,-7.91,
58,Spannagel cave,154,SPA133,75206,10462.46649,43.61976958,43.95344155,-7.92,
58,Spannagel cave,139,SPA70,301217,10463.7187,2103.907304,1459.895247,-9.04473856587,
58,Spannagel cave,154,SPA133,75207,10464.15826,43.93573283,43.97309801,-8.07,
58,Spannagel cave,154,SPA133,75208,10465.59397,44.56750677,44.27986541,-7.99,
58,Spannagel cave,154,SPA133,75209,10466.96866,45.17039513,44.56154514,-8.07,
58,Spannagel cave,154,SPA133,75210,10468.53518,45.70921003,44.94845255,-8.18,
58,Spannagel cave,154,SPA133,75211,10470.22693,46.04385531,45.46313021,-8.38,
58,Spannagel cave,154,SPA133,75212,10471.84258,46.20265533,46.0168558,-8.15,
58,Spannagel cave,154,SPA133,75213,10473.37115,46.66307757,46.21330306,-8.23,
58,Spannagel cave,154,SPA133,75214,10474.86725,46.90099625,46.44223268,-8.29,
58,Spannagel cave,154,SPA133,75215,10476.48135,47.2879159,46.81308274,-8.18,
58,Spannagel cave,154,SPA133,75216,10478.22057,47.75041035,47.23904484,-8.07,
58,Spannagel cave,154,SPA133,75217,10479.58042,48.61558725,47.3791067,-8.06,
58,Spannagel cave,154,SPA133,75218,10481.16524,49.27382614,48.13136474,-7.91,
58,Spannagel cave,154,SPA133,75219,10482.76051,49.88725178,48.65988518,-7.97,
58,Spannagel cave,154,SPA133,75220,10484.27509,50.40526882,48.84920366,-7.86,
58,Spannagel cave,154,SPA133,75221,10485.90646,50.76322063,49.51065239,-7.87,
58,Spannagel cave,154,SPA133,75222,10487.59467,51.51212655,50.35534683,-7.65,
58,Spannagel cave,154,SPA133,75223,10489.30764,52.06202134,51.32353046,-7.82,
58,Spannagel cave,139,SPA70,301218,10490.4546,2137.109912,1483.255208,-8.67843263469,
58,Spannagel cave,154,SPA133,75224,10490.97154,52.51155361,52.22053714,-7.88,
58,Spannagel cave,154,SPA133,75225,10492.52836,53.28594218,52.79658339,-7.83,
58,Spannagel cave,154,SPA133,75226,10493.99751,54.16056635,53.54395333,-7.8,
58,Spannagel cave,154,SPA133,75227,10495.74394,54.57978315,54.23928152,-7.79,
58,Spannagel cave,154,SPA133,75228,10497.05699,53.86469804,53.81261812,-7.99,
58,Spannagel cave,154,SPA133,75229,10498.77527,52.74544014,53.48925353,-7.88,
58,Spannagel cave,154,SPA133,75230,10500.31149,52.18419844,53.37192391,-7.87,
58,Spannagel cave,154,SPA133,75231,10501.73927,51.42177321,52.52463264,-7.54,
58,Spannagel cave,154,SPA133,75232,10503.14786,50.91347441,52.13297615,-7.41,
58,Spannagel cave,154,SPA133,75233,10504.70002,50.0994622,51.53172185,-7.47,
58,Spannagel cave,154,SPA133,75234,10506.12048,49.72017211,50.97238683,-7.55,
58,Spannagel cave,154,SPA133,75235,10507.43028,49.06093915,50.49482991,-7.47,
58,Spannagel cave,154,SPA133,75236,10508.88735,48.48202142,50.2929705,-7.56,
58,Spannagel cave,154,SPA133,75237,10510.1967,47.99108101,49.90114246,-7.58,
58,Spannagel cave,154,SPA133,75238,10511.89737,47.36668622,49.69810788,-7.6,
58,Spannagel cave,154,SPA133,75239,10513.3437,46.90469879,49.42010883,-7.64,
58,Spannagel cave,154,SPA133,75240,10514.80167,46.5416693,49.13898297,-7.88,
58,Spannagel cave,154,SPA133,75241,10516.06701,46.48465866,48.45209739,-7.75,
58,Spannagel cave,139,SPA70,301219,10517.20521,2170.297804,1506.629885,-8.91451516284,
58,Spannagel cave,154,SPA133,75242,10517.53439,46.16421244,47.81888462,-7.67,
58,Spannagel cave,154,SPA133,75243,10519.1057,45.58047682,47.41117245,-7.59,
58,Spannagel cave,154,SPA133,75244,10520.65367,45.30132401,46.77652582,-7.67,
58,Spannagel cave,154,SPA133,75245,10522.06195,45.00965277,46.25883823,-7.6,
58,Spannagel cave,154,SPA133,75246,10523.49766,44.67767269,45.98480074,-7.68,
58,Spannagel cave,154,SPA133,75247,10524.80124,44.48477171,45.66622071,-7.73,
58,Spannagel cave,154,SPA133,75248,10526.51408,43.73180415,45.33253306,-7.84,
58,Spannagel cave,154,SPA133,75249,10527.72349,43.18747392,45.10999192,-7.58,
58,Spannagel cave,154,SPA133,75250,10529.33422,42.63447312,45.03503852,-7.64,
58,Spannagel cave,154,SPA133,75251,10530.77284,42.39405902,44.52502461,-7.69,
58,Spannagel cave,154,SPA133,75252,10532.3962,42.03709094,44.87150932,-7.66,
58,Spannagel cave,154,SPA133,75253,10533.74027,42.17844432,44.92806331,-7.66,
58,Spannagel cave,154,SPA133,75254,10535.32402,41.77042604,45.07460558,-7.74,
58,Spannagel cave,154,SPA133,75255,10536.87239,41.79368817,45.36868907,-8.11,
58,Spannagel cave,154,SPA133,75256,10538.27407,41.5843976,45.21371795,-7.72,
58,Spannagel cave,154,SPA133,75257,10541.10162,41.09186658,44.55524073,-7.94,
58,Spannagel cave,154,SPA133,75258,10542.38051,40.92797379,44.05037285,-7.74,
58,Spannagel cave,154,SPA133,75259,10543.8607,40.56592188,44.54202877,-7.63,
58,Spannagel cave,139,SPA70,301220,10544.30916,2203.132356,1530.357902,-8.66372715246,
58,Spannagel cave,154,SPA133,75260,10545.25069,40.41068817,44.24806871,-7.73,
58,Spannagel cave,154,SPA133,75261,10546.65914,40.15278699,44.27459611,-7.94,
58,Spannagel cave,154,SPA133,75262,10548.13436,40.31076114,44.36690435,-8.1,
58,Spannagel cave,154,SPA133,75263,10549.44125,40.50964825,44.2651818,-8.08,
58,Spannagel cave,154,SPA133,75264,10550.65884,40.57937373,44.03721959,-8.06,
58,Spannagel cave,154,SPA133,75265,10551.95991,40.3174846,44.07501471,-8.01,
58,Spannagel cave,154,SPA133,75266,10553.44954,40.45079346,43.86414965,-7.96,
58,Spannagel cave,154,SPA133,75267,10554.73729,40.89226512,43.86127972,-8.07,
58,Spannagel cave,154,SPA133,75268,10556.10623,41.03663135,43.92397044,-7.72,
58,Spannagel cave,154,SPA133,75269,10557.48809,41.07359117,44.49745676,-7.66,
58,Spannagel cave,154,SPA133,75270,10558.78177,41.12422264,44.41461825,-7.57,
58,Spannagel cave,154,SPA133,75271,10560.16232,41.35541073,44.20156222,-7.34,
58,Spannagel cave,154,SPA133,75272,10561.58541,41.45111199,44.35738263,-7.4,
58,Spannagel cave,154,SPA133,75273,10563.17727,41.37512433,45.06268471,-7.52,
58,Spannagel cave,154,SPA133,75274,10564.64158,41.61733308,45.28387024,-7.64,
58,Spannagel cave,154,SPA133,75275,10566.05722,41.73118803,45.58506478,-7.83,
58,Spannagel cave,154,SPA133,75276,10567.40848,41.86687339,45.68197138,-7.92,
58,Spannagel cave,154,SPA133,75277,10568.558,42.35817947,45.66722866,-7.76,
58,Spannagel cave,154,SPA133,75278,10569.91276,42.54994788,45.83962946,-7.65,
58,Spannagel cave,154,SPA133,75279,10571.25124,42.77023108,46.38299715,-7.6,
58,Spannagel cave,139,SPA70,301221,10571.3024,2236.077621,1553.975206,-8.68567362228,
58,Spannagel cave,154,SPA133,75280,10572.78575,42.87908362,46.47403981,-7.52,
58,Spannagel cave,154,SPA133,75281,10574.18874,42.95260629,46.26139,-7.43,
58,Spannagel cave,154,SPA133,75282,10575.74148,42.91978328,47.01410294,-7.81,
58,Spannagel cave,154,SPA133,75283,10577.17125,43.22075621,46.84207297,-7.64,
58,Spannagel cave,154,SPA133,75284,10578.57154,43.42098531,47.18294733,-7.71,
58,Spannagel cave,154,SPA133,75285,10580.12865,43.39416059,47.93501181,-7.78,
58,Spannagel cave,154,SPA133,75286,10581.57248,43.43885106,48.37135741,-8.01,
58,Spannagel cave,154,SPA133,75287,10583.09949,43.84136664,49.11351605,-8.01,
58,Spannagel cave,154,SPA133,75288,10584.49565,44.35076339,49.75359546,-7.67,
58,Spannagel cave,154,SPA133,75289,10585.87569,44.94648684,50.27536133,-7.68,
58,Spannagel cave,154,SPA133,75290,10587.25504,45.52008963,50.53583157,-7.88,
58,Spannagel cave,154,SPA133,75291,10588.60112,46.07829084,50.87042218,-8.02,
58,Spannagel cave,154,SPA133,75292,10590.05927,46.58805959,50.90891293,-7.89,
58,Spannagel cave,154,SPA133,75293,10591.37685,47.0192512,51.60603141,-7.65,
58,Spannagel cave,154,SPA133,75294,10592.75632,47.82437297,52.36442444,-7.63,
58,Spannagel cave,154,SPA133,75295,10594.04712,48.20228007,52.96973171,-7.53,
58,Spannagel cave,154,SPA133,75296,10595.26826,48.65347903,53.58432367,-7.59,
58,Spannagel cave,154,SPA133,75297,10596.82638,48.90457064,54.06194987,-7.61,
58,Spannagel cave,139,SPA70,301222,10597.95764,2269.360885,1577.254511,-8.46979128503,
58,Spannagel cave,154,SPA133,75298,10598.52127,49.1157557,54.7073569,-7.8,
58,Spannagel cave,154,SPA133,75299,10599.86447,49.61990334,55.22386449,-7.85,
58,Spannagel cave,154,SPA133,75300,10601.18608,49.93035885,55.80357112,-7.65,
58,Spannagel cave,154,SPA133,75301,10602.5239,50.45888529,56.35267992,-7.49,
58,Spannagel cave,154,SPA133,75302,10603.9719,51.02289108,56.75417991,-7.5,
58,Spannagel cave,154,SPA133,75303,10605.36879,51.57289764,57.15194804,-7.49,
58,Spannagel cave,154,SPA133,75304,10606.81393,52.27166838,57.92895795,-7.59,
58,Spannagel cave,154,SPA133,75305,10608.30154,53.05301931,58.7347935,-7.68,
58,Spannagel cave,154,SPA133,75306,10609.69934,53.48833218,59.02398947,-7.72,
58,Spannagel cave,154,SPA133,75307,10611.17851,54.2149599,59.46518756,-7.59,
58,Spannagel cave,154,SPA133,75308,10612.49203,55.07104713,60.33500711,-7.57,
58,Spannagel cave,154,SPA133,75309,10613.82942,55.71099132,60.58903997,-7.67,
58,Spannagel cave,154,SPA133,75310,10615.1891,56.36674992,61.15351502,-7.89,
58,Spannagel cave,154,SPA133,75311,10616.79766,56.81461034,61.77178082,-7.6,
58,Spannagel cave,154,SPA133,75312,10618.26674,57.45343707,62.31670318,-7.51,
58,Spannagel cave,154,SPA133,75313,10619.66444,58.30614415,62.92013243,-7.59,
58,Spannagel cave,154,SPA133,75314,10621.0564,59.19111718,63.3301715,-7.71,
58,Spannagel cave,154,SPA133,75315,10622.63093,59.90690202,63.83804417,-7.8,
58,Spannagel cave,154,SPA133,75316,10624.09966,60.81558433,64.51972808,-7.81,
58,Spannagel cave,139,SPA70,301223,10624.61288,2302.644149,1600.533816,-8.69806623274,
58,Spannagel cave,154,SPA133,75317,10625.36231,61.46636396,64.89133499,-7.91,
58,Spannagel cave,154,SPA133,75318,10626.83603,62.10149373,65.96273951,-7.96,
58,Spannagel cave,154,SPA133,75319,10628.44359,62.6850122,66.81196615,-7.82,
58,Spannagel cave,154,SPA133,75320,10629.89617,63.43755748,67.34048519,-7.75,
58,Spannagel cave,154,SPA133,75321,10631.18061,64.4618038,67.64168709,-7.72,
58,Spannagel cave,154,SPA133,75322,10632.80372,65.14993316,68.24892679,-7.92,
58,Spannagel cave,154,SPA133,75323,10634.26577,65.80140477,68.82053227,-8.01,
58,Spannagel cave,154,SPA133,75324,10635.61958,66.46637552,69.44881301,-7.87,
58,Spannagel cave,154,SPA133,75325,10637.11966,67.24207906,69.86907151,-7.78,
58,Spannagel cave,154,SPA133,75326,10638.57649,67.87972862,70.58195313,-7.57,
58,Spannagel cave,154,SPA133,75327,10640.2682,67.18589052,69.50648409,-7.62,
58,Spannagel cave,154,SPA133,75328,10641.96,66.00186735,68.83748555,-7.59,
58,Spannagel cave,154,SPA133,75329,10643.60129,64.86834486,67.6598798,-7.51,
58,Spannagel cave,154,SPA133,75330,10645.19354,63.78386223,66.58857403,-7.3,
58,Spannagel cave,154,SPA133,75331,10646.73137,63.20388063,65.71924027,-7.28,
58,Spannagel cave,154,SPA133,75332,10648.23262,62.60899554,64.69673243,-7.17,
58,Spannagel cave,154,SPA133,75333,10649.54377,62.11786725,63.52493704,-7.24,
58,Spannagel cave,154,SPA133,75334,10651.03062,61.02520621,62.60158808,-7.37,
58,Spannagel cave,139,SPA70,301224,10651.26812,2335.927413,1623.813121,-8.5210733764,
58,Spannagel cave,154,SPA133,75335,10652.88247,59.93876005,62.23132528,-7.39,
58,Spannagel cave,154,SPA133,75336,10654.43378,59.3767365,61.36316501,-7.62,
58,Spannagel cave,154,SPA133,75337,10655.8581,58.40098569,60.37518831,-7.57,
58,Spannagel cave,154,SPA133,75338,10657.54332,57.31943824,59.72524808,-7.41,
58,Spannagel cave,154,SPA133,75339,10658.90444,56.98863771,58.64662161,-7.33,
58,Spannagel cave,154,SPA133,75340,10660.52506,57.27811983,57.89128291,-7.4,
58,Spannagel cave,154,SPA133,75341,10662.02002,56.65726499,57.18576906,-7.54,
58,Spannagel cave,154,SPA133,75342,10663.74474,56.40011799,56.34267567,-7.52,
58,Spannagel cave,154,SPA133,75343,10665.41874,55.44217248,55.1470914,-7.61,
58,Spannagel cave,154,SPA133,75344,10666.86373,54.70376919,53.79910093,-7.5,
58,Spannagel cave,154,SPA133,75345,10668.50788,54.29060103,53.56580512,-7.48,
58,Spannagel cave,154,SPA133,75346,10669.90574,53.80174585,52.88574461,-7.41,
58,Spannagel cave,154,SPA133,75347,10671.33625,53.50376285,52.51613624,-7.41,
58,Spannagel cave,154,SPA133,75348,10672.78116,53.36544784,51.5845571,-7.6,
58,Spannagel cave,154,SPA133,75349,10674.48665,52.86593409,51.77918927,-7.72,
58,Spannagel cave,154,SPA133,75350,10676.06941,52.36608413,50.92680755,-7.84,
58,Spannagel cave,154,SPA133,75351,10677.69402,51.75551406,50.8676727,-7.75,
58,Spannagel cave,139,SPA70,301225,10677.92336,2369.210677,1647.092426,-8.55953200991,
58,Spannagel cave,154,SPA133,75352,10679.48881,51.27588682,50.60122581,-7.7,
58,Spannagel cave,154,SPA133,75353,10681.28415,50.4848799,50.30865695,-7.63,
58,Spannagel cave,154,SPA133,75354,10682.99722,49.9410869,49.77500013,-7.56,
58,Spannagel cave,154,SPA133,75355,10684.78186,49.40764436,49.44447166,-7.5,
58,Spannagel cave,154,SPA133,75356,10686.14668,49.32399184,49.42562347,-7.36,
58,Spannagel cave,154,SPA133,75357,10687.81516,48.97476045,49.87441423,-7.46,
58,Spannagel cave,154,SPA133,75358,10689.36585,48.93806725,49.37629191,-7.56,
58,Spannagel cave,154,SPA133,75359,10690.92536,48.82086469,48.36249276,-7.64,
58,Spannagel cave,154,SPA133,75360,10692.15716,49.34488233,47.52388636,-7.72,
58,Spannagel cave,154,SPA133,75361,10693.91918,48.93070765,47.34019545,-7.73,
58,Spannagel cave,154,SPA133,75362,10695.61794,48.65248747,47.6326445,-7.86,
58,Spannagel cave,154,SPA133,75363,10697.34625,47.82133128,47.89642251,-7.86,
58,Spannagel cave,154,SPA133,75364,10699.20106,47.2114927,47.88722684,-7.84,
58,Spannagel cave,154,SPA133,75365,10700.83764,46.84400255,47.84745849,-7.64,
58,Spannagel cave,154,SPA133,75366,10702.53878,46.89599861,47.76416911,-7.89,
58,Spannagel cave,154,SPA133,75367,10703.98151,47.56293153,47.78701894,-7.91,
58,Spannagel cave,139,SPA70,301226,10704.57859,2402.493941,1670.371731,-8.55109887925,
58,Spannagel cave,154,SPA133,75368,10705.87019,47.2974531,48.31405047,-7.76,
58,Spannagel cave,154,SPA133,75369,10707.57474,47.27461954,48.35119627,-7.93,
58,Spannagel cave,154,SPA133,75370,10709.36373,47.26527587,48.67975663,-7.99,
58,Spannagel cave,154,SPA133,75371,10710.97598,46.99016382,48.86654091,-7.79,
58,Spannagel cave,154,SPA133,75372,10712.53923,46.83609222,48.84254329,-7.55,
58,Spannagel cave,154,SPA133,75373,10714.37759,46.76389326,48.97839132,-7.38,
58,Spannagel cave,154,SPA133,75374,10715.98142,47.25619872,49.26911954,-7.51,
58,Spannagel cave,154,SPA133,75375,10717.64391,47.50244355,49.79259212,-7.84,
58,Spannagel cave,154,SPA133,75376,10719.48011,48.1293394,50.21214673,-7.92,
58,Spannagel cave,154,SPA133,75377,10721.24212,48.56096089,50.43878236,-7.54,
58,Spannagel cave,154,SPA133,75378,10722.75362,49.24491859,50.85261391,-7.36,
58,Spannagel cave,154,SPA133,75379,10724.29615,49.4992728,51.22605332,-7.38,
58,Spannagel cave,154,SPA133,75380,10725.69273,50.11996637,51.68541161,-7.35,
58,Spannagel cave,154,SPA133,75381,10727.56982,50.50719931,52.56353379,-7.51,
58,Spannagel cave,154,SPA133,75382,10729.11636,51.20200937,53.06708405,-7.4,
58,Spannagel cave,154,SPA133,75383,10730.91603,51.8660633,53.81601365,-7.04,
58,Spannagel cave,139,SPA70,301227,10731.23383,2435.777205,1693.651036,-8.36582163062,
58,Spannagel cave,154,SPA133,75384,10732.6672,52.9380791,54.43725798,-6.88,
58,Spannagel cave,154,SPA133,75385,10734.09969,54.11994272,54.74799857,-7.19,
58,Spannagel cave,154,SPA133,75386,10735.58605,54.49837986,55.40152962,-7.21,
58,Spannagel cave,154,SPA133,75387,10737.27396,55.09655357,56.24569025,-7.34,
58,Spannagel cave,154,SPA133,75388,10739.18976,55.20210276,57.24944149,-7.45,
58,Spannagel cave,154,SPA133,75389,10740.7053,55.75642703,57.86507633,-7.49,
58,Spannagel cave,154,SPA133,75390,10742.27346,56.61318473,58.56649199,-7.73,
58,Spannagel cave,154,SPA133,75391,10743.83981,57.41284375,59.31711433,-7.52,
58,Spannagel cave,154,SPA133,75392,10745.16147,58.60255927,59.74414725,-7.58,
58,Spannagel cave,154,SPA133,75393,10746.82277,59.64310227,60.56727071,-7.63,
58,Spannagel cave,154,SPA133,75394,10748.73345,60.38223069,61.69895472,-7.59,
58,Spannagel cave,154,SPA133,75395,10750.33633,61.20152829,62.45953162,-7.56,
58,Spannagel cave,154,SPA133,75396,10751.77163,62.63011828,63.0701756,-7.64,
58,Spannagel cave,154,SPA133,75397,10752.64983,62.05696644,62.52927823,-7.67,
58,Spannagel cave,154,SPA133,75398,10753.55217,61.4452808,62.38969994,-7.65,
58,Spannagel cave,154,SPA133,75399,10754.32728,61.15460995,61.58977713,-7.58,
58,Spannagel cave,154,SPA133,75400,10755.19858,60.79670489,61.12565877,-7.65,
58,Spannagel cave,154,SPA133,75401,10756.20329,60.50914536,61.37026317,-7.83,
58,Spannagel cave,154,SPA133,75402,10757.05016,60.20106161,60.68608618,-7.81,
58,Spannagel cave,154,SPA133,75403,10757.71344,60.20241948,59.64205815,-8.11,
58,Spannagel cave,139,SPA70,301228,10757.88907,2469.060469,1716.930342,-8.37115079946,
58,Spannagel cave,154,SPA133,75404,10758.60881,60.13579137,59.7091757,-8,
58,Spannagel cave,154,SPA133,75405,10759.2784,59.7807566,58.79539282,-8.11,
58,Spannagel cave,154,SPA133,75406,10760.14916,59.37922356,59.04426094,-8.16,
58,Spannagel cave,154,SPA133,75407,10760.9999,59.36486326,59.08392695,-8.13,
58,Spannagel cave,154,SPA133,75408,10762.04498,59.28948981,59.35078118,-8,
58,Spannagel cave,154,SPA133,75409,10763.06624,58.88997349,59.24263817,-7.83,
58,Spannagel cave,154,SPA133,75410,10763.69038,59.46333127,58.88472905,-7.89,
58,Spannagel cave,154,SPA133,75411,10764.66194,59.73666407,58.88714378,-7.89,
58,Spannagel cave,154,SPA133,75412,10765.47663,59.45383349,58.73814826,-7.84,
58,Spannagel cave,154,SPA133,75413,10766.12408,59.69349992,58.40833462,-7.94,
58,Spannagel cave,154,SPA133,75414,10767.02582,59.74209556,58.32827364,-7.97,
58,Spannagel cave,154,SPA133,75415,10767.40513,60.05804434,58.0067083,-7.74,
58,Spannagel cave,154,SPA133,75416,10767.88263,60.39908858,57.76128946,-7.57,
58,Spannagel cave,154,SPA133,75417,10768.86894,60.54031648,57.80855821,-7.64,
58,Spannagel cave,154,SPA133,75418,10769.58814,60.79548174,57.56170925,-7.69,
58,Spannagel cave,154,SPA133,75419,10770.56793,61.29702339,58.03682232,-7.34,
58,Spannagel cave,154,SPA133,75420,10771.55523,61.32671755,58.53359751,-7.37,
58,Spannagel cave,154,SPA133,75421,10772.39198,61.10727619,58.39432729,-7.24,
58,Spannagel cave,154,SPA133,75422,10773.23687,62.08150289,58.48094026,-7.45,
58,Spannagel cave,154,SPA133,75423,10774.3191,61.91302278,58.84289224,-7.7,
58,Spannagel cave,154,SPA133,75424,10775.08949,62.7145588,59.52318099,-7.55,
58,Spannagel cave,154,SPA133,75425,10776.05036,63.07184708,59.85463927,-7.16,
58,Spannagel cave,154,SPA133,75426,10776.92089,63.55311689,60.47967237,-7.08,
58,Spannagel cave,154,SPA133,75427,10777.83922,63.71542638,61.03778154,-6.89,
58,Spannagel cave,154,SPA133,75428,10778.58347,64.15248465,61.36432745,-7.16,
58,Spannagel cave,154,SPA133,75429,10779.48463,64.37893021,62.01921216,-7.23,
58,Spannagel cave,154,SPA133,75430,10780.28234,65.20634968,62.51414204,-7.13,
58,Spannagel cave,154,SPA133,75431,10781.26569,65.08470191,63.01913599,-7.18,
58,Spannagel cave,154,SPA133,75432,10782.10115,65.52890165,63.11670312,-7.1,
58,Spannagel cave,154,SPA133,75433,10782.80472,66.53216635,63.11052257,-6.76,
58,Spannagel cave,154,SPA133,75434,10783.67993,66.78483006,63.41141614,-6.85,
58,Spannagel cave,154,SPA133,75435,10784.46977,67.4318284,63.63957923,-6.9,
58,Spannagel cave,139,SPA70,301229,10784.54945,2502.338596,1739.842351,-8.55986776552,
58,Spannagel cave,154,SPA133,75436,10785.28858,68.54471906,63.62996421,-6.84,
58,Spannagel cave,154,SPA133,75437,10786.2137,69.46155351,63.94226328,-6.85,
58,Spannagel cave,154,SPA133,75438,10786.86936,71.10684008,64.2004975,-6.94,
58,Spannagel cave,154,SPA133,75439,10787.61706,72.2558584,64.54754384,-6.97,
58,Spannagel cave,154,SPA133,75440,10788.07457,73.34293109,64.39980106,-7.28,
58,Spannagel cave,154,SPA133,75441,10788.99824,74.03889008,64.72690707,-7.41,
58,Spannagel cave,154,SPA133,75442,10789.83819,74.80015239,65.04798967,-7.33,
58,Spannagel cave,154,SPA133,75443,10790.73165,75.30883128,65.20136697,-7.32,
58,Spannagel cave,154,SPA133,75444,10791.81908,75.70051026,65.83083156,-7.47,
58,Spannagel cave,154,SPA133,75445,10792.39317,76.73596451,66.14458043,-7.39,
58,Spannagel cave,154,SPA133,75446,10793.2153,76.97580103,66.71337776,-7.33,
58,Spannagel cave,154,SPA133,75447,10794.13051,77.33058882,66.61971971,-7.44,
58,Spannagel cave,154,SPA133,75448,10794.8166,78.1029252,66.72238152,-7.39,
58,Spannagel cave,154,SPA133,75449,10795.49174,79.37524256,67.18152628,-7.53,
58,Spannagel cave,154,SPA133,75450,10796.08856,80.59545882,67.23986894,-7.38,
58,Spannagel cave,154,SPA133,75451,10796.95035,81.84910517,67.83848052,-7.33,
58,Spannagel cave,154,SPA133,75452,10797.75076,83.21027792,68.07243446,-7.23,
58,Spannagel cave,154,SPA133,75453,10798.6893,83.70934287,68.23670872,-7.19,
58,Spannagel cave,154,SPA133,75454,10799.51236,84.61655855,68.78911002,-7.13,
58,Spannagel cave,154,SPA133,75455,10800.2262,85.11133519,69.33037136,-7.06,
58,Spannagel cave,154,SPA133,75456,10801.0387,86.28727696,69.9280386,-7.04,
58,Spannagel cave,154,SPA133,75457,10801.87447,87.04506527,70.40874762,-7.15,
58,Spannagel cave,154,SPA133,75458,10802.76911,87.95966581,70.8711793,-7.27,
58,Spannagel cave,154,SPA133,75459,10803.47164,89.33896712,70.99275687,-7.33,
58,Spannagel cave,154,SPA133,75460,10804.48136,89.868088,71.7589316,-7.51,
58,Spannagel cave,154,SPA133,75461,10805.45079,90.83626802,72.27457067,-7.67,
58,Spannagel cave,154,SPA133,75462,10805.95028,91.64215943,72.51541161,-7.75,
58,Spannagel cave,154,SPA133,75463,10806.93161,91.90339769,73.16382089,-7.68,
58,Spannagel cave,154,SPA133,75464,10807.65211,92.82180585,73.28303653,-7.56,
58,Spannagel cave,154,SPA133,75465,10808.11695,94.10623757,73.59570573,-7.6,
58,Spannagel cave,154,SPA133,75466,10809.59524,95.95264332,74.66652278,-7.75,
58,Spannagel cave,154,SPA133,75467,10810.54048,97.20070345,75.21391187,-7.74,
58,Spannagel cave,154,SPA133,75468,10811.2853,98.44541449,75.74783426,-7.68,
58,Spannagel cave,139,SPA70,301230,10811.28535,2535.541204,1762.244628,-8.52323400049,
58,Spannagel cave,154,SPA133,75469,10812.16166,99.26979192,76.36769597,-7.61,
58,Spannagel cave,154,SPA133,75470,10812.99717,100.5065905,76.67250161,-7.49,
58,Spannagel cave,154,SPA133,75471,10813.77182,101.7845457,77.30250659,-7.4,
58,Spannagel cave,154,SPA133,75472,10814.39711,104.2375285,77.50685864,-7.44,
58,Spannagel cave,154,SPA133,75473,10815.11839,106.005323,78.205993,-7.47,
58,Spannagel cave,154,SPA133,75474,10816.04623,106.9555688,79.10670741,-7.49,
58,Spannagel cave,154,SPA133,75475,10816.98093,107.7913049,80.00222455,-7.42,
58,Spannagel cave,154,SPA133,75476,10817.74428,108.6415347,80.48961588,-7.44,
58,Spannagel cave,154,SPA133,75477,10818.44341,109.6755501,80.97563886,-7.32,
58,Spannagel cave,154,SPA133,75478,10819.09301,110.8822199,81.34660522,-7.46,
58,Spannagel cave,154,SPA133,75479,10819.7634,112.0680957,81.73165646,-7.49,
58,Spannagel cave,154,SPA133,75480,10820.37766,113.3101027,82.05406537,-7.46,
58,Spannagel cave,154,SPA133,75481,10820.9821,114.5469615,82.21729882,-7.33,
58,Spannagel cave,154,SPA133,75482,10821.57917,115.7299858,82.61911689,-7.25,
58,Spannagel cave,154,SPA133,75483,10822.42026,116.6957143,83.2756733,-7.29,
58,Spannagel cave,154,SPA133,75484,10823.22661,118.4352747,83.99985472,-7.19,
58,Spannagel cave,154,SPA133,75485,10823.74907,120.768866,84.4261155,-7.11,
58,Spannagel cave,154,SPA133,75486,10824.27124,123.1027503,84.83606447,-6.93,
58,Spannagel cave,154,SPA133,75487,10825.04901,125.1674756,85.43109439,-7.1,
58,Spannagel cave,154,SPA133,75488,10825.67234,126.6026395,85.8824081,-7.01,
58,Spannagel cave,154,SPA133,75489,10826.24115,127.7283007,86.17070321,-7.22,
58,Spannagel cave,154,SPA133,75490,10826.80139,129.2009064,86.6234578,-7.28,
58,Spannagel cave,154,SPA133,75491,10827.24738,131.1150443,86.95089065,-7.23,
58,Spannagel cave,154,SPA133,75492,10827.8936,132.08773,87.51293596,-7.16,
58,Spannagel cave,154,SPA133,75493,10828.61224,133.4869589,87.94727243,-7.27,
58,Spannagel cave,154,SPA133,75494,10829.25,135.4831451,88.34390239,-7.11,
58,Spannagel cave,154,SPA133,75495,10830.08018,136.753438,89.11909387,-7.07,
58,Spannagel cave,154,SPA133,75496,10830.763,138.0446471,89.67571999,-7.03,
58,Spannagel cave,154,SPA133,75497,10831.654,139.1570596,90.25499866,-6.99,
58,Spannagel cave,154,SPA133,75498,10832.43999,140.1182746,90.73261306,-7,
58,Spannagel cave,154,SPA133,75499,10833.03279,141.4321115,91.22771689,-6.99,
58,Spannagel cave,154,SPA133,75500,10833.79042,142.7163468,91.63574446,-6.95,
58,Spannagel cave,154,SPA133,75501,10834.57612,143.786827,91.96381606,-6.93,
58,Spannagel cave,154,SPA133,75502,10835.53663,144.6652805,92.7882624,-6.93,
58,Spannagel cave,154,SPA133,75503,10836.41661,145.624257,93.26704655,-7.05,
58,Spannagel cave,154,SPA133,75504,10837.17483,146.7049962,93.67231705,-7.08,
58,Spannagel cave,139,SPA70,301231,10838.02124,2568.743811,1785.103646,-8.50861443258,
58,Spannagel cave,139,SPA70,301232,10864.75714,2601.946419,1808.345683,-8.47509811085,
58,Spannagel cave,139,SPA70,301233,10891.49303,2635.149027,1831.587721,-8.37573119191,
58,Spannagel cave,139,SPA70,301234,10918.22893,2668.351634,1854.829758,-8.47440808626,
58,Spannagel cave,139,SPA70,301235,10944.96482,2701.554242,1878.071796,-8.69315197263,
58,Spannagel cave,139,SPA70,301236,10971.70072,2734.75685,1901.313833,-8.92933667736,
58,Spannagel cave,139,SPA70,301237,10998.43662,2767.959457,1924.553508,-8.88585409,
58,Spannagel cave,139,SPA70,301238,11025.17251,2801.162065,1947.79016,-8.9824279355,
58,Spannagel cave,139,SPA70,301239,11051.90841,2834.364673,1971.026812,-9.12171688712,
58,Spannagel cave,139,SPA70,301240,11078.6443,2867.56728,1994.263464,-9.1102044315,
58,Spannagel cave,139,SPA70,301241,11105.46307,2900.68702,2017.582984,-9.00584593191,
58,Spannagel cave,139,SPA70,301242,11132.29802,2933.790573,2040.91869,-9.11761605793,
58,Spannagel cave,139,SPA70,301243,11159.13297,2966.894126,2064.254397,-9.03737288411,
58,Spannagel cave,139,SPA70,301244,11185.96792,2999.997679,2087.590103,-8.65387909108,
58,Spannagel cave,139,SPA70,301245,11212.80287,3033.101232,2110.907094,-8.58804834098,
58,Spannagel cave,139,SPA70,301246,11239.63782,3066.204786,2134.145567,-9.17371466488,
58,Spannagel cave,729,SPA121_2021,428747,164028.574974062,24209.8379375479,40505.0481380593,-13.1405747286777,2.16162234569964
58,Spannagel cave,729,SPA121_2021,428748,169121.954277993,19705.8173602581,32977.4594715788,-13.2035351651875,2.03750039698208
58,Spannagel cave,729,SPA121_2021,428749,174328.382549557,15039.8196848984,25619.988671657,-13.1847747382848,1.93687457668669
58,Spannagel cave,730,SPA146,429694,176103.35398397,10972.2653586502,20882.7420268655,-14.26,
58,Spannagel cave,730,SPA146,429695,176146.061373734,10933.7514088463,20810.0319841657,-14.45,
58,Spannagel cave,730,SPA146,429696,176188.768763498,10895.2374590424,20737.321941466,-14.32,
58,Spannagel cave,730,SPA146,429697,176231.476153261,10856.7235092385,20664.6118987661,-14.19,
58,Spannagel cave,730,SPA146,429698,176274.183543025,10818.2095594346,20591.9018560664,-14.44,
58,Spannagel cave,730,SPA146,429699,176316.890932789,10779.6956096307,20519.1918133667,-14.62,
58,Spannagel cave,730,SPA146,429700,176359.598322553,10741.1816598268,20446.4817706668,-14.56,
58,Spannagel cave,730,SPA146,429701,176402.105624485,10702.8677978547,20373.5716401352,-14.63,
58,Spannagel cave,730,SPA146,429702,176444.46589948,10664.7009628188,20300.5144826675,-14.47,
58,Spannagel cave,730,SPA146,429703,176486.826174476,10626.5341277828,20227.4573251998,-14.58,
58,Spannagel cave,730,SPA146,429704,176529.186449472,10588.3672927469,20154.4001677321,-14.56,
58,Spannagel cave,730,SPA146,429705,176571.546724468,10550.2004577109,20081.3430102643,-14.67,
58,Spannagel cave,730,SPA146,429706,176613.906999464,10512.033622675,20008.2858527965,-14.58,
58,Spannagel cave,730,SPA146,429707,176656.267274459,10473.8667876391,19935.2286953288,-14.64,
58,Spannagel cave,730,SPA146,429708,176698.627549455,10435.6999526031,19862.1715378611,-14.86,
58,Spannagel cave,730,SPA146,429709,176741.265167858,10397.25577416,19789.3917238005,-14.76,
58,Spannagel cave,730,SPA146,429710,176783.958598802,10358.7557831757,19716.6677222811,-14.79,
58,Spannagel cave,730,SPA146,429711,176826.652029746,10320.2557921914,19643.9437207618,-14.85,
58,Spannagel cave,730,SPA146,429712,176869.33273779,10281.7685241075,19571.206996342,-14.74,
58,Spannagel cave,730,SPA146,429713,176911.978926673,10243.3157751848,19498.435752761,-14.77,
58,Spannagel cave,730,SPA146,429714,176954.625115555,10204.8630262622,19425.6645091799,-14.95,
58,Spannagel cave,730,SPA146,429715,176997.271304438,10166.4102773396,19352.8932655989,-14.57,
58,Spannagel cave,730,SPA146,429716,177039.91749332,10127.957528417,19280.1220220178,-14.41,
58,Spannagel cave,730,SPA146,429717,177082.563682203,10089.5047794944,19207.3507784368,-14.43,
58,Spannagel cave,730,SPA146,429718,177125.209871085,10051.0520305718,19134.5795348557,-14.56,
58,Spannagel cave,730,SPA146,429719,177167.856059968,10012.5992816491,19061.8082912746,-14.61,
58,Spannagel cave,730,SPA146,429720,177210.50224885,9974.1465327265,18989.0370476936,-14.73,
58,Spannagel cave,730,SPA146,429721,177253.148437733,9935.6937838039,18916.2658041125,-14.8,
58,Spannagel cave,730,SPA146,429722,177295.794626615,9897.24635622374,18843.4945605315,-14.7,
58,Spannagel cave,730,SPA146,429723,177338.440815498,9858.81416846559,18770.7233169504,-14.63,
58,Spannagel cave,730,SPA146,429724,177381.08700438,9820.38198070746,18697.9520733694,-14.77,
58,Spannagel cave,730,SPA146,429725,177423.733193263,9781.94979294934,18625.1808297883,-14.58,
58,Spannagel cave,730,SPA146,429726,177466.379382145,9743.51760519115,18552.4095862073,-14.68,
58,Spannagel cave,730,SPA146,429727,177509.025571028,9705.085417433,18479.6383426262,-14.68,
58,Spannagel cave,730,SPA146,429728,177551.67175991,9666.65322967485,18406.8670990452,-14.78,
58,Spannagel cave,730,SPA146,429729,177594.317948792,9628.22104191672,18334.0958554641,-14.89,
58,Spannagel cave,730,SPA146,429730,177636.964137675,9589.78885415857,18261.3246118831,-14.65,
58,Spannagel cave,730,SPA146,429731,177679.610326557,9551.35666640039,18188.5533683021,-14.43,
58,Spannagel cave,730,SPA146,429732,177722.25651544,9512.92447864226,18115.782124721,-14.78,
58,Spannagel cave,730,SPA146,429733,177764.902704322,9474.49229088411,18043.0108811399,-14.65,
58,Spannagel cave,730,SPA146,429734,177807.548893205,9436.06010312596,17970.2396375589,-14.59,
58,Spannagel cave,730,SPA146,429735,177850.195082087,9397.62791536783,17897.4683939778,-14.77,
58,Spannagel cave,730,SPA146,429736,177892.84127097,9359.19572760962,17824.6971503968,-14.78,
58,Spannagel cave,730,SPA146,429737,177935.487459852,9320.7635398515,17751.9259068157,-14.76,
58,Spannagel cave,730,SPA146,429738,177978.133648735,9282.33135209337,17679.1546632347,-14.78,
58,Spannagel cave,730,SPA146,429739,178020.779837617,9243.74220886588,17606.3834196536,-14.56,
58,Spannagel cave,730,SPA146,429740,178063.4260265,9205.17541673797,17533.6121760726,-14.47,
58,Spannagel cave,730,SPA146,429741,178106.072215382,9166.77289696445,17460.8409324915,-14.47,
58,Spannagel cave,730,SPA146,429742,178148.718404265,9128.37037719093,17388.0696889104,-14.76,
58,Spannagel cave,730,SPA146,429743,178191.364593147,9089.96785741739,17315.2984453294,-14.57,
58,Spannagel cave,730,SPA146,429744,178234.01078203,9051.5653376439,17242.5272017483,-14.45,
58,Spannagel cave,730,SPA146,429745,178276.656970912,9013.16281787035,17169.7559581673,-14.58,
58,Spannagel cave,730,SPA146,429746,178319.303159795,8974.76029809684,17096.9847145862,-14.54,
58,Spannagel cave,730,SPA146,429747,178361.949348677,8936.35777832332,17024.2134710051,-14.47,
58,Spannagel cave,730,SPA146,429748,178404.59553756,8897.95525854977,16951.4422274242,-14.53,
58,Spannagel cave,730,SPA146,429749,178447.241726442,8859.55273877626,16878.6709838431,-14.47,
58,Spannagel cave,730,SPA146,429750,178489.887915325,8821.15021900274,16805.899740262,-14.65,
58,Spannagel cave,730,SPA146,429751,178532.534104207,8782.74769922925,16733.1284966809,-14.48,
58,Spannagel cave,730,SPA146,429752,178575.18029309,8744.34517945567,16660.3572530999,-14.48,
58,Spannagel cave,730,SPA146,429753,178617.826481972,8705.94265968213,16587.5860095189,-14.74,
58,Spannagel cave,730,SPA146,429754,178660.437902099,8667.57490866451,16514.7799971819,-14.76,
58,Spannagel cave,730,SPA146,429755,178703.040292667,8629.21618720543,16441.9649552864,-14.67,
58,Spannagel cave,730,SPA146,429756,178745.642683235,8590.85746574635,16369.149913391,-14.68,
58,Spannagel cave,730,SPA146,429757,178788.245073803,8552.4987442873,16296.3348714954,-14.73,
58,Spannagel cave,730,SPA146,429758,178830.847464371,8514.14002282816,16223.5198295999,-14.78,
58,Spannagel cave,730,SPA146,429759,178873.449854939,8475.7813013691,16150.7047877045,-14.67,
58,Spannagel cave,730,SPA146,429760,178916.052245507,8437.42257991002,16077.8897458089,-14.66,
58,Spannagel cave,730,SPA146,429761,178958.654636075,8399.06385845097,16005.0747039134,-14.47,
58,Spannagel cave,730,SPA146,429762,179001.257026643,8360.70513699189,15932.2596620179,-14.61,
58,Spannagel cave,730,SPA146,429763,179043.859417211,8322.34641553275,15859.4446201225,-14.59,
58,Spannagel cave,730,SPA146,429764,179086.461807779,8283.98769407373,15786.6295782269,-14.52,
58,Spannagel cave,730,SPA146,429765,179129.064198347,8245.62897261465,15713.8145363315,-14.72,
58,Spannagel cave,730,SPA146,429766,179171.661503014,8207.27533705661,15640.9944085349,-14.81,
58,Spannagel cave,730,SPA146,429767,179214.049661746,8169.13084743364,15567.9651348033,-14.86,
58,Spannagel cave,730,SPA146,429768,179256.437820478,8130.98635781062,15494.9358610717,-14.83,
58,Spannagel cave,730,SPA146,429769,179298.82597921,8092.84186818765,15421.9065873401,-14.74,
58,Spannagel cave,730,SPA146,429770,179341.214137942,8054.69737856466,15348.8773136086,-14.85,
58,Spannagel cave,730,SPA146,429771,179383.602296674,8016.55288894169,15275.848039877,-14.56,
58,Spannagel cave,730,SPA146,429772,179425.990455406,7978.40839931869,15202.8187661454,-14.77,
58,Spannagel cave,729,SPA121_2021,428750,179433.463530635,10571.6053432131,18165.3041911894,-13.1573568907578,2.10729747196327
58,Spannagel cave,730,SPA146,429773,179468.378614138,7940.26390969567,15129.7894924138,-14.75,
58,Spannagel cave,730,SPA146,429774,179510.76677287,7902.1194200727,15056.7602186822,-14.7,
58,Spannagel cave,730,SPA146,429775,179553.154931602,7863.97493044974,14983.7309449506,-14.71,
58,Spannagel cave,730,SPA146,429776,179595.543090334,7825.83044082671,14910.701671219,-14.68,
58,Spannagel cave,730,SPA146,429777,179637.931249066,7787.68595120375,14837.6723974874,-14.89,
58,Spannagel cave,730,SPA146,429778,179680.319407798,7749.54146158075,14764.6431237558,-14.93,
58,Spannagel cave,730,SPA146,429779,179722.707566529,7711.39697195776,14691.6138500243,-14.76,
58,Spannagel cave,730,SPA146,429780,179765.095725261,7673.25248233476,14618.5845762927,-14.88,
58,Spannagel cave,730,SPA146,429781,179807.483883993,7635.10799271183,14545.555302561,-14.79,
58,Spannagel cave,730,SPA146,429782,179849.872042725,7596.9635030888,14472.5260288295,-14.73,
58,Spannagel cave,730,SPA146,429783,179892.260201457,7558.81901346584,14399.4967550979,-14.72,
58,Spannagel cave,730,SPA146,429784,179934.648360189,7520.67452384284,14326.4674813663,-14.74,
58,Spannagel cave,730,SPA146,429785,179977.036518921,7482.53003421985,14253.4382076347,-14.57,
58,Spannagel cave,730,SPA146,429786,180019.424677653,7444.38554459685,14180.4089339031,-14.73,
58,Spannagel cave,730,SPA146,429787,180061.812836385,7406.24105497389,14107.3796601715,-14.66,
58,Spannagel cave,730,SPA146,429788,180104.200995117,7368.09656535086,14034.3503864399,-14.84,
58,Spannagel cave,730,SPA146,429789,180146.589153849,7329.95207572792,13961.3211127083,-14.91,
58,Spannagel cave,730,SPA146,429790,180188.977312581,7291.8075861049,13888.8294701836,-14.82,
58,Spannagel cave,730,SPA146,429791,180231.365471313,7253.66309648193,13817.0105773758,-14.61,
58,Spannagel cave,730,SPA146,429792,180273.753630045,7215.51860685894,13745.191684568,-14.75,
58,Spannagel cave,730,SPA146,429793,180316.141788777,7177.37411723594,13673.3727917603,-14.81,
58,Spannagel cave,730,SPA146,429794,180358.529947509,7139.22962761298,13601.5538989525,-14.93,
58,Spannagel cave,730,SPA146,429795,180400.927739123,7101.07550510726,13529.7446390275,-14.91,
58,Spannagel cave,730,SPA146,429796,180443.253955418,7062.99295792158,13457.8638037824,-15.01,
58,Spannagel cave,730,SPA146,429797,180485.580171713,7024.91041073593,13385.9829685373,-14.92,
58,Spannagel cave,730,SPA146,429798,180527.906388007,6986.82786355025,13314.1021332923,-14.97,
58,Spannagel cave,730,SPA146,429799,180570.232604302,6948.74531636463,13242.2212980472,-15.07,
58,Spannagel cave,730,SPA146,429800,180612.558820596,6910.66276917895,13170.3404628022,-15.14,
58,Spannagel cave,730,SPA146,429801,180654.885036891,6872.58022199327,13098.4596275571,-14.89,
58,Spannagel cave,730,SPA146,429802,180697.832534896,6833.87639309751,13027.2000740221,-14.94,
58,Spannagel cave,730,SPA146,429803,180740.914742641,6795.03785446158,12956.0752302273,-14.89,
58,Spannagel cave,730,SPA146,429804,180783.996950386,6756.19931582562,12884.9503864326,-14.74,
58,Spannagel cave,730,SPA146,429805,180827.079158131,6717.36077718969,12813.8255426377,-14.55,
58,Spannagel cave,730,SPA146,429806,180869.510207851,6679.17339657791,12742.0495408187,-14.8,
58,Spannagel cave,730,SPA146,429807,180911.732743154,6641.12955455953,12670.0650245819,-15.02,
58,Spannagel cave,730,SPA146,429808,180953.955278457,6603.05273501555,12598.080508345,-15.12,
58,Spannagel cave,730,SPA146,429809,180996.17781376,6564.97591547162,12526.0959921082,-14.81,
58,Spannagel cave,730,SPA146,429810,181038.400349063,6526.71899047843,12454.1114758713,-14.57,
58,Spannagel cave,730,SPA146,429811,181080.622884365,6488.20198802443,12382.1269596345,-14.72,
58,Spannagel cave,730,SPA146,429812,181122.845419668,6449.68498557052,12310.1424433976,-14.9,
58,Spannagel cave,730,SPA146,429813,181165.067954971,6411.16798311658,12238.1579271608,-15,
58,Spannagel cave,730,SPA146,429814,181207.290490274,6372.65098066261,12165.6800916654,-15.02,
58,Spannagel cave,730,SPA146,429815,181249.513025577,6334.13397820867,12092.7491127475,-15.01,
58,Spannagel cave,730,SPA146,429816,181291.73556088,6295.6169757547,12019.8181338297,-15.13,
58,Spannagel cave,730,SPA146,429817,181333.958096182,6257.09997330082,11946.8871549117,-15.18,
58,Spannagel cave,730,SPA146,429818,181376.180631485,6218.58297084682,11873.9561759939,-14.99,
58,Spannagel cave,730,SPA146,429819,181418.403166788,6180.06596839288,11801.025197076,-15.17,
58,Spannagel cave,730,SPA146,429820,181460.625702091,6141.54896593894,11728.0942181581,-15.16,
58,Spannagel cave,730,SPA146,429821,181502.848237394,6103.03196348494,11655.1632392403,-15.21,
58,Spannagel cave,730,SPA146,429822,181545.078484003,6064.50724972499,11582.2399716284,-15.22,
58,Spannagel cave,730,SPA146,429823,181587.596549699,6025.69471687757,11509.604523104,-15.16,
58,Spannagel cave,730,SPA146,429824,181630.014096477,5987.0065421261,11436.8685556618,-15.12,
58,Spannagel cave,730,SPA146,429825,181671.885610086,5949.59643871544,11363.5865550494,-14.94,
58,Spannagel cave,730,SPA146,429826,181713.757123694,5912.18633530484,11290.304554437,-15.09,
58,Spannagel cave,730,SPA146,429827,181755.628637302,5874.77623189421,11217.0225538246,-15.07,
58,Spannagel cave,730,SPA146,429828,181797.500150911,5837.36612848361,11143.7405532123,-15.13,
58,Spannagel cave,730,SPA146,429829,181839.371664519,5799.95602507298,11070.4585525999,-15.16,
58,Spannagel cave,730,SPA146,429830,181881.243178128,5762.54592166233,10997.1765519875,-15.37,
58,Spannagel cave,730,SPA146,429831,181923.114691736,5725.13581825176,10923.8945513751,-15.11,
58,Spannagel cave,730,SPA146,429832,181964.986205344,5687.72571484113,10850.6125507628,-14.98,
58,Spannagel cave,730,SPA146,429833,182006.857718953,5650.3156114305,10777.3305501504,-15.07,
58,Spannagel cave,730,SPA146,429834,182048.729232561,5612.9055080199,10704.048549538,-14.75,
58,Spannagel cave,730,SPA146,429835,182090.600746169,5575.49540460925,10630.7665489257,-14.86,
58,Spannagel cave,730,SPA146,429836,182132.74538845,5537.81217252597,10557.757676986,-14.89,
58,Spannagel cave,730,SPA146,429837,182175.229552124,5499.78941905012,10485.0883264388,-14.9,
58,Spannagel cave,730,SPA146,429838,182217.713715797,5461.76666557431,10412.4189758916,-14.99,
58,Spannagel cave,730,SPA146,429839,182260.197879471,5423.74391209852,10339.7496253444,-15.03,
58,Spannagel cave,730,SPA146,429840,182302.682043144,5385.72115862271,10267.0802747972,-14.9,
58,Spannagel cave,730,SPA146,429841,182345.166206818,5347.69840514689,10194.4109242501,-14.88,
58,Spannagel cave,730,SPA146,429842,182387.650370491,5309.67565167107,10121.7415737029,-14.9,
58,Spannagel cave,730,SPA146,429843,182430.134534165,5271.65289819526,10049.0722231557,-14.86,
58,Spannagel cave,730,SPA146,429845,182514.322453981,5196.38779877487,9902.9531145301,-14.96,
58,Spannagel cave,730,SPA146,429846,182555.687475685,5159.48418726856,9829.16462201343,-15.06,
58,Spannagel cave,730,SPA146,429847,182597.052497389,5122.49561291441,9755.37612949673,-15.13,
58,Spannagel cave,730,SPA146,429848,182638.417519093,5085.40475735074,9681.58763698008,-15.14,
58,Spannagel cave,730,SPA146,429849,182679.782540797,5048.37175632498,9607.61469042432,-15.14,
58,Spannagel cave,730,SPA146,429850,182721.147562501,5011.66945060124,9533.62277025147,-15.2,
58,Spannagel cave,730,SPA146,429851,182762.512584205,4974.71057838527,9459.63085007857,-15.26,
58,Spannagel cave,730,SPA146,429852,182804.093296294,4937.30407250649,9385.85462029028,-15.15,
58,Spannagel cave,730,SPA146,429853,182846.206275861,4899.15705479714,9312.61065798043,-14.95,
58,Spannagel cave,730,SPA146,429855,182930.432234995,4822.90226067524,9166.12273336077,-15,
58,Spannagel cave,730,SPA146,429856,182972.545214562,4785.8865323535,9092.87877105086,-15.08,
58,Spannagel cave,730,SPA146,429857,183014.658194129,4748.87080403173,9019.63480874099,-14.95,
58,Spannagel cave,730,SPA146,429858,183056.771173696,4711.85507570993,8946.3908464312,-15.03,
58,Spannagel cave,730,SPA146,429859,183098.884153263,4674.22822503984,8873.14688412132,-15.06,
58,Spannagel cave,730,SPA146,429860,183140.99713283,4636.39435135209,8799.90292181144,-15.06,
58,Spannagel cave,730,SPA146,429861,183182.822634195,4598.8479558659,8726.37148129998,-15.09,
58,Spannagel cave,730,SPA146,429862,183224.477854776,4561.47184116478,8652.66976000348,-15.13,
58,Spannagel cave,730,SPA146,429863,183266.327235116,4524.85715285037,8579.1621984666,-14.86,
58,Spannagel cave,730,SPA146,429864,183308.176615456,4487.66359435616,8505.65463692963,-15.12,
58,Spannagel cave,730,SPA146,429865,183350.025995796,4450.43226700765,8432.14707539277,-15.22,
58,Spannagel cave,730,SPA146,429866,183392.127544675,4412.79575676718,8358.89168239481,-15.01,
58,Spannagel cave,730,SPA146,429867,183435.118333173,4374.27000690764,8286.52552901595,-15.1,
58,Spannagel cave,730,SPA146,429868,183478.109121671,4335.74425704806,8214.15937563716,-15.3,
58,Spannagel cave,730,SPA146,429869,183521.099910169,4297.21850718849,8141.79322225833,-15.14,
58,Spannagel cave,730,SPA146,429870,183564.090698667,4258.69275732897,8069.42706887948,-15.16,
58,Spannagel cave,730,SPA146,429871,183607.081487165,4220.22117636405,7997.06091550065,-15.14,
58,Spannagel cave,730,SPA146,429872,183650.072275663,4181.81436245327,7924.69476212183,-15.1,
58,Spannagel cave,730,SPA146,429873,183693.063064161,4143.22914915573,7852.32860874297,-15.33,
58,Spannagel cave,730,SPA146,429874,183735.533712681,4105.30580419776,7779.44231538574,-15.22,
58,Spannagel cave,730,SPA146,429875,183777.567483414,4067.81933702627,7706.11914424197,-14.85,
58,Spannagel cave,730,SPA146,429876,183820.467304164,4029.46681983816,7633.66202311486,-14.96,
58,Spannagel cave,730,SPA146,429877,183863.799818824,3991.28820259706,7561.63759589772,-15.01,
58,Spannagel cave,730,SPA146,429878,183907.132333483,3953.26761388345,7489.61316868052,-15.04,
58,Spannagel cave,730,SPA146,429879,183950.464848143,3914.3604789493,7417.58874146335,-15.06,
58,Spannagel cave,730,SPA146,429880,183993.797362803,3876.17164045814,7345.56431424618,-14.88,
58,Spannagel cave,730,SPA146,429881,184036.989372146,3838.12330728362,7273.39938171234,-14.7,
58,Spannagel cave,730,SPA146,429882,184079.980160644,3800.22242962525,7201.03322833349,-15,
58,Spannagel cave,730,SPA146,429883,184122.970949142,3762.10271829349,7128.66707495466,-14.98,
58,Spannagel cave,730,SPA146,429884,184165.96173764,3723.98300696176,7056.30092157584,-15.13,
58,Spannagel cave,730,SPA146,429885,184208.929613935,3685.81164371106,6983.91185599414,-15.03,
58,Spannagel cave,730,SPA146,429886,184251.791791127,3646.93203290377,6911.41709130901,-15.12,
58,Spannagel cave,730,SPA146,429887,184294.56234888,3607.62044510158,6838.83070718535,-15.11,
58,Spannagel cave,730,SPA146,429888,184337.317979505,3568.32378442789,6766.22939593313,-15.29,
58,Spannagel cave,730,SPA146,429889,184379.900663844,3529.20007003931,6693.45513839583,-15.19,
58,Spannagel cave,730,SPA146,429890,184421.884440673,3491.71193319207,6620.08197334758,-14.82,
58,Spannagel cave,730,SPA146,429891,184463.868217502,3454.27545992515,6546.70880829927,-15.24,
58,Spannagel cave,730,SPA146,429892,184505.85199433,3416.83898665823,6473.33564325096,-15.09,
58,Spannagel cave,730,SPA146,429893,184547.273442106,3379.96484244385,6399.40014915008,-14.97,
58,Spannagel cave,729,SPA121_2021,428751,184562.769606034,6281.90355423509,10612.0470900239,-13.1013594742671,2.42798874846753
58,Spannagel cave,730,SPA146,429894,184588.558949594,3343.22663851752,6325.32871476121,-15.16,
58,Spannagel cave,730,SPA146,429895,184629.844457082,3306.48843459121,6251.25728037223,-15.17,
58,Spannagel cave,730,SPA146,429896,184671.349057501,3269.53113773445,6177.40493891377,-15.12,
58,Spannagel cave,730,SPA146,429897,184713.575912926,3231.85158587131,6104.27485246168,-14.9,
58,Spannagel cave,730,SPA146,429898,184755.80276835,3194.31759477392,6031.14476600956,-15.11,
58,Spannagel cave,730,SPA146,429899,184798.029623775,3156.67945291809,5958.01467955744,-15.23,
58,Spannagel cave,730,SPA146,429900,184840.2564792,3119.01636650189,5884.88459310532,-15.22,
58,Spannagel cave,730,SPA146,429901,184882.483334625,3081.35328008569,5811.7545066532,-15.18,
58,Spannagel cave,730,SPA146,429902,184925.365371824,3042.80470195462,5739.27960197598,-15.15,
58,Spannagel cave,730,SPA146,429903,184968.287259167,3004.18175885789,5666.84454744137,-15.05,
58,Spannagel cave,730,SPA146,429904,185011.209146509,2964.69967273818,5594.40949290682,-14.91,
58,Spannagel cave,730,SPA146,429905,185054.014704679,2926.42448940812,5521.85810919965,-14.94,
58,Spannagel cave,730,SPA146,429906,185096.355740495,2888.61382843187,5448.84220313872,-14.87,
58,Spannagel cave,730,SPA146,429907,185138.696776311,2850.80316745566,5375.82629707773,-14.83,
58,Spannagel cave,730,SPA146,429908,185181.083830561,2812.85930535998,5302.85640945175,-14.93,
58,Spannagel cave,730,SPA146,429909,185223.577846301,2774.75560232112,5229.99348331481,-15.01,
58,Spannagel cave,730,SPA146,429910,185265.924803501,2736.80701022112,5156.98349863733,-15,
58,Spannagel cave,730,SPA146,429911,185307.711575119,2698.87147689605,5083.41332837823,-15.17,
58,Spannagel cave,730,SPA146,429912,185350.286637391,2658.70425267672,5010.63144877352,-14.92,
58,Spannagel cave,730,SPA146,429913,185393.553909261,2617.78759102093,4939.69034927213,-15.18,
58,Spannagel cave,730,SPA146,429914,185436.047925001,2577.76715755172,4869.41879277767,-15.23,
58,Spannagel cave,730,SPA146,429915,185478.541940741,2539.58236219213,4799.14723628323,-15.02,
58,Spannagel cave,730,SPA146,429916,185521.035956481,2500.73413636436,4728.87567978873,-15.01,
58,Spannagel cave,730,SPA146,429917,185562.035365989,2462.85926282842,4657.10951706208,-15,
58,Spannagel cave,730,SPA146,429918,185604.448170286,2425.41850105944,4586.75674912467,-14.92,
58,Spannagel cave,730,SPA146,429919,185646.789206102,2386.42948145443,4516.33221270618,-15.14,
58,Spannagel cave,730,SPA146,429920,185689.130241918,2347.44563050254,4445.90767628769,-15.1,
58,Spannagel cave,730,SPA146,429921,185732.138475938,2308.74635777311,4376.15033807393,-15,
58,Spannagel cave,730,SPA146,429922,185775.261246001,2270.3564549092,4306.50753590214,-15.19,
58,Spannagel cave,730,SPA146,429923,185818.566461769,2232.05527728703,4237.04717943602,-15.25,
58,Spannagel cave,730,SPA146,429924,185861.450036763,2193.72894475766,4167.16518219502,-15.24,
58,Spannagel cave,730,SPA146,429925,185904.223561159,2155.55490758782,4097.17313435685,-15.19,
58,Spannagel cave,730,SPA146,429926,185946.600104842,2117.05136144301,4026.78410580513,-15.21,
58,Spannagel cave,730,SPA146,429927,185988.563205235,2080.11083017709,3955.98163396388,-15.18,
58,Spannagel cave,730,SPA146,429928,186030.526305628,2041.98710330986,3884.75452723523,-15.1,
58,Spannagel cave,730,SPA146,429929,186072.489406021,2003.7968328422,3811.8151198955,-15.08,
58,Spannagel cave,730,SPA146,429930,186115.125791678,1964.83806652122,3739.54899781922,-15.03,
58,Spannagel cave,730,SPA146,429931,186157.740021164,1926.06055655002,3667.0676993001,-15.02,
58,Spannagel cave,730,SPA146,429932,186200.479408384,1887.2521933594,3594.43647848844,-15.04,
58,Spannagel cave,730,SPA146,429933,186243.378924275,1848.67174558033,3521.96538634846,-15.05,
58,Spannagel cave,730,SPA146,429934,186288.655186874,1806.30553034099,3451.87104091563,-15,
58,Spannagel cave,730,SPA146,429935,186332.114569064,1766.95903220383,3379.95981507498,-14.75,
58,Spannagel cave,730,SPA146,429936,186374.743201936,1728.4924311662,3307.21783991565,-14.98,
58,Spannagel cave,730,SPA146,429937,186417.768917215,1690.5194256088,3234.8729471633,-15.05,
58,Spannagel cave,730,SPA146,429938,186461.063486903,1651.66980869186,3162.79690882011,-15.2,
58,Spannagel cave,730,SPA146,429939,186506.44677505,1610.89604538152,3092.80958893488,-15.06,
58,Spannagel cave,730,SPA146,429940,186550.248197412,1570.95697205031,3021.24040326645,-15.15,
58,Spannagel cave,730,SPA146,429941,186593.208044485,1532.84919406119,2948.82964230762,-15.12,
58,Spannagel cave,730,SPA146,429942,186635.148408318,1495.27031443009,2875.32226425339,-15.23,
58,Spannagel cave,730,SPA146,429943,186675.87599024,1459.87653661723,2804.39955572621,-15.01,
58,Spannagel cave,730,SPA146,429944,186718.699528534,1421.3614554698,2731.53159248913,-15.19,
58,Spannagel cave,730,SPA146,429945,186762.969741306,1380.45953392517,2659.20574039477,-15,
58,Spannagel cave,730,SPA146,429946,186805.609044488,1342.15708157132,2588.00859516903,-14.87,
58,Spannagel cave,730,SPA146,429947,186848.222722121,1304.98705935906,2516.78582439516,-14.86,
58,Spannagel cave,730,SPA146,429948,186892.413869421,1267.34845198508,2446.75006918315,-14.83,
58,Spannagel cave,730,SPA146,429949,186933.813896496,1231.70825437867,2373.0026897185,-14.89,
58,Spannagel cave,730,SPA146,429950,186976.867480439,1192.69091940616,2299.51186318361,-14.94,
58,Spannagel cave,730,SPA146,429951,187020.577575303,1155.48129860804,2228.47718352531,-15.06,
58,Spannagel cave,730,SPA146,429952,187064.268835403,1118.01786968668,2157.39716084232,-15,
58,Spannagel cave,730,SPA146,429953,187105.21377836,1081.56029543781,2082.91438262619,-15.05,
58,Spannagel cave,730,SPA146,429954,187149.477776705,1041.61571204165,2011.75065979836,-15.01,
58,Spannagel cave,730,SPA146,429955,187193.605884963,1003.23243814439,1939.80981630276,-14.94,
58,Spannagel cave,730,SPA146,429956,187236.434181965,965.002235524997,1863.15996614061,-14.86,
58,Spannagel cave,730,SPA146,429957,187280.248114627,925.786397246906,1789.93998394889,-15.01,
58,Spannagel cave,730,SPA146,429958,187324.394842299,887.828907567076,1718.71610358957,-14.99,
58,Spannagel cave,730,SPA146,429959,187367.994014933,850.432487341372,1646.02358176725,-14.79,
58,Spannagel cave,730,SPA146,429960,187410.918105807,813.100143222458,1567.42763771562,-14.87,
58,Spannagel cave,730,SPA146,429961,187452.382535534,780.662229718466,1486.42638164278,-14.96,
58,Spannagel cave,730,SPA146,429962,187495.171758036,743.174410351028,1406.74991834536,-14.76,
58,Spannagel cave,730,SPA146,429963,187536.490837877,709.52956903007,1329.17583621963,-14.81,
58,Spannagel cave,730,SPA146,429964,187579.753108046,675.419120332663,1258.80243842609,-14.88,
58,Spannagel cave,730,SPA146,429965,187622.365720591,636.72959981297,1191.3885654542,-14.74,
58,Spannagel cave,730,SPA146,429966,187664.657531228,600.344984212366,1118.75822099447,-14.83,
58,Spannagel cave,730,SPA146,429967,187704.655755599,563.073728461517,1040.62409920694,-15.01,
58,Spannagel cave,730,SPA146,429968,187748.035585161,526.656370311714,976.914218877879,-15.04,
58,Spannagel cave,730,SPA146,429969,187792.587421287,489.367949196487,908.947856021754,-14.88,
58,Spannagel cave,730,SPA146,429970,187832.796528715,455.358473332919,835.964165099518,-14.63,
58,Spannagel cave,730,SPA146,429971,187875.132438432,422.023498402472,763.176214875042,-14.88,
58,Spannagel cave,730,SPA146,429972,187916.945037078,387.506316621671,688.426740488969,-15.03,
58,Spannagel cave,730,SPA146,429973,187960.186956976,352.623573013785,614.171414046927,-15.08,
58,Spannagel cave,730,SPA146,429974,188004.093128771,320.699479134608,540.525216409995,-15.01,
58,Spannagel cave,730,SPA146,429975,188044.328797406,291.66211975945,471.82897295116,-15.1,
58,Spannagel cave,730,SPA146,429980,188253.647126518,181.779175426724,175.099414665048,-14.84,
58,Spannagel cave,730,SPA146,429981,188299.490486177,174.154181761143,164.387017812638,-15.12,
58,Spannagel cave,730,SPA146,429982,188302.172412566,173.435286239896,163.246106791019,-15.04,
58,Spannagel cave,730,SPA146,429983,188304.783660564,172.17010146656,161.711276177433,-14.74,
58,Spannagel cave,730,SPA146,429984,188308.077704355,171.048080664594,161.034411235276,-14.78,
58,Spannagel cave,730,SPA146,429985,188310.905700827,170.573931134364,160.457487354521,-14.77,
58,Spannagel cave,730,SPA146,429986,188313.606569179,169.520332184038,158.532305751694,-14.85,
58,Spannagel cave,730,SPA146,429987,188316.568179929,168.738226823538,157.398485043552,-14.85,
58,Spannagel cave,730,SPA146,429988,188318.844914221,167.420637233328,155.722478771087,-14.86,
58,Spannagel cave,730,SPA146,429989,188321.979405304,166.182467821054,154.995815495349,-14.92,
58,Spannagel cave,730,SPA146,429990,188324.790032849,165.864154973009,154.129894016165,-14.77,
58,Spannagel cave,730,SPA146,429991,188328.164809774,164.120800457487,153.825088940241,-14.93,
58,Spannagel cave,730,SPA146,429992,188330.97406619,162.824357278063,153.07527013545,-14.94,
58,Spannagel cave,730,SPA146,429993,188333.681018634,161.805728230305,152.118813195324,-14.94,
58,Spannagel cave,730,SPA146,429994,188336.768321441,160.554293528199,151.496767246514,-14.91,
58,Spannagel cave,730,SPA146,429995,188339.797640149,159.944749280898,151.020104940544,-14.79,
58,Spannagel cave,730,SPA146,429996,188342.753400421,158.605088210228,150.231679577584,-14.71,
58,Spannagel cave,730,SPA146,429997,188345.470281186,156.860554497805,149.082309799211,-14.73,
58,Spannagel cave,730,SPA146,429998,188348.19280726,154.909313542448,147.762380121596,-14.75,
58,Spannagel cave,730,SPA146,429999,188350.823776937,154.404328395525,147.00592774892,-14.64,
58,Spannagel cave,730,SPA146,430000,188353.924057062,153.496920889447,146.12688827567,-14.9,
58,Spannagel cave,730,SPA146,430001,188356.931672191,152.592274694442,145.465521060396,-14.81,
58,Spannagel cave,730,SPA146,430002,188359.677345726,152.035622300435,145.320030630159,-14.84,
58,Spannagel cave,730,SPA146,430003,188362.680606863,151.665960441693,144.636823429231,-14.74,
58,Spannagel cave,730,SPA146,430004,188365.177007602,151.605579088995,143.892786042095,-14.73,
58,Spannagel cave,730,SPA146,430005,188368.010993758,150.178236557433,143.676404481404,-14.66,
58,Spannagel cave,730,SPA146,430006,188370.556992463,150.027059393207,143.013827201532,-14.5,
58,Spannagel cave,730,SPA146,430007,188373.484211553,149.014204808511,141.887579852337,-14.57,
58,Spannagel cave,730,SPA146,430008,188376.452239989,149.505578212906,140.463979839085,-14.37,
58,Spannagel cave,730,SPA146,430009,188379.814847926,148.771596006321,140.735185924597,-14.36,
58,Spannagel cave,730,SPA146,430010,188383.022687621,147.578031641635,140.718959114078,-14.5,
58,Spannagel cave,730,SPA146,430011,188386.169247121,147.252897382103,140.126549522101,-14.49,
58,Spannagel cave,730,SPA146,430012,188388.329123101,146.996120406227,137.919756448653,-14.64,
58,Spannagel cave,730,SPA146,430013,188390.723520955,145.799554532481,135.640287991904,-14.51,
58,Spannagel cave,730,SPA146,430014,188393.170390821,145.250024308189,136.153238212719,-14.66,
58,Spannagel cave,730,SPA146,430015,188396.245496869,143.769848946977,135.346557505807,-14.65,
58,Spannagel cave,730,SPA146,430016,188399.127592304,143.71631386166,134.848565581895,-14.73,
58,Spannagel cave,730,SPA146,430017,188401.87814683,142.490206611139,134.359371650324,-14.79,
58,Spannagel cave,730,SPA146,430018,188404.388396127,142.147443791619,133.026871676469,-14.66,
58,Spannagel cave,730,SPA146,430019,188407.630831681,140.81791638548,133.285524428182,-14.73,
58,Spannagel cave,730,SPA146,430020,188410.301975014,140.340743993322,132.498615478049,-14.56,
58,Spannagel cave,730,SPA146,430021,188413.136858269,139.580795410991,132.519641216932,-14.63,
58,Spannagel cave,730,SPA146,430022,188415.862935504,140.250498145062,132.538678485056,-14.59,
58,Spannagel cave,730,SPA146,430023,188418.209891841,140.071277018869,131.93919745626,-14.56,
58,Spannagel cave,730,SPA146,430025,188423.398474984,139.498790363927,132.179253084352,-14.51,
58,Spannagel cave,730,SPA146,430026,188426.579738098,138.597945487651,132.600643261976,-14.82,
58,Spannagel cave,730,SPA146,430027,188429.136689371,138.5854156969,132.810671687184,-14.65,
58,Spannagel cave,730,SPA146,430028,188432.059514892,138.301593472075,133.184878853004,-14.68,
58,Spannagel cave,730,SPA146,430029,188434.882383612,138.192750284536,132.521024435351,-14.76,
58,Spannagel cave,730,SPA146,430030,188438.246321814,136.64007676288,132.432595530699,-14.85,
58,Spannagel cave,730,SPA146,430031,188441.092546176,135.747719615407,132.450532788294,-14.7,
58,Spannagel cave,730,SPA146,430033,188446.90891556,136.715566629602,133.936492993584,-14.86,
58,Spannagel cave,730,SPA146,430034,188449.630561232,137.589599870786,134.50972160825,-14.79,
58,Spannagel cave,730,SPA146,430035,188452.121499775,137.147419853107,135.097964685585,-14.67,
58,Spannagel cave,730,SPA146,430036,188455.165256801,136.935760138091,135.658589616738,-14.51,
58,Spannagel cave,730,SPA146,430037,188457.917870239,137.397633085318,135.788336357742,-14.58,
58,Spannagel cave,730,SPA146,430038,188460.532914818,136.751446997136,135.754902807646,-14.79,
58,Spannagel cave,730,SPA146,430039,188463.766412836,136.139789420355,134.442103509908,-14.86,
58,Spannagel cave,730,SPA146,430040,188467.056959192,135.886457736371,134.900592956401,-14.97,
58,Spannagel cave,730,SPA146,430041,188469.039880219,137.915652381082,134.435233654163,-15.1,
58,Spannagel cave,730,SPA146,430042,188471.905366977,138.074639332102,135.261216234358,-14.88,
58,Spannagel cave,730,SPA146,430043,188475.026325193,138.460142040189,135.2479136732,-14.98,
58,Spannagel cave,730,SPA146,430044,188478.309184184,138.825207605143,135.512394555873,-14.91,
58,Spannagel cave,730,SPA146,430045,188481.700489952,139.519072326366,136.830101130618,-14.95,
58,Spannagel cave,730,SPA146,430046,188484.858897564,139.156041036651,137.725902212696,-14.81,
58,Spannagel cave,730,SPA146,430047,188487.307926327,140.084363669361,138.622834119829,-14.85,
58,Spannagel cave,730,SPA146,430048,188490.323255733,140.33396455663,138.62023590834,-14.84,
58,Spannagel cave,730,SPA146,430049,188493.01190904,140.593395915406,138.182892283512,-14.6,
58,Spannagel cave,730,SPA146,430050,188495.461734609,140.619221212139,137.903381196316,-14.64,
58,Spannagel cave,730,SPA146,430051,188498.151831982,141.334114802157,138.138949930843,-14.56,
58,Spannagel cave,730,SPA146,430052,188501.201725819,141.846439927293,139.011419325048,-14.72,
58,Spannagel cave,730,SPA146,430053,188504.662360707,141.06628329432,139.701989706868,-14.74,
58,Spannagel cave,730,SPA146,430054,188507.762052255,141.917972842872,140.637550681189,-14.57,
58,Spannagel cave,730,SPA146,430055,188510.710918889,142.109964474133,141.406922086084,-14.52,
58,Spannagel cave,730,SPA146,430056,188513.877881492,141.585214799416,142.514064193616,-14.59,
58,Spannagel cave,730,SPA146,430057,188516.775959567,142.513606631168,142.426445345045,-14.77,
58,Spannagel cave,730,SPA146,430058,188519.658418105,143.189185097464,142.866792605259,-14.91,
58,Spannagel cave,730,SPA146,430059,188522.535729894,143.887232576642,143.726917426597,-14.92,
58,Spannagel cave,730,SPA146,430060,188525.509141681,144.707460559177,144.522463795292,-14.93,
58,Spannagel cave,730,SPA146,430061,188528.356902112,146.058697820699,144.845754145063,-15.02,
58,Spannagel cave,730,SPA146,430062,188531.302352305,146.185193262936,144.601708894188,-14.83,
58,Spannagel cave,730,SPA146,430063,188534.52019514,147.270301104116,145.265565979906,-14.8,
58,Spannagel cave,730,SPA146,430064,188537.497057867,147.522929168481,146.11842632576,-14.67,
58,Spannagel cave,730,SPA146,430065,188539.959588409,148.585549077659,146.349144148408,-14.57,
58,Spannagel cave,730,SPA146,430066,188543.115113904,149.053705329396,146.772352038795,-14.83,
58,Spannagel cave,730,SPA146,430067,188545.451214461,150.509238835977,147.294727615779,-14.92,
58,Spannagel cave,730,SPA146,430068,188548.687891397,150.912169322342,148.999796021613,-14.66,
58,Spannagel cave,730,SPA146,430069,188551.912696594,151.910171586089,150.118316371547,-14.69,
58,Spannagel cave,730,SPA146,430070,188554.774021701,152.607935730019,150.743784810009,-14.57,
58,Spannagel cave,730,SPA146,430071,188557.580252756,153.876043450611,152.194760569575,-14.73,
58,Spannagel cave,730,SPA146,430072,188560.416566291,155.144248748344,153.057475821668,-14.92,
58,Spannagel cave,730,SPA146,430073,188562.760940577,156.866818752605,154.012491314701,-15.21,
58,Spannagel cave,730,SPA146,430074,188565.19604073,157.566321355262,154.270359170216,-14.61,
58,Spannagel cave,730,SPA146,430075,188568.10891981,158.777442894818,154.647477348393,-14.64,
58,Spannagel cave,730,SPA146,430076,188571.197086935,159.439075194881,155.657603432861,-14.96,
58,Spannagel cave,730,SPA146,430078,188576.645287309,161.887066818075,157.763943993981,-15.08,
58,Spannagel cave,730,SPA146,430079,188579.413311701,162.51757751737,158.711000701936,-15.01,
58,Spannagel cave,730,SPA146,430080,188582.323584627,163.158538578835,158.983595687314,-14.88,
58,Spannagel cave,730,SPA146,430081,188585.443335462,162.595431456895,160.547665331309,-14.87,
58,Spannagel cave,730,SPA146,430082,188589.172411657,164.737917436054,163.10294709538,-14.68,
58,Spannagel cave,730,SPA146,430083,188592.15908363,165.619359294156,163.924882012012,-14.79,
58,Spannagel cave,730,SPA146,430084,188594.618193146,166.193030284427,164.210869636358,-14.88,
58,Spannagel cave,730,SPA146,430085,188597.875374466,166.20941325149,165.519197568006,-14.95,
58,Spannagel cave,730,SPA146,430086,188600.090185329,168.228044525633,166.183732514939,-14.88,
58,Spannagel cave,730,SPA146,430087,188602.937628298,169.164013751404,167.864272813196,-14.73,
58,Spannagel cave,730,SPA146,430088,188605.760819834,169.785294701054,169.50320225989,-14.72,
58,Spannagel cave,730,SPA146,430089,188608.532165241,171.089855086437,171.456240726227,-14.7,
58,Spannagel cave,730,SPA146,430090,188611.500644886,172.438955256075,173.401770238968,-14.92,
58,Spannagel cave,730,SPA146,430091,188614.549349912,173.53610341117,174.616785562801,-14.75,
58,Spannagel cave,730,SPA146,430092,188617.43808654,174.746263470151,176.57468101944,-14.76,
58,Spannagel cave,730,SPA146,430093,188620.210866979,175.878784166533,177.091859992448,-14.69,
58,Spannagel cave,730,SPA146,430094,188623.069416718,176.851120498817,178.584763272607,-14.85,
58,Spannagel cave,730,SPA146,430095,188626.169433722,177.336845404818,180.165817757923,-14.9,
58,Spannagel cave,730,SPA146,430096,188629.312427132,177.802606454032,181.679319278192,-14.81,
58,Spannagel cave,730,SPA146,430097,188632.582345306,178.816308975947,183.242041221296,-14.92,
58,Spannagel cave,730,SPA146,430098,188635.500138502,179.720361437765,183.895475497469,-14.7,
58,Spannagel cave,730,SPA146,430099,188638.124789599,180.96052370203,184.255767673778,-14.7,
58,Spannagel cave,730,SPA146,430100,188640.492883657,182.38606179622,184.442127116432,-14.71,
58,Spannagel cave,730,SPA146,430101,188642.934917655,183.562123954587,185.426287255774,-14.71,
58,Spannagel cave,730,SPA146,430102,188646.198877215,185.089016025275,187.213725960115,-14.53,
58,Spannagel cave,730,SPA146,430103,188649.262145665,187.091924337728,189.360061671032,-14.56,
58,Spannagel cave,730,SPA146,430104,188652.257407684,189.14052938082,190.538161495671,-14.52,
58,Spannagel cave,730,SPA146,430105,188654.907999747,190.334906629403,191.13726970664,-14.54,
58,Spannagel cave,730,SPA146,430106,188657.574506149,191.39531707135,192.181530201575,-14.77,
58,Spannagel cave,730,SPA146,430107,188661.104799227,191.709691882017,194.265270379139,-14.74,
58,Spannagel cave,730,SPA146,430108,188664.509889206,192.761268736707,196.188217559393,-14.84,
58,Spannagel cave,730,SPA146,430109,188666.94251693,194.159164790675,196.880103046773,-14.77,
58,Spannagel cave,730,SPA146,430110,188669.629511673,195.376424079644,198.414887886553,-14.8,
58,Spannagel cave,730,SPA146,430111,188673.366036093,196.020318114373,200.705780677992,-14.59,
58,Spannagel cave,730,SPA146,430112,188676.687393999,196.630252924981,201.848813571094,-14.62,
58,Spannagel cave,730,SPA146,430113,188679.286131733,198.575695911015,203.566332190821,-14.67,
58,Spannagel cave,730,SPA146,430114,188681.570762029,201.440086134651,204.781599569862,-14.67,
58,Spannagel cave,730,SPA146,430115,188684.763975419,202.580598312954,206.707273526903,-14.75,
58,Spannagel cave,730,SPA146,430116,188687.152837846,203.454944803321,207.679742977489,-14.82,
58,Spannagel cave,730,SPA146,430117,188689.39295067,205.687254248536,208.458176479209,-14.58,
58,Spannagel cave,730,SPA146,430118,188692.240332144,207.228210191533,209.707147916197,-14.61,
58,Spannagel cave,730,SPA146,430119,188695.106581873,208.750081383856,211.180309394462,-14.53,
58,Spannagel cave,730,SPA146,430120,188697.79409345,210.827291763591,212.569579249801,-14.58,
58,Spannagel cave,730,SPA146,430121,188700.316764535,212.933547557157,213.772120184789,-14.64,
58,Spannagel cave,730,SPA146,430122,188760.694962978,225.359432014578,223.686660431384,-14.54,
58,Spannagel cave,730,SPA146,430123,188817.457641079,256.239350644348,238.051553006197,-14.54,
58,Spannagel cave,730,SPA146,430124,188876.783187921,304.66603940347,271.644606968679,-14.57,
58,Spannagel cave,730,SPA146,430125,188935.307253869,356.6640327184,302.598006151384,-14.56,
58,Spannagel cave,730,SPA146,430126,188988.914777347,427.918667469668,333.625115322939,-14.55,
58,Spannagel cave,730,SPA146,430127,189046.868877296,500.199030796211,380.385252761538,-14.68,
58,Spannagel cave,730,SPA146,430128,189102.145505697,570.754084724525,421.399765895447,-14.64,
58,Spannagel cave,730,SPA146,430129,189157.623021089,647.876557774318,459.438602515846,-14.52,
58,Spannagel cave,730,SPA146,430130,189213.243350559,718.026674187713,496.288340044615,-14.61,
58,Spannagel cave,730,SPA146,430131,189267.365280162,801.666419665067,535.428434608795,-14.44,
58,Spannagel cave,730,SPA146,430132,189325.72963187,882.356569448923,581.530310353701,-14.49,
58,Spannagel cave,730,SPA146,430133,189383.373938955,961.21105058206,631.435493461409,-14.46,
58,Spannagel cave,730,SPA146,430134,189435.400398985,1048.48407259621,672.230128680822,-14.55,
58,Spannagel cave,730,SPA146,430135,189492.296063946,1133.75715879464,717.87827505474,-14.46,
58,Spannagel cave,729,SPA121_2021,428752,189545.737284335,2630.69769247135,3300.50355762913,-12.8052504124955,3.34826858653556
58,Spannagel cave,730,SPA146,430136,189547.565611009,1227.11675810177,763.22279096226,-14.6,
58,Spannagel cave,730,SPA146,430137,189600.878217301,1305.71906203739,807.316547261958,-14.55,
58,Spannagel cave,730,SPA146,430138,189657.657216713,1379.35839865226,855.452094637469,-14.49,
58,Spannagel cave,730,SPA146,430139,189712.136753341,1454.67226542367,901.088757418795,-14.51,
58,Spannagel cave,730,SPA146,430140,189769.948538576,1536.94526498805,948.931680401583,-14.53,
58,Spannagel cave,730,SPA146,430141,189825.912680918,1615.99648344814,997.318245751172,-14.52,
58,Spannagel cave,730,SPA146,430142,189879.529258366,1695.11748895486,1041.49090003956,-14.41,
58,Spannagel cave,730,SPA146,430143,189932.946954505,1777.67263262576,1091.41305529774,-14.57,
58,Spannagel cave,730,SPA146,430144,189987.427768025,1864.54339272276,1137.94243706032,-14.66,
58,Spannagel cave,730,SPA146,430145,190044.11997331,1949.20276105514,1185.17804814724,-14.36,
58,Spannagel cave,730,SPA146,430146,190100.324772672,2028.45694054145,1228.77674354881,-14.4,
58,Spannagel cave,730,SPA146,430148,190217.809818586,2176.94005021238,1332.04898623002,-14.4,
58,Spannagel cave,730,SPA146,430149,190277.35869133,2258.57492414178,1382.42023701925,-14.72,
58,Spannagel cave,731,SPA183,430197,190316.864678638,381.601574672473,437.844167369389,-14.07,
58,Spannagel cave,731,SPA183,430198,190318.219105426,380.62514095509,436.641336368601,-14.27,
58,Spannagel cave,731,SPA183,430199,190319.390446199,379.825837471348,435.255419352732,-14.22,
58,Spannagel cave,731,SPA183,430200,190319.967733959,379.366374608566,434.554078218265,-14.22,
58,Spannagel cave,731,SPA183,430201,190320.559099096,378.85691285244,433.866814461478,-14.26,
58,Spannagel cave,731,SPA183,430202,190321.828683546,378.021958303172,432.579141123279,-14.22,
58,Spannagel cave,731,SPA183,430203,190323.113538283,377.242680379364,431.306738071609,-14.24,
58,Spannagel cave,731,SPA183,430204,190324.506973357,376.226651477366,430.142915356962,-14.24,
58,Spannagel cave,731,SPA183,430205,190325.90142917,375.138913087838,429.162035949645,-14.22,
58,Spannagel cave,731,SPA183,430206,190327.295884984,374.039296783187,428.194997240469,-14.32,
58,Spannagel cave,731,SPA183,430207,190328.690340798,372.939680478536,427.028043540369,-14.41,
58,Spannagel cave,731,SPA183,430208,190330.084796611,371.840064173855,426.217025678314,-14.5,
58,Spannagel cave,730,SPA146,430150,190330.413026235,2348.36844093376,1429.06142130104,-14.57,
58,Spannagel cave,731,SPA183,430209,190331.53600737,370.683692923572,425.416262989747,-14.55,
58,Spannagel cave,731,SPA183,430210,190333.030881874,369.483657928708,424.659164045705,-14.56,
58,Spannagel cave,731,SPA183,430211,190334.525756378,368.28362293393,423.882668809674,-14.51,
58,Spannagel cave,731,SPA183,430212,190336.020630882,367.080632555124,423.10485325483,-14.45,
58,Spannagel cave,731,SPA183,430213,190337.515505385,366.067314278451,422.327037699986,-14.41,
58,Spannagel cave,731,SPA183,430214,190339.010379889,365.175616779248,421.525207486498,-14.5,
58,Spannagel cave,731,SPA183,430215,190340.420789564,364.042009434168,420.621339532663,-14.33,
58,Spannagel cave,731,SPA183,430216,190341.746088034,363.044239986077,419.488027830434,-14.36,
58,Spannagel cave,731,SPA183,430217,190343.118378813,361.961900556576,418.365064778569,-14.27,
58,Spannagel cave,731,SPA183,430218,190344.642153614,360.956989658473,417.479575169797,-14.18,
58,Spannagel cave,731,SPA183,430219,190346.031046898,360.079831315234,416.615541883948,-14.23,
58,Spannagel cave,731,SPA183,430220,190347.319876791,359.094603048288,415.419208347361,-14.22,
58,Spannagel cave,731,SPA183,430221,190348.674365052,357.993855896901,414.254041487351,-14.24,
58,Spannagel cave,731,SPA183,430222,190350.050295407,357.109893652698,413.110316722334,-14.31,
58,Spannagel cave,731,SPA183,430223,190351.245408859,356.132598383498,411.78577505346,-14.27,
58,Spannagel cave,731,SPA183,430224,190352.283894714,355.225887440349,410.304605788027,-14.44,
58,Spannagel cave,731,SPA183,430225,190353.558330039,354.124855346192,409.059385992266,-14.33,
58,Spannagel cave,731,SPA183,430226,190354.773845324,353.151970543578,407.755246156623,-14.24,
58,Spannagel cave,731,SPA183,430227,190355.911355651,352.227533642814,406.373101363395,-14.27,
58,Spannagel cave,731,SPA183,430228,190357.165143759,351.186818961432,405.107234350726,-14.31,
58,Spannagel cave,731,SPA183,430229,190358.474821974,350.090214172815,403.897257445264,-14.26,
58,Spannagel cave,731,SPA183,430230,190359.784500189,348.993609384255,402.687280539831,-14.37,
58,Spannagel cave,731,SPA183,430231,190361.094178404,347.897004595638,401.477303634398,-14.2,
58,Spannagel cave,731,SPA183,430232,190362.403856619,346.790796170942,400.267326728877,-14.24,
58,Spannagel cave,731,SPA183,430233,190363.696339272,345.766172327974,399.040154260641,-14.23,
58,Spannagel cave,731,SPA183,430234,190364.901571676,344.868296876812,397.7257315444,-14.24,
58,Spannagel cave,731,SPA183,430235,190366.069201849,344.008023656555,396.373706597195,-14.33,
58,Spannagel cave,731,SPA183,430236,190367.086019954,343.378065547498,394.870869581297,-14.31,
58,Spannagel cave,731,SPA183,430237,190368.102838059,343.231207446515,393.368032565399,-14.3,
58,Spannagel cave,731,SPA183,430238,190369.267333584,342.714420091914,392.230594282009,-14.17,
58,Spannagel cave,731,SPA183,430239,190370.534687921,341.99451723852,391.497777533805,-14.03,
58,Spannagel cave,731,SPA183,430240,190371.771605494,341.374144150759,390.607192771073,-14.09,
58,Spannagel cave,731,SPA183,430241,190373.008523067,340.834298523259,389.350684961246,-14.24,
58,Spannagel cave,731,SPA183,430242,190374.24544064,339.832273665408,387.998048256501,-14.38,
58,Spannagel cave,731,SPA183,430243,190375.515650094,338.813125614659,386.606775106367,-14.47,
58,Spannagel cave,731,SPA183,430244,190377.022271652,337.619199280307,385.451914059522,-14.44,
58,Spannagel cave,731,SPA183,430245,190378.347190003,336.593280186149,384.115349805128,-14.47,
58,Spannagel cave,731,SPA183,430246,190379.434832967,335.804636477726,382.541510165,-14.46,
58,Spannagel cave,731,SPA183,430247,190380.303828389,335.234640312614,380.749022981501,-14.4,
58,Spannagel cave,731,SPA183,430248,190381.415842641,334.417530640727,379.525107252848,-14.35,
58,Spannagel cave,731,SPA183,430249,190382.836460515,333.256925749563,378.86390623395,-14.36,
58,Spannagel cave,730,SPA146,430151,190383.533845907,2438.09547295928,1474.15198579466,-14.42,
58,Spannagel cave,731,SPA183,430250,190384.349010551,332.102754067397,378.294637377607,-14.38,
58,Spannagel cave,731,SPA183,430251,190385.568499407,331.647416113643,377.141937022563,-14.15,
58,Spannagel cave,731,SPA183,430252,190386.843377282,330.663512617728,376.005802941072,-14.27,
58,Spannagel cave,731,SPA183,430253,190387.999945403,329.710754002328,374.729961401696,-14.37,
58,Spannagel cave,731,SPA183,430254,190389.066411805,328.839394879207,373.312224225228,-14.51,
58,Spannagel cave,731,SPA183,430255,190390.132878207,327.968035756086,371.894487048819,-14.37,
58,Spannagel cave,731,SPA183,430256,190391.452199972,326.84382127077,370.729605234519,-14.29,
58,Spannagel cave,731,SPA183,430257,190392.790048904,325.675486334221,369.583250588243,-14.47,
58,Spannagel cave,731,SPA183,430258,190394.127897836,324.853649053024,368.436895941937,-14.5,
58,Spannagel cave,731,SPA183,430259,190395.504773299,323.992785240931,367.329567826586,-14.62,
58,Spannagel cave,731,SPA183,430260,190396.696958259,323.316611931659,366.037549208384,-14.64,
58,Spannagel cave,731,SPA183,430261,190397.702935895,322.624808916153,364.559323265334,-14.65,
58,Spannagel cave,731,SPA183,430262,190398.50864076,322.014402339322,362.880824552063,-14.58,
58,Spannagel cave,731,SPA183,430263,190399.549076278,321.16926510958,361.437056491675,-14.49,
58,Spannagel cave,731,SPA183,430264,190400.716657501,320.196982174763,360.120434136392,-14.39,
58,Spannagel cave,731,SPA183,430265,190401.761498501,319.669855328713,358.681071557978,-14.45,
58,Spannagel cave,731,SPA183,430266,190402.849401487,319.085044478357,357.28477096514,-14.56,
58,Spannagel cave,731,SPA183,430267,190404.231006248,318.206531852193,356.182172148052,-14.6,
58,Spannagel cave,731,SPA183,430268,190405.7562875,317.184342735796,355.223249821254,-14.54,
58,Spannagel cave,731,SPA183,430269,190407.281568751,316.1621536194,354.264327494428,-14.39,
58,Spannagel cave,731,SPA183,430270,190408.921415107,315.025399398466,353.419970272167,-14.48,
58,Spannagel cave,731,SPA183,430271,190410.495927469,313.95397917158,352.51027905583,-14.49,
58,Spannagel cave,731,SPA183,430272,190411.911535655,313.028608294262,351.807768347207,-14.51,
58,Spannagel cave,731,SPA183,430273,190413.061804944,312.366609747289,350.730008170765,-14.83,
58,Spannagel cave,731,SPA183,430274,190414.082506539,311.76021518762,348.999361377413,-14.72,
58,Spannagel cave,731,SPA183,430275,190415.409684873,310.726074309205,348.01149635436,-14.59,
58,Spannagel cave,731,SPA183,430276,190416.736138036,309.632759053842,347.016282753379,-14.62,
58,Spannagel cave,731,SPA183,430277,190417.939290866,308.591227529425,345.752715971961,-14.65,
58,Spannagel cave,731,SPA183,430278,190419.037898364,307.584087428404,344.38460385814,-14.58,
58,Spannagel cave,731,SPA183,430279,190420.49765106,306.215802129882,343.377636941819,-14.5,
58,Spannagel cave,731,SPA183,430280,190421.927190183,304.877730403328,342.340456453559,-14.41,
58,Spannagel cave,731,SPA183,430281,190423.386250693,303.510137290257,341.332797351817,-14.18,
58,Spannagel cave,731,SPA183,430282,190424.967285833,302.020569547254,340.518538441567,-14.13,
58,Spannagel cave,731,SPA183,430283,190426.08397329,300.995349487261,339.352857811784,-14.28,
58,Spannagel cave,731,SPA183,430284,190427.248583244,299.922206929623,338.235099679645,-14.49,
58,Spannagel cave,731,SPA183,430285,190428.561777396,298.700480175088,337.265925744461,-14.68,
58,Spannagel cave,731,SPA183,430286,190429.969976809,297.38374815922,336.391757070582,-14.77,
58,Spannagel cave,731,SPA183,430287,190431.440014876,296.483555140119,335.579427051707,-14.61,
58,Spannagel cave,731,SPA183,430288,190432.877568944,295.644120000856,334.734613032138,-14.61,
58,Spannagel cave,731,SPA183,430289,190434.172689976,294.9372174702,333.730770726572,-14.77,
58,Spannagel cave,731,SPA183,430290,190435.493298838,294.1759762539,332.691860361578,-14.8,
58,Spannagel cave,731,SPA183,430291,190436.772149949,293.038868659904,331.611192246899,-14.76,
58,Spannagel cave,731,SPA183,430292,190437.993457844,291.861466037313,330.171853849839,-14.7,
58,Spannagel cave,731,SPA183,430293,190439.143318431,290.755510722345,328.602013910335,-14.66,
58,Spannagel cave,731,SPA183,430294,190440.29842376,289.675175231561,327.306894559268,-14.79,
58,Spannagel cave,731,SPA183,430295,190441.533554178,288.81074264762,326.498125645769,-14.78,
58,Spannagel cave,730,SPA146,430152,190442.037139212,2513.58493704506,1527.53951657051,-14.54,
58,Spannagel cave,731,SPA183,430296,190442.709017189,288.005977470631,325.629689325346,-14.68,
58,Spannagel cave,731,SPA183,430297,190443.891375556,287.194316937122,324.768148361414,-14.79,
58,Spannagel cave,731,SPA183,430298,190445.266307106,286.190083221067,324.099180580059,-14.63,
58,Spannagel cave,731,SPA183,430299,190446.182942876,285.644145284721,322.750652773131,-14.74,
58,Spannagel cave,731,SPA183,430300,190447.422719671,284.775066323375,321.729221787391,-14.85,
58,Spannagel cave,731,SPA183,430301,190448.94456273,283.623921098217,321.013732181309,-14.69,
58,Spannagel cave,731,SPA183,430302,190450.131022415,282.808159246837,319.877146433282,-14.69,
58,Spannagel cave,731,SPA183,430303,190451.62469278,281.685186715447,319.082824883109,-14.81,
58,Spannagel cave,731,SPA183,430304,190452.986799929,280.693777400738,318.185936954018,-14.7,
58,Spannagel cave,731,SPA183,430305,190454.205865339,279.799266899703,317.089972610585,-14.65,
58,Spannagel cave,731,SPA183,430306,190455.424930749,278.862615356833,315.89018653502,-14.64,
58,Spannagel cave,731,SPA183,430307,190457.031146926,277.528628163011,315.028809197829,-14.6,
58,Spannagel cave,731,SPA183,430308,190458.330456599,276.53547275014,314.273589656805,-14.44,
58,Spannagel cave,731,SPA183,430309,190459.623776506,275.499407069758,313.410714723461,-14.65,
58,Spannagel cave,731,SPA183,430310,190460.917096413,274.48094301275,312.479061137128,-14.6,
58,Spannagel cave,731,SPA183,430311,190462.130343985,273.519843480288,311.55773455734,-14.61,
58,Spannagel cave,731,SPA183,430312,190463.451477389,272.450858116295,310.891241038218,-14.75,
58,Spannagel cave,731,SPA183,430313,190464.542848991,271.611634553527,310.164022030367,-14.8,
58,Spannagel cave,731,SPA183,430314,190465.799900544,270.586945288931,309.059975994809,-14.79,
58,Spannagel cave,731,SPA183,430315,190467.193474697,269.449282249465,308.065737063938,-14.78,
58,Spannagel cave,731,SPA183,430316,190468.535661863,268.290080132283,307.020111146732,-14.47,
58,Spannagel cave,731,SPA183,430317,190469.790299078,267.126143945177,305.886935278104,-14.69,
58,Spannagel cave,731,SPA183,430318,190471.044936293,266.195465512865,304.753759409447,-14.39,
58,Spannagel cave,731,SPA183,430319,190472.212880033,265.352102135657,303.492197777261,-14.38,
58,Spannagel cave,731,SPA183,430320,190473.48755693,264.295250077383,302.296162063023,-14.55,
58,Spannagel cave,731,SPA183,430321,190474.808847938,263.408379688131,301.166254884127,-14.65,
58,Spannagel cave,731,SPA183,430322,190476.382228281,262.079124893324,300.357194646262,-14.64,
58,Spannagel cave,731,SPA183,430323,190477.719144211,260.95810507136,299.306328060513,-14.51,
58,Spannagel cave,731,SPA183,430324,190478.9122962,259.98084919047,298.11169753375,-14.54,
58,Spannagel cave,731,SPA183,430325,190480.118928186,258.990113313077,296.93054700346,-14.67,
58,Spannagel cave,731,SPA183,430326,190481.334051765,257.9908858423,295.757888066495,-14.65,
58,Spannagel cave,731,SPA183,430327,190482.549175344,257.297969828651,294.58522912953,-14.7,
58,Spannagel cave,731,SPA183,430328,190483.742621528,256.409998870455,293.390892797179,-14.68,
58,Spannagel cave,731,SPA183,430329,190484.938339907,255.490558540361,292.19926475003,-14.79,
58,Spannagel cave,731,SPA183,430330,190486.06289386,254.642282637156,291.1226157489,-14.86,
58,Spannagel cave,731,SPA183,430331,190487.326701002,253.654753544193,290.18521993747,-15.07,
58,Spannagel cave,731,SPA183,430332,190488.692953362,252.564779232896,289.708129513718,-15.01,
58,Spannagel cave,731,SPA183,430333,190490.038463339,251.495547305356,289.052278770192,-15.01,
58,Spannagel cave,731,SPA183,430334,190491.347276493,250.492343105696,288.089997602452,-15.12,
58,Spannagel cave,731,SPA183,430335,190492.735078504,249.755020679178,287.068910762406,-14.96,
58,Spannagel cave,731,SPA183,430336,190494.082453552,249.058125216601,286.119982469478,-15.11,
58,Spannagel cave,731,SPA183,430337,190495.287850815,248.448559110315,285.150981839717,-14.81,
58,Spannagel cave,731,SPA183,430338,190496.286994507,247.707974326127,283.906822486839,-14.88,
58,Spannagel cave,731,SPA183,430339,190497.404632955,246.840167135611,282.969678442518,-14.95,
58,Spannagel cave,730,SPA146,430153,190498.129612881,2584.71254228329,1572.36281604518,-14.38,
58,Spannagel cave,731,SPA183,430340,190498.863145732,245.631485615537,282.798752854782,-14.9,
58,Spannagel cave,731,SPA183,430341,190500.405314095,244.660720730346,282.319155826321,-14.65,
58,Spannagel cave,731,SPA183,430342,190501.682390628,243.918795639038,281.360300465079,-14.48,
58,Spannagel cave,731,SPA183,430343,190502.830563264,243.482319197094,280.307578401756,-14.42,
58,Spannagel cave,731,SPA183,430345,190505.245240652,242.455297633016,278.125844642753,-14.28,
58,Spannagel cave,731,SPA183,430346,190506.46536387,241.909503181407,277.103552588553,-14.27,
58,Spannagel cave,731,SPA183,430347,190507.827054659,241.222141159378,276.222828104772,-14.34,
58,Spannagel cave,731,SPA183,430348,190508.78000421,240.943520374421,274.933362383948,-14.3,
58,Spannagel cave,731,SPA183,430349,190510.023025655,240.374827695749,273.868679046805,-14.43,
58,Spannagel cave,731,SPA183,430350,190511.090219095,239.963136609324,272.607799392892,-14.35,
58,Spannagel cave,731,SPA183,430351,190512.309385059,239.223888332199,271.498892263218,-14.3,
58,Spannagel cave,731,SPA183,430352,190513.746540881,238.242514507292,270.607974991755,-14.36,
58,Spannagel cave,731,SPA183,430353,190514.837707824,237.957704278058,269.389383782254,-14.48,
58,Spannagel cave,731,SPA183,430354,190516.216720992,237.009170788486,268.495365294541,-14.71,
58,Spannagel cave,731,SPA183,430355,190517.550742068,236.090138853586,267.534635122865,-14.68,
58,Spannagel cave,731,SPA183,430356,190518.615065804,235.389272581233,265.848715049302,-14.46,
58,Spannagel cave,731,SPA183,430358,190521.226070399,233.505182914756,264.39734514241,-14.41,
58,Spannagel cave,731,SPA183,430359,190522.558065911,232.51001315919,263.398107363289,-14.37,
58,Spannagel cave,731,SPA183,430360,190523.776132968,231.533331207524,262.070695230272,-14.32,
58,Spannagel cave,731,SPA183,430362,190525.836954641,230.30851726266,259.014591753657,-14.51,
58,Spannagel cave,731,SPA183,430363,190527.215656228,229.473435734311,257.895093817264,-14.5,
58,Spannagel cave,731,SPA183,430364,190528.356725474,228.691829591815,256.753794976452,-14.68,
58,Spannagel cave,731,SPA183,430365,190529.582592296,227.68498551537,255.697293711972,-14.61,
58,Spannagel cave,731,SPA183,430366,190530.732324884,226.754003322247,254.564658213058,-14.81,
58,Spannagel cave,731,SPA183,430367,190532.088852519,226.015434282308,253.755322207464,-14.8,
58,Spannagel cave,731,SPA183,430368,190533.362493577,225.280811631441,253.001744947105,-14.71,
58,Spannagel cave,731,SPA183,430369,190534.512837447,224.576380087383,252.080838712573,-14.69,
58,Spannagel cave,731,SPA183,430370,190535.926073858,223.603545415594,251.027110650961,-14.86,
58,Spannagel cave,731,SPA183,430371,190537.09353459,222.811499053874,249.584271918022,-14.76,
58,Spannagel cave,731,SPA183,430372,190538.522304545,221.758143469284,248.624011632521,-14.69,
58,Spannagel cave,731,SPA183,430373,190539.542950428,221.112911956472,247.372420217202,-14.55,
58,Spannagel cave,731,SPA183,430374,190540.598885581,220.432391174458,246.438949850359,-14.6,
58,Spannagel cave,731,SPA183,430375,190541.883778706,219.522912419896,245.683630640357,-14.63,
58,Spannagel cave,731,SPA183,430376,190543.329140054,218.52517421791,245.045888937952,-14.62,
58,Spannagel cave,731,SPA183,430377,190544.871759748,217.557282438444,244.505405582138,-14.56,
58,Spannagel cave,731,SPA183,430378,190545.98229055,216.809257535497,243.465659490786,-14.71,
58,Spannagel cave,731,SPA183,430379,190547.249406863,215.839391883317,242.613945125107,-14.85,
58,Spannagel cave,731,SPA183,430380,190548.801398116,214.545852672454,242.218732441426,-14.88,
58,Spannagel cave,731,SPA183,430381,190550.336722102,213.341448387015,241.766567570477,-14.87,
58,Spannagel cave,731,SPA183,430382,190551.530872763,212.377766243299,240.930581483786,-14.94,
58,Spannagel cave,731,SPA183,430383,190552.754804874,211.462975039758,240.124376846856,-14.83,
58,Spannagel cave,731,SPA183,430384,190554.148259324,210.378661497205,239.225645400438,-14.62,
58,Spannagel cave,731,SPA183,430385,190555.398265069,209.43779665968,237.749131406861,-14.6,
58,Spannagel cave,731,SPA183,430386,190556.63093102,208.514271615859,236.25527761961,-14.78,
58,Spannagel cave,731,SPA183,430387,190558.205184269,207.249159274914,235.462436356291,-14.75,
58,Spannagel cave,730,SPA146,430154,190559.192899842,2655.82822180679,1626.44106075013,-14.26,
58,Spannagel cave,731,SPA183,430388,190559.672661469,206.090822982078,234.682567239564,-14.67,
58,Spannagel cave,731,SPA183,430389,190561.140138669,204.932486689242,233.902698122809,-14.7,
58,Spannagel cave,731,SPA183,430390,190562.303037299,204.044386926864,232.945461701747,-14.71,
58,Spannagel cave,731,SPA183,430391,190563.460749881,203.143025414116,232.595760471071,-14.53,
58,Spannagel cave,731,SPA183,430392,190564.77999278,202.24336934145,232.338845453953,-14.68,
58,Spannagel cave,731,SPA183,430393,190566.152813629,201.043405528762,232.056338492635,-14.74,
58,Spannagel cave,731,SPA183,430394,190567.165049213,200.581604079809,230.397238749021,-14.7,
58,Spannagel cave,731,SPA183,430395,190568.511122007,199.886483434413,229.267730328982,-14.69,
58,Spannagel cave,731,SPA183,430396,190569.661550826,199.39285925508,227.812759871536,-14.62,
58,Spannagel cave,731,SPA183,430397,190570.708647606,199.061050224554,226.240066187253,-14.5,
58,Spannagel cave,731,SPA183,430398,190572.166648178,198.200766468042,225.078276295244,-14.4,
58,Spannagel cave,731,SPA183,430399,190573.262019543,197.759536413156,223.553857196588,-14.39,
58,Spannagel cave,731,SPA183,430400,190574.420350021,197.187408022903,222.092397209693,-14.43,
58,Spannagel cave,731,SPA183,430401,190575.761039088,196.367963199067,220.813295813074,-14.44,
58,Spannagel cave,731,SPA183,430402,190577.10924855,195.330441348313,220.090142017812,-14.54,
58,Spannagel cave,731,SPA183,430403,190578.552157322,194.316405924241,219.263089633867,-14.71,
58,Spannagel cave,731,SPA183,430404,190579.797487928,193.512404511886,218.023043901834,-14.69,
58,Spannagel cave,731,SPA183,430405,190581.058597656,192.640674393333,217.010762779159,-14.67,
58,Spannagel cave,731,SPA183,430406,190582.348955567,191.674444473203,215.944785526168,-14.66,
58,Spannagel cave,731,SPA183,430407,190583.455218017,191.206382002856,214.673905625357,-14.68,
58,Spannagel cave,731,SPA183,430408,190584.639329719,190.559596743813,213.516081082431,-14.63,
58,Spannagel cave,731,SPA183,430409,190586.008096501,189.544090947486,212.275944516587,-14.61,
58,Spannagel cave,731,SPA183,430410,190587.464304881,188.360664331936,211.123249549273,-14.44,
58,Spannagel cave,731,SPA183,430411,190588.773722728,187.603357136541,209.899492157652,-14.37,
58,Spannagel cave,731,SPA183,430413,190590.978253205,186.73301333483,207.53928646096,-14.7,
58,Spannagel cave,731,SPA183,430414,190592.163792715,186.493128968432,206.442457884725,-14.69,
58,Spannagel cave,731,SPA183,430415,190593.542164682,185.737023558555,205.538461764867,-14.75,
58,Spannagel cave,731,SPA183,430416,190594.681492256,185.035308894439,204.395421251858,-14.65,
58,Spannagel cave,731,SPA183,430417,190595.980164073,184.222311509249,203.961905417411,-14.71,
58,Spannagel cave,731,SPA183,430418,190597.233133485,183.714287665323,203.428601646272,-14.37,
58,Spannagel cave,731,SPA183,430419,190598.652809109,183.264374382328,202.626345600002,-14.42,
58,Spannagel cave,731,SPA183,430420,190600.007286439,182.767812113394,202.139671313722,-14.44,
58,Spannagel cave,731,SPA183,430421,190601.372304677,181.849362719222,201.73815114412,-14.38,
58,Spannagel cave,731,SPA183,430422,190602.532611582,181.235563745809,200.930258116685,-14.51,
58,Spannagel cave,731,SPA183,430423,190603.93044388,180.514292619249,199.992918113043,-14.45,
58,Spannagel cave,731,SPA183,430424,190605.489934415,179.713487201254,198.928199320333,-14.55,
58,Spannagel cave,731,SPA183,430425,190606.848582822,179.036441197299,197.577271744231,-14.8,
58,Spannagel cave,731,SPA183,430426,190607.886078132,178.60142983988,196.151640950469,-14.91,
58,Spannagel cave,731,SPA183,430427,190609.242062483,177.847929440817,195.634300362522,-14.74,
58,Spannagel cave,731,SPA183,430428,190610.608911486,177.083564390836,194.610686057451,-14.65,
58,Spannagel cave,731,SPA183,430429,190611.827299962,176.467659866903,193.334809319029,-14.37,
58,Spannagel cave,731,SPA183,430430,190612.873224487,175.936336150888,192.370646190364,-14.44,
58,Spannagel cave,731,SPA183,430431,190614.12179365,175.187349053245,191.138085444923,-14.73,
58,Spannagel cave,731,SPA183,430432,190615.404167277,174.409243404894,190.028792624129,-14.63,
58,Spannagel cave,731,SPA183,430433,190616.84471564,173.530851430842,189.157061883889,-14.39,
58,Spannagel cave,730,SPA146,430155,190617.276700221,2738.13967888118,1680.47261753361,-14.33,
58,Spannagel cave,731,SPA183,430434,190617.879320137,173.170715530898,187.54600849608,-14.72,
58,Spannagel cave,731,SPA183,430435,190619.237024918,172.809099240956,186.542260271468,-15.02,
58,Spannagel cave,731,SPA183,430436,190620.600652012,172.155116155482,185.450976112828,-14.8,
58,Spannagel cave,731,SPA183,430437,190622.220799973,171.022801244399,185.30759944694,-14.71,
58,Spannagel cave,731,SPA183,430438,190623.603777851,170.590206735389,184.355016177607,-14.43,
58,Spannagel cave,731,SPA183,430439,190625.178251491,169.814818086801,183.562713181716,-14.61,
58,Spannagel cave,731,SPA183,430440,190626.620807862,169.166660259652,183.403903993632,-14.78,
58,Spannagel cave,731,SPA183,430441,190627.930436334,169.211783181905,183.102848870854,-14.92,
58,Spannagel cave,731,SPA183,430442,190629.15660772,168.195070991671,182.766572209599,-14.97,
58,Spannagel cave,731,SPA183,430443,190630.53522223,167.173766061402,182.128768398426,-15.08,
58,Spannagel cave,731,SPA183,430444,190631.709702789,166.346342968231,180.995882464485,-15.02,
58,Spannagel cave,731,SPA183,430445,190633.417764616,165.472930558783,180.304086571879,-14.97,
58,Spannagel cave,731,SPA183,430446,190634.926604793,164.808008260734,179.331089170621,-14.99,
58,Spannagel cave,731,SPA183,430447,190636.124833296,164.453697636025,178.07752131045,-14.89,
58,Spannagel cave,731,SPA183,430448,190637.563992128,163.816636510601,177.769088543311,-14.84,
58,Spannagel cave,731,SPA183,430449,190638.853845058,162.722875859996,178.153265722736,-14.69,
58,Spannagel cave,731,SPA183,430450,190640.256497443,161.479846544767,176.900632695993,-14.73,
58,Spannagel cave,731,SPA183,430451,190641.692449712,160.153685139434,175.417384547967,-14.6,
58,Spannagel cave,731,SPA183,430452,190643.136948834,158.818976880371,174.412334536493,-14.64,
58,Spannagel cave,731,SPA183,430453,190644.432869162,157.712330522656,174.118795415037,-14.87,
58,Spannagel cave,731,SPA183,430454,190645.749535166,156.924323589774,173.083607733366,-14.84,
58,Spannagel cave,731,SPA183,430455,190647.259953702,155.942564125988,173.606466670695,-14.82,
58,Spannagel cave,731,SPA183,430456,190648.865887587,155.188779276796,173.95823766847,-14.73,
58,Spannagel cave,731,SPA183,430457,190650.153498133,154.801990851585,173.561172303889,-14.77,
58,Spannagel cave,731,SPA183,430458,190651.377035278,154.021064633329,173.068535122497,-14.54,
58,Spannagel cave,731,SPA183,430459,190652.642628469,153.236014740512,172.57033237943,-14.41,
58,Spannagel cave,731,SPA183,430460,190653.90514296,152.706488979078,171.86376668408,-14.47,
58,Spannagel cave,731,SPA183,430461,190655.059318954,152.350533179007,170.768185010704,-14.47,
58,Spannagel cave,731,SPA183,430462,190656.199127302,152.008473764232,169.357886304526,-14.43,
58,Spannagel cave,731,SPA183,430463,190657.430594239,151.895286789135,168.039246186992,-14.43,
58,Spannagel cave,731,SPA183,430464,190658.917409189,151.54401211848,167.420629662054,-14.55,
58,Spannagel cave,731,SPA183,430465,190660.17715809,151.419803496741,167.128062816453,-14.75,
58,Spannagel cave,731,SPA183,430466,190661.356379678,151.238243897213,166.940013354848,-14.78,
58,Spannagel cave,731,SPA183,430467,190662.526346497,150.385230960761,166.393318225921,-14.76,
58,Spannagel cave,731,SPA183,430468,190663.703382638,149.540473564441,166.577399684436,-14.68,
58,Spannagel cave,731,SPA183,430469,190664.841285865,149.288078070676,165.869870089518,-14.63,
58,Spannagel cave,731,SPA183,430470,190665.825157213,148.640491682949,164.64338348413,-14.43,
58,Spannagel cave,731,SPA183,430471,190667.069208164,147.854265261441,163.865057018731,-14.33,
58,Spannagel cave,731,SPA183,430472,190668.535790717,146.789665168413,163.203883102833,-14.45,
58,Spannagel cave,731,SPA183,430473,190669.641472783,146.448553456547,162.638383601705,-14.28,
58,Spannagel cave,731,SPA183,430474,190670.941524913,145.337490852893,161.699743629753,-14.57,
58,Spannagel cave,731,SPA183,430475,190672.220403108,144.231076970114,160.739929723961,-14.82,
58,Spannagel cave,731,SPA183,430476,190673.432412416,143.497393505357,159.713246929809,-14.79,
58,Spannagel cave,731,SPA183,430477,190674.493688839,143.392862209555,158.702268547786,-14.79,
58,Spannagel cave,730,SPA146,430156,190674.544492095,2821.26714446075,1730.08887902176,-14.5,
58,Spannagel cave,731,SPA183,430478,190675.575155987,143.458783375187,157.859134287981,-14.62,
58,Spannagel cave,731,SPA183,430479,190676.877787767,143.257292837428,157.21831169186,-14.76,
58,Spannagel cave,731,SPA183,430480,190677.787853947,143.200666934019,156.065132899443,-14.57,
58,Spannagel cave,731,SPA183,430481,190679.196861505,142.199767110607,155.167116565775,-14.73,
58,Spannagel cave,731,SPA183,430482,190680.382491763,141.602093269059,155.045590915863,-14.53,
58,Spannagel cave,731,SPA183,430483,190681.622580507,141.503881522745,154.793328591331,-14.65,
58,Spannagel cave,731,SPA183,430484,190682.913911846,140.615736750042,154.056539227866,-14.71,
58,Spannagel cave,731,SPA183,430485,190684.090319832,140.022314468544,153.218636995211,-14.27,
58,Spannagel cave,731,SPA183,430486,190685.337116083,139.537556555675,152.568388578511,-14.42,
58,Spannagel cave,731,SPA183,430488,190687.942016829,138.824079444865,151.443415018788,-14.49,
58,Spannagel cave,731,SPA183,430489,190689.173269313,138.21361552499,151.11395773408,-14.44,
58,Spannagel cave,731,SPA183,430490,190690.311221625,138.602806225274,150.760634620936,-14.39,
58,Spannagel cave,731,SPA183,430491,190691.204217243,137.954220643122,149.629820970091,-14.36,
58,Spannagel cave,731,SPA183,430492,190692.156081785,138.428422297089,148.193841323839,-14.34,
58,Spannagel cave,731,SPA183,430493,190693.526826615,138.35547830048,147.601799706055,-14.26,
58,Spannagel cave,731,SPA183,430494,190694.758925536,138.035521252808,146.957585298398,-14.54,
58,Spannagel cave,731,SPA183,430495,190695.948794832,137.292954612756,145.952842486702,-14.66,
58,Spannagel cave,731,SPA183,430496,190697.360985633,137.325116501015,145.108616021898,-14.67,
58,Spannagel cave,731,SPA183,430497,190698.602015719,137.280846086185,144.065211936337,-14.65,
58,Spannagel cave,731,SPA183,430498,190699.819584892,136.841101288272,143.306261271151,-14.65,
58,Spannagel cave,731,SPA183,430499,190701.024482933,136.500970962225,142.146493757871,-14.69,
58,Spannagel cave,731,SPA183,430500,190702.279477658,136.11197679842,141.588610419858,-14.6,
58,Spannagel cave,731,SPA183,430501,190703.190708661,136.155109367246,141.802986371273,-14.38,
58,Spannagel cave,731,SPA183,430502,190704.609651695,135.694862813369,141.6236403324,-14.15,
58,Spannagel cave,731,SPA183,430503,190705.615757767,135.83636559319,141.007311665075,-14.21,
58,Spannagel cave,731,SPA183,430504,190707.248951228,135.43543332332,140.913553099759,-14.29,
58,Spannagel cave,731,SPA183,430505,190708.396339268,135.310979195958,140.232190370938,-14.4,
58,Spannagel cave,731,SPA183,430506,190709.354755997,135.246945469029,139.911588793795,-14.13,
58,Spannagel cave,731,SPA183,430507,190710.458089406,134.90299149006,139.043844738626,-14,
58,Spannagel cave,731,SPA183,430508,190711.798842501,134.257671828731,138.590452347329,-14.11,
58,Spannagel cave,731,SPA183,430509,190713.380455915,133.600975043664,139.038468970102,-14.33,
58,Spannagel cave,731,SPA183,430510,190714.580896952,133.133097788232,138.724649530952,-14.18,
58,Spannagel cave,731,SPA183,430512,190716.627830539,132.189832132164,137.420025974221,-14.02,
58,Spannagel cave,731,SPA183,430513,190717.675684816,131.750533063023,136.768560591445,-14.06,
58,Spannagel cave,731,SPA183,430514,190718.769546481,132.022350243991,135.7644182941,-14.34,
58,Spannagel cave,731,SPA183,430515,190719.988004646,132.051619458915,135.444488408306,-14.36,
58,Spannagel cave,731,SPA183,430516,190721.372321566,131.515886979265,134.287989280216,-14.38,
58,Spannagel cave,731,SPA183,430517,190722.565052719,131.657972883229,134.890638852783,-14.32,
58,Spannagel cave,731,SPA183,430518,190723.66820742,131.331186871248,134.557263237686,-14.52,
58,Spannagel cave,731,SPA183,430519,190725.152454245,130.709522736812,134.674685159436,-14.46,
58,Spannagel cave,731,SPA183,430520,190726.309240085,130.754335118749,134.804941448121,-14.4,
58,Spannagel cave,731,SPA183,430521,190727.520968312,130.042972028547,134.783300236217,-14.47,
58,Spannagel cave,731,SPA183,430522,190728.844215181,129.771994031937,134.66001819435,-14.56,
58,Spannagel cave,731,SPA183,430523,190730.108582377,129.872329758597,134.569889274804,-14.59,
58,Spannagel cave,731,SPA183,430524,190731.689380481,129.129000958201,134.702653924382,-14.78,
58,Spannagel cave,731,SPA183,430525,190732.884719736,128.862173020287,134.217496179219,-14.97,
58,Spannagel cave,730,SPA146,430157,190733.247255358,2902.95963865006,1782.09207675478,-14.33,
58,Spannagel cave,731,SPA183,430526,190733.975164599,129.213251024659,133.986130521516,-14.76,
58,Spannagel cave,731,SPA183,430527,190735.458962927,129.413070039707,133.529326961667,-14.5,
58,Spannagel cave,731,SPA183,430528,190736.891129872,128.682034752448,133.664046852879,-14.52,
58,Spannagel cave,731,SPA183,430529,190738.378829733,127.815358299034,134.352523419599,-14.59,
58,Spannagel cave,731,SPA183,430530,190740.074533839,126.740677599882,135.062962838478,-14.66,
58,Spannagel cave,731,SPA183,430531,190741.533871271,125.924861170468,135.726700688916,-14.62,
58,Spannagel cave,731,SPA183,430532,190742.939357386,125.428291299235,135.151018234435,-14.62,
58,Spannagel cave,731,SPA183,430533,190744.033144516,125.243420412618,134.422609840636,-14.8,
58,Spannagel cave,731,SPA183,430534,190745.139742252,125.290199349925,133.948238937359,-14.86,
58,Spannagel cave,731,SPA183,430535,190746.425095489,125.143430646014,133.32223386562,-14.89,
58,Spannagel cave,731,SPA183,430536,190747.791703519,124.868039195979,133.006772017281,-14.69,
58,Spannagel cave,731,SPA183,430537,190749.025265445,125.472963772248,133.200059062539,-14.69,
58,Spannagel cave,731,SPA183,430538,190750.310198241,125.269285894872,132.859542763355,-14.68,
58,Spannagel cave,731,SPA183,430539,190751.692801057,124.930134316644,132.479776881548,-14.88,
58,Spannagel cave,731,SPA183,430540,190753.140722633,124.424301325693,132.262241091346,-14.79,
58,Spannagel cave,731,SPA183,430541,190754.4082717,124.181451813492,132.038263377879,-14.8,
58,Spannagel cave,731,SPA183,430542,190755.883036313,124.178051417344,131.427992013138,-14.81,
58,Spannagel cave,731,SPA183,430543,190757.210406009,123.726258381648,130.876281163044,-14.85,
58,Spannagel cave,731,SPA183,430544,190758.556125523,123.641917923407,130.975588678004,-14.74,
58,Spannagel cave,731,SPA183,430545,190760.282136069,123.557609414536,130.764854154113,-14.5,
58,Spannagel cave,731,SPA183,430546,190761.185177779,124.34692272055,131.364728983899,-14.64,
58,Spannagel cave,731,SPA183,430547,190762.727307038,124.06735754048,131.512081341323,-14.51,
58,Spannagel cave,731,SPA183,430548,190764.102486796,124.309548218182,131.651979305258,-14.61,
58,Spannagel cave,731,SPA183,430549,190765.398192456,123.747341031209,131.521030152071,-14.73,
58,Spannagel cave,731,SPA183,430550,190766.749894634,123.470105574146,131.560146676027,-14.92,
58,Spannagel cave,731,SPA183,430551,190768.102004199,123.146400010883,131.258800286247,-14.88,
58,Spannagel cave,731,SPA183,430552,190769.221950537,123.499971460289,130.884477112879,-14.84,
58,Spannagel cave,731,SPA183,430553,190770.632371238,123.214559422719,131.830668460461,-14.94,
58,Spannagel cave,731,SPA183,430554,190771.796731568,122.991001721384,132.774070298037,-14.65,
58,Spannagel cave,731,SPA183,430555,190772.999356518,123.062674593471,132.826173854439,-14.62,
58,Spannagel cave,731,SPA183,430556,190774.125205098,123.202199247346,132.626207341731,-14.75,
58,Spannagel cave,731,SPA183,430557,190775.455480944,123.150763877318,133.563149179507,-14.71,
58,Spannagel cave,731,SPA183,430558,190777.250482391,122.954851742514,133.910481357743,-14.81,
58,Spannagel cave,731,SPA183,430559,190778.365637182,123.613905331877,133.452412417129,-14.88,
58,Spannagel cave,731,SPA183,430560,190780.113951762,123.479258546839,134.220580311667,-14.94,
58,Spannagel cave,731,SPA183,430561,190781.409830802,123.770873602596,134.245162211591,-14.78,
58,Spannagel cave,731,SPA183,430562,190782.672905705,123.905552978918,134.475092186156,-14.68,
58,Spannagel cave,731,SPA183,430563,190784.25348094,123.722732023365,134.357985881419,-14.82,
58,Spannagel cave,731,SPA183,430564,190785.452614547,124.063922810601,135.183151096833,-14.78,
58,Spannagel cave,731,SPA183,430565,190787.065670738,123.735095116892,135.812392424297,-14.76,
58,Spannagel cave,731,SPA183,430566,190788.745181926,123.758341830835,136.806126955722,-14.86,
58,Spannagel cave,731,SPA183,430567,190789.954368256,124.134744919254,137.500364389882,-14.85,
58,Spannagel cave,730,SPA146,430158,190790.078703528,2986.52344793358,1830.96286310413,-14.38,
58,Spannagel cave,731,SPA183,430568,190790.778678675,125.230949208199,137.523867288022,-14.9,
58,Spannagel cave,731,SPA183,430569,190792.178509401,125.090812628507,137.816728037811,-14.86,
58,Spannagel cave,731,SPA183,430570,190793.238350491,125.621075966279,137.46715417708,-14.84,
58,Spannagel cave,731,SPA183,430571,190794.535352872,126.15308619797,136.661340557359,-14.75,
58,Spannagel cave,731,SPA183,430572,190795.956451563,126.199419448094,135.889163907763,-14.79,
58,Spannagel cave,731,SPA183,430573,190797.454508309,125.903785559873,136.61037863401,-14.82,
58,Spannagel cave,731,SPA183,430574,190798.919262615,125.965690863319,136.705549398641,-14.77,
58,Spannagel cave,731,SPA183,430575,190800.295157304,125.842041884462,137.062501809472,-14.8,
58,Spannagel cave,731,SPA183,430576,190801.40433026,125.85431574125,137.530250751617,-14.72,
58,Spannagel cave,731,SPA183,430577,190802.521248919,126.545504856011,137.016243478574,-14.72,
58,Spannagel cave,731,SPA183,430578,190803.583116206,126.762930100871,137.176470935752,-14.66,
58,Spannagel cave,731,SPA183,430579,190804.818064909,126.549312485324,137.890651182795,-14.69,
58,Spannagel cave,731,SPA183,430580,190806.367294429,126.595863513357,138.761111625645,-14.72,
58,Spannagel cave,731,SPA183,430581,190807.521591572,125.736107368371,138.788778085436,-14.67,
58,Spannagel cave,731,SPA183,430582,190809.00764949,125.157020792103,139.049140603747,-14.74,
58,Spannagel cave,731,SPA183,430583,190810.358309683,125.54109041224,139.556298495445,-14.77,
58,Spannagel cave,731,SPA183,430584,190811.497838713,126.108381073194,139.278879640275,-14.84,
58,Spannagel cave,731,SPA183,430585,190812.56168148,126.645383515191,139.394743750017,-14.77,
58,Spannagel cave,731,SPA183,430586,190813.853892882,126.490745649528,138.801828649477,-14.57,
58,Spannagel cave,731,SPA183,430587,190814.939074114,126.990368507424,138.258609027311,-14.68,
58,Spannagel cave,731,SPA183,430588,190816.600253251,126.627758464019,138.213104488037,-14.71,
58,Spannagel cave,731,SPA183,430589,190818.147020812,126.359796931414,138.815425055014,-14.58,
58,Spannagel cave,731,SPA183,430590,190819.326730142,126.378832923743,139.259292440314,-14.7,
58,Spannagel cave,731,SPA183,430591,190820.499587876,126.343531615305,139.469494819845,-14.64,
58,Spannagel cave,731,SPA183,430592,190821.931686466,125.948542356142,140.231045616558,-14.67,
58,Spannagel cave,731,SPA183,430593,190823.040621357,127.04458613522,140.669432715076,-14.42,
58,Spannagel cave,731,SPA183,430594,190824.366258859,127.992713992746,141.255037667084,-14.43,
58,Spannagel cave,731,SPA183,430595,190825.556585304,128.025080133404,141.892791308928,-14.25,
58,Spannagel cave,731,SPA183,430596,190826.871801317,129.222031035897,142.459649918601,-14.5,
58,Spannagel cave,731,SPA183,430597,190827.900492388,130.407172651001,142.565301077993,-14.6,
58,Spannagel cave,731,SPA183,430598,190829.034283476,130.92663582752,142.957768793596,-14.54,
58,Spannagel cave,731,SPA183,430599,190830.539021619,131.660577550734,143.721183563204,-14.61,
58,Spannagel cave,731,SPA183,430600,190832.080498988,131.7750520923,144.241244623525,-14.6,
58,Spannagel cave,731,SPA183,430601,190833.293420867,131.636273564305,143.721926505561,-14.46,
58,Spannagel cave,731,SPA183,430602,190834.68373377,131.98763786332,144.252191424661,-14.48,
58,Spannagel cave,731,SPA183,430603,190836.009524967,132.327657584159,144.814821621811,-14.58,
58,Spannagel cave,731,SPA183,430604,190836.987850355,132.627775131754,144.883773632231,-14.57,
58,Spannagel cave,731,SPA183,430605,190838.551409253,132.730934132502,145.881691175891,-14.6,
58,Spannagel cave,730,SPA146,430159,190848.383390341,3068.04579676231,1882.68366150683,-14.33,
58,Spannagel cave,731,SPA183,430606,190855.268740303,127.623279907421,133.683661520103,-14.61,
58,Spannagel cave,731,SPA183,430607,190873.893906316,122.708877177793,133.83268605129,-14.47,
58,Spannagel cave,731,SPA183,430608,190893.417843688,116.523874956765,136.101118023187,-14.49,
58,Spannagel cave,730,SPA146,430160,190905.913666777,3146.56152922698,1932.75722521331,-14.16,
58,Spannagel cave,731,SPA183,430609,190913.428527928,118.80899929782,141.241991111485,-14.57,
58,Spannagel cave,731,SPA183,430610,190931.216235439,127.317737074802,148.043842580635,-14.49,
58,Spannagel cave,731,SPA183,430611,190946.43196866,140.095932807628,154.501834679162,-14.5,
58,Spannagel cave,731,SPA183,430612,190947.290210605,139.691412854183,152.817676592997,-14.33,
58,Spannagel cave,731,SPA183,430613,190948.037951299,139.181258572557,151.811874536681,-14.2,
58,Spannagel cave,731,SPA183,430614,190949.251389362,138.340526264248,150.616489534528,-14.28,
58,Spannagel cave,731,SPA183,430615,190950.223772261,137.68561560809,149.248422159551,-14.19,
58,Spannagel cave,731,SPA183,430616,190951.121524832,137.034774769098,147.670467114309,-14.34,
58,Spannagel cave,731,SPA183,430617,190951.978726305,136.40293063104,145.965548132866,-14.45,
58,Spannagel cave,731,SPA183,430618,190952.860469119,135.811352582095,144.75453203902,-14.4,
58,Spannagel cave,731,SPA183,430619,190953.949425933,134.921053289785,142.81442643638,-14.44,
58,Spannagel cave,731,SPA183,430620,190954.608201621,134.773934530793,141.284881059866,-14.34,
58,Spannagel cave,731,SPA183,430621,190955.382035904,134.515228609322,139.134018081677,-14.26,
58,Spannagel cave,731,SPA183,430622,190956.222321861,133.994587652036,138.076833609084,-14.39,
58,Spannagel cave,731,SPA183,430623,190956.96903465,133.349284152617,137.653772735037,-14.46,
58,Spannagel cave,731,SPA183,430624,190958.120628145,132.410264967795,137.209912197693,-14.46,
58,Spannagel cave,731,SPA183,430625,190959.336079543,131.61808518233,136.990676055953,-14.5,
58,Spannagel cave,731,SPA183,430626,190960.455170272,130.756617772771,136.740237010876,-14.42,
58,Spannagel cave,730,SPA146,430161,190960.799906013,3224.4799891905,1982.13858212149,-14.2,
58,Spannagel cave,731,SPA183,430627,190961.467074052,129.858744978323,135.443482905132,-14.45,
58,Spannagel cave,731,SPA183,430628,190962.685014206,128.897981733666,134.662527577078,-14.4,
58,Spannagel cave,731,SPA183,430629,190963.548814268,128.081681535637,132.726435478282,-14.38,
58,Spannagel cave,731,SPA183,430630,190964.674389163,127.384000087623,132.657865931571,-14.4,
58,Spannagel cave,731,SPA183,430631,190965.771659945,127.007868832123,132.129732211615,-14.56,
58,Spannagel cave,731,SPA183,430632,190966.735706733,126.252540302085,131.564180272719,-14.44,
58,Spannagel cave,731,SPA183,430633,190967.706523329,125.685974482651,131.424540681328,-14.47,
58,Spannagel cave,731,SPA183,430634,190968.552798243,125.380803296721,130.284581652813,-14.51,
58,Spannagel cave,731,SPA183,430635,190969.522516586,124.905626917782,128.77791561879,-14.39,
58,Spannagel cave,731,SPA183,430636,190970.462405971,124.436680820218,127.625525547133,-14.53,
58,Spannagel cave,731,SPA183,430637,190971.141094641,124.646763888682,127.214169907063,-14.56,
58,Spannagel cave,731,SPA183,430638,190972.222557981,124.417787906947,127.127857497166,-14.64,
58,Spannagel cave,731,SPA183,430639,190973.336552426,123.628903987701,126.398407471861,-14.51,
58,Spannagel cave,731,SPA183,430640,190974.248173779,123.060229775554,125.667245496821,-14.57,
58,Spannagel cave,731,SPA183,430641,190975.0008439,122.582616321248,125.186557252426,-14.75,
58,Spannagel cave,731,SPA183,430642,190976.157580776,121.567165739572,123.974658210034,-14.54,
58,Spannagel cave,731,SPA183,430643,190977.228956576,120.96673322696,123.041471880191,-14.57,
58,Spannagel cave,731,SPA183,430644,190978.653497176,119.916823362495,122.378677177825,-14.56,
58,Spannagel cave,731,SPA183,430645,190979.569419718,119.535273144022,122.022814325872,-14.55,
58,Spannagel cave,731,SPA183,430646,190980.419252591,119.337821635243,121.129949450115,-14.51,
58,Spannagel cave,731,SPA183,430647,190981.273709571,119.131843260169,120.459136736084,-14.64,
58,Spannagel cave,731,SPA183,430648,190982.091820179,120.07716733386,120.276090389118,-14.66,
58,Spannagel cave,731,SPA183,430649,190983.069897121,119.853410636541,119.883020853653,-14.66,
58,Spannagel cave,731,SPA183,430650,190984.188335795,119.049183695606,119.113625543832,-14.75,
58,Spannagel cave,731,SPA183,430651,190985.320152975,118.507798802952,118.969689946534,-14.64,
58,Spannagel cave,731,SPA183,430652,190986.226863913,118.484402534814,118.711118187639,-14.59,
58,Spannagel cave,731,SPA183,430655,190989.713046304,116.76931256149,118.568608733534,-14.29,
58,Spannagel cave,731,SPA183,430657,190992.184551643,115.734292268375,116.357362925162,-14.53,
58,Spannagel cave,731,SPA183,430658,190993.03679038,116.175003189972,115.794198605785,-14.53,
58,Spannagel cave,731,SPA183,430659,190993.886564877,116.296991812589,115.256912177021,-14.49,
58,Spannagel cave,731,SPA183,430660,190994.494048724,116.623464863456,114.909015006211,-14.52,
58,Spannagel cave,731,SPA183,430661,190995.689225901,116.591064472042,115.067821268458,-14.45,
58,Spannagel cave,731,SPA183,430662,190996.799496226,115.896166567894,115.250040858315,-14.54,
58,Spannagel cave,731,SPA183,430663,190997.918951568,115.741579299967,115.547712930449,-14.53,
58,Spannagel cave,731,SPA183,430664,190998.806230977,116.212635100208,115.587760485156,-14.43,
58,Spannagel cave,731,SPA183,430665,190999.541051324,115.786904276843,115.411434017733,-14.28,
58,Spannagel cave,731,SPA183,430666,191000.581532197,115.222259923845,115.266813799768,-14.35,
58,Spannagel cave,731,SPA183,430667,191001.929522192,114.87708500764,115.180185485689,-14.37,
58,Spannagel cave,731,SPA183,430668,191003.167219494,113.829624650738,114.956265542249,-14.35,
58,Spannagel cave,731,SPA183,430669,191004.143334027,113.902686429763,114.999774141645,-14.27,
58,Spannagel cave,731,SPA183,430670,191005.150929814,113.514304914162,114.128303002304,-14.26,
58,Spannagel cave,731,SPA183,430671,191006.154725643,113.216695280687,113.765336562356,-14.18,
58,Spannagel cave,731,SPA183,430672,191007.134322861,113.008537272341,113.206009026297,-14.14,
58,Spannagel cave,731,SPA183,430673,191008.292520807,113.258577928442,113.369389518833,-14.06,
58,Spannagel cave,731,SPA183,430674,191009.458401066,113.108241385198,113.524914956099,-13.96,
58,Spannagel cave,731,SPA183,430675,191010.467593053,112.61296869436,113.535802217928,-13.87,
58,Spannagel cave,731,SPA183,430676,191011.651861354,111.774323778402,114.465495118406,-13.87,
58,Spannagel cave,731,SPA183,430677,191013.128171094,112.607592427463,115.275007002638,-13.94,
58,Spannagel cave,731,SPA183,430678,191014.208299363,112.720777473674,115.935795002821,-13.95,
58,Spannagel cave,731,SPA183,430679,191014.93697237,112.913947347086,115.206380943477,-14.13,
58,Spannagel cave,730,SPA146,430162,191015.290282349,3302.66003545752,2027.87319144059,-14.29,
58,Spannagel cave,731,SPA183,430680,191016.009018837,112.391652349936,115.092868700565,-14.3,
58,Spannagel cave,731,SPA183,430681,191017.175729948,111.441390467953,115.412548228313,-14.06,
58,Spannagel cave,731,SPA183,430682,191018.059049593,111.655246563634,115.480368947407,-14.07,
58,Spannagel cave,731,SPA183,430683,191018.940537757,111.687888664514,115.640571765398,-14.24,
58,Spannagel cave,731,SPA183,430684,191019.618101836,111.977774862899,115.654885448836,-14.14,
58,Spannagel cave,731,SPA183,430685,191020.648633176,111.805586761213,116.114249772043,-14.19,
58,Spannagel cave,731,SPA183,430686,191021.737299064,110.871659212833,116.605707830866,-14.23,
58,Spannagel cave,731,SPA183,430687,191022.703258868,110.224939201667,116.784549555712,-14.18,
58,Spannagel cave,731,SPA183,430688,191023.609989845,110.298139597842,117.049785153242,-14.26,
58,Spannagel cave,731,SPA183,430689,191024.290507931,111.156689089228,117.010828636325,-14.19,
58,Spannagel cave,731,SPA183,430690,191025.177957894,112.536865843809,116.548552178574,-14.29,
58,Spannagel cave,731,SPA183,430691,191026.273131629,112.601582439005,117.131049144402,-14.25,
58,Spannagel cave,731,SPA183,430692,191027.311039495,112.550667292904,117.401221235457,-14.29,
58,Spannagel cave,731,SPA183,430693,191028.265608946,113.522078434529,117.839489112142,-14.31,
58,Spannagel cave,731,SPA183,430694,191029.388832705,113.239618357708,117.139575720299,-14.29,
58,Spannagel cave,731,SPA183,430695,191029.952361911,113.465904513461,116.680016273109,-14.3,
58,Spannagel cave,731,SPA183,430696,191031.129350167,112.745671555604,117.355535967974,-14.32,
58,Spannagel cave,731,SPA183,430697,191032.212814635,112.76493511736,117.128557394259,-14.29,
58,Spannagel cave,731,SPA183,430698,191033.14858612,112.604308573529,117.316799846158,-14.24,
58,Spannagel cave,731,SPA183,430699,191034.425110798,112.59130936471,117.581575182674,-14.22,
58,Spannagel cave,731,SPA183,430700,191035.453697307,112.332387682342,118.113891145942,-14,
58,Spannagel cave,731,SPA183,430701,191036.139136436,113.358203185111,118.297254736419,-14.1,
58,Spannagel cave,731,SPA183,430702,191036.876887288,113.438458204997,118.011901676888,-14.17,
58,Spannagel cave,731,SPA183,430703,191038.031972213,113.575273782655,118.1704020506,-14.13,
58,Spannagel cave,731,SPA183,430704,191038.688283101,114.486250344315,118.621050476388,-14.25,
58,Spannagel cave,731,SPA183,430705,191040.11439414,114.793931205641,119.347569435457,-14.28,
58,Spannagel cave,731,SPA183,430706,191040.667633985,115.633084150904,118.96926313499,-14.3,
58,Spannagel cave,731,SPA183,430707,191041.50878157,116.113467585063,118.824929399125,-14.29,
58,Spannagel cave,731,SPA183,430708,191042.887392334,116.143732988654,120.066985250422,-14.3,
58,Spannagel cave,731,SPA183,430709,191043.613064509,115.929108250944,120.04330692513,-14.22,
58,Spannagel cave,731,SPA183,430710,191045.090913855,115.439202554058,121.037419197295,-14.31,
58,Spannagel cave,731,SPA183,430711,191045.894485151,115.638298264676,121.014523600141,-14.16,
58,Spannagel cave,731,SPA183,430712,191060.196479762,120.907072860689,122.040530450817,-14.2,
58,Spannagel cave,730,SPA146,430163,191072.734548114,3377.55478063464,2078.48403415593,-14.27,
58,Spannagel cave,731,SPA183,430713,191075.430105182,124.558860437508,125.466182754782,-14.33,
58,Spannagel cave,731,SPA183,430714,191091.40224044,127.045218896616,130.811959480168,-14.37,
58,Spannagel cave,731,SPA183,430715,191108.114720185,135.120213295944,139.110679849342,-14.25,
58,Spannagel cave,731,SPA183,430716,191123.196250905,148.853374747006,147.025944134803,-14.25,
58,Spannagel cave,730,SPA146,430164,191129.835692041,3452.79264765023,2127.8376840585,-14.28,
58,Spannagel cave,731,SPA183,430717,191136.656680208,162.210026523448,151.984474788827,-14.21,
58,Spannagel cave,731,SPA183,430718,191149.423932071,180.311709465313,158.533329800295,-14.19,
58,Spannagel cave,731,SPA183,430719,191161.239935031,198.839508565725,164.849473092443,-14,
58,Spannagel cave,731,SPA183,430720,191173.119505673,217.773613320955,170.253743332578,-14,
58,Spannagel cave,731,SPA183,430721,191185.329729055,238.673998998362,176.588759253675,-13.99,
58,Spannagel cave,730,SPA146,430165,191187.179144635,3527.78820599921,2177.37409969704,-14.19,
58,Spannagel cave,731,SPA183,430722,191198.182153019,255.757066663558,186.183541955368,-13.9,
58,Spannagel cave,731,SPA183,430723,191211.153602385,274.509877240693,193.439622045815,-13.96,
58,Spannagel cave,731,SPA183,430724,191224.948794259,296.587555083941,202.907609615388,-14,
58,Spannagel cave,731,SPA183,430725,191236.251286946,321.800120310974,210.734341668081,-14.15,
58,Spannagel cave,730,SPA146,430166,191244.047751213,3604.86335886811,2228.21875880251,-14.13,
58,Spannagel cave,731,SPA183,430726,191250.200847395,343.16644189076,217.078150366171,-14.19,
58,Spannagel cave,731,SPA183,430727,191261.8239654,366.111462880304,226.466587549337,-14.28,
58,Spannagel cave,731,SPA183,430728,191276.235699196,390.170823488123,238.710277231381,-14.13,
58,Spannagel cave,731,SPA183,430729,191287.571127828,414.86985938868,248.571198061021,-14.12,
58,Spannagel cave,730,SPA146,430167,191298.966282318,3689.0506166516,2278.97169888637,-14.16,
58,Spannagel cave,731,SPA183,430730,191300.667831359,436.269194882043,258.189753751009,-14.05,
58,Spannagel cave,731,SPA183,430731,191313.010727901,458.376396912267,266.68169296495,-14.1,
58,Spannagel cave,731,SPA183,430732,191326.427216777,477.129832656472,279.53887669454,-14.13,
58,Spannagel cave,731,SPA183,430733,191339.245960291,497.032386790728,288.887135845376,-14.13,
58,Spannagel cave,731,SPA183,430734,191352.247374418,521.808861160243,301.165893724014,-14.09,
58,Spannagel cave,730,SPA146,430168,191354.252346477,3772.7595498536,2329.35962957321,-14.13,
58,Spannagel cave,731,SPA183,430735,191366.358347766,543.335667881969,312.767451013176,-14.21,
58,Spannagel cave,731,SPA183,430736,191377.59643813,567.5997627287,323.108653200063,-14.22,
58,Spannagel cave,731,SPA183,430737,191390.667192562,589.195983973128,332.573987369135,-14.13,
58,Spannagel cave,731,SPA183,430738,191403.853180414,608.126559630153,342.703763377765,-14.04,
58,Spannagel cave,730,SPA146,430169,191410.420356022,3855.58653767064,2377.01651355042,-14.18,
58,Spannagel cave,731,SPA183,430739,191418.001848574,629.582444734784,354.56831543814,-14.02,
58,Spannagel cave,731,SPA183,430740,191431.007888587,652.457006298384,365.765496900509,-13.94,
58,Spannagel cave,729,SPA121_2021,428753,191435.20316841,1985.70488632124,2173.58962159167,-12.5041347158482,4.29151683524627
58,Spannagel cave,731,SPA183,430741,191444.306933289,675.038563171285,377.018054278305,-14.12,
58,Spannagel cave,731,SPA183,430742,191457.132580089,698.071512263501,387.32319238293,-14.14,
58,Spannagel cave,730,SPA146,430170,191465.732206843,3939.26968421141,2423.69993042012,-14.28,
58,Spannagel cave,731,SPA183,430743,191470.507649233,719.260652566882,397.86973233879,-14.02,
58,Spannagel cave,731,SPA183,430744,191484.132205866,737.326219842187,409.550305108249,-14.07,
58,Spannagel cave,731,SPA183,430745,191496.999575096,757.387406724447,421.674733965949,-14.03,
58,Spannagel cave,731,SPA183,430746,191509.609932022,780.502384307852,432.642766381003,-13.98,
58,Spannagel cave,730,SPA146,430171,191521.117715593,4022.87917282287,2471.91537131957,-14.24,
58,Spannagel cave,731,SPA183,430747,191522.361467417,801.978779379977,443.161736730108,-13.91,
58,Spannagel cave,731,SPA183,430748,191534.886266245,828.480850736931,451.962609187583,-13.79,
58,Spannagel cave,731,SPA183,430749,191546.954109701,854.152460825426,461.51405580432,-13.81,
58,Spannagel cave,731,SPA183,430750,191560.845530362,877.424551082251,473.895667869016,-13.85,
58,Spannagel cave,729,SPA121_2021,428754,191571.478276249,1918.51778081892,2069.42016176265,-12.2037869034284,5.04393607158539
58,Spannagel cave,731,SPA183,430751,191573.53774353,901.378414575825,485.903763053822,-13.96,
58,Spannagel cave,730,SPA146,430172,191577.403630038,4105.58825573971,2521.07152101767,-14.22,
58,Spannagel cave,731,SPA183,430752,191586.903262581,924.658972185396,497.79261691033,-13.99,
58,Spannagel cave,731,SPA183,430753,191600.486263239,947.722048188385,510.001426067174,-13.91,
58,Spannagel cave,731,SPA183,430754,191613.661827938,969.377809212514,521.870332009683,-13.76,
58,Spannagel cave,731,SPA183,430755,191626.675709483,989.321244227496,533.40449839973,-13.73,
58,Spannagel cave,730,SPA146,430173,191633.420890207,4188.56599293152,2569.21471017614,-14.21,
58,Spannagel cave,731,SPA183,430756,191639.06644821,1009.71526837078,544.436712791503,-13.63,
58,Spannagel cave,731,SPA183,430757,191653.488564435,1029.4967166358,557.500304681074,-13.61,
58,Spannagel cave,731,SPA183,430758,191665.761996666,1053.19952876621,568.415212576336,-13.69,
58,Spannagel cave,731,SPA183,430759,191678.006247416,1076.93152237692,579.300938991219,-13.71,
58,Spannagel cave,730,SPA146,430174,191690.172007133,4270.80987336719,2618.09175609073,-14.12,
58,Spannagel cave,731,SPA183,430760,191693.782477748,1097.13153640632,593.807482767268,-13.28,
58,Spannagel cave,731,SPA183,430761,191706.845072992,1120.0451855243,606.429674364859,-13.32,
58,Spannagel cave,729,SPA121_2021,428755,191718.713013439,1833.86204499513,1977.35718958199,-12.18951900161,5.16550055640672
58,Spannagel cave,731,SPA183,430763,191734.332714407,1164.51003283123,632.094623021927,-13.48,
58,Spannagel cave,731,SPA183,430764,191746.849645082,1187.9693465179,642.235712403868,-13.49,
58,Spannagel cave,730,SPA146,430175,191748.004818965,4349.84644396821,2668.11381530089,-14.11,
58,Spannagel cave,731,SPA183,430765,191759.056062712,1211.58903030021,651.856690632034,-13.31,
58,Spannagel cave,731,SPA183,430766,191771.737894496,1234.71486976519,664.104178168607,-13.28,
58,Spannagel cave,731,SPA183,430767,191784.396853493,1257.86358201719,675.312796556362,-13.66,
58,Spannagel cave,731,SPA183,430768,191795.682888989,1282.38521777085,685.375905182766,-13.84,
58,Spannagel cave,730,SPA146,430176,191804.505139576,4428.42976573954,2716.67674651078,-14.21,
58,Spannagel cave,731,SPA183,430769,191807.802352188,1306.07342581986,694.754823218071,-13.59,
58,Spannagel cave,731,SPA183,430770,191820.623815014,1328.47791237014,705.157772088918,-13.54,
58,Spannagel cave,731,SPA183,430771,191833.375964392,1352.51479394839,715.452409720863,-13.57,
58,Spannagel cave,731,SPA183,430772,191846.64785231,1373.30784252918,726.206029499328,-13.67,
58,Spannagel cave,731,SPA183,430773,191858.613682976,1395.38095251421,736.788463268167,-13.64,
58,Spannagel cave,730,SPA146,430177,191862.676309024,4504.51472680428,2766.97384494738,-14.27,
58,Spannagel cave,729,SPA121_2021,428756,191866.467486227,1752.30758121144,1870.3960215032,-12.0877748493122,5.05103003190844
58,Spannagel cave,731,SPA183,430774,191871.863566387,1417.72541731477,748.138140167459,-13.82,
58,Spannagel cave,731,SPA183,430775,191884.915923051,1440.68134812923,758.315526384016,-13.66,
58,Spannagel cave,731,SPA183,430776,191897.664809317,1462.75214473068,769.598759813525,-13.8,
58,Spannagel cave,731,SPA183,430777,191910.070465018,1484.75230107518,780.657379888959,-13.81,
58,Spannagel cave,730,SPA146,430178,191917.935791435,4583.13779492091,2814.35925634709,-14.27,
58,Spannagel cave,731,SPA183,430778,191923.139520041,1506.08905809617,792.379399287864,-13.85,
58,Spannagel cave,731,SPA183,430779,191936.924178127,1526.71021205478,804.817021749215,-13.81,
58,Spannagel cave,731,SPA183,430780,191950.304170623,1547.73603160429,816.664263153361,-13.87,
58,Spannagel cave,731,SPA183,430781,191963.482521706,1568.96349256512,828.292208302912,-13.71,
58,Spannagel cave,730,SPA146,430179,191972.99977462,4661.95636226385,2861.54916852043,-14.26,
58,Spannagel cave,731,SPA183,430782,191976.397820861,1591.98476331247,840.067063072463,-13.34,
58,Spannagel cave,731,SPA183,430783,191989.313120016,1615.26050398345,851.411884775094,-13.37,
58,Spannagel cave,731,SPA183,430784,192002.22841917,1638.53624465442,863.35005464073,-13.44,
58,Spannagel cave,731,SPA183,430785,192014.740551236,1662.12572536414,874.673231246183,-13.53,
58,Spannagel cave,729,SPA121_2021,428757,192017.461176411,1688.95825911377,1794.59001172925,-12.1543335812302,4.74160729499436
58,Spannagel cave,731,SPA183,430786,192027.481313691,1685.30949541816,885.626395017229,-13.52,
58,Spannagel cave,730,SPA146,430180,192028.063757804,4740.77492960676,2908.73908069381,-14.19,
58,Spannagel cave,731,SPA183,430787,192040.630425679,1708.08491593754,896.948591435677,-13.51,
58,Spannagel cave,731,SPA183,430788,192054.042472418,1730.59740170775,908.846896509873,-13.43,
58,Spannagel cave,731,SPA183,430789,192066.753051775,1753.81135485828,919.574667489476,-13.46,
58,Spannagel cave,731,SPA183,430790,192079.488868676,1777.00007046614,930.39399620812,-13.5,
58,Spannagel cave,730,SPA146,430181,192083.976860041,4818.05601934661,2956.97307034093,-14.17,
58,Spannagel cave,731,SPA183,430791,192092.868752417,1799.54471923341,942.202114872838,-13.65,
58,Spannagel cave,731,SPA183,430792,192105.81084575,1822.52715840866,954.501242741622,-13.48,
58,Spannagel cave,731,SPA183,430793,192118.752939083,1845.50959758391,966.640177127148,-13.47,
58,Spannagel cave,731,SPA183,430794,192131.695032416,1868.01169049478,977.677556577401,-13.31,
58,Spannagel cave,730,SPA146,430182,192140.586347322,4893.63534224854,3006.03545482564,-14.23,
58,Spannagel cave,731,SPA183,430795,192145.023432216,1889.49641023885,988.451647953218,-13.47,
58,Spannagel cave,731,SPA183,430796,192157.586601427,1911.57179822872,998.46050873975,-13.39,
58,Spannagel cave,731,SPA183,430797,192171.042862094,1932.66482986693,1010.58147139763,-13.48,
58,Spannagel cave,729,SPA121_2021,428758,192176.133215403,1626.77797363806,1741.62775196368,-12.25494995096,4.58253319420662
58,Spannagel cave,731,SPA183,430798,192184.499122761,1953.75786150512,1023.1641843679,-13.59,
58,Spannagel cave,730,SPA146,430183,192197.610006332,4968.80049342132,3055.51201103945,-14.14,
58,Spannagel cave,731,SPA183,430799,192198.336924638,1974.46935193252,1035.28126370886,-13.54,
58,Spannagel cave,731,SPA183,430800,192211.70823554,1995.64733333554,1047.97162165993,-13.59,
58,Spannagel cave,731,SPA183,430801,192224.339214177,2017.56564700359,1060.02700262557,-13.61,
58,Spannagel cave,731,SPA183,430802,192237.848153076,2038.60600041051,1073.04944751586,-13.55,
58,Spannagel cave,731,SPA183,430803,192251.282388843,2059.7210569485,1084.88206611687,-13.63,
58,Spannagel cave,730,SPA146,430184,192253.335756188,5052.0636780115,3103.56535335662,-14.11,
58,Spannagel cave,731,SPA183,430804,192264.768647802,2082.0362443972,1096.31019220245,-13.62,
58,Spannagel cave,731,SPA183,430805,192278.069840909,2103.53033567895,1107.55325243514,-13.7,
58,Spannagel cave,731,SPA183,430806,192291.081769191,2126.13198645806,1118.50704784284,-13.64,
58,Spannagel cave,731,SPA183,430807,192304.374725262,2148.58758104351,1130.34333989967,-13.57,
58,Spannagel cave,730,SPA146,430185,192309.12051782,5131.54764270206,3151.50892663942,-14.06,
58,Spannagel cave,731,SPA183,430808,192317.975584009,2170.40917402707,1142.98548068714,-13.54,
58,Spannagel cave,729,SPA121_2021,428759,192328.808407977,1548.75641828758,1661.03240399566,-12.0658137416764,4.57201885260342
58,Spannagel cave,731,SPA183,430809,192331.753438824,2192.04364014941,1155.63335837261,-13.43,
58,Spannagel cave,731,SPA183,430810,192342.959317893,2210.93823387774,1165.58837732105,-13.48,
58,Spannagel cave,731,SPA183,430811,192353.715511,2230.28251356818,1175.9932266119,-13.42,
58,Spannagel cave,731,SPA183,430812,192364.225710572,2249.87278679339,1185.52718070918,-13.44,
58,Spannagel cave,730,SPA146,430186,192365.406432264,5210.36097732835,3199.97760015615,-14.04,
58,Spannagel cave,731,SPA183,430813,192374.992093197,2269.20687696559,1194.8653457918,-13.26,
58,Spannagel cave,731,SPA183,430814,192386.440423358,2287.85901960166,1205.66310365696,-13.36,
58,Spannagel cave,731,SPA183,430815,192397.999071704,2306.40084405249,1216.54935436905,-13.44,
58,Spannagel cave,731,SPA183,430816,192409.664841308,2324.83554724546,1227.12812035248,-13.44,
58,Spannagel cave,731,SPA183,430817,192421.196185126,2343.40379636514,1237.56882703165,-13.6,
58,Spannagel cave,730,SPA146,430187,192421.692346709,5289.17431195476,3248.4462736728,-14.14,
58,Spannagel cave,731,SPA183,430818,192432.509581419,2361.74258813853,1247.59438225429,-13.63,
58,Spannagel cave,731,SPA183,430820,192453.313152312,2400.24339338028,1265.96458937321,-13.54,
58,Spannagel cave,731,SPA183,430821,192464.230724126,2418.97800963389,1275.73115288565,-13.68,
58,Spannagel cave,729,SPA121_2021,428760,192467.237261583,1491.84460025985,1593.93476794806,-12.1580860970422,4.52448202643899
58,Spannagel cave,731,SPA183,430822,192475.318297477,2437.54262434965,1285.68582257739,-13.76,
58,Spannagel cave,730,SPA146,430188,192477.836762839,5368.12914489579,3296.77344887482,-14.01,
58,Spannagel cave,731,SPA183,430823,192486.405870828,2456.1072390654,1296.24869079745,-13.61,
58,Spannagel cave,731,SPA183,430824,192497.49344418,2474.6718537811,1306.61923631409,-13.62,
58,Spannagel cave,731,SPA183,430825,192508.581017531,2493.23646849682,1316.92129098807,-13.71,
58,Spannagel cave,731,SPA183,430826,192519.668590883,2511.80108321254,1327.17760325389,-13.69,
58,Spannagel cave,731,SPA183,430827,192530.756164234,2530.36569792827,1337.34153014497,-13.58,
58,Spannagel cave,730,SPA146,430189,192532.816666916,5448.24848988981,3343.93611202383,-14.03,
58,Spannagel cave,731,SPA183,430828,192541.843737586,2548.93031264399,1347.50545703599,-13.71,
58,Spannagel cave,731,SPA183,430829,192552.931310937,2567.49492735972,1357.66656396177,-13.45,
58,Spannagel cave,731,SPA183,430830,192563.957687691,2586.12073867297,1367.47866925018,-13.53,
58,Spannagel cave,731,SPA183,430832,192585.695036505,2623.68776599361,1386.71156394441,-13.46,
58,Spannagel cave,730,SPA146,430190,192589.744870205,5526.41953567232,3393.04707438438,-14.02,
58,Spannagel cave,731,SPA183,430833,192596.563710912,2642.47127965395,1396.32801129151,-13.17,
58,Spannagel cave,731,SPA183,430834,192607.432385319,2661.25479331429,1406.30552650543,-13.39,
58,Spannagel cave,731,SPA183,430835,192618.301059725,2680.0383069746,1416.0397722332,-13.44,
58,Spannagel cave,729,SPA121_2021,428761,192627.578814633,1425.77140780419,1529.50518368211,-12.1134769642928,4.55182036052709
58,Spannagel cave,731,SPA183,430836,192629.169734132,2698.82182063491,1425.68467329443,-13.51,
58,Spannagel cave,731,SPA183,430837,192640.038408539,2717.60533429528,1435.32957435562,-13.51,
58,Spannagel cave,730,SPA146,430191,192646.621767967,5604.641886981,3441.8027435109,-14.27,
58,Spannagel cave,731,SPA183,430838,192651.079150785,2736.21678011667,1445.14654325575,-13.56,
58,Spannagel cave,731,SPA183,430839,192662.50682371,2754.44129525931,1455.35044283464,-13.61,
58,Spannagel cave,731,SPA183,430840,192673.934496634,2772.66581040199,1465.5543424135,-13.65,
58,Spannagel cave,731,SPA183,430841,192684.951539956,2791.30095514705,1475.34761238997,-13.73,
58,Spannagel cave,731,SPA183,430842,192695.658074912,2810.24660825849,1484.59401116159,-13.65,
58,Spannagel cave,730,SPA146,430192,192703.121918933,5683.24098508648,3490.08343525601,-14.21,
58,Spannagel cave,731,SPA183,430843,192706.364609868,2829.19226136996,1493.55123725248,-13.47,
58,Spannagel cave,731,SPA183,430844,192717.094627628,2848.11443167666,1502.88482464003,-13.52,
58,Spannagel cave,731,SPA183,430845,192727.939899948,2866.92134742398,1512.6009434782,-13.6,
58,Spannagel cave,731,SPA183,430846,192738.901111271,2885.61232416818,1522.35389803583,-13.63,
58,Spannagel cave,731,SPA183,430847,192749.388624094,2904.77699941242,1531.58199557214,-13.62,
58,Spannagel cave,730,SPA146,430193,192759.407833378,5762.05431971283,3538.14989048027,-14.28,
58,Spannagel cave,731,SPA183,430848,192760.258924278,2923.55888729601,1541.19288046911,-13.7,
58,Spannagel cave,729,SPA121_2021,428762,192768.02956127,1383.36847554881,1469.87830515043,-12.1992724837439,4.4941116868345
58,Spannagel cave,731,SPA183,430849,192771.295984583,2942.17401505771,1550.970525488,-13.56,
58,Spannagel cave,731,SPA183,430850,192782.391393664,2960.73079404418,1560.80651928208,-13.67,
58,Spannagel cave,731,SPA183,430851,192793.221825531,2979.55255024368,1570.37753586314,-13.79,
58,Spannagel cave,731,SPA183,430852,192804.001611565,2998.42495227733,1579.89790661004,-13.7,
58,Spannagel cave,731,SPA183,430853,192814.781397599,3017.29735431101,1589.52635792099,-13.62,
58,Spannagel cave,730,SPA146,430194,192816.347282857,5840.93406559524,3586.86988073908,-14.13,
58,Spannagel cave,731,SPA183,430854,192825.561183632,3036.16975634464,1599.20040516541,-13.72,
58,Spannagel cave,731,SPA183,430855,192836.340969666,3055.04215837835,1608.8744524098,-13.63,
58,Spannagel cave,731,SPA183,430856,192847.120755699,3073.91456041197,1618.54849965425,-13.62,
58,Spannagel cave,731,SPA183,430857,192857.912793703,3092.77471047506,1628.11496334616,-13.77,
58,Spannagel cave,731,SPA183,430858,192868.730627689,3111.60906455631,1637.41742658231,-13.55,
58,Spannagel cave,730,SPA146,430195,192873.041884786,5921.02251812952,3635.37624458893,-14.28,
58,Spannagel cave,731,SPA183,430859,192879.548461675,3130.44341863759,1646.57743222345,-13.26,
58,Spannagel cave,731,SPA183,430860,192890.366295661,3149.66473591235,1656.10061519555,-13.47,
58,Spannagel cave,731,SPA183,430861,192901.184129647,3168.96858676997,1665.65373183781,-13.55,
58,Spannagel cave,729,SPA121_2021,428763,192910.20067789,1345.25811615583,1407.01120314669,-12.2083899164161,4.52117211149878
58,Spannagel cave,731,SPA183,430862,192912.083610155,3188.21010499066,1675.7374093004,-13.62,
58,Spannagel cave,731,SPA183,430863,192923.328284645,3207.59044425981,1685.99375772625,-13.59,
58,Spannagel cave,730,SPA146,430196,192928.432171203,6002.41528617521,3682.86976732925,-14.09,
58,Spannagel cave,731,SPA183,430864,192934.617162323,3226.92658033944,1696.11068150497,-13.46,
58,Spannagel cave,731,SPA183,430865,192945.906040002,3246.26271641909,1706.14224077924,-13.51,
58,Spannagel cave,731,SPA183,430866,192957.19491768,3265.59885249875,1716.17380005348,-13.43,
58,Spannagel cave,731,SPA183,430867,192968.483795359,3284.93498857843,1726.20535932772,-13.52,
58,Spannagel cave,731,SPA183,430868,192979.772673038,3304.27112465806,1736.23691860194,-13.56,
58,Spannagel cave,731,SPA183,430869,192991.061550716,3323.60726073771,1746.2684778762,-13.55,
58,Spannagel cave,731,SPA183,430870,193002.335318237,3342.95850697518,1756.35989960446,-13.5,
58,Spannagel cave,731,SPA183,430871,193013.342730008,3362.57610896247,1766.3580304374,-13.33,
58,Spannagel cave,731,SPA183,430872,193024.350141779,3382.19371094974,1776.35616127038,-13.28,
58,Spannagel cave,731,SPA183,430873,193035.35755355,3401.81131293706,1786.35429210326,-13.53,
58,Spannagel cave,731,SPA183,430874,193046.364965321,3421.42891492439,1796.35242293621,-13.66,
58,Spannagel cave,731,SPA183,430875,193057.372377092,3441.04651691165,1806.35055376918,-13.79,
58,Spannagel cave,731,SPA183,430876,193068.379788863,3460.664118899,1816.21965256543,-13.75,
58,Spannagel cave,729,SPA121_2021,428764,193068.87290793,1281.96843877618,1354.0159553343,-12.2057323547007,4.57100112966808
58,Spannagel cave,731,SPA183,430877,193079.387200634,3480.2817208863,1826.04706230835,-13.64,
58,Spannagel cave,731,SPA183,430878,193090.394612405,3499.89932287359,1835.87447205125,-13.58,
58,Spannagel cave,731,SPA183,430879,193101.402024176,3519.51692486092,1845.65052898726,-13.69,
58,Spannagel cave,731,SPA183,430880,193112.409435947,3539.13452684824,1855.40142299415,-13.93,
58,Spannagel cave,731,SPA183,430881,193123.416847718,3558.75212883551,1865.15231700105,-13.58,
58,Spannagel cave,731,SPA183,430882,193134.424259489,3578.3697308228,1874.74570284825,-13.54,
58,Spannagel cave,731,SPA183,430883,193145.43167126,3597.9499673399,1884.31024451039,-13.52,
58,Spannagel cave,731,SPA183,430884,193156.439083031,3617.49721846636,1894.12829851269,-13.56,
58,Spannagel cave,731,SPA183,430885,193167.144110835,3637.34685355981,1903.87232840934,-13.64,
58,Spannagel cave,731,SPA183,430886,193177.919843202,3657.1257840897,1913.58753367868,-13.5,
58,Spannagel cave,731,SPA183,430887,193188.741860688,3676.85842950194,1923.23806967065,-13.46,
58,Spannagel cave,731,SPA183,430888,193199.563878173,3696.59107491418,1932.88860566265,-13.6,
58,Spannagel cave,731,SPA183,430889,193210.385895658,3716.32372032641,1942.53914165468,-13.65,
58,Spannagel cave,729,SPA121_2021,428765,193212.253602297,1259.78665725337,1324.89912589433,-12.2238862234528,4.64215153836658
58,Spannagel cave,731,SPA183,430890,193221.207913143,3736.05636573868,1952.18967764665,-13.69,
58,Spannagel cave,731,SPA183,430891,193232.029930629,3755.78901115092,1961.77076831734,-13.51,
58,Spannagel cave,731,SPA183,430892,193242.851948114,3775.52165656316,1971.28774046412,-13.49,
58,Spannagel cave,731,SPA183,430893,193253.673965599,3795.25430197542,1980.80471261084,-13.43,
58,Spannagel cave,731,SPA183,430894,193264.495983084,3814.9869473876,1989.91111063585,-13.24,
58,Spannagel cave,731,SPA183,430895,193275.31800057,3834.7195927999,1999.53638318097,-13.26,
58,Spannagel cave,731,SPA183,430896,193286.140018055,3854.45223821211,2009.17269199251,-13.24,
58,Spannagel cave,731,SPA183,430897,193296.96203554,3874.18488362434,2019.25968435514,-13.41,
58,Spannagel cave,731,SPA183,430898,193307.88425361,3893.81732845199,2029.10586149601,-13.44,
58,Spannagel cave,731,SPA183,430899,193319.223015755,3913.03322920421,2039.36858271225,-13.55,
58,Spannagel cave,731,SPA183,430900,193330.588528924,3932.12375933255,2049.65805495251,-13.31,
58,Spannagel cave,731,SPA183,430901,193341.845783846,3950.73999745198,2060.26220003382,-13.43,
58,Spannagel cave,729,SPA121_2021,428766,193351.091508225,1212.20065728913,1281.66010231015,-12.0707142884583,5.22615357952152
58,Spannagel cave,731,SPA183,430902,193352.83833549,3969.62093884929,2070.93126137825,-13.33,
58,Spannagel cave,731,SPA183,430903,193363.830887134,3988.50188024656,2081.51142457282,-13.37,
58,Spannagel cave,731,SPA183,430904,193374.823438778,4007.38282164387,2092.08504535304,-13.39,
58,Spannagel cave,731,SPA183,430907,193408.040879532,4063.78586001325,2124.03154865309,-13.25,
58,Spannagel cave,731,SPA183,430908,193419.360085525,4082.34014706177,2134.77190061411,-13.2,
58,Spannagel cave,731,SPA183,430909,193430.679291518,4100.89443411026,2145.04701085194,-13.12,
58,Spannagel cave,731,SPA183,430910,193441.998497511,4119.44872115878,2155.31276990793,-13.37,
58,Spannagel cave,731,SPA183,430911,193455.315210443,4141.27729415701,2167.30062472553,-13.37,
58,Spannagel cave,731,SPA183,430912,193468.561786729,4163.17600380239,2179.25742971964,-13.38,
58,Spannagel cave,731,SPA183,430913,193481.33740734,4185.54566912155,2190.84577094039,-13.35,
58,Spannagel cave,731,SPA183,430914,193494.113027952,4207.91533444074,2202.43411216108,-13.3,
58,Spannagel cave,729,SPA121_2021,428767,193499.510230146,1165.0166548556,1235.47140375999,-11.8622379213484,5.92300394344721
58,Spannagel cave,731,SPA183,430915,193506.888648564,4230.28499975987,2214.00617427466,-13.32,
58,Spannagel cave,731,SPA183,430916,193519.664269176,4252.5769746798,2225.5424455491,-13.19,
58,Spannagel cave,731,SPA183,430917,193532.439889787,4274.85768222439,2237.07871682348,-13.29,
58,Spannagel cave,731,SPA183,430918,193545.215510399,4297.13838976898,2248.61498809789,-13.37,
58,Spannagel cave,731,SPA183,430919,193558.467670355,4318.94255796913,2260.62779871671,-13.2,
58,Spannagel cave,731,SPA183,430920,193571.773960219,4340.69259626098,2272.69473924383,-13.15,
58,Spannagel cave,731,SPA183,430921,193585.080250084,4362.4426345528,2284.76167977098,-13.2,
58,Spannagel cave,731,SPA183,430922,193598.223607099,4384.35560569429,2296.66568744849,-13.38,
58,Spannagel cave,731,SPA183,430923,193611.133393423,4406.50214752636,2308.33612443536,-13.36,
58,Spannagel cave,731,SPA183,430924,193624.043179747,4428.64868935841,2320.00656142231,-13.22,
58,Spannagel cave,731,SPA183,430925,193637.173478617,4450.57471864487,2332.02891622554,-13.08,
58,Spannagel cave,731,SPA183,430926,193650.631508445,4472.17301697296,2344.56054306147,-13.14,
58,Spannagel cave,729,SPA121_2021,428768,193655.154588778,1158.4960987957,1197.94575947546,-11.7754797765883,6.49606349872394
58,Spannagel cave,731,SPA183,430927,193664.03922311,4493.82163046423,2357.04185473415,-13.26,
58,Spannagel cave,731,SPA183,430928,193677.446937775,4515.47024395558,2369.52316640681,-13.21,
58,Spannagel cave,731,SPA183,430929,193690.85465244,4537.11885744694,2382.00447807947,-13.3,
58,Spannagel cave,731,SPA183,430930,193704.262367105,4558.76747093827,2394.39816412548,-13.47,
58,Spannagel cave,731,SPA183,430931,193717.67008177,4580.41608442963,2406.44377675996,-13.49,
58,Spannagel cave,731,SPA183,430932,193731.077796435,4602.06469792096,2418.48938939447,-13.54,
58,Spannagel cave,731,SPA183,430933,193744.4855111,4623.71331141228,2430.52666874378,-13.51,
58,Spannagel cave,731,SPA183,430934,193757.893225765,4645.36192490364,2442.46674406173,-13.47,
58,Spannagel cave,731,SPA183,430935,193771.30094043,4667.01053839494,2454.4068193798,-13.41,
58,Spannagel cave,731,SPA183,430936,193784.67459805,4688.69320893046,2466.31283765362,-13.41,
58,Spannagel cave,731,SPA183,430937,193797.980887915,4710.44324722231,2478.15148817108,-13.54,
58,Spannagel cave,729,SPA121_2021,428769,193804.857852471,1155.85548651073,1178.4996245545,-11.6843784333161,6.99676677042625
58,Spannagel cave,731,SPA183,430938,193811.287177779,4732.19328551413,2489.99013868856,-13.6,
58,Spannagel cave,731,SPA183,430939,193824.593467644,4753.94332380599,2501.82878920608,-13.65,
58,Spannagel cave,731,SPA183,430940,193837.899757508,4775.69336209781,2513.66743972356,-13.63,
58,Spannagel cave,731,SPA183,430941,193851.206047373,4797.44340038969,2525.50609024102,-13.62,
58,Spannagel cave,731,SPA183,430942,193864.512337237,4819.17633586776,2537.34716779704,-13.61,
58,Spannagel cave,731,SPA183,430943,193877.818627102,4840.8460945469,2549.34524357339,-13.57,
58,Spannagel cave,731,SPA183,430944,193891.124916966,4862.51585322598,2561.34331934981,-13.49,
58,Spannagel cave,731,SPA183,430945,193904.43120683,4884.18561190509,2573.34139512622,-13.47,
58,Spannagel cave,731,SPA183,430946,193917.700207605,4905.89265967373,2585.30218181305,-13.39,
58,Spannagel cave,731,SPA183,430947,193930.824879773,4927.74403604935,2597.02070013931,-13.44,
58,Spannagel cave,731,SPA183,430948,193943.949551941,4949.59541242494,2608.64905839064,-13.55,
58,Spannagel cave,731,SPA183,430949,193957.074224109,4971.44678880056,2620.27741664191,-13.64,
58,Spannagel cave,729,SPA121_2021,428770,193960.025854431,1137.95192686495,1170.87632347367,-11.798246520597,5.84783622809819
58,Spannagel cave,731,SPA183,430950,193970.198896277,4993.29816517618,2631.90577489321,-13.65,
58,Spannagel cave,731,SPA183,430951,193983.323568445,5015.14954155177,2643.53413314454,-13.7,
58,Spannagel cave,731,SPA183,430952,193996.448240613,5037.21273822815,2655.16249139587,-13.69,
58,Spannagel cave,731,SPA183,430953,194009.572912781,5059.44506273401,2666.79084964716,-13.6,
58,Spannagel cave,731,SPA183,430954,194022.697584949,5081.67738723982,2678.41920789849,-13.69,
58,Spannagel cave,731,SPA183,430955,194035.822257117,5103.90971174563,2690.04756614979,-13.59,
58,Spannagel cave,731,SPA183,430956,194048.946929285,5126.14203625146,2701.79535352835,-13.4,
58,Spannagel cave,731,SPA183,430957,194062.071601453,5148.37436075727,2714.04067672777,-13.46,
58,Spannagel cave,731,SPA183,430958,194075.196273621,5170.60668526308,2726.28599992723,-13.4,
58,Spannagel cave,731,SPA183,430959,194088.320945788,5192.83900976894,2738.53132312672,-13.45,
58,Spannagel cave,731,SPA183,430960,194101.445617956,5215.07133427475,2750.77664632618,-13.49,
58,Spannagel cave,729,SPA121_2021,428771,194104.154937736,1165.29143926559,1184.5738494361,-11.8565027558254,4.80721745762862
58,Spannagel cave,731,SPA183,430961,194114.570290124,5237.30365878055,2763.02196952561,-13.44,
58,Spannagel cave,731,SPA183,430962,194127.694962292,5259.53598328639,2775.0398438237,-13.31,
58,Spannagel cave,731,SPA183,430963,194140.81963446,5281.76830779223,2786.96517807088,-13.1,
58,Spannagel cave,731,SPA183,430965,194167.068978796,5326.23295680387,2810.81584656535,-12.87,
58,Spannagel cave,731,SPA183,430966,194180.193650964,5348.46528130968,2822.74118081256,-12.91,
58,Spannagel cave,731,SPA183,430967,194193.318323132,5370.69760581548,2834.66651505977,-12.91,
58,Spannagel cave,731,SPA183,430970,194232.692339636,5437.39457933299,2870.44251780142,-13.18,
58,Spannagel cave,731,SPA183,430971,194245.817011804,5459.62690383877,2882.36785204866,-13.17,
58,Spannagel cave,729,SPA121_2021,428772,194258.337415469,1170.98737161406,1214.028523252,-11.9573182216828,3.39489558680654
58,Spannagel cave,731,SPA183,430972,194258.941683972,5481.85922834461,2894.29318629586,-13.26,
58,Spannagel cave,731,SPA183,430973,194272.06635614,5504.09155285047,2906.21127793138,-13.49,
58,Spannagel cave,731,SPA183,430974,194285.191028307,5526.32387735628,2917.97198129783,-13.52,
58,Spannagel cave,731,SPA183,430975,194298.315700475,5548.55620186214,2929.73268466428,-13.3,
58,Spannagel cave,731,SPA183,430976,194311.440372643,5570.78852636792,2941.49338803074,-13.32,
58,Spannagel cave,731,SPA183,430977,194324.565044811,5593.02085087376,2953.25409139722,-13.27,
58,Spannagel cave,731,SPA183,430979,194350.814389147,5637.48549988543,2976.7754981301,-13.45,
58,Spannagel cave,731,SPA183,430980,194363.939061315,5659.71782439123,2988.53620149661,-13.4,
58,Spannagel cave,731,SPA183,430981,194377.063733483,5681.95014889707,3000.29690486303,-13.23,
58,Spannagel cave,731,SPA183,430982,194390.188405651,5704.18247340291,3011.73654032935,-13.25,
58,Spannagel cave,731,SPA183,430983,194403.313077819,5726.41479790871,3023.04895520449,-12.99,
58,Spannagel cave,729,SPA121_2021,428773,194404.823451916,1220.01269183456,1252.06577138821,-11.9366938579958,2.39296168680652
58,Spannagel cave,731,SPA183,430984,194416.437749987,5748.64712241455,3034.36137007966,-13.08,
58,Spannagel cave,731,SPA183,430985,194429.562422155,5770.87944692036,3045.67378495485,-13.09,
58,Spannagel cave,731,SPA183,430986,194442.687094323,5793.11177142619,3056.98619983002,-13.08,
58,Spannagel cave,731,SPA183,430987,194455.822207879,5815.33365454336,3068.30905609386,-12.96,
58,Spannagel cave,731,SPA183,430988,194469.05406932,5837.45878977655,3079.72866024167,-13.14,
58,Spannagel cave,731,SPA183,430989,194482.28593076,5859.58392500973,3091.5472800915,-13.21,
58,Spannagel cave,731,SPA183,430990,194495.517792201,5881.70906024289,3103.80085422337,-13.18,
58,Spannagel cave,731,SPA183,430991,194508.708250635,5903.87559848273,3116.0130253486,-12.9,
58,Spannagel cave,731,SPA183,430992,194521.805439752,5926.13540603977,3128.13192715659,-12.97,
58,Spannagel cave,731,SPA183,430993,194534.912019108,5948.38582335736,3140.26021920406,-12.8,
58,Spannagel cave,729,SPA121_2021,428774,194544.452550612,1268.11485888591,1255.73670791756,-11.9224801016688,1.7865958682734
58,Spannagel cave,731,SPA183,430994,194548.018598464,5970.63624067497,3152.38851125154,-12.81,
58,Spannagel cave,731,SPA183,430995,194561.12517782,5992.88665799252,3164.51680329902,-12.8,
58,Spannagel cave,731,SPA183,430996,194574.231757176,6015.13707531011,3176.64509534647,-12.93,
58,Spannagel cave,731,SPA183,430997,194587.338336532,6037.38749262769,3188.77338739394,-13.05,
58,Spannagel cave,731,SPA183,430998,194600.444915889,6059.6379099453,3200.90167944139,-12.99,
58,Spannagel cave,731,SPA183,430999,194613.465310696,6081.97451181206,3212.94378693964,-12.99,
58,Spannagel cave,731,SPA183,431000,194626.348015108,6104.44880407336,3224.84820404343,-13.03,
58,Spannagel cave,731,SPA183,431001,194639.230719521,6126.92309633459,3236.75262114726,-12.98,
58,Spannagel cave,731,SPA183,431002,194652.261127364,6149.24968516521,3248.80474168167,-13.01,
58,Spannagel cave,731,SPA183,431003,194665.311388884,6171.55642031823,3260.63919952264,-12.92,
58,Spannagel cave,731,SPA183,431004,194678.361650405,6193.86315547116,3272.25804711523,-13.03,
58,Spannagel cave,729,SPA121_2021,428775,194689.927647187,1311.08064976946,1299.91502842831,-11.5631644614732,1.8118556463199
58,Spannagel cave,731,SPA183,431005,194691.411911926,6216.16989062409,3283.80290743621,-13.12,
58,Spannagel cave,731,SPA183,431006,194704.462173447,6238.47662577708,3295.34776775714,-13.23,
58,Spannagel cave,731,SPA183,431007,194717.512434968,6260.78336093004,3306.89262807809,-13.12,
58,Spannagel cave,731,SPA183,431008,194730.562696489,6283.09009608295,3318.43748839904,-13.13,
58,Spannagel cave,731,SPA183,431009,194743.612958009,6305.39683123596,3329.98234871996,-12.84,
58,Spannagel cave,731,SPA183,431010,194756.66321953,6327.7035663889,3341.52720904094,-12.69,
58,Spannagel cave,731,SPA183,431011,194769.713481051,6350.01030154183,3353.07206936189,-12.79,
58,Spannagel cave,731,SPA183,431012,194782.763742572,6372.31703669482,3364.61692968284,-12.69,
58,Spannagel cave,731,SPA183,431013,194795.98369818,6394.45407776034,3376.33148409121,-12.84,
58,Spannagel cave,731,SPA183,431014,194809.295478806,6416.49929380848,3388.13786351698,-12.94,
58,Spannagel cave,731,SPA183,431015,194822.352738771,6438.79903051656,3399.68972228281,-12.87,
58,Spannagel cave,731,SPA183,431016,194835.370368105,6461.13839785694,3411.20195041632,-12.99,
58,Spannagel cave,731,SPA183,431017,194848.387997438,6483.47776519725,3422.71417854994,-12.79,
58,Spannagel cave,729,SPA121_2021,428776,194852.573052941,1346.95702942932,1363.90882182532,-11.4496464341378,1.65900215905279
58,Spannagel cave,731,SPA183,431018,194861.405626771,6505.8171325376,3434.22640668351,-12.61,
58,Spannagel cave,731,SPA183,431019,194874.423256105,6528.15649987795,3445.73863481704,-12.6,
58,Spannagel cave,731,SPA183,431020,194887.440885438,6550.49586721833,3457.25086295058,-12.46,
58,Spannagel cave,731,SPA183,431021,194900.504123921,6572.78962540918,3468.80870023364,-12.64,
58,Spannagel cave,731,SPA183,431022,194913.739285847,6594.91146015681,3480.76192793061,-12.72,
58,Spannagel cave,729,SPA121_2021,428777,194913.898588997,1310.49334290103,1325.44967037876,-11.4749673576317,1.63582679352016
58,Spannagel cave,731,SPA183,431023,194926.987858379,6616.8293789638,3492.79765972361,-12.89,
58,Spannagel cave,731,SPA183,431024,194940.273745304,6638.59836854995,3504.87070591043,-12.98,
58,Spannagel cave,731,SPA183,431025,194953.559632229,6660.36735813611,3516.94375209723,-12.93,
58,Spannagel cave,731,SPA183,431026,194966.845519155,6682.13634772226,3529.01679828402,-12.99,
58,Spannagel cave,729,SPA121_2021,428778,194976.469088913,1271.41773890617,1292.23802522433,-11.3658990953323,1.82802436669786
58,Spannagel cave,731,SPA183,431027,194980.13140608,6703.90533730842,3541.0898444709,-12.99,
58,Spannagel cave,731,SPA183,431028,194993.417293005,6725.67432689451,3553.16289065772,-12.83,
58,Spannagel cave,731,SPA183,431029,195006.59033296,6747.55616345146,3565.12308987373,-12.72,
58,Spannagel cave,731,SPA183,431030,195019.461066976,6769.74030594627,3576.78098315193,-12.47,
58,Spannagel cave,731,SPA183,431031,195032.331800993,6791.92444844104,3588.4388764301,-12.66,
58,Spannagel cave,729,SPA121_2021,428779,195038.070431242,1232.98544816766,1253.72238725092,-11.2671507349219,1.93731362136506
58,Spannagel cave,731,SPA183,431032,195045.20253501,6814.10859093579,3600.0967697083,-12.67,
58,Spannagel cave,731,SPA183,431033,195058.073269026,6836.2927334306,3611.75466298652,-12.6,
58,Spannagel cave,731,SPA183,431034,195070.978745254,6858.44213371421,3623.4472984758,-12.58,
58,Spannagel cave,731,SPA183,431035,195083.934973427,6880.54078205282,3635.15401334397,-12.95,
58,Spannagel cave,731,SPA183,431036,195096.8912016,6902.6394303914,3646.8482142154,-12.92,
58,Spannagel cave,729,SPA121_2021,428780,195098.384866809,1193.2745544315,1214.37488350814,-11.3453465283037,1.73732255538049
58,Spannagel cave,731,SPA183,431037,195109.847429773,6924.73807873001,3658.54241508676,-12.84,
58,Spannagel cave,731,SPA183,431038,195122.909217868,6946.73116714589,3670.34217588088,-12.86,
58,Spannagel cave,731,SPA183,431039,195136.063066357,6968.63219516855,3682.23399706819,-12.84,
58,Spannagel cave,731,SPA183,431040,195149.216914846,6990.53322319125,3694.12581825553,-12.88,
58,Spannagel cave,729,SPA121_2021,428781,195158.223142056,1157.55802501724,1178.59302969897,-11.3746452654541,1.72921914453622
58,Spannagel cave,731,SPA183,431041,195162.370763334,7012.43425121388,3706.01763944281,-12.88,
58,Spannagel cave,731,SPA183,431042,195175.524611823,7034.33527923658,3717.90946063015,-12.99,
58,Spannagel cave,731,SPA183,431043,195188.678460312,7056.2363072593,3729.80128181746,-12.96,
58,Spannagel cave,731,SPA183,431044,195201.832308801,7078.13733528196,3741.69310300471,-12.9,
58,Spannagel cave,731,SPA183,431045,195214.986157289,7100.03836330466,3753.53346027987,-12.93,
58,Spannagel cave,729,SPA121_2021,428782,195217.675746521,1117.08573063873,1136.53503750131,-11.3895498864078,1.59856840034556
58,Spannagel cave,731,SPA183,431046,195228.140005778,7121.93939132732,3765.15039550222,-12.96,
58,Spannagel cave,731,SPA183,431047,195241.293854267,7143.84041934999,3776.76733072457,-12.97,
58,Spannagel cave,731,SPA183,431048,195254.447702756,7165.74144737268,3788.38426594695,-12.99,
58,Spannagel cave,731,SPA183,431049,195267.601551244,7187.64247539538,3800.00120116927,-13.11,
58,Spannagel cave,729,SPA121_2021,428783,195277.439422443,1078.21699381035,1101.39620315254,-11.295169877433,1.70315015203169
58,Spannagel cave,731,SPA183,431050,195280.755399733,7209.54350341804,3811.61813639163,-13.18,
58,Spannagel cave,731,SPA183,431051,195293.909248222,7231.44453144071,3823.23507161398,-13.32,
58,Spannagel cave,731,SPA183,431052,195307.063096711,7253.34555946343,3834.85200683627,-13.17,
58,Spannagel cave,731,SPA183,431053,195320.216945199,7275.24658748612,3846.46894205862,-13.21,
58,Spannagel cave,731,SPA183,431054,195333.370793688,7297.14761550879,3858.08587728097,-13.18,
58,Spannagel cave,729,SPA121_2021,428784,195336.771097616,1041.83403386016,1061.68715490928,-11.3999570152783,1.55443956504534
58,Spannagel cave,731,SPA183,431055,195346.524642177,7319.04864353145,3869.70281250332,-13.05,
58,Spannagel cave,731,SPA183,431056,195359.678490666,7340.94967155415,3881.31974772568,-13.15,
58,Spannagel cave,731,SPA183,431057,195372.832339154,7362.85069957678,3892.93668294803,-13.12,
58,Spannagel cave,731,SPA183,431058,195385.986187643,7384.75172759951,3904.92000084461,-13.2,
58,Spannagel cave,731,SPA183,431059,195399.140036132,7406.65275562223,3917.0114180588,-13.14,
58,Spannagel cave,729,SPA121_2021,428785,195399.929191288,1000.13125759581,1024.99437048781,-11.3042457710249,1.60063640837046
58,Spannagel cave,731,SPA183,431060,195412.293884621,7428.55378364483,3929.10283527305,-13.02,
58,Spannagel cave,731,SPA183,431061,195425.447733109,7450.45481166756,3941.19425248727,-13.1,
58,Spannagel cave,731,SPA183,431062,195438.601581598,7472.35583969022,3953.28566970146,-13.09,
58,Spannagel cave,731,SPA183,431063,195451.755430087,7494.25686771289,3965.37708691569,-13.03,
58,Spannagel cave,729,SPA121_2021,428786,195457.777376407,964.012074310158,988.278210206074,-11.3618047788606,1.59193936100596
58,Spannagel cave,731,SPA183,431064,195464.909278576,7516.15789573555,3977.46850412991,-13.04,
58,Spannagel cave,731,SPA183,431065,195478.063127064,7538.05892375828,3989.55992134413,-13.05,
58,Spannagel cave,731,SPA183,431066,195491.216975553,7559.95995178094,4001.65133855829,-13.03,
58,Spannagel cave,731,SPA183,431067,195504.370824042,7581.86097980361,4013.73327720133,-13.06,
58,Spannagel cave,729,SPA121_2021,428787,195515.932041359,928.880143117189,951.628655819281,-11.2572224472745,1.67406272356035
58,Spannagel cave,731,SPA183,431068,195517.524672531,7603.76200782633,4025.78733476604,-12.95,
58,Spannagel cave,731,SPA183,431069,195530.678521019,7625.66303584896,4037.84139233077,-12.94,
58,Spannagel cave,731,SPA183,431070,195543.832369508,7647.56406387169,4049.89544989547,-12.8,
58,Spannagel cave,731,SPA183,431071,195556.986217997,7669.46509189435,4061.94950746023,-12.86,
58,Spannagel cave,731,SPA183,431072,195570.140066486,7691.36611991702,4074.00356502493,-12.92,
58,Spannagel cave,729,SPA121_2021,428788,195579.136386186,885.886927304935,919.969129696168,-11.1930130392761,1.65504445770222
58,Spannagel cave,731,SPA183,431073,195583.293914974,7713.26714793971,4086.05762258967,-12.97,
58,Spannagel cave,731,SPA183,431074,195596.447763463,7735.1681759624,4098.1116801544,-13.1,
58,Spannagel cave,731,SPA183,431075,195609.601611952,7757.0692039851,4110.08031220615,-12.93,
58,Spannagel cave,731,SPA183,431076,195622.755460441,7778.97023200776,4121.84416082923,-12.86,
58,Spannagel cave,729,SPA121_2021,428789,195639.492467371,848.938443225663,877.909698656294,-11.0596620482466,1.7732763126792
58,Spannagel cave,729,SPA121_2021,428790,195702.068693492,806.536634664022,847.681726069131,-11.04607947407,1.89640317421979
58,Spannagel cave,729,SPA121_2021,428791,195762.623052518,768.093381354411,809.369483343326,-10.9100420097386,1.86449958827403
58,Spannagel cave,729,SPA121_2021,428792,195823.455790183,736.249581168697,772.040615237085,-10.6861037257378,1.97227306434475
58,Spannagel cave,729,SPA121_2021,428793,195884.651444573,698.770680630725,741.217166491959,-10.6704765901509,1.88790787719096
58,Spannagel cave,729,SPA121_2021,428794,195940.193090062,668.222475672315,695.15164894308,-10.5325117928958,1.83950865067571
58,Spannagel cave,729,SPA121_2021,428795,195997.997185565,641.659645559936,660.600638335687,-10.4109325829939,1.64990100610723
58,Spannagel cave,729,SPA121_2021,428796,196058.164393291,602.62411959155,623.425920284382,-10.2836977411466,1.48990341743967
58,Spannagel cave,729,SPA121_2021,428797,196114.179234553,574.170869295951,588.052587890445,-10.1747070229622,1.3644620309002
58,Spannagel cave,729,SPA121_2021,428798,196175.027318491,536.729760977556,562.378231164621,-10.0780312717199,1.34669526134714
58,Spannagel cave,729,SPA121_2021,428799,196233.132568017,503.981860086205,527.943744379911,-9.95936550972759,1.19918639327782
58,Spannagel cave,729,SPA121_2021,428800,196290.65170049,475.969506295078,504.085822376073,-9.94247921663297,1.14868072749948
58,Spannagel cave,729,SPA121_2021,428801,196348.20450008,451.725915312243,476.343384476117,-9.92490670288493,1.12136663478631
58,Spannagel cave,729,SPA121_2021,428802,196406.542035033,422.511612943519,445.160359194851,-9.83167142183454,1.16274070448693
58,Spannagel cave,729,SPA121_2021,428803,196466.111330398,393.819936983928,410.929202156258,-9.70013165309099,1.28507185013831
58,Spannagel cave,729,SPA121_2021,428804,196527.890507196,364.881090578157,380.093183231744,-9.61415681705635,1.24111602036495
58,Spannagel cave,729,SPA121_2021,428805,196587.606310775,333.358529540652,351.701879040542,-9.55720510533306,1.25237975544744
58,Spannagel cave,729,SPA121_2021,428806,196645.545465891,316.498122307996,332.126769630355,-9.37919787181669,1.39487602000548
58,Spannagel cave,729,SPA121_2021,428807,196702.129090741,299.037514443044,308.100038260454,-9.32977745924166,1.5299418520012
58,Spannagel cave,729,SPA121_2021,428808,196762.155868049,280.83223302642,294.804080179427,-9.17346321914394,1.53434712346699
58,Spannagel cave,729,SPA121_2021,428809,196820.678496366,269.352123843943,284.806525369582,-9.00839695459651,1.57468251045711
58,Spannagel cave,729,SPA121_2021,428810,196882.558732237,256.377332575037,275.721275851072,-8.89330324550024,1.49412104689584
58,Spannagel cave,729,SPA121_2021,428811,196942.760373193,261.268885280617,268.573512036208,-8.83545192887706,1.50461813993125
58,Spannagel cave,729,SPA121_2021,428812,196999.928364781,266.530592449999,274.631545398472,-8.79649206719169,1.54526408259049
58,Spannagel cave,729,SPA121_2021,428813,197079.180665925,262.566979290801,270.144121878402,-8.71354436987526,1.7685134387441
58,Spannagel cave,729,SPA121_2021,428814,197160.214443218,257.390791595797,266.975478556938,-8.7900134131563,1.60029703867897
58,Spannagel cave,729,SPA121_2021,428815,197242.548159864,248.925003635231,264.434307895484,-8.81780680208809,1.67657811863371
58,Spannagel cave,729,SPA121_2021,428816,197323.243283249,247.435381061601,259.297544668138,-8.86771616158586,1.65626010889307
58,Spannagel cave,729,SPA121_2021,428817,197403.745558756,240.525754031783,257.220488038816,-8.80901632035075,1.65284253345526
58,Spannagel cave,729,SPA121_2021,428818,197483.682707565,235.438214119931,249.990178096312,-8.6947856183444,1.7832774189842
58,Spannagel cave,729,SPA121_2021,428819,197564.589373649,233.012790023582,244.172902407212,-8.74935915066227,1.69305239759071
58,Spannagel cave,729,SPA121_2021,428820,197643.726990221,229.340771079878,240.275141074701,-8.76601289357002,1.69648217636835
58,Spannagel cave,729,SPA121_2021,428821,197722.810722294,225.180385740154,236.209258238698,-8.67977366824506,1.71850921483507
58,Spannagel cave,729,SPA121_2021,428822,197803.912369647,221.135414459859,232.785049847444,-8.57212978852002,1.68108615144099
58,Spannagel cave,729,SPA121_2021,428823,197885.455437303,215.952776370366,231.755234909535,-8.67232755497534,1.65755358658902
58,Spannagel cave,729,SPA121_2021,428824,197966.037630228,214.284462983487,229.195506609161,-8.63505041337782,1.71700160741137
58,Spannagel cave,729,SPA121_2021,428825,198123.924301306,212.706112975837,223.007036630064,-8.48006170757267,1.72640968912036
58,Spannagel cave,729,SPA121_2021,428826,198203.251680733,212.52543156239,221.473369437066,-8.4264851318614,1.82743705706051
58,Spannagel cave,729,SPA121_2021,428827,198283.343006078,212.860835880856,220.2907289922,-8.49084803724496,1.83714769931808
58,Spannagel cave,729,SPA121_2021,428828,198362.564187584,214.706761297479,218.660181122628,-8.41685923361982,1.89577907851071
58,Spannagel cave,729,SPA121_2021,428829,198443.252071666,213.940637987514,217.635449388297,-8.29335368323654,1.93327690027156
58,Spannagel cave,729,SPA121_2021,428830,198522.150793258,214.138117549097,217.655544256471,-8.31360630576983,2.08273500171201
58,Spannagel cave,729,SPA121_2021,428831,198602.631394557,214.725736108783,218.57809074453,-8.24000359987942,2.06288160162659
58,Spannagel cave,729,SPA121_2021,428832,198682.728539987,215.410177364247,218.346221803164,-8.19587585722442,2.08844163915561
58,Spannagel cave,729,SPA121_2021,428833,198762.137176994,217.008647728304,220.991589698155,-8.30994756436434,2.09253146559523
58,Spannagel cave,729,SPA121_2021,428834,198843.176754669,216.754635368474,224.13669890305,-8.22895244882599,2.06866203340826
58,Spannagel cave,729,SPA121_2021,428835,198923.263441617,215.867442552553,224.892128253152,-8.18218447920642,1.80338175794027
58,Spannagel cave,729,SPA121_2021,428836,199002.898407494,217.585165724042,223.969942861469,-8.30706267440126,1.68834682266704
58,Spannagel cave,729,SPA121_2021,428837,199083.298683983,220.79720539198,229.95789745095,-8.22513723270863,1.55925705958316
58,Spannagel cave,729,SPA121_2021,428838,199162.629355765,225.413369939139,232.250425236183,-8.47638736584011,1.20400064362506
58,Spannagel cave,729,SPA121_2021,428839,199242.865381626,230.325615114067,235.696215492906,-8.50745716470691,0.999043882502324
58,Spannagel cave,729,SPA121_2021,428840,199323.012557689,236.954445286974,238.670584633888,-8.46461807693189,0.883410903366155
58,Spannagel cave,729,SPA121_2021,428841,199403.829466794,242.035967324278,242.318488487334,-8.43834729251865,0.875432602575757
58,Spannagel cave,729,SPA121_2021,428842,199484.270397029,246.554135448154,245.95394213518,-8.51857700919502,0.903422825476714
58,Spannagel cave,729,SPA121_2021,428843,199563.928912523,249.705915722705,247.90271112381,-8.37364756322719,1.12851142344471
58,Spannagel cave,729,SPA121_2021,428844,199643.338675869,255.975616815529,250.277969730378,-8.37379006564977,1.2046381895936
58,Spannagel cave,729,SPA121_2021,428845,199722.023065431,264.967214339442,252.051820514345,-8.28151562564955,1.38682407785808
58,Spannagel cave,729,SPA121_2021,428846,199801.115420752,270.104569821764,256.309805445781,-8.17988853343416,1.57566683238464
58,Spannagel cave,729,SPA121_2021,428847,199881.920994065,273.810412611725,262.55334442202,-8.26270665801235,1.58139404346427
58,Spannagel cave,729,SPA121_2021,428848,199962.261990196,278.433397155895,265.697684829705,-8.20333393281759,1.70088828195297
58,Spannagel cave,729,SPA121_2021,428849,200042.564977662,288.318444785924,272.107391566416,-8.36202266130057,1.59222936611022
58,Spannagel cave,729,SPA121_2021,428850,200123.76050266,293.653851455165,278.34572273845,-8.25933406723624,1.47441554144866
58,Spannagel cave,729,SPA121_2021,428851,200204.883671563,298.553279948508,286.234316855436,-8.51573864431814,1.19447617426289
58,Spannagel cave,729,SPA121_2021,428852,200285.534506156,305.60726348756,293.230034818349,-8.47055217363619,1.15355334772555
58,Spannagel cave,729,SPA121_2021,428853,200366.534012394,311.914310717402,298.197741912911,-8.42759959855734,1.08464932665004
58,Spannagel cave,729,SPA121_2021,428854,200447.030174748,317.676945277984,309.82798824468,-8.43512776703688,1.13267478440264
58,Spannagel cave,729,SPA121_2021,428855,200527.969616277,320.940829018771,318.136748569814,-8.53581290253987,0.945951460455481
58,Spannagel cave,729,SPA121_2021,428856,200608.930779348,325.589775353728,325.762291114632,-8.55046056640627,0.928601076051363
58,Spannagel cave,729,SPA121_2021,428857,200688.512713522,332.559270913451,332.009296260716,-8.55743967251567,0.923713559522778
58,Spannagel cave,729,SPA121_2021,428858,200768.897798811,338.106940079189,337.389180303755,-8.49450046715028,0.936764432727389
58,Spannagel cave,729,SPA121_2021,428859,200850.307514088,344.604429078783,345.214147205843,-8.5901505003347,0.911698690619937
58,Spannagel cave,729,SPA121_2021,428860,200930.671087317,353.174632108276,352.469851479749,-8.67996745446031,0.827578329131297
58,Spannagel cave,729,SPA121_2021,428861,201010.820138787,362.587789123907,359.329425322037,-8.48703439900264,1.4039521152193
58,Spannagel cave,729,SPA121_2021,428862,201048.067260858,352.739833304629,356.778685831174,-8.29873884297753,1.56699914175318
58,Spannagel cave,729,SPA121_2021,428863,201085.167475093,347.533113497891,350.609175980382,-8.46179584765215,1.04118941439354
58,Spannagel cave,729,SPA121_2021,428864,201120.918632459,344.942339566507,345.17170897944,-8.47653091086767,1.08832520108364
58,Spannagel cave,729,SPA121_2021,428865,201158.126439979,342.010058757267,340.02212575794,-8.40061971144875,1.32804815505648
58,Spannagel cave,729,SPA121_2021,428866,201194.865184036,340.832516905619,335.606413473841,-8.07856645110458,2.10764993402393
58,Spannagel cave,729,SPA121_2021,428867,201233.180295326,336.616817570961,333.328639423649,-8.11339280025574,2.23609680283905
58,Spannagel cave,729,SPA121_2021,428868,201270.044536344,331.579772828438,327.963189488393,-8.03818344975249,2.42091419093915
58,Spannagel cave,729,SPA121_2021,428869,201306.926716776,327.985909936251,325.885836172471,-7.94676916492229,2.50278115948397
58,Spannagel cave,729,SPA121_2021,428870,201342.617249054,329.509628204483,321.726521354489,-8.05731982421007,2.53577677875212
58,Spannagel cave,729,SPA121_2021,428871,201380.52184599,326.120828674786,320.278733670624,-8.13231123526508,2.5321378433713
58,Spannagel cave,729,SPA121_2021,428872,201420.708735001,321.356109364802,322.209095075203,-8.10270260126183,2.42866405455234
58,Spannagel cave,729,SPA121_2021,428873,201459.374780958,326.149243873719,325.237251394487,-8.10154158439833,2.37357853582841
58,Spannagel cave,729,SPA121_2021,428874,201494.644079927,326.140314615739,322.878901045769,-8.21130080703213,2.26992775545791
58,Spannagel cave,729,SPA121_2021,428875,201531.289280601,325.179802184721,325.001388078381,-8.07303316319911,2.2916983537727
58,Spannagel cave,729,SPA121_2021,428876,201568.311936228,323.288451794273,324.182515796099,-8.17680901530178,2.28115110817361
58,Spannagel cave,729,SPA121_2021,428877,201606.3880009,320.817276773596,327.125475744368,-8.30380573423684,2.18414785974029
58,Spannagel cave,729,SPA121_2021,428878,201645.360699158,321.858109669673,333.724208805303,-8.31415374010219,2.18292449631982
58,Spannagel cave,729,SPA121_2021,428879,201683.513438359,322.712989247288,334.693775999564,-8.38444608380901,2.09723384247067
58,Spannagel cave,729,SPA121_2021,428880,201721.556631045,321.717536358396,337.538285518269,-8.44804877304285,1.98688440009032
58,Spannagel cave,729,SPA121_2021,428881,201760.115246647,323.894377033343,338.509340178425,-8.64589749475508,1.95648620884992
58,Spannagel cave,729,SPA121_2021,428882,201796.61987814,326.900870342157,336.716042460379,-8.67035133296476,1.92188450271819
58,Spannagel cave,729,SPA121_2021,428883,201832.916123014,329.658990758995,338.083114910376,-8.73188055804069,1.85449666555471
58,Spannagel cave,729,SPA121_2021,428884,201868.730927922,334.113770246971,341.666309380467,-8.76396435927585,1.79577320419559
58,Spannagel cave,729,SPA121_2021,428885,201905.715761368,339.198590099055,343.893422534049,-8.79898942316682,1.82571764282086
58,Spannagel cave,729,SPA121_2021,428886,201942.1911299,345.07789208545,342.783259591,-8.89626972836501,1.75047332477851
58,Spannagel cave,729,SPA121_2021,428887,201978.684605068,351.151082975644,346.440026539611,-8.98857398067878,1.85851231590395
58,Spannagel cave,729,SPA121_2021,428888,202017.464353526,352.963101327798,353.846970160201,-8.95132665536437,1.86008172993242
58,Spannagel cave,729,SPA121_2021,428889,202053.585822006,356.545294034411,358.505290479603,-8.99541366030679,1.70658798505892
58,Spannagel cave,729,SPA121_2021,428890,202090.597854424,360.982983166672,360.748882162472,-9.1473714756022,1.65070150021138
58,Spannagel cave,729,SPA121_2021,428891,202129.106384181,364.844793584431,366.815237411385,-9.07900981502107,1.50644919593857
58,Spannagel cave,729,SPA121_2021,428892,202168.922722126,369.625968057342,375.972105015564,-9.26733703518105,1.43459096998696
58,Spannagel cave,729,SPA121_2021,428893,202204.982946173,374.307717031566,380.714157770766,-9.26894599221395,1.3693659442043
58,Spannagel cave,729,SPA121_2021,428894,202244.251039461,377.37955024041,390.924395699316,-9.26798070424967,1.34957802342755
58,Spannagel cave,729,SPA121_2021,428895,202282.28462739,382.36521328555,397.22541012321,-9.30848330309989,1.42590380309792
58,Spannagel cave,729,SPA121_2021,428896,202320.06952218,388.578340863663,406.152361675777,-9.21038677716118,1.4859712144493
58,Spannagel cave,729,SPA121_2021,428897,202356.924330927,396.307263013063,409.965835819923,-9.26737312102613,1.54418402840857
58,Spannagel cave,729,SPA121_2021,428898,202393.730599774,405.72063976244,414.1072927973,-9.24967623118194,1.55958518429823
58,Spannagel cave,729,SPA121_2021,428899,202430.620436905,412.015265927126,416.413591514953,-9.26977806241649,1.53748462406695
58,Spannagel cave,729,SPA121_2021,428900,202467.551111299,419.911344647728,420.793559165526,-9.15036515201989,1.75951341914041
58,Spannagel cave,729,SPA121_2021,428901,202506.530807904,426.668171976897,427.567679491738,-9.3247165564081,1.77166088075803
58,Spannagel cave,729,SPA121_2021,428902,202542.444909325,431.603561630531,431.90804514417,-9.34595736613478,1.71975498831587
58,Spannagel cave,729,SPA121_2021,428903,202578.517619685,440.985809772887,436.625375118107,-9.41860571526038,1.55750522948183
58,Spannagel cave,729,SPA121_2021,428904,202616.282771578,449.014009919221,445.23648519491,-9.5193612390764,1.51202121559383
58,Spannagel cave,729,SPA121_2021,428905,202652.16058414,456.534779764566,451.057197943068,-9.57258226916894,1.47718989417043
58,Spannagel cave,729,SPA121_2021,428906,202690.092015605,461.268769084447,457.27917199189,-9.52859786797928,1.50816065806269
58,Spannagel cave,729,SPA121_2021,428907,202728.190434053,466.068163098855,464.919950914977,-9.67769810879095,1.40003869323428
58,Spannagel cave,729,SPA121_2021,428908,202765.88396106,472.772129019577,473.82726099671,-9.62236041976189,1.49564120269538
58,Spannagel cave,729,SPA121_2021,428909,202803.991649564,478.636496625753,482.545995673368,-9.6568011085761,1.4289827788989
58,Spannagel cave,729,SPA121_2021,428910,202841.425564003,487.159032123658,491.051342533377,-9.65040890692075,1.48036762738093
58,Spannagel cave,729,SPA121_2021,428911,202879.19551924,498.544309994002,499.074331483978,-9.91258667736359,1.3709618793886
58,Spannagel cave,729,SPA121_2021,428912,202914.793868321,508.005680021073,505.233303782006,-9.73560143747797,1.4091997925042
58,Spannagel cave,729,SPA121_2021,428913,202953.097655276,513.764253736357,514.377967347391,-9.92754183806794,1.31177041638102
58,Spannagel cave,729,SPA121_2021,428914,202990.007818593,520.022357744281,524.932048159622,-9.84867567186662,1.37214120868766
58,Spannagel cave,729,SPA121_2021,428915,203028.209559209,528.023879643413,535.385856420151,-9.85384005850048,1.43151406718205
58,Spannagel cave,729,SPA121_2021,428916,203066.179441695,536.036965210747,544.262883239426,-9.80953796708843,1.48351214662988
58,Spannagel cave,729,SPA121_2021,428917,203101.504861718,545.501456213067,549.821738872648,-9.79412084016581,1.6905569405484
58,Spannagel cave,729,SPA121_2021,428918,203136.988474873,556.426858553139,555.150878400629,-9.76975064295075,1.72631737502914
58,Spannagel cave,729,SPA121_2021,428919,203172.115958577,565.3272310631,566.943354719027,-9.738335922495,1.90514749665004
58,Spannagel cave,729,SPA121_2021,428920,203208.367329901,577.996641167498,571.72427791034,-9.80045388259827,1.7664800330045
58,Spannagel cave,729,SPA121_2021,428921,203245.890155781,587.631858482433,579.024283925246,-9.88079142812017,1.95472443813491
58,Spannagel cave,729,SPA121_2021,428922,203283.970285836,595.663695008785,587.423043747665,-9.88407794909572,1.84973165634979
58,Spannagel cave,729,SPA121_2021,428923,203322.275711779,603.433860713936,594.273336286948,-9.93341316361303,1.80384101195255
58,Spannagel cave,729,SPA121_2021,428924,203359.7545187,611.850232563884,603.183571667556,-10.0436453360576,1.91443946432875
58,Spannagel cave,729,SPA121_2021,428925,203397.764471779,620.096284009807,613.965288858977,-10.0124607361563,1.94141331904955
58,Spannagel cave,729,SPA121_2021,428926,203433.855026619,629.706608100503,624.018653171021,-10.0359756752291,1.94936526950434
58,Spannagel cave,729,SPA121_2021,428927,203471.776551331,638.133457353979,635.28243785206,-10.0990805882806,2.08883404188158
58,Spannagel cave,729,SPA121_2021,428928,203509.532777845,646.012366455514,644.869003355416,-9.92255222687701,2.21408472300271
58,Spannagel cave,729,SPA121_2021,428929,203544.831610704,656.793307333312,650.329737728578,-10.0381614195301,2.10999211397071
58,Spannagel cave,729,SPA121_2021,428930,203581.295647826,667.549472268322,657.758450979425,-10.3225791227676,1.9012829905606
58,Spannagel cave,729,SPA121_2021,428931,203616.724697108,678.512950569799,663.773376497033,-10.530595670149,1.88164116778639
58,Spannagel cave,729,SPA121_2021,428932,203651.178350535,690.441688888386,667.861123760958,-10.4713069886465,1.97067152311873
58,Spannagel cave,729,SPA121_2021,428933,203688.742139708,702.374996789527,676.479349250701,-10.4032684901238,2.15153993962839
58,Spannagel cave,729,SPA121_2021,428934,203725.9697681,712.110435121867,687.630515192635,-10.3691214882151,2.29662447511124
58,Spannagel cave,729,SPA121_2021,428935,203761.386818673,722.709939843509,693.14675002842,-10.5555350264096,2.30583565395828
58,Spannagel cave,729,SPA121_2021,428936,203799.702965155,730.38843598633,704.226839126321,-10.6677774197195,2.30470586591349
58,Spannagel cave,729,SPA121_2021,428937,203838.563859201,737.043801835272,711.012801272416,-10.7448562616942,2.2030657385071
58,Spannagel cave,729,SPA121_2021,428938,203878.585635797,742.812926551385,719.901829189592,-11.0573176608625,1.95138109314415
58,Spannagel cave,729,SPA121_2021,428939,203914.88790626,751.892085135303,727.446060873743,-11.0234725873056,2.06208137227633
58,Spannagel cave,729,SPA121_2021,428940,203951.817490342,760.531995468977,734.782047355693,-11.184747377256,1.94670003820263
58,Spannagel cave,729,SPA121_2021,428941,203988.348621794,768.609524127271,743.921004507021,-11.4146427698573,1.80988816303625
58,Spannagel cave,729,SPA121_2021,428942,204024.287932738,778.788406649051,752.873782845185,-11.5943912017132,1.66550356229333
58,Spannagel cave,729,SPA121_2021,428943,204061.96732627,787.80735969462,762.755360381299,-11.4471217026876,1.6468327204646
58,Spannagel cave,729,SPA121_2021,428944,204288.841725595,701.308136899839,703.007701705093,-11.4749076627893,1.65396264409911
58,Spannagel cave,729,SPA121_2021,428945,204510.280069614,677.295047321473,659.400426843582,-11.744733860354,1.56868248275391
58,Spannagel cave,729,SPA121_2021,428946,204725.57948101,673.700106214121,667.378406778415,-11.4720403912878,1.75143673896974
58,Spannagel cave,729,SPA121_2021,428947,204942.018468909,688.873909367801,719.440630903817,-11.4759165098453,1.76349608454187
58,Spannagel cave,729,SPA121_2021,428948,205155.312323066,796.710465215845,779.100385420781,-11.509653231512,1.77858572808258
58,Spannagel cave,729,SPA121_2021,428949,205379.317699679,861.064033723087,867.414088002784,-11.7759769388699,1.64129828977682
58,Spannagel cave,729,SPA121_2021,428950,205596.53633021,999.716707018553,982.11655479105,-11.7071276510288,1.61106012573656
58,Spannagel cave,729,SPA121_2021,428951,205817.294537821,1114.8384852341,1090.49423857738,-11.6806217377642,1.68704930522679
58,Spannagel cave,729,SPA121_2021,428952,206141.048443265,1112.26148343831,1073.88773942075,-11.9673511589415,1.48220085648637
58,Spannagel cave,729,SPA121_2021,428953,206525.387922484,1040.21403643556,997.329166913376,-12.052074910435,1.38364059461943
58,Spannagel cave,729,SPA121_2021,428954,206908.958904304,965.774797133257,919.360137089388,-12.1220937638068,1.3562763300702
58,Spannagel cave,729,SPA121_2021,428955,207291.457106771,887.820922594925,844.270561184356,-12.215788139957,1.32833610368694
58,Spannagel cave,729,SPA121_2021,428956,207676.891977825,810.3432426441,775.439062693156,-12.1384927357344,1.53888755762995
58,Spannagel cave,729,SPA121_2021,428957,208063.392323781,721.984615193593,710.461591150553,-12.0139950566703,1.74091710504856
58,Spannagel cave,729,SPA121_2021,428958,208444.797910203,647.945831382967,636.847260342998,-12.0883680060193,1.67160200779167
58,Spannagel cave,729,SPA121_2021,428959,208826.520481409,576.465565843333,564.864533705841,-11.9727872238111,1.743983483628
58,Spannagel cave,729,SPA121_2021,428960,209207.248893834,515.042232126551,501.457122547989,-12.0103857375291,1.62758832542358
58,Spannagel cave,729,SPA121_2021,428961,209589.609471659,457.5231199892,436.298351569829,-11.9453021475603,1.5458278582987
58,Spannagel cave,729,SPA121_2021,428962,209972.244054581,394.819011033222,371.791921962285,-11.9963678856214,1.50773582996182
58,Spannagel cave,729,SPA121_2021,428963,210356.009235971,330.72121537145,327.922043880011,-11.8810844224836,1.52385718591579
58,Spannagel cave,729,SPA121_2021,428964,210739.03015727,286.988430300524,294.038309598924,-11.9823770829422,1.42870142695502
58,Spannagel cave,729,SPA121_2021,428965,211124.215465489,276.91714815353,277.386468742538,-12.0648974885929,1.25581017113321
58,Spannagel cave,729,SPA121_2021,428966,211503.145177723,287.716864946473,282.238165956078,-11.9720799681845,1.23987328001251
58,Spannagel cave,729,SPA121_2021,428967,211532.819912493,278.002502986987,275.757840253558,-11.9384427571815,1.35871895345836
58,Spannagel cave,729,SPA121_2021,428968,211561.903221852,270.519241286005,273.33559291609,-11.9056495843472,1.24420074675647
58,Spannagel cave,729,SPA121_2021,428969,211589.404657004,267.229400803073,268.553780164832,-11.9211464235911,1.26889221851306
58,Spannagel cave,729,SPA121_2021,428970,211620.120118369,257.077621994598,263.69608751242,-12.0405740985347,1.18383916775252
58,Spannagel cave,729,SPA121_2021,428971,211648.993281327,253.819147507747,259.522616653587,-11.9366295225822,1.25589576668174
58,Spannagel cave,729,SPA121_2021,428972,211676.4828605,252.119539721811,252.298041613598,-11.8457135544336,1.30419736044213
58,Spannagel cave,729,SPA121_2021,428973,211706.043493544,248.198700182751,249.5721224687,-11.8042144201794,1.4387711344175
58,Spannagel cave,729,SPA121_2021,428974,211735.892368578,242.154072115838,245.393414318271,-11.6632929976711,2.05820096534179
58,Spannagel cave,729,SPA121_2021,428975,211765.551616662,235.882101113501,242.302351399296,-11.5743124640635,2.57987293556649
58,Spannagel cave,729,SPA121_2021,428976,211794.228720698,232.887758740631,239.07716048244,-11.3674208314425,2.73835966365144
58,Spannagel cave,729,SPA121_2021,428977,211822.75796762,231.359128119628,234.509159349254,-11.1736497564509,3.14222007093866
58,Spannagel cave,729,SPA121_2021,428978,211852.113286773,226.465440235246,232.64222047833,-10.9062877268839,3.48546032783607
58,Spannagel cave,729,SPA121_2021,428979,211880.787780093,223.845624493522,230.94513066113,-10.7515670161265,3.88020962460854
58,Spannagel cave,729,SPA121_2021,428980,211910.082841779,223.535273147689,229.35196555435,-10.6489458439493,3.93697183404944
58,Spannagel cave,729,SPA121_2021,428981,211938.427703863,223.79893129936,228.35353986788,-10.5202964192118,4.03752655126952
58,Spannagel cave,729,SPA121_2021,428982,211994.472884084,223.761877422308,224.653034171119,-10.6773534862526,3.49361462256495
58,Spannagel cave,729,SPA121_2021,428983,212023.177367841,225.148482913675,223.308255390322,-10.5018705888817,3.25970576996458
58,Spannagel cave,729,SPA121_2021,428984,212051.200270109,227.279099709966,225.300571899628,-10.4970086987165,3.19335502260971
58,Spannagel cave,729,SPA121_2021,428985,212080.136742622,227.584840508935,222.767440910946,-10.4839892412836,2.92123472019107
58,Spannagel cave,729,SPA121_2021,428986,212110.046842531,223.205005661614,223.816444476804,-10.5565074456978,2.53756322768921
58,Spannagel cave,729,SPA121_2021,428987,212139.8637604,225.813889335928,227.729653150163,-10.6200042797138,2.24884085155142
58,Spannagel cave,729,SPA121_2021,428988,212168.53632363,226.806625182246,228.934683384374,-10.5720026100236,2.1128261647867
58,Spannagel cave,729,SPA121_2021,428989,212198.140502841,225.807593793987,229.944794181472,-10.5882818961596,1.80730219519626
58,Spannagel cave,729,SPA121_2021,428990,212228.899818111,227.319393361686,233.534163728531,-10.6369843447896,1.27521566746247
58,Spannagel cave,729,SPA121_2021,428991,212257.555452944,231.896849995857,236.914387658093,-10.6008462943198,1.4212618752448
58,Spannagel cave,729,SPA121_2021,428992,212286.147244564,236.23890981928,238.074566485826,-10.5480683533827,1.28941494527847
58,Spannagel cave,729,SPA121_2021,428993,212314.557839255,239.483843631751,237.205053312413,-10.5624459970628,1.12004435953952
58,Spannagel cave,729,SPA121_2021,428994,212343.789356486,243.073813509603,240.706420486007,-10.5981104280059,1.04204151884735
58,Spannagel cave,729,SPA121_2021,428995,212372.091864399,248.163530764316,241.532463776384,-10.4963573994477,1.0600263628369
58,Spannagel cave,729,SPA121_2021,428996,212403.236601931,251.606557493156,247.579611815687,-10.5302154583724,1.13610463144203
58,Spannagel cave,729,SPA121_2021,428997,212430.340596078,258.404521542398,249.558786876121,-10.5045754880833,0.988895093434268
58,Spannagel cave,729,SPA121_2021,428998,212458.358018167,263.933027314808,249.34226186492,-10.5848100929193,0.917873476286317
58,Spannagel cave,729,SPA121_2021,428999,212488.098224409,264.9105668501,257.148459479271,-10.5165480770487,0.857123034156113
58,Spannagel cave,729,SPA121_2021,429000,212544.669901242,270.350783898699,262.364426201326,-10.520262365326,0.884299402031217
58,Spannagel cave,729,SPA121_2021,429001,212572.503932295,276.965021982818,266.508742152626,-10.5321054844495,0.815973875153505
58,Spannagel cave,729,SPA121_2021,429002,212603.881197283,281.047219291679,273.321952913684,-10.5550873752594,0.835920037710571
58,Spannagel cave,729,SPA121_2021,429003,212634.329854922,285.12961627639,278.54030148423,-10.5389313555362,0.888022790503948
58,Spannagel cave,729,SPA121_2021,429004,212662.862143253,292.043248609145,287.215370765072,-10.3013510967621,1.05284419678764
58,Spannagel cave,729,SPA121_2021,429005,212691.399425016,297.510278976697,290.292369564966,-10.3387005731538,1.10500411326974
58,Spannagel cave,729,SPA121_2021,429006,212721.596023727,302.101205859886,296.633695894765,-10.3151618380163,1.14004233308518
58,Spannagel cave,729,SPA121_2021,429007,212751.358517918,306.946790555899,303.915800887771,-10.2486274010519,1.18721448366577
58,Spannagel cave,729,SPA121_2021,429008,212779.575743483,313.825009679422,310.781343749433,-10.1604104395233,1.32410824041881
58,Spannagel cave,729,SPA121_2021,429009,212809.622524598,318.112223654869,319.02805253581,-10.1797936921829,1.34400607016406
58,Spannagel cave,729,SPA121_2021,429010,212839.482630724,323.856490375736,327.876635410677,-10.2394438696547,1.43099874684124
58,Spannagel cave,729,SPA121_2021,429011,212869.382867624,329.757897661533,336.464086131455,-10.0881676747966,1.4754470722286
58,Spannagel cave,729,SPA121_2021,429012,212897.893952114,336.54685381602,342.258602319722,-10.0655718697689,1.51378290002099
58,Spannagel cave,729,SPA121_2021,429013,212927.315300784,341.830663360714,348.33073383235,-10.051197937672,1.41001701981902
58,Spannagel cave,729,SPA121_2021,429014,212956.947807002,347.655300867162,355.944903266267,-10.0069475336813,1.53748334793437
58,Spannagel cave,729,SPA121_2021,429015,212985.859630827,354.864857218548,362.749794363917,-9.94408842003394,1.48771974532613
58,Spannagel cave,729,SPA121_2021,429016,213016.584638028,358.650463225582,371.282425330981,-9.89692672101851,1.5422384387618
58,Spannagel cave,729,SPA121_2021,429017,213045.28295865,366.692285520199,376.804048009304,-9.95581806734978,1.56779111760225
58,Spannagel cave,729,SPA121_2021,429018,213073.816009284,372.977471097023,382.059204539924,-9.90492754257468,1.46184443364281
58,Spannagel cave,729,SPA121_2021,429019,213103.082583627,378.541951080173,389.949066633882,-9.95417126909393,1.34635152169789
58,Spannagel cave,729,SPA121_2021,429020,213125.529287101,375.065534040215,385.114374612429,-10.1313469235897,1.14700738546526
58,Spannagel cave,729,SPA121_2021,429021,213148.431512541,371.520199624618,379.780142363568,-10.0871741633478,1.06439847259966
58,Spannagel cave,729,SPA121_2021,429022,213170.66338413,367.95691386328,374.598683048942,-10.047396401822,1.02361912735009
58,Spannagel cave,729,SPA121_2021,429023,213192.769503593,363.546734456439,371.382264042215,-10.0176126608244,1.0186721055751
58,Spannagel cave,729,SPA121_2021,429024,213215.491463442,359.94848800989,368.781685420807,-9.88834457996141,0.992064732397852
58,Spannagel cave,729,SPA121_2021,429025,213237.157409442,356.487013527774,365.192543875077,-9.99768312624309,0.902616703534097
58,Spannagel cave,729,SPA121_2021,429026,213258.532484863,354.101761491853,361.108160300937,-9.952532757196,0.916211753434593
58,Spannagel cave,729,SPA121_2021,429027,213280.100397753,352.183352867083,357.319029114471,-9.99004472845394,0.946797323882801
58,Spannagel cave,729,SPA121_2021,429028,213301.981940896,349.111925722682,354.148875285813,-9.81505638230238,0.971644095172015
58,Spannagel cave,729,SPA121_2021,429029,213324.810539461,345.880129875935,351.488069086714,-9.88626997562397,0.873999430579459
58,Spannagel cave,729,SPA121_2021,429030,213346.212520927,343.653209535551,346.444009986706,-9.79737673534541,0.944747425273722
58,Spannagel cave,729,SPA121_2021,429031,213368.479359078,339.390226029936,343.835054493014,-9.81206488130893,0.909299709089743
58,Spannagel cave,729,SPA121_2021,429032,213389.994913994,335.536386936088,340.549811003031,-9.78199049306918,0.960699942118041
58,Spannagel cave,729,SPA121_2021,429033,213411.60216121,331.546094600897,336.365058874857,-9.74872582429851,0.930319560319649
58,Spannagel cave,729,SPA121_2021,429034,213434.796155272,326.344594935741,333.153664028418,-9.64537121356918,1.07160959319103
58,Spannagel cave,729,SPA121_2021,429035,213455.891237586,323.381936242862,327.82715316565,-9.55300581116656,1.5305518123567
58,Spannagel cave,729,SPA121_2021,429036,213477.333804677,320.888141742209,323.791538666293,-9.34389534196693,1.81393899096214
58,Spannagel cave,729,SPA121_2021,429037,213499.392601881,317.92776911665,318.322306171875,-9.33543519755191,1.85239131439967
58,Spannagel cave,729,SPA121_2021,429038,213521.350612312,315.790235751658,314.718161365803,-9.35387295788188,1.7836443886059
58,Spannagel cave,729,SPA121_2021,429039,213542.901973096,311.56838565963,312.345268378383,-9.40384668139156,1.63250184675089
58,Spannagel cave,729,SPA121_2021,429040,213564.78808994,308.26377538708,309.471591201494,-9.47181563088608,1.27080026147248
58,Spannagel cave,729,SPA121_2021,429041,213587.30270212,305.33879056439,307.414998211636,-9.26590727205591,1.29087735175043
58,Spannagel cave,729,SPA121_2021,429042,213609.030065773,302.663861690671,301.509046923777,-9.33665117323194,1.2191154068459
58,Spannagel cave,729,SPA121_2021,429043,213630.871232304,299.865927937266,297.549921213475,-9.48991084516896,1.2579691184974
58,Spannagel cave,729,SPA121_2021,429044,213652.058507281,295.622269601561,294.569271502492,-9.51496321981593,1.15456435670717
58,Spannagel cave,729,SPA121_2021,429045,213674.673659428,291.97339150327,292.088119825261,-9.40478441434965,1.17954889910771
58,Spannagel cave,729,SPA121_2021,429046,213697.290129779,287.645183973276,290.478188190464,-9.29099269674394,1.18887439971162
58,Spannagel cave,729,SPA121_2021,429047,213720.255000429,283.34891160694,288.651150995895,-9.38645655733006,1.11642007592866
58,Spannagel cave,729,SPA121_2021,429048,213741.252552661,282.958573002048,284.206541962951,-9.36324343664,1.01033121670569
58,Spannagel cave,729,SPA121_2021,429049,213762.254070464,279.688818689348,279.257721467642,-9.32127419857438,1.09401000127867
58,Spannagel cave,729,SPA121_2021,429050,213784.347227133,275.48752603773,276.521141573408,-9.34545084486173,1.01328803318918
58,Spannagel cave,729,SPA121_2021,429051,213806.701510314,271.116599409463,273.108929556911,-9.2273664882767,1.20552119263086
58,Spannagel cave,729,SPA121_2021,429052,213828.722000922,267.056389997568,268.724090639997,-9.36724720011749,1.11122669229869
58,Spannagel cave,729,SPA121_2021,429053,213850.108406095,263.592862487916,265.349815636786,-9.34656414961656,0.972705994260436
58,Spannagel cave,729,SPA121_2021,429054,213871.223680975,260.396222219191,259.629443623853,-9.63542235909237,0.752080851505993
58,Spannagel cave,729,SPA121_2021,429055,213892.996034785,257.834107750969,254.88995159982,-9.46388584307056,0.897086074304925
58,Spannagel cave,729,SPA121_2021,429056,213914.082518534,256.134587429871,250.715214395779,-9.51624055270078,0.867928444978347
58,Spannagel cave,729,SPA121_2021,429057,213936.130612213,254.998951932532,249.521043168381,-9.41157733078583,0.897046685333126
58,Spannagel cave,729,SPA121_2021,429058,213958.608872586,252.483056504949,248.117852964002,-9.43101466056978,0.869284022367528
58,Spannagel cave,729,SPA121_2021,429059,213980.185927232,250.339792565122,244.233782005729,-9.40975836112795,0.898604695917685
58,Spannagel cave,729,SPA121_2021,429060,214002.71958598,247.310961114301,241.431412236852,-9.3480503201371,0.902341974424399
58,Spannagel cave,729,SPA121_2021,429061,214025.238924373,244.330131450668,240.009882614424,-9.42201652059099,0.959490492493468
58,Spannagel cave,729,SPA121_2021,429062,214046.561206854,242.5479602821,236.022749607684,-9.4374544458743,1.01909680198736
58,Spannagel cave,729,SPA121_2021,429063,214068.558621575,240.685126452823,234.923467971937,-9.33095766912381,1.41859699807433
58,Spannagel cave,729,SPA121_2021,429064,214091.04476784,239.592485810746,232.92488859687,-9.18593833498106,1.7635742998265
58,Spannagel cave,729,SPA121_2021,429065,214112.862970423,237.360041823762,231.204751768382,-9.17473255466379,1.83651443611085
58,Spannagel cave,729,SPA121_2021,429066,214135.149685697,234.91044318871,229.634298654186,-9.29138237604005,1.40847100207196
58,Spannagel cave,729,SPA121_2021,429067,214157.541243495,232.575422611262,229.384507890354,-9.23417748801391,1.29589170067328
58,Spannagel cave,729,SPA121_2021,429068,214178.977874692,231.442188042362,227.841355663288,-9.37282926765143,1.27386311649827
58,Spannagel cave,729,SPA121_2021,429069,214200.171813078,231.659110527951,226.075464322814,-9.26445204363096,1.27952600603056
58,Spannagel cave,729,SPA121_2021,429070,214223.253892881,228.790200826828,224.545129032718,-9.18380086519168,1.17982584163009
58,Spannagel cave,729,SPA121_2021,429071,214245.222199049,229.965366375283,224.93764278153,-9.20130414987237,1.26380654819399
58,Spannagel cave,729,SPA121_2021,429072,214268.433431753,226.927068679681,225.002206405712,-8.92700054605128,1.89640462180754
58,Spannagel cave,729,SPA121_2021,429073,214290.254344093,225.164556380361,223.507214024547,-8.87595442258997,2.53391283528065
58,Spannagel cave,729,SPA121_2021,429074,214311.81829139,226.72346282209,221.643610242958,-8.78425365987991,2.62954396381094
58,Spannagel cave,729,SPA121_2021,429075,214333.662356046,225.217595254711,221.367112106498,-9.0056458778457,2.6046841381732
58,Spannagel cave,729,SPA121_2021,429076,214355.263405378,224.647943090938,219.829612559639,-8.93121970947738,2.6120326006966
58,Spannagel cave,729,SPA121_2021,429077,214377.501406925,224.438967782946,219.33185811463,-8.75292059439993,2.7285698402661
58,Spannagel cave,729,SPA121_2021,429078,214399.352548832,223.209863336524,218.578866149968,-8.88140448074083,2.53628446332967
58,Spannagel cave,729,SPA121_2021,429079,214422.18889403,222.504556773667,217.159559378371,-8.92430783557197,2.4703770001163
58,Spannagel cave,729,SPA121_2021,429080,214465.713007482,221.119959025382,214.135236175556,-8.89696998371838,2.27589415136149
58,Spannagel cave,729,SPA121_2021,429081,214487.798525372,219.706724647898,214.716401267477,-8.86580425137253,2.25139110770075
58,Spannagel cave,729,SPA121_2021,429082,214510.066211511,219.673506161169,215.555250579724,-8.92250464815036,2.06172749238815
58,Spannagel cave,729,SPA121_2021,429083,214531.944026637,219.7007495086,215.068064292893,-9.01570399923951,2.02103075715064
58,Spannagel cave,729,SPA121_2021,429084,214554.665145128,220.589560579916,216.125400072546,-9.08723753305178,1.94464712368924
58,Spannagel cave,729,SPA121_2021,429085,214575.352699361,220.19146700477,213.4199871897,-9.1425155395107,1.68621037084677
58,Spannagel cave,729,SPA121_2021,429086,214597.131419871,220.647835087351,213.953114071512,-9.42473171378269,1.24596168338108
58,Spannagel cave,729,SPA121_2021,429087,214619.213229919,219.166238365113,214.401752730162,-9.39108206520763,1.18654396674526
58,Spannagel cave,729,SPA121_2021,429088,214640.49136965,221.381411913113,215.385279845446,-9.54370921994175,0.932462090153795
58,Spannagel cave,729,SPA121_2021,429089,214663.334427246,219.40837096193,216.069325945748,-9.34352966224641,1.10146356465647
58,Spannagel cave,729,SPA121_2021,429090,214686.055933089,219.886810784665,216.23019953203,-9.34266646443795,1.0975239063983
58,Spannagel cave,729,SPA121_2021,429091,214708.462178439,218.404833855719,213.975056508731,-9.34667824761734,1.06874897320982
58,Spannagel cave,729,SPA121_2021,429092,214730.494988902,220.664517188125,214.673389150266,-9.42436821886794,0.900683402214704
58,Spannagel cave,729,SPA121_2021,429093,214753.488277486,222.090728995187,217.96246872106,-9.34040377706028,0.879939630387967
58,Spannagel cave,729,SPA121_2021,429094,214775.705495723,222.843871305988,217.356568855583,-9.52908022994685,0.745570493128361
58,Spannagel cave,729,SPA121_2021,429095,214797.948265979,222.912021385273,218.094328534324,-9.42301365137515,0.871004865070003
58,Spannagel cave,729,SPA121_2021,429096,214819.840951837,225.297704716999,219.952436013496,-9.51656311093859,0.845660745331369
58,Spannagel cave,729,SPA121_2021,429097,214841.600590948,226.690297326335,221.424486817588,-9.54857422131491,0.994744508402756
58,Spannagel cave,729,SPA121_2021,429098,214863.677692373,229.526083896664,223.459352976177,-9.51815134404275,0.860834729393728
58,Spannagel cave,729,SPA121_2021,429099,214885.172353808,229.486640490097,225.519061863335,-9.60029076677901,0.927749947856082
58,Spannagel cave,729,SPA121_2021,429100,214907.169612695,232.009776583203,227.050825067447,-9.54295911603607,0.911542048026328
58,Spannagel cave,729,SPA121_2021,429101,214929.346923334,232.454158448207,230.320942449063,-9.65941705394712,0.814396933418335
58,Spannagel cave,729,SPA121_2021,429102,214950.560769007,236.338499262551,232.351498658245,-9.64486340316584,0.912771303395655
58,Spannagel cave,729,SPA121_2021,429103,214972.249365944,240.266415332939,233.194636169705,-9.61408543317019,0.844634201054792
58,Spannagel cave,729,SPA121_2021,429104,214993.765769616,242.329679452087,235.256780191354,-9.60039813504419,0.881744251379615
58,Spannagel cave,729,SPA121_2021,429105,215016.716813587,243.83661321408,237.473626873514,-9.60652343561554,0.958299370571717
58,Spannagel cave,729,SPA121_2021,429106,215038.417494689,242.783024448669,239.421365452668,-9.57300755990241,0.988220812164782
58,Spannagel cave,729,SPA121_2021,429107,215061.883571061,245.191510128265,243.197773108201,-9.67088614067958,0.946719230155666
58,Spannagel cave,729,SPA121_2021,429108,215083.106088078,248.451526534569,244.687615902396,-9.61875870861633,0.974136232082909
58,Spannagel cave,729,SPA121_2021,429109,215105.333865779,250.80602927733,246.56521798321,-9.64663568202563,0.895137754113605
58,Spannagel cave,729,SPA121_2021,429110,215126.528518644,252.886105953978,249.672122961318,-9.58900757686313,1.07553562376127
58,Spannagel cave,729,SPA121_2021,429111,215148.98484829,255.262463904219,251.979692268127,-9.72406541061337,1.09377904572035
58,Spannagel cave,729,SPA121_2021,429112,215170.994739229,259.0121576401,255.449655111006,-9.61992960746387,0.967592352937921
58,Spannagel cave,729,SPA121_2021,429113,215194.019320494,259.993136472563,259.522860766534,-9.56359503086416,1.06618906503916
58,Spannagel cave,729,SPA121_2021,429114,215214.731348635,265.113916825445,260.614926968672,-9.56091240394816,1.04618095921439
58,Spannagel cave,729,SPA121_2021,429115,215235.505288809,268.095897906111,261.269110722176,-9.64975385025936,1.00192972210822
58,Spannagel cave,729,SPA121_2021,429116,215256.63444986,271.597008425102,261.288522621064,-9.60823913188796,0.876137931369711
58,Spannagel cave,729,SPA121_2021,429117,215278.634214105,272.670313848939,263.427579968993,-9.73406995630615,0.931179943346297
58,Spannagel cave,729,SPA121_2021,429118,215300.388183694,275.704009742185,265.992787445342,-9.68141405061731,0.965229144350542
58,Spannagel cave,729,SPA121_2021,429119,215318.886757625,271.197489315935,263.17265980065,-9.67069513448237,0.966337075610519
58,Spannagel cave,729,SPA121_2021,429120,215337.642240011,263.37931706151,258.725523306552,-9.71499268064768,1.02243317640738
58,Spannagel cave,729,SPA121_2021,429121,215356.115799428,259.835597222234,254.547563086555,-9.71293763139498,0.984639247767084
58,Spannagel cave,729,SPA121_2021,429122,215376.361645404,253.509991221421,253.390319906786,-9.71132776045527,0.934010433550914
58,Spannagel cave,729,SPA121_2021,429123,215413.672809881,245.622839613992,247.403910436115,-9.8003814391979,0.855579264795375
58,Spannagel cave,729,SPA121_2021,429124,215431.074909022,245.445102418191,243.613763332163,-9.87973097022584,0.843343056691341
58,Spannagel cave,729,SPA121_2021,429125,215448.960007885,243.192753218143,241.705987472378,-9.81009710945974,0.883972526190075
58,Spannagel cave,729,SPA121_2021,429126,215467.1485402,240.71025475458,240.824448498053,-9.80659123539488,0.993749302821864
58,Spannagel cave,729,SPA121_2021,429127,215485.971741989,238.649077651964,241.36178640445,-9.82162034366254,0.980903241749063
58,Spannagel cave,729,SPA121_2021,429128,215503.979494167,239.126217691315,238.900429074041,-9.84640887844637,1.01318885278516
58,Spannagel cave,729,SPA121_2021,429129,215522.50742548,239.88957571247,245.900592245918,-9.80072566241222,0.925640001254365
58,Spannagel cave,729,SPA121_2021,429130,215539.974023614,240.986012942856,245.882022217032,-9.88566018971029,1.04380520529461
58,Spannagel cave,729,SPA121_2021,429131,215557.94459556,243.726064905495,248.694582406402,-9.98828635728893,0.928918009003152
58,Spannagel cave,729,SPA121_2021,429132,215575.560316874,244.744073278795,253.106404091726,-9.96514304750788,1.0698180612414
58,Spannagel cave,729,SPA121_2021,429133,215594.894892523,244.609416146355,259.737028465868,-9.88819985286139,1.0830333916716
58,Spannagel cave,729,SPA121_2021,429134,215613.084809377,246.509656599024,262.552190641494,-9.88987251260928,1.12343644895651
58,Spannagel cave,729,SPA121_2021,429135,215631.262059255,247.13656264529,266.782453590597,-10.037366124589,0.813973279599522
58,Spannagel cave,729,SPA121_2021,429136,215648.171081911,250.867720410693,271.133417168487,-9.97196145779621,1.08924793858514
58,Spannagel cave,729,SPA121_2021,429137,215666.375116987,251.810695478111,276.49932889198,-9.99175824776843,1.02299055677193
58,Spannagel cave,729,SPA121_2021,429138,215684.638010568,255.552345517062,286.931896876893,-10.1037885421941,1.0730245073765
58,Spannagel cave,729,SPA121_2021,429139,215703.691626702,257.653448038443,295.678616414079,-10.0073757372606,1.0261306052808
58,Spannagel cave,729,SPA121_2021,429140,215721.641916124,260.745006522106,302.215885617363,-10.0608119225556,1.0603454234023
58,Spannagel cave,729,SPA121_2021,429141,215740.350992326,265.799807616771,308.458359990269,-10.0811572810565,0.994095945247487
58,Spannagel cave,729,SPA121_2021,429142,215760.465002391,267.047418011556,316.304698016989,-10.0703653573521,0.955121971857686
58,Spannagel cave,729,SPA121_2021,429143,215777.708815715,272.008679193357,319.814447135344,-10.0989925013589,0.926045526919375
58,Spannagel cave,729,SPA121_2021,429144,215795.480415213,279.693558866915,325.331495635939,-10.1373596967087,1.03408297643406
58,Spannagel cave,729,SPA121_2021,429145,215812.563373922,288.684574235638,332.231473798136,-10.1565901204024,0.967759073806857
58,Spannagel cave,729,SPA121_2021,429146,215830.362026919,291.926426304795,341.096150513244,-10.1234420257819,0.946928199133425
58,Spannagel cave,729,SPA121_2021,429147,215867.109912081,303.402051954879,360.036455559952,-10.1655937863571,0.942491423439701
58,Spannagel cave,729,SPA121_2021,429148,215886.659130139,306.296638598404,370.471685060911,-10.2251655254758,1.0446383415347
58,Spannagel cave,729,SPA121_2021,429149,215904.331512789,313.902831789135,380.052461886429,-10.3392745649963,0.957524043381721
58,Spannagel cave,729,SPA121_2021,429150,215923.066191405,318.131033822836,391.887879310496,-10.210923006508,0.998617512805035
58,Spannagel cave,729,SPA121_2021,429151,215940.500274342,326.390551449236,401.606997779629,-10.1813092140649,0.981275240923283
58,Spannagel cave,729,SPA121_2021,429152,215959.419266128,332.516216299351,411.710951526766,-10.2331098435533,1.02419008965657
58,Spannagel cave,729,SPA121_2021,429153,215977.513361845,339.075579422351,421.146978352277,-10.2302835676336,1.01636721235485
58,Spannagel cave,729,SPA121_2021,429154,215994.680404176,348.257493935729,428.434063650173,-10.3211524237967,1.0960636168494
58,Spannagel cave,729,SPA121_2021,429155,216013.101328142,356.979860024236,438.866230949468,-10.0858471861404,1.08374299629897
58,Spannagel cave,729,SPA121_2021,429156,216030.80256575,366.885905169242,448.165340230102,-10.1574327749254,1.12784184653803
58,Spannagel cave,729,SPA121_2021,429157,216048.409802769,373.8544182154,457.963725914597,-10.1694835905692,1.09324684964599
58,Spannagel cave,729,SPA121_2021,429158,216067.318848834,381.321194606775,469.337576491205,-10.1406796716669,1.12226931910271
58,Spannagel cave,729,SPA121_2021,429159,216086.294098074,387.813505850849,478.172558134916,-10.1741678389974,1.04482135261737
58,Spannagel cave,729,SPA121_2021,429160,216105.243271549,395.617806743801,491.335242875328,-10.2137015113429,1.04201446005432
58,Spannagel cave,729,SPA121_2021,429161,216124.328942431,403.688373123878,505.530333524395,-10.2767124611416,1.03944241553108
58,Spannagel cave,729,SPA121_2021,429162,216142.777987883,413.608939822792,516.126308258914,-10.2587260128468,1.08879194579847
58,Spannagel cave,729,SPA121_2021,429163,216162.85202312,419.867518534942,526.626523094194,-10.2244467975837,1.025112058288
58,Spannagel cave,729,SPA121_2021,429164,216181.148484747,427.374089782912,534.693125351099,-10.3103707855454,1.13108821994496
58,Spannagel cave,729,SPA121_2021,429165,216198.525342375,435.869360831333,543.592805776978,-10.3628122628324,0.976057077259443
58,Spannagel cave,729,SPA121_2021,429166,216217.198824218,443.835181608942,555.241075253056,-10.2800112098656,1.05936065912995
58,Spannagel cave,729,SPA121_2021,429167,216235.282726985,452.674825277936,564.444797010976,-10.3274397850886,1.08205967970842
58,Spannagel cave,729,SPA121_2021,429168,216254.78403778,459.827742179448,578.02146828096,-10.4748000013167,1.03018635468196
58,Spannagel cave,729,SPA121_2021,429169,216271.209436913,470.107197353791,586.680039834086,-10.4911985936177,1.05924221758757
58,Spannagel cave,729,SPA121_2021,429170,216289.041608373,479.394192830136,597.127162296849,-10.4479679053364,0.952598413620015
58,Spannagel cave,729,SPA121_2021,429171,216306.796325715,488.022745739232,610.558364056022,-10.4106874903189,1.09530676766825
58,Spannagel cave,729,SPA121_2021,429172,216321.331040295,481.567343089817,591.602264466637,-10.5029290888351,1.05943428535097
58,Spannagel cave,729,SPA121_2021,429173,216337.3524163,470.146543794603,571.413076089229,-10.5207883820902,1.12336811976484
58,Spannagel cave,729,SPA121_2021,429174,216352.017692706,459.885948949639,553.013154543354,-10.5139352684866,1.18215785527809
58,Spannagel cave,729,SPA121_2021,429175,216367.659379659,449.86925172669,533.743059035973,-10.5773251103238,1.19058104597091
58,Spannagel cave,729,SPA121_2021,429176,216381.915664474,440.058558205259,512.611269697518,-10.5583972093067,1.15538831275443
58,Spannagel cave,729,SPA121_2021,429177,216398.04130528,428.147379983944,490.245964624221,-10.6670576329908,1.15814848799307
58,Spannagel cave,729,SPA121_2021,429178,216414.106173,419.912285578961,471.677124190901,-10.5200328951663,1.27723555718523
58,Spannagel cave,729,SPA121_2021,429179,216431.05056913,405.888675813534,458.012505713792,-10.6773012618041,1.13051515545138
58,Spannagel cave,729,SPA121_2021,429180,216448.363107341,395.229684150079,439.082698139217,-10.6873434265122,1.25309220712483
58,Spannagel cave,729,SPA121_2021,429181,216461.434580222,386.15578133802,414.241237556766,-10.7914243279706,1.24468797239957
58,Spannagel cave,729,SPA121_2021,429182,216480.372654703,372.860180928721,398.859227571636,-10.6860760633996,1.25348572947915
58,Spannagel cave,729,SPA121_2021,429183,216498.246121609,364.350978478498,386.154314274638,-10.8105173433723,1.28546724184462
58,Spannagel cave,729,SPA121_2021,429184,216514.260095404,356.855113065627,370.166315646988,-11.0751681097187,1.14380114851352
58,Spannagel cave,729,SPA121_2021,429185,216530.153714916,348.988097769237,352.739807745849,-11.0205903766816,1.16142137252459
58,Spannagel cave,729,SPA121_2021,429186,216548.810615789,339.725045548432,339.961357874708,-11.1173078003046,1.14419669313384
58,Spannagel cave,729,SPA121_2021,429187,216565.865100174,331.377639651881,323.23189337051,-11.3411632610666,1.02024953212597
58,Spannagel cave,729,SPA121_2021,429188,216583.923011353,318.097573859384,312.127590269083,-11.32351982508,1.12231245103497
58,Spannagel cave,729,SPA121_2021,429189,216602.644017482,310.996597387071,299.267239058856,-11.503767952777,1.21090928376992
58,Spannagel cave,729,SPA121_2021,429190,216620.861010769,302.470765051839,283.663479927171,-11.4956126311157,1.27979409208438
58,Spannagel cave,729,SPA121_2021,429191,216638.615772741,292.019115193834,277.707483231381,-11.6855452047988,1.39513868483959
58,Spannagel cave,729,SPA121_2021,429192,216656.703096807,283.819098889042,272.612677195051,-11.7961404659048,1.40328723614817
58,Spannagel cave,729,SPA121_2021,429193,216676.42615802,274.6576242593,265.740776629478,-11.8859244945205,1.42838474294439
58,Spannagel cave,729,SPA121_2021,429194,216696.091188337,267.831356447481,260.052942344657,-12.0062569649994,1.53655305438234
58,Spannagel cave,729,SPA121_2021,429195,216713.591143148,266.133170443267,259.078827992023,-12.2200839554416,1.66739658447732
58,Spannagel cave,729,SPA121_2021,429196,216734.389331843,262.671405364934,260.402470752335,-12.4149401794679,1.81841180121379
58,Spannagel cave,729,SPA121_2021,429197,216752.139203714,262.259803126566,260.101573251537,-12.6826129864693,1.94036349996195
58,Spannagel cave,729,SPA121_2021,429198,216770.70587035,259.857392741018,262.452013908653,-12.7877961512089,2.00363515984496
58,Spannagel cave,729,SPA121_2021,429199,216787.121737279,257.989530540712,264.740473067213,-13.0393084546487,1.884232408985
58,Spannagel cave,729,SPA121_2021,429200,216805.75681562,260.431968619756,268.442027655576,-13.1626826099548,1.62964601696286
58,Spannagel cave,729,SPA121_2021,429201,216826.00638085,259.912462424545,275.654960988584,-13.2427238292044,1.66158465209959
58,Spannagel cave,729,SPA121_2021,429202,216856.026754694,257.725256939302,269.757346263592,-13.1420517330417,2.12985231326077
58,Spannagel cave,729,SPA121_2021,429203,216887.672412238,254.857540195837,267.421725041175,-12.8080216154214,2.88051242408148
58,Spannagel cave,729,SPA121_2021,429204,216918.887203746,252.657412129804,264.389301313699,-12.6199127176735,3.48731742995722
58,Spannagel cave,729,SPA121_2021,429205,216950.45532219,251.096960307361,261.839529914811,-12.3527626723111,4.18248908194996
58,Spannagel cave,729,SPA121_2021,429206,216981.429854871,248.384695599932,258.577151444275,-12.3386373974121,4.20730080005415
58,Spannagel cave,729,SPA121_2021,429207,217012.971317964,246.098553418706,257.189926665189,-12.4415099207072,4.08846003870927
58,Spannagel cave,729,SPA121_2021,429208,217044.43912872,243.655143201933,253.8298973825,-12.5708907575153,3.74756525653315
58,Spannagel cave,729,SPA121_2021,429209,217075.968293957,240.43765494597,251.348991749168,-12.5736084299324,3.60399712530506
58,Spannagel cave,729,SPA121_2021,429210,217106.928022561,239.370028942474,248.701929637755,-12.6192351041355,3.33784078537669
58,Spannagel cave,729,SPA121_2021,429211,217138.173741327,235.761388841725,246.097205511731,-12.6608479874022,3.30848165673241
58,Spannagel cave,729,SPA121_2021,429212,217169.777799934,232.418176968058,242.887129370734,-12.639030313507,3.2611117889412
58,Spannagel cave,729,SPA121_2021,429213,217201.178429392,230.332870115933,240.182649319235,-12.6395682666931,3.1143113445103
58,Spannagel cave,729,SPA121_2021,429214,217232.854136308,228.192506451596,238.108548647666,-12.7602023053302,2.80442187437794
58,Spannagel cave,729,SPA121_2021,429215,217263.388885705,227.001264253224,235.530409380211,-12.5829065676069,2.62473113422678
58,Spannagel cave,729,SPA121_2021,429216,217294.642789217,225.321676900057,232.86592250393,-12.4964204190527,2.60653382642725
58,Spannagel cave,729,SPA121_2021,429217,217326.192898012,222.985678630241,231.619956408453,-12.4676303076364,3.22381512277834
58,Spannagel cave,729,SPA121_2021,429218,217358.433181646,220.790254776599,227.895524911291,-12.627838951291,3.79841296124349
58,Spannagel cave,729,SPA121_2021,429219,217391.112301619,216.612951416842,227.662873072928,-12.4993416463158,4.03904137850153
58,Spannagel cave,729,SPA121_2021,429220,217422.71794322,214.187724737392,223.974705906992,-12.6010713043984,4.23176538398287
58,Spannagel cave,729,SPA121_2021,429221,217454.883202146,211.653953944362,224.077816424979,-12.5626844186575,4.38640882277994
58,Spannagel cave,729,SPA121_2021,429222,217486.820133533,209.425122973131,222.55828058644,-12.4816710490193,4.59520884938951
58,Spannagel cave,729,SPA121_2021,429223,217518.174054072,206.989633257414,220.050930161757,-12.4431197936246,4.71076804883933
58,Spannagel cave,729,SPA121_2021,429224,217550.549524184,203.761915528565,219.523513175547,-12.4893817432685,4.61445847439182
58,Spannagel cave,729,SPA121_2021,429225,217582.800144863,200.00550519416,216.6569108447,-12.5515863772956,4.23637319198652
58,Spannagel cave,729,SPA121_2021,429226,217615.319729622,197.268601798482,215.434788438084,-12.6625631902957,3.74628323254235
58,Spannagel cave,729,SPA121_2021,429227,217646.947187056,195.242297300923,214.225173809071,-12.7228020507878,3.14499024155884
58,Spannagel cave,729,SPA121_2021,429228,217678.676837884,193.88450979226,212.540658244165,-12.6368131503545,3.11298510422171
58,Spannagel cave,729,SPA121_2021,429229,217709.520261268,191.617570127331,209.631287166616,-12.5335095040431,3.52805910833773
58,Spannagel cave,729,SPA121_2021,429230,217742.019845782,188.212662105943,208.773141920916,-12.1935205495324,4.36477837418901
58,Spannagel cave,729,SPA121_2021,429231,217774.293844095,186.028268908849,208.429508768953,-12.2971362237312,4.84875610498245
58,Spannagel cave,729,SPA121_2021,429232,217805.328265149,184.553765292454,205.377190691856,-12.6247796475086,4.99727666364744
58,Spannagel cave,729,SPA121_2021,429233,217836.879165863,183.877721083671,203.476692315395,-12.3843255239412,5.1934767052306
58,Spannagel cave,729,SPA121_2021,429234,217867.764714792,183.861480587948,200.996085975552,-12.3969247683814,5.3088392741489
58,Spannagel cave,729,SPA121_2021,429235,217899.813598978,182.44585628988,199.822082458442,-12.4017438831247,5.34397930546673
58,Spannagel cave,729,SPA121_2021,429236,217931.343054068,180.326020641805,198.376240927202,-12.524830675566,5.18358804025259
58,Spannagel cave,729,SPA121_2021,429237,217963.510031318,178.87461703876,197.35875403625,-12.5363373268133,5.21908922767691
58,Spannagel cave,729,SPA121_2021,429238,217995.152617278,177.952007954678,195.097861927148,-12.6402322872763,5.22051779816957
58,Spannagel cave,729,SPA121_2021,429239,218026.730990416,177.538317095459,193.476441220468,-12.4922557972979,5.36102951590608
58,Spannagel cave,729,SPA121_2021,429240,218058.114003863,178.118671362288,191.033418817038,-12.5267908983073,5.45370500056111
58,Spannagel cave,729,SPA121_2021,429241,218089.872152453,176.558361950185,189.229030605231,-12.5342382233364,5.41898124759389
58,Spannagel cave,729,SPA121_2021,429242,218120.74592313,174.50283075482,188.483154381713,-12.5688163928601,5.53751130400942
58,Spannagel cave,729,SPA121_2021,429243,218152.525525708,173.385356853629,188.616882842558,-12.6709722699433,5.40601052441202
58,Spannagel cave,729,SPA121_2021,429244,218183.985326302,172.206581627397,185.85178347255,-12.6661698764603,5.50235198136114
58,Spannagel cave,729,SPA121_2021,429245,218215.16110015,172.135519937117,185.213957826752,-12.7318791130599,5.52366477330845
58,Spannagel cave,729,SPA121_2021,429246,218246.60873226,174.663492973603,184.282695751026,-12.8211835469494,5.52822655546699
58,Spannagel cave,729,SPA121_2021,429247,218278.836751343,173.958079013915,183.582166211709,-12.9103170790575,5.27282247274206
58,Spannagel cave,729,SPA121_2021,429248,218310.853504833,173.076644186891,183.621139024937,-12.9655947468861,5.31720722754158
58,Spannagel cave,729,SPA121_2021,429249,218342.250247638,173.930734623224,183.18972225918,-12.9308138513324,5.42612936654665
58,Spannagel cave,729,SPA121_2021,429250,218373.577095003,173.06612832885,184.462106358988,-12.8706994940847,5.51883732621572
58,Spannagel cave,729,SPA121_2021,429251,218403.902937786,174.40969266725,183.932469064282,-12.7681158584477,5.69190705694539
58,Spannagel cave,729,SPA121_2021,429252,218435.709933655,174.466837141576,184.749378076813,-12.6909047516181,5.7909859439351
58,Spannagel cave,729,SPA121_2021,429253,218466.672719676,174.708000322222,182.752372363058,-12.6773126046086,5.95867187751388
58,Spannagel cave,729,SPA121_2021,429254,218498.035846008,174.327947143611,182.343833630119,-12.9266922833319,6.08362714233675
58,Spannagel cave,729,SPA121_2021,429255,218529.123135722,173.631540635979,180.202544218657,-12.9027339868386,6.27083242985659
58,Spannagel cave,729,SPA121_2021,429256,218560.387898515,174.632479238033,177.944513866591,-12.9055442103333,6.2124566327665
58,Spannagel cave,729,SPA121_2021,429257,218592.008170398,176.291274148854,178.937341392128,-12.9638116972971,6.08612612178778
58,Spannagel cave,729,SPA121_2021,429258,218623.270141626,177.623028697271,180.599408661277,-12.9457172985683,6.02953717522715
58,Spannagel cave,729,SPA121_2021,429259,218654.429531673,179.359342103766,179.791322347679,-12.9462217009951,5.96021320723702
58,Spannagel cave,729,SPA121_2021,429260,218687.097879779,180.578184279264,182.373049309739,-12.9862128203007,5.95606805311654
58,Spannagel cave,729,SPA121_2021,429261,218719.04917408,180.581210532808,183.884215475817,-13.0337893657544,5.98149076660308
58,Spannagel cave,729,SPA121_2021,429262,218750.182277779,181.583536118851,185.3749675742,-12.9749727600578,6.08636038114029
58,Spannagel cave,729,SPA121_2021,429263,218780.920815578,183.902481515572,184.723193682206,-12.9190669514146,6.19881404272877
58,Spannagel cave,729,SPA121_2021,429264,218812.872667726,184.517807936092,187.071097159118,-12.9067997074262,6.16170370530354
58,Spannagel cave,729,SPA121_2021,429265,218844.542692275,184.625970148394,189.574195013993,-12.9958606167416,5.92158946253817
58,Spannagel cave,729,SPA121_2021,429266,218875.79080373,186.03921435072,188.813272988918,-12.9456358835179,5.88459535874555
58,Spannagel cave,729,SPA121_2021,429267,218907.099720691,188.547644277278,188.995323409676,-13.054940611338,5.83832825060424
58,Spannagel cave,729,SPA121_2021,429268,218938.646592091,187.83157557348,189.784190857783,-12.9703802911904,5.8948512962069
58,Spannagel cave,729,SPA121_2021,429269,218970.223401568,187.848678190436,191.784358981356,-12.9251391014031,5.98335059412726
58,Spannagel cave,729,SPA121_2021,429270,219001.854216083,189.217874488153,191.776656563365,-12.9139589145737,5.99819959209633
58,Spannagel cave,729,SPA121_2021,429271,219032.576653163,191.172422791831,191.295622108533,-12.988102818138,6.05811359710489
58,Spannagel cave,729,SPA121_2021,429272,219064.637585572,191.348839171318,192.759056127834,-13.0516794152612,5.94988765159059
58,Spannagel cave,729,SPA121_2021,429273,219096.126357058,194.83286706431,193.937294875417,-12.9807376385764,6.04332187770471
58,Spannagel cave,729,SPA121_2021,429274,219127.186736461,196.750070555456,195.211728312162,-13.0100593284892,6.1394610646654
58,Spannagel cave,729,SPA121_2021,429275,219158.489797061,199.430838742439,196.120459666796,-12.9522220471669,6.31752551689996
58,Spannagel cave,729,SPA121_2021,429276,219189.372509609,202.629212550411,196.082695450896,-12.8731433375526,6.42987648695689
58,Spannagel cave,729,SPA121_2021,429277,219221.119525798,204.423375743965,198.521924886794,-13.0965510967162,6.36996379711569
58,Spannagel cave,729,SPA121_2021,429278,219252.733066868,207.289759510575,199.882330890192,-12.946534587218,6.50454914383915
58,Spannagel cave,729,SPA121_2021,429279,219284.185016261,208.765504723066,201.250025440182,-12.9248198847701,6.42825391626741
58,Spannagel cave,729,SPA121_2021,429280,219316.160687197,212.018435800332,205.656312771724,-12.912330775923,6.42102790642795
58,Spannagel cave,729,SPA121_2021,429281,219347.85430319,213.905494326842,207.435098462738,-12.9740294728901,6.28336337757032
58,Spannagel cave,729,SPA121_2021,429282,219378.797196191,217.545569742855,208.257094522996,-13.0406693309171,6.00853017140721
58,Spannagel cave,729,SPA121_2021,429283,219410.404144946,220.039913339162,210.116980587627,-13.1161141143381,5.99115367902517
58,Spannagel cave,729,SPA121_2021,429284,219442.570968755,221.848546053312,212.859735466802,-13.0750806984588,6.07376267094114
58,Spannagel cave,729,SPA121_2021,429285,219506.500522595,224.922628921078,219.999368420831,-13.0597780557738,6.18963918025714
58,Spannagel cave,729,SPA121_2021,429286,219804.449328464,219.830302284972,220.065585453063,-13.0747480174856,6.28247966670824
58,Spannagel cave,729,SPA121_2021,429287,220099.810547368,220.548260545242,223.80565239524,-13.0991629856429,6.40822962272674
58,Spannagel cave,729,SPA121_2021,429288,220396.035788969,229.677991110948,230.251908929669,-13.2192988851497,6.40746161700903
58,Spannagel cave,729,SPA121_2021,429289,220689.820639963,254.118418641505,248.843782487529,-13.1409579454183,6.52723955588054
58,Spannagel cave,729,SPA121_2021,429290,220984.669313846,274.882480784872,268.509180426365,-13.0566313988681,6.64968388865833
58,Spannagel cave,729,SPA121_2021,429291,221279.398713494,295.595150155452,291.215081744856,-13.1692513783384,6.57328352795771
58,Spannagel cave,729,SPA121_2021,429292,221574.69356734,327.704794195422,313.012779150857,-13.1495973711404,6.5832540734438
58,Spannagel cave,729,SPA121_2021,429293,221871.384091997,357.637253344263,344.673015717126,-13.2287006667933,6.46871070037114
58,Spannagel cave,729,SPA121_2021,429294,222166.93769211,393.631292647449,370.177567499952,-13.1948155961084,6.59418428391138
58,Spannagel cave,729,SPA121_2021,429295,222463.222465101,424.156028945727,398.277637147577,-13.1742752529534,6.8562030380373
58,Spannagel cave,729,SPA121_2021,429296,222756.735723494,458.03406896675,427.548228763335,-13.1468512709953,6.97879884009118
58,Spannagel cave,729,SPA121_2021,429297,223052.597051785,489.524909335945,455.735064811801,-13.0778124986868,7.27418850281216
58,Spannagel cave,729,SPA121_2021,429298,223351.83545494,522.876970124053,492.09062432163,-13.0666703850414,7.23823674452766
58,Spannagel cave,729,SPA121_2021,429299,223646.649406265,553.526182353147,528.535823320388,-12.9578092683517,7.4586235914027
58,Spannagel cave,729,SPA121_2021,429300,223941.908398871,581.467338133254,560.888287938782,-12.8823181703729,7.70084253904266
58,Spannagel cave,729,SPA121_2021,429301,224236.11143712,612.650970064773,591.87282124639,-12.9457533651731,7.78442047758271
58,Spannagel cave,729,SPA121_2021,429302,224531.810843922,650.873887675843,628.311675470264,-13.0913976465525,7.61919578877156
58,Spannagel cave,729,SPA121_2021,429303,224828.492092338,696.67510261503,664.176619909209,-13.211817648843,7.39680504539007
58,Spannagel cave,729,SPA121_2021,429304,225126.436432953,735.823523878178,704.600097429124,-13.1300406493507,7.46958660195066
58,Spannagel cave,729,SPA121_2021,429305,225423.483517311,771.024580722937,746.84302595866,-13.1059066662053,7.44778199035364
58,Spannagel cave,729,SPA121_2021,429306,225721.890854094,807.904233018286,786.850254508317,-13.2971439127942,7.41319285478073
58,Spannagel cave,729,SPA121_2021,429307,226016.892004917,839.226835925569,823.433957818634,-13.1593659997984,7.47821042590619
58,Spannagel cave,729,SPA121_2021,429308,226312.078424906,873.835624362546,854.600118646078,-13.1540345044595,7.65935338854376
58,Spannagel cave,729,SPA121_2021,429309,226609.418291575,910.530415107991,885.358082990395,-13.1178286988457,7.69749085421856
58,Spannagel cave,729,SPA121_2021,429310,226905.279360732,951.645326078229,922.551990721171,-13.1092725625973,7.83126217874485
58,Spannagel cave,729,SPA121_2021,429311,227198.951541948,993.4115715925,957.072846532858,-13.0017413882329,8.04857307201064
58,Spannagel cave,729,SPA121_2021,429312,227494.269606272,1026.47041082726,997.366366470756,-13.0378264494134,8.24483182916041
58,Spannagel cave,729,SPA121_2021,429313,227791.174630552,1064.06595336643,1041.60575386824,-12.599887859087,9.0582023819084
58,Spannagel cave,729,SPA121_2021,429314,228086.373961424,1102.31734824809,1076.98335706923,-13.0665966395285,9.06440457479069
58,Spannagel cave,729,SPA121_2021,429315,228382.890147697,1138.72377082659,1112.90559919889,-12.4011598980957,9.64724171828714
58,Spannagel cave,729,SPA121_2021,429316,228534.98970824,1126.05263821196,1088.14089659098,-12.7174726786328,9.27992663106085
58,Spannagel cave,729,SPA121_2021,429317,228612.008170656,1090.03093454873,1063.22013096168,-13.083082497838,8.79831925373725
58,Spannagel cave,729,SPA121_2021,429318,228694.019336166,1069.99432627601,1029.30661425745,-13.2854470073132,8.06934934175226
58,Spannagel cave,729,SPA121_2021,429319,228775.297628946,1051.86685161598,1013.44721329733,-13.7065438963644,6.6814251012717
58,Spannagel cave,729,SPA121_2021,429320,228859.81096543,1027.97031835726,988.752699550852,-13.955367041166,6.14226838538459
58,Spannagel cave,729,SPA121_2021,429321,228947.409199171,998.488212005293,973.083485115203,-14.3337713658698,3.85238480527269
58,Spannagel cave,729,SPA121_2021,429322,229028.22760158,971.128792937932,949.980592679058,-14.5232880914726,2.90401969198365
58,Spannagel cave,729,SPA121_2021,429323,229106.878518165,938.746635567979,912.764244694816,-14.6302129422367,2.52913912785505
58,Spannagel cave,729,SPA121_2021,429324,229186.968061046,921.193690585671,886.656611683313,-14.6788294993846,2.3544284532549
58,Spannagel cave,729,SPA121_2021,429325,229267.469292401,904.02010553499,871.268470801413,-14.7407066986794,2.2796000153176
58,Spannagel cave,729,SPA121_2021,429326,229348.085629555,888.360069752787,848.957299611822,-14.479237651846,2.28055955665098
58,Spannagel cave,729,SPA121_2021,429327,229424.388290564,881.806264474522,832.645796227589,-14.6690125965194,2.26934102628542
58,Spannagel cave,729,SPA121_2021,429328,229508.830839188,876.002430803695,830.848893172923,-14.6057364189764,2.37646820357834
58,Spannagel cave,729,SPA121_2021,429329,229586.672578542,878.007853442483,813.288717036339,-14.6121181538655,2.3924791066754
58,Spannagel cave,729,SPA121_2021,429330,229674.671803381,891.908361225127,821.743408251612,-14.5606268219521,2.5563476856341
58,Spannagel cave,729,SPA121_2021,429331,229757.525870835,891.478591952065,823.553563033405,-14.4441107187699,2.66973670379419
58,Spannagel cave,729,SPA121_2021,429332,229841.166733764,898.783169854112,829.321075590822,-14.3919256463956,3.06558802634511
58,Spannagel cave,729,SPA121_2021,429333,229917.868088128,911.448060789262,844.065938494634,-14.2319490435247,3.42004065955925
58,Spannagel cave,729,SPA121_2021,429334,230007.415849575,897.159341309045,871.204792461445,-13.8711034428362,3.91594049942015
58,Spannagel cave,729,SPA121_2021,429335,230092.617683738,908.212182940595,896.251700945373,-13.7091692890364,4.50148089128975
58,Spannagel cave,729,SPA121_2021,429336,230260.451477757,932.048837302369,952.084019949514,-13.5481456082972,4.99119090267818
58,Spannagel cave,729,SPA121_2021,429337,230344.546836575,939.590890442865,977.08196180535,-13.5662518939946,4.79519344782799
58,Spannagel cave,729,SPA121_2021,429338,230417.608597623,959.820308977098,988.341684942367,-13.5173751574606,4.10607861107523
58,Spannagel cave,729,SPA121_2021,429339,230499.773185227,991.609522736399,1021.99619600782,-13.5317514490262,3.85559936062224
58,Spannagel cave,729,SPA121_2021,429340,230583.419309276,1024.07264190255,1036.36750182847,-13.574252442498,3.1310784455327
58,Spannagel cave,729,SPA121_2021,429341,230664.216055272,1053.83147726743,1058.18488360097,-13.5591910556975,2.6778382825834
58,Spannagel cave,729,SPA121_2021,429342,230745.484955866,1081.66185110822,1093.17721008058,-13.5364519014582,2.65921621121205
58,Spannagel cave,729,SPA121_2021,429343,230825.248099124,1126.29327262813,1138.61472696555,-13.3205274867117,2.65088958937255
58,Spannagel cave,729,SPA121_2021,429344,230908.150731648,1139.88500782877,1172.25597128354,-13.2491777671514,2.51301311535637
58,Spannagel cave,729,SPA121_2021,429345,230985.355886028,1172.7747447679,1212.95838497832,-13.1379625070899,2.44093334611221
58,Spannagel cave,729,SPA121_2021,429346,231063.157184741,1204.87368561499,1235.18451396713,-13.1634143749863,2.08837432783445
58,Spannagel cave,729,SPA121_2021,429347,231143.728533603,1245.68571878827,1276.99841845763,-13.0946216093834,1.9035931346161
58,Spannagel cave,729,SPA121_2021,429348,231219.348732434,1296.6293678619,1305.57723407171,-13.0619740449913,1.80425791500716
58,Spannagel cave,729,SPA121_2021,429349,231295.309976927,1339.21664713055,1341.20976366126,-13.0719575048489,1.62641205282511
58,Spannagel cave,729,SPA121_2021,429350,231441.410318354,1293.61974168001,1309.95417057336,-12.8188127971989,1.85876813140539
58,Spannagel cave,729,SPA121_2021,429351,231595.436196174,1249.41876560118,1268.88631991408,-12.5289887842975,2.07479031214373
58,Spannagel cave,729,SPA121_2021,429352,231747.923821667,1200.37671882287,1241.68697258178,-12.3429853791422,2.287030821218
58,Spannagel cave,729,SPA121_2021,429353,231895.803676747,1154.43334954762,1190.12558255027,-12.1185011062175,2.14338132166861
58,Spannagel cave,729,SPA121_2021,429354,232045.578643527,1114.01865037275,1159.50282286454,-12.2920396116352,1.9559770012448
58,Spannagel cave,729,SPA121_2021,429355,232186.407256419,1083.20783454934,1104.63638912397,-12.2334733276595,1.90995827262472
58,Spannagel cave,729,SPA121_2021,429356,232333.462740016,1036.65599902073,1069.62495137547,-12.2895003755423,1.60132287189842
58,Spannagel cave,729,SPA121_2021,429357,232486.553042495,986.140685519989,1037.64591010279,-12.441397658275,1.25823775683038
58,Spannagel cave,729,SPA121_2021,429358,232638.292950942,938.265169830585,1009.28002782483,-12.4011407062435,1.27667635531322
58,Spannagel cave,729,SPA121_2021,429359,232783.172600376,897.774883326201,971.473121067072,-12.3174821342719,1.44695981730611
58,Spannagel cave,729,SPA121_2021,429360,232932.618599006,856.901134452579,930.581513823825,-12.2147334784918,1.45549833282955
58,Spannagel cave,729,SPA121_2021,429361,233075.205048089,824.587978238356,904.33512217761,-12.4168459524742,1.46491492287893
58,Spannagel cave,729,SPA121_2021,429362,233221.921181815,797.691115584777,869.433657306683,-12.2141635852306,1.59415373924191
58,Spannagel cave,729,SPA121_2021,429363,233366.349466813,767.539769723662,830.955329489574,-12.2594624612783,1.45288716455527
58,Spannagel cave,729,SPA121_2021,429364,233509.402951525,751.218350732117,792.464466925361,-12.1982228789205,1.30551913502994
58,Spannagel cave,729,SPA121_2021,429365,233658.430240211,723.276290952839,777.833089182095,-12.2487060619129,1.35197824804168
58,Spannagel cave,729,SPA121_2021,429366,233798.861109221,706.776304071624,754.144454344467,-12.222121888314,1.13652035420093
58,Spannagel cave,729,SPA121_2021,429367,233942.830796758,692.351490489702,731.413945410983,-12.2176154464506,1.30713642353388
58,Spannagel cave,729,SPA121_2021,429368,234088.35567048,683.893765492307,720.135236570204,-12.1681845961595,1.14258546067659
58,Spannagel cave,729,SPA121_2021,429369,234234.73248007,664.798543781682,701.204314999835,-12.1111335978966,1.44186788461114
58,Spannagel cave,729,SPA121_2021,429370,234383.780102322,653.031078709639,693.399946012854,-11.9094082163064,1.58824024871335
58,Spannagel cave,729,SPA121_2021,429371,234529.332327267,647.999872827902,682.955062896508,-11.7809652530631,1.80399153757984
58,Spannagel cave,729,SPA121_2021,429372,234671.643657658,657.123917217832,684.542740402452,-11.8818551542707,1.69873926764825
58,Spannagel cave,729,SPA121_2021,429373,234815.534379972,661.408676992287,673.366268253914,-11.8902025839822,1.37416784017091
58,Spannagel cave,729,SPA121_2021,429374,234958.729685595,668.464625084336,672.583293792297,-11.8215594314613,1.53852608848881
58,Spannagel cave,729,SPA121_2021,429375,235099.828471209,689.476107458031,688.554169906012,-11.4947187321511,1.81811651752337
58,Spannagel cave,729,SPA121_2021,429376,235247.557331792,706.989680551778,694.225021066959,-11.2224955928095,2.1537204979593
58,Spannagel cave,729,SPA121_2021,429377,235393.799820253,724.470482495526,715.472824220022,-11.1349565218393,1.88607643804325
58,Spannagel cave,729,SPA121_2021,429378,235537.860466895,769.992803330097,736.564572746254,-11.1068338172088,1.73111047945662
58,Spannagel cave,729,SPA121_2021,429379,235685.00108805,796.657927897439,767.016684442729,-10.9863846366879,1.80783729407103
58,Spannagel cave,729,SPA121_2021,429380,235736.12459212,779.540833822975,745.565858540736,-10.738796706327,1.96861226712104
58,Spannagel cave,729,SPA121_2021,429381,235787.420179149,764.651741098263,732.345379974227,-10.5831838158491,2.38933399311129
58,Spannagel cave,729,SPA121_2021,429382,235845.791723615,733.689326624299,723.371080677054,-10.5039836252399,2.66385546417425
58,Spannagel cave,729,SPA121_2021,429383,235898.148089079,713.589088573062,704.171212569345,-10.2411621277562,2.71260794949124
58,Spannagel cave,729,SPA121_2021,429384,235948.272156374,696.366462356906,681.781935213599,-10.0778540026415,2.61156293575582
58,Spannagel cave,729,SPA121_2021,429385,235999.793861562,673.859059960494,657.64906946171,-10.050885124378,2.32469783121249
58,Spannagel cave,729,SPA121_2021,429386,236052.738335631,659.596869251603,641.010279144422,-9.91193533561392,2.33208409086315
58,Spannagel cave,729,SPA121_2021,429387,236102.788690623,639.769848706579,622.121010576549,-9.97416769284587,2.22703437233943
58,Spannagel cave,729,SPA121_2021,429388,236157.954082065,613.501266221952,610.617573737196,-9.78514999788904,2.34929750820259
58,Spannagel cave,729,SPA121_2021,429389,236209.361500273,590.754207208869,592.593079545884,-9.9432299147076,2.31259043659444
58,Spannagel cave,729,SPA121_2021,429390,236259.094486166,575.536805348354,580.725003477826,-9.95315681245132,2.20350115439269
58,Spannagel cave,729,SPA121_2021,429391,236312.553526173,565.371772922255,568.583109720959,-9.87458724046297,2.3043764981817
58,Spannagel cave,729,SPA121_2021,429392,236360.354560576,560.10177604988,552.979472712323,-9.85290167598563,2.2196823216039
58,Spannagel cave,729,SPA121_2021,429393,236412.518574134,546.623486940691,541.633038089552,-9.954837620608,2.09547251739055
58,Spannagel cave,729,SPA121_2021,429394,236458.922664492,548.608292048884,528.482581601798,-9.95557943423148,1.8552890249982
58,Spannagel cave,729,SPA121_2021,429395,236511.132813226,540.946212473151,523.348914140137,-9.88250480933513,1.68023235049504
58,Spannagel cave,729,SPA121_2021,429396,236562.375545485,537.812105483201,521.066014231357,-9.92167219665678,1.52545482310215
58,Spannagel cave,729,SPA121_2021,429397,236617.314613219,529.85898038809,519.848809060524,-10.0038004728131,1.40786922167857
58,Spannagel cave,729,SPA121_2021,429398,236671.20082895,528.004018144624,512.635151479219,-9.89922146714314,1.31130483616439
58,Spannagel cave,729,SPA121_2021,429399,236722.259681236,532.830057107407,506.209919587447,-9.93801817411941,1.29611831490807
58,Spannagel cave,729,SPA121_2021,429400,236772.404456471,532.356295913807,511.697836979467,-9.98749872119175,1.21443128799704
58,Spannagel cave,729,SPA121_2021,429401,236817.969494656,539.807358743652,519.814760249777,-9.75142058701858,1.72083509530361
58,Spannagel cave,729,SPA121_2021,429402,236873.188309626,538.94471038293,524.641885373334,-9.72553051025696,1.78440392117953
58,Spannagel cave,729,SPA121_2021,429403,236928.684259405,545.368582847761,531.427841730329,-9.76631788183818,1.74864935166123
58,Spannagel cave,729,SPA121_2021,429404,236985.115575655,548.392373383715,544.374481790961,-9.71390914495469,1.86309485148029
58,Spannagel cave,729,SPA121_2021,429405,237034.986832888,562.363482309971,543.837129780906,-9.74242157336609,1.90621901504391
58,Spannagel cave,729,SPA121_2021,429406,237088.119186996,573.559494720452,553.970472542889,-9.64211122348868,1.92904292111587
58,Spannagel cave,729,SPA121_2021,429407,237141.942789957,582.321440262924,574.795861785358,-9.60594475204805,1.9022372571743
58,Spannagel cave,729,SPA121_2021,429408,237192.200808108,598.573132422112,592.82552869455,-9.51633723659455,2.00051997361233
58,Spannagel cave,729,SPA121_2021,429409,237242.152937558,614.776415095199,603.680039596104,-9.5257199632941,1.94706297408104
58,Spannagel cave,729,SPA121_2021,429410,237292.358832146,632.258700380567,611.997559149284,-9.5694651852604,1.79693586260631
58,Spannagel cave,729,SPA121_2021,429411,237345.882079239,646.590368297126,625.381380619074,-9.52355642595369,1.81532368979974
58,Spannagel cave,729,SPA121_2021,429412,237399.885014251,660.974591642298,648.633113448595,-9.41241680491999,1.86337164155884
58,Spannagel cave,729,SPA121_2021,429413,237449.856511874,681.96504230547,667.285913523549,-9.54805794529365,1.9034413829716
58,Spannagel cave,729,SPA121_2021,429414,237497.907430107,701.237608664756,688.016988632007,-9.4968968568872,1.80142597267366
58,Spannagel cave,729,SPA121_2021,429415,237523.119496429,693.647374387569,683.084459366393,-9.53644810120696,1.79762804232766
58,Spannagel cave,729,SPA121_2021,429416,237547.595874956,686.818120051845,677.159960293706,-9.57828834536435,1.79281688228337
58,Spannagel cave,729,SPA121_2021,429417,237572.113351627,681.458078305994,669.510951572767,-9.62517000633436,1.7271308604468
58,Spannagel cave,729,SPA121_2021,429418,237597.546284928,671.550270541251,660.780413998582,-9.58797484401449,1.71726145858819
58,Spannagel cave,729,SPA121_2021,429419,237622.551828414,662.068044034648,654.66714300678,-9.54668699358524,1.93329358083402
58,Spannagel cave,729,SPA121_2021,429420,237646.700249061,653.694702241453,645.658783623629,-9.44637526743593,1.95414441512061
58,Spannagel cave,729,SPA121_2021,429421,237670.327633871,652.329021641053,637.922041559825,-9.48048935685173,1.92124443463101
58,Spannagel cave,729,SPA121_2021,429422,237695.958069094,644.752194048429,630.22575256179,-9.45836476412367,1.90886934819408
58,Spannagel cave,729,SPA121_2021,429423,237721.143296861,636.307422541082,621.192995806341,-9.3899951514392,1.95305795074874
58,Spannagel cave,729,SPA121_2021,429424,237745.621163103,627.568730626313,616.60892025166,-9.40681822652061,1.88784451457025
58,Spannagel cave,729,SPA121_2021,429425,237770.216162354,622.713869938802,610.286231876817,-9.41405721067527,1.95013015088267
58,Spannagel cave,729,SPA121_2021,429426,237796.219226903,617.469124125841,605.604626254877,-9.34808078386046,1.91024119134807
58,Spannagel cave,729,SPA121_2021,429427,237822.050971268,607.805619963445,599.097232090426,-9.35751956659852,1.91030618024854
58,Spannagel cave,729,SPA121_2021,429428,237846.404912964,599.993495125906,591.021703575418,-9.35483949473621,1.94570093527721
58,Spannagel cave,729,SPA121_2021,429429,237873.20476673,592.114562608331,585.680165600847,-9.41358831466089,1.85679895793253
58,Spannagel cave,729,SPA121_2021,429430,237897.353024129,583.994816160237,582.267148798099,-9.43002010179105,1.76637345873548
58,Spannagel cave,729,SPA121_2021,429431,237921.717788818,578.75438766455,575.856270435266,-9.44408876566223,1.62413592785283
58,Spannagel cave,729,SPA121_2021,429432,237946.625307535,569.465638761263,571.506376018457,-9.41819301517656,1.66566573695832
58,Spannagel cave,729,SPA121_2021,429433,237970.692783341,563.034907581663,566.374321904994,-9.45836384952135,1.58524293448808
58,Spannagel cave,729,SPA121_2021,429434,237997.258462245,559.47160286142,562.596195136022,-9.40231970627221,1.6963353927757
58,Spannagel cave,729,SPA121_2021,429435,238023.151954031,549.876656743378,558.037785457942,-9.39568740231242,1.76218155360965
58,Spannagel cave,729,SPA121_2021,429436,238048.312946449,544.19286012926,555.45046941124,-9.46005971443136,1.63651415528003
58,Spannagel cave,729,SPA121_2021,429437,238072.479543703,539.222193505615,546.975684258156,-9.40457174619112,1.71902739570304
58,Spannagel cave,729,SPA121_2021,429438,238098.783755083,533.62812663315,543.132741539594,-9.50311307323547,1.54271550529086
58,Spannagel cave,729,SPA121_2021,429439,238123.759097079,528.734188007424,538.288554460334,-9.64808670194528,1.62005389126725
58,Spannagel cave,729,SPA121_2021,429440,238148.727403901,528.980839279946,532.807815633219,-9.42353312709952,1.79902979909248
58,Spannagel cave,729,SPA121_2021,429441,238174.270640378,521.488061220123,528.335606558801,-9.5460726875902,1.64403969853931
58,Spannagel cave,729,SPA121_2021,429442,238200.503277435,518.066289038252,523.149303391896,-9.45111976744687,1.74773738718697
58,Spannagel cave,729,SPA121_2021,429443,238225.187235235,511.200882227742,515.301553298981,-9.52419333378985,1.6970551647722
58,Spannagel cave,729,SPA121_2021,429444,238248.969929854,507.341478168441,511.450046594313,-9.45505708674208,1.70787623445339
58,Spannagel cave,729,SPA121_2021,429445,238273.77261669,502.343569387362,507.328656544763,-9.43746615371339,1.83329153235142
58,Spannagel cave,729,SPA121_2021,429446,238297.810097105,499.786527985969,499.081156725937,-9.44369444600191,1.80510041250161
58,Spannagel cave,729,SPA121_2021,429447,238322.236917553,497.182045077992,491.690507764986,-9.31116411108179,1.93033018128175
58,Spannagel cave,729,SPA121_2021,429448,238347.506194661,490.997482169216,484.229402527213,-9.41412988584918,1.7986459146973
58,Spannagel cave,729,SPA121_2021,429449,238371.926957827,487.810351806111,481.342602048797,-9.28161956165115,1.96102836820991
58,Spannagel cave,729,SPA121_2021,429450,238396.182073776,482.840908907907,473.101091959456,-9.21176995031255,1.9589565286132
58,Spannagel cave,729,SPA121_2021,429451,238419.409527959,482.195220802852,468.706754862855,-9.24150605782483,1.86407400700967
58,Spannagel cave,729,SPA121_2021,429452,238444.930383111,477.450799277576,465.394296353566,-9.28890534168653,1.8229008237311
58,Spannagel cave,729,SPA121_2021,429453,238470.297558993,475.3375131746,461.525045516843,-9.34971959741725,1.83058231620435
58,Spannagel cave,729,SPA121_2021,429454,238495.830511848,473.321708661999,456.550258616568,-9.21999934878867,1.75278499038387
58,Spannagel cave,729,SPA121_2021,429455,238519.436519279,473.006088920723,451.917265429511,-9.23040610903769,1.72502462219781
58,Spannagel cave,729,SPA121_2021,429456,238543.782292931,470.692557483329,448.20194973133,-9.28263447899389,1.69591458847936
58,Spannagel cave,729,SPA121_2021,429457,238569.152426682,468.38610324965,450.683219783969,-9.26849457945937,1.62879293562226
58,Spannagel cave,729,SPA121_2021,429458,238595.082402272,465.42805359175,451.184848099365,-9.3874454451469,1.46289143403933
58,Spannagel cave,729,SPA121_2021,429459,238618.193212441,463.198792725685,448.826050061849,-9.2669224496339,1.58955479853881
58,Spannagel cave,729,SPA121_2021,429460,238642.440887158,463.012307507393,444.804908974271,-9.42140828582738,1.50964478563533
58,Spannagel cave,729,SPA121_2021,429461,238665.58443102,462.252129988134,441.409660257195,-9.36450439046577,1.57449210150744
58,Spannagel cave,729,SPA121_2021,429462,238691.467133558,458.965292925568,444.825727298186,-9.38670250099451,1.50989686223072
58,Spannagel cave,729,SPA121_2021,429463,238713.603102003,460.703068232368,439.844999341643,-9.42797188200418,1.51763761908019
58,Spannagel cave,729,SPA121_2021,429464,238739.498073379,456.223692168016,437.075988898578,-9.3807711974832,1.56733691601038
58,Spannagel cave,729,SPA121_2021,429465,238765.294314868,452.587014342658,440.774555397016,-9.41216492676993,1.5227578848817
58,Spannagel cave,729,SPA121_2021,429466,238789.558615079,453.158214484138,439.648629641073,-9.35821811114215,1.52128727391637
58,Spannagel cave,729,SPA121_2021,429467,238814.058223055,450.292274424195,434.094065504178,-9.40543868351372,1.48802438561927
58,Spannagel cave,729,SPA121_2021,429468,238839.736520669,446.085007513728,437.252910214622,-9.32161617680499,1.59099796024624
58,Spannagel cave,729,SPA121_2021,429469,238864.574480317,446.374762849824,438.458605097258,-9.38283232710022,1.6170783568056
58,Spannagel cave,729,SPA121_2021,429470,238891.202183962,446.563349562959,441.835973425827,-9.29908197065715,1.53117192783842
58,Spannagel cave,729,SPA121_2021,429471,238917.031889156,446.691939024953,438.536100118712,-9.35245356605221,1.47320875574528
58,Spannagel cave,729,SPA121_2021,429472,238942.415329405,447.291664783494,436.662792603543,-9.48646406465707,1.63556615284429
58,Spannagel cave,729,SPA121_2021,429473,238967.864233285,444.732957968314,439.619636962598,-9.51327358689937,1.54205424952461
58,Spannagel cave,729,SPA121_2021,429474,238992.969021521,444.276753765094,434.002253944636,-9.42773611916083,1.6077088376222
58,Spannagel cave,729,SPA121_2021,429475,239019.000126689,441.618769873399,437.927313865657,-9.45130076107434,1.68929872680754
58,Spannagel cave,729,SPA121_2021,429476,239044.744193013,439.310950734478,441.463008566527,-9.39650751393788,1.67224457416062
58,Spannagel cave,729,SPA121_2021,429477,239071.09086889,439.199672212417,444.343263150222,-9.37504719874571,1.69027702423344
58,Spannagel cave,729,SPA121_2021,429478,239095.104736552,439.067293144268,444.805934002914,-9.33683379073505,1.70989623579241
58,Spannagel cave,729,SPA121_2021,429479,239119.372696143,441.796808306623,448.174629060843,-9.34479832925543,1.68232775021341
58,Spannagel cave,729,SPA121_2021,429480,239143.367755419,443.238018327771,443.419260445487,-9.29943131490449,1.68593679592537
58,Spannagel cave,729,SPA121_2021,429481,239166.529332004,444.157687088562,443.987564136914,-9.39443327964366,1.56240239385263
58,Spannagel cave,729,SPA121_2021,429482,239189.049930737,451.711989399046,444.03940829364,-9.43139018979312,1.50605590608
58,Spannagel cave,729,SPA121_2021,429483,239212.799118558,458.646989551635,441.541963806056,-9.44105795220112,1.4600529644011
58,Spannagel cave,729,SPA121_2021,429484,239236.509877419,467.941935897514,442.784370525973,-9.47857052479391,1.38951165102643
58,Spannagel cave,729,SPA121_2021,429485,239260.716064221,465.793890462548,444.738249992894,-9.34770846915749,1.46688717142984
58,Spannagel cave,729,SPA121_2021,429486,239285.176278469,467.719155395927,447.537773004762,-9.44201426454544,1.37012601305162
58,Spannagel cave,729,SPA121_2021,429487,239309.075176904,472.308097059256,449.665929157432,-9.34250781793171,1.44899671488629
58,Spannagel cave,729,SPA121_2021,429488,239334.377165536,474.187708205311,454.190855381399,-9.43639617925266,1.45356334363474
58,Spannagel cave,729,SPA121_2021,429489,239362.466641039,471.01252432575,462.427505048312,-9.32191235277183,1.61423197510115
58,Spannagel cave,729,SPA121_2021,429490,239386.80158464,475.745226751809,465.295988540049,-9.32083990132672,1.4704227348826
58,Spannagel cave,729,SPA121_2021,429491,239411.018200838,478.833274875302,468.922309040528,-9.36707618363809,1.7241887622331
58,Spannagel cave,729,SPA121_2021,429492,239436.261949373,488.2864762932,474.530998990056,-9.3045730347762,1.6605080421218
58,Spannagel cave,729,SPA121_2021,429493,239461.097684245,493.050931080506,478.195573769888,-9.35196355529009,1.73160162604038
58,Spannagel cave,729,SPA121_2021,429494,239484.251831656,500.306003642443,484.46296573992,-9.31164917537557,1.70352220450325
58,Spannagel cave,729,SPA121_2021,429495,239511.022701919,500.168596056174,493.374613914813,-9.36105706844453,1.70915661850148
58,Spannagel cave,729,SPA121_2021,429496,239534.037849414,509.083402630931,494.323539528938,-9.51723048775882,1.64654728331021
58,Spannagel cave,729,SPA121_2021,429497,239559.490105627,513.523556611617,497.125043582113,-9.54083865165068,1.70289464217645
58,Spannagel cave,729,SPA121_2021,429498,239586.182162049,515.464114524308,503.918550711911,-9.43355935158846,1.67393237313634
58,Spannagel cave,729,SPA121_2021,429499,239611.455593801,518.115510024101,509.836548485648,-9.54811843208241,1.57889863182426
58,Spannagel cave,729,SPA121_2021,429500,239637.33416945,519.75166337355,516.826607008872,-9.55665868635776,1.52882672138824
58,Spannagel cave,729,SPA121_2021,429501,239662.433863911,523.642738730385,521.676604754408,-9.43798751496454,1.54907567441567
58,Spannagel cave,729,SPA121_2021,429502,239686.018055584,531.45229175681,526.079401042516,-9.48730816229881,1.54322979788632
58,Spannagel cave,729,SPA121_2021,429503,239711.674817328,537.762759519333,532.895241061575,-9.48168107843536,1.56706506568162
58,Spannagel cave,729,SPA121_2021,429504,239735.412577683,542.833131843829,536.861767042137,-9.5084481888258,1.47634757687287
58,Spannagel cave,729,SPA121_2021,429505,239762.448564721,543.774161569483,546.051210215141,-9.47881750772043,1.42112251217647
58,Spannagel cave,729,SPA121_2021,429506,239788.386566208,547.634596904129,553.014685303497,-9.4474343252147,1.55559278813143
58,Spannagel cave,729,SPA121_2021,429507,239814.343612676,553.005423892464,560.419477509422,-9.44669769381788,1.74193714965781
58,Spannagel cave,729,SPA121_2021,429508,239841.134429838,557.09872703912,569.832714124175,-9.40774824352033,1.49324867414155
58,Spannagel cave,729,SPA121_2021,429509,239866.836894659,562.965623411117,575.241599272122,-9.58548817143897,1.28224967392434
58,Spannagel cave,729,SPA121_2021,429510,239892.856662919,567.834966281953,582.99329425476,-9.64190000097772,1.29169156153368
58,Spannagel cave,729,SPA121_2021,429511,239916.231157297,574.240140687325,588.738145773357,-9.47506864453228,1.46888048039649
58,Spannagel cave,729,SPA121_2021,429512,239939.677721317,579.150531946449,596.246675856964,-9.67161951410795,1.26715377062201
58,Spannagel cave,729,SPA121_2021,429513,239966.260648781,578.995965981449,605.432334645069,-9.79186251158074,1.15890766546792
58,Spannagel cave,729,SPA121_2021,429514,239992.707965825,581.820833871578,616.141557203169,-9.75594611982241,1.0667432650619
58,Spannagel cave,729,SPA121_2021,429515,240043.59661848,571.521479102026,595.524509700219,-9.67925856079757,1.21686395086932
58,Spannagel cave,729,SPA121_2021,429516,240096.467445807,556.629123977327,575.765092093294,-9.72892231391807,1.11964171564938
58,Spannagel cave,729,SPA121_2021,429517,240149.904896247,541.748721010168,557.817824175931,-9.51862617473908,1.51316195630814
58,Spannagel cave,729,SPA121_2021,429518,240204.552283853,524.200600326702,542.190430374059,-9.52389459778276,1.52863168491801
58,Spannagel cave,729,SPA121_2021,429519,240259.302237646,505.472530911968,522.227261709748,-9.55606563571752,1.58470440923401
58,Spannagel cave,729,SPA121_2021,429520,240312.289589198,487.587874939549,499.654259633011,-9.29423362195964,1.84693595594925
58,Spannagel cave,729,SPA121_2021,429521,240365.444856544,472.677691445802,481.62546984214,-8.88590571090909,2.58740482737565
58,Spannagel cave,729,SPA121_2021,429522,240418.535921389,458.3927099875,464.852948531334,-8.76588819153847,2.80651760507449
58,Spannagel cave,729,SPA121_2021,429523,240472.114420166,451.044658732892,446.002301665343,-8.78566580958586,2.94826318154471
58,Spannagel cave,729,SPA121_2021,429524,240527.024711372,435.106616736244,431.185866860033,-8.87777331106668,2.95355018817927
58,Spannagel cave,729,SPA121_2021,429525,240581.12511872,416.599333036691,416.324836664746,-9.02502039860271,2.81253602370869
58,Spannagel cave,729,SPA121_2021,429526,240633.963967468,405.163400372781,400.470418568642,-9.22590889851962,2.65622479889344
58,Spannagel cave,729,SPA121_2021,429527,240687.098323183,389.598671571614,384.679357398185,-9.40036468146835,2.54181513860192
58,Spannagel cave,729,SPA121_2021,429528,240742.344115839,372.27212762105,370.29831473378,-9.22618536325463,2.82584405483564
58,Spannagel cave,729,SPA121_2021,429529,240796.14235325,362.752884989168,354.412789349561,-9.02235374773015,2.93524086904399
58,Spannagel cave,729,SPA121_2021,429530,240851.288455151,344.477402918594,341.266911927378,-9.19250691051814,2.66251584252973
58,Spannagel cave,729,SPA121_2021,429531,240903.009963744,331.646603458736,325.653583778214,-9.28959548951009,2.61155556417782
58,Spannagel cave,729,SPA121_2021,429532,240956.522834714,316.790828960773,316.400836405926,-9.58841906531799,2.19718065010336
58,Spannagel cave,729,SPA121_2021,429533,241008.483586643,307.47285912768,302.431688370736,-9.67717925947235,2.10206895079584
58,Spannagel cave,729,SPA121_2021,429534,241063.527693223,293.844214103476,296.884800362866,-9.72577150501522,2.04890344788682
58,Spannagel cave,729,SPA121_2021,429535,241117.96688546,280.798080271576,282.426478371548,-9.73781497644681,2.0390738230986
58,Spannagel cave,729,SPA121_2021,429536,241172.066727693,271.361691412865,272.885805482249,-9.76245433535152,1.98065335644708
58,Spannagel cave,729,SPA121_2021,429537,241226.37329947,261.08387363737,267.534988814848,-9.90675239945761,1.92730334423478
58,Spannagel cave,729,SPA121_2021,429538,241277.094021712,257.484566499596,257.922830854659,-9.81584204077947,1.56234907456828
58,Spannagel cave,729,SPA121_2021,429539,241330.289732613,250.520957734843,252.946337907924,-10.1705626914572,1.49870941059176
58,Spannagel cave,729,SPA121_2021,429540,241384.408453828,243.20839605073,246.433050330059,-10.1131479724311,1.40361053096258
58,Spannagel cave,729,SPA121_2021,429541,241439.604583604,234.914966395008,244.863420031179,-10.3184158481947,1.33163309025822
58,Spannagel cave,729,SPA121_2021,429542,241496.560765191,228.043567036046,247.36864839663,-10.0354063532667,1.61861013624827
58,Spannagel cave,729,SPA121_2021,429543,241550.109050608,227.315275098634,246.86456002426,-9.94104047676498,1.87867847155637
58,Spannagel cave,729,SPA121_2021,429544,241604.109839659,223.318673392583,245.932964989566,-10.0016865917784,1.91030607503975
58,Spannagel cave,729,SPA121_2021,429545,241657.636613909,221.295905621722,251.069145406451,-10.0233456104566,1.79727886208031
58,Spannagel cave,729,SPA121_2021,429546,241710.336623874,225.437119013339,253.734662191593,-10.1724072582179,1.7481574390463
58,Spannagel cave,729,SPA121_2021,429547,241765.642014442,226.421515520604,258.212330006761,-10.0384962909261,1.63761260840123
58,Spannagel cave,729,SPA121_2021,429548,241821.496047135,227.275449885783,264.306047954393,-10.1290988834077,1.6035538580667
58,Spannagel cave,729,SPA121_2021,429549,241874.972635335,237.736555003386,271.727200762311,-10.2114249358569,1.57940725391356
58,Spannagel cave,729,SPA121_2021,429550,241884.607232343,232.042298351851,262.801222100272,-10.316923490333,1.4906709075055
58,Spannagel cave,729,SPA121_2021,429551,241894.999624424,225.614606532152,255.055644744891,-9.9739037187291,1.90277990855075
58,Spannagel cave,729,SPA121_2021,429552,241905.450278664,219.291198267572,248.372332586499,-10.0227260092655,1.88989175301256
58,Spannagel cave,729,SPA121_2021,429553,241916.286923394,212.954748443648,240.495555936039,-10.1333338816651,1.72845858597417
58,Spannagel cave,729,SPA121_2021,429554,241926.455950274,206.398566482065,232.514950572804,-10.1594888389721,1.83584669537731
58,Spannagel cave,729,SPA121_2021,429555,241936.679861862,202.321412563062,221.48077963703,-10.2330341634436,1.79953236814491
58,Spannagel cave,729,SPA121_2021,429556,241947.201374415,196.208195481915,214.26812160993,-10.4434944267228,1.42203382683151
58,Spannagel cave,729,SPA121_2021,429557,241957.495316292,191.859791809344,204.221438474255,-10.4280135363487,1.44843094886084
58,Spannagel cave,729,SPA121_2021,429558,241967.938819733,186.24291025204,198.342004660022,-10.2935610644828,1.62530757435065
58,Spannagel cave,729,SPA121_2021,429559,241978.42379596,180.869363770529,189.818550064985,-10.4769813693458,1.61252337302055
58,Spannagel cave,729,SPA121_2021,429560,241988.317694034,177.23941305597,182.723799720727,-10.3275645547944,1.7636600107605
58,Spannagel cave,729,SPA121_2021,429561,241998.561699882,174.077335429174,178.207326352946,-10.3280010441619,1.72521637677574
58,Spannagel cave,729,SPA121_2021,429562,242010.273270869,169.370082174137,175.943640363694,-10.381721127928,1.70394603431306
58,Spannagel cave,729,SPA121_2021,429563,242020.928077853,165.070260675275,171.648249376216,-10.4273296539345,1.60335221800803
58,Spannagel cave,729,SPA121_2021,429564,242031.657400832,161.493901623355,166.476365824143,-10.5147171869599,1.53449922495792
58,Spannagel cave,729,SPA121_2021,429565,242043.115766291,156.667042555287,163.262901257607,-10.6847454273057,1.46823231610957
58,Spannagel cave,729,SPA121_2021,429566,242053.688732234,153.742085914913,161.437446544092,-10.7851489086308,1.30485216364597
58,Spannagel cave,729,SPA121_2021,429567,242063.194484834,152.395764851186,159.804284399666,-10.7802421196329,1.3943989938672
58,Spannagel cave,729,SPA121_2021,429568,242073.805198222,151.621686825674,160.124711968208,-10.8252506989496,1.42324405827216
58,Spannagel cave,729,SPA121_2021,429569,242085.257987466,150.905877432728,161.025366231595,-10.8037038982266,1.50727459289532
58,Spannagel cave,729,SPA121_2021,429570,242096.598952774,155.427404575225,159.593618533894,-10.8265414013932,1.39374433052712
58,Spannagel cave,729,SPA121_2021,429571,242107.796312134,156.439768960467,160.436008391669,-10.8727357446215,1.40261785198262
58,Spannagel cave,729,SPA121_2021,429572,242118.965709061,154.71786957109,163.911705034552,-10.891418215842,1.27931522534373
58,Spannagel cave,729,SPA121_2021,429573,242130.235945051,155.429839116114,165.130886565516,-10.7982299963261,1.35440804819199
58,Spannagel cave,729,SPA121_2021,429574,242140.117705161,158.359426481416,169.280085782957,-10.9370209873756,1.33972817079262
58,Spannagel cave,729,SPA121_2021,429575,242150.989817796,162.19509196459,171.809594222839,-10.7664193968958,1.44400367357959
58,Spannagel cave,729,SPA121_2021,429576,242161.255081031,168.654289781931,172.602842830616,-10.7266647737859,1.53679117744995
58,Spannagel cave,729,SPA121_2021,429577,242171.215689666,171.622895210836,173.139276265225,-10.723060594886,1.62293715922176
58,Spannagel cave,729,SPA121_2021,429578,242182.709109902,178.107021932839,179.459167989495,-10.6472409342763,1.72662447248199
58,Spannagel cave,729,SPA121_2021,429579,242191.729183687,186.459271477041,186.005285441031,-10.7760425529748,1.56533760803256
58,Spannagel cave,729,SPA121_2021,429580,242207.624148296,180.196313191787,177.592406585289,-10.6488759380474,1.74476356364891
58,Spannagel cave,729,SPA121_2021,429581,242223.13031329,172.82364276718,169.028144696,-10.6574279466277,1.77244401614574
58,Spannagel cave,729,SPA121_2021,429582,242239.759389416,168.891717385966,165.009448694851,-10.6798494270956,1.72825538874113
58,Spannagel cave,729,SPA121_2021,429583,242254.136363245,164.160988243122,162.307522151736,-10.6482330349758,1.74361650422736
58,Spannagel cave,729,SPA121_2021,429584,242270.789617309,161.81130758315,159.644114114111,-10.7398599031259,1.63519753075501
58,Spannagel cave,729,SPA121_2021,429585,242286.812451355,161.183953199448,164.136910184519,-10.7079879956985,1.66486058730911
58,Spannagel cave,729,SPA121_2021,429586,242302.223266675,162.559484302386,169.783281278564,-10.753141450698,1.49710678305669
58,Spannagel cave,729,SPA121_2021,429587,242317.328221214,168.734605317586,174.901608407061,-10.8671498928351,1.60264299578543
58,Spannagel cave,729,SPA121_2021,429588,242333.826984648,173.757027095853,182.891652502556,-10.7014006260256,1.50969329854917
58,Spannagel cave,729,SPA121_2021,429589,242349.142544433,183.741769200744,188.791528188856,-10.8263657603873,1.4799083784444
58,Spannagel cave,729,SPA121_2021,429590,242364.301234081,194.098743261799,196.277725283871,-10.9038903991243,1.30337112571579
58,Spannagel cave,729,SPA121_2021,429591,242378.041149981,210.124550397828,202.567667175521,-10.9125965858545,1.44208779565634
58,Spannagel cave,729,SPA121_2021,429592,242393.456902564,222.019333859847,212.604816237697,-10.9128262094293,1.45182653823552
58,Spannagel cave,729,SPA121_2021,429593,242409.603798185,235.550383987807,222.739429613895,-10.877496554405,1.50918236232339
58,Spannagel cave,729,SPA121_2021,429594,242424.04843688,248.642554304359,230.530688386527,-10.9686196774395,1.44385589117938
58,Spannagel cave,729,SPA121_2021,429595,242435.507148685,250.570252653968,229.257517754188,-10.9398379499725,1.3398785688179
58,Spannagel cave,729,SPA121_2021,429596,242444.120584031,246.768993820267,223.198560873745,-11.0735379513232,1.3221034057869
58,Spannagel cave,729,SPA121_2021,429597,242451.611895978,244.00584231969,213.398382515123,-11.0442616750612,1.53486894709652
58,Spannagel cave,729,SPA121_2021,429598,242459.633768085,240.345001469512,207.192751567025,-11.1522399482121,1.37519469836342
58,Spannagel cave,729,SPA121_2021,429599,242468.550130716,237.58521203202,202.914078095346,-11.0224699576978,1.5721609884561
58,Spannagel cave,729,SPA121_2021,429600,242478.02635096,231.657364759099,200.789885643579,-11.1580708702783,1.49319065305602
58,Spannagel cave,729,SPA121_2021,429601,242485.928115873,227.514483757841,198.20697365122,-11.1203473462132,1.62944807128336
58,Spannagel cave,729,SPA121_2021,429602,242495.595658489,223.857762702188,197.235732406669,-11.282001299673,1.61053950498211
58,Spannagel cave,729,SPA121_2021,429603,242504.404505526,219.519351831928,195.383909965749,-11.3563004782598,1.57132334049217
58,Spannagel cave,729,SPA121_2021,429604,242512.501500631,218.024440742796,191.139312738873,-11.4308240883379,1.44948016282776
58,Spannagel cave,729,SPA121_2021,429605,242520.407901538,216.894773515844,188.555594906065,-11.7539663824259,1.3314047418745
58,Spannagel cave,729,SPA121_2021,429606,242529.351932228,215.08327472533,186.052736225247,-11.655191472079,1.38200444034934
58,Spannagel cave,729,SPA121_2021,429607,242537.877169333,213.996627090877,184.963110935816,-11.7392078106998,1.39142947338745
58,Spannagel cave,729,SPA121_2021,429608,242547.633123053,209.718405763677,186.096638163406,-11.6183942270245,1.40876551605937
58,Spannagel cave,729,SPA121_2021,429609,242556.863358958,207.508992883726,187.630298950186,-11.7193272084992,1.51431421461042
58,Spannagel cave,729,SPA121_2021,429610,242566.288375869,206.078641197964,188.43558194465,-11.590291910089,1.50188259740287
58,Spannagel cave,729,SPA121_2021,429611,242574.883746941,207.791811685922,187.484839705896,-11.5746171179454,1.51161955136666
58,Spannagel cave,729,SPA121_2021,429612,242583.772993052,206.504162161291,188.017204900214,-11.6448038303073,1.5740131055115
58,Spannagel cave,729,SPA121_2021,429613,242592.173781581,208.071487516572,188.698403116025,-11.6598820907704,1.57544313688335
58,Spannagel cave,729,SPA121_2021,429614,242600.48525158,208.664378089394,190.19244241796,-11.6021133083798,1.50618449690052
58,Spannagel cave,729,SPA121_2021,429615,242609.290974799,208.303030709561,195.671738073986,-11.5523383309395,1.59510213501677
58,Spannagel cave,729,SPA121_2021,429616,242619.9301573,206.562358756782,199.164529683476,-11.3737744306339,1.74604245090723
58,Spannagel cave,729,SPA121_2021,429617,242628.178280984,206.948694290419,200.708510409808,-11.4510119717188,1.70367520105717
58,Spannagel cave,729,SPA121_2021,429618,242636.473016266,209.989409776841,202.718300756416,-11.4222796990374,1.78109359136998
58,Spannagel cave,729,SPA121_2021,429619,242646.106066417,211.833669858752,208.800150622643,-11.4564667348823,1.76666892986468
58,Spannagel cave,729,SPA121_2021,429620,242655.625135954,213.013771589089,212.308146601688,-11.4487210448582,1.8588389734735
58,Spannagel cave,729,SPA121_2021,429621,242664.866043564,216.157524570997,215.764006443351,-11.3416743850404,1.96278190297763
58,Spannagel cave,729,SPA121_2021,429622,242673.192670509,219.219697358203,217.943619487836,-11.3526401209547,1.95421104467362
58,Spannagel cave,729,SPA121_2021,429623,242680.736991861,227.026975400571,219.581479929679,-11.3365891995402,1.94624571447662
58,Spannagel cave,729,SPA121_2021,429624,242688.772655276,230.016886782571,222.586594418972,-11.3767215474238,1.92753065412945
58,Spannagel cave,729,SPA121_2021,429625,242697.899082474,232.176792946993,226.756977345154,-11.2870811221586,1.81235278498663
58,Spannagel cave,729,SPA121_2021,429626,242707.187760084,235.779311259161,230.574591149489,-11.2647292830087,1.96645468994684
58,Spannagel cave,729,SPA121_2021,429627,242715.886425963,241.463682456088,231.481051454088,-11.3658924065837,1.9332561067185
58,Spannagel cave,729,SPA121_2021,429628,242723.781297893,248.054325147474,236.415473392495,-11.3405661144137,1.92718987810526
58,Spannagel cave,729,SPA121_2021,429629,242732.909768287,250.283942459995,242.121606160188,-11.2611951141204,1.94633622617315
58,Spannagel cave,729,SPA121_2021,429630,242947.423758802,241.252700759098,229.424467108183,-11.3330794685393,1.88620759752557
58,Spannagel cave,729,SPA121_2021,429631,243162.65368273,232.56563497911,217.635362063273,-11.4115504823293,1.94366886805368
58,Spannagel cave,729,SPA121_2021,429632,243378.507226752,222.675794106617,207.677428462572,-11.4724754779396,1.89422329058295
58,Spannagel cave,729,SPA121_2021,429633,243593.418906565,215.416061546188,201.151704417047,-11.3785764826311,1.97423406844455
58,Spannagel cave,729,SPA121_2021,429634,243808.301198603,212.659044404369,195.39315704623,-11.3554598612045,2.03292322668315
58,Spannagel cave,729,SPA121_2021,429635,244023.930555121,204.310990201513,189.518780832906,-11.3800728841672,2.05286694972793
58,Spannagel cave,729,SPA121_2021,429636,244240.798584696,195.82087424089,187.676124952559,-11.3608206432011,2.12785414224825
58,Spannagel cave,729,SPA121_2021,429637,244456.324418286,195.885210735636,184.918230823881,-11.3095332621969,2.11509821936216
58,Spannagel cave,729,SPA121_2021,429638,244673.12119665,192.118618882785,186.422581188323,-11.318570518765,2.12315634483339
58,Spannagel cave,729,SPA121_2021,429639,244889.988800298,194.666406626056,190.685916848335,-11.451730835827,2.10004426475301
58,Spannagel cave,729,SPA121_2021,429640,245107.634344803,194.619934642629,198.128484479181,-11.3621221530998,2.12314091281753
58,Spannagel cave,729,SPA121_2021,429641,245322.887101012,197.592534385505,203.950788842689,-11.3246516723651,2.09267146845755
58,Spannagel cave,729,SPA121_2021,429642,245539.757850827,201.580381795822,216.941667809588,-11.4107683937234,2.23325861799218
58,Spannagel cave,729,SPA121_2021,429643,245756.79582705,208.945280690212,227.718148024112,-11.6511808147076,2.16880655574237
58,Spannagel cave,729,SPA121_2021,429644,245972.865444385,214.041597343312,241.239893298596,-11.4165389901045,2.1970294673776
58,Spannagel cave,729,SPA121_2021,429645,246188.398649607,223.984948052006,250.564862798579,-11.5963720194965,2.04752229784833
58,Spannagel cave,729,SPA121_2021,429646,246405.144132992,234.334612656123,264.493441035767,-11.5259702395173,2.08112405860419
58,Spannagel cave,729,SPA121_2021,429647,246620.672462517,247.726999807754,276.974504783691,-11.5326026439643,2.1110898743604
58,Spannagel cave,729,SPA121_2021,429648,246837.405640351,260.373442320415,290.515447224869,-11.6982911710563,1.96543865957932
58,Spannagel cave,729,SPA121_2021,429649,247053.556554756,269.503216391458,306.583788917109,-11.7273210426116,2.01656227551459
58,Spannagel cave,729,SPA121_2021,429650,247061.161422895,268.258393499797,296.847156209144,-11.7541228933713,2.01769801878708
58,Spannagel cave,729,SPA121_2021,429651,247067.803043541,268.434669020236,286.363489424635,-11.8111569549657,1.96507879856276
58,Spannagel cave,729,SPA121_2021,429652,247074.64297004,265.635076057864,277.867624545877,-11.7972134603609,1.93145847949987
58,Spannagel cave,729,SPA121_2021,429653,247083.01791536,260.436420769285,270.104127885861,-11.8822849620277,1.9291335715297
58,Spannagel cave,729,SPA121_2021,429654,247090.990131051,255.234398676228,264.719800964172,-11.9287658560347,1.88038245754556
58,Spannagel cave,729,SPA121_2021,429655,247098.433036712,252.445784978976,260.688519604882,-11.8862643119414,1.86857452795667
58,Spannagel cave,729,SPA121_2021,429656,247107.268910619,249.05583447995,254.797735576401,-12.0021256237034,1.86357563309296
58,Spannagel cave,729,SPA121_2021,429657,247116.328606672,246.021370436181,253.574080521212,-11.9974752412635,1.95286002434251
58,Spannagel cave,729,SPA121_2021,429658,247125.546398169,241.557243367744,249.953542909672,-12.0258822016148,1.88302332691147
58,Spannagel cave,729,SPA121_2021,429659,247134.272016499,239.176430482883,245.587089116132,-12.0407748468287,1.91690689320566
58,Spannagel cave,729,SPA121_2021,429660,247143.005888881,233.767032785923,241.99360905806,-12.0454419848093,1.88237435440355
58,Spannagel cave,729,SPA121_2021,429661,247150.597960709,231.071923994925,233.497735825251,-11.9643666177588,1.88870582040132
58,Spannagel cave,729,SPA121_2021,429662,247159.226176372,229.024489713338,232.549114943133,-12.0459660442962,1.98242376862735
58,Spannagel cave,729,SPA121_2021,429663,247168.751616498,225.05453161191,234.048776365642,-12.0992441724374,1.93465715884095
58,Spannagel cave,729,SPA121_2021,429664,247177.872204715,222.771747013699,231.55470250998,-12.0297486111972,1.97040598688963
58,Spannagel cave,729,SPA121_2021,429665,247187.121702061,223.322656518867,231.817917667358,-12.0297937466909,2.00308927532391
58,Spannagel cave,729,SPA121_2021,429666,247195.835266797,221.361579712509,232.956957905059,-12.0494351914511,1.88291401990797
58,Spannagel cave,729,SPA121_2021,429667,247204.850944073,221.119801055436,234.91876129579,-12.0458239991912,1.97129083003913
58,Spannagel cave,729,SPA121_2021,429668,247213.442763258,219.600038197997,238.871034355019,-12.0291495579303,1.97267040074245
58,Spannagel cave,729,SPA121_2021,429669,247222.200995294,223.158461815561,242.174386859697,-11.9849023957976,1.95418224226056
58,Spannagel cave,729,SPA121_2021,429670,247231.369530392,225.992463466828,246.945457804832,-12.2155056459091,1.89970913678664
58,Spannagel cave,729,SPA121_2021,429671,247240.143344405,228.18078463932,248.004459528718,-12.1621680326116,1.93709319843335
58,Spannagel cave,729,SPA121_2021,429672,247251.000439644,229.233509936224,251.002647644258,-12.2867734662299,1.8432258658331
58,Spannagel cave,729,SPA121_2021,429673,247259.267818239,236.390379847056,254.070889891533,-12.2675547363454,1.92262549506159
58,Spannagel cave,729,SPA121_2021,429674,247267.6137914,243.583518881089,254.993593148567,-12.2681305407877,1.95026542094238
58,Spannagel cave,729,SPA121_2021,429675,247274.563718159,240.179453815188,248.389039216476,-12.3250316887952,1.87510094077277
58,Spannagel cave,729,SPA121_2021,429676,247280.283980045,238.477817805018,247.418571812334,-12.3568824308694,1.95865586530593
58,Spannagel cave,729,SPA121_2021,429677,247288.183885232,236.976122182037,245.40890528704,-12.4619555628633,1.83609363148552
58,Spannagel cave,729,SPA121_2021,429678,247293.957147725,234.661341039639,239.710071153269,-12.404046359041,1.88900276453105
58,Spannagel cave,729,SPA121_2021,429679,247299.236555521,233.487251235667,237.663858581858,-12.3529213731536,1.95738742622483
58,Spannagel cave,729,SPA121_2021,429680,247307.425482464,233.41973271771,232.886332287191,-12.3333343694372,1.92646163121392
58,Spannagel cave,729,SPA121_2021,429681,247313.54673707,233.128563692648,230.637548509054,-12.2401602098943,1.95708159608606
58,Spannagel cave,729,SPA121_2021,429682,247319.489880071,237.88600450207,230.500388420711,-12.2447482083653,2.07880310833683
58,Spannagel cave,729,SPA121_2021,429683,247325.458861479,241.080504160491,231.995148125803,-12.1943060534485,2.03199195203335
58,Spannagel cave,729,SPA121_2021,429684,247330.897845089,242.044977026322,230.533500924997,-12.1675241472522,2.15731687112693
58,Spannagel cave,729,SPA121_2021,429685,247336.517311303,242.113950783329,231.50602707715,-12.017780036673,2.29258054173573
58,Spannagel cave,729,SPA121_2021,429686,247344.626768167,242.847120509832,234.693202463328,-12.0028286311236,2.22063111344469
58,Spannagel cave,729,SPA121_2021,429687,247351.707979287,248.850687388651,232.792389431794,-12.0122564828032,2.31823758091846
58,Spannagel cave,729,SPA121_2021,429688,247359.459419747,252.455257140304,236.498832655547,-11.8465172253165,2.39352444506429
58,Spannagel cave,729,SPA121_2021,429689,247368.068035423,254.454341133503,240.065468509536,-12.1034743338355,2.36602560065856
58,Spannagel cave,729,SPA121_2021,429690,247374.185174445,260.714495416032,242.013877395133,-12.0964076479547,2.4158517719206
58,Spannagel cave,729,SPA121_2021,429691,247379.37074937,267.570656596421,244.363894519658,-12.2151667957532,2.47542420829358
58,Spannagel cave,729,SPA121_2021,429692,247386.647228225,270.17032146058,248.096548404312,-12.3450991526922,2.53874989484259
58,Spannagel cave,729,SPA121_2021,429693,247394.493890738,276.120928043965,250.331339524331,-12.4151596474753,2.65216773868256
