site_id,site_name,entity_id,entity_name,sample_id,age_bp,age_uncert_pos,age_uncert_neg,d18o,d13c
127,Xiaobailong cave,268,XBL-29,293994,5345.591504,1219.329696,1291.709304,-12.79,
127,Xiaobailong cave,268,XBL-29,293995,5543.650115,1125.543111,1139.507811,-12.89,
127,Xiaobailong cave,268,XBL-29,293996,5648.570754,1065.487689,1085.3652,-13.01,
127,Xiaobailong cave,268,XBL-29,293997,5753.91357,1006.97727,1039.547371,-13.45,
127,Xiaobailong cave,268,XBL-29,293998,5847.794168,954.285409,959.6783603,-13.61,
127,Xiaobailong cave,268,XBL-29,293999,5899.259242,925.1376937,928.8054819,-13.14,
127,Xiaobailong cave,268,XBL-29,294000,5918.750628,911.9539798,919.857262,-12.75,
127,Xiaobailong cave,268,XBL-29,294001,5947.837304,901.6203199,901.857348,-16.22,
127,Xiaobailong cave,268,XBL-29,294002,5968.797966,890.6589832,888.9906089,-17.08,
127,Xiaobailong cave,268,XBL-29,294003,5999.091114,871.9698796,871.9499764,-15.64,
127,Xiaobailong cave,268,XBL-29,294004,6019.237863,862.6044035,864.3524377,-15.37,
127,Xiaobailong cave,268,XBL-29,294005,6051.892725,848.9938796,860.9034392,-13.82,
127,Xiaobailong cave,268,XBL-29,294006,6072.853618,843.8715573,852.5794343,-13.36,
127,Xiaobailong cave,268,XBL-29,294007,6098.593933,828.1448539,832.7225751,-13.24,
127,Xiaobailong cave,268,XBL-29,294008,6116.245799,818.7550156,828.5672092,-13.64,
127,Xiaobailong cave,268,XBL-29,294009,6140.524106,810.9118918,819.7176545,-13.65,
127,Xiaobailong cave,268,XBL-29,294010,6225.802078,792.79705,789.9180405,-14.01,
127,Xiaobailong cave,268,XBL-29,294011,6305.075706,758.9706537,749.8543652,-13.35,
127,Xiaobailong cave,268,XBL-29,294012,6390.349076,736.7164464,709.630339,-14.36,
127,Xiaobailong cave,268,XBL-29,294013,6477.245283,707.3023861,688.7446271,-13.5,
127,Xiaobailong cave,268,XBL-29,294014,6562.170375,684.5278836,646.1702451,-13.68,
127,Xiaobailong cave,268,XBL-29,294015,6651.260175,680.9527173,632.5262916,-13.48,
127,Xiaobailong cave,268,XBL-29,294016,6739.63162,672.6004922,624.9952256,-13.64,
127,Xiaobailong cave,268,XBL-29,294017,6825.388752,677.2810177,627.8417359,-14.29,
127,Xiaobailong cave,268,XBL-29,294018,6911.435466,675.9635018,622.4470109,-13.89,
127,Xiaobailong cave,268,XBL-29,294019,7000.709201,699.2985798,635.4711198,-13.53,
127,Xiaobailong cave,268,XBL-29,294020,7086.746548,707.5107217,643.6574476,-13,
127,Xiaobailong cave,268,XBL-29,294021,7174.910035,743.3696106,662.4352949,-12.77,
127,Xiaobailong cave,268,XBL-29,294022,7254.822257,770.6678119,689.5659257,-13.34,
127,Xiaobailong cave,268,XBL-29,294023,7335.91247,790.9748873,705.0974748,-12.21,
127,Xiaobailong cave,268,XBL-29,294024,7419.877243,821.0042078,746.121822,-13.29,
127,Xiaobailong cave,268,XBL-29,294025,7502.973771,850.8355373,785.1980277,-12.79,
127,Xiaobailong cave,268,XBL-29,294026,7584.270381,891.3916542,813.4493784,-13.5,
127,Xiaobailong cave,268,XBL-29,294027,7662.345994,938.9193647,854.64633,-12.84,
127,Xiaobailong cave,268,XBL-29,294028,7715.439543,948.7588851,868.2023761,-13.23,
127,Xiaobailong cave,268,XBL-29,294029,7746.139127,938.9450643,857.5929096,-13.21,
127,Xiaobailong cave,268,XBL-29,294030,7773.476709,932.7975569,854.5067804,-14.22,
127,Xiaobailong cave,268,XBL-29,294031,7803.741449,919.8641312,849.065226,-13.07,
127,Xiaobailong cave,268,XBL-29,294032,7830.825534,911.3295894,850.4105032,-14.55,
127,Xiaobailong cave,268,XBL-29,294033,7859.411491,892.2278967,847.9164456,-13.34,
127,Xiaobailong cave,268,XBL-29,294034,7884.184838,887.821409,841.0340815,-13.32,
127,Xiaobailong cave,268,XBL-29,294035,7915.961979,884.9616434,842.8376027,-13.54,
127,Xiaobailong cave,268,XBL-29,294036,7945.314958,877.4096411,835.668324,-13.42,
127,Xiaobailong cave,268,XBL-29,294037,7981.211261,878.3652391,834.6663781,-15.08,
127,Xiaobailong cave,268,XBL-29,294038,8014.302984,867.0495896,829.8702101,-12.85,
127,Xiaobailong cave,268,XBL-29,294039,8048.247299,859.7314703,835.8205755,-13.09,
127,Xiaobailong cave,268,XBL-29,294040,8088.917111,857.4403089,847.4926368,-13.37,
127,Xiaobailong cave,268,XBL-29,294041,8123.698529,865.3033433,855.3541433,-14.34,
127,Xiaobailong cave,268,XBL-29,294042,8160.029184,869.2449417,864.4501596,-13.64,
127,Xiaobailong cave,268,XBL-29,294043,8194.690427,883.5232515,872.0812565,-12.91,
127,Xiaobailong cave,268,XBL-29,294044,8232.017112,878.3064812,875.1920275,-13.28,
127,Xiaobailong cave,268,XBL-29,294045,8268.955975,870.1956285,881.7225709,-13.7,
127,Xiaobailong cave,268,XBL-29,294046,8301.085064,876.6247092,888.4281634,-13.81,
127,Xiaobailong cave,268,XBL-29,294047,8339.833434,884.9825861,899.7671955,-13.7,
127,Xiaobailong cave,268,XBL-29,294048,8370.434538,913.7809436,911.2748869,-13.58,
127,Xiaobailong cave,268,XBL-29,294049,8401.56832,924.8420814,919.6937784,-15,
127,Xiaobailong cave,268,XBL-29,294050,8431.300195,940.1492748,925.7178582,-14.54,
127,Xiaobailong cave,268,XBL-29,294051,8465.167177,942.9040179,933.260663,-12.65,
127,Xiaobailong cave,268,XBL-29,294052,8498.511178,949.8117123,942.4725837,-14,
127,Xiaobailong cave,268,XBL-29,294053,8532.664893,954.9211512,953.6815488,-14.4,
127,Xiaobailong cave,268,XBL-29,294054,8567.30069,960.3842539,963.1827323,-13.78,
127,Xiaobailong cave,268,XBL-29,294055,8599.400608,974.7493477,975.6210247,-12.66,
127,Xiaobailong cave,268,XBL-29,294056,8632.049537,985.6786208,998.2170275,-11.98,
127,Xiaobailong cave,268,XBL-29,294057,8659.437161,1008.409267,1013.746039,-13.02,
127,Xiaobailong cave,268,XBL-29,294058,8691.442345,1032.308428,1036.32713,-13.89,
127,Xiaobailong cave,268,XBL-29,294059,8723.897186,1047.569987,1058.179071,-13.13,
127,Xiaobailong cave,268,XBL-29,294060,8752.604716,1070.484816,1074.04141,-14.17,
127,Xiaobailong cave,268,XBL-29,294061,8783.706505,1095.900895,1085.939894,-14.73,
127,Xiaobailong cave,268,XBL-29,294062,8817.134301,1120.426297,1102.602146,-13.56,
127,Xiaobailong cave,268,XBL-29,294063,8850.314416,1133.911934,1119.101428,-13.46,
127,Xiaobailong cave,268,XBL-29,294064,8881.851912,1152.914701,1127.015018,-14.07,
127,Xiaobailong cave,268,XBL-29,294065,8917.982526,1174.511841,1151.024673,-13.03,
127,Xiaobailong cave,268,XBL-29,294066,8953.349221,1203.824921,1171.381006,-14.81,
127,Xiaobailong cave,268,XBL-29,294067,8985.533608,1226.768019,1188.500483,-15.01,
127,Xiaobailong cave,268,XBL-29,294068,9025.68972,1252.52288,1220.77767,-14.63,
127,Xiaobailong cave,268,XBL-29,294069,9055.73959,1288.975079,1232.776174,-13.5,
127,Xiaobailong cave,268,XBL-29,294070,9088.114347,1318.2509,1255.421444,-15,
127,Xiaobailong cave,268,XBL-29,294071,9121.273504,1348.195591,1271.911275,-13.7,
127,Xiaobailong cave,268,XBL-29,294072,9150.557977,1376.857267,1293.940925,-13.38,
127,Xiaobailong cave,268,XBL-29,294073,9181.765669,1399.094914,1313.063745,-13.89,
127,Xiaobailong cave,268,XBL-29,294074,9210.714671,1423.296178,1326.350638,-14.08,
127,Xiaobailong cave,268,XBL-29,294075,9238.971873,1450.503854,1348.419186,-13.6,
127,Xiaobailong cave,268,XBL-29,294076,9271.459843,1472.289027,1372.586944,-13.03,
127,Xiaobailong cave,268,XBL-29,294077,9299.79898,1495.10112,1390.048885,-14.3,
127,Xiaobailong cave,268,XBL-29,294078,9329.248547,1510.294318,1410.671939,-13.89,
127,Xiaobailong cave,268,XBL-29,294079,9354.703186,1537.16124,1422.494203,-14.08,
127,Xiaobailong cave,268,XBL-29,294080,9385.826384,1554.174363,1442.382054,-14.5,
127,Xiaobailong cave,268,XBL-29,294081,9413.155216,1591.525995,1461.85112,-14.25,
127,Xiaobailong cave,268,XBL-29,294082,9443.38347,1614.660152,1481.458946,-14.89,
127,Xiaobailong cave,268,XBL-29,294083,9472.170231,1635.149012,1500.936845,-14.57,
127,Xiaobailong cave,268,XBL-29,294084,9496.764089,1661.714751,1515.425695,-14.56,
127,Xiaobailong cave,268,XBL-29,294085,9528.044163,1689.078651,1538.600409,-15.24,
127,Xiaobailong cave,268,XBL-29,294086,9535.037643,1692.76067,1544.634798,-14.83,
127,Xiaobailong cave,268,XBL-29,294087,9544.533528,1701.880209,1551.466742,-14.67,
127,Xiaobailong cave,268,XBL-29,294088,9550.079818,1708.409444,1554.875785,-13.9,
127,Xiaobailong cave,268,XBL-29,294089,9561.127054,1714.654202,1561.39136,-13.47,
127,Xiaobailong cave,268,XBL-29,294090,9567.160364,1721.146221,1566.966948,-13.57,
127,Xiaobailong cave,268,XBL-29,294091,9578.397877,1726.609145,1575.847548,-10.46,
127,Xiaobailong cave,268,XBL-29,294092,9585.504185,1730.636462,1581.185363,-10.17,
127,Xiaobailong cave,268,XBL-29,294093,9595.110797,1739.001892,1587.504669,-10.25,
127,Xiaobailong cave,268,XBL-29,294094,9601.261675,1743.891255,1591.412511,-10.38,
127,Xiaobailong cave,268,XBL-29,294095,9668.57291,1709.511347,1545.734555,-10.39,
127,Xiaobailong cave,268,XBL-29,294096,9759.241403,1665.862692,1489.451873,-10.47,
127,Xiaobailong cave,268,XBL-29,294097,9881.311535,1608.742081,1427.122554,-10.3,
127,Xiaobailong cave,268,XBL-29,294098,9958.153518,1573.109117,1382.519691,-10.59,
127,Xiaobailong cave,268,XBL-29,294099,10093.4038,1492.07647,1309.673979,-10.43,
127,Xiaobailong cave,268,XBL-29,294100,10310.48427,1355.342748,1218.758591,-11.1,
127,Xiaobailong cave,268,XBL-29,294101,10518.39218,1256.763608,1141.845012,-11.42,
127,Xiaobailong cave,268,XBL-29,294102,10730.91604,1163.607675,1054.878814,-10.74,
127,Xiaobailong cave,268,XBL-29,294103,10950.96052,1050.912487,996.9567768,-10.75,
127,Xiaobailong cave,268,XBL-29,294104,11165.15953,978.1452109,916.5178218,-11.26,
127,Xiaobailong cave,268,XBL-29,294105,11391.09898,922.1148741,866.1922559,-11.53,
127,Xiaobailong cave,268,XBL-29,294106,11603.07358,888.7207187,853.9907434,-12.45,
127,Xiaobailong cave,268,XBL-29,294107,11819.23884,862.6809909,837.8757393,-12.47,
127,Xiaobailong cave,268,XBL-29,294108,12050.82524,843.4101921,858.6310286,-12.36,
127,Xiaobailong cave,268,XBL-29,294109,12258.48482,851.008753,897.4345241,-12.29,
127,Xiaobailong cave,268,XBL-29,294110,12472.43705,888.3184503,918.4311466,-12.14,
127,Xiaobailong cave,268,XBL-29,294111,12687.12059,959.5799032,955.4146984,-12.4,
127,Xiaobailong cave,268,XBL-29,294112,12799.36307,941.4485941,943.8057264,-12.59,
127,Xiaobailong cave,268,XBL-29,294113,12900.10119,894.5609253,915.0901557,-12.25,
127,Xiaobailong cave,268,XBL-29,294114,13000.66055,861.5828123,879.158307,-12.87,
127,Xiaobailong cave,268,XBL-29,294115,13100.03478,837.553681,847.5298429,-12.26,
127,Xiaobailong cave,268,XBL-29,294116,13201.54981,805.2626506,827.0768899,-11.74,
127,Xiaobailong cave,268,XBL-29,294117,13296.44912,773.2743026,801.2530247,-11.83,
127,Xiaobailong cave,268,XBL-29,294118,13392.87673,742.3969779,781.2733155,-12.41,
127,Xiaobailong cave,268,XBL-29,294119,13485.24523,734.3127507,767.6622723,-12.44,
127,Xiaobailong cave,268,XBL-29,294120,13585.17774,711.6626681,755.5679588,-13.33,
127,Xiaobailong cave,268,XBL-29,294121,13678.21755,702.5615048,745.1105277,-12.26,
127,Xiaobailong cave,268,XBL-29,294122,13773.96496,695.2165616,728.0588752,-11.46,
127,Xiaobailong cave,268,XBL-29,294123,13871.59224,682.4613754,708.8104245,-12.28,
127,Xiaobailong cave,268,XBL-29,294124,13971.34784,676.1020509,698.7158047,-12.35,
127,Xiaobailong cave,268,XBL-29,294125,14068.66997,674.3096437,692.5138444,-12.26,
127,Xiaobailong cave,268,XBL-29,294126,14167.58901,675.6316586,687.6801058,-12.74,
127,Xiaobailong cave,268,XBL-29,294127,14262.17316,692.1938897,674.2172106,-11.92,
127,Xiaobailong cave,268,XBL-29,294128,14363.72823,697.0912771,694.358499,-11.11,
127,Xiaobailong cave,268,XBL-29,294129,14460.72169,697.9239727,692.9138207,-11.31,
127,Xiaobailong cave,268,XBL-29,294130,14559.39323,699.1442432,697.5860605,-11.47,
127,Xiaobailong cave,268,XBL-29,294131,14653.14689,701.2787941,700.7271537,-10.83,
127,Xiaobailong cave,268,XBL-29,294132,14749.79043,707.8339366,712.1003324,-9.55,
127,Xiaobailong cave,268,XBL-29,294133,14845.19882,721.4074011,726.8615009,-9.33,
127,Xiaobailong cave,268,XBL-29,294134,14942.93247,724.9706468,740.4305181,-9.17,
127,Xiaobailong cave,268,XBL-29,294135,15135.59669,770.3625849,776.4148319,-8.6,
127,Xiaobailong cave,268,XBL-29,294136,15529.72121,867.9154341,869.5088286,-9.12,
127,Xiaobailong cave,268,XBL-29,294137,15645.46152,888.8684098,886.0624893,-8.5,
127,Xiaobailong cave,268,XBL-29,294138,15695.65559,880.419701,874.9369351,-8.57,
127,Xiaobailong cave,268,XBL-29,294139,15746.47394,870.9034728,867.5932095,-9.03,
127,Xiaobailong cave,268,XBL-29,294140,15798.49315,859.9703806,861.4672101,-8.82,
127,Xiaobailong cave,268,XBL-29,294141,15849.76377,849.7858745,852.8611667,-8.7,
127,Xiaobailong cave,268,XBL-29,294142,15900.59197,842.5169679,845.5311342,-8.65,
127,Xiaobailong cave,268,XBL-29,294143,15952.85202,835.2720907,834.5497025,-8.59,
127,Xiaobailong cave,268,XBL-29,294144,16005.73546,826.0199236,826.5813072,-9.38,
127,Xiaobailong cave,268,XBL-29,294145,16058.91708,815.6108904,822.6632692,-9.68,
127,Xiaobailong cave,268,XBL-29,294146,16112.9108,805.5067249,816.8678058,-9.91,
127,Xiaobailong cave,268,XBL-29,294147,16167.43265,794.7457439,811.8044395,-9.89,
127,Xiaobailong cave,268,XBL-29,294148,16217.34155,788.7374541,807.1144994,-10.01,
127,Xiaobailong cave,268,XBL-29,294149,16266.1625,780.9359472,803.3844606,-9.52,
127,Xiaobailong cave,268,XBL-29,294150,16314.78356,771.5831459,798.3255008,-9.45,
127,Xiaobailong cave,268,XBL-29,294151,16361.88752,766.622341,787.0765496,-9.54,
127,Xiaobailong cave,268,XBL-29,294152,16409.28003,759.5790378,777.2662389,-9.27,
127,Xiaobailong cave,268,XBL-29,294153,16458.4296,752.4234316,766.8358823,-9.23,
127,Xiaobailong cave,268,XBL-29,294154,16506.75629,746.1435366,755.866092,-9.14,
127,Xiaobailong cave,268,XBL-29,294155,16557.2114,737.0496114,746.2911648,-9.24,
127,Xiaobailong cave,268,XBL-29,294156,16605.31545,731.4823506,734.2675089,-9.33,
127,Xiaobailong cave,268,XBL-29,294157,16655.61347,724.1883958,726.9995865,-9.23,
127,Xiaobailong cave,268,XBL-29,294158,16704.32026,717.4365409,720.3629344,-9.17,
127,Xiaobailong cave,268,XBL-29,294159,16752.52555,711.6180044,710.9055025,-8.99,
127,Xiaobailong cave,268,XBL-29,294160,16801.93622,704.2185101,704.8635443,-9.5,
127,Xiaobailong cave,268,XBL-29,294161,16852.73233,695.2165742,696.4600795,-9.69,
127,Xiaobailong cave,268,XBL-29,294162,16904.92133,685.4383656,687.1011463,-9.62,
127,Xiaobailong cave,268,XBL-29,294163,16956.92371,677.3378432,677.0823579,-9.72,
127,Xiaobailong cave,268,XBL-29,294164,17008.66566,669.2911773,668.2902201,-9.49,
127,Xiaobailong cave,268,XBL-29,294165,17061.77136,660.6977042,660.1660489,-9.37,
127,Xiaobailong cave,268,XBL-29,294166,17108.61146,654.7548816,652.0610887,-9.65,
127,Xiaobailong cave,268,XBL-29,294167,17153.02345,649.3505807,645.1674003,-10.32,
127,Xiaobailong cave,268,XBL-29,294168,17198.05099,639.923794,637.9025166,-10.81,
127,Xiaobailong cave,268,XBL-29,294169,17244.55569,631.8275939,632.2948032,-9.9,
127,Xiaobailong cave,268,XBL-29,294170,17288.07885,625.1510973,624.738892,-9.41,
127,Xiaobailong cave,268,XBL-29,294171,17334.17963,616.2957888,619.7691625,-9.96,
127,Xiaobailong cave,268,XBL-29,294172,17382.38086,608.1097211,615.8993748,-10.53,
127,Xiaobailong cave,268,XBL-29,294173,17438.63789,600.0089532,606.8366407,-8.49,
127,Xiaobailong cave,268,XBL-29,294174,17494.25119,593.0712064,597.7916847,-10.11,
127,Xiaobailong cave,268,XBL-29,294175,17552.38555,581.789811,591.8999985,-9.73,
127,Xiaobailong cave,268,XBL-29,294176,17607.29191,573.9208723,582.7280152,-8.3,
127,Xiaobailong cave,268,XBL-29,294177,17665.10942,564.0412752,576.4671881,-9.69,
127,Xiaobailong cave,268,XBL-29,294178,17720.88081,556.0891464,569.9990694,-9.04,
127,Xiaobailong cave,268,XBL-29,294179,17774.93992,549.6884952,562.862569,-8.8,
127,Xiaobailong cave,268,XBL-29,294180,17800.5974,547.9956968,558.5586975,-9.3,
127,Xiaobailong cave,268,XBL-29,294181,17826.63487,548.2096114,553.1772165,-10.18,
127,Xiaobailong cave,268,XBL-29,294182,17852.95239,547.5412215,549.1418454,-8.23,
127,Xiaobailong cave,268,XBL-29,294183,17879.21002,542.4597019,545.8272944,-9.48,
127,Xiaobailong cave,268,XBL-29,294184,17934.12555,534.9215289,538.581803,-9.78,
127,Xiaobailong cave,268,XBL-29,294185,17991.90308,530.3599257,527.5379555,-8.83,
127,Xiaobailong cave,268,XBL-29,294186,18060.1198,523.5909514,516.0306253,-9.81,
127,Xiaobailong cave,268,XBL-29,294187,18080.039,521.7783639,512.8156048,-10,
127,Xiaobailong cave,268,XBL-29,294188,18126.9052,514.4484634,504.8424036,-9.57,
127,Xiaobailong cave,268,XBL-29,294189,18137.29753,512.988345,503.5552415,-9.4,
127,Xiaobailong cave,268,XBL-29,294190,18166.13946,509.1026769,500.6747907,-10.21,
127,Xiaobailong cave,268,XBL-29,294191,18206.87001,506.2887042,494.826487,-10.78,
127,Xiaobailong cave,268,XBL-29,294192,18255.75657,501.8092601,490.6971639,-10.5,
127,Xiaobailong cave,268,XBL-29,294193,18263.8132,501.3723423,489.1821974,-10.68,
127,Xiaobailong cave,268,XBL-29,294194,18314.23591,497.1839269,483.7894241,-10.73,
127,Xiaobailong cave,268,XBL-29,294195,18317.72981,496.7605843,483.4885552,-10.13,
127,Xiaobailong cave,268,XBL-29,294196,18372.53023,489.0541625,478.2732099,-10.81,
127,Xiaobailong cave,268,XBL-29,294197,18373.11129,488.9712247,478.168437,-10.75,
127,Xiaobailong cave,268,XBL-29,294198,18424.84238,485.397274,466.6534878,-11.31,
127,Xiaobailong cave,268,XBL-29,294199,18429.78159,484.9960773,466.0813024,-11.73,
127,Xiaobailong cave,268,XBL-29,294200,18480.17953,476.2294686,461.9478619,-10.99,
127,Xiaobailong cave,268,XBL-29,294201,18489.66853,474.3848283,461.8056495,-10.56,
127,Xiaobailong cave,268,XBL-29,294202,18535.2624,467.1797803,456.2291862,-11.12,
127,Xiaobailong cave,268,XBL-29,294203,18561.95529,462.9968721,453.4295433,-11.42,
127,Xiaobailong cave,268,XBL-29,294204,18586.3483,461.9565125,452.2368882,-11.4,
127,Xiaobailong cave,268,XBL-29,294205,18609.13749,460.132932,452.8331506,-9.95,
127,Xiaobailong cave,268,XBL-29,294206,18670.21819,451.247148,444.7025238,-10.23,
127,Xiaobailong cave,268,XBL-29,294207,18729.1762,442.4881721,436.3638664,-10.67,
127,Xiaobailong cave,268,XBL-29,294208,18789.81723,430.0383281,432.5967394,-10.27,
127,Xiaobailong cave,268,XBL-29,294209,18847.72228,426.9398989,426.3956473,-10.71,
127,Xiaobailong cave,268,XBL-29,294210,18907.52671,417.746266,423.4182974,-10.91,
127,Xiaobailong cave,268,XBL-29,294211,18966.55007,410.8228289,421.2181378,-12.25,
127,Xiaobailong cave,268,XBL-29,294212,19024.9356,407.4545587,415.9870256,-10.52,
127,Xiaobailong cave,268,XBL-29,294213,19082.87219,402.5704004,409.6304751,-11.24,
127,Xiaobailong cave,268,XBL-29,294214,19142.60649,392.9182684,404.1100952,-11.08,
127,Xiaobailong cave,268,XBL-29,294215,19201.67804,384.2461102,398.0559888,-11.06,
127,Xiaobailong cave,268,XBL-29,294216,19262.24628,379.5805171,399.0811074,-10.65,
127,Xiaobailong cave,268,XBL-29,294217,19319.64475,377.3054382,393.5667931,-11.92,
127,Xiaobailong cave,268,XBL-29,294218,19377.52984,374.9799542,388.2523806,-11.3,
127,Xiaobailong cave,268,XBL-29,294219,19438.17025,373.3808438,386.2261507,-11.07,
127,Xiaobailong cave,268,XBL-29,294220,19496.85744,369.5446733,380.4647034,-12.05,
127,Xiaobailong cave,268,XBL-29,294221,19555.46895,366.0513277,374.2280372,-12.03,
127,Xiaobailong cave,268,XBL-29,294222,19616.05367,359.5376587,368.6531733,-11.8,
127,Xiaobailong cave,268,XBL-29,294223,19675.47205,357.6080056,367.4017592,-10.99,
127,Xiaobailong cave,268,XBL-29,294224,19733.99907,355.5553976,364.6661152,-11.79,
127,Xiaobailong cave,268,XBL-29,294225,19793.08727,351.497191,363.0012954,-11.9,
127,Xiaobailong cave,268,XBL-29,294226,19852.11942,348.2275263,363.6035734,-11.26,
127,Xiaobailong cave,268,XBL-29,294227,19912.5313,343.786312,363.9827036,-11.05,
127,Xiaobailong cave,268,XBL-29,294228,19972.34077,341.9426005,365.1909665,-10.84,
127,Xiaobailong cave,268,XBL-29,294229,20032.02292,340.4046385,366.9402525,-11.7,
127,Xiaobailong cave,268,XBL-29,294230,20091.87972,341.5699861,369.3557453,-10.81,
127,Xiaobailong cave,268,XBL-29,294231,20150.45384,344.1452505,367.7324445,-11.09,
127,Xiaobailong cave,268,XBL-29,294232,20212.28352,341.7569404,372.6953248,-10.67,
127,Xiaobailong cave,268,XBL-29,294233,20272.11054,342.268379,371.9236346,-10.79,
127,Xiaobailong cave,268,XBL-29,294234,20328.25342,343.419711,371.1084724,-11.08,
127,Xiaobailong cave,268,XBL-29,294235,20386.2923,345.5340172,372.1651365,-12.12,
127,Xiaobailong cave,268,XBL-29,294236,20444.48023,348.9341881,373.5899486,-11.64,
127,Xiaobailong cave,268,XBL-29,294237,20505.09454,348.3826044,380.4185234,-10.63,
127,Xiaobailong cave,268,XBL-29,294238,20565.55123,350.8309861,387.8359844,-10.32,
127,Xiaobailong cave,268,XBL-29,294239,20625.47484,355.0096041,393.8754517,-11.43,
127,Xiaobailong cave,268,XBL-29,294240,20688.27223,350.3821086,399.4660444,-11.08,
127,Xiaobailong cave,268,XBL-29,294241,20747.34846,349.9059834,401.732307,-11.04,
127,Xiaobailong cave,268,XBL-29,294242,20805.8353,351.6655379,408.4509138,-11.08,
127,Xiaobailong cave,268,XBL-29,294243,20865.0696,356.2792852,413.4414116,-11.31,
127,Xiaobailong cave,268,XBL-29,294244,20924.98495,359.9958271,417.1964963,-10.71,
127,Xiaobailong cave,268,XBL-29,294245,20985.97397,359.7287693,422.4953663,-11.63,
127,Xiaobailong cave,268,XBL-29,294246,21045.43053,361.9348823,423.8812244,-10.99,
127,Xiaobailong cave,268,XBL-29,294247,21054.192,358.1009618,418.3420388,-11.16,
127,Xiaobailong cave,268,XBL-29,294248,21064.21498,352.1335118,411.3356073,-10.74,
127,Xiaobailong cave,268,XBL-29,294249,21073.38785,347.2259287,403.4084377,-11.22,
127,Xiaobailong cave,268,XBL-29,294250,21082.3949,344.8332924,393.715905,-11.3,
127,Xiaobailong cave,268,XBL-29,294251,21090.70633,342.0982584,385.3155753,-11.1,
127,Xiaobailong cave,268,XBL-29,294252,21100.90749,337.0456686,378.0894727,-11.29,
127,Xiaobailong cave,268,XBL-29,294253,21109.815,332.0951615,369.3340745,-11.41,
127,Xiaobailong cave,268,XBL-29,294254,21118.56209,328.1899982,360.1866791,-11.13,
127,Xiaobailong cave,268,XBL-29,294255,21128.15347,324.4816018,351.9917479,-10.93,
127,Xiaobailong cave,268,XBL-29,294256,21138.3207,319.4094187,344.8382295,-11.3,
127,Xiaobailong cave,268,XBL-29,294257,21148.23951,315.1600214,339.1902019,-11.11,
127,Xiaobailong cave,268,XBL-29,294258,21158.39421,311.3545339,332.3316254,-11.19,
127,Xiaobailong cave,268,XBL-29,294259,21169.2235,305.6679938,324.4815912,-10.74,
127,Xiaobailong cave,268,XBL-29,294260,21179.37444,301.6831146,318.4109616,-11.53,
127,Xiaobailong cave,268,XBL-29,294261,21189.39141,297.5128424,313.8390607,-11.31,
127,Xiaobailong cave,268,XBL-29,294262,21199.94132,290.8113342,307.7310509,-11.92,
127,Xiaobailong cave,268,XBL-29,294263,21210.93755,285.3693275,303.7683193,-10.75,
127,Xiaobailong cave,268,XBL-29,294264,21220.57006,283.322725,295.4481865,-11.81,
127,Xiaobailong cave,268,XBL-29,294265,21230.36952,280.847501,289.0393839,-11.2,
127,Xiaobailong cave,268,XBL-29,294266,21239.90431,276.2988866,283.5316464,-11.96,
127,Xiaobailong cave,268,XBL-29,294267,21250.79073,271.7008226,278.763164,-11.29,
127,Xiaobailong cave,268,XBL-29,294268,21262.79492,265.8517854,272.2496802,-11.56,
127,Xiaobailong cave,268,XBL-29,294269,21274.70387,258.9069611,270.7107244,-11.09,
127,Xiaobailong cave,268,XBL-29,294270,21284.88171,255.6525734,268.0159701,-10.68,
127,Xiaobailong cave,268,XBL-29,294271,21295.10812,250.7771662,265.4162802,-11.44,
127,Xiaobailong cave,268,XBL-29,294272,21305.67273,248.9436112,260.8620752,-12.55,
127,Xiaobailong cave,268,XBL-29,294273,21315.91156,246.4771056,256.6729269,-11.43,
127,Xiaobailong cave,268,XBL-29,294274,21326.43422,243.5582276,253.6535838,-10.91,
127,Xiaobailong cave,268,XBL-29,294275,21337.58513,240.2186519,250.8590072,-10.81,
127,Xiaobailong cave,268,XBL-29,294276,21347.35504,238.7598346,248.333325,-10.18,
127,Xiaobailong cave,268,XBL-29,294277,21355.91708,237.4234404,241.2498889,-11.44,
127,Xiaobailong cave,268,XBL-29,294278,21366.18003,236.2696759,239.0208493,-10.44,
127,Xiaobailong cave,268,XBL-29,294279,21375.31938,232.5453058,233.1971807,-11.94,
127,Xiaobailong cave,268,XBL-29,294280,21385.40339,231.7093651,228.8569806,-11.77,
127,Xiaobailong cave,268,XBL-29,294281,21396.37314,230.579569,223.1212822,-11.64,
127,Xiaobailong cave,268,XBL-29,294282,21405.9561,231.3504074,224.3783563,-11.07,
127,Xiaobailong cave,268,XBL-29,294283,21415.08208,233.1064184,222.4728708,-11.59,
127,Xiaobailong cave,268,XBL-29,294284,21426.50511,232.1251838,222.8597013,-10.12,
127,Xiaobailong cave,268,XBL-29,294285,21437.9113,231.5694549,220.3961723,-10.99,
127,Xiaobailong cave,268,XBL-29,294286,21449.00406,230.4650433,219.7049842,-10.48,
127,Xiaobailong cave,268,XBL-29,294287,21459.33062,232.3085552,217.5896053,-10.9,
127,Xiaobailong cave,268,XBL-29,294288,21471.08516,231.962911,218.6295628,-10.61,
127,Xiaobailong cave,268,XBL-29,294289,21479.62458,235.7951486,218.8914436,-10.89,
127,Xiaobailong cave,268,XBL-29,294290,21489.78147,236.8487703,218.3081839,-10.55,
127,Xiaobailong cave,268,XBL-29,294291,21501.27776,236.4203945,220.8048912,-12.5,
127,Xiaobailong cave,268,XBL-29,294292,21511.1161,240.1198298,220.2052427,-10.86,
127,Xiaobailong cave,268,XBL-29,294293,21520.64183,243.1915931,220.1630239,-10.87,
127,Xiaobailong cave,268,XBL-29,294294,21531.12972,244.8767056,223.4943023,-10.77,
127,Xiaobailong cave,268,XBL-29,294295,21542.47338,246.2956905,228.290482,-10.94,
127,Xiaobailong cave,268,XBL-29,294296,21552.72713,248.8088802,228.8050484,-11.86,
127,Xiaobailong cave,268,XBL-29,294297,21563.07313,250.6855508,231.6145351,-10.66,
127,Xiaobailong cave,268,XBL-29,294298,21573.05713,254.8941237,230.9952703,-10.86,
127,Xiaobailong cave,268,XBL-29,294299,21583.27399,256.2554007,233.8735645,-10.32,
127,Xiaobailong cave,268,XBL-29,294300,21593.12532,259.6958254,235.4999565,-10.87,
127,Xiaobailong cave,268,XBL-29,294301,21603.81969,259.4106358,238.5007142,-9.87,
127,Xiaobailong cave,268,XBL-29,294302,21613.69409,263.6760315,241.0477217,-11.65,
127,Xiaobailong cave,268,XBL-29,294303,21624.13239,267.9799976,244.2786559,-11.25,
127,Xiaobailong cave,268,XBL-29,294304,21633.74248,271.647575,247.1331572,-10.8,
127,Xiaobailong cave,268,XBL-29,294305,21644.35009,274.4845287,252.3242069,-10.59,
127,Xiaobailong cave,268,XBL-29,294306,21653.82495,278.9219024,258.3906991,-11.24,
127,Xiaobailong cave,268,XBL-29,294307,21664.90968,274.1034166,255.8289412,-9.28,
127,Xiaobailong cave,268,XBL-29,294308,21676.13542,268.8078643,250.6078823,-10.93,
127,Xiaobailong cave,268,XBL-29,294309,21686.8632,265.1984596,247.6399773,-11.61,
127,Xiaobailong cave,268,XBL-29,294310,21697.73598,261.6454753,243.5895045,-11.48,
127,Xiaobailong cave,268,XBL-29,294311,21709.04419,257.6214241,238.7588309,-10.46,
127,Xiaobailong cave,268,XBL-29,294312,21721.58035,251.6752988,235.9279006,-11.76,
127,Xiaobailong cave,268,XBL-29,294313,21733.98101,246.9165791,234.3429012,-10.85,
127,Xiaobailong cave,268,XBL-29,294314,21744.48165,244.3732651,229.0496949,-10.7,
127,Xiaobailong cave,268,XBL-29,294315,21756.8461,241.048343,225.3175791,-10.02,
127,Xiaobailong cave,268,XBL-29,294316,21768.29202,237.6829756,224.4078032,-11.38,
127,Xiaobailong cave,268,XBL-29,294317,21779.16669,234.2599168,224.3454063,-10.54,
127,Xiaobailong cave,268,XBL-29,294318,21790.75211,231.2416538,222.2398884,-10.56,
127,Xiaobailong cave,268,XBL-29,294319,21801.24583,229.0326525,216.1864751,-10.42,
127,Xiaobailong cave,268,XBL-29,294320,21812.31526,225.4978235,212.8511678,-11.53,
127,Xiaobailong cave,268,XBL-29,294321,21823.54577,223.2523146,211.6931571,-10.75,
127,Xiaobailong cave,268,XBL-29,294322,21835.1809,219.7857546,210.5571795,-11.52,
127,Xiaobailong cave,268,XBL-29,294323,21848.10034,219.3787252,211.6929102,-11.09,
127,Xiaobailong cave,268,XBL-29,294324,21859.7858,220.3368493,210.8118329,-11.12,
127,Xiaobailong cave,268,XBL-29,294325,21870.56134,221.3543286,205.8197635,-12.19,
127,Xiaobailong cave,268,XBL-29,294326,21882.56568,215.509967,206.0543065,-10.5,
127,Xiaobailong cave,268,XBL-29,294327,21894.3091,213.4734909,206.2711894,-10.61,
127,Xiaobailong cave,268,XBL-29,294328,21905.97935,209.8367724,207.8097279,-11.51,
127,Xiaobailong cave,268,XBL-29,294329,21917.44092,211.3392492,208.0194144,-11.26,
127,Xiaobailong cave,268,XBL-29,294330,21928.41439,212.3168654,206.7240302,-11.51,
127,Xiaobailong cave,268,XBL-29,294331,21939.0725,213.2097423,207.29882,-11.11,
127,Xiaobailong cave,268,XBL-29,294332,21951.09926,209.880835,207.3951299,-11.65,
127,Xiaobailong cave,268,XBL-29,294333,21961.88433,213.0400829,208.3500977,-10.99,
127,Xiaobailong cave,268,XBL-29,294334,21973.09248,214.6186009,209.2323186,-11.81,
127,Xiaobailong cave,268,XBL-29,294335,21983.94931,215.3615983,209.9256973,-11.19,
127,Xiaobailong cave,268,XBL-29,294336,21995.35094,216.515018,214.7772668,-11.53,
127,Xiaobailong cave,268,XBL-29,294337,22006.07577,217.0888001,215.7665992,-11.61,
127,Xiaobailong cave,268,XBL-29,294338,22017.54559,218.8437988,217.909775,-11.26,
127,Xiaobailong cave,268,XBL-29,294339,22030.31401,218.6482219,221.7693047,-12.11,
127,Xiaobailong cave,268,XBL-29,294340,22040.02705,219.9925903,220.9208419,-11.08,
127,Xiaobailong cave,268,XBL-29,294341,22051.88169,222.11373,225.0827909,-11.66,
127,Xiaobailong cave,268,XBL-29,294342,22062.78313,223.8819915,228.9107766,-10.72,
127,Xiaobailong cave,268,XBL-29,294343,22073.76934,227.8791504,233.0173488,-10.37,
127,Xiaobailong cave,268,XBL-29,294344,22084.96521,232.3183149,235.8683666,-10.73,
127,Xiaobailong cave,268,XBL-29,294345,22096.17189,234.6087867,239.4445427,-10.75,
127,Xiaobailong cave,268,XBL-29,294346,22106.58922,239.8273993,241.2024972,-10.5,
127,Xiaobailong cave,268,XBL-29,294347,22116.9169,240.9229288,243.0408304,-11.51,
127,Xiaobailong cave,268,XBL-29,294348,22128.16355,245.7310222,245.754694,-11.49,
127,Xiaobailong cave,268,XBL-29,294349,22139.11506,247.1335362,248.3288386,-11.33,
127,Xiaobailong cave,268,XBL-29,294350,22149.33484,254.010999,250.9911639,-11.96,
127,Xiaobailong cave,268,XBL-29,294351,22160.47461,255.7883835,256.1140756,-10.6,
127,Xiaobailong cave,268,XBL-29,294352,22171.4791,259.1179519,259.7714284,-10.86,
127,Xiaobailong cave,268,XBL-29,294353,22182.19988,261.5651517,262.3311717,-10.5,
127,Xiaobailong cave,268,XBL-29,294354,22193.65928,267.9453316,264.3463225,-10.88,
127,Xiaobailong cave,268,XBL-29,294355,22204.35174,274.0365691,266.2332386,-11.14,
127,Xiaobailong cave,268,XBL-29,294356,22215.18955,279.0956944,269.3485989,-11.13,
127,Xiaobailong cave,268,XBL-29,294357,22225.94203,281.504677,276.2308764,-12.16,
127,Xiaobailong cave,268,XBL-29,294358,22237.43244,286.9615762,281.3668155,-11.57,
127,Xiaobailong cave,268,XBL-29,294359,22248.46851,291.7021921,284.8968749,-10.13,
127,Xiaobailong cave,268,XBL-29,294360,22259.07814,296.1348248,288.8575419,-11.04,
127,Xiaobailong cave,268,XBL-29,294361,22270.11381,300.9216545,292.3491081,-10.26,
127,Xiaobailong cave,268,XBL-29,294362,22280.6159,306.7854176,296.0898167,-11.14,
127,Xiaobailong cave,268,XBL-29,294363,22292.36635,312.1266574,302.1731216,-10.4,
127,Xiaobailong cave,268,XBL-29,294364,22303.34136,318.1311465,307.6326831,-10.71,
127,Xiaobailong cave,268,XBL-29,294365,22314.34798,323.0323685,312.5457193,-10.49,
127,Xiaobailong cave,268,XBL-29,294366,22324.22298,329.411928,316.5171982,-10.67,
127,Xiaobailong cave,268,XBL-29,294367,22334.3752,334.2674531,320.980419,-10.88,
127,Xiaobailong cave,268,XBL-29,294368,22345.3677,341.1794937,325.8484049,-11.23,
127,Xiaobailong cave,268,XBL-29,294369,22355.62454,347.94109,330.0924674,-10.91,
127,Xiaobailong cave,268,XBL-29,294370,22367.11905,353.7495296,335.4756588,-11,
127,Xiaobailong cave,268,XBL-29,294371,22377.99175,359.258876,341.011688,-10.91,
127,Xiaobailong cave,268,XBL-29,294372,22405.26179,354.4885891,337.0588373,-11.44,
127,Xiaobailong cave,268,XBL-29,294373,22431.55647,352.5421403,330.5840572,-11.18,
127,Xiaobailong cave,268,XBL-29,294374,22459.78333,343.9863374,327.1556832,-11.04,
127,Xiaobailong cave,268,XBL-29,294375,22486.98315,337.4791701,323.9197345,-11.3,
127,Xiaobailong cave,268,XBL-29,294376,22515.63949,328.5556864,316.8582522,-10.79,
127,Xiaobailong cave,268,XBL-29,294377,22542.12425,325.4879431,312.1888928,-11.58,
127,Xiaobailong cave,268,XBL-29,294378,22570.02348,316.4429534,308.9570264,-11.41,
127,Xiaobailong cave,268,XBL-29,294379,22596.80492,312.7787634,305.2662002,-10.89,
127,Xiaobailong cave,268,XBL-29,294380,22621.53748,312.3400352,301.0066392,-10.91,
127,Xiaobailong cave,268,XBL-29,294381,22647.65102,309.7510218,294.8720237,-10.63,
127,Xiaobailong cave,268,XBL-29,294382,22675.01502,305.2744034,291.4845425,-11.39,
127,Xiaobailong cave,268,XBL-29,294383,22702.02678,303.2421499,287.9000469,-11.39,
127,Xiaobailong cave,268,XBL-29,294384,22727.9947,301.4913314,284.7119674,-11.87,
127,Xiaobailong cave,268,XBL-29,294385,22754.24564,301.5345927,283.6128732,-11.51,
127,Xiaobailong cave,268,XBL-29,294386,22782.08053,301.0797889,284.505965,-11.53,
127,Xiaobailong cave,268,XBL-29,294387,22806.65418,301.5429579,282.5185892,-11.13,
127,Xiaobailong cave,268,XBL-29,294388,22833.56804,300.9997502,282.0774827,-10.63,
127,Xiaobailong cave,268,XBL-29,294389,22862.79097,298.224947,285.179529,-11.23,
127,Xiaobailong cave,268,XBL-29,294390,22889.02066,298.9792072,280.3030029,-11.39,
127,Xiaobailong cave,268,XBL-29,294391,22915.58759,295.6862109,281.8756948,-11.39,
127,Xiaobailong cave,268,XBL-29,294392,22941.80817,293.093328,280.0015323,-11.61,
127,Xiaobailong cave,268,XBL-29,294393,22968.83371,291.6431425,278.4712125,-11.59,
127,Xiaobailong cave,268,XBL-29,294394,22996.9499,289.7654146,280.4637049,-10.66,
127,Xiaobailong cave,268,XBL-29,294395,23024.49754,286.0552863,278.9148945,-11.05,
127,Xiaobailong cave,268,XBL-29,294396,23051.20501,287.6925776,279.2788908,-10.73,
127,Xiaobailong cave,268,XBL-29,294397,23077.78222,286.2333063,279.0840528,-10.96,
127,Xiaobailong cave,268,XBL-29,294398,23106.89431,283.4566136,282.3771729,-11.02,
127,Xiaobailong cave,268,XBL-29,294399,23133.63206,283.4742169,283.5718253,-11.37,
127,Xiaobailong cave,268,XBL-29,294400,23160.73278,282.5447715,288.0628337,-10.58,
127,Xiaobailong cave,268,XBL-29,294401,23188.61882,282.0999331,289.1534029,-11.23,
127,Xiaobailong cave,268,XBL-29,294402,23217.36454,284.6312306,294.4822333,-10.61,
127,Xiaobailong cave,268,XBL-29,294403,23243.47529,288.6501359,297.1929121,-10.66,
127,Xiaobailong cave,268,XBL-29,294404,23270.4019,292.5529333,298.6985152,-11.28,
127,Xiaobailong cave,268,XBL-29,294405,23296.65844,293.8230982,300.2546846,-10.91,
127,Xiaobailong cave,268,XBL-29,294406,23323.95503,294.6519258,301.8306967,-10.8,
127,Xiaobailong cave,268,XBL-29,294407,23350.36278,297.4053659,302.644031,-10.61,
127,Xiaobailong cave,268,XBL-29,294408,23377.83738,299.239889,308.6635349,-10.6,
127,Xiaobailong cave,268,XBL-29,294409,23403.26289,304.444272,309.4344031,-10.9,
127,Xiaobailong cave,268,XBL-29,294410,23429.08981,308.7071233,309.1600856,-11.21,
127,Xiaobailong cave,268,XBL-29,294411,23455.72356,314.5517755,314.0745168,-9.37,
127,Xiaobailong cave,268,XBL-29,294412,23482.9664,319.2911575,319.1206233,-10.63,
127,Xiaobailong cave,268,XBL-29,294413,23510.65534,321.5784385,327.6208182,-9.13,
127,Xiaobailong cave,268,XBL-29,294414,23537.21951,327.5576807,327.8533365,-9.9,
127,Xiaobailong cave,268,XBL-29,294415,23565.06437,328.2537274,336.1493733,-9.8,
127,Xiaobailong cave,268,XBL-29,294416,23591.5981,334.7618716,340.1316013,-10.93,
127,Xiaobailong cave,268,XBL-29,294417,23617.3877,342.2254899,344.5695544,-10.32,
127,Xiaobailong cave,268,XBL-29,294418,23645.01664,348.5503107,348.2222811,-10.27,
127,Xiaobailong cave,268,XBL-29,294419,23672.17415,350.9641642,355.1421434,-10.03,
127,Xiaobailong cave,268,XBL-29,294420,23699.03346,355.2560317,359.9616001,-9.59,
127,Xiaobailong cave,268,XBL-29,294421,23724.4903,365.5102448,361.6790982,-9.41,
127,Xiaobailong cave,268,XBL-29,294422,23751.89002,369.6858564,366.254325,-9.65,
127,Xiaobailong cave,268,XBL-29,294423,23780.28213,373.5578854,372.52344,-10.13,
127,Xiaobailong cave,268,XBL-29,294424,23808.02713,378.1399861,378.7213504,-10.39,
127,Xiaobailong cave,268,XBL-29,294425,23835.01546,384.8965071,386.2885081,-10.3,
127,Xiaobailong cave,268,XBL-29,294426,23860.98209,393.683014,390.1195663,-10.78,
127,Xiaobailong cave,268,XBL-29,294427,23886.90737,400.186324,396.7081955,-9.91,
127,Xiaobailong cave,268,XBL-29,294428,23913.86488,405.8152159,405.076699,-9.46,
127,Xiaobailong cave,268,XBL-29,294429,23942.95938,409.9495317,415.3736018,-9.07,
127,Xiaobailong cave,268,XBL-29,294430,23969.01011,419.7699087,422.2140323,-9.21,
127,Xiaobailong cave,268,XBL-29,294431,23995.72144,426.5065594,430.2386079,-10.55,
127,Xiaobailong cave,268,XBL-29,294432,24022.65798,434.7887142,433.9684759,-9.45,
127,Xiaobailong cave,268,XBL-29,294433,24049.52526,442.6549483,442.122971,-10.77,
127,Xiaobailong cave,268,XBL-29,294434,24075.22907,454.2465011,448.6309502,-11.24,
127,Xiaobailong cave,268,XBL-29,294435,24115.30462,441.74535,442.2895338,-10.69,
127,Xiaobailong cave,268,XBL-29,294436,24152.26578,435.9431695,434.6357698,-10.08,
127,Xiaobailong cave,268,XBL-29,294437,24193.39091,428.7647394,429.4445776,-9.67,
127,Xiaobailong cave,268,XBL-29,294438,24232.09105,419.8184053,422.4739138,-8.95,
127,Xiaobailong cave,268,XBL-29,294439,24271.47583,410.9518689,417.4678053,-10.15,
127,Xiaobailong cave,268,XBL-29,294440,24308.85772,407.3172132,410.1455273,-10.18,
127,Xiaobailong cave,268,XBL-29,294441,24346.86251,396.7236731,404.2045635,-10.41,
127,Xiaobailong cave,268,XBL-29,294442,24385.7828,390.0798907,395.6230381,-10.45,
127,Xiaobailong cave,268,XBL-29,294443,24423.72533,385.8261605,390.3075521,-9.04,
127,Xiaobailong cave,268,XBL-29,294444,24461.80155,381.2067463,384.0740834,-10.07,
127,Xiaobailong cave,268,XBL-29,294445,24503.39286,373.3542808,379.1601541,-10.18,
127,Xiaobailong cave,268,XBL-29,294446,24541.68997,369.9243716,372.7873832,-10.23,
127,Xiaobailong cave,268,XBL-29,294447,24580.03076,363.3720962,363.6416771,-9.7,
127,Xiaobailong cave,268,XBL-29,294448,24618.31567,357.635432,356.8567483,-9.62,
127,Xiaobailong cave,268,XBL-29,294449,24657.29647,353.7479565,351.9341835,-10.03,
127,Xiaobailong cave,268,XBL-29,294450,24694.28606,353.3284789,341.9434125,-10.05,
127,Xiaobailong cave,268,XBL-29,294451,24735.64975,350.5499937,335.1539421,-10.05,
127,Xiaobailong cave,268,XBL-29,294452,24775.70461,346.2814591,332.7364251,-11.55,
127,Xiaobailong cave,268,XBL-29,294453,24817.23286,340.8148267,325.5731253,-11.1,
127,Xiaobailong cave,268,XBL-29,294454,24857.33782,338.2050791,323.453923,-11.5,
127,Xiaobailong cave,268,XBL-29,294455,24896.3616,337.9900416,320.6669951,-11.7,
127,Xiaobailong cave,268,XBL-29,294456,24934.75617,335.4058063,320.6320416,-11.25,
127,Xiaobailong cave,268,XBL-29,294457,24974.16279,331.2447045,314.2019206,-11.12,
127,Xiaobailong cave,268,XBL-29,294458,25014.75524,328.7934069,316.4544924,-12,
127,Xiaobailong cave,268,XBL-29,294459,25051.80551,331.6118674,309.7428136,-11.24,
127,Xiaobailong cave,268,XBL-29,294460,25092.01829,329.6219596,308.3166301,-12.85,
127,Xiaobailong cave,268,XBL-29,294461,25132.13208,325.3184651,307.90499,-12.03,
127,Xiaobailong cave,268,XBL-29,294462,25168.8614,326.6006868,308.6915289,-11.15,
127,Xiaobailong cave,268,XBL-29,294463,25207.63795,327.4010544,305.1212308,-11.96,
127,Xiaobailong cave,268,XBL-29,294464,25246.70241,326.8617861,304.4302117,-11.46,
127,Xiaobailong cave,268,XBL-29,294465,25285.39988,329.2663044,306.9893797,-12,
127,Xiaobailong cave,268,XBL-29,294466,25325.24118,328.4401086,310.9672318,-11.08,
127,Xiaobailong cave,268,XBL-29,294467,25364.30723,329.5165589,312.7068974,-12.14,
127,Xiaobailong cave,268,XBL-29,294468,25402.89494,329.957646,311.6998892,-11.39,
127,Xiaobailong cave,268,XBL-29,294469,25441.93857,328.9100163,311.5054775,-11.69,
127,Xiaobailong cave,268,XBL-29,294470,25480.91776,331.5682241,313.9015648,-12.28,
127,Xiaobailong cave,268,XBL-29,294471,25521.19598,336.9420583,319.506143,-12.22,
127,Xiaobailong cave,268,XBL-29,294472,25561.19808,339.756842,324.9349052,-12.14,
127,Xiaobailong cave,268,XBL-29,294473,25600.90998,346.1665419,327.5317024,-11.5,
127,Xiaobailong cave,268,XBL-29,294474,25642.07696,346.6569541,334.1627588,-11.65,
127,Xiaobailong cave,268,XBL-29,294475,25681.34338,349.4494814,339.6534889,-11.68,
127,Xiaobailong cave,268,XBL-29,294476,25721.08961,352.8648691,345.5213021,-11.31,
127,Xiaobailong cave,268,XBL-29,294477,25757.45011,361.328075,349.6437769,-11.48,
127,Xiaobailong cave,268,XBL-29,294478,25797.03746,367.0285844,355.200355,-11.46,
127,Xiaobailong cave,268,XBL-29,294479,25836.62681,371.7772062,359.5899459,-11.93,
127,Xiaobailong cave,268,XBL-29,294480,25875.66727,381.4355245,365.7386349,-12.32,
127,Xiaobailong cave,268,XBL-29,294481,25912.47746,389.6176583,368.6997722,-11.84,
127,Xiaobailong cave,268,XBL-29,294482,25953.16896,392.1965718,375.8121359,-11.52,
127,Xiaobailong cave,268,XBL-29,294483,25993.0534,400.2355756,383.5951047,-12.09,
127,Xiaobailong cave,268,XBL-29,294484,26031.02989,403.3020228,390.140885,-11.64,
127,Xiaobailong cave,268,XBL-29,294485,26071.70769,409.2527644,397.9194342,-11.63,
127,Xiaobailong cave,268,XBL-29,294486,26110.0274,415.1456591,402.6842184,-11.37,
127,Xiaobailong cave,268,XBL-29,294487,26150.17068,424.6444086,410.7056648,-11.55,
127,Xiaobailong cave,268,XBL-29,294488,26188.48138,433.0351987,415.4576856,-11.01,
127,Xiaobailong cave,268,XBL-29,294489,26228.78303,439.7955596,421.8664387,-11.01,
127,Xiaobailong cave,268,XBL-29,294490,26266.75459,447.1572475,426.9191302,-11.31,
127,Xiaobailong cave,268,XBL-29,294491,26309.29581,450.9971675,435.3231206,-11.07,
127,Xiaobailong cave,268,XBL-29,294492,26348.55402,460.4388361,443.8214309,-11.43,
127,Xiaobailong cave,268,XBL-29,294493,26387.83643,466.9237965,448.3945154,-12.13,
127,Xiaobailong cave,268,XBL-29,294494,26468.60553,449.5479444,427.0394662,-11.22,
127,Xiaobailong cave,268,XBL-29,294495,26548.46341,432.6842075,406.7753602,-11.68,
127,Xiaobailong cave,268,XBL-29,294496,26629.87023,408.824459,386.7262617,-11.8,
127,Xiaobailong cave,268,XBL-29,294497,26709.17522,389.3265488,372.662493,-11.85,
127,Xiaobailong cave,268,XBL-29,294498,26790.48454,370.9943616,357.698008,-11.38,
127,Xiaobailong cave,268,XBL-29,294499,26873.05625,353.4589295,341.2305587,-11.62,
127,Xiaobailong cave,268,XBL-29,294500,26956.16367,331.8497734,326.6511665,-11.99,
127,Xiaobailong cave,268,XBL-29,294501,27035.92175,312.8016423,313.6566941,-11.82,
127,Xiaobailong cave,268,XBL-29,294502,27115.71163,300.3467377,297.4354192,-10.84,
127,Xiaobailong cave,268,XBL-29,294503,27197.44578,286.6131709,286.592007,-11.61,
127,Xiaobailong cave,268,XBL-29,294504,27277.02767,283.3708083,268.9907059,-12.25,
127,Xiaobailong cave,268,XBL-29,294505,27355.15446,273.796798,262.5220827,-11.65,
127,Xiaobailong cave,268,XBL-29,294506,27437.89032,269.0606594,261.993243,-12.16,
127,Xiaobailong cave,268,XBL-29,294507,27518.39298,273.811401,258.0722794,-11.89,
127,Xiaobailong cave,268,XBL-29,294508,27601.94999,270.154572,260.3265784,-12.1,
127,Xiaobailong cave,268,XBL-29,294509,27682.6706,269.6815959,263.6266943,-10.54,
127,Xiaobailong cave,268,XBL-29,294510,27762.2206,275.0027401,271.6688084,-11.46,
127,Xiaobailong cave,268,XBL-29,294511,27842.93161,283.6582473,277.3817235,-11.89,
127,Xiaobailong cave,268,XBL-29,294512,27925.64702,292.6130396,286.8193684,-11.47,
127,Xiaobailong cave,268,XBL-29,294513,28008.21439,299.3762242,300.9466656,-11.19,
127,Xiaobailong cave,268,XBL-29,294514,28087.25774,317.4610291,315.3970502,-11.83,
127,Xiaobailong cave,268,XBL-29,294515,28138.44393,301.5943291,301.7852797,-12.36,
127,Xiaobailong cave,268,XBL-29,294516,28188.62181,288.9869614,289.9687557,-12.69,
127,Xiaobailong cave,268,XBL-29,294517,28240.04774,283.0322158,279.5052528,-11.81,
127,Xiaobailong cave,268,XBL-29,294518,28293.66469,271.6323677,269.0418431,-11.51,
127,Xiaobailong cave,268,XBL-29,294519,28343.27279,260.5538065,255.4647283,-11.27,
127,Xiaobailong cave,268,XBL-29,294520,28395.25821,252.9543121,245.2296862,-10.97,
127,Xiaobailong cave,268,XBL-29,294521,28446.32537,240.4556833,232.9187254,-11.85,
127,Xiaobailong cave,268,XBL-29,294522,28498.07314,229.4487528,229.1661862,-11.17,
127,Xiaobailong cave,268,XBL-29,294523,28547.73245,222.1239344,220.9702839,-11.66,
127,Xiaobailong cave,268,XBL-29,294524,28600.30113,213.9460295,215.4961999,-11.93,
127,Xiaobailong cave,268,XBL-29,294525,28649.94738,211.071276,210.7492244,-11.26,
127,Xiaobailong cave,268,XBL-29,294526,28701.36647,211.3471875,205.0536199,-11.16,
127,Xiaobailong cave,268,XBL-29,294527,28753.42303,212.8883821,205.1766754,-12.04,
127,Xiaobailong cave,268,XBL-29,294528,28803.62886,216.2971792,207.0182487,-11.34,
127,Xiaobailong cave,268,XBL-29,294529,28856.79071,221.0524263,214.8275039,-10.95,
127,Xiaobailong cave,268,XBL-29,294530,28905.60884,237.2316071,224.408862,-11.56,
127,Xiaobailong cave,268,XBL-29,294531,28958.81747,248.1320187,234.404186,-11.52,
127,Xiaobailong cave,268,XBL-29,294532,29009.43272,257.110421,243.6464456,-10.92,
127,Xiaobailong cave,268,XBL-29,294533,29061.09933,266.7612788,254.7673001,-11.68,
127,Xiaobailong cave,268,XBL-29,294534,29115.35158,276.2667813,265.102582,-11.62,
127,Xiaobailong cave,268,XBL-29,294535,29164.87581,289.4900976,274.7070829,-12.85,
127,Xiaobailong cave,268,XBL-29,294536,29217.14599,302.7142669,292.2472681,-10.44,
127,Xiaobailong cave,268,XBL-29,294537,29723.98508,576.0082928,494.6728636,-10.96,
127,Xiaobailong cave,263,XBL-3,293208,30072.49266,473.6167092,499.5308089,-10.97,
127,Xiaobailong cave,263,XBL-3,293207,30176.94582,446.0148074,472.1670854,-10.57,
127,Xiaobailong cave,268,XBL-29,294538,30223.78098,1049.091391,863.9873295,-10.76,
127,Xiaobailong cave,263,XBL-3,293206,30282.16482,413.9985707,435.2300222,-10.09,
127,Xiaobailong cave,263,XBL-3,293205,30388.1261,382.6073688,401.822832,-11.22,
127,Xiaobailong cave,263,XBL-3,293204,30495.88614,357.7918286,369.8570673,-11.85,
127,Xiaobailong cave,263,XBL-3,293203,30598.31227,336.7464698,339.1832077,-11.4,
127,Xiaobailong cave,263,XBL-3,293202,30702.51451,316.9163145,308.9419623,-11.84,
127,Xiaobailong cave,268,XBL-29,294539,30722.98481,1560.147524,1258.428266,-11.15,
127,Xiaobailong cave,263,XBL-3,293201,30808.73148,295.8768575,285.2738597,-12.3,
127,Xiaobailong cave,263,XBL-3,293200,30915.72212,272.8213345,262.8919942,-11.41,
127,Xiaobailong cave,263,XBL-3,293199,31019.47411,253.8374548,241.3789235,-11.91,
127,Xiaobailong cave,263,XBL-3,293198,31123.69073,240.2302091,222.2740107,-11.13,
127,Xiaobailong cave,268,XBL-29,294540,31221.47397,2108.737912,1658.128632,-11.2,
127,Xiaobailong cave,263,XBL-3,293197,31229.45335,226.4013116,213.3463502,-11.42,
127,Xiaobailong cave,263,XBL-3,293196,31334.36642,220.2901343,205.8298843,-11.79,
127,Xiaobailong cave,263,XBL-3,293195,31439.93068,221.0658995,217.7743628,-11.49,
127,Xiaobailong cave,263,XBL-3,293194,31544.7438,222.912125,224.3586309,-11.05,
127,Xiaobailong cave,263,XBL-3,293193,31650.72476,238.1156677,235.6043359,-11.49,
127,Xiaobailong cave,268,XBL-29,294541,31720.68382,2650.864932,2060.110232,-10.72,
127,Xiaobailong cave,263,XBL-3,293192,31736.70871,243.9409427,234.8255284,-12.13,
127,Xiaobailong cave,263,XBL-3,293191,31808.17164,230.286178,229.1311645,-11.26,
127,Xiaobailong cave,268,XBL-29,294542,31816.51806,2604.619082,2019.866649,-11.25,
127,Xiaobailong cave,263,XBL-3,293190,31879.7067,220.659783,218.5035058,-11.78,
127,Xiaobailong cave,268,XBL-29,294543,31917.33435,2549.48345,1979.424736,-10.57,
127,Xiaobailong cave,263,XBL-3,293189,31951.89773,211.12864,214.4662448,-11.06,
127,Xiaobailong cave,268,XBL-29,294544,32014.21947,2494.412434,1944.051711,-11.09,
127,Xiaobailong cave,263,XBL-3,293188,32023.0382,201.0027746,205.4116182,-11.53,
127,Xiaobailong cave,263,XBL-3,293187,32093.02747,190.3311806,196.2326285,-11.67,
127,Xiaobailong cave,268,XBL-29,294545,32113.05047,2446.595791,1908.040955,-11.18,
127,Xiaobailong cave,263,XBL-3,293186,32165.00842,188.978006,193.9900742,-11.28,
127,Xiaobailong cave,268,XBL-29,294546,32214.47782,2396.711708,1873.931287,-10.38,
127,Xiaobailong cave,263,XBL-3,293185,32236.68874,185.3131096,195.2618634,-11.13,
127,Xiaobailong cave,263,XBL-3,293184,32306.13007,183.0727891,191.5290052,-11.92,
127,Xiaobailong cave,268,XBL-29,294547,32307.82207,2362.778416,1834.350375,-10.69,
127,Xiaobailong cave,263,XBL-3,293183,32376.24362,183.9992969,196.1962449,-11.31,
127,Xiaobailong cave,268,XBL-29,294548,32403.2585,2321.42217,1801.320738,-11.09,
127,Xiaobailong cave,263,XBL-3,293182,32447.52909,188.4438899,204.1000915,-12.47,
127,Xiaobailong cave,268,XBL-29,294549,32502.29898,2273.725051,1766.444402,-9.91,
127,Xiaobailong cave,263,XBL-3,293181,32517.52678,191.8574963,211.7164725,-11.45,
127,Xiaobailong cave,263,XBL-3,293180,32589.38338,197.1461554,225.9340038,-11.96,
127,Xiaobailong cave,268,XBL-29,294550,32602.42903,2228.894616,1731.550817,-10.57,
127,Xiaobailong cave,263,XBL-3,293179,32659.76518,206.6679716,237.2200201,-11.86,
127,Xiaobailong cave,268,XBL-29,294551,32699.43147,2184.593107,1689.790065,-10.18,
127,Xiaobailong cave,263,XBL-3,293178,32730.55,216.0449896,247.7127256,-12.23,
127,Xiaobailong cave,268,XBL-29,294552,32793.24016,2139.380758,1650.115059,-10.29,
127,Xiaobailong cave,263,XBL-3,293177,32800.87394,227.2409668,259.9222217,-12.33,
127,Xiaobailong cave,263,XBL-3,293176,32872.27989,237.3696787,277.2282061,-11.73,
127,Xiaobailong cave,268,XBL-29,294553,32889.00608,2093.79474,1614.942858,-10.35,
127,Xiaobailong cave,263,XBL-3,293175,32942.01703,251.7686363,285.6524242,-11.85,
127,Xiaobailong cave,268,XBL-29,294554,32981.60225,2055.726426,1563.682093,-11.69,
127,Xiaobailong cave,263,XBL-3,293174,33011.34015,268.1928268,300.2459739,-12.47,
127,Xiaobailong cave,268,XBL-29,294555,33079.98121,2014.349318,1532.202863,-11.48,
127,Xiaobailong cave,263,XBL-3,293173,33080.37717,283.1685497,314.2177678,-12.16,
127,Xiaobailong cave,263,XBL-3,293172,33150.86822,296.8760602,328.6334044,-10.76,
127,Xiaobailong cave,263,XBL-3,293171,33168.44803,284.0606231,317.3100077,-10.76,
127,Xiaobailong cave,268,XBL-29,294556,33180.14082,1964.976717,1500.898001,-10.17,
127,Xiaobailong cave,263,XBL-3,293170,33185.78615,274.4917563,298.5171782,-11,
127,Xiaobailong cave,263,XBL-3,293169,33203.84054,261.3953385,281.7904832,-10.78,
127,Xiaobailong cave,263,XBL-3,293168,33221.64181,249.6362648,267.6160179,-10.6,
127,Xiaobailong cave,263,XBL-3,293167,33237.17999,241.6349374,253.1006603,-10.7,
127,Xiaobailong cave,263,XBL-3,293166,33252.3611,236.0668333,239.0568309,-10.82,
127,Xiaobailong cave,263,XBL-3,293165,33270.25601,228.6719634,224.9935087,-10.61,
127,Xiaobailong cave,268,XBL-29,294557,33274.77033,1921.696901,1465.61551,-10.94,
127,Xiaobailong cave,263,XBL-3,293164,33288.74296,219.1879931,216.9982814,-10.82,
127,Xiaobailong cave,263,XBL-3,293163,33308.15396,210.549449,204.393985,-10.58,
127,Xiaobailong cave,263,XBL-3,293162,33326.6265,203.4516594,197.6787631,-10.96,
127,Xiaobailong cave,263,XBL-3,293161,33342.24599,200.2488571,187.447839,-10.54,
127,Xiaobailong cave,263,XBL-3,293160,33360.65158,196.2191793,183.0702833,-11.05,
127,Xiaobailong cave,268,XBL-29,294558,33374.5564,1865.935424,1431.547072,-10.91,
127,Xiaobailong cave,263,XBL-3,293159,33380.37725,187.3113724,177.4712965,-11.53,
127,Xiaobailong cave,263,XBL-3,293158,33397.85546,185.3722846,175.2832427,-11.24,
127,Xiaobailong cave,263,XBL-3,293157,33416.53824,183.5190837,176.0704251,-10.54,
127,Xiaobailong cave,263,XBL-3,293156,33434.64919,181.1582954,180.3764915,-11.85,
127,Xiaobailong cave,263,XBL-3,293155,33453.61694,182.8527346,185.381796,-11.76,
127,Xiaobailong cave,263,XBL-3,293154,33472.38936,185.91181,190.6190635,-11.35,
127,Xiaobailong cave,268,XBL-29,294559,33475.96186,1808.461,1400.016509,-10.08,
127,Xiaobailong cave,263,XBL-3,293153,33489.98417,188.0133844,198.3889158,-11.36,
127,Xiaobailong cave,263,XBL-3,293152,33519.15051,187.1888546,198.1596015,-11.08,
127,Xiaobailong cave,263,XBL-3,293151,33558.03206,179.7512397,186.7971171,-11.23,
127,Xiaobailong cave,268,XBL-29,294560,33583.017,1750.873269,1378.867823,-9.98,
127,Xiaobailong cave,263,XBL-3,293150,33596.70981,171.3588204,175.1334908,-11.72,
127,Xiaobailong cave,263,XBL-3,293149,33636.87578,164.4030806,166.1685969,-11.7,
127,Xiaobailong cave,263,XBL-3,293148,33677.73466,157.3720159,157.1865747,-11.45,
127,Xiaobailong cave,268,XBL-29,294561,33681.2682,1702.814917,1349.675778,-11.41,
127,Xiaobailong cave,263,XBL-3,293147,33716.97599,150.1543634,146.1819231,-11.6,
127,Xiaobailong cave,263,XBL-3,293146,33757.30279,141.7499435,137.5633975,-11.71,
127,Xiaobailong cave,268,XBL-29,294562,33776.94385,1657.412147,1316.028427,-10.65,
127,Xiaobailong cave,263,XBL-3,293145,33796.53979,135.8960458,128.3236839,-11.35,
127,Xiaobailong cave,263,XBL-3,293144,33837.50626,130.8257466,124.1383269,-12.4,
127,Xiaobailong cave,268,XBL-29,294563,33871.99034,1611.246228,1282.618355,-10.62,
127,Xiaobailong cave,263,XBL-3,293143,33877.01842,127.9086719,119.4363162,-11.7,
127,Xiaobailong cave,263,XBL-3,293142,33917.65188,124.2227436,117.2112573,-10.98,
127,Xiaobailong cave,263,XBL-3,293141,33958.28129,119.7293462,115.776684,-11.5,
127,Xiaobailong cave,268,XBL-29,294564,33971.08099,1568.521726,1255.783423,-10.65,
127,Xiaobailong cave,263,XBL-3,293140,33997.57169,118.9676446,113.4800508,-11.67,
127,Xiaobailong cave,263,XBL-3,293139,34037.89155,118.4417258,114.5530853,-11.91,
127,Xiaobailong cave,268,XBL-29,294565,34066.91871,1535.728532,1221.386612,-10.54,
127,Xiaobailong cave,263,XBL-3,293138,34079.8478,117.0795434,116.8715458,-10.76,
127,Xiaobailong cave,263,XBL-3,293137,34120.33084,121.2091752,119.6427637,-10.38,
127,Xiaobailong cave,263,XBL-3,293136,34159.64876,125.2705458,122.0443583,-11.47,
127,Xiaobailong cave,268,XBL-29,294566,34160.68014,1502.507714,1184.795117,-10.52,
127,Xiaobailong cave,263,XBL-3,293135,34200.10939,127.389979,128.1215354,-10.74,
127,Xiaobailong cave,263,XBL-3,293134,34241.66403,129.3529743,135.3353111,-10.9,
127,Xiaobailong cave,268,XBL-29,294567,34257.93735,1459.87907,1152.401795,-10.58,
127,Xiaobailong cave,263,XBL-3,293133,34281.01211,136.5592924,140.1570045,-11.38,
127,Xiaobailong cave,263,XBL-3,293132,34327.50142,138.0465046,139.2925762,-11.39,
127,Xiaobailong cave,268,XBL-29,294568,34359.99562,1419.563333,1128.319418,-10.89,
127,Xiaobailong cave,263,XBL-3,293131,34381.49252,131.1481384,133.523834,-11.12,
127,Xiaobailong cave,263,XBL-3,293130,34435.92138,125.3764017,125.2203884,-11.55,
127,Xiaobailong cave,268,XBL-29,294569,34461.15045,1368.643293,1104.486502,-10.31,
127,Xiaobailong cave,263,XBL-3,293129,34490.51656,117.8673193,120.705238,-11.01,
127,Xiaobailong cave,263,XBL-3,293128,34543.81542,110.8668544,116.5354302,-11.08,
127,Xiaobailong cave,268,XBL-29,294570,34557.42896,1330.147179,1073.280949,-9.87,
127,Xiaobailong cave,263,XBL-3,293127,34598.5275,106.3813296,113.1546415,-10.85,
127,Xiaobailong cave,263,XBL-3,293126,34652.21657,102.6748002,107.7232026,-11.51,
127,Xiaobailong cave,268,XBL-29,294571,34659.45794,1289.364562,1060.491742,-10.58,
127,Xiaobailong cave,263,XBL-3,293125,34706.18938,100.4517673,103.0966745,-11.34,
127,Xiaobailong cave,268,XBL-29,294572,34758.55,1255.933115,1032.6435,-10.94,
127,Xiaobailong cave,263,XBL-3,293124,34759.75323,97.00534852,100.7602844,-11.25,
127,Xiaobailong cave,263,XBL-3,293123,34813.6151,95.54614433,97.92137827,-11.01,
127,Xiaobailong cave,268,XBL-29,294573,34851.97626,1226.445507,1003.992028,-11.5,
127,Xiaobailong cave,263,XBL-3,293122,34868.02148,96.41682509,97.7602339,-11.29,
127,Xiaobailong cave,263,XBL-3,293121,34922.11476,96.88838114,98.29127495,-11.39,
127,Xiaobailong cave,268,XBL-29,294574,34951.42551,1196.259802,977.2898502,-11.17,
127,Xiaobailong cave,263,XBL-3,293120,34976.22656,100.0522999,99.89236865,-11,
127,Xiaobailong cave,263,XBL-3,293119,35029.82026,102.0988488,102.537391,-11.38,
127,Xiaobailong cave,268,XBL-29,294575,35049.34478,1159.215499,945.3302263,-11.11,
127,Xiaobailong cave,263,XBL-3,293118,35083.31509,106.6923986,103.9985146,-11.92,
127,Xiaobailong cave,263,XBL-3,293117,35136.87776,110.8228386,109.9828031,-12.16,
127,Xiaobailong cave,268,XBL-29,294576,35146.81069,1117.753917,921.8206219,-11.5,
127,Xiaobailong cave,263,XBL-3,293116,35192.02999,115.1412654,118.4658965,-11.72,
127,Xiaobailong cave,268,XBL-29,294577,35243.97704,1075.262162,886.3721196,-10.7,
127,Xiaobailong cave,263,XBL-3,293115,35246.52339,120.2012595,121.4280617,-11.57,
127,Xiaobailong cave,263,XBL-3,293114,35300.66081,125.5602983,129.3908587,-11.12,
127,Xiaobailong cave,268,XBL-29,294578,35340.20308,1039.197627,861.2679217,-10.64,
127,Xiaobailong cave,263,XBL-3,293113,35345.55495,127.7766116,132.1886813,-12,
127,Xiaobailong cave,263,XBL-3,293112,35382.25471,128.4207411,135.0912656,-10.82,
127,Xiaobailong cave,263,XBL-3,293111,35420.5269,133.624828,141.5302508,-11.88,
127,Xiaobailong cave,268,XBL-29,294579,35447.59073,992.1667779,850.5007098,-10.8,
127,Xiaobailong cave,263,XBL-3,293110,35456.14821,149.2373143,149.0029064,-11.01,
127,Xiaobailong cave,263,XBL-3,293109,35493.2496,163.2719506,162.2860937,-11.13,
127,Xiaobailong cave,263,XBL-3,293108,35530.67429,182.2059976,178.4648475,-10.95,
127,Xiaobailong cave,268,XBL-29,294580,35543.9252,961.5425168,825.0852802,-10.62,
127,Xiaobailong cave,263,XBL-3,293107,35566.48602,205.3608811,194.3972146,-10.35,
127,Xiaobailong cave,263,XBL-3,293106,35602.59988,229.220468,214.7890553,-10.35,
127,Xiaobailong cave,263,XBL-3,293105,35637.68988,256.8860635,233.1641932,-10.7,
127,Xiaobailong cave,268,XBL-29,294581,35644.20782,938.4002094,818.0174715,-11.8,
127,Xiaobailong cave,263,XBL-3,293104,35676.71843,279.6758361,258.3248467,-9.51,
127,Xiaobailong cave,263,XBL-3,293103,35713.5323,305.8471314,283.1164036,-10.27,
127,Xiaobailong cave,268,XBL-29,294582,35740.28648,910.2008663,801.1813628,-12.34,
127,Xiaobailong cave,263,XBL-3,293102,35748.21817,334.5978812,304.1231223,-10.19,
127,Xiaobailong cave,263,XBL-3,293101,35783.88903,361.6728424,326.7403222,-10.38,
127,Xiaobailong cave,263,XBL-3,293100,35821.5911,387.954702,354.1988709,-10.59,
127,Xiaobailong cave,268,XBL-29,294583,35841.18804,880.8045788,787.7814954,-12.25,
127,Xiaobailong cave,263,XBL-3,293099,35858.53015,414.6219811,380.7983919,-10.76,
127,Xiaobailong cave,263,XBL-3,293098,35895.47177,442.1725704,408.1041616,-10.65,
127,Xiaobailong cave,263,XBL-3,293097,35931.37413,469.8146371,430.8878632,-11.18,
127,Xiaobailong cave,268,XBL-29,294584,35942.97546,841.6184966,783.5451693,-12.56,
127,Xiaobailong cave,263,XBL-3,293096,35967.22022,499.6545839,457.5947151,-11.41,
127,Xiaobailong cave,263,XBL-3,293095,36003.58947,529.8493667,484.2527943,-11.37,
127,Xiaobailong cave,263,XBL-3,293094,36021.6157,544.7033303,497.242568,-11.22,
127,Xiaobailong cave,268,XBL-29,294585,36037.13551,814.2138719,769.582397,-12.12,
127,Xiaobailong cave,263,XBL-3,293093,36058.34537,573.8216789,524.6492302,-11.48,
127,Xiaobailong cave,268,XBL-29,294586,36135.1398,798.4187949,760.4237112,-10.65,
127,Xiaobailong cave,268,XBL-29,294587,36227.73296,791.8762073,744.6014801,-11.29,
127,Xiaobailong cave,263,XBL-3,293092,36292.48272,509.6507328,460.3456033,-11.59,
127,Xiaobailong cave,268,XBL-29,294588,36321.10833,776.750726,729.8967889,-11.34,
127,Xiaobailong cave,268,XBL-29,294589,36420.8307,748.4573962,733.8663126,-11.06,
127,Xiaobailong cave,268,XBL-29,294590,36513.40419,746.2574619,724.9396435,-9.88,
127,Xiaobailong cave,263,XBL-3,293091,36525.84236,444.3082749,396.5550265,-11.53,
127,Xiaobailong cave,268,XBL-29,294591,36614.16663,723.7569095,735.2516618,-11.13,
127,Xiaobailong cave,268,XBL-29,294592,36710.30073,720.6686044,744.3685701,-11.63,
127,Xiaobailong cave,263,XBL-3,293090,36761.55644,375.310695,336.7257074,-11.69,
127,Xiaobailong cave,268,XBL-29,294593,36803.93079,716.247343,746.1185954,-12.16,
127,Xiaobailong cave,268,XBL-29,294594,36906.13615,717.6640695,753.3113694,-11.68,
127,Xiaobailong cave,263,XBL-3,293089,36993.63615,307.3193735,276.0270479,-11.66,
127,Xiaobailong cave,268,XBL-29,294595,36996.67333,730.3642702,746.2439105,-13.08,
127,Xiaobailong cave,268,XBL-29,294596,37094.24203,739.8830969,763.542909,-11.95,
127,Xiaobailong cave,268,XBL-29,294597,37191.848,754.6071735,764.5509351,-11.2,
127,Xiaobailong cave,268,XBL-29,294598,37224.0264,747.5144886,759.7987015,-12.74,
127,Xiaobailong cave,263,XBL-3,293088,37226.79976,243.10244,219.6770748,-11.89,
127,Xiaobailong cave,268,XBL-29,294599,37258.70014,733.1859623,756.6826219,-13.96,
127,Xiaobailong cave,268,XBL-29,294600,37286.45837,733.8718233,756.773341,-12.78,
127,Xiaobailong cave,268,XBL-29,294601,37315.31498,744.1763924,760.9388207,-12.66,
127,Xiaobailong cave,268,XBL-29,294602,37342.25325,756.39519,747.9230761,-13.9,
127,Xiaobailong cave,268,XBL-29,294603,37376.05365,760.898135,752.6654503,-13.85,
127,Xiaobailong cave,268,XBL-29,294604,37409.45417,754.931072,753.8329824,-11.89,
127,Xiaobailong cave,268,XBL-29,294605,37439.19387,768.7888879,746.0934165,-11.98,
127,Xiaobailong cave,263,XBL-3,293087,37461.11915,191.9071554,169.5219793,-11.92,
127,Xiaobailong cave,268,XBL-29,294606,37469.99749,773.5099455,752.5162505,-11.98,
127,Xiaobailong cave,268,XBL-29,294607,37504.07535,776.8499508,761.495079,-13.44,
127,Xiaobailong cave,268,XBL-29,294608,37541.83309,773.8321156,772.0395991,-11.89,
127,Xiaobailong cave,268,XBL-29,294609,37570.22567,781.9237263,775.9988159,-13.5,
127,Xiaobailong cave,268,XBL-29,294610,37594.48472,795.4275882,777.8136478,-11.69,
127,Xiaobailong cave,268,XBL-29,294611,37624.3098,815.1233412,796.5674575,-12.49,
127,Xiaobailong cave,268,XBL-29,294612,37651.62681,836.2673911,810.2192435,-12.51,
127,Xiaobailong cave,268,XBL-29,294613,37678.98746,857.8042905,812.5587171,-12.21,
127,Xiaobailong cave,263,XBL-3,293086,37697.36155,144.6640136,137.7202012,-11.53,
127,Xiaobailong cave,268,XBL-29,294614,37708.00332,874.4403916,817.2341574,-12.84,
127,Xiaobailong cave,268,XBL-29,294615,37739.39389,895.353371,834.5450825,-11.14,
127,Xiaobailong cave,268,XBL-29,294616,37774.6414,917.1780985,855.1196152,-12.79,
127,Xiaobailong cave,268,XBL-29,294617,37804.87766,939.8743989,872.4806953,-12.14,
127,Xiaobailong cave,268,XBL-29,294618,37834.32391,949.5479714,891.1640708,-12.46,
127,Xiaobailong cave,268,XBL-29,294619,37862.74961,976.5116414,903.8374838,-12.6,
127,Xiaobailong cave,268,XBL-29,294620,37892.61747,1008.562431,922.1156958,-12.73,
127,Xiaobailong cave,268,XBL-29,294621,37920.99107,1045.544905,939.6862288,-12.84,
127,Xiaobailong cave,263,XBL-3,293085,37932.94269,126.9248475,129.0444522,-11.42,
127,Xiaobailong cave,268,XBL-29,294622,37945.08375,1077.402267,951.6021818,-11.29,
127,Xiaobailong cave,268,XBL-29,294623,37977.46857,1104.090504,973.0186333,-12.81,
127,Xiaobailong cave,268,XBL-29,294624,38003.30629,1138.883375,980.6218999,-11.09,
127,Xiaobailong cave,268,XBL-29,294625,38031.39846,1177.887732,990.5182536,-12.04,
127,Xiaobailong cave,268,XBL-29,294626,38057.59069,1214.707634,1003.655194,-12.51,
127,Xiaobailong cave,268,XBL-29,294627,38091.71798,1253.884166,1024.102524,-12.76,
127,Xiaobailong cave,268,XBL-29,294628,38122.78904,1286.098575,1042.65263,-12.51,
127,Xiaobailong cave,263,XBL-3,293084,38135.10942,124.6621828,129.0380194,-10.48,
127,Xiaobailong cave,268,XBL-29,294629,38153.05377,1327.456944,1069.124232,-11.97,
127,Xiaobailong cave,268,XBL-29,294630,38183.39186,1355.497643,1094.56145,-12.75,
127,Xiaobailong cave,268,XBL-29,294631,38212.3559,1386.656915,1113.332146,-10.99,
127,Xiaobailong cave,268,XBL-29,294632,38237.80767,1419.587632,1125.161701,-11.78,
127,Xiaobailong cave,268,XBL-29,294633,38264.95339,1452.542205,1142.135654,-11.01,
127,Xiaobailong cave,268,XBL-29,294634,38288.93988,1488.541341,1157.287642,-11.33,
127,Xiaobailong cave,263,XBL-3,293083,38299.09712,118.8228469,118.382829,-10.36,
127,Xiaobailong cave,268,XBL-29,294635,38320.39038,1524.33948,1177.579538,-12.5,
127,Xiaobailong cave,268,XBL-29,294636,38348.13289,1560.730717,1190.733019,-11.39,
127,Xiaobailong cave,268,XBL-29,294637,38378.00743,1599.191482,1207.251747,-12.86,
127,Xiaobailong cave,268,XBL-29,294638,38404.98817,1635.754912,1222.538639,-12.4,
127,Xiaobailong cave,268,XBL-29,294639,38431.05524,1674.92439,1242.63065,-12.08,
127,Xiaobailong cave,268,XBL-29,294640,38458.74947,1716.345397,1264.516167,-11.96,
127,Xiaobailong cave,263,XBL-3,293082,38465.93351,116.0697642,118.6173386,-9.78,
127,Xiaobailong cave,263,XBL-3,293081,38630.31503,126.477595,129.8536054,-9.34,
127,Xiaobailong cave,268,XBL-29,294641,38647.40041,1682.166149,1254.665362,-10.19,
127,Xiaobailong cave,263,XBL-3,293080,38797.59662,139.9533647,150.6348823,-8.75,
127,Xiaobailong cave,268,XBL-29,294642,38817.27755,1670.258078,1262.991891,-10.45,
127,Xiaobailong cave,263,XBL-3,293079,38879.65817,151.5287342,160.6033732,-8.86,
127,Xiaobailong cave,263,XBL-3,293078,38962.25502,162.4585935,170.3841676,-8.91,
127,Xiaobailong cave,268,XBL-29,294643,39006.3389,1644.870314,1302.781983,-11.96,
127,Xiaobailong cave,263,XBL-3,293077,39044.99063,174.9060959,182.3386125,-9.07,
127,Xiaobailong cave,263,XBL-3,293076,39127.95394,188.5735048,197.4128496,-9.11,
127,Xiaobailong cave,268,XBL-29,294644,39203.98323,1660.300083,1378.883261,-10.02,
127,Xiaobailong cave,263,XBL-3,293075,39211.38348,200.0614758,212.1522951,-8.81,
127,Xiaobailong cave,263,XBL-3,293074,39294.88399,216.3219086,226.4330051,-8.51,
127,Xiaobailong cave,263,XBL-3,293073,39377.76645,232.1799856,239.9408589,-8.29,
127,Xiaobailong cave,268,XBL-29,294645,39392.33017,1696.816453,1458.539632,-10.2,
127,Xiaobailong cave,263,XBL-3,293072,39460.19973,248.170202,254.6000258,-9.24,
127,Xiaobailong cave,263,XBL-3,293071,39542.62386,262.7036952,270.2907097,-9.47,
127,Xiaobailong cave,268,XBL-29,294646,39573.7433,1737.857786,1524.955776,-10.53,
127,Xiaobailong cave,263,XBL-3,293070,39642.23478,240.636697,245.7709601,-9.74,
127,Xiaobailong cave,263,XBL-3,293069,39742.36783,218.2835874,222.749434,-9.96,
127,Xiaobailong cave,268,XBL-29,294647,39752.17402,1825.055899,1608.637463,-11.37,
127,Xiaobailong cave,263,XBL-3,293068,39839.74076,199.7432218,202.9850754,-10.28,
127,Xiaobailong cave,268,XBL-29,294648,39933.47268,1941.236851,1711.04657,-10.43,
127,Xiaobailong cave,263,XBL-3,293067,39938.17721,181.3074525,179.8783653,-10.19,
127,Xiaobailong cave,263,XBL-3,293066,40037.10925,165.742379,158.575082,-10.81,
127,Xiaobailong cave,268,XBL-29,294649,40100.98783,2047.469437,1799.166567,-10.03,
127,Xiaobailong cave,263,XBL-3,293065,40135.12671,148.8466938,142.1012218,-10.85,
127,Xiaobailong cave,263,XBL-3,293064,40234.70733,133.8468838,128.025565,-10.38,
127,Xiaobailong cave,268,XBL-29,294650,40272.21362,2135.621855,1926.56696,-9.94,
127,Xiaobailong cave,263,XBL-3,293063,40333.19705,122.6927976,116.8842002,-10.22,
127,Xiaobailong cave,263,XBL-3,293062,40430.40648,115.7578422,105.5701449,-10.44,
127,Xiaobailong cave,268,XBL-29,294651,40445.13493,2274.134983,2025.31373,-11.06,
127,Xiaobailong cave,263,XBL-3,293061,40529.07039,113.9701525,102.6970963,-10.17,
127,Xiaobailong cave,268,XBL-29,294652,40600.05606,2421.31395,2137.438488,-11.86,
127,Xiaobailong cave,263,XBL-3,293060,40628.44229,113.7265899,106.8546977,-9.93,
127,Xiaobailong cave,263,XBL-3,293059,40727.93969,118.6158543,115.3561155,-10.23,
127,Xiaobailong cave,268,XBL-29,294653,40760.97712,2529.997734,2232.894762,-11.67,
127,Xiaobailong cave,263,XBL-3,293058,40826.28552,132.0367177,126.1668556,-10.25,
127,Xiaobailong cave,268,XBL-29,294654,40925.13066,2665.910695,2354.162522,-10.96,
127,Xiaobailong cave,263,XBL-3,293057,40926.43935,149.6649717,142.6009104,-10.68,
127,Xiaobailong cave,263,XBL-3,293056,41027.04636,162.7660459,163.1701054,-10.29,
127,Xiaobailong cave,268,XBL-29,294655,41090.07495,2818.174539,2457.136099,-11.16,
127,Xiaobailong cave,263,XBL-3,293055,41127.51585,180.8063915,183.3693134,-10.92,
127,Xiaobailong cave,263,XBL-3,293054,41227.07649,200.3764705,205.5230778,-10.95,
127,Xiaobailong cave,268,XBL-29,294656,41255.34393,2971.094998,2568.331621,-11.4,
127,Xiaobailong cave,263,XBL-3,293053,41326.77544,220.5665595,226.38017,-10.83,
127,Xiaobailong cave,268,XBL-29,294657,41408.71982,3111.254568,2667.759779,-13.45,
127,Xiaobailong cave,263,XBL-3,293052,41425.61762,244.2320855,244.6668956,-10.87,
127,Xiaobailong cave,268,XBL-29,294658,41559.87253,3308.615142,2761.707838,-11.99,
127,Xiaobailong cave,268,XBL-29,294659,41721.08011,3470.731668,2890.317427,-12.26,
127,Xiaobailong cave,268,XBL-29,294660,41883.22348,3616.487578,2992.896333,-10.13,
127,Xiaobailong cave,268,XBL-29,294661,42053.0551,3790.879885,3123.549888,-10.68,
127,Xiaobailong cave,268,XBL-29,294662,42237.71388,3974.126893,3283.516115,-11.39,
127,Xiaobailong cave,268,XBL-29,294663,42390.71475,4148.48337,3414.975996,-11.77,
127,Xiaobailong cave,268,XBL-29,294664,42563.37466,4342.605303,3556.6629,-11.82,
127,Xiaobailong cave,268,XBL-29,294665,42711.46226,4516.785119,3649.281539,-11.62,
127,Xiaobailong cave,268,XBL-29,294666,42878.56547,4685.036972,3759.655021,-12.52,
127,Xiaobailong cave,268,XBL-29,294667,43043.1145,4878.219653,3896.671764,-11.99,
127,Xiaobailong cave,268,XBL-29,294668,43211.29193,5069.581846,4025.999675,-12.6,
127,Xiaobailong cave,268,XBL-29,294669,43376.10172,5249.861639,4150.672333,-11.12,
127,Xiaobailong cave,268,XBL-29,294670,43573.63055,5420.157816,4328.660525,-11.43,
127,Xiaobailong cave,268,XBL-29,294671,43746.93502,5588.835326,4450.719237,-13.33,
127,Xiaobailong cave,268,XBL-29,294672,43913.09915,5768.09066,4578.166187,-11.43,
127,Xiaobailong cave,268,XBL-29,294673,44069.96248,5940.0462,4687.726424,-11.08,
127,Xiaobailong cave,268,XBL-29,294674,44200.30672,6148.86348,4792.66799,-11.95,
127,Xiaobailong cave,265,XBL-7,293482,59601.87123,663.7936745,671.1657233,-11.3,
127,Xiaobailong cave,265,XBL-7,293481,59650.9884,632.9792777,647.0478355,-11.14,
127,Xiaobailong cave,265,XBL-7,293480,59702.06349,600.4964603,626.0774761,-11.26,
127,Xiaobailong cave,265,XBL-7,293479,59752.46361,578.9747093,604.685313,-11.5,
127,Xiaobailong cave,265,XBL-7,293478,59802.58543,558.4270793,582.0212033,-10.27,
127,Xiaobailong cave,265,XBL-7,293477,59852.56292,536.7936288,567.4577473,-10.14,
127,Xiaobailong cave,265,XBL-7,293476,59901.71904,519.6783733,547.8562124,-10.37,
127,Xiaobailong cave,265,XBL-7,293475,59952.00045,502.5796651,523.3500112,-11.68,
127,Xiaobailong cave,265,XBL-7,293474,60002.71593,484.2199175,501.0023977,-12,
127,Xiaobailong cave,265,XBL-7,293473,60050.04808,463.4884992,474.8375245,-11.73,
127,Xiaobailong cave,265,XBL-7,293472,60100.23083,440.8994051,457.4876082,-11.7,
127,Xiaobailong cave,265,XBL-7,293471,60149.78665,424.6571337,435.8186526,-11.47,
127,Xiaobailong cave,265,XBL-7,293470,60200.70615,408.4685339,420.6929415,-11.27,
127,Xiaobailong cave,265,XBL-7,293469,60252.18435,392.8810291,410.6539351,-10.78,
127,Xiaobailong cave,265,XBL-7,293468,60303.50368,372.8738126,393.7962523,-11.52,
127,Xiaobailong cave,265,XBL-7,293467,60354.15886,360.5380025,381.4709586,-11.42,
127,Xiaobailong cave,265,XBL-7,293466,60406.50116,350.6596224,378.477599,-11.56,
127,Xiaobailong cave,265,XBL-7,293465,60455.86963,335.3723321,365.4791877,-11.75,
127,Xiaobailong cave,265,XBL-7,293464,60503.64072,331.176264,354.1539855,-11.48,
127,Xiaobailong cave,265,XBL-7,293463,60554.2553,321.4627593,346.6428017,-10.69,
127,Xiaobailong cave,265,XBL-7,293462,60603.68071,314.4634541,343.9182298,-10.74,
127,Xiaobailong cave,265,XBL-7,293461,60652.03856,312.7492313,339.4669372,-11.07,
127,Xiaobailong cave,265,XBL-7,293460,60705.97253,310.2730715,341.2863324,-11.37,
127,Xiaobailong cave,265,XBL-7,293459,60753.21439,320.1710874,340.1396164,-11.42,
127,Xiaobailong cave,265,XBL-7,293458,60804.50796,327.3472599,350.7895953,-10.65,
127,Xiaobailong cave,265,XBL-7,293457,60853.51784,339.4250155,362.0042004,-11.01,
127,Xiaobailong cave,265,XBL-7,293456,60900.77368,349.205469,374.3722323,-11.96,
127,Xiaobailong cave,265,XBL-7,293455,60951.57769,365.1830046,389.488415,-11.13,
127,Xiaobailong cave,265,XBL-7,293454,60974.83706,348.8285298,372.9219034,-11.46,
127,Xiaobailong cave,265,XBL-7,293453,60998.40639,332.9115925,359.4590921,-10.77,
127,Xiaobailong cave,265,XBL-7,293452,61023.06628,320.6766388,346.8649032,-10.97,
127,Xiaobailong cave,265,XBL-7,293451,61047.50107,311.4949965,331.1360153,-11.16,
127,Xiaobailong cave,265,XBL-7,293450,61071.56438,299.0107966,317.4731231,-11.38,
127,Xiaobailong cave,265,XBL-7,293449,61096.89273,284.0243465,303.0785663,-10.94,
127,Xiaobailong cave,265,XBL-7,293448,61120.80634,273.2049082,290.758385,-10.43,
127,Xiaobailong cave,265,XBL-7,293447,61145.15168,263.0697808,276.3376598,-10.75,
127,Xiaobailong cave,265,XBL-7,293446,61168.88085,257.4749021,269.1720228,-10.62,
127,Xiaobailong cave,265,XBL-7,293445,61190.71421,250.2377392,255.777024,-10.42,
127,Xiaobailong cave,265,XBL-7,293444,61212.55396,247.4088988,241.7309644,-10.39,
127,Xiaobailong cave,265,XBL-7,293443,61235.08315,242.1508264,229.8488419,-10.45,
127,Xiaobailong cave,265,XBL-7,293442,61261.23904,239.1798067,224.4031394,-10.24,
127,Xiaobailong cave,265,XBL-7,293441,61285.19338,230.7285054,221.0938579,-10.65,
127,Xiaobailong cave,265,XBL-7,293440,61311.51338,224.6458281,222.1480447,-10.28,
127,Xiaobailong cave,265,XBL-7,293439,61334.71849,224.4045555,217.8166697,-10.2,
127,Xiaobailong cave,265,XBL-7,293438,61383.31426,225.8612991,219.0499756,-10.12,
127,Xiaobailong cave,265,XBL-7,293437,61406.07983,230.8499002,220.8057004,-9.5,
127,Xiaobailong cave,265,XBL-7,293436,61429.96779,234.9803964,229.6746149,-10.04,
127,Xiaobailong cave,265,XBL-7,293435,61455.49461,239.0289539,236.5084144,-10.48,
127,Xiaobailong cave,265,XBL-7,293434,61479.55111,247.6961831,245.4572926,-10.79,
127,Xiaobailong cave,265,XBL-7,293433,61505.65792,255.8236168,252.7368302,-10.25,
127,Xiaobailong cave,265,XBL-7,293432,61530.58897,266.8390689,261.020465,-11,
127,Xiaobailong cave,265,XBL-7,293431,61620.26944,263.9125833,257.4513718,-10.71,
127,Xiaobailong cave,265,XBL-7,293430,61777.46828,247.1278861,242.8083784,-11.51,
127,Xiaobailong cave,266,XBL-26,293901,61923.91117,52583.36684,82632.75224,-10.08,
127,Xiaobailong cave,265,XBL-7,293429,61935.55781,230.1375031,229.2593573,-8.82,
127,Xiaobailong cave,265,XBL-7,293428,62093.25117,220.1968829,222.2017724,-10.15,
127,Xiaobailong cave,265,XBL-7,293427,62251.43303,208.8341757,212.4672147,-9.68,
127,Xiaobailong cave,265,XBL-7,293426,62409.84505,207.4971061,212.3975895,-10.07,
127,Xiaobailong cave,265,XBL-7,293425,62567.34887,202.4819976,203.9401539,-10.17,
127,Xiaobailong cave,265,XBL-7,293424,62725.04707,200.9812517,204.9543478,-9.92,
127,Xiaobailong cave,265,XBL-7,293423,62885.14637,202.2085371,212.6168708,-10.82,
127,Xiaobailong cave,265,XBL-7,293422,63043.15886,207.7398284,215.6663662,-10.53,
127,Xiaobailong cave,265,XBL-7,293421,63201.8735,214.7258802,222.4286433,-10.9,
127,Xiaobailong cave,265,XBL-7,293420,63359.94044,225.0551033,232.1594961,-10.55,
127,Xiaobailong cave,265,XBL-7,293419,63517.53152,238.703574,247.3165867,-10.16,
127,Xiaobailong cave,265,XBL-7,293418,63676.40687,254.0739671,263.044082,-11.12,
127,Xiaobailong cave,265,XBL-7,293417,63836.85688,269.0549215,289.5363189,-11.07,
127,Xiaobailong cave,265,XBL-7,293416,63994.55031,286.3108553,308.761168,-11.23,
127,Xiaobailong cave,265,XBL-7,293415,64152.09387,261.4000276,269.9576476,-12.83,
127,Xiaobailong cave,265,XBL-7,293414,64312.84954,259.067249,245.2023598,-10.33,
127,Xiaobailong cave,266,XBL-26,293900,64388.13704,50506.9403,79183.10205,-10.26,
127,Xiaobailong cave,265,XBL-7,293413,64475.29795,339.0160857,296.2508638,-11.05,
127,Xiaobailong cave,265,XBL-7,293412,64633.47831,323.6436656,277.5670923,-11.74,
127,Xiaobailong cave,265,XBL-7,293411,64792.66989,306.108694,260.6500113,-11.03,
127,Xiaobailong cave,265,XBL-7,293410,64950.45986,290.0183451,245.3052947,-11.39,
127,Xiaobailong cave,265,XBL-7,293409,65109.48314,272.1045259,231.0553709,-10.91,
127,Xiaobailong cave,265,XBL-7,293408,65270.02758,261.1938399,221.6805829,-10.6,
127,Xiaobailong cave,265,XBL-7,293407,65430.26796,245.214982,216.3995247,-11.01,
127,Xiaobailong cave,265,XBL-7,293406,65592.79856,236.8813151,214.7938558,-11,
127,Xiaobailong cave,265,XBL-7,293405,65751.74318,232.1678274,207.229833,-10.67,
127,Xiaobailong cave,265,XBL-7,293404,65910.85153,228.7091661,204.4900994,-10.75,
127,Xiaobailong cave,265,XBL-7,293403,66070.68185,229.7559132,207.5141979,-10.62,
127,Xiaobailong cave,265,XBL-7,293402,66231.34118,229.3611554,217.1233209,-9.56,
127,Xiaobailong cave,265,XBL-7,293401,66388.23558,237.0111597,222.4397757,-8.86,
127,Xiaobailong cave,265,XBL-7,293400,66547.26734,245.0973542,232.3421533,-9.42,
127,Xiaobailong cave,265,XBL-7,293399,66706.74714,251.6357486,248.5844728,-9.46,
127,Xiaobailong cave,265,XBL-7,293398,66866.4636,263.0549141,261.532367,-9.49,
127,Xiaobailong cave,266,XBL-26,293899,66872.61991,48293.45784,75647.36009,-11.83,
127,Xiaobailong cave,265,XBL-7,293397,67026.01526,271.1595114,275.1708008,-9.38,
127,Xiaobailong cave,265,XBL-7,293396,67183.79331,288.3006311,290.0248929,-9.07,
127,Xiaobailong cave,265,XBL-7,293395,67343.12669,305.4910003,310.6293864,-9.28,
127,Xiaobailong cave,265,XBL-7,293394,67537.49542,285.9682684,284.4582476,-9.97,
127,Xiaobailong cave,265,XBL-7,293393,67730.17133,270.7062463,262.9607762,-10.42,
127,Xiaobailong cave,265,XBL-7,293392,67923.63031,252.8580604,244.2061411,-10,
127,Xiaobailong cave,265,XBL-7,293391,68117.91165,237.4284266,228.4996044,-9.85,
127,Xiaobailong cave,265,XBL-7,293390,68312.26363,227.9842839,217.0964486,-9.7,
127,Xiaobailong cave,265,XBL-7,293389,68504.20074,223.3421996,210.6315364,-10.16,
127,Xiaobailong cave,265,XBL-7,293388,68700.27199,215.9330044,212.2670258,-10.66,
127,Xiaobailong cave,265,XBL-7,293387,68892.54022,220.4236444,213.4062005,-10.51,
127,Xiaobailong cave,265,XBL-7,293386,69085.62804,225.0376928,215.8178265,-9.82,
127,Xiaobailong cave,265,XBL-7,293385,69280.91398,232.4890667,232.490785,-10.04,
127,Xiaobailong cave,266,XBL-26,293898,69344.31504,46240.72963,72141.4849,-12.67,
127,Xiaobailong cave,265,XBL-7,293384,69473.50012,246.7799096,241.2253994,-10.11,
127,Xiaobailong cave,265,XBL-7,293383,69668.39856,266.1579588,255.1895266,-9.45,
127,Xiaobailong cave,265,XBL-7,293382,69863.40426,283.9407599,282.1188694,-9.2,
127,Xiaobailong cave,265,XBL-7,293381,70055.05046,304.8817626,310.4416198,-10.31,
127,Xiaobailong cave,265,XBL-7,293380,70208.58976,474.2742843,377.9058511,-10.08,
127,Xiaobailong cave,265,XBL-7,293379,70364.39537,713.3845224,475.6011306,-10.03,
127,Xiaobailong cave,265,XBL-7,293378,70517.24894,973.7249205,583.2576381,-10.37,
127,Xiaobailong cave,265,XBL-7,293377,70668.44965,1243.830326,698.1940861,-9.92,
127,Xiaobailong cave,265,XBL-7,293376,70810.69379,1519.868565,808.9540545,-10.73,
127,Xiaobailong cave,265,XBL-7,293375,70946.30416,1801.942552,919.0417393,-9.91,
127,Xiaobailong cave,265,XBL-7,293374,71086.82554,2076.855406,1023.339815,-10.3,
127,Xiaobailong cave,265,XBL-7,293373,71243.52787,2349.18227,1155.725894,-10.59,
127,Xiaobailong cave,265,XBL-7,293372,71386.34616,2634.209617,1273.6811,-9.64,
127,Xiaobailong cave,265,XBL-7,293371,71529.10983,2905.616789,1387.550699,-9.76,
127,Xiaobailong cave,265,XBL-7,293370,71678.57917,3185.192395,1518.551443,-10.09,
127,Xiaobailong cave,266,XBL-26,293897,71795.49856,44173.13427,68529.4839,-10.12,
127,Xiaobailong cave,265,XBL-7,293369,71828.27127,3457.206684,1650.963415,-9.35,
127,Xiaobailong cave,265,XBL-7,293368,71979.21653,3737.513103,1782.590771,-10.08,
127,Xiaobailong cave,265,XBL-7,293367,72126.7873,4013.823563,1908.074193,-10.31,
127,Xiaobailong cave,265,XBL-7,293366,72279.62915,4289.636368,2045.561745,-9.91,
127,Xiaobailong cave,265,XBL-7,293365,72427.22716,4568.975787,2161.152781,-10.2,
127,Xiaobailong cave,265,XBL-7,293364,72576.73193,4839.100502,2292.081573,-10.68,
127,Xiaobailong cave,266,XBL-26,293896,74382.35476,41852.95667,65069.65368,-10.61,
127,Xiaobailong cave,269,XBL-48,294814,76604.84516,348.5622633,351.826575,-11.11,
127,Xiaobailong cave,269,XBL-48,294813,76929.41549,326.2485165,335.3409051,-12.39,
127,Xiaobailong cave,266,XBL-26,293895,76992.94067,39594.26388,61638.36233,-10.39,
127,Xiaobailong cave,269,XBL-48,294812,77253.96829,308.0360299,319.4590871,-12.22,
127,Xiaobailong cave,269,XBL-48,294811,77576.01489,296.4060492,311.1254617,-12.62,
127,Xiaobailong cave,269,XBL-48,294810,77895.38366,295.0799045,299.6534933,-12.61,
127,Xiaobailong cave,269,XBL-48,294809,78218.9214,287.8886282,302.9800446,-12.26,
127,Xiaobailong cave,269,XBL-48,294808,78542.95781,289.2203794,310.2453047,-12.31,
127,Xiaobailong cave,269,XBL-48,294807,78864.40332,294.3983901,315.1683897,-12.59,
127,Xiaobailong cave,269,XBL-48,294806,79187.01559,310.2889939,321.0036124,-11.71,
127,Xiaobailong cave,269,XBL-48,294805,79510.00654,333.5385858,333.8903099,-12.44,
127,Xiaobailong cave,266,XBL-26,293894,79585.16873,37357.56444,58348.79663,-12.82,
127,Xiaobailong cave,269,XBL-48,294804,79830.92415,354.2727188,351.6905039,-13.11,
127,Xiaobailong cave,269,XBL-48,294803,80152.6302,380.7723625,373.1217789,-13.32,
127,Xiaobailong cave,269,XBL-48,294802,80475.90827,403.8019511,397.7783999,-12.75,
127,Xiaobailong cave,269,XBL-48,294801,80796.37218,434.1553228,428.5993707,-13.36,
127,Xiaobailong cave,269,XBL-48,294800,81119.86482,455.7392974,464.1135794,-13.39,
127,Xiaobailong cave,269,XBL-48,294799,81442.16837,489.0362409,497.7587962,-13.11,
127,Xiaobailong cave,269,XBL-48,294798,81603.87563,507.5973995,513.821561,-14.07,
127,Xiaobailong cave,269,XBL-48,294797,81765.14412,524.0132812,539.3368159,-12.93,
127,Xiaobailong cave,269,XBL-48,294796,81926.05143,541.2676123,555.9451803,-13.11,
127,Xiaobailong cave,269,XBL-48,294795,82089.26311,553.6750557,573.4986946,-14.57,
127,Xiaobailong cave,266,XBL-26,293893,82190.10723,35087.38166,54941.5048,-10.21,
127,Xiaobailong cave,269,XBL-48,294794,82249.92717,573.1814111,587.7939873,-12.16,
127,Xiaobailong cave,269,XBL-48,294793,82410.04647,593.1094592,607.1356139,-12.82,
127,Xiaobailong cave,269,XBL-48,294792,82569.86582,614.2800906,621.3030124,-9.51,
127,Xiaobailong cave,269,XBL-48,294791,82717.68134,596.445893,604.8667885,-9.93,
127,Xiaobailong cave,269,XBL-48,294790,82865.85058,580.5906312,592.9584027,-9.67,
127,Xiaobailong cave,269,XBL-48,294789,83012.11212,569.7254215,577.8166227,-9.58,
127,Xiaobailong cave,269,XBL-48,294788,83159.15695,554.7037681,564.9071321,-9.76,
127,Xiaobailong cave,269,XBL-48,294787,83305.71349,542.0463504,549.8368665,-9.82,
127,Xiaobailong cave,269,XBL-48,294786,83603.35339,520.2183695,531.6216551,-10.29,
127,Xiaobailong cave,269,XBL-48,294785,83902.38801,495.6298992,514.5630254,-9.78,
127,Xiaobailong cave,269,XBL-48,294784,84199.8401,465.1282683,496.800935,-9.88,
127,Xiaobailong cave,269,XBL-48,294783,84493.74149,443.9994332,472.6763979,-9.49,
127,Xiaobailong cave,266,XBL-26,293892,84757.59727,32775.70488,51650.16504,-9.78,
127,Xiaobailong cave,269,XBL-48,294782,84790.25796,431.7210101,450.699321,-9.63,
127,Xiaobailong cave,269,XBL-48,294781,85079.41653,424.510258,433.3854937,-9.67,
127,Xiaobailong cave,269,XBL-48,294780,85378.19314,408.4801914,422.3084353,-9.76,
127,Xiaobailong cave,269,XBL-48,294779,85673.9087,401.5857484,415.140902,-10.44,
127,Xiaobailong cave,269,XBL-48,294778,85970.96085,398.5905925,429.8230129,-10.46,
127,Xiaobailong cave,269,XBL-48,294777,86265.84239,402.1826186,423.4376771,-10.32,
127,Xiaobailong cave,269,XBL-48,294776,86559.84321,408.0581864,421.2649998,-10.35,
127,Xiaobailong cave,269,XBL-48,294775,86853.34394,419.0601935,441.7850591,-9.98,
127,Xiaobailong cave,269,XBL-48,294774,87151.2039,441.6117686,460.5019471,-9.96,
127,Xiaobailong cave,266,XBL-26,293891,87413.93186,30590.73405,48073.74624,-11.32,
127,Xiaobailong cave,269,XBL-48,294773,87444.78171,458.3039175,469.5086662,-9.52,
127,Xiaobailong cave,269,XBL-48,294772,87739.37271,489.5568666,486.1962564,-9.54,
127,Xiaobailong cave,269,XBL-48,294771,88034.81841,506.4973816,512.4147281,-10.3,
127,Xiaobailong cave,269,XBL-48,294770,88328.8176,535.3063603,545.7531582,-9.68,
127,Xiaobailong cave,269,XBL-48,294769,88423.32559,494.8987021,499.6207042,-10.27,
127,Xiaobailong cave,269,XBL-48,294768,88518.60107,469.9978355,467.8578948,-11.74,
127,Xiaobailong cave,269,XBL-48,294767,88609.69236,449.382473,432.6913304,-10.84,
127,Xiaobailong cave,269,XBL-48,294766,88710.29117,448.0758841,425.6480295,-11.85,
127,Xiaobailong cave,269,XBL-48,294765,88807.12853,466.2497021,448.4900085,-12.27,
127,Xiaobailong cave,269,XBL-48,294764,88910.1599,469.2500404,475.1351021,-11.41,
127,Xiaobailong cave,269,XBL-48,294763,89002.39886,506.0463989,522.6357908,-12.14,
127,Xiaobailong cave,269,XBL-48,294762,89104.33144,544.7376382,569.159349,-11.87,
127,Xiaobailong cave,269,XBL-48,294761,89199.82943,583.2751757,621.4627137,-11.8,
127,Xiaobailong cave,269,XBL-48,294760,89531.83409,472.4552086,462.4113169,-11.89,
127,Xiaobailong cave,269,XBL-48,294759,89878.48702,438.7975346,479.059884,-11.85,
127,Xiaobailong cave,266,XBL-26,293890,89920.86363,28427.24588,44434.16316,-11.37,
127,Xiaobailong cave,269,XBL-48,294758,90223.98568,572.1509582,615.7768452,-10.33,
127,Xiaobailong cave,269,XBL-48,294757,90286.32221,549.0256167,544.8500022,-10.43,
127,Xiaobailong cave,269,XBL-48,294756,90354.74622,510.5091243,487.7404646,-10.79,
127,Xiaobailong cave,269,XBL-48,294755,90427.54543,481.419546,456.7077739,-10.6,
127,Xiaobailong cave,269,XBL-48,294754,90495.26132,473.9212166,444.2238516,-10.7,
127,Xiaobailong cave,269,XBL-48,294753,90569.29124,471.7489786,455.0294221,-10.45,
127,Xiaobailong cave,269,XBL-48,294752,90643.79478,482.6919362,479.1415003,-10.34,
127,Xiaobailong cave,269,XBL-48,294751,90679.2996,491.6677742,484.3300051,-9.84,
127,Xiaobailong cave,269,XBL-48,294750,90716.26409,507.9124325,494.7325382,-9.74,
127,Xiaobailong cave,269,XBL-48,294749,90747.83384,535.1670112,505.6569083,-10.29,
127,Xiaobailong cave,269,XBL-48,294748,90784.12642,557.6226247,524.9941525,-9.96,
127,Xiaobailong cave,269,XBL-48,294747,91519.62725,450.2308934,477.2294412,-10.2,
127,Xiaobailong cave,269,XBL-48,294746,92239.41282,420.5045386,425.0501523,-9.88,
127,Xiaobailong cave,266,XBL-26,293889,92496.45815,26240.18975,41034.53734,-13.85,
127,Xiaobailong cave,269,XBL-48,294745,92968.05988,451.3939539,465.9152173,-10.48,
127,Xiaobailong cave,269,XBL-48,294744,93690.45979,560.7105604,549.3501037,-10.64,
127,Xiaobailong cave,269,XBL-48,294743,94412.95913,697.0302993,665.6012466,-10.84,
127,Xiaobailong cave,266,XBL-26,293888,95112.347,24036.41171,37778.12431,-14.53,
127,Xiaobailong cave,269,XBL-48,294742,95155.01771,618.0570236,602.4118142,-10.77,
127,Xiaobailong cave,269,XBL-48,294741,95914.28312,551.436246,585.1800146,-11,
127,Xiaobailong cave,269,XBL-48,294740,96656.19454,556.3337544,579.1732252,-11.85,
127,Xiaobailong cave,269,XBL-48,294739,97404.31052,595.5972739,643.6584366,-12.19,
127,Xiaobailong cave,266,XBL-26,293887,97751.87399,21776.93678,34399.08486,-15.14,
127,Xiaobailong cave,269,XBL-48,294738,98153.12129,664.716966,715.8402448,-11.9,
127,Xiaobailong cave,269,XBL-48,294737,98895.3785,768.0187228,817.8308326,-12.18,
127,Xiaobailong cave,269,XBL-48,294736,99640.37521,901.8195641,938.494989,-12.65,
127,Xiaobailong cave,266,XBL-26,293886,100306.8467,19572.26067,31013.73124,-16.7,
127,Xiaobailong cave,269,XBL-48,294735,100378.6913,1058.628943,1078.877956,-14.25,
127,Xiaobailong cave,269,XBL-48,294734,100763.1765,889.3662149,904.7411165,-13.26,
127,Xiaobailong cave,269,XBL-48,294733,101149.6582,741.1067509,767.6753994,-13.73,
127,Xiaobailong cave,269,XBL-48,294732,101527.8279,658.8420599,637.4869397,-14,
127,Xiaobailong cave,269,XBL-48,294731,101908.318,606.1020011,571.6519999,-13.54,
127,Xiaobailong cave,269,XBL-48,294730,102290.3279,635.3657666,593.1302704,-14.41,
127,Xiaobailong cave,269,XBL-48,294729,102670.0233,709.258908,674.6424125,-14.69,
127,Xiaobailong cave,269,XBL-48,294728,102827.5372,648.961614,618.3301641,-14.13,
127,Xiaobailong cave,266,XBL-26,293885,102860.0605,17554.28037,27753.51759,-17.21,
127,Xiaobailong cave,269,XBL-48,294727,102984.3614,598.6783314,577.2133048,-12.21,
127,Xiaobailong cave,269,XBL-48,294726,103144.9253,544.3999457,559.9350523,-11.29,
127,Xiaobailong cave,269,XBL-48,294725,103301.4312,515.6118617,539.2666241,-11.64,
127,Xiaobailong cave,269,XBL-48,294724,103460.0529,519.7331189,528.6780655,-11.9,
127,Xiaobailong cave,269,XBL-48,294723,103611.8785,533.072118,536.4085491,-11.79,
127,Xiaobailong cave,269,XBL-48,294722,103772.1842,559.7477197,570.7636032,-11.78,
127,Xiaobailong cave,269,XBL-48,294721,103929.619,609.0177124,618.0897952,-11.09,
127,Xiaobailong cave,269,XBL-48,294720,104087.0651,659.7928576,662.6029934,-11.9,
127,Xiaobailong cave,269,XBL-48,294719,104238.8931,724.9522668,722.7920459,-10.8,
127,Xiaobailong cave,269,XBL-48,294718,104391.3516,797.7297486,788.9491702,-10.93,
127,Xiaobailong cave,269,XBL-48,294717,104447.5031,756.4314969,751.7486694,-11.54,
127,Xiaobailong cave,269,XBL-48,294716,104508.3801,723.2415229,728.8654978,-11.92,
127,Xiaobailong cave,269,XBL-48,294715,104565.3738,688.4914641,704.8520762,-11.37,
127,Xiaobailong cave,269,XBL-48,294714,104620.5674,662.8337088,672.8221654,-12.2,
127,Xiaobailong cave,269,XBL-48,294713,104674.0841,633.7574112,638.8433925,-11.44,
127,Xiaobailong cave,269,XBL-48,294712,104728.2522,600.712002,611.1086808,-11.6,
127,Xiaobailong cave,269,XBL-48,294711,104784.0756,573.5060584,587.5917255,-11.75,
127,Xiaobailong cave,269,XBL-48,294710,104835.2754,552.255263,549.226112,-11.55,
127,Xiaobailong cave,269,XBL-48,294709,104889.5601,525.4529991,525.5882569,-11.78,
127,Xiaobailong cave,269,XBL-48,294708,104944.0694,494.7062858,500.9272431,-12.31,
127,Xiaobailong cave,269,XBL-48,294707,105000.73,469.3959643,490.5016201,-10.98,
127,Xiaobailong cave,269,XBL-48,294706,105056.9777,449.0591936,479.7655781,-12.11,
127,Xiaobailong cave,269,XBL-48,294705,105113.0056,430.0270124,460.2556799,-12.58,
127,Xiaobailong cave,269,XBL-48,294704,105165.2078,414.3862498,451.1245084,-14.55,
127,Xiaobailong cave,269,XBL-48,294703,105219.7119,407.5059956,437.5129725,-14.93,
127,Xiaobailong cave,269,XBL-48,294702,105274.6735,403.6274503,431.3458586,-15.06,
127,Xiaobailong cave,269,XBL-48,294701,105332.692,397.811084,431.775592,-14.93,
127,Xiaobailong cave,269,XBL-48,294700,105387.8437,395.5767075,434.2842486,-13.96,
127,Xiaobailong cave,266,XBL-26,293884,105398.0308,15508.49987,24387.88562,-15.98,
127,Xiaobailong cave,269,XBL-48,294699,105442.297,405.1491176,440.2984964,-14.55,
127,Xiaobailong cave,269,XBL-48,294698,105494.7655,418.5490766,453.7548984,-15.12,
127,Xiaobailong cave,269,XBL-48,294697,105551.7275,424.7308245,468.4453681,-15.07,
127,Xiaobailong cave,269,XBL-48,294696,105603.7451,440.582811,478.8539996,-15.7,
127,Xiaobailong cave,269,XBL-48,294695,105647.4094,435.0428435,461.368208,-15.48,
127,Xiaobailong cave,269,XBL-48,294694,105691.803,419.5181359,437.0909204,-15.12,
127,Xiaobailong cave,269,XBL-48,294693,105736.9542,414.3884654,430.8654537,-15.69,
127,Xiaobailong cave,269,XBL-48,294692,105786.8601,409.5255496,416.6603487,-14.73,
127,Xiaobailong cave,269,XBL-48,294691,105834.8965,407.2489949,420.1525257,-15.3,
127,Xiaobailong cave,269,XBL-48,294690,105880.1147,409.2933543,416.7984305,-15.55,
127,Xiaobailong cave,269,XBL-48,294689,105925.7688,425.0334332,419.505719,-15.14,
127,Xiaobailong cave,269,XBL-48,294688,105972.055,437.3881063,425.6431874,-15.08,
127,Xiaobailong cave,269,XBL-48,294687,106017.7898,462.1038469,442.8960227,-15.4,
127,Xiaobailong cave,269,XBL-48,294686,106060.1277,483.8768051,452.0409672,-15.32,
127,Xiaobailong cave,269,XBL-48,294685,106107.8706,495.7998034,467.6289521,-14.61,
127,Xiaobailong cave,269,XBL-48,294684,106156.6505,517.6004216,495.7835009,-14.59,
127,Xiaobailong cave,269,XBL-48,294683,106204.2746,545.1731487,518.6567086,-15.27,
127,Xiaobailong cave,269,XBL-48,294682,106255.9143,570.5249127,544.7163053,-15.24,
127,Xiaobailong cave,269,XBL-48,294681,106300.2708,603.0094251,560.5576892,-14.64,
127,Xiaobailong cave,269,XBL-48,294680,106346.6,635.2948783,593.4574833,-15.04,
127,Xiaobailong cave,269,XBL-48,294679,106392.4981,666.8659352,614.5967438,-15.23,
127,Xiaobailong cave,269,XBL-48,294678,106438.9026,697.2399729,636.2901588,-15,
127,Xiaobailong cave,269,XBL-48,294677,106488.9857,734.7950682,666.4321035,-15.14,
127,Xiaobailong cave,269,XBL-48,294676,106528.886,783.9007691,686.8536063,-15.19,
127,Xiaobailong cave,269,XBL-48,294675,106578.4997,821.820601,722.1361632,-15.74,
127,Xiaobailong cave,266,XBL-26,293883,107947.2,13545.21679,20784.68172,-14.86,
127,Xiaobailong cave,266,XBL-26,293882,110445.3116,11660.33529,17664.24504,-16.47,
127,Xiaobailong cave,266,XBL-26,293881,112991.0183,9872.197517,14507.47208,-14.73,
127,Xiaobailong cave,266,XBL-26,293880,115590.4373,8098.965783,11414.13089,-14,
127,Xiaobailong cave,266,XBL-26,293879,117958.4354,6645.874614,8368.935632,-14.24,
127,Xiaobailong cave,266,XBL-26,293878,120629.414,5338.200039,6225.593385,-14.38,
127,Xiaobailong cave,266,XBL-26,293877,123290.0892,5000.402772,5218.976345,-16.17,
127,Xiaobailong cave,266,XBL-26,293876,123733.439,4832.131327,5080.704589,-16.2,
127,Xiaobailong cave,266,XBL-26,293875,124166.228,4688.507974,4938.650883,-17.78,
127,Xiaobailong cave,266,XBL-26,293874,124613.7062,4554.512721,4809.041499,-17.27,
127,Xiaobailong cave,266,XBL-26,293873,125050.8774,4426.819034,4696.981199,-14.46,
127,Xiaobailong cave,266,XBL-26,293872,125487.5203,4330.319843,4566.545745,-15.94,
127,Xiaobailong cave,266,XBL-26,293871,125919.5456,4222.762847,4419.01479,-15.39,
127,Xiaobailong cave,266,XBL-26,293870,126354.4402,4125.629557,4304.165169,-16.55,
127,Xiaobailong cave,266,XBL-26,293869,126790.2081,4051.531553,4174.349993,-14.41,
127,Xiaobailong cave,266,XBL-26,293868,127242.3859,3969.270261,4061.525342,-14.37,
127,Xiaobailong cave,266,XBL-26,293867,127665.4666,3879.188713,3930.768939,-14.85,
127,Xiaobailong cave,266,XBL-26,293866,128101.1442,3779.083718,3807.790708,-15.78,
127,Xiaobailong cave,266,XBL-26,293865,128534.3139,3646.117492,3674.97623,-14,
127,Xiaobailong cave,266,XBL-26,293864,128963.1559,3535.110891,3582.027468,-10.47,
127,Xiaobailong cave,266,XBL-26,293863,129393.4713,3418.902752,3461.091518,-9.85,
127,Xiaobailong cave,266,XBL-26,293862,129829.6699,3326.14213,3325.829086,-9.59,
127,Xiaobailong cave,266,XBL-26,293861,130246.9601,3248.499799,3207.203848,-10.12,
127,Xiaobailong cave,266,XBL-26,293860,130685.1596,3162.422321,3079.459176,-10.48,
127,Xiaobailong cave,266,XBL-26,293859,131118.7776,3032.112415,2970.665859,-10.03,
127,Xiaobailong cave,266,XBL-26,293858,131547.1021,2943.933589,2858.29256,-9.61,
127,Xiaobailong cave,266,XBL-26,293857,131990.5201,2848.591383,2776.420482,-10.35,
127,Xiaobailong cave,266,XBL-26,293856,132436.7277,2721.859344,2679.967572,-10.37,
127,Xiaobailong cave,266,XBL-26,293855,132874.9126,2629.001487,2552.892353,-10.31,
127,Xiaobailong cave,266,XBL-26,293854,133299.8316,2539.914219,2459.371633,-10.64,
127,Xiaobailong cave,266,XBL-26,293853,133763.5702,2443.582475,2390.652056,-10.25,
127,Xiaobailong cave,266,XBL-26,293852,134198.1444,2334.416271,2295.717934,-10.76,
127,Xiaobailong cave,266,XBL-26,293851,134627.6725,2285.591844,2201.873074,-10.21,
127,Xiaobailong cave,266,XBL-26,293850,135077.5649,2192.979847,2117.550881,-9.94,
127,Xiaobailong cave,266,XBL-26,293849,135528.2118,2069.74304,2015.574175,-10.39,
127,Xiaobailong cave,266,XBL-26,293848,135968.4991,2000.411659,1952.010658,-10.18,
127,Xiaobailong cave,266,XBL-26,293847,136426.5744,1945.347049,1926.442146,-11,
127,Xiaobailong cave,266,XBL-26,293846,136885.3588,1884.442714,1921.107672,-10.86,
127,Xiaobailong cave,266,XBL-26,293845,137319.6121,1825.174276,1881.532248,-10.3,
127,Xiaobailong cave,266,XBL-26,293844,137756.7688,1797.795159,1864.361299,-10.67,
127,Xiaobailong cave,266,XBL-26,293843,138202.5353,1792.096667,1839.225252,-10.43,
127,Xiaobailong cave,266,XBL-26,293842,138637.5656,1784.800539,1852.88884,-11.05,
127,Xiaobailong cave,266,XBL-26,293841,139083.7952,1768.851751,1852.620973,-10.99,
127,Xiaobailong cave,266,XBL-26,293840,139520.4674,1798.383671,1868.099788,-11.14,
127,Xiaobailong cave,266,XBL-26,293839,139944.0798,1852.259786,1880.892332,-10.49,
127,Xiaobailong cave,266,XBL-26,293838,140379.8197,1868.256251,1915.826562,-10.98,
127,Xiaobailong cave,266,XBL-26,293837,140809.9766,1935.848968,1938.020144,-10.59,
127,Xiaobailong cave,266,XBL-26,293836,141149.3949,1918.99026,1923.144473,-10.75,
127,Xiaobailong cave,266,XBL-26,293835,141491.5203,1881.203008,1889.776743,-11.14,
127,Xiaobailong cave,266,XBL-26,293834,141832.8739,1834.798992,1847.519163,-10.97,
127,Xiaobailong cave,266,XBL-26,293833,142179.9846,1789.963775,1810.390846,-11.05,
127,Xiaobailong cave,266,XBL-26,293832,142515.401,1779.659112,1768.358237,-11.32,
127,Xiaobailong cave,266,XBL-26,293831,142855.8321,1755.662698,1743.580888,-11.39,
127,Xiaobailong cave,266,XBL-26,293830,143197.5393,1742.284472,1710.7371,-11.24,
127,Xiaobailong cave,266,XBL-26,293829,143539.3407,1714.074382,1685.14408,-11.43,
127,Xiaobailong cave,266,XBL-26,293828,143878.8727,1686.399,1658.204543,-10.56,
127,Xiaobailong cave,266,XBL-26,293827,144222.1162,1662.007319,1635.602347,-10.7,
127,Xiaobailong cave,266,XBL-26,293826,144565.5843,1611.433413,1618.397225,-10.57,
127,Xiaobailong cave,266,XBL-26,293825,144911.5799,1567.971264,1598.342042,-10.61,
127,Xiaobailong cave,266,XBL-26,293824,145257.6093,1540.851534,1572.277314,-10.41,
127,Xiaobailong cave,266,XBL-26,293823,145606.7045,1516.537071,1546.858916,-9.56,
127,Xiaobailong cave,266,XBL-26,293822,145947.5376,1496.594512,1514.082727,-10.58,
127,Xiaobailong cave,266,XBL-26,293821,146291.3949,1460.283114,1492.954206,-10.57,
127,Xiaobailong cave,266,XBL-26,293820,146638.7962,1443.02533,1465.885215,-10.88,
127,Xiaobailong cave,266,XBL-26,293819,146983.1812,1425.044384,1438.524758,-10.91,
127,Xiaobailong cave,266,XBL-26,293818,147326.2332,1417.853267,1411.312899,-10.85,
127,Xiaobailong cave,266,XBL-26,293817,147662.2721,1405.625054,1386.16231,-10.39,
127,Xiaobailong cave,266,XBL-26,293816,148001.7276,1381.978744,1375.531122,-10.56,
127,Xiaobailong cave,266,XBL-26,293815,148343.4925,1367.772566,1355.067964,-10.29,
127,Xiaobailong cave,266,XBL-26,293814,148685.3013,1373.819356,1319.432239,-10.92,
127,Xiaobailong cave,266,XBL-26,293813,149038.1732,1336.765219,1328.600972,-11.08,
127,Xiaobailong cave,266,XBL-26,293812,149382.017,1325.530791,1321.978527,-11.45,
127,Xiaobailong cave,266,XBL-26,293811,149725.298,1314.987514,1303.122081,-11.83,
127,Xiaobailong cave,266,XBL-26,293810,150065.3242,1294.189807,1274.863039,-11.29,
127,Xiaobailong cave,266,XBL-26,293809,150403.9376,1284.908848,1259.950716,-11.2,
127,Xiaobailong cave,266,XBL-26,293808,150751.165,1267.400845,1253.863043,-11.58,
127,Xiaobailong cave,266,XBL-26,293807,151092.0547,1260.275535,1239.952241,-10.86,
127,Xiaobailong cave,266,XBL-26,293806,151431.7162,1251.239025,1224.246981,-10.42,
127,Xiaobailong cave,266,XBL-26,293805,151775.9611,1238.538431,1224.584848,-10.95,
127,Xiaobailong cave,266,XBL-26,293804,152120.1708,1226.213222,1225.482331,-11.15,
127,Xiaobailong cave,266,XBL-26,293803,152460.3971,1217.477835,1224.283872,-11.09,
127,Xiaobailong cave,266,XBL-26,293802,152792.7306,1236.860242,1221.709454,-10.74,
127,Xiaobailong cave,266,XBL-26,293801,153123.7457,1235.821485,1214.016712,-9.82,
127,Xiaobailong cave,266,XBL-26,293800,153469.3688,1253.730209,1215.139519,-10.2,
127,Xiaobailong cave,266,XBL-26,293799,153802.9911,1264.418237,1215.689126,-11.01,
127,Xiaobailong cave,266,XBL-26,293798,154141.9521,1272.623236,1207.127557,-10.63,
127,Xiaobailong cave,266,XBL-26,293797,154489.0785,1264.611638,1215.64648,-10.15,
127,Xiaobailong cave,266,XBL-26,293796,154824.1518,1273.866074,1216.120446,-10.42,
127,Xiaobailong cave,266,XBL-26,293795,155170.4565,1277.937874,1234.021241,-10.68,
127,Xiaobailong cave,266,XBL-26,293794,155514.3027,1287.415669,1247.29881,-9.88,
127,Xiaobailong cave,266,XBL-26,293793,155866.8968,1270.801803,1266.12903,-9.71,
127,Xiaobailong cave,266,XBL-26,293792,156208.9564,1275.138133,1275.738672,-9.9,
127,Xiaobailong cave,266,XBL-26,293791,156560.9347,1280.108997,1304.867963,-9.87,
127,Xiaobailong cave,266,XBL-26,293790,156906.3331,1291.953751,1321.286533,-10.03,
127,Xiaobailong cave,266,XBL-26,293789,157247.8777,1329.185119,1324.026206,-9.84,
127,Xiaobailong cave,266,XBL-26,293788,157594.2745,1357.432333,1348.489106,-10.62,
127,Xiaobailong cave,266,XBL-26,293787,157943.4268,1373.085346,1371.374351,-10.53,
127,Xiaobailong cave,266,XBL-26,293786,158288.6978,1385.625671,1399.002824,-10.58,
127,Xiaobailong cave,266,XBL-26,293785,158634.7366,1394.47795,1414.283395,-10.33,
127,Xiaobailong cave,266,XBL-26,293784,158979.123,1409.347339,1436.839314,-10.66,
127,Xiaobailong cave,266,XBL-26,293783,159320.2588,1425.690565,1452.409731,-10.43,
127,Xiaobailong cave,266,XBL-26,293782,159660.5737,1444.067112,1479.371361,-10.74,
127,Xiaobailong cave,266,XBL-26,293781,159999.7884,1476.182966,1498.148979,-10.5,
127,Xiaobailong cave,266,XBL-26,293780,160339.0734,1503.079982,1522.439104,-10.74,
127,Xiaobailong cave,266,XBL-26,293779,160687.2257,1526.625442,1545.014997,-10.46,
127,Xiaobailong cave,266,XBL-26,293778,161030.2531,1551.758838,1573.626141,-11.01,
127,Xiaobailong cave,266,XBL-26,293777,161376.9613,1572.498692,1614.105161,-10.39,
127,Xiaobailong cave,270,XBL-65,294949,167366.9131,778.9978742,979.3719766,-9.74,
127,Xiaobailong cave,270,XBL-65,294948,167414.5968,757.4054364,935.6687768,-11.04,
127,Xiaobailong cave,270,XBL-65,294947,167459.8272,724.6363421,891.2097345,-12.12,
127,Xiaobailong cave,270,XBL-65,294946,167482.0909,708.2567322,865.0396339,-11.45,
127,Xiaobailong cave,270,XBL-65,294945,167502.7112,694.3842062,842.4058781,-11.9,
127,Xiaobailong cave,270,XBL-65,294944,167548.0192,663.2481788,791.3299528,-12.3,
127,Xiaobailong cave,270,XBL-65,294943,167596.5225,630.0454938,741.4498421,-11.62,
127,Xiaobailong cave,270,XBL-65,294942,167641.2457,602.1039426,682.8857615,-12.42,
127,Xiaobailong cave,270,XBL-65,294941,167690.0716,572.8028371,651.7307582,-11.94,
127,Xiaobailong cave,270,XBL-65,294940,167710.4896,562.8003629,639.9784098,-12.44,
127,Xiaobailong cave,270,XBL-65,294939,167736.6206,545.5630436,630.5929967,-12.37,
127,Xiaobailong cave,270,XBL-65,294938,167782.9061,521.8123424,595.2040113,-12.27,
127,Xiaobailong cave,270,XBL-65,294937,167832.7928,495.2183872,565.6159888,-12.57,
127,Xiaobailong cave,270,XBL-65,294936,167882.1605,468.840594,544.0350234,-12.76,
127,Xiaobailong cave,270,XBL-65,294935,167928.3066,452.2653544,525.4589373,-11.54,
127,Xiaobailong cave,270,XBL-65,294934,167953.0626,442.9538021,516.0442273,-12.07,
127,Xiaobailong cave,270,XBL-65,294933,167978.1097,436.1761748,512.7186517,-12.04,
127,Xiaobailong cave,270,XBL-65,294932,168026.5713,426.5686827,499.6720343,-12.11,
127,Xiaobailong cave,270,XBL-65,294931,168078.8743,424.8069959,503.0098376,-11.74,
127,Xiaobailong cave,270,XBL-65,294930,168127.4656,436.9713023,506.6426645,-11.99,
127,Xiaobailong cave,270,XBL-65,294929,168176.6722,444.6854279,512.9096196,-11.59,
127,Xiaobailong cave,270,XBL-65,294928,168199.7674,451.9174095,521.4360579,-11.34,
127,Xiaobailong cave,270,XBL-65,294927,168226.9115,463.9753945,531.4421581,-11.92,
127,Xiaobailong cave,270,XBL-65,294926,168275.224,491.9247693,546.5226573,-11.33,
127,Xiaobailong cave,270,XBL-65,294925,168324.3131,513.4068816,570.3481794,-11.61,
127,Xiaobailong cave,270,XBL-65,294924,168367.6982,543.791049,581.3771691,-11.27,
127,Xiaobailong cave,270,XBL-65,294923,168410.0575,587.0022988,599.9385825,-11.41,
127,Xiaobailong cave,270,XBL-65,294922,168432.2189,608.8462712,609.9577904,-12.38,
127,Xiaobailong cave,270,XBL-65,294921,168440.9976,602.9207053,610.0987726,-12.34,
127,Xiaobailong cave,270,XBL-65,294920,168456.8736,594.580692,588.9896595,-11.52,
127,Xiaobailong cave,270,XBL-65,294919,168468.7839,587.940461,571.3646582,-11.45,
127,Xiaobailong cave,270,XBL-65,294918,168484.1959,577.9191472,568.1083804,-12.67,
127,Xiaobailong cave,270,XBL-65,294917,168499.9305,573.3102543,559.6593882,-12.71,
127,Xiaobailong cave,270,XBL-65,294916,168509.6901,567.6367481,556.1251394,-12.23,
127,Xiaobailong cave,270,XBL-65,294915,168517.4859,564.1291012,547.1240882,-12.15,
127,Xiaobailong cave,270,XBL-65,294914,168532.0978,562.6254129,524.9263827,-12.59,
127,Xiaobailong cave,270,XBL-65,294913,168550.322,548.8702689,520.2413333,-11.81,
127,Xiaobailong cave,270,XBL-65,294912,168565.3911,548.3432234,519.6871228,-12.12,
127,Xiaobailong cave,270,XBL-65,294911,168580.0757,544.7591825,515.2398494,-12.34,
127,Xiaobailong cave,270,XBL-65,294910,168586.6487,543.8058222,512.6685223,-11.27,
127,Xiaobailong cave,270,XBL-65,294909,168594.0178,541.8513225,509.3529987,-11.42,
127,Xiaobailong cave,270,XBL-65,294908,168609.1278,532.5594255,508.8138121,-11.81,
127,Xiaobailong cave,270,XBL-65,294907,168625.004,523.0887173,503.1512042,-12.21,
127,Xiaobailong cave,270,XBL-65,294906,168642.1518,516.990304,499.00161,-12,
127,Xiaobailong cave,270,XBL-65,294905,168656.3902,518.4812782,495.5231866,-11.43,
127,Xiaobailong cave,270,XBL-65,294904,168664.162,516.9468135,494.7064577,-12,
127,Xiaobailong cave,270,XBL-65,294903,168673.8906,512.1738151,497.1300016,-12.05,
127,Xiaobailong cave,270,XBL-65,294902,168690.0896,509.5392526,491.1662714,-11.05,
127,Xiaobailong cave,270,XBL-65,294901,168706.3378,503.4243182,494.4180497,-11.94,
127,Xiaobailong cave,270,XBL-65,294900,168721.2611,499.3802192,498.487348,-11.12,
127,Xiaobailong cave,270,XBL-65,294899,168736.0556,497.2053513,498.0866764,-11.67,
127,Xiaobailong cave,270,XBL-65,294898,168746.2676,496.2767727,502.0034772,-12.11,
127,Xiaobailong cave,270,XBL-65,294897,168754.2443,498.0307308,504.5093494,-12.54,
127,Xiaobailong cave,270,XBL-65,294896,168769.1762,500.3326206,505.7228336,-11.94,
127,Xiaobailong cave,270,XBL-65,294895,168785.0862,501.4716035,512.7070136,-11.76,
127,Xiaobailong cave,270,XBL-65,294894,168802.2417,504.2754193,517.286417,-11.77,
127,Xiaobailong cave,270,XBL-65,294893,168815.5454,510.3394672,518.9093133,-11.7,
127,Xiaobailong cave,270,XBL-65,294892,168823.4469,514.6278331,520.4783783,-11.59,
127,Xiaobailong cave,270,XBL-65,294891,168831.8625,514.322704,522.334735,-13.31,
127,Xiaobailong cave,270,XBL-65,294890,168851.5828,512.5112387,530.6352095,-11.97,
127,Xiaobailong cave,270,XBL-65,294889,168870.4748,511.4663589,540.3226408,-12.65,
127,Xiaobailong cave,270,XBL-65,294888,168888.5923,512.096887,548.7757827,-11.36,
127,Xiaobailong cave,270,XBL-65,294887,168906.164,514.7360717,555.2693506,-12.27,
127,Xiaobailong cave,270,XBL-65,294886,168913.5007,517.6880662,557.8884477,-11.88,
127,Xiaobailong cave,270,XBL-65,294885,168919.3746,524.2324047,559.3896169,-13.02,
127,Xiaobailong cave,270,XBL-65,294884,168931.5311,533.1009013,563.9312267,-13.11,
127,Xiaobailong cave,270,XBL-65,294883,168945.361,545.0085681,569.724774,-14.5,
127,Xiaobailong cave,270,XBL-65,294882,168959.9524,555.3013518,576.4351377,-14.13,
127,Xiaobailong cave,270,XBL-65,294881,168984.357,550.7530325,566.3660658,-13.64,
127,Xiaobailong cave,270,XBL-65,294880,169004.4057,540.839638,557.1891402,-13.55,
127,Xiaobailong cave,270,XBL-65,294879,169021.7925,534.1490159,543.5622413,-13,
127,Xiaobailong cave,270,XBL-65,294878,169053.9815,519.6209708,523.3351199,-13.8,
127,Xiaobailong cave,270,XBL-65,294877,169089.3613,501.9871845,507.7106632,-14.03,
127,Xiaobailong cave,270,XBL-65,294876,169129.0046,479.7245915,496.7274973,-13.46,
127,Xiaobailong cave,270,XBL-65,294875,169164.9844,461.3269937,475.7254487,-13.76,
127,Xiaobailong cave,270,XBL-65,294874,169181.9879,450.4118226,464.0748933,-13.87,
127,Xiaobailong cave,270,XBL-65,294873,169197.1153,447.7701542,459.2302635,-13.49,
127,Xiaobailong cave,270,XBL-65,294872,169231.1097,443.3763641,452.1866252,-13,
127,Xiaobailong cave,270,XBL-65,294871,169267.8596,432.5745419,452.9166719,-13.42,
127,Xiaobailong cave,270,XBL-65,294870,169301.4419,431.3739766,448.4677539,-13.79,
127,Xiaobailong cave,270,XBL-65,294869,169336.5952,429.192079,446.6945129,-13.27,
127,Xiaobailong cave,270,XBL-65,294868,169353.5273,429.6347031,441.560422,-13.69,
127,Xiaobailong cave,270,XBL-65,294867,169374.0383,421.4298694,446.7768902,-14.51,
127,Xiaobailong cave,270,XBL-65,294866,169414.1988,424.5770462,458.6515008,-14.63,
127,Xiaobailong cave,270,XBL-65,294865,169453.9034,420.2545537,466.5781916,-14.02,
127,Xiaobailong cave,270,XBL-65,294864,169486.124,437.9762553,473.324164,-13.96,
127,Xiaobailong cave,270,XBL-65,294863,169524.5133,449.9720983,493.8138566,-13.44,
127,Xiaobailong cave,270,XBL-65,294862,169541.6627,457.857098,502.2372088,-14.14,
127,Xiaobailong cave,270,XBL-65,294861,169559.5212,466.125742,512.0297849,-13.95,
127,Xiaobailong cave,270,XBL-65,294860,169595.3746,486.5366204,527.9145402,-13.49,
127,Xiaobailong cave,270,XBL-65,294859,169631.58,505.3746068,543.8788448,-13.25,
127,Xiaobailong cave,270,XBL-65,294858,169667.2314,530.2489645,559.3239607,-13.92,
127,Xiaobailong cave,270,XBL-65,294857,169704.1445,548.1647322,578.4798992,-13.37,
127,Xiaobailong cave,270,XBL-65,294856,169721.958,559.2992388,583.9735798,-13.75,
127,Xiaobailong cave,270,XBL-65,294855,169740.7631,565.3259426,590.4657995,-13.31,
127,Xiaobailong cave,270,XBL-65,294854,169758.4437,562.6408658,567.5398726,-13.78,
127,Xiaobailong cave,270,XBL-65,294853,169783.6136,546.5831701,557.7445846,-13.85,
127,Xiaobailong cave,270,XBL-65,294852,169803.2878,538.6609633,541.2153025,-13.39,
127,Xiaobailong cave,270,XBL-65,294851,169828.4129,524.6459609,523.1656019,-13.69,
127,Xiaobailong cave,270,XBL-65,294850,169840.4053,517.6224659,522.1451427,-13.81,
127,Xiaobailong cave,270,XBL-65,294849,169851.5577,511.7310167,514.1505096,-13.51,
127,Xiaobailong cave,270,XBL-65,294848,169875.3632,498.7715646,502.8607112,-13.58,
127,Xiaobailong cave,270,XBL-65,294847,169897.6379,487.2103011,495.174505,-13.84,
127,Xiaobailong cave,270,XBL-65,294846,169919.0153,480.4854915,493.7843879,-13.65,
127,Xiaobailong cave,270,XBL-65,294845,169943.0019,472.5223527,492.3035524,-13.7,
127,Xiaobailong cave,270,XBL-65,294844,169953.8081,472.3177329,489.7900862,-13.82,
127,Xiaobailong cave,270,XBL-65,294843,169966.8054,469.2263501,495.8700258,-13.32,
127,Xiaobailong cave,270,XBL-65,294842,169987.3541,479.6523719,492.8511193,-14.63,
127,Xiaobailong cave,270,XBL-65,294841,170010.5143,485.103794,489.862849,-13.62,
127,Xiaobailong cave,270,XBL-65,294840,170035.1016,475.9259528,501.8719986,-14.49,
127,Xiaobailong cave,270,XBL-65,294839,170059.8025,482.0124676,507.9032248,-13.81,
127,Xiaobailong cave,270,XBL-65,294838,170070.43,478.6030967,512.639012,-14.09,
127,Xiaobailong cave,270,XBL-65,294837,170080.4923,484.2609493,513.9770403,-14.75,
127,Xiaobailong cave,270,XBL-65,294836,170101.9644,494.9843039,516.1246783,-12.94,
127,Xiaobailong cave,270,XBL-65,294835,170121.332,515.4832101,520.6633126,-14.26,
127,Xiaobailong cave,270,XBL-65,294834,170145.8437,528.3165095,536.9039659,-13.8,
127,Xiaobailong cave,270,XBL-65,294833,170166.7871,545.8083162,545.7244902,-13.61,
127,Xiaobailong cave,270,XBL-65,294832,170178.3735,539.8022226,536.2062296,-12.89,
127,Xiaobailong cave,270,XBL-65,294831,170232.2025,519.8262051,507.2913216,-14.37,
127,Xiaobailong cave,270,XBL-65,294830,170259.8854,505.6815609,504.5609027,-14.22,
127,Xiaobailong cave,270,XBL-65,294829,170279.1961,502.6844725,493.9670567,-13.24,
127,Xiaobailong cave,270,XBL-65,294828,170293.6161,496.025717,496.9185061,-13.7,
127,Xiaobailong cave,270,XBL-65,294827,170309.3132,487.349681,493.1336798,-14.57,
127,Xiaobailong cave,270,XBL-65,294826,170332.8655,483.0154025,479.9305807,-14.17,
127,Xiaobailong cave,270,XBL-65,294825,170356.5221,477.9834192,468.331128,-14.6,
127,Xiaobailong cave,270,XBL-65,294824,170381.3932,469.9672111,471.2261623,-14.31,
127,Xiaobailong cave,270,XBL-65,294823,170407.4629,461.1650295,469.9398194,-13.57,
127,Xiaobailong cave,270,XBL-65,294822,170418.6635,459.3402833,469.1144631,-14.51,
127,Xiaobailong cave,270,XBL-65,294821,170431.9212,453.1123831,474.95313,-13.78,
127,Xiaobailong cave,270,XBL-65,294820,170456.307,450.4790976,475.6105405,-14.43,
127,Xiaobailong cave,270,XBL-65,294819,170478.0438,455.8638058,475.5635637,-14.81,
127,Xiaobailong cave,270,XBL-65,294818,170500.2401,461.7254165,472.7475911,-15.17,
127,Xiaobailong cave,270,XBL-65,294817,170510.409,460.3854795,469.8978717,-14.56,
127,Xiaobailong cave,270,XBL-65,294816,170522.3503,461.6604361,469.1157753,-14.55,
127,Xiaobailong cave,270,XBL-65,294815,170534.6021,458.4807577,471.2373661,-14.15,
127,Xiaobailong cave,267,XBL-27,293993,170864.626,5018.790951,8770.509721,-13.23,
127,Xiaobailong cave,267,XBL-27,293992,171223.4325,4717.384057,8191.912901,-14.99,
127,Xiaobailong cave,267,XBL-27,293991,171583.6213,4406.852821,7605.183883,-13.78,
127,Xiaobailong cave,266,XBL-26,293769,171922.3606,1345.54771,1286.163735,-16.04,
127,Xiaobailong cave,267,XBL-27,293990,171956.494,4087.004871,7054.986413,-13.56,
127,Xiaobailong cave,267,XBL-27,293989,172310.7206,3784.864585,6465.162177,-14.71,
127,Xiaobailong cave,267,XBL-27,293988,172690.3074,3463.037806,5894.031571,-13.96,
127,Xiaobailong cave,267,XBL-27,293987,173047.7185,3164.752147,5321.989743,-13.7,
127,Xiaobailong cave,267,XBL-27,293986,173427.7876,2853.937401,4739.065174,-13.95,
127,Xiaobailong cave,267,XBL-27,293985,173813.125,2538.019042,4233.136964,-13.58,
127,Xiaobailong cave,266,XBL-26,293768,173822.2101,1508.395938,1772.790035,-15.02,
127,Xiaobailong cave,266,XBL-26,293767,173857.6151,1483.022619,1705.526303,-14.9,
127,Xiaobailong cave,266,XBL-26,293766,173901.7954,1458.422276,1637.807882,-14.49,
127,Xiaobailong cave,266,XBL-26,293765,173949.4098,1423.669858,1585.644381,-14.82,
127,Xiaobailong cave,266,XBL-26,293764,174001.1291,1391.108287,1540.638714,-13.97,
127,Xiaobailong cave,266,XBL-26,293763,174047.3951,1367.453559,1485.255966,-13.96,
127,Xiaobailong cave,266,XBL-26,293762,174096.5155,1353.449199,1426.285706,-13.62,
127,Xiaobailong cave,266,XBL-26,293761,174144.1573,1322.926651,1379.474794,-14.2,
127,Xiaobailong cave,266,XBL-26,293760,174191.0248,1297.28406,1333.485385,-15.79,
127,Xiaobailong cave,267,XBL-27,293984,174202.0036,2213.76536,3710.866498,-13.81,
127,Xiaobailong cave,266,XBL-26,293759,174243.2867,1282.329342,1302.380424,-14.59,
127,Xiaobailong cave,266,XBL-26,293758,174292.5039,1264.764259,1274.296806,-14.27,
127,Xiaobailong cave,266,XBL-26,293757,174349.22,1240.129089,1245.501422,-13.79,
127,Xiaobailong cave,266,XBL-26,293756,174400.5277,1220.886152,1222.368655,-13,
127,Xiaobailong cave,266,XBL-26,293755,174458.8381,1180.808272,1179.200512,-13.03,
127,Xiaobailong cave,266,XBL-26,293754,174512.6022,1165.301039,1158.212531,-14.3,
127,Xiaobailong cave,267,XBL-27,293983,174551.8808,1963.315745,3134.609899,-14.67,
127,Xiaobailong cave,266,XBL-26,293753,174569.6479,1156.680555,1133.883312,-12.93,
127,Xiaobailong cave,266,XBL-26,293752,174626.9791,1144.316886,1127.676756,-13.18,
127,Xiaobailong cave,266,XBL-26,293751,174648.3139,1134.186419,1117.472618,-13.26,
127,Xiaobailong cave,266,XBL-26,293750,174675.6519,1116.556601,1123.657151,-15.48,
127,Xiaobailong cave,266,XBL-26,293749,174698.7829,1120.135262,1122.034096,-12.86,
127,Xiaobailong cave,266,XBL-26,293748,174724.3751,1127.033473,1117.776217,-12.74,
127,Xiaobailong cave,266,XBL-26,293747,174772.2326,1124.548931,1102.055486,-12.3,
127,Xiaobailong cave,266,XBL-26,293746,174822.712,1099.205976,1100.224664,-11.82,
127,Xiaobailong cave,266,XBL-26,293745,174873.2634,1108.95587,1100.923786,-13.01,
127,Xiaobailong cave,266,XBL-26,293744,174928.9157,1119.032115,1110.63475,-12.41,
127,Xiaobailong cave,267,XBL-27,293982,174929.5497,1670.475871,2601.876675,-14,
127,Xiaobailong cave,266,XBL-26,293743,174986.1567,1130.164789,1126.958923,-12.66,
127,Xiaobailong cave,266,XBL-26,293742,175035.0859,1167.362484,1133.52902,-11.94,
127,Xiaobailong cave,266,XBL-26,293741,175087.3385,1184.76644,1143.300074,-11.74,
127,Xiaobailong cave,266,XBL-26,293740,175136.7555,1196.71449,1153.982283,-13.1,
127,Xiaobailong cave,267,XBL-27,293981,175292.6318,1404.7747,2037.518585,-12.33,
127,Xiaobailong cave,267,XBL-27,293980,175649.2761,1156.294951,1495.785733,-12.96,
127,Xiaobailong cave,267,XBL-27,293979,176036.6929,901.3895321,1055.521345,-12.31,
127,Xiaobailong cave,267,XBL-27,293978,176448.516,722.1504957,793.8754561,-12.7,
127,Xiaobailong cave,267,XBL-27,293977,176680.8473,704.3150029,752.3045966,-11.98,
127,Xiaobailong cave,267,XBL-27,293976,176740.6113,682.167147,704.3018092,-12.55,
127,Xiaobailong cave,267,XBL-27,293975,176806.8514,654.4372809,660.3014037,-14.54,
127,Xiaobailong cave,267,XBL-27,293974,176875.6495,633.3693838,637.7806867,-13.2,
127,Xiaobailong cave,267,XBL-27,293973,176940.9823,637.4538504,633.2664967,-13.34,
127,Xiaobailong cave,267,XBL-27,293972,177010.3186,662.5349631,646.0003188,-12.61,
127,Xiaobailong cave,267,XBL-27,293971,177086.3834,663.9117849,669.489969,-13.34,
127,Xiaobailong cave,267,XBL-27,293970,177154.3835,702.6313727,695.9466883,-13.42,
127,Xiaobailong cave,267,XBL-27,293969,177224.1063,754.2311072,724.0141981,-13.45,
127,Xiaobailong cave,267,XBL-27,293968,177338.8658,753.7542718,697.7390639,-13.91,
127,Xiaobailong cave,267,XBL-27,293967,177480.0752,724.1594451,686.5733555,-12.98,
127,Xiaobailong cave,267,XBL-27,293966,177627.2636,718.3798541,699.8305119,-13,
127,Xiaobailong cave,267,XBL-27,293965,177769.1782,739.835092,737.5386698,-13.3,
127,Xiaobailong cave,267,XBL-27,293964,177905.4148,805.7032538,777.100098,-12.19,
127,Xiaobailong cave,267,XBL-27,293963,178042.264,874.395496,850.9599701,-12.38,
127,Xiaobailong cave,267,XBL-27,293962,178173.2235,948.7432544,922.1990448,-14,
127,Xiaobailong cave,267,XBL-27,293961,178301.3368,1071.438997,999.3776292,-12.6,
127,Xiaobailong cave,267,XBL-27,293960,178441.1324,1183.538033,1086.752133,-12.63,
127,Xiaobailong cave,267,XBL-27,293959,178572.6401,1289.345588,1163.314353,-13.07,
127,Xiaobailong cave,267,XBL-27,293958,178705.643,1399.707666,1249.500025,-12.76,
127,Xiaobailong cave,267,XBL-27,293957,178832.234,1533.779965,1330.335851,-13.33,
127,Xiaobailong cave,267,XBL-27,293956,178952.6814,1700.428899,1396.696341,-13.56,
127,Xiaobailong cave,267,XBL-27,293955,179120.4289,1754.065508,1438.349674,-12.91,
127,Xiaobailong cave,267,XBL-27,293954,179355.0525,1606.896296,1306.886016,-12.84,
127,Xiaobailong cave,267,XBL-27,293953,179606.7288,1470.921158,1185.633741,-12.85,
127,Xiaobailong cave,267,XBL-27,293952,179734.1474,1405.32419,1132.916461,-13.76,
127,Xiaobailong cave,267,XBL-27,293951,179857.147,1348.151593,1081.364795,-14.25,
127,Xiaobailong cave,267,XBL-27,293950,180115.301,1223.58579,997.5362489,-14.04,
127,Xiaobailong cave,266,XBL-26,293732,180309.1754,1382.671874,1524.004976,-9.88,
127,Xiaobailong cave,267,XBL-27,293949,180363.0724,1069.215352,911.5422889,-13.43,
127,Xiaobailong cave,266,XBL-26,293731,180447.2051,1327.582708,1433.772131,-9.59,
127,Xiaobailong cave,266,XBL-26,293730,180579.5629,1280.663783,1360.930333,-10.32,
127,Xiaobailong cave,267,XBL-27,293948,180606.4789,964.2605169,841.9499284,-10.68,
127,Xiaobailong cave,266,XBL-26,293729,180721.0966,1249.463132,1315.104446,-9.91,
127,Xiaobailong cave,266,XBL-26,293728,180845.4455,1197.976457,1260.215454,-10.08,
127,Xiaobailong cave,267,XBL-27,293947,180854.252,873.3515391,798.8300335,-11.02,
127,Xiaobailong cave,266,XBL-26,293727,180977.3146,1182.756954,1182.919137,-10.53,
127,Xiaobailong cave,267,XBL-27,293946,181098.6219,828.0234282,785.6753147,-9.11,
127,Xiaobailong cave,266,XBL-26,293726,181114.591,1176.925636,1153.847125,-10.09,
127,Xiaobailong cave,266,XBL-26,293725,181263.7907,1160.411056,1142.235303,-10.24,
127,Xiaobailong cave,267,XBL-27,293945,181335.8599,818.1008461,782.2227256,-9.5,
127,Xiaobailong cave,266,XBL-26,293724,181395.7725,1166.786726,1112.341277,-9.79,
127,Xiaobailong cave,266,XBL-26,293723,181534.7935,1166.956667,1092.533626,-10.66,
127,Xiaobailong cave,267,XBL-27,293944,181596.6105,832.6814826,834.3369062,-9.65,
127,Xiaobailong cave,266,XBL-26,293722,181673.0059,1190.554544,1113.747504,-9.37,
127,Xiaobailong cave,266,XBL-26,293721,181815.179,1228.728955,1150.864889,-10.27,
127,Xiaobailong cave,267,XBL-27,293943,181844.3768,860.8656682,886.2602865,-10.97,
127,Xiaobailong cave,266,XBL-26,293720,181959.9506,1252.974967,1196.072521,-10.56,
127,Xiaobailong cave,267,XBL-27,293942,182041.4633,816.7412213,841.7850231,-10.61,
127,Xiaobailong cave,266,XBL-26,293719,182102.29,1295.188824,1234.965718,-11.43,
127,Xiaobailong cave,267,XBL-27,293941,182223.1728,767.015177,758.577959,-11.14,
127,Xiaobailong cave,266,XBL-26,293718,182250.7144,1341.077604,1289.813857,-9.32,
127,Xiaobailong cave,266,XBL-26,293717,182385.9918,1399.687128,1359.344799,-11.03,
127,Xiaobailong cave,267,XBL-27,293940,182412.5098,725.9787544,689.5122934,-11.12,
127,Xiaobailong cave,266,XBL-26,293716,182515.4153,1485.985283,1427.86552,-10.08,
127,Xiaobailong cave,267,XBL-27,293939,182601.7491,668.6113027,639.0628659,-9.36,
127,Xiaobailong cave,266,XBL-26,293715,182662.9062,1547.934284,1519.193963,-9.63,
127,Xiaobailong cave,267,XBL-27,293938,182778.164,649.133009,566.1949063,-10.19,
127,Xiaobailong cave,266,XBL-26,293714,182788.665,1505.648514,1459.069421,-10.27,
127,Xiaobailong cave,266,XBL-26,293713,182921.1601,1466.856004,1419.065284,-9.42,
127,Xiaobailong cave,267,XBL-27,293937,182967.633,635.7552458,552.3409967,-10.28,
127,Xiaobailong cave,266,XBL-26,293712,183057.052,1420.341824,1383.367402,-11.27,
127,Xiaobailong cave,267,XBL-27,293936,183165.4492,641.1936906,564.83941,-9.8,
127,Xiaobailong cave,266,XBL-26,293711,183189.5725,1379.575588,1343.176657,-11.75,
127,Xiaobailong cave,266,XBL-26,293710,183324.1753,1322.415472,1305.20923,-10.87,
127,Xiaobailong cave,267,XBL-27,293935,183358.7413,656.5286266,606.2048669,-9.71,
127,Xiaobailong cave,266,XBL-26,293709,183451.9294,1290.521337,1261.460995,-11.13,
127,Xiaobailong cave,267,XBL-27,293934,183557.1541,672.4059915,667.3670899,-10.3,
127,Xiaobailong cave,266,XBL-26,293708,183580.4325,1267.817108,1222.415424,-10.46,
127,Xiaobailong cave,266,XBL-26,293707,183717.6916,1226.766464,1194.862487,-11.4,
127,Xiaobailong cave,267,XBL-27,293933,183758.9162,703.3109797,758.8862427,-9.99,
127,Xiaobailong cave,266,XBL-26,293706,183845.8609,1201.140693,1157.438544,-10.14,
127,Xiaobailong cave,267,XBL-27,293932,183952.6699,761.6902209,814.7509184,-10.28,
127,Xiaobailong cave,266,XBL-26,293705,183969.4907,1184.968112,1140.40426,-10.85,
127,Xiaobailong cave,266,XBL-26,293704,184103.9374,1162.593211,1129.356812,-10.32,
127,Xiaobailong cave,267,XBL-27,293931,184119.2342,776.5376586,866.3038838,-9.6,
127,Xiaobailong cave,267,XBL-27,293930,184189.2104,761.5298991,813.4903595,-9.77,
127,Xiaobailong cave,266,XBL-26,293703,184228.161,1142.052662,1104.583114,-10.85,
127,Xiaobailong cave,267,XBL-27,293929,184266.6182,728.9609168,777.0492892,-10.07,
127,Xiaobailong cave,267,XBL-27,293928,184344.3746,699.6731154,750.291281,-9.13,
127,Xiaobailong cave,266,XBL-26,293702,184351.6036,1141.120025,1085.647261,-10.7,
127,Xiaobailong cave,267,XBL-27,293927,184418.2006,684.7409508,715.801818,-10.32,
127,Xiaobailong cave,266,XBL-26,293701,184480.0918,1130.147797,1072.66281,-11.18,
127,Xiaobailong cave,267,XBL-27,293926,184491.229,664.1884186,691.3166172,-10.31,
127,Xiaobailong cave,267,XBL-27,293925,184560.8235,654.9348272,654.7761576,-9.71,
127,Xiaobailong cave,266,XBL-26,293700,184603.2095,1133.327249,1071.309758,-11.92,
127,Xiaobailong cave,267,XBL-27,293924,184639.2401,644.3898335,631.1504787,-9.84,
127,Xiaobailong cave,267,XBL-27,293923,184721.3302,631.6128462,619.4496201,-10.1,
127,Xiaobailong cave,266,XBL-26,293699,184730.828,1113.569317,1064.961967,-11.55,
127,Xiaobailong cave,267,XBL-27,293922,184802.9751,618.8654884,610.4830772,-10.25,
127,Xiaobailong cave,266,XBL-26,293698,184861.9082,1101.717796,1066.260437,-10.27,
127,Xiaobailong cave,267,XBL-27,293921,184875.7228,630.1973587,608.8442537,-10.36,
127,Xiaobailong cave,267,XBL-27,293920,184953.2587,630.1286188,611.8927463,-9.8,
127,Xiaobailong cave,266,XBL-26,293697,184984.802,1103.489165,1059.029756,-10.15,
127,Xiaobailong cave,267,XBL-27,293919,185032.5236,646.7242412,631.7518328,-9.85,
127,Xiaobailong cave,267,XBL-27,293918,185107.3023,670.4018046,653.4627106,-10.23,
127,Xiaobailong cave,266,XBL-26,293696,185117.0066,1112.459799,1066.288537,-10.53,
127,Xiaobailong cave,267,XBL-27,293917,185190.7098,683.4320911,676.9738235,-10.34,
127,Xiaobailong cave,266,XBL-26,293695,185236.8344,1136.21986,1079.659093,-10.57,
127,Xiaobailong cave,267,XBL-27,293916,185260.615,734.2062559,699.8912958,-10.33,
127,Xiaobailong cave,267,XBL-27,293915,185337.035,768.1083337,731.5092209,-10.29,
127,Xiaobailong cave,266,XBL-26,293694,185366.3183,1158.187377,1092.006543,-10.16,
127,Xiaobailong cave,267,XBL-27,293914,185413.5504,807.1736481,775.2581444,-10.16,
127,Xiaobailong cave,266,XBL-26,293693,185485.9985,1187.126852,1095.305593,-9.73,
127,Xiaobailong cave,267,XBL-27,293913,185495.1729,844.1321267,818.8548316,-9.75,
127,Xiaobailong cave,267,XBL-27,293912,185571.7616,884.3324419,857.4801146,-10.55,
127,Xiaobailong cave,266,XBL-26,293692,185610.9162,1203.547694,1094.311546,-10.78,
127,Xiaobailong cave,266,XBL-26,293691,185729.6425,1227.379306,1090.231607,-11.38,
127,Xiaobailong cave,266,XBL-26,293690,185859.4409,1246.001201,1106.900648,-10.72,
127,Xiaobailong cave,267,XBL-27,293911,185952.1194,943.3203117,856.9434936,-9.9,
127,Xiaobailong cave,266,XBL-26,293689,185991.2393,1270.726688,1128.029068,-10.48,
127,Xiaobailong cave,266,XBL-26,293688,186123.1176,1289.390466,1167.269282,-10.43,
127,Xiaobailong cave,266,XBL-26,293687,186258.3925,1319.998791,1192.870824,-10.25,
127,Xiaobailong cave,266,XBL-26,293686,186381.4014,1371.292601,1208.754108,-11.13,
127,Xiaobailong cave,267,XBL-27,293910,186442.7894,1191.797928,1065.577889,-9.86,
127,Xiaobailong cave,266,XBL-26,293685,186507.6804,1411.373972,1244.119399,-10.89,
127,Xiaobailong cave,266,XBL-26,293684,186648.1053,1442.255239,1285.547965,-10.2,
127,Xiaobailong cave,266,XBL-26,293683,186780.8658,1468.00424,1316.386173,-9.34,
127,Xiaobailong cave,266,XBL-26,293682,186859.8746,1486.745306,1338.199368,-9.45,
127,Xiaobailong cave,267,XBL-27,293909,186898.3012,1638.652712,1359.316722,-9.79,
127,Xiaobailong cave,266,XBL-26,293681,186900.7525,1502.745051,1348.629467,-9.98,
127,Xiaobailong cave,266,XBL-26,293680,186938.5707,1508.445072,1366.273558,-10.64,
127,Xiaobailong cave,266,XBL-26,293679,186987.9362,1508.948515,1386.94522,-11.33,
127,Xiaobailong cave,266,XBL-26,293678,187040.1807,1510.496322,1409.606815,-10.6,
127,Xiaobailong cave,266,XBL-26,293677,187078.3658,1523.101485,1417.416887,-10.39,
127,Xiaobailong cave,266,XBL-26,293676,187118.5037,1547.430473,1431.36228,-11.76,
127,Xiaobailong cave,266,XBL-26,293675,187163.6946,1565.482353,1441.316269,-10.56,
127,Xiaobailong cave,266,XBL-26,293674,187204.9124,1579.803865,1449.197406,-10.64,
127,Xiaobailong cave,266,XBL-26,293673,187252.5426,1589.752531,1457.753665,-9.82,
127,Xiaobailong cave,266,XBL-26,293672,187294.6384,1608.015249,1469.718366,-10.58,
127,Xiaobailong cave,267,XBL-27,293908,187366.5413,2102.881643,1683.575446,-9.75,
127,Xiaobailong cave,266,XBL-26,293671,187532.8642,1582.593866,1431.602476,-10.42,
127,Xiaobailong cave,267,XBL-27,293907,187800.4913,2660.250373,1997.644222,-10.09,
127,Xiaobailong cave,266,XBL-26,293670,187804.9585,1549.143813,1394.687609,-10.82,
127,Xiaobailong cave,266,XBL-26,293669,188086.5553,1512.522236,1366.236726,-10.59,
127,Xiaobailong cave,267,XBL-27,293906,188257.3736,3174.762827,2370.199544,-10.41,
127,Xiaobailong cave,266,XBL-26,293668,188328.1546,1488.119341,1340.253364,-11.47,
127,Xiaobailong cave,266,XBL-26,293667,188616.272,1447.428653,1316.433935,-10.67,
127,Xiaobailong cave,267,XBL-27,293905,188735.7925,3737.852453,2754.137007,-10.71,
127,Xiaobailong cave,266,XBL-26,293666,188900.9785,1411.647349,1292.487823,-11.28,
127,Xiaobailong cave,266,XBL-26,293665,189147.618,1376.076838,1279.720413,-11.1,
127,Xiaobailong cave,267,XBL-27,293904,189184.7872,4271.935611,3095.771678,-9.3,
127,Xiaobailong cave,266,XBL-26,293664,189430.333,1348.538311,1253.563207,-10.22,
127,Xiaobailong cave,267,XBL-27,293903,189636.3729,4787.926961,3471.568546,-10.35,
127,Xiaobailong cave,266,XBL-26,293663,189713.8976,1317.125504,1226.748973,-10.97,
127,Xiaobailong cave,266,XBL-26,293662,189952.2409,1296.857876,1201.005139,-10.66,
127,Xiaobailong cave,267,XBL-27,293902,190083.3303,5307.917593,3832.406648,-9.87,
127,Xiaobailong cave,266,XBL-26,293661,190235.4807,1269.889811,1175.864967,-11.28,
127,Xiaobailong cave,266,XBL-26,293660,190516.8864,1244.629802,1150.050582,-10.93,
127,Xiaobailong cave,266,XBL-26,293659,190754.403,1220.249416,1118.54053,-11.45,
127,Xiaobailong cave,266,XBL-26,293658,191037.592,1195.609039,1101.500714,-11.61,
127,Xiaobailong cave,266,XBL-26,293657,191325.6072,1165.695691,1081.825063,-10.97,
127,Xiaobailong cave,266,XBL-26,293656,191566.525,1155.777961,1064.95542,-11.68,
127,Xiaobailong cave,266,XBL-26,293655,191847.2097,1134.341603,1049.25371,-11.03,
127,Xiaobailong cave,266,XBL-26,293654,192131.5829,1105.785794,1051.01382,-11.32,
127,Xiaobailong cave,266,XBL-26,293653,192380.1468,1082.073516,1042.330094,-11.05,
127,Xiaobailong cave,266,XBL-26,293652,192667.8703,1056.129347,1034.601569,-10.96,
127,Xiaobailong cave,266,XBL-26,293651,192949.5378,1040.233727,1018.164239,-11.12,
127,Xiaobailong cave,266,XBL-26,293650,193197.0696,1027.53128,1015.979156,-11.61,
127,Xiaobailong cave,266,XBL-26,293649,193480.1468,1010.557573,1005.510636,-10.85,
127,Xiaobailong cave,266,XBL-26,293648,193767.2103,988.7579127,1004.296238,-11.39,
127,Xiaobailong cave,266,XBL-26,293647,194015.5749,986.6361059,1013.09949,-10.29,
127,Xiaobailong cave,266,XBL-26,293646,194302.4137,981.6559281,1020.699564,-9.24,
127,Xiaobailong cave,266,XBL-26,293645,194587.3987,975.5500138,1032.677621,-9.27,
127,Xiaobailong cave,266,XBL-26,293644,194833.785,964.8325957,1032.335725,-9.71,
127,Xiaobailong cave,266,XBL-26,293643,195121.9481,952.6480488,1052.091952,-9.93,
127,Xiaobailong cave,266,XBL-26,293642,195411.5116,933.5496695,1062.073829,-10.02,
127,Xiaobailong cave,266,XBL-26,293641,195656.2626,937.3113149,1072.815798,-10.06,
127,Xiaobailong cave,266,XBL-26,293640,195936.6223,941.399088,1082.185652,-9.7,
127,Xiaobailong cave,266,XBL-26,293639,196213.8413,955.8252541,1078.116168,-9.83,
127,Xiaobailong cave,266,XBL-26,293638,196451.5405,971.8383021,1074.055861,-12.8,
127,Xiaobailong cave,266,XBL-26,293637,196728.9167,986.2287683,1071.33025,-15.43,
127,Xiaobailong cave,266,XBL-26,293636,197009.5223,996.1754139,1093.718704,-16.01,
127,Xiaobailong cave,266,XBL-26,293635,197248.3612,1006.377674,1109.14772,-15.85,
127,Xiaobailong cave,266,XBL-26,293634,197531.7057,1020.331431,1111.01167,-15.64,
127,Xiaobailong cave,266,XBL-26,293633,197816.5297,1042.113547,1132.32644,-15.86,
127,Xiaobailong cave,266,XBL-26,293632,198059.6436,1063.276911,1158.214802,-14.23,
127,Xiaobailong cave,266,XBL-26,293631,198343.3643,1073.327201,1189.113874,-15.7,
127,Xiaobailong cave,266,XBL-26,293630,198624.4989,1085.764172,1215.443004,-14.95,
127,Xiaobailong cave,266,XBL-26,293629,198869.3068,1102.479967,1232.079005,-14.2,
127,Xiaobailong cave,266,XBL-26,293628,199152.9534,1112.958498,1246.946081,-14.74,
127,Xiaobailong cave,266,XBL-26,293627,199439.6191,1142.371816,1280.704164,-15.77,
127,Xiaobailong cave,266,XBL-26,293626,199683.9876,1174.229168,1297.146578,-15.87,
127,Xiaobailong cave,266,XBL-26,293625,199961.6031,1209.189025,1333.334744,-8.57,
127,Xiaobailong cave,266,XBL-26,293624,200241.5847,1232.286038,1354.144776,-8.7,
127,Xiaobailong cave,266,XBL-26,293623,200292.3821,1197.915521,1307.85544,-8.15,
127,Xiaobailong cave,266,XBL-26,293622,200365.1673,1165.906556,1246.284489,-8.61,
127,Xiaobailong cave,266,XBL-26,293621,200433.8045,1117.655322,1218.638745,-8.82,
127,Xiaobailong cave,266,XBL-26,293620,200489.0841,1087.218694,1176.207325,-8.93,
127,Xiaobailong cave,266,XBL-26,293619,200557.5319,1064.387292,1145.178237,-8.72,
127,Xiaobailong cave,266,XBL-26,293618,200618.6799,1062.852963,1105.063395,-8.99,
127,Xiaobailong cave,266,XBL-26,293617,200679.1151,1042.522125,1084.80497,-9.39,
127,Xiaobailong cave,266,XBL-26,293616,200753.9126,1015.08036,1091.90542,-9.04,
127,Xiaobailong cave,266,XBL-26,293615,200818.898,1009.029558,1070.710088,-8.79,
127,Xiaobailong cave,266,XBL-26,293614,200873.7652,1011.341615,1066.805008,-9.17,
127,Xiaobailong cave,266,XBL-26,293613,200941.1366,1011.12983,1055.961942,-8.99,
127,Xiaobailong cave,266,XBL-26,293612,201009.1374,1026.949196,1061.884733,-9.03,
127,Xiaobailong cave,266,XBL-26,293611,201073.5615,1017.619331,1082.649705,-8.91,
127,Xiaobailong cave,266,XBL-26,293610,201144.8942,1025.124779,1116.909197,-8.69,
127,Xiaobailong cave,266,XBL-26,293609,201329.8399,1115.948553,1164.729443,-9.32,
127,Xiaobailong cave,266,XBL-26,293608,201382.9458,1087.970677,1134.373349,-9.62,
127,Xiaobailong cave,266,XBL-26,293607,201433.6801,1064.001389,1117.424077,-9.28,
127,Xiaobailong cave,266,XBL-26,293606,201491.5787,1054.92671,1096.588339,-8.87,
127,Xiaobailong cave,266,XBL-26,293605,201545.6763,1038.442889,1089.752968,-9.39,
127,Xiaobailong cave,266,XBL-26,293604,201595.0496,1028.153793,1087.858775,-9.11,
127,Xiaobailong cave,266,XBL-26,293603,201650.65,1005.909336,1071.717146,-9.78,
127,Xiaobailong cave,266,XBL-26,293602,201698.4103,1008.966803,1059.621309,-9.12,
127,Xiaobailong cave,266,XBL-26,293601,201749.9135,1008.233493,1064.929543,-9.28,
127,Xiaobailong cave,266,XBL-26,293600,201790.1126,1030.971611,1048.361474,-9.41,
127,Xiaobailong cave,266,XBL-26,293599,201846.0951,1024.770499,1044.005141,-10.33,
127,Xiaobailong cave,266,XBL-26,293598,201899.1643,1035.367928,1073.672855,-10.06,
127,Xiaobailong cave,266,XBL-26,293597,201954.1826,1058.747611,1083.973622,-9.6,
127,Xiaobailong cave,266,XBL-26,293596,202001.0594,1086.1625,1090.287656,-9.36,
127,Xiaobailong cave,266,XBL-26,293595,202050.1519,1097.263566,1109.914708,-10.21,
127,Xiaobailong cave,266,XBL-26,293594,202104.2457,1107.001696,1136.540456,-10.12,
127,Xiaobailong cave,266,XBL-26,293593,202154.1211,1150.188083,1151.155944,-10.06,
127,Xiaobailong cave,266,XBL-26,293592,202199.7993,1194.647005,1162.603199,-10.17,
127,Xiaobailong cave,266,XBL-26,293591,202257.8371,1237.698862,1197.317639,-10.26,
127,Xiaobailong cave,266,XBL-26,293590,202299.0954,1294.190448,1208.220812,-9.84,
127,Xiaobailong cave,266,XBL-26,293589,202427.2386,1289.97581,1145.309189,-10.53,
127,Xiaobailong cave,266,XBL-26,293588,202652.7736,1210.872105,1042.723478,-9.95,
127,Xiaobailong cave,266,XBL-26,293587,202886.4518,1167.261681,1036.054929,-9.67,
127,Xiaobailong cave,266,XBL-26,293586,203123.7547,1207.03575,1076.958598,-9.6,
127,Xiaobailong cave,266,XBL-26,293585,203353.1758,1274.244408,1140.996175,-9.02,
127,Xiaobailong cave,266,XBL-26,293584,203571.8308,1429.687292,1243.753567,-9.29,
127,Xiaobailong cave,266,XBL-26,293583,203790.7054,1619.664319,1350.781572,-8.81,
127,Xiaobailong cave,266,XBL-26,293577,214610.2137,1817.290017,1908.206019,-11.21,
127,Xiaobailong cave,266,XBL-26,293576,214944.0815,1696.143097,1624.319632,-11.5,
127,Xiaobailong cave,266,XBL-26,293575,215343.8157,1561.242436,1506.476353,-10.73,
127,Xiaobailong cave,266,XBL-26,293574,215744.1176,1556.260108,1462.4093,-11.82,
127,Xiaobailong cave,266,XBL-26,293573,216142.4803,1669.150812,1570.913963,-11.87,
127,Xiaobailong cave,266,XBL-26,293572,216532.2695,1898.872172,1727.716639,-11.21,
127,Xiaobailong cave,266,XBL-26,293566,222567.7868,2182.163013,2095.562453,-11.8,
127,Xiaobailong cave,266,XBL-26,293565,222695.3157,2111.807704,2007.437091,-11.94,
127,Xiaobailong cave,266,XBL-26,293564,222822.4275,2044.398865,1901.780121,-12.46,
127,Xiaobailong cave,266,XBL-26,293563,222943.27,1978.547018,1824.04286,-13.31,
127,Xiaobailong cave,266,XBL-26,293562,223075.6155,1928.534947,1749.399124,-12.65,
127,Xiaobailong cave,266,XBL-26,293561,223202.4521,1869.284038,1702.865861,-11.04,
127,Xiaobailong cave,266,XBL-26,293560,223337.3098,1830.095121,1664.819752,-11.35,
127,Xiaobailong cave,266,XBL-26,293559,223474.507,1782.401451,1663.829465,-11.32,
127,Xiaobailong cave,266,XBL-26,293558,223609.8618,1762.455844,1649.946648,-11.09,
127,Xiaobailong cave,266,XBL-26,293557,223751.8863,1770.360315,1670.629908,-11.43,
127,Xiaobailong cave,266,XBL-26,293556,223876.1055,1766.078084,1658.293205,-11.44,
127,Xiaobailong cave,266,XBL-26,293555,224015.7145,1766.431798,1709.465044,-10.65,
127,Xiaobailong cave,266,XBL-26,293554,224149.9,1786.557108,1753.338615,-10.78,
127,Xiaobailong cave,266,XBL-26,293553,224286.6741,1794.863264,1765.992663,-10.52,
127,Xiaobailong cave,266,XBL-26,293552,224393.3721,1874.107168,1819.04842,-11.51,
127,Xiaobailong cave,266,XBL-26,293551,224506.8273,1942.66044,1844.711122,-11.57,
127,Xiaobailong cave,266,XBL-26,293550,224631.0329,2012.504341,1901.315901,-10.25,
127,Xiaobailong cave,266,XBL-26,293549,225356.2338,1921.916743,1820.325158,-10.87,
127,Xiaobailong cave,266,XBL-26,293548,226642.6506,1705.486152,1643.622195,-10.76,
127,Xiaobailong cave,266,XBL-26,293547,227903.6901,1696.77952,1617.434873,-10.09,
127,Xiaobailong cave,266,XBL-26,293546,229176.5551,1862.042814,1810.190056,-9.51,
127,Xiaobailong cave,266,XBL-26,293545,230382.9148,2243.470929,2066.548836,-12.81,
127,Xiaobailong cave,266,XBL-26,293544,231652.1734,2631.630821,2483.361414,-12.79,
127,Xiaobailong cave,266,XBL-26,293543,232469.1613,2779.790805,2641.998496,-12.9,
127,Xiaobailong cave,266,XBL-26,293542,232807.2017,2655.079412,2469.017194,-13.68,
127,Xiaobailong cave,266,XBL-26,293541,233132.7319,2534.029749,2317.32166,-13.23,
127,Xiaobailong cave,266,XBL-26,293540,233476.25,2415.26374,2247.168826,-12.81,
127,Xiaobailong cave,266,XBL-26,293539,233832.4531,2314.585309,2158.382631,-12.89,
127,Xiaobailong cave,266,XBL-26,293538,234167.9986,2270.698833,2089.111631,-12.62,
127,Xiaobailong cave,266,XBL-26,293537,234513.46,2219.081086,2023.538771,-12.89,
127,Xiaobailong cave,266,XBL-26,293536,234867.5839,2141.147763,1979.972584,-12.43,
127,Xiaobailong cave,266,XBL-26,293535,235210.0588,2066.520905,1929.913259,-13.67,
127,Xiaobailong cave,266,XBL-26,293534,235566.7966,1991.236623,1947.545667,-12.77,
127,Xiaobailong cave,266,XBL-26,293533,235915.1303,1942.737919,1989.354523,-13,
127,Xiaobailong cave,266,XBL-26,293532,236250.5652,1937.648235,2002.984398,-13.29,
127,Xiaobailong cave,266,XBL-26,293531,236585.0542,1995.413431,2043.397066,-12.97,
127,Xiaobailong cave,266,XBL-26,293530,236916.8888,2041.346174,2091.273828,-12.72,
127,Xiaobailong cave,266,XBL-26,293529,237242.3987,2114.456719,2177.376019,-13.13,
127,Xiaobailong cave,266,XBL-26,293528,237584.3343,2179.233014,2258.763625,-13.6,
127,Xiaobailong cave,266,XBL-26,293527,237949.0388,2226.42792,2374.755713,-13.27,
127,Xiaobailong cave,266,XBL-26,293526,238280.5847,2332.450845,2470.752023,-12.48,
127,Xiaobailong cave,266,XBL-26,293525,238659.2597,2444.073113,2617.642953,-14.5,
127,Xiaobailong cave,266,XBL-26,293524,238972.8463,2579.462646,2697.573688,-13.84,
127,Xiaobailong cave,266,XBL-26,293523,239306.3497,2716.355178,2812.413151,-13.73,
127,Xiaobailong cave,266,XBL-26,293522,239953.577,2401.694396,2356.616261,-14.15,
127,Xiaobailong cave,266,XBL-26,293521,240652.9908,2253.700658,2308.854647,-11.75,
127,Xiaobailong cave,266,XBL-26,293520,241320.7878,2405.283914,2410.079564,-8.66,
127,Xiaobailong cave,266,XBL-26,293519,241983.2911,2812.530147,2742.209931,-9.43,
127,Xiaobailong cave,266,XBL-26,293518,242344.8548,2687.852207,2560.709055,-8.99,
127,Xiaobailong cave,266,XBL-26,293517,242708.6368,2569.775145,2417.178413,-7.89,
127,Xiaobailong cave,266,XBL-26,293516,243056.0384,2511.218242,2255.910693,-8.57,
127,Xiaobailong cave,266,XBL-26,293515,243424.3064,2391.816768,2142.754465,-8.7,
127,Xiaobailong cave,266,XBL-26,293514,243798.1712,2282.181672,2112.378778,-8.85,
127,Xiaobailong cave,266,XBL-26,293513,244164.1505,2272.199128,2117.750713,-9.54,
127,Xiaobailong cave,266,XBL-26,293512,244524.3936,2245.477903,2132.154675,-9.67,
127,Xiaobailong cave,266,XBL-26,293511,244897.033,2193.358262,2183.734105,-8.96,
127,Xiaobailong cave,266,XBL-26,293510,245291.8015,2191.979694,2259.040039,-9.41,
127,Xiaobailong cave,266,XBL-26,293509,245668.5615,2191.632905,2321.586383,-9.81,
127,Xiaobailong cave,266,XBL-26,293508,246031.1579,2242.741922,2428.072956,-10.05,
127,Xiaobailong cave,266,XBL-26,293507,246370.3159,2371.266701,2509.531018,-9.76,
127,Xiaobailong cave,266,XBL-26,293506,246746.8573,2519.000499,2681.029599,-9.85,
127,Xiaobailong cave,266,XBL-26,293505,247133.6047,2659.970192,2899.346167,-10.18,
127,Xiaobailong cave,266,XBL-26,293504,247507.0544,2817.744738,3076.648992,-10.36,
127,Xiaobailong cave,266,XBL-26,293503,247865.8573,3079.728992,3236.096375,-9.85,
127,Xiaobailong cave,266,XBL-26,293502,248227.0673,3201.720621,3475.390837,-9.85,
127,Xiaobailong cave,266,XBL-26,293501,248525.2574,3261.524354,3486.107736,-10.3,
127,Xiaobailong cave,266,XBL-26,293500,248738.0875,3133.991629,3331.551226,-10.49,
127,Xiaobailong cave,266,XBL-26,293499,248920.2815,3091.782593,3133.328738,-10.84,
127,Xiaobailong cave,266,XBL-26,293498,249129.8082,3007.798905,2972.243924,-10.03,
127,Xiaobailong cave,266,XBL-26,293497,249361.4768,2923.874126,2862.324841,-10.67,
127,Xiaobailong cave,266,XBL-26,293496,249557.4844,2884.356559,2747.428155,-11.64,
127,Xiaobailong cave,266,XBL-26,293495,249763.5493,2812.491481,2619.629866,-12.15,
127,Xiaobailong cave,266,XBL-26,293494,250004.3141,2764.769314,2571.202882,-11.98,
127,Xiaobailong cave,266,XBL-26,293493,250234.4729,2718.794809,2580.731534,-12.54,
127,Xiaobailong cave,266,XBL-26,293492,250446.1301,2708.34494,2531.694022,-12.13,
127,Xiaobailong cave,266,XBL-26,293491,250701.9822,2645.449715,2594.452167,-11.76,
127,Xiaobailong cave,266,XBL-26,293490,250926.896,2652.398886,2584.443808,-11.63,
127,Xiaobailong cave,266,XBL-26,293489,251145.8228,2730.336443,2597.618697,-12.1,
127,Xiaobailong cave,266,XBL-26,293488,251386.631,2742.440043,2686.512636,-12.14,
127,Xiaobailong cave,266,XBL-26,293487,251625.7106,2799.418888,2763.237542,-12.83,
127,Xiaobailong cave,266,XBL-26,293486,251838.3201,2948.707566,2820.878788,-10.38,
127,Xiaobailong cave,266,XBL-26,293485,252049.2457,3016.539209,2888.169357,-11.62,
127,Xiaobailong cave,266,XBL-26,293484,252265.1298,3143.136139,2994.004064,-12.82,
127,Xiaobailong cave,266,XBL-26,293483,252484.3519,3249.396072,3097.618271,-11.53,
