sample_id,d13c_measurement,d13c_precision
25574,-6.75,0.1
25575,-7.95,0.1
25576,-8.16,0.1
25577,-8.05,0.1
25578,-8.17,0.1
25579,-7.74,0.1
25580,-7.93,0.1
25581,-8.35,0.1
25582,-7.43,0.1
25583,-7.82,0.1
25584,-7.82,0.1
25585,-7.66,0.1
25586,-7.75,0.1
25587,-8.85,0.1
25588,-8.46,0.1
25589,-7.69,0.1
25590,-9.47,0.1
25591,-8.42,0.1
25592,-8.73,0.1
25593,-8.75,0.1
25594,-8.55,0.1
25595,-8.65,0.1
25596,-9.03,0.1
25597,-8.45,0.1
25598,-7.36,0.1
25599,-7.63,0.1
25600,-8.19,0.1
25601,-8.27,0.1
25602,-8.45,0.1
25603,-8.5,0.1
25604,-8.34,0.1
25605,-9.38,0.1
25606,-8.21,0.1
25607,-9.19,0.1
25608,-9.17,0.1
25609,-8.5,0.1
25610,-9.38,0.1
25611,-9.27,0.1
25612,-9.13,0.1
25613,-8.94,0.1
25614,-8.77,0.1
25615,-9.24,0.1
25616,-9.61,0.1
25617,-8.86,0.1
25618,-8.8,0.1
25619,-8.93,0.1
25620,-9.22,0.1
25621,-9.39,0.1
25622,-9.08,0.1
25623,-9.34,0.1
25624,-9.21,0.1
25625,-9.44,0.1
25626,-9.05,0.1
25627,-9.35,0.1
25628,-9,0.1
25629,-8.93,0.1
25630,-8.72,0.1
25631,-8.09,0.1
25632,-8.23,0.1
25633,-8.35,0.1
25634,-8.24,0.1
25635,-8.21,0.1
25636,-8.59,0.1
25637,-8.39,0.1
25638,-8.21,0.1
25639,-8.34,0.1
25640,-7.97,0.1
25641,-7.57,0.1
25642,-7.94,0.1
25643,-8.12,0.1
25644,-6.86,0.1
25645,-6.96,0.1
25646,-7.76,0.1
25647,-8.22,0.1
25648,-8.26,0.1
25649,-9.58,0.1
25650,-8.84,0.1
25651,-8.19,0.1
25652,-9.02,0.1
25653,-9.83,0.1
25654,-9.54,0.1
25655,-9.43,0.1
25656,-8.99,0.1
25657,-9.91,0.1
25658,-9.59,0.1
25659,-9.63,0.1
25660,-9.39,0.1
25661,-9.74,0.1
25662,-10.35,0.1
25663,-9.81,0.1
25664,-9.85,0.1
25665,-8.93,0.1
25666,-9.36,0.1
25667,-9.62,0.1
25668,-9.14,0.1
25669,-10.17,0.1
25670,-10.5,0.1
25671,-10.3,0.1
25672,-10.06,0.1
25673,-9.99,0.1
25674,-9.41,0.1
25675,-8.93,0.1
25676,-9.65,0.1
25677,-9.1,0.1
25678,-9.59,0.1
25679,-8.83,0.1
25680,-9.19,0.1
25681,-9.45,0.1
25682,-9.32,0.1
25683,-9.55,0.1
25684,-9.6,0.1
25685,-10.09,0.1
25686,-9.88,0.1
25687,-10.3,0.1
25688,-10.33,0.1
25689,-10,0.1
25690,-10.07,0.1
25691,-10.46,0.1
25692,-10.18,0.1
25693,-9.89,0.1
25694,-9.71,0.1
25695,-8.46,0.1
25696,-8.3,0.1
25697,-7.8,0.1
25698,-8.04,0.1
25699,-7.98,0.1
25700,-8.64,0.1
25701,-8.18,0.1
25702,-9.41,0.1
25703,-9.3,0.1
25704,-8.59,0.1
25705,-8.41,0.1
25706,-9.12,0.1
25707,-9.35,0.1
25708,-9.64,0.1
25709,-9.78,0.1
25710,-9.02,0.1
25711,-9.16,0.1
25712,-9.06,0.1
25713,-10.12,0.1
25714,-10.2,0.1
25715,-8.79,0.1
25716,-8.39,0.1
25717,-9.47,0.1
25718,-8.81,0.1
25719,-8.34,0.1
25720,-8.95,0.1
25721,-9.52,0.1
25722,-7.96,0.1
25723,-8.06,0.1
25724,-8.77,0.1
25725,-9.34,0.1
25726,-9.69,0.1
25727,-9.35,0.1
25728,-8.22,0.1
25729,-8.31,0.1
25730,-8.7,0.1
25731,-8.79,0.1
25732,-8.53,0.1
25733,-8.91,0.1
25734,-8.84,0.1
25735,-9.51,0.1
25736,-9.41,0.1
25737,-9.06,0.1
25738,-8.77,0.1
25739,-8.33,0.1
25740,-8.95,0.1
25741,-9.42,0.1
25742,-9.47,0.1
25743,-7.86,0.1
25744,-8.47,0.1
25745,-8.73,0.1
25746,-8.5,0.1
25747,-8.57,0.1
25748,-8.86,0.1
25749,-9.17,0.1
25750,-8.8,0.1
25751,-9.25,0.1
25752,-8.92,0.1
25753,-8.84,0.1
25754,-8.02,0.1
25755,-8.04,0.1
25756,-8.31,0.1
25757,-8.45,0.1
25758,-8.32,0.1
25759,-7.54,0.1
25760,-8.72,0.1
25761,-8.26,0.1
25762,-8.82,0.1
25763,-8.2,0.1
25764,-8.79,0.1
25765,-9.73,0.1
25766,-9.12,0.1
25767,-9.18,0.1
25768,-7.93,0.1
25769,-9.29,0.1
25770,-9.38,0.1
25771,-8.46,0.1
25772,-8.53,0.1
25773,-8.22,0.1
25774,-9.03,0.1
25775,-8.56,0.1
25776,-10.32,0.1
25777,-9.64,0.1
25778,-9.34,0.1
25779,-9.56,0.1
25780,-9.15,0.1
25781,-9.33,0.1
25782,-9.16,0.1
25783,-8.98,0.1
25784,-9.46,0.1
25785,-9.4,0.1
25786,-7.37,0.1
25787,-8.16,0.1
25788,-9.52,0.1
25789,-9.85,0.1
25790,-8.44,0.1
25791,-7.96,0.1
25792,-6.83,0.1
25793,-7.83,0.1
25794,-7.5,0.1
25795,-7.29,0.1
25796,-7.34,0.1
25797,-6.14,0.1
25798,-8.06,0.1
25799,-8.43,0.1
25800,-9.14,0.1
25801,-8.41,0.1
25802,-9.14,0.1
25803,-8.6,0.1
25804,-7.77,0.1
25805,-8.2,0.1
25806,-7.78,0.1
25807,-8.82,0.1
25808,-9.63,0.1
25809,-9.45,0.1
25810,-9.27,0.1
25811,-7.61,0.1
25812,-7.38,0.1
25813,-9.33,0.1
25814,-9.48,0.1
25815,-7.73,0.1
25816,-8.51,0.1
25817,-8.49,0.1
25818,-9.71,0.1
25819,-9.87,0.1
25820,-10.31,0.1
25821,-8.96,0.1
25822,-9.51,0.1
25823,-8.18,0.1
25824,-9.46,0.1
25825,-9.63,0.1
25826,-9.65,0.1
25827,-9.24,0.1
25828,-9.81,0.1
25829,-9.46,0.1
25830,-8.98,0.1
25831,-8.62,0.1
25832,-8.92,0.1
25833,-8.84,0.1
25834,-8.82,0.1
25835,-8.83,0.1
25836,-8.17,0.1
25837,-8.84,0.1
25838,-9.3,0.1
25839,-8.85,0.1
25840,-8,0.1
25841,-7.86,0.1
25842,-8.53,0.1
25843,-8.91,0.1
25844,-8.99,0.1
25845,-9.81,0.1
25846,-9.2,0.1
25847,-8.82,0.1
25848,-7.9,0.1
25849,-7.76,0.1
25850,-8.64,0.1
25851,-8.19,0.1
25852,-7.5,0.1
25853,-7.87,0.1
25854,-7.24,0.1
25855,-6.37,0.1
25856,-8.63,0.1
25857,-8.71,0.1
25858,-9.21,0.1
25859,-8.9,0.1
25860,-8.57,0.1
25861,-9.63,0.1
25862,-9.69,0.1
25863,-8.56,0.1
25864,-9.03,0.1
25865,-9.12,0.1
25866,-8.35,0.1
25867,-8.56,0.1
25868,-8.97,0.1
25869,-8.59,0.1
25870,-8.33,0.1
25871,-8.49,0.1
25872,-9.38,0.1
25873,-9.49,0.1
25874,-8.75,0.1
25875,-9.92,0.1
25876,-8.61,0.1
25877,-9.08,0.1
25878,-9.05,0.1
25879,-8.97,0.1
25880,-8.91,0.1
25881,-8.93,0.1
25882,-8.28,0.1
25883,-9.24,0.1
25884,-9.09,0.1
25885,-8.19,0.1
25886,-8.43,0.1
25887,-9.32,0.1
25888,-8.2,0.1
25889,-9.22,0.1
25890,-9.16,0.1
25891,-9.6,0.1
25892,-8.68,0.1
25893,-9.15,0.1
25894,-8.21,0.1
25895,-8.65,0.1
25896,-7.42,0.1
25897,-7.49,0.1
25898,-8.23,0.1
25899,-8.81,0.1
25900,-9.36,0.1
25901,-9.39,0.1
25902,-9.51,0.1
25903,-9.84,0.1
25904,-9.93,0.1
25905,-9.53,0.1
25906,-9.07,0.1
25907,-9.05,0.1
25908,-8.91,0.1
25909,-9.09,0.1
25910,-9.25,0.1
25911,-9.32,0.1
25912,-8.79,0.1
25913,-8.95,0.1
25914,-8.85,0.1
25915,-8.8,0.1
25916,-8.22,0.1
25917,-8.36,0.1
25918,-8.39,0.1
25919,-8.94,0.1
25920,-9.54,0.1
25921,-8.51,0.1
25922,-9.07,0.1
25923,-9.5,0.1
25924,-9.73,0.1
25925,-9.04,0.1
25926,-7.01,0.1
25927,-8.3,0.1
25928,-7.92,0.1
25929,-8.37,0.1
25930,-7.86,0.1
25931,-7.96,0.1
25932,-8.44,0.1
25933,-8.52,0.1
25934,-6.92,0.1
25935,-7.72,0.1
25936,-8.29,0.1
25937,-8.7,0.1
25938,-8.78,0.1
25939,-7.79,0.1
25940,-7.09,0.1
25941,-7.65,0.1
25942,-6.71,0.1
25943,-7.59,0.1
25944,-7.8,0.1
25945,-8.74,0.1
25946,-7.9,0.1
25947,-8.92,0.1
25948,-9.55,0.1
25949,-9.47,0.1
25950,-9.23,0.1
25951,-9.37,0.1
25952,-9.09,0.1
25953,-8.31,0.1
25954,-7.53,0.1
25955,-8.79,0.1
25956,-9.12,0.1
25957,-8.33,0.1
25958,-8.56,0.1
25959,-8.83,0.1
25960,-8.59,0.1
25961,-8.51,0.1
25962,-8.62,0.1
25963,-8.63,0.1
25964,-8.27,0.1
25965,-8.22,0.1
25966,-7.82,0.1
25967,-7.75,0.1
25968,-7.65,0.1
25969,-7.43,0.1
25970,-7.62,0.1
25971,-8.19,0.1
25972,-8.3,0.1
25973,-7.84,0.1
25974,-7.79,0.1
25975,-6.85,0.1
25976,-8.91,0.1
25977,-8.48,0.1
25978,-7.45,0.1
25979,-7.24,0.1
25980,-7.48,0.1
25981,-8.35,0.1
25982,-9.67,0.1
25983,-9.7,0.1
25984,-9.02,0.1
25985,-8.85,0.1
25986,-8.96,0.1
25987,-8.61,0.1
25988,-8.77,0.1
25989,-8.61,0.1
25990,-8.67,0.1
25991,-8.34,0.1
25992,-7.26,0.1
25993,-8.1,0.1
25994,-8.35,0.1
25995,-7.08,0.1
25996,-7.94,0.1
25997,-8.02,0.1
25998,-7.41,0.1
25999,-7.52,0.1
26000,-8.19,0.1
26001,-8.48,0.1
26002,-8.32,0.1
26003,-7.97,0.1
26004,-8.03,0.1
26005,-7.8,0.1
26006,-6.6,0.1
26007,-7.27,0.1
26008,-7.41,0.1
26009,-7.37,0.1
26010,-7.91,0.1
26011,-7.94,0.1
26012,-7.69,0.1
26013,-7.6,0.1
26014,-8.18,0.1
26015,-8.18,0.1
26016,-8.64,0.1
26017,-8.95,0.1
26018,-9.35,0.1
26019,-9.46,0.1
26020,-9.65,0.1
26021,-8.96,0.1
26022,-8.51,0.1
26023,-9.65,0.1
26024,-8.75,0.1
26025,-9.69,0.1
26026,-9.45,0.1
26027,-9.03,0.1
26028,-8.19,0.1
26029,-8.56,0.1
26030,-8.09,0.1
26031,-7.71,0.1
26032,-9.27,0.1
26033,-9.46,0.1
26034,-9.09,0.1
26035,-8.61,0.1
26036,-7.82,0.1
26037,-9.55,0.1
26038,-8.97,0.1
26039,-8.71,0.1
26040,-9.04,0.1
26041,-8.76,0.1
26042,-8.62,0.1
26043,-7.97,0.1
26044,-7.61,0.1
26045,-7.42,0.1
26046,-8.36,0.1
26047,-7.86,0.1
26048,-8.41,0.1
26049,-7.71,0.1
26050,-7.73,0.1
26051,-9.1,0.1
26052,-8.95,0.1
26053,-8.33,0.1
26054,-8.57,0.1
26055,-8.32,0.1
26056,-8.33,0.1
26057,-8.25,0.1
26058,-8.5,0.1
26059,-8.69,0.1
26060,-8.82,0.1
26061,-9.8,0.1
26062,-8.15,0.1
26063,-8.68,0.1
26064,-9.5,0.1
26065,-8.57,0.1
26066,-9.28,0.1
26067,-9.06,0.1
26068,-8.64,0.1
26069,-8.48,0.1
26070,-9.24,0.1
26071,-8.9,0.1
26072,-8.56,0.1
26073,-7.77,0.1
26074,-9.19,0.1
26075,-9.12,0.1
26076,-7.1,0.1
26077,-9.53,0.1
26078,-9.51,0.1
26079,-9.02,0.1
26080,-8.68,0.1
26081,-8.38,0.1
26082,-8.39,0.1
26083,-7.93,0.1
26084,-7.52,0.1
26085,-8.34,0.1
26086,-9.12,0.1
26087,-8.63,0.1
26088,-8.88,0.1
26089,-7.82,0.1
26090,-7.79,0.1
26091,-8,0.1
26092,-8.43,0.1
26093,-8.92,0.1
26094,-8.89,0.1
26095,-8.2,0.1
26096,-8.45,0.1
26097,-8.3,0.1
26098,-9.12,0.1
26099,-8.65,0.1
26100,-8.47,0.1
26101,-9.02,0.1
26102,-9.32,0.1
26103,-8.51,0.1
26104,-8.35,0.1
26105,-9.22,0.1
26106,-8.44,0.1
26107,-8.53,0.1
26108,-8.31,0.1
26109,-9.04,0.1
26110,-8,0.1
26111,-6.41,0.1
26112,-7.25,0.1
26113,-8.31,0.1
26114,-9.19,0.1
26115,-9.17,0.1
26116,-9.04,0.1
26117,-9,0.1
26118,-8.96,0.1
26119,-9.41,0.1
26120,-8.25,0.1
26121,-8.1,0.1
26122,-8.87,0.1
26123,-9.91,0.1
26124,-9.77,0.1
26125,-9.81,0.1
26126,-9.25,0.1
26127,-9.51,0.1
26128,-8.28,0.1
26129,-7.27,0.1
26130,-7.12,0.1
26131,-7.69,0.1
26132,-7.14,0.1
26133,-8.48,0.1
26134,-8.4,0.1
26135,-9.01,0.1
26136,-8.49,0.1
26137,-7.52,0.1
26138,-8.43,0.1
26139,-7.51,0.1
26140,-7.72,0.1
26141,-8.82,0.1
26142,-8.74,0.1
26143,-8.98,0.1
26144,-9.03,0.1
26145,-7.63,0.1
26146,-8.44,0.1
26147,-8.5,0.1
26148,-8.13,0.1
26149,-8.47,0.1
26150,-7.23,0.1
26151,-8.24,0.1
26152,-9.17,0.1
26153,-8.3,0.1
26154,-8.08,0.1
26155,-7.47,0.1
26156,-8.47,0.1
26157,-9.23,0.1
26158,-7.44,0.1
26159,-8.61,0.1
26160,-7.58,0.1
26161,-9.08,0.1
26162,-9.16,0.1
26163,-9.23,0.1
26164,-9.27,0.1
26165,-7.25,0.1
26166,-8.87,0.1
26167,-8.58,0.1
26168,-7.8,0.1
26169,-9.12,0.1
26170,-8.77,0.1
26171,-9.27,0.1
26172,-8.81,0.1
26173,-8.76,0.1
26174,-7.71,0.1
26175,-8.48,0.1
26176,-8.03,0.1
26177,-8.65,0.1
26178,-8.46,0.1
26179,-8.38,0.1
26180,-8.23,0.1
26181,-7.8,0.1
26182,-7.07,0.1
26183,-9.26,0.1
26184,-7.77,0.1
26185,-6.91,0.1
26186,-7.44,0.1
26187,-8.18,0.1
26188,-6.43,0.1
26189,-5.79,0.1
26190,-7.32,0.1
26191,-4.86,0.1
26192,-4.89,0.1
26193,-6.96,0.1
26194,-7.47,0.1
26195,-7.01,0.1
26196,-6.75,0.1
26197,-6.3,0.1
26198,-7.07,0.1
26199,-7.51,0.1
26200,-7.58,0.1
26201,-8.16,0.1
26202,-8.15,0.1
26203,-8.92,0.1
26204,-8.31,0.1
26205,-8.85,0.1
26206,-9.08,0.1
26207,-8.67,0.1
26208,-8.26,0.1
26209,-8.17,0.1
26210,-8.86,0.1
26211,-8.62,0.1
26212,-8.61,0.1
26213,-8.73,0.1
26214,-8.91,0.1
26215,-8.95,0.1
26216,-8.54,0.1
26217,-9.25,0.1
26218,-8.74,0.1
26219,-9.2,0.1
26220,-9.71,0.1
26221,-9.25,0.1
26222,-8.61,0.1
26223,-9.51,0.1
26224,-9.65,0.1
26225,-8.42,0.1
26226,-8.24,0.1
26227,-8.71,0.1
26228,-9.19,0.1
26229,-8.58,0.1
26230,-8.35,0.1
26231,-6.03,0.1
26232,-5.3,0.1
26233,-7.54,0.1
26234,-7.76,0.1
26235,-9,0.1
26236,-8.68,0.1
26237,-9.1,0.1
26238,-8.71,0.1
26239,-9.12,0.1
26240,-8.7,0.1
26241,-9.33,0.1
26242,-8.79,0.1
26243,-8.49,0.1
26244,-8.37,0.1
26245,-8.74,0.1
26246,-7.93,0.1
26247,-8.84,0.1
26248,-9.16,0.1
26249,-9.6,0.1
26250,-9.19,0.1
26251,-8.8,0.1
26252,-9.17,0.1
26253,-9.74,0.1
26254,-9.02,0.1
26255,-9.16,0.1
26256,-8.64,0.1
26257,-9.44,0.1
26258,-9.05,0.1
26259,-9.31,0.1
26260,-8.74,0.1
26261,-8.69,0.1
26262,-9.68,0.1
26263,-8.46,0.1
26264,-7.96,0.1
26265,-8.49,0.1
26266,-8.69,0.1
26267,-9.18,0.1
26268,-9.52,0.1
26269,-8.95,0.1
26270,-7.93,0.1
26271,-8.73,0.1
26272,-8.73,0.1
26273,-8.09,0.1
26274,-8,0.1
26275,-9.13,0.1
26276,-9.16,0.1
26277,-8.77,0.1
26278,-8.58,0.1
26279,-8.88,0.1
26280,-9.1,0.1
26281,-9.33,0.1
26282,-9.18,0.1
26283,-8.21,0.1
26284,-8.53,0.1
26285,-8.26,0.1
26286,-8.3,0.1
26287,-8.27,0.1
26288,-8.12,0.1
26289,-9.1,0.1
26290,-8.41,0.1
26291,-7.91,0.1
26292,-8.18,0.1
26293,-7.72,0.1
26294,-7.76,0.1
26295,-7.92,0.1
26296,-8.97,0.1
26297,-7.43,0.1
26298,-8.82,0.1
26299,-9.03,0.1
26300,-8.64,0.1
26301,-8.49,0.1
26302,-7.89,0.1
26303,-9.4,0.1
26304,-8.43,0.1
26305,-8.59,0.1
26306,-9.68,0.1
26307,-8.73,0.1
26308,-8.82,0.1
26309,-8.75,0.1
26310,-9.45,0.1
26311,-8.88,0.1
26312,-8.92,0.1
26313,-7.97,0.1
26314,-8.3,0.1
26315,-7.48,0.1
26316,-9.05,0.1
26317,-8.78,0.1
26318,-9.34,0.1
26319,-8.65,0.1
26320,-8.58,0.1
26321,-8.16,0.1
26322,-7.62,0.1
26323,-8.67,0.1
26324,-8.5,0.1
26325,-8.73,0.1
26326,-7.5,0.1
26327,-8.99,0.1
26328,-8.43,0.1
26329,-8.78,0.1
26330,-8.81,0.1
26331,-9.07,0.1
26332,-8.34,0.1
26333,-8.66,0.1
26334,-9.13,0.1
26335,-8.65,0.1
26336,-8.96,0.1
26337,-8.47,0.1
26338,-8.29,0.1
26339,-8.77,0.1
26340,-9.19,0.1
26341,-9.15,0.1
26342,-8.1,0.1
26343,-8.09,0.1
26344,-9.29,0.1
26345,-9.06,0.1
26346,-9.75,0.1
26347,-8.94,0.1
26348,-8.21,0.1
26349,-8.81,0.1
26350,-9.52,0.1
26351,-8.19,0.1
26352,-7.92,0.1
26353,-8.33,0.1
26354,-8.24,0.1
26355,-8.66,0.1
26356,-9.51,0.1
26357,-7.72,0.1
26358,-7.81,0.1
26359,-8.31,0.1
26360,-7.76,0.1
26361,-8.41,0.1
26362,-9.18,0.1
26363,-7.84,0.1
26364,-7.78,0.1
26365,-9.47,0.1
26366,-8.99,0.1
26367,-8.72,0.1
26368,-8.01,0.1
26369,-7.36,0.1
26370,-8.59,0.1
26371,-7.56,0.1
26372,-8.45,0.1
26373,-7.27,0.1
26374,-9.34,0.1
26375,-8.81,0.1
26376,-8.34,0.1
26377,-8.1,0.1
26378,-7.34,0.1
26379,-8.18,0.1
26380,-8.72,0.1
26381,-7.66,0.1
26382,-8.12,0.1
26383,-8.96,0.1
26384,-8.89,0.1
26385,-8.03,0.1
26386,-8.06,0.1
26387,-8.19,0.1
26388,-7.94,0.1
26389,-6.63,0.1
26390,-6.89,0.1
26391,-9.2,0.1
26392,-8.39,0.1
26393,-7.44,0.1
26394,-7.1,0.1
26395,-8.41,0.1
26396,-7.9,0.1
26397,-7.46,0.1
26398,-8.72,0.1
26399,-8.37,0.1
26400,-8.69,0.1
26401,-9.12,0.1
26402,-7.87,0.1
26403,-7.37,0.1
26404,-8.12,0.1
26405,-7.89,0.1
26406,-8.85,0.1
26407,-8.51,0.1
26408,-8.15,0.1
26409,-8.39,0.1
26410,-8.39,0.1
26411,-9.56,0.1
26412,-8.28,0.1
26413,-8.66,0.1
26414,-8.46,0.1
26415,-8.14,0.1
26416,-9.12,0.1
26417,-7.46,0.1
26418,-8.73,0.1
26419,-8.6,0.1
26420,-7.06,0.1
26421,-8.56,0.1
26422,-7.31,0.1
26423,-8.25,0.1
26424,-8.76,0.1
26425,-7.97,0.1
26426,-7.55,0.1
26427,-8.03,0.1
26428,-8.42,0.1
26429,-8.4,0.1
26430,-7.86,0.1
26431,-8.43,0.1
26432,-8.5,0.1
26433,-8.01,0.1
26434,-7.48,0.1
26435,-8.66,0.1
26436,-8.32,0.1
26437,-7.98,0.1
26438,-7.99,0.1
26439,-7.63,0.1
26440,-8.13,0.1
26441,-9,0.1
26442,-8.25,0.1
26443,-7.37,0.1
26444,-8.94,0.1
26445,-8.72,0.1
26446,-8.92,0.1
26447,-8.16,0.1
26448,-6.9,0.1
26449,-8.29,0.1
26450,-8.62,0.1
26451,-7.74,0.1
26452,-8.54,0.1
26453,-7.98,0.1
26454,-7.59,0.1
26455,-7.92,0.1
26456,-8.38,0.1
26457,-7.82,0.1
26458,-9.01,0.1
26459,-7.31,0.1
26460,-8.49,0.1
26461,-7.45,0.1
26462,-7.87,0.1
26463,-8.51,0.1
26464,-8.17,0.1
26465,-7.95,0.1
26466,-8.21,0.1
26467,-7.95,0.1
26468,-8.42,0.1
26469,-8.57,0.1
26470,-8.83,0.1
26471,-7.69,0.1
26472,-8.34,0.1
26473,-8.04,0.1
26474,-8.04,0.1
26475,-8.44,0.1
26476,-7.73,0.1
26477,-7.56,0.1
26478,-7.81,0.1
26479,-8.54,0.1
26480,-8.3,0.1
26481,-8.25,0.1
26482,-8.49,0.1
26483,-8.02,0.1
26484,-7.16,0.1
26485,-7.72,0.1
26486,-8.05,0.1
26487,-8.36,0.1
26488,-8.22,0.1
26489,-7.36,0.1
26490,-7.12,0.1
26491,-7.97,0.1
26492,-7.4,0.1
26493,-7.07,0.1
26494,-8.01,0.1
26495,-8.36,0.1
26496,-8.36,0.1
26497,-7.37,0.1
26498,-8.1,0.1
26499,-8.31,0.1
26500,-7.78,0.1
26501,-8.58,0.1
26502,-7.86,0.1
26503,-7.82,0.1
26504,-7.6,0.1
26505,-8.33,0.1
26506,-8.18,0.1
26507,-7.64,0.1
26508,-7.6,0.1
26509,-7.52,0.1
26510,-8.02,0.1
26511,-7.86,0.1
26512,-6.95,0.1
26513,-7.89,0.1
26514,-8.14,0.1
26515,-7.7,0.1
26516,-6.83,0.1
26517,-8.13,0.1
26518,-8.19,0.1
26519,-8.13,0.1
26520,-7.8,0.1
26521,-8.29,0.1
26522,-7.61,0.1
26523,-6.93,0.1
26524,-5.94,0.1
26525,-5.75,0.1
26526,-5.92,0.1
26527,-6.64,0.1
26528,-7.67,0.1
26529,-6.9,0.1
26530,-6.76,0.1
26531,-7.68,0.1
26532,-7.59,0.1
26533,-7.26,0.1
26534,-6.84,0.1
26535,-6.86,0.1
26536,-5.47,0.1
26537,-8.4,0.1
26538,-9.11,0.1
26539,-7.24,0.1
26540,-6.31,0.1
26541,-7.61,0.1
26542,-6.86,0.1
26543,-7.98,0.1
26544,-6.62,0.1
26545,-8.16,0.1
26546,-7.82,0.1
26547,-8.62,0.1
26548,-7.33,0.1
26549,-6.75,0.1
26550,-7.93,0.1
26551,-8.54,0.1
26552,-8,0.1
26553,-7.98,0.1
26554,-6.6,0.1
26555,-7.43,0.1
26556,-7.87,0.1
26557,-8.01,0.1
26558,-8.15,0.1
26559,-7.94,0.1
26560,-8.05,0.1
26561,-7.68,0.1
26562,-8.67,0.1
26563,-7.71,0.1
26564,-7.53,0.1
26565,-8.91,0.1
26566,-8.63,0.1
26567,-7.65,0.1
26568,-8.25,0.1
26569,-7.71,0.1
26570,-7.7,0.1
26571,-8.36,0.1
26572,-8.65,0.1
26573,-8.5,0.1
26574,-7,0.1
26575,-8.8,0.1
26576,-8.12,0.1
26577,-8.33,0.1
26578,-8.3,0.1
26579,-7.92,0.1
26580,-7.94,0.1
26581,-7.82,0.1
26582,-6.41,0.1
26583,-6.87,0.1
26584,-7.32,0.1
26585,-6,0.1
26586,-7.35,0.1
26587,-6.94,0.1
26588,-6.76,0.1
26589,-6.66,0.1
26590,-5.65,0.1
26591,-7.32,0.1
26592,-7.25,0.1
26593,-6.46,0.1
26594,-8.11,0.1
26595,-7.76,0.1
26596,-8.36,0.1
26597,-7.72,0.1
26598,-7.21,0.1
26599,-7.95,0.1
26600,-8.33,0.1
26601,-6.8,0.1
26602,-7.55,0.1
26603,-7.86,0.1
26604,-8.36,0.1
26605,-8.3,0.1
26606,-6.3,0.1
26607,-7.44,0.1
26608,-6.07,0.1
26609,-5.56,0.1
26610,-6.73,0.1
26611,-7.93,0.1
26612,-5.91,0.1
26613,-7.53,0.1
26614,-6.26,0.1
26615,-7.41,0.1
26616,-5.63,0.1
26617,-5.75,0.1
26618,-7.11,0.1
26619,-8.47,0.1
26620,-8.12,0.1
26621,-9.02,0.1
26622,-7.93,0.1
26623,-8.25,0.1
26624,-7.67,0.1
26625,-7.72,0.1
26626,-6.94,0.1
26627,-8.56,0.1
26628,-6.22,0.1
26629,-6.97,0.1
26630,-6.84,0.1
26631,-7.89,0.1
26632,-8.46,0.1
26633,-8.36,0.1
26634,-8.08,0.1
26635,-7.18,0.1
26636,-7.1,0.1
26637,-7.6,0.1
26638,-7.23,0.1
26639,-7.12,0.1
26640,-7.08,0.1
26641,-7.62,0.1
26642,-7.43,0.1
26643,-7.76,0.1
26644,-7.36,0.1
26645,-7.06,0.1
26646,-6.58,0.1
26647,-6.36,0.1
26648,-7.73,0.1
26649,-6.72,0.1
26650,-6.97,0.1
26651,-7.21,0.1
26652,-6.38,0.1
26653,-4.85,0.1
26654,-5.7,0.1
26655,-5.98,0.1
26656,-6.37,0.1
26657,-6.49,0.1
26658,-6.95,0.1
26659,-7.09,0.1
26660,-7.44,0.1
26661,-6.6,0.1
26662,-6.46,0.1
26663,-7.3,0.1
26664,-6.46,0.1
26665,-7.17,0.1
26666,-7.85,0.1
26667,-7.03,0.1
26668,-6.82,0.1
26669,-6.58,0.1
26670,-6.66,0.1
26671,-6.71,0.1
26672,-6.98,0.1
26673,-6.27,0.1
26674,-6.59,0.1
26675,-6.26,0.1
26676,-6.86,0.1
26677,-6.2,0.1
26678,-7.34,0.1
26679,-7.55,0.1
26680,-6.33,0.1
26681,-7.11,0.1
26682,-6.82,0.1
26683,-7.36,0.1
26684,-6.7,0.1
26685,-5.99,0.1
26686,-6.72,0.1
26687,-6.45,0.1
26688,-7.9,0.1
26689,-6.93,0.1
26690,-6.73,0.1
26691,-6.86,0.1
26692,-6.03,0.1
26693,-6.29,0.1
26694,-6.9,0.1
26695,-7.43,0.1
26696,-5.9,0.1
26697,-7.6,0.1
26698,-7.71,0.1
26699,-6.35,0.1
26700,-7.3,0.1
26701,-7.49,0.1
26702,-7.63,0.1
26703,-5.97,0.1
26704,-6.71,0.1
26705,-6.61,0.1
26706,-7.13,0.1
26707,-6.65,0.1
26708,-7.01,0.1
26709,-7.7,0.1
26710,-7.45,0.1
26711,-6.63,0.1
26712,-5.79,0.1
26713,-6.71,0.1
26714,-6.72,0.1
26715,-6.92,0.1
26716,-7.42,0.1
26717,-6.93,0.1
26718,-5.62,0.1
26719,-6.48,0.1
26720,-6.69,0.1
26721,-5.9,0.1
26722,-5.98,0.1
26723,-6.17,0.1
26724,-6.74,0.1
26725,-6.43,0.1
26726,-7.21,0.1
26727,-6.15,0.1
26728,-6.58,0.1
26729,-6.04,0.1
26730,-6.86,0.1
26731,-6.11,0.1
26732,-6.25,0.1
26733,-5.96,0.1
26734,-6.72,0.1
26735,-7.1,0.1
26736,-6.95,0.1
26737,-6.25,0.1
26738,-6.46,0.1
26739,-7.47,0.1
26740,-6.75,0.1
26741,-7.26,0.1
26742,-7.18,0.1
26743,-6.42,0.1
26744,-6.39,0.1
26745,-6.31,0.1
26746,-4.42,0.1
26747,-6.31,0.1
26748,-6.11,0.1
26749,-6.26,0.1
26750,-5.21,0.1
26751,-5.19,0.1
26752,-5.41,0.1
26753,-6.08,0.1
26754,-6.08,0.1
26755,-5.05,0.1
26756,-6.02,0.1
26757,-5.68,0.1
26758,-4.26,0.1
26759,-4.61,0.1
26760,-5.85,0.1
26761,-4.87,0.1
26762,-4.71,0.1
26763,-5.88,0.1
26764,-5.82,0.1
26765,-5.59,0.1
26766,-5.79,0.1
26767,-5.89,0.1
26768,-6.24,0.1
26769,-5.78,0.1
26770,-5.05,0.1
26771,-6.18,0.1
26772,-6.41,0.1
26773,-5.21,0.1
26774,-5.1,0.1
26775,-4.94,0.1
26776,-4.44,0.1
26777,-5.05,0.1
26778,-5.1,0.1
26779,-5.61,0.1
26780,-5.2,0.1
26781,-5.76,0.1
26782,-6.25,0.1
26783,-5.48,0.1
26784,-5.2,0.1
26785,-5.7,0.1
26786,-5.35,0.1
26787,-5.9,0.1
26788,-5.48,0.1
26789,-5.72,0.1
26790,-5.08,0.1
26791,-5.61,0.1
26792,-4.98,0.1
26793,-5.35,0.1
26794,-5.93,0.1
26795,-6.34,0.1
26796,-5.45,0.1
26797,-4.69,0.1
26798,-4.49,0.1
26799,-5.72,0.1
26800,-5.85,0.1
26801,-5.31,0.1
26802,-6.14,0.1
26803,-5.34,0.1
26804,-4.94,0.1
26805,-5.33,0.1
26806,-5.6,0.1
26807,-3.64,0.1
26808,-5.11,0.1
26809,-4.76,0.1
26810,-4.75,0.1
26811,-5.03,0.1
26812,-4.43,0.1
26813,-4.26,0.1
26814,-3.35,0.1
26815,-3.43,0.1
26816,-3.96,0.1
26817,-3.87,0.1
26818,-3.53,0.1
26819,-3.49,0.1
26820,-3.64,0.1
26821,-3.45,0.1
26822,-3.39,0.1
26823,-3.42,0.1
26824,-3.18,0.1
26825,-2.64,0.1
26826,-2.21,0.1
26827,-3.21,0.1
26828,-3.16,0.1
26829,-2.17,0.1
26830,-2.84,0.1
26831,-3.05,0.1
26832,-2.95,0.1
26833,-2.61,0.1
26834,-2.39,0.1
26835,-2.75,0.1
26836,-2.86,0.1
26837,-2.51,0.1
26838,-2.83,0.1
26839,-2.95,0.1
26840,-3.03,0.1
26841,-2.73,0.1
26842,-2.92,0.1
26843,-2.86,0.1
26844,-2.74,0.1
26845,-2.65,0.1
26846,-2.83,0.1
26847,-2.98,0.1
26848,-2.88,0.1
26849,-3.05,0.1
26850,-2.48,0.1
26851,-2.42,0.1
26852,-2.26,0.1
26853,-2.46,0.1
26854,-2.74,0.1
26855,-2.88,0.1
26856,-2.75,0.1
26857,-2.64,0.1
26858,-2.46,0.1
26859,-2.24,0.1
26860,-2.43,0.1
26861,-2.26,0.1
26862,-2.59,0.1
26863,-2.54,0.1
26864,-1.49,0.1
26865,-1.79,0.1
26866,-2.58,0.1
26867,-2.69,0.1
26868,-2.52,0.1
26869,-2.87,0.1
26870,-2.95,0.1
26871,-3.38,0.1
26872,-3.5,0.1
26873,-3.45,0.1
26874,-3.17,0.1
26875,-2.91,0.1
26876,-2.68,0.1
26877,-3,0.1
26878,-3.01,0.1
26879,-3.06,0.1
26880,-3.12,0.1
26881,-3.08,0.1
26882,-2.85,0.1
26883,-2.16,0.1
26884,-1.7,0.1
26885,-1.9,0.1
26886,-2.71,0.1
26887,-3.06,0.1
26888,-3.13,0.1
26889,-3.11,0.1
26890,-3.08,0.1
26891,-3.03,0.1
26892,-2.95,0.1
26893,-3.02,0.1
26894,-3.09,0.1
26895,-2.79,0.1
26896,-1.4,0.1
26897,-1.19,0.1
26898,-1.91,0.1
26899,-0.35,0.1
26900,-0.94,0.1
26901,-1.03,0.1
26902,-0.98,0.1
26903,-0.59,0.1
26904,-0.66,0.1
26905,-0.8,0.1
26906,-0.94,0.1
26907,-0.65,0.1
26908,-1.1,0.1
26909,-1.03,0.1
26910,-1.01,0.1
26911,-1.36,0.1
26912,-1.22,0.1
26913,-0.83,0.1
26914,-1,0.1
26915,-0.93,0.1
26916,-1.22,0.1
26917,-1.22,0.1
26918,-1.23,0.1
26919,-1.49,0.1
26920,-1.2,0.1
26921,-0.41,0.1
26922,0.91,0.1
26923,0.43,0.1
26924,0.12,0.1
26925,-0.02,0.1
26926,-0.7,0.1
26927,-0.38,0.1
26928,-0.19,0.1
26929,-0.66,0.1
26930,-0.63,0.1
26931,-0.74,0.1
26932,-0.54,0.1
26933,-0.43,0.1
26934,-0.49,0.1
26935,-0.08,0.1
26936,-0.18,0.1
26937,-0.54,0.1
26938,-0.83,0.1
26939,-0.21,0.1
26940,0.12,0.1
26941,0.06,0.1
26942,0.2,0.1
26943,0.64,0.1
26944,0.52,0.1
26945,0.38,0.1
26946,0.51,0.1
26947,0.46,0.1
26948,0.19,0.1
26949,0.29,0.1
26950,0.52,0.1
26951,0.2,0.1
26952,-0.24,0.1
26953,-0.15,0.1
26954,-0.34,0.1
26955,-0.27,0.1
26956,-0.33,0.1
26957,-0.08,0.1
26958,0.29,0.1
26959,-0.02,0.1
26960,-0.34,0.1
26961,-0.18,0.1
26962,0.53,0.1
26963,0.76,0.1
26964,0.35,0.1
26965,0.29,0.1
26966,-0.41,0.1
26967,-0.24,0.1
26968,-0.44,0.1
26969,-0.54,0.1
26970,-0.24,0.1
26971,0.2,0.1
26972,0.47,0.1
26973,0.7,0.1
26974,0.5,0.1
26975,-0.05,0.1
26976,0.5,0.1
26977,0.17,0.1
26978,0.28,0.1
26979,-0.32,0.1
26980,-0.63,0.1
26981,-0.81,0.1
26982,-0.82,0.1
26983,-1.05,0.1
26984,-1.3,0.1
26985,-1.51,0.1
26986,-0.96,0.1
26987,-1.03,0.1
26988,-1.02,0.1
26989,-0.86,0.1
26990,-0.84,0.1
26991,-0.9,0.1
26992,-0.7,0.1
26993,-0.57,0.1
26994,-0.2,0.1
26995,-0.43,0.1
26996,-0.51,0.1
26997,0.44,0.1
26998,0.32,0.1
26999,-1.06,0.1
27000,-0.83,0.1
27001,-0.89,0.1
27002,-0.89,0.1
27003,-1.24,0.1
27004,-1.36,0.1
27005,-1.14,0.1
27006,0.6,0.1
27007,1.06,0.1
27008,-0.57,0.1
27009,-1.4,0.1
27010,-1.14,0.1
27011,-0.81,0.1
27012,-0.53,0.1
27013,-1.06,0.1
27014,-1.32,0.1
27015,-1.07,0.1
27016,-1.04,0.1
27017,-1.6,0.1
27018,-1.57,0.1
27019,-1.52,0.1
27020,-1.18,0.1
27021,-0.9,0.1
27022,-0.99,0.1
27023,-0.84,0.1
27024,-0.68,0.1
27025,-1.03,0.1
27026,-1.1,0.1
27027,-1.5,0.1
27028,-1.34,0.1
27029,-0.72,0.1
27030,0.15,0.1
27031,0.17,0.1
27032,0.45,0.1
27033,0.38,0.1
27034,0.11,0.1
27035,-0.37,0.1
27036,-0.78,0.1
27037,-0.66,0.1
27038,-1.05,0.1
27039,-0.68,0.1
27040,-1.08,0.1
27041,-0.79,0.1
27042,-0.31,0.1
27043,-0.05,0.1
27044,-0.92,0.1
27045,-1.28,0.1
27046,-1.01,0.1
27047,-1.26,0.1
27048,-0.79,0.1
27049,0.24,0.1
27050,-1.45,0.1
27051,-1.43,0.1
27052,-0.66,0.1
27053,-0.68,0.1
27054,-1.76,0.1
27055,-1.21,0.1
27056,-1.4,0.1
27057,-1.56,0.1
27058,-0.76,0.1
27059,-1.32,0.1
27060,-1.02,0.1
27061,-0.23,0.1
27062,-0.86,0.1
27063,-1.24,0.1
27064,-1.6,0.1
27065,-1.58,0.1
27066,-2.07,0.1
27067,-1.63,0.1
27068,-1.26,0.1
27069,-1.8,0.1
27070,-1.91,0.1
27071,-2.42,0.1
27072,-2.12,0.1
27073,-2.52,0.1
27074,-2.68,0.1
27075,-2.64,0.1
27076,-2.77,0.1
27077,-2.89,0.1
27078,-2.96,0.1
27079,-2.71,0.1
27080,-2.68,0.1
27081,-2.35,0.1
27082,-2.4,0.1
27083,-2.39,0.1
27084,-2.06,0.1
27085,-2.07,0.1
27086,-2.26,0.1
27087,-2.23,0.1
27088,-2.2,0.1
27089,-2.05,0.1
27090,-1.48,0.1
27091,-1.5,0.1
27092,-1.85,0.1
27093,-2.4,0.1
27094,-2.62,0.1
27095,-2.83,0.1
27096,-2.99,0.1
27097,-2.84,0.1
27098,-2.32,0.1
27099,-2.3,0.1
27100,-2.45,0.1
27101,-2.48,0.1
27102,-2.6,0.1
27103,-2.77,0.1
27104,-2.22,0.1
27105,-1.61,0.1
27106,-1.44,0.1
27107,-1.46,0.1
27108,-1.85,0.1
27109,-1.38,0.1
27110,-2.59,0.1
27111,-2.29,0.1
27112,-1.07,0.1
27113,-1.61,0.1
27114,-2.14,0.1
27115,-1.26,0.1
27116,-2.59,0.1
27117,-2.65,0.1
27118,-2.46,0.1
27119,-2.45,0.1
27120,-2.46,0.1
27121,-2.59,0.1
27122,-2.48,0.1
27123,-2.52,0.1
27124,-2.58,0.1
27125,-2.34,0.1
27126,-2.26,0.1
27127,-2.18,0.1
27128,-2.08,0.1
27129,-1.67,0.1
27130,-1.04,0.1
27131,-2.09,0.1
27132,-1.08,0.1
27133,0.09,0.1
27134,-0.56,0.1
27135,-1.4,0.1
27136,-1.57,0.1
27137,-1.58,0.1
27138,-1.88,0.1
27139,-2.09,0.1
27140,-2.38,0.1
27141,-2.24,0.1
27142,-1.82,0.1
27143,-1.87,0.1
27144,-1.75,0.1
27145,-2.14,0.1
27146,-2.27,0.1
27147,-2.08,0.1
27148,-0.77,0.1
27149,-0.35,0.1
27150,0.17,0.1
27151,-0.37,0.1
27152,-0.16,0.1
27153,0.2,0.1
27154,0.89,0.1
27155,1.41,0.1
27156,1.38,0.1
27157,0.84,0.1
27158,0.19,0.1
27159,0.02,0.1
27160,0.09,0.1
27161,0.04,0.1
27162,-0.35,0.1
27163,-0.2,0.1
27164,0.2,0.1
27165,-0.23,0.1
27166,1.6,0.1
27167,0.58,0.1
27168,0.42,0.1
27169,0.36,0.1
27170,0.17,0.1
27171,0.67,0.1
27172,0.56,0.1
27173,0.36,0.1
27174,-0.19,0.1
27175,-0.74,0.1
27176,-0.77,0.1
27177,-0.52,0.1
27178,-0.24,0.1
27179,-0.29,0.1
27180,0.13,0.1
27181,0.66,0.1
27182,0.63,0.1
27183,0.1,0.1
27184,-0.18,0.1
27185,-0.27,0.1
27186,-0.48,0.1
27187,-0.44,0.1
27188,-0.17,0.1
27189,-0.06,0.1
27190,0.15,0.1
27191,0.39,0.1
27192,0.18,0.1
27193,-0.32,0.1
27194,0.07,0.1
27195,0.74,0.1
27196,0.17,0.1
27197,0.16,0.1
27198,0.14,0.1
27199,-0.13,0.1
27200,-0.17,0.1
27201,-0.16,0.1
27202,-0.39,0.1
27203,-0.32,0.1
27204,0.07,0.1
27205,0.51,0.1
27206,0.97,0.1
27207,0.79,0.1
27208,0.34,0.1
27209,0.1,0.1
27210,0.74,0.1
27211,0.37,0.1
27212,0.17,0.1
27213,-0.65,0.1
27214,-0.57,0.1
27215,-0.56,0.1
27216,-0.59,0.1
27217,-0.47,0.1
27218,-1.1,0.1
27219,-0.85,0.1
27220,-0.93,0.1
27221,-1.02,0.1
27222,-1.12,0.1
27223,-0.8,0.1
27224,-1.05,0.1
27225,-0.46,0.1
27226,-0.45,0.1
27227,-0.63,0.1
27228,-0.09,0.1
27229,-0.43,0.1
27230,-0.45,0.1
27231,0.64,0.1
27232,0.1,0.1
27233,-0.74,0.1
27234,-0.61,0.1
27235,-0.73,0.1
27236,-0.88,0.1
27237,-1.1,0.1
27238,-1.21,0.1
27239,-1.13,0.1
27240,0.7,0.1
27241,0.75,0.1
27242,-0.92,0.1
27243,-0.94,0.1
27244,-0.61,0.1
27245,-0.45,0.1
27246,-0.86,0.1
27247,-1.17,0.1
27248,-1.06,0.1
27249,0.07,0.1
27250,0.1,0.1
27251,1.09,0.1
27252,2,0.1
27253,1.96,0.1
27254,1.04,0.1
27255,0.38,0.1
27256,-0.02,0.1
27257,-0.25,0.1
27258,-0.19,0.1
27259,-0.3,0.1
27260,-0.08,0.1
27261,0.04,0.1
27262,-0.38,0.1
27263,-0.32,0.1
27264,0.31,0.1
27265,0.45,0.1
27266,1.04,0.1
27267,1.65,0.1
27268,1.14,0.1
27269,0.35,0.1
27270,0.15,0.1
27271,0.19,0.1
27272,0.61,0.1
27273,0.85,0.1
27274,0.41,0.1
27275,-0.11,0.1
27276,-0.18,0.1
27277,-0.37,0.1
27278,-0.19,0.1
27279,-0.53,0.1
27280,-0.47,0.1
27281,-0.16,0.1
27282,0.13,0.1
27283,0.09,0.1
27284,-0.05,0.1
27285,-0.25,0.1
27286,-0.46,0.1
27287,-0.38,0.1
27288,-0.53,0.1
27289,-0.79,0.1
27290,-0.62,0.1
27291,0.22,0.1
27292,0.53,0.1
27293,0.28,0.1
27294,-0.24,0.1
27295,-0.18,0.1
27296,-0.13,0.1
27297,-0.02,0.1
27298,-0.09,0.1
27299,-0.23,0.1
27300,-0.15,0.1
27301,-0.31,0.1
27302,-0.35,0.1
27303,-0.19,0.1
27304,0.03,0.1
27305,-0.22,0.1
27306,0.04,0.1
27307,-0.11,0.1
27308,0.07,0.1
27309,-0.5,0.1
27310,-0.26,0.1
27311,0.12,0.1
27312,0.17,0.1
27313,-0.24,0.1
27314,-0.28,0.1
27315,-0.7,0.1
27316,-0.55,0.1
27317,-0.5,0.1
27318,-0.41,0.1
27319,-0.22,0.1
27320,0.12,0.1
27321,0.29,0.1
27322,0.77,0.1
27323,1.06,0.1
27324,0.91,0.1
27325,1.26,0.1
27326,1.08,0.1
27327,0.58,0.1
27328,0.4,0.1
27329,0.9,0.1
27330,1.08,0.1
27331,0.98,0.1
27332,1.56,0.1
27333,2.15,0.1
27334,1.65,0.1
27335,1.48,0.1
27336,1.66,0.1
27337,0.41,0.1
27338,0.62,0.1
27339,1.38,0.1
27340,1.61,0.1
27341,1.39,0.1
27342,1.54,0.1
27343,1.42,0.1
27344,0.88,0.1
27345,0.79,0.1
27346,0.69,0.1
27347,0.65,0.1
27348,0.73,0.1
27349,1.25,0.1
27350,1.16,0.1
27351,0.8,0.1
27352,0.91,0.1
27353,1.06,0.1
27354,1.18,0.1
27355,1.46,0.1
27356,1.59,0.1
27357,1.5,0.1
27358,1.16,0.1
27359,1.32,0.1
27360,0.76,0.1
27361,0.67,0.1
27362,1.1,0.1
27363,0.87,0.1
27364,0.66,0.1
27365,0.74,0.1
27366,0.77,0.1
27367,1.18,0.1
27368,1.9,0.1
27369,2.04,0.1
27370,1.55,0.1
27371,1.17,0.1
27372,1.19,0.1
27373,0.86,0.1
27374,0.57,0.1
27375,0.39,0.1
27376,0.42,0.1
27377,1.28,0.1
27378,1.04,0.1
27379,0.87,0.1
27380,0.88,0.1
27381,0.87,0.1
27382,1,0.1
27383,1.13,0.1
27384,1.26,0.1
27385,1.23,0.1
27386,0.96,0.1
27387,0.99,0.1
27388,0.89,0.1
27389,1.16,0.1
27390,1.85,0.1
27391,2.02,0.1
27392,1.36,0.1
27393,1.24,0.1
27394,0.93,0.1
27395,1.02,0.1
27396,1.08,0.1
27397,0.86,0.1
27398,0.93,0.1
27399,2.16,0.1
27400,1.91,0.1
27401,1.33,0.1
27402,1.75,0.1
27403,2.24,0.1
27404,2.28,0.1
27405,2.27,0.1
27406,2.15,0.1
27407,2.19,0.1
27408,2.37,0.1
27409,2.07,0.1
27410,2.31,0.1
27411,1.13,0.1
27412,0.8,0.1
27413,0.52,0.1
27414,0.78,0.1
27415,1.35,0.1
27416,0.99,0.1
27417,1.14,0.1
27418,1.26,0.1
27419,0.72,0.1
27420,0.77,0.1
27421,0.68,0.1
27422,0.12,0.1
27423,0.32,0.1
27424,0.25,0.1
27425,0.19,0.1
27426,0.23,0.1
27427,0.37,0.1
27428,0.45,0.1
27429,0.44,0.1
27430,0.45,0.1
27431,0.51,0.1
27432,0.9,0.1
27433,1.16,0.1
27434,0.33,0.1
27435,0.94,0.1
27436,1.4,0.1
27437,1.8,0.1
27438,2.04,0.1
27439,1.04,0.1
27440,0.45,0.1
27441,0.75,0.1
27442,1.07,0.1
27443,1.21,0.1
27444,1.24,0.1
27445,1.35,0.1
27446,1.18,0.1
27447,1.71,0.1
27448,0.92,0.1
27449,1.07,0.1
27450,0.79,0.1
27451,0.65,0.1
27452,0.79,0.1
27453,1.34,0.1
27454,1.06,0.1
27455,0.73,0.1
27456,1.21,0.1
27457,1.41,0.1
27458,-1.05,0.1
27459,-0.57,0.1
27460,0.41,0.1
27461,0.06,0.1
27462,-0.67,0.1
27463,-0.95,0.1
27464,-0.86,0.1
27465,-0.83,0.1
27466,-0.91,0.1
27467,-0.81,0.1
27468,-0.76,0.1
27469,-0.76,0.1
27470,-0.8,0.1
27471,-0.68,0.1
27472,-0.68,0.1
27473,-0.79,0.1
27474,-0.81,0.1
27475,-0.85,0.1
27476,-0.79,0.1
27477,-0.07,0.1
27478,-0.9,0.1
27479,-0.61,0.1
27480,-0.57,0.1
27481,-1.23,0.1
27482,-0.8,0.1
27483,-1.08,0.1
27484,-1.08,0.1
27485,-1.06,0.1
27486,-0.8,0.1
27487,-0.91,0.1
27488,-0.75,0.1
27489,-0.43,0.1
27490,-0.39,0.1
27491,-0.58,0.1
27492,-0.52,0.1
27493,-0.51,0.1
27494,-0.56,0.1
27495,-1.08,0.1
27496,-1.08,0.1
27497,-1.21,0.1
27498,-0.84,0.1
27499,-0.88,0.1
27500,-0.42,0.1
27501,-0.34,0.1
27502,-0.56,0.1
27503,-0.7,0.1
27504,-0.82,0.1
27505,-0.54,0.1
27506,-0.42,0.1
27507,-0.91,0.1
27508,-0.76,0.1
27509,-0.24,0.1
27510,-0.49,0.1
27511,-0.63,0.1
27512,-0.6,0.1
27513,-0.54,0.1
27514,-0.62,0.1
27515,-0.71,0.1
27516,-0.5,0.1
27517,-0.44,0.1
27518,-0.5,0.1
27519,-0.62,0.1
27520,-0.56,0.1
27521,-0.42,0.1
27522,-0.94,0.1
27523,-0.68,0.1
27524,-0.48,0.1
27525,-0.36,0.1
27526,-0.5,0.1
27527,-0.17,0.1
27528,-0.1,0.1
27529,-0.09,0.1
27530,-0.19,0.1
27531,-0.5,0.1
27532,-0.98,0.1
27533,-0.75,0.1
27534,-0.49,0.1
27535,-0.58,0.1
27536,-0.61,0.1
27537,-0.59,0.1
27538,-0.77,0.1
27539,-0.82,0.1
27540,-0.83,0.1
27541,-0.97,0.1
27542,-1.75,0.1
27543,-1.31,0.1
27544,-1.01,0.1
27545,-0.9,0.1
27546,-1.28,0.1
27547,-1.11,0.1
27548,-0.91,0.1
27549,-0.98,0.1
27550,-0.93,0.1
27551,-0.24,0.1
27552,-1.22,0.1
27553,-0.93,0.1
27554,-0.94,0.1
27555,-1.16,0.1
27556,-0.75,0.1
27557,-0.79,0.1
27558,-1.06,0.1
27559,-0.92,0.1
27560,-0.88,0.1
27561,-0.43,0.1
27562,-0.65,0.1
27563,-0.5,0.1
27564,-0.56,0.1
27565,-1.25,0.1
27566,-1.15,0.1
27567,-0.76,0.1
27568,-0.27,0.1
27569,-0.67,0.1
27570,-0.6,0.1
27571,-0.04,0.1
27572,-0.06,0.1
27573,0.19,0.1
27574,-0.02,0.1
27575,-0.45,0.1
27576,-0.79,0.1
27577,-0.54,0.1
27578,0.69,0.1
27579,-0.1,0.1
27580,-0.49,0.1
27581,-0.78,0.1
27582,-0.69,0.1
27583,-0.36,0.1
27584,0.39,0.1
27585,0.14,0.1
27586,0.04,0.1
27587,0.25,0.1
27588,0.02,0.1
27589,-0.19,0.1
27590,-0.32,0.1
27591,-0.12,0.1
27592,0.31,0.1
27593,0.08,0.1
27594,-0.1,0.1
27595,0.35,0.1
27596,1.67,0.1
27597,1.68,0.1
27598,1.63,0.1
27599,1.61,0.1
27600,0.87,0.1
27601,0.54,0.1
27602,1.49,0.1
27603,0.82,0.1
27604,0.81,0.1
27605,0.72,0.1
27606,0.52,0.1
27607,0.22,0.1
27608,0.12,0.1
27609,0.4,0.1
27610,0.56,0.1
27611,0.79,0.1
27612,0.58,0.1
27613,0.38,0.1
27614,0.28,0.1
27615,0.95,0.1
27616,1.12,0.1
27617,0.51,0.1
27618,0.4,0.1
27619,0.06,0.1
27620,0.45,0.1
27621,0.31,0.1
27622,0.44,0.1
27623,1.21,0.1
27624,1.18,0.1
27625,2.03,0.1
27626,1.25,0.1
27627,0.99,0.1
27628,0.98,0.1
27629,0.7,0.1
27630,0.88,0.1
27631,0.62,0.1
27632,1.15,0.1
27633,0.53,0.1
27634,0.38,0.1
27635,1.05,0.1
27636,0.95,0.1
27637,1.04,0.1
27638,1.4,0.1
27639,0.71,0.1
27640,0.08,0.1
27641,0.9,0.1
27642,0.88,0.1
27643,0.78,0.1
27644,0.72,0.1
27645,1.03,0.1
27646,0.52,0.1
27647,0.61,0.1
27648,0.82,0.1
27649,0.23,0.1
27650,0.51,0.1
27651,0.75,0.1
27652,1.01,0.1
27653,0.75,0.1
27654,0.23,0.1
27655,0.33,0.1
27656,0.54,0.1
27657,0.5,0.1
27658,1.01,0.1
27659,0.99,0.1
27660,0.73,0.1
27661,0.77,0.1
27662,0.73,0.1
27663,0.62,0.1
27664,-0.21,0.1
27665,0.74,0.1
27666,0.28,0.1
27667,0.43,0.1
27668,0.57,0.1
27669,0.53,0.1
27670,0.56,0.1
27671,0.36,0.1
27672,0.45,0.1
27673,0.84,0.1
27674,0.6,0.1
27675,1.36,0.1
27676,1.19,0.1
27677,0.86,0.1
27678,0.85,0.1
27679,0.88,0.1
27680,0.91,0.1
27681,0.94,0.1
27682,0.76,0.1
27683,0.63,0.1
27684,0.64,0.1
27685,0.52,0.1
27686,0.45,0.1
27687,0.47,0.1
27688,0.25,0.1
27689,0.14,0.1
27690,-0.28,0.1
27691,0.17,0.1
27692,0.99,0.1
27693,1.02,0.1
27694,0.88,0.1
27695,0.88,0.1
27696,0.85,0.1
27697,0.7,0.1
27698,0.8,0.1
27699,0.88,0.1
27701,0.76,0.1
27702,0.76,0.1
27703,1.15,0.1
27704,1.77,0.1
27705,2,0.1
27706,2.29,0.1
27707,2.49,0.1
27708,2.53,0.1
27709,2.69,0.1
27710,3.01,0.1
27711,3.06,0.1
27712,2.98,0.1
27713,2.63,0.1
27714,2.84,0.1
27715,2.98,0.1
27716,3.11,0.1
27717,3.47,0.1
27718,4.02,0.1
27719,3.82,0.1
27720,3.39,0.1
27721,3.38,0.1
27722,3.2,0.1
27723,3.17,0.1
27724,3.77,0.1
27725,2.8,0.1
27726,2.85,0.1
27727,2.87,0.1
27728,2.54,0.1
27729,2.5,0.1
27730,2.56,0.1
27731,2.5,0.1
27732,2.46,0.1
27733,2.35,0.1
27734,2.7,0.1
27735,3.15,0.1
27736,3.26,0.1
27737,3.33,0.1
27738,3.27,0.1
27739,3.21,0.1
27740,3.28,0.1
27741,3.32,0.1
27742,2.83,0.1
27743,2.4,0.1
27744,2.02,0.1
27745,2.08,0.1
27746,1.66,0.1
27747,1.23,0.1
27748,1.29,0.1
27749,1.8,0.1
27750,2.26,0.1
27751,2.42,0.1
27752,2.55,0.1
27753,2.49,0.1
27754,2.37,0.1
27755,2.23,0.1
27756,1.89,0.1
27757,1.61,0.1
27758,1.27,0.1
27759,1.69,0.1
27760,1.67,0.1
27761,1.67,0.1
27762,1.51,0.1
27763,2.06,0.1
27764,2.37,0.1
27765,2.11,0.1
27766,2.12,0.1
27767,2.31,0.1
27768,0.81,0.1
27769,1.12,0.1
27770,1.73,0.1
27771,1.29,0.1
27772,1.22,0.1
27773,1.97,0.1
27774,1.7,0.1
27775,1.75,0.1
27776,1.65,0.1
27777,1.52,0.1
27778,1.31,0.1
27779,1.19,0.1
27780,1.35,0.1
27781,1.52,0.1
27782,1.38,0.1
27783,0.99,0.1
27784,1.17,0.1
27785,1.13,0.1
27786,1.05,0.1
27787,0.73,0.1
27788,0.92,0.1
27789,0.95,0.1
27790,1.11,0.1
27791,1.14,0.1
27792,0.97,0.1
27793,1.38,0.1
27794,1.32,0.1
27795,1.75,0.1
27796,1.27,0.1
27797,1.48,0.1
27798,1.78,0.1
27799,1.9,0.1
27800,1.6,0.1
27801,1.83,0.1
27802,1.73,0.1
27803,1.88,0.1
27804,2.12,0.1
27805,1.32,0.1
27806,1.16,0.1
27807,1.11,0.1
27808,1.27,0.1
27809,0.89,0.1
27810,1.25,0.1
27811,1.16,0.1
27812,1.11,0.1
27813,1.15,0.1
27814,1.15,0.1
27815,1.08,0.1
27816,1.13,0.1
27817,1.26,0.1
27818,1.05,0.1
27819,1.17,0.1
27820,1.33,0.1
27821,1.04,0.1
27822,0.72,0.1
27823,1.02,0.1
27824,1.2,0.1
27825,1.32,0.1
27826,1.67,0.1
27827,1.99,0.1
27828,2,0.1
27829,1.68,0.1
27830,1.84,0.1
27831,2,0.1
27832,1.95,0.1
27833,1.94,0.1
27834,1.75,0.1
27835,1.72,0.1
27836,2.08,0.1
27837,2.32,0.1
27838,2.36,0.1
27839,2.23,0.1
27840,1.95,0.1
27841,1.94,0.1
27842,2.46,0.1
27843,2.14,0.1
27844,1.75,0.1
27845,1.72,0.1
27846,1.92,0.1
27847,2.03,0.1
27848,1.92,0.1
27849,1.85,0.1
27850,1.87,0.1
27851,1.96,0.1
27852,1.65,0.1
27853,1.71,0.1
27854,1.72,0.1
27855,1.67,0.1
27856,1.67,0.1
27857,2.05,0.1
27858,2.09,0.1
27859,1.95,0.1
27860,1.65,0.1
27861,1.55,0.1
27862,1.48,0.1
27863,1.4,0.1
27864,1.61,0.1
27865,1.83,0.1
27866,1.46,0.1
27867,1.95,0.1
27868,2.08,0.1
27869,1.32,0.1
27870,1.37,0.1
27871,1.35,0.1
27872,1.69,0.1
27873,1.9,0.1
27874,2.1,0.1
27875,2.18,0.1
27876,1.94,0.1
27877,1.88,0.1
27878,2.12,0.1
27879,2.59,0.1
27880,2.55,0.1
27881,2.56,0.1
27882,2.72,0.1
27883,2.78,0.1
27884,2.36,0.1
27885,1.96,0.1
27886,1.59,0.1
27887,1.5,0.1
27888,1.59,0.1
27889,1.47,0.1
27890,1.34,0.1
27891,1.57,0.1
27892,2.18,0.1
27893,2.07,0.1
27894,1.42,0.1
27895,1.3,0.1
27896,1.77,0.1
27897,2.58,0.1
27898,2.44,0.1
27899,2.23,0.1
27900,1.95,0.1
27901,1.43,0.1
27902,1.09,0.1
27903,1.27,0.1
27904,0.91,0.1
27905,0.86,0.1
27906,0.76,0.1
27907,0.79,0.1
27908,1.55,0.1
27909,1.2,0.1
27910,0.93,0.1
27911,1.25,0.1
27912,1.34,0.1
27913,1.22,0.1
27914,0.88,0.1
27915,1.43,0.1
27916,2.39,0.1
27917,1.38,0.1
27918,0.8,0.1
27919,1.04,0.1
27920,1,0.1
27921,1.19,0.1
27922,2.39,0.1
27923,3.06,0.1
27924,1.98,0.1
27925,1.71,0.1
27926,1.13,0.1
27927,1.3,0.1
27928,1.15,0.1
27929,1.93,0.1
27930,2.3,0.1
27931,1.04,0.1
27932,1.08,0.1
27933,1.12,0.1
27934,0.9,0.1
27935,1.19,0.1
27936,1.24,0.1
27937,1.46,0.1
27938,1.44,0.1
27939,1.32,0.1
27940,1.33,0.1
27941,1.46,0.1
27942,0.86,0.1
27943,0.59,0.1
27944,0.63,0.1
27945,0.72,0.1
27946,1,0.1
27947,1.01,0.1
27948,0.58,0.1
27949,0.81,0.1
27950,0.96,0.1
27951,1.05,0.1
27952,1.26,0.1
27953,1.63,0.1
27954,1.76,0.1
27955,1.79,0.1
27956,1.98,0.1
27957,1.94,0.1
27958,1.89,0.1
27959,1.76,0.1
27960,1.55,0.1
27961,1.49,0.1
27962,1.59,0.1
27963,1.4,0.1
27964,1.41,0.1
27965,1.21,0.1
27966,1.25,0.1
27967,1.32,0.1
27968,0.66,0.1
27969,0.88,0.1
27970,1.4,0.1
27971,1.43,0.1
27972,0.57,0.1
27973,1.64,0.1
27974,1.4,0.1
27975,1.51,0.1
27976,1.78,0.1
27977,1.9,0.1
27978,1.76,0.1
27979,1.45,0.1
27980,1.3,0.1
27981,1.34,0.1
27982,1.49,0.1
27983,1.5,0.1
27984,1.62,0.1
27985,1.57,0.1
27986,1.27,0.1
27987,1.18,0.1
27988,1.26,0.1
27989,1.52,0.1
27990,1.61,0.1
27991,1.52,0.1
27992,1.18,0.1
27993,1.23,0.1
27994,1.73,0.1
27995,1.92,0.1
27996,1.84,0.1
27997,1.66,0.1
27998,1.96,0.1
27999,2.25,0.1
28000,2.46,0.1
28001,2.17,0.1
28002,2.06,0.1
28003,1.84,0.1
28004,1.67,0.1
28005,1.69,0.1
28006,1.79,0.1
28007,1.49,0.1
28008,1.36,0.1
28009,0.91,0.1
28010,0.84,0.1
28011,1.01,0.1
28012,1.35,0.1
28013,1.53,0.1
28014,1.48,0.1
28015,1.22,0.1
28016,1.15,0.1
28017,1.71,0.1
28018,1.63,0.1
28019,2.28,0.1
28020,1.93,0.1
28021,1.16,0.1
28022,0.87,0.1
28023,1.21,0.1
28024,1.62,0.1
28025,1.64,0.1
28026,1.91,0.1
28027,1.85,0.1
28028,1.5,0.1
28029,1.31,0.1
28030,1.6,0.1
28031,1.56,0.1
28032,1.45,0.1
28033,1.34,0.1
28034,1.28,0.1
28035,1.37,0.1
28036,1.29,0.1
28037,1.12,0.1
28038,2,0.1
28039,2.29,0.1
28040,2.27,0.1
28041,2.06,0.1
28042,1.99,0.1
28043,1.98,0.1
28044,1.47,0.1
28045,1.27,0.1
28046,1.14,0.1
28047,1.53,0.1
28048,1.41,0.1
28049,1.55,0.1
28050,1.57,0.1
28051,1.88,0.1
28052,1.47,0.1
28053,1.16,0.1
28054,1.33,0.1
28055,1.27,0.1
28056,1.24,0.1
28057,1.24,0.1
28058,1.45,0.1
28059,1.85,0.1
28060,1.87,0.1
28061,1.08,0.1
28062,2.52,0.1
28063,1.87,0.1
28064,1.8,0.1
28065,1.29,0.1
28066,1.4,0.1
28067,1.41,0.1
28068,1.52,0.1
28069,1.39,0.1
28070,1.36,0.1
28071,1.31,0.1
28072,1.4,0.1
28073,1.36,0.1
28074,1.21,0.1
28075,1.41,0.1
28076,1.46,0.1
28077,1.5,0.1
28078,1.44,0.1
28079,1.16,0.1
28080,1.22,0.1
28081,1.02,0.1
28082,1.42,0.1
28083,1.19,0.1
28084,1.23,0.1
28085,1.49,0.1
28086,1.82,0.1
28087,1.95,0.1
28088,1.71,0.1
28089,2.03,0.1
28090,2.46,0.1
28091,2.43,0.1
28092,2.17,0.1
28093,1.88,0.1
28094,1.92,0.1
28095,1.87,0.1
28096,1.73,0.1
28097,1.62,0.1
28098,1.61,0.1
28099,1.59,0.1
28100,1.67,0.1
28101,1.81,0.1
28102,2.27,0.1
28103,2.18,0.1
28104,1.89,0.1
28105,1.79,0.1
28106,1.82,0.1
28107,1.78,0.1
28108,1.57,0.1
28109,1.82,0.1
28110,1.71,0.1
28111,1.81,0.1
28112,1.96,0.1
28113,2.02,0.1
28114,2.16,0.1
28115,1.6,0.1
28116,1.78,0.1
28117,1.62,0.1
28118,1.99,0.1
28119,1.62,0.1
28120,1.6,0.1
28121,1.43,0.1
28122,1.37,0.1
28123,1.59,0.1
28124,1.38,0.1
28125,1.34,0.1
28126,1.86,0.1
28127,1.86,0.1
28128,1.74,0.1
28129,1.38,0.1
28130,1.27,0.1
28131,1.18,0.1
28132,1.24,0.1
28133,1.08,0.1
28134,1.2,0.1
28135,1.22,0.1
28136,1.62,0.1
28137,1.6,0.1
28138,1.14,0.1
28139,0.93,0.1
28140,0.97,0.1
28141,1.15,0.1
28142,0.96,0.1
28143,1.15,0.1
28144,1.22,0.1
28145,1.11,0.1
28146,1.09,0.1
28147,1.2,0.1
28148,1.2,0.1
28149,1.21,0.1
28150,1.08,0.1
28151,0.74,0.1
28152,0.82,0.1
28153,0.84,0.1
28154,1.08,0.1
28155,1.21,0.1
28156,1,0.1
28157,1.01,0.1
28158,1.1,0.1
28159,1.29,0.1
28160,1.05,0.1
28161,0.92,0.1
28162,1.09,0.1
28163,1.29,0.1
28164,1.36,0.1
28165,0.98,0.1
28166,1.44,0.1
28167,1.3,0.1
28168,0.86,0.1
28169,1.2,0.1
28170,1.49,0.1
28171,1.22,0.1
28172,1.2,0.1
28173,1.23,0.1
28174,1.24,0.1
28175,1.2,0.1
28176,1.38,0.1
28177,1.47,0.1
28178,1.33,0.1
28179,1.04,0.1
28180,1.23,0.1
28181,1.27,0.1
28182,1.36,0.1
28183,0.95,0.1
28184,1.14,0.1
28185,1.17,0.1
28186,0.78,0.1
28187,1.44,0.1
28188,0.96,0.1
28189,1.17,0.1
28190,1.28,0.1
28191,0.92,0.1
28192,1.15,0.1
28193,1.58,0.1
28194,1.57,0.1
28195,1.34,0.1
28196,1.57,0.1
28197,1.72,0.1
28198,2.23,0.1
28199,1.58,0.1
28200,1.14,0.1
28201,1.37,0.1
28202,1.53,0.1
28203,1.43,0.1
28204,1.75,0.1
28205,1.41,0.1
28206,1.27,0.1
28207,1.41,0.1
28208,1.85,0.1
28209,2.02,0.1
28210,1.91,0.1
28211,1.63,0.1
28212,1.55,0.1
28213,1.29,0.1
28214,0.78,0.1
28215,1.02,0.1
28216,0.93,0.1
28217,1.02,0.1
28218,0.71,0.1
28219,0.91,0.1
28220,1.05,0.1
28221,0.82,0.1
28222,0.96,0.1
28223,0.91,0.1
28224,0.6,0.1
28225,0.69,0.1
28226,1.65,0.1
28227,1.2,0.1
28228,1.02,0.1
28229,1.08,0.1
28230,1.37,0.1
28231,0.8,0.1
28232,0.44,0.1
28233,1.32,0.1
28234,1.26,0.1
28235,1.14,0.1
28236,1.68,0.1
28237,1.57,0.1
28238,1.36,0.1
28239,1.3,0.1
28240,1.44,0.1
28241,1.14,0.1
28242,1.19,0.1
28243,1.58,0.1
28244,1.19,0.1
28245,1.03,0.1
28246,1.38,0.1
28247,1.14,0.1
28248,1.66,0.1
28249,1,0.1
28250,1.47,0.1
28251,1.58,0.1
28252,2.23,0.1
28253,1.6,0.1
28254,1.04,0.1
28255,1.01,0.1
28256,0.8,0.1
28257,1.31,0.1
28258,1.01,0.1
28259,0.56,0.1
28260,1.19,0.1
28261,1.56,0.1
28262,1.24,0.1
28263,1.1,0.1
28264,0.84,0.1
28265,0.37,0.1
28266,0.8,0.1
28267,0.8,0.1
28268,1.08,0.1
28269,0.83,0.1
28270,1.5,0.1
28271,1.65,0.1
28272,0.95,0.1
28273,0.83,0.1
28274,1.16,0.1
28275,1.1,0.1
28276,0.83,0.1
28277,0.5,0.1
28278,-0.01,0.1
28279,0.61,0.1
28280,0.43,0.1
28281,0.86,0.1
28282,0.91,0.1
28283,0.36,0.1
28284,0.3,0.1
28285,0.28,0.1
28286,0.64,0.1
28287,0.27,0.1
28288,-0.78,0.1
28289,1.18,0.1
28290,2.47,0.1
28291,1.82,0.1
28292,1.05,0.1
28293,1.84,0.1
28294,0.92,0.1
28295,-0.01,0.1
28296,0.36,0.1
28297,0.12,0.1
28298,0.14,0.1
28299,0.45,0.1
28300,0.58,0.1
28301,0.49,0.1
28302,-0.38,0.1
28303,0.22,0.1
28304,0.45,0.1
28305,-0.29,0.1
28306,0.19,0.1
28307,0.59,0.1
28308,2.21,0.1
28309,2.85,0.1
28310,2.29,0.1
28311,2.24,0.1
28312,2.36,0.1
28313,0.88,0.1
28314,1.02,0.1
28315,1.06,0.1
28316,1.18,0.1
28317,0.91,0.1
28318,0.48,0.1
28319,0.52,0.1
28320,0.38,0.1
28321,0.7,0.1
28322,1.01,0.1
28323,0.99,0.1
28324,0.93,0.1
28325,1.13,0.1
28326,1.3,0.1
28327,1.52,0.1
28328,1.16,0.1
28329,0.59,0.1
28330,1.32,0.1
28331,0.98,0.1
28332,0.81,0.1
28333,0.68,0.1
28334,0.68,0.1
28335,0.66,0.1
28336,0.53,0.1
28337,0.51,0.1
28338,0.09,0.1
28339,-0.3,0.1
28340,1.21,0.1
28341,0.11,0.1
28342,0.37,0.1
28343,0.83,0.1
28344,0.75,0.1
28345,0.64,0.1
28346,-0.01,0.1
28347,0.73,0.1
28348,0.12,0.1
28349,0.83,0.1
28350,0.83,0.1
28351,1.01,0.1
28352,1.51,0.1
28353,0.74,0.1
28354,0.99,0.1
28355,0.5,0.1
28356,0.86,0.1
28357,0.59,0.1
28358,0.77,0.1
28359,0.37,0.1
28360,0.87,0.1
28361,0.79,0.1
28362,0.26,0.1
28363,0.62,0.1
28364,0.38,0.1
28365,1.54,0.1
28366,1.26,0.1
28367,0.24,0.1
28368,0.91,0.1
28369,0.62,0.1
28370,0.41,0.1
28371,0.63,0.1
28372,0.6,0.1
28373,0.67,0.1
28374,0.7,0.1
28375,0.56,0.1
28376,0.46,0.1
28377,0.51,0.1
28378,0.86,0.1
28379,0.43,0.1
28380,0.6,0.1
28381,0.94,0.1
28382,0.2,0.1
28383,0.41,0.1
28384,0.78,0.1
28385,0.01,0.1
28386,0.2,0.1
28387,1.24,0.1
28388,0.01,0.1
28389,0.06,0.1
28390,0.39,0.1
28391,0.42,0.1
28392,1.18,0.1
28393,1.37,0.1
28394,0.39,0.1
28395,0.91,0.1
28396,1.12,0.1
28397,1.68,0.1
28398,0.74,0.1
28399,0.24,0.1
28400,0.99,0.1
28401,0.14,0.1
28402,1.43,0.1
28403,0.91,0.1
28404,0.88,0.1
28405,1.09,0.1
28406,1.72,0.1
28407,1.68,0.1
28408,1.3,0.1
28409,2.12,0.1
28410,1.39,0.1
28411,0.79,0.1
28412,1.45,0.1
28413,1.07,0.1
28414,0.52,0.1
28415,2.16,0.1
28416,1.29,0.1
28417,1.43,0.1
28418,1,0.1
28419,1.45,0.1
28420,1.08,0.1
28421,0.63,0.1
28422,0.6,0.1
28423,0.89,0.1
28424,1.24,0.1
28425,1.07,0.1
28426,1.23,0.1
28427,1.12,0.1
28428,0.6,0.1
28429,0.55,0.1
28430,0.68,0.1
28431,0.99,0.1
28432,1.18,0.1
28433,0.84,0.1
28434,0.63,0.1
28435,0.55,0.1
28436,1.02,0.1
28437,1.28,0.1
28438,1.15,0.1
28439,1.23,0.1
28440,1.23,0.1
28441,1.68,0.1
28442,1.17,0.1
28443,1.52,0.1
28444,1.83,0.1
28445,1.33,0.1
28446,1.67,0.1
28447,1.83,0.1
28448,1.95,0.1
28449,1.4,0.1
28450,2.18,0.1
28451,2.39,0.1
28452,1.44,0.1
28453,1.18,0.1
28454,1.34,0.1
28455,1.74,0.1
28456,2.17,0.1
28457,2.17,0.1
28458,2.36,0.1
28459,1.39,0.1
28460,2.01,0.1
28461,1.75,0.1
28462,0.77,0.1
28463,0.66,0.1
28464,1.61,0.1
28465,1.28,0.1
28466,1.28,0.1
28467,1.34,0.1
28468,1.24,0.1
28469,1.59,0.1
28470,1.43,0.1
28471,1.31,0.1
28472,1.38,0.1
28473,1.49,0.1
28474,1.92,0.1
28475,1.59,0.1
28476,1.77,0.1
28477,1.51,0.1
28478,1.31,0.1
28479,1.25,0.1
28480,1.35,0.1
28481,2.02,0.1
28482,1.1,0.1
28483,1.28,0.1
28484,1.09,0.1
28485,1.02,0.1
28486,1.45,0.1
28487,1.3,0.1
28488,1.51,0.1
28489,1.84,0.1
28490,1.47,0.1
28491,1.09,0.1
28492,1.81,0.1
28493,1.57,0.1
28494,1.47,0.1
28495,1.45,0.1
28496,1.69,0.1
28497,1.7,0.1
28498,1.7,0.1
28499,1.66,0.1
28500,1.72,0.1
28501,1.53,0.1
28502,1.09,0.1
28503,1.15,0.1
28504,1.95,0.1
28505,1.78,0.1
28506,1.48,0.1
28507,1.82,0.1
28508,1.6,0.1
28509,1.2,0.1
28510,1.46,0.1
28511,1.26,0.1
28512,1.09,0.1
28513,1.46,0.1
28514,1.33,0.1
28515,1.48,0.1
28516,1.44,0.1
28517,1.13,0.1
28518,1.76,0.1
28519,1.65,0.1
28520,1.83,0.1
28521,1.79,0.1
28522,1.85,0.1
28523,2.06,0.1
28524,1.78,0.1
28525,1.67,0.1
28526,1.91,0.1
28527,1.92,0.1
28528,1.48,0.1
28529,1.41,0.1
28530,1.53,0.1
28531,1.67,0.1
28532,1.58,0.1
28533,1.15,0.1
28534,1.07,0.1
28535,1.42,0.1
28536,1.8,0.1
28537,1.49,0.1
28538,1.76,0.1
28539,1.41,0.1
28540,1.09,0.1
28541,1.15,0.1
28542,1.11,0.1
28543,1.6,0.1
28544,1.3,0.1
28545,1.52,0.1
28546,1.81,0.1
28547,1.39,0.1
28548,1.42,0.1
28549,1.31,0.1
28550,1.56,0.1
28551,1.67,0.1
28552,1.27,0.1
28553,1,0.1
28554,0.9,0.1
28555,0.99,0.1
28556,0.88,0.1
28557,1.06,0.1
28558,1.35,0.1
28559,1.02,0.1
28560,1.43,0.1
28561,0.7,0.1
28562,1.09,0.1
28563,1.03,0.1
28564,0.57,0.1
28565,1.45,0.1
28566,0.73,0.1
28567,0.14,0.1
28568,1.31,0.1
28569,0.46,0.1
28570,1.02,0.1
28571,0.6,0.1
28572,0.88,0.1
28573,0.75,0.1
28574,0.16,0.1
28575,0.56,0.1
28576,0.33,0.1
28577,0.13,0.1
28578,0.09,0.1
28579,0.69,0.1
28580,0.61,0.1
28581,1.38,0.1
28582,1.57,0.1
28583,0.48,0.1
28584,0.77,0.1
28585,0.43,0.1
28586,0.71,0.1
28587,0.45,0.1
28588,0.78,0.1
28589,1.33,0.1
28590,1.55,0.1
28591,1.27,0.1
28592,0.85,0.1
28593,0.96,0.1
28594,0.68,0.1
28595,0.91,0.1
28596,1.2,0.1
28597,1.56,0.1
28598,2.29,0.1
28599,2.24,0.1
28600,1.54,0.1
28601,1.42,0.1
28602,1.34,0.1
28603,1.16,0.1
28604,1.61,0.1
28605,1.46,0.1
28606,1.22,0.1
28607,1.12,0.1
28608,1.11,0.1
28609,0.93,0.1
28610,0.58,0.1
28611,0.99,0.1
28612,1.2,0.1
28613,0.91,0.1
28614,0.89,0.1
28615,1.1,0.1
28616,0.75,0.1
28617,1.17,0.1
28618,0.82,0.1
28619,0.87,0.1
28620,1.26,0.1
28621,1.2,0.1
28622,1,0.1
28623,1.03,0.1
28624,0.93,0.1
28625,1.4,0.1
28626,0.82,0.1
28627,0.89,0.1
28628,1.36,0.1
28629,1.49,0.1
28630,0.97,0.1
28631,1.2,0.1
28632,1.89,0.1
28633,1.1,0.1
28634,1.4,0.1
28635,1.28,0.1
28636,1.51,0.1
28637,0.83,0.1
28638,0.78,0.1
28639,0.57,0.1
28640,0.74,0.1
28641,1.14,0.1
28642,1.21,0.1
28643,1.04,0.1
28644,0.58,0.1
28645,1.19,0.1
28646,1.09,0.1
28647,1.18,0.1
28648,0.95,0.1
28649,1.32,0.1
28650,0.94,0.1
28651,0.8,0.1
28652,1.12,0.1
28653,1.1,0.1
28654,1.07,0.1
28655,1.5,0.1
28656,1.16,0.1
28657,0.75,0.1
28658,0.79,0.1
28659,0.6,0.1
28660,0.76,0.1
28661,0.93,0.1
28662,1.07,0.1
28663,0.93,0.1
28664,1.34,0.1
28665,0.78,0.1
28666,0.58,0.1
28667,0.42,0.1
28668,0.43,0.1
28669,1.53,0.1
28670,0.97,0.1
28671,0.62,0.1
28672,1.05,0.1
28673,1.07,0.1
28674,0.87,0.1
28675,0.78,0.1
28676,0.57,0.1
28677,0.88,0.1
28678,0.59,0.1
28679,0.59,0.1
28680,0.34,0.1
28681,0.74,0.1
28682,0.83,0.1
28683,0.67,0.1
28684,0.94,0.1
28685,0.51,0.1
28686,0.47,0.1
28687,0.6,0.1
28688,1.12,0.1
28689,1.17,0.1
28690,0.9,0.1
28691,0.88,0.1
28692,1.12,0.1
28693,1.22,0.1
28694,0.81,0.1
28695,0.43,0.1
28696,0.94,0.1
28697,0.82,0.1
28698,0.97,0.1
28699,0.5,0.1
28700,1.11,0.1
28701,0.81,0.1
28702,0.81,0.1
28703,0.81,0.1
28704,1.06,0.1
28705,0.99,0.1
28706,1.7,0.1
28707,1.41,0.1
28708,1.26,0.1
28709,1.13,0.1
28710,0.95,0.1
28711,1.29,0.1
28712,1.62,0.1
28713,1.98,0.1
28714,1.76,0.1
28715,1.26,0.1
28716,0.51,0.1
28717,1.04,0.1
28718,0.74,0.1
28719,1.1,0.1
28720,0.86,0.1
28721,0.72,0.1
28722,1.35,0.1
28723,0.97,0.1
28724,0.88,0.1
28725,0.64,0.1
28726,0.21,0.1
28727,0.93,0.1
28728,0.35,0.1
28729,1.15,0.1
28730,0.76,0.1
28731,0.82,0.1
28732,1.15,0.1
28733,0.89,0.1
28734,0.87,0.1
28735,0.73,0.1
28736,0.53,0.1
28737,0.73,0.1
28738,0.75,0.1
28739,1.93,0.1
28740,0.71,0.1
28741,0.5,0.1
28742,1.24,0.1
28743,1.1,0.1
28744,0.61,0.1
28745,1.03,0.1
28746,0.65,0.1
28747,0.65,0.1
28748,1.18,0.1
28749,2.21,0.1
28750,3.01,0.1
28751,1.32,0.1
28752,0.77,0.1
28753,1.6,0.1
28754,1.4,0.1
28755,1.07,0.1
28756,0.85,0.1
28757,0.72,0.1
28758,1.02,0.1
28759,1.35,0.1
28760,1.1,0.1
28761,0.73,0.1
28762,1.55,0.1
28763,0.93,0.1
28764,0.92,0.1
28765,1.21,0.1
28766,0.89,0.1
28767,0.7,0.1
28768,1.07,0.1
28769,1.02,0.1
28770,0.66,0.1
28771,0.54,0.1
28772,1.12,0.1
28773,0.33,0.1
28774,0.19,0.1
28775,1.05,0.1
28776,1.17,0.1
28777,1.28,0.1
28778,0.38,0.1
28779,0.56,0.1
28780,0.18,0.1
28781,0.63,0.1
28782,0.45,0.1
28783,0.87,0.1
28784,0.52,0.1
28785,0.52,0.1
28786,0.14,0.1
28787,0.86,0.1
28788,0.41,0.1
28789,1.02,0.1
28790,0.69,0.1
28791,1.36,0.1
28792,1.42,0.1
28793,1.83,0.1
28794,0.86,0.1
28795,0.27,0.1
28796,0.53,0.1
28797,0.93,0.1
28798,0.93,0.1
28799,1.16,0.1
28800,0.97,0.1
28801,1.98,0.1
28802,1.11,0.1
28803,1.52,0.1
28804,0.88,0.1
28805,0.7,0.1
28806,0.89,0.1
28807,0.88,0.1
28808,1.56,0.1
28809,1.25,0.1
28810,1.06,0.1
28811,1.06,0.1
28812,0.7,0.1
28813,0.99,0.1
28814,1.2,0.1
28815,1.04,0.1
28816,0.84,0.1
28817,1.3,0.1
28818,1.87,0.1
28819,1.9,0.1
28820,1.71,0.1
28821,1.29,0.1
28822,2.02,0.1
28823,1.62,0.1
28824,1.19,0.1
28825,1.24,0.1
28826,0.91,0.1
28827,0.8,0.1
28828,0.98,0.1
28829,0.78,0.1
28830,1.39,0.1
28831,1.05,0.1
28832,0.46,0.1
28833,0.87,0.1
28834,1.25,0.1
28835,1.18,0.1
28836,1.21,0.1
28837,1.12,0.1
28838,0.42,0.1
28839,0.67,0.1
28840,1.33,0.1
28841,1.74,0.1
28842,1.36,0.1
28843,0.86,0.1
28844,0.85,0.1
28845,0.72,0.1
28846,0.62,0.1
28847,1.15,0.1
28848,1.17,0.1
28849,0.87,0.1
28850,1.07,0.1
28851,1.1,0.1
28852,1.23,0.1
28853,1.59,0.1
28854,1.41,0.1
28855,1.3,0.1
28856,1.78,0.1
28857,0.99,0.1
28858,0.61,0.1
28859,0.79,0.1
28860,0.62,0.1
28861,1.38,0.1
28862,1.27,0.1
28863,1.1,0.1
28864,0.89,0.1
28865,0.98,0.1
28866,1.25,0.1
28867,2.66,0.1
28868,1.98,0.1
28869,0.69,0.1
28870,1.55,0.1
28871,1.54,0.1
28872,1.53,0.1
28873,1.37,0.1
28874,1.11,0.1
28875,0.6,0.1
28876,1.2,0.1
28877,0.95,0.1
28878,1.33,0.1
28879,1.08,0.1
28880,1.32,0.1
28881,1.16,0.1
28882,1.19,0.1
28883,1.14,0.1
28884,1.08,0.1
28885,0.98,0.1
28886,1.32,0.1
28887,1.08,0.1
28888,0.96,0.1
28889,0.99,0.1
28890,0.87,0.1
28891,1.38,0.1
28892,0.78,0.1
28893,0.72,0.1
28894,0.96,0.1
28895,0.45,0.1
41457,-6.11107,0.1
41458,-6.39763,0.1
41459,-6.33609,0.1
41460,-6.17732,0.1
41461,-6.51578,0.1
41462,-6.91535,0.1
41463,-6.78458,0.1
41464,-6.20866,0.1
41465,-5.3645,0.1
41466,-5.32708,0.1
41467,-5.67954,0.1
41468,-6.66999,0.1
41469,-5.24345,0.1
41470,-5.78168,0.1
41471,-5.59269,0.1
41472,-4.9334,0.1
41473,-5.11152,0.1
41474,-4.87097,0.1
41475,-4.60122,0.1
41476,-5.0869,0.1
41477,-5.5958,0.1
41478,-5.10115,0.1
41479,-4.80572,0.1
41480,-4.96629,0.1
41481,-5.51674,0.1
41482,-6.3492,0.1
41483,-5.41654,0.1
41484,-6.48689,0.1
41485,-6.61861,0.1
41486,-6.71875,0.1
41487,-6.05354,0.1
41488,-6.57444,0.1
41489,-7.09378,0.1
41490,-6.27313,0.1
41491,-6.43614,0.1
41492,-6.8377,0.1
41493,-6.83394,0.1
41494,-6.32674,0.1
41495,-6.85175,0.1
41496,-6.12532,0.1
41497,-5.25777,0.1
41498,-4.07367,0.1
41499,-4.28057,0.1
41500,-3.8007,0.1
41501,-3.73149,0.1
41502,-2.18316,0.1
41503,-2.45808,0.1
41504,-1.97698,0.1
41505,-2.04765,0.1
41506,-0.20178,0.1
41507,-1.28345,0.1
41508,-1.95469,0.1
41509,-1.15959,0.1
41510,-1.22361,0.1
41511,-1.94084,0.1
41512,-1.91497,0.1
41513,-2.01342,0.1
41514,-2.01888,0.1
41515,-1.91789,0.1
41516,-0.13624,0.1
41517,-0.36036,0.1
41518,0.11485,0.1
41519,-0.36129,0.1
41520,0.28072,0.1
41521,-0.10471,0.1
41522,-1.27259,0.1
41523,-1.21902,0.1
41524,-0.46879,0.1
41525,0.24922,0.1
41526,0.0099,0.1
41527,-0.70108,0.1
41528,-0.63996,0.1
41529,-0.12961,0.1
41530,-0.9255,0.1
41531,0.28441,0.1
41532,0.43364,0.1
41533,0.3941,0.1
41534,0.25356,0.1
41535,-0.00898,0.1
41536,0.20426,0.1
41537,0.07493,0.1
41538,-0.11717,0.1
41539,0.30818,0.1
41540,0.27586,0.1
41541,0.3112,0.1
41542,0.49432,0.1
41543,0.42857,0.1
41544,0.59791,0.1
41545,0.68737,0.1
41546,0.90538,0.1
41547,0.74406,0.1
41548,0.65718,0.1
41549,0.10774,0.1
41550,-0.36742,0.1
41551,-0.4954,0.1
41552,0.1367,0.1
41553,0.0004,0.1
41554,0.0233,0.1
41555,0.59109,0.1
41556,0.04921,0.1
41557,-0.42511,0.1
41558,-0.21443,0.1
41559,0.19359,0.1
41560,0.23816,0.1
41561,0.20406,0.1
41562,0.13462,0.1
41563,0.52086,0.1
41564,0.74098,0.1
41565,0.84443,0.1
41566,0.75733,0.1
41567,0.0208,0.1
41568,-0.18674,0.1
41569,-0.24829,0.1
41570,-0.62372,0.1
41571,-0.23593,0.1
41572,-0.24181,0.1
41573,-0.50347,0.1
41574,-0.91757,0.1
41575,0.60459,0.1
41576,0.41393,0.1
41577,0.30706,0.1
41578,-0.00116,0.1
41579,0.92519,0.1
41580,0.95176,0.1
41581,0.64188,0.1
41582,0.27727,0.1
41583,1.23948,0.1
41584,2.42558,0.1
41585,2.6039,0.1
41586,2.83289,0.1
41587,2.75354,0.1
41588,1.0342,0.1
41589,1.65574,0.1
41590,1.77883,0.1
41591,2.77993,0.1
41592,2.55881,0.1
41593,2.4328,0.1
41594,2.40001,0.1
41595,1.186,0.1
41596,1.55899,0.1
41597,1.21287,0.1
41598,1.5,0.1
41599,-0.25,0.1
41600,-2.15,0.1
41601,-1.82,0.1
41602,0.96,0.1
41603,1.25,0.1
41604,-0.42,0.1
41605,0.41,0.1
41606,-0.85,0.1
41607,0.31,0.1
41608,-0.35,0.1
41609,0.23,0.1
41610,-0.05,0.1
41611,0.25,0.1
41612,1.00347,0.1
41613,1.21521,0.1
41614,1.85551,0.1
41615,1.9847,0.1
41616,2.50733,0.1
41617,2.32341,0.1
41618,1.27049,0.1
41619,1.75234,0.1
41620,1.20239,0.1
41621,2.04913,0.1
41622,1.91066,0.1
41623,1.88673,0.1
41624,1.61837,0.1
41625,1.24533,0.1
41626,0.90108,0.1
41627,0.82382,0.1
41628,1.22709,0.1
41629,1.46761,0.1
41630,1.79758,0.1
41631,1.34677,0.1
41632,0.90973,0.1
41633,1.11892,0.1
41634,0.88944,0.1
41635,0.37152,0.1
41636,1.52779,0.1
41637,1.86664,0.1
41638,1.97839,0.1
41639,0.19647,0.1
41640,0.96543,0.1
41641,1.87896,0.1
41642,1.21214,0.1
41643,1.63822,0.1
41644,1.7453,0.1
41645,1.48144,0.1
41646,2.5128,0.1
41647,3.20073,0.1
41648,2.9652,0.1
41649,2.7608,0.1
41650,3.2787,0.1
41651,2.75253,0.1
41652,3.2172,0.1
41653,2.8324,0.1
41654,2.949,0.1
41655,2.9679,0.1
41656,3.5751,0.1
41657,3.106,0.1
41658,3.9155,0.1
41659,2.6998,0.1
41660,3.9202,0.1
41661,4.6236,0.1
41662,4.0659,0.1
41663,3.8952,0.1
41664,2.8406,0.1
41665,1.8304,0.1
41666,2.4184,0.1
41667,2.0951,0.1
41668,3.63607,0.1
41669,3.4931,0.1
41670,3.5963,0.1
41671,3.0274,0.1
41672,3.2366,0.1
41673,3.2743,0.1
41674,2.9304,0.1
41675,1.763,0.1
41676,1.8649,0.1
41677,3.0787,0.1
41678,2.7886,0.1
41679,2.4095,0.1
41680,2.7871,0.1
41681,1.2424,0.1
41682,2.0135,0.1
41683,2.12078,0.1
41684,2.0754,0.1
41685,0.95447,0.1
41686,0.6312,0.1
41687,0.7367,0.1
41688,2.11471,0.1
41689,2.17302,0.1
41690,2.6355,0.1
41691,2.5284,0.1
41692,2.6389,0.1
41693,3.0752,0.1
41694,1.7032,0.1
41695,3.5623,0.1
41696,2.9836,0.1
41697,1.8534,0.1
41698,2.0632,0.1
41699,2.404,0.1
41700,2.4059,0.1
41701,2.9181,0.1
41702,1.46489,0.1
41703,0.68589,0.1
41704,2.22422,0.1
41705,3.06233,0.1
41706,3.02278,0.1
41707,1.66844,0.1
41708,1.33167,0.1
41709,3.14722,0.1
41710,1.64322,0.1
41711,0.42233,0.1
41712,0.86144,0.1
41713,2.73211,0.1
41714,2.09644,0.1
41715,2.36078,0.1
41716,2.45278,0.1
41717,0.91778,0.1
41718,1.744,0.1
41719,1.60233,0.1
41720,1.85133,0.1
41721,2.117,0.1
41722,2.12789,0.1
41723,2.14044,0.1
41724,1.05944,0.1
41725,1.03278,0.1
41726,0.407,0.1
41727,2.07338,0.1
41728,1.504,0.1
41729,1.78256,0.1
41730,2.23667,0.1
41731,3.06656,0.1
41732,3.45944,0.1
41733,3.863,0.1
41734,3.23767,0.1
41735,0.47744,0.1
41736,1.27211,0.1
41737,2.29211,0.1
41738,2.86622,0.1
41739,2.59856,0.1
41740,2.51622,0.1
41741,2.25767,0.1
41742,1.10411,0.1
41743,0.51844,0.1
41744,2.46444,0.1
41745,2.72489,0.1
41746,2.44378,0.1
41747,2.11389,0.1
41748,0.04911,0.1
41749,-0.21978,0.1
41750,0.15656,0.1
41751,0.58389,0.1
41752,0.816,0.1
41753,1.08022,0.1
41754,1.19767,0.1
41755,0.30778,0.1
41756,-0.87778,0.1
41757,-0.58378,0.1
41758,-0.21411,0.1
138308,-12.36,0.1
138309,-12.76,0.1
138310,-12.21,0.1
138311,-12.42,0.1
138312,-12.57,0.1
138313,-12.55,0.1
138314,-12.62,0.1
138315,-12.4,0.1
138316,-12.34,0.1
138317,-12.26,0.1
138318,-12.48,0.1
138319,-12.36,0.1
138320,-12.38,0.1
138321,-10.78,0.1
138322,-10.99,0.1
138323,-10.81,0.1
138324,-10.99,0.1
138325,-11.13,0.1
138326,-11.08,0.1
138327,-11.11,0.1
138328,-11.71,0.1
138329,-11.99,0.1
138330,-12.07,0.1
138331,-12.19,0.1
138332,-12.27,0.1
138333,-12.45,0.1
138334,-12.6,0.1
138335,-12.63,0.1
138336,-12.32,0.1
138337,-12.3,0.1
138338,-12.4,0.1
138339,-12.63,0.1
138340,-12.5,0.1
138341,-12.64,0.1
138342,-12.59,0.1
138343,-12.58,0.1
138344,-12.68,0.1
138345,-12.45,0.1
138346,-12.31,0.1
138347,-12.48,0.1
138348,-12.24,0.1
138349,-12.02,0.1
138350,-11.88,0.1
138351,-12.02,0.1
138352,-11.55,0.1
138353,-11.8,0.1
138354,-11.88,0.1
138355,-11.79,0.1
138356,-11.93,0.1
138357,-11.09,0.1
138358,-11.82,0.1
138359,-11.8,0.1
138360,-11.85,0.1
138361,-12.27,0.1
138362,-12.18,0.1
138363,-12.32,0.1
138364,-12.16,0.1
138365,-12.13,0.1
138366,-12.16,0.1
138367,-12.17,0.1
138368,-12.05,0.1
138369,-12.08,0.1
138370,-12.29,0.1
138371,-12.18,0.1
138372,-12.19,0.1
138373,-12.17,0.1
138374,-12.23,0.1
138375,-12.33,0.1
138376,-11.96,0.1
138377,-12.18,0.1
138378,-12.37,0.1
138379,-12.22,0.1
138380,-12.22,0.1
138381,-12.15,0.1
138382,-12.67,0.1
138383,-12.54,0.1
138384,-12.91,0.1
138385,-12.72,0.1
138386,-12.68,0.1
138387,-12.72,0.1
138388,-12.9,0.1
138389,-12.69,0.1
138390,-12.56,0.1
138391,-12.48,0.1
138392,-12.19,0.1
138393,-11.8,0.1
138394,-12.41,0.1
138395,-12.1,0.1
138396,-11.93,0.1
138397,-11.59,0.1
138398,-11.39,0.1
138399,-11.14,0.1
138400,-11.52,0.1
138401,-11.61,0.1
138402,-11.59,0.1
138403,-11.85,0.1
138404,-11.87,0.1
138405,-11.68,0.1
138406,-11.82,0.1
138407,-11.43,0.1
138408,-10.98,0.1
138409,-10.77,0.1
138410,-10.89,0.1
138411,-11.23,0.1
138412,-11.27,0.1
138413,-11.43,0.1
138414,-11.59,0.1
138415,-11.73,0.1
138416,-11.22,0.1
138417,-11.13,0.1
138418,-11.22,0.1
138419,-10.88,0.1
138420,-11.03,0.1
138421,-10.73,0.1
138422,-11.13,0.1
138423,-11.07,0.1
138424,-10.97,0.1
138425,-11.03,0.1
138426,-11.21,0.1
138427,-11.53,0.1
138428,-11.36,0.1
138429,-10.9,0.1
138430,-10.54,0.1
138431,-10.6,0.1
138432,-11.54,0.1
138433,-11.15,0.1
138434,-10.99,0.1
138435,-11.29,0.1
138436,-10.85,0.1
138437,-10.4,0.1
138438,-10.44,0.1
138439,-11.09,0.1
138440,-11.1,0.1
138441,-11.02,0.1
138442,-11.31,0.1
138443,-11.25,0.1
138444,-11.77,0.1
138445,-11.44,0.1
138446,-11.77,0.1
138447,-11.71,0.1
138448,-11.72,0.1
138449,-11.59,0.1
138450,-11.99,0.1
138451,-12.11,0.1
138452,-12.1,0.1
138453,-12.06,0.1
138454,-11.65,0.1
138455,-12.07,0.1
138456,-12.09,0.1
138457,-11.78,0.1
138458,-11.8,0.1
138459,-11.54,0.1
138460,-11.51,0.1
138461,-11.22,0.1
138462,-11.67,0.1
138463,-11.74,0.1
138464,-11.19,0.1
138465,-11.32,0.1
138466,-11.5,0.1
138467,-10.44,0.1
138468,-10.68,0.1
138469,-11.54,0.1
138470,-11.16,0.1
138471,-10.67,0.1
138472,-10.87,0.1
138473,-11.1,0.1
138474,-11.11,0.1
138475,-10.73,0.1
138476,-11.63,0.1
138477,-11.87,0.1
138478,-11.72,0.1
138479,-11.83,0.1
138480,-12.35,0.1
138481,-12.21,0.1
138482,-12.13,0.1
138483,-12.29,0.1
138484,-10.87,0.1
138485,-11.83,0.1
138486,-11.69,0.1
138487,-11.38,0.1
138488,-10.02,0.1
138489,-10.38,0.1
138490,-10.18,0.1
138491,-10.51,0.1
138492,-10.61,0.1
138493,-10.92,0.1
138494,-10.41,0.1
138495,-10.21,0.1
138496,-10.41,0.1
138497,-9.95,0.1
138498,-9.86,0.1
138499,-10.17,0.1
138500,-11,0.1
138501,-11.16,0.1
138502,-10.93,0.1
138503,-10.82,0.1
138504,-10.38,0.1
138505,-10.5,0.1
138506,-10.67,0.1
138507,-10.73,0.1
138508,-10.53,0.1
138509,-10.96,0.1
138510,-10.93,0.1
138511,-11.12,0.1
138512,-11.46,0.1
138513,-11.82,0.1
138514,-11.56,0.1
138515,-11.41,0.1
138516,-11.32,0.1
138517,-11.35,0.1
138518,-11.59,0.1
138519,-11.22,0.1
138520,-11.25,0.1
138521,-11.27,0.1
138522,-11.21,0.1
138523,-10.4,0.1
138524,-11.38,0.1
138525,-11.09,0.1
138526,-11.48,0.1
138527,-10.93,0.1
138528,-10.61,0.1
138529,-11.19,0.1
138530,-10.71,0.1
138531,-10.84,0.1
138532,-10.85,0.1
138533,-9.95,0.1
138534,-10.86,0.1
138535,-10.51,0.1
138536,-10.62,0.1
138537,-10.71,0.1
138538,-11.24,0.1
138539,-10.08,0.1
138540,-10.34,0.1
138541,-10.49,0.1
138542,-10.12,0.1
138543,-10.67,0.1
138544,-10.14,0.1
138545,-10.22,0.1
138546,-10.23,0.1
138547,-10.13,0.1
138548,-10.11,0.1
138549,-10.2,0.1
138550,-10.38,0.1
138551,-10.43,0.1
138552,-10.79,0.1
138553,-10.61,0.1
138554,-10.93,0.1
138555,-10.42,0.1
138556,-11.07,0.1
138557,-11.47,0.1
138558,-11.49,0.1
138559,-11.2,0.1
138560,-11.06,0.1
138561,-10.39,0.1
138562,-10.7,0.1
138563,-11.73,0.1
138564,-10.6,0.1
138565,-10.31,0.1
138566,-9.85,0.1
138567,-10.05,0.1
138568,-11.31,0.1
138569,-9.9,0.1
138570,-10.23,0.1
138571,-10.25,0.1
138572,-10.11,0.1
138573,-10.33,0.1
138574,-10.27,0.1
138575,-10.32,0.1
138576,-10.08,0.1
138577,-9.95,0.1
138578,-10.14,0.1
138579,-9.86,0.1
138580,-9.84,0.1
138581,-9.94,0.1
138582,-9.91,0.1
138583,-10.1,0.1
138584,-9.98,0.1
138585,-10.06,0.1
138586,-10.39,0.1
138587,-10.15,0.1
138588,-10.28,0.1
138589,-10.93,0.1
138590,-10.3,0.1
138591,-10.38,0.1
138592,-9.79,0.1
138593,-9.44,0.1
138594,-9.57,0.1
138595,-9.68,0.1
138596,-9.56,0.1
138597,-9.91,0.1
138598,-10.09,0.1
138599,-10.26,0.1
138600,-10.41,0.1
138601,-10.12,0.1
138602,-9.89,0.1
138603,-10.13,0.1
138604,-9.78,0.1
138605,-9.99,0.1
138606,-10.41,0.1
138607,-10.85,0.1
138608,-10.73,0.1
138609,-10.75,0.1
138610,-10.21,0.1
138611,-11.16,0.1
138612,-10.95,0.1
138613,-11.01,0.1
138614,-10.92,0.1
138615,-10.69,0.1
138616,-11.32,0.1
138617,-10.86,0.1
138618,-10.85,0.1
138619,-10.91,0.1
138620,-11.27,0.1
138621,-10.79,0.1
138622,-10.96,0.1
138623,-11.03,0.1
138624,-11.04,0.1
138625,-10.7,0.1
138626,-10.94,0.1
138627,-10.91,0.1
138628,-10.7,0.1
138629,-10.21,0.1
138630,-10.19,0.1
138631,-10.16,0.1
138632,-10.13,0.1
138633,-10.26,0.1
138634,-10.05,0.1
138635,-10.5,0.1
138636,-10.43,0.1
138637,-10.58,0.1
138638,-10.77,0.1
138639,-10.64,0.1
138640,-11.16,0.1
138641,-10.95,0.1
138642,-10.93,0.1
138643,-11.11,0.1
138644,-11.02,0.1
138645,-11.49,0.1
138646,-11.38,0.1
138647,-11.45,0.1
138648,-11.59,0.1
138649,-11.81,0.1
138650,-11.53,0.1
138651,-11.26,0.1
138652,-10.28,0.1
138653,-11.22,0.1
138654,-11.25,0.1
138655,-11.21,0.1
138656,-11.45,0.1
138657,-11.12,0.1
138658,-11.3,0.1
138659,-11.58,0.1
138660,-11.12,0.1
138661,-11.38,0.1
138662,-11.05,0.1
138663,-10.86,0.1
138664,-11.19,0.1
138665,-10.75,0.1
138666,-10.59,0.1
138667,-10.84,0.1
138668,-10.43,0.1
138669,-10.61,0.1
138670,-10.73,0.1
138671,-10.83,0.1
138672,-11.03,0.1
138673,-11.11,0.1
138674,-11.03,0.1
138675,-10.9,0.1
138676,-10.84,0.1
138677,-11.3,0.1
138678,-11.24,0.1
138679,-11.2,0.1
138680,-11.27,0.1
138681,-11.25,0.1
138682,-11.38,0.1
138683,-11.15,0.1
138684,-11.21,0.1
138685,-11.4,0.1
138686,-11.55,0.1
138687,-11.06,0.1
138688,-10.85,0.1
138689,-10.91,0.1
138690,-10.96,0.1
138691,-10.91,0.1
138692,-11.18,0.1
138693,-10.44,0.1
138694,-10.99,0.1
138695,-10.74,0.1
138696,-11.33,0.1
138697,-11.25,0.1
138698,-11.23,0.1
138699,-10.44,0.1
138700,-10.69,0.1
138701,-10.03,0.1
138702,-9.63,0.1
138703,-9.6,0.1
138704,-9.7,0.1
138705,-9.94,0.1
138706,-10.08,0.1
138707,-10.15,0.1
138708,-10.89,0.1
138709,-11.04,0.1
138710,-10.92,0.1
138711,-10.93,0.1
138712,-11.27,0.1
138713,-10.74,0.1
138714,-11.01,0.1
138715,-10.9,0.1
138716,-10.79,0.1
138717,-10.36,0.1
138718,-10.41,0.1
138719,-10.47,0.1
138720,-11.04,0.1
138721,-11.45,0.1
138722,-11.34,0.1
138723,-11.17,0.1
138724,-11.3,0.1
138725,-11.47,0.1
138726,-10.72,0.1
138727,-10.78,0.1
138728,-10.62,0.1
138729,-10.12,0.1
138730,-10.24,0.1
138731,-10.49,0.1
138732,-11.02,0.1
138733,-11.48,0.1
138734,-10.41,0.1
138735,-10.44,0.1
138736,-10.54,0.1
138737,-11.07,0.1
138738,-10.06,0.1
138739,-9.96,0.1
138740,-10.05,0.1
138741,-9.98,0.1
138742,-10.09,0.1
138743,-10.38,0.1
138744,-10.36,0.1
138745,-10.09,0.1
138746,-10.41,0.1
138747,-10.51,0.1
138748,-10.38,0.1
138749,-10.65,0.1
138750,-10.45,0.1
138751,-9.83,0.1
138752,-9.83,0.1
138753,-9.44,0.1
138754,-8.96,0.1
138755,-8.98,0.1
138756,-9.83,0.1
138757,-9.71,0.1
138758,-9.98,0.1
138759,-10.07,0.1
138760,-10.37,0.1
138761,-11.42,0.1
138762,-11.63,0.1
138763,-11.49,0.1
138764,-11.2,0.1
138765,-10.79,0.1
138766,-10.69,0.1
138767,-10.54,0.1
138768,-10.78,0.1
138769,-10.99,0.1
138770,-10.8,0.1
138771,-11.09,0.1
138772,-11.38,0.1
138773,-11.59,0.1
138774,-11.18,0.1
138775,-11.39,0.1
138776,-11.12,0.1
138777,-10.78,0.1
138778,-10.86,0.1
138779,-10.88,0.1
138780,-10.65,0.1
138781,-10.9,0.1
138782,-10.72,0.1
138783,-10.74,0.1
138784,-10.54,0.1
138785,-10.46,0.1
138786,-10.65,0.1
138787,-10.36,0.1
138788,-10.65,0.1
138789,-10.92,0.1
138790,-10.8,0.1
138791,-11.17,0.1
138792,-10.88,0.1
138793,-11.05,0.1
138794,-11.2,0.1
138795,-11.27,0.1
138796,-11.64,0.1
138797,-11.22,0.1
138798,-11.33,0.1
138799,-11.56,0.1
138800,-11.64,0.1
138801,-11.67,0.1
138802,-11.51,0.1
138803,-11.63,0.1
138804,-11.41,0.1
138805,-11.39,0.1
138806,-11.57,0.1
138807,-11.13,0.1
138808,-10.86,0.1
138809,-11.07,0.1
138810,-11.34,0.1
138811,-11.62,0.1
138812,-11.99,0.1
138813,-11.44,0.1
138814,-11.17,0.1
138815,-11.53,0.1
138816,-11.42,0.1
138817,-11.39,0.1
138818,-11.09,0.1
138819,-11.51,0.1
138820,-11.57,0.1
138821,-11.59,0.1
138822,-11.99,0.1
138823,-12.33,0.1
138824,-12.23,0.1
138825,-12.23,0.1
138826,-12.14,0.1
138827,-11.98,0.1
138828,-11.78,0.1
138829,-11.77,0.1
138830,-11.53,0.1
138831,-11.24,0.1
138832,-11.46,0.1
138833,-11.2,0.1
138834,-10.96,0.1
138835,-11.44,0.1
138836,-11.72,0.1
138837,-11.77,0.1
138838,-11.94,0.1
138839,-11.73,0.1
138840,-11.68,0.1
138841,-11.76,0.1
138842,-11.78,0.1
138843,-11.65,0.1
138844,-11.52,0.1
138845,-11.33,0.1
138846,-11.15,0.1
138847,-11.29,0.1
138848,-11.93,0.1
138849,-11.93,0.1
138850,-11.84,0.1
138851,-12.17,0.1
138852,-12.25,0.1
138853,-12.08,0.1
138854,-11.94,0.1
138855,-11.96,0.1
138856,-12.1,0.1
138857,-11.88,0.1
138858,-11.74,0.1
138859,-11.89,0.1
138860,-11.64,0.1
138861,-11.39,0.1
138862,-11.9,0.1
138863,-11.38,0.1
138864,-11.22,0.1
138865,-10.81,0.1
138866,-11.12,0.1
138867,-11.15,0.1
138868,-11.12,0.1
138869,-11.03,0.1
138870,-10.92,0.1
138871,-11.25,0.1
138872,-11.56,0.1
138873,-11.75,0.1
138874,-11.55,0.1
138875,-11.48,0.1
138876,-11.59,0.1
138877,-11.89,0.1
138878,-11.55,0.1
138879,-11.32,0.1
138880,-11.41,0.1
138881,-11.19,0.1
138882,-10.78,0.1
138883,-10.47,0.1
138884,-10.94,0.1
138885,-11.33,0.1
138886,-11.37,0.1
138887,-11.09,0.1
138888,-11.02,0.1
138889,-11.1,0.1
138890,-11.24,0.1
138891,-11.32,0.1
138892,-11.41,0.1
138893,-11.42,0.1
138894,-11.74,0.1
138895,-11.76,0.1
138896,-11.37,0.1
138897,-10.93,0.1
138898,-10.94,0.1
138899,-10.82,0.1
138900,-10.4,0.1
138901,-9.98,0.1
138902,-10.23,0.1
138903,-11.24,0.1
138904,-11.41,0.1
138905,-11.38,0.1
138906,-11.1,0.1
138907,-11.02,0.1
138908,-11.37,0.1
138909,-10.79,0.1
138910,-10.91,0.1
138911,-10.74,0.1
138912,-10.76,0.1
138913,-10.96,0.1
138914,-11.03,0.1
138915,-11.15,0.1
138916,-11.16,0.1
138917,-11.35,0.1
138918,-11.49,0.1
138919,-11.46,0.1
138920,-11.21,0.1
138921,-10.85,0.1
138922,-10.87,0.1
138923,-11.2,0.1
138924,-11.12,0.1
138925,-11.13,0.1
138926,-10.96,0.1
138927,-10.89,0.1
138928,-9.91,0.1
138929,-10.16,0.1
138930,-10.68,0.1
138931,-10.03,0.1
138932,-10.72,0.1
138933,-10.7,0.1
138934,-11.14,0.1
138935,-11.31,0.1
138936,-11.25,0.1
138937,-10.79,0.1
138938,-10.76,0.1
138939,-10.34,0.1
138940,-10.23,0.1
138941,-10.17,0.1
138942,-10.44,0.1
138943,-10.48,0.1
138944,-10.58,0.1
138945,-10.71,0.1
138946,-11.05,0.1
138947,-11,0.1
138948,-10.97,0.1
138949,-9.93,0.1
138950,-9.81,0.1
138951,-10.52,0.1
138952,-10.65,0.1
138953,-10.76,0.1
138954,-10.82,0.1
138955,-10.93,0.1
138956,-11.02,0.1
138957,-11.07,0.1
138958,-11.16,0.1
138959,-11.25,0.1
138960,-10.92,0.1
138961,-10.55,0.1
138962,-10.58,0.1
138963,-10.71,0.1
138964,-11.04,0.1
138965,-11.06,0.1
138966,-11.06,0.1
138967,-11.41,0.1
138968,-11.42,0.1
138969,-11.6,0.1
138970,-11.3,0.1
138971,-10.75,0.1
138972,-10.59,0.1
138973,-10.71,0.1
138974,-10.95,0.1
138975,-10.96,0.1
138976,-10.94,0.1
138977,-11.05,0.1
138978,-10.91,0.1
138979,-10.86,0.1
138980,-10.75,0.1
138981,-10.79,0.1
138982,-10.89,0.1
138983,-10.89,0.1
138984,-10.75,0.1
138985,-10.53,0.1
138986,-10.71,0.1
138987,-10.85,0.1
138988,-11.04,0.1
138989,-11.39,0.1
138990,-11.21,0.1
138991,-11.28,0.1
138992,-11.19,0.1
138993,-11.35,0.1
138994,-11.56,0.1
138995,-11.62,0.1
138996,-11.85,0.1
138997,-11.82,0.1
138998,-11.59,0.1
138999,-11.49,0.1
139000,-11.29,0.1
139001,-11.27,0.1
139002,-11.21,0.1
139003,-11.21,0.1
139004,-11.28,0.1
139005,-11.15,0.1
139006,-10.92,0.1
139007,-11.05,0.1
139008,-11.62,0.1
139009,-11.71,0.1
139010,-11.82,0.1
139011,-11.97,0.1
139012,-12,0.1
139013,-12.17,0.1
139014,-12.05,0.1
139015,-11.94,0.1
139016,-11.72,0.1
139017,-11.74,0.1
139018,-11.66,0.1
139019,-11.59,0.1
139020,-11.53,0.1
139021,-11.31,0.1
139022,-11.11,0.1
139023,-10.57,0.1
139024,-10.97,0.1
139025,-11,0.1
139026,-10.77,0.1
139027,-10.77,0.1
139028,-11.61,0.1
139029,-11.56,0.1
139030,-11.6,0.1
139031,-11.5,0.1
139032,-10.98,0.1
139033,-10.76,0.1
139034,-11.32,0.1
139035,-11.26,0.1
139036,-11.36,0.1
139037,-10.58,0.1
139038,-10.62,0.1
139039,-10.5,0.1
139040,-10.74,0.1
139041,-10.93,0.1
139042,-10.93,0.1
139043,-10.98,0.1
139044,-10.93,0.1
139045,-10.91,0.1
139046,-11.34,0.1
139047,-10.57,0.1
139048,-10.21,0.1
139049,-10.05,0.1
139050,-10.63,0.1
139051,-10.75,0.1
139052,-10.63,0.1
139053,-10.78,0.1
139054,-10.71,0.1
139055,-10.57,0.1
139056,-10.99,0.1
139057,-10.71,0.1
139058,-10.87,0.1
139059,-10.54,0.1
139060,-10.88,0.1
139061,-10.75,0.1
139062,-11.31,0.1
139063,-11.77,0.1
139064,-11.46,0.1
139065,-11.53,0.1
139066,-11.42,0.1
139067,-11.21,0.1
139068,-11.02,0.1
139069,-11.02,0.1
139070,-10.72,0.1
139071,-10.78,0.1
139072,-11.02,0.1
139073,-11.29,0.1
139074,-11.52,0.1
139075,-11.73,0.1
139076,-11.58,0.1
139077,-11.6,0.1
139078,-11.72,0.1
139079,-11.72,0.1
139080,-11.77,0.1
139081,-11.55,0.1
139082,-11.41,0.1
139083,-11.2,0.1
139084,-11.26,0.1
139085,-11.77,0.1
139086,-12.03,0.1
139087,-11.83,0.1
139088,-11.66,0.1
139089,-11.53,0.1
139090,-11,0.1
139091,-10.22,0.1
139092,-10.03,0.1
139093,-9.89,0.1
139094,-10.39,0.1
139095,-10.39,0.1
139096,-10.59,0.1
139097,-10.77,0.1
139098,-10.86,0.1
139099,-10.8,0.1
139100,-10.73,0.1
139101,-10.6,0.1
139102,-11.09,0.1
139103,-10.33,0.1
139104,-10.69,0.1
139105,-10.37,0.1
139106,-10.65,0.1
139107,-10.44,0.1
139108,-10.41,0.1
139109,-10.52,0.1
139110,-11.36,0.1
139111,-11.72,0.1
139112,-11.88,0.1
139113,-11.79,0.1
139114,-11.72,0.1
139115,-11.42,0.1
139116,-11.06,0.1
139117,-10.82,0.1
139118,-11.29,0.1
139119,-11.35,0.1
139120,-10.8,0.1
139121,-10.57,0.1
139122,-10.61,0.1
139123,-11.22,0.1
139124,-11.64,0.1
139125,-11,0.1
139126,-11.12,0.1
139127,-11.52,0.1
139128,-11.52,0.1
139129,-11.75,0.1
139130,-10.57,0.1
139131,-11.73,0.1
139132,-11.64,0.1
139133,-11.45,0.1
139134,-11.33,0.1
139135,-11.27,0.1
139136,-11.28,0.1
139137,-10.95,0.1
139138,-11.27,0.1
139139,-11.14,0.1
139140,-10.83,0.1
139141,-11.64,0.1
139142,-9.95,0.1
139143,-11.47,0.1
139144,-10.81,0.1
139145,-10.68,0.1
139146,-10.86,0.1
139147,-10.65,0.1
139148,-10.56,0.1
139149,-11.12,0.1
139150,-10.87,0.1
139151,-10.68,0.1
139152,-10.72,0.1
139153,-10.95,0.1
139154,-11.23,0.1
139155,-11.47,0.1
139156,-11.23,0.1
139157,-10.8,0.1
139158,-10.52,0.1
139159,-10.09,0.1
139160,-10.39,0.1
139161,-10.34,0.1
139162,-10.49,0.1
139163,-10.59,0.1
139164,-10.37,0.1
139165,-9.72,0.1
139166,-9.94,0.1
139167,-9.82,0.1
139168,-9.26,0.1
139169,-9.26,0.1
139170,-9.58,0.1
139171,-9.56,0.1
139172,-10.28,0.1
139173,-10.8,0.1
139174,-11.05,0.1
139175,-11.34,0.1
139176,-11.33,0.1
139177,-11.4,0.1
139178,-11.45,0.1
139179,-11.48,0.1
139180,-11.13,0.1
139181,-11.29,0.1
139182,-11.1,0.1
139183,-10.63,0.1
139184,-10.61,0.1
139185,-10.81,0.1
139186,-10.31,0.1
139187,-10.61,0.1
139188,-10.37,0.1
139189,-10.34,0.1
139190,-10.15,0.1
139191,-10.55,0.1
139192,-10.64,0.1
139193,-11.02,0.1
139194,-11.32,0.1
139195,-10.78,0.1
139196,-11.28,0.1
139197,-11.3,0.1
139198,-10.72,0.1
139199,-10.84,0.1
139200,-10.9,0.1
139201,-11.42,0.1
139202,-10.43,0.1
139203,-11.13,0.1
139204,-10.93,0.1
139205,-10.59,0.1
139206,-9.87,0.1
139207,-10,0.1
139208,-10.82,0.1
139209,-9.45,0.1
139210,-11.85,0.1
139211,-11.43,0.1
139212,-11.56,0.1
139213,-11.13,0.1
139214,-12,0.1
139215,-12.04,0.1
139216,-11.35,0.1
139217,-10.94,0.1
139218,-11.68,0.1
139219,-11.29,0.1
139220,-11.14,0.1
139221,-11.96,0.1
139222,-11.58,0.1
139223,-10.18,0.1
139224,-10.5,0.1
139225,-10.89,0.1
139226,-11.01,0.1
139227,-11.19,0.1
139228,-11.77,0.1
139229,-10.92,0.1
139230,-11.89,0.1
139231,-11.31,0.1
139232,-10.56,0.1
139233,-10.55,0.1
139234,-11.26,0.1
139235,-10.38,0.1
139236,-10.35,0.1
139237,-10.07,0.1
139238,-10.3,0.1
139239,-10.67,0.1
139240,-11.24,0.1
139241,-11.06,0.1
139242,-10.84,0.1
139243,-11.71,0.1
139244,-11.52,0.1
139245,-11.6,0.1
139246,-11.66,0.1
139247,-11.86,0.1
139248,-11.88,0.1
139249,-10.49,0.1
139250,-11.27,0.1
139251,-11.43,0.1
139252,-11.06,0.1
139253,-10.94,0.1
139254,-10.96,0.1
139255,-10.46,0.1
139256,-11.53,0.1
139257,-11.14,0.1
139258,-11.61,0.1
139259,-11.5,0.1
139260,-11.28,0.1
139261,-11.63,0.1
139262,-11.45,0.1
139263,-11.1,0.1
139264,-10.44,0.1
139265,-11.69,0.1
139266,-10.68,0.1
139267,-11.87,0.1
139268,-11.75,0.1
139269,-11.86,0.1
139270,-11.8,0.1
139271,-11.16,0.1
139272,-11.52,0.1
139273,-10.89,0.1
139274,-12.03,0.1
139275,-10.99,0.1
139276,-10.54,0.1
139277,-11.7,0.1
139278,-10.33,0.1
139279,-10.86,0.1
139280,-11.53,0.1
139281,-10.86,0.1
139282,-10.1,0.1
139283,-11.06,0.1
139284,-11.06,0.1
139285,-11.09,0.1
139286,-11.25,0.1
139287,-10.7,0.1
139288,-10.46,0.1
139289,-11.48,0.1
139290,-11.72,0.1
139291,-9.79,0.1
139292,-11.02,0.1
139293,-9.85,0.1
139294,-10.21,0.1
139295,-9.55,0.1
139296,-11.42,0.1
139297,-11.67,0.1
139298,-11.57,0.1
139299,-11.46,0.1
139300,-11.77,0.1
139301,-11.12,0.1
139302,-10.63,0.1
139303,-11.52,0.1
139304,-10.52,0.1
139305,-10.9,0.1
139306,-11.48,0.1
139307,-10.69,0.1
139308,-11.31,0.1
139309,-10.94,0.1
139310,-10.69,0.1
139311,-11.07,0.1
139312,-10.39,0.1
139313,-11.04,0.1
139314,-11.53,0.1
139315,-11.74,0.1
139316,-11.03,0.1
139317,-11.69,0.1
139318,-11.93,0.1
139319,-11.65,0.1
139320,-11.29,0.1
139321,-12.12,0.1
139322,-12.21,0.1
139323,-11.13,0.1
139324,-10.93,0.1
139325,-11.08,0.1
139326,-10.71,0.1
139327,-10.71,0.1
139328,-11.71,0.1
139329,-12.17,0.1
139330,-11.16,0.1
139331,-11.61,0.1
139332,-10.29,0.1
139333,-11.32,0.1
139334,-11.99,0.1
139335,-10.92,0.1
139336,-11.34,0.1
139337,-10.69,0.1
139338,-11.6,0.1
139339,-9.9,0.1
139340,-10.31,0.1
139341,-10.86,0.1
139342,-11.22,0.1
139343,-11.31,0.1
139344,-10.96,0.1
139345,-11.5,0.1
139346,-11.93,0.1
139347,-11.82,0.1
139348,-11.93,0.1
139349,-10.68,0.1
139350,-10.91,0.1
139351,-11.02,0.1
139352,-11.59,0.1
139353,-11.81,0.1
139354,-11.39,0.1
139355,-11.63,0.1
139356,-10.9,0.1
139357,-12,0.1
139358,-10.4,0.1
139359,-11.9,0.1
139360,-10.32,0.1
139361,-10.76,0.1
139362,-11.1,0.1
139363,-11.84,0.1
139364,-11.08,0.1
139365,-11.38,0.1
139366,-11.48,0.1
139367,-11.03,0.1
139368,-9.74,0.1
139369,-10.31,0.1
139370,-10.7,0.1
139371,-9.39,0.1
139372,-11.84,0.1
139373,-10.7,0.1
139374,-11.93,0.1
139375,-11.4,0.1
139376,-11.97,0.1
139377,-12.03,0.1
139378,-10.99,0.1
139379,-11.74,0.1
139380,-11.14,0.1
139381,-10.95,0.1
139382,-10.75,0.1
139383,-10.88,0.1
139384,-9.66,0.1
139385,-9.57,0.1
139386,-11.02,0.1
139387,-11.64,0.1
139388,-12.12,0.1
139389,-11.86,0.1
139390,-10.57,0.1
139391,-9.67,0.1
139392,-11.11,0.1
139393,-9.75,0.1
139394,-10.34,0.1
139395,-10.88,0.1
139396,-11.53,0.1
139397,-11.2,0.1
139398,-12.28,0.1
139399,-11.86,0.1
139400,-11.7,0.1
139401,-10.56,0.1
139402,-12.24,0.1
139403,-12.12,0.1
139404,-11.65,0.1
139405,-11.67,0.1
139406,-11.72,0.1
139407,-11.02,0.1
139408,-10.86,0.1
139409,-11.31,0.1
139410,-11.62,0.1
139411,-11.17,0.1
139412,-10.85,0.1
139413,-9.98,0.1
139414,-12.19,0.1
139415,-12.68,0.1
139416,-12.38,0.1
139417,-11.47,0.1
139418,-11.92,0.1
139419,-10.69,0.1
139420,-8.47,0.1
139421,-10.57,0.1
139422,-9.62,0.1
139423,-11.14,0.1
139424,-10.9,0.1
139425,-10.56,0.1
139426,-11.32,0.1
139427,-11.16,0.1
139428,-11.12,0.1
139429,-11.69,0.1
139430,-11.37,0.1
139431,-11.47,0.1
139432,-10.34,0.1
139433,-10.15,0.1
139434,-11,0.1
139435,-10.7,0.1
139436,-11.14,0.1
139437,-10.28,0.1
139438,-9.77,0.1
139439,-8.59,0.1
139440,-8.61,0.1
139441,-10.14,0.1
139442,-9.95,0.1
139443,-9.49,0.1
139444,-9.42,0.1
139445,-10.22,0.1
139446,-11.51,0.1
139447,-11.93,0.1
139448,-10.67,0.1
139449,-11.5,0.1
139450,-10.58,0.1
139451,-11.02,0.1
139452,-10.29,0.1
139453,-9.57,0.1
139454,-10.32,0.1
139455,-11.81,0.1
139456,-11.7,0.1
139457,-10.97,0.1
139458,-10.92,0.1
139459,-11.83,0.1
139460,-11.03,0.1
139461,-10.75,0.1
139462,-11.6,0.1
139463,-11.42,0.1
139464,-11.27,0.1
139465,-11.21,0.1
139466,-10.12,0.1
139467,-10.5,0.1
139468,-11.3,0.1
139469,-10.37,0.1
139470,-10.43,0.1
139471,-11.13,0.1
139472,-11.43,0.1
139473,-11.09,0.1
139474,-11.22,0.1
139475,-10.74,0.1
139476,-11.52,0.1
139477,-11.02,0.1
139478,-10.8,0.1
139479,-10.34,0.1
139480,-10.45,0.1
139481,-10.65,0.1
139482,-11.59,0.1
139483,-9.35,0.1
139484,-10.37,0.1
139485,-10.53,0.1
139486,-8.69,0.1
139487,-11.3,0.1
139488,-9.17,0.1
139489,-10.34,0.1
139490,-8.68,0.1
139491,-7.4,0.1
139492,-9.01,0.1
139493,-8.39,0.1
139494,-9.1,0.1
139495,-9.23,0.1
139496,-8.4,0.1
139497,-8.49,0.1
139498,-10.52,0.1
139499,-9.57,0.1
139500,-9.52,0.1
139501,-8.11,0.1
139502,-9.66,0.1
139503,-10.56,0.1
139504,-9.48,0.1
139505,-8.74,0.1
139506,-8.53,0.1
139507,-11.14,0.1
139508,-9.19,0.1
139509,-11.77,0.1
139510,-11.93,0.1
139511,-10,0.1
139512,-8.82,0.1
139513,-9.42,0.1
139514,-8.83,0.1
139515,-8.97,0.1
139516,-8.86,0.1
139517,-10.88,0.1
139518,-11.4,0.1
139519,-11.42,0.1
139520,-9.09,0.1
139521,-8.89,0.1
139522,-8.72,0.1
139523,-7.53,0.1
139524,-7.47,0.1
139525,-8.96,0.1
139526,-5.4,0.1
139527,-6.24,0.1
139528,-4.57,0.1
139529,-4.51,0.1
139530,-3.65,0.1
139531,-9.02,0.05
139532,-8.95,0.05
139533,-8.88,0.05
139534,-8.43,0.05
139535,-8.14,0.05
139536,-8.27,0.05
139537,-8.43,0.05
139538,-8.48,0.05
139539,-9.12,0.05
139540,-9.76,0.05
139541,-10.45,0.05
139542,-10.65,0.05
139543,-10.54,0.05
139544,-9.51,0.05
139545,-8.98,0.05
139546,-9.27,0.05
139547,-9.69,0.05
139548,-10.17,0.05
139549,-10.57,0.05
139550,-10.43,0.05
139551,-10.23,0.05
139552,-9.64,0.05
139553,-9.34,0.05
139554,-9.62,0.05
139555,-10.27,0.05
139556,-11.01,0.05
139557,-11.13,0.05
139558,-11.13,0.05
139559,-10.86,0.05
139560,-10.15,0.05
139561,-9.88,0.05
139562,-10.02,0.05
139563,-9.84,0.05
139564,-9.87,0.05
139565,-10.01,0.05
139566,-10.27,0.05
139567,-10.7,0.05
139568,-10.98,0.05
139569,-11.18,0.05
139570,-11.2,0.05
139571,-11.17,0.05
139572,-11.06,0.05
139573,-10.94,0.05
139574,-10.93,0.05
139575,-10.95,0.05
139576,-10.9,0.05
139577,-10.66,0.05
139578,-10.43,0.05
139579,-10.03,0.05
139580,-10.13,0.05
139581,-10.13,0.05
139582,-10.15,0.05
139583,-10.19,0.05
139584,-10.02,0.05
139585,-10.09,0.05
139586,-9.94,0.05
139587,-10.12,0.05
139588,-9.91,0.05
139589,-9.98,0.05
139590,-9.78,0.05
139591,-9.46,0.05
139592,-9.59,0.05
139593,-9.82,0.05
139594,-9.67,0.05
139595,-9.09,0.05
139596,-8.71,0.05
139597,-8.63,0.05
139598,-8.92,0.05
139599,-8.7,0.05
139600,-8.48,0.05
139601,-8.64,0.05
139602,-8.85,0.05
139603,-8.73,0.05
139604,-8.92,0.05
139605,-8.58,0.05
139606,-8.87,0.05
139607,-8.99,0.05
139608,-8.72,0.05
139609,-8.81,0.05
139610,-9,0.05
139611,-9.02,0.05
139612,-9.14,0.05
139613,-9.28,0.05
139614,-8.93,0.05
139615,-8.85,0.05
139616,-8.96,0.05
139617,-8.85,0.05
139618,-8.65,0.05
139619,-8.81,0.05
139620,-8.82,0.05
139621,-8.68,0.05
139622,-8.31,0.05
139623,-8.21,0.05
139624,-8.41,0.05
139625,-8.35,0.05
139626,-8.17,0.05
139627,-8.39,0.05
139628,-8.71,0.05
139629,-8.74,0.05
139630,-8.76,0.05
139631,-8.73,0.05
139632,-8.69,0.05
139633,-8.69,0.05
139634,-8.63,0.05
139635,-8.57,0.05
139636,-8.16,0.05
139637,-8.64,0.05
139638,-8.65,0.05
139639,-8.82,0.05
139640,-8.46,0.05
139641,-8.72,0.05
139642,-8.14,0.05
139643,-7.65,0.05
139644,-7.39,0.05
139645,-7.78,0.05
139646,-8.29,0.05
139647,-8.66,0.05
139648,-8.67,0.05
139649,-8.68,0.05
139650,-8.5,0.05
139651,-8.5,0.05
139652,-8.48,0.05
139653,-8.59,0.05
139654,-8.56,0.05
139655,-8.35,0.05
139656,-8.25,0.05
139657,-8.19,0.05
139658,-8.04,0.05
139659,-8.31,0.05
139660,-8.6,0.05
139661,-8.96,0.05
139662,-8.93,0.05
139663,-9.28,0.05
139664,-9.37,0.05
139665,-9.36,0.05
139666,-9.35,0.05
139667,-9.53,0.05
139668,-9.44,0.05
139669,-9.54,0.05
139670,-9.53,0.05
139671,-9.5,0.05
139672,-9.49,0.05
139673,-9.48,0.05
139674,-9.38,0.05
139675,-9.6,0.05
139676,-9.42,0.05
139677,-9.19,0.05
139678,-9.17,0.05
139679,-9.03,0.05
139680,-8.95,0.05
139681,-8.92,0.05
139682,-8.76,0.05
139683,-8.52,0.05
139684,-8.55,0.05
139685,-8.35,0.05
139686,-8.23,0.05
139687,-8.36,0.05
139688,-8.16,0.05
139689,-8.4,0.05
139690,-8.58,0.05
139691,-8.63,0.05
139692,-9.09,0.05
139693,-9.47,0.05
139694,-9.57,0.05
139695,-9.54,0.05
139696,-9.53,0.05
139697,-9.33,0.05
139698,-9.24,0.05
139699,-8.94,0.05
139700,-8.86,0.05
139701,-8.3,0.05
139702,-8.4,0.05
139703,-7.85,0.05
139704,-7.94,0.05
139705,-7.83,0.05
139706,-8.1,0.05
139707,-8,0.05
139708,-7.99,0.05
139709,-8.04,0.05
139710,-7.83,0.05
139711,-7.84,0.05
139712,-8.23,0.05
139713,-8.19,0.05
139714,-8.15,0.05
139715,-7.61,0.05
139716,-7.76,0.05
139717,-7.88,0.05
139718,-7.67,0.05
139719,-7.5,0.05
139720,-7.72,0.05
139721,-7.88,0.05
139722,-8.27,0.05
139723,-8.32,0.05
139724,-8.24,0.05
139725,-8.05,0.05
139726,-7.9,0.05
139727,-7.55,0.05
139728,-7.7,0.05
139729,-7.69,0.05
139730,-7.53,0.05
139731,-7.71,0.05
139732,-8.11,0.05
139733,-8.29,0.05
139734,-8.55,0.05
139735,-8.79,0.05
139736,-8.84,0.05
139737,-8.36,0.05
139738,-7.97,0.05
139739,-8.3,0.05
139740,-8.64,0.05
139741,-8.28,0.05
139742,-8.09,0.05
139743,-8.46,0.05
139744,-8.43,0.05
139745,-8.13,0.05
139746,-7.71,0.05
139747,-8.1,0.05
139748,-8.74,0.05
139749,-8.74,0.05
139750,-8.25,0.05
139751,-8.47,0.05
139752,-9.15,0.05
139753,-9.56,0.05
139754,-9.54,0.05
139755,-9.31,0.05
139756,-9.45,0.05
139757,-9.91,0.05
139758,-10.1,0.05
139759,-10.07,0.05
139760,-9.89,0.05
139761,-9.95,0.05
139762,-9.94,0.05
139763,-9.69,0.05
139764,-9.51,0.05
139765,-9.61,0.05
139766,-9.66,0.05
139767,-9.7,0.05
139768,-9.61,0.05
139769,-9.87,0.05
139770,-10.01,0.05
139771,-10.27,0.05
139772,-10.32,0.05
139773,-10.23,0.05
139774,-10.17,0.05
139775,-10.18,0.05
139776,-9.96,0.05
139777,-10.11,0.05
139778,-10.16,0.05
139779,-10.15,0.05
139780,-10.19,0.05
139781,-10.42,0.05
139782,-10.32,0.05
139783,-10.29,0.05
139784,-10.16,0.05
139785,-10.24,0.05
139786,-10.15,0.05
139787,-10.2,0.05
139788,-10.26,0.05
139789,-10.24,0.05
139790,-9.73,0.05
139791,-9.9,0.05
139792,-9.91,0.05
139793,-10.06,0.05
139794,-10.05,0.05
139795,-10.33,0.05
139796,-10.4,0.05
139797,-10.39,0.05
139798,-10.05,0.05
139799,-10.13,0.05
139800,-10.11,0.05
139801,-10.13,0.05
139802,-9.97,0.05
139803,-10.12,0.05
139804,-9.79,0.05
139805,-9.4,0.05
139806,-9.21,0.05
139807,-9.32,0.05
139808,-8.98,0.05
139809,-9.08,0.05
139810,-8.86,0.05
139811,-8.43,0.05
139812,-8.31,0.05
139813,-8.31,0.05
139814,-8.42,0.05
139815,-7.93,0.05
139816,-7.93,0.05
139817,-8.46,0.05
139818,-8.37,0.05
139819,-8.34,0.05
139820,-8.46,0.05
139821,-8.72,0.05
139822,-8.48,0.05
139823,-8.35,0.05
139824,-8.81,0.05
139825,-8.93,0.05
139826,-8.99,0.05
139827,-9.15,0.05
139828,-9.21,0.05
139829,-9,0.05
139830,-9.18,0.05
139831,-8.99,0.05
139832,-9,0.05
139833,-8.98,0.05
139834,-8.96,0.05
139835,-8.87,0.05
139836,-8.81,0.05
139837,-8.66,0.05
139838,-8.51,0.05
139839,-8.6,0.05
139840,-8.53,0.05
139841,-8.65,0.05
139842,-8.77,0.05
139843,-8.36,0.05
139844,-8.16,0.05
139845,-8,0.05
139846,-8.1,0.05
139847,-7.93,0.05
139848,-7.97,0.05
139849,-8.36,0.05
139850,-8.89,0.05
139851,-9.33,0.05
139852,-9.12,0.05
139853,-9.13,0.05
139854,-9.16,0.05
139855,-8.6,0.05
139856,-8.48,0.05
139857,-8.01,0.05
139858,-7.02,0.05
139859,-6.69,0.05
139860,-7.12,0.05
139861,-6.32,0.05
139862,-6.48,0.05
139863,-6.19,0.05
139864,-6.37,0.05
139865,-6.47,0.05
139866,-6.62,0.05
139867,-6.79,0.05
139868,-6.75,0.05
139869,-6.56,0.05
139870,-6.62,0.05
139871,-6.72,0.05
139872,-6.7,0.05
139873,-6.64,0.05
139874,-6.67,0.05
139875,-6.79,0.05
139876,-6.88,0.05
139877,-6.91,0.05
139878,-6.85,0.05
139879,-6.85,0.05
139880,-7,0.05
139881,-6.97,0.05
139882,-6.97,0.05
139883,-7.09,0.05
139884,-7.07,0.05
139885,-7.31,0.05
139886,-7.24,0.05
139887,-7.41,0.05
139888,-7.4,0.05
139889,-7.47,0.05
139890,-7.25,0.05
139891,-7.16,0.05
139892,-6.76,0.05
139893,-6.8,0.05
139894,-6.68,0.05
139895,-6.95,0.05
139896,-6.9,0.05
139897,-6.95,0.05
139898,-6.94,0.05
139899,-7.21,0.05
139900,-7.26,0.05
139901,-7.38,0.05
139902,-7.75,0.05
139903,-8.02,0.05
139904,-7.63,0.05
139905,-7.66,0.05
139906,-7.57,0.05
139907,-7.94,0.05
139908,-8.34,0.05
139909,-9.19,0.05
139910,-9.69,0.05
139911,-10.37,0.05
139912,-10.46,0.05
139913,-9.72,0.05
139914,-8.04,0.05
139915,-7.43,0.05
139916,-6.99,0.05
139917,-7.12,0.05
139918,-7.27,0.05
139919,-8,0.05
139920,-8.57,0.05
139921,-8.75,0.05
139922,-7.61,0.05
139923,-7.26,0.05
139924,-7.31,0.05
139925,-7.6,0.05
139926,-7.94,0.05
139927,-8.84,0.05
139928,-8.81,0.05
139929,-8.8,0.05
139930,-8.52,0.05
139931,-8.17,0.05
139932,-8.03,0.05
139933,-8.1,0.05
139934,-7.74,0.05
139935,-7.49,0.05
139936,-7.41,0.05
139937,-7.53,0.05
139938,-7.27,0.05
139939,-7.07,0.05
139940,-7.24,0.05
139941,-6.99,0.05
139942,-7.01,0.05
139943,-6.94,0.05
139944,-6.8,0.05
139945,-6.6,0.05
139946,-6.87,0.05
139947,-6.84,0.05
139948,-7.64,0.05
139949,-7.75,0.05
139950,-7.37,0.05
139951,-7.02,0.05
139952,-6.92,0.05
139953,-6.97,0.05
139954,-6.71,0.05
139955,-6.37,0.05
139956,-6.74,0.05
139957,-6.93,0.05
139958,-7.55,0.05
139959,-7.69,0.05
139960,-8.07,0.05
139961,-7.87,0.05
139962,-8.1,0.05
139963,-8.07,0.05
139964,-7.92,0.05
139965,-7.75,0.05
139966,-7.9,0.05
139967,-8.05,0.05
139968,-8.63,0.05
139969,-8.46,0.05
139970,-8.42,0.05
139971,-8.4,0.05
139972,-8.55,0.05
139973,-8.28,0.05
139974,-8.57,0.05
139975,-8.74,0.05
139976,-8.84,0.05
139977,-8.65,0.05
139978,-8.65,0.05
139979,-8.44,0.05
139980,-8.28,0.05
139981,-8.01,0.05
139982,-7.86,0.05
139983,-7.78,0.05
139984,-7.87,0.05
139985,-7.76,0.05
139986,-7.68,0.05
139987,-7.53,0.05
139988,-7.71,0.05
139989,-7.77,0.05
139990,-7.73,0.05
139991,-7.39,0.05
139992,-7.52,0.05
139993,-7.24,0.05
139994,-7.54,0.05
139995,-7.11,0.05
139996,-7.21,0.05
139997,-7.23,0.05
139998,-7.04,0.05
139999,-6.94,0.05
140000,-6.84,0.05
140001,-6.87,0.05
140002,-6.81,0.05
140003,-6.88,0.05
140004,-7.18,0.05
140005,-6.73,0.05
140006,-7.08,0.05
140007,-6.68,0.05
140008,-6.98,0.05
140009,-6.43,0.05
140010,-6.9,0.05
140011,-6.68,0.05
140012,-7.16,0.05
140013,-7.03,0.05
140014,-7.4,0.05
140015,-7.25,0.05
140016,-7.5,0.05
140017,-7.35,0.05
140018,-7.57,0.05
140019,-7.4,0.05
140020,-7.4,0.05
140021,-7.6,0.05
140022,-7.45,0.05
140023,-7.42,0.05
140024,-6.91,0.05
140025,-7.45,0.05
140026,-7.54,0.05
140027,-8.15,0.05
140028,-8.01,0.05
140029,-8.17,0.05
140030,-7.29,0.05
140031,-7.93,0.05
140032,-7.71,0.05
140033,-7.87,0.05
140034,-7.92,0.05
140035,-8.21,0.05
140036,-7.45,0.05
140037,-7.33,0.05
140038,-7.52,0.05
140039,-7.81,0.05
140040,-7.8,0.05
140041,-8.17,0.05
140042,-7.57,0.05
140043,-8.03,0.05
140044,-8.04,0.05
140045,-8.12,0.05
140046,-8.53,0.05
140047,-8.77,0.05
140048,-8.82,0.05
140049,-9.12,0.05
140050,-8.69,0.05
140051,-9.26,0.05
140052,-8.6,0.05
140053,-8.49,0.05
140054,-8.06,0.05
140055,-8.61,0.05
140056,-8.08,0.05
140057,-8.33,0.05
140058,-8.24,0.05
140059,-8.47,0.05
140060,-7.97,0.05
140061,-8.12,0.05
140062,-8.08,0.05
140063,-8.59,0.05
140064,-7.77,0.05
140065,-8.07,0.05
140066,-8.07,0.05
140067,-7.95,0.05
140068,-8.06,0.05
140069,-8.8,0.05
140070,-7.94,0.05
140071,-7.79,0.05
140072,-8.06,0.05
140073,-9.11,0.05
140074,-8.67,0.05
140075,-8.27,0.05
140076,-7.88,0.05
140077,-7.94,0.05
140078,-7.98,0.05
140079,-8.12,0.05
140080,-8.01,0.05
140081,-7.98,0.05
140082,-7.19,0.05
140083,-6.97,0.05
140084,-7.31,0.05
140085,-7.07,0.05
140086,-6.78,0.05
140087,-6.75,0.05
140088,-6.98,0.05
140089,-7.22,0.05
140090,-7.2,0.05
140091,-7.31,0.05
140092,-7.42,0.05
140093,-7.51,0.05
140094,-7.72,0.05
140095,-7.71,0.05
140096,-7.96,0.05
140097,-7.97,0.05
140098,-7.93,0.05
140099,-8.06,0.05
140100,-7.79,0.05
140101,-8.12,0.05
140102,-8.18,0.05
140103,-8.33,0.05
140104,-8.18,0.05
140105,-8.03,0.05
140106,-8.09,0.05
140107,-8.39,0.05
140108,-8.32,0.05
140109,-8.52,0.05
140110,-8.58,0.05
140111,-8.53,0.05
140112,-8.33,0.05
140113,-8.17,0.05
140114,-8.17,0.05
140115,-8,0.05
140116,-7.99,0.05
140117,-8.04,0.05
140118,-8.02,0.05
140119,-8.03,0.05
140120,-7.8,0.05
140121,-7.81,0.05
140122,-7.74,0.05
140123,-7.77,0.05
140124,-7.84,0.05
140125,-7.76,0.05
140126,-7.66,0.05
140127,-7.96,0.05
140128,-7.98,0.05
140129,-7.47,0.05
140130,-7.51,0.05
140131,-7.8,0.05
140132,-7.74,0.05
140133,-7.62,0.05
140134,-7.76,0.05
140135,-8.01,0.05
140136,-7.74,0.05
140137,-7.89,0.05
140138,-7.83,0.05
140139,-7.81,0.05
140140,-7.92,0.05
140141,-8.56,0.05
140142,-8.62,0.05
140143,-8.76,0.05
140144,-8.95,0.05
140145,-8.88,0.05
140146,-9.25,0.05
140147,-9.19,0.05
140148,-9.32,0.05
140149,-9.45,0.05
140150,-9.55,0.05
140151,-9.27,0.05
140152,-9.4,0.05
140153,-8.96,0.05
140154,-9.04,0.05
140155,-8.68,0.05
140156,-9.03,0.05
140157,-9.1,0.05
140158,-9.27,0.05
140159,-9.24,0.05
140160,-9.13,0.05
140161,-8.98,0.05
140162,-9.27,0.05
140163,-9.15,0.05
140164,-9.17,0.05
140165,-8.92,0.05
140166,-9.61,0.05
140167,-8.89,0.05
140168,-9.43,0.05
140169,-8.31,0.05
140170,-8.65,0.05
140171,-7.67,0.05
140172,-8.11,0.05
140173,-9.17,0.05
140174,-7.7,0.05
140175,-7.54,0.05
140176,-7.73,0.05
140177,-7.55,0.05
140178,-7.85,0.05
140179,-7.98,0.05
140180,-8.4,0.05
140181,-8.1,0.05
140182,-8.18,0.05
140183,-7.82,0.05
140184,-7.9,0.05
140185,-8,0.05
140186,-8.19,0.05
140187,-7.83,0.05
140188,-8.03,0.05
140189,-7.84,0.05
140190,-8.05,0.05
140191,-8,0.05
140192,-8.14,0.05
140193,-8.22,0.05
140194,-8.32,0.05
140195,-7.88,0.05
140196,-8.5,0.05
140197,-8.63,0.05
140198,-8.93,0.05
140199,-8.92,0.05
140200,-8.98,0.05
140201,-8.79,0.05
140202,-8.66,0.05
140203,-8.7,0.05
140204,-8.87,0.05
140205,-8.73,0.05
140206,-8.63,0.05
140207,-8.57,0.05
140208,-8.98,0.05
140209,-9.23,0.05
140210,-8.88,0.05
140211,-8.94,0.05
140212,-8.67,0.05
140213,-8.76,0.05
140214,-8.64,0.05
140215,-8.79,0.05
140216,-8.73,0.05
140217,-8.82,0.05
140218,-8.61,0.05
140219,-8.92,0.05
140220,-8.71,0.05
140221,-8.89,0.05
140222,-8.65,0.05
140223,-8.75,0.05
140224,-8.6,0.05
140225,-8.66,0.05
140226,-8.55,0.05
140227,-8.59,0.05
140228,-8.52,0.05
140229,-8.56,0.05
140230,-8.84,0.05
140231,-9.04,0.05
140232,-9.02,0.05
140233,-9.41,0.05
140234,-9.31,0.05
140235,-9.48,0.05
140236,-9.45,0.05
140237,-9.84,0.05
140238,-9.53,0.05
140239,-9.61,0.05
140240,-9.62,0.05
140241,-10.04,0.05
140242,-9.93,0.05
140243,-10.06,0.05
140244,-10.07,0.05
140245,-10.47,0.05
140246,-10.21,0.05
140247,-9.96,0.05
140248,-9.97,0.05
140249,-10.05,0.05
140250,-10.05,0.05
140251,-10.49,0.05
140252,-10.33,0.05
140253,-10.19,0.05
140254,-10.07,0.05
140255,-10.17,0.05
140256,-10.25,0.05
140257,-10.38,0.05
140258,-10.03,0.05
140259,-10.07,0.05
140260,-9.89,0.05
140261,-9.53,0.05
140262,-9.06,0.05
140263,-9.02,0.05
140264,-8.9,0.05
140265,-8.98,0.05
140266,-8.65,0.05
140267,-8.44,0.05
140268,-8.08,0.05
140269,-8.2,0.05
140270,-8,0.05
140271,-7.7,0.05
140272,-7.93,0.05
140273,-7.86,0.05
140274,-7.43,0.05
140275,-7.27,0.05
140276,-7.27,0.05
140277,-7.3,0.05
140278,-7.22,0.05
140279,-7.62,0.05
140280,-7.54,0.05
140281,-7.75,0.05
140282,-8.22,0.05
140283,-8.6,0.05
140284,-8.67,0.05
140285,-9.03,0.05
140286,-9.29,0.05
140287,-9.35,0.05
140288,-9.4,0.05
140289,-9.5,0.05
140290,-9.44,0.05
140291,-9.35,0.05
140292,-9.34,0.05
140293,-9.36,0.05
140294,-9.4,0.05
140295,-9.46,0.05
140296,-9.51,0.05
140297,-9.54,0.05
140298,-9.59,0.05
140299,-9.76,0.05
140300,-9.93,0.05
140301,-10.05,0.05
140302,-10.05,0.05
140303,-10.03,0.05
140304,-10.19,0.05
140305,-10.05,0.05
140306,-10.07,0.05
140307,-10.01,0.05
140308,-9.9,0.05
140309,-10.01,0.05
140310,-9.75,0.05
140311,-9.8,0.05
140312,-9.55,0.05
140313,-9.88,0.05
140314,-10.05,0.05
140315,-10.17,0.05
140316,-9.99,0.05
140317,-10.01,0.05
140318,-9.88,0.05
140319,-9.81,0.05
140320,-9.55,0.05
140321,-9.78,0.05
140322,-9.79,0.05
140323,-10.15,0.05
140324,-10.17,0.05
140325,-10.2,0.05
140326,-10.09,0.05
140327,-9.95,0.05
140328,-9.79,0.05
140329,-9.83,0.05
140330,-10.03,0.05
140331,-10.28,0.05
140332,-10.14,0.05
140333,-9.85,0.05
140334,-9.62,0.05
140335,-9.83,0.05
140336,-9.91,0.05
140337,-10.04,0.05
140338,-9.95,0.05
140339,-9.77,0.05
140340,-9.66,0.05
140341,-10.04,0.05
140342,-9.79,0.05
140343,-9.7,0.05
140344,-9.53,0.05
140345,-9.62,0.05
140346,-9.34,0.05
140347,-9.53,0.05
140348,-9.55,0.05
140349,-9.82,0.05
140350,-9.81,0.05
140351,-9.73,0.05
140352,-9.66,0.05
140353,-9.76,0.05
140354,-9.91,0.05
140355,-9.93,0.05
140356,-9.89,0.05
140357,-9.69,0.05
140358,-9.82,0.05
140359,-9.78,0.05
140360,-9.78,0.05
140361,-9.75,0.05
140362,-9.97,0.05
140363,-9.81,0.05
140364,-9.53,0.05
140365,-9.17,0.05
140366,-9.57,0.05
140367,-9.77,0.05
140368,-9.62,0.05
140369,-9.29,0.05
140370,-8.67,0.05
140371,-7.83,0.05
140372,-8.23,0.05
140373,-7.91,0.05
140374,-7.6,0.05
140375,-7.6,0.05
140376,-7.94,0.05
140377,-8.4,0.05
140378,-8.81,0.05
140379,-8.65,0.05
140380,-9.04,0.05
140381,-9.23,0.05
140382,-9.37,0.05
140383,-9.22,0.05
140384,-9.21,0.05
140385,-8.45,0.05
140386,-8.19,0.05
140387,-7.71,0.05
140388,-7.63,0.05
140389,-7.66,0.05
140390,-7.82,0.05
140391,-7.49,0.05
140392,-7.77,0.05
140393,-7.52,0.05
144066,2.65,0.06
144067,2.54,0.06
144068,2.48,0.06
144069,2.42,0.06
144070,2.37,0.06
144071,2.39,0.06
144072,2.32,0.06
144073,2.22,0.06
144074,2.29,0.06
144075,2.16,0.06
144076,2.03,0.06
144077,2.08,0.06
144078,1.96,0.06
144079,1.93,0.06
144080,1.96,0.06
144081,1.89,0.06
144082,1.84,0.06
144083,1.96,0.06
144084,1.88,0.06
144085,1.95,0.06
144086,1.92,0.06
144087,1.84,0.06
144088,1.94,0.06
144089,1.9,0.06
144090,1.95,0.06
144091,1.97,0.06
144092,1.97,0.06
144093,1.88,0.06
144094,2,0.06
144095,1.97,0.06
144096,1.93,0.06
144097,1.98,0.06
144098,1.89,0.06
144099,1.88,0.06
144100,1.92,0.06
144101,1.88,0.06
144102,1.95,0.06
144103,1.86,0.06
144104,1.87,0.06
144105,1.88,0.06
144106,1.93,0.06
144107,1.93,0.06
144108,1.97,0.06
144109,2.02,0.06
144110,2.02,0.06
144111,1.97,0.06
144112,2.11,0.06
144113,2.08,0.06
144114,2.05,0.06
144115,2.2,0.06
144116,2.17,0.06
144117,2.23,0.06
144118,2.09,0.06
144119,2.12,0.06
144120,2.1,0.06
144121,2.12,0.06
144122,2.12,0.06
144123,2.13,0.06
144124,2.05,0.06
144125,2.03,0.06
144126,1.97,0.06
144127,1.89,0.06
144128,1.94,0.06
144129,1.89,0.06
144130,1.95,0.06
144131,1.93,0.06
144132,1.93,0.06
144133,1.97,0.06
144134,1.81,0.06
144135,1.93,0.06
144136,1.95,0.06
144137,1.95,0.06
144138,1.96,0.06
144139,1.86,0.06
144140,1.77,0.06
144141,1.78,0.06
144142,1.7,0.06
144143,1.75,0.06
144144,1.6,0.06
144145,1.51,0.06
144146,1.58,0.06
144147,1.57,0.06
144148,1.51,0.06
144149,1.5,0.06
144150,1.51,0.06
144151,1.41,0.06
144152,1.39,0.06
144153,1.38,0.06
144154,1.33,0.06
144155,1.45,0.06
144156,1.57,0.06
144157,1.61,0.06
144158,1.63,0.06
144159,1.49,0.06
144160,1.57,0.06
144161,1.38,0.06
144162,1.53,0.06
144163,1.32,0.06
144164,1.34,0.06
144165,1.44,0.06
144166,1.51,0.06
144167,1.45,0.06
144168,1.44,0.06
144169,1.3,0.06
144170,1.48,0.06
144171,1.51,0.06
144172,1.6,0.06
144173,1.5,0.06
144174,1.66,0.06
144175,1.64,0.06
144176,1.74,0.06
144177,1.73,0.06
144178,1.77,0.06
144179,1.74,0.06
144180,1.57,0.06
144181,1.73,0.06
144182,1.62,0.06
144183,1.54,0.06
144184,1.44,0.06
144185,1.34,0.06
144186,1.35,0.06
144187,1.28,0.06
144188,1.4,0.06
144189,1.39,0.06
144190,1.51,0.06
144191,1.42,0.06
144192,1.39,0.06
144193,1.3,0.06
144194,1.47,0.06
144195,1.53,0.06
144196,1.6,0.06
144197,1.7,0.06
144198,1.73,0.06
144199,1.76,0.06
144200,1.61,0.06
144201,1.63,0.06
144202,1.45,0.06
144203,1.42,0.06
144204,1.8,0.06
144205,1.84,0.06
144206,1.73,0.06
144207,1.89,0.06
144208,1.9,0.06
144209,1.49,0.06
144210,1.58,0.06
144211,1.6,0.06
144212,1.64,0.06
144213,1.75,0.06
144214,1.8,0.06
144215,1.91,0.06
144216,1.88,0.06
144217,1.62,0.06
144218,1.33,0.06
144219,1.4,0.06
144220,1.5,0.06
144221,1.56,0.06
144222,1.93,0.06
144223,1.98,0.06
144224,2.04,0.06
144225,2.05,0.06
144226,2.1,0.06
144227,2.2,0.06
144228,2.61,0.06
144229,2.66,0.06
144230,2.94,0.06
144231,2.83,0.06
144232,2.54,0.06
144233,2.66,0.06
144234,2.81,0.06
144235,2.95,0.06
144236,2.95,0.06
144237,2.81,0.06
144238,2.59,0.06
144239,1.85,0.06
144240,1.58,0.06
144241,1.53,0.06
144242,1.51,0.06
144243,1.12,0.06
144244,1.22,0.06
144245,1.07,0.06
144246,1.16,0.06
144247,1.27,0.06
144248,1.47,0.06
144249,1.29,0.06
144250,1.28,0.06
144251,1.49,0.06
144252,1.74,0.06
144253,1.56,0.06
144254,1.42,0.06
144255,1.48,0.06
144256,1.57,0.06
144257,1.54,0.06
144258,1.55,0.06
144259,1.53,0.06
144260,1.58,0.06
144261,1.67,0.06
144262,1.7,0.06
144263,1.65,0.06
144264,1.71,0.06
144265,1.7,0.06
144266,1.73,0.06
144267,1.66,0.06
144268,1.72,0.06
144269,1.47,0.06
144270,1.61,0.06
144271,1.45,0.06
144272,1.45,0.06
144273,1.37,0.06
144274,1.47,0.06
144275,1.39,0.06
144276,1.46,0.06
144277,1.51,0.06
144278,1.56,0.06
144279,1.69,0.06
144280,1.68,0.06
144281,1.71,0.06
144282,1.69,0.06
144283,1.67,0.06
144284,1.69,0.06
144285,1.61,0.06
144286,1.54,0.06
144287,1.64,0.06
144288,1.47,0.06
144289,1.53,0.06
144290,1.62,0.06
144291,1.59,0.06
144292,1.49,0.06
144293,1.52,0.06
144294,1.52,0.06
144295,1.57,0.06
144296,1.52,0.06
144297,1.51,0.06
144298,1.57,0.06
144299,1.51,0.06
144300,1.59,0.06
144301,1.46,0.06
144302,1.63,0.06
144303,1.7,0.06
144304,1.73,0.06
144305,1.75,0.06
144306,1.83,0.06
144307,1.82,0.06
144308,1.86,0.06
144309,1.96,0.06
144310,1.96,0.06
144311,1.8,0.06
144312,1.93,0.06
144313,1.81,0.06
144314,1.83,0.06
144315,1.71,0.06
144316,1.7,0.06
144317,1.75,0.06
144318,1.64,0.06
144319,1.8,0.06
144320,1.62,0.06
144321,1.54,0.06
144322,1.72,0.06
144323,1.64,0.06
144324,1.76,0.06
144325,1.7,0.06
144326,1.59,0.06
144327,1.67,0.06
144328,1.62,0.06
144329,1.77,0.06
144330,1.86,0.06
144331,1.95,0.06
144332,1.91,0.06
144333,1.91,0.06
144334,1.95,0.06
144335,1.89,0.06
144336,1.95,0.06
144337,1.91,0.06
144338,1.92,0.06
144339,1.95,0.06
144340,1.93,0.06
144341,1.72,0.06
144342,1.73,0.06
144343,1.79,0.06
144344,1.8,0.06
144345,1.8,0.06
144346,1.9,0.06
144347,1.86,0.06
144348,1.82,0.06
144349,1.8,0.06
144350,1.95,0.06
144351,2,0.06
144352,1.9,0.06
144353,1.93,0.06
144354,1.91,0.06
144355,1.86,0.06
144356,1.75,0.06
144357,1.78,0.06
144358,1.72,0.06
144359,1.21,0.06
144360,1.3,0.06
144361,1.31,0.06
144362,1.41,0.06
144363,1.53,0.06
144364,1.68,0.06
144365,1.86,0.06
144366,2.1,0.06
144367,2.22,0.06
144368,2.3,0.06
144369,2.2,0.06
144370,2.31,0.06
144371,2.35,0.06
144372,2.23,0.06
144373,2.33,0.06
144374,2.32,0.06
144375,2.61,0.06
144376,2.71,0.06
144377,2.66,0.06
144378,2.39,0.06
144379,1.97,0.06
144380,1.81,0.06
144381,1.73,0.06
144382,1.89,0.06
144383,2.15,0.06
144384,1.82,0.06
144385,1.54,0.06
144386,1.37,0.06
144387,1.7,0.06
144388,1.8,0.06
144389,1.59,0.06
144390,1.44,0.06
144391,1.14,0.06
144392,1.31,0.06
144393,1.14,0.06
144394,1.35,0.06
144395,1.31,0.06
144396,1.45,0.06
144397,1.59,0.06
144398,1.46,0.06
144399,1.46,0.06
144400,1.45,0.06
144401,1.28,0.06
144402,1.26,0.06
144403,1.6,0.06
144404,1.91,0.06
144405,1.96,0.06
144406,2.14,0.06
144407,2.29,0.06
144408,2.07,0.06
144409,1.86,0.06
144410,1.63,0.06
144411,1.8,0.06
144412,1.9,0.06
144413,2.09,0.06
144414,2.44,0.06
144415,2.51,0.06
144416,2.65,0.06
144417,2.66,0.06
144418,2.68,0.06
144419,3.13,0.06
144420,3.86,0.06
144421,4.11,0.06
144422,4.8,0.06
144423,4.99,0.06
144424,4.5,0.06
144425,3.92,0.06
144426,3.42,0.06
144427,3.07,0.06
144428,2.67,0.06
144429,2.56,0.06
144430,2.39,0.06
144431,2.38,0.06
144432,2.27,0.06
144433,2.28,0.06
144434,2.28,0.06
144435,2.35,0.06
144436,2.53,0.06
144437,2.9,0.06
144438,3.85,0.06
144439,6.14,0.06
144440,6.68,0.06
144441,8.07,0.06
144442,8.8,0.06
144443,9.28,0.06
144444,9.65,0.06
144445,9.06,0.06
144446,9.06,0.06
144447,8.24,0.06
144448,8.05,0.06
144449,7.83,0.06
144450,7.7,0.06
144451,7.66,0.06
144452,7.48,0.06
144453,7.41,0.06
144454,7.45,0.06
144455,7.47,0.06
144456,7.4,0.06
144457,7.62,0.06
144458,7.78,0.06
144459,7.7,0.06
144460,7.46,0.06
144461,7.24,0.06
144462,7.27,0.06
144463,6.98,0.06
144464,6.86,0.06
144465,6.59,0.06
144466,6.47,0.06
144467,6.58,0.06
144468,6.57,0.06
144469,6.65,0.06
144470,6.53,0.06
144471,6.41,0.06
144472,6.41,0.06
144473,6.28,0.06
144474,6.19,0.06
144475,6.07,0.06
144476,5.99,0.06
144477,6.01,0.06
144478,6.28,0.06
144479,6.42,0.06
144480,6.43,0.06
144481,6.5,0.06
144482,6.37,0.06
144483,6.43,0.06
144484,6.32,0.06
144485,6.14,0.06
144486,6.04,0.06
144487,5.95,0.06
144488,6.06,0.06
144489,6,0.06
144490,5.98,0.06
144491,5.89,0.06
144492,5.84,0.06
144493,5.88,0.06
144494,5.92,0.06
144495,6.16,0.06
144496,6.2,0.06
144497,6.09,0.06
144498,5.98,0.06
144499,5.96,0.06
144500,5.96,0.06
144501,6.03,0.06
144502,6.09,0.06
144503,6.21,0.06
144504,6.27,0.06
144505,6.08,0.06
144506,5.96,0.06
144507,5.79,0.06
144508,5.69,0.06
144509,5.52,0.06
144510,5.43,0.06
144511,5.32,0.06
144512,5.27,0.06
144513,5.53,0.06
144514,5.52,0.06
144515,5.5,0.06
144516,5.41,0.06
144517,5.54,0.06
144518,5.42,0.06
144519,5.45,0.06
144520,5.36,0.06
144521,5.22,0.06
144522,5.22,0.06
144523,5.18,0.06
144524,5.34,0.06
144525,5.31,0.06
144526,5.19,0.06
144527,5,0.06
144528,4.85,0.06
144529,4.36,0.06
144530,3.53,0.06
144531,3.11,0.06
144532,3.14,0.06
144533,3.75,0.06
144534,4.24,0.06
144535,4.61,0.06
144536,4.71,0.06
144537,4.6,0.06
144538,4.39,0.06
144539,4.23,0.06
144540,4.04,0.06
144541,3.8,0.06
144542,3.22,0.06
144543,2.61,0.06
144544,2.62,0.06
144545,2.8,0.06
144546,3.11,0.06
144547,3.26,0.06
144548,3.31,0.06
144549,3.34,0.06
144550,3.6,0.06
144551,3.75,0.06
144552,4.09,0.06
144553,4.21,0.06
144554,4.18,0.06
144555,3.49,0.06
144556,2.88,0.06
144557,2.13,0.06
144558,1.66,0.06
144559,1.63,0.06
144560,1.88,0.06
144561,2,0.06
144562,1.94,0.06
144563,1.82,0.06
144564,1.67,0.06
144565,1.54,0.06
144566,1.43,0.06
144567,1.4,0.06
144568,1.4,0.06
144569,1.28,0.06
144570,1.21,0.06
144571,1.12,0.06
144572,1.02,0.06
144573,1.14,0.06
144574,1.16,0.06
144575,1.14,0.06
144576,1.29,0.06
144577,1.25,0.06
144578,1.24,0.06
144579,1.25,0.06
144580,1.13,0.06
144581,1.28,0.06
144582,1.16,0.06
144583,1.16,0.06
144584,1.19,0.06
144585,1.18,0.06
144586,1.12,0.06
144587,1.06,0.06
144588,1.1,0.06
144589,0.95,0.06
144590,1.06,0.06
144591,1.03,0.06
144592,1.08,0.06
144593,1.06,0.06
144594,0.98,0.06
144595,1.13,0.06
144596,1.03,0.06
144597,1.09,0.06
144598,1.04,0.06
144599,1.04,0.06
144600,1.04,0.06
144601,1.12,0.06
144602,1.09,0.06
144603,1.13,0.06
144604,1.08,0.06
144605,1.1,0.06
144606,1.02,0.06
144607,1.02,0.06
144608,0.98,0.06
144609,1,0.06
144610,0.96,0.06
144611,1.04,0.06
144612,0.94,0.06
144613,0.95,0.06
144614,0.97,0.06
144615,1.03,0.06
144616,0.93,0.06
144617,0.96,0.06
144618,0.99,0.06
144619,1.06,0.06
144620,1.03,0.06
144621,1.07,0.06
144622,1.02,0.06
144623,1.09,0.06
144624,0.81,0.06
144625,1.12,0.06
144626,1.08,0.06
144627,1.07,0.06
144628,0.93,0.06
144629,1.04,0.06
144630,0.93,0.06
144631,1.01,0.06
144632,0.98,0.06
144633,0.99,0.06
144634,0.88,0.06
144635,0.84,0.06
144636,0.86,0.06
144637,0.93,0.06
144638,0.98,0.06
144639,1.02,0.06
144640,0.97,0.06
144641,0.97,0.06
144642,0.93,0.06
144643,0.88,0.06
144644,1,0.06
144645,1.05,0.06
144646,1.07,0.06
144647,0.97,0.06
144648,1.09,0.06
144649,1.08,0.06
144650,0.9,0.06
144651,0.97,0.06
144652,0.95,0.06
144653,0.99,0.06
144654,0.96,0.06
144655,0.88,0.06
144656,0.84,0.06
144657,0.91,0.06
144658,0.81,0.06
144659,0.91,0.06
144660,0.93,0.06
144661,0.86,0.06
144662,0.99,0.06
144663,0.85,0.06
144664,0.87,0.06
144665,0.75,0.06
144666,0.88,0.06
144667,0.9,0.06
144668,1.07,0.06
144669,1.1,0.06
144670,1.1,0.06
144671,0.93,0.06
144672,1.19,0.06
144673,1.25,0.06
144674,1.69,0.06
144675,1.94,0.06
144676,2.02,0.06
144677,2.06,0.06
144678,2.25,0.06
144679,2.28,0.06
144680,2.47,0.06
144681,2.54,0.06
144682,2.73,0.06
144683,2.61,0.06
144684,2.6,0.06
144685,2.63,0.06
144686,2.53,0.06
144687,1.9,0.06
144688,1.26,0.06
144689,1.18,0.06
144690,1.28,0.06
144691,1.27,0.06
144692,1.3,0.06
144693,1.41,0.06
144694,1.84,0.06
144695,1.76,0.06
144696,1.42,0.06
144697,1.02,0.06
144698,0.96,0.06
144699,0.9,0.06
144700,0.9,0.06
144701,0.87,0.06
144702,0.9,0.06
144703,0.87,0.06
144704,0.9,0.06
144705,0.75,0.06
144706,0.97,0.06
144707,1.11,0.06
144708,1.21,0.06
144709,1.01,0.06
144710,1.09,0.06
144711,1.01,0.06
144712,1.12,0.06
144713,1.19,0.06
144714,1.18,0.06
144715,1.15,0.06
144716,1.26,0.06
144717,1.22,0.06
144718,1.29,0.06
144719,1.27,0.06
144720,1.63,0.06
144721,1.78,0.06
144722,1.85,0.06
144723,1.81,0.06
144724,1.53,0.06
144725,1.07,0.06
144726,0.93,0.06
144727,0.96,0.06
144728,0.91,0.06
144729,0.94,0.06
144730,0.87,0.06
144731,0.97,0.06
144732,0.95,0.06
144733,0.92,0.06
144734,0.9,0.06
144735,0.99,0.06
144736,1.02,0.06
144737,1.02,0.06
144738,1.06,0.06
144739,1.15,0.06
144740,1.35,0.06
144741,1.46,0.06
144742,1.57,0.06
144743,1.54,0.06
144744,1.49,0.06
144745,1.54,0.06
144746,1.41,0.06
144747,1.51,0.06
144748,1.48,0.06
144749,1.43,0.06
144750,1.34,0.06
144751,1.32,0.06
144752,1.19,0.06
144753,1.14,0.06
144754,1.11,0.06
144755,1.05,0.06
144756,0.89,0.06
144757,0.84,0.06
144758,0.82,0.06
144759,0.88,0.06
144760,0.86,0.06
144761,0.92,0.06
144762,0.99,0.06
144763,1.14,0.06
144764,1.06,0.06
144765,1.04,0.06
144766,1.12,0.06
144767,1.29,0.06
144768,1.42,0.06
144769,1.28,0.06
144770,1.81,0.06
144771,2.11,0.06
144772,2.25,0.06
144773,2.54,0.06
144774,2.92,0.06
144775,3.19,0.06
144776,3.26,0.06
144777,3.49,0.06
144778,4.04,0.06
144779,3.94,0.06
144780,3.88,0.06
144781,3.49,0.06
144782,3.14,0.06
144783,2.74,0.06
144784,2.58,0.06
144785,2.06,0.06
144786,1.44,0.06
144787,1.3,0.06
144788,1.26,0.06
144789,1.18,0.06
144790,1.27,0.06
144791,1.24,0.06
144792,1.36,0.06
144793,1.24,0.06
144794,1.26,0.06
144795,1.43,0.06
144796,1.52,0.06
144797,1.51,0.06
144798,1.55,0.06
144799,1.63,0.06
144800,1.74,0.06
144801,1.67,0.06
144802,1.74,0.06
144803,1.54,0.06
144804,1.33,0.06
144805,1.36,0.06
144806,1.38,0.06
144807,1.48,0.06
144808,1.69,0.06
144809,1.61,0.06
144810,1.64,0.06
144811,1.78,0.06
144812,1.76,0.06
144813,1.75,0.06
144814,1.57,0.06
144815,1.65,0.06
144816,1.65,0.06
144817,1.67,0.06
144818,1.81,0.06
144819,1.95,0.06
144820,2.06,0.06
144821,1.95,0.06
144822,2.2,0.06
144823,2.3,0.06
144824,2.31,0.06
144825,2.3,0.06
144826,2.15,0.06
144827,1.97,0.06
144828,1.88,0.06
144829,1.9,0.06
144830,2.11,0.06
144831,2.21,0.06
144832,2.09,0.06
144833,1.95,0.06
144834,1.94,0.06
144835,1.91,0.06
144836,1.8,0.06
144837,1.85,0.06
144838,1.95,0.06
144839,1.77,0.06
144840,1.91,0.06
144841,1.73,0.06
144842,1.69,0.06
144843,1.48,0.06
144844,1.43,0.06
144845,1.37,0.06
144846,1.31,0.06
144847,1.41,0.06
144848,1.37,0.06
144849,1.48,0.06
144850,1.43,0.06
144851,1.5,0.06
144852,1.4,0.06
144853,1.51,0.06
144854,1.48,0.06
144855,1.51,0.06
144856,1.56,0.06
144857,1.72,0.06
144858,1.77,0.06
144859,1.76,0.06
144860,1.54,0.06
144861,1.56,0.06
144862,1.54,0.06
144863,1.49,0.06
144864,1.43,0.06
144865,1.35,0.06
144866,1.37,0.06
144867,1.43,0.06
144868,1.51,0.06
144869,1.65,0.06
144870,1.71,0.06
144871,1.86,0.06
144872,1.86,0.06
144873,1.75,0.06
144874,1.83,0.06
144875,1.8,0.06
144876,1.85,0.06
144877,1.92,0.06
144878,1.96,0.06
144879,1.99,0.06
144880,2.1,0.06
144881,2.18,0.06
144882,2.18,0.06
144883,2.28,0.06
144884,2.29,0.06
144885,2.27,0.06
144886,2.37,0.06
144887,2.43,0.06
144888,2.53,0.06
144889,2.54,0.06
144890,2.5,0.06
144891,2.42,0.06
144892,2.24,0.06
144893,2.11,0.06
144894,1.33,0.06
144895,1.09,0.06
144896,1.04,0.06
144897,1.57,0.06
144898,1.4,0.06
144899,0.83,0.06
144900,0.91,0.06
144901,0.94,0.06
144902,0.92,0.06
144903,0.93,0.06
144904,0.95,0.06
144905,1.13,0.06
144906,1.08,0.06
144907,1.15,0.06
144908,1.19,0.06
144909,1.47,0.06
144910,1.59,0.06
144911,1.7,0.06
144912,1.58,0.06
144913,1.58,0.06
144914,1.39,0.06
144915,1.2,0.06
144916,1.13,0.06
144917,0.9,0.06
144918,0.88,0.06
144919,0.88,0.06
144920,1,0.06
144921,1.2,0.06
144922,1.56,0.06
144923,1.69,0.06
144924,1.8,0.06
144925,2.07,0.06
144926,2.09,0.06
144927,2.09,0.06
144928,2.06,0.06
144929,2.08,0.06
144930,1.93,0.06
144931,1.9,0.06
144932,1.84,0.06
144933,1.83,0.06
144934,1.73,0.06
144935,1.72,0.06
144936,1.66,0.06
144937,1.68,0.06
144938,1.72,0.06
144939,1.7,0.06
144940,1.69,0.06
144941,1.78,0.06
144942,1.65,0.06
144943,1.66,0.06
144944,1.68,0.06
144945,1.6,0.06
144946,1.77,0.06
144947,1.55,0.06
144948,1.5,0.06
144949,1.49,0.06
144950,1.57,0.06
144951,1.53,0.06
144952,1.53,0.06
144953,1.39,0.06
144954,1.25,0.06
144955,1.24,0.06
144956,1.29,0.06
144957,1.16,0.06
144958,1.12,0.06
144959,1.15,0.06
144960,1.2,0.06
144961,1.35,0.06
144962,1.36,0.06
144963,1.49,0.06
144964,1.65,0.06
144965,1.84,0.06
144966,1.89,0.06
144967,1.97,0.06
144968,1.86,0.06
144969,1.9,0.06
144970,1.77,0.06
144971,1.66,0.06
144972,1.67,0.06
144973,1.59,0.06
144974,1.6,0.06
144975,1.55,0.06
144976,1.7,0.06
144977,1.6,0.06
144978,1.73,0.06
144979,1.74,0.06
144980,1.94,0.06
144981,1.83,0.06
144982,1.64,0.06
177200,-6.99,0.1
177201,-7.693,0.1
177202,-5.82,0.1
177203,-6.7,0.1
177204,-7.47,0.1
177205,-7.88,0.1
177206,-8.02,0.1
177207,-8.18,0.1
177208,-7.9,0.1
177209,-7.67,0.1
177210,-5.54,0.1
177211,-7.19,0.1
177212,-7.95,0.1
177213,-8.08,0.1
177214,-8.7,0.1
177215,-8.2,0.1
177216,-8.589,0.1
177217,-8.48,0.1
177218,-8.7,0.1
177219,-8.77,0.1
177220,-8.43,0.1
177221,-8.42,0.1
177222,-8.69,0.1
177223,-8.33,0.1
177224,-8.29,0.1
177225,-8.41,0.1
177226,-8.26,0.1
177227,-8.54,0.1
177228,-8.11,0.1
177229,-9.26,0.1
177230,-8.92,0.1
177231,-8.94,0.1
177232,-8.77,0.1
177233,-8.82,0.1
177234,-9.14,0.1
177235,-9,0.1
177236,-9.354,0.1
177237,-9.04,0.1
177238,-8.84,0.1
177239,-9.17,0.1
177240,-8.45,0.1
177241,-7.76,0.1
177242,-8.26,0.1
177243,-8.51,0.1
177244,-8.96,0.1
177245,-8.76,0.1
177246,-8.99,0.1
177247,-8.53,0.1
177248,-8.11,0.1
177249,-8.23,0.1
177250,-7.86,0.1
177251,-7.79,0.1
177252,-8.3,0.1
177253,-8.13,0.1
177254,-8.52,0.1
177255,-8.404,0.1
177256,-8.402,0.1
177257,-8.09,0.1
177258,-8.19,0.1
177259,-8.29,0.1
177260,-8.06,0.1
177261,-7.75,0.1
177262,-8.08,0.1
177263,-8.14,0.1
177264,-8.24,0.1
177265,-8.22,0.1
177266,-7.89,0.1
177267,-7.79,0.1
177268,-7.48,0.1
177269,-8.2,0.1
177270,-7.97,0.1
177271,-8.06,0.1
177272,-8.17,0.1
177273,-8.35,0.1
177274,-8.39,0.1
177275,-8.753,0.1
177276,-8.63,0.1
177277,-8.72,0.1
177278,-9.026,0.1
177279,-8.81,0.1
177280,-8.61,0.1
177281,-8.24,0.1
177282,-8.32,0.1
177283,-8.46,0.1
177284,-8.74,0.1
177285,-8.58,0.1
177286,-8.49,0.1
177287,-8.29,0.1
177288,-8.21,0.1
177289,-8.2,0.1
177290,-8.32,0.1
177291,-8.4,0.1
177292,-8.16,0.1
177293,-7.87,0.1
177294,-8.29,0.1
177295,-8.59,0.1
177296,-8.24,0.1
177297,-8.62,0.1
177298,-8.55,0.1
177299,-8.44,0.1
177300,-7.54,0.1
177301,-8,0.1
177302,-8.761,0.1
177303,-8.43,0.1
177304,-8.75,0.1
177305,-8.29,0.1
177306,-7.92,0.1
177307,-7.98,0.1
177308,-8.68,0.1
177309,-8.73,0.1
177310,-8.56,0.1
177311,-8.73,0.1
177312,-8.73,0.1
177313,-8.637,0.1
177314,-8.53,0.1
177315,-8.42,0.1
177316,-8.3,0.1
177317,-8.25,0.1
177318,-8.49,0.1
177319,-7.99,0.1
177320,-8.08,0.1
177321,-7.8,0.1
177322,-8.09,0.1
177323,-8.2,0.1
177324,-8.55,0.1
177325,-7.89,0.1
177326,-8.1,0.1
177327,-7.98,0.1
177328,-8.12,0.1
177329,-8.21,0.1
177330,-8.14,0.1
177331,-8.11,0.1
177332,-8.303,0.1
177333,-8.34,0.1
177334,-8.544,0.1
177335,-8.387,0.1
177336,-7.996,0.1
177337,-7.42,0.1
177338,-7.81,0.1
177339,-7.31,0.1
177340,-7.543,0.1
177341,-7.94,0.1
177342,-7.844,0.1
177343,-8.701,0.1
177344,-8.714,0.1
177345,-8.31,0.1
177346,-8.649,0.1
177347,-8.639,0.1
177348,-8.504,0.1
177349,-8.536,0.1
177350,-8.121,0.1
177351,-8.091,0.1
177352,-8.358,0.1
177353,-8.504,0.1
177354,-8.33,0.1
177355,-8.38,0.1
177356,-8.48,0.1
177357,-8.761,0.1
177358,-8.57,0.1
177359,-8.49,0.1
177360,-8.599,0.1
177361,-8.256,0.1
177362,-7.87,0.1
177363,-8.48,0.1
177364,-8.4,0.1
177365,-8.05,0.1
177366,-7.92,0.1
177367,-7.93,0.1
177368,-8.612,0.1
177369,-8.33,0.1
177370,-8.46,0.1
177371,-8.483,0.1
177372,-7.58,0.1
177373,-8.43,0.1
177374,-8.66,0.1
177375,-8.51,0.1
177376,-8.31,0.1
177377,-8.08,0.1
177378,-7.68,0.1
177379,-7.48,0.1
177380,-7.396,0.1
177381,-7.784,0.1
177382,-7.34,0.1
177383,-7.53,0.1
177384,-7.4,0.1
177385,-7.99,0.1
177386,-7.99,0.1
177387,-7.87,0.1
177388,-7.78,0.1
177389,-7.16,0.1
177390,-8.2145,0.1
177391,-7.44,0.1
177392,-8.201,0.1
177393,-8.97,0.1
177394,-9.07,0.1
177395,-8.16,0.1
177396,-7.89,0.1
177397,-6.68,0.1
177398,-7.81,0.1
177399,-8.32,0.1
177400,-8.27,0.1
177401,-7.75,0.1
177402,-8.45,0.1
177403,-8.12,0.1
177404,-8.364,0.1
177405,-8.64,0.1
177406,-8.45,0.1
177407,-8.38,0.1
177408,-8.21,0.1
177409,-8.17,0.1
177410,-8,0.1
177411,-8.5,0.1
177412,-8.18,0.1
177413,-8.06,0.1
177414,-8.02,0.1
177415,-8.45,0.1
177416,-8.99,0.1
177417,-8.8,0.1
177418,-8.71,0.1
177419,-8.182,0.1
177420,-8.39,0.1
177421,-8.06,0.1
177422,-7.92,0.1
177423,-7.72,0.1
177424,-7.52,0.1
177425,-7.92,0.1
177426,-8.12,0.1
177427,-8.23,0.1
177428,-8.41,0.1
177429,-8.25,0.1
177430,-8.731,0.1
177431,-6.16,0.1
177432,-6.28,0.1
177433,-6.2,0.1
177434,-6.42,0.1
177435,-6.46,0.1
177436,-6.3,0.1
177437,-6.64,0.1
177438,-6.78,0.1
177439,-6.29,0.1
177440,-6.36,0.1
177441,-5.95,0.1
177442,-5.78,0.1
177443,-6.15,0.1
177444,-6.1,0.1
177445,-6.35,0.1
177446,-6.34,0.1
177447,-6.23,0.1
177448,-6.3,0.1
177449,-5.98,0.1
177450,-6.32,0.1
177451,-6.19,0.1
177452,-6.16,0.1
177453,-6.09,0.1
177454,-5.44,0.1
177455,-6.53,0.1
177456,-6.34,0.1
177457,-6.29,0.1
177458,-6.16,0.1
177459,-5.63,0.1
177460,-6.56,0.1
177461,-6.17,0.1
177462,-6.4,0.1
177463,-6.5,0.1
177464,-6.67,0.1
177465,-6.44,0.1
177466,-6.55,0.1
177467,-6.11,0.1
177468,-6.17,0.1
177469,-6.05,0.1
177470,-6.16,0.1
177471,-5.34,0.1
177472,-5.86,0.1
177473,-5.37,0.1
177474,-5.23,0.1
177475,-5.39,0.1
177476,-5.59,0.1
177477,-5.29,0.1
177478,-5.54,0.1
177479,-6,0.1
177480,-5.9,0.1
177481,-5.82,0.1
177482,-5.89,0.1
177483,-5.89,0.1
177484,-5.87,0.1
177485,-5.93,0.1
177486,-5.62,0.1
177487,-5.74,0.1
177488,-5.83,0.1
177489,-5.85,0.1
177490,-6.01,0.1
177491,-5.64,0.1
177492,-5.99,0.1
177493,-6.14,0.1
177494,-5.58,0.1
177495,-5.93,0.1
177496,-5.67,0.1
177497,-6.1,0.1
177498,-5.23,0.1
177499,-6,0.1
177500,-5.85,0.1
177501,-6.27,0.1
177502,-5.99,0.1
177503,-5.66,0.1
177504,-5.55,0.1
177505,-5.99,0.1
177506,-6.24,0.1
177507,-5.74,0.1
177508,-5.92,0.1
177509,-5.32,0.1
177510,-5.4,0.1
177511,-5.2,0.1
177512,-5.6,0.1
177513,-5.18,0.1
177514,-5.74,0.1
177515,-6.02,0.1
177516,-6.26,0.1
177517,-5.88,0.1
177518,-6.23,0.1
177519,-6.18,0.1
177520,-6.09,0.1
177521,-5.75,0.1
177522,-5.72,0.1
177523,-5.64,0.1
177524,-5.67,0.1
177525,-5.71,0.1
177526,-5.68,0.1
177527,-5.27,0.1
177528,-5.19,0.1
177529,-5.09,0.1
177530,-5.03,0.1
177531,-5.62,0.1
177532,-5.64,0.1
177533,-5.1,0.1
177534,-5.08,0.1
177535,-5.03,0.1
177536,-5.15,0.1
177537,-5.71,0.1
177538,-6.1,0.1
177539,-5.79,0.1
177540,-5.98,0.1
177541,-6.27,0.1
177542,-6.36,0.1
177543,-6.24,0.1
177544,-6.58,0.1
177545,-5.92,0.1
177546,-6.2,0.1
177547,-5.88,0.1
177548,-5.54,0.1
177549,-5.91,0.1
177550,-5.31,0.1
177551,-5.67,0.1
177552,-5.66,0.1
177553,-5.21,0.1
177554,-5.26,0.1
177555,-4.85,0.1
177556,-5.18,0.1
177557,-5.21,0.1
177558,-5.14,0.1
177559,-5.07,0.1
177560,-5.07,0.1
177561,-4.93,0.1
177562,-4.99,0.1
177563,-5.19,0.1
177564,-5.5,0.1
177565,-4.61,0.1
177566,-4.38,0.1
177567,-3.6,0.1
177568,-3.92,0.1
177569,-3.98,0.1
177570,-4.92,0.1
177571,-4.67,0.1
177572,-4.22,0.1
177573,-4.7,0.1
177574,-4.92,0.1
177575,-5.22,0.1
177576,-4.85,0.1
177577,-5.22,0.1
177578,-5.16,0.1
177579,-4.4,0.1
177580,-4.57,0.1
177581,-4.71,0.1
177582,-4.35,0.1
177583,-4.37,0.1
177584,-4.83,0.1
177585,-4.44,0.1
177586,-4.78,0.1
177587,-4.39,0.1
177588,-5.05,0.1
177589,-4.54,0.1
177590,-4.52,0.1
177591,-3.58,0.1
177592,-4.33,0.1
177593,-4.49,0.1
177594,-4.58,0.1
177595,-4.27,0.1
177596,-4.88,0.1
177597,-4.92,0.1
177598,-4.64,0.1
177599,-4.77,0.1
177600,-4.96,0.1
177601,-4.72,0.1
177602,-4.49,0.1
177603,-4.21,0.1
177604,-4.9,0.1
177605,-5.33,0.1
177606,-5.13,0.1
177607,-4.77,0.1
177608,-3.91,0.1
177609,-5.42,0.1
177610,-4.61,0.1
177611,-5.05,0.1
177612,-4.8,0.1
177613,-4.6,0.1
177614,-5.03,0.1
177615,-4.96,0.1
177616,-5.4,0.1
177617,-4.78,0.1
177618,-4.79,0.1
177619,-4.91,0.1
177620,-5.13,0.1
177621,-4.84,0.1
177622,-4.39,0.1
177623,-5.15,0.1
177624,-5.11,0.1
177625,-4.46,0.1
177626,-5.1,0.1
177627,-5.01,0.1
177628,-4.86,0.1
177629,-4.56,0.1
177630,-4.63,0.1
177631,-5.3,0.1
177632,-4.45,0.1
177633,-3.69,0.1
177634,-5.14,0.1
177635,-4.9,0.1
177636,-5.42,0.1
177637,-5.38,0.1
177638,-4.93,0.1
177639,-4.96,0.1
177640,-4.61,0.1
177641,-4.47,0.1
177642,-5.01,0.1
177643,-5.31,0.1
177644,-5.55,0.1
177645,-5.72,0.1
177646,-5.69,0.1
177647,-5.53,0.1
177648,-5.54,0.1
177649,-5.67,0.1
177650,-5.06,0.1
177651,-4.78,0.1
177652,-4.93,0.1
177653,-4.47,0.1
177654,-5,0.1
177655,-5.27,0.1
177656,-5.67,0.1
177657,-5.71,0.1
177658,-6.23,0.1
177659,-6.04,0.1
177660,-5.5,0.1
177661,-5.36,0.1
177662,-5.66,0.1
177663,-5.26,0.1
177664,-5.47,0.1
177665,-5.2,0.1
177666,-5.46,0.1
177667,-5.18,0.1
177668,-5.7,0.1
177669,-5.61,0.1
177670,-5.54,0.1
177671,-5.58,0.1
177672,-5.52,0.1
177673,-6.13,0.1
177674,-6.24,0.1
177675,-6.1,0.1
177676,-5.9,0.1
177677,-5.99,0.1
177678,-5.39,0.1
177679,-5.47,0.1
177680,-5.18,0.1
177681,-6.02,0.1
177682,-5.35,0.1
177683,-5.97,0.1
177684,-5.13,0.1
177685,-5.28,0.1
177686,-5.16,0.1
177687,-5.3,0.1
177688,-5.88,0.1
177689,-5.15,0.1
177690,-5.21,0.1
177691,-5.4,0.1
177692,-5.53,0.1
177693,-4.98,0.1
177694,-5.48,0.1
177695,-5.41,0.1
177696,-5.44,0.1
177697,-5.54,0.1
177698,-5.51,0.1
177699,-4.84,0.1
177700,-5.48,0.1
177701,-5.53,0.1
177702,-5.88,0.1
177703,-5.67,0.1
177704,-5.87,0.1
177705,-4.91,0.1
177706,-5.27,0.1
177707,-4.83,0.1
177708,-4.88,0.1
177709,-4.98,0.1
177710,-4.89,0.1
177711,-5.02,0.1
177712,-5.31,0.1
177713,-4.88,0.1
177714,-5.44,0.1
177715,-5.3,0.1
177716,-5.39,0.1
177717,-5.58,0.1
177718,-4.45,0.1
177719,-4.83,0.1
177720,-4.36,0.1
177721,-3.49,0.1
177722,-4.95,0.1
177723,-5.6,0.1
177724,-5.15,0.1
177725,-4.29,0.1
177726,-5.04,0.1
177727,-5.15,0.1
177728,-5,0.1
177729,-4.61,0.1
177730,-5.83,0.1
177731,-5.41,0.1
177732,-5.61,0.1
177733,-5.43,0.1
177734,-5.11,0.1
177735,-5.44,0.1
177736,-5.58,0.1
177737,-5.52,0.1
177738,-2.85,0.1
177739,-4.78,0.1
177740,-4.82,0.1
177741,-5.51,0.1
177742,-5.18,0.1
177743,-5.48,0.1
177744,-5.04,0.1
177745,-4.91,0.1
177746,-5.2,0.1
177747,-5.33,0.1
177748,-4.75,0.1
177749,-4.69,0.1
177750,-4.67,0.1
177751,-4.84,0.1
177752,-5.11,0.1
177753,-5.41,0.1
177754,-4.72,0.1
177755,-4.84,0.1
177756,-4.37,0.1
177757,-5.85,0.1
177758,-4.87,0.1
177759,-5.03,0.1
177760,-5.12,0.1
177761,-4.67,0.1
177762,-5.08,0.1
177763,-4.56,0.1
177764,-4.57,0.1
177765,-4.75,0.1
177766,-5.7,0.1
177767,-4.37,0.1
177768,-4.11,0.1
177769,-5,0.1
177770,-3.61,0.1
177771,-4.78,0.1
177772,-3.47,0.1
177773,-3.33,0.1
177774,-4.3,0.1
177775,-4.32,0.1
177776,-5.45,0.1
177777,-5.35,0.1
177778,-5.05,0.1
177779,-4.85,0.1
177780,-5.58,0.1
177781,-5.39,0.1
177782,-5.91,0.1
177783,-5.63,0.1
177784,-5.03,0.1
177785,-5.6,0.1
177786,-5.29,0.1
177787,-5.73,0.1
177788,-5.72,0.1
177789,-4.83,0.1
177790,-4.38,0.1
177791,-6.09,0.1
177792,-4.49,0.1
177793,-6.18,0.1
177794,-6.02,0.1
177795,-4.82,0.1
177796,-6.9,0.1
177797,-4.18,0.1
177798,-4.74,0.1
177799,-5.77,0.1
177800,-5.4,0.1
177801,-5.93,0.1
177802,-5.29,0.1
177803,-6.02,0.1
177804,-5.4,0.1
177805,-6,0.1
177806,-6.29,0.1
177807,-5.59,0.1
177808,-5.72,0.1
177809,-5.74,0.1
177810,-5.85,0.1
177811,-5.83,0.1
177812,-5.22,0.1
177813,-6.32,0.1
177814,-5.82,0.1
177815,-6.34,0.1
177816,-6.22,0.1
177817,-6.71,0.1
177818,-5.69,0.1
177819,-5.94,0.1
177820,-5.46,0.1
177821,-5.8,0.1
177822,-5.62,0.1
177823,-5.8,0.1
177824,-5.6,0.1
177825,-6.2,0.1
177826,-6.24,0.1
177827,-6.13,0.1
177828,-6.23,0.1
177829,-5.2,0.1
177830,-5.32,0.1
177831,-5.72,0.1
177832,-5.16,0.1
177833,-5.65,0.1
177834,-5.62,0.1
177835,-5.36,0.1
177836,-6.19,0.1
177837,-6.54,0.1
177838,-6.3,0.1
177839,-6.25,0.1
177840,-6.43,0.1
177841,-6.34,0.1
177842,-5.95,0.1
177843,-6.36,0.1
177844,-5.81,0.1
177845,-6.17,0.1
177846,-5.26,0.1
177847,-6.32,0.1
177848,-6.21,0.1
177849,-6.02,0.1
177850,-5.9,0.1
177851,-5.34,0.1
177852,-5.79,0.1
177853,-6.01,0.1
177854,-5.64,0.1
177855,-5.98,0.1
177856,-5.95,0.1
177857,-6.27,0.1
177858,-5.89,0.1
177859,-5.46,0.1
177860,-6,0.1
177861,-5.68,0.1
177862,-6.32,0.1
177863,-6.85,0.1
177864,-6.88,0.1
177865,-6.56,0.1
177866,-6.32,0.1
177867,-5.92,0.1
177868,-5.5,0.1
177869,-5.86,0.1
177870,-5.69,0.1
177871,-6.15,0.1
177872,-5.57,0.1
177873,-6.17,0.1
177874,-5.97,0.1
177875,-5.7,0.1
177876,-6.17,0.1
177877,-6.26,0.1
177878,-6.11,0.1
177879,-5.95,0.1
177880,-5.8,0.1
177881,-6.2,0.1
177882,-6.39,0.1
177883,-6.05,0.1
177884,-6.19,0.1
177885,-6.48,0.1
177886,-6,0.1
177887,-6.44,0.1
177888,-5.82,0.1
177889,-5.67,0.1
177890,-5.85,0.1
177891,-6.14,0.1
177892,-6.04,0.1
177893,-5.15,0.1
177894,-5.13,0.1
177895,-5.21,0.1
177896,-5.64,0.1
177897,-6.29,0.1
177898,-6.26,0.1
177899,-6.12,0.1
177900,-6.01,0.1
177901,-6.05,0.1
177902,-6.16,0.1
177903,-6.3,0.1
177904,-6.24,0.1
177905,-6.08,0.1
177906,-5.78,0.1
177907,-5.81,0.1
177908,-5.85,0.1
177909,-6.36,0.1
177910,-6.08,0.1
177911,-6.17,0.1
177912,-6.45,0.1
177913,-5.97,0.1
177914,-6.53,0.1
177915,-5.7,0.1
177916,-5.36,0.1
177917,-6.32,0.1
177918,-6.21,0.1
177919,-6.2,0.1
177920,-6.51,0.1
177921,-6.47,0.1
177922,-6.48,0.1
177923,-6.21,0.1
177924,-6.57,0.1
177925,-6.66,0.1
177926,-6.07,0.1
177927,-6.5,0.1
177928,-5.99,0.1
177929,-6.41,0.1
177930,-6.22,0.1
177931,-6.41,0.1
177932,-6.38,0.1
177933,-6.75,0.1
177934,-6.47,0.1
177935,-6.45,0.1
177936,-6.65,0.1
177937,-6.6,0.1
177938,-6.64,0.1
177939,-6.55,0.1
177940,-6.87,0.1
177941,-6.36,0.1
177942,-6.46,0.1
177943,-6.22,0.1
177944,-5.72,0.1
177945,-6.15,0.1
177946,-6.34,0.1
177947,-6.29,0.1
177948,-6.38,0.1
177949,-6.52,0.1
177950,-6.39,0.1
177951,-6.59,0.1
177952,-6.35,0.1
177953,-6.22,0.1
177954,-6.46,0.1
177955,-6.22,0.1
177956,-6.45,0.1
177957,-6.27,0.1
177958,-6.14,0.1
177959,-6.4,0.1
177960,-6.56,0.1
177961,-6.48,0.1
177962,-6.45,0.1
177963,-6.42,0.1
177964,-6.45,0.1
177965,-6.49,0.1
177966,-6.69,0.1
177967,-6.72,0.1
177968,-6.78,0.1
177969,-6.55,0.1
177970,-6.93,0.1
177971,-7.16,0.1
177972,-7.21,0.1
177973,-5.81,0.1
177974,-6.29,0.1
177975,-6.06,0.1
177976,-5.73,0.1
177977,-5.75,0.1
177978,-5.64,0.1
177979,-6.02,0.1
177980,-6.27,0.1
177981,-5.59,0.1
177982,-5.51,0.1
177983,-5.85,0.1
177984,-6.26,0.1
177985,-5.96,0.1
177986,-4.59,0.1
177987,-6.22,0.1
177988,-5.74,0.1
177989,-6.43,0.1
177990,-6.13,0.1
177991,-6.29,0.1
177992,-6.01,0.1
177993,-5.85,0.1
177994,-5.77,0.1
177995,-5.72,0.1
177996,-6.12,0.1
177997,-5.48,0.1
177998,-5.52,0.1
177999,-5.28,0.1
178000,-5.73,0.1
178001,-5.6,0.1
178002,-5.95,0.1
178003,-5.43,0.1
178004,-5.12,0.1
178005,-5.23,0.1
178006,-4.75,0.1
178007,-5.3,0.1
178008,-6.38,0.1
178009,-6.23,0.1
178010,-5.77,0.1
178011,-5.58,0.1
178012,-5.48,0.1
178013,-5.49,0.1
178014,-5.94,0.1
178015,-5.26,0.1
178016,-5.76,0.1
178017,-5.68,0.1
178018,-5.45,0.1
178019,-5.23,0.1
178020,-5.68,0.1
178021,-5.32,0.1
178022,-5.49,0.1
178023,-5.55,0.1
178024,-5.61,0.1
178025,-4.25,0.1
178026,-5.16,0.1
178027,-5.45,0.1
178028,-5.46,0.1
178029,-5.39,0.1
178030,-4.95,0.1
178031,-5.26,0.1
178032,-5.01,0.1
178033,-5.24,0.1
178034,-4.65,0.1
178035,-5.75,0.1
178036,-4.84,0.1
178037,-5.42,0.1
178038,-5.79,0.1
178039,-5.78,0.1
178040,-4.98,0.1
178041,-5.44,0.1
178042,-4.86,0.1
178043,-5.4,0.1
178044,-5.36,0.1
178045,-5.14,0.1
178046,-4.77,0.1
178047,-5.7,0.1
178048,-5.65,0.1
178049,-5.61,0.1
178050,-5.15,0.1
178051,-4.66,0.1
178052,-5.09,0.1
178053,-5.16,0.1
178054,-4.71,0.1
178055,-5.1,0.1
178056,-5.7,0.1
178057,-5.53,0.1
178058,-4.92,0.1
178059,-5.4,0.1
178060,-5.81,0.1
178061,-5.45,0.1
178062,-5.32,0.1
178063,-5.73,0.1
178064,-5.7,0.1
178065,-5.33,0.1
178066,-5.65,0.1
178067,-5.81,0.1
178068,-5.75,0.1
178069,-5.79,0.1
178070,-5.67,0.1
178071,-5.32,0.1
178072,-5.21,0.1
178073,-5.84,0.1
178074,-5.44,0.1
178075,-5.22,0.1
178076,-5.53,0.1
178077,-5.34,0.1
178078,-5.44,0.1
178079,-5.76,0.1
178080,-5.28,0.1
178081,-5.13,0.1
178082,-5.15,0.1
178083,-4.92,0.1
178084,-4.82,0.1
178085,-4.98,0.1
178086,-5.66,0.1
178087,-5.38,0.1
178088,-5.54,0.1
178089,-4.93,0.1
178090,-5.35,0.1
178091,-5.13,0.1
178092,-5.2,0.1
178093,-4.86,0.1
178094,-4.9,0.1
178095,-5.25,0.1
178096,-5.73,0.1
178097,-5.37,0.1
178098,-5.75,0.1
178099,-5.41,0.1
178100,-5.44,0.1
178101,-5.88,0.1
178102,-6.37,0.1
178103,-5.85,0.1
178104,-6.11,0.1
178105,-5.89,0.1
178106,-6.24,0.1
178107,-6.43,0.1
178108,-6.15,0.1
178109,-6.35,0.1
178110,-5.88,0.1
178111,-6.8,0.1
178112,-6.06,0.1
178113,-5.44,0.1
178114,-5.86,0.1
178115,-5.64,0.1
178116,-5.75,0.1
178117,-5.49,0.1
178118,-5.91,0.1
178119,-5.88,0.1
178120,0.98,0.1
178121,0.8,0.1
178122,0.47,0.1
178123,0.22,0.1
178125,0.38,0.1
178126,0.3,0.1
178127,0.3,0.1
178128,0.01,0.1
178129,0.87,0.1
178130,0.77,0.1
178131,0.76,0.1
178132,0.67,0.1
178133,0.54,0.1
178134,0.98,0.1
178135,1.4,0.1
178136,1.45,0.1
178137,1.64,0.1
178138,1.66,0.1
178139,2.31,0.1
178140,3.02,0.1
178141,2.44,0.1
178142,2.43,0.1
178143,2.69,0.1
178144,2.32,0.1
178145,1.84,0.1
178147,-3.12,0.1
178148,-3.81,0.1
178149,-4.47,0.1
178150,-5.06,0.1
178151,-4.68,0.1
178152,-4.65,0.1
178153,-3.79,0.1
178154,-4.25,0.1
178155,-3.27,0.1
178156,-4.27,0.1
178157,-4.21,0.1
178158,-4.13,0.1
178159,-4.51,0.1
178160,-4.21,0.1
178161,-4.12,0.1
178162,-4.17,0.1
178163,-5.06,0.1
178164,-4.79,0.1
178165,-4.68,0.1
178166,-5.07,0.1
178167,-5.29,0.1
178168,-4.96,0.1
178169,-5.03,0.1
178170,-4.89,0.1
178171,-5.06,0.1
178172,-4.8,0.1
178173,-5.09,0.1
178174,-5.03,0.1
178175,-4.8,0.1
178176,-5.01,0.1
178177,-4.21,0.1
178178,-4.87,0.1
178179,-4.51,0.1
178180,-4.47,0.1
178181,-4.44,0.1
178182,-4.96,0.1
178183,-5.24,0.1
178184,-4.44,0.1
178185,-4.54,0.1
178186,-5.01,0.1
178187,-5.42,0.1
178188,-5.1,0.1
178189,-4.6,0.1
178190,-4.14,0.1
178191,-4.04,0.1
178192,-3.94,0.1
178193,-3.67,0.1
178194,-3.98,0.1
178195,-4.35,0.1
178196,-4.35,0.1
178197,-3.66,0.1
178198,-4.37,0.1
178199,-3.73,0.1
178200,-4.69,0.1
178201,-4.78,0.1
178202,-4.62,0.1
178203,-4.76,0.1
178204,-4.56,0.1
178205,-4.02,0.1
178206,-4.78,0.1
178207,-4.2,0.1
178208,-4.9,0.1
178209,-3.94,0.1
178210,-4.75,0.1
178211,-4.28,0.1
178212,-4.83,0.1
178213,-4.73,0.1
178214,-4.99,0.1
178215,-4.77,0.1
178216,-4.9,0.1
178217,-4.8,0.1
178218,-4.67,0.1
178219,-4.47,0.1
178220,-4.68,0.1
178221,-4.37,0.1
178222,-4.91,0.1
178223,-4.74,0.1
178224,-4.89,0.1
178225,-4.48,0.1
178226,-5.01,0.1
178227,-4.67,0.1
178228,-4.87,0.1
178229,-4.89,0.1
178230,-4.7,0.1
178231,-4.84,0.1
178232,-4.91,0.1
178233,-4.17,0.1
178234,-5.33,0.1
178235,-5.21,0.1
178236,-5.43,0.1
178237,-5.5,0.1
178238,-5.52,0.1
178239,-5.13,0.1
178240,-5.34,0.1
178241,-5.61,0.1
178242,-5.45,0.1
178243,-5.23,0.1
178244,-5.22,0.1
178245,-3.61,0.1
178247,-4.49,0.1
178248,-4.73,0.1
178249,-4.95,0.1
178250,-3.99,0.1
178251,-4.22,0.1
178252,-4.36,0.1
178253,-4.54,0.1
178254,-4.69,0.1
178255,-4.77,0.1
178256,-4.78,0.1
178257,-4.53,0.1
178258,-4.18,0.1
178259,-4.61,0.1
178260,-5.11,0.1
178261,-4.91,0.1
178262,-4.84,0.1
178263,-5,0.1
178264,-5.33,0.1
178265,-4.94,0.1
178266,-4.98,0.1
178267,-4.98,0.1
178268,-4.98,0.1
178269,-0.63,0.1
178270,-1.84,0.1
178271,-2.07,0.1
178272,-2.54,0.1
178273,-1.56460148198,0.1
178274,-1.51,0.1
178275,-1.35,0.1
178276,-1.61,0.1
178277,-1.42,0.1
178278,-1.96,0.1
178279,-1.68,0.1
178280,-1.73,0.1
178281,-1.65,0.1
178282,-2.28,0.1
178283,-2.26,0.1
178284,-2.2,0.1
178285,-2.37,0.1
178286,-2.41,0.1
178287,-2.9,0.1
178288,-2.53,0.1
178289,-2.81,0.1
178290,-2.83,0.1
178291,-2.66,0.1
178292,-2.48,0.1
178293,-2.61,0.1
178294,-2.93,0.1
178295,-2.99,0.1
178296,-2.83,0.1
178297,-2.59,0.1
178298,-2.52,0.1
178299,-2.69,0.1
178300,-2.42,0.1
178301,-2.34252638548,0.1
178302,-1.97719755048,0.1
178303,-1.85549727055,0.1
178304,-1.46270412041,0.1
178305,-1.28078670987,0.1
178306,-1.00946478926,0.1
178307,-1.44645200429,0.1
178308,-1.40568121238,0.1
178309,-1.73690392168,0.1
178310,-1.69612875175,0.1
178311,-1.96,0.1
178312,-0.755897103687,0.1
178313,-0.499190067054,0.1
178314,-1.1737042326,0.1
178315,-1.76503958217,0.1
178316,-1.76718208578,0.1
178317,-1.71303268039,0.1
178318,-1.93345720837,0.1
178319,-1.83917739575,0.1
178320,-1.87270943611,0.1
178321,-1.98183756113,0.1
178322,-1.35154988048,0.1
178323,-1.4795679282,0.1
178324,-1.73298242706,0.1
178325,-1.95005954576,0.1
178326,-2.18597463431,0.1
178327,-1.95715945711,0.1
178328,-1.83820154047,0.1
178329,-1.64083223087,0.1
178330,-1.5295115129,0.1
178331,-1.62712584764,0.1
178332,-1.77618402251,0.1
178333,-1.74495431813,0.1
178334,-1.79059019475,0.1
178335,-1.80094396811,0.1
178336,-1.90151240927,0.1
178337,-1.79,0.1
178338,-1.85542951187,0.1
178339,-1.46,0.1
178340,-1.75735308841,0.1
178341,-1.75901214566,0.1
178342,-1.85993532384,0.1
178343,-2.09,0.1
178344,-1.9,0.1
178345,-1.96688242074,0.1
178346,-2.06794368442,0.1
178347,-2.21716113372,0.1
178348,-1.43367090479,0.1
178349,-1.83557591398,0.1
178350,-2.30058203637,0.1
178351,-2.38825604449,0.1
178352,-2.28513772045,0.1
178353,-2.2085231219,0.1
178354,-2.40192956113,0.1
178355,-2.08,0.1
178356,-1.91725161731,0.1
178357,-2.27838427091,0.1
178358,-2.23329662244,0.1
178359,-1.82047786194,0.1
178360,-2.02811564803,0.1
178361,-2.18,0.1
178362,-1.93782713474,0.1
178363,-1.4,0.1
178364,-1.27,0.1
178365,-1.87544994601,0.1
178366,-1.99004265066,0.1
178367,-2.0346802955,0.1
178368,-1.99200803347,0.1
178369,-2.22931194818,0.1
178370,-2.22,0.1
178371,-1.41,0.1
178372,-0.946471448477,0.1
178373,-0.739808069474,0.1
178374,-0.993252719736,0.1
178375,-1.29,0.1
178376,-1.3238712078,0.1
178377,-1.2085589322,0.1
178378,0.4,0.1
178379,-1.11710859529,0.1
178380,-0.239482189446,0.1
178381,-0.463680754927,0.1
178382,-0.348899663168,0.1
178383,-0.486180312257,0.1
178384,-0.52,0.1
178385,-0.190123193916,0.1
178386,0.283485046891,0.1
178387,-0.08,0.1
178388,1.12,0.1
178389,0.807621150913,0.1
178390,0.207443443202,0.1
178391,0.202585968378,0.1
178392,-0.12,0.1
178393,-0.421921584442,0.1
178394,-0.234662817148,0.1
178395,-0.641212725799,0.1
178396,-0.47144672986,0.1
178397,-0.536141991976,0.1
178398,-0.54,0.1
178399,-0.45,0.1
178400,-0.65958558832,0.1
178401,-0.54,0.1
178402,-0.331221218571,0.1
178403,-0.43718529631,0.1
178404,-0.605847818072,0.1
178405,-0.5,0.1
178406,-0.54,0.1
178407,-0.606417882574,0.1
178408,-0.322140297688,0.1
178409,-0.372767933328,0.1
178410,-0.207056474586,0.1
178411,-0.583408680781,0.1
178412,-0.411752263514,0.1
178413,-0.258246218681,0.1
178414,-0.263345851573,0.1
178415,-0.230015221992,0.1
178416,-0.464018406638,0.1
178417,-0.360279853645,0.1
178418,-0.200042699409,0.1
178419,0.10341516487,0.1
178420,0.0227118808601,0.1
178421,-0.0289785617509,0.1
178422,-0.0904307987163,0.1
178423,-0.231833843289,0.1
178424,-0.169332592116,0.1
178425,-0.355171136092,0.1
178426,-0.0883604137726,0.1
178427,-0.245263825413,0.1
178428,-0.0337498764089,0.1
178429,-0.136926712536,0.1
178430,-0.136938927517,0.1
178431,-0.186651386683,0.1
178432,-0.199458526453,0.1
178433,-0.0425875414299,0.1
178434,0.103002758913,0.1
178435,-0.251926527459,0.1
178436,-0.319655827888,0.1
178437,-0.127622746627,0.1
178438,-0.0579376098125,0.1
178439,-0.196492749495,0.1
178440,-0.0756744695795,0.1
178441,0.256278792617,0.1
178442,0.434083350514,0.1
178443,0.247977040022,0.1
178444,0.156932942385,0.1
178445,0.16993279991,0.1
178446,0.0674858770055,0.1
178447,0.128934642486,0.1
178448,0.0536737881107,0.1
178449,0.181127465933,0.1
178450,0.0544529636279,0.1
178451,0.204573024975,0.1
178452,0.173923900077,0.1
178453,0.327759876001,0.1
178454,0.317656394071,0.1
178455,0.27527420205,0.1
178456,0.41976723621,0.1
178457,0.29422396131,0.1
178458,0.670998695249,0.1
178459,0.752039701497,0.1
178460,0.88989971226,0.1
178461,0.83,0.1
178462,0.87,0.1
178463,1.24,0.1
178464,0.99,0.1
178465,0.43,0.1
178466,0.59,0.1
178467,0.58,0.1
178468,0.59,0.1
178469,0.93,0.1
178470,0.64,0.1
178471,1.2,0.1
178472,1.15,0.1
178473,1.14,0.1
178474,1.17,0.1
178475,1.39,0.1
178476,1.40785134746,0.1
178477,1.86349528307,0.1
178478,1.71041013572,0.1
178479,1.69748452879,0.1
178480,1.59544550928,0.1
178481,2.09,0.1
178482,2.37,0.1
178483,2.1677744304,0.1
178484,2.49,0.1
178485,2.33617448443,0.1
178486,2.56,0.1
178487,2.82422204565,0.1
178488,1.33,0.1
178489,2.17218568315,0.1
178490,1.53,0.1
178491,0.94,0.1
178492,1.25,0.1
178493,1.01,0.1
178494,1.07,0.1
178495,1.33,0.1
178496,1.76,0.1
178497,2.32,0.1
178498,3.06,0.1
178499,2.19,0.1
178500,1.73,0.1
178501,1.71,0.1
178502,1.54,0.1
178503,2.15,0.1
178504,1.74,0.1
178505,1.72,0.1
178506,-1.64702644667,0.07
178507,-1.70230334,0.07
178508,-1.76157615333,0.07
178509,-1.76490608667,0.07
178510,-1.77888674941,0.07
178511,-1.80751534237,0.07
178512,-1.8061837799,0.07
178513,-1.80152331128,0.07
178514,-1.85514728,0.07
178515,-1.90276532667,0.07
178516,-1.94805242,0.07
178517,-2.05444515327,0.07
178518,-1.94105956,0.07
178519,-2.0988984,0.07
178520,-1.92635729218,0.07
178521,-2.10378799035,0.07
178522,-2.09979330296,0.07
178523,-2.00871774775,0.07
178524,-2.10689024,0.07
178525,-2.0561846323,0.07
178526,-2.19999337829,0.07
178527,-2.05794022,0.07
178528,-2.04328851333,0.07
178529,-2.11310892759,0.07
178530,-1.95578708775,0.07
178531,-1.97695666576,0.07
178532,-2.07815541294,0.07
178533,-1.92674084667,0.07
178534,-2.03354807044,0.07
178535,-1.93115269253,0.07
178536,-1.97576092171,0.07
178537,-1.98767862667,0.07
178538,-1.95265565082,0.07
178539,-1.97702284,0.07
178540,-1.95465299451,0.07
178541,-1.97895400946,0.07
178542,-1.98294869685,0.07
178543,-1.89710444,0.07
178544,-1.84315952,0.07
178545,-1.85514728,0.07
178546,-1.70365347026,0.07
178547,-1.83614393532,0.07
178548,-1.73893987553,0.07
178549,-1.73927276614,0.07
178550,-1.82182963884,0.07
178551,-1.80851401421,0.07
178552,-1.89140377753,0.07
178553,-1.88578266667,0.07
178554,-1.93639765333,0.07
178555,-1.95099119774,0.07
178556,-1.94805242,0.07
178557,-1.95937419333,0.07
178558,-1.94139255333,0.07
178559,-1.99866740667,0.07
178560,-1.85345424733,0.07
178561,-1.8611107315,0.07
178562,-1.92702307341,0.07
178563,-1.79953739333,0.07
178564,-1.80152331128,0.07
178565,-1.80819522,0.07
178566,-1.74159655333,0.07
178567,-1.80152331128,0.07
178568,-1.61810058202,0.07
178569,-1.61006418667,0.07
178570,-1.61044409786,0.07
178571,-1.569439,0.07
178572,-1.64765401155,0.07
178573,-1.55118956827,0.07
178574,-1.56810702667,0.07
178575,-1.72162956351,0.07
178576,-1.73061761014,0.07
178577,-1.54046858,0.07
178578,-1.78987213973,0.07
178579,-1.59907540667,0.07
178580,-1.62642284742,0.07
178581,-1.58747464538,0.07
178582,-1.58973121395,0.07
178583,-1.49844255298,0.07
178584,-1.59779425447,0.07
178585,-1.60962685232,0.07
178586,-1.56331988203,0.07
178587,-1.55433347862,0.07
178588,-1.57582347383,0.07
178589,-1.63840690958,0.07
178590,-1.65405276852,0.07
178591,-1.7138444957,0.07
178592,-1.69385126309,0.07
178593,-1.73028471952,0.07
178594,-1.7671186904,0.07
178595,-1.80640840899,0.07
178596,-1.82192860224,0.07
178597,-1.90680018995,0.07
178598,-1.82658821882,0.07
178599,-1.68413708336,0.07
178600,-1.77433394716,0.07
178601,-1.90680018995,0.07
178602,-1.83557462222,0.07
178603,-1.9712975253,0.07
178604,-2.00864609521,0.07
178605,-2.02023244581,0.07
178606,-2.13245876434,0.07
178607,-2.04680821256,0.07
178608,-1.87842104351,0.07
178609,-1.91512093384,0.07
178610,-1.87984097973,0.07
178611,-1.77599809594,0.07
178612,-1.77999205301,0.07
178613,-1.64140292512,0.07
178614,-1.63188281171,0.07
178615,-1.75346717801,0.07
178616,-1.6515197673,0.07
178617,-1.72096378228,0.07
178618,-1.85920553488,0.07
178619,-1.83324481393,0.07
178620,-1.94758502494,0.07
178621,-1.93816012641,0.07
178622,-1.9906732884,0.07
178623,-1.80352065498,0.07
178624,-1.87775526228,0.07
178625,-1.80577659119,0.07
178626,-1.72595714152,0.07
178627,-1.76324089048,0.07
178628,-1.88017380949,0.07
178629,-1.7426016723,0.07
178630,-1.82891802711,0.07
178631,-1.74737473695,0.07
178632,-1.76290799986,0.07
178633,-1.71264151689,0.07
178634,-2.09118787463,0.07
178635,-2.12946329654,0.07
178636,-2.08514611587,0.07
178637,-2.23860868972,0.07
178638,-2.27923668662,0.07
178639,-2.19851839176,0.07
178640,-2.30053779099,0.07
178641,-2.13740994254,0.07
178642,-2.19133822228,0.07
178643,-2.26825330468,0.07
178644,-1.99293541532,0.07
178645,-2.18967376921,0.07
178646,-2.29022006856,0.07
178647,-2.24362390276,0.07
178648,-2.16840437796,0.07
178649,-2.12709033345,0.07
178650,-2.1184799146,0.07
178651,-1.95690800901,0.07
178652,-1.93360054883,0.07
178653,-1.91903369863,0.07
178654,-2.08742978602,0.07
178655,-2.08077051168,0.07
178656,-1.98927361855,0.07
178657,-2.08476607628,0.07
178658,-2.1447734653,0.07
178659,-2.13293829654,0.07
178660,-2.24262541349,0.07
178661,-2.2546072847,0.07
178662,-2.23497032911,0.07
178663,-2.15143006042,0.07
178664,-2.01496986056,0.07
178665,-2.00132384058,0.07
178666,-2.19203529062,0.07
178667,-1.96038578062,0.07
178668,-1.98934196937,0.07
178669,-1.89981076508,0.07
178670,-1.80994673103,0.07
178671,-1.90280623288,0.07
178672,-1.96404690794,0.07
178673,-1.95472767478,0.07
178674,-2.06223168588,0.07
178675,-2.24162692422,0.07
178676,-2.08319996049,0.07
178677,-2.20135452378,0.07
178678,-2.12247387167,0.07
178679,-2.06855545124,0.07
178680,-1.99034045864,0.07
178681,-2.18970548233,0.07
178682,-2.14910025213,0.07
178683,-2.02308331471,0.07
178684,-1.91745074213,0.07
178685,-2.11015917071,0.07
178686,-2.00664911667,0.07
178687,-2.10316974584,0.07
178688,-1.8921556807,0.07
178689,-2.09851012926,0.07
178690,-1.73705701452,0.07
178691,-2.04259473029,0.07
178692,-1.89448548899,0.07
178693,-1.93442505968,0.07
178694,-1.75569548084,0.07
178695,-1.6575107029,0.07
178696,-1.89448548899,0.07
178697,-1.65318391608,0.07
178698,-1.9124582958,0.07
178699,-1.88849455338,0.07
178700,-1.65850919217,0.07
178701,-1.74670907744,0.07
178702,-1.61890245123,0.07
178703,-1.74870605597,0.07
178704,-1.71742005893,0.07
178705,-1.8921556807,0.07
178706,-1.72108118625,0.07
178707,-1.70443969846,0.07
178708,-1.97270048159,0.07
178709,-1.71708722918,0.07
178710,-1.96737520549,0.07
178711,-1.57596741274,0.07
178712,-1.57696590201,0.07
178713,-1.82958368662,0.07
178714,-1.63254847122,0.07
178715,-1.84256404709,0.07
178716,-1.65052127803,0.07
178717,-1.7996290086,0.07
178718,-1.77133847936,0.07
178719,-1.765014714,0.07
178720,-1.71941703747,0.07
178721,-1.81793464517,0.07
178722,-1.73971965257,0.07
178723,-1.7793263935,0.07
178724,-1.77133847936,0.07
178725,-1.81860030468,0.07
178726,-1.71509025064,0.07
178727,-1.66921711565,0.07
178728,-1.77289471833,0.07
178729,-1.76803304852,0.07
178730,-1.68980219884,0.07
178731,-1.69418415697,0.07
178732,-1.64672917498,0.07
178733,-1.58860144011,0.07
178734,-1.5731603489,0.07
178735,-1.43713319924,0.07
178736,-1.45017293975,0.07
178737,-1.33747379298,0.07
178738,-1.45398550848,0.07
178739,-1.40323490205,0.07
178740,-1.39273363519,0.07
178741,-1.52906879034,0.07
178742,-1.58760274841,0.07
178743,-1.52573985149,0.07
178744,-1.63208198788,0.07
178745,-1.56135949712,0.07
178746,-1.53055035009,0.07
178747,-1.6154374571,0.07
178748,-1.61610323833,0.07
178749,-1.65505144037,0.07
178750,-1.56783409905,0.07
178751,-1.58460667332,0.07
178752,-1.56117628674,0.07
178753,-1.39872566627,0.07
178754,-1.37109574516,0.07
178755,-1.3809310118,0.07
178756,-1.32001143097,0.07
178757,-1.34746051145,0.07
178758,-1.220749998,0.07
178759,-1.14990265607,0.07
178760,-1.22761988979,0.07
178761,-1.16303911034,0.07
178762,-1.21481696351,0.07
178763,-1.26208789509,0.07
178764,-1.29265580026,0.07
178765,-1.23228035841,0.07
178766,-1.26556941998,0.07
178767,-1.32433905146,0.07
178768,-1.35529818271,0.07
178769,-1.25276686633,0.07
178770,-1.31435223493,0.07
178771,-1.38707449472,0.07
178772,-1.31084254372,0.07
178773,-1.26541683394,0.07
178774,-1.32433905146,0.07
178775,-1.13991583954,0.07
178776,-1.13120064241,0.07
178777,-1.23878532319,0.07
178778,-1.15423027656,0.07
178779,-1.17553548516,0.07
178780,-1.21863184317,0.07
178781,-1.13873809539,0.07
178782,-1.2362750458,0.07
178783,-1.13474340801,0.07
178784,-1.19178793876,0.07
178785,-1.33248043374,0.07
178786,-1.33166271692,0.07
178787,-1.38592442007,0.07
178788,-1.39007051026,0.07
178789,-1.27821926338,0.07
178790,-1.32101011262,0.07
178791,-1.17719995458,0.07
178792,-1.17387101574,0.07
178793,-1.23660793641,0.07
178794,-1.14206700155,0.07
178795,-1.04186692622,0.07
178796,-0.998374646572,0.07
178797,-1.05502789903,0.07
178798,-1.02872928217,0.07
178799,-1.19066903145,0.07
178800,-1.13325796185,0.07
178801,-1.10629355722,0.07
178802,-1.04537397638,0.07
178803,-1.07161203776,0.07
178804,-1.06184036316,0.07
178805,-1.13179965345,0.07
178806,-0.919432550013,0.07
178807,-0.889621432951,0.07
178808,-0.697993373078,0.07
178809,-0.859555651143,0.07
178810,-0.811648636175,0.07
178811,-0.858234078317,0.07
178812,-0.723433649992,0.07
178813,-0.642156921149,0.07
178814,-0.545021318386,0.07
178815,-0.482767276263,0.07
178816,-0.425749370775,0.07
178817,-0.339186350626,0.07
178818,-0.109520862241,0.07
178819,-0.250640971236,0.07
178820,-0.306147029958,0.07
178821,-0.218262436981,0.07
178822,-0.262865519883,0.07
178823,-0.383789433527,0.07
178824,-0.483568181944,0.07
178825,-0.476299531397,0.07
178826,-0.47398677895,0.07
178827,-0.474647565364,0.07
178828,-0.508017279238,0.07
178829,-0.537587471236,0.07
178830,-0.454493579756,0.07
178831,-0.479107873654,0.07
178832,-0.359009943026,0.07
178833,-0.344803035139,0.07
178834,-0.128678642784,0.07
178835,-0.0626820411226,0.07
178836,-0.0220088722147,0.07
178837,-0.0836512421032,0.07
178838,0.0674601427408,0.07
178839,-0.038051551082,0.07
178840,0.000457865839364,0.07
178841,0.0126925653594,0.07
178842,0.0551448977205,0.07
178843,0.0574748089406,0.07
178844,0.0957519218416,0.07
178845,0.105404411182,0.07
178846,0.0271859630798,0.07
178847,-0.0167495056414,0.07
178848,0.0544792088005,0.07
178849,0.0854337435813,0.07
178850,0.0916463908825,0.07
178851,0.219794779158,0.07
178852,0.0295381999745,0.07
178853,-0.0590129113627,0.07
178854,-0.0751689798884,0.07
178855,-0.0989904893707,0.07
178856,-0.223879121495,0.07
178857,-0.217454715027,0.07
178858,-0.193749035317,0.07
178859,-0.401184856952,0.07
178860,-0.34476772098,0.07
178861,-0.295574447344,0.07
178862,-0.35625085485,0.07
178863,-0.334230452525,0.07
178864,-0.325309835945,0.07
178865,-0.35458663255,0.07
178866,-0.331917700079,0.07
178867,-0.487391572094,0.07
178868,-0.527998596215,0.07
178869,-0.585913532257,0.07
178870,-0.641332134848,0.07
178871,-0.714513033412,0.07
178872,-0.784226000021,0.07
178873,-0.755588558583,0.07
178874,-0.998417503333,0.07
178875,-1.06907395156,0.07
178876,-1.1,0.07
178877,-1.17781358088,0.07
178878,-1.13977973132,0.07
178879,-1.18838572542,0.07
178880,-1.2911337551,0.07
178881,-1.2428647934,0.07
178882,-1.32978815855,0.07
178883,-1.35123626892,0.07
178884,-1.42444189007,0.07
178885,-1.30864386948,0.07
178886,-1.6,0.07
178887,-1.48903108558,0.07
178888,-1.44705251252,0.07
178889,-1.48802221668,0.07
178890,-1.52768548903,0.07
178891,-1.53295673092,0.07
178892,-1.3545666223,0.07
178893,-1.54849939858,0.07
178894,-1.4559733352,0.07
178895,-1.47018057132,0.07
178896,-1.52800071832,0.07
178897,-1.58979683817,0.07
178898,-1.44308770244,0.07
178899,-1.59937784415,0.07
178900,-1.50455892287,0.07
178901,-1.58814494058,0.07
178902,-1.66776027364,0.07
178903,-1.67800816912,0.07
178904,-1.66347147038,0.07
178905,-1.67635627153,0.07
178906,-1.72558281952,0.07
178907,-1.67436829044,0.07
178908,-1.64265756083,0.07
178909,-1.72293978338,0.07
178910,-1.66016767522,0.07
178911,-1.70774232562,0.07
178912,-1.61905702016,0.07
178913,-1.77679880874,0.07
178914,-1.75730594643,0.07
178915,-1.67853071456,0.07
178916,-1.66545822236,0.07
178917,-1.64053363203,0.07
178918,-1.66909248482,0.07
178919,-1.6420007101,0.07
178920,-1.55264472808,0.07
178921,-1.49497827408,0.07
178922,-1.55099268101,0.07
178923,-1.42642833219,0.07
178924,-1.52125583381,0.07
178925,-1.43072365456,0.07
178926,-1.50870027611,0.07
178927,-1.59870649808,0.07
178928,-1.66347589738,0.07
178929,-1.62019513532,0.07
178930,-1.53032973622,0.07
178931,-1.52984647856,0.07
178932,-1.701140072,0.07
178933,-1.57412133995,0.07
178934,-1.70576549695,0.07
178935,-1.71931138432,0.07
178936,-1.81115910839,0.07
178937,-1.74276889658,0.07
178938,-1.85113599549,0.07
178939,-1.82239228328,0.07
178940,-1.77316454627,0.07
178941,-1.80653368344,0.07
178942,-1.76556563385,0.07
178943,-1.78505849615,0.07
178944,-1.75334129647,0.07
178945,-1.80686407093,0.07
178946,-1.84221553308,0.07
178947,-1.77250377128,0.07
178948,-1.68561185966,0.07
178949,-1.76589602135,0.07
178950,-1.72724068424,0.07
178951,-1.82074034579,0.07
178952,-1.80124748349,0.07
178953,-1.69453232207,0.07
178954,-1.8696376953,0.07
178955,-1.74064768427,0.07
178956,-1.70873898442,0.07
178957,-1.80223864598,0.07
178958,-1.86616862658,0.07
178959,-1.81413259586,0.07
178960,-1.86699459533,0.07
178961,-1.76622640884,0.07
178962,-1.76127059639,0.07
178963,-1.72525835926,0.07
178964,-1.75433245896,0.07
178965,-1.70213123449,0.07
178966,-1.62482056027,0.07
178967,-1.6915588346,0.07
178968,-1.86418630161,0.07
178969,-1.597745613,0.07
178970,-1.89012172009,0.07
178971,-1.57162817331,0.07
178972,-1.84452824555,0.07
178973,-1.62713327275,0.07
178974,-1.7014704595,0.07
178975,-1.77250377128,0.07
178976,-1.85724816417,0.07
178977,-1.8894609451,0.07
178978,-1.7999259335,0.07
178979,-1.75730594643,0.07
178980,-1.79893477101,0.07
178981,-1.72842253597,0.07
178982,-1.79199663358,0.07
178983,-1.70793715235,0.07
178984,-1.82933042071,0.07
178985,-1.78241539618,0.07
178986,-1.83131274569,0.07
178987,-1.74758628195,0.07
178988,-1.75782897376,0.07
178989,-1.68679094989,0.07
178990,-1.67192252629,0.07
178991,-1.78591377389,0.07
178992,-1.72181434771,0.07
178993,-1.80507751987,0.07
178994,-1.73436990541,0.07
178995,-1.79483482805,0.07
178996,-1.88867110144,0.07
178997,-1.84770033419,0.07
178998,-1.80144301632,0.07
178999,-1.77798394797,0.07
179000,-1.84340501181,0.07
179001,-1.8653772378,0.07
179002,-1.72743130773,0.07
179003,-1.6894342252,0.07
179004,-1.73106581128,0.07
179005,-1.73635236189,0.07
179006,-1.7984693316,0.07
179007,-1.67093129805,0.07
179008,-1.7885570492,0.07
179009,-1.75617692669,0.07
179010,-1.64846345795,0.07
179011,-1.6200482484,0.07
179012,-1.62434357077,0.07
179013,-1.66333188155,0.07
179014,-1.66267106272,0.07
179015,-1.57973829997,0.07
179016,-1.62649123196,0.07
179017,-1.67654825808,0.07
179018,-1.58965058237,0.07
179019,-1.53050729739,0.07
179020,-1.48078068068,0.07
179021,-1.45087862877,0.07
179022,-1.31474995048,0.07
179023,-1.31541076931,0.07
179024,-1.33358328704,0.07
179025,-1.16177039211,0.07
179026,-1.15185810971,0.07
179027,-1.18655109811,0.07
179028,-1.13500722963,0.07
179029,-1.12393851428,0.07
179030,-1.03984931859,0.07
179031,-1.11518266483,0.07
179032,-1.17498676864,0.07
179033,-1.18093413808,0.07
179034,-1.21992244885,0.07
179035,-1.2759048774,0.07
179036,-1.33160083056,0.07
179037,-1.37554528253,0.07
179038,-1.41387277448,0.07
179039,-1.40742979092,0.07
179040,-1.24139906072,0.07
179041,-1.45517395115,0.07
179042,-1.42824558396,0.07
179043,-1.47086839828,0.07
179044,-1.46343418648,0.07
179045,-1.33325287763,0.07
179046,-1.43270611104,0.07
179047,-1.48854530189,0.07
179048,-1.46013009235,0.07
179049,-1.49911840312,0.07
179050,-1.50440495373,0.07
179051,-1.58139034704,0.07
179052,-1.58238157528,0.07
179053,-1.60220614008,0.07
179054,-1.50572659139,0.07
179055,-1.57213888347,0.07
179056,-1.56619151403,0.07
179057,-1.59691958947,0.07
179058,-1.57279970229,0.07
179059,-1.51332600789,0.07
179060,-1.47962424773,0.07
179061,-1.49151898661,0.07
179062,-1.61938742957,0.07
179063,-1.39669148499,0.07
179064,-1.52918565973,0.07
179065,-1.49581430899,0.07
179066,-1.51530846437,0.07
179067,-1.61657894956,0.07
179068,-1.62351754724,0.07
179069,-1.62946491668,0.07
179070,-1.6129137342,0.07
179071,-1.64317690733,0.07
179072,-1.63888158496,0.07
179073,-1.5754429776,0.07
179074,-1.48524120776,0.07
179075,-1.53348098211,0.07
179076,-1.44559207816,0.07
179077,-1.36398095307,0.07
179078,-1.36381574836,0.07
179079,-1.30913299045,0.07
179080,-1.22884350301,0.07
179081,-1.08544581763,0.07
179082,-0.966498428827,0.07
179083,-0.966498428827,0.07
179084,-0.919910701547,0.07
179085,-0.72001300648,0.07
179086,-0.759001317253,0.07
179087,-0.668799547413,0.07
179088,-0.740167980693,0.07
179089,-0.689615340453,0.07
179090,-0.57446389408,0.07
179091,-0.510533438427,0.07
179092,-0.5049164784,0.07
179093,-0.34631996,0.07
179094,-0.162612326187,0.07
179095,0.18795206136,0.07
179096,0.23751347336,0.07
179097,0.4565749144,0.07
179098,0.490607083973,0.07
179099,0.61318897632,0.07
179100,0.73709250632,0.07
179101,0.71528548504,0.07
179102,0.670349804827,0.07
179103,0.686870275493,0.07
179104,0.64637654579,0.07
179105,0.666035262887,0.07
179106,0.43029585703,0.07
179107,0.34158383114,0.07
179108,0.39312601378,0.07
179109,0.33083440752,0.07
179110,0.312178355147,0.07
179111,0.22363152856,0.07
179112,0.17752841776,0.07
179113,0.19786043724,0.07
179114,0.04818986842,0.07
179115,-0.0352497232,0.07
179116,-0.06976243416,0.07
179117,0.05461930528,0.07
179118,-0.2458802587,0.07
179119,-0.25263806295,0.07
179120,-0.18855571296,0.07
179121,-0.20654745732,0.07
179122,-0.40478662132,0.07
179123,-0.236944129133,0.07
179124,-0.339218496,0.07
179125,-0.48011750364,0.07
179126,-0.40478662132,0.07
179127,-0.69175619228,0.07
179128,-0.70214536732,0.07
179129,-0.8133437014,0.07
179130,-0.942675552973,0.07
179131,-0.98085692728,0.07
179132,-0.96334568276,0.07
179133,-1.03650875727,0.07
179134,-1.13199395459,0.07
179135,-1.00181690357,0.07
179136,-1.14421870304,0.07
179137,-1.10853565352,0.07
179138,-1.16949419645,0.07
179139,-0.97075943454,0.07
179140,-0.998843316107,0.07
179141,-1.024800239,0.07
179142,-1.02230161718,0.07
179143,-0.81910647408,0.07
179144,-0.86172789434,0.07
179145,-0.9935569384,0.07
179146,-1.20765523552,0.07
179147,-1.38772247615,0.07
179148,-1.4742869111,0.07
179149,-1.52601831328,0.07
179150,-1.48042299736,0.07
179151,-1.72671144659,0.07
179152,-1.61173273147,0.07
179153,-1.50831796759,0.07
179154,-1.47645818728,0.07
179155,-1.50154479615,0.07
179156,-1.53623664985,0.07
179157,-1.45380219749,0.07
179158,-1.4163252344,0.07
179159,-1.60661155307,0.07
179160,-1.48934382004,0.07
179161,-1.44983741421,0.07
179162,-1.43695186855,0.07
179163,-1.5337586603,0.07
179164,-1.667570096,0.07
179165,-1.45200852512,0.07
179166,-1.47230451946,0.07
179167,-1.55606056625,0.07
179168,-1.57406729031,0.07
179169,-1.57489328683,0.07
179170,-1.60016878024,0.07
179171,-1.66707449809,0.07
179172,-1.69829716642,0.07
179173,-1.76536808357,0.07
179174,-1.48221647766,0.07
179175,-1.75446492955,0.07
179176,-1.82550062999,0.07
179177,-1.77461924456,0.07
179178,-1.80336392334,0.07
179179,-1.67616045977,0.07
179180,-1.82946541327,0.07
179181,-1.61767990639,0.07
179182,-1.63405938796,0.07
179183,-1.68012524305,0.07
179184,-1.71930280468,0.07
179185,-1.792982192,0.07
179186,-1.72822362736,0.07
179187,-1.50555006142,0.07
179188,-1.70838797227,0.07
179189,-1.63339858628,0.07
179190,-1.7909861056,0.07
179191,-1.65521198247,0.07
179192,-1.75928153022,0.07
179193,-1.8068449472,0.07
179194,-1.7830566848,0.07
179195,-1.8464920512,0.07
179196,-1.7325066272,0.07
179197,-1.82039104107,0.07
179198,-1.83989413228,0.07
179199,-1.84715283627,0.07
179200,-1.80056748907,0.07
179201,-1.80948808747,0.07
179202,-1.79760780376,0.07
179203,-1.88481758507,0.07
179204,-1.86434221652,0.07
179205,-1.90630968012,0.07
179206,-1.8210662634,0.07
179207,-1.79099978696,0.07
179208,-1.84320311968,0.07
179209,-1.7698541332,0.07
179210,-1.97964024213,0.07
179211,-1.97567553173,0.07
179212,-1.94726177387,0.07
179213,-1.87954721208,0.07
179214,-1.97105003627,0.07
179215,-1.9644421856,0.07
179216,-1.85608875244,0.07
179217,-1.9307421472,0.07
179218,-1.86698525265,0.07
179219,-1.85046627682,0.07
179220,-1.78669100267,0.07
179221,-1.84682244373,0.07
179222,-1.86961952853,0.07
179223,-1.83130426485,0.07
179224,-1.69188410882,0.07
179225,-1.70607522453,0.07
179226,-1.6591698518,0.07
179227,-1.50389816383,0.07
179228,-1.56632721576,0.07
179229,-1.88713840317,0.07
179230,-1.77414860847,0.07
179231,-1.77513974702,0.07
179232,-1.74639672907,0.07
179233,-1.68030460693,0.07
179234,-1.77149294613,0.07
179235,-1.84650172262,0.07
179236,-1.77580050605,0.07
179237,-1.80553466255,0.07
179238,-1.88086119235,0.07
179239,-1.8739232225,0.07
179240,-1.90728427733,0.07
179241,-1.84881993396,0.07
179242,-1.9198391936,0.07
179243,-1.94825861375,0.07
179244,-1.9195155958,0.07
179245,-1.83329109448,0.07
179246,-1.9247950816,0.07
179247,-1.90069286584,0.07
179248,-1.88318162132,0.07
179249,-1.9148833056,0.07
179250,-1.91818723093,0.07
179251,-1.85905614425,0.07
179252,-1.95320883947,0.07
179253,-1.88053081283,0.07
179254,-1.82138221867,0.07
179255,-1.8977105477,0.07
179256,-1.9624598304,0.07
179257,-1.82337906928,0.07
179258,-1.76027266877,0.07
179259,-1.83956375277,0.07
179260,-1.80884143232,0.07
179261,-1.78273976596,0.07
179262,-1.89440675253,0.07
179263,-1.83890790876,0.07
179264,-1.82304477693,0.07
179265,-1.8461713431,0.07
179266,-1.7530043194,0.07
179267,-1.91437785518,0.07
179268,-1.97583199602,0.07
179269,-1.93492841931,0.07
179270,-1.93195473459,0.07
179271,-1.93882735207,0.07
179272,-1.94708731724,0.07
179273,-1.90281390395,0.07
179274,-1.90248350534,0.07
179275,-1.88668864496,0.07
179276,-1.85529975069,0.07
179277,-1.8905891555,0.07
179278,-1.88464198058,0.07
179279,-1.89984031649,0.07
179280,-1.87082899312,0.07
179281,-1.89214040028,0.07
179282,-1.84730693803,0.07
179283,-1.7865135944,0.07
179284,-1.85127172131,0.07
179285,-1.86647005721,0.07
179286,-1.83343019655,0.07
179287,-1.87737321123,0.07
179288,-1.81631143992,0.07
179289,-1.91873835805,0.07
179290,-1.84697653942,0.07
179291,-1.84730693803,0.07
179292,-1.74110926012,0.07
179293,-1.74097809368,0.07
179294,-1.67698645629,0.07
179295,-1.618010305,0.07
179296,-1.45682599821,0.07
179297,-1.56701753756,0.07
179298,-1.56101654535,0.07
179299,-1.55556496834,0.07
179300,-1.56764881912,0.07
179301,-1.57571928335,0.07
179302,-1.56514652793,0.07
179303,-1.61608333544,0.07
179304,-1.62533479901,0.07
179305,-1.46938155592,0.07
179306,-1.73497141176,0.07
179307,-1.69433238314,0.07
179308,-1.61867110221,0.07
179309,-1.65303255731,0.07
179310,-1.61206313008,0.07
179311,-1.67979484445,0.07
179312,-1.6080983468,0.07
179313,-1.60385818715,0.07
179314,-1.58568566941,0.07
179315,-1.59950798303,0.07
179316,-1.634916672,0.07
179317,-1.59791081771,0.07
179318,-1.61211842248,0.07
179319,-1.64532456852,0.07
179320,-1.63717342419,0.07
179321,-1.58364884991,0.07
179322,-1.56586110461,0.07
179323,-1.57902326941,0.07
179324,-1.61206313008,0.07
179325,-1.51134355141,0.07
179326,-1.61707456368,0.07
179327,-1.61377046955,0.07
179328,-1.75089037608,0.07
179329,-1.78508775036,0.07
179330,-1.76840207499,0.07
179331,-1.9000702262,0.07
179332,-1.83844887061,0.07
179333,-1.80931230537,0.07
179334,-1.87328106675,0.07
179335,-1.94014091781,0.07
179336,-1.98800033796,0.07
179337,-1.94072272965,0.07
179338,-1.9105651818,0.07
179339,-1.89092444262,0.07
179340,-2.02229325103,0.07
179341,-1.87894026279,0.07
179342,-1.83960595355,0.07
179343,-1.8296719679,0.07
179344,-1.88692971601,0.07
179345,-1.89178041683,0.07
179346,-1.96049926445,0.07
179347,-1.88360077717,0.07
179348,-1.88593103436,0.07
179349,-1.8935875937,0.07
179350,-1.83061772826,0.07
179351,-1.98513341189,0.07
179352,-1.89292180593,0.07
179353,-1.84232193551,0.07
179354,-1.62322275231,0.07
179355,-1.69484994474,0.07
179356,-1.60530148985,0.07
179357,-1.56202528489,0.07
179358,-1.81409883222,0.07
179359,-1.55098405282,0.07
179360,-1.42181992654,0.07
179361,-1.80477792226,0.07
179362,-1.77348629597,0.07
179363,-1.84871935492,0.07
179364,-1.79612279159,0.07
179365,-1.74086311112,0.07
179366,-1.65085322262,0.07
179367,-1.73553687686,0.07
179368,-1.80244769477,0.07
179369,-1.81076993581,0.07
179370,-1.67548761784,0.07
179371,-1.92361952422,0.07
179372,-1.82375263182,0.07
179373,-1.87601630551,0.07
179374,-1.9629005019,0.07
179375,-1.75571585091,0.07
179376,-1.93527066167,0.07
179377,-1.84139578281,0.07
179378,-1.88267409834,0.07
179379,-1.81530445556,0.07
179380,-1.82741441787,0.07
179381,-1.86369938878,0.07
179382,-1.85471136846,0.07
179383,-1.92961153777,0.07
179384,-1.75883915176,0.07
179385,-1.92861286884,0.07
179386,-1.79246100553,0.07
179387,-1.76716139279,0.07
179388,-1.76216804817,0.07
179389,-1.72288707049,0.07
179390,-1.78767398525,0.07
179391,-1.76816006171,0.07
179392,-1.71556349838,0.07
179393,-1.93294043418,0.07
179394,-1.94858624732,0.07
179395,-1.77282051669,0.07
179396,-1.78147564737,0.07
179397,-1.74872500903,0.07
179398,-1.82142240433,0.07
179399,-1.77315340633,0.07
179400,-1.87102296089,0.07
179401,-1.84060464524,0.07
179402,-1.87069007125,0.07
179403,-1.7260879972,0.07
179404,-1.79678857087,0.07
179405,-1.81376594258,0.07
179406,-1.82508419038,0.07
179407,-1.71327145375,0.07
179408,-1.80178191549,0.07
179409,-1.70590969878,0.07
179410,-1.86569672663,0.07
179411,-1.76603566512,0.07
179412,-1.76337248726,0.07
179413,-1.68048107633,0.07
179414,-1.64798690119,0.07
179415,-1.83074331429,0.07
179416,-1.98254099074,0.07
179417,-1.63021359419,0.07
179418,-1.91696173139,0.07
179419,-1.85770737523,0.07
179420,-1.76603566512,0.07
179421,-1.85225604839,0.07
179422,-1.92682502851,0.07
179423,-1.88433854654,0.07
179424,-1.74519067646,0.07
179425,-1.78567660185,0.07
179426,-1.91617231706,0.07
179427,-1.95457826087,0.07
179428,-1.86191006814,0.07
179429,-2.00139400863,0.07
179430,-2.01304541177,0.07
179431,-1.97055696365,0.07
179432,-1.98907681102,0.07
179433,-2.0378006712,0.07
179434,-2.04833251843,0.07
179435,-1.99252767998,0.07
179436,-2.02049040985,0.07
179437,-2.02481797519,0.07
179438,-1.98720144572,0.07
179439,-1.9242853035,0.07
179440,-2.04146245726,0.07
179441,-1.90997104893,0.07
179442,-2.00084992101,0.07
179443,-1.70923859519,0.07
179444,-2.0071748242,0.07
179445,-2.07475142139,0.07
179446,-2.10770749589,0.07
179447,-1.90031724933,0.07
179448,-2.03913222977,0.07
179449,-2.01782729272,0.07
179450,-1.88167542941,0.07
179451,-2.02581664411,0.07
179452,-1.98420543895,0.07
179453,-2.05377937399,0.07
179454,-2.04412557439,0.07
179455,-2.07974476601,0.07
179456,-2.04279401582,0.07
179457,-2.15497782496,0.07
179458,-1.94459157163,0.07
179459,-1.90065013897,0.07
179460,-2.18360633411,0.07
179461,-2.07708164888,0.07
179462,-2.02215485806,0.07
179463,-1.83307354178,0.07
179464,-1.85704159595,0.07
179465,-1.95873938138,0.07
179466,-1.9339391031,0.07
179467,-1.91629595211,0.07
179468,-1.96023738477,0.07
179469,-1.87302029874,0.07
179470,-2.00617615528,0.07
179471,-1.87501763658,0.07
179472,-1.82974464536,0.07
179473,-1.91463150391,0.07
179474,-1.85704159595,0.07
179475,-1.88267409834,0.07
179476,-1.81642905971,0.07
179477,-1.90031724933,0.07
179478,-1.768825841,0.07
179479,-1.90997104893,0.07
179480,-2.01449839631,0.07
179481,-2.02481797519,0.07
179482,-1.9379337788,0.07
179483,-1.96057027441,0.07
179484,-2.05644249112,0.07
179485,-1.95158225409,0.07
179486,-1.97555030827,0.07
179487,-1.98820011464,0.07
179488,-1.87801364336,0.07
179489,-1.93061020669,0.07
179490,-1.92794708956,0.07
179491,-1.9129670557,0.07
179492,-1.76516405494,0.07
179493,-1.83174198321,0.07
179494,-1.83801509638,0.07
179495,-1.89499101507,0.07
179496,-1.85371269954,0.07
179497,-1.7608364896,0.07
179498,-1.67728118963,0.07
179499,-1.77481785454,0.07
179500,-1.61070326136,0.07
179501,-1.65664203186,0.07
179502,-1.77947830952,0.07
179503,-1.81443172186,0.07
179504,-1.85071669277,0.07
179505,-1.81809350791,0.07
179506,-1.87701497443,0.07
179507,-1.78380587486,0.07
179508,-1.91263416606,0.07
179509,-1.94625601983,0.07
179510,-1.799451688,0.07
179511,-1.89798702184,0.07
179512,-1.80744103939,0.07
179513,-1.8431710449,0.07
179514,-1.79156520485,0.07
179515,-1.79133871164,0.07
179516,-1.86214867641,0.07
179517,-1.76026875991,0.07
179518,-1.76293228714,0.07
179519,-1.82685694063,0.07
179520,-1.86,0.07
179521,-1.77425227786,0.07
179522,-1.81953224075,0.07
179523,-1.80388401828,0.07
179524,-1.77891345051,0.07
179525,-1.80787930912,0.07
179526,-1.81187459996,0.07
179527,-1.84450280852,0.07
179528,-1.84161206169,0.07
179529,-1.82818870424,0.07
179530,-1.86281455821,0.07
179531,-1.8611498537,0.07
179532,-1.85315927201,0.07
179533,-1.9174168664,0.07
179534,-1.87590447928,0.07
179535,-1.82652399972,0.07
179536,-1.92118378794,0.07
179537,-1.95637095212,0.07
179538,-1.98800033796,0.07
179539,-1.91208981194,0.07
179540,-1.87613219436,0.07
179541,-1.90243452574,0.07
179542,-1.9450509614,0.07
179543,-1.73230172401,0.07
179544,-2.01902309185,0.07
179545,-1.7779146278,0.07
179546,-1.79033990336,0.07
179547,-1.89251567896,0.07
179548,-1.64407238456,0.07
179549,-1.75860405539,0.07
179550,-1.75227817822,0.07
179551,-1.66038648883,0.07
179552,-1.7313029013,0.07
179553,-1.87,0.07
179554,-1.80321813647,0.07
179555,-1.89521477268,0.07
179556,-1.99665680146,0.07
179557,-1.97511943501,0.07
179558,-1.98566975164,0.07
179559,-2.05159205055,0.07
179560,-2.00231679682,0.07
179561,-1.98800033796,0.07
179562,-1.96735800194,0.07
179563,-1.96169800658,0.07
179564,-2.00797679218,0.07
179565,-2.02628854188,0.07
179566,-1.95736977483,0.07
179567,-2.02196031013,0.07
179568,-1.99732268326,0.07
179569,-2.01,0.07
179570,-1.98577338999,0.07
179571,-1.98666857435,0.07
179572,-1.94771448863,0.07
179573,-1.93772626152,0.07
179574,-1.92107921634,0.07
179575,-1.97235211549,0.07
179576,-1.91208981194,0.07
179577,-1.90110276213,0.07
179578,-1.85848632647,0.07
179579,-1.91541922098,0.07
179580,-1.85648868105,0.07
179581,-1.79522755479,0.07
179582,-1.81753459533,0.07
179583,-1.92,0.07
179584,-1.94305331598,0.07
179585,-1.84650045394,0.07
179586,-1.93739332062,0.07
179587,-1.89777335309,0.07
179588,-1.94,0.07
179589,-1.91696173139,0.07
179590,-1.99618946603,0.07
179591,0.652676,0.1
179592,0.770255,0.1
179593,0.824372,0.1
179594,0.66543,0.1
179595,0.481847,0.1
179596,0.60987,0.1
179597,0.677775,0.1
179598,0.753683,0.1
179599,0.874605,0.1
179600,0.847922,0.1
179601,0.78294,0.1
179602,0.622705,0.1
179603,0.562118,0.1
179604,0.503241,0.1
179605,0.477475,0.1
179606,0.399616,0.1
179607,0.533847,0.1
179608,0.515124,0.1
179609,0.275165,0.1
179610,0.465031,0.1
179611,0.600753,0.1
179612,0.612919,0.1
179613,0.58474,0.1
179614,0.543463,0.1
179615,0.471032,0.1
179616,0.498169,0.1
179617,0.483915,0.1
179618,0.498135,0.1
179619,0.577877,0.1
179620,0.467957,0.1
179621,0.373604,0.1
179622,0.406991,0.1
179623,0.511753,0.1
179624,0.456114,0.1
179625,0.431693,0.1
179626,0.340062,0.1
179627,0.560603,0.1
179628,0.507582,0.1
179629,0.381042,0.1
179630,0.356299,0.1
179631,0.283516,0.1
179632,0.349153,0.1
179633,0.261058,0.1
179634,0.281262,0.1
179635,0.194204,0.1
179636,0.27554,0.1
179637,0.272253,0.1
179638,0.132129,0.1
179639,0.280187,0.1
179640,0.280695,0.1
179641,0.226876,0.1
179642,0.216469,0.1
179643,0.0555242,0.1
179644,0.188863,0.1
179645,0.0804378,0.1
179646,0.125514,0.1
179647,0.242674,0.1
179648,0.278923,0.1
179649,0.206666,0.1
179650,0.449187,0.1
179651,0.256644,0.1
179652,0.238839,0.1
179653,0.249133,0.1
179654,0.306768,0.1
179655,0.448833,0.1
179656,0.341917,0.1
179657,0.55381,0.1
179658,0.505709,0.1
179659,0.368532,0.1
179660,0.567691,0.1
179661,0.329021,0.1
179662,0.370391,0.1
179663,0.46738,0.1
179664,0.479242,0.1
179665,0.463187,0.1
179666,0.228371,0.1
179667,0.633256,0.1
179668,0.616748,0.1
179669,0.560951,0.1
179670,0.466876,0.1
179671,0.337433,0.1
179672,0.3916,0.1
179673,0.224373,0.1
179674,0.459448,0.1
179675,0.586373,0.1
179676,0.568875,0.1
179677,0.651745,0.1
179678,0.743859,0.1
179679,0.803806,0.1
179680,0.842435,0.1
179681,0.917546,0.1
179682,0.864886,0.1
179683,0.85017,0.1
179684,0.881394,0.1
179685,0.930423,0.1
179686,0.924975,0.1
179687,0.975961,0.1
179688,1.12307,0.1
179689,1.04251,0.1
179690,1.18597,0.1
179691,1.30829,0.1
179692,1.36805,0.1
179693,1.41573,0.1
179694,1.54667,0.1
179695,1.53709,0.1
179696,1.52422,0.1
179697,1.49054,0.1
179698,1.42088,0.1
179699,1.31853,0.1
179700,1.55096,0.1
179701,1.50078,0.1
179702,1.54898,0.1
179703,1.6817,0.1
179704,1.75797,0.1
179705,1.68567,0.1
179706,1.68468,0.1
179707,1.74344,0.1
179708,1.82532,0.1
179709,1.87138,0.1
179710,1.79561,0.1
179711,1.7167,0.1
179712,1.98676,0.1
179713,1.55393,0.1
179714,1.54304,0.1
179715,1.5196,0.1
179716,1.65694,0.1
179717,1.54297,0.1
179718,1.86065,0.1
179719,2.20468,0.1
179720,2.20171,0.1
179721,2.11818,0.1
179722,1.87386,0.1
179723,1.74741,0.1
179724,1.58233,0.1
179725,1.36772,0.1
179726,1.29211,0.1
179727,1.14288,0.1
179728,1.26174,0.1
179729,1.37961,0.1
179730,1.46413,0.1
179731,1.63746,0.1
179732,1.85834,0.1
179733,1.99173,0.1
179734,2.12478,0.1
179735,2.13138,0.1
179736,2.16143,0.1
179737,2.17563,0.1
179738,2.17463,0.1
179739,2.09441,0.1
179740,2.27055,0.1
179741,2.3133,0.1
179742,2.41169,0.1
179743,2.55168,0.1
179744,2.73525,0.1
179745,2.81746,0.1
179746,3.12352,0.1
179747,3.22818,0.1
179748,3.34902,0.1
179749,3.35166,0.1
179750,3.26318,0.1
179751,3.28431,0.1
179752,3.26747,0.1
179753,3.16446,0.1
179754,3.24733,0.1
179755,3.08918,0.1
179756,2.94028,0.1
179757,2.7785,0.1
179758,2.76562,0.1
179759,2.72171,0.1
179760,2.5289,0.1
179761,2.35259,0.1
179762,2.36772,0.1
179763,2.27401,0.1
179764,2.28524,0.1
179765,2.4041,0.1
179766,2.46121,0.1
179767,2.49093,0.1
179768,2.6088,0.1
179769,2.66922,0.1
179770,2.82967,0.1
179771,3.12583,0.1
179772,3.17667,0.1
179773,3.1047,0.1
179774,3.20507,0.1
179775,3.17908,0.1
179776,3.06277,0.1
179777,3.07408,0.1
179778,3.01365,0.1
179779,2.9486,0.1
179780,2.86836,0.1
179781,2.77982,0.1
179782,2.70096,0.1
179783,2.58374,0.1
179784,2.57186,0.1
179785,2.39782,0.1
179786,2.39453,0.1
179787,2.29217,0.1
179788,2.35986,0.1
179789,2.38727,0.1
179790,2.32321,0.1
179791,2.29515,0.1
179792,2.30076,0.1
179793,2.34203,0.1
179794,2.42293,0.1
179795,2.61312,0.1
179796,2.77426,0.1
179797,2.86935,0.1
179798,3.04271,0.1
179799,3.20681,0.1
179800,3.27902,0.1
179801,-2.07387,0.1
179802,-2.05906,0.1
179803,-2.12116,0.1
179804,-2.03899,0.1
179805,-2.00493,0.1
179806,-1.97161,0.1
179807,-2.00771,0.1
179808,-2.03977,0.1
179809,-1.94559,0.1
179810,-2.00323,0.1
179811,-2.00018,0.1
179812,-1.84098,0.1
179813,-1.7705,0.1
179814,-1.86624,0.1
179815,-1.87725,0.1
179816,-1.91133,0.1
179817,-1.85383,0.1
179818,-1.79009,0.1
179819,-1.97243,0.1
179820,-1.84312,0.1
179821,-1.83403,0.1
179822,-1.93847,0.1
179823,-1.95588,0.1
179824,-2.0033,0.1
179825,-1.97437,0.1
179826,-2.00356,0.1
179827,-1.94816,0.1
179828,-2.09965,0.1
179829,-2.1026,0.1
179830,-2.07281,0.1
179831,-2.01934,0.1
179832,-1.99514,0.1
179833,-2.05775,0.1
179834,-2.12435,0.1
179835,-2.02461,0.1
179836,-2.02045,0.1
179837,-2.02492,0.1
179838,-1.94273,0.1
179839,-1.81377,0.1
179840,-1.98482,0.1
179841,-1.92094,0.1
179842,-1.92805,0.1
179843,-1.89178,0.1
179844,-1.9706,0.1
179845,-1.95136,0.1
179846,-2.01445,0.1
179847,-2.02984,0.1
179848,-2.05343,0.1
179849,-2.12919,0.1
179850,-2.1395,0.1
179851,-2.06418,0.1
179852,-2.00707,0.1
179853,-2.1107,0.1
179854,-2.01846,0.1
179855,-2.08717,0.1
179856,-2.13319,0.1
179857,-2.0875,0.1
179858,-2.06797,0.1
179859,-2.10228,0.1
179860,-2.06114,0.1
179861,-2.15232,0.1
179862,-2.24335,0.1
179863,-2.16908,0.1
179864,-2.18414,0.1
179865,-2.13845,0.1
179866,-2.19478,0.1
179867,-2.20735,0.1
179868,-2.12213,0.1
179869,-2.05238,0.1
179870,-2.20524,0.1
179871,-2.23386,0.1
179872,-2.15947,0.1
179873,-2.14644,0.1
179874,-2.04327,0.1
179875,-2.33659,0.1
179876,-1.7411,0.1
179877,-0.856004179974,0.1
179878,-1.11325337291,0.1
179879,-1.53,0.1
179880,-2.00998598469,0.1
179881,-1.39677,0.1
179882,-1.60225,0.1
179883,-1.55145,0.1
179884,-1.67527,0.1
179885,-1.77516,0.1
179886,-1.8928,0.1
179887,-1.8272,0.1
179888,-1.92415,0.1
179889,-1.79267,0.1
179890,-1.85112,0.1
179891,-1.79941,0.1
179892,-1.98758,0.1
179893,-1.97045,0.1
179894,-2.01176,0.1
179895,-2.1784,0.1
179896,-2.1774,0.1
179897,-2.29443,0.1
179898,-2.23028,0.1
179899,-2.26452,0.1
179900,-2.15143,0.1
179901,-2.20441,0.1
179902,-2.25733,0.1
179903,-2.22914,0.1
179904,-2.30649,0.1
179905,-2.28906,0.1
179906,-2.37936,0.1
179907,-2.30289,0.1
179908,-2.2964,0.1
179909,-2.32774,0.1
179910,-2.29781,0.1
179911,-2.36255,0.1
179912,-2.4049,0.1
179913,-2.31762,0.1
179914,-2.30757,0.1
179915,-2.27031,0.1
179916,-2.29766,0.1
179917,-2.2214,0.1
179918,-2.29643,0.1
179919,-2.0943,0.1
179920,-2.34152,0.1
179921,-2.21437,0.1
179922,-2.23107,0.1
179923,-2.28839,0.1
179924,-2.29666,0.1
179925,-2.36508,0.1
179926,-2.29347,0.1
179927,-2.19694,0.1
179928,-2.29378,0.1
179929,-2.20054,0.1
179930,-2.17586,0.1
179931,-2.24035,0.1
179932,-2.22116,0.1
179933,-2.31,0.1
179934,-2.27186,0.1
179935,-2.25151,0.1
179936,-2.23558,0.1
179937,-2.35426,0.1
179938,-2.31241,0.1
179939,-2.22152,0.1
179940,-2.26156,0.1
179941,-2.15683,0.1
179942,-2.12891,0.1
179943,-2.39105,0.1
179944,-2.19,0.1
179945,-2.32293,0.1
179946,-2.09,0.1
179947,-2.16814,0.1
179948,-2.30687,0.1
179949,-2.39179,0.1
179950,-2.22256,0.1
179951,-2.31994,0.1
179952,-2.24156,0.1
179953,-2.16556,0.1
179954,-2.25997,0.1
179955,-2.09468,0.1
179956,-2.39962,0.1
179957,-2.17433,0.1
179958,-2.24539,0.1
179959,-2.15587,0.1
179960,-2.10797,0.1
179961,-2.02704,0.1
179962,-2.13185,0.1
179963,-1.94419,0.1
179964,-1.96135,0.1
179965,-1.99726,0.1
179966,-1.95,0.1
179967,-2.12915,0.1
179968,-2.06246,0.1
179969,-2.00399,0.1
179970,-1.95969,0.1
179971,-1.81263,0.1
179972,-1.82289,0.1
179973,-2.09729,0.1
179974,-1.97579,0.1
179975,-2.17036,0.1
179976,-2.25919,0.1
179977,-2.55334,0.1
179978,-2.54277,0.1
179979,-2.69417,0.1
179980,-2.639,0.1
179981,-2.58797,0.1
179982,-2.78552,0.1
179983,-2.5427,0.1
179984,-2.59475,0.1
179985,-2.46565,0.1
179986,-2.57473,0.1
179987,-2.67936,0.1
179988,-2.32218,0.1
179989,-2.34862,0.1
179990,-2.36611,0.1
179991,-2.21101,0.1
179992,-2.32731,0.1
179993,-2.11704,0.1
179994,-2.23806,0.1
179995,-2.30382,0.1
179996,-2.0639,0.1
179997,-2.10073,0.1
179998,-2.06787,0.1
179999,-1.85787,0.1
180000,-1.94,0.1
180001,-1.88291,0.1
180002,-1.95326,0.1
180003,-1.92614,0.1
180004,-2.02929,0.1
180005,-2.10364,0.1
180006,-2.10363,0.1
180007,-2.05699,0.1
180008,-1.91337,0.1
180009,-1.88079,0.1
180010,-1.97988,0.1
180011,-2.06433,0.1
180012,-2.16554,0.1
180013,-1.99604,0.1
180014,-2.21723,0.1
180015,-2.31031,0.1
180016,-2.13292,0.1
180018,-2.18413,0.1
180019,-2.01955,0.1
180020,-2.12541,0.1
180021,-1.93998,0.1
180022,-1.79232,0.1
180023,-1.91274,0.1
180024,-2.0014,0.1
180025,-1.88688,0.1
180026,-1.92801,0.1
180027,-1.84,0.1
180028,-1.62048,0.1
180029,-1.77685,0.1
180030,-1.61649,0.1
180031,-1.62205,0.1
180032,-1.64807,0.1
180033,-1.24456,0.1
180034,-0.809122,0.1
180035,-0.565143,0.1
180036,-0.141241,0.1
180037,-1.2167,0.1
180038,-1.21502,0.1
180039,-1.80201,0.1
180040,-1.88303,0.1
180041,-1.76608,0.1
180042,-1.96108,0.1
180043,-1.98588,0.1
180044,-2.05533,0.1
180045,-2.12313,0.1
180046,-1.98985,0.1
180047,-2.05004,0.1
180048,-2.22334,0.1
180049,-2.13603,0.1
180050,-2.13537,0.1
180051,-2.07352,0.1
180052,-2.09568,0.1
180053,-2.23326,0.1
180054,-2.42011,0.1
180055,-2.28485,0.1
180056,-2.09833,0.1
180057,-2.11089,0.1
180058,-2.00576,0.1
180059,-2.1013,0.1
180060,-2.23161,0.1
180061,-2.10659,0.1
180062,-2.15521,0.1
180063,-2.20713,0.1
180064,-2.14132,0.1
180065,-2.17175,0.1
180066,-2.10659,0.1
180067,-2.10891,0.1
180068,-2.18861,0.1
180069,-2.11982,0.1
180070,-2.10659,0.1
180071,-2.18431,0.1
180072,-2.16414,0.1
180073,-2.12941,0.1
180074,-2.05963,0.1
180075,-2.12545,0.1
180076,-2.08014,0.1
180077,-1.95314,0.1
180078,-2.03285,0.1
180079,-2.00507,0.1
180080,-2.03119,0.1
180081,-2.13669,0.1
180082,-2.10163,0.1
180083,-2.09719,0.1
180084,-2.0345,0.1
180085,-2.34967,0.1
180086,-2.17908,0.1
180087,-2.10775,0.1
180088,-2.26997,0.1
180089,-2.22565,0.1
180090,-2.26269,0.1
180091,-2.30337,0.1
180092,-1.84897,0.1
180093,-1.48386,0.1
180094,-1.38894,0.1
180095,-1.34297,0.1
180096,-1.38167,0.1
180097,-1.51197,0.1
180098,-1.49378,0.1
180099,-1.45839,0.1
180100,-1.54041,0.1
180101,-1.5963,0.1
180102,-1.72032,0.1
180103,-1.73652,0.1
180104,-1.72594,0.1
180105,-1.78415,0.1
180106,-1.71569,0.1
180107,-1.59961,0.1
180108,-1.37439,0.1
180109,-0.725197,0.1
180110,-0.390182,0.1
180111,-0.609116,0.1
180112,-0.685842,0.1
180113,-0.841278,0.1
180114,-1.04301,0.1
180115,-0.937847,0.1
180116,-0.969926,0.1
180117,-0.87468,0.1
180118,-0.992745,0.1
180119,-0.741071,0.1
180120,-0.678235,0.1
180121,-0.73115,0.1
180122,-0.841608,0.1
180123,-1.04413,0.1
180124,-1.20747,0.1
180125,-1.20747,0.1
180126,-1.11011,0.1
180127,-1.14642,0.1
180128,-1.16249,0.1
180129,-1.16333,0.1
180130,-1.21665,0.1
180131,-1.18546,0.1
180132,-1.38291,0.1
180133,-1.48093,0.1
180134,-1.44374,0.1
180135,-1.38856,0.1
180136,-1.38232,0.1
180137,-1.37852,0.1
180138,-1.4147,0.1
180139,-1.50022,0.1
180140,-1.44777,0.1
180141,-1.35544,0.1
180142,-1.48179,0.1
180143,-1.54799,0.1
180144,-1.70662,0.1
180145,-1.70115,0.1
180146,-1.63098,0.1
180148,0.459197,0.1
180149,0.525658,0.1
180150,0.404969,0.1
180151,0.299821,0.1
180152,0.306434,0.1
180153,0.381493,0.1
180154,0.390751,0.1
180155,0.514416,0.1
180156,0.369259,0.1
180157,0.228069,0.1
180158,0.209553,0.1
180159,0.0468706,0.1
180160,0.203931,0.1
180161,0.0405882,0.1
180162,-0.0622453,0.1
180163,-0.161111,0.1
180164,-0.168055,0.1
180165,-0.298663,0.1
180166,-0.350245,0.1
180167,-0.261299,0.1
180168,-0.299986,0.1
180169,-0.353552,0.1
180170,-0.385956,0.1
180171,-0.326769,0.1
180172,-0.29701,0.1
180173,-0.237138,0.1
180174,-0.291058,0.1
180175,-0.319495,0.1
180176,-0.297718,0.1
180177,-0.409763,0.1
180178,-0.380335,0.1
180179,-0.317131,0.1
180180,-0.450103,0.1
180181,-0.455063,0.1
180182,-0.450764,0.1
180183,-0.0465723,0.1
180184,-0.189018,0.1
180185,-0.495072,0.1
180186,-0.497387,0.1
180187,-0.369093,0.1
180188,-0.513589,0.1
180189,-0.455724,0.1
180190,-0.57476,0.1
180191,-0.586333,0.1
180192,-0.558888,0.1
180193,-0.626011,0.1
180194,-0.609478,0.1
180195,-0.623035,0.1
180196,-0.430925,0.1
180197,-0.567485,0.1
180198,-0.634608,0.1
180199,-0.733474,0.1
180200,-0.592946,0.1
180201,-0.676932,0.1
180202,-0.570131,0.1
180203,-0.367109,0.1
180204,-0.100138,0.1
180205,-0.307922,0.1
180206,-0.428941,0.1
180207,-0.383311,0.1
180208,-0.279805,0.1
180209,-0.160089,0.1
180210,-0.215648,0.1
180211,-0.265254,0.1
180212,-0.409112,0.1
180213,-0.256656,0.1
180214,-0.371411,0.1
180215,-0.385962,0.1
180216,-0.407458,0.1
180217,-0.565205,0.1
180218,-0.64,0.1
180219,-0.474922,0.1
180220,-0.573473,0.1
180221,-0.55793,0.1
180222,-0.740149,0.1
180223,-0.636307,0.1
180224,-0.745771,0.1
180225,-0.805299,0.1
180226,-0.713031,0.1
180227,-0.465663,0.1
180228,-0.302293,0.1
180229,-0.332057,0.1
180230,-0.355837,0.1
180231,-0.458387,0.1
180232,-0.337018,0.1
180233,-0.310892,0.1
180234,-0.280797,0.1
180235,-0.232514,0.1
180236,-0.20242,0.1
180237,-0.0559168,0.1
180238,-0.00432655,0.1
180239,0.0307284,0.1
180240,0.0786809,0.1
180241,0.0667754,0.1
180242,0.222869,0.1
180243,0.373341,0.1
180244,0.540348,0.1
180245,0.631292,0.1
180246,0.827401,0.1
180247,0.546962,0.1
180248,0.403104,0.1
180249,0.0657833,0.1
180250,0.130524,0.1
180251,0.0585077,0.1
180252,-0.0635231,0.1
180253,-0.101224,0.1
180254,-0.0661687,0.1
180255,-0.309569,0.1
180256,-0.241443,0.1
180257,-0.200105,0.1
180258,0.332333,0.1
180259,0.790362,0.1
180260,0.913716,0.1
180261,0.905448,0.1
180262,0.726866,0.1
180263,0.917023,0.1
180264,1.20143,0.1
180265,1.31718,0.1
180266,1.2722,0.1
180267,1.20651,0.1
180268,1.14301,0.1
180269,1.05901,0.1
180270,1.02561,0.1
180271,1.06397,0.1
180272,0.968397,0.1
180273,0.869513,0.1
180274,0.816268,0.1
180275,0.847686,0.1
180276,0.652894,0.1
180277,0.643965,0.1
180278,0.655209,0.1
180279,0.754424,0.1
180280,0.655871,0.1
180281,0.548388,0.1
180282,0.470009,0.1
180283,0.399236,0.1
180284,0.463725,0.1
180285,0.462402,0.1
180286,0.373771,0.1
180287,0.249422,0.1
180288,0.149215,0.1
180289,0.218996,0.1
180290,0.272241,0.1
180291,0.307958,0.1
180292,0.187247,0.1
180293,-2.73638e-05,0.1
180294,-0.438466,0.1
180295,-0.58141,0.1
180296,-0.53239,0.1
180297,-0.393158,0.1
180298,-0.454671,0.1
180299,-0.443758,0.1
180300,-0.400434,0.1
180301,-0.400765,0.1
180302,-0.394151,0.1
180303,-0.369678,0.1
180304,-0.37638,0.1
180305,-0.402828,0.1
180306,-0.373977,0.1
180307,-0.357086,0.1
180308,-0.505678,0.1
180309,-0.468561,0.1
180310,-0.413663,0.1
180311,-0.432183,0.1
180312,-0.534119,0.1
180313,-0.385808,0.1
180314,-0.425568,0.1
180315,-0.665006,0.1
180316,-0.374057,0.1
180317,-0.370339,0.1
180318,-0.370339,0.1
180319,-0.365378,0.1
180320,-0.322055,0.1
180321,-0.33859,0.1
180322,-0.523791,0.1
180323,-0.250951,0.1
180324,-0.340575,0.1
180325,-0.334291,0.1
180326,-0.392246,0.1
180327,-0.442973,0.1
180328,-0.374198,0.1
180329,-0.343117,0.1
180330,-0.294511,0.1
180331,-0.425118,0.1
180332,-0.467441,0.1
180333,-0.343117,0.1
180334,-0.333858,0.1
180335,-0.252518,0.1
180336,-0.317326,0.1
180337,-0.377504,0.1
180338,-0.398335,0.1
180339,-0.347084,0.1
180340,-0.351714,0.1
180341,-0.357996,0.1
180342,-0.426771,0.1
180343,-0.494224,0.1
180344,-0.53291,0.1
180345,-0.575233,0.1
180346,-0.591104,0.1
180347,-0.59408,0.1
180348,-0.64467,0.1
180349,-0.600363,0.1
180350,-0.639379,0.1
180351,-0.624169,0.1
180352,-0.560023,0.1
180353,-0.472732,0.1
180354,-0.383456,0.1
180355,-0.348738,0.1
180356,-0.277648,0.1
180357,-0.316665,0.1
180358,-0.407593,0.1
180359,-0.249212,0.1
180360,-0.374528,0.1
180361,-0.387093,0.1
180362,-0.505466,0.1
180363,-0.378496,0.1
180364,-0.490917,0.1
180365,-0.444957,0.1
180366,-0.491579,0.1
180367,-0.320302,0.1
180368,-0.525636,0.1
180369,-0.514724,0.1
180370,-0.471413,0.1
180371,-0.530265,0.1
180372,-0.508111,0.1
180373,-0.411231,0.1
180374,-0.401642,0.1
180375,-0.482592,0.1
180376,-0.320772,0.1
180377,-0.556331,0.1
180378,-0.559307,0.1
180379,-0.574848,0.1
180380,-0.543765,0.1
180381,-0.508384,0.1
180382,-0.526571,0.1
180383,-0.524256,0.1
180384,-0.519296,0.1
180385,-0.318583,0.1
180386,-0.500118,0.1
180387,-0.485238,0.1
180388,-0.612543,0.1
180389,-0.606591,0.1
180390,-0.502432,0.1
180391,-0.477302,0.1
180392,-0.582453,0.1
180393,-0.643626,0.1
180394,-0.621471,0.1
180395,-0.609567,0.1
180396,-0.522272,0.1
180397,-0.583776,0.1
180398,-0.545749,0.1
180399,-0.579477,0.1
180400,-0.607914,0.1
180401,-0.535168,0.1
180402,-0.62081,0.1
180403,-0.503755,0.1
180404,-0.606591,0.1
180405,-0.487883,0.1
180406,-0.56096,0.1
180407,-0.546741,0.1
180408,-0.555008,0.1
180409,-0.71,0.1
180410,-0.647594,0.1
180411,-0.537483,0.1
180412,-0.543104,0.1
180413,-0.621471,0.1
180414,-0.479286,0.1
180415,-0.535499,0.1
180416,-0.628415,0.1
180417,-0.613535,0.1
180418,-0.438614,0.1
180419,-0.532192,0.1
180420,-0.299074,0.1
180421,-0.249805,0.1
180422,-0.515328,0.1
180423,-0.352641,0.1
180424,-0.277372,0.1
180425,-0.229421,0.1
180426,-0.215532,0.1
180427,-0.222146,0.1
180428,-0.0157946,0.1
180429,-0.0362975,0.1
180430,-0.114341,0.1
180431,-0.307134,0.1
180432,-0.380217,0.1
180433,-0.291261,0.1
180434,-0.39,0.1
180435,-0.433127,0.1
180436,-0.588222,0.1
180437,-0.47744,0.1
180438,-0.488683,0.1
180439,-0.547877,0.1
180440,-0.545232,0.1
180441,-0.615008,0.1
180442,-0.61633,0.1
180443,-0.612693,0.1
180444,-0.605748,0.1
180445,-0.718183,0.1
180446,-0.647746,0.1
180447,-0.619637,0.1
180448,-0.629227,0.1
180449,-0.707932,0.1
180450,-0.600457,0.1
180451,-0.675524,0.1
180452,-0.722813,0.1
180453,-0.636833,0.1
180454,-0.638487,0.1
180455,-0.633526,0.1
180456,-0.642455,0.1
180457,-0.58293,0.1
180458,-0.69768,0.1
180459,-0.650392,0.1
180460,-0.593513,0.1
180461,-0.550192,0.1
180462,-0.661966,0.1
180463,-0.567719,0.1
180464,-0.554491,0.1
180465,-0.602441,0.1
180466,-0.655021,0.1
180467,-0.63055,0.1
180468,-0.620629,0.1
180469,-0.532665,0.1
180470,-0.572348,0.1
180471,-0.608724,0.1
180472,-0.578962,0.1
180473,-0.609716,0.1
180474,-0.516515,0.1
180475,-0.498987,0.1
180476,-0.438136,0.1
180477,-0.474514,0.1
180478,-0.450372,0.1
180479,-0.436482,0.1
180480,-0.474514,0.1
180481,-0.476499,0.1
180482,-0.489727,0.1
180483,-0.423584,0.1
180484,-0.393158,0.1
180485,-0.392166,0.1
180486,-0.332307,0.1
180487,-0.261203,0.1
180488,-0.329661,0.1
180489,-0.311472,0.1
180490,-0.350496,0.1
180491,-0.39845,0.1
180492,-0.418293,0.1
180493,-0.411348,0.1
180494,-0.405726,0.1
180495,-0.406718,0.1
180496,-0.306511,0.1
180497,-0.260541,0.1
180498,-0.287329,0.1
180499,-0.276416,0.1
180500,-0.392497,0.1
180501,-0.271124,0.1
180502,-0.346858,0.1
180503,-0.411678,0.1
180504,-0.284684,0.1
180505,-0.274432,0.1
180506,-0.32933,0.1
180507,-0.391174,0.1
180508,-0.289314,0.1
180509,-0.374969,0.1
180510,-0.436151,0.1
180511,-0.345866,0.1
180512,-0.340905,0.1
180513,-0.453679,0.1
180514,-0.283361,0.1
180515,-0.359095,0.1
180516,-0.360087,0.1
180517,-0.394481,0.1
180518,-0.291959,0.1
180519,-0.299235,0.1
180520,-0.374638,0.1
180521,-0.402749,0.1
180522,-0.35215,0.1
180523,-0.377615,0.1
180524,-0.532231,0.1
180525,-0.482652,0.1
180526,-0.506128,0.1
180527,-0.517186,0.1
180528,-0.399326,0.1
180529,-0.484783,0.1
180530,-0.391059,0.1
180531,-0.464283,0.1
180532,-0.392051,0.1
180533,-0.256151,0.1
180534,-0.36509,0.1
180535,-0.271031,0.1
180536,-0.285074,0.1
180537,-0.307227,0.1
180538,-0.286572,0.1
180539,-0.268716,0.1
180540,-0.27566,0.1
180541,-0.297814,0.1
180542,-0.304758,0.1
180543,-0.332025,0.1
180544,-0.37534,0.1
180545,-0.341461,0.1
180546,-0.348735,0.1
180547,-0.44213,0.1
180548,-0.377172,0.1
180549,-0.390067,0.1
180550,-0.409396,0.1
180551,-0.42148,0.1
180552,-0.334517,0.1
180553,-0.395689,0.1
180554,-0.436359,0.1
180555,-0.503483,0.1
180556,-0.55209,0.1
180557,-0.487611,0.1
180558,-0.480998,0.1
180559,-0.427101,0.1
180560,-0.443965,0.1
180561,-0.403114,0.1
180562,-0.29583,0.1
180563,-0.417332,0.1
180564,-0.374857,0.1
180565,-0.445287,0.1
180566,-0.479345,0.1
180567,-0.327904,0.1
180568,-0.498523,0.1
180569,-0.365929,0.1
180570,-0.366921,0.1
180571,-0.396019,0.1
180572,-0.432722,0.1
180573,-0.342122,0.1
180574,-0.433384,0.1
180575,-0.348074,0.1
180576,-0.275333,0.1
180577,-0.38643,0.1
180578,-0.565977,0.1
180579,-0.445287,0.1
180580,-0.253836,0.1
180581,-0.82,0.1
180582,-0.401311,0.1
180583,-0.292527,0.1
180584,-0.372212,0.1
180585,-0.362625,0.1
180586,-0.251191,0.1
180587,-0.268055,0.1
180588,-0.291201,0.1
180589,-0.3861,0.1
180590,-0.213832,0.1
180591,-0.170517,0.1
180592,-0.243591,0.1
180593,-0.212504,0.1
180594,-0.0287365,0.1
180595,-0.0190695,0.1
180596,0.0649176,0.1
180597,0.123444,0.1
180598,-0.0534579,0.1
180599,0.154526,0.1
180600,0.0305292,0.1
180601,-0.164565,0.1
180602,-0.0250311,0.1
180603,-0.152655,0.1
180604,-0.177124,0.1
180605,-0.118975,0.1
180606,-0.110662,0.1
180607,-0.13613,0.1
180608,-0.177455,0.1
180609,-0.175471,0.1
180610,-0.216141,0.1
180611,-0.109016,0.1
180612,-0.111985,0.1
180613,-0.00849858,0.1
180614,-0.417512,0.1
180615,-0.263756,0.1
180616,-0.233341,0.1
180617,-0.209198,0.1
180618,-0.209528,0.1
180619,-0.0620639,0.1
180620,-0.152655,0.1
180621,-0.123227,0.1
180622,0.0328438,0.1
180623,-0.0633776,0.1
180624,-0.139767,0.1
180625,-0.0904308,0.1
180626,-0.231834,0.1
180627,-0.169333,0.1
180628,-0.355171,0.1
180629,-0.0883604,0.1
180630,-0.245264,0.1
180631,-0.0337499,0.1
180632,-0.136927,0.1
180633,-0.136939,0.1
180634,-0.186651,0.1
180635,-0.199459,0.1
180636,-0.0425875,0.1
180637,0.103003,0.1
180638,-0.251927,0.1
180639,-0.319656,0.1
180640,-0.127623,0.1
180641,-0.0579376,0.1
180642,-0.196493,0.1
180643,-0.0756745,0.1
180644,0.256279,0.1
180645,0.434083,0.1
180646,0.247977,0.1
180647,0.156933,0.1
180648,0.169933,0.1
180649,0.0674859,0.1
180650,0.128935,0.1
180651,0.0536738,0.1
180652,0.181127,0.1
180653,0.054453,0.1
180654,0.204573,0.1
180655,0.173924,0.1
180656,0.32776,0.1
180657,0.317656,0.1
180658,0.275274,0.1
180659,0.419767,0.1
180660,0.294224,0.1
180661,0.670999,0.1
180662,0.602304,0.1
180663,0.597983,0.1
180664,0.583664,0.1
180665,0.568013,0.1
180666,0.580334,0.1
180667,0.523059,0.1
180668,0.518064,0.1
180669,0.586328,0.1
180670,0.58766,0.1
180671,0.609305,0.1
180672,0.586986,0.1
180673,0.658921,0.1
180674,0.596318,0.1
180675,0.688224,0.1
180676,0.643603,0.1
180677,0.722523,0.1
180678,0.644935,0.1
180679,0.625954,0.1
180680,0.781926,0.1
180681,0.699213,0.1
180682,0.68189,0.1
180683,0.676237,0.1
180684,0.719851,0.1
180685,0.678227,0.1
180686,0.651595,0.1
180687,0.68656,0.1
180688,0.666247,0.1
180689,0.647599,0.1
180690,0.691221,0.1
180691,0.610637,0.1
180692,0.609305,0.1
180693,0.625621,0.1
180694,0.574673,0.1
180695,0.596976,0.1
180696,0.536712,0.1
180697,0.546702,0.1
180698,0.465443,0.1
180699,0.558689,0.1
180700,0.565349,0.1
180701,0.479769,0.1
180702,0.549365,0.1
180703,0.473443,0.1
180704,0.488427,0.1
180705,0.373211,0.1
180706,0.445138,0.1
180707,0.391526,0.1
180708,0.329256,0.1
180709,0.381861,0.1
180710,0.346897,0.1
180711,0.330913,0.1
180712,0.381528,0.1
180713,0.300611,0.1
180714,0.354889,0.1
180715,0.329914,0.1
180716,0.342901,0.1
180717,0.341569,0.1
180718,0.397512,0.1
180719,0.3106,0.1
180720,0.364213,0.1
180721,0.382194,0.1
180722,0.337573,0.1
180723,0.381528,0.1
180724,0.365545,0.1
180725,0.378198,0.1
180726,0.346897,0.1
180727,0.385857,0.1
180728,0.420156,0.1
180729,0.421155,0.1
180730,0.446795,0.1
180731,0.456452,0.1
180732,0.391185,0.1
180733,0.418158,0.1
180734,0.45845,0.1
180735,0.480761,0.1
180736,0.421488,0.1
180737,0.454787,0.1
180738,0.466775,0.1
180739,0.454121,0.1
180740,0.536038,0.1
180741,0.516391,0.1
180742,0.559681,0.1
180743,0.517723,0.1
180744,0.48176,0.1
180745,0.562012,0.1
180746,0.579661,0.1
180747,0.587319,0.1
180748,0.531043,0.1
180749,0.613293,0.1
180750,0.518389,0.1
180751,0.585987,0.1
180752,0.564343,0.1
180753,0.611961,0.1
180754,0.600972,0.1
180755,0.719518,0.1
180756,0.69521,0.1
180757,0.732838,0.1
180758,0.751153,0.1
180759,0.659039,0.1
180760,0.755605,0.1
180761,0.707655,0.1
180762,0.719975,0.1
180763,0.924976,0.1
180764,0.886136,0.1
180765,0.953947,0.1
180766,0.932421,0.1
180767,0.972379,0.1
180768,0.946073,0.1
180769,0.856167,0.1
180770,0.824533,0.1
180771,0.861162,0.1
180772,0.832858,0.1
180773,0.740287,0.1
180774,0.900454,0.1
180775,0.973045,0.1
180776,1.017,0.1
180777,0.934086,0.1
180778,0.944742,0.1
180779,0.977707,0.1
180780,1.0635,0.1
180781,1.02199,0.1
180782,1.17805,0.1
180783,1.12555,0.1
180784,1.0533,0.1
180785,1.24376,0.1
180786,1.31902,0.1
180787,1.36131,0.1
180788,1.40193,0.1
180789,1.50483,0.1
180790,1.54368,0.1
180791,1.57209,0.1
180792,1.51848,0.1
180793,1.53679,0.1
180794,1.48707,0.1
180795,1.40526,0.1
180796,1.41126,0.1
180797,1.42557,0.1
180798,1.38662,0.1
180799,1.43213,0.1
180800,1.36697,0.1
180801,1.57765,0.1
180802,1.39794,0.1
180803,1.39061,0.1
180804,1.31935,0.1
180805,1.53113,0.1
180806,1.82849,0.1
180807,1.83781,0.1
180808,1.93038,0.1
180809,1.9819,0.1
180810,2.0868,0.1
180811,2.14973,0.1
180812,2.17637,0.1
180813,2.07481,0.1
180814,2.15906,0.1
180815,1.96559,0.1
180816,1.97324,0.1
180817,1.86103,0.1
180818,1.86535,0.1
180819,1.78277,0.1
180820,1.74947,0.1
180821,1.7265,0.1
180822,1.66456,0.1
180823,1.72749,0.1
180824,2.13508,0.1
180825,1.79709,0.1
180826,1.89632,0.1
180827,2.10045,0.1
180828,2.02619,0.1
180829,2.11643,0.1
180830,2.02153,0.1
180831,1.96553,0.1
180832,2.09312,0.1
180833,2.1181,0.1
180834,2.12404,0.1
180835,2.22599,0.1
180836,2.24563,0.1
180837,2.29026,0.1
180838,2.23531,0.1
180839,2.31723,0.1
180840,2.27727,0.1
180841,1.97,0.1
180842,2.20135,0.1
180843,2.28892,0.1
180844,2.16205,0.1
180845,2.26661,0.1
180846,2.19236,0.1
180847,2.18003,0.1
180848,2.32755,0.1
180849,2.4108,0.1
180850,2.54167,0.1
180851,2.3099,0.1
180852,2.39115,0.1
180853,2.6005,0.1
180854,2.60893,0.1
180855,2.54833,0.1
180856,2.37883,0.1
180857,2.31123,0.1
180858,2.14341,0.1
180859,1.88813,0.1
180860,2.07067,0.1
180861,2.34314,0.1
180862,2.09189,0.1
180863,2.2974,0.1
180864,2.32597,0.1
180865,2.12835,0.1
180866,1.92675,0.1
180867,1.92709,0.1
180868,2.26793,0.1
180869,2.32711,0.1
180870,2.43948,0.1
180871,2.68419,0.1
180872,2.7035,0.1
180873,2.63275,0.1
180874,2.38424,0.1
180875,1.91643,0.1
180876,1.68437,0.1
180877,1.47137,0.1
180878,2.65847,0.1
180879,1.12178,0.1
180880,0.947239,0.1
180881,1.12056,0.1
180882,1.00967,0.1
180883,0.996355,0.1
180884,0.932088,0.1
180885,0.831193,0.1
180886,0.831859,0.1
180887,0.779247,0.1
180888,0.575677,0.1
180889,0.595653,0.1
180890,0.673199,0.1
180891,0.561693,0.1
180892,0.584116,0.1
180893,0.539719,0.1
180894,0.597769,0.1
180895,0.626867,0.1
180896,0.396887,0.1
180897,0.992721,0.1
180898,0.454569,0.1
180899,0.514522,0.1
180900,0.616129,0.1
180901,0.432845,0.1
180902,0.829879,0.1
180903,0.695036,0.1
180904,0.59677,0.1
180905,0.512857,0.1
180906,0.351191,0.1
180907,0.420287,0.1
180908,0.581121,0.1
180909,0.337208,0.1
180910,0.456567,0.1
180911,0.560694,0.1
180912,0.541717,0.1
180913,0.701279,0.1
180914,0.79,0.1
180915,0.759249,0.1
180916,0.677057,0.1
180917,0.569934,0.1
180918,0.525486,0.1
180919,0.745458,0.1
180920,0.520991,0.1
180921,0.552454,0.1
180922,0.672812,0.1
180923,0.693039,0.1
180924,0.806405,0.1
180925,0.616296,0.1
180926,0.81889,0.1
180927,0.633359,0.1
180928,0.656831,0.1
180929,0.614881,0.1
180930,0.813647,0.1
180931,0.727748,0.1
180932,0.805906,0.1
180933,0.833873,0.1
180934,0.899795,0.1
180935,1.01191,0.1
180936,1.04762,0.1
180937,0.962721,0.1
180938,1.15849,0.1
180939,1.19969,0.1
180940,1.2349,0.1
180941,1.1897,0.1
180942,1.34028,0.1
180943,1.27061,0.1
180944,1.60879,0.1
180945,1.49534,0.1
180946,1.3218,0.1
180947,1.86416,0.1
180948,2.20895,0.1
180949,2.10662,0.1
180950,2.15657,0.1
180951,1.9995,0.1
180952,2.29915,0.1
180953,1.96554,0.1
180954,2.16156,0.1
180955,2.49959,0.1
180956,1.95655,0.1
180957,2.35458,0.1
180958,2.36207,0.1
180959,0.457177,0.1
180960,0.122698,0.1
180961,-0.336528,0.1
180962,-0.656243,0.1
180963,-0.897078,0.1
180964,-1.35899,0.1
180965,-1.36725,0.1
180966,-1.10305,0.1
180967,-1.07498,0.1
180968,-1.06073,0.1
180969,-1.06738,0.1
180970,-1.03502,0.1
180971,-0.92714,0.1
180972,-0.790599,0.1
180973,-0.9737,0.1
180974,-1.11593,0.1
180975,-0.99897,0.1
180976,-1.54955,0.1
180977,-1.60834,0.1
180978,-1.75262,0.1
180979,-1.75257,0.1
180980,-1.88443,0.1
180981,-1.80538,0.1
180982,-1.76653,0.1
180983,-1.63646,0.1
180984,-1.96369,0.1
180985,-1.68277,0.1
180986,-2.06012,0.1
180987,-1.73897,0.1
180988,-1.9769,0.1
180989,-2.09876,0.1
180990,-1.74089,0.1
180991,-1.81569,0.1
180992,-1.80584,0.1
180993,-1.86296,0.1
180994,-2.09281,0.1
180995,-1.91434,0.1
180996,-1.84984,0.1
180997,-1.95213,0.1
180998,-1.65829,0.1
180999,-1.96105,0.1
181000,-1.1705,0.1
181001,-2.08357,0.1
181002,-1.85744,0.1
181003,-2.05583,0.1
181004,-2.08687,0.1
181005,-1.49946,0.1
181006,-1.24052,0.1
181007,-2.22401,0.1
181008,-2.28007,0.1
181009,-2.27413,0.1
181010,-2.31636,0.1
181011,-2.38245,0.1
181012,-2.36132,0.1
181013,-2.16511,0.1
181014,-1.71751,0.1
181015,-1.34843,0.1
181016,-1.15842,0.1
181017,-1.78634,0.1
181018,-1.28469,0.1
181019,-1.21732,0.1
181020,-1.39532,0.1
181021,-1.54642,0.1
181022,-1.58885,0.1
181023,-1.50431,0.1
181024,-1.46633,0.1
181025,-1.37716,0.1
181026,-1.11947,0.1
181027,-1.10305,0.1
181028,-1.4267,0.1
181029,-1.37488,0.1
181030,-1.40292,0.1
181031,-1.33782,0.1
181032,-0.995235,0.1
181033,-1.15818,0.1
181034,-1.37254,0.1
181035,-1.24165,0.1
181036,-1.13154,0.1
181037,-1.26983,0.1
181038,-1.13126,0.1
181039,-1.38636,0.1
181040,-1.22425,0.1
181041,-1.29125,0.1
181042,-1.27794,0.1
181043,-1.47426,0.1
181044,-1.71964,0.1
181045,-1.42934,0.1
181046,-1.33423,0.1
181047,-1.2417,0.1
181048,-1.61759,0.1
181049,-1.43793,0.1
181050,-1.46578,0.1
181051,-1.521,0.1
181052,-1.29,0.1
181053,-1.29619,0.1
181054,-1.29369,0.1
181055,-1.03361,0.1
181056,-0.77708,0.1
181057,-1.001,0.1
181058,-0.795509,0.1
181059,-1.02577,0.1
181060,-0.91395,0.1
181061,-0.832894,0.1
181062,-1.26355,0.1
181063,-0.811262,0.1
181064,-1.05714,0.1
181065,-0.965888,0.1
181066,-0.770992,0.1
181067,-0.773777,0.1
181068,-0.778974,0.1
181069,-1.01239,0.1
181070,-0.723367,0.1
181071,-1.04294,0.1
181072,-1.25563,0.1
181073,-1.68328,0.1
181074,-0.83654,0.1
181075,-0.846935,0.1
181076,-0.618706,0.1
181077,-0.998635,0.1
181078,-0.974468,0.1
181079,-0.870438,0.1
181080,-0.784,0.1
181081,-0.801415,0.1
181082,-0.722154,0.1
181083,-0.582788,0.1
181084,-0.51897,0.1
181085,-0.627372,0.1
181086,-0.466478,0.1
181087,-0.589314,0.1
181088,-0.7409,0.1
181089,-0.549432,0.1
181090,-0.577424,0.1
181091,-0.798773,0.1
181092,-0.659076,0.1
181093,-0.578756,0.1
181094,-0.171573,0.1
181095,-0.0364515,0.1
181096,-0.255427,0.1
181097,-0.265415,0.1
181098,-0.367463,0.1
181099,-0.178763,0.1
181100,-0.0794016,0.1
181101,-0.0566951,0.1
181102,-0.0835032,0.1
181103,-0.130069,0.1
181104,-0.18291,0.1
181105,-0.107224,0.1
181106,-0.0993554,0.1
181107,-0.191769,0.1
181108,-0.145591,0.1
181109,-0.122632,0.1
181110,-0.185883,0.1
181111,-0.196451,0.1
181112,-0.126767,0.1
181113,-0.0151401,0.1
181114,0.0244906,0.1
181115,-0.00523245,0.1
181116,-0.0415035,0.1
181117,-0.0599977,0.1
181118,-0.141298,0.1
181119,-0.361579,0.1
181120,-0.602336,0.1
181121,-0.580869,0.1
181122,-0.468582,0.1
181123,-0.578227,0.1
181124,-0.459995,0.1
181125,-0.342754,0.1
181126,-0.297179,0.1
181127,-0.356565,0.1
181128,-0.368318,0.1
181129,-0.477829,0.1
181130,-0.557327,0.1
181131,-0.603263,0.1
181132,-0.655837,0.1
181133,-0.669047,0.1
181134,-0.867135,0.1
181135,-0.469738,0.1
181136,-0.408475,0.1
181137,-0.397577,0.1
181138,-0.393283,0.1
181139,-0.299821,0.1
181140,-0.480636,0.1
181141,-0.163095,0.1
181142,-0.0914293,0.1
181143,-0.0666601,0.1
181144,-0.1304,0.1
181145,-0.0590642,0.1
181146,-0.301605,0.1
181147,-0.451134,0.1
181148,-0.225844,0.1
181149,-0.242958,0.1
181150,-0.431593,0.1
181151,-0.645656,0.1
181152,-0.566668,0.1
181153,-0.444803,0.1
181154,-0.396256,0.1
181155,-0.370766,0.1
181156,-0.477829,0.1
181157,-0.560063,0.1
181158,-0.470563,0.1
181159,-0.557751,0.1
181160,-0.812048,0.1
181161,-0.702254,0.1
181162,-0.670177,0.1
181163,-0.752684,0.1
181164,-0.790218,0.1
181165,-0.797847,0.1
181166,-0.699431,0.1
181167,-0.694743,0.1
181168,-0.596102,0.1
181169,-0.637673,0.1
181170,-0.739722,0.1
181171,-0.641306,0.1
181172,-0.619179,0.1
181173,-0.523735,0.1
181174,-0.448106,0.1
181175,-0.552797,0.1
181176,-0.578227,0.1
181177,-0.811396,0.1
181178,-0.661782,0.1
181179,-0.629417,0.1
181180,-0.73233,0.1
181181,-0.726512,0.1
181182,-0.775059,0.1
181183,-0.854651,0.1
181184,-0.91162,0.1
181185,-0.960663,0.1
181186,-0.89131,0.1
181187,-0.769384,0.1
181188,-0.354313,0.1
181189,-0.713836,0.1
181190,-0.872485,0.1
181191,-1.06017,0.1
181192,-0.977507,0.1
181193,-0.926647,0.1
181194,-1.07097,0.1
181195,-0.881732,0.1
181196,-1.07163,0.1
181197,-0.993359,0.1
181198,-0.79388,0.1
181200,-0.721462,0.1
181201,0.41162,0.1
181202,1.08308,0.1
181203,1.37573,0.1
181204,1.37773,0.1
181205,1.55977,0.1
181206,1.52631,0.1
181207,1.438,0.1
181208,1.25862,0.1
181209,1.33029,0.1
181210,1.30461,0.1
181211,1.20568,0.1
181212,1.35909,0.1
181213,1.38847,0.1
181214,1.2806,0.1
181215,1.00942,0.1
181216,1.2125,0.1
181217,1.13976,0.1
181218,0.950236,0.1
274105,-2.22804117628,0.04
274106,-2.37878290063,0.04
274107,-2.33868248397,0.04
274108,-2.052,0.04
274109,-2.23115329365,0.04
274110,-2.53714529634,0.04
274111,-2.69034521411,0.04
274112,-2.20737648448,0.04
274113,-2.552,0.04
274114,-2.873,0.04
274115,-2.739,0.04
274116,-2.218,0.04
274117,-1.598,0.04
274118,-1.566,0.04
274119,-2.446,0.04
274120,-3.027,0.04
274121,-3.625,0.04
274122,-3.281,0.04
274123,-3.295,0.04
274124,-3.102,0.04
274125,-2.315,0.04
274126,-2.053,0.04
274127,-2.069,0.04
274128,-2.89,0.04
274129,-3.193,0.04
274130,-1.768,0.04
274131,-1.364,0.04
274132,-1.667,0.04
274133,-2.628,0.04
274134,-1.73,0.04
274135,-2.522,0.04
274136,-4.213,0.04
274137,-2.486,0.04
274138,-2.442,0.04
274139,-2.402,0.04
274140,-2.117,0.04
274141,-1.402,0.04
274142,-1.465,0.04
274143,-1.906,0.04
274144,-2.443,0.04
274145,-2.489,0.04
274146,-1.854,0.04
274147,-2.483,0.04
274148,-2.17,0.04
274149,-2.152,0.04
274150,-3.771,0.04
274151,-1.814,0.04
274152,-3.025,0.04
274153,-2.608,0.04
274154,-2.296,0.04
274155,-2.063,0.04
274156,-3.893,0.04
274157,-1.824,0.04
274158,-1.371,0.04
274159,-1.723,0.04
274160,-3.019,0.04
274161,-2.586,0.04
274162,-3.197,0.04
274163,-2.349,0.04
274164,-2.299,0.04
274165,-2.17,0.04
274166,-2.528,0.04
274167,-1.662,0.04
274168,-1.946,0.04
274169,-2.13,0.04
274170,-1.677,0.04
274171,-1.39,0.04
274172,-1.203,0.04
274173,-1.213,0.04
274174,-1.135,0.04
274175,-1.301,0.04
274176,-2.094,0.04
274177,-1.292,0.04
274178,-1.376,0.04
274179,-1.003,0.04
274180,-0.98,0.04
274181,-1.654,0.04
274182,-1.705,0.04
274183,-1.165,0.04
274184,-1.633,0.04
274185,-2.2363,0.04
274186,-1.529,0.04
274187,-2.214,0.04
274188,-1.528,0.04
274189,-1.336,0.04
274190,-1.838,0.04
274191,-1.614,0.04
274192,-1.659,0.04
274193,-2.286,0.04
274194,-1.878,0.04
274195,-2.027,0.04
274196,-2.3661,0.04
274197,-1.689,0.04
274198,-1.876,0.04
274199,-1.8099,0.04
274200,-1.464,0.04
274201,-1.588,0.04
274202,-1.642,0.04
274203,-1.919,0.04
274204,-1.62,0.04
274205,-1.87,0.04
274206,-2.129,0.04
274207,-2.095,0.04
274208,-2.062,0.04
274209,-1.969,0.04
274210,-1.627,0.04
274211,-1.519,0.04
274212,-1.476,0.04
274213,-1.331,0.04
274214,-1.838,0.04
274215,-2.838,0.04
274216,-2.104,0.04
274217,-1.766,0.04
274218,-1.305,0.04
274219,-1.835,0.04
274220,-2.056,0.04
274221,-1.944,0.04
274222,-2.15,0.04
274223,-1.782,0.04
274224,-1.943,0.04
274225,-2.0792,0.04
274226,-1.402,0.04
274227,-1.276,0.04
274228,-1.461,0.04
274229,-1.717,0.04
274230,-1.507,0.04
274231,-2.222,0.04
274232,-1.906,0.04
274233,-2.13,0.04
274234,-1.454,0.04
274235,-1.305,0.04
274236,-0.886,0.04
274237,-0.808,0.04
274238,-0.646,0.04
274239,-0.667,0.04
274240,-0.848,0.04
274241,-1.259,0.04
274242,-0.982,0.04
274243,-0.887,0.04
274244,-1.275,0.04
274245,-0.9,0.04
274246,-1.03,0.04
274247,-0.967,0.04
274248,-0.67,0.04
274249,-0.35,0.04
274250,-0.494,0.04
274251,-0.674,0.04
274252,-0.483,0.04
274253,-0.354,0.04
274254,-0.539,0.04
274255,-0.593,0.04
274256,-1.102,0.04
274257,-0.999,0.04
274258,-0.58,0.04
274259,-0.649,0.04
274260,-0.797,0.04
274261,-0.694,0.04
274262,-0.534,0.04
274263,-0.936,0.04
274264,-1.048,0.04
274265,-1.222,0.04
274266,-0.895,0.04
274267,-1.243,0.04
274268,-0.959,0.04
274269,-0.848,0.04
274270,-0.596,0.04
274271,-0.745,0.04
274272,-1.006,0.04
274273,-0.798,0.04
274274,-0.543,0.04
274275,-0.778,0.04
274276,-0.748,0.04
274277,-0.78,0.04
274278,-1.202,0.04
274279,-0.852,0.04
274280,-1.22,0.04
274281,-1.13,0.04
274282,-1.233,0.04
274283,-2.081,0.04
274284,-0.781,0.04
274285,-1.078,0.04
274286,-1.011,0.04
274287,-0.981,0.04
274288,-1.33,0.04
274289,-1.193,0.04
274290,-0.868,0.04
274291,-0.581,0.04
274292,-0.565,0.04
274293,-0.562,0.04
274294,-0.711,0.04
274295,-1.167,0.04
274296,-1.666,0.04
274297,-1.154,0.04
274298,-1.043,0.04
274299,-1.812,0.04
274300,-1.457,0.04
274301,-2.346,0.04
274302,-2.456,0.04
274303,-1.647,0.04
274304,-1.031,0.04
274305,-1.499,0.04
274306,-1.559,0.04
274307,-1.606,0.04
274308,-1.08,0.04
274309,-1.366,0.04
274310,-1.146,0.04
274311,-1.14,0.04
274312,-1.141,0.04
274313,-1.064,0.04
274314,-0.732,0.04
274315,-0.793,0.04
274316,-0.541,0.04
274317,-0.143,0.04
274318,-0.422,0.04
274319,-0.335,0.04
274320,-0.397,0.04
274321,-0.121,0.04
274322,-0.569,0.04
274323,-0.425,0.04
274324,-0.44,0.04
274325,-0.506,0.04
274326,-0.557,0.04
274327,-0.519,0.04
274328,-0.707,0.04
274329,-0.65,0.04
274330,-0.529,0.04
274331,-0.621,0.04
274332,-0.525,0.04
274333,-0.469,0.04
274334,-0.821,0.04
274335,-0.959,0.04
274336,-1.032,0.04
274337,-0.723,0.04
274338,-1.106,0.04
274339,-0.889,0.04
274340,-1.207,0.04
274341,-1.086,0.04
274342,-1.195,0.04
274343,-1.971,0.04
274344,-1.865,0.04
274345,-0.998,0.04
274346,-0.7,0.04
274347,-0.79,0.04
274348,-0.512,0.04
274349,-1.325,0.04
274350,-0.873,0.04
274351,-1.246,0.04
274352,-0.843,0.04
274353,-0.686,0.04
274354,-0.696,0.04
274355,-1.039,0.04
274356,-0.703,0.04
274357,-1.242,0.04
274358,-1.236,0.04
274359,-0.654,0.04
274360,-1.082,0.04
274361,-0.82,0.04
274362,-1.089,0.04
274363,-0.68,0.04
274364,-0.564,0.04
274365,-0.704,0.04
274366,-0.874,0.04
274367,-0.94,0.04
274368,-0.841,0.04
274369,-0.71,0.04
274370,-0.901,0.04
274371,-0.473,0.04
274372,-0.541,0.04
274373,-1.037,0.04
274374,-0.929,0.04
274375,-0.685,0.04
274376,-1.452,0.04
274377,-1.604,0.04
274378,-0.799,0.04
274379,-1.561,0.04
274380,-1.456,0.04
274381,-2.18,0.04
274382,-2.028,0.04
274383,-1.873,0.04
274384,-1.539,0.04
274385,-1.4,0.04
274386,-2.093,0.04
274387,-2.107,0.04
274388,-2.495,0.04
274389,-2.483,0.04
274390,-3.874,0.04
274391,-2.746,0.04
274392,-2.817,0.04
274393,-0.573,0.04
274394,-1.484,0.04
274395,-1.04,0.04
274396,-1.486,0.04
274397,-2.131,0.04
274398,-1.896,0.04
274399,-1.57,0.04
274400,-1.482,0.04
274401,-2.157,0.04
274402,-1.851,0.04
274403,-1.062,0.04
274404,-1,0.04
274405,-1.26,0.04
274406,-2.566,0.04
274407,-2.33,0.04
274408,-2.49,0.04
274409,-3.054,0.04
274410,-2.779,0.04
274411,-2.289,0.04
274412,-4.193,0.04
274413,-3.319,0.04
274414,-2.563,0.04
274415,-1.665,0.04
274416,-1.455,0.04
274417,-1.746,0.04
274418,-1.75,0.04
274419,-1.606,0.04
274420,-1.401,0.04
274421,-1.527,0.04
274422,-1.405,0.04
274423,-1.718,0.04
274424,-2.003,0.04
274425,-1.372,0.04
274426,-1.284,0.04
274427,-1.441,0.04
274428,-0.889,0.04
274429,-1.06,0.04
274430,-1.2902,0.04
274431,-1.438,0.04
274432,-1.863,0.04
274433,-1.016,0.04
274434,-1.923,0.04
274435,-2.77,0.04
274436,-1.472,0.04
274437,-1.755,0.04
274438,-1.349,0.04
274439,-1.794,0.04
274440,-1.927,0.04
274441,-1.474,0.04
274442,-1.673,0.04
274443,-1.208,0.04
274444,-1.625,0.04
274445,-1.072,0.04
274446,-0.946,0.04
274447,-0.974,0.04
274448,-0.602,0.04
274449,-1.283,0.04
274450,-1.64,0.04
274451,-1.92,0.04
274452,-2.201,0.04
274453,-1.549,0.04
274454,-1.941,0.04
274455,-2.207,0.04
274456,-2.69,0.04
274457,-1.885,0.04
274458,-1.702,0.04
274459,-3.82,0.04
274460,-3.831,0.04
274461,-2.665,0.04
274462,-2.223,0.04
274463,-1.847,0.04
274464,-1.092,0.04
274465,-1.233,0.04
274466,-1.679,0.04
274467,-1.294,0.04
274468,-1.386,0.04
274469,-0.084,0.04
274470,-0.392,0.04
274471,-0.23,0.04
274472,-0.07,0.04
274473,-0.103,0.04
274474,-0.293,0.04
274475,-0.637,0.04
274476,-0.825,0.04
274477,-1.501,0.04
274478,-1.256,0.04
274479,-1.937,0.04
274480,-1.745,0.04
274481,-2.03,0.04
274482,-0.924,0.04
274483,-1.15,0.04
274484,-1.55,0.04
274485,-1.135,0.04
274486,-0.72,0.04
274487,-0.642,0.04
274488,-0.778,0.04
274489,-1.387,0.04
274490,-2.611,0.04
274491,-3.345,0.04
274492,-3.583,0.04
274493,-3.313,0.04
274494,-3.436,0.04
274495,-4.515,0.04
274496,-2.085,0.04
274497,-1.017,0.04
274498,-3.631,0.04
274499,-3.1706,0.04
274500,-3.154,0.04
274501,-1.107,0.04
274502,-1.141,0.04
274503,-1.062,0.04
274504,-0.923,0.04
274505,-1.465,0.04
274506,-1.148,0.04
274507,-1.1949,0.04
274508,-1.87,0.04
274509,-2.295,0.04
274510,-1.394,0.04
274511,-1.31,0.04
274512,-1.206,0.04
274513,-1.731,0.04
274514,-1.799,0.04
274515,-2.07,0.04
274516,-1.346,0.04
274517,-0.782,0.04
274518,-1.129,0.04
274519,-1.385,0.04
274520,-1.465,0.04
274521,-2.506,0.04
274522,-1.298,0.04
274523,-1.628,0.04
274524,-1.852,0.04
274525,-2.54,0.04
274526,-2.822,0.04
274527,-2.728,0.04
274528,-1.773,0.04
274529,-1.34,0.04
274530,-1.229,0.04
274531,-1.389,0.04
274532,-1.428,0.04
274533,-1.69535345633,0.04
274534,-1.83981531521,0.04
274535,-2.29581814121,0.04
274536,-2.86079813496,0.04
274537,-3.00431600339,0.04
274538,-1.25486639833,0.04
274539,-1.7434375571,0.04
274540,-2.55013498867,0.04
274541,-2.8452281315,0.04
274542,-2.92723669979,0.04
274543,-1.79098044848,0.04
274544,-3.20048823093,0.04
274545,-2.20206003281,0.04
274546,-2.5780819941,0.04
274547,-2.5479554931,0.04
274548,-1.71651660267,0.04
274549,-1.76920622818,0.04
274550,-2.4728455776,0.04
274551,-1.68268464617,0.04
274552,-1.75209788854,0.04
274553,-2.07259383633,0.04
274554,-2.14129271924,0.04
274555,-0.773018336907,0.04
274556,-1.97800532867,0.04
274557,-2.57168406562,0.04
274558,-2.73284972875,0.04
274559,-2.54663045068,0.04
274560,-3.66444197728,0.04
274561,-2.84005990098,0.04
274562,-3.47128771519,0.04
274563,-3.6266391817,0.04
274564,-3.82881039936,0.04
274565,-4.07408189229,0.04
274566,-4.37022788037,0.04
274567,-3.84814066169,0.04
274568,-3.96248143849,0.04
274569,-3.52201238034,0.04
274570,-3.91484216796,0.04
274571,-1.92753392629,0.04
274572,-2.25172182727,0.04
274573,-4.04312189746,0.04
274574,-2.09919088438,0.04
274575,-1.88292560598,0.04
274576,-2.44043005436,0.04
274577,-1.96125966739,0.04
274578,-1.74592220676,0.04
274579,-1.67291429401,0.04
274580,-2.4840495821,0.04
274581,-2.18324758401,0.04
274582,-1.72515285678,0.04
274583,-3.07048867627,0.04
274584,-4.23627502564,0.04
274585,-4.16737753003,0.04
274586,-3.47226172402,0.04
274587,-2.26100737365,0.04
274588,-2.17856709821,0.04
274589,-2.29315694481,0.04
274590,-2.87250235057,0.04
274591,-2.74410454193,0.04
274592,-3.81363807109,0.04
274593,-2.44895573773,0.04
274594,-2.35071604147,0.04
274595,-2.26826563817,0.04
274596,-1.37764697189,0.04
274597,-1.23250140251,0.04
274598,-1.35319437915,0.04
274599,-1.08525907466,0.04
274600,-0.974344126552,0.04
274601,-0.860646725581,0.04
274602,-0.951365877377,0.04
274603,-1.18903347623,0.04
274604,-0.683806898373,0.04
274605,-2.48077408287,0.04
274606,-2.91170252789,0.04
274607,-2.46308358746,0.04
274608,-3.9236777633,0.04
274609,-3.7461567368,0.04
274610,-3.49305036969,0.04
274611,-3.95422598712,0.04
274612,-4.15137009015,0.04
274613,-2.58009489005,0.04
274614,-3.19667640928,0.04
274615,-3.1026264887,0.04
274616,-3.23188876115,0.04
274617,-2.53991402575,0.04
274618,-2.06152393542,0.04
274619,-2.59193611698,0.04
274620,-2.84179822784,0.04
274621,-1.63496485908,0.04
274622,-1.93278344439,0.04
274623,-1.67589345545,0.04
274624,-1.79061837927,0.04
274625,-2.63327509648,0.04
274626,-2.13348877692,0.04
274627,-2.83283054339,0.04
274628,-2.44235265368,0.04
274629,-2.45740659451,0.04
274630,-3.19162471884,0.04
274631,-2.93308433209,0.04
274632,-2.51233932754,0.04
274633,-2.2634878866,0.04
274634,-2.89778896741,0.04
274635,-2.58396678344,0.04
274636,-1.84805895008,0.04
274637,-2.288,0.04
274638,-1.74,0.04
274639,-3.179,0.04
274640,-2.584,0.04
274641,-3.669,0.04
274642,-2.83,0.04
274643,-3.103,0.04
274644,-2.819,0.04
274645,-2.392,0.04
274646,-2.381,0.04
274647,-2.055,0.04
274648,-2.056,0.04
274649,-2.074,0.04
274650,-1.74,0.04
274651,-1.802,0.04
274652,-1.97,0.04
274653,-2.107,0.04
274654,-2.279,0.04
274655,-2.357,0.04
274656,-2.777,0.04
274657,-2.374,0.04
274658,-2.737,0.04
274659,-2.128,0.04
274660,-1.771,0.04
274661,-1.388,0.04
274662,-1.41,0.04
274663,-3.339,0.04
274664,-4.045,0.04
274665,-1.545,0.04
274666,0.480103619468,0.04
274667,-0.103917205556,0.04
274668,-0.5,0.04
274669,-1.25,0.04
274670,-1.07,0.04
274671,-1.16,0.04
274672,-0.94,0.04
274673,-1.19,0.04
274675,-0.82,0.04
274676,-0.5,0.04
274677,-0.9,0.04
274678,-0.9,0.04
274679,-0.5,0.04
274680,-0.43,0.04
274681,-0.18,0.04
274682,0.08,0.04
274683,-0.37,0.04
274684,-0.66,0.04
274685,-0.57,0.04
274686,-0.56,0.04
274687,-0.75,0.04
274688,-1.01,0.04
274689,-0.93,0.04
274690,-0.68,0.04
274691,0.09,0.04
274692,-0.5,0.04
274693,-0.12,0.04
274694,-0.48,0.04
274695,-0.12,0.04
274696,-0.26,0.04
274697,-0.62,0.04
274698,-0.42,0.04
274699,-0.74,0.04
274700,-0.82,0.04
274701,-0.91,0.04
274702,-1.01,0.04
274703,-0.74,0.04
274704,-0.71,0.04
274705,-0.54,0.04
274706,-0.75,0.04
274707,-1.01,0.04
274708,-0.95,0.04
274709,-1.03,0.04
274710,-1.15,0.04
274711,-1.17,0.04
274712,-1.34,0.04
274713,-1.05,0.04
274714,-0.92,0.04
274715,-1.46,0.04
274716,-1.081,0.04
274717,-1.293,0.04
274718,-0.943,0.04
274719,-1.208,0.04
274720,-0.949,0.04
274721,-0.994,0.04
274722,-1.096,0.04
274723,-1.231,0.04
274724,-0.976,0.04
274725,-1.116,0.04
274726,-0.751,0.04
274727,-1.058,0.04
274728,-1.263,0.04
274729,-1.375,0.04
274730,-0.984,0.04
274731,-0.726,0.04
274733,-1.176,0.04
274734,-1.401,0.04
274735,-1.308,0.04
274736,-1.305,0.04
274737,-0.919,0.04
274738,-0.787,0.04
274739,-0.486,0.04
274740,-0.347,0.04
274741,-0.732,0.04
274742,-0.952,0.04
274743,-1.108,0.04
274744,-0.884,0.04
274745,-0.547,0.04
274746,-0.749,0.04
274747,-1.118,0.04
274748,-0.883,0.04
274749,-0.789,0.04
274750,-1.404,0.04
274751,-1.506,0.04
274752,-1.229,0.04
274753,-1.297,0.04
274754,-1.126,0.04
274755,-1.477,0.04
274756,-1.139,0.04
274757,-1.155,0.04
274758,-1.271,0.04
274759,-0.771,0.04
274760,-0.507,0.04
274761,-1.28,0.04
274762,-1.326,0.04
274763,-1.525,0.04
274764,-1.477,0.04
274765,-1.473,0.04
274766,-1.317,0.04
274768,-0.95,0.04
274769,-0.605,0.04
274770,-0.503,0.04
274771,-1.024,0.04
274772,-0.64,0.04
274773,-1.035,0.04
274774,-0.754,0.04
274775,-1.25,0.04
274776,-1.021,0.04
274777,-0.732,0.04
274778,-0.615,0.04
274779,-0.609,0.04
274780,-0.503,0.04
274782,-0.77,0.04
274783,-1.28,0.04
274784,-0.971,0.04
274785,-0.431,0.04
274786,-0.723,0.04
274787,-0.887,0.04
274788,-1.028,0.04
274789,-0.558,0.04
274790,-0.575,0.04
274791,-0.82,0.04
274792,-0.225,0.04
274793,-0.701,0.04
274794,0.23,0.04
274795,0.117,0.04
274796,0.081,0.04
274797,-0.182,0.04
274798,-0.196,0.04
274799,-0.32,0.04
274800,-0.574,0.04
274801,-1.015,0.04
274802,-0.439,0.04
274803,-0.919,0.04
274804,-0.14,0.04
274805,0.116,0.04
274806,-0.567,0.04
274807,0.564,0.04
274808,0.017,0.04
274809,-0.151,0.04
274810,0.183,0.04
274811,-0.321,0.04
274812,-0.291,0.04
274813,-0.296,0.04
274814,0.128,0.04
274815,0.323,0.04
274816,0.244,0.04
274817,0.121,0.04
274818,-0.1,0.04
274819,-0.24,0.04
274820,-0.37,0.04
274821,0.219,0.04
274822,-0.153,0.04
274823,0.336,0.04
274824,0.05,0.04
274825,0.295,0.04
274826,0.434,0.04
274827,0.45,0.04
274828,0.154,0.04
274829,-0.076,0.04
274830,0.015,0.04
274831,0.058,0.04
274832,0.002,0.04
274833,0.319,0.04
274834,0.504,0.04
274835,0.059,0.04
274836,0.332,0.04
274837,-0.264,0.04
274838,0.171,0.04
274839,0.31,0.04
274840,-0.12,0.04
274841,0.09,0.04
274842,0.0143,0.04
274843,0.207,0.04
274844,0.136,0.04
274845,-0.422,0.04
274846,-0.208,0.04
274847,0.418,0.04
274848,0.188,0.04
274849,-0.062,0.04
274850,-0.047,0.04
274851,0,0.04
274852,-0.08,0.04
274853,0.064,0.04
274854,0.156,0.04
274855,-0.036,0.04
274856,-0.128,0.04
274857,0.201,0.04
274858,-0.008,0.04
274859,0.21,0.04
274860,0.12,0.04
274861,0.382,0.04
274862,-0.375,0.04
274863,0.077,0.04
274864,0.201,0.04
274865,-0.379,0.04
274866,-0.18,0.04
274867,-0.127,0.04
274868,-0.115,0.04
274869,-0.181,0.04
274870,0.408,0.04
274871,-0.091,0.04
274872,-0.168,0.04
274873,-0.277,0.04
274874,-0.149,0.04
274875,0.204,0.04
274876,0.528,0.04
274877,-0.14,0.04
274878,-0.117,0.04
274879,-0.468,0.04
274880,0.112,0.04
274881,0.359,0.04
274882,0.111,0.04
274883,-0.024,0.04
274884,-0.144,0.04
274885,-0.169,0.04
274886,-0.39,0.04
274887,-0.227,0.04
274888,-0.355,0.04
274889,-0.575,0.04
274890,-0.484,0.04
274891,-0.241,0.04
274892,-0.242,0.04
274893,-0.054,0.04
274894,0.012,0.04
274895,0.053,0.04
274896,0.1,0.04
274897,-0.024,0.04
274898,0.13,0.04
274899,-0.016,0.04
274900,-0.086,0.04
274901,-0.022,0.04
274902,-0.049,0.04
274903,0.209,0.04
274904,0.318,0.04
274905,0.348,0.04
274906,0.241,0.04
274907,-0.19,0.04
274908,0.112,0.04
274909,-0.134,0.04
274910,0.229,0.04
274911,0.274,0.04
274912,1.12,0.04
274913,0.855,0.04
274914,0.805,0.04
274915,0.21,0.04
274916,0.19,0.04
274917,0.18,0.04
274918,0.11,0.04
274919,0.11,0.04
274920,-0.082,0.04
274921,-0.24,0.04
274922,-0.38,0.04
274923,-0.067,0.04
274924,0.09,0.04
274925,-0.71,0.04
274926,-0.46,0.04
274927,-0.71,0.04
274928,-1.07,0.04
274929,-1.08,0.04
274930,-1.37,0.04
274931,-0.49,0.04
274932,-0.55,0.04
274933,-0.64,0.04
274934,-0.65,0.04
274935,-0.18,0.04
274936,-0.14,0.04
274937,-0.07,0.04
274938,-0.19,0.04
274939,-0.34,0.04
274940,-0.4,0.04
274941,-0.33,0.04
274942,-0.22,0.04
274943,-0.2,0.04
274944,-0.18,0.04
274945,-0.28,0.04
274946,-0.34,0.04
274947,-0.55,0.04
274948,0.12,0.04
274949,0.08,0.04
274950,0.02,0.04
274951,-0.12,0.04
274952,-0.38,0.04
274953,-0.49,0.04
274954,-0.6,0.04
274955,-0.63,0.04
274956,-0.53,0.04
274957,-0.6,0.04
274958,-0.71,0.04
274959,-0.4,0.04
274960,-0.22,0.04
274961,-0.49,0.04
274962,-0.38,0.04
274963,0.07,0.04
274964,0.25,0.04
274965,-0.36,0.04
274966,-0.32,0.04
274967,-0.16,0.04
274968,-0.61,0.04
274969,-0.83,0.04
274970,-0.79,0.04
274971,-0.811423477276,0.04
274972,-0.616282587286,0.04
274973,-0.682503222123,0.04
274974,-1.01989829614,0.04
274975,-1.19991277207,0.04
274976,-1.33017649752,0.04
274977,-1.2,0.04
274978,-0.896720475387,0.04
274979,-0.893266837059,0.04
274980,-0.541235213702,0.04
274981,-0.100686435317,0.04
274982,-0.372245126727,0.04
274983,-0.343213807258,0.04
274984,-0.369436632088,0.04
274985,-0.665899679325,0.04
274986,-0.67176359661,0.04
274987,-1.190431808,0.04
274988,-0.694434593575,0.04
274989,-0.823782292962,0.04
274990,-1.02905660693,0.04
274991,-1.03143671563,0.04
274992,-1.13657066026,0.04
274993,-0.684043671216,0.04
274994,-0.35793103334,0.04
274995,0.454971009106,0.04
274996,0.586245492789,0.04
274997,0.856675128619,0.04
274998,0.888318243281,0.04
274999,0.508141523965,0.04
275000,0.0407151453004,0.04
275001,0.536229931543,0.04
275002,-0.0685661845975,0.04
275003,0.416270451294,0.04
275004,0.285541550716,0.04
275005,0.225751795587,0.04
275006,0.0592826702171,0.04
275007,-0.368134499155,0.04
275008,-0.332134344687,0.04
275009,-0.17191042253,0.04
275010,-0.453277953646,0.04
275011,-0.465172200477,0.04
275012,-0.461829300134,0.04
275013,-0.0527162511535,0.04
275014,-0.163956084933,0.04
275015,-0.307700159276,0.04
275016,-0.45902440897,0.04
275017,-0.846680650759,0.04
275018,-0.447548154308,0.04
275019,-0.412502158508,0.04
275020,-0.35350189228,0.04
275021,-0.331931757778,0.04
275022,-0.179814862796,0.04
275023,-0.08490963153,0.04
275024,0.176165133992,0.04
275025,0.372363935756,0.04
275026,-0.239012688609,0.04
275027,0.0504270059886,0.04
275028,-0.261403703786,0.04
275029,0.12739089123,0.04
275030,0.0921862492146,0.04
275031,-0.118953343647,0.04
275032,-0.0527553638126,0.04
275033,-0.18005190102,0.04
275034,-0.14562867985,0.04
275035,-0.0137312505347,0.04
275036,-0.0584269811645,0.04
275037,-0.3260614263,0.04
275038,-0.270593139939,0.04
275039,-0.15858835208,0.04
275040,-0.14657562204,0.04
275041,-0.0977915032145,0.04
275042,-0.170117328911,0.04
275043,-0.554031648313,0.04
275044,-0.372563167224,0.04
275045,-0.16420139125,0.04
275046,-0.317048366465,0.04
275047,0.391204575972,0.04
275048,0.1409752437,0.04
275049,-0.0417105972985,0.04
275050,-0.0233345905829,0.04
275051,-0.0283214059578,0.04
275052,-0.051853040369,0.04
275053,-0.0260575623451,0.04
275054,-0.110309272321,0.04
275055,-0.579279826303,0.04
275056,-0.114200713659,0.04
275057,-0.307591946661,0.04
275058,0.190247694862,0.04
275059,-0.121626838623,0.04
275060,-0.457118685637,0.04
275061,-0.394360460235,0.04
275062,-0.569571698131,0.04
275063,-0.346619416433,0.04
275064,-0.268459596744,0.04
275065,-0.393671594423,0.04
275066,-0.46310765661,0.04
275067,-0.342609804442,0.04
275068,-0.444510029968,0.04
275069,-0.608859032565,0.04
275070,-0.755717160147,0.04
275071,-0.714102126675,0.04
275072,-0.189060972569,0.04
304745,-9.96,0.1
304746,-9.38,0.1
304747,-9.05,0.1
304748,-8.43,0.1
304749,-7.97,0.1
304750,-7.66,0.1
304751,-8.41,0.1
304752,-8.39,0.1
304753,-8.87,0.1
304754,-9.07,0.1
304755,-8.68,0.1
304756,-9.08,0.1
304757,-9.25,0.1
304758,-9.06,0.1
304759,-9.19,0.1
304760,-9.12,0.1
304761,-9.22,0.1
304762,-9.02,0.1
304763,-9.17,0.1
304764,-9.02,0.1
304765,-9.01,0.1
304766,-8.69,0.1
304767,-8.51,0.1
304768,-7.9,0.1
304769,-8.5,0.1
304770,-9.35,0.1
304771,-8.54,0.1
304772,-8.98,0.1
304773,-9.2,0.1
304774,-9.48,0.1
304775,-9.02,0.1
304776,-8.82,0.1
304777,-8.3,0.1
304778,-8.66,0.1
304779,-8.98,0.1
304780,-8.85,0.1
304781,-8.65,0.1
304782,-8.35,0.1
304783,-8.87,0.1
304784,-9.17,0.1
304785,-9.29,0.1
304786,-9.45,0.1
304787,-8.92,0.1
304788,-8.9,0.1
304789,-9.09,0.1
304790,-9.07,0.1
304791,-9.12,0.1
304792,-9.27,0.1
304793,-9.38,0.1
304794,-9.17,0.1
304795,-9.52,0.1
304796,-9.17,0.1
304797,-9.37,0.1
304798,-9.38,0.1
304799,-8.68,0.1
304800,-8.64,0.1
304801,-9.17,0.1
304802,-9.51,0.1
304803,-8.85,0.1
304804,-8.69,0.1
304805,-8.85,0.1
304806,-8.65,0.1
304807,-8.32,0.1
304808,-8.41,0.1
304809,-8.52,0.1
304810,-8.43,0.1
304811,-8.62,0.1
304812,-8.72,0.1
304813,-8.3,0.1
304814,-8.64,0.1
304815,-8.64,0.1
304816,-8.61,0.1
304817,-9.05,0.1
304818,-8.9,0.1
304819,-9.27,0.1
304820,-9.22,0.1
304821,-9.22,0.1
304822,-8.75,0.1
304823,-8.15,0.1
304824,-8.6,0.1
304825,-8.63,0.1
304826,-9.07,0.1
304827,-8.61,0.1
304828,-8.56,0.1
304829,-8.66,0.1
304830,-8.98,0.1
304831,-9.1,0.1
304832,-8.26,0.1
304833,-8.18,0.1
304834,-8.51,0.1
304835,-7.88,0.1
304836,-7.99,0.1
304837,-8.04,0.1
304838,-8.39,0.1
304839,-8.6,0.1
304840,-8.54,0.1
304841,-8.23,0.1
304842,-8.22,0.1
304843,-8.62,0.1
304844,-8.58,0.1
304845,-8.92,0.1
304846,-8.65,0.1
304847,-7.81,0.1
304848,-7.59,0.1
304849,-8.58,0.1
304850,-8.65,0.1
304851,-8.51,0.1
304852,-8.44,0.1
304853,-8.36,0.1
304854,-8.68,0.1
304855,-8.83,0.1
304856,-8.81,0.1
304857,-8.73,0.1
304858,-8.72,0.1
304859,-8.23,0.1
304860,-7.81,0.1
304861,-7.41,0.1
304862,-7.64,0.1
304863,-8.16,0.1
304864,-8.08,0.1
304865,-8.82,0.1
304866,-7.92,0.1
304867,-8.06,0.1
304868,-8.27,0.1
304869,-8.32,0.1
304870,-8.13,0.1
304871,-9.18,0.1
304872,-8.79,0.1
304873,-8.64,0.1
304874,-8.69,0.1
304875,-8.65,0.1
304876,-8.82,0.1
304877,-8.82,0.1
304878,-8.59,0.1
304879,-8.61,0.1
304880,-8.44,0.1
304881,-8.74,0.1
304882,-8.75,0.1
304883,-8.64,0.1
304884,-8.17,0.1
304885,-8,0.1
304886,-8.45,0.1
304887,-8.54,0.1
304888,-8.06,0.1
304889,-8.21,0.1
304890,-8.61,0.1
304891,-8.9,0.1
304892,-8.58,0.1
304893,-8.31,0.1
304894,-8.94,0.1
304895,-9.11,0.1
304896,-8.41,0.1
304897,-8.02,0.1
304898,-8.63,0.1
304899,-8.76,0.1
304900,-8.58,0.1
304901,-8.53,0.1
304902,-8.28,0.1
304903,-8.72,0.1
304904,-8.47,0.1
304905,-8.55,0.1
304906,-8.36,0.1
304907,-8.2,0.1
304908,-8.39,0.1
304909,-8.63,0.1
304910,-8.19,0.1
304911,-7.72,0.1
304912,-7.7,0.1
304913,-7.73,0.1
304914,-7.43,0.1
304915,-7.5,0.1
304916,-7.61,0.1
304917,-7.77,0.1
304918,-7.5,0.1
304919,-7.97,0.1
304920,-8,0.1
304921,-7.41,0.1
304922,-8.32,0.1
304923,-8.38,0.1
304924,-8,0.1
304925,-7.83,0.1
304926,-8,0.1
304927,-7.96,0.1
304928,-7.72,0.1
304929,-7.31,0.1
304930,-7.99,0.1
304931,-7.94,0.1
304932,-7.78,0.1
304933,-7.67,0.1
304934,-7.5,0.1
304935,-7.69,0.1
304936,-8.44,0.1
304937,-8.07,0.1
304938,-7.81,0.1
304939,-8.08,0.1
304940,-8.36,0.1
304941,-8.46,0.1
304942,-7.56,0.1
304943,-7.36,0.1
304944,-7.89,0.1
304945,-8.24,0.1
304946,-8.43,0.1
304947,-8.38,0.1
304948,-8.26,0.1
304949,-8.15,0.1
304950,-8.02,0.1
304951,-8.65,0.1
304952,-8.7,0.1
304953,-8.8,0.1
304954,-8.62,0.1
304955,-8.2,0.1
304956,-8.56,0.1
304957,-8.56,0.1
304958,-8.44,0.1
304959,-7.99,0.1
304960,-8.19,0.1
304961,-7.96,0.1
304962,-7.85,0.1
304963,-7.82,0.1
304964,-7.86,0.1
304965,-8.17,0.1
304966,-8.2,0.1
304967,-7.88,0.1
304968,-7.67,0.1
304969,-8.54,0.1
304970,-8.23,0.1
304971,-8.14,0.1
304972,-8.2,0.1
304973,-7.78,0.1
304974,-7.87,0.1
304975,-7.64,0.1
304976,-7.91,0.1
304977,-7.7,0.1
304978,-8.48,0.1
304979,-8.6,0.1
304980,-8.38,0.1
304981,-8.67,0.1
304982,-8.46,0.1
304983,-7.17,0.1
304984,-7.02,0.1
304985,-6.74,0.1
304986,-6.82,0.1
304987,-6.97,0.1
304988,-6.95,0.1
304989,-6.85,0.1
304990,-6.92,0.1
304991,-7,0.1
304992,-7.01,0.1
304993,-7.04,0.1
304994,-7.54,0.1
304995,-6.95,0.1
304996,-6.64,0.1
304997,-7.12,0.1
304998,-6.93,0.1
304999,-7.01,0.1
305000,-7.21,0.1
305001,-6.79,0.1
305002,-7.17,0.1
305003,-6.83,0.1
305004,-6.8,0.1
305005,-7.17,0.1
305006,-7.62,0.1
305007,-7.62,0.1
305008,-7.32,0.1
305009,-7.62,0.1
305010,-7.25,0.1
305011,-7.34,0.1
305012,-7.35,0.1
305013,-7.66,0.1
305014,-7.58,0.1
305015,-7.1,0.1
305016,-6.69,0.1
305017,-6.95,0.1
305018,-7.45,0.1
305019,-7.38,0.1
305020,-7.4,0.1
305021,-6.73,0.1
305022,-7.15,0.1
305023,-7.3,0.1
305024,-7.24,0.1
305025,-7.33,0.1
305026,-7.32,0.1
305027,-7.16,0.1
305028,-6.95,0.1
305029,-7.29,0.1
305030,-7.52,0.1
305031,-7.59,0.1
305032,-7.57,0.1
305033,-7.58,0.1
305034,-7.14,0.1
305035,-7.52,0.1
305036,-7.64,0.1
305037,-6.92,0.1
305038,-7.1,0.1
305039,-7.49,0.1
305040,-7.88,0.1
305041,-7.59,0.1
305042,-6.99,0.1
305043,-7.57,0.1
305044,-7.24,0.1
305045,-7.76,0.1
305046,-7.31,0.1
305047,-7.54,0.1
305048,-6.96,0.1
305049,-7.09,0.1
305050,-7.02,0.1
305051,-7.09,0.1
305052,-7.55,0.1
305053,-7.73,0.1
305054,-8.31,0.1
305055,-7.6,0.1
305056,-7.61,0.1
305057,-7.37,0.1
305058,-6.64,0.1
305059,-7.25,0.1
305060,-7.82,0.1
305061,-7.3,0.1
305062,-7.66,0.1
305063,-7.84,0.1
305064,-6.89,0.1
305065,-6.78,0.1
305066,-7.24,0.1
305067,-7.52,0.1
305068,-7.12,0.1
305069,-6.97,0.1
305070,-7.04,0.1
305071,-6.98,0.1
305072,-6.91,0.1
305073,-6.85,0.1
305074,-6.92,0.1
305075,-7.33,0.1
305076,-7.67,0.1
305077,-7.37,0.1
305078,-7.24,0.1
305079,-7.65,0.1
305080,-7.84,0.1
305081,-6.6,0.1
305082,-7.12,0.1
305083,-7.11,0.1
305084,-6.78,0.1
305085,-6.7,0.1
305086,-6.83,0.1
305087,-6.95,0.1
305088,-6.99,0.1
305089,-7.37,0.1
305090,-7.33,0.1
305091,-7.65,0.1
305092,-7.49,0.1
305093,-6.97,0.1
305094,-7.17,0.1
305095,-7.01,0.1
305096,-6.79,0.1
305097,-7.16,0.1
305098,-6.85,0.1
305099,-7.16,0.1
305100,-6.6,0.1
305101,-6.38,0.1
305102,-6.84,0.1
305103,-7.12,0.1
305104,-7.04,0.1
305105,-7.32,0.1
305106,-7.43,0.1
305107,-7.54,0.1
305108,-7.31,0.1
305109,-7.41,0.1
305110,-7.08,0.1
305111,-7.34,0.1
305112,-7.53,0.1
305113,-7.66,0.1
305114,-7.79,0.1
305115,-7.39,0.1
305116,-7.42,0.1
305117,-7.47,0.1
305118,-7.38,0.1
305119,-6.88,0.1
305120,-6.72,0.1
305121,-6.92,0.1
305122,-6.86,0.1
305123,-6.86,0.1
305124,-7.22,0.1
305125,-7.35,0.1
305126,-7.14,0.1
305127,-7.11,0.1
305128,-7.13,0.1
305129,-7.43,0.1
305130,-7.68,0.1
305131,-7.31,0.1
305132,-7.24,0.1
305133,-7.12,0.1
305134,-7.19,0.1
305135,-7.15,0.1
305136,-6.59,0.1
305137,-6.82,0.1
305138,-6.68,0.1
305139,-7.02,0.1
305140,-7.24,0.1
305141,-7.29,0.1
305142,-7.39,0.1
305143,-7.23,0.1
305144,-7.14,0.1
305145,-6.82,0.1
305146,-7.07,0.1
305147,-6.79,0.1
305148,-7.47,0.1
305149,-7.35,0.1
305150,-7.49,0.1
305151,-6.48,0.1
305152,-7.4,0.1
305153,-7.38,0.1
305154,-7.41,0.1
305155,-7.38,0.1
305156,-7.07,0.1
305157,-6.55,0.1
305158,-6.95,0.1
305159,-6.49,0.1
305160,-6.92,0.1
305161,-7.12,0.1
305162,-7.31,0.1
305163,-6.94,0.1
305164,-7.18,0.1
305165,-7.21,0.1
305166,-7.39,0.1
305167,-7.8,0.1
305168,-7.4,0.1
305169,-7.5,0.1
305170,-6.81,0.1
305171,-6.91,0.1
305172,-6.88,0.1
305173,-6.44,0.1
305174,-6.34,0.1
305175,-7.56,0.1
305176,-7.49,0.1
305177,-7.13,0.1
305178,-6.77,0.1
305179,-7.1,0.1
305180,-6.99,0.1
305181,-7.44,0.1
305182,-6.9,0.1
305183,-6.9,0.1
305184,-7.5,0.1
305185,-7.18,0.1
305186,-6.95,0.1
305187,-7.05,0.1
305188,-7.76,0.1
305189,-7.83,0.1
305190,-6.96,0.1
305191,-6.66,0.1
305192,-6.64,0.1
305193,-7.13,0.1
305194,-7.29,0.1
305195,-7.12,0.1
305196,-6.82,0.1
305197,-7.05,0.1
305198,-6.72,0.1
305199,-6.53,0.1
305200,-6.6,0.1
305201,-6,0.1
305202,-7.23,0.1
305203,-7.66,0.1
305204,-7.58,0.1
305205,-7.99,0.1
305206,-7.06,0.1
305207,-7.55,0.1
305208,-6.98,0.1
305209,-6.8,0.1
305210,-7.21,0.1
305211,-7.25,0.1
305212,-7.82,0.1
305213,-7.38,0.1
305214,-6.95,0.1
305215,-7.32,0.1
305216,-7.06,0.1
305217,-7.28,0.1
305218,-7.36,0.1
305219,-6.74,0.1
305220,-6.72,0.1
305221,-7.05,0.1
305222,-7.6,0.1
305223,-7.48,0.1
305224,-7.66,0.1
305225,-7.5,0.1
305226,-7.31,0.1
305227,-7.22,0.1
305228,-7.45,0.1
305229,-7.91,0.1
305230,-7.61,0.1
305231,-7.11,0.1
305232,-7.04,0.1
305233,-6.61,0.1
305234,-7.01,0.1
305235,-6.83,0.1
305236,-7.08,0.1
305237,-7.05,0.1
305238,-7.38,0.1
305239,-7.36,0.1
305240,-7.58,0.1
305241,-6.91,0.1
305242,-7.3,0.1
305243,-7.06,0.1
305244,-8.25,0.1
305245,-8.27,0.1
305246,-7.91,0.1
305247,-7.97,0.1
305248,-7.7,0.1
305249,-7.51,0.1
305250,-6.62,0.1
305251,-7.05,0.1
305252,-7.13,0.1
305253,-7.47,0.1
305254,-6.66,0.1
305255,-7.22,0.1
305256,-7.52,0.1
305257,-7.36,0.1
305258,-7.33,0.1
305259,-6.95,0.1
305260,-7.03,0.1
305261,-7.12,0.1
305262,-7.82,0.1
305263,-7.57,0.1
305264,-7.26,0.1
305265,-7.67,0.1
305266,-7.43,0.1
305267,-7.47,0.1
305268,-7.52,0.1
305269,-7.49,0.1
305270,-7.21,0.1
305271,-7.22,0.1
305272,-7.41,0.1
305273,-7.14,0.1
305274,-7.09,0.1
305275,-7.23,0.1
305276,-7.14,0.1
305277,-7.32,0.1
305278,-7.53,0.1
305279,-7.11,0.1
305280,-7.45,0.1
305281,-7.7,0.1
305282,-6.68,0.1
305283,-6.65,0.1
305284,-6.91,0.1
305285,-7.53,0.1
305286,-7.32,0.1
305287,-6.73,0.1
305288,-5.66,0.1
305289,-7.02,0.1
305290,-7.72,0.1
305291,-6.74,0.1
305292,-6.75,0.1
305293,-6.8,0.1
305294,-7.27,0.1
305295,-7.34,0.1
305296,-7.38,0.1
305297,-7.59,0.1
305298,-6.76,0.1
305299,-6.93,0.1
305300,-7.08,0.1
305301,-6.73,0.1
362578,-8.4514,0.1
362579,-5.8528,0.1
362580,-6.0682,0.1
362581,-7.0603,0.1
362582,-7.0296,0.1
362583,-7.5105,0.1
362584,-6.7447,0.1
362585,-6.4769,0.1
362586,-7.6414,0.1
362587,-8.9277,0.1
362588,-8.7303,0.1
362589,-9.833,0.1
362590,-9.6768,0.1
362591,-8.8193,0.1
362592,-7.5796,0.1
362593,-7.4568,0.1
362594,-7.3813,0.1
362595,-7.8742,0.1
362596,-7.2249,0.1
362597,-9.034,0.1
362598,-8.8798,0.1
362599,-9.0668,0.1
362600,-7.8745,0.1
362601,-8.3642,0.1
362602,-8.2093,0.1
362603,-8.2757,0.1
362604,-7.5517,0.1
362605,-7.5457,0.1
362606,-7.8514,0.1
362607,-7.9552,0.1
362608,-7.3833,0.1
362610,-6.0821,0.1
362611,-5.0309,0.1
362612,-4.3525,0.1
362613,-5.5209,0.1
362614,-6.7965,0.1
362615,-5.4712,0.1
362616,-9.2507,0.1
362617,-9.0862,0.1
362618,-9.1881,0.1
362619,-9.6373,0.1
362620,-9.631,0.1
362621,-9.7532,0.1
362622,-9.9419,0.1
362623,-9.3013,0.1
362624,-8.7028,0.1
362625,-8.776,0.1
362626,-8.8059,0.1
362627,-9.5101,0.1
362628,-9.8776,0.1
362629,-9.6085,0.1
362630,-9.7457,0.1
362631,-9.6572,0.1
362632,-9.4306,0.1
362633,-9.9925,0.1
362634,-9.5453,0.1
362635,-10.042,0.1
362636,-10.0906,0.1
362637,-9.9786,0.1
362638,-10.4495,0.1
362639,-10.5393,0.1
362640,-10.3237,0.1
362641,-10.5112,0.1
362642,-10.5591,0.1
362643,-10.6477,0.1
362644,-10.3064,0.1
362645,-10.8535,0.1
362646,-10.8861,0.1
362647,-10.8188,0.1
362648,-10.9444,0.1
362649,-10.7208,0.1
362650,-10.7217,0.1
362651,-10.8374,0.1
362652,-10.8188,0.1
362653,-10.7292,0.1
362654,-10.8004,0.1
362655,-9.8291,0.1
362656,-10.9441,0.1
362657,-11.1894,0.1
362658,-10.3288,0.1
362659,-10.311,0.1
362660,-10.5685,0.1
362661,-10.8144,0.1
362662,-10.8794,0.1
362663,-10.6995,0.1
362664,-10.6729,0.1
362665,-11.4019,0.1
362666,-10.927,0.1
362667,-11.2799,0.1
362668,-11.3709,0.1
362669,-11.361,0.1
362670,-11.1897,0.1
362671,-11.2545,0.1
362672,-11.0327,0.1
362673,-11.2679,0.1
362674,-11.2407,0.1
362675,-11.2327,0.1
362676,-11.0402,0.1
362677,-10.9726,0.1
362678,-10.9516,0.1
362679,-11.0703,0.1
362680,-11.4266,0.1
362681,-11.1854,0.1
362682,-11.415,0.1
362683,-11.3426,0.1
362684,-10.7709,0.1
362685,-10.8249,0.1
362686,-10.6064,0.1
362687,-10.9827,0.1
362688,-11.202,0.1
362689,-11.2175,0.1
362690,-11.1017,0.1
362691,-10.8991,0.1
362692,-10.4731,0.1
362693,-10.6651,0.1
362694,-11.2458,0.1
362695,-11.2212,0.1
362696,-10.9427,0.1
362697,-9.9537,0.1
362698,-11.0481,0.1
362699,-11.2903,0.1
362700,-11.3903,0.1
362701,-11.301,0.1
362702,-11.3997,0.1
362703,-11.2875,0.1
362704,-11.0714,0.1
362705,-11.4116,0.1
362706,-11.418,0.1
362707,-11.3581,0.1
362708,-11.0546,0.1
362709,-11.2479,0.1
362710,-11.0089,0.1
362711,-11.0556,0.1
362712,-11.2067,0.1
362713,-11.2052,0.1
362714,-10.8846,0.1
362715,-11.0641,0.1
362716,-11.0096,0.1
362717,-10.5889,0.1
362718,-10.5863,0.1
362719,-10.8014,0.1
362720,-10.8528,0.1
362721,-11.1946,0.1
362722,-11.4825,0.1
362723,-11.3777,0.1
362724,-10.8658,0.1
362725,-11.5192,0.1
362726,-11.4437,0.1
362727,-11.4605,0.1
362728,-11.5479,0.1
362729,-11.7557,0.1
362730,-11.7089,0.1
362731,-11.353,0.1
362732,-11.3661,0.1
362733,-10.9866,0.1
362734,-11.2507,0.1
362735,-11.3518,0.1
362736,-11.2836,0.1
362737,-11.1133,0.1
362738,-11.3566,0.1
362739,-11.2723,0.1
362740,-11.3876,0.1
362741,-10.8431,0.1
362742,-11.1578,0.1
362743,-10.9926,0.1
362744,-11.3028,0.1
362745,-10.927,0.1
362746,-11.2289,0.1
362747,-10.8552,0.1
362748,-10.7718,0.1
362749,-10.3347,0.1
362750,-10.5611,0.1
362751,-11.341,0.1
362752,-11.2484,0.1
362753,-11.4744,0.1
362754,-11.2787,0.1
362755,-11.5282,0.1
362756,-11.4625,0.1
362757,-11.2549,0.1
362758,-11.6042,0.1
362759,-11.4732,0.1
362760,-11.1806,0.1
362761,-11.2655,0.1
362762,-11.4241,0.1
362763,-11.247,0.1
362764,-11.1226,0.1
362765,-11.2789,0.1
362766,-11.3779,0.1
362767,-11.5609,0.1
362768,-11.408,0.1
362769,-11.3053,0.1
362770,-11.4576,0.1
362771,-11.2635,0.1
362772,-11.4749,0.1
362773,-11.3566,0.1
362774,-11.0426,0.1
362775,-11.5868,0.1
362776,-11.5488,0.1
362777,-11.7268,0.1
362778,-11.6513,0.1
362779,-11.4876,0.1
362780,-10.8232,0.1
362781,-10.9103,0.1
362782,-11.1538,0.1
362783,-11.0741,0.1
362784,-11.2119,0.1
362785,-10.7809,0.1
362786,-10.6698,0.1
362787,-10.6358,0.1
362788,-10.6981,0.1
362789,-10.3133,0.1
362790,-10.4307,0.1
362791,-9.4618,0.1
362792,-10.2328,0.1
362793,-10.1477,0.1
362794,-10.4149,0.1
362795,-10.2125,0.1
362796,-10.262,0.1
362797,-10.4786,0.1
362798,-10.5993,0.1
362799,-10.885,0.1
362800,-10.37,0.1
362801,-9.9953,0.1
362802,-10.3354,0.1
362803,-10.4736,0.1
362804,-9.8909,0.1
362805,-9.9997,0.1
362806,-9.5151,0.1
362807,-9.5514,0.1
362808,-9.5514,0.1
362809,-9.6204,0.1
362810,-9.791,0.1
362811,-10.0143,0.1
362812,-9.9149,0.1
362813,-9.4846,0.1
362814,-9.5326,0.1
362815,-9.0085,0.1
362816,-9.282,0.1
362817,-9.4768,0.1
362818,-10.3482,0.1
362819,-10.027,0.1
362820,-9.9263,0.1
362821,-10.1936,0.1
362822,-9.8235,0.1
362823,-9.8921,0.1
362824,-9.8416,0.1
362825,-10.0351,0.1
362826,-10.057,0.1
362827,-9.9462,0.1
362828,-9.7455,0.1
362829,-9.1187,0.1
362830,-9.4618,0.1
362831,-9.1208,0.1
362832,-9.6307,0.1
362833,-8.9118,0.1
362834,-8.5517,0.1
362835,-8.1724,0.1
362836,-8.2357,0.1
362837,-8.0059,0.1
362838,-7.6306,0.1
362839,-6.1505,0.1
362840,-6.84,0.1
362841,-6.9495,0.1
362842,-5.5605,0.1
362843,-5.5979,0.1
362844,-4.0383,0.1
362845,-2.4923,0.1
362846,-3.7811,0.1
362847,-3.2146,0.1
362848,-2.3085,0.1
362849,-1.8458,0.1
362850,-0.6633,0.1
362851,-1.3143,0.1
362852,-1.409,0.1
362853,-1.7656,0.1
362854,-1.3316,0.1
362855,-1.9292,0.1
362856,-1.3191,0.1
362857,-2.1779,0.1
362858,-8.0651,0.1
362859,-5.6262,0.1
362860,-7.5682,0.1
362861,-7.9585,0.1
362862,-7.8883,0.1
362863,-6.2492,0.1
362864,-7.1187,0.1
362865,-6.6612,0.1
362866,-6.4292,0.1
362867,-7.9866,0.1
362868,-8.1196,0.1
362869,-8.2207,0.1
362870,-7.9908,0.1
362871,-8.4593,0.1
362872,-8.1534,0.1
362873,-8.569,0.1
362874,-8.8934,0.1
362875,-8.2841,0.1
362876,-7.7343,0.1
362877,-7.4705,0.1
362878,-6.5133,0.1
362879,-5.2807,0.1
362880,-5.7267,0.1
362881,-6.291,0.1
362882,-4.8743,0.1
362883,-4.1256,0.1
362884,-4.1503,0.1
362885,-4.918,0.1
362886,-4.7068,0.1
362887,-5.8448,0.1
362888,-6.1169,0.1
362889,-5.2464,0.1
362890,-6.4111,0.1
362891,-6.3998,0.1
362892,-5.33,0.1
362893,-5.8979,0.1
362894,-5.8576,0.1
362895,-0.0702,0.1
362896,-2.3712,0.1
362897,-4.3426,0.1
362898,-0.6884,0.1
362899,-1.0309,0.1
362900,-1.0679,0.1
362901,-1.4844,0.1
362902,-7.942,0.1
362903,-9.1294,0.1
362904,-8.6301,0.1
362905,-7.3437,0.1
362906,-8.8608,0.1
362907,-8.0648,0.1
362908,-7.911,0.1
362909,-8.3285,0.1
362910,-9.4101,0.1
362911,-9.489,0.1
362912,-8.3764,0.1
362913,-10.4637,0.1
362914,-8.0688,0.1
362915,-9.0316,0.1
362916,-9.7187,0.1
362917,-8.0818,0.1
362918,-9.6428,0.1
362919,-8.3934,0.1
362920,-8.6111,0.1
362921,-2.7767,0.1
362922,-2.4591,0.1
362923,-3.3969,0.1
362924,-4.102,0.1
362925,-4.4575,0.1
362926,-4.6233,0.1
362927,-4.3856,0.1
362928,-5.7638,0.1
362929,-6.6287,0.1
362930,-5.0327,0.1
362931,-3.3479,0.1
362932,-3.8753,0.1
362933,-1.1078,0.1
362934,-1.9488,0.1
362935,-5.1106,0.1
362936,-5.638,0.1
362937,-2.2174,0.1
362938,-3.7748,0.1
362939,-4.0446,0.1
362940,-4.4913,0.1
362941,-2.9606,0.1
362942,-3.0562,0.1
362943,-1.9165,0.1
362944,-2.4898,0.1
362945,-3.8015,0.1
362946,-2.2493,0.1
362947,-2.8321,0.1
362948,-3.0065,0.1
362949,-1.7172,0.1
362950,-1.165,0.1
362951,-4.4118,0.1
362953,-1.1593,0.1
362954,1.6405,0.1
362955,0.5783,0.1
362956,0.0166,0.1
362957,-0.1321,0.1
362958,-1.5238,0.1
362959,0.1977,0.1
362960,1.1983,0.1
362961,0.5325,0.1
362962,0.0107,0.1
362963,1.5497,0.1
362964,-0.5161,0.1
362965,0.3372,0.1
362966,0.1836,0.1
362967,-0.7269,0.1
362968,-1.4761,0.1
362969,-1.1374,0.1
362970,-1.5546,0.1
362971,-0.2158,0.1
362972,-1.2555,0.1
362973,-0.9899,0.1
362974,-0.6532,0.1
362975,-0.701,0.1
362976,-0.5876,0.1
362977,0.7267,0.1
362978,-1.0776,0.1
362979,1.2518,0.1
362980,-0.2815,0.1
362981,-1.9813,0.1
362982,-2.4023,0.1
362983,-0.9829,0.1
362984,-1.7703,0.1
362985,-2.5392,0.1
362986,-3.6943,0.1
362987,-2.4216,0.1
362988,0.3635,0.1
362989,-1.8248,0.1
362990,-1.2634,0.1
362991,-1.9334,0.1
362992,-3.1457,0.1
362993,-3.0393,0.1
362994,-2.4202,0.1
362995,-3.405,0.1
362996,-1.8339,0.1
362997,-2.7185,0.1
362998,-1.1213,0.1
362999,-4.5468,0.1
363000,-3.1198,0.1
363001,-4.0964,0.1
363002,-3.6217,0.1
363003,-2.8331,0.1
363004,-3.1029,0.1
363005,-3.6551,0.1
363006,-1.7583,0.1
363007,-0.6342,0.1
363008,-2.4222,0.1
363009,-1.5528,0.1
363010,-2.8843,0.1
363011,-2.5541,0.1
363012,-1.5029,0.1
363013,-1.4412,0.1
363014,-0.2815,0.1
363015,-0.4051,0.1
363016,-1.1928,0.1
363017,-0.7349,0.1
363018,-0.6413,0.1
363019,-2.219,0.1
363020,-4.606,0.1
363021,-5.053,0.1
363022,-6.369,0.1
363023,-9.419,0.1
363024,-6.335,0.1
363025,-6.141,0.1
363026,-7.301,0.1
363027,-7.808,0.1
363028,-7.39,0.1
363029,-8.052,0.1
363030,-5.839,0.1
363031,-7.722,0.1
363032,-6.458,0.1
363033,-6.845,0.1
363034,-7.236,0.1
363035,-8.362,0.1
363036,-7.43,0.1
363037,-6.263,0.1
363038,-8.306,0.1
363039,-7.967,0.1
363040,-8.798,0.1
363041,-10.001,0.1
363042,-10.477,0.1
363043,-6.428,0.1
363044,-6.111,0.1
363045,-7.104,0.1
363046,-6.102,0.1
363047,-5.845,0.1
363048,-4.066,0.1
363049,-3.507,0.1
363050,-5.511,0.1
363051,-6.378,0.1
363052,-5.464,0.1
363053,-5.548,0.1
363054,-5.079,0.1
363055,-6.561,0.1
363056,-6.199,0.1
363057,-6.416,0.1
363058,-6.228,0.1
363059,-5.458,0.1
363060,-4.718,0.1
363061,-6.151,0.1
363062,-6.814,0.1
363064,-5.386,0.1
363065,-4.732,0.1
363066,-3.855,0.1
363067,-5.279,0.1
363068,-6.021,0.1
363069,-7.652,0.1
363070,-7.634,0.1
363071,-7.901,0.1
363072,-7.173,0.1
363073,-7.743,0.1
363074,-7.812,0.1
363075,-7.846,0.1
363076,-8.507,0.1
363077,-8.961,0.1
363078,-7.781,0.1
363079,-7.891,0.1
363080,-9.934,0.1
363081,-8.016,0.1
363082,-8.506,0.1
363083,-7.784,0.1
363084,-8.381,0.1
363085,-7.461,0.1
363086,-9.437,0.1
363087,-7.929,0.1
363088,-8.076,0.1
363089,-7.941,0.1
363090,-8.903,0.1
363091,-6.838,0.1
363092,-8.354,0.1
363093,-9.062,0.1
363094,-9.651,0.1
363095,-9.966,0.1
363096,-9.78,0.1
363097,-10.031,0.1
363098,-9.905,0.1
363099,-3.742,0.1
363100,-4.338,0.1
363101,-4.015,0.1
363102,-3.591,0.1
363103,-5.797,0.1
363104,-7.696,0.1
363105,-4.747,0.1
363106,-6.096,0.1
363107,-4.206,0.1
363108,-5.501,0.1
363109,-4.506,0.1
363110,-6.129,0.1
363111,-6.267,0.1
363112,-7.307,0.1
363113,-6.551,0.1
363114,-5.739,0.1
363115,-8.786,0.1
363116,-1.412,0.1
363117,-2.455,0.1
363118,-3.242,0.1
363119,-6.144,0.1
363120,-4.263,0.1
363121,-4.516,0.1
363122,-4.678,0.1
363123,-4.093,0.1
363124,-3.479,0.1
363125,-4.522,0.1
363126,-3.367,0.1
363127,-6.554,0.1
363128,-7.488,0.1
363129,-5.353,0.1
363130,-4.329,0.1
363131,-5.492,0.1
363132,-4.045,0.1
363133,-3.859,0.1
363134,-4.695,0.1
363135,-5.001,0.1
363136,-5.721,0.1
363137,-5.958,0.1
363138,-5.566,0.1
363139,-5.22,0.1
363140,-5.027,0.1
363141,-6.653,0.1
363142,-4.733,0.1
363143,-4.341,0.1
363144,-5.397,0.1
363145,-4.408,0.1
363146,-4.619,0.1
363147,-5.663,0.1
363148,-4.939,0.1
363149,-4.01,0.1
363150,-4.023,0.1
363151,-4.083,0.1
363152,-4.444,0.1
363153,-7.17,0.1
363154,-7.607,0.1
363155,-7.261,0.1
363156,-5.604,0.1
363157,-4.793,0.1
363158,-4.77,0.1
363159,-4.801,0.1
363160,-5.264,0.1
363161,-5.13,0.1
363162,-4.998,0.1
363163,-4.49,0.1
363164,-4.014,0.1
363165,-4.97,0.1
363166,-2.058,0.1
363167,-1.448,0.1
363168,-3.37,0.1
363169,-6.216,0.1
363170,-2.42,0.1
363171,-0.709,0.1
363172,-1.084,0.1
363173,-1.438,0.1
363174,-0.968,0.1
363175,-1.475,0.1
363176,-2.033,0.1
363177,-3.392,0.1
363178,-4.816,0.1
363180,-5.027,0.1
363181,-3.029,0.1
363182,-3.97,0.1
363183,-0.873,0.1
363184,-1.343,0.1
363185,-5.06,0.1
363186,-3.424,0.1
363187,-3.357,0.1
363188,-3.604,0.1
363189,-3.839,0.1
363190,-4.545,0.1
363191,-3.755,0.1
363192,-3.219,0.1
363193,-4.035,0.1
363194,-3.462,0.1
363195,-5.903,0.1
363196,-4.86,0.1
363197,-6.556,0.1
363198,-6.175,0.1
363199,-6.458,0.1
363200,-6.29,0.1
363201,-6.355,0.1
363202,-2.284,0.1
363203,-5.231,0.1
363204,-4.549,0.1
363205,-5.278,0.1
363206,-5.889,0.1
363207,-5.399,0.1
363208,-5.27,0.1
363209,-5.881,0.1
363210,-6.416,0.1
363211,-7.222,0.1
363212,-7.21,0.1
363213,-4.347,0.1
363214,-4.232,0.1
363215,-4.829,0.1
363216,-5.926,0.1
363217,-6.223,0.1
363218,-6.458,0.1
363219,-5.273,0.1
363220,-6.366,0.1
363221,-5.062,0.1
363222,-4.454,0.1
363223,-3.145,0.1
363224,-4.157,0.1
363225,-4.053,0.1
363226,-3.513,0.1
363227,-5.624,0.1
363228,-5.264,0.1
363229,-5.46,0.1
363230,-5.603,0.1
363231,-6.05,0.1
363232,-5.688,0.1
363233,-6.641,0.1
363234,-6.083,0.1
363235,-6.342,0.1
363236,-5.975,0.1
363237,-5.503,0.1
363238,-4.49,0.1
363239,-7.725,0.1
363240,-7.539,0.1
363241,-6.155,0.1
363242,-6.105,0.1
363243,-5.8,0.1
363244,-6.235,0.1
363245,-6.657,0.1
363246,-5.932,0.1
363247,-6.127,0.1
363248,-5.448,0.1
363249,-4.818,0.1
363250,-4.613,0.1
363251,-4.797,0.1
363252,-4.956,0.1
363253,-5.292,0.1
363254,-5.204,0.1
363255,-4.107,0.1
363256,-5.2,0.1
363257,-4.818,0.1
363258,-4.613,0.1
363259,-4.797,0.1
363260,-4.956,0.1
363261,-5.292,0.1
363262,-5.204,0.1
363263,-4.107,0.1
363265,-3.04,0.1
363266,-3.621,0.1
363267,-0.943,0.1
363268,-0.903,0.1
363269,-1.401,0.1
363270,0.678,0.1
363271,-2.13,0.1
363272,0.07,0.1
363273,-1.512,0.1
363274,-2.117,0.1
363275,-3.518,0.1
363276,-5.194,0.1
363277,-4.97,0.1
363278,-3.732,0.1
363279,-2.767,0.1
363280,-4.818,0.1
363281,-4.307,0.1
363282,-0.671,0.1
363283,-1,0.1
363284,-1.616,0.1
363285,-2.71,0.1
363286,-1.881,0.1
363287,-2.545,0.1
363288,-2.894,0.1
363289,-4.818,0.1
363290,-4.234,0.1
363291,-4.788,0.1
363292,-4.416,0.1
363293,-4.646,0.1
363294,-4.904,0.1
363295,-3.003,0.1
363296,-3.487,0.1
363297,-3.951,0.1
363298,-3.656,0.1
363299,-4.768,0.1
363300,-4.78,0.1
363301,-1.814,0.1
363302,-0.56,0.1
363303,-3.079,0.1
363304,-3.283,0.1
363305,-2.843,0.1
363306,-1.398,0.1
363307,-2.746,0.1
363308,-2.526,0.1
363309,-1.75,0.1
363310,-1.713,0.1
363311,-1.584,0.1
363312,-2.838,0.1
363313,-3.278,0.1
363314,-3.627,0.1
363315,-3.297,0.1
363316,-3.78,0.1
363317,-4.193,0.1
363318,-3.554,0.1
363319,-2.615,0.1
363320,-2.315,0.1
363321,-1.258,0.1
363322,-0.109,0.1
363323,0.244,0.1
363324,-2.964,0.1
363325,-3.657,0.1
363326,-5.121,0.1
363327,-3.73,0.1
363328,-2.907,0.1
363329,-1.248,0.1
363330,-3.484,0.1
363331,-3.075,0.1
363332,-3.035,0.1
363333,-4.928,0.1
363334,-4.959,0.1
363335,-5.38,0.1
363336,-3.728,0.1
363337,-4.885,0.1
363338,-3.589,0.1
363339,-4.978,0.1
363340,-3.176,0.1
363341,-2.327,0.1
363342,-2.438,0.1
363343,-1.643,0.1
363344,-3.639,0.1
363345,-4.875,0.1
363346,-4.481,0.1
363347,-4.247,0.1
363348,-3.821,0.1
363349,-2.088,0.1
363350,-5.749,0.1
363351,-5.808,0.1
363352,-4.686,0.1
363353,-5.125,0.1
363354,-5.917,0.1
363355,-5.518,0.1
363356,-5.806,0.1
363357,-5.337,0.1
363358,-3.934,0.1
363359,-3.947,0.1
363360,-5.364,0.1
363361,-5.664,0.1
363362,-4.574,0.1
363363,-3.364,0.1
363364,-2.923,0.1
363365,-5.484,0.1
363366,-4.814,0.1
363367,-5.922,0.1
363368,-6.306,0.1
363369,-5.689,0.1
363370,-5.097,0.1
363371,-3.854,0.1
363372,-4.918,0.1
363373,-5.27,0.1
363374,-5.569,0.1
363375,-5.579,0.1
363376,-5.776,0.1
363377,-6.061,0.1
363378,-6.361,0.1
363379,-6.085,0.1
363380,-6.46,0.1
363381,-6.299,0.1
363382,-5.57,0.1
363383,-5.381,0.1
363384,-6.21,0.1
363385,-6.246,0.1
363386,-6.724,0.1
363387,-6.859,0.1
363388,-6.647,0.1
363389,-6.609,0.1
363390,-1.478,0.1
363391,-5.596,0.1
363392,-5.716,0.1
363393,-5.865,0.1
363394,-6.079,0.1
363395,-6.381,0.1
363396,-6.598,0.1
363397,-5.622,0.1
363398,-5.976,0.1
363399,-5.287,0.1
363400,-4.614,0.1
363401,-4.85,0.1
363402,-5.06,0.1
363403,-3.98,0.1
363404,-2.797,0.1
363405,-4.506,0.1
363406,-3.505,0.1
363407,-4.463,0.1
363408,-3.343,0.1
363409,-3.976,0.1
363410,-4.602,0.1
363411,-4.073,0.1
363412,-6.039,0.1
363413,-6.295,0.1
363414,-4.101,0.1
363415,-4.108,0.1
363416,-4.971,0.1
363417,-5.079,0.1
363418,-4.419,0.1
363419,-2.454,0.1
363420,-7.329,0.1
363421,-6.618,0.1
363422,-6.265,0.1
363423,-6.54,0.1
363424,-7.532,0.1
363425,-7.513,0.1
363426,-7.186,0.1
363427,-4.983,0.1
363428,-4.416,0.1
363429,-6.341,0.1
363430,-7.614,0.1
363431,-7.693,0.1
363432,-7.679,0.1
363433,-7.573,0.1
363434,-7.554,0.1
363435,-7.942,0.1
363436,-7.973,0.1
363437,-7.626,0.1
363438,-6.072,0.1
363439,-7.463,0.1
363440,-7.172,0.1
363441,-6.625,0.1
363442,-4.638,0.1
363443,-3.473,0.1
363444,-4.762,0.1
363445,-5.328,0.1
363446,-4.676,0.1
363447,-5.419,0.1
363449,-5.918,0.1
363450,-5.152,0.1
363451,-5.844,0.1
363452,-5.491,0.1
363453,-5.467,0.1
363454,-5.265,0.1
363455,-4.866,0.1
363456,-6.825,0.1
363457,-6.974,0.1
363458,-5.456,0.1
363459,-5.288,0.1
363460,-6.462,0.1
363461,-5.955,0.1
363462,-6.61,0.1
363463,-6.488,0.1
363464,-5.456,0.1
363465,-4.445,0.1
363466,-6.258,0.1
363467,-4.458,0.1
363468,-6.893,0.1
363469,-6.15,0.1
363470,-6.916,0.1
363471,-6.644,0.1
363472,-6.167,0.1
363473,-6.885,0.1
363474,-6.82,0.1
363475,-7.125,0.1
363476,-7.197,0.1
363477,-6.748,0.1
363478,-6.632,0.1
363479,-7.028,0.1
363480,-6.488,0.1
363481,-6.071,0.1
363482,-6.262,0.1
363483,-6.212,0.1
363484,-5.903,0.1
363485,-6.31,0.1
363486,-5.515,0.1
363487,-6.476,0.1
363488,-6.405,0.1
363489,-5.44,0.1
363490,-5.069,0.1
363491,-6.301,0.1
363492,-5.036,0.1
363493,-6.062,0.1
363494,-4.888,0.1
363495,-6.778,0.1
363496,-4.048,0.1
363497,-6.115,0.1
363498,-6.357,0.1
363499,-6.017,0.1
363500,-7.648,0.1
363501,-4.998,0.1
363503,-5.127,0.1
363504,-5.783,0.1
363505,-5.839,0.1
363506,-6.266,0.1
363507,-5.253,0.1
363508,-4.623,0.1
363509,-4.777,0.1
363510,-5.095,0.1
363511,-5.137,0.1
363512,-5.66,0.1
363513,-5.764,0.1
363514,-7.222,0.1
363515,-7.272,0.1
363516,-6.889,0.1
363517,-4.851,0.1
363518,-4.253,0.1
363519,-3.552,0.1
363520,-4.211,0.1
363521,-1.704,0.1
363522,-1.467,0.1
363523,-2.171,0.1
363524,-1.757,0.1
363525,-4.666,0.1
363526,-3.229,0.1
363527,-1.594,0.1
363528,-5.156,0.1
363529,-4.968,0.1
363530,-4.334,0.1
363531,-6.21,0.1
363532,-8.188,0.1
363533,-7.744,0.1
363534,-7.275,0.1
363535,-9.025,0.1
363536,-6.276,0.1
363537,-8.713,0.1
363538,-8.138,0.1
363539,-1.929,0.1
363540,-1.668,0.1
363541,-1.491,0.1
363542,-5.207,0.1
363543,-0.683,0.1
363544,-0.539,0.1
363545,0.198,0.1
363546,-3.985,0.1
363547,-4.408,0.1
363548,-5.671,0.1
363549,-6.135,0.1
363550,-7.013,0.1
363551,-6.333,0.1
363552,-6.808,0.1
363553,-6.494,0.1
363554,-6.309,0.1
363555,-6.197,0.1
363556,-6.49,0.1
363557,-5.936,0.1
363558,-6.005,0.1
363559,-6.722,0.1
363560,-8.013,0.1
363561,-7.545,0.1
363562,-6.254,0.1
363563,-7.114,0.1
363564,-7.047,0.1
363565,-8.077,0.1
363566,-7.557,0.1
363567,-7.086,0.1
363568,-7.298,0.1
363569,-7.763,0.1
363570,-6.987,0.1
363571,-7.601,0.1
363572,-8.528,0.1
363573,-7.001,0.1
363574,-8.015,0.1
363575,-7.193,0.1
363576,-8.39,0.1
363577,-7.92,0.1
363578,-7.847,0.1
363579,-8.533,0.1
363580,-8.595,0.1
363581,-8.067,0.1
363582,-8.268,0.1
363583,-8.065,0.1
363584,-8.283,0.1
363585,-8.124,0.1
363586,-8.153,0.1
363587,-8.35,0.1
363588,-7.88,0.1
363589,-7.972,0.1
363590,-6.988,0.1
363591,-5.903,0.1
363592,-7.588,0.1
363593,-7.742,0.1
363594,-6.964,0.1
363595,-7.053,0.1
363596,-5.623,0.1
363597,-3.261,0.1
363598,-2.078,0.1
363599,-1.508,0.1
363601,-1.874,0.1
363602,-3.022,0.1
363603,-3.674,0.1
363604,-5.345,0.1
363605,-2.156,0.1
363606,-5.383,0.1
363607,-7.626,0.1
363608,-8.718,0.1
363609,-10.127,0.1
363610,-10.597,0.1
363611,-11.018,0.1
363612,-10.61,0.1
363613,-11.039,0.1
363614,-10.7,0.1
363615,-10.257,0.1
363616,-10.068,0.1
363617,-10.609,0.1
363618,-10.744,0.1
363619,-10.741,0.1
363620,-10.949,0.1
363621,-11.208,0.1
363622,-11.143,0.1
363623,-11.071,0.1
363624,-10.752,0.1
363625,-10.449,0.1
363626,-10.388,0.1
363627,-9.95,0.1
363628,-10.259,0.1
363629,-9.98,0.1
363630,-9.972,0.1
363631,-10.278,0.1
363632,-7.801,0.1
363633,-7.068,0.1
363634,-7.26,0.1
363635,-7.984,0.1
363636,-8.352,0.1
363637,-8.245,0.1
363638,-8.524,0.1
363639,-8.732,0.1
363640,-9.127,0.1
363641,-9.843,0.1
363642,-9.651,0.1
363643,-8.777,0.1
363644,-9.129,0.1
363645,-8.792,0.1
363646,-9.401,0.1
363647,-10.14,0.1
363648,-10.149,0.1
363649,-11.006,0.1
363650,-11.105,0.1
363651,-11.273,0.1
363652,-11.093,0.1
363653,-11.193,0.1
363654,-11.089,0.1
363655,-11.314,0.1
363656,-11.16,0.1
363657,-11.391,0.1
363658,-11.272,0.1
363659,-11.223,0.1
363660,-11.198,0.1
363661,-11.07,0.1
363662,-11.355,0.1
363663,-11.275,0.1
363664,-11.367,0.1
363665,-11.361,0.1
363666,-11.291,0.1
363667,-11.409,0.1
363668,-11.648,0.1
363669,-11.517,0.1
363670,-11.489,0.1
363671,-11.445,0.1
363672,-11.273,0.1
363673,-10.633,0.1
363674,-9.704,0.1
363675,-9.733,0.1
363676,-9.642,0.1
363677,-9.438,0.1
363678,-9.468,0.1
363679,-9.336,0.1
363680,-8.919,0.1
363681,-9.479,0.1
363682,-9.202,0.1
363683,-9.21,0.1
363684,-8.983,0.1
363685,-9.273,0.1
363686,-9.044,0.1
363687,-9.212,0.1
363688,-9.123,0.1
363689,-9.323,0.1
363690,-8.547,0.1
363691,-8.54,0.1
363692,-8.137,0.1
363693,-7.649,0.1
363694,-7.54,0.1
363695,-7.763,0.1
363696,-8.103,0.1
363697,-7.276,0.1
363698,-7.422,0.1
363699,-7.8,0.1
363700,-7.432,0.1
363701,-7.162,0.1
363702,-6.975,0.1
363703,-6.905,0.1
363704,-6.852,0.1
363705,-7.225,0.1
363706,-7.05,0.1
363707,-6.766,0.1
363708,-6.563,0.1
363709,-6.176,0.1
363710,-6.663,0.1
363711,-7.546,0.1
363712,-7.605,0.1
363713,-7.396,0.1
363714,-7.725,0.1
363715,-7.75,0.1
363716,-7.613,0.1
363717,-7.666,0.1
363718,-8.2,0.1
363719,-8.115,0.1
363720,-9.111,0.1
363721,-9.009,0.1
363722,-9.468,0.1
363723,-9.363,0.1
363724,-9.786,0.1
363725,-9.628,0.1
363726,-9.276,0.1
363727,-9.396,0.1
363728,-9.088,0.1
363729,-9.725,0.1
363730,-9.325,0.1
363731,-9.666,0.1
363732,-9.431,0.1
363733,-6.849,0.1
363734,-6.855,0.1
363735,-6.649,0.1
363736,-8.265,0.1
363737,-9.967,0.1
363738,-9.005,0.1
363739,-9.573,0.1
363740,-9.203,0.1
363741,-9.39,0.1
363742,-9.192,0.1
363743,-9.026,0.1
363744,-9.206,0.1
363745,-9.488,0.1
363746,-8.829,0.1
363747,-9.124,0.1
363748,-9.283,0.1
363749,-9.529,0.1
363750,-9.424,0.1
363751,-9.233,0.1
363752,-8.937,0.1
363753,-9.326,0.1
363754,-9.123,0.1
363755,-9.443,0.1
363756,-9.508,0.1
363758,-9.407,0.1
363759,-9.587,0.1
363760,-10.106,0.1
363761,-9.613,0.1
363762,-11.408,0.1
363763,-9.596,0.1
363764,-9.784,0.1
363765,-8.872,0.1
363766,-9.717,0.1
363767,-9.453,0.1
363768,-9.725,0.1
363769,-9.308,0.1
363770,-8.547,0.1
363771,-8.529,0.1
363772,-8.315,0.1
363773,-8.882,0.1
363774,-8.577,0.1
363775,-8.043,0.1
363776,-8.105,0.1
363777,-8.285,0.1
363778,-8.118,0.1
363779,-7.032,0.1
363780,-7.265,0.1
363781,-7.371,0.1
363782,-6.64,0.1
363783,-6.844,0.1
363784,-6.897,0.1
363785,-7.005,0.1
363786,-6.473,0.1
363787,-7.604,0.1
363788,-7.722,0.1
363789,-8.102,0.1
363790,-8.735,0.1
363791,-8.18,0.1
363792,-8.199,0.1
363793,-8.02,0.1
363794,-8.081,0.1
363795,-8.439,0.1
363796,-8.535,0.1
363797,-8.445,0.1
363798,-7.968,0.1
363799,-8.672,0.1
363800,-8.751,0.1
363801,-9.34,0.1
363802,-8.959,0.1
363803,-8.545,0.1
363804,-8.407,0.1
363805,-8.107,0.1
363806,-9.401,0.1
363807,-9.361,0.1
363808,-8.824,0.1
363809,-9.579,0.1
363810,-8.964,0.1
363811,-9.802,0.1
363812,-8.758,0.1
363813,-9.583,0.1
363814,-9.515,0.1
363815,-9.512,0.1
363816,-9.368,0.1
363817,-9.432,0.1
363818,-9.542,0.1
363819,-9.532,0.1
363820,-9.305,0.1
363821,-9.592,0.1
363822,-9.881,0.1
363823,-9.728,0.1
363824,-9.772,0.1
363825,-9.569,0.1
363826,-9.721,0.1
363827,-9.575,0.1
363828,-9.785,0.1
363829,-9.444,0.1
363830,-9.506,0.1
363831,-9.603,0.1
363832,-9.597,0.1
363833,-9.726,0.1
363834,-9.808,0.1
363835,-9.946,0.1
363836,-9.709,0.1
363837,-10.041,0.1
363838,-9.792,0.1
363839,-9.548,0.1
363840,-9.895,0.1
363841,-10.017,0.1
363842,-9.857,0.1
363843,-10.047,0.1
363844,-10.1,0.1
363845,-10.177,0.1
363846,-9.793,0.1
363847,-10.216,0.1
363848,-10.286,0.1
363849,-11.087,0.1
363850,-11.091,0.1
363851,-10.799,0.1
363852,-10.873,0.1
363853,-9.399,0.1
363854,-9.789,0.1
363855,-9.664,0.1
363856,-9.722,0.1
363857,-9.575,0.1
363858,-9.725,0.1
363859,-9.772,0.1
363860,-9.211,0.1
363861,-9.757,0.1
363862,-9.414,0.1
363863,-10.047,0.1
363864,-9.919,0.1
363865,-10.055,0.1
363866,-10.118,0.1
363867,-10.098,0.1
363868,-10.137,0.1
363869,-9.952,0.1
363870,-10.223,0.1
363871,-9.809,0.1
363872,-10.23,0.1
363873,-10.113,0.1
363874,-9.801,0.1
363875,-9.142,0.1
363876,-9.025,0.1
363877,-9.093,0.1
363878,-8.981,0.1
363879,-9.284,0.1
363880,-9.397,0.1
363881,-9.384,0.1
363882,-9.138,0.1
363883,-9.534,0.1
363884,-9.165,0.1
363885,-9.308,0.1
363886,-9.31,0.1
363887,-9.066,0.1
363888,-9.405,0.1
363889,-9.696,0.1
363890,-9.232,0.1
363891,-9.171,0.1
363892,-8.936,0.1
363893,-9.22,0.1
363894,-9.342,0.1
363895,-10.026,0.1
363896,-9.228,0.1
363897,-9.273,0.1
363898,-9.622,0.1
363899,-10.445,0.1
363900,-9.849,0.1
363901,-9.565,0.1
363902,-9.242,0.1
363903,-9.509,0.1
363904,-9.432,0.1
363905,-9.488,0.1
363906,-9.812,0.1
363907,-10.019,0.1
363908,-10.075,0.1
363909,-9.999,0.1
363910,-9.663,0.1
363911,-9.911,0.1
363912,-10.194,0.1
363913,-10.514,0.1
363914,-10.099,0.1
363915,-9.926,0.1
363916,-8.42,0.1
363917,-10.356,0.1
363918,-10.174,0.1
363919,-10.283,0.1
363920,-10.758,0.1
363921,-10.891,0.1
363922,-10.109,0.1
363923,-10.358,0.1
363924,-10.866,0.1
363925,-11.053,0.1
363926,-10.809,0.1
363927,-10.217,0.1
363928,-10.441,0.1
363929,-10.578,0.1
363930,-10.936,0.1
363931,-10.492,0.1
363932,-10.786,0.1
363933,-11.154,0.1
363934,-10.788,0.1
363935,-11.13,0.1
363936,-11.356,0.1
363937,-11.052,0.1
363938,-10.565,0.1
363939,-10.837,0.1
363940,-10.474,0.1
363941,-10.465,0.1
363942,-10.966,0.1
363943,-10.453,0.1
363944,-9.657,0.1
363945,-10.39,0.1
363946,-10.691,0.1
363947,-10.587,0.1
363948,-8.971,0.1
363949,-8.873,0.1
363950,-7.088,0.1
363951,-6.792,0.1
363952,-7.272,0.1
363953,-7.205,0.1
363954,-6.664,0.1
363955,-7.784,0.1
363956,-6.784,0.1
363957,-7.253,0.1
363958,-6.296,0.1
363959,-6.843,0.1
363960,-7.405,0.1
363961,-7.036,0.1
363962,-7.763,0.1
363963,-6.934,0.1
363964,-7.122,0.1
363965,-6.856,0.1
363966,-6.599,0.1
363967,-7.089,0.1
363968,-6.298,0.1
363969,-7.194,0.1
363970,-6.531,0.1
363971,-6.287,0.1
363972,-5.888,0.1
363973,-6.272,0.1
363974,-6.911,0.1
363975,-6.638,0.1
363976,-6.628,0.1
363977,-6.336,0.1
363978,-6.166,0.1
363979,-7.165,0.1
363980,-6.546,0.1
363981,-6.129,0.1
363982,-6.419,0.1
363983,-6.854,0.1
363984,-5.916,0.1
363985,-5.56,0.1
363986,-4.391,0.1
372626,-5.36,0.1
372627,-5.34,0.1
372628,-5.51,0.1
372629,-5.37,0.1
372630,-5.55,0.1
372631,-5.38,0.1
372632,-5.32,0.1
372633,-5.4,0.1
372634,-5.5,0.1
372635,-5.33,0.1
372636,-5.47,0.1
372637,-5.4,0.1
372638,-5.41,0.1
372639,-5.26,0.1
372640,-5.33,0.1
372641,-5.44,0.1
372642,-5.45,0.1
372643,-5.32,0.1
372644,-5.54,0.1
372645,-5.27,0.1
372646,-5.37,0.1
372647,-5.02,0.1
372648,-5.13,0.1
372649,-5.1,0.1
372650,-5.14,0.1
372651,-5.18,0.1
372652,-5.33,0.1
372653,-5.23,0.1
372654,-5.44,0.1
372655,-5.24,0.1
372656,-5.44,0.1
372657,-5.26,0.1
372658,-5.35,0.1
372659,-5.28,0.1
372660,-5.35,0.1
372661,-5.23,0.1
372662,-5.17,0.1
372663,-5.18,0.1
372664,-5.4,0.1
372665,-5.26,0.1
372666,-5.39,0.1
372667,-5.22,0.1
372668,-5.33,0.1
372669,-5.24,0.1
372670,-5.31,0.1
372671,-5.18,0.1
372672,-5.31,0.1
372673,-5.03,0.1
372674,-5.18,0.1
372675,-5.03,0.1
372676,-5.02,0.1
372677,-5.04,0.1
372678,-5.05,0.1
372679,-4.91,0.1
372680,-5.03,0.1
372681,-5.07,0.1
372682,-5.08,0.1
372683,-5.08,0.1
372684,-5.23,0.1
372685,-5.21,0.1
372686,-5.31,0.1
372687,-5.11,0.1
372688,-5.25,0.1
372689,-5.25,0.1
372690,-5.22,0.1
372691,-5.15,0.1
372692,-5.31,0.1
372693,-5.32,0.1
372694,-5.41,0.1
372695,-5.4,0.1
372696,-5.54,0.1
372697,-5.47,0.1
372698,-5.5,0.1
372699,-5.39,0.1
372700,-5.64,0.1
372701,-5.66,0.1
372702,-5.56,0.1
372703,-5.38,0.1
372704,-5.36,0.1
372705,-5.41,0.1
372706,-5.49,0.1
372707,-5.46,0.1
372708,-5.45,0.1
372709,-5.45,0.1
372710,-5.42,0.1
372711,-5.41,0.1
372712,-5.38,0.1
372713,-5.33,0.1
372714,-5.21,0.1
372715,-5.09,0.1
372716,-5.11,0.1
372717,-5.02,0.1
372718,-4.98,0.1
372719,-4.93,0.1
372720,-4.97,0.1
372721,-5.03,0.1
372722,-5.08,0.1
372723,-5.13,0.1
372724,-5.21,0.1
372725,-5.25,0.1
372726,-5.38,0.1
372727,-5.41,0.1
372728,-5.56,0.1
372729,-5.51,0.1
372730,-5.54,0.1
372731,-5.46,0.1
372732,-5.54,0.1
372733,-5.46,0.1
372734,-5.36,0.1
372735,-5.32,0.1
372736,-5.37,0.1
372737,-5.38,0.1
372738,-5.55,0.1
372739,-5.36,0.1
372740,-5.41,0.1
372741,-5.3,0.1
372742,-5.3,0.1
372743,-5.22,0.1
372744,-5.19,0.1
372745,-5.08,0.1
372746,-4.98,0.1
372747,-4.9,0.1
372748,-5,0.1
372749,-5.07,0.1
372750,-5.29,0.1
372751,-5.34,0.1
372752,-5.5,0.1
372753,-5.42,0.1
372754,-5.34,0.1
372755,-5.15,0.1
372756,-5.16,0.1
372757,-5.18,0.1
372758,-5.29,0.1
372759,-5.26,0.1
372760,-5.26,0.1
372761,-5.25,0.1
372762,-5.12,0.1
372763,-4.87,0.1
372764,-4.91,0.1
372765,-4.97,0.1
372766,-4.96,0.1
372767,-5.08,0.1
372768,-5.05,0.1
372769,-5.24,0.1
372770,-5.31,0.1
372771,-5.5,0.1
372772,-5.45,0.1
372773,-5.4,0.1
372774,-5.1,0.1
372775,-4.65,0.1
372776,-4.51,0.1
372777,-4.66,0.1
372778,-5.07,0.1
372779,-5.2,0.1
372780,-5.24,0.1
372781,-5.28,0.1
372782,-5.23,0.1
372783,-5.13,0.1
372785,-5.35,0.1
372786,-5.03,0.1
372787,-4.91,0.1
372788,-4.85,0.1
372789,-4.82,0.1
372790,-4.83,0.1
372791,-4.76,0.1
372792,-4.71,0.1
372793,-4.75,0.1
372794,-4.89,0.1
372795,-4.99,0.1
372796,-4.86,0.1
372797,-4.91,0.1
372798,-4.95,0.1
372799,-4.85,0.1
372800,-4.98,0.1
372801,-4.86,0.1
372802,-5.05,0.1
372803,-5.09,0.1
372804,-5.01,0.1
372805,-4.92,0.1
372806,-5.26,0.1
372807,-5.17,0.1
372808,-5.23,0.1
372809,-5.42,0.1
372810,-5.45,0.1
372811,-5.52,0.1
372812,-5.61,0.1
372813,-5.64,0.1
372814,-5.58,0.1
372815,-5.56,0.1
372816,-5.51,0.1
372817,-5.42,0.1
372818,-5.41,0.1
372819,-5.36,0.1
372820,-5.25,0.1
372821,-5.1,0.1
372822,-5.14,0.1
372823,-5.13,0.1
372824,-5.29,0.1
372825,-5.33,0.1
372826,-5.45,0.1
372827,-5.51,0.1
372828,-5.56,0.1
372829,-5.49,0.1
372830,-5.4,0.1
372831,-5.36,0.1
372832,-5.17,0.1
372833,-5.24,0.1
372835,-5.3,0.1
372836,-5.41,0.1
372837,-5.44,0.1
372838,-5.52,0.1
372839,-5.58,0.1
372840,-5.45,0.1
372841,-5.36,0.1
372842,-5.32,0.1
372843,-5.26,0.1
372844,-5.21,0.1
372845,-5.19,0.1
372846,-5.2,0.1
372847,-5.25,0.1
372848,-5.28,0.1
372849,-5.38,0.1
372850,-5.43,0.1
372851,-5.38,0.1
372852,-5.28,0.1
372853,-5.37,0.1
372854,-5.43,0.1
372855,-5.45,0.1
372856,-5.5,0.1
372857,-5.57,0.1
372858,-5.43,0.1
372859,-5.04,0.1
372860,-4.91,0.1
372861,-4.93,0.1
372862,-5.05,0.1
372863,-5.05,0.1
372864,-5.14,0.1
372865,-5.12,0.1
372866,-4.93,0.1
372867,-4.88,0.1
372868,-4.88,0.1
372869,-5.07,0.1
372870,-5.04,0.1
372871,-5.04,0.1
372872,-5.04,0.1
372873,-5.11,0.1
372874,-5.18,0.1
372875,-5.45,0.1
372876,-5.36,0.1
372877,-5.24,0.1
372878,-5.18,0.1
372879,-5.29,0.1
372880,-5.32,0.1
372881,-5.31,0.1
372882,-5.32,0.1
372883,-5.49,0.1
372884,-5.46,0.1
372885,-5.48,0.1
372886,-5.46,0.1
372887,-5.35,0.1
372888,-5.3,0.1
372889,-5.29,0.1
372890,-5.35,0.1
372891,-5.34,0.1
372892,-5.38,0.1
372893,-5.27,0.1
372894,-5.23,0.1
372895,-4.92,0.1
372896,-4.91,0.1
372897,-4.9,0.1
372898,-5.01,0.1
372899,-4.97,0.1
372900,-5.04,0.1
372901,-4.84,0.1
372902,-4.92,0.1
372903,-4.98,0.1
372904,-5.11,0.1
372905,-5.1,0.1
372906,-5,0.1
372907,-5.05,0.1
372908,-5.04,0.1
372909,-5.13,0.1
372910,-5.16,0.1
372911,-5.14,0.1
372912,-5.13,0.1
372913,-5.18,0.1
372914,-5,0.1
372915,-5.18,0.1
372916,-5.16,0.1
372917,-5.07,0.1
372918,-4.98,0.1
372919,-4.94,0.1
372920,-4.99,0.1
372921,-4.99,0.1
372922,-5.02,0.1
372923,-5.07,0.1
372924,-5.12,0.1
372925,-5.25,0.1
372926,-5.24,0.1
372927,-5.19,0.1
372928,-5,0.1
372929,-4.94,0.1
372930,-5.11,0.1
372931,-4.96,0.1
372932,-5.15,0.1
372933,-5.33,0.1
372934,-5.37,0.1
372935,-5.43,0.1
372936,-5.37,0.1
372937,-5.3,0.1
372938,-5.36,0.1
372939,-5.35,0.1
372940,-5.32,0.1
372941,-5.27,0.1
372942,-5.3,0.1
372943,-5.01,0.1
372944,-4.97,0.1
372945,-4.95,0.1
372946,-4.89,0.1
372947,-4.8,0.1
372948,-4.68,0.1
372949,-4.88,0.1
372950,-4.96,0.1
372951,-5.14,0.1
372952,-5.19,0.1
372953,-5.2,0.1
372954,-5.25,0.1
372955,-5.16,0.1
372956,-5.05,0.1
372957,-5.32,0.1
372958,-5.22,0.1
372959,-5.55,0.1
372960,-5.28,0.1
372961,-5.57,0.1
372962,-5.09,0.1
372963,-5.08,0.1
372964,-4.91,0.1
372965,-4.87,0.1
372966,-4.73,0.1
372967,-4.93,0.1
372968,-4.7,0.1
372969,-5.04,0.1
372970,-4.86,0.1
372971,-5.58,0.1
372972,-5.22,0.1
372973,-5.6,0.1
372974,-5.27,0.1
372975,-5.47,0.1
372976,-5.28,0.1
372977,-5.12,0.1
372978,-4.96,0.1
372979,-4.83,0.1
372980,-4.88,0.1
372981,-5.06,0.1
372982,-5.22,0.1
372983,-5.24,0.1
372984,-5.19,0.1
372985,-5.1,0.1
372986,-5.13,0.1
372987,-5.23,0.1
372988,-5.25,0.1
372989,-5.28,0.1
372990,-5.39,0.1
372991,-5.32,0.1
372992,-5.32,0.1
372993,-5.34,0.1
372994,-5.29,0.1
372995,-5.42,0.1
372996,-5.46,0.1
372997,-5.55,0.1
372998,-5.2,0.1
372999,-5.58,0.1
373000,-5.52,0.1
373001,-5.6,0.1
373002,-5.46,0.1
373003,-5.45,0.1
373004,-5.46,0.1
373005,-5.67,0.1
373006,-5.39,0.1
373007,-5.38,0.1
373008,-5.32,0.1
373009,-5.38,0.1
373010,-5.6,0.1
373011,-5.26,0.1
373012,-5.18,0.1
373013,-5.25,0.1
373014,-5.01,0.1
373015,-5.3,0.1
373016,-5.22,0.1
373017,-5.25,0.1
373018,-5.17,0.1
373019,-5.26,0.1
373020,-5.11,0.1
373021,-5.29,0.1
373022,-5.27,0.1
373023,-5.29,0.1
373024,-5.21,0.1
373025,-5.17,0.1
373026,-5.27,0.1
373027,-5.01,0.1
373028,-5.49,0.1
373029,-5.51,0.1
373030,-5.38,0.1
373031,-5.04,0.1
373032,-4.61,0.1
373033,-5.14,0.1
373034,-5.28,0.1
373035,-5.16,0.1
373036,-5.26,0.1
373037,-5.3,0.1
373038,-5.64,0.1
373039,-5.07,0.1
373040,-5.62,0.1
373041,-5.4,0.1
373042,-5.21,0.1
373043,-5.38,0.1
373044,-5.18,0.1
373045,-5.39,0.1
373046,-5.48,0.1
373047,-5.17,0.1
373048,-4.84,0.1
373049,-5.21,0.1
373050,-4.99,0.1
373051,-5.49,0.1
373052,-5.13,0.1
373053,-5.28,0.1
373054,-5.04,0.1
373055,-5.44,0.1
373056,-5.1,0.1
373057,-5.42,0.1
373058,-5.13,0.1
373059,-4.87,0.1
373060,-4.91,0.1
373061,-5.16,0.1
373062,-4.76,0.1
373063,-5.02,0.1
373064,-5.27,0.1
373065,-5.64,0.1
373066,-5.13,0.1
373067,-5.18,0.1
373068,-4.96,0.1
373069,-5.11,0.1
373070,-5.27,0.1
373071,-5.26,0.1
373072,-5.23,0.1
373073,-5.21,0.1
373074,-5.13,0.1
373075,-5.21,0.1
373076,-5,0.1
373077,-5.2,0.1
373078,-5.09,0.1
373079,-5.42,0.1
373080,-5.38,0.1
373081,-5.62,0.1
373082,-5.58,0.1
373083,-5.72,0.1
373084,-5.69,0.1
373085,-5.76,0.1
373086,-5.72,0.1
373087,-5.8,0.1
373088,-5.61,0.1
373089,-5.76,0.1
373090,-5.41,0.1
373091,-5.58,0.1
373092,-5.49,0.1
373093,-5.44,0.1
373094,-5.57,0.1
373095,-5.26,0.1
373096,-5.34,0.1
373097,-5.11,0.1
373098,-5.4,0.1
373099,-5.22,0.1
373100,-5.39,0.1
373101,-5.82,0.1
373102,-5.6,0.1
373103,-5.35,0.1
373104,-5.53,0.1
373105,-5.24,0.1
373106,-5.52,0.1
373107,-5.59,0.1
373108,-5.51,0.1
373109,-5.61,0.1
373110,-5.56,0.1
373111,-5.4,0.1
373112,-5.62,0.1
373113,-5.47,0.1
373114,-5.68,0.1
373115,-5.98,0.1
373116,-5.3,0.1
373117,-5.36,0.1
373118,-5.74,0.1
373119,-5.35,0.1
373120,-5.54,0.1
373121,-5.54,0.1
373122,-5.63,0.1
373123,-5.36,0.1
373124,-5.17,0.1
373125,-5,0.1
373126,-5.16,0.1
373127,-5.37,0.1
373128,-5.48,0.1
373129,-5.37,0.1
373130,-5.54,0.1
373131,-5.5,0.1
373132,-5.47,0.1
373133,-5.05,0.1
373134,-5.41,0.1
373135,-5.3,0.1
373136,-5.5,0.1
373137,-5.35,0.1
373138,-5.43,0.1
373139,-5.15,0.1
373140,-5.28,0.1
373141,-5.09,0.1
373142,-5.14,0.1
373143,-5.2,0.1
373144,-5.28,0.1
373145,-5.21,0.1
373146,-5.01,0.1
373147,-5.01,0.1
373148,-5.09,0.1
373149,-4.92,0.1
373150,-4.99,0.1
373151,-5.12,0.1
373152,-4.96,0.1
373153,-4.67,0.1
373154,-5,0.1
373155,-4.93,0.1
373156,-4.9,0.1
373157,-4.71,0.1
373158,-5.34,0.1
373159,-5.37,0.1
373160,-5.29,0.1
373161,-5.1,0.1
373162,-5.1,0.1
373163,-5.28,0.1
373164,-5.4,0.1
373165,-5.5,0.1
373166,-5.24,0.1
373167,-5.37,0.1
373168,-5.47,0.1
373169,-5.55,0.1
373170,-5.44,0.1
373171,-5.33,0.1
373172,-4.56,0.1
373173,-5.22,0.1
373174,-5,0.1
373175,-5.12,0.1
373176,-4.76,0.1
373177,-5.24,0.1
373178,-4.92,0.1
373179,-5.17,0.1
373180,-4.92,0.1
373181,-5.01,0.1
373182,-5.25,0.1
373183,-5.25,0.1
373184,-5.14,0.1
373185,-5.25,0.1
373186,-5.37,0.1
373187,-5.03,0.1
373188,-5.12,0.1
373189,-4.85,0.1
373190,-5.37,0.1
373191,-5.23,0.1
373192,-5.42,0.1
373193,-5.46,0.1
373194,-5.41,0.1
373195,-5.33,0.1
373196,-5.43,0.1
373197,-5.34,0.1
373198,-5.47,0.1
373199,-5.46,0.1
373200,-5.55,0.1
373201,-5.16,0.1
373202,-5.39,0.1
373203,-5.44,0.1
373204,-5.43,0.1
373205,-5.47,0.1
373206,-5.43,0.1
373207,-5.17,0.1
373208,-5.37,0.1
373209,-5.38,0.1
373210,-5.16,0.1
373211,-5.09,0.1
373212,-5.27,0.1
373213,-4.9,0.1
373214,-4.99,0.1
373215,-4.94,0.1
373216,-5.19,0.1
373217,-5.25,0.1
373218,-5.03,0.1
373219,-5.31,0.1
373220,-5.14,0.1
373221,-4.96,0.1
373222,-5.03,0.1
373223,-5.03,0.1
373224,-5.02,0.1
373225,-5.16,0.1
373226,-5.23,0.1
373227,-5.3,0.1
373228,-5.01,0.1
373229,-5.08,0.1
373230,-5.03,0.1
373231,-5.25,0.1
373232,-5.17,0.1
373233,-5.16,0.1
373234,-5.21,0.1
373235,-5.24,0.1
373236,-5.22,0.1
373237,-5.22,0.1
373238,-5.09,0.1
373239,-5.18,0.1
373240,-5.16,0.1
373241,-5.13,0.1
373242,-5.16,0.1
373243,-5.03,0.1
373244,-5.1,0.1
373245,-5.17,0.1
373246,-5.06,0.1
373247,-4.98,0.1
373248,-5.29,0.1
373249,-5.27,0.1
373250,-5.53,0.1
373251,-5.44,0.1
373252,-5.38,0.1
373253,-5.09,0.1
373254,-5.31,0.1
373255,-5.22,0.1
373256,-5.34,0.1
373257,-5.06,0.1
373258,-5.34,0.1
373259,-5.23,0.1
373260,-5.27,0.1
373261,-5.24,0.1
373262,-5.46,0.1
373263,-5.17,0.1
373264,-5.23,0.1
373265,-5.08,0.1
373266,-5.31,0.1
373267,-5.16,0.1
373268,-5.3,0.1
373269,-5.3,0.1
373270,-5.28,0.1
373271,-5.31,0.1
373272,-5.14,0.1
373273,-5.26,0.1
373274,-5.02,0.1
373275,-5.12,0.1
373276,-5.11,0.1
373277,-5.05,0.1
373278,-5.27,0.1
373279,-5.34,0.1
373280,-5.08,0.1
373281,-5.29,0.1
373282,-5.44,0.1
373283,-5.41,0.1
373284,-5.24,0.1
373285,-5.13,0.1
373286,-5.1,0.1
373287,-5.19,0.1
373288,-5.5,0.1
373289,-5.44,0.1
373290,-5.11,0.1
373291,-5.18,0.1
373292,-5.2,0.1
373293,-5.06,0.1
373294,-5.38,0.1
373295,-5.48,0.1
373296,-5.27,0.1
373297,-5.28,0.1
373298,-5.27,0.1
373299,-5.26,0.1
373300,-5.25,0.1
373301,-4.95,0.1
373302,-5.14,0.1
373303,-5.32,0.1
373304,-5.51,0.1
373305,-5.39,0.1
373306,-5.48,0.1
373307,-4.85,0.1
373308,-5.11,0.1
373309,-5.19,0.1
373310,-5.15,0.1
373311,-5.38,0.1
373312,-5.17,0.1
373313,-5.28,0.1
373314,-5.23,0.1
373315,-5.03,0.1
373316,-5.29,0.1
373317,-5.35,0.1
373318,-5.21,0.1
373319,-5.27,0.1
373320,-5.37,0.1
373321,-5.29,0.1
373322,-5.27,0.1
373323,-5.18,0.1
373324,-5.4,0.1
373325,-5.19,0.1
373326,-4.98,0.1
373327,-4.98,0.1
373328,-5.13,0.1
373329,-5.02,0.1
373330,-4.89,0.1
373331,-5.04,0.1
373332,-5.39,0.1
373333,-5.37,0.1
373334,-5.37,0.1
373335,-4.97,0.1
373336,-5.35,0.1
373337,-5.2,0.1
373338,-5.19,0.1
373339,-5.08,0.1
373340,-5.5,0.1
373341,-5.31,0.1
373342,-5.28,0.1
373343,-4.87,0.1
373344,-4.9,0.1
373345,-5.14,0.1
373346,-5.31,0.1
373347,-5.16,0.1
373348,-5.25,0.1
373349,-5.51,0.1
373350,-5.28,0.1
373351,-5.46,0.1
373352,-5.58,0.1
373353,-5.12,0.1
373354,-5.18,0.1
373355,-5.42,0.1
373356,-4.92,0.1
373357,-4.76,0.1
373358,-5.25,0.1
373359,-5.2,0.1
373360,-5.02,0.1
373361,-5.57,0.1
373362,-5.09,0.1
373363,-5.14,0.1
373364,-4.97,0.1
373365,-4.78,0.1
373366,-5.25,0.1
373367,-5.46,0.1
373368,-4.86,0.1
373369,-4.82,0.1
373370,-4.92,0.1
373371,-5.09,0.1
373372,-5.05,0.1
373373,-5.21,0.1
373374,-5.17,0.1
373375,-5.38,0.1
373376,-4.57,0.1
373377,-4.9,0.1
373378,-5.18,0.1
373379,-5.19,0.1
373380,-4.95,0.1
373381,-5.26,0.1
373382,-5.2,0.1
373383,-5.36,0.1
373384,-5.32,0.1
373385,-5.08,0.1
373386,-5.4,0.1
373387,-5.37,0.1
373388,-5.15,0.1
373389,-6.85,0.1
373390,-5.31,0.1
373391,-5.13,0.1
373392,-5.27,0.1
373393,-5.75,0.1
373394,-5.56,0.1
373395,-4.91,0.1
373396,-5.15,0.1
373397,-5.1,0.1
373398,-5.07,0.1
373399,-5.39,0.1
373400,-5.07,0.1
373401,-5.14,0.1
373402,-5.35,0.1
373403,-5.15,0.1
373404,-4.96,0.1
373405,-5.2,0.1
373406,-5.11,0.1
373407,-4.98,0.1
373408,-5.25,0.1
373409,-5.12,0.1
373410,-5.27,0.1
373411,-5.01,0.1
373412,-4.89,0.1
373413,-5.07,0.1
373414,-5.2,0.1
373415,-4.97,0.1
373416,-5.14,0.1
373417,-5.25,0.1
373418,-4.79,0.1
373419,-5.44,0.1
373420,-5.37,0.1
373421,-5.28,0.1
373422,-5.39,0.1
373423,-5.05,0.1
373424,-5.13,0.1
373425,-5,0.1
373426,-5.23,0.1
373427,-4.99,0.1
373428,-5.04,0.1
373429,-5.49,0.1
373430,-5.31,0.1
373431,-5.22,0.1
373432,-5.65,0.1
373433,-5.34,0.1
373434,-5.39,0.1
373435,-5.35,0.1
373436,-5.16,0.1
373437,-5.71,0.1
373438,-6.83,0.1
373439,-5.49,0.1
373440,-5.71,0.1
373441,-5.48,0.1
373442,-5.24,0.1
373443,-5.65,0.1
373444,-5.73,0.1
373445,-5.67,0.1
373446,-5.31,0.1
373447,-5.7,0.1
373448,-5.61,0.1
373449,-5.44,0.1
373450,-5.48,0.1
373451,-5.2,0.1
373452,-5.62,0.1
373453,-5.3,0.1
373454,-5.42,0.1
373455,-5.39,0.1
373456,-5.4,0.1
373457,-5.39,0.1
373458,-5.41,0.1
373459,-5.54,0.1
373460,-5.38,0.1
373461,-5.59,0.1
373462,-5.63,0.1
373463,-5.72,0.1
373464,-5.7,0.1
373465,-5.51,0.1
373466,-5.66,0.1
373467,-5.58,0.1
373468,-5.61,0.1
373469,-5.62,0.1
373470,-5.59,0.1
373471,-5.42,0.1
373472,-5.43,0.1
373473,-5.25,0.1
373474,-5.61,0.1
373475,-5.44,0.1
373476,-5.56,0.1
373477,-5.6,0.1
373478,-5.74,0.1
373479,-5.3,0.1
373480,-5.34,0.1
373481,-5.59,0.1
373482,-5.61,0.1
373483,-5.57,0.1
373484,-5.5,0.1
373485,-5.25,0.1
373486,-5.41,0.1
373487,-5.48,0.1
373488,-5.45,0.1
373489,-5.51,0.1
373490,-5.38,0.1
373491,-5.24,0.1
373492,-5.6,0.1
373493,-5.51,0.1
373494,-5.42,0.1
373495,-5.54,0.1
373496,-5.57,0.1
373497,-5.39,0.1
373498,-5.55,0.1
373499,-5.5,0.1
373500,-5.4,0.1
373501,-5.48,0.1
373502,-5.57,0.1
373503,-4.84,0.1
373504,-4.31,0.1
373505,-4.04,0.1
373506,-3.88,0.1
373507,-4.16,0.1
373508,-4.19,0.1
373509,-4.23,0.1
373510,-4.43,0.1
373511,-4.54,0.1
373512,-4.21,0.1
373513,-3.92,0.1
373514,-4.29,0.1
373515,-4.18,0.1
373516,-4.23,0.1
373517,-4.4,0.1
373518,-4.59,0.1
373519,-4.54,0.1
373520,-4.68,0.1
373521,-4.34,0.1
373522,-5.03,0.1
373523,-4.93,0.1
373524,-4.69,0.1
373525,-4.97,0.1
373526,-5.07,0.1
373527,-4.74,0.1
373528,-4.63,0.1
373529,-4.76,0.1
373530,-4.53,0.1
373531,-4.5,0.1
373532,-4.5,0.1
373533,-4.21,0.1
373534,-4.69,0.1
373535,-4.45,0.1
373536,-4.43,0.1
373537,-4.45,0.1
373538,-4.33,0.1
373539,-4.16,0.1
373540,-4.58,0.1
373541,-4.39,0.1
373542,-4.23,0.1
373543,-3.94,0.1
373544,-4.34,0.1
373545,-4.01,0.1
373546,-4.36,0.1
373547,-4.11,0.1
373548,-4.53,0.1
373549,-4.24,0.1
373550,-4.56,0.1
373551,-4.39,0.1
373552,-4.54,0.1
373553,-4.61,0.1
373554,-4.67,0.1
373555,-4.68,0.1
373556,-4.35,0.1
373557,-4.25,0.1
373558,-4.41,0.1
373559,-4.31,0.1
373560,-4.52,0.1
373561,-4.59,0.1
373562,-4.27,0.1
373563,-4.07,0.1
373564,-4.45,0.1
373565,-4.09,0.1
373566,-4.57,0.1
373567,-4.08,0.1
373568,-4.62,0.1
373569,-4.77,0.1
373570,-4.6,0.1
373571,-4.4,0.1
373572,-4.72,0.1
373573,-4.25,0.1
373574,-4.36,0.1
373575,-4.29,0.1
373576,-4.18,0.1
373577,-4.58,0.1
373578,-4.41,0.1
373579,-4.42,0.1
373580,-4.58,0.1
373581,-4.64,0.1
373582,-4.84,0.1
373583,-4.66,0.1
373584,-4.39,0.1
373585,-4.08,0.1
373586,-4.31,0.1
373587,-4.62,0.1
373588,-4.88,0.1
373589,-4.94,0.1
373590,-4.75,0.1
373591,-4.64,0.1
373592,-4.63,0.1
373593,-4.72,0.1
373594,-4.53,0.1
373595,-4.55,0.1
373596,-4.63,0.1
373597,-4.59,0.1
373598,-4.49,0.1
373599,-4.64,0.1
373600,-4.44,0.1
373601,-4.36,0.1
373603,-4.73,0.1
373604,-4.62,0.1
373605,-5.13,0.1
373606,-4.36,0.1
373607,-4.37,0.1
373608,-4.26,0.1
373609,-4.36,0.1
373610,-4.34,0.1
373611,-4.53,0.1
373612,-4.38,0.1
373613,-4.55,0.1
373614,-4.07,0.1
373615,-4.01,0.1
373616,-4.37,0.1
373617,-4.57,0.1
373618,-4.5,0.1
373619,-4.22,0.1
373620,-4.57,0.1
373621,-4.37,0.1
373622,-4.66,0.1
373623,-4.86,0.1
373624,-5.05,0.1
373625,-4.61,0.1
373626,-4.79,0.1
373627,-4.72,0.1
373628,-4.58,0.1
373629,-4.29,0.1
373630,-4.31,0.1
373631,-4.03,0.1
373632,-4.28,0.1
373633,-4.46,0.1
373634,-4.64,0.1
373635,-4.69,0.1
373636,-4.59,0.1
373637,-4.52,0.1
373638,-4.53,0.1
373639,-4.55,0.1
373640,-4.5,0.1
373641,-4.2,0.1
373642,-4.19,0.1
373643,-4.57,0.1
373644,-4.52,0.1
373645,-4.6,0.1
373646,-4.47,0.1
373647,-4.58,0.1
373648,-4.54,0.1
373649,-4.64,0.1
373650,-4.68,0.1
373651,-4.73,0.1
373652,-4.48,0.1
373653,-4.62,0.1
373654,-4.69,0.1
373655,-4.67,0.1
373656,-4.61,0.1
373657,-4.89,0.1
373658,-4.61,0.1
373659,-4.58,0.1
373660,-4.47,0.1
373661,-4.62,0.1
373662,-4.76,0.1
373663,-4.72,0.1
373664,-4.51,0.1
373665,-4.62,0.1
373666,-4.48,0.1
373667,-4.79,0.1
373668,-4.41,0.1
373669,-4.97,0.1
373670,-4.79,0.1
373671,-5.09,0.1
373672,-4.84,0.1
373673,-4.9,0.1
373674,-4.96,0.1
373675,-4.75,0.1
373676,-4.8,0.1
373677,-4.68,0.1
373678,-4.62,0.1
373679,-4.37,0.1
373680,-4.75,0.1
373681,-4.55,0.1
373682,-4.61,0.1
373683,-4.54,0.1
373684,-4.39,0.1
373685,-4.44,0.1
373686,-5.41,0.1
373687,-6.08,0.1
373688,-5.55,0.1
373689,-6.08,0.1
373690,-5.76,0.1
373691,-6.07,0.1
373692,-6.24,0.1
373693,-5.76,0.1
373694,-6.26,0.1
373695,-6.12,0.1
373696,-6.46,0.1
373697,-6.35,0.1
373698,-6.23,0.1
373699,-6.02,0.1
373700,-6.48,0.1
373701,-6.09,0.1
373702,-6.47,0.1
373703,-6.36,0.1
373704,-6.49,0.1
373705,-6.55,0.1
373706,-6.31,0.1
373707,-6.25,0.1
373708,-6.43,0.1
373709,-6.68,0.1
373710,-6.64,0.1
373711,-6.31,0.1
373712,-6.48,0.1
373713,-6.32,0.1
373714,-6.38,0.1
373715,-6.17,0.1
373716,-6.37,0.1
373717,-6.31,0.1
373718,-6.36,0.1
373719,-6,0.1
373720,-6.26,0.1
373721,-6.43,0.1
373722,-6.26,0.1
373723,-6.06,0.1
373724,-6.29,0.1
373725,-6.18,0.1
373726,-6.23,0.1
373727,-5.95,0.1
373728,-6.65,0.1
373729,-6.72,0.1
373730,-6.37,0.1
373731,-6.57,0.1
373732,-6.56,0.1
373733,-6.6,0.1
373734,-6.17,0.1
373735,-6.62,0.1
373736,-6.55,0.1
373737,-6.67,0.1
373738,-6.39,0.1
373739,-6.59,0.1
373740,-6.52,0.1
373741,-6.44,0.1
373742,-6.24,0.1
373743,-6.49,0.1
373744,-6.5,0.1
373745,-6.22,0.1
373746,-6.25,0.1
373747,-6.18,0.1
373748,-6.37,0.1
373749,-5.87,0.1
373750,-6.1,0.1
373751,-6.71,0.1
373752,-6.02,0.1
373753,-6.25,0.1
373754,-6.28,0.1
373755,-6.69,0.1
373756,-6.38,0.1
373757,-6.27,0.1
373758,-6.31,0.1
373759,-6.21,0.1
373760,-6.25,0.1
373761,-6.28,0.1
373762,-6.02,0.1
373763,-5.94,0.1
373764,-5.93,0.1
373765,-5.87,0.1
373766,-5.78,0.1
373767,-5.74,0.1
373768,-5.89,0.1
373769,-5.88,0.1
373770,-6.21,0.1
373771,-6.2,0.1
373772,-6.39,0.1
373773,-6.44,0.1
373774,-6.4,0.1
373775,-6.31,0.1
373776,-6.02,0.1
373777,-6.12,0.1
373778,-6.14,0.1
373779,-6.08,0.1
373780,-6.06,0.1
373781,-6.13,0.1
373782,-5.88,0.1
373783,-5.86,0.1
373784,-5.83,0.1
373785,-5.8,0.1
373786,-5.65,0.1
373787,-5.64,0.1
373788,-5.67,0.1
373789,-5.86,0.1
373790,-5.61,0.1
373791,-5.85,0.1
373792,-5.83,0.1
373793,-5.69,0.1
373794,-5.63,0.1
373795,-5.99,0.1
373796,-5.96,0.1
373797,-5.92,0.1
373798,-5.97,0.1
373799,-5.91,0.1
373800,-5.83,0.1
373801,-6.04,0.1
373802,-5.96,0.1
373803,-5.68,0.1
373804,-5.72,0.1
373805,-5.53,0.1
373806,-5.83,0.1
373807,-5.79,0.1
373808,-5.51,0.1
373809,-5.67,0.1
373810,-5.56,0.1
373811,-5.69,0.1
373812,-5.76,0.1
373813,-5.82,0.1
373814,-5.82,0.1
373815,-5.7,0.1
373816,-5.7,0.1
373817,-5.53,0.1
373818,-5.88,0.1
373819,-5.84,0.1
373820,-5.54,0.1
373821,-5.71,0.1
373822,-5.84,0.1
373823,-5.85,0.1
373824,-5.91,0.1
373825,-6.11,0.1
373826,-5.95,0.1
373827,-5.89,0.1
373828,-5.84,0.1
373829,-6.1,0.1
373830,-6.09,0.1
373831,-5.86,0.1
373832,-5.97,0.1
373833,-5.79,0.1
373834,-5.96,0.1
373835,-5.58,0.1
373836,-5.78,0.1
373837,-5.91,0.1
373838,-5.97,0.1
373839,-6.1,0.1
373840,-5.82,0.1
373841,-6.22,0.1
373842,-6.24,0.1
373843,-5.95,0.1
373844,-6.24,0.1
373845,-6.26,0.1
373846,-6.41,0.1
373847,-6.35,0.1
373848,-6.37,0.1
373849,-6.12,0.1
373850,-5.97,0.1
373851,-5.96,0.1
373852,-5.88,0.1
373853,-5.9,0.1
373854,-5.41,0.1
373855,-5.69,0.1
373856,-5.46,0.1
373857,-5.52,0.1
373858,-5.75,0.1
373859,-5.72,0.1
373860,-5.89,0.1
373861,-5.6,0.1
373862,-5.63,0.1
373863,-5.72,0.1
373864,-5.88,0.1
373865,-5.93,0.1
373866,-6.09,0.1
373867,-6.12,0.1
373868,-6.16,0.1
373869,-6.13,0.1
373870,-5.92,0.1
373871,-6.23,0.1
373872,-6.02,0.1
373873,-6.04,0.1
373874,-5.86,0.1
373875,-6.06,0.1
373876,-6.16,0.1
373877,-6.08,0.1
373878,-5.77,0.1
373879,-5.51,0.1
373880,-5.65,0.1
373881,-5.48,0.1
373882,-5.17,0.1
373883,-5.1,0.1
373884,-5.4,0.1
373885,-5.49,0.1
373886,-5.6,0.1
373887,-5.6,0.1
373888,-5.48,0.1
373889,-5.54,0.1
373890,-5.22,0.1
373891,-5.41,0.1
373892,-5.63,0.1
373893,-5.58,0.1
373894,-5.38,0.1
373895,-5.53,0.1
373896,-5.45,0.1
373897,-5.28,0.1
373898,-5.36,0.1
373899,-5.36,0.1
373900,-5.42,0.1
373901,-5.26,0.1
373902,-5.38,0.1
373903,-5.3,0.1
373904,-5.22,0.1
373905,-5.16,0.1
373906,-4.89,0.1
373907,-5.03,0.1
373908,-4.99,0.1
373909,-4.95,0.1
373910,-5.14,0.1
373911,-5.18,0.1
373912,-5.17,0.1
373913,-5.16,0.1
373914,-5.25,0.1
373915,-5.15,0.1
373916,-5.21,0.1
373917,-5.24,0.1
373918,-5.33,0.1
373919,-5.32,0.1
373920,-5.3,0.1
373921,-5.08,0.1
373922,-5.26,0.1
373923,-5.34,0.1
373924,-5.28,0.1
373925,-5.59,0.1
373926,-5.74,0.1
373927,-5.84,0.1
373928,-5.97,0.1
373929,-5.73,0.1
373930,-5.95,0.1
373931,-5.83,0.1
373932,-5.79,0.1
373933,-5.73,0.1
373934,-5.71,0.1
373935,-5.65,0.1
373936,-5.58,0.1
373937,-5.28,0.1
373938,-5.33,0.1
373939,-5.75,0.1
373940,-5.83,0.1
373941,-5.96,0.1
373942,-5.89,0.1
373943,-5.94,0.1
373944,-5.61,0.1
373945,-5.69,0.1
373946,-5.78,0.1
373947,-5.81,0.1
373948,-5.81,0.1
373949,-5.86,0.1
373950,-5.87,0.1
373951,-5.72,0.1
373952,-5.93,0.1
373953,-5.98,0.1
373954,-5.77,0.1
373955,-5.96,0.1
373956,-5.95,0.1
373957,-6.04,0.1
373958,-5.75,0.1
373959,-6.06,0.1
373960,-6.06,0.1
373961,-5.92,0.1
373962,-5.48,0.1
373963,-5.74,0.1
373964,-5.74,0.1
373965,-5.74,0.1
373966,-5.75,0.1
373967,-5.53,0.1
373968,-5.36,0.1
373969,-5.52,0.1
373970,-5.66,0.1
373971,-5.71,0.1
373972,-5.58,0.1
373973,-5.68,0.1
373974,-5.58,0.1
373975,-5.75,0.1
376849,-1.83792,0.1
376850,-1.69391,0.1
376851,-1.83516,0.1
376852,-1.93318,0.1
376853,-2.52389,0.1
376854,-2.76234,0.1
376855,-1.99457,0.1
376856,-2.28585,0.1
376857,-2.39172,0.1
376858,-2.17152,0.1
376859,-2.41599,0.1
376860,-2.59967,0.1
376861,-2.44842,0.1
376862,-2.43292,0.1
376863,-2.62088,0.1
376864,-2.71512,0.1
376865,-3.32358,0.1
376866,-2.68728,0.1
376867,-2.8575,0.1
376868,-3.5244,0.1
376869,-3.2626,0.1
376870,-3.10513,0.1
376871,-3.04567,0.1
376872,-2.78702,0.1
376873,-2.50462,0.1
376874,-3.95775,0.1
376875,-3.84995,0.1
376876,-3.45484,0.1
376877,-3.73623,0.1
376878,-4.38274,0.1
376879,-3.62007,0.1
376880,-3.22588,0.1
376881,-2.92705,0.1
376882,-3.21731,0.1
376883,-3.53674,0.1
376884,-3.41293,0.1
376885,-3.45484,0.1
376886,-3.36611,0.1
376887,-3.62751,0.1
376888,-3.36781,0.1
376889,-3.16377,0.1
376890,-3.20191,0.1
376891,-3.7349,0.1
376892,-3.89717,0.1
376893,-3.45209,0.1
376894,-3.45556,0.1
376895,-3.6116,0.1
376896,-3.72868,0.1
376897,-3.28412,0.1
376898,-3.16407,0.1
376899,-2.90411,0.1
376900,-3.01293,0.1
376901,-3.47483,0.1
376902,-3.31033,0.1
376903,-2.8116,0.1
376904,-2.72481,0.1
376905,-3.10553,0.1
376906,-3.04934,0.1
376907,-2.94999,0.1
376908,-2.87074,0.1
376909,-3.073,0.1
376910,-3.0976,0.1
376911,-3.4451,0.1
376912,-3.2781,0.1
376913,-3.50269,0.1
376914,-3.25327,0.1
376915,-3.47265,0.1
376916,-3.56482,0.1
376917,-3.43047,0.1
376918,-3.59849,0.1
376919,-3.75348,0.1
376920,-3.54351,0.1
376921,-3.15826,0.1
376922,-3.14136,0.1
376923,-4.16118,0.1
376924,-4.15676,0.1
376925,-3.71833,0.1
376926,-3.93919,0.1
376927,-3.76085,0.1
376928,-3.8274,0.1
376929,-3.30973,0.1
376930,-3.09069,0.1
376931,-3.42832,0.1
376932,-3.40269,0.1
376933,-3.06336,0.1
376934,-3.60201,0.1
376935,-3.03207,0.1
376936,-2.78718,0.1
376937,-3.19476,0.1
376938,-2.80351,0.1
376939,-3.27197,0.1
376940,-3.80382,0.1
376941,-4.06027,0.1
376942,-4.18317,0.1
376943,-4.24258,0.1
376944,-4.158,0.1
376945,-3.98363,0.1
376946,-4.08544,0.1
376947,-4.01005,0.1
376948,-4.09712,0.1
376949,-3.93511,0.1
376950,-3.88669,0.1
376951,-4.02535,0.1
376952,-3.85654,0.1
376953,-4.42421,0.1
376954,-4.50266,0.1
376955,-4.16775,0.1
376956,-3.96243,0.1
376957,-0.8734,0.1
376958,-3.83284,0.1
376959,-4.03714,0.1
376960,-4.36616,0.1
376961,-4.61559,0.1
376962,-4.72839,0.1
376963,-4.99766,0.1
376964,-4.84857,0.1
376965,-4.80132,0.1
376966,-4.6342,0.1
376967,-4.72066,0.1
376968,-4.53605,0.1
376969,-4.29244,0.1
376970,-4.51794,0.1
376971,-4.21645,0.1
376972,-4.4088,0.1
376973,-4.28298,0.1
376974,-4.75158,0.1
376975,-4.51835,0.1
376976,-4.74558,0.1
376977,-4.92826,0.1
376978,-5.28163,0.1
376979,-4.96203,0.1
376980,-5.14543,0.1
376981,-4.79898,0.1
376982,-4.08473,0.1
376983,-3.60951,0.1
376984,-4.1834,0.1
376985,-3.81061,0.1
376986,-3.38523,0.1
376987,-3.29674,0.1
376988,-4.0829,0.1
376989,-4.59484,0.1
376990,-4.19672,0.1
376991,-3.83512,0.1
376992,-4.45844,0.1
376993,-4.3078,0.1
376994,-4.05605,0.1
376995,-4.14495,0.1
376996,-3.68407,0.1
376997,-2.87411,0.1
376998,-3.50719,0.1
376999,-3.70757,0.1
377000,-4.49231,0.1
377001,-4.76145,0.1
377002,-4.86174,0.1
377003,-4.68089,0.1
377004,-4.85696,0.1
377005,-4.98228,0.1
377006,-5.1734,0.1
377007,-5.53236,0.1
377008,-5.07565,0.1
377009,-4.52659,0.1
377010,-4.563,0.1
377011,-4.059,0.1
377012,-4.4976,0.1
377013,-4.43158,0.1
377014,-5.09762,0.1
377015,-5.30024,0.1
377016,-4.68455,0.1
377017,-4.31766,0.1
377018,-4.93152,0.1
377019,-4.83621,0.1
377020,-5.77088,0.1
377021,-5.59684,0.1
377022,-5.67913,0.1
377023,-5.4577,0.1
377024,-5.96672,0.1
377025,-6.12017,0.1
377026,-6.66314,0.1
377027,-5.86219,0.1
377028,-6.53973,0.1
377029,-6.76188,0.1
377030,-7.23482,0.1
377031,-5.8291,0.1
377032,-6.37663,0.1
377033,-6.01878,0.1
377034,-5.99483,0.1
377035,-6.93776,0.1
377036,-7.08969,0.1
377037,-6.99297,0.1
377038,-7.15282,0.1
377039,-7.24304,0.1
377040,-6.65481,0.1
377041,-7.01317,0.1
377042,-7.09253,0.1
377043,-7.30353,0.1
377044,-7.42176,0.1
377045,-7.34291,0.1
377046,-6.88032,0.1
377047,-7.08685,0.1
377048,-7.33164,0.1
377049,-7.17433,0.1
377050,-7.5811,0.1
377051,-7.52589,0.1
377052,-7.104,0.1
377053,-6.96385,0.1
377054,-7.02342,0.1
377055,-7.04291,0.1
377056,-6.15245,0.1
377057,-6.46107,0.1
377058,-6.41469,0.1
377059,-6.39835,0.1
377060,-5.66784,0.1
377061,-5.17328,0.1
377062,-5.76679,0.1
377063,-3.94943,0.1
377064,-4.59064,0.1
377065,-3.80339,0.1
377066,-4.57206,0.1
377067,-4.67416,0.1
377068,-4.45363,0.1
377069,-5.97575,0.1
377070,-7.3766,0.1
377071,-7.08837,0.1
377072,-6.79974,0.1
377073,-7.13597,0.1
377074,-7.18306,0.1
377075,-7.10684,0.1
377076,-7.24304,0.1
377077,-7.34514,0.1
377078,-7.23604,0.1
377079,-7.4723,0.1
377080,-7.47839,0.1
377081,-7.23979,0.1
377082,-7.21939,0.1
377083,-7.01987,0.1
377084,-7.16866,0.1
377085,-7.35433,0.1
377086,-7.13011,0.1
377087,-6.84133,0.1
377088,-7.08245,0.1
377089,-6.78386,0.1
377090,-6.86157,0.1
377091,-6.74652,0.1
377092,-7.33683,0.1
377093,-6.74409,0.1
377094,-6.85013,0.1
377095,-5.42152,0.1
377096,-5.09935,0.1
377097,-5.352,0.1
377098,-4.72274,0.1
377099,-4.50186,0.1
377100,-5.14377,0.1
377101,-5.37386,0.1
377102,-4.90598,0.1
377103,-4.56246,0.1
377104,-4.41494,0.1
377105,-3.62935,0.1
377106,-3.10218,0.1
377107,-3.75815,0.1
377108,-3.03064,0.1
377109,-1.7969,0.1
377110,-0.46967,0.1
377111,-0.62661,0.1
377112,-0.18201,0.1
377113,-1.51187,0.1
377114,-2.39622,0.1
377115,-2.17523,0.1
377116,-1.71282,0.1
377117,-1.89121,0.1
377118,-2.71768,0.1
377119,-2.74753,0.1
377120,-2.45925,0.1
377121,-1.87026,0.1
377122,-2.4464,0.1
377123,-3.11179,0.1
377124,-2.6342,0.1
377125,-2.68894,0.1
377126,-2.55153,0.1
377127,-2.87249,0.1
377128,-2.21601,0.1
377129,-2.83566,0.1
377130,-2.73488,0.1
377131,-2.86379,0.1
377132,-2.90821,0.1
377133,-2.9246,0.1
377134,-2.65656,0.1
377135,-3.54192,0.1
377136,-3.03317,0.1
377137,-2.76969,0.1
377138,-3.0441,0.1
377139,-3.42506,0.1
377140,-2.46553,0.1
377141,-2.70351,0.1
377142,-2.36495,0.1
377143,-2.08983,0.1
377144,-2.55494,0.1
377145,-2.63806,0.1
377146,-2.54657,0.1
377147,-3.56057,0.1
377148,-2.63235,0.1
377149,-3.99618,0.1
377150,-3.55384,0.1
377151,-3.00564,0.1
377152,-2.78748,0.1
377153,-2.81114,0.1
377154,-3.35455,0.1
377155,-4.52215,0.1
377156,-4.27859,0.1
377157,-3.83646,0.1
377158,-3.46715,0.1
377159,-3.58964,0.1
377160,-3.2904,0.1
377161,-3.76966,0.1
377162,-3.89959,0.1
377163,-4.1663,0.1
377164,-4.19965,0.1
377165,-4.21893,0.1
377166,-3.00747,0.1
377167,-2.99044,0.1
377168,-2.89273,0.1
377169,-2.50261,0.1
377170,-2.48517,0.1
377171,-3.26959,0.1
377172,-3.90357,0.1
377173,-3.70856,0.1
377174,-4.12112,0.1
377175,-4.2788,0.1
377176,-3.87155,0.1
377177,-3.43839,0.1
377178,-3.03022,0.1
377179,-2.63061,0.1
377180,-2.5119,0.1
377181,-2.71598,0.1
377182,-2.80186,0.1
377183,-2.44713,0.1
377184,-2.71537,0.1
377185,-2.97402,0.1
377186,-2.94332,0.1
377187,-2.70078,0.1
377188,-2.48936,0.1
377189,-2.09128,0.1
377190,-3.05112,0.1
377191,-5.62223,0.1
377192,-5.06485,0.1
377193,-5.001,0.1
377194,-4.78049,0.1
377195,-5.35889,0.1
377196,-5.0626,0.1
377197,-5.43049,0.1
377198,-4.88126,0.1
377199,-4.87912,0.1
377200,-4.7191,0.1
377201,-3.75548,0.1
377202,-3.79668,0.1
377203,-5.47567,0.1
377204,-5.24942,0.1
377205,-5.86693,0.1
377206,-5.43834,0.1
377207,-5.62602,0.1
377208,-4.77228,0.1
377209,-5.06686,0.1
377210,-5.5294,0.1
377211,-5.92317,0.1
377212,-6.12088,0.1
377213,-5.61375,0.1
377214,-5.11245,0.1
377215,-4.83423,0.1
377216,-4.70011,0.1
377217,-5.10718,0.1
377218,-5.12113,0.1
377219,-5.49963,0.1
377220,-5.56902,0.1
377221,-5.30708,0.1
377222,-5.19801,0.1
377223,-5.17055,0.1
377224,-5.50864,0.1
377225,-5.32543,0.1
377226,-6.80394,0.1
377227,-1.40602,0.1
377228,-1.76358,0.1
377229,-1.87556,0.1
377230,-1.14543,0.1
377231,-1.34652,0.1
377232,-1.46652,0.1
377233,-0.74177,0.1
377234,-1.00333,0.1
377235,-0.88845,0.1
377236,-0.71385,0.1
377237,-0.73728,0.1
377238,-1.63395,0.1
377239,-1.86559,0.1
377240,-1.83139,0.1
377241,-2.26018,0.1
377242,-1.61488,0.1
377243,-1.69268,0.1
377244,-1.13685,0.1
377245,-0.74112,0.1
377246,-1.24764,0.1
377247,-0.91936,0.1
377248,-1.04262,0.1
377249,-1.64791,0.1
377250,-2.01547,0.1
377251,-1.67054,0.1
377252,-1.51229,0.1
377253,-1.2258,0.1
377254,-1.66386,0.1
377255,-1.73257,0.1
377256,-1.21772,0.1
377257,-0.26182,0.1
377258,-0.33701,0.1
377259,0.60523,0.1
377260,0.15181,0.1
377261,0.19279,0.1
377262,-1.19838,0.1
377263,-1.23128,0.1
377264,-1.39682,0.1
377265,-2.59922,0.1
377266,-3.137,0.1
377267,-2.37126,0.1
377268,-1.48317,0.1
377269,-0.67336,0.1
377270,-0.54014,0.1
377271,-0.65721,0.1
377272,-0.52618,0.1
377273,0.23727,0.1
377274,-0.12481,0.1
377275,-0.52408,0.1
377276,-0.31657,0.1
377277,-1.20376,0.1
377278,-0.44703,0.1
377279,-0.3128,0.1
377280,1.03998,0.1
377281,-0.56778,0.1
377282,-1.03259,0.1
377283,-0.4031,0.1
377284,1.46369,0.1
377285,1.55466,0.1
377286,3.07752,0.1
377287,2.8685,0.1
377288,1.99534,0.1
377289,-1.37261,0.1
377290,-2.42446,0.1
377291,3.22037,0.1
377292,-0.22224,0.1
377293,0.01428,0.1
377294,2.31326,0.1
377295,0.41763,0.1
377296,-0.17372,0.1
377297,-2.79143,0.1
377298,-9.17397,0.1
377299,-1.20914,0.1
377300,-3.39572,0.1
377301,-1.88903,0.1
377302,-3.67428,0.1
377303,-3.16082,0.1
377304,-3.37497,0.1
377305,-1.89779,0.1
377306,-2.09725,0.1
377307,-3.59572,0.1
377308,-3.39532,0.1
377309,-1.29849,0.1
377310,-1.71815,0.1
377311,-3.35974,0.1
377312,-2.64682,0.1
377313,-3.46418,0.1
377314,-2.20439,0.1
377315,-7.78857,0.1
377316,-3.42645,0.1
377317,-3.86889,0.1
377318,-5.0206,0.1
377319,0.19971,0.1
377320,-0.15499,0.1
377321,-0.30054,0.1
377322,-1.53419,0.1
377323,-1.73149,0.1
377324,-0.92397,0.1
377325,-3.61782,0.1
377326,-2.68348,0.1
377327,-1.31317,0.1
377328,-2.27568,0.1
377329,-2.82957,0.1
377330,-0.10351,0.1
377331,-1.59605,0.1
377332,-1.48069,0.1
377333,-0.54002,0.1
377334,-3.30408,0.1
377335,0.39432,0.1
377336,-1.14027,0.1
377337,-1.22261,0.1
377338,-1.1272,0.1
377339,-1.5299,0.1
377340,-1.34846,0.1
377341,-1.4165,0.1
377342,-0.64759,0.1
377343,-0.56392,0.1
377344,-0.37714,0.1
377345,-0.19378,0.1
377346,-0.6115,0.1
377347,0.70486,0.1
377348,1.13316,0.1
377349,0.96613,0.1
377350,0.63047,0.1
377351,-3.87967,0.1
377352,-0.44931,0.1
377353,0.22716,0.1
377354,-0.01416,0.1
377355,0.45598,0.1
377356,-0.46484,0.1
377357,-0.90131,0.1
377358,-0.813,0.1
377359,-0.45909,0.1
377360,-0.03946,0.1
377361,-0.47441,0.1
377362,-0.27957,0.1
377363,-0.21304,0.1
377364,-0.2087,0.1
377365,-0.3219,0.1
377366,-0.40557,0.1
377367,-0.36857,0.1
377368,-0.58076,0.1
377369,0.64367,0.1
377370,0.70859,0.1
377371,1.46106,0.1
377372,1.46661,0.1
377373,1.78786,0.1
377374,2.08008,0.1
377375,1.44867,0.1
377376,1.41288,0.1
377377,1.38748,0.1
377378,1.56983,0.1
377379,1.34212,0.1
377380,2.44579,0.1
377381,2.10962,0.1
377382,1.16007,0.1
377383,1.39474,0.1
377384,0.97974,0.1
377385,1.1008,0.1
377386,1.16945,0.1
377387,0.75344,0.1
377388,0.58168,0.1
377389,0.70798,0.1
377390,0.497,0.1
377391,0.52866,0.1
377392,0.41818,0.1
377393,0.90847,0.1
377394,0.98619,0.1
377395,0.81654,0.1
377396,0.75284,0.1
377397,1.0249,0.1
377398,1.9101,0.1
377399,1.636,0.1
377400,1.1669,0.1
377401,1.7617,0.1
377402,1.11067,0.1
377403,1.3459,0.1
377404,1.13378,0.1
377405,1.253,0.1
377406,0.9799,0.1
377407,0.31744,0.1
377408,0.97411,0.1
377409,1.00544,0.1
377410,1.66733,0.1
377411,1.2771,0.1
377412,1.9661,0.1
377413,1.7266,0.1
377414,1.74475,0.1
377415,1.6835,0.1
377416,1.56756,0.1
377417,1.747,0.1
377418,1.5355,0.1
377419,1.3802,0.1
377420,1.51429,0.1
377421,0.9234,0.1
377422,1.2782,0.1
377423,1.4282,0.1
377424,1.3664,0.1
377425,1.92856,0.1
377426,0.5972,0.1
377427,0.9051,0.1
377428,1.0199,0.1
377429,0.05567,0.1
377430,0.5176,0.1
377431,1.1392,0.1
377432,1.5571,0.1
377433,1.2453,0.1
377434,1.6262,0.1
377435,1.6482,0.1
377436,1.2588,0.1
377437,1.40322,0.1
377438,1.726,0.1
377439,1.50044,0.1
377440,1.257,0.1
377441,1.4553,0.1
377442,1.0652,0.1
377443,0.5739,0.1
377444,0.1222,0.1
377445,0.3777,0.1
377446,0.9216,0.1
377447,0.8707,0.1
377448,0.8092,0.1
377449,0.4253,0.1
377450,0.6303,0.1
377451,1.501,0.1
377452,1.51688,0.1
377453,1.9798,0.1
377454,1.5407,0.1
377455,1.71944,0.1
377456,1.5054,0.1
377457,0.86014,0.1
377458,0.4307,0.1
377459,-0.22,0.1
377460,0.5724,0.1
377461,0.5244,0.1
377462,0.5183,0.1
377463,0.8143,0.1
377464,2.00813,0.1
377465,3.0297,0.1
377466,3.5441,0.1
377467,3.4613,0.1
377468,2.9206,0.1
377469,2.6805,0.1
377470,2.61775,0.1
377471,2.0967,0.1
377472,1.4593,0.1
377473,0.84414,0.1
377474,1.1855,0.1
377475,1.03211,0.1
377476,0.8491,0.1
377477,1.24778,0.1
377478,1.16956,0.1
377479,1.04329,0.1
377480,1.43314,0.1
377481,-0.0898,0.1
377482,0.16825,0.1
377483,0.31525,0.1
377484,0.25756,0.1
377485,0.34989,0.1
377486,0.314,0.1
377487,0.23513,0.1
377488,0.50411,0.1
377489,0.61162,0.1
377490,0.39587,0.1
377491,0.23843,0.1
377492,0.34871,0.1
377493,0.26737,0.1
377494,0.8575,0.1
377495,0.81878,0.1
377496,0.3917,0.1
377497,0.2169,0.1
377498,0.86922,0.1
377499,0.34756,0.1
377500,0.30356,0.1
377501,0.32713,0.1
377502,0.51812,0.1
377503,0.97733,0.1
377504,0.72978,0.1
377505,0.1191,0.1
377506,0.37571,0.1
377507,0.7948,0.1
377508,0.88222,0.1
377509,0.48738,0.1
377510,0.57888,0.1
377511,0.69222,0.1
377512,0.0903,0.1
377513,0.82563,0.1
377514,-0.016,0.1
377515,-0.406,0.1
377516,-0.49778,0.1
377517,-0.55186,0.1
377518,-0.5746,0.1
377519,-0.997,0.1
377520,-0.38717,0.1
377521,-0.54563,0.1
377522,-0.5905,0.1
377523,0.34711,0.1
377524,-0.202,0.1
377525,-0.85211,0.1
377526,-0.89456,0.1
377527,-1.14667,0.1
377528,-1.1275,0.1
377529,-1.4045,0.1
377530,-1.534,0.1
377531,2.14267,0.1
377532,4.7889,0.1
377533,2.37467,0.1
377534,3.29978,0.1
377535,3.1639,0.1
377536,2.8076,0.1
377537,3.52871,0.1
377538,1.0848,0.1
377539,2.79556,0.1
377540,2.72371,0.1
377541,1.9843,0.1
377542,2.20711,0.1
377543,2.29244,0.1
377544,2.692,0.1
377545,3.25413,0.1
377546,2.6891,0.1
377547,2.156,0.1
377548,1.8249,0.1
377549,1.4466,0.1
377550,1.57589,0.1
377551,1.3543,0.1
377552,1.51,0.1
377553,0.8364,0.1
377554,1.522,0.1
377555,1.55262,0.1
377556,1.1443,0.1
377557,1.18838,0.1
377558,0.8785,0.1
377559,1.23788,0.1
377560,1.43929,0.1
377561,1.41544,0.1
377562,1.4116,0.1
377563,1.82256,0.1
377564,1.20422,0.1
377565,0.9983,0.1
377566,1.4581,0.1
377567,0.96413,0.1
377568,0.92856,0.1
377569,0.97337,0.1
377570,0.739,0.1
377571,1.0025,0.1
377572,1.4219,0.1
377573,1.55467,0.1
377574,1.56814,0.1
377575,0.36778,0.1
377576,0.9544,0.1
377577,1.73022,0.1
377578,1.7955,0.1
377579,1.487,0.1
377580,0.6696,0.1
377581,0.67167,0.1
377582,0.78044,0.1
377583,1.2389,0.1
377584,1.1223,0.1
377585,1.2777,0.1
377586,0.4108,0.1
377587,0.8753,0.1
377588,0.7067,0.1
377589,0.387,0.1
377590,0.3775,0.1
377591,0.87356,0.1
377592,0.99467,0.1
377593,1.038,0.1
377594,0.81075,0.1
377595,0.43678,0.1
377596,0.532,0.1
377597,1.03989,0.1
377598,0.5231,0.1
377599,0.9766,0.1
377600,0.9522,0.1
377601,0.9158,0.1
377602,0.4297,0.1
377603,0.743,0.1
377604,0.8977,0.1
377605,1.0991,0.1
377606,0.5717,0.1
377607,1.3824,0.1
377608,1.1818,0.1
377609,1.7851,0.1
377610,2.7069,0.1
377611,1.9005,0.1
377612,2.5525,0.1
377613,1.30089,0.1
377614,1.4834,0.1
377615,1.1517,0.1
377616,1.3123,0.1
377617,0.5164,0.1
377618,0.848,0.1
377619,0.73511,0.1
377620,0.4368,0.1
377621,0.1522,0.1
377622,-0.283,0.1
377623,-0.358,0.1
377624,-0.4227,0.1
377625,-0.0372,0.1
377626,-0.1427,0.1
377627,-0.2216,0.1
377628,-0.1937,0.1
377629,0.16167,0.1
377630,-0.1157,0.1
377631,0.0156,0.1
377632,0.25514,0.1
377633,-0.1781,0.1
377634,-0.70388,0.1
377635,-1.0049,0.1
377636,-0.5126,0.1
377637,-0.494,0.1
377638,-0.162,0.1
377639,0.2189,0.1
377640,-0.8538,0.1
377641,-0.5105,0.1
377642,0.14333,0.1
377643,-0.32057,0.1
377644,-0.4445,0.1
377645,-0.4213,0.1
377646,-0.2728,0.1
377647,0.27489,0.1
377648,-0.17222,0.1
377649,-0.2675,0.1
377650,-0.24722,0.1
377651,-0.7986,0.1
377652,-0.7127,0.1
377653,-0.7449,0.1
377654,-0.6887,0.1
377655,-0.5015,0.1
377656,-0.5023,0.1
377657,-0.7746,0.1
377658,-0.5216,0.1
377660,4.9429,0.1
377661,2.09498,0.1
377662,2.1022,0.1
377663,-0.49025,0.1
377664,-1.15214,0.1
377665,-0.65647,0.1
377666,-0.80147,0.1
377667,1.88375,0.1
377668,1.39198,0.1
377669,1.7432,0.1
377670,2.30086,0.1
377671,-1.55014,0.1
377672,-0.75169,0.1
377673,-0.69236,0.1
377674,1.38875,0.1
377675,1.11342,0.1
377676,1.46364,0.1
377677,-0.90725,0.1
377678,-0.22347,0.1
377679,0.0202,0.1
377680,1.96175,0.1
377681,2.04686,0.1
377682,1.24509,0.1
377683,1.57209,0.1
377684,0.62009,0.1
377685,1.0202,0.1
377686,2.32875,0.1
377687,2.40631,0.1
377688,1.42942,0.1
377689,2.53809,0.1
377690,2.78542,0.1
377691,3.02909,0.1
377692,1.86064,0.1
377693,1.85364,0.1
377694,2.75986,0.1
377695,2.6642,0.1
377696,2.6392,0.1
377697,1.92175,0.1
377698,2.24542,0.1
377699,1.93675,0.1
377700,2.03931,0.1
377701,2.79231,0.1
377702,2.72053,0.1
377703,3.20598,0.1
377704,2.22953,0.1
377705,2.62942,0.1
377706,2.4402,0.1
377707,2.98264,0.1
377708,3.28675,0.1
377709,3.27075,0.1
377710,3.26198,0.1
377711,2.93075,0.1
377712,3.29553,0.1
377713,2.89842,0.1
377714,3.09853,0.1
377715,3.1492,0.1
377716,2.21575,0.1
377717,2.28875,0.1
377718,2.86738,0.1
377719,2.34957,0.1
377720,0.52082,0.1
377721,1.08249,0.1
377722,2.22615,0.1
377723,0.66382,0.1
377724,2.67037,0.1
377725,2.50793,0.1
377726,1.84171,0.1
377727,2.13549,0.1
377728,2.13126,0.1
377729,4.02426,0.1
377730,3.35093,0.1
377731,3.41126,0.1
377732,-2.23151,0.1
377733,2.06249,0.1
377734,1.84826,0.1
377735,3.25704,0.1
377736,3.20704,0.1
377737,3.28271,0.1
377738,3.08415,0.1
377739,1.63993,0.1
377740,1.4856,0.1
377741,1.34338,0.1
377742,2.86882,0.1
377743,3.01849,0.1
377744,3.1806,0.1
377745,2.8406,0.1
377746,2.98104,0.1
377747,3.25671,0.1
377748,3.60271,0.1
377749,4.0686,0.1
377750,2.83715,0.1
377751,2.33971,0.1
377752,2.44915,0.1
377753,-0.76096,0.1
377754,-0.22385,0.1
377755,1.28004,0.1
377756,2.97982,0.1
377757,3.17793,0.1
377758,2.93782,0.1
377759,3.48615,0.1
377760,1.44138,0.1
377761,0.71837,0.1
377762,2.51004,0.1
377763,2.76315,0.1
377764,2.6286,0.1
377765,2.86649,0.1
377766,2.01949,0.1
377767,3.0246,0.1
377768,3.02282,0.1
377769,1.67004,0.1
377770,1.93315,0.1
377771,3.10936,0.1
377772,2.91169,0.1
377773,0.17791,0.1
377774,0.44203,0.1
377775,-2.00843,0.1
377776,0.2418,0.1
377777,2.15526,0.1
377778,2.11039,0.1
377779,0.20003,0.1
377780,-1.26531,0.1
377781,0.75314,0.1
377782,0.89503,0.1
377783,2.30451,0.1
377784,2.35926,0.1
377785,0.20736,0.1
377786,1.1088,0.1
377787,0.08503,0.1
377788,0.90714,0.1
377789,2.65269,0.1
377790,2.49203,0.1
377791,2.46401,0.1
377792,0.14036,0.1
377793,2.68636,0.1
377794,-1.33397,0.1
377795,2.50714,0.1
377796,2.23047,0.1
377797,2.26891,0.1
377798,2.31625,0.1
377799,2.21325,0.1
377800,0.01269,0.1
377801,0.27469,0.1
377802,1.40425,0.1
377803,2.49658,0.1
377804,2.59169,0.1
377805,2.82869,0.1
377806,-0.12175,0.1
377807,0.94969,0.1
377808,3.17014,0.1
396227,0.65,0.1
396228,0.77,0.1
396229,0.82,0.1
396230,0.67,0.1
396231,0.48,0.1
396232,0.61,0.1
396233,0.68,0.1
396234,0.75,0.1
396235,0.87,0.1
396236,0.85,0.1
396237,0.78,0.1
396238,0.62,0.1
396239,0.56,0.1
396240,0.5,0.1
396241,0.48,0.1
396242,0.4,0.1
396243,0.53,0.1
396244,0.52,0.1
396245,0.28,0.1
396246,0.47,0.1
396247,0.6,0.1
396248,0.61,0.1
396249,0.58,0.1
396250,0.54,0.1
396251,0.47,0.1
396252,0.5,0.1
396253,0.48,0.1
396254,0.5,0.1
396255,0.58,0.1
396256,0.47,0.1
396257,0.37,0.1
396258,0.41,0.1
396259,0.51,0.1
396260,0.46,0.1
396261,0.43,0.1
396262,0.34,0.1
396263,0.56,0.1
396264,0.51,0.1
396265,0.38,0.1
396266,0.36,0.1
396267,0.28,0.1
396268,0.35,0.1
396269,0.26,0.1
396270,0.28,0.1
396271,0.19,0.1
396272,0.28,0.1
396273,0.27,0.1
396274,0.13,0.1
396275,0.28,0.1
396276,0.28,0.1
396277,0.23,0.1
396278,0.22,0.1
396279,0.06,0.1
396280,0.19,0.1
396281,0.08,0.1
396282,0.13,0.1
396283,0.24,0.1
396284,0.28,0.1
396285,0.21,0.1
396286,0.45,0.1
396287,0.26,0.1
396288,0.24,0.1
396289,0.25,0.1
396290,0.31,0.1
396291,0.45,0.1
396292,0.34,0.1
396293,0.55,0.1
396294,0.51,0.1
396295,0.37,0.1
396296,0.57,0.1
396297,0.33,0.1
396298,0.37,0.1
396299,0.47,0.1
396300,0.48,0.1
396301,0.46,0.1
396302,0.23,0.1
396303,0.63,0.1
396304,0.62,0.1
396305,0.56,0.1
396306,0.47,0.1
396307,0.34,0.1
396308,0.39,0.1
396309,0.22,0.1
396310,0.46,0.1
396311,0.59,0.1
396312,0.57,0.1
396313,0.65,0.1
396314,0.74,0.1
396315,0.8,0.1
396316,0.84,0.1
396317,0.92,0.1
396318,0.86,0.1
396319,0.85,0.1
396320,0.88,0.1
396321,0.93,0.1
396322,0.92,0.1
396323,0.98,0.1
396324,1.12,0.1
396325,1.04,0.1
396326,1.19,0.1
396327,1.31,0.1
396328,1.37,0.1
396329,1.42,0.1
396330,1.55,0.1
396331,1.54,0.1
396332,1.52,0.1
396333,1.49,0.1
396334,1.42,0.1
396335,1.32,0.1
396336,1.55,0.1
396337,1.5,0.1
396338,1.55,0.1
396339,1.68,0.1
396340,1.76,0.1
396341,1.69,0.1
396342,1.68,0.1
396343,1.74,0.1
396344,1.83,0.1
396345,1.87,0.1
396346,1.8,0.1
396347,1.72,0.1
396348,1.99,0.1
396349,1.55,0.1
396350,1.54,0.1
396351,1.52,0.1
396352,1.66,0.1
396353,1.54,0.1
396354,1.86,0.1
396355,2.2,0.1
396356,2.2,0.1
396357,2.12,0.1
396358,1.87,0.1
396359,1.75,0.1
396360,1.58,0.1
396361,1.37,0.1
396362,1.29,0.1
396363,1.14,0.1
396364,1.26,0.1
396365,1.38,0.1
396366,1.46,0.1
396367,1.64,0.1
396368,1.86,0.1
396369,1.99,0.1
396370,2.12,0.1
396371,2.13,0.1
396372,2.16,0.1
396373,2.18,0.1
396374,2.17,0.1
396375,2.09,0.1
396376,2.27,0.1
396377,2.31,0.1
396378,2.41,0.1
396379,2.55,0.1
396380,2.74,0.1
396381,2.82,0.1
396382,3.12,0.1
396383,3.23,0.1
396384,3.35,0.1
396385,3.35,0.1
396386,3.26,0.1
396387,3.28,0.1
396388,3.27,0.1
396389,3.16,0.1
396390,3.25,0.1
396391,3.09,0.1
396392,2.94,0.1
396393,2.78,0.1
396394,2.77,0.1
396395,2.72,0.1
396396,2.53,0.1
396397,2.35,0.1
396398,2.37,0.1
396399,2.27,0.1
396400,2.29,0.1
396401,2.4,0.1
396402,2.46,0.1
396403,2.49,0.1
396404,2.61,0.1
396405,2.67,0.1
396406,2.83,0.1
396407,3.13,0.1
396408,3.18,0.1
396409,3.1,0.1
396410,3.21,0.1
396411,-1.22,0.1
396412,-0.98,0.1
396413,-0.61,0.1
396414,-0.22,0.1
396415,0.11,0.1
396416,0.59,0.1
396417,0.61,0.1
396418,0.64,0.1
396419,0.48,0.1
396420,0.33,0.1
396421,0.17,0.1
396422,-0.33,0.1
396423,-0.76,0.1
396424,-1.16,0.1
396425,-1.48,0.1
396426,-1.58,0.1
396427,-1.6,0.1
396428,-1.63,0.1
396429,-1.6,0.1
396430,-1.63,0.1
396431,-1.76,0.1
396432,-1.85,0.1
396433,-1.9,0.1
396434,-1.92,0.1
396435,-1.9,0.1
396436,-1.77,0.1
396437,-1.88,0.1
396438,-1.87,0.1
396439,-1.87,0.1
396440,-1.83,0.1
396441,-1.88,0.1
396442,-1.92,0.1
396443,-1.94,0.1
396444,-1.85,0.1
396445,-1.8,0.1
396446,-1.88,0.1
396447,-1.78,0.1
396448,-1.75,0.1
396449,-1.88,0.1
396450,-1.84,0.1
396451,-1.87,0.1
396452,-1.68,0.1
396453,-1.85,0.1
396454,-1.84,0.1
396455,-1.78,0.1
396456,-1.97,0.1
396457,-2.07,0.1
396458,-2.14,0.1
396459,-1.95,0.1
396460,-1.85,0.1
396461,-2.06,0.1
396462,-2.11,0.1
396463,-2.12,0.1
396464,-2.03,0.1
396465,-2.12,0.1
396466,-2.11,0.1
396467,-2.13,0.1
396468,-2.13,0.1
396469,-2.13,0.1
396470,-2.18,0.1
396471,-2.19,0.1
396472,-2.17,0.1
396473,-2.08,0.1
396474,-2.03,0.1
396475,-1.96,0.1
396476,-1.88,0.1
396477,-1.82,0.1
396478,-1.91,0.1
396479,-1.97,0.1
396480,-2.06,0.1
396481,-1.97,0.1
396482,-2.05,0.1
396483,-2.12,0.1
396484,-2.08,0.1
396485,-2.08,0.1
396486,-2.07,0.1
396487,-2.1,0.1
396488,-2.08,0.1
396489,-2.14,0.1
396490,-2.14,0.1
396491,-2.21,0.1
396492,-2.16,0.1
396493,-2.08,0.1
396494,-2.04,0.1
396495,-1.97,0.1
396496,-1.84,0.1
396497,-1.82,0.1
396498,-1.84,0.1
396499,-1.75,0.1
396500,-1.78,0.1
396501,-1.93,0.1
396502,-1.96,0.1
396503,-1.97,0.1
396504,-1.95,0.1
396505,-1.91,0.1
396506,-1.84,0.1
396507,-1.8,0.1
396508,-1.7,0.1
396509,-1.58,0.1
396510,-1.47,0.1
396511,-1.4,0.1
396512,-1.46,0.1
396513,-1.25,0.1
396514,-1.17,0.1
396515,-1.19,0.1
396516,-1.3,0.1
396517,-1.39,0.1
396518,-1.32,0.1
396519,-1.36,0.1
396520,-1.36,0.1
396521,-1.48,0.1
396522,-1.66,0.1
396523,-1.67,0.1
396524,-1.87,0.1
396525,-1.92,0.1
396526,-2.02,0.1
396527,-2.05,0.1
396528,-2.03,0.1
396529,-2.15,0.1
396530,-2.05,0.1
396531,-2.17,0.1
396532,-2.01,0.1
396533,-2.16,0.1
396534,-2.17,0.1
396535,-2.16,0.1
396536,-2.1,0.1
396537,-2.24,0.1
396538,-2.21,0.1
396539,-2.27,0.1
396540,-2.2,0.1
396541,-2.19,0.1
396542,-2.31,0.1
396543,-2.18,0.1
396544,-2.26,0.1
396545,-2.14,0.1
396546,-2.17,0.1
396547,-2.15,0.1
396548,-2.2,0.1
396549,-2.16,0.1
396550,-2.15,0.1
396551,-2.21,0.1
396552,-2.1,0.1
396553,-2.08,0.1
396554,-2.12,0.1
396555,-2.07,0.1
396556,-2.06,0.1
396557,-2.13,0.1
396558,-1.95,0.1
396559,-1.94,0.1
396560,-1.9,0.1
396561,-1.86,0.1
396562,-1.72,0.1
396563,-1.75,0.1
396564,-1.74,0.1
396565,-1.74,0.1
396566,-1.71,0.1
396567,-1.75,0.1
396568,-1.78,0.1
396569,-1.82,0.1
396570,-1.83,0.1
396571,-1.78,0.1
396572,-1.81,0.1
396573,-1.77,0.1
396574,-1.74,0.1
396575,-1.75,0.1
396576,-1.72,0.1
396577,-1.67,0.1
396578,-1.78,0.1
396579,-1.74,0.1
396580,-1.69,0.1
396581,-1.71,0.1
396582,-1.75,0.1
396583,-1.71,0.1
396584,-1.63,0.1
396585,-1.71,0.1
396586,-1.75,0.1
396587,-1.77,0.1
396588,-1.75,0.1
396589,-1.83,0.1
396590,-1.91,0.1
396591,-1.91,0.1
396592,-1.89,0.1
396593,-1.9,0.1
396594,-1.86,0.1
396595,-1.87,0.1
396596,-1.92,0.1
396597,-1.89,0.1
396598,-1.79,0.1
396599,-1.9,0.1
396600,-1.84,0.1
396601,-1.82,0.1
396602,-1.78,0.1
396603,-1.82,0.1
396604,-1.7,0.1
396605,-1.75,0.1
396606,-1.66,0.1
396607,-1.63,0.1
396608,-1.67,0.1
396609,-1.74,0.1
396610,-1.71,0.1
396611,-1.7,0.1
396612,-1.63,0.1
396613,-1.67,0.1
396614,-1.65,0.1
396615,-1.71,0.1
396616,-1.76,0.1
396617,-1.84,0.1
396618,-1.74,0.1
396619,-1.84,0.1
396620,-1.91,0.1
396621,-1.94,0.1
396622,-1.96,0.1
396623,-1.86,0.1
396624,-1.93,0.1
396625,-1.84,0.1
396626,-1.92,0.1
396627,-1.84,0.1
396628,-1.86,0.1
396629,-1.77,0.1
396630,-1.75,0.1
396631,-1.8,0.1
396632,-1.76,0.1
396633,-1.81,0.1
396634,-1.84,0.1
396635,-1.93,0.1
396636,-1.92,0.1
396637,-1.99,0.1
396638,-2.04,0.1
396639,-2,0.1
396640,-2.1,0.1
396641,-2.2,0.1
396642,-2,0.1
396643,-2,0.1
396644,-2.1,0.1
396645,-2.13,0.1
396646,-2.07,0.1
396647,-2.05,0.1
396648,-2.03,0.1
396649,-2.04,0.1
396650,-2.07,0.1
396651,-2.11,0.1
396652,-1.97,0.1
396653,-1.97,0.1
396654,-1.86,0.1
396655,-1.86,0.1
396656,-1.67,0.1
396657,-1.75,0.1
396658,-1.43,0.1
396659,-1.52,0.1
396660,-1.41,0.1
396661,-1.33,0.1
396662,-1.24,0.1
396663,-1.33,0.1
396664,-1.28,0.1
396665,-1.25,0.1
396666,-1.38,0.1
396667,-1.46,0.1
396668,-1.51,0.1
396669,-1.5,0.1
396670,-1.55,0.1
396671,-1.72,0.1
396672,-1.69,0.1
396673,-1.9,0.1
396674,-1.86,0.1
396675,-2.01,0.1
396676,-1.99,0.1
396677,-1.89,0.1
396678,-2.08,0.1
396679,-1.99,0.1
396680,-2.07,0.1
396681,-2.06,0.1
396682,-2.12,0.1
396683,-2.04,0.1
396684,-2,0.1
396685,-1.97,0.1
396686,-2.01,0.1
396687,-2.04,0.1
396688,-1.95,0.1
396689,-2,0.1
396690,-2,0.1
396691,-1.84,0.1
396692,-1.77,0.1
396693,-1.87,0.1
396694,-1.88,0.1
396695,-1.91,0.1
396696,-1.85,0.1
396697,-1.79,0.1
396698,-1.97,0.1
396699,-1.84,0.1
396700,-1.83,0.1
396701,-1.94,0.1
396702,-1.96,0.1
396703,-2,0.1
396704,-1.97,0.1
396705,-2,0.1
396706,-1.95,0.1
396707,-2.1,0.1
396708,-2.1,0.1
396709,-2.07,0.1
396710,-2.02,0.1
396711,-2,0.1
396712,-2.06,0.1
396713,-2.12,0.1
396714,-2.02,0.1
396715,-2.02,0.1
396716,-2.02,0.1
396717,-1.94,0.1
396718,-1.81,0.1
396719,-1.98,0.1
396720,-1.92,0.1
396721,-1.93,0.1
396722,-1.89,0.1
396723,-1.97,0.1
396724,-1.95,0.1
396725,-2.01,0.1
396726,-2.03,0.1
396727,-2.05,0.1
396728,-2.13,0.1
396729,-2.14,0.1
396730,-2.06,0.1
396731,-2.01,0.1
396732,-2.11,0.1
396733,-2.02,0.1
396734,-2.09,0.1
396735,-2.13,0.1
396736,-2.09,0.1
396737,-2.07,0.1
396738,-2.1,0.1
396739,-2.06,0.1
396740,-2.15,0.1
396741,-2.24,0.1
396742,-2.17,0.1
396743,-2.18,0.1
396744,-2.14,0.1
396745,-2.19,0.1
396746,-2.21,0.1
396747,-2.12,0.1
396748,-2.05,0.1
396749,-2.21,0.1
396750,-2.23,0.1
396751,-2.16,0.1
396752,-2.15,0.1
396753,-2.04,0.1
396754,-2.34,0.1
396755,-1.74,0.1
396756,-0.86,0.1
396757,-1.11,0.1
396758,-1.53,0.1
396759,-2.01,0.1
396760,-1.4,0.1
396761,-1.6,0.1
396762,-1.55,0.1
396763,-1.68,0.1
396764,-1.78,0.1
396765,-1.89,0.1
396766,-1.83,0.1
396767,-1.92,0.1
396768,-1.79,0.1
396769,-1.85,0.1
396770,-1.8,0.1
396771,-1.99,0.1
396772,-1.97,0.1
396773,-2.01,0.1
396774,-2.18,0.1
396775,-2.18,0.1
396776,-2.29,0.1
396777,-2.23,0.1
396778,-2.26,0.1
396779,-2.15,0.1
396780,-2.2,0.1
396781,-2.26,0.1
396782,-2.23,0.1
396783,-2.31,0.1
396784,-2.29,0.1
396785,-2.38,0.1
396786,-2.3,0.1
396787,-2.3,0.1
396788,-2.33,0.1
396789,-2.3,0.1
396790,-2.36,0.1
396791,-2.4,0.1
396792,-2.32,0.1
396793,-2.31,0.1
396794,-2.27,0.1
396795,-2.3,0.1
396796,-2.22,0.1
396797,-2.3,0.1
396798,-2.09,0.1
396799,-2.34,0.1
396800,-2.21,0.1
396801,-2.23,0.1
396802,-2.29,0.1
396803,-2.3,0.1
396804,-2.37,0.1
396805,-2.29,0.1
396806,-2.2,0.1
396807,-2.29,0.1
396808,-2.2,0.1
396809,-2.18,0.1
396810,-2.24,0.1
396811,-2.22,0.1
396812,-2.31,0.1
396813,-2.27,0.1
396814,-2.25,0.1
396815,-2.24,0.1
396816,-2.35,0.1
396817,-2.31,0.1
396818,-2.22,0.1
396819,-2.26,0.1
396820,-2.16,0.1
396821,-2.13,0.1
396822,-2.39,0.1
396823,-2.19,0.1
396824,-2.32,0.1
396825,-2.09,0.1
396826,-2.17,0.1
396827,-2.31,0.1
396828,-2.39,0.1
396829,-2.22,0.1
396830,-2.32,0.1
396831,-2.24,0.1
396832,-2.17,0.1
396833,-2.26,0.1
396834,-2.09,0.1
396835,-2.4,0.1
396836,-2.17,0.1
396837,-2.25,0.1
396838,-2.16,0.1
396839,-2.11,0.1
396840,-2.03,0.1
396841,-2.13,0.1
396842,-1.94,0.1
396843,-1.96,0.1
396844,-2,0.1
396845,-1.95,0.1
396846,-2.13,0.1
396847,-2.06,0.1
396848,-2,0.1
396849,-1.96,0.1
396850,-1.81,0.1
396851,-1.82,0.1
396852,-2.1,0.1
396853,-1.98,0.1
396854,-2.17,0.1
396855,-2.26,0.1
396856,-2.55,0.1
396857,-2.54,0.1
396858,-2.69,0.1
396859,-2.64,0.1
396860,-2.59,0.1
396861,-2.79,0.1
396862,-2.54,0.1
396863,-2.59,0.1
396864,-2.47,0.1
396865,-2.57,0.1
396866,-2.68,0.1
396867,-2.32,0.1
396868,-2.35,0.1
396869,-2.37,0.1
396870,-2.21,0.1
396871,-2.33,0.1
396872,-2.12,0.1
396873,-2.24,0.1
396874,-2.3,0.1
396875,-2.06,0.1
396876,-2.1,0.1
396877,-2.07,0.1
396878,-1.86,0.1
396879,-1.94,0.1
396880,-1.88,0.1
396881,-1.95,0.1
396882,-1.93,0.1
396883,-2.03,0.1
396884,-2.1,0.1
396885,-2.1,0.1
396886,-2.06,0.1
396887,-1.91,0.1
396888,-1.88,0.1
396889,-1.98,0.1
396890,-2.06,0.1
396891,-2.17,0.1
396892,-2,0.1
396893,-2.22,0.1
396894,-2.31,0.1
396895,-2.13,0.1
396896,-2.18,0.1
396897,-2.02,0.1
396898,-2.13,0.1
396899,-1.94,0.1
396900,-1.79,0.1
396901,-1.91,0.1
396902,-2,0.1
396903,-1.89,0.1
396904,-1.93,0.1
396905,-1.84,0.1
396906,-1.62,0.1
396907,-1.78,0.1
396908,-1.62,0.1
396909,-1.62,0.1
396910,-1.65,0.1
396911,-1.24,0.1
396912,-0.81,0.1
396913,-0.57,0.1
396914,-0.14,0.1
396915,-1.22,0.1
396916,-1.22,0.1
396917,-1.8,0.1
396918,-1.88,0.1
396919,-1.77,0.1
396920,-1.96,0.1
396921,-1.99,0.1
396922,-2.06,0.1
396923,-2.12,0.1
396924,-1.99,0.1
396925,-2.05,0.1
396926,-2.22,0.1
396927,-2.14,0.1
396928,-2.14,0.1
396929,-2.07,0.1
396930,-2.1,0.1
396931,-2.23,0.1
396932,-2.42,0.1
396933,-2.28,0.1
396934,-2.1,0.1
396935,-2.11,0.1
396936,-2.01,0.1
396937,-2.1,0.1
396938,-2.23,0.1
396939,-2.11,0.1
396940,-2.16,0.1
396941,-2.21,0.1
396942,-2.14,0.1
396943,-2.17,0.1
396944,-2.11,0.1
396945,-2.11,0.1
396946,-2.19,0.1
396947,-2.12,0.1
396948,-2.11,0.1
396949,-2.18,0.1
396950,-2.16,0.1
396951,-2.13,0.1
396952,-2.06,0.1
396953,-2.13,0.1
396954,-2.08,0.1
396955,-1.95,0.1
396956,-2.03,0.1
396957,-2.01,0.1
396958,-2.03,0.1
396959,-2.14,0.1
396960,-2.1,0.1
396961,-2.1,0.1
396962,-2.03,0.1
396963,-2.35,0.1
396964,-2.18,0.1
396965,-2.11,0.1
396966,-2.27,0.1
396967,-2.23,0.1
396968,-2.26,0.1
396969,-2.3,0.1
396970,-1.85,0.1
396971,-1.48,0.1
396972,-1.39,0.1
396973,-1.34,0.1
396974,-1.38,0.1
396975,-1.51,0.1
396976,-1.49,0.1
396977,-1.46,0.1
396978,-1.54,0.1
396979,-1.6,0.1
396980,-1.72,0.1
396981,-1.74,0.1
396982,-1.73,0.1
396983,-1.78,0.1
396984,-1.72,0.1
396985,-1.6,0.1
396986,-1.37,0.1
396987,-0.73,0.1
396988,-0.39,0.1
396989,-0.61,0.1
396990,-0.69,0.1
396991,-0.84,0.1
396992,-1.04,0.1
396993,-0.94,0.1
396994,-0.97,0.1
396995,-0.87,0.1
396996,-0.99,0.1
396997,-0.74,0.1
396998,-0.68,0.1
396999,-0.73,0.1
397000,-0.84,0.1
397001,-1.04,0.1
397002,-1.21,0.1
397003,-1.21,0.1
397004,-1.11,0.1
397005,-1.15,0.1
397006,-1.16,0.1
397007,-1.16,0.1
397008,-1.22,0.1
397009,-1.19,0.1
397010,-1.38,0.1
397011,-1.48,0.1
397012,-1.44,0.1
397013,-1.39,0.1
397014,-1.38,0.1
397015,-1.38,0.1
397016,-1.41,0.1
397017,-1.5,0.1
397018,-1.45,0.1
397019,-1.36,0.1
397020,-1.48,0.1
397021,-1.55,0.1
397022,-1.71,0.1
397023,-1.7,0.1
397024,-1.63,0.1
397026,0.46,0.1
397027,0.53,0.1
397028,0.4,0.1
397029,0.3,0.1
397030,0.31,0.1
397031,0.38,0.1
397032,0.39,0.1
397033,0.51,0.1
397034,0.37,0.1
397035,0.23,0.1
397036,0.21,0.1
397037,0.05,0.1
397038,0.2,0.1
397039,0.04,0.1
397040,-0.06,0.1
397041,-0.16,0.1
397042,-0.17,0.1
397043,-0.3,0.1
397044,-0.35,0.1
397045,-0.26,0.1
397046,-0.3,0.1
397047,-0.35,0.1
397048,-0.39,0.1
397049,-0.33,0.1
397050,-0.3,0.1
397051,-0.24,0.1
397052,-0.29,0.1
397053,-0.32,0.1
397054,-0.3,0.1
397055,-0.41,0.1
397056,-0.38,0.1
397057,-0.32,0.1
397058,-0.45,0.1
397059,-0.46,0.1
397060,-0.45,0.1
397061,-0.05,0.1
397062,-0.19,0.1
397063,-0.5,0.1
397064,-0.5,0.1
397065,-0.37,0.1
397066,-0.51,0.1
397067,-0.46,0.1
397068,-0.57,0.1
397069,-0.59,0.1
397070,-0.56,0.1
397071,-0.63,0.1
397072,-0.61,0.1
397073,-0.62,0.1
397074,-0.43,0.1
397075,-0.57,0.1
397076,-0.63,0.1
397077,-0.73,0.1
397078,-0.59,0.1
397079,-0.68,0.1
397080,-0.57,0.1
397081,-0.37,0.1
397082,-0.1,0.1
397083,-0.31,0.1
397084,-0.43,0.1
397085,-0.38,0.1
397086,-0.28,0.1
397087,-0.16,0.1
397088,-0.22,0.1
397089,-0.27,0.1
397090,-0.41,0.1
397091,-0.26,0.1
397092,-0.37,0.1
397093,-0.39,0.1
397094,-0.41,0.1
397095,-0.57,0.1
397096,-0.64,0.1
397097,-0.47,0.1
397098,-0.57,0.1
397099,-0.56,0.1
397100,-0.74,0.1
397101,-0.64,0.1
397102,-0.75,0.1
397103,-0.81,0.1
397104,-0.71,0.1
397105,-0.47,0.1
397106,-0.3,0.1
397107,-0.33,0.1
397108,-0.36,0.1
397109,-0.46,0.1
397110,-0.34,0.1
397111,-0.31,0.1
397112,-0.28,0.1
397113,-0.23,0.1
397114,-0.2,0.1
397115,-0.06,0.1
397116,0,0.1
397117,0.03,0.1
397118,0.08,0.1
397119,0.07,0.1
397120,0.22,0.1
397121,0.37,0.1
397122,0.54,0.1
397123,0.63,0.1
397124,0.83,0.1
397125,0.55,0.1
397126,0.4,0.1
397127,0.07,0.1
397128,0.13,0.1
397129,0.06,0.1
397130,-0.06,0.1
397131,-0.1,0.1
397132,-0.07,0.1
397133,-0.31,0.1
397134,-0.24,0.1
397135,-0.2,0.1
397136,0.33,0.1
397137,0.79,0.1
397138,0.91,0.1
397139,0.91,0.1
397140,0.73,0.1
397141,0.92,0.1
397142,1.2,0.1
397143,1.32,0.1
397144,1.27,0.1
397145,1.21,0.1
397146,1.14,0.1
397147,1.06,0.1
397148,1.03,0.1
397149,1.06,0.1
397150,0.97,0.1
397151,0.87,0.1
397152,0.82,0.1
397153,0.85,0.1
397154,0.65,0.1
397155,0.64,0.1
397156,0.66,0.1
397157,0.75,0.1
397158,0.66,0.1
397159,0.55,0.1
397160,0.47,0.1
397161,0.4,0.1
397162,0.46,0.1
397163,0.46,0.1
397164,0.37,0.1
397165,0.25,0.1
397166,0.15,0.1
397167,0.22,0.1
397168,0.27,0.1
397169,0.31,0.1
397170,0.19,0.1
397171,0,0.1
397172,-0.44,0.1
397173,-0.58,0.1
397174,-0.53,0.1
397175,-0.39,0.1
397176,-0.45,0.1
397177,-0.44,0.1
397178,-0.4,0.1
397179,-0.4,0.1
397180,-0.39,0.1
397181,-0.37,0.1
397182,-0.38,0.1
397183,-0.4,0.1
397184,-0.37,0.1
397185,-0.36,0.1
397186,-0.51,0.1
397187,-0.47,0.1
397188,-0.41,0.1
397189,-0.43,0.1
397190,-0.53,0.1
397191,-0.39,0.1
397192,-0.43,0.1
397193,-0.67,0.1
397194,-0.37,0.1
397195,-0.37,0.1
397196,-0.37,0.1
397197,-0.37,0.1
397198,-0.32,0.1
397199,-0.34,0.1
397200,-0.52,0.1
397201,-0.25,0.1
397202,-0.34,0.1
397203,-0.33,0.1
397204,-0.39,0.1
397205,-0.44,0.1
397206,-0.37,0.1
397207,-0.34,0.1
397208,-0.29,0.1
397209,-0.43,0.1
397210,-0.47,0.1
397211,-0.34,0.1
397212,-0.33,0.1
397213,-0.25,0.1
397214,-0.32,0.1
397215,-0.38,0.1
397216,-0.4,0.1
397217,-0.35,0.1
397218,-0.35,0.1
397219,-0.36,0.1
397220,-0.43,0.1
397221,-0.49,0.1
397222,-0.53,0.1
397223,-0.58,0.1
397224,-0.59,0.1
397225,-0.59,0.1
397226,-0.64,0.1
397227,-0.6,0.1
397228,-0.64,0.1
397229,-0.62,0.1
397230,-0.56,0.1
397231,-0.47,0.1
397232,-0.38,0.1
397233,-0.35,0.1
397234,-0.28,0.1
397235,-0.32,0.1
397236,-0.41,0.1
397237,-0.25,0.1
397238,-0.37,0.1
397239,-0.39,0.1
397240,-0.51,0.1
397241,-0.38,0.1
397242,-0.49,0.1
397243,-0.44,0.1
397244,-0.49,0.1
397245,-0.32,0.1
397246,-0.53,0.1
397247,-0.51,0.1
397248,-0.53,0.1
397249,-0.51,0.1
397250,-0.41,0.1
397251,-0.4,0.1
397252,-0.48,0.1
397253,-0.32,0.1
397254,-0.56,0.1
397255,-0.56,0.1
397256,-0.57,0.1
397257,-0.54,0.1
397258,-0.51,0.1
397259,-0.53,0.1
397260,-0.52,0.1
397261,-0.52,0.1
397262,-0.32,0.1
397263,-0.5,0.1
397264,-0.49,0.1
397265,-0.61,0.1
397266,-0.61,0.1
397267,-0.5,0.1
397268,-0.48,0.1
397269,-0.58,0.1
397270,-0.64,0.1
397271,-0.62,0.1
397272,-0.61,0.1
397273,-0.52,0.1
397274,-0.58,0.1
397275,-0.55,0.1
397276,-0.58,0.1
397277,-0.61,0.1
397278,-0.54,0.1
397279,-0.62,0.1
397280,-0.5,0.1
397281,-0.61,0.1
397282,-0.49,0.1
397283,-0.56,0.1
397284,-0.55,0.1
397285,-0.56,0.1
397286,-0.71,0.1
397287,-0.65,0.1
397288,-0.54,0.1
397289,-0.54,0.1
397290,-0.62,0.1
397291,-0.48,0.1
397292,-0.54,0.1
397293,-0.63,0.1
397294,-0.61,0.1
397295,-0.44,0.1
397296,-0.53,0.1
397297,-0.3,0.1
397298,-0.25,0.1
397299,-0.52,0.1
397300,-0.35,0.1
397301,-0.28,0.1
397302,-0.23,0.1
397303,-0.22,0.1
397304,-0.22,0.1
397305,-0.02,0.1
397306,-0.04,0.1
397307,-0.11,0.1
397308,-0.31,0.1
397309,-0.38,0.1
397310,-0.29,0.1
397311,-0.39,0.1
397312,-0.43,0.1
397313,-0.59,0.1
397314,-0.48,0.1
397315,-0.49,0.1
397316,-0.55,0.1
397317,-0.55,0.1
397318,-0.62,0.1
397319,-0.62,0.1
397320,-0.61,0.1
397321,-0.61,0.1
397322,-0.72,0.1
397323,-0.65,0.1
397324,-0.62,0.1
397325,-0.63,0.1
397326,-0.71,0.1
397327,-0.6,0.1
397328,-0.68,0.1
397329,-0.72,0.1
397330,-0.64,0.1
397331,-0.64,0.1
397332,-0.63,0.1
397333,-0.64,0.1
397334,-0.58,0.1
397335,-0.7,0.1
397336,-0.65,0.1
397337,-0.59,0.1
397338,-0.55,0.1
397339,-0.66,0.1
397340,-0.57,0.1
397341,-0.55,0.1
397342,-0.6,0.1
397343,-0.66,0.1
397344,-0.63,0.1
397345,-0.62,0.1
397346,-0.53,0.1
397347,-0.57,0.1
397348,-0.61,0.1
397349,-0.58,0.1
397350,-0.61,0.1
397351,-0.52,0.1
397352,-0.5,0.1
397353,-0.44,0.1
397354,-0.47,0.1
397355,-0.45,0.1
397356,-0.44,0.1
397357,-0.47,0.1
397358,-0.48,0.1
397359,-0.49,0.1
397360,-0.42,0.1
397361,-0.39,0.1
397362,-0.39,0.1
397363,-0.33,0.1
397364,-0.26,0.1
397365,-0.33,0.1
397366,-0.31,0.1
397367,-0.35,0.1
397368,-0.4,0.1
397369,-0.42,0.1
397370,-0.41,0.1
397371,-0.41,0.1
397372,-0.41,0.1
397373,-0.31,0.1
397374,-0.26,0.1
397375,-0.29,0.1
397376,-0.28,0.1
397377,-0.39,0.1
397378,-0.27,0.1
397379,-0.35,0.1
397380,-0.41,0.1
397381,-0.28,0.1
397382,-0.27,0.1
397383,-0.33,0.1
397384,-0.39,0.1
397385,-0.29,0.1
397386,-0.37,0.1
397387,-0.44,0.1
397388,-0.35,0.1
397389,-0.34,0.1
397390,-0.45,0.1
397391,-0.28,0.1
397392,-0.36,0.1
397393,-0.36,0.1
397394,-0.39,0.1
397395,-0.29,0.1
397396,-0.3,0.1
397397,-0.37,0.1
397398,-0.4,0.1
397399,-0.35,0.1
397400,-0.38,0.1
397401,-0.53,0.1
397402,-0.48,0.1
397403,-0.51,0.1
397404,-0.52,0.1
397405,-0.4,0.1
397406,-0.48,0.1
397407,-0.39,0.1
397408,-0.46,0.1
397409,-0.39,0.1
397410,-0.26,0.1
397411,-0.37,0.1
397412,-0.27,0.1
397413,-0.29,0.1
397414,-0.31,0.1
397415,-0.29,0.1
397416,-0.27,0.1
397417,-0.28,0.1
397418,-0.3,0.1
397419,-0.3,0.1
397420,-0.33,0.1
397421,-0.38,0.1
397422,-0.34,0.1
397423,-0.35,0.1
397424,-0.44,0.1
397425,-0.38,0.1
397426,-0.39,0.1
397427,-0.41,0.1
397428,-0.42,0.1
397429,-0.33,0.1
397430,-0.4,0.1
397431,-0.44,0.1
397432,-0.5,0.1
397433,-0.55,0.1
397434,-0.49,0.1
397435,-0.48,0.1
397436,-0.43,0.1
397437,-0.44,0.1
397438,-0.4,0.1
397439,-0.3,0.1
397440,-0.42,0.1
397441,-0.37,0.1
397442,-0.45,0.1
397443,-0.48,0.1
397444,-0.33,0.1
397445,-0.5,0.1
397446,-0.37,0.1
397447,-0.37,0.1
397448,-0.4,0.1
397449,-0.43,0.1
397450,-0.34,0.1
397451,-0.43,0.1
397452,-0.35,0.1
397453,-0.28,0.1
397454,-0.39,0.1
397455,-0.57,0.1
397456,-0.45,0.1
397457,-0.25,0.1
397458,-0.82,0.1
397459,-0.29,0.1
397460,-0.37,0.1
397461,-0.36,0.1
397462,-0.25,0.1
397463,-0.27,0.1
397464,-0.29,0.1
397465,-0.21,0.1
397466,-0.17,0.1
397467,-0.24,0.1
397468,-0.21,0.1
397469,-0.03,0.1
397470,-0.02,0.1
397471,0.06,0.1
397472,0.12,0.1
397473,-0.05,0.1
397474,0.15,0.1
397475,0.03,0.1
397476,-0.16,0.1
397477,-0.03,0.1
397478,-0.15,0.1
397479,-0.18,0.1
397480,-0.12,0.1
397481,-0.11,0.1
397482,-0.14,0.1
397483,-0.18,0.1
397484,-0.18,0.1
397485,-0.22,0.1
397486,-0.11,0.1
397487,-0.11,0.1
397488,-0.01,0.1
397489,-0.42,0.1
397490,-0.26,0.1
397491,-0.23,0.1
397492,-0.21,0.1
397493,-0.21,0.1
397494,-0.06,0.1
397495,-0.15,0.1
397496,-0.12,0.1
397497,0.03,0.1
397498,-0.06,0.1
397499,-0.14,0.1
397500,-0.09,0.1
397501,-0.23,0.1
397502,-0.17,0.1
397503,-0.36,0.1
397504,-0.09,0.1
397505,-0.25,0.1
397506,-0.03,0.1
397507,-0.14,0.1
397508,-0.14,0.1
397509,-0.19,0.1
397510,-0.2,0.1
397511,-0.04,0.1
397512,0.1,0.1
397513,-0.25,0.1
397514,-0.32,0.1
397515,-0.13,0.1
397516,-0.06,0.1
397517,-0.2,0.1
397518,-0.08,0.1
397519,0.26,0.1
397520,0.43,0.1
397521,0.25,0.1
397522,0.16,0.1
397523,0.17,0.1
397524,0.07,0.1
397525,0.13,0.1
397526,0.05,0.1
397527,0.18,0.1
397528,0.05,0.1
397529,0.2,0.1
397530,0.17,0.1
397531,0.33,0.1
397532,0.32,0.1
397533,0.28,0.1
397534,0.42,0.1
397535,0.29,0.1
397536,0.67,0.1
397537,0.6,0.1
397538,0.6,0.1
397539,0.58,0.1
397540,0.57,0.1
397541,0.58,0.1
397542,0.52,0.1
397543,0.52,0.1
397544,0.59,0.1
397545,0.59,0.1
397546,0.61,0.1
397547,0.59,0.1
397548,0.66,0.1
397549,0.6,0.1
397550,0.69,0.1
397551,0.64,0.1
397552,0.72,0.1
397553,0.64,0.1
397554,0.63,0.1
397555,0.78,0.1
397556,0.7,0.1
397557,0.68,0.1
397558,0.68,0.1
397559,0.72,0.1
397560,0.68,0.1
397561,0.65,0.1
397562,0.69,0.1
397563,0.67,0.1
397564,0.65,0.1
397565,0.69,0.1
397566,0.61,0.1
397567,0.61,0.1
397568,0.63,0.1
397569,0.57,0.1
397570,0.6,0.1
397571,0.54,0.1
397572,0.55,0.1
397573,0.47,0.1
397574,0.56,0.1
397575,0.57,0.1
397576,0.48,0.1
397577,0.55,0.1
397578,0.47,0.1
397579,0.49,0.1
397580,0.37,0.1
397581,0.45,0.1
397582,0.39,0.1
397583,0.33,0.1
397584,0.38,0.1
397585,0.35,0.1
397586,0.33,0.1
397587,0.38,0.1
397588,0.3,0.1
397589,0.35,0.1
397590,0.33,0.1
397591,0.34,0.1
397592,0.34,0.1
397593,0.4,0.1
397594,0.31,0.1
397595,0.36,0.1
397596,0.38,0.1
397597,0.34,0.1
397598,0.38,0.1
397599,0.37,0.1
397600,0.38,0.1
397601,0.35,0.1
397602,0.39,0.1
397603,0.42,0.1
397604,0.42,0.1
397605,0.45,0.1
397606,0.46,0.1
397607,0.39,0.1
397608,0.42,0.1
397609,0.46,0.1
397610,0.48,0.1
397611,0.42,0.1
397612,0.45,0.1
397613,0.47,0.1
397614,0.45,0.1
397615,0.54,0.1
397616,0.52,0.1
397617,0.56,0.1
397618,0.52,0.1
397619,0.48,0.1
397620,0.56,0.1
397621,0.58,0.1
397622,0.59,0.1
397623,0.53,0.1
397624,0.61,0.1
397625,0.52,0.1
397626,0.59,0.1
397627,0.56,0.1
397628,0.61,0.1
397629,0.6,0.1
397630,0.72,0.1
397631,0.7,0.1
397632,0.73,0.1
397633,0.75,0.1
397634,0.66,0.1
397635,0.76,0.1
397636,0.71,0.1
397637,0.72,0.1
397638,0.92,0.1
397639,0.89,0.1
397640,0.95,0.1
397641,0.93,0.1
397642,0.97,0.1
397643,0.95,0.1
397644,0.86,0.1
397645,0.82,0.1
397646,0.86,0.1
397647,0.83,0.1
397648,0.74,0.1
397649,0.9,0.1
397650,0.97,0.1
397651,1.02,0.1
397652,0.93,0.1
397653,0.94,0.1
397654,0.98,0.1
397655,1.06,0.1
397656,1.02,0.1
397657,1.18,0.1
397658,1.13,0.1
397659,1.05,0.1
397660,1.24,0.1
397661,1.32,0.1
397662,1.36,0.1
397663,1.4,0.1
397664,1.5,0.1
397665,1.54,0.1
397666,1.57,0.1
397667,1.52,0.1
397668,1.54,0.1
397669,1.49,0.1
397670,1.41,0.1
397671,1.41,0.1
397672,1.43,0.1
397673,1.39,0.1
397674,1.43,0.1
397675,1.37,0.1
397676,1.58,0.1
397677,1.4,0.1
397678,1.39,0.1
397679,1.32,0.1
397680,1.53,0.1
397681,1.83,0.1
397682,1.84,0.1
397683,1.93,0.1
397684,1.98,0.1
397685,2.09,0.1
397686,2.15,0.1
397687,2.18,0.1
397688,2.07,0.1
397689,2.16,0.1
397690,1.97,0.1
397691,1.97,0.1
397692,1.86,0.1
397693,1.87,0.1
397694,1.78,0.1
397695,1.75,0.1
397696,1.73,0.1
397697,1.66,0.1
397698,1.73,0.1
397699,2.14,0.1
397700,1.8,0.1
397701,1.9,0.1
397702,2.1,0.1
397703,2.03,0.1
397704,2.12,0.1
397705,2.02,0.1
397706,1.97,0.1
397707,2.09,0.1
397708,2.12,0.1
397709,2.12,0.1
397710,2.23,0.1
397711,2.25,0.1
397712,2.29,0.1
397713,2.24,0.1
397714,2.32,0.1
397715,2.28,0.1
397716,1.97,0.1
397717,2.2,0.1
397718,2.29,0.1
397719,2.16,0.1
397720,2.27,0.1
397721,2.19,0.1
397722,2.18,0.1
397723,2.33,0.1
397724,2.41,0.1
397725,2.54,0.1
397726,2.31,0.1
397727,2.39,0.1
397728,2.6,0.1
397729,2.61,0.1
397730,2.55,0.1
397731,2.38,0.1
397732,2.31,0.1
397733,2.14,0.1
397734,1.89,0.1
397735,2.07,0.1
397736,2.34,0.1
397737,2.09,0.1
397738,2.3,0.1
397739,2.33,0.1
397740,2.13,0.1
397741,1.93,0.1
397742,1.93,0.1
397743,2.27,0.1
397744,2.33,0.1
397745,2.44,0.1
397746,0.46,0.1
397747,0.12,0.1
397748,-0.34,0.1
397749,-0.66,0.1
397750,-0.9,0.1
397751,-1.36,0.1
397752,-1.37,0.1
397753,-1.1,0.1
397754,-1.07,0.1
397755,-1.06,0.1
397756,-1.07,0.1
397757,-1.04,0.1
397758,-0.93,0.1
397759,-0.79,0.1
397760,-0.97,0.1
397761,-1.12,0.1
397762,-1,0.1
397763,-1.55,0.1
397764,-1.61,0.1
397765,-1.75,0.1
397766,-1.75,0.1
397767,-1.88,0.1
397768,-1.81,0.1
397769,-1.77,0.1
397770,-1.64,0.1
397771,-1.96,0.1
397772,-1.68,0.1
397773,-2.06,0.1
397774,-1.74,0.1
397775,-1.98,0.1
397776,-2.1,0.1
397777,-1.74,0.1
397778,-1.82,0.1
397779,-1.81,0.1
397780,-1.86,0.1
397781,-2.09,0.1
397782,-1.91,0.1
397783,-1.85,0.1
397784,-1.95,0.1
397785,-1.66,0.1
397786,-1.96,0.1
397787,-1.17,0.1
397788,-2.08,0.1
397789,-1.86,0.1
397790,-2.06,0.1
397791,-2.09,0.1
397792,-1.5,0.1
397793,-1.24,0.1
397794,-2.22,0.1
397795,-2.28,0.1
397796,-2.27,0.1
397797,-2.32,0.1
397798,-2.38,0.1
397799,-2.36,0.1
397800,-2.17,0.1
397801,-1.72,0.1
397802,-1.35,0.1
397803,-1.16,0.1
397804,-1.79,0.1
397805,-1.28,0.1
397806,-1.22,0.1
397807,-1.4,0.1
397808,-1.55,0.1
397809,-1.59,0.1
397810,-1.5,0.1
397811,-1.47,0.1
397812,-1.38,0.1
397813,-1.12,0.1
397814,-1.1,0.1
397815,-1.43,0.1
397816,-1.37,0.1
397817,-1.4,0.1
397818,-1.34,0.1
397819,-1,0.1
397820,-1.16,0.1
397821,-1.37,0.1
397822,-1.24,0.1
397823,-1.13,0.1
397824,-1.27,0.1
397825,-1.13,0.1
397826,-1.39,0.1
397827,-1.22,0.1
397828,-1.29,0.1
397829,-1.28,0.1
397830,-1.47,0.1
397831,-1.72,0.1
397832,-1.43,0.1
397833,-1.33,0.1
397834,-1.24,0.1
397835,-1.62,0.1
397836,-1.44,0.1
397837,-1.47,0.1
397838,-1.52,0.1
397839,-1.29,0.1
397840,-1.3,0.1
397841,-1.29,0.1
397842,-1.03,0.1
397843,-0.78,0.1
397844,-1,0.1
397845,-0.8,0.1
397846,-1.03,0.1
397847,-0.91,0.1
397848,-0.83,0.1
397849,-1.26,0.1
397850,-0.81,0.1
397851,-1.06,0.1
397852,-0.97,0.1
397853,-0.77,0.1
397854,-0.77,0.1
397855,-0.78,0.1
397856,-1.01,0.1
397857,-0.72,0.1
397858,-1.04,0.1
397859,-1.26,0.1
397860,-1.68,0.1
397861,-0.84,0.1
397862,-0.85,0.1
397863,-0.62,0.1
397864,-1,0.1
397865,-0.97,0.1
397866,-0.87,0.1
397867,-0.78,0.1
397868,-0.8,0.1
397869,-0.72,0.1
397870,-0.58,0.1
397871,-0.52,0.1
397872,-0.63,0.1
397873,-0.47,0.1
397874,-0.59,0.1
397875,-0.74,0.1
397876,-0.55,0.1
397877,-0.58,0.1
397878,-0.8,0.1
397879,-0.66,0.1
397880,-0.58,0.1
397881,-0.17,0.1
397882,-0.04,0.1
397883,-0.26,0.1
397884,-0.27,0.1
397885,-0.37,0.1
397886,-0.18,0.1
397887,-0.08,0.1
397888,-0.06,0.1
397889,-0.08,0.1
397890,-0.13,0.1
397891,-0.18,0.1
397892,-0.11,0.1
397893,-0.1,0.1
397894,-0.19,0.1
397895,-0.15,0.1
397896,-0.12,0.1
397897,-0.19,0.1
397898,-0.2,0.1
397899,-0.13,0.1
397900,-0.02,0.1
397901,0.02,0.1
397902,-0.01,0.1
397903,-0.04,0.1
397904,-0.06,0.1
397905,-0.14,0.1
397906,-0.36,0.1
397907,-0.6,0.1
397908,-0.58,0.1
397909,-0.47,0.1
397910,-0.58,0.1
397911,-0.46,0.1
397912,-0.34,0.1
397913,-0.3,0.1
397914,-0.36,0.1
397915,-0.37,0.1
397916,-0.48,0.1
397917,-0.56,0.1
397918,-0.6,0.1
397919,-0.66,0.1
397920,-0.67,0.1
397921,-0.87,0.1
397922,-0.47,0.1
397923,-0.41,0.1
397924,-0.4,0.1
397925,-0.39,0.1
397926,-0.3,0.1
397927,-0.48,0.1
397928,-0.16,0.1
397929,-0.09,0.1
397930,-0.07,0.1
397931,-0.13,0.1
397932,-0.06,0.1
397933,-0.3,0.1
397934,-0.45,0.1
397935,-0.23,0.1
397936,-0.24,0.1
397937,-0.43,0.1
397938,-0.65,0.1
397939,-0.57,0.1
397940,-0.44,0.1
397941,-0.4,0.1
397942,-0.37,0.1
397943,-0.48,0.1
397944,-0.56,0.1
397945,-0.47,0.1
397946,-0.56,0.1
397947,-0.81,0.1
397948,-0.7,0.1
397949,-0.67,0.1
397950,-0.75,0.1
397951,-0.79,0.1
397952,-0.8,0.1
397953,-0.7,0.1
397954,-0.69,0.1
397955,-0.6,0.1
397956,-0.64,0.1
397957,-0.74,0.1
397958,-0.64,0.1
397959,-0.62,0.1
397960,-0.52,0.1
397961,-0.45,0.1
397962,-0.55,0.1
397963,-0.58,0.1
397964,-0.81,0.1
397965,-0.66,0.1
397966,-0.63,0.1
397967,-0.73,0.1
397968,-0.73,0.1
397969,-0.78,0.1
397970,-0.85,0.1
397971,-0.91,0.1
397972,-0.96,0.1
397973,-0.89,0.1
397974,-0.77,0.1
397975,-0.35,0.1
397976,-0.71,0.1
397977,-0.87,0.1
397978,-1.06,0.1
397979,-0.98,0.1
397980,-0.93,0.1
397981,-1.07,0.1
397982,-0.88,0.1
397983,-1.07,0.1
397984,-0.99,0.1
397985,-0.88,0.1
397986,-0.7,0.1
397988,0.39,0.1
397989,0.94,0.1
397990,1.38,0.1
397991,1.38,0.1
397992,1.56,0.1
397993,1.53,0.1
397994,1.44,0.1
397995,1.26,0.1
397996,1.33,0.1
397997,1.3,0.1
397998,1.21,0.1
397999,1.36,0.1
398000,1.39,0.1
398001,1.28,0.1
398002,1.01,0.1
398003,1.21,0.1
398004,1.14,0.1
398005,0.95,0.1
398006,1.04,0.1
398007,0.95,0.1
398008,0.91,0.1
398009,0.93,0.1
398010,0.76,0.1
398011,1.05,0.1
398012,0.99,0.1
398013,1.18,0.1
398014,0.97,0.1
398015,0.95,0.1
398016,0.91,0.1
398017,0.78,0.1
398018,0.72,0.1
398019,0.72,0.1
398020,0.86,0.1
398021,0.96,0.1
398022,0.89,0.1
398023,0.9,0.1
398024,0.99,0.1
398025,0.95,0.1
398026,0.98,0.1
398027,1.04,0.1
398028,0.98,0.1
398029,1.08,0.1
398030,1.05,0.1
398031,1.08,0.1
398032,0.95,0.1
398033,1.06,0.1
398034,1.05,0.1
398035,0.99,0.1
398036,0.92,0.1
398037,1.04,0.1
398038,1.06,0.1
398039,1,0.1
398040,1.01,0.1
398041,1.02,0.1
398042,1.04,0.1
398043,1.02,0.1
398044,1,0.1
398045,1.06,0.1
398046,1.03,0.1
398047,1.04,0.1
398048,0.98,0.1
398049,1.03,0.1
398050,1.07,0.1
398051,1.11,0.1
398052,1.07,0.1
398053,1.09,0.1
398054,1.11,0.1
398055,1.13,0.1
398056,1.14,0.1
398057,-1.75,0.1
398058,-1.76,0.1
398059,-1.69,0.1
398060,-1.67,0.1
398061,-1.79,0.1
398062,-1.72,0.1
398063,-1.81,0.1
398064,-1.73,0.1
398065,-1.79,0.1
398066,-1.89,0.1
398067,-1.85,0.1
398068,-1.8,0.1
398069,-1.78,0.1
398070,-1.84,0.1
398071,-1.87,0.1
398072,-1.73,0.1
398073,-1.69,0.1
398074,-1.73,0.1
398075,-1.74,0.1
398076,-1.8,0.1
398077,-1.67,0.1
398078,-1.79,0.1
398079,-1.76,0.1
398080,-1.65,0.1
398081,-1.62,0.1
398082,-1.62,0.1
398083,-1.66,0.1
398084,-1.66,0.1
398085,-1.58,0.1
398086,-1.63,0.1
398087,-1.68,0.1
398088,-1.59,0.1
398089,-1.53,0.1
398090,-1.48,0.1
398091,-1.45,0.1
398092,-1.31,0.1
398093,-1.32,0.1
398094,-1.33,0.1
398095,-1.16,0.1
398096,-1.15,0.1
398097,-1.19,0.1
398098,-1.14,0.1
398099,-1.12,0.1
398100,-1.04,0.1
398101,-1.12,0.1
398102,-1.17,0.1
398103,-1.18,0.1
398104,-1.22,0.1
398105,-1.28,0.1
398106,-1.33,0.1
398107,-1.38,0.1
398108,-1.41,0.1
398109,-1.41,0.1
398110,-1.24,0.1
398111,-1.46,0.1
398112,-1.43,0.1
398113,-1.47,0.1
398114,-1.46,0.1
398115,-1.33,0.1
398116,-1.43,0.1
398117,-1.49,0.1
398118,-1.46,0.1
398119,-1.5,0.1
398120,-1.5,0.1
398121,-1.58,0.1
398122,-1.58,0.1
398123,-1.6,0.1
398124,-1.51,0.1
398125,-1.57,0.1
398126,-1.57,0.1
398127,-1.6,0.1
398128,-1.57,0.1
398129,-1.51,0.1
398130,-1.48,0.1
398131,-1.49,0.1
398132,-1.62,0.1
398133,-1.4,0.1
398134,-1.53,0.1
398135,-1.5,0.1
398136,-1.52,0.1
398137,-1.62,0.1
398138,-1.62,0.1
398139,-1.63,0.1
398140,-1.61,0.1
398141,-1.64,0.1
398142,-1.64,0.1
398143,-1.58,0.1
398144,-1.49,0.1
398145,-1.53,0.1
398146,-1.45,0.1
398147,-1.36,0.1
398148,-1.36,0.1
398149,-1.31,0.1
398150,-1.23,0.1
398151,-1.09,0.1
398152,-0.97,0.1
398153,-0.97,0.1
398154,-0.92,0.1
398155,-0.72,0.1
398156,-0.76,0.1
398157,-0.67,0.1
398158,-0.74,0.1
398159,-0.69,0.1
398160,-0.57,0.1
398161,-0.51,0.1
398162,-0.5,0.1
398163,-0.35,0.1
398164,-0.16,0.1
398165,0.19,0.1
398166,0.24,0.1
398167,0.46,0.1
398168,0.49,0.1
398169,0.61,0.1
398170,0.74,0.1
398171,0.72,0.1
398172,0.67,0.1
398173,0.69,0.1
398174,0.65,0.1
398175,0.67,0.1
398176,0.43,0.1
398177,0.34,0.1
398178,0.39,0.1
398179,0.33,0.1
398180,0.31,0.1
398181,0.22,0.1
398182,0.18,0.1
398183,0.2,0.1
398184,0.05,0.1
398185,-0.04,0.1
398186,-0.07,0.1
398187,0.05,0.1
398188,-0.25,0.1
398189,-0.25,0.1
398190,-0.19,0.1
398191,-0.21,0.1
398192,-0.4,0.1
398193,-0.24,0.1
398194,-0.34,0.1
398195,-0.48,0.1
398196,-0.4,0.1
398197,-0.69,0.1
398198,-0.7,0.1
398199,-0.81,0.1
398200,-0.94,0.1
398201,-0.98,0.1
398202,-0.96,0.1
398203,-1.04,0.1
398204,-1.13,0.1
398205,-1,0.1
398206,-1.14,0.1
398207,-1.11,0.1
398208,-1.17,0.1
398209,-0.97,0.1
398210,-1,0.1
398211,-1.02,0.1
398212,-1.02,0.1
398213,-0.82,0.1
398214,-0.86,0.1
398215,-0.99,0.1
398216,-1.21,0.1
398217,-1.39,0.1
398218,-1.47,0.1
398219,-1.53,0.1
398220,-1.48,0.1
398221,-1.73,0.1
398222,-1.61,0.1
398223,-1.51,0.1
398224,-1.48,0.1
398225,-1.5,0.1
398226,-1.54,0.1
398227,-1.45,0.1
398228,-1.42,0.1
398229,-1.61,0.1
398230,-1.49,0.1
398231,-1.45,0.1
398232,-1.44,0.1
398233,-1.53,0.1
398234,-1.67,0.1
398235,-1.45,0.1
398236,-1.47,0.1
398237,-1.56,0.1
398238,-1.57,0.1
398239,-1.57,0.1
398240,-1.6,0.1
398241,-1.67,0.1
398242,-1.7,0.1
398243,-1.77,0.1
398244,-1.48,0.1
398245,-1.75,0.1
398246,-1.83,0.1
398247,-1.77,0.1
398248,-1.8,0.1
398249,-1.68,0.1
398250,-1.83,0.1
398251,-1.62,0.1
398252,-1.63,0.1
398253,-1.68,0.1
398254,-1.72,0.1
398255,-1.79,0.1
398256,-1.73,0.1
398257,-1.51,0.1
398258,-1.71,0.1
398259,-1.63,0.1
398260,-1.79,0.1
398261,-1.66,0.1
398262,-1.76,0.1
398263,-1.81,0.1
398264,-1.78,0.1
398265,-1.85,0.1
398266,-1.73,0.1
398267,-1.82,0.1
398268,-1.84,0.1
398269,-1.85,0.1
398270,-1.8,0.1
398271,-1.81,0.1
398272,-1.8,0.1
398273,-1.88,0.1
398274,-1.86,0.1
398275,-1.91,0.1
398276,-1.82,0.1
398277,-1.79,0.1
398278,-1.84,0.1
398279,-1.77,0.1
398280,-1.98,0.1
398281,-1.98,0.1
398282,-1.95,0.1
398283,-1.88,0.1
398284,-1.97,0.1
398285,-1.96,0.1
398286,-1.86,0.1
398287,-1.93,0.1
398288,-1.87,0.1
398289,-1.85,0.1
398290,-1.79,0.1
398291,-1.85,0.1
398292,-1.87,0.1
398293,-1.83,0.1
398294,-1.69,0.1
398295,-1.71,0.1
398296,-1.66,0.1
398297,-1.5,0.1
398298,-1.57,0.1
398299,-1.89,0.1
398300,-1.77,0.1
398301,-1.78,0.1
398302,-1.75,0.1
398303,-1.68,0.1
398304,-1.77,0.1
398305,-1.85,0.1
398306,-1.78,0.1
398307,-1.81,0.1
398308,-1.88,0.1
398309,-1.87,0.1
398310,-1.91,0.1
398311,-1.85,0.1
398312,-1.92,0.1
398313,-1.95,0.1
398314,-1.92,0.1
398315,-1.83,0.1
398316,-1.92,0.1
398317,-1.9,0.1
398318,-1.88,0.1
398319,-1.91,0.1
398320,-1.92,0.1
398321,-1.86,0.1
398322,-1.95,0.1
398323,-1.88,0.1
398324,-1.82,0.1
398325,-1.9,0.1
398326,-1.96,0.1
398327,-1.82,0.1
398328,-1.76,0.1
398329,-1.84,0.1
398330,-1.81,0.1
398331,-1.78,0.1
398332,-1.89,0.1
398333,-1.84,0.1
398334,-1.82,0.1
398335,-1.85,0.1
398336,-1.75,0.1
398337,-1.91,0.1
398338,-1.98,0.1
398339,-1.93,0.1
398340,-1.93,0.1
398341,-1.94,0.1
398342,-1.95,0.1
398343,-1.9,0.1
398344,-1.9,0.1
398345,-1.89,0.1
398346,-1.86,0.1
398347,-1.89,0.1
398348,-1.88,0.1
398349,-1.9,0.1
398350,-1.87,0.1
398351,-1.89,0.1
398352,-1.85,0.1
398353,-1.79,0.1
398354,-1.85,0.1
398355,-1.87,0.1
398356,-1.83,0.1
398357,-1.88,0.1
398358,-1.82,0.1
398359,-1.92,0.1
398360,-1.85,0.1
398361,-1.85,0.1
398362,-1.74,0.1
398363,-1.74,0.1
398364,-1.68,0.1
398365,-1.62,0.1
398366,-1.46,0.1
398367,-1.57,0.1
398368,-1.56,0.1
398369,-1.56,0.1
398370,-1.57,0.1
398371,-1.58,0.1
398372,-1.57,0.1
398373,-1.62,0.1
398374,-1.63,0.1
398375,-1.47,0.1
398376,-1.73,0.1
398377,-1.69,0.1
398378,-1.62,0.1
398379,-1.65,0.1
398380,-1.61,0.1
398381,-1.68,0.1
398382,-1.61,0.1
398383,-1.6,0.1
398384,-1.59,0.1
398385,-1.6,0.1
398386,-1.63,0.1
398387,-1.6,0.1
398388,-1.61,0.1
398389,-1.65,0.1
398390,-1.64,0.1
398391,-1.58,0.1
398392,-1.57,0.1
398393,-1.58,0.1
398394,-1.61,0.1
398395,-1.51,0.1
398396,-1.62,0.1
398397,-1.61,0.1
398398,-1.75,0.1
398399,-1.79,0.1
398400,-1.77,0.1
398401,-1.9,0.1
398402,-1.84,0.1
398403,-1.81,0.1
398404,-1.87,0.1
398405,-1.94,0.1
398406,-1.99,0.1
398407,-1.94,0.1
398408,-1.91,0.1
398409,-1.89,0.1
398410,-2.02,0.1
398411,-1.88,0.1
398412,-1.84,0.1
398413,-1.83,0.1
398414,-1.89,0.1
398415,-1.89,0.1
398416,-1.96,0.1
398417,-1.88,0.1
398418,-1.89,0.1
398419,-1.89,0.1
398420,-1.83,0.1
398421,-1.99,0.1
398422,-1.89,0.1
398423,-1.84,0.1
398424,-1.62,0.1
398425,-1.69,0.1
398426,-1.61,0.1
398427,-1.56,0.1
398428,-1.81,0.1
398429,-1.55,0.1
398430,-1.42,0.1
398431,-1.8,0.1
398432,-1.77,0.1
398433,-1.85,0.1
398434,-1.8,0.1
398435,-1.74,0.1
398436,-1.65,0.1
398437,-1.74,0.1
398438,-1.8,0.1
398439,-1.81,0.1
398440,-1.68,0.1
398441,-1.92,0.1
398442,-1.82,0.1
398443,-1.88,0.1
398444,-1.96,0.1
398445,-1.76,0.1
398446,-1.94,0.1
398447,-1.84,0.1
398448,-1.88,0.1
398449,-1.82,0.1
398450,-1.83,0.1
398451,-1.86,0.1
398452,-1.85,0.1
398453,-1.93,0.1
398454,-1.76,0.1
398455,-1.93,0.1
398456,-1.79,0.1
398457,-1.77,0.1
398458,-1.76,0.1
398459,-1.72,0.1
398460,-1.79,0.1
398461,-1.77,0.1
398462,-1.72,0.1
398463,-1.93,0.1
398464,-1.95,0.1
398465,-1.77,0.1
398466,-1.78,0.1
398467,-1.75,0.1
398468,-1.82,0.1
398469,-1.77,0.1
398470,-1.87,0.1
398471,-1.84,0.1
398472,-1.87,0.1
398473,-1.73,0.1
398474,-1.8,0.1
398475,-1.81,0.1
398476,-1.83,0.1
398477,-1.71,0.1
398478,-1.8,0.1
398479,-1.71,0.1
398480,-1.87,0.1
398481,-1.77,0.1
398482,-1.76,0.1
398483,-1.68,0.1
398484,-1.65,0.1
398485,-1.83,0.1
398486,-1.98,0.1
398487,-1.63,0.1
398488,-1.92,0.1
398489,-1.86,0.1
398490,-1.77,0.1
398491,-1.85,0.1
398492,-1.93,0.1
398493,-1.88,0.1
398494,-1.75,0.1
398495,-1.79,0.1
398496,-1.92,0.1
398497,-1.95,0.1
398498,-1.86,0.1
398499,-2,0.1
398500,-2.01,0.1
398501,-1.97,0.1
398502,-1.99,0.1
398503,-2.04,0.1
398504,-2.05,0.1
398505,-1.99,0.1
398506,-2.02,0.1
398507,-2.02,0.1
398508,-1.99,0.1
398509,-1.92,0.1
398510,-2.04,0.1
398511,-1.91,0.1
398512,-2,0.1
398513,-1.71,0.1
398514,-2.01,0.1
398515,-2.07,0.1
398516,-2.11,0.1
398517,-1.9,0.1
398518,-2.04,0.1
398519,-2.02,0.1
398520,-1.88,0.1
398521,-2.03,0.1
398522,-1.98,0.1
398523,-2.05,0.1
398524,-2.04,0.1
398525,-2.08,0.1
398526,-2.04,0.1
398527,-2.15,0.1
398528,-1.94,0.1
398529,-1.9,0.1
398530,-2.18,0.1
398531,-2.08,0.1
398532,-2.02,0.1
398533,-1.83,0.1
398534,-1.86,0.1
398535,-1.96,0.1
398536,-1.93,0.1
398537,-1.92,0.1
398538,-1.96,0.1
398539,-1.87,0.1
398540,-2.01,0.1
398541,-1.88,0.1
398542,-1.83,0.1
398543,-1.91,0.1
398544,-1.86,0.1
398545,-1.88,0.1
398546,-1.82,0.1
398547,-1.9,0.1
398548,-1.77,0.1
398549,-1.91,0.1
398550,-2.01,0.1
398551,-2.02,0.1
398552,-1.94,0.1
398553,-1.96,0.1
398554,-2.06,0.1
398555,-1.95,0.1
398556,-1.98,0.1
398557,-1.99,0.1
398558,-1.88,0.1
398559,-1.93,0.1
398560,-1.93,0.1
398561,-1.91,0.1
398562,-1.77,0.1
398563,-1.83,0.1
398564,-1.84,0.1
398565,-1.89,0.1
398566,-1.85,0.1
398567,-1.76,0.1
398568,-1.68,0.1
398569,-1.77,0.1
398570,-1.61,0.1
398571,-1.66,0.1
398572,-1.78,0.1
398573,-1.81,0.1
398574,-1.85,0.1
398575,-1.82,0.1
398576,-1.88,0.1
398577,-1.78,0.1
398578,-1.91,0.1
398579,-1.95,0.1
398580,-1.8,0.1
398581,-1.9,0.1
398582,-1.81,0.1
398583,-1.84,0.1
398584,-1.79,0.1
398585,-1.79,0.1
398586,-1.86,0.1
398587,-1.76,0.1
398588,-1.76,0.1
398589,-1.83,0.1
398590,-1.86,0.1
398591,-1.77,0.1
398592,-1.82,0.1
398593,-1.8,0.1
398594,-1.78,0.1
398595,-1.81,0.1
398596,-1.81,0.1
398597,-1.84,0.1
398598,-1.84,0.1
398599,-1.83,0.1
398600,-1.86,0.1
398601,-1.86,0.1
398602,-1.85,0.1
398603,-1.92,0.1
398604,-1.88,0.1
398605,-1.83,0.1
398606,-1.92,0.1
398607,-1.96,0.1
398608,-1.99,0.1
398609,-1.91,0.1
398610,-1.88,0.1
398611,-1.9,0.1
398612,-1.95,0.1
398613,-1.73,0.1
398614,-2.02,0.1
398615,-1.78,0.1
398616,-1.79,0.1
398617,-1.89,0.1
398618,-1.64,0.1
398619,-1.76,0.1
398620,-1.75,0.1
398621,-1.66,0.1
398622,-1.73,0.1
398623,-1.87,0.1
398624,-1.8,0.1
398625,-1.9,0.1
398626,-2,0.1
398627,-1.98,0.1
398628,-1.99,0.1
398629,-2.05,0.1
398630,-2,0.1
398631,-1.99,0.1
398632,-1.97,0.1
398633,-1.96,0.1
398634,-2.01,0.1
398635,-2.03,0.1
398636,-1.96,0.1
398637,-2.02,0.1
398638,-2,0.1
398639,-2.01,0.1
398640,-1.99,0.1
398641,-1.99,0.1
398642,-1.95,0.1
398643,-1.94,0.1
398644,-1.92,0.1
398645,-1.97,0.1
398646,-1.91,0.1
398647,-1.9,0.1
398648,-1.86,0.1
398649,-1.92,0.1
398650,-1.86,0.1
398651,-1.8,0.1
398652,-1.82,0.1
398653,-1.92,0.1
398654,-1.94,0.1
398655,-1.85,0.1
398656,-1.94,0.1
398657,-1.9,0.1
398658,-1.94,0.1
398659,-1.92,0.1
398660,-2,0.1
398661,-1.62,0.1
398662,-1.4,0.1
398663,-1.53,0.1
398664,-1.5,0.1
398665,-1.52,0.1
398666,-1.62,0.1
398667,-1.62,0.1
398668,-1.63,0.1
398669,-1.61,0.1
398670,-1.64,0.1
398671,-1.64,0.1
398672,-1.58,0.1
398673,-1.49,0.1
398674,-1.53,0.1
398675,-1.45,0.1
398676,-1.36,0.1
398677,-1.31,0.1
398678,-1.16,0.1
398679,-0.97,0.1
398680,-0.945,0.1
398681,-0.74,0.1
398682,-0.67,0.1
398683,-0.74,0.1
398684,-0.69,0.1
398685,-0.57,0.1
398686,-0.51,0.1
398687,-0.5,0.1
398688,-0.35,0.1
398689,-0.16,0.1
398690,0.19,0.1
398691,0.24,0.1
398692,0.46,0.1
398693,0.49,0.1
398694,0.61,0.1
398695,0.74,0.1
398696,0.72,0.1
398697,0.67,0.1
398698,0.69,0.1
398699,0.65,0.1
398700,0.67,0.1
398701,0.43,0.1
398702,0.34,0.1
398703,0.39,0.1
398704,0.33,0.1
398705,0.31,0.1
398706,0.22,0.1
398707,0.18,0.1
398708,0.2,0.1
398709,0.05,0.1
398710,-0.04,0.1
398711,-0.07,0.1
398712,0.05,0.1
398713,-0.25,0.1
398714,-0.25,0.1
398715,-0.19,0.1
398716,-0.21,0.1
398717,-0.4,0.1
398718,-0.24,0.1
398719,-0.34,0.1
398720,-0.48,0.1
398721,-0.4,0.1
398722,-0.69,0.1
398723,-0.7,0.1
398724,-0.81,0.1
398725,-0.94,0.1
398726,-0.98,0.1
398727,-0.96,0.1
398728,-1.04,0.1
398729,-1.13,0.1
398730,-1,0.1
398731,-1.14,0.1
398732,-1.11,0.1
398733,-1.17,0.1
398734,-0.97,0.1
398735,-1,0.1
398736,-1.02,0.1
398737,-1.02,0.1
398738,-0.82,0.1
398739,-0.86,0.1
398740,-0.99,0.1
398741,-1.21,0.1
398742,-1.39,0.1
398743,-1.47,0.1
398744,-1.53,0.1
398745,-1.48,0.1
398746,-1.73,0.1
398747,-1.61,0.1
398748,-1.51,0.1
398749,-1.48,0.1
398750,-1.5,0.1
398751,-1.54,0.1
398752,-1.45,0.1
398753,-1.42,0.1
398754,-1.61,0.1
398755,-1.49,0.1
398756,-1.45,0.1
398757,-1.44,0.1
398758,-1.53,0.1
398759,-1.67,0.1
398760,-1.45,0.1
398761,-1.47,0.1
398762,-1.56,0.1
398763,-1.57,0.1
398764,-1.57,0.1
398765,-1.6,0.1
398766,-1.67,0.1
398767,-1.7,0.1
398768,-1.77,0.1
398769,-1.48,0.1
398770,-1.75,0.1
398771,-1.83,0.1
398772,-1.77,0.1
398773,-1.8,0.1
398774,-1.68,0.1
398775,-1.83,0.1
398776,-1.62,0.1
398777,-1.63,0.1
398778,-1.68,0.1
398779,-1.72,0.1
398780,-1.79,0.1
398781,-1.73,0.1
398782,-1.51,0.1
398783,-1.71,0.1
398784,-1.63,0.1
398785,-1.79,0.1
398786,-1.66,0.1
398787,-1.76,0.1
398788,-1.81,0.1
398789,-1.78,0.1
398790,-1.85,0.1
398791,-1.73,0.1
398792,-1.82,0.1
398793,-1.84,0.1
398794,-1.85,0.1
398795,-1.8,0.1
398797,-1.81,0.1
398798,-1.8,0.1
398799,-1.88,0.1
398800,-1.86,0.1
398801,-1.91,0.1
398802,-1.82,0.1
398803,-1.79,0.1
398804,-1.84,0.1
398805,-1.77,0.1
398806,-1.98,0.1
398807,-1.98,0.1
398808,-1.95,0.1
398809,-1.88,0.1
398810,-1.97,0.1
398811,-1.96,0.1
398812,-1.86,0.1
398813,-1.93,0.1
398814,-1.87,0.1
398815,-1.85,0.1
398816,-1.79,0.1
398817,-1.85,0.1
398818,-1.87,0.1
398819,-1.83,0.1
398820,-1.69,0.1
398821,-1.71,0.1
398822,-1.66,0.1
398823,-1.5,0.1
398824,-1.57,0.1
398825,-1.89,0.1
398826,-1.77,0.1
398827,-1.78,0.1
398828,-1.75,0.1
398829,-1.68,0.1
398830,-1.77,0.1
398831,-1.85,0.1
398832,-1.78,0.1
398833,-1.81,0.1
398834,-1.88,0.1
398835,-1.87,0.1
398836,-1.91,0.1
398837,-1.85,0.1
398838,-1.92,0.1
398839,-1.95,0.1
398840,-1.92,0.1
398841,-1.83,0.1
398842,-1.92,0.1
398843,-1.9,0.1
398844,-1.88,0.1
398845,-1.91,0.1
398846,-1.92,0.1
398847,-1.86,0.1
398848,-1.95,0.1
398849,-1.88,0.1
398850,-1.82,0.1
398851,-1.9,0.1
398852,-1.96,0.1
398853,-1.82,0.1
398854,-1.76,0.1
398855,-1.84,0.1
398856,-1.81,0.1
398857,-1.78,0.1
398858,-1.89,0.1
398859,-1.84,0.1
398860,-1.82,0.1
398861,-1.85,0.1
398862,-1.75,0.1
398863,-1.91,0.1
398864,-1.98,0.1
398865,-1.93,0.1
398866,-1.93,0.1
398867,-1.94,0.1
398868,-1.95,0.1
398869,-1.9,0.1
398870,-1.9,0.1
398871,-1.89,0.1
398872,-1.86,0.1
398873,-1.89,0.1
398874,-1.88,0.1
398875,-1.9,0.1
398876,-1.87,0.1
398877,-1.89,0.1
398878,-1.85,0.1
398879,-1.79,0.1
398880,-1.85,0.1
398881,-1.87,0.1
398882,-1.83,0.1
398883,-1.88,0.1
398884,-1.82,0.1
398885,-1.92,0.1
398886,-1.85,0.1
398887,-1.85,0.1
398888,-1.74,0.1
398889,-1.74,0.1
398890,-1.68,0.1
398891,-1.62,0.1
398892,-1.46,0.1
398893,-1.57,0.1
398894,-1.56,0.1
398895,-1.56,0.1
398896,-1.57,0.1
398897,-1.58,0.1
398898,-1.57,0.1
398899,-1.62,0.1
398900,-1.63,0.1
398901,-1.47,0.1
398902,-1.73,0.1
398903,-1.69,0.1
398904,-1.62,0.1
398905,-1.65,0.1
398906,-1.61,0.1
398907,-1.68,0.1
398908,-1.61,0.1
398909,-1.6,0.1
398910,-1.59,0.1
398911,-1.6,0.1
398912,-1.63,0.1
398913,-1.6,0.1
398914,-1.61,0.1
398915,-1.65,0.1
398916,-1.64,0.1
398917,-1.58,0.1
398918,-1.57,0.1
398919,-1.58,0.1
398920,-1.61,0.1
398921,-1.51,0.1
398922,-1.62,0.1
398923,-1.61,0.1
398924,-1.75,0.1
398925,-1.79,0.1
398926,-1.77,0.1
398927,-1.9,0.1
398928,-1.84,0.1
398929,-1.81,0.1
398930,-1.87,0.1
398931,-1.94,0.1
398932,-1.99,0.1
398933,-1.94,0.1
398934,-1.91,0.1
398935,-1.89,0.1
398936,-2.02,0.1
398937,-1.88,0.1
398938,-1.84,0.1
398939,-1.83,0.1
398940,-1.89,0.1
398941,-1.89,0.1
398942,-1.96,0.1
398943,-1.88,0.1
398944,-1.89,0.1
398945,-1.89,0.1
398946,-1.83,0.1
398947,-1.99,0.1
398948,-1.89,0.1
398949,-1.84,0.1
398950,-1.62,0.1
398951,-1.69,0.1
398952,-1.61,0.1
398953,-1.56,0.1
398954,-1.81,0.1
398955,-1.55,0.1
398956,-1.42,0.1
398957,-1.8,0.1
398958,-1.77,0.1
398959,-1.85,0.1
398960,-1.8,0.1
398961,-1.74,0.1
398962,-1.65,0.1
398963,-1.74,0.1
398964,-1.8,0.1
398965,-1.81,0.1
398966,-1.68,0.1
398967,-1.92,0.1
398968,-1.82,0.1
398969,-1.88,0.1
398970,-1.96,0.1
398971,-1.76,0.1
398972,-1.94,0.1
398973,-1.84,0.1
398974,-1.88,0.1
398975,-1.82,0.1
398976,-1.83,0.1
398977,-1.86,0.1
398978,-1.85,0.1
398979,-1.93,0.1
398980,-1.76,0.1
398981,-1.93,0.1
398982,-1.79,0.1
398983,-1.77,0.1
398984,-1.76,0.1
398985,-1.72,0.1
398986,-1.79,0.1
398987,-1.77,0.1
398988,-1.72,0.1
398989,-1.93,0.1
398990,-1.95,0.1
398991,-1.77,0.1
398992,-1.78,0.1
398993,-1.75,0.1
398994,-1.82,0.1
398995,-1.77,0.1
398996,-1.87,0.1
398997,-1.84,0.1
398998,-1.87,0.1
398999,-1.73,0.1
399000,-1.8,0.1
399001,-1.81,0.1
399002,-1.83,0.1
399003,-1.71,0.1
399004,-1.8,0.1
399005,-1.71,0.1
399006,-1.87,0.1
399007,-1.77,0.1
399008,-1.76,0.1
399009,-1.68,0.1
399010,-1.65,0.1
399011,-1.83,0.1
399012,-1.98,0.1
399013,-1.63,0.1
399014,-1.92,0.1
399015,-1.86,0.1
399016,-1.77,0.1
399017,-1.85,0.1
399018,-1.93,0.1
399019,-1.88,0.1
399020,-1.75,0.1
399021,-1.79,0.1
399022,-1.92,0.1
399023,-1.95,0.1
399024,-1.86,0.1
399025,-2,0.1
399026,-2.01,0.1
399027,-1.97,0.1
399028,-1.99,0.1
399029,-2.04,0.1
399030,-2.05,0.1
399031,-1.99,0.1
399032,-2.02,0.1
399033,-2.02,0.1
399034,-1.99,0.1
399035,-1.92,0.1
399036,-2.04,0.1
399037,-1.91,0.1
399038,-2,0.1
399039,-1.71,0.1
399040,-2.01,0.1
399041,-2.07,0.1
399042,-2.11,0.1
399043,-1.9,0.1
399044,-2.04,0.1
399045,-2.02,0.1
399046,-1.88,0.1
399047,-2.03,0.1
399048,-1.98,0.1
399049,-2.05,0.1
399050,-2.04,0.1
399051,-2.08,0.1
399052,-2.04,0.1
399053,-2.15,0.1
399054,-1.94,0.1
399055,-1.9,0.1
399056,-2.18,0.1
399057,-2.08,0.1
399058,-2.02,0.1
399059,-1.83,0.1
399060,-1.86,0.1
399061,-1.96,0.1
399062,-1.93,0.1
399063,-1.92,0.1
399064,-1.96,0.1
399065,-1.87,0.1
399066,-2.01,0.1
399067,-1.88,0.1
399068,-1.83,0.1
399069,-1.91,0.1
399070,-1.86,0.1
399071,-1.88,0.1
399072,-1.82,0.1
399073,-1.9,0.1
399074,-1.77,0.1
399075,-1.91,0.1
399076,-2.01,0.1
399077,-2.02,0.1
399078,-1.94,0.1
399079,-1.96,0.1
399080,-2.06,0.1
399081,-1.95,0.1
399082,-1.98,0.1
399083,-1.99,0.1
399084,-1.88,0.1
399085,-1.93,0.1
399086,-1.93,0.1
399087,-1.91,0.1
399088,-1.77,0.1
399089,-1.83,0.1
399090,-1.84,0.1
399091,-1.89,0.1
399092,-1.85,0.1
399093,-1.76,0.1
399094,-1.68,0.1
399095,-1.77,0.1
399096,-1.61,0.1
399097,-1.66,0.1
399098,-1.78,0.1
399099,-1.81,0.1
399100,-1.85,0.1
399101,-1.82,0.1
399102,-1.88,0.1
399103,-1.78,0.1
399104,-1.91,0.1
399105,-1.95,0.1
399106,-1.8,0.1
399107,-1.9,0.1
399108,-1.81,0.1
399109,-1.84,0.1
399110,-1.79,0.1
399111,-1.79,0.1
399112,-1.86,0.1
399113,-1.76,0.1
399114,-1.76,0.1
399115,-1.83,0.1
399116,-1.86,0.1
399117,-1.77,0.1
399118,-1.82,0.1
399119,-1.8,0.1
399120,-1.78,0.1
399121,-1.81,0.1
399122,-1.81,0.1
399123,-1.84,0.1
399124,-1.84,0.1
399125,-1.83,0.1
399126,-1.86,0.1
399127,-1.86,0.1
399128,-1.85,0.1
399129,-1.92,0.1
399130,-1.88,0.1
399131,-1.83,0.1
399132,-1.92,0.1
399133,-1.96,0.1
399134,-1.99,0.1
399135,-1.91,0.1
399136,-1.88,0.1
399137,-1.9,0.1
399138,-1.95,0.1
399139,-1.73,0.1
399140,-2.02,0.1
399141,-1.77791,0.1
399142,-1.79,0.1
399143,-1.89,0.1
399144,-1.64,0.1
399145,-1.76,0.1
399146,-1.75,0.1
399147,-1.66,0.1
399148,-1.73,0.1
399149,-1.87,0.1
399150,-1.8,0.1
399151,-1.9,0.1
399152,-2,0.1
399153,-1.98,0.1
399154,-1.99,0.1
399155,-2.05,0.1
399156,-2,0.1
399157,-1.99,0.1
399158,-1.97,0.1
399159,-1.96,0.1
399160,-2.01,0.1
399161,-2.03,0.1
399162,-1.96,0.1
399163,-2.02,0.1
399164,-2,0.1
399165,-2.01,0.1
399166,-1.99,0.1
399167,-1.99,0.1
399168,-1.95,0.1
399169,-1.94,0.1
399170,-1.92,0.1
399171,-1.97,0.1
399172,-1.91,0.1
399173,-1.9,0.1
399174,-1.86,0.1
399175,-1.92,0.1
399176,-1.86,0.1
399177,-1.8,0.1
399178,-1.82,0.1
399179,-1.92,0.1
399180,-1.94,0.1
399181,-1.85,0.1
399182,-1.94,0.1
399183,-1.9,0.1
399184,-1.94,0.1
399185,-1.92,0.1
399186,-2,0.1
399187,-2.21,0.1
399188,-2.23,0.1
399189,-2.16,0.1
399190,-2.15,0.1
399191,-2.04,0.1
399192,-2.34,0.1
399193,-1.74,0.1
399194,-0.86,0.1
399195,-1.11,0.1
399196,-1.53,0.1
399197,-2.01,0.1
399198,-1.4,0.1
399199,-1.6,0.1
399200,-1.55,0.1
399201,-1.68,0.1
399202,-1.78,0.1
399203,-1.89,0.1
399204,-1.83,0.1
399205,-1.92,0.1
399206,-1.79,0.1
399207,-1.85,0.1
399208,-1.8,0.1
399209,-1.99,0.1
399210,-1.97,0.1
399211,-2.01,0.1
399212,-2.18,0.1
399213,-2.18,0.1
399214,-2.29,0.1
399215,-2.23,0.1
399216,-2.26,0.1
399217,-2.15,0.1
399218,-2.2,0.1
399219,-2.26,0.1
399220,-2.23,0.1
399221,-2.31,0.1
399222,-2.29,0.1
399223,-2.38,0.1
399224,-2.3,0.1
399225,-2.3,0.1
399226,-2.33,0.1
399227,-2.3,0.1
399228,-2.36,0.1
399229,-2.4,0.1
399230,-2.32,0.1
399231,-2.31,0.1
399232,-2.27,0.1
399233,-2.3,0.1
399234,-2.22,0.1
399235,-2.3,0.1
399236,-2.09,0.1
399237,-2.34,0.1
399238,-2.21,0.1
399239,-2.23,0.1
399240,-2.29,0.1
399241,-2.3,0.1
399242,-2.37,0.1
399243,-2.29,0.1
399244,-2.2,0.1
399245,-2.29,0.1
399246,-2.2,0.1
399247,-2.18,0.1
399248,-2.24,0.1
399249,-2.22,0.1
399250,-2.31,0.1
399251,-2.27,0.1
399252,-2.25,0.1
399253,-2.24,0.1
399254,-2.35,0.1
399255,-2.31,0.1
399256,-2.22,0.1
399257,-2.26,0.1
399258,-2.16,0.1
399259,-2.13,0.1
399260,-2.39,0.1
399261,-2.19,0.1
399262,-2.32,0.1
399263,-2.09,0.1
399264,-2.17,0.1
399265,-2.31,0.1
399266,-2.39,0.1
399267,-2.22,0.1
399268,-2.32,0.1
399269,-2.24,0.1
399270,-2.17,0.1
399271,-2.26,0.1
399272,-2.09,0.1
399273,-2.4,0.1
399274,-2.17,0.1
399275,-2.25,0.1
399276,-2.16,0.1
399277,-2.11,0.1
399278,-2.03,0.1
399279,-2.13,0.1
399280,-1.94,0.1
399281,-1.96,0.1
399282,-2,0.1
399283,-1.95,0.1
399284,-2.13,0.1
399285,-2.06,0.1
399286,-2,0.1
399287,-1.96,0.1
399288,-1.81,0.1
399289,-1.82,0.1
399290,-2.1,0.1
399291,-1.98,0.1
399292,-2.17,0.1
399293,-2.26,0.1
399294,-2.55,0.1
399295,-2.54,0.1
399296,-2.69,0.1
399297,-2.64,0.1
399298,-2.59,0.1
399299,-2.79,0.1
399300,-2.54,0.1
399301,-2.59,0.1
399302,-2.47,0.1
399303,-2.57,0.1
399304,-2.68,0.1
399305,-2.32,0.1
399306,-2.35,0.1
399307,-2.37,0.1
399308,-2.21,0.1
399309,-2.33,0.1
399310,-2.12,0.1
399311,-2.24,0.1
399312,-2.3,0.1
399313,-2.06,0.1
399314,-2.1,0.1
399315,-2.07,0.1
399316,-1.86,0.1
399317,-1.94,0.1
399318,-1.88,0.1
399319,-1.95,0.1
399320,-1.93,0.1
399321,-2.03,0.1
399322,-2.1,0.1
399323,-2.1,0.1
399324,-2.06,0.1
399325,-1.91,0.1
399326,-1.88,0.1
399327,-1.98,0.1
399328,-2.06,0.1
399329,-2.17,0.1
399330,-2,0.1
399331,-2.22,0.1
399332,-2.31,0.1
399333,-2.13,0.1
399334,-2.18,0.1
399335,-2.02,0.1
399336,-2.13,0.1
399337,-1.94,0.1
399338,-1.79,0.1
399339,-1.91,0.1
399340,-2,0.1
399341,-1.89,0.1
399342,-1.93,0.1
399343,-1.84,0.1
399344,-1.62,0.1
399345,-1.78,0.1
399346,-1.62,0.1
399347,-1.62,0.1
399348,-1.65,0.1
399349,-1.24,0.1
399350,-0.81,0.1
399351,-0.57,0.1
399352,-0.14,0.1
399353,-1.22,0.1
399354,-1.22,0.1
399355,-1.8,0.1
399356,-1.88,0.1
399357,-1.77,0.1
399358,-1.96,0.1
399359,-1.99,0.1
399360,-2.06,0.1
399361,-2.12,0.1
399362,-1.99,0.1
399363,-2.05,0.1
399364,-2.22,0.1
399365,-2.14,0.1
399366,-2.14,0.1
399367,-2.07,0.1
399368,-2.1,0.1
399369,-2.23,0.1
399370,-2.42,0.1
399371,-2.28,0.1
399372,-2.1,0.1
399373,-2.11,0.1
399374,-2.01,0.1
399375,-2.1,0.1
399376,-2.23,0.1
399377,-2.11,0.1
399378,-2.16,0.1
399379,-2.21,0.1
399380,-2.14,0.1
399381,-2.17,0.1
399382,-2.11,0.1
399383,-2.11,0.1
399384,-2.19,0.1
399385,-2.12,0.1
399386,-2.11,0.1
399387,-2.18,0.1
399388,-2.16,0.1
399389,-2.13,0.1
399390,-2.06,0.1
399391,-2.13,0.1
399392,-2.08,0.1
399393,-1.95,0.1
399394,-2.03,0.1
399395,-2.01,0.1
399396,-2.03,0.1
399397,-2.14,0.1
399398,-2.1,0.1
399399,-2.1,0.1
399400,-2.03,0.1
399401,-2.35,0.1
399402,-2.18,0.1
399403,-2.11,0.1
399404,-2.27,0.1
399405,-2.23,0.1
399406,-2.26,0.1
399407,-2.3,0.1
399408,-1.85,0.1
399409,-1.72,0.1
399410,-1.35,0.1
399411,-1.16,0.1
399412,-1.79,0.1
399413,-1.28,0.1
399414,-1.22,0.1
399415,-1.4,0.1
399416,-1.55,0.1
399417,-1.59,0.1
399418,-1.5,0.1
399419,-1.47,0.1
399420,-1.38,0.1
399421,-1.12,0.1
399422,-1.1,0.1
399423,-1.43,0.1
399424,-1.37,0.1
399425,-1.4,0.1
399426,-1.34,0.1
399427,-1,0.1
399428,-1.16,0.1
399429,-1.37,0.1
399430,-1.24,0.1
399431,-1.13,0.1
399432,-1.27,0.1
399433,-1.13,0.1
399434,-1.39,0.1
399435,-1.22,0.1
399436,-1.29,0.1
399437,-1.28,0.1
399438,-1.47,0.1
399439,-1.72,0.1
399440,-1.43,0.1
399441,-1.33,0.1
399442,-1.24,0.1
399443,-1.62,0.1
399444,-1.44,0.1
399445,-1.47,0.1
399446,-1.52,0.1
399447,-1.29,0.1
399448,-1.3,0.1
399449,-1.29,0.1
399450,-1.03,0.1
399451,-0.78,0.1
399452,-1,0.1
399453,-0.8,0.1
399454,-1.03,0.1
399455,-0.91,0.1
399456,-0.83,0.1
399457,-1.26,0.1
399458,-0.81,0.1
399459,-1.06,0.1
399460,-0.97,0.1
399461,-0.77,0.1
399462,-0.77,0.1
399463,-0.78,0.1
399464,-1.01,0.1
399465,-0.72,0.1
399466,-1.04,0.1
399467,-1.26,0.1
399468,-1.68,0.1
399469,-0.84,0.1
399470,-0.85,0.1
399471,-0.62,0.1
399472,-1,0.1
399473,-0.97,0.1
399474,-0.87,0.1
399475,-0.78,0.1
399476,-0.8,0.1
399477,-0.72,0.1
399478,-0.58,0.1
399479,-0.52,0.1
399480,-0.63,0.1
399481,-0.47,0.1
399482,-0.59,0.1
399483,-0.74,0.1
399484,-0.55,0.1
399485,-0.58,0.1
399486,-0.8,0.1
399487,-0.66,0.1
399488,-0.58,0.1
399489,-0.17,0.1
399490,-0.04,0.1
399491,-0.26,0.1
399492,-0.27,0.1
399493,-0.37,0.1
399494,-0.18,0.1
399495,-0.08,0.1
399496,-0.06,0.1
399497,-0.08,0.1
399498,-0.13,0.1
399499,-0.18,0.1
399500,-0.11,0.1
399501,-0.1,0.1
399502,-0.19,0.1
399503,-0.15,0.1
399504,-0.12,0.1
399505,-0.19,0.1
399506,-0.2,0.1
399507,-0.13,0.1
399508,-0.02,0.1
399509,0.02,0.1
399510,-0.01,0.1
399511,-0.04,0.1
399512,-0.06,0.1
399513,-0.14,0.1
399514,-0.36,0.1
399515,-0.6,0.1
399516,-0.58,0.1
399517,-0.47,0.1
399518,-0.58,0.1
399519,-0.46,0.1
399520,-0.34,0.1
399521,-0.3,0.1
399522,-0.36,0.1
399523,-0.37,0.1
399524,-0.48,0.1
399525,-0.56,0.1
399526,-0.6,0.1
399527,-0.66,0.1
399528,-0.67,0.1
399529,-0.87,0.1
399530,-0.47,0.1
399531,-0.41,0.1
399532,-0.4,0.1
399533,-0.39,0.1
399534,-0.3,0.1
399535,-0.48,0.1
399536,-0.16,0.1
399537,-0.09,0.1
399538,-0.07,0.1
399539,-0.13,0.1
399540,-0.06,0.1
399541,-0.3,0.1
399542,-0.45,0.1
399543,-0.46,0.1
399544,-0.45,0.1
399545,-0.05,0.1
399546,-0.19,0.1
399547,-0.5,0.1
399548,-0.5,0.1
399549,-0.37,0.1
399550,-0.51,0.1
399551,-0.46,0.1
399552,-0.57,0.1
399553,-0.59,0.1
399554,-0.56,0.1
399555,-0.63,0.1
399556,-0.61,0.1
399557,-0.62,0.1
399558,-0.43,0.1
399559,-0.57,0.1
399560,-0.63,0.1
399561,-0.73,0.1
399562,-0.59,0.1
399563,-0.68,0.1
399564,-0.57,0.1
399565,-0.37,0.1
399566,-0.1,0.1
399567,-0.31,0.1
399568,-0.43,0.1
399569,-0.38,0.1
399570,-0.28,0.1
399571,-0.16,0.1
399572,-0.22,0.1
399573,-0.27,0.1
399574,-0.41,0.1
399575,-0.26,0.1
399576,-0.37,0.1
399577,-0.39,0.1
399578,-0.41,0.1
399579,-0.57,0.1
399580,-0.64,0.1
399581,-0.47,0.1
399582,-0.57,0.1
399583,-0.56,0.1
399584,-0.74,0.1
399585,-0.64,0.1
399586,-0.75,0.1
399587,-0.81,0.1
399588,-0.71,0.1
399589,-0.47,0.1
399590,-0.3,0.1
399591,-0.33,0.1
399592,-0.36,0.1
399593,-0.46,0.1
399594,-0.34,0.1
399595,-0.31,0.1
399596,-0.28,0.1
399597,-0.23,0.1
399598,-0.2,0.1
399599,-0.06,0.1
399600,0,0.1
399601,0.03,0.1
399602,0.08,0.1
399603,0.07,0.1
399604,0.22,0.1
399605,0.37,0.1
399606,0.54,0.1
399607,0.63,0.1
399608,0.83,0.1
399609,0.55,0.1
399610,0.4,0.1
399611,0.07,0.1
399612,0.13,0.1
399613,0.06,0.1
399614,-0.06,0.1
399615,-0.1,0.1
399616,-0.07,0.1
399617,-0.31,0.1
399618,-0.24,0.1
399619,-0.2,0.1
399620,0.33,0.1
399621,0.79,0.1
399622,0.91,0.1
399623,0.91,0.1
399624,0.73,0.1
399625,0.92,0.1
399626,1.2,0.1
399627,1.32,0.1
399628,1.27,0.1
399629,1.21,0.1
399630,1.14,0.1
399631,1.06,0.1
399632,1.03,0.1
399633,1.06,0.1
399634,0.97,0.1
399635,0.87,0.1
399636,0.82,0.1
399637,0.85,0.1
399638,0.65,0.1
399639,0.64,0.1
399640,0.66,0.1
399641,0.75,0.1
399642,0.66,0.1
399643,0.55,0.1
399644,0.47,0.1
399645,0.4,0.1
399646,0.46,0.1
399647,0.46,0.1
399648,0.37,0.1
399649,0.25,0.1
399650,0.15,0.1
399651,0.22,0.1
399652,0.27,0.1
399653,0.31,0.1
399654,0.19,0.1
399655,0,0.1
399656,-0.44,0.1
399657,-0.58,0.1
399658,-0.53,0.1
399659,-0.39,0.1
399660,-0.45,0.1
399661,-0.44,0.1
399662,-0.4,0.1
399663,-0.4,0.1
399664,-0.39,0.1
399665,-0.37,0.1
399666,-0.38,0.1
399667,-0.4,0.1
399668,-0.37,0.1
399669,-0.36,0.1
399670,-0.51,0.1
399671,-0.47,0.1
399673,-0.41,0.1
399674,-0.43,0.1
399675,-0.53,0.1
399676,-0.39,0.1
399677,-0.43,0.1
399678,-0.67,0.1
399679,-0.37,0.1
399680,-0.37,0.1
399681,-0.37,0.1
399682,-0.37,0.1
399683,-0.32,0.1
399684,-0.34,0.1
399685,-0.52,0.1
399686,-0.25,0.1
399687,-0.34,0.1
399688,-0.33,0.1
399689,-0.39,0.1
399690,-0.44,0.1
399691,-0.37,0.1
399692,-0.34,0.1
399693,-0.29,0.1
399694,-0.43,0.1
399695,-0.47,0.1
399696,-0.34,0.1
399697,-0.33,0.1
399698,-0.25,0.1
399699,-0.32,0.1
399700,-0.38,0.1
399701,-0.4,0.1
399702,-0.35,0.1
399703,-0.35,0.1
399704,-0.36,0.1
399705,-0.43,0.1
399706,-0.49,0.1
399708,-0.53,0.1
399709,-0.58,0.1
399710,-0.59,0.1
399711,-0.59,0.1
399712,-0.64,0.1
399713,-0.6,0.1
399714,-0.64,0.1
399715,-0.62,0.1
399716,-0.56,0.1
399717,-0.47,0.1
399718,-0.38,0.1
399719,-0.35,0.1
399720,-0.28,0.1
399721,-0.32,0.1
399722,-0.41,0.1
399723,-0.25,0.1
399724,-0.37,0.1
399725,-0.39,0.1
399726,-0.51,0.1
399727,-0.38,0.1
399728,-0.49,0.1
399729,-0.44,0.1
399730,-0.49,0.1
399731,-0.32,0.1
399732,-0.53,0.1
399733,-0.51,0.1
399734,-0.53,0.1
399735,-0.51,0.1
399736,-0.41,0.1
399737,-0.4,0.1
399738,-0.48,0.1
399739,-0.32,0.1
399740,-0.56,0.1
399741,-0.56,0.1
399742,-0.57,0.1
399743,-0.54,0.1
399744,-0.51,0.1
399745,-0.53,0.1
399746,-0.52,0.1
399747,-0.52,0.1
399748,-0.32,0.1
399749,-0.5,0.1
399750,-0.49,0.1
399751,-0.61,0.1
399752,-0.61,0.1
399753,-0.5,0.1
399754,-0.48,0.1
399755,-0.58,0.1
399756,-0.64,0.1
399757,-0.62,0.1
399758,-0.61,0.1
399759,-0.52,0.1
399760,-0.58,0.1
399761,-0.55,0.1
399762,-0.58,0.1
399763,-0.61,0.1
399764,-0.54,0.1
399765,-0.62,0.1
399766,-0.5,0.1
399767,-0.61,0.1
399768,-0.49,0.1
399770,-0.56,0.1
399771,-0.55,0.1
399772,-0.56,0.1
399773,-0.71,0.1
399774,-0.65,0.1
399775,-0.54,0.1
399776,-0.54,0.1
399777,-0.62,0.1
399778,-0.48,0.1
399779,-0.54,0.1
399780,-0.63,0.1
399781,-0.61,0.1
399782,-0.44,0.1
399783,-0.53,0.1
399784,-0.3,0.1
399785,-0.25,0.1
399786,-0.52,0.1
399787,-0.35,0.1
399788,-0.28,0.1
399789,-0.23,0.1
399790,-0.22,0.1
399791,-0.22,0.1
399792,-0.02,0.1
399793,-0.04,0.1
399794,-0.11,0.1
399795,-0.31,0.1
399796,-0.38,0.1
399797,-0.29,0.1
399798,-0.39,0.1
399799,-0.43,0.1
399800,-0.59,0.1
399801,-0.48,0.1
399802,-0.49,0.1
399803,-0.55,0.1
399804,-0.55,0.1
399805,-0.62,0.1
399806,-0.62,0.1
399807,-0.61,0.1
399808,-0.61,0.1
399809,-0.72,0.1
399810,-0.65,0.1
399811,-0.62,0.1
399812,-0.63,0.1
399813,-0.71,0.1
399814,-0.6,0.1
399815,-0.68,0.1
399816,-0.72,0.1
399817,-0.64,0.1
399818,-0.64,0.1
399819,-0.63,0.1
399820,-0.64,0.1
399821,-0.58,0.1
399822,-0.7,0.1
399823,-0.65,0.1
399824,-0.59,0.1
399825,-0.55,0.1
399826,-0.66,0.1
399827,-0.57,0.1
399828,-0.55,0.1
399829,-0.6,0.1
399830,-0.66,0.1
399831,-0.63,0.1
399832,-0.62,0.1
399833,-0.53,0.1
399834,-0.57,0.1
399835,-0.61,0.1
399836,-0.58,0.1
399837,-0.61,0.1
399838,-0.52,0.1
399839,-0.5,0.1
399840,-0.44,0.1
399841,-0.47,0.1
399842,-0.45,0.1
399843,-0.44,0.1
399844,-0.47,0.1
399845,-0.48,0.1
399846,-0.49,0.1
399847,-0.42,0.1
399848,-0.39,0.1
399849,-0.39,0.1
399850,-0.33,0.1
399851,-0.26,0.1
399852,-0.33,0.1
399853,-0.31,0.1
399854,-0.35,0.1
399855,-0.4,0.1
399856,-0.42,0.1
399857,-0.41,0.1
399858,-0.41,0.1
399859,-0.41,0.1
399860,-0.31,0.1
399861,-0.26,0.1
399862,-0.29,0.1
399863,-0.28,0.1
399864,-0.39,0.1
399865,-0.27,0.1
399866,-0.35,0.1
399867,-0.41,0.1
399868,-0.28,0.1
399869,-0.27,0.1
399870,-0.33,0.1
399871,-0.39,0.1
399872,-0.29,0.1
399873,-0.37,0.1
399874,-0.44,0.1
399875,-0.35,0.1
399876,-0.34,0.1
399877,-0.45,0.1
399878,-0.28,0.1
399879,-0.36,0.1
399880,-0.36,0.1
399881,-0.39,0.1
399882,-0.29,0.1
399883,-0.3,0.1
399884,-0.37,0.1
399885,-0.4,0.1
399886,-0.35,0.1
399887,-0.38,0.1
399888,-0.53,0.1
399889,-0.48,0.1
399890,-0.51,0.1
399891,-0.52,0.1
399892,-0.4,0.1
399893,-0.435,0.1
399894,-0.46,0.1
399895,-0.39,0.1
399896,-0.26,0.1
399897,-0.37,0.1
399898,-0.27,0.1
399899,-0.29,0.1
399900,-0.31,0.1
399901,-0.29,0.1
399902,-0.27,0.1
399903,-0.28,0.1
399904,-0.3,0.1
399905,-0.336666666667,0.1
399906,-0.345,0.1
399907,-0.44,0.1
399908,-0.38,0.1
399909,-0.39,0.1
399910,-0.41,0.1
399911,-0.42,0.1
399912,-0.33,0.1
399913,-0.4,0.1
399914,-0.44,0.1
399915,-0.5,0.1
399916,-0.55,0.1
399917,-0.49,0.1
399918,-0.41,0.1
399919,-0.42,0.1
399920,-0.37,0.1
399921,-0.45,0.1
399922,-0.48,0.1
399923,-0.33,0.1
399924,-0.435,0.1
399925,-0.37,0.1
399926,-0.4,0.1
399927,-0.43,0.1
399928,-0.385,0.1
399929,-0.35,0.1
399930,-0.28,0.1
399931,-0.39,0.1
399932,-0.57,0.1
399933,-0.506666666667,0.1
399934,-0.33,0.1
399935,-0.36,0.1
399936,-0.25,0.1
399937,-0.27,0.1
399938,-0.29,0.1
399939,-0.206666666667,0.1
399940,-0.21,0.1
399941,-0.03,0.1
399942,-0.02,0.1
399943,0.025,0.1
399944,-0.118,0.1
399945,-0.16,0.1
399946,-0.18,0.1
399947,-0.165,0.1
399948,-0.06,0.1
399949,-0.34,0.1
399950,-0.23,0.1
399951,-0.21,0.1
399952,-0.21,0.1
399953,-0.06,0.1
399954,-0.15,0.1
399955,-0.12,0.1
399956,-0.0566666666667,0.1
399957,-0.09,0.1
399958,-0.23,0.1
399959,-0.17,0.1
399960,-0.36,0.1
399961,-0.09,0.1
399962,-0.25,0.1
399963,-0.03,0.1
399964,-0.14,0.1
399965,-0.14,0.1
399966,-0.19,0.1
399967,-0.2,0.1
399968,-0.04,0.1
399969,0.1,0.1
399970,-0.25,0.1
399971,-0.32,0.1
399972,-0.13,0.1
399973,-0.06,0.1
399974,-0.2,0.1
399975,-0.08,0.1
399976,0.26,0.1
399977,0.43,0.1
399978,0.25,0.1
399979,0.16,0.1
399980,0.17,0.1
399981,0.07,0.1
399982,0.13,0.1
399983,0.05,0.1
399984,0.18,0.1
399985,0.05,0.1
399986,0.2,0.1
399987,0.17,0.1
399988,0.33,0.1
399989,0.32,0.1
399990,0.28,0.1
399991,0.42,0.1
399992,0.29,0.1
399993,0.67,0.1
399994,0.6,0.1
399995,0.59,0.1
399996,0.57,0.1
399997,0.58,0.1
399998,0.52,0.1
399999,0.52,0.1
400000,0.59,0.1
400001,0.59,0.1
400002,0.61,0.1
400003,0.59,0.1
400004,0.66,0.1
400005,0.6,0.1
400006,0.69,0.1
400007,0.64,0.1
400008,0.72,0.1
400009,0.64,0.1
400010,0.63,0.1
400011,0.78,0.1
400012,0.7,0.1
400013,0.68,0.1
400014,0.68,0.1
400015,0.72,0.1
400016,0.68,0.1
400017,0.65,0.1
400018,0.69,0.1
400019,0.67,0.1
400020,0.65,0.1
400021,0.69,0.1
400022,0.61,0.1
400023,0.61,0.1
400024,0.63,0.1
400025,0.57,0.1
400026,0.6,0.1
400027,0.54,0.1
400028,0.55,0.1
400029,0.47,0.1
400030,0.56,0.1
400031,0.57,0.1
400032,0.48,0.1
400033,0.55,0.1
400034,0.47,0.1
400035,0.49,0.1
400036,0.37,0.1
400037,0.45,0.1
400038,0.39,0.1
400039,0.33,0.1
400040,0.38,0.1
400041,0.35,0.1
400042,0.33,0.1
400043,0.38,0.1
400044,0.3,0.1
400045,0.35,0.1
400046,0.33,0.1
400047,0.34,0.1
400048,0.34,0.1
400049,0.4,0.1
400050,0.31,0.1
400051,0.36,0.1
400052,0.38,0.1
400053,0.34,0.1
400054,0.38,0.1
400055,0.37,0.1
400056,0.38,0.1
400057,0.35,0.1
400058,0.39,0.1
400059,0.42,0.1
400060,0.42,0.1
400061,0.45,0.1
400062,0.46,0.1
400063,0.39,0.1
400064,0.42,0.1
400065,0.46,0.1
400066,0.48,0.1
400067,0.42,0.1
400068,0.45,0.1
400069,0.47,0.1
400070,0.45,0.1
400071,0.54,0.1
400072,0.52,0.1
400073,0.56,0.1
400074,0.52,0.1
400075,0.48,0.1
400076,0.56,0.1
400077,0.58,0.1
400078,0.59,0.1
400079,0.53,0.1
400080,0.61,0.1
400081,0.52,0.1
400082,0.59,0.1
400083,0.56,0.1
400084,0.61,0.1
400085,0.6,0.1
400086,0.72,0.1
400087,0.7,0.1
400088,0.73,0.1
400089,0.75,0.1
400090,0.66,0.1
400091,0.76,0.1
400092,0.71,0.1
400093,0.72,0.1
400094,0.92,0.1
400095,0.89,0.1
400096,0.95,0.1
400097,0.93,0.1
400098,0.97,0.1
400099,0.95,0.1
400100,0.86,0.1
400101,0.82,0.1
400102,0.86,0.1
400103,0.83,0.1
400104,0.74,0.1
400105,0.9,0.1
400106,0.97,0.1
400107,1.02,0.1
400108,0.93,0.1
400109,0.94,0.1
400110,0.98,0.1
400111,1.06,0.1
400112,1.02,0.1
400113,1.18,0.1
400114,1.13,0.1
400115,1.05,0.1
400116,1.24,0.1
400117,1.32,0.1
400118,1.36,0.1
400119,1.4,0.1
400120,1.5,0.1
400121,1.54,0.1
400122,1.57,0.1
400123,1.52,0.1
400124,1.54,0.1
400125,1.49,0.1
400126,1.41,0.1
400127,1.41,0.1
400128,1.43,0.1
400129,1.39,0.1
400130,1.43,0.1
400131,1.37,0.1
400132,1.58,0.1
400133,1.4,0.1
400134,1.39,0.1
400135,1.32,0.1
400136,1.53,0.1
400137,1.83,0.1
400138,1.84,0.1
400139,1.93,0.1
400140,1.98,0.1
400141,2.09,0.1
400142,2.15,0.1
400143,2.18,0.1
400144,2.07,0.1
400145,2.16,0.1
400146,1.97,0.1
400147,1.97,0.1
400148,1.86,0.1
400149,1.87,0.1
400150,1.78,0.1
400151,1.75,0.1
400152,1.73,0.1
400153,1.66,0.1
400154,1.73,0.1
400155,2.14,0.1
400156,1.8,0.1
400157,1.9,0.1
400158,2.1,0.1
400159,2.03,0.1
400160,2.12,0.1
400161,2.02,0.1
400162,1.97,0.1
400163,2.09,0.1
400164,2.12,0.1
400165,2.12,0.1
400166,2.23,0.1
400167,2.25,0.1
400168,2.29,0.1
400169,2.24,0.1
400170,2.32,0.1
400171,2.28,0.1
400172,1.97,0.1
400173,2.2,0.1
400174,2.29,0.1
400175,2.16,0.1
400176,2.27,0.1
400177,2.19,0.1
400178,2.18,0.1
400179,2.33,0.1
400180,2.41,0.1
400181,2.54,0.1
400182,2.31,0.1
400183,2.39,0.1
400184,2.6,0.1
400185,2.61,0.1
400186,2.55,0.1
400187,2.38,0.1
400188,2.31,0.1
400189,2.14,0.1
400190,1.89,0.1
400191,2.07,0.1
400192,2.34,0.1
400193,2.09,0.1
400194,2.3,0.1
400195,2.33,0.1
400196,2.13,0.1
400197,1.93,0.1
400198,1.93,0.1
400199,2.27,0.1
400200,2.33,0.1
400201,2.44,0.1
400202,2.68,0.1
400203,-1.34472219857,0.1
400204,-1.45865942155,0.1
400205,-1.40829859324,0.1
400206,-1.55321267795,0.1
400207,-1.38720788525,0.1
400208,-1.50535757288,0.1
400209,-1.30179373242,0.1
400210,-1.39890136252,0.1
400211,-1.07928687722,0.1
400212,-1.02412060091,0.1
400213,-1.0168959578,0.1
400214,-1.49691943217,0.1
400215,-1.45140017723,0.1
400216,-1.20437045772,0.1
400217,-1.34029926419,0.1
400218,-1.42897306198,0.1
400219,-1.38332356915,0.1
400220,-1.49641302981,0.1
400221,-1.43291738765,0.1
400222,-1.49796021187,0.1
400223,-1.33099031386,0.1
400224,-1.3790804849,0.1
400225,-1.35939663313,0.1
400226,-1.32806530315,0.1
400227,-1.37996508093,0.1
400228,-1.77886132167,0.1
400229,-1.56058148574,0.1
400230,-1.52371433454,0.1
400231,-1.59482730533,0.1
400232,-1.64110341198,0.1
400233,-1.60654399835,0.1
400234,-1.70604402904,0.1
400235,-1.76396195736,0.1
400236,-1.64020570027,0.1
400237,-1.59144573498,0.1
400238,-1.81519704779,0.1
400239,-1.86742218828,0.1
400240,-1.79935624688,0.1
400241,-1.91766722865,0.1
400242,-2.02013740952,0.1
400243,-1.6807977526,0.1
400244,-1.72683508023,0.1
400245,-1.72312239252,0.1
400246,-1.79316843403,0.1
400247,-1.74292339365,0.1
400248,-1.91568712854,0.1
400249,-1.73945821845,0.1
400250,-1.60802907343,0.1
400251,-1.68154029014,0.1
400252,-1.59540593521,0.1
400253,-1.54392333226,0.1
400254,-1.76049678216,0.1
400255,-1.67807511494,0.1
400256,-1.46669942784,0.1
400257,-1.71272686692,0.1
400258,-1.86915477588,0.1
400259,-1.90504409043,0.1
400260,-1.80999928499,0.1
400261,-1.78698062117,0.1
400262,-1.86544208816,0.1
400263,-1.80183137202,0.1
400264,-1.84588859954,0.1
400265,-1.58501040961,0.1
400266,-1.50902406777,0.1
400267,-1.52115218096,0.1
400268,-1.65555147615,0.1
400269,-1.65654152621,0.1
400270,-1.71074676681,0.1
400271,-1.66767958935,0.1
400272,-1.61421688629,0.1
400273,-1.75034876908,0.1
400274,-1.68698556545,0.1
400275,-1.41323672478,0.1
400276,-1.30408370604,0.1
400277,-1.3157167942,0.1
400278,-1.44269071397,0.1
400279,-1.36818944721,0.1
400280,-1.4362553886,0.1
400281,-1.15805132268,0.1
400282,-1.4065538869,0.1
400283,-1.30680634369,0.1
400284,-1.49541087949,0.1
400285,-1.42264220032,0.1
400286,-1.42090961272,0.1
400287,-1.32017201946,0.1
400288,-1.30680634369,0.1
400289,-1.06102641713,0.1
400290,-1.53104018891,0.1
400291,-1.35410143946,0.1
400292,-1.32750254558,0.1
400293,-1.23775294342,0.1
400294,-1.20342756945,0.1
400295,-1.16008191716,0.1
400296,-1.03323436137,0.1
400297,-1.08343591915,0.1
400298,-1.20361601811,0.1
400299,-1.42625977468,0.1
400300,-1.45231214615,0.1
400301,-1.46122824656,0.1
400302,-1.43275762142,0.1
400303,-1.51576602219,0.1
400304,-1.40665473488,0.1
400305,-1.51680584217,0.1
400306,-1.36113025079,0.1
400307,-1.42534194737,0.1
400308,-1.1971927229,0.1
400309,-1.24093075534,0.1
400310,-1.30739891406,0.1
400311,-1.16604904005,0.1
400312,-1.31595680712,0.1
400313,-1.35405296072,0.1
400314,-1.3871944298,0.1
400315,-1.0861064244,0.1
400316,-0.904287669063,0.1
400317,-1.18297924078,0.1
400318,-1.08675721819,0.1
400319,-1.04035873429,0.1
400320,-1.15356501237,0.1
400321,-1.18375673706,0.1
400322,-1.13605934178,0.1
400323,-0.994832280247,0.1
400324,-0.937121517641,0.1
400325,-1.02771019936,0.1
400326,-1.07238531564,0.1
400327,-0.926817929113,0.1
400328,-0.985695414293,0.1
400329,-0.863634709605,0.1
400330,-0.949805969703,0.1
400331,-1.1255668781,0.1
400332,-1.00025630082,0.1
400333,-0.976239362036,0.1
400334,-0.97877174747,0.1
400335,-0.875807157706,0.1
400336,-0.945624247311,0.1
400337,-0.88397656098,0.1
400338,-0.842625539151,0.1
400339,-0.963803831812,0.1
400340,-1.00889075172,0.1
400341,-1.08483421,0.1
400342,-1.04917203298,0.1
400343,-1.15928888525,0.1
400344,-0.951873398379,0.1
400345,-1.32289465711,0.1
400346,-1.21547422597,0.1
400347,-1.37833746029,0.1
400348,-1.44269071397,0.1
400349,-1.3837827356,0.1
400350,-1.3419531207,0.1
400351,-1.27636230445,0.1
400352,-1.45308623956,0.1
400353,-1.41422677484,0.1
400354,-1.42462230043,0.1
400355,-1.50852904274,0.1
400356,-1.4939258044,0.1
400357,-1.495658392,0.1
400358,-1.32116206951,0.1
400359,-1.39516831125,0.1
400360,-1.37660487269,0.1
400361,-1.19814834997,0.1
400362,-1.15037843474,0.1
400363,-1.23255258944,0.1
400364,-1.26299662868,0.1
400365,-1.32413221968,0.1
400366,-1.312251619,0.1
400367,-1.4048212993,0.1
400368,-1.60134623555,0.1
400369,-1.62956266216,0.1
400370,-1.38353522308,0.1
400371,-1.21621676351,0.1
400372,-1.16819933576,0.1
400373,-1.38848547337,0.1
400374,-1.43823548871,0.1
400375,-1.43204767586,0.1
400376,-1.42635488803,0.1
400377,-1.29629021526,0.1
400378,-1.36633039811,0.1
400379,-1.36954779167,0.1
400380,-1.74449788716,0.1
400381,-1.7190062305,0.1
400382,-1.50467832113,0.1
400383,-1.65069849033,0.1
400384,-1.49923350127,0.1
400385,-1.34306616777,0.1
400386,-1.35618323381,0.1
400387,-1.47497930367,0.1
400388,-1.55491915901,0.1
400389,-1.61679211206,0.1
400390,-1.26139386974,0.1
400391,-1.32376180641,0.1
400392,-1.31608956024,0.1
400393,-1.33687887246,0.1
400394,-1.28540057552,0.1
400395,-1.18368144071,0.1
400396,-1.43884549909,0.1
400397,-1.22625003241,0.1
400398,-1.12700581571,0.1
400399,-1.17798912903,0.1
400400,-1.05770810829,0.1
400401,-1.11760112685,0.1
400402,-0.983708056446,0.1
400403,-0.900303315734,0.1
400404,-1.16635701385,0.1
400405,-1.26188885336,0.1
400406,-1.26980859135,0.1
400407,-1.1510125215,0.1
400408,-1.24753432826,0.1
400409,-1.14334027532,0.1
400410,-1.29010291995,0.1
400411,-1.24283198382,0.1
400412,-1.19234365413,0.1
400413,-1.23515973764,0.1
400414,-1.19828345763,0.1
400415,-1.307179855,0.1
400416,-1.07725996146,0.1
400417,-1.16041721036,0.1
400418,-1.17798912903,0.1
400419,-1.05424322292,0.1
400420,-1.13517304551,0.1
400421,-1.20620319562,0.1
400422,-1.28317314921,0.1
400423,-1.28218318196,0.1
400424,-1.44404282714,0.1
400425,-1.29901262519,0.1
400426,-1.25471159081,0.1
400427,-1.30594239594,0.1
400428,-1.22600254059,0.1
400429,-1.15670483318,0.1
400430,-1.24901927913,0.1
400431,-1.11190881517,0.1
400432,-1.22748749147,0.1
400433,-1.02998902533,0.1
400434,-1.03592882882,0.1
400435,-1.08666465032,0.1
400436,-1.13814294726,0.1
400437,-0.769875130702,0.1
400438,-0.95945385885,0.1
400439,-1.00325990961,0.1
400440,-1.08938706026,0.1
400441,-1.15571486593,0.1
400442,-0.91119295547,0.1
400443,-1.07775494508,0.1
400444,-1.1247783894,0.1
400445,-0.929754841386,0.1
400446,-1.08097233864,0.1
400447,-1.17031688285,0.1
400448,-1.16685199748,0.1
400449,-1.12774829115,0.1
414965,-6.16,0.1
414966,-6.28,0.1
414967,-6.2,0.1
414968,-6.42,0.1
414969,-6.46,0.1
414970,-6.3,0.1
414971,-6.64,0.1
414972,-6.78,0.1
414973,-6.29,0.1
414974,-6.36,0.1
414975,-5.95,0.1
414976,-5.78,0.1
414977,-6.15,0.1
414978,-6.1,0.1
414979,-6.35,0.1
414980,-6.34,0.1
414981,-6.23,0.1
414982,-6.3,0.1
414983,-5.98,0.1
414984,-6.32,0.1
414985,-6.19,0.1
414986,-6.16,0.1
414987,-6.09,0.1
414988,-5.44,0.1
414989,-6.53,0.1
414990,-6.34,0.1
414991,-6.29,0.1
414992,-6.16,0.1
414993,-5.63,0.1
414994,-6.56,0.1
414995,-6.17,0.1
414996,-6.4,0.1
414997,-6.5,0.1
414998,-6.67,0.1
414999,-6.44,0.1
415000,-6.55,0.1
415001,-6.11,0.1
415002,-6.17,0.1
415003,-6.05,0.1
415004,-6.16,0.1
415005,-5.34,0.1
415006,-5.86,0.1
415007,-5.37,0.1
415008,-5.23,0.1
415009,-5.39,0.1
415010,-5.59,0.1
415011,-5.29,0.1
415012,-5.54,0.1
415013,-6,0.1
415014,-5.9,0.1
415015,-5.82,0.1
415016,-5.89,0.1
415017,-5.89,0.1
415018,-5.87,0.1
415019,-5.93,0.1
415020,-5.62,0.1
415021,-5.74,0.1
415022,-5.83,0.1
415023,-5.85,0.1
415024,-6.01,0.1
415025,-5.64,0.1
415026,-5.99,0.1
415027,-6.14,0.1
415028,-5.58,0.1
415029,-5.93,0.1
415030,-5.67,0.1
415031,-6.1,0.1
415032,-5.23,0.1
415033,-6,0.1
415034,-5.85,0.1
415035,-6.27,0.1
415036,-5.99,0.1
415037,-5.66,0.1
415038,-5.55,0.1
415039,-5.99,0.1
415040,-6.24,0.1
415041,-5.74,0.1
415042,-5.92,0.1
415043,-5.32,0.1
415044,-5.4,0.1
415045,-5.2,0.1
415046,-5.6,0.1
415047,-5.18,0.1
415048,-5.74,0.1
415049,-6.02,0.1
415050,-6.26,0.1
415051,-5.88,0.1
415052,-6.23,0.1
415053,-6.18,0.1
415054,-6.09,0.1
415055,-5.75,0.1
415056,-5.72,0.1
415057,-5.64,0.1
415058,-5.67,0.1
415059,-5.71,0.1
415060,-5.68,0.1
415061,-5.27,0.1
415062,-5.19,0.1
415063,-5.09,0.1
415064,-5.03,0.1
415065,-5.62,0.1
415066,-5.64,0.1
415067,-5.1,0.1
415068,-5.08,0.1
415069,-5.03,0.1
415070,-5.15,0.1
415071,-5.71,0.1
415072,-6.1,0.1
415073,-5.79,0.1
415074,-5.98,0.1
415075,-6.27,0.1
415076,-6.36,0.1
415077,-6.24,0.1
415078,-6.58,0.1
415079,-5.92,0.1
415080,-6.2,0.1
415081,-5.88,0.1
415082,-5.54,0.1
415083,-5.91,0.1
415084,-5.31,0.1
415085,-5.67,0.1
415086,-5.66,0.1
415087,-5.21,0.1
415088,-5.26,0.1
415089,-4.85,0.1
415090,-5.18,0.1
415091,-5.21,0.1
415092,-5.14,0.1
415093,-5.07,0.1
415094,-5.07,0.1
415095,-4.93,0.1
415096,-4.99,0.1
415097,-5.19,0.1
415098,-5.5,0.1
415099,-4.61,0.1
415100,-4.38,0.1
415101,-3.6,0.1
415102,-3.92,0.1
415103,-3.98,0.1
415104,-4.92,0.1
415105,-4.67,0.1
415106,-4.22,0.1
415107,-4.7,0.1
415108,-4.92,0.1
415109,-5.22,0.1
415110,-4.85,0.1
415111,-5.22,0.1
415112,-5.16,0.1
415113,-4.4,0.1
415114,-4.57,0.1
415115,-4.71,0.1
415116,-4.35,0.1
415117,-4.37,0.1
415118,-4.83,0.1
415119,-4.44,0.1
415120,-4.78,0.1
415121,-4.39,0.1
415122,-5.05,0.1
415123,-4.54,0.1
415124,-4.52,0.1
415125,-3.58,0.1
415126,-4.49,0.1
415127,-4.58,0.1
415128,-4.27,0.1
415129,-4.88,0.1
415130,-4.92,0.1
415131,-4.64,0.1
415132,-4.21,0.1
415133,-4.9,0.1
415134,-5.33,0.1
415135,-5.13,0.1
415136,-4.77,0.1
415137,-3.91,0.1
415138,-5.42,0.1
415139,-4.61,0.1
415140,-5.05,0.1
415141,-4.8,0.1
415142,-4.6,0.1
415143,-5.13,0.1
415144,-4.84,0.1
415145,-4.39,0.1
415146,-5.15,0.1
415147,-5.11,0.1
415148,-4.46,0.1
415149,-5.1,0.1
415150,-5.01,0.1
415151,-4.86,0.1
415152,-4.56,0.1
415153,-4.63,0.1
415154,-5.3,0.1
415155,-4.45,0.1
415156,-3.69,0.1
415157,-5.14,0.1
415158,-4.9,0.1
415159,-5.42,0.1
415160,-5.38,0.1
415161,-4.93,0.1
415162,-4.96,0.1
415163,-4.61,0.1
415164,-4.47,0.1
415165,-5.01,0.1
415166,-5.31,0.1
415167,-5.55,0.1
415168,-5.72,0.1
415169,-5.69,0.1
415170,-5.53,0.1
415171,-5.54,0.1
415172,-5.67,0.1
415173,-5.06,0.1
415174,-4.78,0.1
415175,-4.93,0.1
415176,-4.47,0.1
415177,-5,0.1
415178,-5.27,0.1
415179,-5.67,0.1
415180,-5.71,0.1
415181,-6.23,0.1
415182,-6.04,0.1
415183,-5.5,0.1
415184,-5.36,0.1
415185,-5.66,0.1
415186,-5.26,0.1
415187,-5.47,0.1
415188,-5.2,0.1
415189,-5.46,0.1
415190,-5.18,0.1
415191,-5.7,0.1
415192,-5.61,0.1
415193,-5.54,0.1
415194,-5.58,0.1
415195,-5.52,0.1
415196,-6.13,0.1
415197,-6.24,0.1
415198,-6.1,0.1
415199,-5.9,0.1
415200,-5.99,0.1
415201,-5.39,0.1
415202,-5.47,0.1
415203,-5.18,0.1
415204,-6.02,0.1
415205,-5.35,0.1
415206,-5.97,0.1
415207,-5.13,0.1
415208,-5.28,0.1
415209,-5.16,0.1
415210,-5.3,0.1
415211,-5.88,0.1
415212,-5.15,0.1
415213,-5.21,0.1
415214,-5.4,0.1
415215,-5.53,0.1
415216,-4.98,0.1
415217,-5.48,0.1
415218,-5.41,0.1
415219,-5.44,0.1
415220,-5.54,0.1
415221,-5.51,0.1
415222,-4.84,0.1
415223,-5.48,0.1
415224,-5.53,0.1
415225,-5.88,0.1
415226,-5.67,0.1
415227,-5.87,0.1
415228,-4.91,0.1
415229,-5.27,0.1
415230,-4.83,0.1
415231,-4.88,0.1
415232,-4.98,0.1
415233,-4.89,0.1
415234,-5.02,0.1
415235,-5.31,0.1
415236,-4.88,0.1
415237,-5.44,0.1
415238,-5.3,0.1
415239,-5.39,0.1
415240,-5.58,0.1
415241,-4.45,0.1
415242,-4.83,0.1
415243,-4.36,0.1
415244,-3.49,0.1
415245,-4.95,0.1
415246,-5.6,0.1
415247,-5.15,0.1
415248,-4.29,0.1
415249,-5.04,0.1
415250,-5.15,0.1
415251,-5,0.1
415252,-4.61,0.1
415253,-5.83,0.1
415254,-5.41,0.1
415255,-5.61,0.1
415256,-5.43,0.1
415257,-5.11,0.1
415258,-5.44,0.1
415259,-5.58,0.1
415260,-5.52,0.1
415261,-2.85,0.1
415262,-4.78,0.1
415263,-4.82,0.1
415264,-5.51,0.1
415265,-5.18,0.1
415266,-5.48,0.1
415267,-5.04,0.1
415268,-4.91,0.1
415269,-5.2,0.1
415270,-5.33,0.1
415271,-4.75,0.1
415272,-4.69,0.1
415273,-4.67,0.1
415274,-4.84,0.1
415275,-5.11,0.1
415276,-5.41,0.1
415277,-4.72,0.1
415278,-4.84,0.1
415279,-4.37,0.1
415280,-5.85,0.1
415281,-4.87,0.1
415282,-5.03,0.1
415283,-5.12,0.1
415284,-4.67,0.1
415285,-5.08,0.1
415286,-4.56,0.1
415287,-4.57,0.1
415288,-4.75,0.1
415289,-5.7,0.1
415290,-4.37,0.1
415291,-4.11,0.1
415292,-5,0.1
415293,-3.61,0.1
415294,-4.78,0.1
415295,-3.47,0.1
415296,-3.33,0.1
415297,-4.3,0.1
415298,-4.32,0.1
415299,-4.49,0.1
415300,-5.45,0.1
415301,-5.35,0.1
415302,-5.05,0.1
415303,-4.85,0.1
415304,-5.58,0.1
415305,-5.39,0.1
415306,-5.91,0.1
415307,-5.63,0.1
415308,-5.03,0.1
415309,-5.6,0.1
415310,-5.29,0.1
415311,-5.73,0.1
415312,-5.72,0.1
415313,-4.83,0.1
415314,-4.38,0.1
415315,-6.09,0.1
415316,-4.49,0.1
415317,-6.18,0.1
415318,-6.02,0.1
415319,-4.82,0.1
415320,-6.9,0.1
415321,-4.18,0.1
415322,-4.74,0.1
415323,-5.77,0.1
415324,-5.4,0.1
415325,-5.93,0.1
415326,-5.29,0.1
415327,-6.02,0.1
415328,-5.4,0.1
415329,-6,0.1
415330,-6.29,0.1
415331,-5.59,0.1
415332,-5.72,0.1
415333,-5.74,0.1
415334,-5.85,0.1
415335,-5.83,0.1
415336,-5.22,0.1
415337,-6.32,0.1
415338,-5.82,0.1
415339,-6.34,0.1
415340,-6.22,0.1
415341,-6.71,0.1
415342,-5.69,0.1
415343,-5.94,0.1
415344,-5.46,0.1
415345,-5.8,0.1
415346,-5.62,0.1
415347,-5.8,0.1
415348,-5.6,0.1
415349,-6.2,0.1
415350,-6.24,0.1
415351,-6.13,0.1
415352,-6.23,0.1
415353,-5.2,0.1
415354,-5.32,0.1
415355,-5.72,0.1
415356,-5.16,0.1
415357,-5.65,0.1
415358,-5.62,0.1
415359,-5.36,0.1
415360,-6.19,0.1
415361,-6.54,0.1
415362,-6.3,0.1
415363,-6.25,0.1
415364,-6.43,0.1
415365,-6.34,0.1
415366,-5.95,0.1
415367,-6.36,0.1
415368,-5.81,0.1
415369,-6.17,0.1
415370,-5.26,0.1
415371,-6.32,0.1
415372,-6.21,0.1
415373,-6.02,0.1
415374,-5.9,0.1
415375,-5.34,0.1
415376,-5.79,0.1
415377,-6.01,0.1
415378,-5.64,0.1
415379,-5.98,0.1
415380,-5.95,0.1
415381,-6.27,0.1
415382,-5.89,0.1
415383,-5.46,0.1
415384,-6,0.1
415385,-5.68,0.1
415386,-6.32,0.1
415387,-6.85,0.1
415388,-6.88,0.1
415389,-6.56,0.1
415390,-6.32,0.1
415391,-5.92,0.1
415392,-5.5,0.1
415393,-5.86,0.1
415394,-5.69,0.1
415395,-6.15,0.1
415396,-5.57,0.1
415397,-6.17,0.1
415398,-5.97,0.1
415399,-5.7,0.1
415400,-6.17,0.1
415401,-6.26,0.1
415402,-6.11,0.1
415403,-5.95,0.1
415404,-5.8,0.1
415405,-6.2,0.1
415406,-6.39,0.1
415407,-6.05,0.1
415408,-6.19,0.1
415409,-6.48,0.1
415410,-6,0.1
415411,-6.44,0.1
415412,-5.82,0.1
415413,-5.67,0.1
415414,-5.85,0.1
415415,-6.14,0.1
415416,-6.04,0.1
415417,-5.15,0.1
415418,-5.13,0.1
415419,-5.21,0.1
415420,-5.64,0.1
415421,-6.29,0.1
415422,-6.26,0.1
415423,-6.12,0.1
415424,-6.01,0.1
415425,-6.05,0.1
415426,-6.16,0.1
415427,-6.3,0.1
415428,-6.24,0.1
415429,-6.08,0.1
415430,-5.78,0.1
415431,-5.81,0.1
415432,-5.85,0.1
415433,-6.36,0.1
415434,-6.08,0.1
415435,-6.17,0.1
415436,-6.45,0.1
415437,-5.97,0.1
415438,-6.53,0.1
415439,-5.7,0.1
415440,-5.36,0.1
415441,-6.32,0.1
415442,-6.21,0.1
415443,-6.2,0.1
415444,-6.51,0.1
415445,-6.47,0.1
415446,-6.48,0.1
415447,-6.21,0.1
415448,-6.57,0.1
415449,-6.66,0.1
415450,-6.07,0.1
415451,-6.5,0.1
415452,-5.99,0.1
415453,-6.41,0.1
415454,-6.22,0.1
415455,-6.41,0.1
415456,-6.38,0.1
415457,-6.75,0.1
415458,-6.47,0.1
415459,-6.45,0.1
415460,-6.65,0.1
415461,-6.6,0.1
415462,-6.64,0.1
415463,-6.55,0.1
415464,-6.87,0.1
415465,-6.36,0.1
415466,-6.46,0.1
415467,-6.22,0.1
415468,-5.72,0.1
415469,-6.15,0.1
415470,-6.34,0.1
415471,-6.29,0.1
415472,-6.38,0.1
415473,-6.52,0.1
415474,-6.39,0.1
415475,-6.59,0.1
415476,-6.35,0.1
415477,-6.22,0.1
415478,-6.46,0.1
415479,-6.22,0.1
415480,-6.45,0.1
415481,-6.27,0.1
415482,-6.14,0.1
415483,-6.4,0.1
415484,-6.56,0.1
415485,-6.48,0.1
415486,-6.45,0.1
415487,-6.42,0.1
415488,-6.45,0.1
415489,-6.49,0.1
415490,-6.69,0.1
415491,-6.72,0.1
415492,-6.78,0.1
415493,-6.55,0.1
415494,-6.93,0.1
415495,-7.16,0.1
415496,-7.21,0.1
415497,-5.81,0.1
415498,-6.29,0.1
415499,-6.06,0.1
415500,-5.73,0.1
415501,-5.75,0.1
415502,-5.64,0.1
415503,-6.02,0.1
415504,-6.27,0.1
415505,-5.59,0.1
415506,-5.51,0.1
415507,-5.85,0.1
415508,-6.26,0.1
415509,-5.96,0.1
415510,-4.59,0.1
415511,-6.22,0.1
415512,-5.74,0.1
415513,-6.43,0.1
415514,-6.13,0.1
415515,-6.29,0.1
415516,-6.01,0.1
415517,-5.85,0.1
415518,-5.77,0.1
415519,-5.72,0.1
415520,-6.12,0.1
415521,-5.48,0.1
415522,-5.52,0.1
415523,-5.28,0.1
415524,-5.73,0.1
415525,-5.6,0.1
415526,-5.95,0.1
415527,-5.43,0.1
415528,-5.12,0.1
415529,-5.23,0.1
415530,-4.75,0.1
415531,-5.3,0.1
415532,-6.38,0.1
415533,-6.23,0.1
415534,-5.77,0.1
415535,-5.58,0.1
415536,-5.48,0.1
415537,-5.49,0.1
415538,-5.94,0.1
415539,-5.26,0.1
415540,-5.76,0.1
415541,-5.68,0.1
415542,-5.45,0.1
415543,-5.23,0.1
415544,-5.68,0.1
415545,-5.32,0.1
415546,-5.49,0.1
415547,-5.55,0.1
415548,-5.61,0.1
415549,-4.25,0.1
415550,-5.16,0.1
415551,-5.45,0.1
415552,-5.46,0.1
415553,-5.39,0.1
415554,-4.95,0.1
415555,-5.26,0.1
415556,-5.01,0.1
415557,-5.24,0.1
415558,-4.65,0.1
415559,-5.75,0.1
415560,-4.84,0.1
415561,-5.42,0.1
415562,-5.79,0.1
415563,-5.78,0.1
415564,-4.98,0.1
415565,-5.44,0.1
415566,-4.86,0.1
415567,-5.4,0.1
415568,-5.36,0.1
415569,-5.14,0.1
415570,-4.77,0.1
415571,-5.7,0.1
415572,-5.65,0.1
415573,-5.61,0.1
415574,-5.15,0.1
415575,-4.66,0.1
415576,-5.09,0.1
415577,-5.16,0.1
415578,-4.71,0.1
415579,-5.1,0.1
415580,-5.7,0.1
415581,-5.53,0.1
415582,-4.92,0.1
415583,-5.4,0.1
415584,-5.81,0.1
415585,-5.45,0.1
415586,-5.32,0.1
415587,-5.73,0.1
415588,-5.7,0.1
415589,-5.33,0.1
415590,-5.65,0.1
415591,-5.81,0.1
415592,-5.75,0.1
415593,-5.79,0.1
415594,-5.67,0.1
415595,-5.32,0.1
415596,-5.21,0.1
415597,-5.84,0.1
415598,-5.44,0.1
415599,-5.22,0.1
415600,-5.53,0.1
415601,-5.34,0.1
415602,-5.44,0.1
415603,-5.76,0.1
415604,-5.28,0.1
415605,-5.13,0.1
415606,-5.15,0.1
415607,-4.92,0.1
415608,-4.82,0.1
415609,-4.98,0.1
415610,-5.66,0.1
415611,-5.38,0.1
415612,-5.54,0.1
415613,-4.93,0.1
415614,-5.35,0.1
415615,-5.13,0.1
415616,-5.2,0.1
415617,-4.86,0.1
415618,-4.9,0.1
415619,-5.25,0.1
415620,-5.73,0.1
415621,-5.37,0.1
415622,-5.75,0.1
415623,-5.41,0.1
415624,-5.44,0.1
415625,-5.88,0.1
415626,-6.37,0.1
415627,-5.85,0.1
415628,-6.11,0.1
415629,-5.89,0.1
415630,-6.24,0.1
415631,-6.43,0.1
415632,-6.15,0.1
415633,-6.35,0.1
415634,-5.88,0.1
415635,-6.8,0.1
415636,-6.06,0.1
415637,-5.44,0.1
415638,-5.86,0.1
415639,-5.64,0.1
415640,-5.75,0.1
415641,-5.49,0.1
415642,-5.91,0.1
415643,-5.88,0.1
415757,-0.55,0.1
415758,1.01,0.1
415759,3.25,0.1
415760,4.04,0.1
415761,4.35,0.1
415762,4.13,0.1
415763,3.6,0.1
415764,3.33,0.1
415765,3.84,0.1
415766,1.83,0.1
415767,0.84,0.1
415768,0.37,0.1
415769,0.35,0.1
415770,0.95,0.1
415771,1.17,0.1
415772,-0.84,0.1
415773,-1.25,0.1
415774,-0.74,0.1
415775,0.38,0.1
415776,0.81,0.1
415777,-0.15,0.1
415778,-0.51,0.1
415779,-1.47,0.1
415780,-1.46,0.1
415781,-0.65,0.1
415782,1.28,0.1
415783,3.34,0.1
415784,4.07,0.1
415785,3.95,0.1
415786,3.78,0.1
415787,3.61,0.1
415788,3.18,0.1
415789,2.4,0.1
415790,1.49,0.1
415791,0.59,0.1
415792,-0.4,0.1
415793,0.19,0.1
415794,-0.5,0.1
415795,-1.19,0.1
415796,-0.11,0.1
415797,2.45,0.1
415798,2.38,0.1
415799,0.77,0.1
415800,0.06,0.1
415801,2.23,0.1
415802,3.25,0.1
415803,3.15,0.1
415804,3.3,0.1
415805,3.42,0.1
415806,2.36,0.1
415807,-0.15,0.1
415808,-0.63,0.1
415809,1.4,0.1
415810,0.73,0.1
415811,-0.65,0.1
415812,-1.53,0.1
415813,-1.3,0.1
415814,-0.53,0.1
415815,-2.71,0.1
415816,-2.65,0.1
415817,-1.58,0.1
415818,-0.97,0.1
415819,1.75,0.1
415820,3.17,0.1
415821,3.21,0.1
415822,3.51,0.1
415823,3.32,0.1
415824,3.57,0.1
415825,3.18,0.1
420392,-7.69,0.1
420393,-7.72,0.1
420394,-8.3,0.1
420395,-6.16,0.1
420396,-6.17,0.1
420397,-6.5,0.1
420398,-6.95,0.1
420399,-7.23,0.1
420400,-6.6,0.1
420401,-7.29,0.1
420402,-7.74,0.1
420403,-6.98,0.1
420404,-7,0.1
420405,-7.36,0.1
420406,-7.05,0.1
420407,-7.18,0.1
420408,-6.97,0.1
420409,-7.33,0.1
420410,-7.15,0.1
420411,-7.08,0.1
420412,-8.02,0.1
420413,-7.16,0.1
420414,-7.08,0.1
420415,-8.05,0.1
420416,-8.07,0.1
420417,-6.97,0.1
420418,-7.5,0.1
420419,-6.44,0.1
420420,-7.36,0.1
420421,-7.17,0.1
420422,-8.18,0.1
420423,-7.61,0.1
420424,-6.76,0.1
420425,-6.93,0.1
420426,-6.45,0.1
420427,-6.58,0.1
420428,-6.61,0.1
420429,-6.16,0.1
420430,-6.51,0.1
420431,-6.35,0.1
420432,-6.64,0.1
420433,-5.47,0.1
420434,-6.02,0.1
420435,-6.48,0.1
420436,-7.08,0.1
420437,-7.49,0.1
420438,-7.5,0.1
420439,-7.46,0.1
420440,-6.12,0.1
420441,-6.32,0.1
420442,-6.41,0.1
420443,-6.83,0.1
420444,-6.63,0.1
420445,-6.48,0.1
420446,-6.55,0.1
420447,-6.41,0.1
420448,-6.25,0.1
420449,-6.46,0.1
420450,-6.65,0.1
420451,-6.67,0.1
420452,-7.02,0.1
420453,-7.11,0.1
420454,-6.93,0.1
420455,-6.6,0.1
420456,-6.59,0.1
420457,-6.81,0.1
420458,-7.47,0.1
420459,-7.31,0.1
420460,-6.55,0.1
420461,-6.37,0.1
420462,-7.01,0.1
420463,-7.04,0.1
420464,-6.92,0.1
420465,-6.09,0.1
420466,-6.55,0.1
420467,-7.37,0.1
420468,-6.8,0.1
420469,-6.63,0.1
420470,-5.68,0.1
420471,-6.61,0.1
420472,-7.18,0.1
420473,-7.71,0.1
420474,-7.2,0.1
420475,-7.23,0.1
420476,-7.43,0.1
420477,-7.78,0.1
420478,-8.56,0.1
420479,-8.2,0.1
420480,-8.5,0.1
420481,-8.96,0.1
420482,-8.33,0.1
420483,-8.53,0.1
420484,-8.19,0.1
420485,-8.35,0.1
420486,-8.39,0.1
420487,-8.65,0.1
420488,-8.39,0.1
420489,-8.26,0.1
420490,-7.98,0.1
420491,-8.81,0.1
420492,-7.89,0.1
420493,-7.94,0.1
420494,-7.7,0.1
420495,-8.67,0.1
420496,-8.08,0.1
420497,-8.7,0.1
420498,-8.33,0.1
420499,-9.05,0.1
420500,-7.66,0.1
420501,-8.08,0.1
420502,-8.92,0.1
420503,-7.66,0.1
420504,-7.93,0.1
420505,-7.75,0.1
420506,-7.27,0.1
420507,-7.87,0.1
420508,-7.11,0.1
420509,-8.21,0.1
420510,-8.2,0.1
420511,-7.79,0.1
420512,-8.71,0.1
420513,-7.78,0.1
420514,-8.06,0.1
420515,-7.99,0.1
420516,-8.2,0.1
420517,-7.73,0.1
420518,-8.37,0.1
420519,-8.48,0.1
420520,-8.06,0.1
420521,-8.46,0.1
420522,-7.11,0.1
420523,-7.81,0.1
420524,-7.34,0.1
420526,-6,0.1
420527,-5.91,0.1
420528,-6.02,0.1
420529,-5.5,0.1
420530,-6.61,0.1
420531,-6.89,0.1
420532,-6.68,0.1
420533,-6.99,0.1
420534,-7.01,0.1
420535,-7.77,0.1
420536,-7.83,0.1
420537,-7.2,0.1
420538,-7.99,0.1
420539,-6.91,0.1
420540,-6.27,0.1
420541,-6.48,0.1
420542,-6.68,0.1
420543,-8.34,0.1
420544,-8.17,0.1
420545,-5.98,0.1
420546,-5.22,0.1
420547,-6.11,0.1
420548,-5.98,0.1
420549,-5.48,0.1
420550,-6.11,0.1
420551,-6.59,0.1
420552,-5.39,0.1
420553,-4.48,0.1
420554,-4.34,0.1
420555,-3.94,0.1
420556,-4.33,0.1
420557,-4.6,0.1
420558,-4.92,0.1
420559,-5.16,0.1
420560,-5.47,0.1
420561,-5.52,0.1
420562,-7.11,0.1
420563,-7.51,0.1
420564,-7.16,0.1
420565,-7.11,0.1
420566,-7.21,0.1
420567,-7.69,0.1
420568,-6.6,0.1
420569,-4.69,0.1
420570,-4.3,0.1
420571,-4.98,0.1
420572,-4.91,0.1
420573,-4.86,0.1
420574,-4.58,0.1
420575,-4.25,0.1
420576,-4.65,0.1
420577,-4.28,0.1
420578,-4.8,0.1
420579,-5.09,0.1
420580,-5.36,0.1
420581,-3.39,0.1
420582,-4.32,0.1
420583,-4.43,0.1
420584,-4.2,0.1
420585,-4.48,0.1
420586,-6.54,0.1
420587,-6.72,0.1
420588,-5.92,0.1
420589,-6.25,0.1
420590,-6.43,0.1
420591,-6.62,0.1
420592,-6.4,0.1
420593,-6.55,0.1
420594,-6.24,0.1
420595,-6.7,0.1
420596,-6.63,0.1
420597,-5.71,0.1
420598,-5.54,0.1
420599,-5.98,0.1
420600,-5.26,0.1
420601,-5.2,0.1
420602,-5.88,0.1
420603,-6.03,0.1
420604,-6.77,0.1
420605,-6.36,0.1
420606,-6.53,0.1
420607,-6.06,0.1
420608,-5.53,0.1
420609,-6.02,0.1
420610,-7.02,0.1
420611,-7.21,0.1
420612,-6.72,0.1
420613,-6.74,0.1
420614,-6.99,0.1
420615,-7.6,0.1
420616,-8.38,0.1
420617,-8.04,0.1
420618,-7.78,0.1
420619,-7.21,0.1
420620,-7.58,0.1
420621,-6.9,0.1
420622,-6.91,0.1
420623,-6.71,0.1
420624,-7.4,0.1
420625,-8.14,0.1
420626,-8.17,0.1
420627,-7.29,0.1
420628,-7.81,0.1
420629,-7.65,0.1
420630,-7.53,0.1
420631,-7.17,0.1
420632,-7.58,0.1
420633,-6.13,0.1
420634,-5.93,0.1
420636,-5.92,0.1
420637,-5.77,0.1
420638,-6.63,0.1
420639,-6.78,0.1
420640,-6.69,0.1
420641,-6.68,0.1
420642,-6.73,0.1
420643,-6.85,0.1
420644,-6.57,0.1
420645,-6.2,0.1
420646,-6.19,0.1
420647,-5.75,0.1
420648,-5.49,0.1
420649,-5.52,0.1
420650,-6.2,0.1
420651,-6.09,0.1
420652,-7.02,0.1
420653,-6.11,0.1
420654,-5.32,0.1
420655,-5.29,0.1
420656,-5.29,0.1
420657,-6.01,0.1
420658,-4.93,0.1
420659,-5.6,0.1
420660,-5.31,0.1
420661,-4.64,0.1
420662,-4.19,0.1
420663,-3.81,0.1
420664,-5.54,0.1
420665,-5.69,0.1
420666,-5.39,0.1
420667,-5.27,0.1
420668,-6.24,0.1
420669,-6.96,0.1
420670,-6.35,0.1
420671,-7.53,0.1
420672,-6.68,0.1
420673,-7.63,0.1
420674,-7.65,0.1
420675,-6.79,0.1
420676,-7.18,0.1
420677,-6.66,0.1
420678,-8.55,0.1
420679,-6.82,0.1
420680,-7.12,0.1
420681,-6.89,0.1
420682,-6.93,0.1
420683,-8.44,0.1
420684,-7.34,0.1
420685,-7.38,0.1
420686,-7.39,0.1
420687,-7.66,0.1
420688,-5.69,0.1
420689,-7.13,0.1
420690,-7.26,0.1
420691,-6.09,0.1
420692,-6.25,0.1
420693,-6.72,0.1
420694,-6.61,0.1
420695,-6.51,0.1
420696,-6.51,0.1
420697,-5.92,0.1
420698,-6.34,0.1
420699,-6.44,0.1
420700,-6.93,0.1
420701,-6.83,0.1
420702,-8.1,0.1
420703,-8.1,0.1
420704,-7.02,0.1
420705,-7.2,0.1
420706,-5.84,0.1
420707,-5.72,0.1
420708,-6.41,0.1
420709,-5.63,0.1
420710,-6.1,0.1
420711,-6.93,0.1
420712,-6.69,0.1
420713,-6.43,0.1
420714,-5.98,0.1
420715,-6.81,0.1
420716,-5.57,0.1
420717,-5.5,0.1
420718,-5.35,0.1
420719,-6.46,0.1
420720,-6.49,0.1
420721,-6.22,0.1
420722,-5.55,0.1
420723,-6.47,0.1
420724,-6.62,0.1
420725,-6.23,0.1
420726,-6.98,0.1
420727,-6.64,0.1
420728,-7.63,0.1
420729,-7.46,0.1
420730,-7.2,0.1
420731,-5.66,0.1
420732,-6.1,0.1
420733,-6.25,0.1
420734,-4.8,0.1
420735,-4.11,0.1
420736,-5.01,0.1
420737,-6.3,0.1
420738,-6.01,0.1
420739,-7.27,0.1
420740,-7.93,0.1
420741,-6.92,0.1
420742,-6.8,0.1
420743,-7.22,0.1
420744,-6.59,0.1
420745,-5.21,0.1
420746,-5.79,0.1
420747,-6.96,0.1
420748,-6.88,0.1
420749,-7.78,0.1
420750,-7.87,0.1
420751,-7.69,0.1
420752,-7.95,0.1
420753,-7.98,0.1
420754,-8.29,0.1
420755,-7.53,0.1
420756,-7.92,0.1
420757,-7.66,0.1
420758,-7.51,0.1
420759,-8.05,0.1
420760,-7.64,0.1
420761,-8.37,0.1
420762,-8.29,0.1
420763,-8.13,0.1
420764,-7.44,0.1
420765,-7.95,0.1
420766,-8.08,0.1
420767,-7.22,0.1
420768,-7.18,0.1
420769,-7.09,0.1
420770,-7.81,0.1
420771,-7.84,0.1
420772,-7.62,0.1
420773,-7.29,0.1
420774,-7.27,0.1
420775,-7.24,0.1
420776,-7.06,0.1
420777,-7.93,0.1
420778,-7.68,0.1
420779,-6.99,0.1
420780,-7.74,0.1
420781,-7.79,0.1
420782,-7.07,0.1
420783,-6.94,0.1
420784,-8.03,0.1
420785,-7.05,0.1
420786,-8,0.1
420787,-7.76,0.1
420788,-7.87,0.1
420789,-7.25,0.1
420790,-8.2,0.1
420791,-8.15,0.1
420792,-7.61,0.1
420793,-8.08,0.1
420794,-7.76,0.1
420795,-6.03,0.1
420796,-7.87,0.1
420797,-8.24,0.1
420798,-7.33,0.1
420799,-7.75,0.1
420800,-8.56,0.1
420801,-7.87,0.1
420802,-7.97,0.1
420803,-8.1,0.1
420804,-8.3,0.1
420805,-8.6,0.1
420806,-8.52,0.1
420807,-8.39,0.1
420808,-7.46,0.1
420809,-8.33,0.1
420810,-8,0.1
420811,-6.73,0.1
420812,-8.31,0.1
420813,-8.01,0.1
420814,-8.85,0.1
420815,-8.07,0.1
420816,-9.37,0.1
420817,-9.3,0.1
420818,-8.24,0.1
420819,-8.23,0.1
420820,-6.95,0.1
420821,-8.01,0.1
420822,-8.28,0.1
420823,-7.54,0.1
420824,-8.81,0.1
420825,-7.79,0.1
420826,-8.74,0.1
420827,-8.88,0.1
420828,-8.77,0.1
420829,-8.57,0.1
420830,-8.08,0.1
420831,-6.18,0.1
420832,-5.73,0.1
420833,-6.68,0.1
420834,-8.16,0.1
420835,-8.3,0.1
420836,-8.3,0.1
420837,-7.09,0.1
420838,-8.3,0.1
420839,-8.13,0.1
420840,-8.35,0.1
420841,-7.61,0.1
420842,-7.87,0.1
420843,-7.94,0.1
420844,-8.63,0.1
420845,-8.25,0.1
420846,-8.3,0.1
420847,-8,0.1
420848,-8.43,0.1
420849,-8.07,0.1
420850,-8.32,0.1
420851,-9.07,0.1
420852,-8.66,0.1
420853,-7.75,0.1
420854,-8.67,0.1
420855,-7.95,0.1
420856,-6.41,0.1
420857,-7.13,0.1
420858,-7.04,0.1
420859,-6.98,0.1
420860,-6.29,0.1
420861,-5.53,0.1
420862,-5.86,0.1
420863,-6.42,0.1
420864,-7.68,0.1
420865,-7.87,0.1
420866,-8.49,0.1
420867,-7.73,0.1
420868,-6.94,0.1
420869,-7.04,0.1
420870,-7.44,0.1
420871,-7.67,0.1
420872,-7.66,0.1
420873,-7.32,0.1
421178,-5.13751645173804,0.1
421179,-4.91806559177245,0.1
421180,-5.31365059972721,0.1
421181,-4.82416151403636,0.1
421182,-4.92973959925545,0.1
421183,-5.98019546557693,0.1
421184,-6.02146410606509,0.1
421185,-6.61315195901942,0.1
421186,-5.98971899799728,0.1
421187,-5.0798632393439,0.1
421188,-4.10180670013193,0.1
421189,-4.71786660379639,0.1
421190,-4.1290460509256,0.1
421191,-5.49582655860671,0.1
421192,-6.12397008405182,0.1
421193,-6.51289885966977,0.1
421194,-6.77064865646556,0.1
421195,-5.88967070579645,0.1
421196,-5.41963829924395,0.1
421197,-4.88877816949053,0.1
421198,-5.07883920359978,0.1
421199,-5.82454203247022,0.1
421200,-5.54344422070843,0.1
421201,-4.86717101528954,0.1
421202,-5.73831822281506,0.1
421203,-5.20397637153162,0.1
421204,-5.33361929673761,0.1
421205,-3.66751314104932,0.1
421206,-5.1238967763412,0.1
421207,-3.50909481143347,0.1
421208,-4.87413445834957,0.1
421209,-4.98780242594724,0.1
421210,-6.0581245857047,0.1
421211,-5.39444701993852,0.1
421212,-5.2778093486829,0.1
421213,-5.2861040382103,0.1
421214,-5.73463169413621,0.1
421215,-5.85167897968949,0.1
421216,-5.57191241439505,0.1
421217,-5.58788737200337,0.1
421218,-5.81450648217782,0.1
421219,-4.9725442933598,0.1
421220,-5.42055993141366,0.1
421221,-5.33157122524936,0.1
421222,-5.68885729637391,0.1
421223,-4.93905832452698,0.1
421224,-5.28262231668028,0.1
421225,-4.69113927087477,0.1
421226,-5.84789004743623,0.1
421227,-4.83214899284052,0.1
421228,-5.16455099538288,0.1
421229,-4.8261071819502,0.1
421230,-4.80470483489802,0.1
421231,-4.32504649235076,0.1
421232,-5.24862432997539,0.1
421233,-5.08703148955277,0.1
421234,-5.30320543513715,0.1
421235,-4.87095994754279,0.1
421236,-5.34959425434593,0.1
421237,-5.44652900919636,0.1
421238,-4.96081627440515,0.1
421239,-5.16011688025698,0.1
421240,-4.70537036288035,0.1
421241,-6.0383391118506,0.1
421242,-5.25636597569637,0.1
421243,-5.46724083986053,0.1
421244,-5.64948464398891,0.1
421245,-5.5329298322121,0.1
421246,-5.72542802309088,0.1
421247,-5.5250106028405,0.1
421248,-5.41657807759865,0.1
421249,-5.83071316230043,0.1
421250,-6.24038098940798,0.1
421251,-6.80579366082357,0.1
421252,-6.48668932858094,0.1
421253,-6.30434399587086,0.1
421254,-5.5786176939713,0.1
421255,-5.13219652029302,0.1
421256,-6.29835380955132,0.1
421257,-5.08732088718731,0.1
421258,-5.40256713332583,0.1
421259,-5.54988510535385,0.1
421260,-5.37332690179994,0.1
421261,-5.93356161554949,0.1
421262,-4.89431505340009,0.1
421263,-5.28195117828153,0.1
421264,-4.3879920165264,0.1
421265,-4.89695479652395,0.1
421266,-3.9424846000833,0.1
421267,-5.32885738302098,0.1
421268,-4.84649509142545,0.1
421269,-4.55165609020604,0.1
421270,-4.62587348341933,0.1
421271,-5.26469131939472,0.1
421272,-4.71532016388569,0.1
421273,-5.20621085634293,0.1
421274,-5.40469923354126,0.1
421275,-4.52546171613077,0.1
421276,-4.98782287713393,0.1
421277,-5.67825107546693,0.1
421278,-5.05219199792356,0.1
421279,-4.82263587472898,0.1
421280,-5.07655885752848,0.1
421281,-5.13757753512244,0.1
421282,-4.70120769103118,0.1
421283,-5.24925897497827,0.1
421284,-5.16643421422862,0.1
421285,-4.93705858629037,0.1
421286,-5.188341825966,0.1
421287,-4.91431618399245,0.1
421288,-5.22499364395505,0.1
421289,-5.15006555066995,0.1
421290,-5.66349558826174,0.1
421291,-5.23027313020278,0.1
421292,-5.05219199792357,0.1
421293,-5.3523104853907,0.1
421294,-5.73933743878202,0.1
421295,-5.71761032230098,0.1
421296,-5.7576125834857,0.1
421297,-5.46978075948118,0.1
421298,-5.41953107713209,0.1
421299,-5.00996589509397,0.1
421300,-4.71210030815717,0.1
421301,-4.64126641858073,0.1
421302,-4.91299813457694,0.1
421303,-4.90825569467653,0.1
421304,-4.49818599775539,0.1
421305,-4.65125581326459,0.1
421306,-4.82147913479656,0.1
421307,-5.11450137885635,0.1
421308,-4.75952470716133,0.1
421309,-5.31176669811836,0.1
421310,-5.9780290526386,0.1
421311,-5.59631309214336,0.1
421312,-5.41055071221428,0.1
421313,-5.32387505531092,0.1
421314,-5.57764604147151,0.1
421315,-5.08735847814971,0.1
421316,-5.68016346570179,0.1
421317,-6.26045648415491,0.1
421318,-5.55716273722077,0.1
421319,-4.89705546427342,0.1
421320,-4.94669972876288,0.1
421321,-4.77344931793277,0.1
421322,-5.43214394920766,0.1
421323,-5.68308965202333,0.1
421324,-5.27221273128936,0.1
421325,-5.82758271452113,0.1
421326,-5.7677472493946,0.1
421327,-6.26348357345304,0.1
421328,-5.46937714757477,0.1
421329,-5.44273876175115,0.1
421330,-5.16263209869675,0.1
421331,-5.12933411641723,0.1
421332,-5.42255816643022,0.1
421333,-6.08942593881009,0.1
421334,-5.39208546749564,0.1
421335,-5.43416200873976,0.1
421336,-6.07691396971113,0.1
421337,-6.83782331628649,0.1
421338,-5.35101795601756,0.1
421339,-5.09512800734827,0.1
421340,-5.44051889626585,0.1
421341,-5.51982863587707,0.1
421342,-5.20006710301706,0.1
421343,-5.97237848594875,0.1
421344,-5.99679700628706,0.1
421345,-6.21686639826172,0.1
421346,-5.40753543210325,0.1
421347,-6.8080118329225,0.1
421348,-5.93170762695176,0.1
421349,-5.67018208699817,0.1
421350,-6.15164999453548,0.1
421351,-5.65570951230082,0.1
421352,-5.83039960407029,0.1
421353,-6.4192907068964,0.1
421354,-5.36085628272727,0.1
421355,-6.25693287948172,0.1
421356,-6.11944341985686,0.1
421357,-7.15558817292385,0.1
421358,-8.32010911532162,0.1
421359,-5.99005601053442,0.1
421360,-5.33468433393839,0.1
421361,-4.85010771393403,0.1
421362,-5.58789381985051,0.1
421363,-5.42448066919796,0.1
421364,-4.85172566592069,0.1
421365,-5.39697548542476,0.1
421366,-5.90329333524983,0.1
421367,-6.00916806837683,0.1
421368,-5.96609009673204,0.1
421369,-6.2670291662506,0.1
421370,-5.6868922570342,0.1
421371,-5.52449032637331,0.1
421372,-5.63410657346946,0.1
421373,-5.29555012026107,0.1
421374,-5.96487663274204,0.1
421375,-5.43216594113459,0.1
421376,-5.60356772972127,0.1
421377,-5.70802675485994,0.1
421378,-6.33781456566693,0.1
421379,-6.33791568766609,0.1
421380,-5.66464541721764,0.1
421381,-5.67212844515594,0.1
421382,-4.9476904431294,0.1
421383,-5.38939133548729,0.1
421384,-5.38632396817925,0.1
421385,-4.34196966812396,0.1
421386,-4.43500190735685,0.1
421387,-5.24327004669216,0.1
421388,-4.05488431249117,0.1
421389,-4.0350644006546,0.1
421390,-5.35278517178913,0.1
421391,-5.43823326108456,0.1
421392,-5.25924732256041,0.1
421393,-4.94040965918944,0.1
421394,-5.16914762130334,0.1
421395,-5.06620542615217,0.1
421396,-5.0100377735042,0.1
421397,-5.26895503448037,0.1
421398,-5.16520386333586,0.1
421399,-5.00866700862661,0.1
421400,-5.23576454719849,0.1
421401,-4.63036960974592,0.1
421402,-5.7087346088541,0.1
421403,-5.57555693595224,0.1
421404,-5.48434489270434,0.1
421405,-5.67162283516011,0.1
421406,-5.73907120860395,0.1
421407,-5.89611367330904,0.1
421408,-5.60498343770959,0.1
421409,-5.39090816547478,0.1
421410,-5.57171429998392,0.1
421411,-4.86183786583731,0.1
421412,-5.0030041766733,0.1
421413,-5.03435199641482,0.1
421414,-5.84797960170593,0.1
421415,-5.44763760700701,0.1
421416,-4.94789268712773,0.1
421417,-5.36194957274799,0.1
421418,-5.56496274886181,0.1
421419,-5.25664691406611,0.1
421420,-6.22500240093604,0.1
421421,-5.70921343261064,0.1
421422,-5.92696830003039,0.1
421423,-5.89123189824256,0.1
421424,-6.20243025004496,0.1
421425,-4.93375961534676,0.1
421426,-4.96606877250457,0.1
421427,-4.69030041320188,0.1
421428,-5.82095068634291,0.1
421429,-5.93462853223324,0.1
421430,-4.26296159271208,0.1
421431,-5.07933807267741,0.1
421432,-5.49186711090837,0.1
421433,-6.37514295211195,0.1
421434,-6.78440362460301,0.1
421435,-6.13430525165426,0.1
421436,-6.10774978001771,0.1
421437,-5.95311522594946,0.1
421438,-6.20968193653033,0.1
421439,-5.3123112680735,0.1
421440,-4.91837105998814,0.1
421441,-5.82105282277228,0.1
421442,-5.62413378694429,0.1
421443,-5.98253051760841,0.1
421444,-5.09220726277821,0.1
421445,-5.16206858046822,0.1
421446,-4.10475226361583,0.1
421447,-4.50635270390405,0.1
421448,-4.64484970213162,0.1
421449,-4.61431090974958,0.1
421450,-4.46703017859607,0.1
421451,-5.33243214465966,0.1
421452,-4.91755396855317,0.1
421453,-4.59694771675645,0.1
421454,-5.28218102140895,0.1
421455,-5.10139954142163,0.1
421456,-5.4499911748661,0.1
421457,-5.382581131481,0.1
421458,-5.7193249391184,0.1
421459,-4.49828392598371,0.1
421460,-4.8928369526453,0.1
421461,-5.71891639340092,0.1
421462,-5.04716509742543,0.1
421463,-4.21597883520125,0.1
421464,-4.69775637254599,0.1
421465,-5.19205129673479,0.1
421466,-5.02418440081687,0.1
421467,-5.33028727964286,0.1
421468,-5.82309555135971,0.1
421469,-5.91665252066388,0.1
421470,-6.02277227078073,0.1
421471,-4.98993465150101,0.1
421472,-5.26798405772633,0.1
421473,-5.53660286697302,0.1
421474,-5.28187461212084,0.1
421475,-5.51607344466938,0.1
421476,-5.1478716167856,0.1
421477,-4.59482053430252,0.1
421478,-5.54618054573634,0.1
421479,-4.98636457511399,0.1
421480,-5.05393914717048,0.1
421481,-5.10577017293848,0.1
421482,-5.06375330589579,0.1
421483,-5.38751831301065,0.1
421484,-5.79102335976858,0.1
421485,-5.41082693998324,0.1
421486,-5.49649636718951,0.1
421487,-5.07060277083948,0.1
421488,-4.93821385886798,0.1
421489,-5.66078129501824,0.1
421490,-5.79705497815184,0.1
421491,-6.28633168293609,0.1
421492,-6.4757653924984,0.1
421493,-5.9354755085066,0.1
421494,-5.35388437321248,0.1
421495,-4.64654932925045,0.1
421496,-5.96767821682399,0.1
421497,-6.03463940396015,0.1
421498,-5.12764756843029,0.1
421499,-5.84479677111762,0.1
421500,-5.66333706551961,0.1
421501,-6.23235380994694,0.1
421502,-6.1335988377736,0.1
421503,-5.44466534142151,0.1
421504,-5.23192300488661,0.1
421505,-5.2022760670706,0.1
421506,-5.96655367780338,0.1
421507,-4.73988606796087,0.1
421508,-5.24091931705147,0.1
421509,-5.13163457041245,0.1
421510,-5.58145017865539,0.1
421511,-5.65158052121327,0.1
421512,-5.18193213387961,0.1
421513,-5.12212710414731,0.1
421514,-5.19327975490574,0.1
421515,-7.05469852647108,0.1
421516,-6.78153777528355,0.1
421517,-5.87403478565341,0.1
421518,-6.20608048919275,0.1
421519,-7.11419686374321,0.1
421520,-7.11859278900559,0.1
421521,-7.28778479619697,0.1
421522,-6.69137019199485,0.1
421523,-6.213952262337,0.1
421524,-6.82437248888668,0.1
421525,-6.58994585952007,0.1
421526,-6.07900757986411,0.1
421527,-5.67253783932459,0.1
421528,-5.16712002395161,0.1
421529,-6.38038403738689,0.1
421530,-5.09779616897417,0.1
421531,-5.00957097126652,0.1
421532,-5.59044649082025,0.1
421533,-5.88650694570015,0.1
421534,-5.12120702676681,0.1
421535,-4.63734855544549,0.1
421536,-5.03369744479955,0.1
421537,-4.78452375247972,0.1
421538,-4.6858698455823,0.1
421539,-4.98504963459332,0.1
421540,-4.86396981409945,0.1
421541,-4.21844542228037,0.1
421542,-4.59385320459235,0.1
421543,-4.68637266875711,0.1
421544,-4.65057165871075,0.1
421545,-4.19963983554253,0.1
421546,-4.62844743901917,0.1
421547,-4.75284589246678,0.1
421548,-4.79759715502473,0.1
421549,-4.91988375113815,0.1
421550,-4.72217367880347,0.1
421551,-5.0683171523416,0.1
421552,-4.48293041222961,0.1
421553,-5.19945343633164,0.1
421554,-4.41665831778986,0.1
421555,-3.86315056696072,0.1
421556,-4.36758277592855,0.1
421557,-4.3538054209388,0.1
421558,-4.35219638677941,0.1
421559,-4.07493968819004,0.1
421560,-4.05784370024655,0.1
421561,-5.26331197953232,0.1
421562,-4.29950051805949,0.1
421563,-3.69038052409654,0.1
421564,-4.18556078664789,0.1
421565,-4.23202164800019,0.1
421566,-4.49892018918852,0.1
421567,-4.30442818517261,0.1
421568,-5.06761319989687,0.1
421569,-4.56680131778766,0.1
421570,-5.48767168013185,0.1
421571,-4.68214895408871,0.1
421572,-4.67953427357971,0.1
421573,-4.55684541892645,0.1
421574,-4.20486919656054,0.1
421575,-4.18747151471217,0.1
421576,-4.60702717177234,0.1
421577,-4.47357790117817,0.1
421578,-4.5826905301116,0.1
421579,-4.46010224009331,0.1
421580,-4.57796399226841,0.1
421581,-4.31740102308267,0.1
421582,-4.82816880405309,0.1
421583,-4.86809296413288,0.1
421584,-5.23786912688701,0.1
421585,-4.24901707130872,0.1
421586,-4.64654907331228,0.1
421587,-4.16595068283037,0.1
421588,-4.08911930171964,0.1
421589,-4.55604090184676,0.1
421590,-3.74951252945401,0.1
421591,-3.99267781679138,0.1
421592,-4.37049915034244,0.1
421593,-5.39193414764832,0.1
421594,-4.39453409809829,0.1
421595,-3.68424608136387,0.1
421596,-4.53562628094954,0.1
421597,-4.01049649858395,0.1
421598,-4.05079988870887,0.1
421599,-3.4760735455275,0.1
421600,-3.34901710815868,0.1
421601,-3.97142460093507,0.1
421602,-4.73535296998067,0.1
421603,-3.72270510347319,0.1
421604,-4.23599396633289,0.1
421605,-3.88443645058212,0.1
421606,-3.68448685401792,0.1
421607,-3.581377347615,0.1
421608,-3.73139552196887,0.1
421609,-3.64810184904404,0.1
421610,-3.7997853370871,0.1
421611,-4.00787677822583,0.1
421612,-4.07649329991351,0.1
421613,-4.47835168561742,0.1
421614,-4.13185448440455,0.1
421615,-3.98429929500276,0.1
421616,-4.48350156324449,0.1
421617,-4.55388695594321,0.1
421618,-4.54633007029478,0.1
421619,-4.5719451137964,0.1
421620,-5.22463612609721,0.1
421621,-3.72952429314165,0.1
421622,-2.71746298490116,0.1
421623,-2.96294421692037,0.1
421624,-3.48095473388707,0.1
421625,-3.46640073189751,0.1
421626,-3.58655521370744,0.1
421627,-3.86006409494269,0.1
421628,-3.09490423342105,0.1
421629,-2.92734288897669,0.1
421630,-3.11868323359476,0.1
421631,-2.7071136500798,0.1
421632,-2.98540496037541,0.1
421633,-3.3377321589237,0.1
421634,-4.06505001593162,0.1
421635,-3.77915503926691,0.1
421636,-4.27528977170469,0.1
421637,-4.90039535254222,0.1
421638,-4.49585007416332,0.1
421639,-4.29705360237215,0.1
421640,-3.91618656569164,0.1
421641,-4.29131036927934,0.1
421642,-4.33342741195989,0.1
421643,-4.41232129812942,0.1
421644,-4.52789126931263,0.1
421645,-4.87107463622634,0.1
421646,-5.26524179164807,0.1
421647,-5.33295148705794,0.1
421648,-5.53151765376269,0.1
421649,-5.32499156750827,0.1
421650,-5.11290617236201,0.1
421651,-5.04248719350486,0.1
421652,-5.11447352642243,0.1
421653,-5.6029122305554,0.1
421654,-4.80548086879803,0.1
421655,-4.61857389709371,0.1
421656,-4.50250013353393,0.1
421658,-4.41089803498744,0.1
421659,-3.10287696521133,0.1
421660,-2.95986237650117,0.1
421661,-3.4344574496787,0.1
421662,-3.83482241641897,0.1
421663,-4.15560092508488,0.1
421664,-4.29941896654061,0.1
421665,-4.22881555652428,0.1
421666,-3.48321140864208,0.1
421667,-3.69790904699542,0.1
421668,-4.13340554298871,0.1
421669,-4.33145664476992,0.1
421670,-4.44896160880847,0.1
421671,-4.33607649805691,0.1
421672,-4.51353912323307,0.1
421673,-3.95996018154036,0.1
421674,-4.02745021216763,0.1
421675,-4.31629147419742,0.1
421676,-4.25181439136602,0.1
421677,-4.15600265145766,0.1
421678,-4.16694969511595,0.1
421679,-4.33690505870077,0.1
421680,-4.79195781770238,0.1
421681,-4.48320878208808,0.1
421682,-4.69682678081457,0.1
421683,-4.31488543189269,0.1
421684,-3.73800636057866,0.1
421685,-3.80499423323995,0.1
421686,-3.52579440415691,0.1
421687,-3.47477515481367,0.1
421688,-3.88453605505066,0.1
421689,-3.53131814178265,0.1
421690,-3.23825875283865,0.1
421691,-3.46882737268333,0.1
421692,-3.78697234179434,0.1
421693,-4.61218526588272,0.1
421694,-4.96487870305293,0.1
421695,-5.2283107720043,0.1
421696,-5.41903036748226,0.1
421697,-5.41983382022782,0.1
421698,-5.26878470406203,0.1
421699,-5.04853822018465,0.1
421700,-4.94978885617533,0.1
421701,-4.84536510715047,0.1
421702,-4.86494926782357,0.1
421703,-4.50942142791206,0.1
421704,-4.25794071855093,0.1
421705,-4.0992588013023,0.1
421706,-4.24297641116483,0.1
421707,-4.18372177117958,0.1
421708,-4.07103752361441,0.1
421709,-3.79625668463196,0.1
421710,-3.65253907476943,0.1
421711,-3.5435931142843,0.1
421712,-4.29499997644001,0.1
421713,-3.46473199549414,0.1
421714,-4.14716467125647,0.1
421715,-3.165948005738,0.1
421716,-3.33668171417008,0.1
421717,-3.26725266058349,0.1
421718,-2.78773251492353,0.1
421719,-2.3361969306438,0.1
421720,-3.1972243084215,0.1
421721,-3.42307578645066,0.1
421722,-3.32174891169236,0.1
421723,-3.55753111525118,0.1
421724,-3.92027039192971,0.1
421725,-3.90932427760993,0.1
421726,-3.48054009709985,0.1
421727,-3.6932138370947,0.1
421728,-3.74252156306727,0.1
421729,-4.00195897800014,0.1
421730,-4.36233273354126,0.1
421731,-4.41264469018537,0.1
421732,-4.08943862760977,0.1
421733,-4.01999049761355,0.1
421734,-4.08817776021106,0.1
421735,-4.14069902433256,0.1
421736,-4.17293482888897,0.1
421737,-4.17705217464228,0.1
421738,-4.56117040650602,0.1
421739,-4.60746544046397,0.1
421740,-4.91305283381335,0.1
421741,-4.8412503407983,0.1
421742,-4.6876030480528,0.1
421743,-4.90632448831404,0.1
421744,-4.97300540490424,0.1
421745,-4.86464891544516,0.1
421746,-4.70105973905143,0.1
421747,-5.04701720539668,0.1
421748,-4.81001876691343,0.1
421749,-4.77818465462564,0.1
421750,-4.634880937797,0.1
421751,-4.51527706481668,0.1
421752,-4.5426925621497,0.1
421753,-4.86053156969185,0.1
421754,-5.14061150398413,0.1
421755,-5.0822657019677,0.1
421756,-4.99439551820802,0.1
421757,-4.89698514306872,0.1
421758,-3.74342537067166,0.1
421759,-4.60826882500121,0.1
421760,-4.63317374565538,0.1
421761,-4.66169389672709,0.1
421762,-4.29655562455544,0.1
421763,-4.33792992822286,0.1
421764,-4.40671972922329,0.1
421765,-4.3568094648478,0.1
421766,-4.43272930361615,0.1
421767,-3.76893282972875,0.1
421768,-4.42489630437815,0.1
421769,-4.58728040396604,0.1
421770,-4.7965620759148,0.1
421771,-4.59792524908435,0.1
421772,-4.69774577783535,0.1
421773,-4.83040464954567,0.1
421774,-4.56779832893818,0.1
421775,-4.67173620344248,0.1
421776,-4.44600646874718,0.1
421777,-4.60722994718416,0.1
421778,-4.14843341125425,0.1
421779,-4.49199780107209,0.1
421780,-4.65159686159031,0.1
421781,-4.52935941320358,0.1
421782,-4.45219956206246,0.1
421783,-4.61443830169866,0.1
421784,-4.68794321252257,0.1
421785,-4.72692924257282,0.1
421786,-4.94114935560937,0.1
421787,-4.75505197779137,0.1
421788,-3.50892038186223,0.1
421789,-4.09848256025236,0.1
421790,-4.07543613102995,0.1
421791,-5.08826070337711,0.1
421792,-4.63464199956324,0.1
421793,-4.7052026529094,0.1
421794,-4.53423266695986,0.1
421795,-4.65657164146651,0.1
421796,-4.20244530705303,0.1
421797,-4.26864033724252,0.1
421798,-3.99746407092945,0.1
421799,-3.90304477940149,0.1
421800,-4.7597221793078,0.1
421801,-4.5839804657219,0.1
421802,-4.47423073008565,0.1
421803,-4.14447389257727,0.1
421804,-4.02883564198551,0.1
421805,-4.17686072483256,0.1
421806,-4.079294123587,0.1
421807,-4.86926886270421,0.1
421808,-3.96314824239563,0.1
421809,-3.72547559565699,0.1
421810,-4.10031003041097,0.1
421811,-3.86903352922744,0.1
421812,-4.21858796012072,0.1
421813,-3.83847416713076,0.1
421814,-3.70425663659318,0.1
421815,-3.90466919732025,0.1
421816,-3.25886154849304,0.1
421817,-3.48089917276361,0.1
421818,-3.84740846568394,0.1
421819,-3.59318706139793,0.1
421820,-4.08944673557926,0.1
421821,-4.74144747772175,0.1
421822,-4.06071484364118,0.1
421823,-4.26630523648431,0.1
421824,-4.38295874827529,0.1
421825,-4.20559261677063,0.1
421826,-4.42123409548609,0.1
421827,-4.38438011395421,0.1
421828,-4.67707991769086,0.1
421829,-4.7052026529094,0.1
421830,-4.48671844283612,0.1
421831,-5.09709347581037,0.1
421832,-4.99211546781048,0.1
421833,-4.77190531369851,0.1
421834,-5.07485925554734,0.1
421835,-5.10018111258463,0.1
421836,-4.76848888864222,0.1
421837,-4.96995599224856,0.1
421838,-4.97538203892923,0.1
421839,-5.10711439445438,0.1
421840,-4.92735147757071,0.1
421841,-4.59586021832018,0.1
421842,-4.7445740903089,0.1
421843,-4.93689730043485,0.1
421844,-4.46593654502193,0.1
421845,-4.38273716258499,0.1
421846,-4.45287384004994,0.1
421847,-4.78858535782989,0.1
421848,-4.8001408276128,0.1
421849,-4.37801449232589,0.1
421850,-4.604300735379,0.1
421851,-4.51497192983983,0.1
421852,-3.93579168785132,0.1
421853,-4.39157960902756,0.1
421854,-4.185590799854,0.1
421855,-4.07867758377562,0.1
421856,-4.04451358615659,0.1
421857,-4.22568325588339,0.1
421858,-4.41097270179366,0.1
421859,-4.5264269172768,0.1
421860,-4.13143081539324,0.1
421861,-3.76999581705308,0.1
421862,-3.74728680687102,0.1
421863,-3.63534947349573,0.1
421864,-3.45247160388798,0.1
421865,-4.41509247797713,0.1
421866,-4.0392885041678,0.1
421867,-4.29782958026711,0.1
421868,-4.18016475317333,0.1
421869,-4.2561294067027,0.1
421870,-3.80938489666091,0.1
421871,-3.75341622997326,0.1
421872,-3.84264455316649,0.1
421873,-4.13896699133861,0.1
421874,-4.2696,0.1
421875,-3.9484,0.1
421876,-3.87278,0.1
421877,-4.9183,0.1
421878,-4.2233,0.1
421879,-4.22211,0.1
421880,-4.99611,0.1
421881,-4.4252,0.1
421882,-4.8783,0.1
421883,-5.0388,0.1
421884,-4.7218,0.1
421885,-4.572,0.1
421886,-4.6067,0.1
421887,-4.5776,0.1
421888,-4.8985,0.1
421889,-4.678,0.1
421890,-4.037,0.1
421891,-4.3648,0.1
421892,-4.4492,0.1
421893,-4.4747,0.1
421894,-5.0389,0.1
421895,-4.2815,0.1
421896,-4.188,0.1
421897,-5.0546,0.1
421898,-4.6962,0.1
421899,-4.3934,0.1
421900,-4.6055,0.1
421901,-5.1969,0.1
421902,-5.2988,0.1
421903,-5.3915,0.1
421904,-5.0896,0.1
421905,-5.346,0.1
421906,-5.2306,0.1
421907,-5.0151,0.1
421908,-4.8892,0.1
421909,-4.82738,0.1
421910,-5.2724,0.1
421911,-5.2848,0.1
421912,-4.9085,0.1
421913,-4.9882,0.1
421914,-4.78078,0.1
421915,-4.94267,0.1
421916,-4.5016,0.1
421917,-4.7968,0.1
421918,-2.8091,0.1
421919,-4.6352,0.1
421920,-4.5507,0.1
421921,-4.90189,0.1
421922,-4.4892,0.1
421923,-4.62922,0.1
421924,-4.718,0.1
421925,-4.565,0.1
421926,-4.25675,0.1
421927,-4.1904,0.1
421928,-4.8496,0.1
421929,-4.76356,0.1
421930,-4.3969,0.1
421931,-4.2263,0.1
421932,-4.72822,0.1
421933,-4.32856,0.1
421934,-4.2209,0.1
421935,-4.48778,0.1
421936,-4.3792,0.1
421937,-4.7293,0.1
421938,-5.02344,0.1
421939,-5.0198,0.1
421940,-4.3843,0.1
421941,-5.047,0.1
421942,-4.9602,0.1
421943,-4.4274,0.1
421944,-4.76138,0.1
421945,-4.5173,0.1
421946,-5.0659,0.1
421947,-4.5943,0.1
421948,-4.2379,0.1
421949,-4.35214,0.1
421950,-4.6237,0.1
421951,-4.4659,0.1
421952,-4.6771,0.1
421953,-3.8759,0.1
421954,-4.73678,0.1
421955,-4.8871,0.1
421956,-4.539,0.1
421957,-4.75144,0.1
421958,-4.62722,0.1
421959,-4.507,0.1
421960,-4.6112,0.1
421961,-4.86644,0.1
421962,-4.7136,0.1
421963,-3.7289,0.1
421964,-3.58062,0.1
421965,-4.35867,0.1
421966,-4.2494,0.1
421967,-4.6681,0.1
421968,-4.6956,0.1
421969,-4.5352,0.1
421970,-4.937,0.1
421971,-4.7607,0.1
421972,-4.0943,0.1
421973,-4.4661,0.1
421974,-4.7568,0.1
421975,-4.59978,0.1
421976,-4.5418,0.1
421977,-5.203,0.1
421978,-4.82614,0.1
421979,-4.5177,0.1
421980,-4.2928,0.1
421981,-4.80778,0.1
421982,-4.31167,0.1
421983,-3.7577,0.1
421984,-3.54856,0.1
421985,-3.5775,0.1
421986,-3.6174,0.1
421987,-3.6311,0.1
421988,-4.00856,0.1
421989,-4.1756,0.1
421990,-3.644,0.1
421991,-3.786,0.1
421992,-4.0416,0.1
421993,-3.83,0.1
421994,-4.759,0.1
421995,-4.939,0.1
421996,-5.1814,0.1
421997,-4.94756,0.1
421998,-5.1828,0.1
421999,-5.33656,0.1
422000,-5.3835,0.1
422001,-4.9068,0.1
422002,-5.339,0.1
422003,-5.6747,0.1
422004,-5.4102,0.1
422005,-5.6285,0.1
422006,-5.5537,0.1
422007,-5.8187,0.1
422008,-5.6431,0.1
422009,-5.751,0.1
422010,-4.7718,0.1
422011,-4.5305,0.1
422012,-4.47,0.1
422013,-4.2205,0.1
422014,-4.036,0.1
422015,-4.5044,0.1
422016,-4.7333,0.1
422017,-4.5512,0.1
422018,-4.6467,0.1
422019,-4.26,0.1
422020,-4.0725,0.1
422021,-3.7111,0.1
422022,-3.6105,0.1
422023,-3.7212,0.1
422024,-3.3512,0.1
422025,-4.0896,0.1
422026,-4.0428,0.1
422027,-3.7484,0.1
422028,-4.0051,0.1
422029,-4.7094,0.1
422030,-4.0967,0.1
422031,-4.7243,0.1
422032,-4.3521,0.1
422033,-4.5157,0.1
422034,-4.7042,0.1
422035,-4.885,0.1
422036,-5.0516,0.1
422037,-4.6433,0.1
422038,-4.5128,0.1
422039,-4.5733,0.1
422040,-4.4207,0.1
422041,-4.9322,0.1
422042,-4.5195,0.1
422043,-4.4865,0.1
422044,-5.249,0.1
422045,-4.9768,0.1
422046,-4.6409,0.1
422047,-4.7282,0.1
422048,-5.0895,0.1
422049,-4.7855,0.1
422050,-4.3989,0.1
422051,-4.5732,0.1
422052,-4.7721,0.1
422053,-4.4014,0.1
422054,-4.8205,0.1
422055,-4.6432,0.1
422056,-4.0288,0.1
422057,-4.1391,0.1
422058,-4.3863,0.1
422059,-4.4618,0.1
422060,-4.4524,0.1
422061,-4.5558,0.1
422062,-3.4773,0.1
422063,-3.2111,0.1
422064,-3.4163,0.1
422065,-3.8526,0.1
422066,-4.0766,0.1
422067,-4.2497,0.1
422068,-4.8105,0.1
422069,-4.7052,0.1
422070,-4.2296,0.1
422071,-4.4917,0.1
422072,-4.2915,0.1
422073,-4.1432,0.1
422074,-4.797,0.1
422075,-4.6908,0.1
422076,-4.1799,0.1
422077,-4.0969,0.1
422078,-4.363,0.1
422079,-5.2506,0.1
422080,-5.0002,0.1
422081,-4.3695,0.1
422082,-4.1659,0.1
422083,-4.1897,0.1
422084,-4.4622,0.1
422085,-4.0738,0.1
422086,-3.5261,0.1
422087,-3.9016,0.1
422088,-3.5975,0.1
422089,-3.8916,0.1
422090,-3.2234,0.1
422091,-3.4601,0.1
422092,-3.7886,0.1
422093,-3.8848,0.1
422094,-4.3549,0.1
422095,-4.2268,0.1
422096,-4.0642,0.1
422097,-4.1972,0.1
422098,-4.2162,0.1
422099,-3.921,0.1
422100,-4.3813,0.1
422101,-4.4249,0.1
422102,-3.7193,0.1
422103,-3.5745,0.1
422104,-3.9372,0.1
422105,-4.2538,0.1
422106,-4.0089,0.1
422107,-4.083,0.1
422108,-3.942,0.1
422109,-4.2865,0.1
422110,-3.2716,0.1
422111,-3.3164,0.1
422112,-3.5924,0.1
422113,-3.3136,0.1
422114,-2.7183,0.1
422115,-2.4624,0.1
422116,-1.7657,0.1
422117,-2.5701,0.1
422118,-2.452,0.1
422119,-2.0333,0.1
422120,-1.6218,0.1
422121,-1.9957,0.1
422122,-2.7099,0.1
422123,-3.056,0.1
422124,-3.2636,0.1
422125,-2.5699,0.1
422126,-2.3958,0.1
422127,-2.0241,0.1
422128,-2.3195,0.1
422129,-2.0877,0.1
422130,-2.1635,0.1
422131,-2.2388,0.1
422132,-1.8146,0.1
422133,-3.114,0.1
422134,-2.4922,0.1
422135,-2.4435,0.1
428747,2.16162234569964,0.06
428748,2.03750039698208,0.06
428749,1.93687457668669,0.06
428750,2.10729747196327,0.06
428751,2.42798874846753,0.06
428752,3.34826858653556,0.06
428753,4.29151683524627,0.06
428754,5.04393607158539,0.06
428755,5.16550055640672,0.06
428756,5.05103003190844,0.06
428757,4.74160729499436,0.06
428758,4.58253319420662,0.06
428759,4.57201885260342,0.06
428760,4.52448202643899,0.06
428761,4.55182036052709,0.06
428762,4.4941116868345,0.06
428763,4.52117211149878,0.06
428764,4.57100112966808,0.06
428765,4.64215153836658,0.06
428766,5.22615357952152,0.06
428767,5.92300394344721,0.06
428768,6.49606349872394,0.06
428769,6.99676677042625,0.06
428770,5.84783622809819,0.06
428771,4.80721745762862,0.06
428772,3.39489558680654,0.06
428773,2.39296168680652,0.06
428774,1.7865958682734,0.06
428775,1.8118556463199,0.06
428776,1.65900215905279,0.06
428777,1.63582679352016,0.06
428778,1.82802436669786,0.06
428779,1.93731362136506,0.06
428780,1.73732255538049,0.06
428781,1.72921914453622,0.06
428782,1.59856840034556,0.06
428783,1.70315015203169,0.06
428784,1.55443956504534,0.06
428785,1.60063640837046,0.06
428786,1.59193936100596,0.06
428787,1.67406272356035,0.06
428788,1.65504445770222,0.06
428789,1.7732763126792,0.06
428790,1.89640317421979,0.06
428791,1.86449958827403,0.06
428792,1.97227306434475,0.06
428793,1.88790787719096,0.06
428794,1.83950865067571,0.06
428795,1.64990100610723,0.06
428796,1.48990341743967,0.06
428797,1.3644620309002,0.06
428798,1.34669526134714,0.06
428799,1.19918639327782,0.06
428800,1.14868072749948,0.06
428801,1.12136663478631,0.06
428802,1.16274070448693,0.06
428803,1.28507185013831,0.06
428804,1.24111602036495,0.06
428805,1.25237975544744,0.06
428806,1.39487602000548,0.06
428807,1.5299418520012,0.06
428808,1.53434712346699,0.06
428809,1.57468251045711,0.06
428810,1.49412104689584,0.06
428811,1.50461813993125,0.06
428812,1.54526408259049,0.06
428813,1.7685134387441,0.06
428814,1.60029703867897,0.06
428815,1.67657811863371,0.06
428816,1.65626010889307,0.06
428817,1.65284253345526,0.06
428818,1.7832774189842,0.06
428819,1.69305239759071,0.06
428820,1.69648217636835,0.06
428821,1.71850921483507,0.06
428822,1.68108615144099,0.06
428823,1.65755358658902,0.06
428824,1.71700160741137,0.06
428825,1.72640968912036,0.06
428826,1.82743705706051,0.06
428827,1.83714769931808,0.06
428828,1.89577907851071,0.06
428829,1.93327690027156,0.06
428830,2.08273500171201,0.06
428831,2.06288160162659,0.06
428832,2.08844163915561,0.06
428833,2.09253146559523,0.06
428834,2.06866203340826,0.06
428835,1.80338175794027,0.06
428836,1.68834682266704,0.06
428837,1.55925705958316,0.06
428838,1.20400064362506,0.06
428839,0.999043882502324,0.06
428840,0.883410903366155,0.06
428841,0.875432602575757,0.06
428842,0.903422825476714,0.06
428843,1.12851142344471,0.06
428844,1.2046381895936,0.06
428845,1.38682407785808,0.06
428846,1.57566683238464,0.06
428847,1.58139404346427,0.06
428848,1.70088828195297,0.06
428849,1.59222936611022,0.06
428850,1.47441554144866,0.06
428851,1.19447617426289,0.06
428852,1.15355334772555,0.06
428853,1.08464932665004,0.06
428854,1.13267478440264,0.06
428855,0.945951460455481,0.06
428856,0.928601076051363,0.06
428857,0.923713559522778,0.06
428858,0.936764432727389,0.06
428859,0.911698690619937,0.06
428860,0.827578329131297,0.06
428861,1.4039521152193,0.06
428862,1.56699914175318,0.06
428863,1.04118941439354,0.06
428864,1.08832520108364,0.06
428865,1.32804815505648,0.06
428866,2.10764993402393,0.06
428867,2.23609680283905,0.06
428868,2.42091419093915,0.06
428869,2.50278115948397,0.06
428870,2.53577677875212,0.06
428871,2.5321378433713,0.06
428872,2.42866405455234,0.06
428873,2.37357853582841,0.06
428874,2.26992775545791,0.06
428875,2.2916983537727,0.06
428876,2.28115110817361,0.06
428877,2.18414785974029,0.06
428878,2.18292449631982,0.06
428879,2.09723384247067,0.06
428880,1.98688440009032,0.06
428881,1.95648620884992,0.06
428882,1.92188450271819,0.06
428883,1.85449666555471,0.06
428884,1.79577320419559,0.06
428885,1.82571764282086,0.06
428886,1.75047332477851,0.06
428887,1.85851231590395,0.06
428888,1.86008172993242,0.06
428889,1.70658798505892,0.06
428890,1.65070150021138,0.06
428891,1.50644919593857,0.06
428892,1.43459096998696,0.06
428893,1.3693659442043,0.06
428894,1.34957802342755,0.06
428895,1.42590380309792,0.06
428896,1.4859712144493,0.06
428897,1.54418402840857,0.06
428898,1.55958518429823,0.06
428899,1.53748462406695,0.06
428900,1.75951341914041,0.06
428901,1.77166088075803,0.06
428902,1.71975498831587,0.06
428903,1.55750522948183,0.06
428904,1.51202121559383,0.06
428905,1.47718989417043,0.06
428906,1.50816065806269,0.06
428907,1.40003869323428,0.06
428908,1.49564120269538,0.06
428909,1.4289827788989,0.06
428910,1.48036762738093,0.06
428911,1.3709618793886,0.06
428912,1.4091997925042,0.06
428913,1.31177041638102,0.06
428914,1.37214120868766,0.06
428915,1.43151406718205,0.06
428916,1.48351214662988,0.06
428917,1.6905569405484,0.06
428918,1.72631737502914,0.06
428919,1.90514749665004,0.06
428920,1.7664800330045,0.06
428921,1.95472443813491,0.06
428922,1.84973165634979,0.06
428923,1.80384101195255,0.06
428924,1.91443946432875,0.06
428925,1.94141331904955,0.06
428926,1.94936526950434,0.06
428927,2.08883404188158,0.06
428928,2.21408472300271,0.06
428929,2.10999211397071,0.06
428930,1.9012829905606,0.06
428931,1.88164116778639,0.06
428932,1.97067152311873,0.06
428933,2.15153993962839,0.06
428934,2.29662447511124,0.06
428935,2.30583565395828,0.06
428936,2.30470586591349,0.06
428937,2.2030657385071,0.06
428938,1.95138109314415,0.06
428939,2.06208137227633,0.06
428940,1.94670003820263,0.06
428941,1.80988816303625,0.06
428942,1.66550356229333,0.06
428943,1.6468327204646,0.06
428944,1.65396264409911,0.06
428945,1.56868248275391,0.06
428946,1.75143673896974,0.06
428947,1.76349608454187,0.06
428948,1.77858572808258,0.06
428949,1.64129828977682,0.06
428950,1.61106012573656,0.06
428951,1.68704930522679,0.06
428952,1.48220085648637,0.06
428953,1.38364059461943,0.06
428954,1.3562763300702,0.06
428955,1.32833610368694,0.06
428956,1.53888755762995,0.06
428957,1.74091710504856,0.06
428958,1.67160200779167,0.06
428959,1.743983483628,0.06
428960,1.62758832542358,0.06
428961,1.5458278582987,0.06
428962,1.50773582996182,0.06
428963,1.52385718591579,0.06
428964,1.42870142695502,0.06
428965,1.25581017113321,0.06
428966,1.23987328001251,0.06
428967,1.35871895345836,0.06
428968,1.24420074675647,0.06
428969,1.26889221851306,0.06
428970,1.18383916775252,0.06
428971,1.25589576668174,0.06
428972,1.30419736044213,0.06
428973,1.4387711344175,0.06
428974,2.05820096534179,0.06
428975,2.57987293556649,0.06
428976,2.73835966365144,0.06
428977,3.14222007093866,0.06
428978,3.48546032783607,0.06
428979,3.88020962460854,0.06
428980,3.93697183404944,0.06
428981,4.03752655126952,0.06
428982,3.49361462256495,0.06
428983,3.25970576996458,0.06
428984,3.19335502260971,0.06
428985,2.92123472019107,0.06
428986,2.53756322768921,0.06
428987,2.24884085155142,0.06
428988,2.1128261647867,0.06
428989,1.80730219519626,0.06
428990,1.27521566746247,0.06
428991,1.4212618752448,0.06
428992,1.28941494527847,0.06
428993,1.12004435953952,0.06
428994,1.04204151884735,0.06
428995,1.0600263628369,0.06
428996,1.13610463144203,0.06
428997,0.988895093434268,0.06
428998,0.917873476286317,0.06
428999,0.857123034156113,0.06
429000,0.884299402031217,0.06
429001,0.815973875153505,0.06
429002,0.835920037710571,0.06
429003,0.888022790503948,0.06
429004,1.05284419678764,0.06
429005,1.10500411326974,0.06
429006,1.14004233308518,0.06
429007,1.18721448366577,0.06
429008,1.32410824041881,0.06
429009,1.34400607016406,0.06
429010,1.43099874684124,0.06
429011,1.4754470722286,0.06
429012,1.51378290002099,0.06
429013,1.41001701981902,0.06
429014,1.53748334793437,0.06
429015,1.48771974532613,0.06
429016,1.5422384387618,0.06
429017,1.56779111760225,0.06
429018,1.46184443364281,0.06
429019,1.34635152169789,0.06
429020,1.14700738546526,0.06
429021,1.06439847259966,0.06
429022,1.02361912735009,0.06
429023,1.0186721055751,0.06
429024,0.992064732397852,0.06
429025,0.902616703534097,0.06
429026,0.916211753434593,0.06
429027,0.946797323882801,0.06
429028,0.971644095172015,0.06
429029,0.873999430579459,0.06
429030,0.944747425273722,0.06
429031,0.909299709089743,0.06
429032,0.960699942118041,0.06
429033,0.930319560319649,0.06
429034,1.07160959319103,0.06
429035,1.5305518123567,0.06
429036,1.81393899096214,0.06
429037,1.85239131439967,0.06
429038,1.7836443886059,0.06
429039,1.63250184675089,0.06
429040,1.27080026147248,0.06
429041,1.29087735175043,0.06
429042,1.2191154068459,0.06
429043,1.2579691184974,0.06
429044,1.15456435670717,0.06
429045,1.17954889910771,0.06
429046,1.18887439971162,0.06
429047,1.11642007592866,0.06
429048,1.01033121670569,0.06
429049,1.09401000127867,0.06
429050,1.01328803318918,0.06
429051,1.20552119263086,0.06
429052,1.11122669229869,0.06
429053,0.972705994260436,0.06
429054,0.752080851505993,0.06
429055,0.897086074304925,0.06
429056,0.867928444978347,0.06
429057,0.897046685333126,0.06
429058,0.869284022367528,0.06
429059,0.898604695917685,0.06
429060,0.902341974424399,0.06
429061,0.959490492493468,0.06
429062,1.01909680198736,0.06
429063,1.41859699807433,0.06
429064,1.7635742998265,0.06
429065,1.83651443611085,0.06
429066,1.40847100207196,0.06
429067,1.29589170067328,0.06
429068,1.27386311649827,0.06
429069,1.27952600603056,0.06
429070,1.17982584163009,0.06
429071,1.26380654819399,0.06
429072,1.89640462180754,0.06
429073,2.53391283528065,0.06
429074,2.62954396381094,0.06
429075,2.6046841381732,0.06
429076,2.6120326006966,0.06
429077,2.7285698402661,0.06
429078,2.53628446332967,0.06
429079,2.4703770001163,0.06
429080,2.27589415136149,0.06
429081,2.25139110770075,0.06
429082,2.06172749238815,0.06
429083,2.02103075715064,0.06
429084,1.94464712368924,0.06
429085,1.68621037084677,0.06
429086,1.24596168338108,0.06
429087,1.18654396674526,0.06
429088,0.932462090153795,0.06
429089,1.10146356465647,0.06
429090,1.0975239063983,0.06
429091,1.06874897320982,0.06
429092,0.900683402214704,0.06
429093,0.879939630387967,0.06
429094,0.745570493128361,0.06
429095,0.871004865070003,0.06
429096,0.845660745331369,0.06
429097,0.994744508402756,0.06
429098,0.860834729393728,0.06
429099,0.927749947856082,0.06
429100,0.911542048026328,0.06
429101,0.814396933418335,0.06
429102,0.912771303395655,0.06
429103,0.844634201054792,0.06
429104,0.881744251379615,0.06
429105,0.958299370571717,0.06
429106,0.988220812164782,0.06
429107,0.946719230155666,0.06
429108,0.974136232082909,0.06
429109,0.895137754113605,0.06
429110,1.07553562376127,0.06
429111,1.09377904572035,0.06
429112,0.967592352937921,0.06
429113,1.06618906503916,0.06
429114,1.04618095921439,0.06
429115,1.00192972210822,0.06
429116,0.876137931369711,0.06
429117,0.931179943346297,0.06
429118,0.965229144350542,0.06
429119,0.966337075610519,0.06
429120,1.02243317640738,0.06
429121,0.984639247767084,0.06
429122,0.934010433550914,0.06
429123,0.855579264795375,0.06
429124,0.843343056691341,0.06
429125,0.883972526190075,0.06
429126,0.993749302821864,0.06
429127,0.980903241749063,0.06
429128,1.01318885278516,0.06
429129,0.925640001254365,0.06
429130,1.04380520529461,0.06
429131,0.928918009003152,0.06
429132,1.0698180612414,0.06
429133,1.0830333916716,0.06
429134,1.12343644895651,0.06
429135,0.813973279599522,0.06
429136,1.08924793858514,0.06
429137,1.02299055677193,0.06
429138,1.0730245073765,0.06
429139,1.0261306052808,0.06
429140,1.0603454234023,0.06
429141,0.994095945247487,0.06
429142,0.955121971857686,0.06
429143,0.926045526919375,0.06
429144,1.03408297643406,0.06
429145,0.967759073806857,0.06
429146,0.946928199133425,0.06
429147,0.942491423439701,0.06
429148,1.0446383415347,0.06
429149,0.957524043381721,0.06
429150,0.998617512805035,0.06
429151,0.981275240923283,0.06
429152,1.02419008965657,0.06
429153,1.01636721235485,0.06
429154,1.0960636168494,0.06
429155,1.08374299629897,0.06
429156,1.12784184653803,0.06
429157,1.09324684964599,0.06
429158,1.12226931910271,0.06
429159,1.04482135261737,0.06
429160,1.04201446005432,0.06
429161,1.03944241553108,0.06
429162,1.08879194579847,0.06
429163,1.025112058288,0.06
429164,1.13108821994496,0.06
429165,0.976057077259443,0.06
429166,1.05936065912995,0.06
429167,1.08205967970842,0.06
429168,1.03018635468196,0.06
429169,1.05924221758757,0.06
429170,0.952598413620015,0.06
429171,1.09530676766825,0.06
429172,1.05943428535097,0.06
429173,1.12336811976484,0.06
429174,1.18215785527809,0.06
429175,1.19058104597091,0.06
429176,1.15538831275443,0.06
429177,1.15814848799307,0.06
429178,1.27723555718523,0.06
429179,1.13051515545138,0.06
429180,1.25309220712483,0.06
429181,1.24468797239957,0.06
429182,1.25348572947915,0.06
429183,1.28546724184462,0.06
429184,1.14380114851352,0.06
429185,1.16142137252459,0.06
429186,1.14419669313384,0.06
429187,1.02024953212597,0.06
429188,1.12231245103497,0.06
429189,1.21090928376992,0.06
429190,1.27979409208438,0.06
429191,1.39513868483959,0.06
429192,1.40328723614817,0.06
429193,1.42838474294439,0.06
429194,1.53655305438234,0.06
429195,1.66739658447732,0.06
429196,1.81841180121379,0.06
429197,1.94036349996195,0.06
429198,2.00363515984496,0.06
429199,1.884232408985,0.06
429200,1.62964601696286,0.06
429201,1.66158465209959,0.06
429202,2.12985231326077,0.06
429203,2.88051242408148,0.06
429204,3.48731742995722,0.06
429205,4.18248908194996,0.06
429206,4.20730080005415,0.06
429207,4.08846003870927,0.06
429208,3.74756525653315,0.06
429209,3.60399712530506,0.06
429210,3.33784078537669,0.06
429211,3.30848165673241,0.06
429212,3.2611117889412,0.06
429213,3.1143113445103,0.06
429214,2.80442187437794,0.06
429215,2.62473113422678,0.06
429216,2.60653382642725,0.06
429217,3.22381512277834,0.06
429218,3.79841296124349,0.06
429219,4.03904137850153,0.06
429220,4.23176538398287,0.06
429221,4.38640882277994,0.06
429222,4.59520884938951,0.06
429223,4.71076804883933,0.06
429224,4.61445847439182,0.06
429225,4.23637319198652,0.06
429226,3.74628323254235,0.06
429227,3.14499024155884,0.06
429228,3.11298510422171,0.06
429229,3.52805910833773,0.06
429230,4.36477837418901,0.06
429231,4.84875610498245,0.06
429232,4.99727666364744,0.06
429233,5.1934767052306,0.06
429234,5.3088392741489,0.06
429235,5.34397930546673,0.06
429236,5.18358804025259,0.06
429237,5.21908922767691,0.06
429238,5.22051779816957,0.06
429239,5.36102951590608,0.06
429240,5.45370500056111,0.06
429241,5.41898124759389,0.06
429242,5.53751130400942,0.06
429243,5.40601052441202,0.06
429244,5.50235198136114,0.06
429245,5.52366477330845,0.06
429246,5.52822655546699,0.06
429247,5.27282247274206,0.06
429248,5.31720722754158,0.06
429249,5.42612936654665,0.06
429250,5.51883732621572,0.06
429251,5.69190705694539,0.06
429252,5.7909859439351,0.06
429253,5.95867187751388,0.06
429254,6.08362714233675,0.06
429255,6.27083242985659,0.06
429256,6.2124566327665,0.06
429257,6.08612612178778,0.06
429258,6.02953717522715,0.06
429259,5.96021320723702,0.06
429260,5.95606805311654,0.06
429261,5.98149076660308,0.06
429262,6.08636038114029,0.06
429263,6.19881404272877,0.06
429264,6.16170370530354,0.06
429265,5.92158946253817,0.06
429266,5.88459535874555,0.06
429267,5.83832825060424,0.06
429268,5.8948512962069,0.06
429269,5.98335059412726,0.06
429270,5.99819959209633,0.06
429271,6.05811359710489,0.06
429272,5.94988765159059,0.06
429273,6.04332187770471,0.06
429274,6.1394610646654,0.06
429275,6.31752551689996,0.06
429276,6.42987648695689,0.06
429277,6.36996379711569,0.06
429278,6.50454914383915,0.06
429279,6.42825391626741,0.06
429280,6.42102790642795,0.06
429281,6.28336337757032,0.06
429282,6.00853017140721,0.06
429283,5.99115367902517,0.06
429284,6.07376267094114,0.06
429285,6.18963918025714,0.06
429286,6.28247966670824,0.06
429287,6.40822962272674,0.06
429288,6.40746161700903,0.06
429289,6.52723955588054,0.06
429290,6.64968388865833,0.06
429291,6.57328352795771,0.06
429292,6.5832540734438,0.06
429293,6.46871070037114,0.06
429294,6.59418428391138,0.06
429295,6.8562030380373,0.06
429296,6.97879884009118,0.06
429297,7.27418850281216,0.06
429298,7.23823674452766,0.06
429299,7.4586235914027,0.06
429300,7.70084253904266,0.06
429301,7.78442047758271,0.06
429302,7.61919578877156,0.06
429303,7.39680504539007,0.06
429304,7.46958660195066,0.06
429305,7.44778199035364,0.06
429306,7.41319285478073,0.06
429307,7.47821042590619,0.06
429308,7.65935338854376,0.06
429309,7.69749085421856,0.06
429310,7.83126217874485,0.06
429311,8.04857307201064,0.06
429312,8.24483182916041,0.06
429313,9.0582023819084,0.06
429314,9.06440457479069,0.06
429315,9.64724171828714,0.06
429316,9.27992663106085,0.06
429317,8.79831925373725,0.06
429318,8.06934934175226,0.06
429319,6.6814251012717,0.06
429320,6.14226838538459,0.06
429321,3.85238480527269,0.06
429322,2.90401969198365,0.06
429323,2.52913912785505,0.06
429324,2.3544284532549,0.06
429325,2.2796000153176,0.06
429326,2.28055955665098,0.06
429327,2.26934102628542,0.06
429328,2.37646820357834,0.06
429329,2.3924791066754,0.06
429330,2.5563476856341,0.06
429331,2.66973670379419,0.06
429332,3.06558802634511,0.06
429333,3.42004065955925,0.06
429334,3.91594049942015,0.06
429335,4.50148089128975,0.06
429336,4.99119090267818,0.06
429337,4.79519344782799,0.06
429338,4.10607861107523,0.06
429339,3.85559936062224,0.06
429340,3.1310784455327,0.06
429341,2.6778382825834,0.06
429342,2.65921621121205,0.06
429343,2.65088958937255,0.06
429344,2.51301311535637,0.06
429345,2.44093334611221,0.06
429346,2.08837432783445,0.06
429347,1.9035931346161,0.06
429348,1.80425791500716,0.06
429349,1.62641205282511,0.06
429350,1.85876813140539,0.06
429351,2.07479031214373,0.06
429352,2.287030821218,0.06
429353,2.14338132166861,0.06
429354,1.9559770012448,0.06
429355,1.90995827262472,0.06
429356,1.60132287189842,0.06
429357,1.25823775683038,0.06
429358,1.27667635531322,0.06
429359,1.44695981730611,0.06
429360,1.45549833282955,0.06
429361,1.46491492287893,0.06
429362,1.59415373924191,0.06
429363,1.45288716455527,0.06
429364,1.30551913502994,0.06
429365,1.35197824804168,0.06
429366,1.13652035420093,0.06
429367,1.30713642353388,0.06
429368,1.14258546067659,0.06
429369,1.44186788461114,0.06
429370,1.58824024871335,0.06
429371,1.80399153757984,0.06
429372,1.69873926764825,0.06
429373,1.37416784017091,0.06
429374,1.53852608848881,0.06
429375,1.81811651752337,0.06
429376,2.1537204979593,0.06
429377,1.88607643804325,0.06
429378,1.73111047945662,0.06
429379,1.80783729407103,0.06
429380,1.96861226712104,0.06
429381,2.38933399311129,0.06
429382,2.66385546417425,0.06
429383,2.71260794949124,0.06
429384,2.61156293575582,0.06
429385,2.32469783121249,0.06
429386,2.33208409086315,0.06
429387,2.22703437233943,0.06
429388,2.34929750820259,0.06
429389,2.31259043659444,0.06
429390,2.20350115439269,0.06
429391,2.3043764981817,0.06
429392,2.2196823216039,0.06
429393,2.09547251739055,0.06
429394,1.8552890249982,0.06
429395,1.68023235049504,0.06
429396,1.52545482310215,0.06
429397,1.40786922167857,0.06
429398,1.31130483616439,0.06
429399,1.29611831490807,0.06
429400,1.21443128799704,0.06
429401,1.72083509530361,0.06
429402,1.78440392117953,0.06
429403,1.74864935166123,0.06
429404,1.86309485148029,0.06
429405,1.90621901504391,0.06
429406,1.92904292111587,0.06
429407,1.9022372571743,0.06
429408,2.00051997361233,0.06
429409,1.94706297408104,0.06
429410,1.79693586260631,0.06
429411,1.81532368979974,0.06
429412,1.86337164155884,0.06
429413,1.9034413829716,0.06
429414,1.80142597267366,0.06
429415,1.79762804232766,0.06
429416,1.79281688228337,0.06
429417,1.7271308604468,0.06
429418,1.71726145858819,0.06
429419,1.93329358083402,0.06
429420,1.95414441512061,0.06
429421,1.92124443463101,0.06
429422,1.90886934819408,0.06
429423,1.95305795074874,0.06
429424,1.88784451457025,0.06
429425,1.95013015088267,0.06
429426,1.91024119134807,0.06
429427,1.91030618024854,0.06
429428,1.94570093527721,0.06
429429,1.85679895793253,0.06
429430,1.76637345873548,0.06
429431,1.62413592785283,0.06
429432,1.66566573695832,0.06
429433,1.58524293448808,0.06
429434,1.6963353927757,0.06
429435,1.76218155360965,0.06
429436,1.63651415528003,0.06
429437,1.71902739570304,0.06
429438,1.54271550529086,0.06
429439,1.62005389126725,0.06
429440,1.79902979909248,0.06
429441,1.64403969853931,0.06
429442,1.74773738718697,0.06
429443,1.6970551647722,0.06
429444,1.70787623445339,0.06
429445,1.83329153235142,0.06
429446,1.80510041250161,0.06
429447,1.93033018128175,0.06
429448,1.7986459146973,0.06
429449,1.96102836820991,0.06
429450,1.9589565286132,0.06
429451,1.86407400700967,0.06
429452,1.8229008237311,0.06
429453,1.83058231620435,0.06
429454,1.75278499038387,0.06
429455,1.72502462219781,0.06
429456,1.69591458847936,0.06
429457,1.62879293562226,0.06
429458,1.46289143403933,0.06
429459,1.58955479853881,0.06
429460,1.50964478563533,0.06
429461,1.57449210150744,0.06
429462,1.50989686223072,0.06
429463,1.51763761908019,0.06
429464,1.56733691601038,0.06
429465,1.5227578848817,0.06
429466,1.52128727391637,0.06
429467,1.48802438561927,0.06
429468,1.59099796024624,0.06
429469,1.6170783568056,0.06
429470,1.53117192783842,0.06
429471,1.47320875574528,0.06
429472,1.63556615284429,0.06
429473,1.54205424952461,0.06
429474,1.6077088376222,0.06
429475,1.68929872680754,0.06
429476,1.67224457416062,0.06
429477,1.69027702423344,0.06
429478,1.70989623579241,0.06
429479,1.68232775021341,0.06
429480,1.68593679592537,0.06
429481,1.56240239385263,0.06
429482,1.50605590608,0.06
429483,1.4600529644011,0.06
429484,1.38951165102643,0.06
429485,1.46688717142984,0.06
429486,1.37012601305162,0.06
429487,1.44899671488629,0.06
429488,1.45356334363474,0.06
429489,1.61423197510115,0.06
429490,1.4704227348826,0.06
429491,1.7241887622331,0.06
429492,1.6605080421218,0.06
429493,1.73160162604038,0.06
429494,1.70352220450325,0.06
429495,1.70915661850148,0.06
429496,1.64654728331021,0.06
429497,1.70289464217645,0.06
429498,1.67393237313634,0.06
429499,1.57889863182426,0.06
429500,1.52882672138824,0.06
429501,1.54907567441567,0.06
429502,1.54322979788632,0.06
429503,1.56706506568162,0.06
429504,1.47634757687287,0.06
429505,1.42112251217647,0.06
429506,1.55559278813143,0.06
429507,1.74193714965781,0.06
429508,1.49324867414155,0.06
429509,1.28224967392434,0.06
429510,1.29169156153368,0.06
429511,1.46888048039649,0.06
429512,1.26715377062201,0.06
429513,1.15890766546792,0.06
429514,1.0667432650619,0.06
429515,1.21686395086932,0.06
429516,1.11964171564938,0.06
429517,1.51316195630814,0.06
429518,1.52863168491801,0.06
429519,1.58470440923401,0.06
429520,1.84693595594925,0.06
429521,2.58740482737565,0.06
429522,2.80651760507449,0.06
429523,2.94826318154471,0.06
429524,2.95355018817927,0.06
429525,2.81253602370869,0.06
429526,2.65622479889344,0.06
429527,2.54181513860192,0.06
429528,2.82584405483564,0.06
429529,2.93524086904399,0.06
429530,2.66251584252973,0.06
429531,2.61155556417782,0.06
429532,2.19718065010336,0.06
429533,2.10206895079584,0.06
429534,2.04890344788682,0.06
429535,2.0390738230986,0.06
429536,1.98065335644708,0.06
429537,1.92730334423478,0.06
429538,1.56234907456828,0.06
429539,1.49870941059176,0.06
429540,1.40361053096258,0.06
429541,1.33163309025822,0.06
429542,1.61861013624827,0.06
429543,1.87867847155637,0.06
429544,1.91030607503975,0.06
429545,1.79727886208031,0.06
429546,1.7481574390463,0.06
429547,1.63761260840123,0.06
429548,1.6035538580667,0.06
429549,1.57940725391356,0.06
429550,1.4906709075055,0.06
429551,1.90277990855075,0.06
429552,1.88989175301256,0.06
429553,1.72845858597417,0.06
429554,1.83584669537731,0.06
429555,1.79953236814491,0.06
429556,1.42203382683151,0.06
429557,1.44843094886084,0.06
429558,1.62530757435065,0.06
429559,1.61252337302055,0.06
429560,1.7636600107605,0.06
429561,1.72521637677574,0.06
429562,1.70394603431306,0.06
429563,1.60335221800803,0.06
429564,1.53449922495792,0.06
429565,1.46823231610957,0.06
429566,1.30485216364597,0.06
429567,1.3943989938672,0.06
429568,1.42324405827216,0.06
429569,1.50727459289532,0.06
429570,1.39374433052712,0.06
429571,1.40261785198262,0.06
429572,1.27931522534373,0.06
429573,1.35440804819199,0.06
429574,1.33972817079262,0.06
429575,1.44400367357959,0.06
429576,1.53679117744995,0.06
429577,1.62293715922176,0.06
429578,1.72662447248199,0.06
429579,1.56533760803256,0.06
429580,1.74476356364891,0.06
429581,1.77244401614574,0.06
429582,1.72825538874113,0.06
429583,1.74361650422736,0.06
429584,1.63519753075501,0.06
429585,1.66486058730911,0.06
429586,1.49710678305669,0.06
429587,1.60264299578543,0.06
429588,1.50969329854917,0.06
429589,1.4799083784444,0.06
429590,1.30337112571579,0.06
429591,1.44208779565634,0.06
429592,1.45182653823552,0.06
429593,1.50918236232339,0.06
429594,1.44385589117938,0.06
429595,1.3398785688179,0.06
429596,1.3221034057869,0.06
429597,1.53486894709652,0.06
429598,1.37519469836342,0.06
429599,1.5721609884561,0.06
429600,1.49319065305602,0.06
429601,1.62944807128336,0.06
429602,1.61053950498211,0.06
429603,1.57132334049217,0.06
429604,1.44948016282776,0.06
429605,1.3314047418745,0.06
429606,1.38200444034934,0.06
429607,1.39142947338745,0.06
429608,1.40876551605937,0.06
429609,1.51431421461042,0.06
429610,1.50188259740287,0.06
429611,1.51161955136666,0.06
429612,1.5740131055115,0.06
429613,1.57544313688335,0.06
429614,1.50618449690052,0.06
429615,1.59510213501677,0.06
429616,1.74604245090723,0.06
429617,1.70367520105717,0.06
429618,1.78109359136998,0.06
429619,1.76666892986468,0.06
429620,1.8588389734735,0.06
429621,1.96278190297763,0.06
429622,1.95421104467362,0.06
429623,1.94624571447662,0.06
429624,1.92753065412945,0.06
429625,1.81235278498663,0.06
429626,1.96645468994684,0.06
429627,1.9332561067185,0.06
429628,1.92718987810526,0.06
429629,1.94633622617315,0.06
429630,1.88620759752557,0.06
429631,1.94366886805368,0.06
429632,1.89422329058295,0.06
429633,1.97423406844455,0.06
429634,2.03292322668315,0.06
429635,2.05286694972793,0.06
429636,2.12785414224825,0.06
429637,2.11509821936216,0.06
429638,2.12315634483339,0.06
429639,2.10004426475301,0.06
429640,2.12314091281753,0.06
429641,2.09267146845755,0.06
429642,2.23325861799218,0.06
429643,2.16880655574237,0.06
429644,2.1970294673776,0.06
429645,2.04752229784833,0.06
429646,2.08112405860419,0.06
429647,2.1110898743604,0.06
429648,1.96543865957932,0.06
429649,2.01656227551459,0.06
429650,2.01769801878708,0.06
429651,1.96507879856276,0.06
429652,1.93145847949987,0.06
429653,1.9291335715297,0.06
429654,1.88038245754556,0.06
429655,1.86857452795667,0.06
429656,1.86357563309296,0.06
429657,1.95286002434251,0.06
429658,1.88302332691147,0.06
429659,1.91690689320566,0.06
429660,1.88237435440355,0.06
429661,1.88870582040132,0.06
429662,1.98242376862735,0.06
429663,1.93465715884095,0.06
429664,1.97040598688963,0.06
429665,2.00308927532391,0.06
429666,1.88291401990797,0.06
429667,1.97129083003913,0.06
429668,1.97267040074245,0.06
429669,1.95418224226056,0.06
429670,1.89970913678664,0.06
429671,1.93709319843335,0.06
429672,1.8432258658331,0.06
429673,1.92262549506159,0.06
429674,1.95026542094238,0.06
429675,1.87510094077277,0.06
429676,1.95865586530593,0.06
429677,1.83609363148552,0.06
429678,1.88900276453105,0.06
429679,1.95738742622483,0.06
429680,1.92646163121392,0.06
429681,1.95708159608606,0.06
429682,2.07880310833683,0.06
429683,2.03199195203335,0.06
429684,2.15731687112693,0.06
429685,2.29258054173573,0.06
429686,2.22063111344469,0.06
429687,2.31823758091846,0.06
429688,2.39352444506429,0.06
429689,2.36602560065856,0.06
429690,2.4158517719206,0.06
429691,2.47542420829358,0.06
429692,2.53874989484259,0.06
429693,2.65216773868256,0.06
431077,2.12988360104975,0.06
431078,-0.203583859877314,0.06
431079,0.298118123391731,0.06
431080,-3.32416586986097,0.06
431081,-4.10547292743843,0.06
431082,-4.12300464355001,0.06
431083,-4.71860756253414,0.06
431084,-5.55509368575936,0.06
431085,-5.99743604119774,0.06
431086,-6.18453388056871,0.06
431087,-6.01446711651794,0.06
431088,-6.24709722707498,0.06
431089,-5.61858969520288,0.06
431090,-3.38906478048704,0.06
431091,-1.64885694127271,0.06
431092,-0.762744840847362,0.06
431093,-0.776196563622683,0.06
431094,-2.13022884275488,0.06
431095,-2.8876295637937,0.06
431096,-3.11177049804326,0.06
431097,-3.32020770276899,0.06
431098,-3.42299702249625,0.06
431099,-3.89656152491717,0.06
431100,-4.35379432109038,0.06
431101,-3.65731269675183,0.06
431102,-2.90339077198388,0.06
431103,-2.64710882089411,0.06
431104,-2.84324234373027,0.06
431105,-3.05070654141333,0.06
431106,-3.06130901992499,0.06
431107,-2.96507023128055,0.06
431108,-2.68293417842433,0.06
431109,-2.69827764244177,0.06
431110,-2.9230280043745,0.06
431111,-3.20729814451162,0.06
431112,-3.45059749305337,0.06
431113,-3.38179245214257,0.06
431114,-3.30960448310288,0.06
431115,-3.49898326451509,0.06
431116,-3.56522000016401,0.06
431117,-3.13231427446529,0.06
431118,-3.12740149707247,0.06
431119,-3.41975057435149,0.06
431120,-3.49535205924479,0.06
431121,-3.52690641595653,0.06
431122,-3.63530403610226,0.06
431123,-3.75855452203037,0.06
431124,-3.70426297627578,0.06
431125,-3.57354711372866,0.06
431126,-3.44750613887305,0.06
431127,-3.41306959384836,0.06
431128,-3.44435870623734,0.06
431129,-3.54988170957661,0.06
431130,-3.54685581905282,0.06
431131,-3.58123318090764,0.06
431132,-3.91828298177376,0.06
431133,-3.70665503238341,0.06
431134,-3.44899845070018,0.06
431135,-3.52873558964692,0.06
431136,-3.42691039102213,0.06
431137,-3.20939813401808,0.06
431138,-3.17855883254742,0.06
431139,-3.376224285055,0.06
431140,-3.59197353347127,0.06
431141,-3.97878091000115,0.06
431142,-3.95373979164049,0.06
431143,-4.19565439375705,0.06
431144,-4.19819097521419,0.06
431145,-4.15808857728472,0.06
431146,-3.86956088993284,0.06
431147,-4.02058788051936,0.06
431148,-3.85154408226542,0.06
431149,-3.39095043066713,0.06
431150,-3.42290910461327,0.06
431151,-3.26920281109452,0.06
431152,-3.10502266445022,0.06
431153,-2.98577624954115,0.06
431154,-2.51570551847726,0.06
431155,-2.39215084449857,0.06
431156,-2.69979541813383,0.06
431157,-2.86518392799672,0.06
431158,-2.97212355074392,0.06
431159,-2.89734807352203,0.06
431160,-2.85511925496971,0.06
431161,-2.84077934703315,0.06
431162,-3.22172814298248,0.06
431163,-3.2072031956591,0.06
431164,-3.21103905173483,0.06
431165,-3.15567574625728,0.06
431166,-3.04539631920741,0.06
431167,-2.78780476429394,0.06
431168,-2.30683637059889,0.06
431169,-2.25708632562699,0.06
431170,-2.25475101842644,0.06
431171,-2.35914253011378,0.06
431172,-2.56772215450186,0.06
431173,-2.22231021575812,0.06
431174,-1.77082305690729,0.06
431175,-1.21593810103937,0.06
431176,-1.0273109387373,0.06
431177,-1.3065582605955,0.06
431178,-2.49902126728513,0.06
431179,-2.94089704069587,0.06
431180,-2.49370994700857,0.06
431181,-1.68022602140436,0.06
431182,-0.983969292261874,0.06
431183,-1.72799954565684,0.06
431184,-2.85235382673536,0.06
431185,-3.02461230977153,0.06
431186,-1.63632791085501,0.06
431187,-1.64660623818465,0.06
431188,-2.58626093521798,0.06
431189,-3.24480271317629,0.06
431190,-3.37826312232614,0.06
431191,-2.62842472458072,0.06
431192,-3.34711797608116,0.06
431193,-3.7339332919844,0.06
431194,-3.7222433246263,0.06
431195,-3.82317240854368,0.06
431196,-4.09996502101027,0.06
431197,-4.45740169906734,0.06
431198,-4.84807756821688,0.06
431199,-4.34842011868423,0.06
431200,-4.49629116382599,0.06
431201,-4.61204332671248,0.06
431202,-4.4744038730448,0.06
431203,-4.0738101183882,0.06
431204,-3.96597722962761,0.06
431205,-3.37355200480582,0.06
431206,-3.27390198675274,0.06
431207,-3.4005896589141,0.06
431208,-3.53269418451946,0.06
431209,-3.81966610004083,0.06
431210,-3.96502749744639,0.06
431211,-4.16811299270675,0.06
431212,-4.02270103046996,0.06
431213,-3.5356778015592,0.06
431214,-3.74402474587783,0.06
431215,-3.92703495101784,0.06
431216,-3.89762455685649,0.06
431217,-3.85868110463923,0.06
431218,-3.79253834775128,0.06
431219,-3.68269045629453,0.06
431220,-3.7584999699125,0.06
431221,-3.7725242230463,0.06
431222,-3.92150672457798,0.06
431223,-4.07533018877967,0.06
431224,-4.15125023814823,0.06
431225,-4.17603128595504,0.06
431226,-3.98985712378042,0.06
431227,-3.30476657057174,0.06
431228,-2.95365275856348,0.06
431229,-3.42298573703042,0.06
431230,-3.89326055156014,0.06
431231,-4.1636644172441,0.06
431232,-4.20948743230836,0.06
431233,-4.17384769290687,0.06
431234,-4.16391765140869,0.06
431235,-4.02255355938123,0.06
431236,-3.92041595398628,0.06
431237,-4.07733031628519,0.06
431238,-4.0680307800791,0.06
431239,-4.01175060497083,0.06
431240,-4.1966817625123,0.06
431241,-4.13825053610336,0.06
431242,-4.07636644211896,0.06
431243,-3.94308874275718,0.06
431244,-3.60770888727155,0.06
431245,-3.29467548192091,0.06
431246,-3.33113009777479,0.06
431247,-3.62957383140058,0.06
431248,-3.66372785674386,0.06
431249,-3.53110333471383,0.06
431250,-3.40682666790781,0.06
431251,-3.68901206161029,0.06
431252,-3.87408225960235,0.06
431253,-3.75408204568172,0.06
431254,-3.72614355258613,0.06
431255,-3.81848137250277,0.06
431256,-4.0459456344467,0.06
431257,-4.19383370072532,0.06
431258,-4.11906823019093,0.06
431259,-4.20576935666385,0.06
431260,-4.07586194184282,0.06
431261,-3.93609035688932,0.06
431262,-3.80314505540071,0.06
431263,-3.70386744747595,0.06
431264,-3.61380978037884,0.06
431265,-3.38567290925881,0.06
431266,-2.15946142023124,0.06
431267,-1.05595055064429,0.06
431268,-1.03257920065466,0.06
431269,-1.91184317972082,0.06
431270,-2.79622346759412,0.06
431271,-3.5558407718239,0.06
431272,-3.81784962376687,0.06
431273,-3.88987627111164,0.06
431274,-3.82409963994886,0.06
431275,-3.82195453407693,0.06
431276,-3.72378025690424,0.06
431277,-3.62158704130581,0.06
431278,-3.53942268131608,0.06
431279,-3.59720470895433,0.06
431280,-3.58605388844555,0.06
431281,-3.51562457336965,0.06
431282,-3.45878388658845,0.06
431283,-3.55679103082404,0.06
431284,-3.60875873332211,0.06
431285,-3.66183161963135,0.06
431286,-3.65658320670712,0.06
431287,-3.79786573590992,0.06
431288,-3.92800326128219,0.06
431289,-3.83146220735271,0.06
431290,-3.83922754753838,0.06
431291,-3.72745601131267,0.06
431292,-3.78318018325287,0.06
431293,-3.94073524231462,0.06
431294,-3.89549609747126,0.06
431295,-3.76398301964937,0.06
431296,-3.60991322471433,0.06
431297,-3.58704648147188,0.06
431298,-3.54265603955498,0.06
431299,-3.63913221181897,0.06
431300,-3.40177227905961,0.06
431301,-3.17827458125847,0.06
431302,-3.01868360588766,0.06
431303,-2.97048787290746,0.06
431304,-3.0628437136261,0.06
431305,-3.25700333595133,0.06
431306,-3.2004779968979,0.06
431307,-3.07687072531502,0.06
431308,-3.05302321697117,0.06
431309,-3.13054344827792,0.06
431310,-3.35495249553004,0.06
431311,-3.51460592709849,0.06
431312,-3.61666090524325,0.06
431313,-3.62665665452808,0.06
431314,-3.80219620201781,0.06
431315,-3.81936404173821,0.06
431316,-3.81716519718279,0.06
431317,-3.79556600651639,0.06
431318,-3.71800809229305,0.06
431319,-3.72968761974029,0.06
431320,-3.82689100027125,0.06
431321,-3.75864329434377,0.06
431322,-3.45146685534564,0.06
431323,-3.58312403113867,0.06
431324,-3.79339377490462,0.06
431325,-3.95792417144164,0.06
431326,-3.7625622649506,0.06
431327,-3.70325870308982,0.06
431328,-3.64368733973146,0.06
431329,-3.68545696092264,0.06
431330,-3.87815425070982,0.06
431331,-4.08527968671789,0.06
431332,-4.12805903025174,0.06
431333,-4.35923751950241,0.06
431334,-4.58933025306344,0.06
431335,-4.67844876924154,0.06
431336,-4.73533040085876,0.06
431337,-4.54439737485735,0.06
431338,-4.70593645016175,0.06
431339,-4.94864993769356,0.06
431340,-4.84356662291339,0.06
431341,-4.79225784699416,0.06
431342,-4.19825274413269,0.06
431343,-3.41016069872531,0.06
431344,-2.32450882686114,0.06
431345,-1.667634798042,0.06
431346,-1.10587986785321,0.06
431347,-1.04490422859675,0.06
431348,-1.33034722406278,0.06
431349,-0.853425383804804,0.06
431350,-1.26881585277648,0.06
431351,-1.56089761970775,0.06
431352,-1.52478490887703,0.06
431353,-1.71605367153534,0.06
431354,-0.976597045596216,0.06
431355,-0.478170712261333,0.06
431356,-0.580016748684218,0.06
431357,-0.180609601715737,0.06
431358,0.424417565063127,0.06
431359,0.455738402348005,0.06
431360,0.588636230872104,0.06
431361,0.515269750434126,0.06
431362,-0.0287120417170298,0.06
431363,-0.174275521629857,0.06
431364,-0.760450395994489,0.06
431365,-0.33570578227295,0.06
431366,-0.817093769834837,0.06
431367,-0.675043970529392,0.06
431368,-0.666887800622893,0.06
431369,-0.937793490658431,0.06
431370,-0.307228470281449,0.06
431371,-0.142676285722019,0.06
431372,0.0132844137197752,0.06
431373,-0.145228246446845,0.06
431374,-0.406337767412626,0.06
431375,-0.75983532498268,0.06
431376,-1.00568271323192,0.06
431377,-0.81217241878396,0.06
431378,-0.778560382077421,0.06
431379,-0.77883142307748,0.06
431380,-0.681030067396106,0.06
431381,-0.817873917226817,0.06
431382,-0.857388283137388,0.06
431383,-1.15219975323531,0.06
431384,-1.08831687398863,0.06
431385,-1.14414719647939,0.06
431386,-1.24622431553683,0.06
431387,-1.32748023634165,0.06
431388,-1.54258576489652,0.06
431389,-1.67764429640849,0.06
431390,-2.15635141193728,0.06
431391,-2.34110233028933,0.06
431392,-2.39230037152727,0.06
431393,-2.42662273686511,0.06
431394,-2.72986706627848,0.06
431395,-2.70875663831399,0.06
431396,-2.48758374000022,0.06
431397,-2.45944349187577,0.06
431398,-2.78724540803991,0.06
431399,-2.84290005462601,0.06
431400,-2.83694449363498,0.06
431401,-3.00302902013638,0.06
431402,-2.40680122364423,0.06
431403,-1.26317960755303,0.06
431404,-0.216826850146782,0.06
431405,0.131717858413806,0.06
431406,0.694940780196318,0.06
431407,0.917632854506469,0.06
431408,1.0096521693713,0.06
431409,0.883659026379879,0.06
431410,0.608172825841519,0.06
431411,0.628300152210495,0.06
431412,0.497597818028332,0.06
431413,0.454963229445543,0.06
431414,0.790419935206034,0.06
431415,0.810653853135965,0.06
431416,0.983126799388671,0.06
431417,0.814252925038938,0.06
431418,0.794850964648882,0.06
431419,0.481068979243417,0.06
431420,0.470058555400219,0.06
431421,0.432087011325664,0.06
431422,0.369485240525347,0.06
431423,0.665597474068904,0.06
431424,0.429695742715048,0.06
431425,0.288340838940146,0.06
431426,0.341819154644808,0.06
431427,0.269130560036325,0.06
431428,0.302813543066665,0.06
431429,0.47483102432279,0.06
431430,0.422333959181257,0.06
431431,0.460504806753457,0.06
431432,0.44620303194964,0.06
431433,0.16079580671817,0.06
431434,0.129983557992585,0.06
431435,0.154594517676989,0.06
431436,0.0531896644279219,0.06
431437,0.1970326092282,0.06
431438,0.217952667833913,0.06
431439,0.24163033254575,0.06
431440,0.326704101538523,0.06
431441,0.325175301415699,0.06
431442,0.509623129082886,0.06
431443,0.670195409815917,0.06
431444,0.679452599537744,0.06
431445,0.575710989323536,0.06
431446,0.368714956532105,0.06
431447,0.320561365203648,0.06
431448,-0.036007750341884,0.06
431449,-0.135666176051907,0.06
431450,-0.366736867734593,0.06
431451,-0.521875674230157,0.06
431452,-0.682700221137284,0.06
431453,-0.883792234450133,0.06
431454,-1.11844319110469,0.06
431455,-1.28741524110221,0.06
431456,-1.40047875353607,0.06
431457,-1.16541957683783,0.06
431458,-1.07209330448224,0.06
431459,-0.736289487323031,0.06
431460,-0.655569912092795,0.06
431461,-0.661182356830055,0.06
431462,-0.663665791892929,0.06
431463,-1.08953910535813,0.06
431464,-1.41342862579073,0.06
431465,-1.5434733850126,0.06
431466,-1.54487845982104,0.06
431467,-1.64726163433346,0.06
431468,-1.68796923496382,0.06
431469,-1.22673449000336,0.06
431470,-1.13695320630835,0.06
431471,-0.541503108887629,0.06
431472,-0.22096398340717,0.06
431473,-0.321043330536873,0.06
431474,-0.199921478853331,0.06
431475,-0.239067371457152,0.06
431476,-0.306064902892369,0.06
431477,-0.32015324625332,0.06
431478,-0.395892082581879,0.06
431479,-0.87582218168516,0.06
431480,-1.58085320075899,0.06
431481,-2.27390076895552,0.06
431482,-3.1245669568743,0.06
431483,-3.9323273237722,0.06
431484,-3.96393268492369,0.06
431485,-4.09691433103168,0.06
431486,-4.10048997622036,0.06
431487,-4.20321721121589,0.06
431488,-4.27405372724465,0.06
431489,-3.7355625832648,0.06
431490,-3.2737479857273,0.06
431491,-3.25212470565912,0.06
431492,-3.37697045788606,0.06
431493,-3.54035504653888,0.06
431494,-3.89611165129559,0.06
431495,-3.74482229593869,0.06
431496,-3.50730039893748,0.06
431497,-4.09890758478566,0.06
431498,-4.65661266988561,0.06
431499,-4.87051224673431,0.06
431500,-4.63355800321368,0.06
431501,-5.3489311227207,0.06
431502,-5.71536915004178,0.06
431503,-6.38255191018283,0.06
431504,-5.45113012953346,0.06
431505,-4.14928272104472,0.06
431506,-2.64802515758136,0.06
431507,-1.66889352412593,0.06
431508,-1.37453651042171,0.06
431509,-1.87804638303317,0.06
431510,-1.72730094708401,0.06
431511,-1.55781895522813,0.06
431512,-1.04444841276894,0.06
431513,-0.32865870380884,0.06
431514,-0.101190275202398,0.06
431515,-0.0987754391548291,0.06
431516,-0.332294411383864,0.06
431517,-0.52266390396252,0.06
431518,-0.532472400476884,0.06
431519,-0.192017995038599,0.06
431520,0.521927855873462,0.06
431521,0.670448044124679,0.06
431522,0.0762543437260027,0.06
431523,-0.764119073108555,0.06
431524,-1.25594095359113,0.06
431525,-1.28320090787555,0.06
431526,-0.951330322007094,0.06
431527,-1.03858628956694,0.06
431528,-0.643767232501504,0.06
431529,-0.304537954731949,0.06
431530,-0.393781245331681,0.06
431531,-0.672607136729311,0.06
431532,-1.28292369091014,0.06
431533,-1.93089473964978,0.06
431534,-2.7957432348321,0.06
431535,-3.38805226426701,0.06
431536,-3.70584151098062,0.06
431537,-4.03662784819172,0.06
431538,-3.8402672262318,0.06
431539,-3.870351061308,0.06
431540,-4.04890335033611,0.06
431541,-3.95732734689381,0.06
431542,-4.03009539556323,0.06
431543,-3.87432037296949,0.06
431544,-3.80787899889052,0.06
431545,-3.82706560178139,0.06
431546,-3.70174074505919,0.06
431547,-3.64645577943008,0.06
431548,-3.58630817198353,0.06
431549,-3.29144941892045,0.06
431550,-3.04963819113518,0.06
431551,-0.04,0.06
431552,-2.77623834951305,0.06
431553,-3.37958507802315,0.06
431554,-3.63705876178644,0.06
431555,-3.75581013902006,0.06
431556,-3.38679389372403,0.06
431557,-3.00882589589992,0.06
431558,-2.40403677632399,0.06
431559,-2.11151810796781,0.06
431560,-1.88900931531792,0.06
431561,-2.10791597450631,0.06
431562,-2.30188679946501,0.06
431563,-2.28561690801014,0.06
431564,-2.5520621261349,0.06
431565,-2.74710359974049,0.06
431566,-2.9013381356907,0.06
431567,-3.07630015785578,0.06
431568,-3.30571676200047,0.06
431569,-3.37890705102357,0.06
431570,-2.98100491374022,0.06
431571,-3.27603622512867,0.06
431572,-3.14372063262521,0.06
431573,-3.2878012070177,0.06
431574,-2.71349025344833,0.06
431575,-2.37553451178321,0.06
431576,-2.66727999657942,0.06
431577,-2.86438936026877,0.06
431578,-3.25485733406675,0.06
431579,-3.53538387634474,0.06
431580,-3.70573821538067,0.06
431581,-3.48399063351843,0.06
431582,-2.96221105250679,0.06
431583,-1.85615495894504,0.06
431584,-0.998153777248279,0.06
431585,-0.486236066408382,0.06
431586,-0.387522694104537,0.06
431587,-0.257202251889981,0.06
431588,-0.541695102587753,0.06
431589,-0.38780458883366,0.06
431590,-0.417341771395195,0.06
431591,-0.497192724360733,0.06
431592,-0.452492513826402,0.06
431593,-0.490100507623197,0.06
431594,-0.501210634203846,0.06
431595,-0.787584953199155,0.06
431596,-0.743491181351249,0.06
431597,-0.739160399701107,0.06
431598,-0.440869622319261,0.06
431599,-0.273178519275573,0.06
431600,-0.283144185409475,0.06
431601,-0.167508437122582,0.06
431602,-0.107700575301774,0.06
431603,-0.208843906227016,0.06
431604,-0.294612561658336,0.06
431605,-0.664367715827652,0.06
431606,-0.750453018328986,0.06
431607,-0.81567821500981,0.06
431608,-0.609221872914842,0.06
431609,-0.612026839357621,0.06
431610,-1.21593352564447,0.06
431611,-0.984335745760756,0.06
431612,-0.436455594347029,0.06
431613,-0.199701906943753,0.06
431614,-0.179841481026913,0.06
431615,0.161843582451636,0.06
431616,-0.195366962543612,0.06
431617,-0.399434602254062,0.06
431618,-0.491551039423242,0.06
431619,-0.429683890871762,0.06
431620,-0.187410440735832,0.06
431621,-0.0759451227656631,0.06
431622,0.132824143666313,0.06
431623,-0.0491678502452548,0.06
431624,0.0797775167572338,0.06
431625,-0.170648267807331,0.06
431626,-0.248375569246706,0.06
431627,-0.662515832928274,0.06
431628,-1.06347977390201,0.06
431629,-1.39159339965861,0.06
431630,-1.708628332702,0.06
431631,-1.81567576655646,0.06
431632,-1.73848802399753,0.06
431633,-0.996812913551946,0.06
431634,-0.308394597305376,0.06
431635,-0.0545858391598636,0.06
431636,0.158168682071514,0.06
431637,0.153475234741785,0.06
431638,0.345780300482886,0.06
431639,0.476546622662569,0.06
431640,0.760195876462046,0.06
431641,0.800525819660942,0.06
431642,0.805111728816476,0.06
431643,0.767870087793349,0.06
431644,0.116757734900737,0.06
431645,-1.0026143699379,0.06
431646,-1.59243777525366,0.06
431647,-1.57465054357838,0.06
431648,-1.55044220998451,0.06
431649,-1.2858613129342,0.06
431650,-1.48506989036672,0.06
431651,-1.45095464271281,0.06
431652,-1.37307521773859,0.06
431653,-1.1682777966887,0.06
431654,-1.34272563103988,0.06
431655,-0.947244066041664,0.06
431656,-1.04048698753856,0.06
431657,-1.07252068917035,0.06
431658,-1.03069562629423,0.06
431659,-0.906214702152913,0.06
431660,-1.20081548843805,0.06
431661,-1.88574417085136,0.06
431662,-3.07433332864147,0.06
431663,-3.9058236881011,0.06
431664,-5.00054683613619,0.06
431665,-5.62500174196853,0.06
431666,-5.86099342080831,0.06
431667,-5.99519445096667,0.06
431668,-5.4201223111031,0.06
431669,-4.58209072499315,0.06
431670,-5.07949245988076,0.06
431671,-5.67744457323882,0.06
431672,-5.96581051291446,0.06
431673,-6.67621704658369,0.06
431674,-6.78240463288753,0.06
431675,-6.64927003042098,0.06
431676,-6.43593078849187,0.06
431677,-6.03113685301939,0.06
431678,-6.4036293507466,0.06
431679,-6.5317272427163,0.06
431680,-6.92618516945427,0.06
431681,-7.07428947757025,0.06
431682,-6.86755040732816,0.06
431683,-6.78936706589291,0.06
431684,-6.35929271547367,0.06
431685,-5.63725852232924,0.06
431686,-4.92542694450694,0.06
431687,-3.7103864489783,0.06
431688,-1.7947876823632,0.06
431689,-2.31468410812538,0.06
431690,-1.68682899035077,0.06
431691,-0.965726883104519,0.06
431692,-0.694961910653018,0.06
431693,-1.10089330467879,0.06
431694,-0.377751362113166,0.06
431695,-0.307202779444397,0.06
431696,-0.457629109568787,0.06
431697,-0.431890017257785,0.06
431698,-0.80135173546875,0.06
431699,-1.02662586515604,0.06
431700,-1.30486357156982,0.06
431701,-1.39460206634688,0.06
431702,-1.33240419707936,0.06
431703,-1.95323748818448,0.06
431704,-1.65084777780834,0.06
431705,-1.50841134730044,0.06
431706,-1.13227773947081,0.06
431707,-0.920238539647409,0.06
431708,-0.975465778391162,0.06
431709,-1.08246953932744,0.06
431710,-1.16851213289156,0.06
431711,-1.35467317163838,0.06
431712,-1.24775390450931,0.06
431713,-1.35206615456787,0.06
431714,-1.30096782584554,0.06
431715,-1.23359166086302,0.06
431716,-1.33723743727264,0.06
431717,-1.22138681828323,0.06
431718,-1.17919088274484,0.06
431719,-1.14692574933036,0.06
431720,-1.10129397599825,0.06
431721,-0.836853279794022,0.06
431722,-1.48200314282393,0.06
431723,-1.63545379910684,0.06
431724,-2.02462469105284,0.06
431725,-2.28392186979563,0.06
431726,-2.75841128697167,0.06
431727,-2.99994953208611,0.06
431728,-3.32094467542171,0.06
431729,-3.92285761677083,0.06
431730,-3.97230662293101,0.06
431731,-5.1783528506323,0.06
431732,-5.92711983193872,0.06
431733,-5.66818590774525,0.06
431734,-5.63626700990133,0.06
431735,-5.15644666874548,0.06
431736,-4.76950230046554,0.06
431737,-5.27484396881241,0.06
431738,-5.36208151816637,0.06
431739,-5.5074921262221,0.06
431740,-6.51864030422235,0.06
431741,-6.72124072746503,0.06
431742,-6.80462038761763,0.06
431743,-6.02482536565198,0.06
431744,-4.8099929749764,0.06
431745,-3.71150215341197,0.06
431746,-2.5530361611529,0.06
431747,-2.10262094717987,0.06
431748,-1.76137363751658,0.06
431749,-2.25679995265039,0.06
431750,-2.45132412071066,0.06
431751,-2.39728866150712,0.06
431752,-2.40399926683781,0.06
431753,-2.17720049020771,0.06
431754,-1.92484276240352,0.06
431755,-2.06486245323549,0.06
431756,-2.17920477230925,0.06
431757,-2.34968020912721,0.06
431758,-2.41657558111895,0.06
431759,-2.6998887015081,0.06
431760,-2.76699919510188,0.06
431761,-2.77550288307191,0.06
431762,-2.63314105805913,0.06
431763,-2.43654075396157,0.06
431764,-2.58112943283187,0.06
431765,-2.2355335519397,0.06
431766,-1.94318483945244,0.06
431767,-1.40471014459657,0.06
431768,-0.915850923984819,0.06
431769,-1.03348595521488,0.06
431770,-0.888576039314545,0.06
431771,-0.740232397069578,0.06
431772,-0.562977930467858,0.06
431773,-0.602575870264626,0.06
431774,-0.829060662955776,0.06
431775,-1.1393447818339,0.06
431776,-1.39602520239103,0.06
431777,-1.95808005704214,0.06
431778,-2.66032654088206,0.06
431779,-3.57032303715169,0.06
431780,-4.07206588770856,0.06
431781,-2.55177870771861,0.06
431782,-3.89904451494959,0.06
431783,-4.65790612306216,0.06
431784,-5.622304758661,0.06
431785,-6.18986511334898,0.06
431786,-6.692020416056,0.06
431787,-6.39778996125403,0.06
431788,-6.54738743038775,0.06
431789,-6.83667732231651,0.06
431790,-6.51453573048149,0.06
431791,-6.1407988877092,0.06
431792,-7.25145895242934,0.06
431793,-7.57578323593485,0.06
431794,-7.84589614728818,0.06
431795,-7.3999410073384,0.06
431796,-6.95583512177684,0.06
431797,-5.79352153187595,0.06
431798,-4.13690776971914,0.06
431799,-3.23660438452649,0.06
431800,-2.38637842920201,0.06
431801,-2.02770212655325,0.06
431802,-1.81142587862883,0.06
431803,-2.12280492062202,0.06
431804,-1.91883204002618,0.06
431805,-2.30765910372582,0.06
431806,-3.47264914231407,0.06
431807,-3.82849036015319,0.06
431808,-4.39727632303645,0.06
431809,-4.65625601785946,0.06
431810,-5.09610995527614,0.06
431811,-5.77571739076756,0.06
431812,-4.26038376298906,0.06
431813,-2.73491680036527,0.06
431814,-2.68768691961958,0.06
431815,-2.77665647206183,0.06
431816,-3.53508383389156,0.06
431817,-3.4554326633732,0.06
431818,-2.84230731983095,0.06
431819,-2.31413478888668,0.06
431820,-1.94259016068813,0.06
431821,-1.090197107458,0.06
431822,-0.822567319636399,0.06
431823,-1.23356665638961,0.06
431824,-2.46701142448078,0.06
431825,-2.26006770202113,0.06
431826,-3.08947008803691,0.06
431827,-3.60349805246821,0.06
431828,-2.93636250709771,0.06
431829,-3.42845869787554,0.06
431830,-3.50552273295378,0.06
431831,-4.10315509838103,0.06
431832,-4.85634513184743,0.06
431833,-5.43570098745095,0.06
431834,-5.38172037333524,0.06
431835,-5.84645475013644,0.06
431836,-5.66392380813935,0.06
431837,-5.86029967065518,0.06
431838,-5.7505051385718,0.06
431839,-5.7192085777722,0.06
431840,-5.28368663573223,0.06
431841,-4.99107971063846,0.06
431842,-4.9240321466031,0.06
431843,-4.72452989192104,0.06
431844,-4.82268844167942,0.06
431845,-4.92309762046723,0.06
431846,-4.95443458571162,0.06
431847,-4.9221166745378,0.06
431848,-4.12261038390106,0.06
431849,-3.32495214646129,0.06
431850,-2.92729426991411,0.06
431851,-2.48338603429301,0.06
431852,-1.99305508270633,0.06
431853,-1.59257061836636,0.06
431854,-1.21516075247742,0.06
431855,-0.980733567172227,0.06
431856,-1.01511251687226,0.06
431857,-0.942927056414637,0.06
431858,-1.20137603760261,0.06
431859,-1.58292105286313,0.06
431860,-2.01627365391351,0.06
431861,-2.59544978834108,0.06
431862,-2.66442051162225,0.06
431863,-2.59447117042415,0.06
431864,-2.84123655681208,0.06
431865,-2.88227166872351,0.06
431866,-3.01002991725918,0.06
431867,-3.06952230179193,0.06
431868,-3.18707353567514,0.06
431869,-3.21759341226653,0.06
431870,-2.26796578986848,0.06
431871,-1.89055031484815,0.06
431872,-2.07311419810229,0.06
431873,-2.22639864433248,0.06
431874,-3.61858586441842,0.06
431875,-3.82524016549341,0.06
431876,-3.47783489703255,0.06
431877,-3.73099832170586,0.06
431878,-3.7098674857463,0.06
431879,-4.15998867411468,0.06
431880,-5.17990793496644,0.06
431881,-4.0838712636086,0.06
431882,-4.98396342305357,0.06
431883,-4.63953416282491,0.06
431884,-3.37501934091916,0.06
431885,-3.22785558070879,0.06
431886,-3.23193798762417,0.06
431887,-2.93038178870186,0.06
431888,-2.32066350164355,0.06
431889,-1.49037201437272,0.06
431890,-1.07325724440217,0.06
431891,-0.856207840170282,0.06
431892,-0.859656063532713,0.06
431893,-0.945537615744898,0.06
431894,-0.765836957615618,0.06
431895,-0.830056980307166,0.06
431896,-0.806685869323372,0.06
431897,-0.950834002050263,0.06
431898,-1.64161125696745,0.06
431899,-2.95194814670647,0.06
431900,-3.50064397879616,0.06
431901,-3.96579774806222,0.06
431902,-3.86811565757409,0.06
431903,-3.9574562111343,0.06
431904,-4.60447879712933,0.06
431905,-4.56605430102376,0.06
431906,-4.62320748484899,0.06
431907,-4.71928277779775,0.06
431908,-4.6450330753554,0.06
431909,-5.13365578818018,0.06
431910,-5.1102359099196,0.06
431911,-4.41180495679359,0.06
431912,-5.48536695865981,0.06
431913,-2.94906348552766,0.06
431914,-2.52028642554433,0.06
431915,-3.25270800424676,0.06
431916,-4.17907444186166,0.06
431917,-5.29057978829975,0.06
431918,-5.22224122802023,0.06
431919,-5.47071556449244,0.06
431920,-6.35235188673753,0.06
431921,-6.25429785834992,0.06
431922,-6.37480710592415,0.06
431923,-6.35612529176743,0.06
431924,-6.90475678916014,0.06
431925,-6.84300585451042,0.06
431926,-6.4845293682922,0.06
431927,-6.45796016629036,0.06
431928,-6.4866725167096,0.06
431929,-6.56858835439837,0.06
431930,-6.53876595355793,0.06
431931,-6.52886471792734,0.06
431932,-6.6121714132865,0.06
431933,-6.61864811928964,0.06
431934,-6.40532709565524,0.06
431935,-6.08210343267794,0.06
431936,-5.94434921750434,0.06
431937,-5.69382466781223,0.06
431938,-5.48263134250595,0.06
431939,-5.2422394090146,0.06
431940,-5.15724233451402,0.06
431941,-5.08738171283025,0.06
431942,-4.66985759293555,0.06
431943,-3.05286499166843,0.06
431944,-3.43130155225891,0.06
431945,-4.13989776295191,0.06
431946,-4.69629764137276,0.06
431947,-3.95470216943029,0.06
431948,-2.73200922461382,0.06
431949,-2.3791706598022,0.06
431950,-3.17309752703318,0.06
431951,-4.09016530417803,0.06
431952,-4.94718937439377,0.06
431953,-6.24676067677517,0.06
431954,-6.5294441787021,0.06
431955,-6.5268453684171,0.06
431956,-4.78154955249715,0.06
431957,-6.095751968271,0.06
431958,-5.94719725654523,0.06
431959,-6.0035788080024,0.06
431960,-6.20163952474123,0.06
431961,-6.21329984930017,0.06
431962,-6.27453537668705,0.06
431963,-6.48506770956098,0.06
431964,-6.39565528596175,0.06
431965,-6.44985767478695,0.06
431966,-6.56694851010382,0.06
431967,-6.46640918578014,0.06
431968,-5.99925633542875,0.06
431969,-6.01171875700076,0.06
431970,-5.52572718555845,0.06
431971,-5.43876563136501,0.06
431972,-5.51178175893493,0.06
431973,-5.47270308836115,0.06
431974,-5.29824068871558,0.06
431975,-5.21827715840088,0.06
431976,-5.18724607115388,0.06
431977,-5.25482601673826,0.06
431978,-5.48754782575407,0.06
431979,-5.44626694289208,0.06
431980,-5.15168522364379,0.06
431981,-5.30424272630966,0.06
431982,-5.30490947349976,0.06
431983,-5.24435650550921,0.06
431984,-5.28660186844389,0.06
431985,-5.26965248320546,0.06
431986,-5.57921265052329,0.06
431987,-5.61550477029679,0.06
431988,-5.96752844637129,0.06
431989,-6.00175838863269,0.06
431990,-5.74793388563918,0.06
431991,-5.38183990392973,0.06
431992,-5.34577585033712,0.06
431993,-5.11081267362703,0.06
431994,-5.10167491164295,0.06
431995,-4.99847336507778,0.06
431996,-5.55521168045428,0.06
431997,-5.33598465801497,0.06
431998,-5.60816474092409,0.06
431999,-5.4013623790996,0.06
432000,-5.28743971215835,0.06
432001,-5.32366888886218,0.06
432002,-5.46250629103382,0.06
432003,-5.19849629330923,0.06
432004,-5.08052535592232,0.06
432005,-4.9316760594723,0.06
432006,-5.24967718608903,0.06
432007,-5.0738448386727,0.06
432008,-4.92166268045131,0.06
432009,-3.88618932841409,0.06
432010,-3.31363696772377,0.06
432011,-1.97318872442515,0.06
432012,-1.3697923187082,0.06
432013,-0.973081387968815,0.06
432014,-0.0681998801397282,0.06
432015,-0.210785081406614,0.06
432016,-0.461712426173389,0.06
432017,-0.815498068404425,0.06
432018,-0.709469163276613,0.06
432019,-0.430040687042969,0.06
432020,-0.229519299389485,0.06
432021,-0.154656352590202,0.06
432022,-0.268296114913398,0.06
432023,0.0162948660876535,0.06
432024,0.0305442269795106,0.06
432025,-0.0450207871145054,0.06
432026,-0.271602597982022,0.06
432027,-0.459988888280047,0.06
432028,-0.652536767855707,0.06
432029,-1.06377045095832,0.06
432030,-1.17057765796928,0.06
432031,-1.66330485043361,0.06
432032,-2.07774308857514,0.06
432033,-2.84177528267009,0.06
432034,-3.1806558797447,0.06
432035,-3.37805688543462,0.06
432036,-3.75334903588984,0.06
432037,-4.07182233208199,0.06
432038,-4.23673567946307,0.06
432039,-4.18606355883613,0.06
432040,-4.277219200735,0.06
432041,-4.45023830075919,0.06
432042,-4.65995145097883,0.06
432043,-4.76941057524161,0.06
432044,-5.08600485849493,0.06
432045,-5.12733601591842,0.06
432046,-4.67487591374096,0.06
432047,-3.67464487026443,0.06
432048,-2.49532194417264,0.06
432049,-1.57401784595727,0.06
432050,-0.976383601956883,0.06
432051,-0.753560695636368,0.06
432052,-0.501407861919958,0.06
432053,-0.303611102978341,0.06
432054,-0.350407643606378,0.06
432055,-0.528267513902254,0.06
432056,-0.778417602637309,0.06
432057,-1.08071755387389,0.06
432058,-1.32677799902777,0.06
432059,-1.19944098143347,0.06
432060,-0.92915761616025,0.06
432061,-0.717262742364915,0.06
432062,-0.769962313017868,0.06
432063,-0.821618007547402,0.06
432064,-0.825283950842556,0.06
432065,-0.659505591631195,0.06
432066,-0.04,0.06
432067,-0.04,0.06
432068,-0.956589853675819,0.06
432069,-0.959003820098646,0.06
432070,-1.5113020804835,0.06
432071,-2.24152080058982,0.06
432072,-3.56007913245957,0.06
432073,-3.09251399435935,0.06
432074,-3.61309185842689,0.06
432075,-4.09907829641919,0.06
432076,-4.65328471746802,0.06
432077,-4.85373214361833,0.06
432078,-5.10159178048122,0.06
432079,-5.20468097626138,0.06
432080,-5.5729076967848,0.06
432081,-5.66418948705722,0.06
432082,-5.79993424291291,0.06
432083,-5.61498208698193,0.06
432084,-5.32762367214385,0.06
432085,-5.07507110453692,0.06
432086,-5.3510706274528,0.06
432087,-5.32147590001527,0.06
432088,-5.29724093440803,0.06
432089,-5.30622290857672,0.06
432090,-4.214652629366,0.06
432091,-5.93543548962305,0.06
432092,-6.47174547652511,0.06
432093,-6.18071104301899,0.06
432094,-7.16689409676411,0.06
432095,-6.75216899274228,0.06
432096,-6.57857208474201,0.06
432097,-6.70710472283868,0.06
432098,-0.04,0.06
432099,-6.45437786394636,0.06
432100,-6.52499755847539,0.06
432101,-6.49050782988811,0.06
432102,-6.78641117339229,0.06
432103,-6.92026662983634,0.06
432104,-6.96103589404123,0.06
432105,-7.03349420523619,0.06
432106,-7.1417361081783,0.06
432107,-6.97056033369653,0.06
432108,-6.95836765448843,0.06
432109,-6.99038786939317,0.06
432110,-6.83108621044706,0.06
432111,-6.31244332857328,0.06
432112,-5.57556697608688,0.06
432113,-4.86515703561124,0.06
432114,-5.1967798954129,0.06
432115,-3.80418031840349,0.06
432116,-2.46755975928396,0.06
432117,-1.6093745283916,0.06
432118,-1.21328365823523,0.06
432119,-1.46262528415034,0.06
432120,-0.04,0.06
432121,-2.31041401890966,0.06
432122,-0.04,0.06
432123,-3.40412668780315,0.06
432124,-3.38576951501345,0.06
432125,-3.28013389848422,0.06
432126,-3.69605621561499,0.06
432127,-3.86783279788708,0.06
432128,-4.1005911107725,0.06
432129,-4.25309842195837,0.06
432130,-4.23324504884826,0.06
432131,-4.47444920518543,0.06
432132,-4.41968886603248,0.06
432133,-4.54805980042647,0.06
432134,-4.66972269153164,0.06
432135,-4.65547238397804,0.06
432136,-4.69255597798352,0.06
432137,-4.67754400580867,0.06
432138,-4.47777819258382,0.06
432139,-4.34526788810895,0.06
432140,-4.30170089554095,0.06
432141,-4.44378676056237,0.06
432142,-4.97976457303742,0.06
432143,-4.88047477026241,0.06
432144,-4.73056796425935,0.06
432145,-4.53563607667999,0.06
432146,-5.05954865260726,0.06
432147,-5.02063989190984,0.06
432148,-4.93903707242704,0.06
432149,-4.78331063057996,0.06
432150,-4.51815056799949,0.06
432151,-4.10392510079819,0.06
432152,-2.76185487434855,0.06
432153,-1.75710864846391,0.06
432154,-1.75042893004974,0.06
432155,-1.60819404846823,0.06
432156,-1.75188399276986,0.06
432157,-1.8187911355672,0.06
432158,-1.8988136835202,0.06
432159,-1.78356483980307,0.06
432160,-1.63944336266117,0.06
432161,-1.32179076209415,0.06
432162,-1.01345373123576,0.06
432163,-0.921731533582568,0.06
432164,-0.972939964337028,0.06
432165,-1.17907124963943,0.06
432166,-1.37083235601445,0.06
432167,-2.02068313262177,0.06
432168,-2.357151087836,0.06
432169,-2.64091299251468,0.06
432170,-2.78177647640148,0.06
432171,-3.02952733133756,0.06
432172,-3.84195540167901,0.06
432173,-4.02024303217285,0.06
432174,-4.39818422959478,0.06
432175,-4.66494386290858,0.06
432176,-4.81164706207591,0.06
432177,-4.78587862388149,0.06
432178,-5.37800028017137,0.06
432179,-5.45540371547452,0.06
432180,-5.88843937787197,0.06
432181,-5.49267931494256,0.06
432182,-5.92323731337001,0.06
432183,-5.38934011209284,0.06
432184,-4.79109326690068,0.06
432185,-3.78412804058397,0.06
432186,-2.93582691559934,0.06
432187,-4.33105460857571,0.06
432188,-1.90584817702993,0.06
432189,-1.80927129401789,0.06
432190,-1.90085986073144,0.06
432191,-1.87357801545529,0.06
432192,-1.94315743164227,0.06
432193,-1.82344590534218,0.06
432194,-1.71339898350532,0.06
432195,-2.25006088201724,0.06
432196,-2.89693290620896,0.06
432197,-3.37971663198498,0.06
432198,-3.17203397940403,0.06
432199,-2.89527026240722,0.06
432200,-2.69409860933434,0.06
432201,-2.69685557576383,0.06
432202,-2.76939451341477,0.06
432203,-2.72128319136971,0.06
432204,-2.89074963609569,0.06
432205,-3.50410516540139,0.06
432206,-3.83825592297251,0.06
432207,-4.34112107861795,0.06
432208,-4.17316520891299,0.06
432209,-5.0894690093352,0.06
432210,-5.24284888143792,0.06
432211,-5.39720974855968,0.06
432212,-5.47451903669905,0.06
432213,-5.66961611570927,0.06
432214,-4.91019743310714,0.06
432215,-3.82143740412838,0.06
432216,-2.88063256360552,0.06
432217,-2.33622133177849,0.06
432218,-1.97301323682182,0.06
432219,-1.80292780311468,0.06
432220,-1.97323514428694,0.06
432221,-2.03444615829416,0.06
432222,-2.16054771283399,0.06
432223,-2.21033730732049,0.06
432224,-1.75151408087221,0.06
432225,-1.61881184914605,0.06
432226,-1.43147566697923,0.06
432227,-1.25541275542107,0.06
432228,-1.13011321091277,0.06
432229,-1.30971988423405,0.06
432230,-1.50672109206806,0.06
432231,-1.41456766653455,0.06
432232,-1.90088715456935,0.06
432233,-2.10704731275628,0.06
432234,-2.37895519015414,0.06
432235,-2.67340560901715,0.06
432236,-3.05167977788164,0.06
432237,-3.26405090669942,0.06
432238,-2.82280541736765,0.06
432239,-2.34827725998801,0.06
432240,-2.24968345794163,0.06
432241,-1.77486832596899,0.06
432242,-1.88402308897392,0.06
432243,-1.93815527609904,0.06
432244,-1.92576726665873,0.06
432245,-1.65476115058175,0.06
432246,-1.76199474264091,0.06
432247,-1.71776782467399,0.06
432248,-1.51617340297347,0.06
432249,-1.67986096222923,0.06
432250,-1.5588386897984,0.06
432251,-1.56897752978484,0.06
432252,-1.78426423328711,0.06
432253,-2.17657633068489,0.06
432254,-2.31393563684555,0.06
432255,-2.79869928691506,0.06
432256,-2.94174637354371,0.06
432257,-3.20613594433188,0.06
432258,-3.47361263618911,0.06
432259,-3.70034501507817,0.06
432260,-3.77110468016717,0.06
432261,-3.87694292358,0.06
432262,-3.86281076968591,0.06
432263,-3.83896167583475,0.06
432264,-4.10221430819245,0.06
432265,-3.9820846593675,0.06
432266,-2.75827584205105,0.06
432267,-2.32836911006878,0.06
432268,-2.42929851579813,0.06
432269,-1.71421576248174,0.06
432270,-1.68345931748392,0.06
432271,-2.00800243973759,0.06
432272,-2.00176146797968,0.06
432273,-1.96750704151328,0.06
432274,-1.82454291532056,0.06
432275,-1.48015255570458,0.06
432276,-1.47295581175916,0.06
432277,-1.52256942050818,0.06
432278,-1.96297295556862,0.06
432279,-1.60442438758267,0.06
432280,-1.29948809797443,0.06
432281,-1.1367971831391,0.06
432282,-1.29182467165897,0.06
432283,-1.08143846034798,0.06
432284,-1.06091767047724,0.06
432285,-0.999682333792469,0.06
432286,-1.01323560807546,0.06
432287,-1.01041135899921,0.06
432288,-1.21143292785566,0.06
432289,-1.73950998273714,0.06
432290,-1.65849565258664,0.06
432291,-1.66657880914142,0.06
432292,-1.82369244372172,0.06
432293,-2.02994681791412,0.06
432294,-2.19614960309736,0.06
432295,-2.13155322408225,0.06
432296,-1.93823223881817,0.06
432297,-1.81385736112868,0.06
432298,-1.55630422199907,0.06
432299,-1.61119559174535,0.06
432300,-1.570830932859,0.06
432301,-1.77716647067048,0.06
432302,-1.74815632489908,0.06
432303,-1.78899274254133,0.06
432304,-1.8232780365595,0.06
432305,-2.20400637117554,0.06
432306,-2.40324992970745,0.06
432307,-2.28225736175867,0.06
432308,-2.19269873214636,0.06
432309,-2.14706305883986,0.06
432310,-2.40715307763499,0.06
432311,-2.04611732743825,0.06
432312,-1.93773365915778,0.06
432313,-1.84857437896542,0.06
432314,-1.77799016907124,0.06
432315,-1.83642266694061,0.06
432316,-2.03063042974685,0.06
432317,-1.98749210114522,0.06
432318,-2.16987316352916,0.06
432319,-2.39726363447105,0.06
432320,-2.71071474000013,0.06
432321,-2.78152084741809,0.06
432322,-2.73444214841128,0.06
432323,-3.2145918063243,0.06
432324,-3.37371073703075,0.06
432325,-3.39606735935173,0.06
432326,-3.80935986048152,0.06
432327,-3.75668146588947,0.06
432328,-4.76709593116433,0.06
432329,-4.5950492140831,0.06
432330,-4.92978968575943,0.06
432331,-4.91269257803152,0.06
432332,-5.29111515356251,0.06
432333,-5.34368038962887,0.06
432334,-5.25778691250256,0.06
432335,-5.11946336637365,0.06
432336,-5.08153454440605,0.06
432337,-5.2153200173668,0.06
432338,-5.40683303752858,0.06
432339,-5.51270528996846,0.06
432340,-5.52597251620766,0.06
432341,-5.60399729687729,0.06
432342,-5.60923957074876,0.06
432343,-5.75975454242623,0.06
432344,-5.4748181011688,0.06
432345,-5.70046817710261,0.06
432346,-5.57340002098608,0.06
432347,-5.64164196356996,0.06
432348,-5.6894463718415,0.06
432349,-5.72866808849442,0.06
432350,-5.74064694671375,0.06
432351,-5.95765872502586,0.06
432352,-5.94134866462299,0.06
432353,-5.97942740332986,0.06
432354,-5.91341727485241,0.06
432355,-5.97442772299061,0.06
432356,-5.91375048268293,0.06
432357,-5.81273760973854,0.06
432358,-5.93451242148325,0.06
432359,-5.88287616752891,0.06
432360,-5.89927018164473,0.06
432361,-5.908216000159,0.06
432362,-5.89110218739879,0.06
432363,-6.15986925309864,0.06
432364,-6.43232383694877,0.06
432365,-6.47030014011668,0.06
432366,-6.39617523065085,0.06
432367,-6.63662349437598,0.06
432368,-6.5303095093832,0.06
432369,-6.23041239238951,0.06
432370,-6.13850551342134,0.06
432371,-6.2212213107338,0.06
432372,-6.01211815667785,0.06
432373,-5.76653375989538,0.06
432374,-5.80832665909392,0.06
432375,-5.80861591243621,0.06
432376,-5.82917219448098,0.06
432377,-5.57182197107247,0.06
432378,-5.25866400272397,0.06
432379,-5.18970004684004,0.06
432380,-4.94033058806613,0.06
432381,-4.93332857503182,0.06
432382,-5.02802742742724,0.06
432383,-4.75180500485337,0.06
432384,-4.75323880841281,0.06
432385,-4.98160392353424,0.06
432386,-5.13093183012954,0.06
432387,-5.46795707792474,0.06
432388,-5.28714392395971,0.06
432389,-5.13314658288862,0.06
432390,-4.91626241954962,0.06
432391,-4.83686684989678,0.06
432392,-5.44198323402625,0.06
432393,-5.59608178459685,0.06
432394,-5.5995414581991,0.06
432395,-5.94573716326913,0.06
432396,-5.95156677938288,0.06
432397,-5.99516642858901,0.06
432398,-5.8492309745463,0.06
432399,-5.97469015639304,0.06
432400,-5.96267738320065,0.06
432401,-5.97750864811505,0.06
432402,-6.00187034444241,0.06
432403,-6.03817160123086,0.06
432404,-5.98138158382497,0.06
432405,-5.88631514912369,0.06
432406,-5.82432951193576,0.06
432407,-5.92255576404134,0.06
432408,-5.85956067038394,0.06
432409,-5.98617408340652,0.06
432410,-5.90672007239154,0.06
432411,-5.80516379096833,0.06
432412,-5.97032238182645,0.06
432413,-5.9544384319412,0.06
432414,-5.91038813780202,0.06
432415,-5.87784681108588,0.06
432416,-5.90406735034603,0.06
432417,-5.9117866542586,0.06
432418,-5.90890741587966,0.06
432419,-5.91964490607397,0.06
432420,-5.80031127823273,0.06
432421,-5.67654227685025,0.06
432422,-5.66632215105513,0.06
432423,-5.29430743278644,0.06
432424,-5.32685783467608,0.06
432425,-4.9753235164818,0.06
432426,-5.01816113808299,0.06
432427,-5.18953767153909,0.06
432428,-5.22664324135872,0.06
432429,-5.09932207299538,0.06
432430,-5.16856396318039,0.06
432431,-5.406350568389,0.06
432432,-5.54970071213572,0.06
432433,-5.42849935688804,0.06
432434,-4.94413552800397,0.06
432435,-5.04412739616086,0.06
432436,-5.04253905391287,0.06
432437,-5.05679168384052,0.06
432438,-5.0329534483801,0.06
432439,-3.75002917580206,0.06
432440,-3.07069146890666,0.06
432441,-2.98233209364257,0.06
432442,-2.94423944689036,0.06
432443,-2.2424327891365,0.06
432444,-1.6872184852246,0.06
432445,-2.56235032952615,0.06
432446,-2.5817413317406,0.06
432447,-2.76874089115419,0.06
432448,-2.84984761736901,0.06
432449,-2.52219593813102,0.06
432450,-2.67623860342603,0.06
432451,-2.84863840277321,0.06
432452,-2.95441523275621,0.06
432453,-3.09293859646027,0.06
432454,-2.99862524132365,0.06
432455,-3.42938755578302,0.06
432456,-3.35699965761532,0.06
432457,-3.34667758881782,0.06
432458,-3.65997406640901,0.06
432459,-4.03958024454222,0.06
432460,-4.19874935885269,0.06
432461,-4.46020713119218,0.06
432462,-4.48897708727581,0.06
432463,-4.74866431861603,0.06
432464,-4.86202546413452,0.06
432465,-5.24100502218439,0.06
432466,-5.42247735889633,0.06
432467,-5.42379161885881,0.06
432468,-5.45958712016101,0.06
432469,-5.62285514371179,0.06
432470,-5.56503878039763,0.06
432471,-5.45454432126999,0.06
432472,-5.51643407070377,0.06
432473,-5.402111517379,0.06
432474,-5.32302936255396,0.06
432475,-5.41794329072261,0.06
432476,-5.39854459790141,0.06
432477,-5.38773988665743,0.06
432478,-5.26493585580952,0.06
432479,-5.20938601873479,0.06
432480,-5.14413056111884,0.06
432481,-5.14432377348795,0.06
432482,-5.21444495423826,0.06
432483,-5.29137341278982,0.06
432484,-5.33129296297696,0.06
432485,-5.51401618497786,0.06
432486,-5.4352421881815,0.06
432487,-5.50870763138524,0.06
432488,-5.2252350738927,0.06
432489,-5.01384567286547,0.06
432490,-4.93103811603177,0.06
432491,-4.77424611135703,0.06
432492,-4.70323998781978,0.06
432493,-4.73903032744793,0.06
432494,-4.89888075156785,0.06
432495,-5.06782294767127,0.06
432496,-4.75568605693771,0.06
432497,-4.58074835785221,0.06
432498,-4.4443959727462,0.06
432499,-4.3080757687595,0.06
432500,-4.77594390474961,0.06
432501,-4.67085248160932,0.06
432502,-4.39978626213754,0.06
432503,-4.48997139297128,0.06
432504,-4.16115570314544,0.06
432505,-4.18268458535233,0.06
432506,-4.13227775558618,0.06
432507,-3.94182189409825,0.06
432508,-3.87034518778262,0.06
432509,-3.72606161551374,0.06
432510,-3.84178594971026,0.06
432511,-3.86527900564662,0.06
432512,-4.13705742302585,0.06
432513,-4.31129970012292,0.06
432514,-4.25487860916167,0.06
432515,-4.3018952393186,0.06
432516,-4.20376976336366,0.06
432517,-4.45497675670162,0.06
432518,-4.48505359894324,0.06
432519,-4.13848454987773,0.06
432520,-3.94309154589742,0.06
432521,-4.21871449903809,0.06
432522,-4.30580432149966,0.06
432523,-4.42191062462187,0.06
432524,-4.50119623778143,0.06
432525,-4.44472462242379,0.06
432526,-5.12736016420151,0.06
432527,-5.07237490801928,0.06
432528,-4.97153154907793,0.06
432529,-4.76311748587093,0.06
432530,-4.88039906638604,0.06
432531,-4.98704606531183,0.06
432532,-4.90479639977845,0.06
432533,-4.89874028909308,0.06
432534,-4.94105089473098,0.06
432535,-4.8668983787085,0.06
432536,-4.83572119457726,0.06
432537,-4.76934329949372,0.06
432538,-4.78895123265403,0.06
432539,-4.75920138578312,0.06
432540,-4.74727805095841,0.06
432541,-4.75930776306796,0.06
432542,-4.80098131439013,0.06
432543,-4.81892113386227,0.06
432544,-4.83471699469639,0.06
432545,-4.86356635374574,0.06
432546,-4.87850686496296,0.06
432547,-4.83339033935302,0.06
432548,-4.78360841309113,0.06
432549,-4.71738456587737,0.06
432550,-4.69284657089103,0.06
432551,-4.64922460574534,0.06
432552,-4.54893303322698,0.06
432553,-4.53812215539657,0.06
432554,-4.63292648474496,0.06
432555,-4.70341832507917,0.06
432556,-4.88443018575172,0.06
432557,-5.10823628313131,0.06
432558,-5.08386670131036,0.06
432559,-4.99413602962174,0.06
432560,-5.02006784945088,0.06
432561,-4.98254228773741,0.06
432562,-4.88239539068633,0.06
432563,-5.03560298897493,0.06
432564,-4.72181981459839,0.06
432565,-4.28609148654689,0.06
432566,-3.48686593569297,0.06
432567,-3.11897019006612,0.06
432568,-2.8679102613037,0.06
432569,-3.52500550504745,0.06
432570,-4.95105061102449,0.06
432571,-5.47257807272039,0.06
432572,-5.27612783707839,0.06
432573,-5.40778683853551,0.06
432574,-5.29898586575242,0.06
432575,-5.52124349365008,0.06
432576,-5.48731576965561,0.06
432577,-5.6136974733148,0.06
432578,-5.73311488926199,0.06
432579,-5.56445879201954,0.06
432580,-5.37390785999717,0.06
432581,-5.42327758594483,0.06
432582,-5.42457261874935,0.06
432583,-5.38869830746259,0.06
432584,-5.45952499385092,0.06
432585,-5.32192577933255,0.06
432586,-5.14038635959997,0.06
432587,-5.16579053011387,0.06
432588,-5.02336378728079,0.06
432589,-5.10657423641795,0.06
432590,-4.92433382020686,0.06
432591,-4.82988729393222,0.06
432592,-4.86190516086829,0.06
432593,-4.77200817338549,0.06
432594,-4.84797733603432,0.06
432595,-4.8789353888323,0.06
432596,-4.70326955499372,0.06
432597,-4.36647166755543,0.06
432598,-4.29847524929572,0.06
432599,-4.09837071454234,0.06
432600,-4.16531537090007,0.06
432601,-4.35269803518261,0.06
432602,-4.60296771489147,0.06
432603,-4.46370749846167,0.06
432604,-4.20007896696588,0.06
432605,-4.23979433281876,0.06
432606,-4.39452742691421,0.06
432607,-4.30509865511468,0.06
432608,-4.30447971767592,0.06
432609,-4.57609847294925,0.06
432610,-4.59639950944136,0.06
432611,-4.46909221279023,0.06
432612,-4.42326780222041,0.06
432613,-4.42109835975125,0.06
