sample_id,d18o_measurement,d18o_precision
65357,-7.49,0.08
65358,-7.4217,0.08
65359,-7.3232,0.08
65360,-7.2011,0.08
65361,-7.2122,0.08
65362,-7.043,0.08
65363,-7.0021,0.08
65364,-7.2734,0.08
65365,-7.5749,0.08
65366,-7.6004,0.08
65367,-7.628,0.08
65368,-7.7068,0.08
65369,-7.7018,0.08
65370,-7.6208,0.08
65371,-7.4209,0.08
65372,-7.2901,0.08
65373,-7.2466,0.08
65374,-7.2579,0.08
65375,-7.6977,0.08
65376,-7.8786,0.08
65377,-7.6067,0.08
65378,-7.553,0.08
65379,-7.6422,0.08
65380,-7.8451,0.08
65381,-7.7664,0.08
65382,-7.5333,0.08
65383,-7.2273,0.08
65384,-7.4707,0.08
65385,-7.3793,0.08
65386,-7.4244,0.08
65387,-7.3886,0.08
65388,-7.2624,0.08
65389,-7.0968,0.08
65390,-7.2006,0.08
65391,-7.4811,0.08
65392,-7.5108,0.08
65393,-7.5786,0.08
65394,-7.5297,0.08
65395,-7.7356,0.08
65396,-7.6988,0.08
65397,-7.5129,0.08
65398,-7.4201,0.08
65399,-7.2794,0.08
65400,-7.2612,0.08
65401,-7.1272,0.08
65402,-7.0594,0.08
65403,-7.084,0.08
65404,-7.1974,0.08
65405,-7.1583,0.08
65406,-7.1633,0.08
65407,-7.112,0.08
65408,-7.2308,0.08
65409,-7.2615,0.08
65410,-7.2618,0.08
65411,-7.3473,0.08
65412,-7.3899,0.08
65413,-7.4193,0.08
65414,-7.4675,0.08
65415,-7.4824,0.08
65416,-7.4031,0.08
65417,-7.3466,0.08
65418,-7.2916,0.08
65419,-7.2727,0.08
65420,-7.3839,0.08
65421,-7.6,0.08
65422,-7.5907,0.08
65423,-7.6839,0.08
65424,-7.6797,0.08
65425,-7.652,0.08
65426,-7.6747,0.08
65427,-7.5464,0.08
65428,-7.3863,0.08
65429,-7.2728,0.08
65430,-7.1931,0.08
65431,-7.2762,0.08
65432,-7.2984,0.08
65433,-7.2252,0.08
65434,-7.1473,0.08
65435,-7.079,0.08
65436,-7.0335,0.08
65437,-7.1588,0.08
65438,-7.2112,0.08
65439,-7.1609,0.08
65440,-7.1012,0.08
65441,-7.0835,0.08
65442,-7.1401,0.08
65443,-7.2666,0.08
65444,-7.3363,0.08
65445,-7.2544,0.08
65446,-7.2161,0.08
65447,-7.2875,0.08
65448,-7.3635,0.08
65449,-7.308,0.08
65450,-7.3798,0.08
65451,-7.3767,0.08
65452,-7.4674,0.08
65453,-7.3576,0.08
65454,-7.2155,0.08
65455,-7.2984,0.08
65456,-7.4471,0.08
65457,-7.6241,0.08
65458,-7.5572,0.08
65459,-7.3358,0.08
65460,-7.2762,0.08
65461,-7.2472,0.08
65462,-7.1691,0.08
65463,-7.1741,0.08
65464,-7.2177,0.08
65465,-7.1679,0.08
65466,-7.0667,0.08
65467,-6.9415,0.08
65468,-6.9342,0.08
65469,-7.0055,0.08
65470,-7.2171,0.08
65471,-7.2758,0.08
65472,-7.177,0.08
65473,-7.1652,0.08
65474,-7.1589,0.08
65475,-7.1022,0.08
65476,-7.0392,0.08
65477,-6.9892,0.08
65478,-7.1519,0.08
65479,-7.3768,0.08
65480,-7.1422,0.08
65481,-6.9076,0.08
65482,-6.9145,0.08
65483,-6.9944,0.08
65484,-7.0159,0.08
65485,-6.9207,0.08
65486,-6.9418,0.08
65487,-7.0856,0.08
65488,-7.2772,0.08
65489,-7.4041,0.08
65490,-7.3483,0.08
65491,-7.3932,0.08
65492,-7.4772,0.08
65493,-7.4676,0.08
65494,-7.3741,0.08
65495,-7.4143,0.08
65496,-7.5175,0.08
65497,-7.5894,0.08
65498,-7.3597,0.08
65499,-7.1795,0.08
65500,-7.3136,0.08
65501,-7.2947,0.08
65502,-7.1455,0.08
65503,-7.1839,0.08
65504,-7.2295,0.08
65505,-7.4977,0.08
65506,-7.6145,0.08
65507,-7.552,0.08
65508,-7.4392,0.08
65509,-7.1421,0.08
65510,-7.1734,0.08
65511,-7.217,0.08
65512,-7.1246,0.08
65513,-7.2605,0.08
65514,-7.4566,0.08
65515,-7.5493,0.08
65516,-7.6529,0.08
65517,-7.7421,0.08
65518,-7.7912,0.08
65519,-7.6187,0.08
65520,-7.3626,0.08
65521,-7.2224,0.08
65522,-7.015,0.08
65523,-6.9988,0.08
65524,-7.0855,0.08
65525,-7.0701,0.08
65526,-6.9933,0.08
65527,-7.0438,0.08
65528,-7.1743,0.08
65529,-7.3671,0.08
65530,-7.5009,0.08
65531,-7.4937,0.08
65532,-7.3599,0.08
65533,-7.3574,0.08
65534,-7.3326,0.08
65535,-7.3193,0.08
65536,-7.5245,0.08
65537,-7.7529,0.08
65538,-7.8262,0.08
65539,-7.5158,0.08
65540,-7.2004,0.08
65541,-7.2109,0.08
65542,-7.232,0.08
65543,-7.2145,0.08
65544,-7.2697,0.08
65545,-7.3233,0.08
65546,-7.3607,0.08
65547,-7.4647,0.08
65548,-7.6327,0.08
65549,-7.6819,0.08
65550,-7.6842,0.08
65551,-7.7291,0.08
65552,-7.7336,0.08
65553,-7.7302,0.08
65554,-7.7578,0.08
65555,-7.7883,0.08
65556,-7.6543,0.08
65557,-7.3943,0.08
65558,-7.2731,0.08
65559,-7.5456,0.08
65560,-7.6658,0.08
65561,-7.64,0.08
65562,-7.5737,0.08
65563,-7.4671,0.08
65564,-7.3788,0.08
65565,-7.2313,0.08
65566,-7.2502,0.08
65567,-7.2966,0.08
65568,-7.2936,0.08
65569,-7.3473,0.08
65570,-7.5125,0.08
65571,-7.4359,0.08
65572,-7.4292,0.08
65573,-7.4157,0.08
65574,-7.4852,0.08
65575,-7.7985,0.08
65576,-7.6901,0.08
65577,-7.3538,0.08
65578,-7.2116,0.08
65579,-7.0544,0.08
65580,-6.9875,0.08
65581,-7.0625,0.08
65582,-7.1507,0.08
65583,-7.3447,0.08
65584,-7.3554,0.08
65585,-7.3792,0.08
65586,-7.342,0.08
65587,-7.1938,0.08
65588,-6.9967,0.08
65589,-7.0634,0.08
65590,-7.1424,0.08
65591,-7.0403,0.08
65592,-7.1128,0.08
65593,-7.3616,0.08
65594,-7.3006,0.08
65595,-7.1418,0.08
65596,-7.0816,0.08
65597,-7.1481,0.08
65598,-6.8813,0.08
65599,-6.9076,0.08
65600,-6.9926,0.08
65601,-7.1325,0.08
65602,-7.2941,0.08
65603,-7.2487,0.08
65604,-7.2811,0.08
65605,-7.2865,0.08
65606,-7.0482,0.08
65607,-7.0525,0.08
65608,-7.0579,0.08
65609,-6.973,0.08
65610,-7.0269,0.08
65611,-7.23,0.08
65612,-7.2908,0.08
65613,-7.4813,0.08
65614,-7.4429,0.08
65615,-7.447,0.08
65616,-7.4067,0.08
65617,-7.3396,0.08
65618,-7.2808,0.08
65619,-7.2935,0.08
65620,-7.4004,0.08
65621,-7.4982,0.08
65622,-7.505,0.08
65623,-7.5443,0.08
65624,-7.5426,0.08
65625,-7.6229,0.08
65626,-7.587,0.08
65627,-7.5605,0.08
65628,-7.5733,0.08
65629,-7.5941,0.08
65630,-7.5779,0.08
65631,-7.5004,0.08
65632,-7.548,0.08
65633,-7.5796,0.08
65634,-7.5677,0.08
65635,-7.5406,0.08
65636,-7.5336,0.08
65637,-7.5959,0.08
65638,-7.573,0.08
65639,-7.6019,0.08
65640,-7.6102,0.08
65641,-7.7438,0.08
65642,-7.7783,0.08
65643,-7.7349,0.08
65644,-7.6704,0.08
65645,-7.7289,0.08
65646,-7.6763,0.08
65647,-7.7322,0.08
65648,-7.8396,0.08
65649,-7.648,0.08
65650,-7.6062,0.08
65651,-7.6429,0.08
65652,-7.696,0.08
65653,-7.4386,0.08
65654,-7.66,0.08
65655,-7.5148,0.08
65656,-7.3047,0.08
65657,-7.637,0.08
65658,-7.9166,0.08
65659,-7.8406,0.08
65660,-8.068,0.08
65661,-8.0434,0.08
65662,-8.1471,0.08
65663,-8.0976,0.08
65664,-8.277,0.08
65665,-7.9786,0.08
65666,-7.7604,0.08
65667,-7.5637,0.08
65668,-7.571,0.08
65669,-7.5183,0.08
65670,-7.5086,0.08
65671,-7.6181,0.08
65672,-7.6215,0.08
65673,-7.5735,0.08
65674,-7.4905,0.08
65675,-7.4233,0.08
65676,-7.602,0.08
65677,-7.8353,0.08
65678,-7.9353,0.08
65679,-7.6305,0.08
65680,-7.7934,0.08
65681,-7.8802,0.08
65682,-7.8642,0.08
65683,-7.7787,0.08
65684,-7.8207,0.08
65685,-7.8358,0.08
65686,-7.9719,0.08
65687,-7.8468,0.08
65688,-7.6915,0.08
65689,-7.6269,0.08
65690,-7.9056,0.08
65691,-7.8537,0.08
65692,-7.6455,0.08
65693,-7.6674,0.08
65694,-7.8274,0.08
65695,-7.8927,0.08
65696,-7.8965,0.08
65697,-7.7092,0.08
65698,-7.663,0.08
65699,-7.5276,0.08
65700,-7.6715,0.08
65701,-7.7409,0.08
65702,-7.7851,0.08
65703,-8.018,0.08
65704,-8.0594,0.08
65705,-7.8592,0.08
65706,-7.6838,0.08
65707,-7.637,0.08
65708,-7.708,0.08
65709,-7.8517,0.08
65710,-7.864,0.08
65711,-7.9304,0.08
65712,-7.6999,0.08
65713,-7.7497,0.08
65714,-7.8389,0.08
65715,-7.9137,0.08
65716,-8.2047,0.08
65717,-8.2592,0.08
65718,-8.1243,0.08
65719,-7.8792,0.08
65720,-7.8003,0.08
65721,-7.7373,0.08
65722,-7.5218,0.08
65723,-7.4942,0.08
65724,-7.7487,0.08
65725,-7.8745,0.08
65726,-7.7773,0.08
65727,-7.5832,0.08
65728,-7.6663,0.08
65729,-7.6664,0.08
65730,-7.6454,0.08
65731,-7.6654,0.08
65732,-7.6468,0.08
65733,-7.7864,0.08
65734,-7.8232,0.08
65735,-7.6669,0.08
65736,-7.5097,0.08
65737,-7.5388,0.08
65738,-7.7206,0.08
65739,-7.6936,0.08
65740,-7.5757,0.08
65741,-7.4381,0.08
65742,-7.5619,0.08
65743,-7.5627,0.08
65744,-7.6439,0.08
65745,-7.6366,0.08
65746,-7.4381,0.08
65747,-7.4089,0.08
65748,-7.5298,0.08
65749,-7.66,0.08
65750,-7.6681,0.08
65751,-7.5466,0.08
65752,-7.6092,0.08
65753,-7.6083,0.08
65754,-7.6526,0.08
65755,-7.6647,0.08
65756,-7.6953,0.08
65757,-7.7619,0.08
65758,-7.8553,0.08
65759,-7.9543,0.08
65760,-7.9631,0.08
65761,-7.9484,0.08
65762,-7.876,0.08
65763,-7.6968,0.08
65764,-7.6832,0.08
65765,-7.744,0.08
65766,-7.7894,0.08
65767,-7.8624,0.08
65768,-7.9798,0.08
65769,-7.7533,0.08
65770,-7.6079,0.08
65771,-7.5927,0.08
65772,-7.4857,0.08
65773,-7.4298,0.08
65774,-7.45,0.08
65775,-7.523,0.08
65776,-7.5049,0.08
65777,-7.5401,0.08
65778,-7.548,0.08
65779,-7.4553,0.08
65780,-7.385,0.08
65781,-7.3562,0.08
65782,-7.5375,0.08
65783,-7.7002,0.08
65784,-7.3241,0.08
65785,-7.2296,0.08
65786,-7.0364,0.08
65787,-7.0273,0.08
65788,-7.169,0.08
65789,-7.2147,0.08
65790,-7.4306,0.08
65791,-7.4386,0.08
65792,-7.3885,0.08
65793,-7.4492,0.08
65794,-7.425,0.08
65795,-7.4968,0.08
65796,-7.6471,0.08
65797,-7.7875,0.08
65798,-7.6763,0.08
65799,-7.4836,0.08
65800,-7.37,0.08
65801,-7.2294,0.08
65802,-7.4854,0.08
65803,-7.5142,0.08
65804,-7.5505,0.08
65805,-7.6043,0.08
65806,-7.5421,0.08
65807,-7.5451,0.08
65808,-7.5062,0.08
65809,-7.5483,0.08
65810,-7.6108,0.08
65811,-7.5414,0.08
65812,-7.7335,0.08
65813,-7.6738,0.08
65814,-7.7504,0.08
65815,-7.7966,0.08
65816,-7.8181,0.08
65817,-7.8172,0.08
65818,-7.8363,0.08
65819,-7.8303,0.08
65820,-7.849,0.08
65821,-8.1848,0.08
65822,-8.0193,0.08
65823,-7.929,0.08
65824,-7.9955,0.08
65825,-7.7283,0.08
65826,-7.3989,0.08
65827,-7.4746,0.08
65828,-7.5743,0.08
65829,-7.7269,0.08
65830,-7.7873,0.08
65831,-7.7455,0.08
65832,-7.7249,0.08
65833,-7.8046,0.08
65834,-7.8537,0.08
65835,-7.7727,0.08
65836,-7.7301,0.08
65837,-7.7811,0.08
65838,-7.7394,0.08
65839,-7.57,0.08
65840,-7.422,0.08
65841,-7.4852,0.08
65842,-7.6366,0.08
65843,-7.7019,0.08
65844,-7.7299,0.08
65845,-7.5892,0.08
65846,-7.5726,0.08
65847,-7.6905,0.08
65848,-7.8124,0.08
65849,-7.6192,0.08
65850,-7.5855,0.08
65851,-7.4843,0.08
65852,-7.362,0.08
65853,-7.2935,0.08
65854,-7.4227,0.08
65855,-7.5901,0.08
65856,-7.6483,0.08
65857,-7.7209,0.08
65858,-7.6524,0.08
65859,-7.7294,0.08
65860,-7.7268,0.08
65861,-7.6919,0.08
65862,-7.6274,0.08
65863,-7.6702,0.08
65864,-7.6612,0.08
65865,-7.6156,0.08
65866,-7.6405,0.08
65867,-7.8477,0.08
65868,-7.9477,0.08
65869,-8.0199,0.08
65870,-7.783,0.08
65871,-7.8129,0.08
65872,-7.5899,0.08
65873,-7.533,0.08
65874,-7.7055,0.08
65875,-7.7271,0.08
65876,-7.6917,0.08
65877,-7.8274,0.08
65878,-7.8587,0.08
65879,-7.9687,0.08
65880,-7.8642,0.08
65881,-7.9597,0.08
65882,-7.792,0.08
65883,-7.8495,0.08
65884,-7.8929,0.08
65885,-7.978,0.08
65886,-7.9566,0.08
65887,-7.8775,0.08
65888,-7.958,0.08
65889,-7.7134,0.08
65890,-7.723,0.08
65891,-7.8042,0.08
65892,-7.908,0.08
65893,-8.0755,0.08
65894,-8.0928,0.08
65895,-8.1044,0.08
65896,-7.9643,0.08
65897,-7.9947,0.08
65898,-8.0096,0.08
65899,-7.9835,0.08
65900,-7.9019,0.08
65901,-7.8497,0.08
65902,-7.7943,0.08
65903,-7.7022,0.08
65904,-7.7916,0.08
65905,-7.8245,0.08
65906,-7.7452,0.08
65907,-7.5824,0.08
65908,-7.6192,0.08
65909,-7.586,0.08
65910,-7.6215,0.08
65911,-7.3583,0.08
65912,-7.2314,0.08
65913,-7.2989,0.08
65914,-7.3778,0.08
65915,-7.4055,0.08
65916,-7.3891,0.08
65917,-7.3764,0.08
65918,-7.5053,0.08
65919,-7.4268,0.08
65920,-7.5935,0.08
65921,-7.6795,0.08
65922,-7.7047,0.08
65923,-7.6108,0.08
65924,-7.5532,0.08
65925,-7.5023,0.08
65926,-7.3123,0.08
65927,-7.2307,0.08
65928,-7.174,0.08
65929,-7.1043,0.08
65930,-7.1312,0.08
65931,-7.0407,0.08
65932,-7.1882,0.08
65933,-7.2648,0.08
65934,-7.2975,0.08
65935,-7.3089,0.08
65936,-7.2887,0.08
65937,-7.454,0.08
65938,-7.503,0.08
65939,-7.303,0.08
65940,-7.5038,0.08
65941,-7.5471,0.08
65942,-7.4923,0.08
65943,-7.4612,0.08
65944,-7.4994,0.08
65945,-7.395,0.08
65946,-7.4755,0.08
65947,-7.7969,0.08
65948,-7.842,0.08
65949,-7.9366,0.08
65950,-7.7097,0.08
65951,-7.4481,0.08
65952,-7.4873,0.08
65953,-7.5712,0.08
65954,-7.6684,0.08
65955,-7.7523,0.08
65956,-7.8004,0.08
65957,-7.634,0.08
65958,-7.5902,0.08
65959,-7.7253,0.08
65960,-7.5389,0.08
65961,-7.483,0.08
65962,-7.7125,0.08
65963,-7.4728,0.08
65964,-7.5202,0.08
65965,-7.5404,0.08
65966,-7.6894,0.08
65967,-7.7001,0.08
65968,-7.7063,0.08
65969,-7.7878,0.08
65970,-7.6424,0.08
65971,-7.5305,0.08
65972,-7.5939,0.08
65973,-7.578,0.08
65974,-7.5227,0.08
65975,-7.3771,0.08
65976,-7.4453,0.08
65977,-7.4197,0.08
65978,-7.4586,0.08
65979,-7.4152,0.08
65980,-7.4505,0.08
65981,-7.3479,0.08
65982,-7.2607,0.08
65983,-7.4806,0.08
65984,-7.5265,0.08
65985,-7.64,0.08
65986,-7.6863,0.08
65987,-7.6413,0.08
65988,-7.6471,0.08
65989,-7.6911,0.08
65990,-7.7125,0.08
65991,-7.4513,0.08
65992,-7.5411,0.08
65993,-7.4982,0.08
65994,-7.346,0.08
65995,-7.4332,0.08
65996,-7.4469,0.08
65997,-7.4367,0.08
65998,-7.2325,0.08
65999,-7.2129,0.08
66000,-7.3206,0.08
66001,-7.3099,0.08
66002,-7.313,0.08
66003,-7.1544,0.08
66004,-7.1554,0.08
66005,-7.2223,0.08
66006,-7.1879,0.08
66007,-7.1531,0.08
66008,-7.2109,0.08
66009,-7.3527,0.08
66010,-7.5638,0.08
66011,-7.5367,0.08
66012,-7.4952,0.08
66013,-7.4274,0.08
66014,-7.4356,0.08
66015,-7.3003,0.08
66016,-7.3149,0.08
66017,-7.4031,0.08
66018,-7.4101,0.08
66019,-7.4059,0.08
66020,-7.4626,0.08
66021,-7.4276,0.08
66022,-7.4638,0.08
66023,-7.5279,0.08
66024,-7.6061,0.08
66025,-7.5302,0.08
66026,-7.4617,0.08
66027,-7.5035,0.08
66028,-7.5813,0.08
66029,-7.4649,0.08
66030,-7.4034,0.08
66031,-7.412,0.08
66032,-7.4221,0.08
66033,-7.5657,0.08
66034,-7.4614,0.08
66035,-7.3669,0.08
66036,-7.3261,0.08
66037,-7.4264,0.08
66038,-7.5171,0.08
66039,-7.5806,0.08
66040,-7.3111,0.08
66041,-7.3504,0.08
66042,-7.5689,0.08
66043,-7.6338,0.08
66044,-7.6975,0.08
66045,-7.264,0.08
66046,-7.5141,0.08
66047,-7.5874,0.08
66048,-7.3442,0.08
66049,-7.2576,0.08
66050,-7.3811,0.08
66051,-7.5192,0.08
66052,-7.7231,0.08
66053,-7.6318,0.08
66054,-7.4107,0.08
66055,-7.2461,0.08
66056,-7.3794,0.08
66057,-7.4096,0.08
66058,-7.2825,0.08
66059,-7.3478,0.08
66060,-7.4295,0.08
66061,-7.4975,0.08
66062,-7.6102,0.08
66063,-7.2705,0.08
66064,-7.2316,0.08
66065,-7.2595,0.08
66066,-7.3217,0.08
66067,-7.3872,0.08
66068,-7.4673,0.08
66069,-7.4358,0.08
66070,-7.3846,0.08
66071,-7.4484,0.08
66072,-7.6066,0.08
66073,-7.5039,0.08
66074,-7.5014,0.08
66075,-7.5462,0.08
66076,-7.5454,0.08
66077,-7.5639,0.08
66078,-7.7109,0.08
66079,-7.893,0.08
66080,-7.9652,0.08
66081,-7.9848,0.08
66082,-7.9054,0.08
66083,-7.7571,0.08
66084,-7.5711,0.08
66085,-7.6989,0.08
66086,-7.5003,0.08
66087,-7.3806,0.08
66088,-7.4196,0.08
66089,-7.3801,0.08
66090,-7.3424,0.08
66091,-7.3091,0.08
66092,-7.2328,0.08
66093,-7.1739,0.08
66094,-7.2012,0.08
66095,-7.2596,0.08
66096,-7.3394,0.08
66097,-7.4798,0.08
66098,-7.5896,0.08
66099,-7.6691,0.08
66100,-7.6581,0.08
66101,-7.6374,0.08
66102,-7.6124,0.08
66103,-7.6066,0.08
66104,-7.6568,0.08
66105,-7.8391,0.08
66106,-7.7125,0.08
66107,-7.7099,0.08
66108,-7.6488,0.08
66109,-7.5314,0.08
66110,-7.4525,0.08
66111,-7.4322,0.08
66112,-7.4604,0.08
66113,-7.4981,0.08
66114,-7.4728,0.08
66115,-7.6695,0.08
66116,-7.805,0.08
66117,-7.7403,0.08
66118,-7.4836,0.08
66119,-7.4719,0.08
66120,-7.4213,0.08
66121,-7.4379,0.08
66122,-7.4785,0.08
66123,-7.5362,0.08
66124,-7.5627,0.08
66125,-7.5896,0.08
66126,-7.6018,0.08
66127,-7.621,0.08
66128,-7.5714,0.08
66129,-7.5149,0.08
66130,-7.4837,0.08
66131,-7.4849,0.08
66132,-7.4861,0.08
66133,-7.5286,0.08
66134,-7.5734,0.08
66135,-7.5622,0.08
66136,-7.5584,0.08
66137,-7.5525,0.08
66138,-7.5533,0.08
66139,-7.563,0.08
66140,-7.563,0.08
66141,-7.5412,0.08
66142,-7.5555,0.08
66143,-7.5625,0.08
66144,-7.563,0.08
66145,-7.5794,0.08
66146,-7.6122,0.08
66147,-7.6284,0.08
66148,-7.6077,0.08
66149,-7.6048,0.08
66150,-7.6093,0.08
66151,-7.6272,0.08
66152,-7.6317,0.08
66153,-7.5983,0.08
66154,-7.531,0.08
66155,-7.5289,0.08
66156,-7.4633,0.08
66157,-7.4334,0.08
66158,-7.4526,0.08
66159,-7.4921,0.08
66160,-7.5092,0.08
66161,-7.5285,0.08
66162,-7.584,0.08
66163,-7.6126,0.08
66164,-7.618,0.08
66165,-7.607,0.08
66166,-7.607,0.08
66167,-7.597,0.08
66168,-7.6223,0.08
66169,-7.6306,0.08
66170,-7.6101,0.08
66171,-7.5901,0.08
66172,-7.5655,0.08
66173,-7.5627,0.08
66174,-7.5522,0.08
66175,-7.5119,0.08
66176,-7.4588,0.08
66177,-7.449,0.08
66178,-7.4494,0.08
66179,-7.4729,0.08
66180,-7.4849,0.08
66181,-7.4455,0.08
66182,-7.4388,0.08
66183,-7.4421,0.08
66184,-7.4397,0.08
66185,-7.4381,0.08
66186,-7.4539,0.08
66187,-7.4666,0.08
66188,-7.4246,0.08
66189,-7.4224,0.08
66190,-7.3911,0.08
66191,-7.3777,0.08
66192,-7.3821,0.08
66193,-7.3744,0.08
66194,-7.3341,0.08
66195,-7.3372,0.08
66196,-7.344,0.08
66197,-7.3751,0.08
66198,-7.3899,0.08
66199,-7.3903,0.08
66200,-7.3957,0.08
66201,-7.3966,0.08
66202,-7.4229,0.08
66203,-7.4358,0.08
66204,-7.4354,0.08
66205,-7.4333,0.08
66206,-7.4426,0.08
66207,-7.4542,0.08
66208,-7.507,0.08
66209,-7.4951,0.08
66210,-7.4917,0.08
66211,-7.4696,0.08
66212,-7.4812,0.08
66213,-7.484,0.08
66214,-7.4939,0.08
66215,-7.4669,0.08
66216,-7.4348,0.08
66217,-7.4297,0.08
66218,-7.4356,0.08
66219,-7.4449,0.08
66220,-7.4735,0.08
66221,-7.5042,0.08
66222,-7.4843,0.08
66223,-7.4428,0.08
66224,-7.4395,0.08
66225,-7.429,0.08
66226,-7.4375,0.08
66227,-7.4406,0.08
66228,-7.4483,0.08
66229,-7.4513,0.08
66230,-7.4532,0.08
66231,-7.4677,0.08
66232,-7.5067,0.08
66233,-7.5574,0.08
66234,-7.582,0.08
66235,-7.5819,0.08
66236,-7.5783,0.08
66237,-7.5701,0.08
66238,-7.5647,0.08
66239,-7.567,0.08
66240,-7.5672,0.08
66241,-7.5666,0.08
66242,-7.562,0.08
66243,-7.5635,0.08
66244,-7.5611,0.08
66245,-7.5561,0.08
66246,-7.554,0.08
66247,-7.5523,0.08
66248,-7.558,0.08
66249,-7.5509,0.08
66250,-7.5365,0.08
66251,-7.5113,0.08
66252,-7.4897,0.08
66253,-7.4829,0.08
66254,-7.4736,0.08
66255,-7.4898,0.08
66256,-7.5383,0.08
66257,-7.577,0.08
66258,-7.5861,0.08
66259,-7.6102,0.08
66260,-7.6127,0.08
66261,-7.5456,0.08
66262,-7.4883,0.08
66263,-7.4963,0.08
66264,-7.5075,0.08
66265,-7.5151,0.08
66266,-7.5435,0.08
66267,-7.548,0.08
66268,-7.5218,0.08
66269,-7.5019,0.08
66270,-7.5059,0.08
66271,-7.5204,0.08
66272,-7.5569,0.08
66273,-7.5986,0.08
66274,-7.6244,0.08
66275,-7.6124,0.08
66276,-7.607,0.08
66277,-7.5566,0.08
66278,-7.5122,0.08
66279,-7.513,0.08
66280,-7.5211,0.08
66281,-7.5668,0.08
66282,-7.5834,0.08
66283,-7.6142,0.08
66284,-7.5858,0.08
66285,-7.5794,0.08
66286,-7.5077,0.08
66287,-7.4363,0.08
66288,-7.3911,0.08
66289,-7.3861,0.08
66290,-7.3879,0.08
66291,-7.4126,0.08
66292,-7.4229,0.08
66293,-7.4219,0.08
66294,-7.4085,0.08
66295,-7.4017,0.08
66296,-7.3856,0.08
66297,-7.3706,0.08
66298,-7.3687,0.08
66299,-7.3492,0.08
66300,-7.3343,0.08
66301,-7.3324,0.08
66302,-7.3323,0.08
66303,-7.3356,0.08
66304,-7.3932,0.08
66305,-7.4655,0.08
66306,-7.4721,0.08
66307,-7.5404,0.08
66308,-7.6188,0.08
66309,-7.6244,0.08
66310,-7.6753,0.08
66311,-7.6803,0.08
66312,-7.7297,0.08
66313,-7.7078,0.08
66314,-7.6535,0.08
66315,-7.6497,0.08
66316,-7.6057,0.08
66317,-7.6321,0.08
66318,-7.6505,0.08
66319,-7.6509,0.08
66320,-7.6442,0.08
66321,-7.6191,0.08
66322,-7.5931,0.08
66323,-7.5709,0.08
66324,-7.5672,0.08
66325,-7.558,0.08
66326,-7.5392,0.08
66327,-7.5112,0.08
66328,-7.51,0.08
66329,-7.4889,0.08
66330,-7.4707,0.08
66331,-7.4632,0.08
66332,-7.4632,0.08
66333,-7.4733,0.08
66334,-7.4971,0.08
66335,-7.4793,0.08
66336,-7.4783,0.08
66337,-7.4757,0.08
66338,-7.4652,0.08
66339,-7.4684,0.08
66340,-7.4749,0.08
66341,-7.4743,0.08
66342,-7.4567,0.08
66343,-7.4507,0.08
66344,-7.4569,0.08
66345,-7.4574,0.08
66346,-7.5069,0.08
66347,-7.5401,0.08
66348,-7.5445,0.08
66349,-7.5425,0.08
66350,-7.5425,0.08
66351,-7.5455,0.08
66352,-7.5713,0.08
66353,-7.5765,0.08
66354,-7.5659,0.08
66355,-7.5683,0.08
66356,-7.5995,0.08
66357,-7.6727,0.08
66358,-7.6862,0.08
66359,-7.6941,0.08
66360,-7.714,0.08
66361,-7.7312,0.08
66362,-7.7716,0.08
66363,-7.7734,0.08
66364,-7.7733,0.08
66365,-7.7381,0.08
66366,-7.6974,0.08
66367,-7.6093,0.08
66368,-7.5038,0.08
66369,-7.4882,0.08
66370,-7.433,0.08
66371,-7.4206,0.08
66372,-7.4062,0.08
66373,-7.4047,0.08
66374,-7.4039,0.08
66375,-7.4104,0.08
66376,-7.4095,0.08
66377,-7.4055,0.08
66378,-7.4099,0.08
66379,-7.3803,0.08
66380,-7.3785,0.08
66381,-7.3734,0.08
66382,-7.4097,0.08
66383,-7.4135,0.08
66384,-7.4261,0.08
66385,-7.4585,0.08
66386,-7.502,0.08
66387,-7.531,0.08
66388,-7.5353,0.08
66389,-7.5444,0.08
66390,-7.5667,0.08
66391,-7.5635,0.08
66392,-7.5257,0.08
66393,-7.4888,0.08
66394,-7.4814,0.08
66395,-7.4812,0.08
66396,-7.483,0.08
66397,-7.4985,0.08
66398,-7.5062,0.08
66399,-7.5081,0.08
66400,-7.5241,0.08
66401,-7.5317,0.08
66402,-7.5386,0.08
66403,-7.567,0.08
66404,-7.6583,0.08
66405,-7.6788,0.08
66406,-7.6846,0.08
66407,-7.6862,0.08
66408,-7.6968,0.08
66409,-7.7216,0.08
66410,-7.7217,0.08
66411,-7.6963,0.08
66412,-7.6292,0.08
66413,-7.6,0.08
66414,-7.5767,0.08
66415,-7.6353,0.08
66416,-7.7175,0.08
66417,-7.7308,0.08
66418,-7.7222,0.08
66419,-7.7133,0.08
66420,-7.6348,0.08
66421,-7.6254,0.08
66422,-7.6247,0.08
66423,-7.6249,0.08
66424,-7.6315,0.08
66425,-7.6313,0.08
66426,-7.6034,0.08
66427,-7.5772,0.08
66428,-7.5772,0.08
66429,-7.5233,0.08
66430,-7.5096,0.08
66431,-7.5031,0.08
66432,-7.4943,0.08
66433,-7.4758,0.08
66434,-7.4411,0.08
66435,-7.4244,0.08
66436,-7.3864,0.08
66437,-7.3582,0.08
66438,-7.3561,0.08
66439,-7.3684,0.08
66440,-7.3737,0.08
66441,-7.3763,0.08
66442,-7.3844,0.08
66443,-7.3839,0.08
66444,-7.3487,0.08
66445,-7.3296,0.08
66446,-7.3296,0.08
66447,-7.3419,0.08
66448,-7.3815,0.08
66449,-7.3851,0.08
66450,-7.3538,0.08
66451,-7.343,0.08
66452,-7.3428,0.08
66453,-7.3395,0.08
66454,-7.3226,0.08
66455,-7.2973,0.08
66456,-7.2872,0.08
66457,-7.2672,0.08
66458,-7.27,0.08
66459,-7.2743,0.08
66460,-7.2691,0.08
66461,-7.3154,0.08
66462,-7.3664,0.08
66463,-7.3877,0.08
66464,-7.3805,0.08
66465,-7.3721,0.08
66466,-7.372,0.08
66467,-7.4418,0.08
66468,-7.4544,0.08
66469,-7.4542,0.08
66470,-7.3975,0.08
66471,-7.3929,0.08
66472,-7.3809,0.08
66473,-7.3797,0.08
66474,-7.3678,0.08
66475,-7.3675,0.08
66476,-7.3687,0.08
66477,-7.3773,0.08
66478,-7.3797,0.08
66479,-7.4218,0.08
66480,-7.4254,0.08
66481,-7.4258,0.08
66482,-7.4357,0.08
66483,-7.4364,0.08
66484,-7.44,0.08
66485,-7.4432,0.08
66486,-7.4365,0.08
66487,-7.44,0.08
66488,-7.4399,0.08
66489,-7.4245,0.08
66490,-7.3933,0.08
66491,-7.3461,0.08
66492,-7.269,0.08
66493,-7.2677,0.08
66494,-7.2609,0.08
66495,-7.2596,0.08
66496,-7.2638,0.08
66497,-7.2611,0.08
66498,-7.2523,0.08
66499,-7.2859,0.08
66500,-7.2897,0.08
66501,-7.3174,0.08
66502,-7.3365,0.08
66503,-7.3365,0.08
66504,-7.3359,0.08
66505,-7.3206,0.08
66506,-7.3286,0.08
66507,-7.329,0.08
66508,-7.3269,0.08
66509,-7.3476,0.08
66510,-7.342,0.08
66511,-7.2913,0.08
66512,-7.2754,0.08
66513,-7.277,0.08
66514,-7.2799,0.08
66515,-7.3671,0.08
66516,-7.3992,0.08
66517,-7.4156,0.08
66518,-7.4232,0.08
66519,-7.4103,0.08
66520,-7.4152,0.08
66521,-7.4922,0.08
66522,-7.5157,0.08
66523,-7.5516,0.08
66524,-7.5571,0.08
66525,-7.6286,0.08
66526,-7.5951,0.08
66527,-7.5046,0.08
66528,-7.4847,0.08
66529,-7.4849,0.08
66530,-7.5046,0.08
66531,-7.5054,0.08
66532,-7.504,0.08
66533,-7.4622,0.08
66534,-7.4586,0.08
66535,-7.4373,0.08
66536,-7.436,0.08
66537,-7.4213,0.08
66538,-7.3647,0.08
66539,-7.3501,0.08
66540,-7.2724,0.08
66541,-7.2819,0.08
66542,-7.2906,0.08
66543,-7.3129,0.08
66544,-7.3214,0.08
66545,-7.3595,0.08
66546,-7.3856,0.08
66547,-7.3905,0.08
66548,-7.4041,0.08
66549,-7.4221,0.08
66550,-7.4597,0.08
66551,-7.4677,0.08
66552,-7.49,0.08
66553,-7.5573,0.08
66554,-7.569,0.08
66555,-7.5741,0.08
66556,-7.5597,0.08
66557,-7.5348,0.08
66558,-7.5236,0.08
66559,-7.5187,0.08
66560,-7.5189,0.08
66561,-7.5506,0.08
66562,-7.6158,0.08
66563,-7.6183,0.08
66564,-7.6298,0.08
66565,-7.6312,0.08
66566,-7.6134,0.08
66567,-7.6092,0.08
66568,-7.5461,0.08
66569,-7.4822,0.08
66570,-7.4633,0.08
66571,-7.4274,0.08
66572,-7.4772,0.08
66573,-7.512,0.08
66574,-7.532,0.08
66575,-7.4745,0.08
66576,-7.4558,0.08
66577,-7.4528,0.08
66578,-7.4514,0.08
66579,-7.4663,0.08
66580,-7.4865,0.08
66581,-7.5078,0.08
66582,-7.5155,0.08
66583,-7.5325,0.08
66584,-7.5336,0.08
66585,-7.5087,0.08
66586,-7.5027,0.08
66587,-7.4766,0.08
66588,-7.399,0.08
66589,-7.3354,0.08
66590,-7.3043,0.08
66591,-7.3135,0.08
66592,-7.3204,0.08
66593,-7.4102,0.08
66594,-7.444,0.08
66595,-7.4186,0.08
66596,-7.3698,0.08
66597,-7.3558,0.08
66598,-7.3683,0.08
66599,-7.3733,0.08
66600,-7.4209,0.08
66601,-7.4877,0.08
66602,-7.4588,0.08
66603,-7.4389,0.08
66604,-7.4398,0.08
66605,-7.4498,0.08
66606,-7.4647,0.08
66607,-7.469,0.08
66608,-7.4674,0.08
66609,-7.4577,0.08
66610,-7.4428,0.08
66611,-7.4254,0.08
66612,-7.442,0.08
66613,-7.4825,0.08
66614,-7.5165,0.08
66615,-7.5293,0.08
66616,-7.5638,0.08
66617,-7.5475,0.08
66618,-7.4923,0.08
66619,-7.4534,0.08
66620,-7.4471,0.08
66621,-7.4807,0.08
66622,-7.4577,0.08
66623,-7.4435,0.08
66624,-7.4187,0.08
66625,-7.405,0.08
66626,-7.397,0.08
66627,-7.3745,0.08
66628,-7.3889,0.08
66629,-7.4285,0.08
66630,-7.4293,0.08
66631,-7.4591,0.08
66632,-7.4783,0.08
66633,-7.5112,0.08
66634,-7.534,0.08
66635,-7.5596,0.08
66636,-7.5823,0.08
66637,-7.598,0.08
66638,-7.639,0.08
66639,-7.6395,0.08
66640,-7.6218,0.08
66641,-7.5814,0.08
66642,-7.5343,0.08
66643,-7.4858,0.08
66644,-7.4777,0.08
66645,-7.4761,0.08
66646,-7.4772,0.08
66647,-7.4791,0.08
66648,-7.4816,0.08
66649,-7.4745,0.08
66650,-7.4685,0.08
66651,-7.4563,0.08
66652,-7.4327,0.08
66653,-7.3933,0.08
66654,-7.3999,0.08
66655,-7.4048,0.08
66656,-7.4376,0.08
66657,-7.4455,0.08
66658,-7.4962,0.08
66659,-7.5626,0.08
66660,-7.5423,0.08
66661,-7.5471,0.08
66662,-7.5671,0.08
66663,-7.5857,0.08
66664,-7.5771,0.08
66665,-7.5533,0.08
66666,-7.5122,0.08
66667,-7.4766,0.08
66668,-7.4514,0.08
66669,-7.4377,0.08
66670,-7.4164,0.08
66671,-7.3945,0.08
66672,-7.3902,0.08
66673,-7.3687,0.08
66674,-7.3376,0.08
66675,-7.3321,0.08
66676,-7.3342,0.08
66677,-7.3327,0.08
66678,-7.3246,0.08
66679,-7.3155,0.08
66680,-7.3137,0.08
66681,-7.2724,0.08
66682,-7.2336,0.08
66683,-7.2246,0.08
66684,-7.2195,0.08
66685,-7.2472,0.08
66686,-7.2602,0.08
66687,-7.2703,0.08
66688,-7.2769,0.08
66689,-7.277,0.08
66690,-7.2842,0.08
66691,-7.3144,0.08
66692,-7.3561,0.08
66693,-7.395,0.08
66694,-7.4588,0.08
66695,-7.4591,0.08
66696,-7.4591,0.08
66697,-7.45,0.08
66698,-7.4299,0.08
66699,-7.4023,0.08
66700,-7.4005,0.08
66701,-7.3932,0.08
66702,-7.3839,0.08
66703,-7.3771,0.08
66704,-7.378,0.08
66705,-7.3862,0.08
66706,-7.4151,0.08
66707,-7.4363,0.08
66708,-7.4427,0.08
66709,-7.4552,0.08
66710,-7.477,0.08
66711,-7.471,0.08
66712,-7.4608,0.08
66713,-7.4583,0.08
66714,-7.4433,0.08
66715,-7.4278,0.08
66716,-7.4127,0.08
66717,-7.3872,0.08
66718,-7.3664,0.08
66719,-7.357,0.08
66720,-7.3624,0.08
66721,-7.3645,0.08
66722,-7.3886,0.08
66723,-7.4037,0.08
66724,-7.4169,0.08
66725,-7.4327,0.08
66726,-7.4528,0.08
66727,-7.4792,0.08
66728,-7.4843,0.08
66729,-7.4753,0.08
66730,-7.4464,0.08
66731,-7.4155,0.08
66732,-7.3726,0.08
66733,-7.3477,0.08
66734,-7.2806,0.08
66735,-7.2546,0.08
66736,-7.2464,0.08
66737,-7.2853,0.08
66738,-7.3181,0.08
66739,-7.3351,0.08
66740,-7.3473,0.08
66741,-7.3578,0.08
66742,-7.3701,0.08
66743,-7.3966,0.08
66744,-7.4115,0.08
66745,-7.4126,0.08
66746,-7.4141,0.08
66747,-7.4157,0.08
66748,-7.3988,0.08
66749,-7.3988,0.08
66750,-7.4179,0.08
66751,-7.451,0.08
66752,-7.4591,0.08
66753,-7.4613,0.08
66754,-7.4568,0.08
66755,-7.4556,0.08
66756,-7.4527,0.08
66757,-7.4469,0.08
66758,-7.4349,0.08
66759,-7.4251,0.08
66760,-7.413,0.08
66761,-7.3932,0.08
66762,-7.3653,0.08
66763,-7.3594,0.08
66764,-7.3596,0.08
66765,-7.363,0.08
66766,-7.3699,0.08
66767,-7.3778,0.08
66768,-7.3626,0.08
66769,-7.3631,0.08
66770,-7.3643,0.08
66771,-7.366,0.08
66772,-7.3701,0.08
66773,-7.3704,0.08
66774,-7.3784,0.08
66775,-7.3802,0.08
66776,-7.3754,0.08
66777,-7.3673,0.08
66778,-7.3722,0.08
66779,-7.3806,0.08
66780,-7.3933,0.08
66781,-7.4054,0.08
66782,-7.4128,0.08
66783,-7.438,0.08
66784,-7.4798,0.08
66785,-7.5025,0.08
66786,-7.4996,0.08
66787,-7.466,0.08
66788,-7.413,0.08
66789,-7.4092,0.08
66790,-7.392,0.08
66791,-7.3373,0.08
66792,-7.3256,0.08
66793,-7.3256,0.08
66794,-7.3689,0.08
66795,-7.3883,0.08
66796,-7.4047,0.08
66797,-7.4063,0.08
66798,-7.4117,0.08
66799,-7.4349,0.08
66800,-7.4461,0.08
66801,-7.4322,0.08
66802,-7.4324,0.08
66803,-7.4476,0.08
66804,-7.4554,0.08
66805,-7.4701,0.08
66806,-7.5072,0.08
66807,-7.5122,0.08
66808,-7.5085,0.08
66809,-7.5241,0.08
66810,-7.5114,0.08
66811,-7.511,0.08
66812,-7.4951,0.08
66813,-7.4868,0.08
66814,-7.4781,0.08
66815,-7.4492,0.08
66816,-7.4386,0.08
66817,-7.446,0.08
66818,-7.4643,0.08
66819,-7.4875,0.08
66820,-7.5024,0.08
66821,-7.4885,0.08
66822,-7.4871,0.08
66823,-7.4859,0.08
66824,-7.5112,0.08
66825,-7.5119,0.08
66826,-7.498,0.08
66827,-7.4977,0.08
66828,-7.4634,0.08
66829,-7.4346,0.08
66830,-7.4228,0.08
66831,-7.4209,0.08
66832,-7.4157,0.08
66833,-7.4109,0.08
66834,-7.4152,0.08
66835,-7.4126,0.08
66836,-7.4095,0.08
66837,-7.4081,0.08
66838,-7.4395,0.08
66839,-7.4428,0.08
66840,-7.4933,0.08
66841,-7.4993,0.08
66842,-7.5004,0.08
66843,-7.5006,0.08
66844,-7.5299,0.08
66845,-7.5509,0.08
66846,-7.5593,0.08
66847,-7.5931,0.08
66848,-7.6091,0.08
66849,-7.598,0.08
66850,-7.5798,0.08
66851,-7.568,0.08
66852,-7.529,0.08
66853,-7.5241,0.08
66854,-7.4775,0.08
66855,-7.4443,0.08
66856,-7.443,0.08
66857,-7.4524,0.08
66858,-7.4385,0.08
66859,-7.4461,0.08
66860,-7.4734,0.08
66861,-7.4774,0.08
66862,-7.5245,0.08
66863,-7.5356,0.08
66864,-7.5648,0.08
66865,-7.5666,0.08
66866,-7.5956,0.08
66867,-7.5834,0.08
66868,-7.5705,0.08
66869,-7.5936,0.08
66870,-7.5577,0.08
66871,-7.5566,0.08
66872,-7.5603,0.08
66873,-7.5603,0.08
66874,-7.5313,0.08
66875,-7.5329,0.08
66876,-7.5455,0.08
66877,-7.5436,0.08
66878,-7.5779,0.08
66879,-7.5805,0.08
66880,-7.5775,0.08
66881,-7.5361,0.08
66882,-7.5729,0.08
66883,-7.574,0.08
66884,-7.5138,0.08
66885,-7.5081,0.08
66886,-7.473,0.08
66887,-7.4847,0.08
66888,-7.49,0.08
66889,-7.4578,0.08
66890,-7.4885,0.08
66891,-7.4786,0.08
66892,-7.4702,0.08
66893,-7.4798,0.08
66894,-7.4527,0.08
66895,-7.4759,0.08
66896,-7.5059,0.08
66897,-7.4988,0.08
66898,-7.535,0.08
66899,-7.5358,0.08
66900,-7.5364,0.08
66901,-7.5051,0.08
66902,-7.4848,0.08
66903,-7.4653,0.08
66904,-7.4628,0.08
66905,-7.4359,0.08
66906,-7.413,0.08
66907,-7.4323,0.08
66908,-7.4336,0.08
66909,-7.4228,0.08
66910,-7.4834,0.08
66911,-7.5075,0.08
66912,-7.503,0.08
66913,-7.4802,0.08
66914,-7.4753,0.08
66915,-7.4742,0.08
66916,-7.4769,0.08
66917,-7.4834,0.08
66918,-7.4823,0.08
66919,-7.4446,0.08
66920,-7.4234,0.08
66921,-7.4091,0.08
66922,-7.4085,0.08
66923,-7.4177,0.08
66924,-7.5054,0.08
66925,-7.5345,0.08
66926,-7.6469,0.08
66927,-7.655,0.08
66928,-7.7031,0.08
66929,-7.7059,0.08
66930,-7.7073,0.08
66931,-7.8211,0.08
66932,-7.8341,0.08
66933,-7.8992,0.08
66934,-7.9114,0.08
66935,-7.9541,0.08
66936,-7.9632,0.08
66937,-7.9816,0.08
66938,-8.0173,0.08
66939,-7.9767,0.08
66940,-7.9159,0.08
66941,-7.8733,0.08
66942,-7.8539,0.08
66943,-7.8544,0.08
66944,-7.8642,0.08
66945,-7.8579,0.08
66946,-7.8386,0.08
66947,-7.8363,0.08
66948,-7.8446,0.08
66949,-7.844,0.08
66950,-7.8345,0.08
66951,-7.822,0.08
66952,-7.8226,0.08
66953,-7.8366,0.08
66954,-7.8366,0.08
66955,-7.8329,0.08
66956,-7.8439,0.08
66957,-7.8829,0.08
66958,-7.9139,0.08
66959,-7.9302,0.08
66960,-7.9548,0.08
66961,-7.9768,0.08
66962,-8.0223,0.08
66963,-8.0174,0.08
66964,-8.0005,0.08
66965,-8.003,0.08
66966,-8.0642,0.08
66967,-8.1046,0.08
66968,-8.0702,0.08
66969,-8.0541,0.08
66970,-8.0706,0.08
66971,-8.0838,0.08
66972,-8.0839,0.08
66973,-8.0451,0.08
66974,-8.0355,0.08
66975,-7.9243,0.08
66976,-7.9226,0.08
66977,-7.8522,0.08
66978,-7.8466,0.08
66979,-7.8435,0.08
66980,-7.8113,0.08
66981,-7.806,0.08
66982,-7.7925,0.08
66983,-7.781,0.08
66984,-7.7418,0.08
66985,-7.7207,0.08
66986,-7.7187,0.08
66987,-7.7303,0.08
66988,-7.7632,0.08
66989,-7.79,0.08
66990,-7.8321,0.08
66991,-7.8623,0.08
66992,-7.8824,0.08
66993,-7.8806,0.08
66994,-7.8703,0.08
66995,-7.8351,0.08
66996,-7.8208,0.08
66997,-7.7236,0.08
66998,-7.7174,0.08
66999,-7.6814,0.08
67000,-7.6765,0.08
67001,-7.6766,0.08
67002,-7.6869,0.08
67003,-7.6911,0.08
67004,-7.7453,0.08
67005,-7.7456,0.08
67006,-7.7134,0.08
67007,-7.7083,0.08
67008,-7.7165,0.08
67009,-7.7602,0.08
67010,-7.7892,0.08
67011,-7.824,0.08
67012,-7.8391,0.08
67013,-7.827,0.08
67014,-7.8263,0.08
67015,-7.799,0.08
67016,-7.7665,0.08
67017,-7.7207,0.08
67018,-7.7252,0.08
67019,-7.7306,0.08
67020,-7.7311,0.08
67021,-7.7344,0.08
67022,-7.7568,0.08
67023,-7.7576,0.08
67024,-7.7112,0.08
67025,-7.7087,0.08
67026,-7.6618,0.08
67027,-7.6557,0.08
67028,-7.6515,0.08
67029,-7.6577,0.08
67030,-7.662,0.08
67031,-7.6563,0.08
67032,-7.6633,0.08
67033,-7.7166,0.08
67034,-7.7466,0.08
67035,-7.7508,0.08
67036,-7.77,0.08
67037,-7.7598,0.08
67038,-7.7334,0.08
67039,-7.7086,0.08
67040,-7.7113,0.08
67041,-7.738,0.08
67042,-7.7399,0.08
67043,-7.7434,0.08
67044,-7.7248,0.08
67045,-7.7205,0.08
67046,-7.6815,0.08
67047,-7.6811,0.08
67048,-7.6701,0.08
67049,-7.6679,0.08
67050,-7.6649,0.08
67051,-7.6305,0.08
67052,-7.6409,0.08
67053,-7.6694,0.08
67054,-7.6607,0.08
67055,-7.6488,0.08
67056,-7.6481,0.08
67057,-7.6519,0.08
67058,-7.6667,0.08
67059,-7.682,0.08
67060,-7.6582,0.08
67061,-7.6343,0.08
67062,-7.6328,0.08
67063,-7.6342,0.08
67064,-7.6355,0.08
67065,-7.6339,0.08
67066,-7.6201,0.08
67067,-7.6196,0.08
67068,-7.6215,0.08
67069,-7.6222,0.08
67070,-7.6302,0.08
67071,-7.6459,0.08
67072,-7.6462,0.08
67073,-7.6467,0.08
67074,-7.6468,0.08
67075,-7.6456,0.08
67076,-7.6452,0.08
67077,-7.6497,0.08
67078,-7.6671,0.08
67079,-7.6806,0.08
67080,-7.697,0.08
67081,-7.7015,0.08
67082,-7.7112,0.08
67083,-7.7269,0.08
67084,-7.7272,0.08
67085,-7.7187,0.08
67086,-7.6722,0.08
67087,-7.6434,0.08
67088,-7.5931,0.08
67089,-7.5746,0.08
67090,-7.5327,0.08
67091,-7.5294,0.08
67092,-7.5254,0.08
67093,-7.479,0.08
67094,-7.4807,0.08
67095,-7.5221,0.08
67096,-7.5239,0.08
67097,-7.5548,0.08
67098,-7.5529,0.08
67099,-7.5514,0.08
67100,-7.522,0.08
67101,-7.5133,0.08
67102,-7.5059,0.08
67103,-7.5225,0.08
67104,-7.5822,0.08
67105,-7.6059,0.08
67106,-7.6162,0.08
67107,-7.547,0.08
67108,-7.4639,0.08
67109,-7.4135,0.08
67110,-7.3457,0.08
67111,-7.3407,0.08
67112,-7.3567,0.08
67113,-7.3798,0.08
67114,-7.3557,0.08
67115,-7.2993,0.08
67116,-7.296,0.08
67117,-7.2535,0.08
67118,-7.1988,0.08
67119,-7.1785,0.08
67120,-7.1661,0.08
67121,-7.153,0.08
67122,-7.2042,0.08
67123,-7.2229,0.08
67124,-7.1813,0.08
67125,-7.1841,0.08
67126,-7.2088,0.08
67127,-7.2285,0.08
67128,-7.2808,0.08
67129,-7.2826,0.08
67130,-7.2858,0.08
67131,-7.3022,0.08
67132,-7.3091,0.08
67133,-7.3256,0.08
67134,-7.3517,0.08
67135,-7.3794,0.08
67136,-7.3834,0.08
67137,-7.3994,0.08
67138,-7.412,0.08
67139,-7.4126,0.08
67140,-7.4238,0.08
67141,-7.4356,0.08
67142,-7.4385,0.08
67143,-7.4348,0.08
67144,-7.4218,0.08
67145,-7.4146,0.08
67146,-7.4147,0.08
67147,-7.4204,0.08
67148,-7.4311,0.08
67149,-7.4313,0.08
67150,-7.4278,0.08
67151,-7.4188,0.08
67152,-7.4184,0.08
67153,-7.4193,0.08
67154,-7.4118,0.08
67155,-7.4072,0.08
67156,-7.4064,0.08
67157,-7.4064,0.08
67158,-7.407,0.08
67159,-7.407,0.08
67160,-7.4067,0.08
67161,-7.4044,0.08
67162,-7.4016,0.08
67163,-7.401,0.08
67164,-7.4101,0.08
67165,-7.4119,0.08
67166,-7.418,0.08
67167,-7.4138,0.08
67168,-7.4043,0.08
67169,-7.3946,0.08
67170,-7.3873,0.08
67171,-7.3785,0.08
67172,-7.3561,0.08
67173,-7.3485,0.08
67174,-7.3481,0.08
67175,-7.3595,0.08
67176,-7.3786,0.08
67177,-7.3955,0.08
67178,-7.3999,0.08
67179,-7.4167,0.08
67180,-7.4206,0.08
67181,-7.4179,0.08
67182,-7.4215,0.08
67183,-7.4247,0.08
67184,-7.4594,0.08
67185,-7.4619,0.08
67186,-7.5193,0.08
67187,-7.5713,0.08
67188,-7.5832,0.08
67189,-7.6257,0.08
67190,-7.66,0.08
67191,-7.6772,0.08
67192,-7.6845,0.08
67193,-7.7042,0.08
67194,-7.721,0.08
67195,-7.6814,0.08
67196,-7.6798,0.08
67197,-7.6359,0.08
67198,-7.6305,0.08
67199,-7.6236,0.08
67200,-7.6128,0.08
67201,-7.6023,0.08
67202,-7.5909,0.08
67203,-7.4155,0.08
67204,-7.405,0.08
67205,-7.3666,0.08
67206,-7.3634,0.08
67207,-7.3687,0.08
67208,-7.3859,0.08
67209,-7.433,0.08
67210,-7.4357,0.08
67211,-7.3932,0.08
67212,-7.3903,0.08
67213,-7.3908,0.08
67214,-7.4014,0.08
67215,-7.4176,0.08
67216,-7.4281,0.08
67217,-7.4385,0.08
67218,-7.4406,0.08
67219,-7.4339,0.08
67220,-7.4106,0.08
67221,-7.4017,0.08
67222,-7.3542,0.08
67223,-7.3208,0.08
67224,-7.2934,0.08
67225,-7.3007,0.08
67226,-7.3014,0.08
67227,-7.3015,0.08
67228,-7.2916,0.08
67229,-7.2836,0.08
67230,-7.2519,0.08
67231,-7.2718,0.08
67232,-7.2854,0.08
67233,-7.273,0.08
67234,-7.2387,0.08
67235,-7.2377,0.08
67236,-7.2616,0.08
67237,-7.2713,0.08
67238,-7.3012,0.08
67239,-7.2972,0.08
67240,-7.2903,0.08
67241,-7.2879,0.08
67242,-7.2705,0.08
67243,-7.2701,0.08
67244,-7.273,0.08
67245,-7.2933,0.08
67246,-7.3657,0.08
67247,-7.3839,0.08
67248,-7.3821,0.08
67249,-7.3862,0.08
67250,-7.4381,0.08
67251,-7.438,0.08
67252,-7.3963,0.08
67253,-7.3957,0.08
67254,-7.4086,0.08
67255,-7.4093,0.08
67256,-7.3761,0.08
67257,-7.3577,0.08
67258,-7.3539,0.08
67259,-7.3526,0.08
67260,-7.3081,0.08
67261,-7.2991,0.08
67262,-7.2961,0.08
67263,-7.2882,0.08
67264,-7.2693,0.08
67265,-7.2467,0.08
67266,-7.1315,0.08
67267,-7.1269,0.08
67268,-7.1043,0.08
67269,-7.1113,0.08
67270,-7.1562,0.08
67271,-7.2346,0.08
67272,-7.2465,0.08
67273,-7.247,0.08
67274,-7.2387,0.08
67275,-7.2355,0.08
67276,-7.2344,0.08
67277,-7.19,0.08
67278,-7.1872,0.08
67279,-7.2115,0.08
67280,-7.2441,0.08
67281,-7.2526,0.08
67282,-7.2641,0.08
67283,-7.2722,0.08
67284,-7.2736,0.08
67285,-7.2499,0.08
67286,-7.2502,0.08
67287,-7.256,0.08
67288,-7.2271,0.08
67289,-7.223,0.08
67290,-7.2228,0.08
67291,-7.2262,0.08
67292,-7.2212,0.08
67293,-7.1926,0.08
67294,-7.1937,0.08
67295,-7.1944,0.08
67296,-7.2181,0.08
67297,-7.2416,0.08
67298,-7.2474,0.08
67299,-7.2944,0.08
67300,-7.3081,0.08
67301,-7.3539,0.08
67302,-7.3978,0.08
67303,-7.4199,0.08
67304,-7.4204,0.08
67305,-7.4481,0.08
67306,-7.4487,0.08
67307,-7.4607,0.08
67308,-7.4724,0.08
67309,-7.5089,0.08
67310,-7.5866,0.08
67311,-7.6276,0.08
67312,-7.6302,0.08
67313,-7.6273,0.08
67314,-7.6244,0.08
67315,-7.6067,0.08
67316,-7.6141,0.08
67317,-7.518,0.08
67318,-7.511,0.08
67319,-7.4746,0.08
67320,-7.4751,0.08
67321,-7.4773,0.08
67322,-7.5033,0.08
67323,-7.505,0.08
67324,-7.522,0.08
67325,-7.5221,0.08
67326,-7.5211,0.08
67327,-7.4952,0.08
67328,-7.4904,0.08
67329,-7.5422,0.08
67330,-7.5518,0.08
67331,-7.536,0.08
67332,-7.5287,0.08
67333,-7.4936,0.08
67334,-7.4765,0.08
67335,-7.4591,0.08
67336,-7.436,0.08
67337,-7.4068,0.08
67338,-7.4053,0.08
67339,-7.3996,0.08
67340,-7.3996,0.08
67341,-7.3941,0.08
67342,-7.3787,0.08
67343,-7.3536,0.08
67344,-7.3556,0.08
67345,-7.3731,0.08
67346,-7.4004,0.08
67347,-7.4152,0.08
67348,-7.4378,0.08
67349,-7.466,0.08
67350,-7.4677,0.08
67351,-7.4709,0.08
67352,-7.4984,0.08
67353,-7.4893,0.08
67354,-7.4809,0.08
67355,-7.4741,0.08
67356,-7.5241,0.08
67357,-7.5323,0.08
67358,-7.5356,0.08
67359,-7.5603,0.08
67360,-7.5619,0.08
67361,-7.5578,0.08
67362,-7.5513,0.08
67363,-7.5522,0.08
67364,-7.5632,0.08
67365,-7.5619,0.08
67366,-7.5612,0.08
67367,-7.5053,0.08
67368,-7.5035,0.08
67369,-7.5093,0.08
67370,-7.5367,0.08
67371,-7.5368,0.08
67372,-7.6646,0.08
67373,-7.6649,0.08
67374,-7.6653,0.08
67375,-7.6486,0.08
67376,-7.6448,0.08
67377,-7.6028,0.08
67378,-7.5574,0.08
67379,-7.5501,0.08
67380,-7.5668,0.08
67381,-7.5679,0.08
67382,-7.5617,0.08
67383,-7.4816,0.08
67384,-7.4734,0.08
67385,-7.4777,0.08
67386,-7.496,0.08
67387,-7.5018,0.08
67388,-7.5176,0.08
67389,-7.5193,0.08
67390,-7.5218,0.08
67391,-7.5261,0.08
67392,-7.5271,0.08
67393,-7.5386,0.08
67394,-7.5591,0.08
67395,-7.5938,0.08
67396,-7.6708,0.08
67397,-7.6797,0.08
67398,-7.6841,0.08
67399,-7.6607,0.08
67400,-7.633,0.08
67401,-7.6255,0.08
67402,-7.6215,0.08
67403,-7.6531,0.08
67404,-7.6924,0.08
67405,-7.7001,0.08
67406,-7.6864,0.08
67407,-7.6493,0.08
67408,-7.5948,0.08
67409,-7.58,0.08
67410,-7.5595,0.08
67411,-7.5546,0.08
67412,-7.5313,0.08
67413,-7.5218,0.08
67414,-7.5181,0.08
67415,-7.5526,0.08
67416,-7.6148,0.08
67417,-7.6226,0.08
67418,-7.6425,0.08
67419,-7.6684,0.08
67420,-7.6659,0.08
67421,-7.6482,0.08
67422,-7.5878,0.08
67423,-7.5734,0.08
67424,-7.5758,0.08
67425,-7.5756,0.08
67426,-7.5705,0.08
67427,-7.5456,0.08
67428,-7.5314,0.08
67429,-7.5255,0.08
67430,-7.5259,0.08
67431,-7.5352,0.08
67432,-7.5353,0.08
67433,-7.513,0.08
67434,-7.5113,0.08
67435,-7.5032,0.08
67436,-7.4983,0.08
67437,-7.4931,0.08
67438,-7.4928,0.08
67439,-7.4932,0.08
67440,-7.556,0.08
67441,-7.5564,0.08
67442,-7.5296,0.08
67443,-7.5272,0.08
67444,-7.5238,0.08
67445,-7.51,0.08
67446,-7.4922,0.08
67447,-7.4857,0.08
67448,-7.4874,0.08
67449,-7.519,0.08
67450,-7.5212,0.08
67451,-7.6285,0.08
67452,-7.6353,0.08
67453,-7.6405,0.08
67454,-7.6256,0.08
67455,-7.6032,0.08
67456,-7.5952,0.08
67457,-7.594,0.08
67458,-7.5968,0.08
67459,-7.5967,0.08
67460,-7.5943,0.08
67461,-7.5991,0.08
67462,-7.6053,0.08
67463,-7.6531,0.08
67464,-7.662,0.08
67465,-7.666,0.08
67466,-7.6735,0.08
67467,-7.7344,0.08
67468,-7.7364,0.08
67469,-7.7027,0.08
67470,-7.7121,0.08
67471,-7.7139,0.08
67472,-7.7392,0.08
67473,-7.7011,0.08
67474,-7.6727,0.08
67475,-7.6631,0.08
67476,-7.6553,0.08
67477,-7.6626,0.08
67478,-7.6699,0.08
67479,-7.6,0.08
67480,-7.5926,0.08
67481,-7.5933,0.08
67482,-7.5934,0.08
67483,-7.611,0.08
67484,-7.6123,0.08
67485,-7.6111,0.08
67486,-7.6057,0.08
67487,-7.5966,0.08
67488,-7.5961,0.08
67489,-7.5504,0.08
67490,-7.5442,0.08
67491,-7.5292,0.08
67492,-7.5204,0.08
67493,-7.5201,0.08
67494,-7.5253,0.08
67495,-7.5333,0.08
67496,-7.5962,0.08
67497,-7.6392,0.08
67498,-7.6461,0.08
67499,-7.6538,0.08
67500,-7.6455,0.08
67501,-7.6309,0.08
67502,-7.5933,0.08
67503,-7.5842,0.08
67504,-7.5753,0.08
67505,-7.5931,0.08
67506,-7.592,0.08
67507,-7.5886,0.08
67508,-7.5713,0.08
67509,-7.5504,0.08
67510,-7.5361,0.08
67511,-7.5323,0.08
67512,-7.5194,0.08
67513,-7.4996,0.08
67514,-7.4823,0.08
67515,-7.4808,0.08
67516,-7.4827,0.08
67517,-7.5118,0.08
67518,-7.5167,0.08
67519,-7.5187,0.08
67520,-7.5176,0.08
67521,-7.5166,0.08
67522,-7.5166,0.08
67523,-7.5334,0.08
67524,-7.5476,0.08
67525,-7.5495,0.08
67526,-7.5585,0.08
67527,-7.5611,0.08
67528,-7.561,0.08
67529,-7.561,0.08
67530,-7.565,0.08
67531,-7.5651,0.08
67532,-7.5649,0.08
67533,-7.565,0.08
67534,-7.5673,0.08
67535,-7.5662,0.08
67536,-7.5454,0.08
67537,-7.5116,0.08
67538,-7.5,0.08
67539,-7.4899,0.08
67540,-7.4773,0.08
67541,-7.4752,0.08
67542,-7.476,0.08
67543,-7.4969,0.08
67544,-7.4969,0.08
67545,-7.4946,0.08
67546,-7.4647,0.08
67547,-7.4605,0.08
67548,-7.4476,0.08
67549,-7.4461,0.08
67550,-7.4431,0.08
67551,-7.4365,0.08
67552,-7.3843,0.08
67553,-7.3644,0.08
67554,-7.3646,0.08
67555,-7.3662,0.08
67556,-7.3754,0.08
67557,-7.3778,0.08
67558,-7.4316,0.08
67559,-7.4325,0.08
67560,-7.4331,0.08
67561,-7.4188,0.08
67562,-7.4139,0.08
67563,-7.4146,0.08
67564,-7.4152,0.08
67565,-7.4296,0.08
67566,-7.4412,0.08
67567,-7.4355,0.08
67568,-7.4383,0.08
67569,-7.4385,0.08
67570,-7.4389,0.08
67571,-7.4584,0.08
67572,-7.4592,0.08
67573,-7.4514,0.08
67574,-7.4513,0.08
67575,-7.4437,0.08
67576,-7.4555,0.08
67577,-7.5026,0.08
67578,-7.5522,0.08
67579,-7.5536,0.08
67580,-7.5611,0.08
67581,-7.5673,0.08
67582,-7.5972,0.08
67583,-7.6015,0.08
67584,-7.6012,0.08
67585,-7.5982,0.08
67586,-7.5368,0.08
67587,-7.5291,0.08
67588,-7.5115,0.08
67589,-7.5129,0.08
67590,-7.5328,0.08
67591,-7.5704,0.08
67592,-7.5774,0.08
67593,-7.5758,0.08
67594,-7.574,0.08
67595,-7.5829,0.08
67596,-7.6359,0.08
67597,-7.6705,0.08
67598,-7.68,0.08
67599,-7.6401,0.08
67600,-7.6241,0.08
67601,-7.5972,0.08
67602,-7.5918,0.08
67603,-7.6176,0.08
67604,-7.6178,0.08
67605,-7.6163,0.08
67606,-7.6039,0.08
67607,-7.6061,0.08
67608,-7.617,0.08
67609,-7.6223,0.08
67610,-7.6007,0.08
67611,-7.5836,0.08
67612,-7.5796,0.08
67613,-7.586,0.08
67614,-7.5892,0.08
67615,-7.5906,0.08
67616,-7.5909,0.08
67617,-7.6166,0.08
67618,-7.6201,0.08
67619,-7.6301,0.08
67620,-7.6369,0.08
67621,-7.6084,0.08
67622,-7.5707,0.08
67623,-7.5706,0.08
67624,-7.61,0.08
67625,-7.5943,0.08
67626,-7.5882,0.08
67627,-7.5839,0.08
67628,-7.581,0.08
67629,-7.5817,0.08
67630,-7.5896,0.08
67631,-7.6145,0.08
67632,-7.6113,0.08
67633,-7.6099,0.08
67634,-7.6104,0.08
67635,-7.6713,0.08
67636,-7.6833,0.08
67637,-7.6861,0.08
67638,-7.688,0.08
67639,-7.6858,0.08
67640,-7.6645,0.08
67641,-7.663,0.08
67642,-7.6791,0.08
67643,-7.684,0.08
67644,-7.6991,0.08
67645,-7.6986,0.08
67646,-7.6607,0.08
67647,-7.6445,0.08
67648,-7.6368,0.08
67649,-7.6297,0.08
67650,-7.634,0.08
67651,-7.6408,0.08
67652,-7.639,0.08
67653,-7.6311,0.08
67654,-7.6224,0.08
67655,-7.6147,0.08
67656,-7.6107,0.08
67657,-7.6036,0.08
67658,-7.6028,0.08
67659,-7.6134,0.08
67660,-7.6177,0.08
67661,-7.6269,0.08
67662,-7.6292,0.08
67663,-7.6306,0.08
67664,-7.6356,0.08
67665,-7.6361,0.08
67666,-7.6383,0.08
67667,-7.6381,0.08
67668,-7.6348,0.08
67669,-7.6348,0.08
67670,-7.6347,0.08
67671,-7.701,0.08
67672,-7.7156,0.08
67673,-7.7522,0.08
67674,-7.7591,0.08
67675,-7.7569,0.08
67676,-7.7499,0.08
67677,-7.7617,0.08
67678,-7.7638,0.08
67679,-7.7618,0.08
67680,-7.7594,0.08
67681,-7.7579,0.08
67682,-7.7554,0.08
67683,-7.7413,0.08
67684,-7.7296,0.08
67685,-7.7239,0.08
67686,-7.7043,0.08
67687,-7.6713,0.08
67688,-7.6661,0.08
67689,-7.6479,0.08
67690,-7.6316,0.08
67691,-7.6291,0.08
67692,-7.612,0.08
67693,-7.6101,0.08
67694,-7.5884,0.08
67695,-7.5884,0.08
67696,-7.5993,0.08
67697,-7.612,0.08
67698,-7.6483,0.08
67699,-7.6491,0.08
67700,-7.648,0.08
67701,-7.639,0.08
67702,-7.6365,0.08
67703,-7.6353,0.08
67704,-7.6262,0.08
67705,-7.6234,0.08
67706,-7.6131,0.08
67707,-7.6129,0.08
67708,-7.6343,0.08
67709,-7.6374,0.08
67710,-7.6409,0.08
67711,-7.6522,0.08
67712,-7.653,0.08
67713,-7.6764,0.08
67714,-7.6679,0.08
67715,-7.6611,0.08
67716,-7.661,0.08
67717,-7.6732,0.08
67718,-7.6771,0.08
67719,-7.6879,0.08
67720,-7.688,0.08
67721,-7.6813,0.08
67722,-7.6639,0.08
67723,-7.6437,0.08
67724,-7.6266,0.08
67725,-7.61,0.08
67726,-7.5983,0.08
67727,-7.5856,0.08
67728,-7.5766,0.08
67729,-7.5533,0.08
67730,-7.5528,0.08
67731,-7.5527,0.08
67732,-7.5602,0.08
67733,-7.5756,0.08
67734,-7.5733,0.08
67735,-7.5732,0.08
67736,-7.552,0.08
67737,-7.5502,0.08
67738,-7.5252,0.08
67739,-7.5121,0.08
67740,-7.5076,0.08
67741,-7.5001,0.08
67742,-7.4882,0.08
67743,-7.4939,0.08
67744,-7.5022,0.08
67745,-7.5036,0.08
67746,-7.5202,0.08
67747,-7.5386,0.08
67748,-7.5568,0.08
67749,-7.5583,0.08
67750,-7.5663,0.08
67751,-7.5714,0.08
67752,-7.5628,0.08
67753,-7.5625,0.08
67754,-7.5619,0.08
67755,-7.5614,0.08
67756,-7.5456,0.08
67757,-7.5373,0.08
67758,-7.5236,0.08
67759,-7.519,0.08
67760,-7.5138,0.08
67761,-7.5074,0.08
67762,-7.5042,0.08
67763,-7.5091,0.08
67764,-7.518,0.08
67765,-7.5236,0.08
67766,-7.5334,0.08
67767,-7.5354,0.08
67768,-7.5522,0.08
67769,-7.5538,0.08
67770,-7.5822,0.08
67771,-7.5851,0.08
67772,-7.6014,0.08
67773,-7.6117,0.08
67774,-7.6184,0.08
67775,-7.6262,0.08
67776,-7.6364,0.08
67777,-7.664,0.08
67778,-7.6805,0.08
67779,-7.6811,0.08
67780,-7.6808,0.08
67781,-7.6838,0.08
67782,-7.6823,0.08
67783,-7.658,0.08
67784,-7.6536,0.08
67785,-7.6492,0.08
67786,-7.6471,0.08
67787,-7.6352,0.08
67788,-7.6206,0.08
67789,-7.6165,0.08
67790,-7.6169,0.08
67791,-7.6217,0.08
67792,-7.6297,0.08
67793,-7.6436,0.08
67794,-7.6444,0.08
67795,-7.6421,0.08
67796,-7.6273,0.08
67797,-7.6095,0.08
67798,-7.606,0.08
67799,-7.606,0.08
67800,-7.609,0.08
67801,-7.6109,0.08
67802,-7.6135,0.08
67803,-7.6272,0.08
67804,-7.6309,0.08
67805,-7.6639,0.08
67806,-7.717,0.08
67807,-7.7179,0.08
67808,-7.7328,0.08
67809,-7.7354,0.08
67810,-7.7828,0.08
67811,-7.8245,0.08
67812,-7.8293,0.08
67813,-7.8287,0.08
67814,-7.8169,0.08
67815,-7.7257,0.08
67816,-7.6904,0.08
67817,-7.6772,0.08
67818,-7.6582,0.08
67819,-7.6552,0.08
67820,-7.6414,0.08
67821,-7.6637,0.08
67822,-7.6737,0.08
67823,-7.6798,0.08
67824,-7.6771,0.08
67825,-7.6351,0.08
67826,-7.6309,0.08
67827,-7.6271,0.08
67828,-7.5734,0.08
67829,-7.5691,0.08
67830,-7.5271,0.08
67831,-7.5223,0.08
67832,-7.521,0.08
67833,-7.5312,0.08
67834,-7.5703,0.08
67835,-7.6059,0.08
67836,-7.6124,0.08
67837,-7.6691,0.08
67838,-7.7175,0.08
67839,-7.7341,0.08
67840,-7.7682,0.08
67841,-7.7808,0.08
67842,-7.7889,0.08
67843,-7.7903,0.08
67844,-7.7842,0.08
67845,-7.7842,0.08
67846,-7.7804,0.08
67847,-7.7134,0.08
67848,-7.6515,0.08
67849,-7.6123,0.08
67850,-7.6045,0.08
67851,-7.6061,0.08
67852,-7.6246,0.08
67853,-7.6245,0.08
67854,-7.6239,0.08
67855,-7.6228,0.08
67856,-7.6099,0.08
67857,-7.5897,0.08
67858,-7.5892,0.08
67859,-7.5913,0.08
67860,-7.6357,0.08
67861,-7.6313,0.08
67862,-7.6313,0.08
67863,-7.6333,0.08
67864,-7.6465,0.08
67865,-7.6534,0.08
67866,-7.6928,0.08
67867,-7.6863,0.08
67868,-7.6689,0.08
67869,-7.6863,0.08
67870,-7.6859,0.08
67871,-7.6815,0.08
67872,-7.6787,0.08
67873,-7.7086,0.08
67874,-7.7116,0.08
67875,-7.7164,0.08
67876,-7.7187,0.08
67877,-7.7177,0.08
67878,-7.6999,0.08
67879,-7.6998,0.08
67880,-7.6938,0.08
67881,-7.6756,0.08
67882,-7.6369,0.08
67883,-7.6192,0.08
67884,-7.6197,0.08
67885,-7.6246,0.08
67886,-7.6284,0.08
67887,-7.6312,0.08
67888,-7.6609,0.08
67889,-7.6687,0.08
67890,-7.6724,0.08
67891,-7.6862,0.08
67892,-7.7256,0.08
67893,-7.7265,0.08
67894,-7.7339,0.08
67895,-7.7344,0.08
67896,-7.7312,0.08
67897,-7.7387,0.08
67898,-7.7217,0.08
67899,-7.7216,0.08
67900,-7.7222,0.08
67901,-7.7317,0.08
67902,-7.7433,0.08
67903,-7.753,0.08
67904,-7.7509,0.08
67905,-7.7426,0.08
67906,-7.7401,0.08
67907,-7.7387,0.08
67908,-7.7382,0.08
67909,-7.7445,0.08
67910,-7.7426,0.08
67911,-7.7182,0.08
67912,-7.713,0.08
67913,-7.73,0.08
67914,-7.7345,0.08
67915,-7.7646,0.08
67916,-7.7866,0.08
67917,-7.7872,0.08
67918,-7.7873,0.08
67919,-7.7795,0.08
67920,-7.7674,0.08
67921,-7.7643,0.08
67922,-7.797,0.08
67923,-7.801,0.08
67924,-7.8037,0.08
67925,-7.8022,0.08
67926,-7.7925,0.08
67927,-7.7856,0.08
67928,-7.7659,0.08
67929,-7.7463,0.08
67930,-7.7332,0.08
67931,-7.7431,0.08
67932,-7.7776,0.08
67933,-7.7785,0.08
67934,-7.7797,0.08
67935,-7.7728,0.08
67936,-7.7698,0.08
67937,-7.7735,0.08
67938,-7.7741,0.08
67939,-7.7722,0.08
67940,-7.7719,0.08
67941,-7.7648,0.08
67942,-7.7546,0.08
67943,-7.7667,0.08
67944,-7.77,0.08
67945,-7.7695,0.08
67946,-7.7304,0.08
67947,-7.7305,0.08
67948,-7.7551,0.08
67949,-7.8081,0.08
67950,-7.8253,0.08
67951,-7.8439,0.08
67952,-7.8416,0.08
67953,-7.8595,0.08
67954,-7.8838,0.08
67955,-7.8866,0.08
67956,-7.8854,0.08
67957,-7.8718,0.08
67958,-7.871,0.08
67959,-7.8884,0.08
67960,-7.891,0.08
67961,-7.8899,0.08
67962,-7.8864,0.08
67963,-7.8759,0.08
67964,-7.8758,0.08
67965,-7.8754,0.08
67966,-7.8755,0.08
67967,-7.8724,0.08
67968,-7.8712,0.08
67969,-7.8684,0.08
67970,-7.8501,0.08
67971,-7.8423,0.08
67972,-7.8036,0.08
67973,-7.7896,0.08
67974,-7.7642,0.08
67975,-7.761,0.08
67976,-7.7608,0.08
67977,-7.7564,0.08
67978,-7.7546,0.08
67979,-7.7298,0.08
67980,-7.6938,0.08
67981,-7.6924,0.08
67982,-7.6956,0.08
67983,-7.6977,0.08
67984,-7.701,0.08
67985,-7.7017,0.08
67986,-7.7103,0.08
67987,-7.7536,0.08
67988,-7.7555,0.08
67989,-7.77,0.08
67990,-7.7875,0.08
67991,-7.8044,0.08
67992,-7.8038,0.08
67993,-7.7757,0.08
67994,-7.7742,0.08
67995,-7.777,0.08
67996,-7.7927,0.08
67997,-7.794,0.08
67998,-7.7908,0.08
67999,-7.7943,0.08
68000,-7.8032,0.08
68001,-7.8135,0.08
68002,-7.8201,0.08
68003,-7.8026,0.08
68004,-7.763,0.08
68005,-7.7598,0.08
68006,-7.7586,0.08
68007,-7.7103,0.08
68008,-7.6862,0.08
68009,-7.6708,0.08
68010,-7.6803,0.08
68011,-7.6804,0.08
68012,-7.7136,0.08
68013,-7.7357,0.08
68014,-7.7811,0.08
68015,-7.8295,0.08
68016,-7.8383,0.08
68017,-7.8377,0.08
68018,-7.8373,0.08
68019,-7.8069,0.08
68020,-7.8023,0.08
68021,-7.7588,0.08
68022,-7.7283,0.08
68023,-7.7238,0.08
68024,-7.7206,0.08
68025,-7.7186,0.08
68026,-7.7148,0.08
68027,-7.7004,0.08
68028,-7.6739,0.08
68029,-7.6571,0.08
68030,-7.6373,0.08
68031,-7.6207,0.08
68032,-7.6404,0.08
68033,-7.643,0.08
68034,-7.6507,0.08
68035,-7.6708,0.08
68036,-7.7357,0.08
68037,-7.7401,0.08
68038,-7.7568,0.08
68039,-7.7612,0.08
68040,-7.7623,0.08
68041,-7.7692,0.08
68042,-7.8266,0.08
68043,-7.8289,0.08
68044,-7.8127,0.08
68045,-7.8022,0.08
68046,-7.7672,0.08
68047,-7.7619,0.08
68048,-7.7476,0.08
68049,-7.6183,0.08
68050,-7.6158,0.08
68051,-7.6096,0.08
68052,-7.5846,0.08
68053,-7.5411,0.08
68054,-7.5319,0.08
68055,-7.5325,0.08
68056,-7.533,0.08
68057,-7.541,0.08
68058,-7.5642,0.08
68059,-7.583,0.08
68060,-7.5946,0.08
68061,-7.6104,0.08
68062,-7.6109,0.08
68063,-7.61,0.08
68064,-7.6101,0.08
68065,-7.6226,0.08
68066,-7.6065,0.08
68067,-7.6042,0.08
68068,-7.6034,0.08
68069,-7.6245,0.08
68070,-7.6407,0.08
68071,-7.6515,0.08
68072,-7.6708,0.08
68073,-7.6864,0.08
68074,-7.6836,0.08
68075,-7.6893,0.08
68076,-7.7466,0.08
68077,-7.7487,0.08
68078,-7.7455,0.08
68079,-7.7346,0.08
68080,-7.7303,0.08
68081,-7.7372,0.08
68082,-7.8019,0.08
68083,-7.8091,0.08
68084,-7.8127,0.08
68085,-7.8031,0.08
68086,-7.7983,0.08
68087,-7.7859,0.08
68088,-7.7742,0.08
68089,-7.7711,0.08
68090,-7.7479,0.08
68091,-7.7449,0.08
68092,-7.7119,0.08
68093,-7.6878,0.08
68094,-7.6854,0.08
68095,-7.6852,0.08
68096,-7.6817,0.08
68097,-7.7244,0.08
68098,-7.7416,0.08
68099,-7.7088,0.08
68100,-7.7026,0.08
68101,-7.6896,0.08
68102,-7.6888,0.08
68103,-7.6886,0.08
68104,-7.6862,0.08
68105,-7.6758,0.08
68106,-7.6713,0.08
68107,-7.6398,0.08
68108,-7.6386,0.08
68109,-7.6375,0.08
68110,-7.6821,0.08
68111,-7.6901,0.08
68112,-7.7234,0.08
68113,-7.8401,0.08
68114,-7.8524,0.08
68115,-7.8504,0.08
68116,-7.8555,0.08
68117,-7.8608,0.08
68118,-7.8661,0.08
68119,-7.8888,0.08
68120,-7.9118,0.08
68121,-7.9126,0.08
68122,-7.9219,0.08
68123,-7.9369,0.08
68124,-7.8803,0.08
68125,-7.8696,0.08
68126,-7.9372,0.08
68127,-7.9563,0.08
68128,-7.986,0.08
68129,-8.0354,0.08
68130,-8.0468,0.08
68131,-8.0474,0.08
68132,-8.0353,0.08
68133,-8.0349,0.08
68134,-8.0362,0.08
68135,-8.0353,0.08
68136,-7.9697,0.08
68137,-7.9335,0.08
68138,-7.9287,0.08
68139,-7.9277,0.08
68140,-7.9325,0.08
68141,-7.9499,0.08
68142,-7.9773,0.08
68143,-7.9859,0.08
68144,-7.9896,0.08
68145,-7.9971,0.08
68146,-7.9789,0.08
68147,-7.9012,0.08
68148,-7.9042,0.08
68149,-7.9428,0.08
68150,-7.9685,0.08
68151,-8.0102,0.08
68152,-8.0198,0.08
68153,-8.0963,0.08
68154,-8.1235,0.08
68155,-8.1259,0.08
68156,-8.148,0.08
68157,-8.1976,0.08
68158,-8.2215,0.08
68159,-8.2562,0.08
68160,-8.2402,0.08
68161,-8.2034,0.08
68162,-8.1995,0.08
68163,-8.1703,0.08
68164,-8.1163,0.08
68165,-8.1114,0.08
68166,-8.1088,0.08
68167,-8.1137,0.08
68168,-8.093,0.08
68169,-8.1047,0.08
68170,-8.1168,0.08
68171,-8.1222,0.08
68172,-8.1521,0.08
68173,-8.1996,0.08
68174,-8.2012,0.08
68175,-8.2001,0.08
68176,-8.1933,0.08
68177,-8.204,0.08
68178,-8.2724,0.08
68179,-8.2747,0.08
68180,-8.2752,0.08
68181,-8.2647,0.08
68182,-8.2627,0.08
68183,-8.2332,0.08
68184,-8.2215,0.08
68185,-8.2075,0.08
68186,-8.1643,0.08
68187,-8.1466,0.08
68188,-8.1371,0.08
68189,-8.1397,0.08
68190,-8.1616,0.08
68191,-8.246,0.08
68192,-8.3333,0.08
68193,-8.3653,0.08
68194,-8.381,0.08
68195,-8.3812,0.08
68196,-8.3748,0.08
68197,-8.3652,0.08
68198,-8.351,0.08
68199,-8.3066,0.08
68200,-8.2626,0.08
68201,-8.2122,0.08
68202,-8.1997,0.08
68203,-8.1645,0.08
68204,-8.1321,0.08
68205,-8.125,0.08
68206,-8.0908,0.08
68207,-8.0785,0.08
68208,-8.0821,0.08
68209,-8.0862,0.08
68210,-8.1579,0.08
68211,-8.1901,0.08
68212,-8.1789,0.08
68213,-8.0958,0.08
68214,-8.0699,0.08
68215,-8.0673,0.08
68216,-8.0631,0.08
68217,-7.9749,0.08
68218,-7.986,0.08
68219,-7.99,0.08
68220,-8.0208,0.08
68221,-7.9962,0.08
68222,-7.9868,0.08
68223,-7.986,0.08
68224,-8.0236,0.08
68225,-8.0713,0.08
68226,-8.0722,0.08
68227,-8.1173,0.08
68228,-8.1303,0.08
68229,-8.1393,0.08
68230,-8.1403,0.08
68231,-8.1593,0.08
68232,-8.1259,0.08
68233,-8.1261,0.08
68234,-8.1557,0.08
68235,-8.1415,0.08
68236,-8.1181,0.08
68237,-8.1042,0.08
68238,-8.0928,0.08
68239,-8.0913,0.08
68240,-8.097,0.08
68241,-8.1037,0.08
68242,-8.1037,0.08
68243,-8.0848,0.08
68244,-8.0428,0.08
68245,-8.04,0.08
68246,-8.0281,0.08
68247,-8.0338,0.08
68248,-8.0744,0.08
68249,-8.0915,0.08
68250,-8.1024,0.08
68251,-8.0872,0.08
68252,-8.1215,0.08
68253,-8.1444,0.08
68254,-8.1443,0.08
68255,-8.1278,0.08
68256,-8.0957,0.08
68257,-8.0947,0.08
68258,-8.0566,0.08
68259,-7.9427,0.08
68260,-7.9313,0.08
68261,-7.9092,0.08
68262,-7.9073,0.08
68263,-7.9159,0.08
68264,-7.9206,0.08
68265,-7.9222,0.08
68266,-7.9161,0.08
68267,-7.9318,0.08
68268,-7.9339,0.08
68269,-7.9333,0.08
68270,-7.9303,0.08
68271,-7.9094,0.08
68272,-7.9064,0.08
68273,-7.9118,0.08
68274,-7.9417,0.08
68275,-7.95,0.08
68276,-7.9556,0.08
68277,-7.9582,0.08
68278,-7.9585,0.08
68279,-7.9314,0.08
68280,-7.9285,0.08
68281,-7.9222,0.08
68282,-7.9347,0.08
68283,-7.9351,0.08
68284,-7.9476,0.08
68285,-7.9304,0.08
68286,-7.8984,0.08
68287,-7.885,0.08
68288,-7.8664,0.08
68289,-7.88,0.08
68290,-7.8881,0.08
68291,-7.8916,0.08
68292,-7.8934,0.08
68293,-7.8936,0.08
68294,-7.9103,0.08
68295,-7.9106,0.08
68296,-7.9182,0.08
68297,-7.9559,0.08
68298,-7.9491,0.08
68299,-7.9012,0.08
68300,-7.8702,0.08
68301,-7.869,0.08
68302,-7.8675,0.08
68303,-7.8736,0.08
68304,-7.9149,0.08
68305,-7.9715,0.08
68306,-7.9877,0.08
68307,-8.0227,0.08
68308,-8.0037,0.08
68309,-7.9688,0.08
68310,-7.9679,0.08
68311,-7.9567,0.08
68312,-7.9378,0.08
68313,-7.9608,0.08
68314,-7.9941,0.08
68315,-8.0238,0.08
68316,-8.0307,0.08
68317,-8.0397,0.08
68318,-8.0445,0.08
68319,-8.0494,0.08
68320,-8.0754,0.08
68321,-8.0763,0.08
68322,-8.0968,0.08
68323,-8.0835,0.08
68324,-8.0834,0.08
68325,-8.0768,0.08
68326,-8.0571,0.08
68327,-8.039,0.08
68328,-8.0244,0.08
68329,-8.0213,0.08
68330,-8.0302,0.08
68331,-8.0701,0.08
68332,-8.0697,0.08
68333,-8.069,0.08
68334,-8.0338,0.08
68335,-8.0006,0.08
68336,-7.994,0.08
68337,-7.9509,0.08
68338,-8.0274,0.08
68339,-8.0432,0.08
68340,-8.0433,0.08
68341,-8.0474,0.08
68342,-8.0667,0.08
68343,-8.0582,0.08
68344,-8.0517,0.08
68345,-8.0255,0.08
68346,-7.9983,0.08
68347,-7.9977,0.08
68348,-7.9942,0.08
68349,-7.9862,0.08
68350,-7.9937,0.08
68351,-7.9978,0.08
68352,-8.0198,0.08
68353,-8.0059,0.08
68354,-8.023,0.08
68355,-8.038,0.08
68356,-8.04,0.08
68357,-8.0722,0.08
68358,-8.0805,0.08
68359,-8.0819,0.08
68360,-8.1124,0.08
68361,-8.1332,0.08
68362,-8.1299,0.08
68363,-8.1182,0.08
68364,-8.1039,0.08
68365,-8.0488,0.08
68366,-8.0653,0.08
68367,-8.0629,0.08
68368,-8.0007,0.08
68369,-7.991,0.08
68370,-7.9937,0.08
68371,-8.0001,0.08
68372,-8.0211,0.08
68373,-8.098,0.08
68374,-8.1046,0.08
68375,-8.069,0.08
68376,-8.0884,0.08
68377,-8.0873,0.08
68378,-8.09,0.08
68379,-8.0926,0.08
68380,-8.116,0.08
68381,-8.117,0.08
68382,-8.0884,0.08
68383,-8.0873,0.08
68384,-8.1079,0.08
68385,-8.1239,0.08
68386,-8.1721,0.08
68387,-8.1773,0.08
68388,-8.1743,0.08
68389,-8.1884,0.08
68390,-8.2129,0.08
68391,-8.21,0.08
68392,-8.0749,0.08
68393,-8.0187,0.08
68394,-8.0195,0.08
68395,-8.0906,0.08
68396,-8.1443,0.08
68397,-8.1477,0.08
68398,-8.1405,0.08
68399,-8.1451,0.08
68400,-8.1504,0.08
68401,-8.1509,0.08
68402,-8.1209,0.08
68403,-8.1634,0.08
68404,-8.1826,0.08
68405,-8.2147,0.08
68406,-8.2113,0.08
68407,-8.1526,0.08
68408,-8.1285,0.08
68409,-8.0575,0.08
68410,-7.9857,0.08
68411,-7.9708,0.08
68412,-7.9197,0.08
68413,-8.003,0.08
68414,-8.0428,0.08
68415,-8.0683,0.08
68416,-8.1458,0.08
68417,-8.1644,0.08
68418,-8.1645,0.08
68419,-8.1573,0.08
68420,-8.0841,0.08
68421,-8.0595,0.08
68422,-8.0535,0.08
68423,-8.0498,0.08
68424,-8.0466,0.08
68425,-8.047,0.08
68426,-8.0631,0.08
68427,-8.0071,0.08
68428,-7.984,0.08
68429,-7.9492,0.08
68430,-7.9275,0.08
68431,-7.935,0.08
68432,-7.9398,0.08
68433,-7.9871,0.08
68434,-8.0606,0.08
68435,-8.0681,0.08
68436,-8.0571,0.08
68437,-8.1107,0.08
68438,-8.0478,0.08
68439,-8.0155,0.08
68440,-7.98,0.08
68441,-8.0271,0.08
68442,-8.0322,0.08
68443,-8.138,0.08
68444,-8.1428,0.08
68445,-8.1089,0.08
68446,-8.0887,0.08
68447,-8.0134,0.08
68448,-8.0009,0.08
68449,-7.999,0.08
68450,-7.9398,0.08
68451,-7.9864,0.08
68452,-7.9977,0.08
68453,-7.97,0.08
68454,-7.9121,0.08
68455,-7.8773,0.08
68456,-7.9319,0.08
68457,-7.9192,0.08
68458,-7.896,0.08
68459,-8.0491,0.08
68460,-8.0572,0.08
68461,-8.0772,0.08
68462,-8.0802,0.08
68463,-8.0823,0.08
68464,-8.0868,0.08
68465,-8.0069,0.08
68466,-7.9595,0.08
68467,-7.9121,0.08
68468,-7.9331,0.08
68469,-7.974,0.08
68470,-8.0212,0.08
68471,-8.0331,0.08
68472,-8.0755,0.08
68473,-8.0735,0.08
68474,-8.0708,0.08
68475,-7.9789,0.08
68476,-8.1223,0.08
68477,-8.1668,0.08
68478,-8.1761,0.08
68479,-8.2402,0.08
68480,-8.2875,0.08
68481,-8.1992,0.08
68482,-8.1633,0.08
68483,-8.0647,0.08
68484,-7.9254,0.08
68485,-7.927,0.08
68486,-8.0179,0.08
68487,-8.1608,0.08
68488,-8.1761,0.08
68489,-8.2237,0.08
68490,-8.2562,0.08
68491,-8.2864,0.08
68492,-8.435,0.08
68493,-8.462,0.08
68494,-8.4925,0.08
68495,-8.4357,0.08
68496,-8.439,0.08
68497,-8.4581,0.08
68498,-8.3819,0.08
68499,-8.381,0.08
68500,-8.2042,0.08
68501,-8.1373,0.08
68502,-8.1323,0.08
68503,-8.1622,0.08
68504,-8.1893,0.08
68505,-8.2089,0.08
68506,-8.2362,0.08
68507,-8.2233,0.08
68508,-8.177,0.08
68509,-8.2276,0.08
68510,-8.2164,0.08
68511,-8.1201,0.08
68512,-8.0455,0.08
68513,-8.0501,0.08
68514,-8.1433,0.08
68515,-8.1552,0.08
68516,-8.1486,0.08
68517,-8.1732,0.08
68518,-8.1972,0.08
68519,-8.2154,0.08
68520,-8.1916,0.08
68521,-8.1902,0.08
68522,-8.2017,0.08
68523,-8.2317,0.08
68524,-8.2318,0.08
68525,-8.1935,0.08
68526,-8.1508,0.08
68527,-8.1398,0.08
68528,-8.0807,0.08
68529,-8.0816,0.08
68530,-8.0555,0.08
68531,-7.9484,0.08
68532,-7.9351,0.08
68533,-7.9787,0.08
68534,-8.0879,0.08
68535,-8.0999,0.08
68536,-8.1596,0.08
68537,-8.3007,0.08
68538,-8.3074,0.08
68539,-8.2917,0.08
68540,-8.2608,0.08
68541,-8.2539,0.08
68542,-8.2667,0.08
68543,-8.2901,0.08
68544,-8.3134,0.08
68545,-8.2901,0.08
68546,-8.298,0.08
68547,-8.2987,0.08
68548,-8.1684,0.08
68549,-8.1667,0.08
68550,-8.1495,0.08
68551,-8.1302,0.08
68552,-8.1329,0.08
68553,-8.1187,0.08
68554,-8.0857,0.08
68555,-8.0656,0.08
68556,-8.0692,0.08
68557,-8.0636,0.08
68558,-8.0495,0.08
68559,-8.0545,0.08
68560,-8.0531,0.08
68561,-8.0196,0.08
68562,-8.0165,0.08
68563,-8.017,0.08
68564,-8.047,0.08
68565,-8.0442,0.08
68566,-8.0486,0.08
68567,-8.1058,0.08
68568,-8.1495,0.08
68569,-8.185,0.08
68570,-8.2283,0.08
68571,-8.2388,0.08
68572,-8.2659,0.08
68573,-8.3199,0.08
68574,-8.3195,0.08
68575,-8.309,0.08
68576,-8.2983,0.08
68577,-8.2904,0.08
68578,-8.2136,0.08
68579,-8.1821,0.08
68580,-8.175,0.08
68581,-8.2303,0.08
68582,-8.2282,0.08
68583,-8.1951,0.08
68584,-8.1677,0.08
68585,-8.1719,0.08
68586,-8.2078,0.08
68587,-8.1488,0.08
68588,-8.1475,0.08
68589,-8.15,0.08
68590,-8.1963,0.08
68591,-8.2053,0.08
68592,-8.1755,0.08
68593,-8.1656,0.08
68594,-8.1322,0.08
68595,-8.0872,0.08
68596,-8.0642,0.08
68597,-8.0257,0.08
68598,-8.1014,0.08
68599,-8.1061,0.08
68600,-8.1281,0.08
68601,-8.1257,0.08
68602,-8.1275,0.08
68603,-8.1793,0.08
68604,-8.1856,0.08
68605,-8.1772,0.08
68606,-8.1915,0.08
68607,-8.1817,0.08
68608,-8.1909,0.08
68609,-8.227,0.08
68610,-8.229,0.08
68611,-8.2154,0.08
68612,-8.1325,0.08
68613,-8.1322,0.08
68614,-8.1391,0.08
68615,-8.0996,0.08
68616,-8.092,0.08
68617,-8.0603,0.08
68618,-8.0713,0.08
68619,-8.0695,0.08
68620,-8.0887,0.08
68621,-8.0688,0.08
68622,-8.0453,0.08
68623,-7.9867,0.08
68624,-7.9865,0.08
68625,-8.0335,0.08
68626,-8.0356,0.08
68627,-8.0334,0.08
68628,-8.0356,0.08
68629,-8.0606,0.08
68630,-8.0779,0.08
68631,-8.1248,0.08
68632,-8.1693,0.08
68633,-8.2338,0.08
68634,-8.2581,0.08
68635,-8.288,0.08
68636,-8.4252,0.08
68637,-8.347,0.08
68638,-8.3468,0.08
68639,-8.2154,0.08
68640,-8.1121,0.08
68641,-8.0963,0.08
68642,-8.1001,0.08
68643,-8.1018,0.08
68644,-8.1044,0.08
68645,-8.1311,0.08
68646,-8.1423,0.08
68647,-8.1368,0.08
68648,-8.1126,0.08
68649,-8.1117,0.08
68650,-8.1214,0.08
68651,-8.1366,0.08
68652,-8.1396,0.08
68653,-8.1499,0.08
68654,-8.1202,0.08
68655,-8.0931,0.08
68656,-8.1099,0.08
68657,-8.1095,0.08
68658,-8.1536,0.08
68659,-8.3165,0.08
68660,-8.3293,0.08
68661,-8.3301,0.08
68662,-8.4041,0.08
68663,-8.4054,0.08
68664,-8.3974,0.08
68665,-8.4679,0.08
68666,-8.4767,0.08
68667,-8.4594,0.08
68668,-8.4402,0.08
68669,-8.4498,0.08
68670,-8.408,0.08
68671,-8.3936,0.08
68672,-8.3641,0.08
68673,-8.3703,0.08
68674,-8.3696,0.08
68675,-8.3544,0.08
68676,-8.3643,0.08
68677,-8.3592,0.08
68678,-8.266,0.08
68679,-8.2371,0.08
68680,-8.2263,0.08
68681,-8.1712,0.08
68682,-8.2137,0.08
68683,-8.2705,0.08
68684,-8.2253,0.08
68685,-8.2216,0.08
68686,-8.216,0.08
68687,-8.3167,0.08
68688,-8.3234,0.08
68689,-8.4819,0.08
68690,-8.4766,0.08
68691,-8.467,0.08
68692,-8.4217,0.08
68693,-8.3967,0.08
68694,-8.3902,0.08
68695,-8.3532,0.08
68696,-8.3389,0.08
68697,-8.3,0.08
68698,-8.2853,0.08
68699,-8.2813,0.08
68700,-8.2658,0.08
68701,-8.1357,0.08
68702,-8.1283,0.08
68703,-8.0855,0.08
68704,-8.1517,0.08
68705,-8.2058,0.08
68706,-8.3119,0.08
68707,-8.3593,0.08
68708,-8.4159,0.08
68709,-8.4765,0.08
68710,-8.4815,0.08
68711,-8.5532,0.08
68712,-8.5215,0.08
68713,-8.5069,0.08
68714,-8.5269,0.08
68715,-8.4699,0.08
68716,-8.4346,0.08
68717,-8.4008,0.08
68718,-8.3925,0.08
68719,-8.3502,0.08
68720,-8.2665,0.08
68721,-8.2588,0.08
68722,-8.1986,0.08
68723,-8.1947,0.08
68724,-8.1844,0.08
68725,-8.0943,0.08
68726,-8.074,0.08
68727,-8.0507,0.08
68728,-8.0439,0.08
68729,-8.0466,0.08
68730,-8.1323,0.08
68731,-8.1492,0.08
68732,-8.1559,0.08
68733,-8.2268,0.08
68734,-8.2694,0.08
68735,-8.3298,0.08
68736,-8.3382,0.08
68737,-8.346,0.08
68738,-8.3585,0.08
68739,-8.3031,0.08
68740,-8.2964,0.08
68741,-8.2399,0.08
68742,-8.2199,0.08
68743,-8.2011,0.08
68744,-8.3096,0.08
68745,-8.3243,0.08
68746,-8.3612,0.08
68747,-8.4049,0.08
68748,-8.4049,0.08
68749,-8.2903,0.08
68750,-8.2568,0.08
68751,-8.2426,0.08
68752,-8.2463,0.08
68753,-8.2852,0.08
68754,-8.3493,0.08
68755,-8.3483,0.08
68756,-8.3472,0.08
68757,-8.3556,0.08
68758,-8.3611,0.08
68759,-8.3593,0.08
68760,-8.37,0.08
68761,-8.3488,0.08
68762,-8.3453,0.08
68763,-8.3867,0.08
68764,-8.3991,0.08
68765,-8.4147,0.08
68766,-8.4196,0.08
68767,-8.4171,0.08
68768,-8.3279,0.08
68769,-8.2554,0.08
68770,-8.2143,0.08
68771,-8.15,0.08
68772,-8.1216,0.08
68773,-8.0839,0.08
68774,-8.035,0.08
68775,-8.0329,0.08
68776,-8.0181,0.08
68777,-7.9262,0.08
68778,-7.9147,0.08
68779,-7.9409,0.08
68780,-7.8881,0.08
68781,-7.8399,0.08
68782,-7.901,0.08
68783,-7.9083,0.08
68784,-7.9278,0.08
68785,-7.9761,0.08
68786,-7.981,0.08
68787,-8.0832,0.08
68788,-8.1411,0.08
68789,-8.1706,0.08
68790,-8.1984,0.08
68791,-8.2191,0.08
68792,-8.2376,0.08
68793,-8.1954,0.08
68794,-8.194,0.08
68795,-8.188,0.08
68796,-8.2561,0.08
68797,-8.2699,0.08
68798,-8.2013,0.08
68799,-8.2125,0.08
68800,-8.225,0.08
68801,-8.3738,0.08
68802,-8.3757,0.08
68803,-8.3862,0.08
68804,-8.3533,0.08
68805,-8.3488,0.08
68806,-8.3577,0.08
68807,-8.3701,0.08
68808,-8.3736,0.08
68809,-8.2901,0.08
68810,-8.2797,0.08
68811,-8.2576,0.08
68812,-8.3488,0.08
68813,-8.3487,0.08
68814,-8.2638,0.08
68815,-8.3408,0.08
68816,-8.3875,0.08
68817,-8.408,0.08
68818,-8.4129,0.08
68819,-8.4264,0.08
68820,-8.5726,0.08
68821,-8.5868,0.08
68822,-8.5702,0.08
68823,-8.4118,0.08
68824,-8.3903,0.08
68825,-8.344,0.08
68826,-8.3285,0.08
68827,-8.2974,0.08
68828,-8.2773,0.08
68829,-8.2412,0.08
68830,-8.2033,0.08
68831,-8.2074,0.08
68832,-8.2056,0.08
68833,-8.115,0.08
68834,-8.0135,0.08
68835,-8.0017,0.08
68836,-7.9221,0.08
68837,-7.8934,0.08
68838,-7.8918,0.08
68839,-7.9097,0.08
68840,-7.9588,0.08
68841,-7.9911,0.08
68842,-8.0585,0.08
68843,-8.0702,0.08
68844,-8.1293,0.08
68845,-8.1886,0.08
68846,-8.1859,0.08
68847,-8.1327,0.08
68848,-8.1304,0.08
68849,-8.1309,0.08
68850,-8.2247,0.08
68851,-8.2661,0.08
68852,-8.2698,0.08
68853,-8.2756,0.08
68854,-8.2111,0.08
68855,-8.1728,0.08
68856,-8.1255,0.08
68857,-8.1283,0.08
68858,-8.1427,0.08
68859,-8.1318,0.08
68860,-8.1381,0.08
68861,-8.115,0.08
68862,-8.0043,0.08
68863,-7.9975,0.08
68864,-8.024,0.08
68865,-8.0588,0.08
68866,-8.0642,0.08
68867,-8.1449,0.08
68868,-8.1719,0.08
68869,-8.1848,0.08
68870,-8.2616,0.08
68871,-8.3001,0.08
68872,-8.3254,0.08
68873,-8.2419,0.08
68874,-8.1996,0.08
68875,-8.13,0.08
68876,-8.0709,0.08
68877,-8.0611,0.08
68878,-8.0157,0.08
68879,-8.015,0.08
68880,-8.0152,0.08
68881,-8.0795,0.08
68882,-8.1535,0.08
68883,-8.1643,0.08
68884,-8.1624,0.08
68885,-8.1108,0.08
68886,-8.0982,0.08
68887,-8.1323,0.08
68888,-8.1279,0.08
68889,-8.1046,0.08
68890,-8.0511,0.08
68891,-8.0322,0.08
68892,-8.0048,0.08
68893,-8.0563,0.08
68894,-8.0584,0.08
68895,-8.0494,0.08
68896,-8.0727,0.08
68897,-8.0747,0.08
68898,-8.094,0.08
68899,-8.0647,0.08
68900,-8.0534,0.08
68901,-8.0284,0.08
68902,-8.029,0.08
68903,-8.0403,0.08
68904,-8.0744,0.08
68905,-8.0744,0.08
68906,-8.0502,0.08
68907,-8.0429,0.08
68908,-8.0479,0.08
68909,-8.0821,0.08
68910,-8.0453,0.08
68911,-8.0446,0.08
68912,-8.0151,0.08
68913,-7.9982,0.08
68914,-8.002,0.08
68915,-8.0404,0.08
68916,-8.0548,0.08
68917,-8.0447,0.08
68918,-8.024,0.08
68919,-8.0264,0.08
68920,-8.0406,0.08
68921,-7.9965,0.08
68922,-7.9787,0.08
68923,-7.9732,0.08
68924,-7.9234,0.08
68925,-7.9008,0.08
68926,-7.8997,0.08
68927,-7.9293,0.08
68928,-7.9781,0.08
68929,-7.9826,0.08
68930,-7.9125,0.08
68931,-7.9979,0.08
68932,-8.0685,0.08
68933,-8.0517,0.08
68934,-8.0596,0.08
68935,-8.0705,0.08
68936,-8.1521,0.08
68937,-8.143,0.08
68938,-8.0961,0.08
68939,-8.0672,0.08
68940,-8.0661,0.08
68941,-8.0486,0.08
68942,-8.0584,0.08
68943,-8.065,0.08
68944,-8.1612,0.08
68945,-8.1791,0.08
68946,-8.1826,0.08
68947,-8.0879,0.08
68948,-8.0538,0.08
68949,-8.0073,0.08
68950,-7.9444,0.08
68951,-7.9236,0.08
68952,-7.908,0.08
68953,-8.0194,0.08
68954,-8.0275,0.08
68955,-8.0568,0.08
68956,-8.0392,0.08
68957,-8.0408,0.08
68958,-8.1704,0.08
68959,-8.2327,0.08
68960,-8.2416,0.08
68961,-8.2416,0.08
68962,-8.3432,0.08
68963,-8.4147,0.08
68964,-8.3729,0.08
68965,-8.5521,0.08
68966,-8.804,0.08
68967,-8.3874,0.08
68968,-8.3582,0.08
68969,-8.244,0.08
68970,-8.2443,0.08
68971,-8.3509,0.08
68972,-8.596,0.08
68973,-8.6258,0.08
68974,-8.7808,0.08
68975,-8.4427,0.08
68976,-8.3046,0.08
68977,-8.2775,0.08
68978,-8.3716,0.08
68979,-8.4579,0.08
68980,-8.3551,0.08
68981,-8.3652,0.08
68982,-8.3745,0.08
68983,-8.3169,0.08
68984,-8.3149,0.08
68985,-8.3278,0.08
68986,-8.2505,0.08
68987,-8.2495,0.08
68988,-8.2303,0.08
68989,-8.1927,0.08
68990,-8.1807,0.08
68991,-8.1086,0.08
68992,-8.0778,0.08
68993,-8.0568,0.08
68994,-7.8928,0.08
68995,-7.8459,0.08
68996,-7.8038,0.08
68997,-7.8478,0.08
68998,-7.867,0.08
68999,-7.9096,0.08
69000,-7.8459,0.08
69001,-7.8451,0.08
69002,-7.8663,0.08
69003,-7.8695,0.08
69004,-7.8836,0.08
69005,-7.869,0.08
69006,-7.7929,0.08
69007,-7.7423,0.08
69008,-7.7215,0.08
69009,-7.7755,0.08
69010,-7.7988,0.08
69011,-7.8204,0.08
69012,-7.8468,0.08
69013,-7.849,0.08
69014,-7.8991,0.08
69015,-7.9412,0.08
69016,-7.9405,0.08
69017,-7.8503,0.08
69018,-7.7912,0.08
69019,-7.7894,0.08
69020,-7.8124,0.08
69021,-7.7968,0.08
69022,-7.7846,0.08
69023,-7.8446,0.08
69024,-7.8119,0.08
69025,-7.771,0.08
69026,-7.8116,0.08
69027,-7.824,0.08
69028,-7.8712,0.08
69029,-7.8992,0.08
69030,-7.902,0.08
69031,-7.9175,0.08
69032,-7.9667,0.08
69033,-7.9687,0.08
69034,-7.9051,0.08
69035,-7.8125,0.08
69036,-7.7949,0.08
69037,-7.8052,0.08
69038,-7.7855,0.08
69039,-7.7803,0.08
69040,-7.8627,0.08
69041,-7.8768,0.08
69042,-7.8676,0.08
69043,-7.7942,0.08
69044,-7.7784,0.08
69045,-7.7366,0.08
69046,-7.7405,0.08
69047,-7.7405,0.08
69048,-7.708,0.08
69049,-7.6468,0.08
69050,-7.6393,0.08
69051,-7.6191,0.08
69052,-7.6374,0.08
69053,-7.6464,0.08
69054,-7.6985,0.08
69055,-7.7141,0.08
69056,-7.7072,0.08
69057,-7.6506,0.08
69058,-7.6429,0.08
69059,-7.6638,0.08
69060,-7.721,0.08
69061,-7.7542,0.08
69062,-7.8013,0.08
69063,-7.7458,0.08
69064,-7.7348,0.08
69065,-7.6933,0.08
69066,-7.6566,0.08
69067,-7.6521,0.08
69068,-7.664,0.08
69069,-7.7063,0.08
69070,-7.7018,0.08
69071,-7.6019,0.08
69072,-7.6362,0.08
69073,-7.6381,0.08
69074,-7.6649,0.08
69075,-7.737,0.08
69076,-7.7467,0.08
69077,-7.7791,0.08
69078,-7.7692,0.08
69079,-7.7657,0.08
69080,-7.7615,0.08
69081,-7.7478,0.08
69082,-7.7456,0.08
69083,-7.7865,0.08
69084,-7.8065,0.08
69085,-7.8203,0.08
69086,-7.8997,0.08
69087,-7.8536,0.08
69088,-7.8994,0.08
69089,-7.9507,0.08
69090,-8.0016,0.08
69091,-7.9905,0.08
69092,-7.9499,0.08
69093,-7.9608,0.08
69094,-7.9024,0.08
69095,-7.8894,0.08
69096,-7.8832,0.08
69097,-7.8404,0.08
69098,-7.8669,0.08
69099,-7.8949,0.08
69100,-7.8861,0.08
69101,-7.8879,0.08
69102,-7.8573,0.08
69103,-7.8491,0.08
69104,-7.8319,0.08
69105,-7.851,0.08
69106,-7.8585,0.08
69107,-7.8417,0.08
69108,-7.8036,0.08
69109,-7.7625,0.08
69110,-7.7877,0.08
69111,-7.8036,0.08
69112,-7.7486,0.08
69113,-7.7293,0.08
69114,-7.7182,0.08
69115,-7.7202,0.08
69116,-7.7386,0.08
69117,-7.7905,0.08
69118,-7.7953,0.08
69119,-7.9011,0.08
69120,-7.8284,0.08
69121,-7.8228,0.08
69122,-7.8335,0.08
69123,-7.8363,0.08
69124,-7.9029,0.08
69125,-7.9187,0.08
69126,-7.916,0.08
69127,-7.8957,0.08
69128,-7.9058,0.08
69129,-7.8454,0.08
69130,-7.8008,0.08
69131,-7.7624,0.08
69132,-7.7806,0.08
69133,-7.7851,0.08
69134,-7.8564,0.08
69135,-7.9051,0.08
69136,-7.8645,0.08
69137,-7.8023,0.08
69138,-7.7339,0.08
69139,-7.6632,0.08
69140,-7.6472,0.08
69141,-7.6744,0.08
69142,-7.7038,0.08
69143,-7.7618,0.08
69144,-7.7934,0.08
69145,-7.8325,0.08
69146,-7.893,0.08
69147,-7.9204,0.08
69148,-7.9242,0.08
69149,-7.9205,0.08
69150,-7.8656,0.08
69151,-7.8419,0.08
69152,-7.8152,0.08
69153,-7.8442,0.08
69154,-7.9062,0.08
69155,-7.9145,0.08
69156,-7.9306,0.08
69157,-7.897,0.08
69158,-7.8667,0.08
69159,-7.8678,0.08
69160,-7.8596,0.08
69161,-7.8254,0.08
69162,-7.8201,0.08
69163,-7.8386,0.08
69164,-7.8759,0.08
69165,-7.8115,0.08
69166,-7.7701,0.08
69167,-7.8025,0.08
69168,-7.8147,0.08
69169,-7.8222,0.08
69170,-7.8225,0.08
69171,-7.8328,0.08
69172,-7.8407,0.08
69173,-7.7939,0.08
69174,-7.812,0.08
69175,-7.8128,0.08
69176,-7.8017,0.08
69177,-7.8053,0.08
69178,-7.8081,0.08
69179,-7.7881,0.08
69180,-7.7812,0.08
69181,-7.8481,0.08
69182,-7.8224,0.08
69183,-7.826,0.08
69184,-7.8466,0.08
69185,-7.8487,0.08
69186,-7.8526,0.08
69187,-7.8598,0.08
69188,-7.8611,0.08
69189,-7.8577,0.08
69190,-7.8333,0.08
69191,-7.7806,0.08
69192,-7.7755,0.08
69193,-7.7745,0.08
69194,-7.8073,0.08
69195,-7.832,0.08
69196,-7.859,0.08
69197,-7.9049,0.08
69198,-7.9065,0.08
69199,-7.9127,0.08
69200,-7.9091,0.08
69201,-7.8804,0.08
69202,-7.8237,0.08
69203,-7.7765,0.08
69204,-7.7953,0.08
69205,-7.755,0.08
69206,-7.7689,0.08
69207,-7.7688,0.08
69208,-7.7637,0.08
69209,-7.7793,0.08
69210,-7.7511,0.08
69211,-7.7283,0.08
69212,-7.7265,0.08
69213,-7.7178,0.08
69214,-7.6927,0.08
69215,-7.6712,0.08
69216,-7.6852,0.08
69217,-7.7114,0.08
69218,-7.7075,0.08
69219,-7.7192,0.08
69220,-7.7322,0.08
69221,-7.7058,0.08
69222,-7.7079,0.08
69223,-7.7413,0.08
69224,-7.779,0.08
69225,-7.8251,0.08
69226,-7.8789,0.08
69227,-7.8542,0.08
69228,-7.8283,0.08
69229,-7.8192,0.08
69230,-7.7971,0.08
69231,-7.8046,0.08
69232,-7.8086,0.08
69233,-7.8365,0.08
69234,-7.8712,0.08
69235,-7.8678,0.08
69236,-7.8674,0.08
69237,-7.8678,0.08
69238,-7.8705,0.08
69239,-7.8747,0.08
69240,-7.861,0.08
69241,-7.8418,0.08
69242,-7.8433,0.08
69243,-7.8125,0.08
69244,-7.8103,0.08
69245,-7.7872,0.08
69246,-7.7514,0.08
69247,-7.7496,0.08
69248,-7.7341,0.08
69249,-7.7197,0.08
69250,-7.7042,0.08
69251,-7.713,0.08
69252,-7.733,0.08
69253,-7.764,0.08
69254,-7.7901,0.08
69255,-7.8022,0.08
69256,-7.8416,0.08
69257,-7.8798,0.08
69258,-7.8856,0.08
69259,-7.8852,0.08
69260,-7.9225,0.08
69261,-7.8756,0.08
69262,-7.9152,0.08
69263,-7.9204,0.08
69264,-7.9572,0.08
69265,-8.0123,0.08
69266,-8.0161,0.08
69267,-8.0233,0.08
69268,-8.0262,0.08
69269,-8.0845,0.08
69270,-8.02,0.08
69271,-8.0643,0.08
69272,-8.062,0.08
69273,-8.0621,0.08
69274,-8.1025,0.08
69275,-8.0606,0.08
69276,-8.0129,0.08
69277,-8.0151,0.08
69278,-8.0163,0.08
69279,-8.0198,0.08
69280,-8.0264,0.08
69281,-7.9709,0.08
69282,-7.9286,0.08
69283,-7.9107,0.08
69284,-7.9252,0.08
69285,-7.9864,0.08
69286,-7.9292,0.08
69287,-7.9395,0.08
69288,-7.9484,0.08
69289,-7.9277,0.08
69290,-7.9356,0.08
69291,-7.9834,0.08
69292,-7.9807,0.08
69293,-7.9594,0.08
69294,-7.9308,0.08
69295,-7.9669,0.08
69296,-8.0245,0.08
69297,-8.015,0.08
69298,-7.987,0.08
69299,-8.0099,0.08
69300,-8.0357,0.08
69301,-8.1172,0.08
69302,-8.1288,0.08
69303,-8.2091,0.08
69304,-8.3394,0.08
69305,-8.3523,0.08
69306,-8.3273,0.08
69307,-8.3263,0.08
69308,-8.2531,0.08
69309,-8.2744,0.08
69310,-8.2736,0.08
69311,-8.2057,0.08
69312,-8.1963,0.08
69313,-8.1328,0.08
69314,-8.1307,0.08
69315,-8.1393,0.08
69316,-8.1096,0.08
69317,-8.1048,0.08
69318,-8.1011,0.08
69319,-8.1108,0.08
69320,-8.127,0.08
69321,-8.1548,0.08
69322,-8.1719,0.08
69323,-8.1601,0.08
69324,-8.1734,0.08
69325,-8.0966,0.08
69326,-8.068,0.08
69327,-8.0533,0.08
69328,-8.0797,0.08
69329,-8.1388,0.08
69330,-8.1264,0.08
69331,-8.125,0.08
69332,-8.1296,0.08
69333,-8.1929,0.08
69334,-8.2847,0.08
69335,-8.3403,0.08
69336,-8.3336,0.08
69337,-8.2944,0.08
69338,-8.2245,0.08
69339,-8.166,0.08
69340,-8.2062,0.08
69341,-8.2058,0.08
69342,-8.1409,0.08
69343,-8.0873,0.08
69344,-8.1017,0.08
69345,-8.1129,0.08
69346,-8.1112,0.08
69347,-8.0332,0.08
69348,-8.0215,0.08
69349,-7.9881,0.08
69350,-8.0234,0.08
69351,-8.0286,0.08
69352,-8.0319,0.08
69353,-8.0053,0.08
69354,-8.0125,0.08
69355,-8.0108,0.08
69356,-8.0087,0.08
69357,-7.9933,0.08
69358,-7.9888,0.08
69359,-7.9522,0.08
69360,-7.9706,0.08
69361,-7.9873,0.08
69362,-8.0195,0.08
69363,-8.0146,0.08
69364,-8.0342,0.08
69365,-8.0192,0.08
69366,-7.9944,0.08
69367,-7.9865,0.08
69368,-7.9768,0.08
69369,-7.9337,0.08
69370,-7.9235,0.08
69371,-7.9101,0.08
69372,-7.9613,0.08
69373,-7.9355,0.08
69374,-7.9495,0.08
69375,-7.9557,0.08
69376,-7.9822,0.08
69377,-7.9586,0.08
69378,-7.9566,0.08
69379,-8.0138,0.08
69380,-8.0188,0.08
69381,-8.0734,0.08
69382,-8.0558,0.08
69383,-8.2206,0.08
69384,-8.1171,0.08
69385,-8.1129,0.08
69386,-8.5266,0.08
69387,-8.6373,0.08
69388,-8.3795,0.08
69389,-8.2338,0.08
69390,-8.2143,0.08
69391,-8.1979,0.08
69392,-8.1775,0.08
69393,-8.146,0.08
69394,-8.1343,0.08
69395,-8.1337,0.08
69396,-8.1609,0.08
69397,-8.0927,0.08
69398,-8.0963,0.08
69399,-8.1285,0.08
69400,-8.1529,0.08
69401,-8.0448,0.08
69402,-8.0409,0.08
69403,-8.0754,0.08
69404,-8.0556,0.08
69405,-8.0208,0.08
69406,-8.0829,0.08
69407,-8.1019,0.08
69408,-8.1325,0.08
69409,-8.127,0.08
69410,-8.1116,0.08
69411,-8.1372,0.08
69412,-8.0581,0.08
69413,-8.0382,0.08
69414,-8.0358,0.08
69415,-8.0297,0.08
69416,-8.0939,0.08
69417,-8.103,0.08
69418,-8.107,0.08
69419,-8.1082,0.08
69420,-8.1504,0.08
69421,-8.1463,0.08
69422,-8.0844,0.08
69423,-8.0662,0.08
69424,-8.0647,0.08
69425,-8.0704,0.08
69426,-8.0907,0.08
69427,-8.0747,0.08
69428,-8.0534,0.08
69429,-8.0526,0.08
69430,-8.0722,0.08
69431,-8.0648,0.08
69432,-8.0685,0.08
69433,-8.0841,0.08
69434,-8.0923,0.08
69435,-8.1465,0.08
69436,-8.0857,0.08
69437,-8.0916,0.08
69438,-8.0863,0.08
69439,-8.0928,0.08
69440,-8.1297,0.08
69441,-8.1458,0.08
69442,-8.1323,0.08
69443,-8.0873,0.08
69444,-8.0826,0.08
69445,-8.0574,0.08
69446,-8.0088,0.08
69447,-7.9975,0.08
69448,-7.9567,0.08
69449,-7.96,0.08
69450,-7.9816,0.08
69451,-7.9247,0.08
69452,-7.9319,0.08
69453,-7.9417,0.08
69454,-7.964,0.08
69455,-7.9815,0.08
69456,-8.0024,0.08
69457,-8.032,0.08
69458,-8.0743,0.08
69459,-8.0314,0.08
69460,-8.0251,0.08
69461,-8.037,0.08
69462,-8.0153,0.08
69463,-7.9509,0.08
69464,-7.9119,0.08
69465,-7.9069,0.08
69466,-7.9027,0.08
69467,-7.8564,0.08
69468,-7.8667,0.08
69469,-7.923,0.08
69470,-7.8688,0.08
69471,-7.8243,0.08
69472,-7.9036,0.08
69473,-7.9042,0.08
69474,-7.8226,0.08
69475,-7.8233,0.08
69476,-7.8247,0.08
69477,-7.844,0.08
69478,-7.8612,0.08
69479,-7.8643,0.08
69480,-7.9059,0.08
69481,-7.9053,0.08
69482,-7.8798,0.08
69483,-7.8642,0.08
69484,-7.8272,0.08
69485,-7.8587,0.08
69486,-7.8711,0.08
69487,-7.8776,0.08
69488,-7.8817,0.08
69489,-7.8679,0.08
69490,-7.8733,0.08
69491,-7.931,0.08
69492,-7.933,0.08
69493,-7.9354,0.08
69494,-7.949,0.08
69495,-7.997,0.08
69496,-8.0308,0.08
69497,-8.0608,0.08
69498,-8.1263,0.08
69499,-8.0793,0.08
69500,-8.0067,0.08
69501,-7.9678,0.08
69502,-7.9742,0.08
69503,-7.9868,0.08
69504,-8.0253,0.08
69505,-8.0677,0.08
69506,-8.0031,0.08
69507,-7.8945,0.08
69508,-7.9014,0.08
69509,-8.0665,0.08
69510,-8.0462,0.08
69511,-8.0433,0.08
69512,-8.1131,0.08
69513,-8.1222,0.08
69514,-8.1197,0.08
69515,-8.1207,0.08
69516,-8.1117,0.08
69517,-8.0595,0.08
69518,-8.0395,0.08
69519,-7.9722,0.08
69520,-7.9455,0.08
69521,-7.9153,0.08
69522,-7.8711,0.08
69523,-7.8619,0.08
69524,-7.8042,0.08
69525,-7.8003,0.08
69526,-7.7864,0.08
69527,-7.8052,0.08
69528,-7.8459,0.08
69529,-7.9148,0.08
69530,-7.93,0.08
69531,-7.9312,0.08
69532,-7.8969,0.08
69533,-7.9214,0.08
69534,-7.9683,0.08
69535,-7.9291,0.08
69536,-7.918,0.08
69537,-7.9589,0.08
69538,-7.9768,0.08
69539,-8.0209,0.08
69540,-8.0432,0.08
69541,-8.0471,0.08
69542,-8.0959,0.08
69543,-8.1019,0.08
69544,-8.0591,0.08
69545,-8.033,0.08
69546,-8.0087,0.08
69547,-7.9769,0.08
69548,-7.8797,0.08
69549,-7.9107,0.08
69550,-7.9456,0.08
69551,-7.9455,0.08
69552,-7.9451,0.08
69553,-7.9561,0.08
69554,-8.0082,0.08
69555,-8.0215,0.08
69556,-8.1264,0.08
69557,-8.1201,0.08
69558,-8.0597,0.08
69559,-7.9221,0.08
69560,-7.9329,0.08
69561,-8.0868,0.08
69562,-8.1577,0.08
69563,-8.217,0.08
69564,-8.2294,0.08
69565,-8.2484,0.08
69566,-8.1689,0.08
69567,-8.1354,0.08
69568,-8.1348,0.08
69569,-8.1618,0.08
69570,-8.1868,0.08
69571,-8.3004,0.08
69572,-8.3259,0.08
69573,-8.3217,0.08
69574,-8.195,0.08
69575,-8.0866,0.08
69576,-8.03,0.08
69577,-7.9822,0.08
69578,-7.9582,0.08
69579,-7.9623,0.08
69580,-8.0331,0.08
69581,-8.1303,0.08
69582,-8.1192,0.08
69583,-8.1491,0.08
69584,-8.152,0.08
69585,-8.1492,0.08
69586,-8.1673,0.08
69587,-8.0893,0.08
69588,-8.0208,0.08
69589,-8.0167,0.08
69590,-8.0614,0.08
69591,-8.1164,0.08
69592,-8.1765,0.08
69593,-8.2056,0.08
69594,-8.1972,0.08
69595,-8.1629,0.08
69596,-8.0049,0.08
69597,-7.9617,0.08
69598,-7.9365,0.08
69599,-7.9277,0.08
69600,-7.931,0.08
69601,-7.9721,0.08
69602,-8.0205,0.08
69603,-8.0539,0.08
69604,-8.0654,0.08
69605,-8.0732,0.08
69606,-8.1011,0.08
69607,-8.0825,0.08
69608,-8.0427,0.08
69609,-8.0892,0.08
69610,-8.0559,0.08
69611,-8.0289,0.08
69612,-8.0208,0.08
69613,-7.9982,0.08
69614,-8.0086,0.08
69615,-8.047,0.08
69616,-8.0926,0.08
69617,-8.1894,0.08
69618,-8.1603,0.08
69619,-8.1679,0.08
69620,-8.1092,0.08
69621,-8.0396,0.08
69622,-8.0293,0.08
69623,-8.0296,0.08
69624,-8.057,0.08
69625,-7.6788,0.08
69626,-7.927,0.08
69627,-8.1051,0.08
69628,-8.0393,0.08
69629,-8.001,0.08
69630,-8.0574,0.08
69631,-8.0386,0.08
69632,-7.9587,0.08
69633,-7.8405,0.08
69634,-7.7823,0.08
69635,-7.9089,0.08
69636,-7.9954,0.08
69637,-7.893,0.08
69638,-7.9596,0.08
69639,-8.0887,0.08
69640,-8.1993,0.08
69641,-8.3276,0.08
69642,-8.3886,0.08
69643,-8.2104,0.08
69644,-8.1,0.08
69645,-8.0102,0.08
69646,-7.9794,0.08
69647,-7.9787,0.08
69648,-7.7126,0.08
69649,-7.8069,0.08
69650,-7.7196,0.08
69651,-7.7885,0.08
69652,-7.7998,0.08
69653,-7.8795,0.08
69654,-8.0578,0.08
69655,-8.0826,0.08
69656,-8.4071,0.08
69657,-8.4494,0.08
69658,-8.5481,0.08
69659,-8.5694,0.08
69660,-8.6366,0.08
69661,-8.1925,0.08
69662,-8.0188,0.08
69663,-7.8003,0.08
69664,-7.9193,0.08
69665,-8.0672,0.08
69666,-8.029,0.08
69667,-7.96,0.08
69668,-7.9718,0.08
69669,-8.2589,0.08
69670,-8.0733,0.08
69671,-8.2874,0.08
69672,-8.3688,0.08
69673,-8.2672,0.08
69674,-7.9609,0.08
69675,-7.8002,0.08
69676,-7.9889,0.08
69677,-8.1819,0.08
69678,-8.6361,0.08
69679,-8.5202,0.08
69680,-8.5471,0.08
69681,-8.4098,0.08
69682,-8.3687,0.08
69683,-8.2745,0.08
69684,-8.636,0.08
69685,-8.6086,0.08
69686,-8.4701,0.08
69687,-8.4123,0.08
69688,-8.7379,0.08
69689,-8.7911,0.08
69690,-9.0253,0.08
69691,-8.8694,0.08
69692,-8.8393,0.08
69693,-8.8289,0.08
69694,-8.7991,0.08
69695,-8.522,0.08
69696,-8.519,0.08
69697,-8.5094,0.08
69698,-8.7438,0.08
69699,-8.4339,0.08
74798,-7.88,0.08
74799,-7.83,0.08
74800,-7.86,0.08
74801,-8.24,0.08
74802,-8.32,0.08
74803,-8.46,0.08
74804,-8.13,0.08
74805,-8,0.08
74806,-7.81,0.08
74807,-7.98,0.08
74808,-7.68,0.08
74809,-7.85,0.08
74810,-7.91,0.08
74811,-8,0.08
74812,-8.21,0.08
74813,-8.2,0.08
74814,-8.22,0.08
74815,-8.42,0.08
74816,-8.58,0.08
74817,-8.46,0.08
74818,-8.58,0.08
74819,-8.21,0.08
74820,-7.96,0.08
74821,-7.79,0.08
74822,-7.72,0.08
74823,-7.97,0.08
74824,-7.99,0.08
74825,-7.94,0.08
74826,-7.84,0.08
74827,-7.78,0.08
74828,-7.74,0.08
74829,-7.75,0.08
74830,-7.83,0.08
74831,-7.84,0.08
74832,-7.92,0.08
74833,-7.91,0.08
74834,-7.88,0.08
74835,-7.85,0.08
74836,-7.99,0.08
74837,-7.69,0.08
74838,-7.71,0.08
74839,-8,0.08
74840,-8.07,0.08
74841,-8.11,0.08
74842,-8.12,0.08
74843,-8.15,0.08
74844,-7.84,0.08
74845,-8.04,0.08
74846,-8.05,0.08
74847,-8.11,0.08
74848,-7.86,0.08
74849,-7.78,0.08
74850,-8.09,0.08
74851,-8.41,0.08
74852,-8.59,0.08
74853,-8.34,0.08
74854,-8.34,0.08
74855,-8.39,0.08
74856,-8.79,0.08
74857,-8.64,0.08
74858,-8.49,0.08
74859,-8.25,0.08
74860,-8.34,0.08
74861,-8.28,0.08
74862,-8.09,0.08
74863,-8.23,0.08
74864,-8.06,0.08
74865,-8.23,0.08
74866,-8.27,0.08
74867,-8.21,0.08
74868,-8.14,0.08
74869,-8.1,0.08
74870,-8.08,0.08
74871,-8.09,0.08
74872,-8.27,0.08
74873,-8.16,0.08
74874,-8.16,0.08
74875,-8.18,0.08
74876,-8.27,0.08
74877,-8.12,0.08
74878,-8.06,0.08
74879,-7.99,0.08
74880,-8.41,0.08
74881,-8.4,0.08
74882,-8.32,0.08
74883,-8.2,0.08
74884,-8.21,0.08
74885,-8.42,0.08
74886,-8.24,0.08
74887,-8.09,0.08
74888,-7.89,0.08
74889,-8.04,0.08
74890,-7.87,0.08
74891,-7.98,0.08
74892,-7.95,0.08
74893,-8.31,0.08
74894,-8.47,0.08
74895,-8.6,0.08
74896,-8.74,0.08
74897,-8.73,0.08
74898,-8.54,0.08
74899,-8.56,0.08
74900,-8.64,0.08
74901,-8.43,0.08
74902,-8.82,0.08
74903,-8.4,0.08
74904,-8.42,0.08
74905,-8.53,0.08
74906,-8.21,0.08
74907,-8.21,0.08
74908,-8.15,0.08
74909,-8.18,0.08
74910,-8.2,0.08
74911,-8.33,0.08
74912,-8.32,0.08
74913,-8.31,0.08
74914,-8.34,0.08
74915,-8.32,0.08
74916,-8.17,0.08
74917,-8.27,0.08
74918,-8.29,0.08
74919,-8.3,0.08
74920,-8.3,0.08
74921,-8.32,0.08
74922,-8.03,0.08
74923,-8.08,0.08
74924,-8.25,0.08
74925,-8.35,0.08
74926,-8.16,0.08
74927,-7.82,0.08
74928,-7.78,0.08
74929,-7.53,0.08
74930,-7.62,0.08
74931,-7.88,0.08
74932,-8.16,0.08
74933,-8.02,0.08
74934,-7.96,0.08
74935,-8.06,0.08
74936,-8.63,0.08
74937,-8.02,0.08
74938,-7.92,0.08
74939,-7.97,0.08
74940,-8.22,0.08
74941,-8.52,0.08
74942,-8.55,0.08
74943,-8.31,0.08
74944,-8.29,0.08
74945,-8.22,0.08
74946,-8.21,0.08
74947,-8.42,0.08
74948,-8.36,0.08
74949,-8.34,0.08
74950,-8.13,0.08
74951,-8.25,0.08
74952,-8.12,0.08
74953,-8.48,0.08
74954,-8.2,0.08
74955,-8.64,0.08
74956,-8.68,0.08
74957,-8.61,0.08
74958,-8.71,0.08
74959,-8.68,0.08
74960,-8.41,0.08
74961,-8.31,0.08
74962,-8.47,0.08
74963,-8.74,0.08
74964,-8.8,0.08
74965,-8.69,0.08
74966,-8.52,0.08
74967,-8.29,0.08
74968,-8.14,0.08
74969,-7.79,0.08
74970,-7.8,0.08
74971,-7.75,0.08
74972,-7.72,0.08
74973,-7.62,0.08
74974,-7.92,0.08
74975,-7.89,0.08
74976,-8.02,0.08
74977,-8.03,0.08
74978,-8.18,0.08
74979,-8.19,0.08
74980,-8.27,0.08
74981,-8.17,0.08
74982,-8.51,0.08
74983,-8.4,0.08
74984,-8.33,0.08
74985,-8.22,0.08
74986,-8.2,0.08
74987,-8.12,0.08
74988,-8.08,0.08
74989,-8.11,0.08
74990,-8.23,0.08
74991,-8.12,0.08
74992,-8.35,0.08
74993,-8.25,0.08
74994,-8.19,0.08
74995,-8.13,0.08
74996,-8.03,0.08
74997,-7.91,0.08
74998,-7.96,0.08
74999,-7.98,0.08
75000,-8.02,0.08
75001,-7.91,0.08
75002,-8.14,0.08
75003,-8.16,0.08
75004,-8.21,0.08
75005,-8.09,0.08
75006,-7.82,0.08
75007,-7.7,0.08
75008,-7.71,0.08
75009,-7.74,0.08
75010,-7.81,0.08
75011,-7.78,0.08
75012,-7.8,0.08
75013,-7.87,0.08
75014,-8.17,0.08
75015,-7.7,0.08
75016,-7.72,0.08
75017,-7.89,0.08
75018,-7.78,0.08
75019,-7.87,0.08
75020,-7.9,0.08
75021,-8.07,0.08
75022,-7.94,0.08
75023,-7.77,0.08
75024,-8.15,0.08
75025,-8.07,0.08
75026,-8,0.08
75027,-8.08,0.08
75028,-8.24,0.08
75029,-8.15,0.08
75030,-8.12,0.08
75031,-7.97,0.08
75032,-7.83,0.08
75033,-8.11,0.08
75034,-7.99,0.08
75035,-8.13,0.08
75036,-8.23,0.08
75037,-8.17,0.08
75038,-8.18,0.08
75039,-7.91,0.08
75040,-8.02,0.08
75041,-8.27,0.08
75042,-8.26,0.08
75043,-8.27,0.08
75044,-8.21,0.08
75045,-8.12,0.08
75046,-8.13,0.08
75047,-8.2,0.08
75048,-8.35,0.08
75049,-8.14,0.08
75050,-8.09,0.08
75051,-8.1,0.08
75052,-8.14,0.08
75053,-8.32,0.08
75054,-8.14,0.08
75055,-8.26,0.08
75056,-8.16,0.08
75057,-8.22,0.08
75058,-8.25,0.08
75059,-8.16,0.08
75060,-8.3,0.08
75061,-8.31,0.08
75062,-8.27,0.08
75063,-8.26,0.08
75064,-8.32,0.08
75065,-8.24,0.08
75066,-8.29,0.08
75067,-8.43,0.08
75068,-8.47,0.08
75069,-8.71,0.08
75070,-8.71,0.08
75071,-8.56,0.08
75072,-8.61,0.08
75073,-8.53,0.08
75074,-8.58,0.08
75075,-8.42,0.08
75076,-8.37,0.08
75077,-8.27,0.08
75078,-8.38,0.08
75079,-8.41,0.08
75080,-8.45,0.08
75081,-8.29,0.08
75082,-8.24,0.08
75083,-8.24,0.08
75084,-8.38,0.08
75085,-8.51,0.08
75086,-8.48,0.08
75087,-8.39,0.08
75088,-8.44,0.08
75089,-8.42,0.08
75090,-8.32,0.08
75091,-8.3,0.08
75092,-8.63,0.08
75093,-8.47,0.08
75094,-8.38,0.08
75095,-8.23,0.08
75096,-8.31,0.08
75097,-8.18,0.08
75098,-8.28,0.08
75099,-8.33,0.08
75100,-8.41,0.08
75101,-8.28,0.08
75102,-8.28,0.08
75103,-8.25,0.08
75104,-8.17,0.08
75105,-8.42,0.08
75106,-8.26,0.08
75107,-8.12,0.08
75108,-8.08,0.08
75109,-8.32,0.08
75110,-8.26,0.08
75111,-8.28,0.08
75112,-8.11,0.08
75113,-8.26,0.08
75114,-8.09,0.08
75115,-8.21,0.08
75116,-8.11,0.08
75117,-8.11,0.08
75118,-7.86,0.08
75119,-7.86,0.08
75120,-7.89,0.08
75121,-7.82,0.08
75122,-7.79,0.08
75123,-7.8,0.08
75124,-8.08,0.08
75125,-8.12,0.08
75126,-8.31,0.08
75127,-8.45,0.08
75128,-8.23,0.08
75129,-8.2,0.08
75130,-8.21,0.08
75131,-8.37,0.08
75132,-8.28,0.08
75133,-8.32,0.08
75134,-8.42,0.08
75135,-8.84,0.08
75136,-8.64,0.08
75137,-8.44,0.08
75138,-8.47,0.08
75139,-8.4,0.08
75140,-8.28,0.08
75141,-7.97,0.08
75142,-7.96,0.08
75143,-7.96,0.08
75144,-8.03,0.08
75145,-8.16,0.08
75146,-8.29,0.08
75147,-8.5,0.08
75148,-8.22,0.08
75149,-8.18,0.08
75150,-8.42,0.08
75151,-8.61,0.08
75152,-8.59,0.08
75153,-8.67,0.08
75154,-8.7,0.08
75155,-8.48,0.08
75156,-8.51,0.08
75157,-8.53,0.08
75158,-8.37,0.08
75159,-8.37,0.08
75160,-8.3,0.08
75161,-8.36,0.08
75162,-8.47,0.08
75163,-8.43,0.08
75164,-8.53,0.08
75165,-8.31,0.08
75166,-8.49,0.08
75167,-8.41,0.08
75168,-8.48,0.08
75169,-8.35,0.08
75170,-8.29,0.08
75171,-8.37,0.08
75172,-8.38,0.08
75173,-8.19,0.08
75174,-8.23,0.08
75175,-8.08,0.08
75176,-8.09,0.08
75177,-8.22,0.08
75178,-8.17,0.08
75179,-8.25,0.08
75180,-8.09,0.08
75181,-8.13,0.08
75182,-8.27,0.08
75183,-8.27,0.08
75184,-8.44,0.08
75185,-8.25,0.08
75186,-8.33,0.08
75187,-8.52,0.08
75188,-8.54,0.08
75189,-8.24,0.08
75190,-8,0.08
75191,-8.04,0.08
75192,-8.13,0.08
75193,-8.15,0.08
75194,-8.28,0.08
75195,-8.18,0.08
75196,-8.14,0.08
75197,-8.25,0.08
75198,-8.32,0.08
75199,-8.33,0.08
75200,-8.28,0.08
75201,-8.04,0.08
75202,-8.05,0.08
75203,-8.11,0.08
75204,-8.01,0.08
75205,-7.91,0.08
75206,-7.92,0.08
75207,-8.07,0.08
75208,-7.99,0.08
75209,-8.07,0.08
75210,-8.18,0.08
75211,-8.38,0.08
75212,-8.15,0.08
75213,-8.23,0.08
75214,-8.29,0.08
75215,-8.18,0.08
75216,-8.07,0.08
75217,-8.06,0.08
75218,-7.91,0.08
75219,-7.97,0.08
75220,-7.86,0.08
75221,-7.87,0.08
75222,-7.65,0.08
75223,-7.82,0.08
75224,-7.88,0.08
75225,-7.83,0.08
75226,-7.8,0.08
75227,-7.79,0.08
75228,-7.99,0.08
75229,-7.88,0.08
75230,-7.87,0.08
75231,-7.54,0.08
75232,-7.41,0.08
75233,-7.47,0.08
75234,-7.55,0.08
75235,-7.47,0.08
75236,-7.56,0.08
75237,-7.58,0.08
75238,-7.6,0.08
75239,-7.64,0.08
75240,-7.88,0.08
75241,-7.75,0.08
75242,-7.67,0.08
75243,-7.59,0.08
75244,-7.67,0.08
75245,-7.6,0.08
75246,-7.68,0.08
75247,-7.73,0.08
75248,-7.84,0.08
75249,-7.58,0.08
75250,-7.64,0.08
75251,-7.69,0.08
75252,-7.66,0.08
75253,-7.66,0.08
75254,-7.74,0.08
75255,-8.11,0.08
75256,-7.72,0.08
75257,-7.94,0.08
75258,-7.74,0.08
75259,-7.63,0.08
75260,-7.73,0.08
75261,-7.94,0.08
75262,-8.1,0.08
75263,-8.08,0.08
75264,-8.06,0.08
75265,-8.01,0.08
75266,-7.96,0.08
75267,-8.07,0.08
75268,-7.72,0.08
75269,-7.66,0.08
75270,-7.57,0.08
75271,-7.34,0.08
75272,-7.4,0.08
75273,-7.52,0.08
75274,-7.64,0.08
75275,-7.83,0.08
75276,-7.92,0.08
75277,-7.76,0.08
75278,-7.65,0.08
75279,-7.6,0.08
75280,-7.52,0.08
75281,-7.43,0.08
75282,-7.81,0.08
75283,-7.64,0.08
75284,-7.71,0.08
75285,-7.78,0.08
75286,-8.01,0.08
75287,-8.01,0.08
75288,-7.67,0.08
75289,-7.68,0.08
75290,-7.88,0.08
75291,-8.02,0.08
75292,-7.89,0.08
75293,-7.65,0.08
75294,-7.63,0.08
75295,-7.53,0.08
75296,-7.59,0.08
75297,-7.61,0.08
75298,-7.8,0.08
75299,-7.85,0.08
75300,-7.65,0.08
75301,-7.49,0.08
75302,-7.5,0.08
75303,-7.49,0.08
75304,-7.59,0.08
75305,-7.68,0.08
75306,-7.72,0.08
75307,-7.59,0.08
75308,-7.57,0.08
75309,-7.67,0.08
75310,-7.89,0.08
75311,-7.6,0.08
75312,-7.51,0.08
75313,-7.59,0.08
75314,-7.71,0.08
75315,-7.8,0.08
75316,-7.81,0.08
75317,-7.91,0.08
75318,-7.96,0.08
75319,-7.82,0.08
75320,-7.75,0.08
75321,-7.72,0.08
75322,-7.92,0.08
75323,-8.01,0.08
75324,-7.87,0.08
75325,-7.78,0.08
75326,-7.57,0.08
75327,-7.62,0.08
75328,-7.59,0.08
75329,-7.51,0.08
75330,-7.3,0.08
75331,-7.28,0.08
75332,-7.17,0.08
75333,-7.24,0.08
75334,-7.37,0.08
75335,-7.39,0.08
75336,-7.62,0.08
75337,-7.57,0.08
75338,-7.41,0.08
75339,-7.33,0.08
75340,-7.4,0.08
75341,-7.54,0.08
75342,-7.52,0.08
75343,-7.61,0.08
75344,-7.5,0.08
75345,-7.48,0.08
75346,-7.41,0.08
75347,-7.41,0.08
75348,-7.6,0.08
75349,-7.72,0.08
75350,-7.84,0.08
75351,-7.75,0.08
75352,-7.7,0.08
75353,-7.63,0.08
75354,-7.56,0.08
75355,-7.5,0.08
75356,-7.36,0.08
75357,-7.46,0.08
75358,-7.56,0.08
75359,-7.64,0.08
75360,-7.72,0.08
75361,-7.73,0.08
75362,-7.86,0.08
75363,-7.86,0.08
75364,-7.84,0.08
75365,-7.64,0.08
75366,-7.89,0.08
75367,-7.91,0.08
75368,-7.76,0.08
75369,-7.93,0.08
75370,-7.99,0.08
75371,-7.79,0.08
75372,-7.55,0.08
75373,-7.38,0.08
75374,-7.51,0.08
75375,-7.84,0.08
75376,-7.92,0.08
75377,-7.54,0.08
75378,-7.36,0.08
75379,-7.38,0.08
75380,-7.35,0.08
75381,-7.51,0.08
75382,-7.4,0.08
75383,-7.04,0.08
75384,-6.88,0.08
75385,-7.19,0.08
75386,-7.21,0.08
75387,-7.34,0.08
75388,-7.45,0.08
75389,-7.49,0.08
75390,-7.73,0.08
75391,-7.52,0.08
75392,-7.58,0.08
75393,-7.63,0.08
75394,-7.59,0.08
75395,-7.56,0.08
75396,-7.64,0.08
75397,-7.67,0.08
75398,-7.65,0.08
75399,-7.58,0.08
75400,-7.65,0.08
75401,-7.83,0.08
75402,-7.81,0.08
75403,-8.11,0.08
75404,-8,0.08
75405,-8.11,0.08
75406,-8.16,0.08
75407,-8.13,0.08
75408,-8,0.08
75409,-7.83,0.08
75410,-7.89,0.08
75411,-7.89,0.08
75412,-7.84,0.08
75413,-7.94,0.08
75414,-7.97,0.08
75415,-7.74,0.08
75416,-7.57,0.08
75417,-7.64,0.08
75418,-7.69,0.08
75419,-7.34,0.08
75420,-7.37,0.08
75421,-7.24,0.08
75422,-7.45,0.08
75423,-7.7,0.08
75424,-7.55,0.08
75425,-7.16,0.08
75426,-7.08,0.08
75427,-6.89,0.08
75428,-7.16,0.08
75429,-7.23,0.08
75430,-7.13,0.08
75431,-7.18,0.08
75432,-7.1,0.08
75433,-6.76,0.08
75434,-6.85,0.08
75435,-6.9,0.08
75436,-6.84,0.08
75437,-6.85,0.08
75438,-6.94,0.08
75439,-6.97,0.08
75440,-7.28,0.08
75441,-7.41,0.08
75442,-7.33,0.08
75443,-7.32,0.08
75444,-7.47,0.08
75445,-7.39,0.08
75446,-7.33,0.08
75447,-7.44,0.08
75448,-7.39,0.08
75449,-7.53,0.08
75450,-7.38,0.08
75451,-7.33,0.08
75452,-7.23,0.08
75453,-7.19,0.08
75454,-7.13,0.08
75455,-7.06,0.08
75456,-7.04,0.08
75457,-7.15,0.08
75458,-7.27,0.08
75459,-7.33,0.08
75460,-7.51,0.08
75461,-7.67,0.08
75462,-7.75,0.08
75463,-7.68,0.08
75464,-7.56,0.08
75465,-7.6,0.08
75466,-7.75,0.08
75467,-7.74,0.08
75468,-7.68,0.08
75469,-7.61,0.08
75470,-7.49,0.08
75471,-7.4,0.08
75472,-7.44,0.08
75473,-7.47,0.08
75474,-7.49,0.08
75475,-7.42,0.08
75476,-7.44,0.08
75477,-7.32,0.08
75478,-7.46,0.08
75479,-7.49,0.08
75480,-7.46,0.08
75481,-7.33,0.08
75482,-7.25,0.08
75483,-7.29,0.08
75484,-7.19,0.08
75485,-7.11,0.08
75486,-6.93,0.08
75487,-7.1,0.08
75488,-7.01,0.08
75489,-7.22,0.08
75490,-7.28,0.08
75491,-7.23,0.08
75492,-7.16,0.08
75493,-7.27,0.08
75494,-7.11,0.08
75495,-7.07,0.08
75496,-7.03,0.08
75497,-6.99,0.08
75498,-7,0.08
75499,-6.99,0.08
75500,-6.95,0.08
75501,-6.93,0.08
75502,-6.93,0.08
75503,-7.05,0.08
75504,-7.08,0.08
144066,-12.42,0.08
144067,-12.35,0.08
144068,-12.22,0.08
144069,-12.1,0.08
144070,-12.1,0.08
144071,-11.85,0.08
144072,-12.01,0.08
144073,-12,0.08
144074,-12.02,0.08
144075,-12.17,0.08
144076,-12.19,0.08
144077,-12.24,0.08
144078,-12.24,0.08
144079,-12.33,0.08
144080,-12.35,0.08
144081,-12.4,0.08
144082,-12.46,0.08
144083,-12.36,0.08
144084,-12.33,0.08
144085,-12.27,0.08
144086,-12.27,0.08
144087,-12.29,0.08
144088,-12.16,0.08
144089,-12.22,0.08
144090,-11.98,0.08
144091,-12.03,0.08
144092,-12.05,0.08
144093,-12.05,0.08
144094,-12.03,0.08
144095,-12.03,0.08
144096,-12.1,0.08
144097,-12.05,0.08
144098,-11.96,0.08
144099,-12.05,0.08
144100,-12.04,0.08
144101,-12.03,0.08
144102,-12,0.08
144103,-12,0.08
144104,-11.89,0.08
144105,-11.93,0.08
144106,-11.88,0.08
144107,-11.8,0.08
144108,-11.81,0.08
144109,-11.75,0.08
144110,-11.73,0.08
144111,-11.7,0.08
144112,-11.53,0.08
144113,-11.53,0.08
144114,-11.6,0.08
144115,-11.42,0.08
144116,-11.65,0.08
144117,-11.41,0.08
144118,-11.32,0.08
144119,-11.36,0.08
144120,-11.45,0.08
144121,-11.32,0.08
144122,-11.31,0.08
144123,-11.36,0.08
144124,-11.38,0.08
144125,-11.36,0.08
144126,-11.38,0.08
144127,-11.47,0.08
144128,-11.41,0.08
144129,-11.33,0.08
144130,-11.26,0.08
144131,-11.34,0.08
144132,-11.37,0.08
144133,-11.26,0.08
144134,-11.29,0.08
144135,-11.38,0.08
144136,-11.34,0.08
144137,-11.35,0.08
144138,-11.34,0.08
144139,-11.45,0.08
144140,-11.46,0.08
144141,-11.42,0.08
144142,-11.45,0.08
144143,-11.37,0.08
144144,-11.55,0.08
144145,-11.6,0.08
144146,-11.66,0.08
144147,-11.64,0.08
144148,-11.57,0.08
144149,-11.59,0.08
144150,-11.72,0.08
144151,-11.62,0.08
144152,-11.74,0.08
144153,-11.66,0.08
144154,-11.75,0.08
144155,-11.43,0.08
144156,-11.36,0.08
144157,-11.28,0.08
144158,-11.12,0.08
144159,-11.16,0.08
144160,-11.02,0.08
144161,-11.15,0.08
144162,-11.04,0.08
144163,-11.07,0.08
144164,-10.94,0.08
144165,-10.97,0.08
144166,-10.88,0.08
144167,-10.91,0.08
144168,-10.91,0.08
144169,-10.9,0.08
144170,-10.83,0.08
144171,-10.7,0.08
144172,-10.87,0.08
144173,-10.75,0.08
144174,-10.71,0.08
144175,-10.74,0.08
144176,-10.65,0.08
144177,-10.68,0.08
144178,-10.66,0.08
144179,-10.65,0.08
144180,-10.78,0.08
144181,-10.65,0.08
144182,-10.72,0.08
144183,-10.73,0.08
144184,-10.77,0.08
144185,-10.94,0.08
144186,-10.8,0.08
144187,-10.89,0.08
144188,-10.87,0.08
144189,-10.83,0.08
144190,-10.8,0.08
144191,-10.83,0.08
144192,-10.78,0.08
144193,-10.79,0.08
144194,-10.68,0.08
144195,-10.51,0.08
144196,-10.43,0.08
144197,-10.38,0.08
144198,-10.33,0.08
144199,-10.33,0.08
144200,-10.48,0.08
144201,-10.29,0.08
144202,-10.43,0.08
144203,-10.44,0.08
144204,-10.23,0.08
144205,-10.16,0.08
144206,-10.13,0.08
144207,-10.02,0.08
144208,-9.97,0.08
144209,-10.32,0.08
144210,-10.21,0.08
144211,-10.13,0.08
144212,-10.04,0.08
144213,-10.17,0.08
144214,-10.02,0.08
144215,-10,0.08
144216,-9.94,0.08
144217,-10.04,0.08
144218,-10.32,0.08
144219,-10.11,0.08
144220,-10.17,0.08
144221,-9.82,0.08
144222,-9.91,0.08
144223,-9.76,0.08
144224,-9.74,0.08
144225,-9.73,0.08
144226,-9.68,0.08
144227,-9.59,0.08
144228,-9.29,0.08
144229,-9.19,0.08
144230,-9.02,0.08
144231,-9.23,0.08
144232,-9.4,0.08
144233,-9.23,0.08
144234,-9.03,0.08
144235,-8.88,0.08
144236,-8.79,0.08
144237,-8.77,0.08
144238,-8.89,0.08
144239,-9.29,0.08
144240,-9.56,0.08
144241,-9.52,0.08
144242,-9.52,0.08
144243,-9.73,0.08
144244,-9.68,0.08
144245,-9.76,0.08
144246,-9.79,0.08
144247,-9.67,0.08
144248,-9.48,0.08
144249,-9.64,0.08
144250,-9.59,0.08
144251,-9.41,0.08
144252,-9.45,0.08
144253,-9.45,0.08
144254,-9.48,0.08
144255,-9.51,0.08
144256,-9.48,0.08
144257,-9.49,0.08
144258,-9.44,0.08
144259,-9.56,0.08
144260,-9.55,0.08
144261,-9.43,0.08
144262,-9.54,0.08
144263,-9.52,0.08
144264,-9.36,0.08
144265,-9.31,0.08
144266,-9.35,0.08
144267,-9.3,0.08
144268,-9.37,0.08
144269,-9.32,0.08
144270,-9.32,0.08
144271,-9.44,0.08
144272,-9.34,0.08
144273,-9.44,0.08
144274,-9.35,0.08
144275,-9.48,0.08
144276,-9.44,0.08
144277,-9.43,0.08
144278,-9.39,0.08
144279,-9.3,0.08
144280,-9.34,0.08
144281,-9.34,0.08
144282,-9.38,0.08
144283,-9.4,0.08
144284,-9.45,0.08
144285,-9.43,0.08
144286,-9.51,0.08
144287,-9.49,0.08
144288,-9.35,0.08
144289,-9.3,0.08
144290,-9.38,0.08
144291,-9.32,0.08
144292,-9.41,0.08
144293,-9.36,0.08
144294,-9.41,0.08
144295,-9.38,0.08
144296,-9.43,0.08
144297,-9.39,0.08
144298,-9.36,0.08
144299,-9.42,0.08
144300,-9.27,0.08
144301,-9.39,0.08
144302,-9.27,0.08
144303,-9.28,0.08
144304,-9.23,0.08
144305,-9.22,0.08
144306,-9.35,0.08
144307,-9.29,0.08
144308,-9.24,0.08
144309,-9.21,0.08
144310,-9.28,0.08
144311,-9.41,0.08
144312,-9.31,0.08
144313,-9.44,0.08
144314,-9.44,0.08
144315,-9.46,0.08
144316,-9.52,0.08
144317,-9.45,0.08
144318,-9.55,0.08
144319,-9.42,0.08
144320,-9.65,0.08
144321,-9.5,0.08
144322,-9.4,0.08
144323,-9.46,0.08
144324,-9.4,0.08
144325,-9.4,0.08
144326,-9.46,0.08
144327,-9.42,0.08
144328,-9.44,0.08
144329,-9.43,0.08
144330,-9.41,0.08
144331,-9.35,0.08
144332,-9.36,0.08
144333,-9.35,0.08
144334,-9.41,0.08
144335,-9.41,0.08
144336,-9.39,0.08
144337,-9.46,0.08
144338,-9.48,0.08
144339,-9.45,0.08
144340,-9.55,0.08
144341,-9.59,0.08
144342,-9.63,0.08
144343,-9.58,0.08
144344,-9.54,0.08
144345,-9.5,0.08
144346,-9.55,0.08
144347,-9.41,0.08
144348,-9.52,0.08
144349,-9.57,0.08
144350,-9.53,0.08
144351,-9.52,0.08
144352,-9.61,0.08
144353,-9.64,0.08
144354,-9.74,0.08
144355,-9.71,0.08
144356,-9.77,0.08
144357,-9.73,0.08
144358,-9.75,0.08
144359,-9.99,0.08
144360,-9.94,0.08
144361,-9.9,0.08
144362,-10,0.08
144363,-9.92,0.08
144364,-9.88,0.08
144365,-9.96,0.08
144366,-9.95,0.08
144367,-9.85,0.08
144368,-9.87,0.08
144369,-9.95,0.08
144370,-9.94,0.08
144371,-9.79,0.08
144372,-9.97,0.08
144373,-9.91,0.08
144374,-10.05,0.08
144375,-10.08,0.08
144376,-10.24,0.08
144377,-10.5,0.08
144378,-10.58,0.08
144379,-10.74,0.08
144380,-10.99,0.08
144381,-11.11,0.08
144382,-11.13,0.08
144383,-11.22,0.08
144384,-11.49,0.08
144385,-11.82,0.08
144386,-11.89,0.08
144387,-11.88,0.08
144388,-11.78,0.08
144389,-11.91,0.08
144390,-12.11,0.08
144391,-12.17,0.08
144392,-12.22,0.08
144393,-12.22,0.08
144394,-12.25,0.08
144395,-12.2,0.08
144396,-12.26,0.08
144397,-12.21,0.08
144398,-12.42,0.08
144399,-12.21,0.08
144400,-12.32,0.08
144401,-12.4,0.08
144402,-12.44,0.08
144403,-12.29,0.08
144404,-12.23,0.08
144405,-12.29,0.08
144406,-12.12,0.08
144407,-12.34,0.08
144408,-12.53,0.08
144409,-12.82,0.08
144410,-13.07,0.08
144411,-13.06,0.08
144412,-13.09,0.08
144413,-13.16,0.08
144414,-13.14,0.08
144415,-13.25,0.08
144416,-13.32,0.08
144417,-13.54,0.08
144418,-13.56,0.08
144419,-13.57,0.08
144420,-13.53,0.08
144421,-13.52,0.08
144422,-13.57,0.08
144423,-13.55,0.08
144424,-13.71,0.08
144425,-13.87,0.08
144426,-14.23,0.08
144427,-14.39,0.08
144428,-14.44,0.08
144429,-14.56,0.08
144430,-14.61,0.08
144431,-14.61,0.08
144432,-14.67,0.08
144433,-14.48,0.08
144434,-14.74,0.08
144435,-14.68,0.08
144436,-14.63,0.08
144437,-14.52,0.08
144438,-14.33,0.08
144439,-13.96,0.08
144440,-13.71,0.08
144441,-13.29,0.08
144442,-13.08,0.08
144443,-12.72,0.08
144444,-12.4,0.08
144445,-13.07,0.08
144446,-12.6,0.08
144447,-13.04,0.08
144448,-13,0.08
144449,-13.11,0.08
144450,-13.12,0.08
144451,-13.15,0.08
144452,-13.16,0.08
144453,-13.3,0.08
144454,-13.11,0.08
144455,-13.13,0.08
144456,-13.21,0.08
144457,-13.09,0.08
144458,-12.95,0.08
144459,-12.88,0.08
144460,-12.96,0.08
144461,-13.07,0.08
144462,-13.08,0.08
144463,-13.15,0.08
144464,-13.17,0.08
144465,-13.19,0.08
144466,-13.23,0.08
144467,-13.15,0.08
144468,-13.17,0.08
144469,-13.06,0.08
144470,-13.14,0.08
144471,-13.22,0.08
144472,-13.1,0.08
144473,-13.07,0.08
144474,-13.06,0.08
144475,-13.08,0.08
144476,-13.12,0.08
144477,-13.04,0.08
144478,-12.97,0.08
144479,-12.91,0.08
144480,-12.92,0.08
144481,-12.95,0.08
144482,-13.1,0.08
144483,-12.87,0.08
144484,-12.95,0.08
144485,-13.01,0.08
144486,-12.98,0.08
144487,-13.05,0.08
144488,-12.99,0.08
144489,-12.91,0.08
144490,-12.93,0.08
144491,-12.97,0.08
144492,-13.05,0.08
144493,-12.95,0.08
144494,-13,0.08
144495,-12.91,0.08
144496,-12.92,0.08
144497,-12.97,0.08
144498,-13.03,0.08
144499,-12.99,0.08
144500,-12.95,0.08
144501,-12.95,0.08
144502,-12.96,0.08
144503,-12.91,0.08
144504,-12.9,0.08
144505,-12.93,0.08
144506,-12.68,0.08
144507,-12.69,0.08
144508,-12.77,0.08
144509,-12.87,0.08
144510,-12.93,0.08
144511,-12.97,0.08
144512,-12.91,0.08
144513,-12.82,0.08
144514,-12.73,0.08
144515,-12.67,0.08
144516,-12.67,0.08
144517,-12.57,0.08
144518,-12.53,0.08
144519,-12.53,0.08
144520,-12.49,0.08
144521,-12.64,0.08
144522,-12.54,0.08
144523,-12.52,0.08
144524,-12.4,0.08
144525,-12.4,0.08
144526,-12.38,0.08
144527,-12.62,0.08
144528,-12.3,0.08
144529,-12.19,0.08
144530,-12.53,0.08
144531,-12.64,0.08
144532,-12.72,0.08
144533,-12.66,0.08
144534,-12.55,0.08
144535,-12.49,0.08
144536,-12.44,0.08
144537,-12.48,0.08
144538,-12.56,0.08
144539,-12.6,0.08
144540,-12.5,0.08
144541,-12.63,0.08
144542,-12.47,0.08
144543,-12.5,0.08
144544,-12.58,0.08
144545,-12.76,0.08
144546,-12.64,0.08
144547,-12.64,0.08
144548,-12.66,0.08
144549,-12.62,0.08
144550,-12.57,0.08
144551,-12.57,0.08
144552,-12.44,0.08
144553,-12.34,0.08
144554,-12.35,0.08
144555,-12.62,0.08
144556,-12.81,0.08
144557,-13.14,0.08
144558,-13.24,0.08
144559,-13.16,0.08
144560,-13.04,0.08
144561,-12.79,0.08
144562,-12.68,0.08
144563,-12.41,0.08
144564,-12.22,0.08
144565,-12.01,0.08
144566,-11.89,0.08
144567,-11.8,0.08
144568,-11.69,0.08
144569,-11.5,0.08
144570,-11.5,0.08
144571,-11.32,0.08
144572,-11.34,0.08
144573,-11.12,0.08
144574,-11.02,0.08
144575,-11.08,0.08
144576,-10.81,0.08
144577,-10.69,0.08
144578,-10.79,0.08
144579,-10.69,0.08
144580,-10.68,0.08
144581,-10.52,0.08
144582,-10.67,0.08
144583,-10.56,0.08
144584,-10.58,0.08
144585,-10.51,0.08
144586,-10.52,0.08
144587,-10.5,0.08
144588,-10.41,0.08
144589,-10.45,0.08
144590,-10.49,0.08
144591,-10.47,0.08
144592,-10.33,0.08
144593,-10.28,0.08
144594,-10.36,0.08
144595,-10.31,0.08
144596,-10.22,0.08
144597,-10.26,0.08
144598,-10.28,0.08
144599,-10.21,0.08
144600,-10.17,0.08
144601,-10.14,0.08
144602,-10.17,0.08
144603,-10.16,0.08
144604,-10.09,0.08
144605,-10.32,0.08
144606,-10.23,0.08
144607,-10.23,0.08
144608,-10.18,0.08
144609,-10.21,0.08
144610,-10.34,0.08
144611,-10.23,0.08
144612,-10.17,0.08
144613,-10.12,0.08
144614,-10.16,0.08
144615,-10.14,0.08
144616,-10.1,0.08
144617,-10.07,0.08
144618,-10.08,0.08
144619,-10.06,0.08
144620,-10.01,0.08
144621,-10.1,0.08
144622,-9.99,0.08
144623,-9.97,0.08
144624,-10.04,0.08
144625,-9.89,0.08
144626,-9.89,0.08
144627,-9.97,0.08
144628,-9.99,0.08
144629,-9.89,0.08
144630,-9.8,0.08
144631,-9.85,0.08
144632,-9.82,0.08
144633,-9.81,0.08
144634,-9.81,0.08
144635,-9.88,0.08
144636,-9.8,0.08
144637,-9.71,0.08
144638,-9.71,0.08
144639,-9.71,0.08
144640,-9.67,0.08
144641,-9.68,0.08
144642,-9.73,0.08
144643,-9.61,0.08
144644,-9.65,0.08
144645,-9.56,0.08
144646,-9.56,0.08
144647,-9.62,0.08
144648,-9.72,0.08
144649,-9.59,0.08
144650,-9.65,0.08
144651,-9.62,0.08
144652,-9.67,0.08
144653,-9.57,0.08
144654,-9.61,0.08
144655,-9.6,0.08
144656,-9.61,0.08
144657,-9.64,0.08
144658,-9.66,0.08
144659,-9.54,0.08
144660,-9.6,0.08
144661,-9.52,0.08
144662,-9.55,0.08
144663,-9.52,0.08
144664,-9.42,0.08
144665,-9.53,0.08
144666,-9.34,0.08
144667,-9.42,0.08
144668,-9.35,0.08
144669,-9.34,0.08
144670,-9.34,0.08
144671,-9.54,0.08
144672,-9.39,0.08
144673,-9.42,0.08
144674,-9.14,0.08
144675,-9.09,0.08
144676,-9.02,0.08
144677,-8.92,0.08
144678,-8.87,0.08
144679,-8.9,0.08
144680,-8.92,0.08
144681,-8.88,0.08
144682,-8.75,0.08
144683,-8.93,0.08
144684,-9.01,0.08
144685,-8.78,0.08
144686,-8.88,0.08
144687,-8.93,0.08
144688,-9.2,0.08
144689,-9.18,0.08
144690,-9.26,0.08
144691,-9.37,0.08
144692,-9.23,0.08
144693,-9.29,0.08
144694,-9.17,0.08
144695,-9.19,0.08
144696,-9.33,0.08
144697,-9.44,0.08
144698,-9.42,0.08
144699,-9.35,0.08
144700,-9.41,0.08
144701,-9.43,0.08
144702,-9.41,0.08
144703,-9.52,0.08
144704,-9.46,0.08
144705,-9.64,0.08
144706,-9.35,0.08
144707,-9.37,0.08
144708,-9.23,0.08
144709,-9.35,0.08
144710,-9.32,0.08
144711,-9.36,0.08
144712,-9.39,0.08
144713,-9.29,0.08
144714,-9.4,0.08
144715,-9.51,0.08
144716,-9.49,0.08
144717,-9.34,0.08
144718,-9.27,0.08
144719,-9.47,0.08
144720,-9.4,0.08
144721,-9.35,0.08
144722,-9.34,0.08
144723,-9.34,0.08
144724,-9.55,0.08
144725,-9.65,0.08
144726,-9.75,0.08
144727,-9.78,0.08
144728,-9.81,0.08
144729,-9.8,0.08
144730,-9.89,0.08
144731,-9.82,0.08
144732,-9.99,0.08
144733,-9.95,0.08
144734,-10,0.08
144735,-9.89,0.08
144736,-10.02,0.08
144737,-10.05,0.08
144738,-10.09,0.08
144739,-10.13,0.08
144740,-9.95,0.08
144741,-9.9,0.08
144742,-9.96,0.08
144743,-9.9,0.08
144744,-9.94,0.08
144745,-10.01,0.08
144746,-10.05,0.08
144747,-10.07,0.08
144748,-10.09,0.08
144749,-10.24,0.08
144750,-10.18,0.08
144751,-10.16,0.08
144752,-10.25,0.08
144753,-10.32,0.08
144754,-10.34,0.08
144755,-10.3,0.08
144756,-10.54,0.08
144757,-10.56,0.08
144758,-10.53,0.08
144759,-10.52,0.08
144760,-10.52,0.08
144761,-10.58,0.08
144762,-10.5,0.08
144763,-10.53,0.08
144764,-10.5,0.08
144765,-10.6,0.08
144766,-10.56,0.08
144767,-10.55,0.08
144768,-10.6,0.08
144769,-10.64,0.08
144770,-10.59,0.08
144771,-10.57,0.08
144772,-10.62,0.08
144773,-10.56,0.08
144774,-10.48,0.08
144775,-10.5,0.08
144776,-10.5,0.08
144777,-10.68,0.08
144778,-10.52,0.08
144779,-10.65,0.08
144780,-10.75,0.08
144781,-10.91,0.08
144782,-11.17,0.08
144783,-11.37,0.08
144784,-11.57,0.08
144785,-11.66,0.08
144786,-11.8,0.08
144787,-11.85,0.08
144788,-11.94,0.08
144789,-12.04,0.08
144790,-11.92,0.08
144791,-11.91,0.08
144792,-11.94,0.08
144793,-11.97,0.08
144794,-12.06,0.08
144795,-11.98,0.08
144796,-11.88,0.08
144797,-12,0.08
144798,-11.95,0.08
144799,-12.01,0.08
144800,-11.97,0.08
144801,-12.09,0.08
144802,-12.01,0.08
144803,-12.14,0.08
144804,-12.22,0.08
144805,-12.12,0.08
144806,-12.05,0.08
144807,-11.97,0.08
144808,-11.68,0.08
144809,-11.71,0.08
144810,-11.78,0.08
144811,-11.51,0.08
144812,-11.48,0.08
144813,-11.47,0.08
144814,-11.74,0.08
144815,-11.47,0.08
144816,-11.45,0.08
144817,-11.59,0.08
144818,-11.41,0.08
144819,-11.18,0.08
144820,-11.02,0.08
144821,-11.06,0.08
144822,-10.74,0.08
144823,-10.67,0.08
144824,-10.56,0.08
144825,-10.37,0.08
144826,-10.4,0.08
144827,-10.47,0.08
144828,-10.53,0.08
144829,-10.32,0.08
144830,-10.04,0.08
144831,-9.92,0.08
144832,-10.1,0.08
144833,-10.04,0.08
144834,-10.01,0.08
144835,-10.04,0.08
144836,-9.93,0.08
144837,-9.88,0.08
144838,-9.88,0.08
144839,-9.8,0.08
144840,-9.74,0.08
144841,-9.77,0.08
144842,-9.79,0.08
144843,-9.81,0.08
144844,-9.85,0.08
144845,-9.85,0.08
144846,-9.93,0.08
144847,-9.74,0.08
144848,-9.91,0.08
144849,-9.65,0.08
144850,-9.66,0.08
144851,-9.62,0.08
144852,-9.68,0.08
144853,-9.53,0.08
144854,-9.57,0.08
144855,-9.52,0.08
144856,-9.42,0.08
144857,-9.35,0.08
144858,-9.32,0.08
144859,-9.15,0.08
144860,-9.27,0.08
144861,-9.25,0.08
144862,-9.27,0.08
144863,-9.21,0.08
144864,-9.31,0.08
144865,-9.27,0.08
144866,-9.27,0.08
144867,-9.27,0.08
144868,-9.08,0.08
144869,-9.15,0.08
144870,-9,0.08
144871,-8.95,0.08
144872,-8.99,0.08
144873,-8.9,0.08
144874,-8.8,0.08
144875,-8.76,0.08
144876,-8.73,0.08
144877,-8.67,0.08
144878,-8.65,0.08
144879,-8.45,0.08
144880,-8.38,0.08
144881,-8.31,0.08
144882,-8.3,0.08
144883,-8.18,0.08
144884,-8.07,0.08
144885,-8.21,0.08
144886,-8.1,0.08
144887,-8.1,0.08
144888,-8.13,0.08
144889,-8.06,0.08
144890,-7.95,0.08
144891,-8.04,0.08
144892,-8.11,0.08
144893,-8.08,0.08
144894,-8.4,0.08
144895,-8.48,0.08
144896,-8.46,0.08
144897,-8.3,0.08
144898,-8.49,0.08
144899,-8.68,0.08
144900,-8.59,0.08
144901,-8.49,0.08
144902,-8.56,0.08
144903,-8.55,0.08
144904,-8.54,0.08
144905,-8.44,0.08
144906,-8.43,0.08
144907,-8.47,0.08
144908,-8.52,0.08
144909,-8.26,0.08
144910,-8.36,0.08
144911,-8.2,0.08
144912,-8.26,0.08
144913,-8.18,0.08
144914,-8.28,0.08
144915,-8.37,0.08
144916,-8.37,0.08
144917,-8.52,0.08
144918,-8.44,0.08
144919,-8.46,0.08
144920,-8.51,0.08
144921,-8.48,0.08
144922,-8.23,0.08
144923,-8.31,0.08
144924,-8.18,0.08
144925,-8.23,0.08
144926,-8.31,0.08
144927,-8.2,0.08
144928,-8.24,0.08
144929,-8.31,0.08
144930,-8.29,0.08
144931,-8.42,0.08
144932,-8.49,0.08
144933,-8.43,0.08
144934,-8.48,0.08
144935,-8.64,0.08
144936,-8.67,0.08
144937,-8.57,0.08
144938,-8.68,0.08
144939,-8.77,0.08
144940,-8.75,0.08
144941,-8.69,0.08
144942,-8.81,0.08
144943,-8.87,0.08
144944,-8.82,0.08
144945,-8.79,0.08
144946,-8.71,0.08
144947,-8.8,0.08
144948,-8.84,0.08
144949,-8.89,0.08
144950,-9.01,0.08
144951,-9.17,0.08
144952,-9.33,0.08
144953,-9.38,0.08
144954,-9.56,0.08
144955,-9.61,0.08
144956,-9.7,0.08
144957,-9.83,0.08
144958,-9.92,0.08
144959,-9.94,0.08
144960,-9.96,0.08
144961,-10.08,0.08
144962,-10.17,0.08
144963,-10.28,0.08
144964,-10.41,0.08
144965,-10.53,0.08
144966,-10.67,0.08
144967,-10.69,0.08
144968,-10.91,0.08
144969,-11.05,0.08
144970,-11.06,0.08
144971,-11.19,0.08
144972,-11.26,0.08
144973,-11.36,0.08
144974,-11.3,0.08
144975,-11.4,0.08
144976,-11.3,0.08
144977,-11.39,0.08
144978,-11.37,0.08
144979,-11.35,0.08
144980,-11.27,0.08
144981,-11.37,0.08
144982,-11.47,0.08
166942,-9.167,0.06
166943,-9.313,0.06
166944,-9.346,0.06
166945,-9.129,0.06
166946,-9.174,0.06
166947,-9.071,0.06
166948,-9.266,0.06
166949,-9.203,0.06
166950,-9.219,0.06
166951,-9.184,0.06
166952,-9.186,0.06
166953,-9.108,0.06
166954,-9.183,0.06
166955,-9.259,0.06
166956,-9.224,0.06
166957,-9.128,0.06
166958,-9.153,0.06
166959,-10.216,0.06
166960,-10.475,0.06
166961,-10.519,0.06
166962,-10.346,0.06
166963,-10.381,0.06
166964,-10.471,0.06
166965,-10.389,0.06
166966,-10.423,0.06
166967,-10.504,0.06
166968,-10.367,0.06
166969,-10.354,0.06
166970,-10.41,0.06
166971,-10.346,0.06
166972,-10.552,0.06
166973,-10.196,0.06
166974,-10.389,0.06
166975,-10.233,0.06
166976,-10.34,0.06
166977,-10.337,0.06
166978,-10.485,0.06
166979,-10.572,0.06
166980,-10.322,0.06
166981,-10.381,0.06
166982,-10.319,0.06
166983,-10.454,0.06
166984,-10.419,0.06
166985,-10.468,0.06
166986,-10.785,0.06
166987,-10.718,0.06
166988,-10.614,0.06
166989,-10.669,0.06
166990,-10.384,0.06
166991,-10.62,0.06
166992,-10.595,0.06
166993,-10.599,0.06
166994,-10.513,0.06
166995,-10.407,0.06
166996,-10.595,0.06
166997,-10.659,0.06
166998,-10.627,0.06
166999,-10.562,0.06
167000,-10.589,0.06
167001,-10.752,0.06
167002,-10.674,0.06
167003,-10.549,0.06
167004,-10.436,0.06
167005,-10.401,0.06
167006,-10.444,0.06
167007,-10.513,0.06
167008,-10.529,0.06
167009,-10.462,0.06
167010,-10.464,0.06
167011,-10.122,0.06
167012,-10.21,0.06
167013,-10.353,0.06
167014,-10.699,0.06
167015,-10.436,0.06
167016,-10.251,0.06
167017,-10.37,0.06
167018,-10.29,0.06
167019,-10.163,0.06
167020,-10.217,0.06
167021,-10.269,0.06
167022,-10.456,0.06
167023,-10.474,0.06
167024,-10.651,0.06
167025,-10.512,0.06
167026,-10.348,0.06
167027,-10.547,0.06
167028,-10.335,0.06
167029,-10.495,0.06
167030,-10.58,0.06
167031,-10.518,0.06
167032,-10.472,0.06
167033,-10.502,0.06
167034,-10.408,0.06
167035,-10.51,0.06
167036,-10.218,0.06
167037,-10.419,0.06
167038,-10.579,0.06
167039,-10.413,0.06
167040,-10.585,0.06
167041,-10.414,0.06
167042,-10.301,0.06
167043,-10.544,0.06
167044,-10.494,0.06
167045,-10.211,0.06
167046,-10.297,0.06
167047,-10.3,0.06
167048,-10.223,0.06
167049,-10.355,0.06
167050,-10.38,0.06
167051,-10.222,0.06
167052,-10.625,0.06
167053,-10.583,0.06
167054,-10.37,0.06
167055,-10.214,0.06
167056,-10.498,0.06
167057,-10.452,0.06
167058,-10.656,0.06
167059,-10.558,0.06
167060,-10.636,0.06
167061,-10.571,0.06
167062,-10.544,0.06
167063,-10.619,0.06
167064,-10.638,0.06
167065,-10.555,0.06
167066,-10.493,0.06
167067,-10.748,0.06
167068,-10.826,0.06
167069,-10.687,0.06
167070,-10.459,0.06
167071,-10.55,0.06
167072,-10.454,0.06
167073,-10.587,0.06
167074,-10.593,0.06
167075,-10.536,0.06
167076,-10.449,0.06
167077,-10.343,0.06
167078,-10.661,0.06
167079,-10.558,0.06
167080,-10.606,0.06
167081,-10.544,0.06
167082,-10.529,0.06
167083,-10.546,0.06
167084,-10.668,0.06
167085,-10.408,0.06
167086,-10.445,0.06
167087,-10.108,0.06
167088,-10.443,0.06
167089,-10.466,0.06
167090,-10.325,0.06
167091,-10.487,0.06
167092,-10.422,0.06
167093,-10.476,0.06
167094,-10.402,0.06
167095,-10.424,0.06
167096,-10.542,0.06
167097,-10.478,0.06
167098,-10.452,0.06
167099,-10.68,0.06
167100,-10.307,0.06
167101,-10.268,0.06
167102,-10.471,0.06
167103,-10.38,0.06
167104,-10.296,0.06
167105,-10.311,0.06
167106,-10.346,0.06
167107,-10.226,0.06
167108,-10.378,0.06
167109,-10.108,0.06
167110,-10.229,0.06
167111,-10.307,0.06
167112,-10.423,0.06
167113,-10.158,0.06
167114,-10.478,0.06
167115,-10.329,0.06
167116,-10.482,0.06
167117,-10.543,0.06
167118,-10.493,0.06
167119,-10.542,0.06
167120,-10.406,0.06
167121,-10.142,0.06
167122,-10.189,0.06
167123,-10.147,0.06
167124,-10.37,0.06
167125,-10.489,0.06
167126,-10.477,0.06
167127,-10.269,0.06
167128,-10.473,0.06
167129,-10.538,0.06
167130,-10.536,0.06
167131,-10.025,0.06
167132,-10.143,0.06
167133,-10.095,0.06
167134,-9.951,0.06
167135,-9.953,0.06
167136,-10.143,0.06
167137,-9.835,0.06
167138,-10.153,0.06
167139,-10.375,0.06
167140,-10.208,0.06
167141,-9.956,0.06
167142,-10.231,0.06
167143,-10.186,0.06
167144,-10.155,0.06
167145,-10.259,0.06
167146,-10.049,0.06
167147,-10.001,0.06
167148,-10.01,0.06
167149,-10.201,0.06
167150,-10.156,0.06
167151,-10.408,0.06
167152,-10.065,0.06
167153,-9.954,0.06
167154,-10.064,0.06
167155,-10.064,0.06
167156,-9.934,0.06
167157,-9.647,0.06
167158,-10.06,0.06
167159,-9.94,0.06
167160,-9.907,0.06
167161,-9.867,0.06
167162,-9.901,0.06
167163,-9.898,0.06
167164,-10.025,0.06
167165,-9.861,0.06
167166,-9.832,0.06
167167,-9.635,0.06
167168,-9.789,0.06
167169,-9.753,0.06
167170,-9.672,0.06
167171,-9.625,0.06
167172,-9.987,0.06
167173,-9.678,0.06
167174,-9.579,0.06
167175,-9.815,0.06
167176,-9.631,0.06
167177,-9.578,0.06
167178,-9.532,0.06
167179,-9.403,0.06
167180,-9.416,0.06
167181,-9.279,0.06
167182,-9.37,0.06
167183,-9.417,0.06
167184,-9.382,0.06
167185,-9.228,0.06
167186,-9.166,0.06
167187,-9.287,0.06
167188,-9.222,0.06
167189,-9.107,0.06
167190,-9.254,0.06
167191,-8.932,0.06
167192,-9.084,0.06
167193,-8.63,0.06
167194,-8.501,0.06
167195,-8.396,0.06
167196,-8.33,0.06
167197,-8.176,0.06
167198,-8.947,0.06
167199,-8.616,0.06
167200,-8.802,0.06
167201,-8.814,0.06
167202,-8.9,0.06
167203,-9.047,0.06
167204,-8.956,0.06
167205,-8.896,0.06
167206,-8.949,0.06
167207,-9.106,0.06
167208,-8.932,0.06
167209,-9.044,0.06
167210,-8.848,0.06
167211,-8.936,0.06
167212,-8.807,0.06
167213,-8.942,0.06
167214,-8.952,0.06
167215,-8.957,0.06
167216,-8.92,0.06
167217,-9.091,0.06
167218,-9.165,0.06
167219,-9.026,0.06
167220,-9.01,0.06
167221,-8.859,0.06
167222,-8.975,0.06
167223,-9.146,0.06
167224,-9.143,0.06
167225,-9.13,0.06
167226,-8.943,0.06
167227,-9.258,0.06
167228,-9.052,0.06
167229,-9.14,0.06
167230,-9.066,0.06
167231,-9.071,0.06
167232,-8.917,0.06
167233,-9.032,0.06
167234,-8.951,0.06
167235,-8.955,0.06
167236,-9.077,0.06
167237,-9.042,0.06
167238,-8.988,0.06
167239,-9.333,0.06
167240,-9.314,0.06
167241,-9.069,0.06
167242,-8.928,0.06
167243,-8.763,0.06
167244,-9.117,0.06
167245,-9.131,0.06
167246,-9.063,0.06
167247,-9.065,0.06
167248,-9.255,0.06
167249,-9.033,0.06
167250,-8.997,0.06
167251,-8.877,0.06
167252,-9.157,0.06
167253,-9.122,0.06
167254,-8.997,0.06
167255,-8.954,0.06
167256,-9.179,0.06
167257,-8.958,0.06
167258,-9.044,0.06
167259,-9.044,0.06
167260,-9.143,0.06
167261,-9.061,0.06
167262,-9.138,0.06
167263,-9.113,0.06
167264,-9.023,0.06
167265,-8.81,0.06
167266,-8.864,0.06
167267,-8.914,0.06
167268,-9.023,0.06
167269,-9.101,0.06
167270,-8.969,0.06
167271,-8.968,0.06
167272,-9.17,0.06
167273,-9.071,0.06
167274,-9.209,0.06
167275,-9.308,0.06
167276,-9.322,0.06
167277,-9.362,0.06
167278,-8.862,0.06
167279,-9.143,0.06
167280,-9.153,0.06
167281,-9.351,0.06
167282,-9.438,0.06
167283,-9.185,0.06
167284,-9.268,0.06
167285,-9.46,0.06
167286,-9.055,0.06
167287,-9.267,0.06
167288,-8.845,0.06
167289,-9.054,0.06
167290,-8.858,0.06
167291,-8.994,0.06
167292,-9.017,0.06
167293,-8.948,0.06
167294,-8.857,0.06
167295,-9.129,0.06
167296,-9.238,0.06
167297,-9.387,0.06
167298,-9.078,0.06
167299,-9.17,0.06
167300,-9.361,0.06
167301,-9.037,0.06
167302,-9.41,0.06
167303,-9.267,0.06
167304,-9.264,0.06
167305,-9.276,0.06
167306,-9.362,0.06
167307,-9.323,0.06
167308,-9.245,0.06
167309,-9.278,0.06
167310,-9.497,0.06
167311,-9.314,0.06
167312,-9.232,0.06
167313,-9.838,0.06
167314,-9.188,0.06
167315,-9.574,0.06
167316,-9.517,0.06
167317,-9.56,0.06
167318,-9.067,0.06
167319,-9.253,0.06
167320,-9.693,0.06
167321,-9.399,0.06
167322,-9.72,0.06
167323,-9.012,0.06
167324,-9.198,0.06
167325,-9.283,0.06
167326,-9.197,0.06
167327,-8.989,0.06
167328,-9.227,0.06
167329,-9.274,0.06
167330,-9.583,0.06
167331,-9.786,0.06
167332,-9.483,0.06
167333,-9.767,0.06
167334,-9.454,0.06
167335,-9.83,0.06
167336,-9.508,0.06
167337,-9.607,0.06
167338,-9.619,0.06
167339,-9.45,0.06
167340,-9.348,0.06
167341,-9.488,0.06
167342,-9.498,0.06
167343,-9.451,0.06
167344,-9.487,0.06
167345,-9.331,0.06
167346,-9.518,0.06
167347,-9.536,0.06
167348,-9.333,0.06
167349,-9.511,0.06
167350,-9.244,0.06
167351,-9.509,0.06
167352,-9.43,0.06
167353,-9.439,0.06
167354,-9.266,0.06
167355,-9.42,0.06
167356,-9.34,0.06
167357,-9.688,0.06
167358,-9.679,0.06
167359,-9.651,0.06
167360,-9.655,0.06
167361,-9.669,0.06
167362,-9.775,0.06
167363,-9.732,0.06
167364,-9.781,0.06
167365,-9.882,0.06
167366,-9.8,0.06
167367,-9.821,0.06
167368,-9.896,0.06
167369,-9.853,0.06
167370,-9.824,0.06
167371,-9.793,0.06
167372,-9.892,0.06
167373,-9.79,0.06
167374,-9.827,0.06
167375,-9.739,0.06
167376,-9.5,0.06
167377,-9.656,0.06
167378,-9.83,0.06
167379,-9.977,0.06
167380,-9.864,0.06
167381,-9.802,0.06
167382,-9.855,0.06
167383,-9.608,0.06
167384,-9.758,0.06
167385,-9.902,0.06
167386,-9.822,0.06
167387,-9.708,0.06
167388,-9.878,0.06
167389,-9.849,0.06
167390,-9.746,0.06
167391,-9.801,0.06
167392,-9.653,0.06
167393,-9.912,0.06
167394,-9.967,0.06
167395,-9.607,0.06
167396,-9.711,0.06
167397,-9.556,0.06
167398,-9.506,0.06
167399,-9.59,0.06
167400,-9.758,0.06
167401,-9.907,0.06
167402,-9.939,0.06
167403,-9.832,0.06
167404,-9.909,0.06
167405,-9.674,0.06
167406,-9.886,0.06
167407,-9.953,0.06
167408,-9.959,0.06
167409,-9.952,0.06
167410,-9.992,0.06
167411,-9.986,0.06
167412,-9.875,0.06
167413,-10.03,0.06
167414,-9.949,0.06
167415,-9.977,0.06
167416,-10.026,0.06
167417,-10.071,0.06
167418,-9.862,0.06
167419,-9.779,0.06
167420,-10.083,0.06
167421,-10.121,0.06
167422,-9.995,0.06
167423,-9.897,0.06
167424,-9.966,0.06
167425,-9.907,0.06
167426,-10.031,0.06
167427,-10.021,0.06
167428,-10.009,0.06
167429,-10.029,0.06
167430,-9.923,0.06
167431,-10,0.06
167432,-10.048,0.06
167433,-10.009,0.06
167434,-9.972,0.06
167435,-10.086,0.06
167436,-10.003,0.06
167437,-9.924,0.06
167438,-10.001,0.06
167439,-9.987,0.06
167440,-10.011,0.06
167441,-9.898,0.06
167442,-10.018,0.06
167443,-10.053,0.06
167444,-10.161,0.06
167445,-9.83,0.06
167446,-10.077,0.06
167447,-10.05,0.06
167448,-10.184,0.06
167449,-10.304,0.06
167450,-10.399,0.06
167451,-10.312,0.06
167452,-10.159,0.06
167453,-10.288,0.06
167454,-10.302,0.06
167455,-10.167,0.06
167456,-10.155,0.06
167457,-8.696,0.06
167458,-8.94,0.06
167459,-9.196,0.06
167460,-9.078,0.06
167461,-9.105,0.06
167462,-9.106,0.06
167463,-9.012,0.06
167464,-9.109,0.06
167465,-9.127,0.06
167466,-9.011,0.06
167467,-9.134,0.06
167468,-9.066,0.06
167469,-9.069,0.06
167470,-9.243,0.06
167471,-9.139,0.06
167472,-9.221,0.06
167473,-8.971,0.06
167474,-9.12,0.06
167475,-8.913,0.06
167476,-9.118,0.06
167477,-8.994,0.06
167478,-9.098,0.06
167479,-9.155,0.06
167480,-9.218,0.06
167481,-9.372,0.06
167482,-9.325,0.06
167483,-9.229,0.06
167484,-9.248,0.06
167485,-9.375,0.06
167486,-9.359,0.06
167487,-9.313,0.06
167488,-9.338,0.06
167489,-9.309,0.06
167490,-9.3,0.06
167491,-9.195,0.06
167492,-9.295,0.06
167493,-9.255,0.06
167494,-9.31,0.06
167495,-9.246,0.06
167496,-9.293,0.06
167497,-9.287,0.06
167498,-9.42,0.06
167499,-9.42,0.06
167500,-9.352,0.06
167501,-9.371,0.06
167502,-9.35,0.06
167503,-9.472,0.06
167504,-9.553,0.06
167505,-9.462,0.06
167506,-9.547,0.06
167507,-9.607,0.06
167508,-9.592,0.06
167509,-9.665,0.06
167510,-9.74,0.06
167511,-9.703,0.06
167512,-9.637,0.06
167513,-9.582,0.06
167514,-9.631,0.06
167515,-9.631,0.06
167516,-9.563,0.06
167517,-9.683,0.06
167518,-9.658,0.06
167519,-9.893,0.06
167520,-9.709,0.06
167521,-9.912,0.06
167522,-9.887,0.06
167523,-9.83,0.06
167524,-10.106,0.06
167525,-10.037,0.06
167526,-9.996,0.06
167527,-10.012,0.06
167528,-9.599,0.06
167529,-10.094,0.06
167530,-10.121,0.06
167531,-10.107,0.06
167532,-9.962,0.06
167533,-9.897,0.06
167534,-10.161,0.06
167535,-10.232,0.06
167536,-10.303,0.06
167537,-10.286,0.06
167538,-10.141,0.06
167539,-10.301,0.06
167540,-10.454,0.06
167541,-10.317,0.06
167542,-10.393,0.06
167543,-10.164,0.06
167544,-10.245,0.06
167545,-10.254,0.06
167546,-10.288,0.06
167547,-10.234,0.06
167548,-10.271,0.06
167549,-10.274,0.06
167550,-10.176,0.06
167551,-10.431,0.06
167552,-10.288,0.06
167553,-10.332,0.06
167554,-10.384,0.06
167555,-10.293,0.06
167556,-10.232,0.06
167557,-10.42,0.06
167558,-10.362,0.06
167559,-10.503,0.06
167560,-10.475,0.06
167561,-10.539,0.06
167562,-10.499,0.06
167563,-10.313,0.06
167564,-10.51,0.06
167565,-10.5,0.06
167566,-10.647,0.06
167567,-10.7,0.06
167568,-10.583,0.06
167569,-10.623,0.06
167570,-10.587,0.06
167571,-10.496,0.06
167572,-10.296,0.06
167573,-10.307,0.06
167574,-10.477,0.06
167575,-10.591,0.06
167576,-10.472,0.06
167577,-10.62,0.06
167578,-10.696,0.06
167579,-10.589,0.06
167580,-10.683,0.06
167581,-10.619,0.06
167582,-10.745,0.06
167583,-10.604,0.06
167584,-10.707,0.06
167585,-10.501,0.06
167586,-10.393,0.06
167587,-10.411,0.06
167588,-10.492,0.06
167589,-10.641,0.06
167590,-10.585,0.06
167591,-10.489,0.06
167592,-10.358,0.06
167593,-10.417,0.06
167594,-10.35,0.06
167595,-10.302,0.06
167596,-10.11,0.06
167597,-10.369,0.06
167598,-10.343,0.06
167599,-10.382,0.06
167600,-10.45,0.06
167601,-10.484,0.06
167602,-10.495,0.06
167603,-10.371,0.06
167604,-10.427,0.06
167605,-10.448,0.06
167606,-10.518,0.06
167607,-8.72,0.06
167608,-8.87,0.06
167609,-8.786,0.06
167610,-8.51,0.06
167611,-8.401,0.06
167612,-8.73,0.06
167613,-8.441,0.06
167614,-8.025,0.06
167615,-8.571,0.06
167616,-8.597,0.06
167617,-8.64,0.06
167618,-8.585,0.06
167619,-8.652,0.06
167620,-8.615,0.06
167621,-8.383,0.06
167622,-8.301,0.06
167623,-8.714,0.06
167624,-8.646,0.06
167625,-8.147,0.06
167626,-8.672,0.06
167627,-8.614,0.06
167628,-8.879,0.06
167629,-8.646,0.06
167630,-8.583,0.06
167631,-8.821,0.06
167632,-8.663,0.06
167633,-8.661,0.06
167634,-8.762,0.06
167635,-8.198,0.06
167636,-8.888,0.06
167637,-8.684,0.06
167638,-8.556,0.06
167639,-8.35,0.06
167640,-8.929,0.06
167641,-8.608,0.06
167642,-8.783,0.06
167643,-8.803,0.06
167644,-8.986,0.06
167645,-8.697,0.06
167646,-8.516,0.06
167647,-8.752,0.06
167648,-8.986,0.06
167649,-8.625,0.06
167650,-8.92,0.06
167651,-8.842,0.06
167652,-8.91,0.06
167653,-9.057,0.06
167654,-8.938,0.06
167655,-8.829,0.06
167656,-8.916,0.06
167657,-8.436,0.06
167658,-8.714,0.06
167659,-8.73,0.06
167660,-9.284,0.06
167661,-8.97,0.06
167662,-9.169,0.06
167663,-9.061,0.06
167664,-9.13,0.06
167665,-8.804,0.06
167666,-8.996,0.06
167667,-8.523,0.06
167668,-9.056,0.06
167669,-8.946,0.06
167670,-8.959,0.06
167671,-8.558,0.06
167672,-9.143,0.06
167673,-8.887,0.06
167674,-8.932,0.06
167675,-8.888,0.06
167676,-8.968,0.06
167677,-9.131,0.06
167678,-9.198,0.06
167679,-9.025,0.06
167680,-9.2,0.06
167681,-9.04,0.06
167682,-8.817,0.06
167683,-9.31,0.06
167684,-9.492,0.06
167685,-9.17,0.06
167686,-9.318,0.06
167687,-9.24,0.06
167688,-9.212,0.06
167689,-9.264,0.06
167690,-9.46,0.06
167691,-9.389,0.06
167692,-9.33,0.06
167693,-9.229,0.06
167694,-8.813,0.06
167695,-9.281,0.06
167696,-9.295,0.06
167697,-9.226,0.06
167698,-8.848,0.06
167699,-9.139,0.06
167700,-9.293,0.06
167701,-9.116,0.06
167702,-9.1,0.06
167703,-9.364,0.06
167704,-9.114,0.06
167705,-9.269,0.06
167706,-9.415,0.06
167707,-9.254,0.06
167708,-9.306,0.06
167709,-9.247,0.06
167710,-9.28,0.06
167711,-9.373,0.06
167712,-9.276,0.06
167713,-9.218,0.06
167714,-9.486,0.06
167715,-9.347,0.06
167716,-9.287,0.06
167717,-9.248,0.06
167718,-9.106,0.06
167719,-9.256,0.06
167720,-9.359,0.06
167721,-9.437,0.06
167722,-9.493,0.06
167723,-9.403,0.06
167724,-9.485,0.06
167725,-9.408,0.06
167726,-9.498,0.06
167727,-9.445,0.06
167728,-9.674,0.06
167729,-9.372,0.06
167730,-9.617,0.06
167731,-9.44,0.06
167732,-9.543,0.06
167733,-9.575,0.06
167734,-9.579,0.06
167735,-9.634,0.06
167736,-9.555,0.06
167737,-9.559,0.06
167738,-9.625,0.06
167739,-9.549,0.06
167740,-9.861,0.06
167741,-9.62,0.06
167742,-9.489,0.06
167743,-9.704,0.06
167744,-9.85,0.06
167745,-9.643,0.06
167746,-9.762,0.06
167747,-9.694,0.06
167748,-9.88,0.06
167749,-9.643,0.06
167750,-9.561,0.06
167751,-9.743,0.06
167752,-9.953,0.06
167753,-9.724,0.06
167754,-9.785,0.06
167755,-9.7,0.06
167756,-9.734,0.06
167757,-9.589,0.06
167758,-9.67,0.06
167759,-9.724,0.06
167760,-9.698,0.06
167761,-9.777,0.06
167762,-9.626,0.06
167763,-9.511,0.06
167764,-9.48,0.06
167765,-9.614,0.06
167766,-9.765,0.06
167767,-9.819,0.06
167768,-10.019,0.06
167769,-9.821,0.06
167770,-9.718,0.06
167771,-9.751,0.06
167772,-9.892,0.06
167773,-9.737,0.06
167774,-9.73,0.06
167775,-9.871,0.06
167776,-10.077,0.06
167777,-9.37,0.06
167778,-9.939,0.06
167779,-10.033,0.06
167780,-10.059,0.06
167781,-9.709,0.06
167782,-10.002,0.06
167783,-9.515,0.06
167784,-10.066,0.06
167785,-9.844,0.06
167786,-9.795,0.06
167787,-9.976,0.06
167788,-9.977,0.06
167789,-9.403,0.06
167790,-10.125,0.06
167791,-9.619,0.06
167792,-9.918,0.06
167793,-9.469,0.06
167794,-9.85,0.06
167795,-9.999,0.06
167796,-10.175,0.06
167797,-10.135,0.06
167798,-10.228,0.06
167799,-10.388,0.06
167800,-10.234,0.06
167801,-9.887,0.06
167802,-10.097,0.06
167803,-9.63,0.06
167804,-10.358,0.06
167805,-9.938,0.06
167806,-10.338,0.06
167807,-10.445,0.06
167808,-9.857,0.06
167809,-10.28,0.06
167810,-10.313,0.06
167811,-10.178,0.06
167812,-10.343,0.06
167813,-10.29,0.06
167814,-9.776,0.06
167815,-10.338,0.06
167816,-10.259,0.06
167817,-10.392,0.06
167818,-10.143,0.06
167819,-10.326,0.06
167820,-10.446,0.06
167821,-10.334,0.06
167822,-10.45,0.06
167823,-10.262,0.06
167824,-10.23,0.06
167825,-10.422,0.06
167826,-10.439,0.06
167827,-10.383,0.06
167828,-10.483,0.06
167829,-10.383,0.06
167830,-10.366,0.06
167831,-10.317,0.06
167832,-10.382,0.06
167833,-10.338,0.06
167834,-10.419,0.06
167835,-10.362,0.06
167836,-10.444,0.06
167837,-10.332,0.06
167838,-10.387,0.06
167839,-10.468,0.06
167840,-10.261,0.06
167841,-10.358,0.06
167842,-10.408,0.06
167843,-10.406,0.06
167844,-10.44,0.06
167845,-10.32,0.06
167846,-10.25,0.06
167847,-10.256,0.06
167848,-10.361,0.06
167849,-10.259,0.06
167850,-10.262,0.06
167851,-10.268,0.06
167852,-10.342,0.06
167853,-10.255,0.06
167854,-10.42,0.06
167855,-10.373,0.06
167856,-10.346,0.06
167857,-10.155,0.06
167858,-10.377,0.06
167859,-10.219,0.06
167860,-10.617,0.06
167861,-10.409,0.06
167862,-10.444,0.06
167863,-10.268,0.06
167864,-10.322,0.06
167865,-10.215,0.06
167866,-10.313,0.06
167867,-10.136,0.06
167868,-10.342,0.06
167869,-10.35,0.06
167870,-10.51,0.06
167871,-10.364,0.06
167872,-10.35,0.06
167873,-10.451,0.06
167874,-10.454,0.06
167875,-10.432,0.06
167876,-10.505,0.06
167877,-10.441,0.06
167878,-10.396,0.06
167879,-10.428,0.06
167880,-10.517,0.06
167881,-10.327,0.06
167882,-10.508,0.06
167883,-10.342,0.06
167884,-10.345,0.06
167885,-10.401,0.06
167886,-10.553,0.06
167887,-10.332,0.06
167888,-10.39,0.06
167889,-10.328,0.06
167890,-10.248,0.06
167891,-10.352,0.06
167892,-10.426,0.06
167893,-10.198,0.06
167894,-10.37,0.06
167895,-10.238,0.06
167896,-10.24,0.06
167897,-10.321,0.06
167898,-10.384,0.06
167899,-10.514,0.06
167900,-10.301,0.06
167901,-10.358,0.06
167902,-10.277,0.06
167903,-10.381,0.06
167904,-10.233,0.06
167905,-10.41,0.06
167906,-10.333,0.06
167907,-10.376,0.06
167908,-10.334,0.06
167909,-10.483,0.06
167910,-10.4,0.06
167911,-10.373,0.06
167912,-10.129,0.06
167913,-10.424,0.06
167914,-10.242,0.06
167915,-10.246,0.06
167916,-10.388,0.06
167917,-10.372,0.06
167918,-10.43,0.06
167919,-10.715,0.06
167920,-10.435,0.06
167921,-10.406,0.06
167922,-10.209,0.06
167923,-10.386,0.06
167924,-10.403,0.06
167925,-10.648,0.06
167926,-10.332,0.06
167927,-10.459,0.06
167928,-10.455,0.06
167929,-10.529,0.06
167930,-10.362,0.06
167931,-10.539,0.06
167932,-10.402,0.06
167933,-10.541,0.06
167934,-10.316,0.06
167935,-9.963,0.06
167936,-10.484,0.06
167937,-10.508,0.06
167938,-10.313,0.06
167939,-10.468,0.06
167940,-10.377,0.06
167941,-10.499,0.06
167942,-10.426,0.06
167943,-10.502,0.06
167944,-10.35,0.06
167945,-10.414,0.06
167946,-10.506,0.06
167947,-10.433,0.06
167948,-10.295,0.06
167949,-10.509,0.06
167950,-10.351,0.06
167951,-10.568,0.06
167952,-10.275,0.06
167953,-10.368,0.06
167954,-10.322,0.06
167955,-10.314,0.06
167956,-10.278,0.06
167957,-10.389,0.06
167958,-10.272,0.06
167959,-10.456,0.06
167960,-10.265,0.06
167961,-10.348,0.06
167962,-10.358,0.06
167963,-10.249,0.06
167964,-10.315,0.06
167965,-10.369,0.06
167966,-10.391,0.06
167967,-10.366,0.06
167968,-10.289,0.06
167969,-10.323,0.06
167970,-10.159,0.06
167971,-10.373,0.06
167972,-10.359,0.06
167973,-10.375,0.06
167974,-10.115,0.06
167975,-10.068,0.06
167976,-10.13,0.06
167977,-10.22,0.06
167978,-10.197,0.06
167979,-10.053,0.06
167980,-10.095,0.06
167981,-10.068,0.06
167982,-10.134,0.06
167983,-10.362,0.06
167984,-9.938,0.06
167985,-9.92,0.06
167986,-9.874,0.06
167987,-9.993,0.06
167988,-9.762,0.06
167989,-9.943,0.06
167990,-9.799,0.06
167991,-9.773,0.06
167992,-9.71,0.06
167993,-9.588,0.06
167994,-9.593,0.06
167995,-9.885,0.06
167996,-9.853,0.06
167997,-9.984,0.06
167998,-9.871,0.06
167999,-9.966,0.06
168000,-9.732,0.06
168001,-9.836,0.06
168002,-9.699,0.06
168003,-9.816,0.06
168004,-9.615,0.06
168005,-9.67,0.06
168006,-9.656,0.06
168007,-9.827,0.06
168008,-9.605,0.06
168009,-9.564,0.06
168010,-9.571,0.06
168011,-9.575,0.06
168012,-9.441,0.06
168013,-9.677,0.06
168014,-9.477,0.06
168015,-9.773,0.06
168016,-9.437,0.06
168017,-9.373,0.06
168018,-9.378,0.06
168019,-9.426,0.06
168020,-9.352,0.06
168021,-9.488,0.06
168022,-9.307,0.06
168023,-9.503,0.06
168024,-9.266,0.06
168025,-9.165,0.06
168026,-8.895,0.06
168027,-9.128,0.06
168028,-8.595,0.06
168029,-8.498,0.06
168030,-8.391,0.06
168031,-8.595,0.06
168032,-8.332,0.06
168033,-8.293,0.06
168034,-8.121,0.06
168035,-8.252,0.06
168036,-8.005,0.06
168037,-8.068,0.06
168038,-7.974,0.06
168039,-8.095,0.06
168040,-7.974,0.06
168041,-8.037,0.06
168042,-8,0.06
168043,-8.271,0.06
168044,-7.902,0.06
168045,-8.048,0.06
168046,-7.901,0.06
168047,-8.178,0.06
168048,-8.016,0.06
168049,-8.315,0.06
168050,-7.966,0.06
168051,-8.16,0.06
168052,-8.056,0.06
168053,-8.14,0.06
168054,-8.032,0.06
168055,-8.155,0.06
168056,-8.003,0.06
168057,-7.842,0.06
168058,-7.787,0.06
168059,-8.212,0.06
168060,-8.362,0.06
168061,-8.5,0.06
168062,-8.33,0.06
168063,-8.556,0.06
168064,-8.328,0.06
168065,-8.631,0.06
168066,-8.631,0.06
168067,-8.746,0.06
168068,-8.52,0.06
168069,-8.854,0.06
168070,-8.699,0.06
168071,-8.855,0.06
168072,-8.824,0.06
168073,-8.86,0.06
168074,-8.813,0.06
168075,-9.117,0.06
168076,-8.948,0.06
168077,-9.119,0.06
168078,-8.868,0.06
168079,-9.106,0.06
168080,-9.182,0.06
168081,-9.495,0.06
168082,-9.268,0.06
168083,-9.627,0.06
168084,-9.53,0.06
168085,-9.697,0.06
168086,-9.577,0.06
168087,-9.681,0.06
168088,-9.42,0.06
168089,-9.597,0.06
168090,-9.571,0.06
168091,-9.55,0.06
168092,-9.418,0.06
168093,-9.566,0.06
168094,-9.171,0.06
168095,-10.452,0.06
168096,-10.201,0.06
168097,-10.534,0.06
168098,-10.278,0.06
168099,-10.443,0.06
168100,-10.37,0.06
168101,-10.297,0.06
168102,-10.117,0.06
168103,-10.261,0.06
168104,-10.108,0.06
168105,-10.368,0.06
168106,-9.964,0.06
168107,-10.305,0.06
168108,-10.587,0.06
168109,-10.195,0.06
168110,-10.361,0.06
168111,-10.315,0.06
168112,-10.343,0.06
168113,-10.279,0.06
168114,-10.472,0.06
168115,-10.421,0.06
168116,-10.524,0.06
168117,-10.391,0.06
168118,-10.495,0.06
168119,-10.291,0.06
168120,-10.422,0.06
168121,-10.434,0.06
168122,-10.162,0.06
168123,-10.182,0.06
168124,-10.323,0.06
168125,-10.274,0.06
168126,-10.161,0.06
168127,-10.193,0.06
168128,-10.31,0.06
168129,-10.167,0.06
168130,-9.988,0.06
168131,-10.086,0.06
168132,-9.876,0.06
168133,-9.913,0.06
168134,-9.952,0.06
168135,-9.567,0.06
168136,-9.814,0.06
168137,-9.817,0.06
168138,-9.861,0.06
168139,-10.002,0.06
168140,-10.058,0.06
168141,-9.715,0.06
168142,-9.762,0.06
168143,-9.844,0.06
168144,-9.879,0.06
168145,-9.934,0.06
168146,-9.685,0.06
168147,-9.703,0.06
168148,-9.415,0.06
168149,-9.557,0.06
168150,-9.485,0.06
168151,-9.401,0.06
168152,-9.434,0.06
168153,-9.305,0.06
168154,-9.132,0.06
168155,-9.062,0.06
168156,-8.793,0.06
168157,-8.846,0.06
168158,-8.803,0.06
168159,-8.979,0.06
168160,-8.879,0.06
168161,-8.646,0.06
168162,-8.427,0.06
168163,-8.334,0.06
168164,-8.182,0.06
168165,-8.036,0.06
168166,-8.001,0.06
168167,-8.124,0.06
168168,-8.208,0.06
168169,-8.068,0.06
168170,-8.16,0.06
168171,-8.024,0.06
168172,-8.012,0.06
168173,-8.125,0.06
168174,-8.119,0.06
168175,-8.011,0.06
168176,-8.237,0.06
168177,-8.351,0.06
168178,-8.626,0.06
168179,-8.732,0.06
168180,-8.632,0.06
168181,-8.956,0.06
168182,-8.936,0.06
168183,-8.414,0.06
168184,-9.234,0.06
168185,-9.179,0.06
168186,-9.517,0.06
168187,-9.6,0.06
168188,-9.781,0.06
168189,-9.614,0.06
168190,-9.444,0.06
168191,-9.406,0.06
168192,-9.575,0.06
168193,-9.521,0.06
168194,-9.312,0.06
168195,-9.464,0.06
168196,-9.321,0.06
168197,-9.386,0.06
168198,-9.462,0.06
168199,-9.47,0.06
168200,-10.038,0.06
168201,-10.134,0.06
168202,-10.148,0.06
168203,-10.255,0.06
168204,-10.231,0.06
168205,-10.242,0.06
168206,-10.193,0.06
168207,-10.202,0.06
168208,-10.242,0.06
168209,-10.191,0.06
168210,-10.247,0.06
168211,-10.193,0.06
168212,-10.158,0.06
168213,-10.23,0.06
168214,-10.1,0.06
168215,-10.214,0.06
168216,-10.249,0.06
168217,-10.074,0.06
168218,-10.105,0.06
168219,-10.085,0.06
168220,-10.103,0.06
168221,-10.092,0.06
168222,-10.274,0.06
168223,-10.158,0.06
168224,-10.273,0.06
168225,-10.091,0.06
168226,-10.135,0.06
168227,-10.04,0.06
168228,-10.199,0.06
168229,-9.956,0.06
168230,-9.997,0.06
168231,-10.017,0.06
168232,-10.03,0.06
168233,-10.054,0.06
168234,-10.12,0.06
168235,-10.018,0.06
168236,-9.906,0.06
168237,-9.928,0.06
168238,-9.956,0.06
168239,-10.013,0.06
168240,-9.939,0.06
168241,-9.878,0.06
168242,-9.894,0.06
168243,-9.973,0.06
168244,-9.864,0.06
168245,-9.964,0.06
168246,-9.842,0.06
168247,-9.862,0.06
168248,-9.732,0.06
168249,-9.856,0.06
168250,-9.881,0.06
168251,-9.886,0.06
168252,-9.808,0.06
168253,-9.85,0.06
168254,-9.688,0.06
168255,-9.81,0.06
168256,-9.588,0.06
168257,-9.724,0.06
168258,-9.803,0.06
168259,-9.756,0.06
168260,-9.376,0.06
168261,-9.853,0.06
168262,-9.726,0.06
168263,-9.623,0.06
168264,-9.631,0.06
168265,-9.468,0.06
168266,-9.613,0.06
168267,-9.644,0.06
168268,-9.533,0.06
168269,-9.626,0.06
168270,-9.459,0.06
168271,-9.598,0.06
168272,-9.532,0.06
168273,-9.435,0.06
168274,-9.434,0.06
168275,-9.32,0.06
168276,-9.413,0.06
168277,-9.274,0.06
168278,-9.446,0.06
168279,-9.211,0.06
168280,-9.114,0.06
168281,-8.954,0.06
168282,-8.946,0.06
168283,-8.972,0.06
168284,-8.861,0.06
168285,-8.84,0.06
168286,-8.712,0.06
168287,-8.766,0.06
168288,-8.811,0.06
168289,-8.772,0.06
168290,-8.664,0.06
168291,-8.503,0.06
168292,-8.438,0.06
168293,-8.26,0.06
168294,-8.165,0.06
168295,-8.277,0.06
168296,-8.246,0.06
168297,-8.106,0.06
168298,-7.988,0.06
168299,-8.121,0.06
168300,-8.103,0.06
168301,-8.187,0.06
168302,-7.938,0.06
168303,-8.153,0.06
168304,-8.132,0.06
168305,-8.255,0.06
168306,-8.103,0.06
168307,-8.343,0.06
168308,-8.27,0.06
168309,-8.243,0.06
168310,-8.314,0.06
168311,-8.218,0.06
168312,-8.384,0.06
168313,-8.337,0.06
168314,-8.235,0.06
168315,-8.302,0.06
168316,-8.446,0.06
168317,-8.305,0.06
168318,-8.417,0.06
168319,-8.7,0.06
168320,-8.507,0.06
168321,-8.528,0.06
168322,-8.585,0.06
168323,-8.757,0.06
168324,-8.547,0.06
168325,-8.708,0.06
168326,-8.725,0.06
168327,-8.829,0.06
168328,-8.948,0.06
168329,-8.934,0.06
168330,-9.094,0.06
168331,-8.855,0.06
168332,-8.96,0.06
168333,-9.029,0.06
168334,-9.253,0.06
168335,-9.225,0.06
168336,-9.303,0.06
168337,-9.402,0.06
168338,-9.306,0.06
168339,-9.592,0.06
168340,-9.702,0.06
168341,-9.555,0.06
168342,-9.603,0.06
168343,-9.757,0.06
168344,-9.686,0.06
168345,-9.503,0.06
168346,-9.526,0.06
168347,-9.555,0.06
168348,-9.624,0.06
168349,-9.457,0.06
168350,-9.578,0.06
168351,-9.564,0.06
168352,-9.54,0.06
168353,-9.401,0.06
168354,-9.462,0.06
168355,-9.608,0.06
168356,-9.577,0.06
168357,-9.629,0.06
168358,-9.9,0.08
168359,-10.38,0.08
168360,-9.27,0.08
168361,-8.64,0.08
168362,-8.27,0.08
168363,-8.21,0.08
168364,-7.83,0.08
168365,-7.68,0.08
168366,-6.03,0.08
168367,-5.52,0.08
168368,-5.68,0.08
168369,-5.74,0.08
168370,-5.7,0.08
168371,-5.74,0.08
168372,-5.66,0.08
168373,-5.77,0.08
168374,-6.06,0.08
168375,-6.42,0.08
168376,-6.58,0.08
168377,-6.72,0.08
168378,-6.97,0.08
168379,-7.15,0.08
168380,-7.09,0.08
168381,-7.55,0.08
168382,-7.96,0.08
168383,-8.27,0.08
168384,-8.02,0.08
168385,-7.96,0.08
168386,-8.03,0.08
168387,-8.23,0.08
168388,-8.32,0.08
168389,-8.42,0.08
168390,-8.57,0.08
168391,-8.65,0.08
168392,-8.5,0.08
168393,-8.53,0.08
168394,-8.47,0.08
168395,-8.58,0.08
168396,-8.46,0.08
168397,-8.47,0.08
168398,-8.24,0.08
168399,-8.4,0.08
168400,-8.2,0.08
168401,-8.02,0.08
168402,-8.23,0.08
168403,-8.51,0.08
168404,-8.69,0.08
168405,-8.8,0.08
168406,-8.64,0.08
168407,-8.52,0.08
168408,-8.47,0.08
168409,-8.34,0.08
168410,-8.63,0.08
168411,-8.78,0.08
168412,-8.79,0.08
168413,-9.23,0.08
168414,-8.69,0.08
168415,-9.11,0.08
168416,-9.07,0.08
168417,-9.23,0.08
168418,-9.13,0.08
168419,-9.12,0.08
168420,-9.16,0.08
168421,-9.3,0.08
168422,-9.33,0.08
168423,-9.32,0.08
168424,-9.44,0.08
168425,-9.49,0.08
168426,-9.63,0.08
168427,-9.62,0.08
168428,-9.57,0.08
168429,-9.58,0.08
168430,-9.77,0.08
168431,-9.78,0.08
168432,-9.84,0.08
168433,-9.84,0.08
168434,-9.83,0.08
168435,-9.76,0.08
168436,-9.77,0.08
168437,-9.85,0.08
168438,-9.71,0.08
168439,-9.71,0.08
168440,-9.84,0.08
168441,-9.71,0.08
168442,-9.66,0.08
168443,-9.45,0.08
168444,-10.01,0.08
168445,-10.06,0.08
168446,-9.92,0.08
168447,-9.42,0.08
168448,-9.19,0.08
168449,-9.06,0.08
168450,-9.27,0.08
168451,-9.36,0.08
168452,-9.23,0.08
168453,-9.33,0.08
168454,-9.44,0.08
168455,-8.04,0.08
168456,-7.73,0.08
168457,-7.66,0.08
168458,-7.77,0.08
168459,-8.11,0.08
168460,-9.12,0.08
168461,-9,0.08
168462,-9.16,0.08
168463,-9.13,0.08
168464,-9.13,0.08
168465,-9.31,0.08
168466,-9.21,0.08
168467,-9.08,0.08
168468,-8.93,0.08
168469,-9.16,0.08
168470,-9.37,0.08
168471,-9.53,0.08
168472,-9.44,0.08
168473,-9.56,0.08
168474,-9.48,0.08
168475,-9.38,0.08
168476,-9.26,0.08
168477,-9.09,0.08
168478,-8.83,0.08
168479,-8.45,0.08
168480,-8.27,0.08
168481,-8.41,0.08
168482,-8.59,0.08
168483,-8.71,0.08
168484,-8.87,0.08
168485,-9.19,0.08
168486,-9.44,0.08
168487,-9.68,0.08
168488,-9.93,0.08
168489,-9.8,0.08
168490,-7.36,0.08
168491,-7.72,0.08
168492,-8.45,0.08
168493,-8.97,0.08
168494,-8.07,0.08
168495,-9.83,0.08
168496,-9.81,0.08
168497,-9.75,0.08
168498,-9.8,0.08
168499,-10.02,0.08
168500,-9.52,0.08
168501,-9.84,0.08
168502,-9.97,0.08
168503,-9.69,0.08
168504,-9.77,0.08
168505,-9.86,0.08
168506,-9.63,0.08
168507,-9.45,0.08
168508,-9.06,0.08
168509,-8.31,0.08
168510,-7.76,0.08
168511,-7.45,0.08
168512,-7.15,0.08
168513,-7.31,0.08
168514,-7.85,0.08
168515,-7.67,0.08
168516,-7.6,0.08
168517,-7.68,0.08
168518,-7.94,0.08
168519,-7.93,0.08
168520,-7.49,0.08
168521,-7.25,0.08
168522,-7.37,0.08
168523,-7.17,0.08
168524,-7.38,0.08
168525,-7.72,0.08
168526,-7.68,0.08
168527,-8.05,0.08
168528,-7.99,0.08
168529,-8.35,0.08
168530,-8.28,0.08
168531,-8.55,0.08
168532,-8.68,0.08
168533,-8.73,0.08
168534,-9.02,0.08
168535,-8.54,0.08
168536,-8.51,0.08
168537,-8.1,0.08
168538,-8.25,0.08
168539,-8.08,0.08
168540,-7.96,0.08
168541,-7.93,0.08
168542,-7.77,0.08
168543,-7.61,0.08
168544,-7.56,0.08
168545,-7.52,0.08
168546,-7.7,0.08
168547,-7.66,0.08
168548,-8.09,0.08
168549,-8.11,0.08
168550,-8.17,0.08
168551,-8.46,0.08
168552,-8.48,0.08
168553,-8.9,0.08
168554,-9.29,0.08
168555,-9.22,0.08
168556,-9.73,0.08
168557,-9.75,0.08
168558,-9.9,0.08
168559,-9.82,0.08
168560,-9.79,0.08
168561,-9.9,0.08
168562,-9.86,0.08
168563,-9.73,0.08
168564,-9.59,0.08
168565,-9.5,0.08
168566,-9.57,0.08
168567,-9.27,0.08
168568,-8.76,0.08
168569,-8.45,0.08
168570,-8.2,0.08
168571,-8.12,0.08
168572,-8.04,0.08
168573,-7.86,0.08
168574,-7.73,0.08
168575,-7.18,0.08
168576,-7.06,0.08
168577,-6.98,0.08
168578,-6.33,0.08
168579,-6.37,0.08
168580,-6.4,0.08
168581,-6.52,0.08
168582,-6.72,0.08
168583,-6.84,0.08
168584,-7.05,0.08
168585,-7.32,0.08
168586,-7.48,0.08
168587,-7.74,0.08
168588,-7.81,0.08
168589,-7.84,0.08
168590,-7.77,0.08
168591,-7.82,0.08
168592,-7.92,0.08
168593,-7.93,0.08
168594,-7.98,0.08
168595,-7.92,0.08
168596,-8.01,0.08
168597,-7.88,0.08
168598,-7.91,0.08
168599,-7.89,0.08
168600,-7.98,0.08
168601,-7.87,0.08
168602,-8.02,0.08
168603,-8.11,0.08
168604,-8.12,0.08
168605,-8.18,0.08
168606,-8.22,0.08
168607,-8.25,0.08
168608,-8.17,0.08
168609,-8.15,0.08
168610,-8.02,0.08
168611,-8.11,0.08
168612,-7.76,0.08
168613,-7.75,0.08
168614,-7.59,0.08
168615,-7.74,0.08
168616,-8.06,0.08
168617,-7.91,0.08
168618,-8.56,0.08
168619,-8.91,0.08
168620,-8.96,0.08
168621,-10.04,0.08
168622,-10.01,0.08
168623,-9.9,0.08
168624,-10.16,0.08
168625,-10.09,0.08
168626,-10.23,0.08
168627,-10.18,0.08
168628,-10.1,0.08
168629,-10.08,0.08
168630,-9.97,0.08
168631,-9.98,0.08
168632,-9.91,0.08
168633,-9.87,0.08
168634,-10.13,0.08
168635,-9.91,0.08
168636,-9.99,0.08
168637,-10.07,0.08
168638,-10.17,0.08
168639,-10.11,0.08
168640,-10.12,0.08
168641,-10.14,0.08
168642,-10.05,0.08
168643,-10.14,0.08
168644,-10.22,0.08
168645,-10.12,0.08
168646,-10.08,0.08
168647,-10.23,0.08
168648,-10.09,0.08
168649,-10.09,0.08
168650,-9.95,0.08
168651,-10.14,0.08
168652,-10.11,0.08
168653,-10.25,0.08
168654,-10.19,0.08
168655,-10.09,0.08
168656,-10.05,0.08
168657,-10.03,0.08
168658,-9.92,0.08
168659,-9.8,0.08
168660,-9.79,0.08
168661,-9.72,0.08
168662,-9.64,0.08
168663,-9.45,0.08
168664,-9.42,0.08
168665,-9.34,0.08
168666,-9.31,0.08
168667,-9.24,0.08
168668,-8.97,0.08
168669,-8.78,0.08
168670,-8.71,0.08
168671,-8.84,0.08
168672,-8.77,0.08
168673,-8.7,0.08
168674,-8.71,0.08
168675,-8.58,0.08
168676,-8.34,0.08
168677,-8.24,0.08
168678,-8.01,0.08
168679,-7.82,0.08
168680,-7.39,0.08
168681,-7.25,0.08
168682,-7.1,0.08
168683,-7.2,0.08
168684,-7.12,0.08
168685,-7.18,0.08
168686,-7.14,0.08
168687,-7.21,0.08
168688,-7.02,0.08
168689,-6.86,0.08
168690,-6.81,0.08
168691,-6.9,0.08
168692,-6.9,0.08
168693,-6.78,0.08
168694,-6.75,0.08
168695,-6.82,0.08
168696,-6.97,0.08
168697,-7.08,0.08
168698,-7.24,0.08
168699,-7.45,0.08
168700,-7.35,0.08
168701,-7.6,0.08
168702,-7.65,0.08
168703,-7.85,0.08
168704,-7.86,0.08
168705,-8.14,0.08
168706,-8.39,0.08
168707,-8.63,0.08
168708,-8.76,0.08
168709,-9.13,0.08
168710,-9.21,0.08
168711,-9.34,0.08
168712,-9.26,0.08
168713,-9.35,0.08
168714,-9.42,0.08
168715,-9.42,0.08
168716,-9.4,0.08
168717,-9.45,0.08
168718,-9.5,0.08
168719,-9.37,0.08
168720,-9.55,0.08
168721,-9.45,0.08
168722,-9.5,0.08
168723,-8.95,0.08
168724,-9.17,0.08
168725,-9.24,0.08
168726,-9.32,0.08
168727,-9.22,0.08
168728,-9.2,0.08
168729,-9.38,0.08
168730,-9.31,0.08
168731,-9.17,0.08
168732,-9.17,0.08
168733,-8.95,0.08
168734,-8.94,0.08
168735,-9.04,0.08
168736,-8.75,0.08
168737,-8.82,0.08
168738,-9.02,0.08
168739,-9.05,0.08
168740,-8.77,0.08
168741,-8.84,0.08
168742,-8.6,0.08
168743,-8.71,0.08
168744,-8.63,0.08
168745,-8.55,0.08
168746,-8.41,0.08
168747,-8.05,0.08
168748,-7.82,0.08
168749,-7.39,0.08
168750,-7.11,0.08
168751,-7.07,0.08
168752,-6.77,0.08
168753,-6.66,0.08
168754,-6.43,0.08
168755,-6.42,0.08
168756,-6.19,0.08
168757,-6.24,0.08
168758,-6.4,0.08
168759,-6.56,0.08
168760,-6.35,0.08
168761,-6.54,0.08
168762,-6.06,0.08
168763,-6.32,0.08
168764,-6.17,0.08
168765,-6.23,0.08
168766,-5.86,0.08
168767,-5.89,0.08
168768,-5.87,0.08
168769,-6.14,0.08
168770,-5.74,0.08
168771,-5.76,0.08
168772,-5.53,0.08
168773,-5.66,0.08
168774,-5.55,0.08
168775,-5.65,0.08
168776,-5.7,0.08
168777,-5.61,0.08
168778,-5.73,0.08
168779,-6.03,0.08
168780,-6.15,0.08
168781,-6.32,0.08
168782,-6.32,0.08
168783,-6.48,0.08
168784,-6.41,0.08
168785,-6.78,0.08
168786,-6.85,0.08
168787,-7.15,0.08
168788,-7.13,0.08
168789,-7.34,0.08
168790,-7.28,0.08
168791,-7.31,0.08
168792,-7.21,0.08
168793,-7.37,0.08
168794,-7.43,0.08
168795,-7.52,0.08
168796,-7.46,0.08
168797,-7.73,0.08
168798,-7.56,0.08
168799,-7.72,0.08
168800,-7.62,0.08
168801,-7.64,0.08
168802,-7.63,0.08
168803,-7.48,0.08
168804,-7.62,0.08
168805,-7.7,0.08
168806,-7.97,0.08
168807,-7.73,0.08
168808,-7.87,0.08
168809,-7.86,0.08
168810,-8.02,0.08
168811,-7.82,0.08
168812,-7.95,0.08
168813,-7.84,0.08
168814,-7.91,0.08
168815,-7.96,0.08
168816,-7.8,0.08
168817,-7.9,0.08
168818,-7.9,0.08
168819,-7.87,0.08
168820,-7.88,0.08
168821,-7.97,0.08
168822,-7.93,0.08
168823,-7.99,0.08
168824,-7.86,0.08
168825,-7.69,0.08
168826,-7.68,0.08
168827,-7.75,0.08
168828,-7.65,0.08
168829,-7.64,0.08
168830,-7.59,0.08
168831,-7.53,0.08
168832,-7.68,0.08
168833,-7.61,0.08
168834,-7.73,0.08
168835,-7.66,0.08
168836,-7.81,0.08
168837,-8.03,0.08
168838,-7.88,0.08
168839,-7.89,0.08
168840,-7.86,0.08
168841,-7.75,0.08
168842,-7.81,0.08
168843,-7.65,0.08
168844,-7.79,0.08
168845,-7.73,0.08
168846,-7.75,0.08
168847,-7.91,0.08
168848,-7.87,0.08
168849,-7.71,0.08
168850,-7.82,0.08
168851,-7.82,0.08
168852,-7.85,0.08
168853,-7.92,0.08
168854,-7.8,0.08
168855,-7.86,0.08
168856,-8.1,0.08
168857,-7.94,0.08
168858,-7.85,0.08
168859,-7.97,0.08
168860,-7.98,0.08
168861,-7.9,0.08
168862,-8.06,0.08
168863,-8,0.08
168864,-8.02,0.08
168865,-8.11,0.08
168866,-8.25,0.08
168867,-8.28,0.08
168868,-8.23,0.08
168869,-8.38,0.08
168870,-8.29,0.08
168871,-8.25,0.08
168872,-8.25,0.08
168873,-8.37,0.08
168874,-8.31,0.08
168875,-8.5,0.08
168876,-8.43,0.08
168877,-8.38,0.08
168878,-8.42,0.08
168879,-8.42,0.08
168880,-8.4,0.08
168881,-8.53,0.08
168882,-8.38,0.08
168883,-8.41,0.08
168884,-8.4,0.08
168885,-8.39,0.08
168886,-8.53,0.08
168887,-8.49,0.08
168888,-8.49,0.08
168889,-8.46,0.08
168890,-8.51,0.08
168891,-8.58,0.08
168892,-8.48,0.08
168893,-8.68,0.08
168894,-8.73,0.08
168895,-8.7,0.08
168896,-8.63,0.08
168897,-8.71,0.08
168898,-8.6,0.08
168899,-8.62,0.08
168900,-8.72,0.08
168901,-8.73,0.08
168902,-8.73,0.08
168903,-8.77,0.08
168904,-8.82,0.08
168905,-8.75,0.08
168906,-9.1,0.08
168907,-8.8,0.08
168908,-8.89,0.08
168909,-8.95,0.08
168910,-8.96,0.08
168911,-8.88,0.08
168912,-9.07,0.08
168913,-8.68,0.08
168914,-8.96,0.08
168915,-8.97,0.08
168916,-8.73,0.08
168917,-8.68,0.08
168918,-8.61,0.08
168919,-8.41,0.08
168920,-8.32,0.08
168921,-8.37,0.08
168922,-8.41,0.08
168923,-8.38,0.08
168924,-8.47,0.08
168925,-8.54,0.08
168926,-8.8,0.08
168927,-8.9,0.08
168928,-8.94,0.08
168929,-8.98,0.08
168930,-9.11,0.08
168931,-9.17,0.08
168932,-9.18,0.08
168933,-9.12,0.08
168934,-9.05,0.08
168935,-8.9,0.08
168936,-8.99,0.08
168937,-8.66,0.08
168938,-8.54,0.08
168939,-8.37,0.08
168940,-8.24,0.08
168941,-8.35,0.08
168942,-8.37,0.08
168943,-8.38,0.08
168944,-8.59,0.08
168945,-8.63,0.08
168946,-8.58,0.08
168947,-8.71,0.08
168948,-8.56,0.08
168949,-8.42,0.08
168950,-8.47,0.08
168951,-8.62,0.08
168952,-8.47,0.08
168953,-8.68,0.08
168954,-8.65,0.08
168955,-8.8,0.08
168956,-8.7,0.08
168957,-8.96,0.08
168958,-9.01,0.08
168959,-9.1,0.08
168960,-9.16,0.08
168961,-9.3,0.08
168962,-9.25,0.08
168963,-9.21,0.08
168964,-9.25,0.08
168965,-9.3,0.08
168966,-9.33,0.08
168967,-9.46,0.08
168968,-9.36,0.08
168969,-9.31,0.08
168970,-9.34,0.08
168971,-9.22,0.08
168972,-9.28,0.08
168973,-9.39,0.08
168974,-9.43,0.08
168975,-9.29,0.08
168976,-9.39,0.08
168977,-9.38,0.08
168978,-9.37,0.08
168979,-9.39,0.08
168980,-9.32,0.08
168981,-9.29,0.08
168982,-9.38,0.08
168983,-9.49,0.08
168984,-9.5,0.08
168985,-9.41,0.08
168986,-9.49,0.08
168987,-9.36,0.08
168988,-9.49,0.08
168989,-9.62,0.08
168990,-9.51,0.08
168991,-9.54,0.08
168992,-9.63,0.08
168993,-9.57,0.08
168994,-9.56,0.08
168995,-9.71,0.08
168996,-9.56,0.08
168997,-9.63,0.08
168998,-9.66,0.08
168999,-9.62,0.08
169000,-9.71,0.08
169001,-9.78,0.08
169002,-9.66,0.08
169003,-9.67,0.08
169004,-9.7,0.08
169005,-9.76,0.08
169006,-9.78,0.08
169007,-9.73,0.08
169008,-9.59,0.08
169009,-9.46,0.08
169010,-9.62,0.08
169011,-9.67,0.08
169012,-9.56,0.08
169013,-9.55,0.08
169014,-9.52,0.08
169015,-9.4,0.08
169016,-9.45,0.08
169017,-9.43,0.08
169018,-9.55,0.08
169019,-9.71,0.08
169020,-9.66,0.08
169021,-9.69,0.08
169022,-9.73,0.08
169023,-9.69,0.08
169024,-9.89,0.08
169025,-9.87,0.08
169026,-10.02,0.08
169027,-10.07,0.08
169028,-10.33,0.08
169029,-10.24,0.08
169030,-10.41,0.08
169031,-10.38,0.08
169032,-10.1,0.08
169033,-10.18,0.08
169034,-10.18,0.08
169035,-9.91,0.08
169036,-9.69,0.08
169037,-10.05,0.08
169038,-9.76,0.08
169039,-9.93,0.08
169040,-9.85,0.08
169041,-10.16,0.08
169042,-9.96,0.08
169043,-9.73,0.08
169044,-9.78,0.08
169045,-9.7,0.08
169046,-9.82,0.08
169047,-9.65,0.08
169048,-9.67,0.08
169049,-9.55,0.08
169050,-9.39,0.08
169051,-9.5,0.08
169052,-9.24,0.08
169053,-9.01,0.08
169054,-9.09,0.08
169055,-8.54,0.08
169056,-8.33,0.08
169057,-8.36,0.08
169058,-8.27,0.08
169059,-8.05,0.08
169060,-8.21,0.08
169061,-8.22,0.08
169062,-8.38,0.08
169063,-8.63,0.08
169064,-8.64,0.08
169065,-8.73,0.08
169066,-8.65,0.08
169067,-8.74,0.08
169068,-8.82,0.08
169069,-9.04,0.08
169070,-8.81,0.08
169071,-8.98,0.08
169072,-9.03,0.08
169073,-9.15,0.08
169074,-8.9,0.08
169075,-9.21,0.08
169076,-9.22,0.08
169077,-9.41,0.08
169078,-9.17,0.08
169079,-9.22,0.08
169080,-9.38,0.08
169081,-9.35,0.08
169082,-9.41,0.08
169083,-9.35,0.08
169084,-9.28,0.08
169085,-9.47,0.08
169086,-9.43,0.08
169087,-9.49,0.08
169088,-9.51,0.08
169089,-9.32,0.08
169090,-9.42,0.08
169091,-9.54,0.08
169092,-9.56,0.08
169093,-9.71,0.08
169094,-9.3,0.08
169095,-9.36,0.08
169096,-9.28,0.08
169097,-9.1,0.08
169098,-8.99,0.08
169099,-9.05,0.08
169100,-8.81,0.08
169101,-9.12,0.08
169102,-9.03,0.08
169103,-8.98,0.08
169104,-8.94,0.08
169105,-8.91,0.08
169106,-8.59,0.08
169107,-8.75,0.08
169108,-8.74,0.08
169109,-8.81,0.08
169110,-9.04,0.08
169111,-9.13,0.08
169112,-9.17,0.08
169113,-9.23,0.08
169114,-9.16,0.08
169115,-9.23,0.08
169116,-9.13,0.08
169117,-9.09,0.08
169118,-9.05,0.08
169119,-8.93,0.08
169120,-9.1,0.08
169121,-8.76,0.08
169122,-9.15,0.08
169123,-9.15,0.08
169124,-9.22,0.08
169125,-9.05,0.08
169126,-9.12,0.08
169127,-9.08,0.08
169128,-8.84,0.08
169129,-8.97,0.08
169130,-8.77,0.08
169131,-8.84,0.08
169132,-8.66,0.08
169133,-8.33,0.08
169134,-8.34,0.08
169135,-8.55,0.08
169136,-8.29,0.08
169137,-8.73,0.08
169138,-8,0.08
169139,-7.99,0.08
169140,-9.29,0.08
169141,-8.08,0.08
169142,-8.24,0.08
169143,-8.18,0.08
169144,-8.28,0.08
169145,-9,0.08
169146,-8.46,0.08
169147,-8.42,0.08
169148,-8.7,0.08
169149,-8.21,0.08
169150,-7.84,0.08
169151,-7.8,0.08
169152,-7.77,0.08
169153,-7.85,0.08
169154,-7.81,0.08
169155,-7.85,0.08
169156,-7.72,0.08
169157,-7.73,0.08
169158,-7.6,0.08
169159,-7.6,0.08
169160,-7.57,0.08
169161,-7.52,0.08
169162,-7.46,0.08
169163,-7.69,0.08
169164,-7.67,0.08
169165,-7.4,0.08
169166,-7.51,0.08
169167,-7.53,0.08
169168,-7.59,0.08
169169,-7.65,0.08
169170,-7.81,0.08
169171,-7.62,0.08
169172,-7.87,0.08
169173,-7.86,0.08
169174,-7.69,0.08
169175,-7.78,0.08
169176,-7.94,0.08
169177,-7.9,0.08
169178,-7.89,0.08
169179,-8.03,0.08
169180,-8.06,0.08
169181,-8.03,0.08
169182,-8.12,0.08
169183,-8.09,0.08
169184,-7.92,0.08
169185,-8.11,0.08
169186,-8.11,0.08
169187,-8.26,0.08
169188,-8.43,0.08
169189,-8.1,0.08
169190,-8.21,0.08
169191,-8.19,0.08
169192,-8.27,0.08
169193,-8.28,0.08
169194,-8.4,0.08
169195,-8.55,0.08
169196,-8.59,0.08
169197,-8.62,0.08
169198,-8.63,0.08
169199,-8.62,0.08
169200,-8.34,0.08
169201,-8.99,0.08
169202,-8.81,0.08
169203,-8.81,0.08
169204,-8.78,0.08
169205,-8.82,0.08
169206,-8.75,0.08
169207,-8.79,0.08
169208,-8.84,0.08
169209,-8.87,0.08
169210,-8.9,0.08
169211,-8.93,0.08
169212,-8.88,0.08
169213,-8.9,0.08
169214,-8.92,0.08
169215,-9.21,0.08
169216,-9.1,0.08
169217,-9.12,0.08
169218,-9.09,0.08
169219,-9.27,0.08
169220,-9.13,0.08
169221,-9.23,0.08
169222,-9.19,0.08
169223,-9.28,0.08
169224,-9.34,0.08
169225,-9.28,0.08
169226,-9.19,0.08
169227,-9.4,0.08
169228,-9.38,0.08
169229,-9.4,0.08
169230,-9.55,0.08
169231,-9.55,0.08
169232,-9.49,0.08
169233,-9.47,0.08
169234,-9.68,0.08
169235,-9.45,0.08
169236,-9.48,0.08
169237,-9.47,0.08
169238,-9.58,0.08
169239,-9.71,0.08
169240,-9.72,0.08
169241,-9.81,0.08
169242,-9.67,0.08
169243,-9.52,0.08
169244,-9.73,0.08
169245,-9.64,0.08
169246,-9.75,0.08
169247,-9.69,0.08
169248,-9.53,0.08
169249,-9.76,0.08
169250,-9.69,0.08
169251,-9.6,0.08
169252,-9.66,0.08
169253,-9.7,0.08
169254,-9.83,0.08
169255,-9.75,0.08
169256,-9.83,0.08
169257,-9.81,0.08
169258,-9.84,0.08
169259,-9.82,0.08
169260,-9.85,0.08
169261,-9.84,0.08
169262,-9.73,0.08
169263,-9.82,0.08
169264,-9.94,0.08
169265,-9.85,0.08
169266,-9.89,0.08
169267,-9.86,0.08
169268,-9.85,0.08
169269,-9.87,0.08
169270,-9.89,0.08
169271,-9.94,0.08
169272,-9.93,0.08
169273,-9.91,0.08
169274,-9.84,0.08
169275,-9.97,0.08
169276,-10.17,0.08
169277,-9.91,0.08
169278,-10.05,0.08
169279,-9.89,0.08
169280,-9.79,0.08
169281,-9.92,0.08
169282,-9.95,0.08
169283,-9.91,0.08
169284,-9.94,0.08
169285,-9.89,0.08
169286,-9.93,0.08
169287,-9.98,0.08
169288,-10.01,0.08
169289,-9.88,0.08
169290,-9.95,0.08
169291,-9.99,0.08
169292,-10.05,0.08
169293,-10.02,0.08
169294,-10.13,0.08
169295,-9.93,0.08
169296,-9.89,0.08
169297,-9.88,0.08
169298,-9.92,0.08
169299,-9.88,0.08
169300,-10.01,0.08
169301,-10.05,0.08
169302,-9.81,0.08
169303,-10.04,0.08
169304,-9.82,0.08
169305,-10.05,0.08
169306,-9.86,0.08
169307,-9.89,0.08
169308,-9.97,0.08
169309,-9.88,0.08
169310,-9.93,0.08
169311,-10.03,0.08
169312,-10.13,0.08
169313,-9.99,0.08
169314,-9.98,0.08
169315,-10.02,0.08
169316,-10.11,0.08
169317,-10.12,0.08
169318,-9.99,0.08
169319,-9.96,0.08
169320,-9.94,0.08
169321,-10.03,0.08
169322,-10.21,0.08
169323,-10.08,0.08
169324,-10,0.08
169325,-10.1,0.08
169326,-10.13,0.08
169327,-10.07,0.08
169328,-10.04,0.08
169329,-10.1,0.08
169330,-10.23,0.08
169331,-10.05,0.08
169332,-10,0.08
169333,-10.01,0.08
169334,-10.06,0.08
169335,-9.98,0.08
169336,-10.15,0.08
169337,-10.09,0.08
169338,-10.16,0.08
169339,-9.94,0.08
169340,-10.11,0.08
169341,-10.16,0.08
169342,-9.91,0.08
169343,-10.19,0.08
169344,-10.11,0.08
169345,-10.1,0.08
169346,-10,0.08
169347,-10.03,0.08
169348,-10.09,0.08
169349,-10.02,0.08
169350,-10.07,0.08
169351,-10.12,0.08
169352,-10.11,0.08
169353,-10.09,0.08
169354,-10.06,0.08
169355,-10.17,0.08
169356,-10.05,0.08
169357,-10.12,0.08
169358,-10.03,0.08
169359,-10.03,0.08
169360,-9.98,0.08
169361,-10.18,0.08
169362,-10.01,0.08
169363,-10.03,0.08
169364,-10.22,0.08
169365,-10.1,0.08
169366,-10.09,0.08
169367,-10.12,0.08
169368,-9.97,0.08
169369,-10.06,0.08
169370,-9.93,0.08
169371,-9.96,0.08
169372,-10.04,0.08
169373,-9.99,0.08
169374,-9.9,0.08
169375,-10.09,0.08
169376,-10,0.08
169377,-10.02,0.08
169378,-10.03,0.08
169379,-10.05,0.08
169380,-10.05,0.08
169381,-10.07,0.08
169382,-9.87,0.08
169383,-9.95,0.08
169384,-9.97,0.08
169385,-9.92,0.08
169386,-9.66,0.08
169387,-9.74,0.08
169388,-9.68,0.08
169389,-9.62,0.08
169390,-9.72,0.08
169391,-9.58,0.08
169392,-9.78,0.08
169393,-9.63,0.08
169394,-9.73,0.08
169395,-9.7,0.08
169396,-9.75,0.08
169397,-9.73,0.08
169398,-9.68,0.08
169399,-9.78,0.08
169400,-9.74,0.08
169401,-9.67,0.08
169402,-9.76,0.08
169403,-9.63,0.08
169404,-9.74,0.08
169405,-9.65,0.08
169406,-9.63,0.08
169407,-9.54,0.08
169408,-9.56,0.08
169409,-9.55,0.08
169410,-9.58,0.08
169411,-9.58,0.08
169412,-9.6,0.08
169413,-9.51,0.08
169414,-9.61,0.08
169415,-9.59,0.08
169416,-9.71,0.08
169417,-9.67,0.08
169418,-9.64,0.08
169419,-9.58,0.08
169420,-9.55,0.08
169421,-9.66,0.08
169422,-9.54,0.08
169423,-9.56,0.08
169424,-9.57,0.08
169425,-9.5,0.08
169426,-9.58,0.08
169427,-9.72,0.08
169428,-9.68,0.08
169429,-9.57,0.08
169430,-9.58,0.08
169431,-9.55,0.08
169432,-9.57,0.08
169433,-9.63,0.08
169434,-9.68,0.08
169435,-9.73,0.08
169436,-9.79,0.08
169437,-9.56,0.08
169438,-9.73,0.08
169439,-9.64,0.08
169440,-9.53,0.08
169441,-9.59,0.08
169442,-9.72,0.08
169443,-9.56,0.08
169444,-9.54,0.08
169445,-9.56,0.08
169446,-9.6,0.08
169447,-9.61,0.08
169448,-9.66,0.08
169449,-9.68,0.08
169450,-9.62,0.08
169451,-9.43,0.08
169452,-9.52,0.08
169453,-9.58,0.08
169454,-9.57,0.08
169455,-9.41,0.08
169456,-9.38,0.08
169457,-9.33,0.08
169458,-9.39,0.08
169459,-9.46,0.08
169460,-9.28,0.08
169461,-9.4,0.08
169462,-9.38,0.08
169463,-9.2,0.08
169464,-9.22,0.08
169465,-9.28,0.08
169466,-9.25,0.08
169467,-9.27,0.08
169468,-9.29,0.08
169469,-9.24,0.08
169470,-9.25,0.08
169471,-9.36,0.08
169472,-9.24,0.08
169473,-9.27,0.08
169474,-9.21,0.08
169475,-9.18,0.08
169476,-9.13,0.08
169477,-9.26,0.08
169478,-9.16,0.08
169479,-9.19,0.08
169480,-9.21,0.08
169481,-9.15,0.08
169482,-9.15,0.08
169483,-9.06,0.08
169484,-9.11,0.08
169485,-8.96,0.08
169486,-8.84,0.08
169487,-8.78,0.08
169488,-8.71,0.08
169489,-8.78,0.08
169490,-8.79,0.08
169491,-8.69,0.08
169492,-8.7,0.08
169493,-8.71,0.08
169494,-8.7,0.08
169495,-8.64,0.08
169496,-8.71,0.08
169497,-8.75,0.08
169498,-8.77,0.08
169499,-8.9,0.08
169500,-8.94,0.08
169501,-8.92,0.08
169502,-8.89,0.08
169503,-8.84,0.08
169504,-8.84,0.08
169505,-8.75,0.08
169506,-8.76,0.08
169507,-8.79,0.08
169508,-8.71,0.08
169509,-8.64,0.08
169510,-8.7,0.08
169511,-8.73,0.08
169512,-8.68,0.08
169513,-8.71,0.08
169514,-8.83,0.08
169515,-8.73,0.08
169516,-8.64,0.08
169517,-8.85,0.08
169518,-8.63,0.08
169519,-8.59,0.08
169520,-8.53,0.08
169521,-8.57,0.08
169522,-8.47,0.08
169523,-8.54,0.08
169524,-8.42,0.08
169525,-8.37,0.08
169526,-8.57,0.08
169527,-8.45,0.08
169528,-8.45,0.08
169529,-8.55,0.08
169530,-8.59,0.08
169531,-8.55,0.08
169532,-8.44,0.08
169533,-8.41,0.08
169534,-8.4,0.08
169535,-8.51,0.08
169536,-8.46,0.08
169537,-8.42,0.08
169538,-8.46,0.08
169539,-8.37,0.08
169540,-8.41,0.08
169541,-8.47,0.08
169542,-8.48,0.08
169543,-8.41,0.08
169544,-8.3,0.08
169545,-8.37,0.08
169546,-8.37,0.08
169547,-8.26,0.08
169548,-8.22,0.08
169549,-8.33,0.08
169550,-8.13,0.08
169551,-8.26,0.08
169552,-8.28,0.08
169553,-7.99,0.08
169554,-8.03,0.08
169555,-7.98,0.08
169556,-7.86,0.08
169557,-7.97,0.08
169558,-7.86,0.08
169559,-7.77,0.08
169560,-7.91,0.08
169561,-7.78,0.08
169562,-8,0.08
169563,-7.84,0.08
169564,-7.97,0.08
169565,-7.88,0.08
169566,-7.87,0.08
169567,-7.94,0.08
169568,-8.01,0.08
169569,-7.97,0.08
169570,-8.03,0.08
169571,-8.08,0.08
169572,-8.11,0.08
169573,-8.13,0.08
169574,-8,0.08
169575,-7.98,0.08
169576,-8.02,0.08
169577,-8.08,0.08
169578,-8.08,0.08
169579,-7.98,0.08
169580,-8.03,0.08
169581,-8.03,0.08
169582,-7.95,0.08
169583,-8.03,0.08
169584,-8.01,0.08
169585,-8,0.08
169586,-8.03,0.08
169587,-7.79,0.08
169588,-7.79,0.08
169589,-7.86,0.08
169590,-7.91,0.08
169591,-7.84,0.08
169592,-7.87,0.08
169593,-7.78,0.08
169594,-7.84,0.08
169595,-7.85,0.08
169596,-7.87,0.08
169597,-7.9,0.08
169598,-7.99,0.08
169599,-7.9,0.08
169600,-7.99,0.08
169601,-7.88,0.08
169602,-7.92,0.08
169603,-7.95,0.08
169604,-7.92,0.08
169605,-7.86,0.08
169606,-7.89,0.08
169607,-7.97,0.08
169608,-7.92,0.08
169609,-7.98,0.08
169610,-8.01,0.08
169611,-7.89,0.08
169612,-7.95,0.08
169613,-8.08,0.08
169614,-7.96,0.08
169615,-7.93,0.08
169616,-7.91,0.08
169617,-7.96,0.08
169618,-7.94,0.08
169619,-7.97,0.08
169620,-8.01,0.08
169621,-8,0.08
169622,-8.08,0.08
169623,-7.92,0.08
169624,-8.13,0.08
169625,-7.98,0.08
169626,-8,0.08
169627,-8.08,0.08
169628,-8.09,0.08
169629,-8.16,0.08
169630,-8.15,0.08
169631,-8.18,0.08
169632,-8.22,0.08
169633,-8.09,0.08
169634,-8.12,0.08
169635,-8.18,0.08
169636,-8.1,0.08
169637,-8.18,0.08
169638,-8.29,0.08
169639,-8.21,0.08
169640,-8.2,0.08
169641,-8.13,0.08
169642,-8.24,0.08
169643,-8.3,0.08
169644,-8.15,0.08
169645,-8.34,0.08
169646,-8.18,0.08
169647,-8.22,0.08
169648,-8.23,0.08
169649,-8.24,0.08
169650,-8.22,0.08
169651,-8.21,0.08
169652,-8.22,0.08
169653,-8.33,0.08
169654,-8.36,0.08
169655,-8.16,0.08
169656,-8.19,0.08
169657,-8.24,0.08
169658,-8.37,0.08
169659,-8.3,0.08
169660,-8.28,0.08
169661,-8.35,0.08
169662,-8.25,0.08
169663,-8.29,0.08
169664,-8.32,0.08
169665,-8.34,0.08
169666,-8.22,0.08
169667,-8.36,0.08
169668,-8.37,0.08
169669,-8.33,0.08
169670,-8.38,0.08
169671,-8.32,0.08
169672,-8.22,0.08
169673,-8.34,0.08
169674,-8.39,0.08
169675,-8.32,0.08
169676,-8.29,0.08
169677,-8.35,0.08
169678,-8.23,0.08
169679,-8.19,0.08
169680,-8.25,0.08
169681,-8.22,0.08
169682,-8.37,0.08
169683,-8.26,0.08
169684,-8.31,0.08
169685,-8.26,0.08
169686,-8.22,0.08
169687,-8.37,0.08
169688,-8.26,0.08
169689,-8.26,0.08
169690,-8.06,0.08
169691,-8.15,0.08
169692,-8.04,0.08
169693,-8.07,0.08
169694,-8.12,0.08
169695,-8.09,0.08
169696,-8.16,0.08
169697,-8.11,0.08
169698,-8.23,0.08
169699,-8.1,0.08
169700,-8.16,0.08
169701,-8.29,0.08
169702,-8.13,0.08
169703,-8.27,0.08
169704,-8.36,0.08
169705,-8.32,0.08
169706,-8.45,0.08
169707,-8.4,0.08
169708,-8.46,0.08
169709,-8.52,0.08
169710,-8.55,0.08
169711,-8.36,0.08
169712,-8.45,0.08
169713,-8.43,0.08
169714,-8.58,0.08
169715,-8.58,0.08
169716,-8.39,0.08
169717,-8.51,0.08
169718,-8.46,0.08
169719,-8.3,0.08
169720,-8.63,0.08
169721,-8.62,0.08
169722,-8.81,0.08
169723,-8.73,0.08
169724,-8.59,0.08
169725,-8.66,0.08
169726,-8.76,0.08
169727,-8.63,0.08
169728,-8.78,0.08
169729,-8.62,0.08
169730,-8.69,0.08
169731,-8.74,0.08
169732,-8.61,0.08
169733,-8.67,0.08
169734,-8.7,0.08
169735,-8.78,0.08
169736,-8.82,0.08
169737,-8.71,0.08
169738,-8.58,0.08
169739,-8.77,0.08
169740,-8.73,0.08
169741,-8.7,0.08
169742,-8.71,0.08
169743,-8.57,0.08
169744,-8.55,0.08
169745,-8.6,0.08
169746,-8.5,0.08
169747,-8.47,0.08
169748,-8.46,0.08
169749,-8.47,0.08
169750,-8.37,0.08
169751,-8.36,0.08
169752,-8.27,0.08
169753,-8.07,0.08
169754,-7.93,0.08
169755,-7.84,0.08
169756,-7.94,0.08
169757,-7.68,0.08
169758,-7.6,0.08
169759,-7.54,0.08
169760,-7.42,0.08
169761,-7.08,0.08
169762,-7.02,0.08
169763,-6.71,0.08
169764,-6.43,0.08
169765,-6.36,0.08
169766,-5.83,0.08
169767,-6,0.08
169768,-5.94,0.08
169769,-6,0.08
169770,-5.93,0.08
169771,-5.94,0.08
169772,-5.9,0.08
169773,-6.43,0.08
169774,-6.1,0.08
169775,-6.29,0.08
169776,-6.19,0.08
169777,-6.45,0.08
169778,-6.55,0.08
169779,-6.52,0.08
169780,-6.51,0.08
169781,-6.91,0.08
169782,-7.05,0.08
169783,-7.11,0.08
169784,-7.35,0.08
169785,-7.3,0.08
169786,-7.4,0.08
169787,-7.51,0.08
169788,-7.61,0.08
169789,-7.72,0.08
169790,-7.67,0.08
169791,-7.6,0.08
169792,-7.62,0.08
169793,-7.76,0.08
169794,-7.78,0.08
169795,-7.76,0.08
169796,-7.9,0.08
169797,-7.87,0.08
169798,-7.92,0.08
169799,-7.97,0.08
169800,-7.99,0.08
169801,-8,0.08
169802,-8.07,0.08
169803,-8.1,0.08
169804,-8.03,0.08
169805,-8.07,0.08
169806,-8.16,0.08
169807,-8.2,0.08
169808,-8.2,0.08
169809,-8.26,0.08
169810,-8.17,0.08
169811,-8.22,0.08
169812,-8.18,0.08
169813,-8.39,0.08
169814,-8.2,0.08
169815,-8.31,0.08
169816,-8.39,0.08
169817,-8.31,0.08
169818,-8.26,0.08
169819,-8.42,0.08
169820,-8.49,0.08
169821,-8.33,0.08
169822,-8.38,0.08
169823,-8.45,0.08
169824,-8.43,0.08
169825,-8.51,0.08
169826,-8.49,0.08
169827,-8.47,0.08
169828,-8.54,0.08
169829,-8.45,0.08
169830,-8.46,0.08
169831,-8.48,0.08
169832,-8.45,0.08
169833,-8.39,0.08
169834,-8.37,0.08
169835,-8.35,0.08
169836,-8.43,0.08
169837,-8.38,0.08
169838,-8.44,0.08
169839,-8.44,0.08
169840,-8.27,0.08
169841,-8.34,0.08
169842,-8.3,0.08
169843,-8.37,0.08
169844,-8.33,0.08
169845,-8.29,0.08
169846,-8.21,0.08
169847,-8.22,0.08
169848,-8.22,0.08
169849,-8.19,0.08
169850,-8.13,0.08
169851,-8.14,0.08
169852,-8.15,0.08
169853,-8,0.08
169854,-8.11,0.08
169855,-8.04,0.08
169856,-8.04,0.08
169857,-8,0.08
169858,-8.08,0.08
169859,-7.99,0.08
169860,-7.8,0.08
169861,-7.96,0.08
169862,-7.91,0.08
169863,-7.91,0.08
169864,-7.91,0.08
169865,-8.09,0.08
169866,-8.07,0.08
169867,-8.05,0.08
169868,-8.15,0.08
169869,-8.14,0.08
169870,-8.12,0.08
169871,-8.13,0.08
169872,-8.18,0.08
169873,-8.14,0.08
169874,-8.31,0.08
169875,-8.33,0.08
169876,-8.4,0.08
169877,-8.71,0.08
169878,-8.43,0.08
169879,-8.59,0.08
169880,-8.58,0.08
169881,-8.66,0.08
169882,-8.63,0.08
169883,-8.64,0.08
169884,-8.69,0.08
169885,-8.83,0.08
169886,-8.79,0.08
169887,-8.69,0.08
169888,-8.71,0.08
169889,-8.75,0.08
169890,-8.67,0.08
169891,-8.78,0.08
169892,-8.86,0.08
169893,-8.79,0.08
169894,-8.85,0.08
169895,-8.87,0.08
169896,-8.95,0.08
169897,-8.9,0.08
169898,-8.94,0.08
169899,-9.14,0.08
169900,-8.98,0.08
169901,-9.03,0.08
169902,-9.1,0.08
169903,-9.1,0.08
169904,-9.11,0.08
169905,-9.19,0.08
169906,-9.04,0.08
169907,-9.1,0.08
169908,-9.1,0.08
169909,-8.96,0.08
169910,-9.21,0.08
169911,-9.28,0.08
169912,-9.15,0.08
169913,-9.21,0.08
169914,-9.33,0.08
169915,-9.35,0.08
169916,-9.44,0.08
169917,-9.46,0.08
169918,-9.29,0.08
169919,-9.42,0.08
169920,-9.39,0.08
169921,-9.43,0.08
169922,-9.37,0.08
169923,-9.49,0.08
169924,-9.54,0.08
169925,-9.39,0.08
169926,-9.39,0.08
169927,-9.49,0.08
169928,-9.46,0.08
169929,-9.44,0.08
169930,-9.5,0.08
169931,-9.43,0.08
169932,-9.55,0.08
169933,-9.4,0.08
169934,-9.41,0.08
169935,-9.55,0.08
169936,-9.46,0.08
169937,-9.36,0.08
169938,-9.51,0.08
169939,-9.46,0.08
169940,-9.5,0.08
169941,-9.5,0.08
169942,-9.47,0.08
169943,-9.5,0.08
169944,-9.42,0.08
169945,-9.56,0.08
169946,-9.53,0.08
169947,-9.49,0.08
169948,-9.56,0.08
169949,-9.7,0.08
169950,-9.57,0.08
169951,-9.72,0.08
169952,-9.53,0.08
169953,-9.71,0.08
169954,-9.78,0.08
169955,-9.73,0.08
169956,-9.66,0.08
169957,-9.66,0.08
169958,-9.64,0.08
169959,-9.74,0.08
169960,-9.71,0.08
169961,-9.65,0.08
169962,-9.61,0.08
169963,-9.61,0.08
169964,-9.56,0.08
169965,-9.6,0.08
169966,-9.6,0.08
169967,-9.54,0.08
169968,-9.65,0.08
169969,-9.45,0.08
169970,-9.57,0.08
169971,-9.59,0.08
169972,-9.57,0.08
169973,-9.58,0.08
169974,-9.4,0.08
169975,-9.39,0.08
169976,-9.21,0.08
169977,-9.23,0.08
169978,-9.06,0.08
169979,-8.88,0.08
169980,-9.01,0.08
169981,-9.12,0.08
169982,-9.01,0.08
169983,-8.97,0.08
169984,-8.96,0.08
169985,-9.07,0.08
169986,-8.95,0.08
169987,-9.04,0.08
169988,-8.98,0.08
169989,-9.04,0.08
169990,-9.02,0.08
169991,-9.05,0.08
169992,-9.04,0.08
169993,-9.02,0.08
169994,-9.04,0.08
169995,-9.13,0.08
169996,-9.09,0.08
169997,-9.13,0.08
169998,-9.19,0.08
169999,-9.16,0.08
170000,-9.19,0.08
170001,-9.18,0.08
170002,-9.28,0.08
170003,-9.15,0.08
170004,-9.24,0.08
170005,-9.26,0.08
170006,-9.18,0.08
170007,-9.34,0.08
170008,-9.28,0.08
170009,-9.15,0.08
170010,-9.23,0.08
170011,-9.2,0.08
170012,-9.19,0.08
170013,-9.07,0.08
170014,-9.02,0.08
170015,-8.91,0.08
170016,-8.94,0.08
170017,-8.77,0.08
170018,-8.59,0.08
170019,-8.22,0.08
170020,-8.14,0.08
170021,-7.97,0.08
170022,-7.71,0.08
170023,-7.5,0.08
170024,-7.46,0.08
170025,-7.49,0.08
170026,-7.52,0.08
170027,-7.53,0.08
170028,-7.67,0.08
170029,-7.68,0.08
170030,-7.61,0.08
170031,-7.64,0.08
170032,-7.79,0.08
170033,-7.73,0.08
170034,-7.77,0.08
170035,-7.91,0.08
170036,-7.96,0.08
170037,-8.11,0.08
170038,-8.06,0.08
170039,-8.04,0.08
170040,-8.19,0.08
170041,-8.1,0.08
170042,-8.31,0.08
170043,-8.29,0.08
170044,-8.16,0.08
170045,-8.22,0.08
170046,-8.32,0.08
170047,-8.52,0.08
170048,-8.49,0.08
170049,-8.49,0.08
170050,-8.73,0.08
170051,-8.76,0.08
170052,-8.98,0.08
170053,-8.75,0.08
170054,-8.63,0.08
170055,-8.59,0.08
170056,-8.38,0.08
170057,-8.32,0.08
170058,-8.37,0.08
170059,-8.44,0.08
170060,-8.73,0.08
170061,-8.95,0.08
170062,-9.24,0.08
170063,-9.34,0.08
170064,-9.46,0.08
170065,-9.49,0.08
170066,-9.55,0.08
170067,-9.63,0.08
170068,-9.6,0.08
170069,-9.69,0.08
170070,-9.85,0.08
170071,-9.76,0.08
170072,-9.39,0.08
170073,-9.47,0.08
170074,-9.19,0.08
170075,-9.09,0.08
170076,-8.79,0.08
170077,-8.64,0.08
170078,-8.7,0.08
170079,-8.61,0.08
170080,-8.7,0.08
170081,-8.58,0.08
170082,-8.5,0.08
170083,-8.5,0.08
170084,-8.59,0.08
170085,-8.5,0.08
170086,-8.42,0.08
170087,-8.54,0.08
170088,-8.39,0.08
170089,-8.29,0.08
170090,-8.35,0.08
170091,-8.41,0.08
170092,-8.38,0.08
170093,-8.54,0.08
170094,-8.29,0.08
170095,-8.43,0.08
170096,-8.39,0.08
170097,-8.45,0.08
170098,-8.53,0.08
170099,-8.49,0.08
170100,-8.43,0.08
170101,-8.44,0.08
170102,-8.36,0.08
170103,-8.49,0.08
170104,-8.48,0.08
170105,-8.45,0.08
170106,-8.46,0.08
170107,-8.45,0.08
170108,-8.26,0.08
170109,-8.41,0.08
170110,-8.34,0.08
170111,-8.28,0.08
170112,-8.22,0.08
170113,-8.32,0.08
170114,-8.23,0.08
170115,-8.17,0.08
170116,-8.05,0.08
170117,-7.84,0.08
170118,-7.71,0.08
170119,-7.62,0.08
170120,-7.49,0.08
170121,-7.5,0.08
170122,-7.56,0.08
170123,-7.62,0.08
170124,-7.6,0.08
170125,-7.68,0.08
170126,-7.77,0.08
170127,-7.8,0.08
170128,-7.84,0.08
170129,-7.76,0.08
170130,-7.9,0.08
170131,-7.91,0.08
170132,-7.76,0.08
170133,-7.96,0.08
170134,-8.09,0.08
170135,-8.11,0.08
170136,-8.17,0.08
170137,-8.29,0.08
170138,-8.34,0.08
170139,-8.37,0.08
170140,-8.44,0.08
170141,-8.39,0.08
170142,-8.39,0.08
170143,-8.35,0.08
170144,-8.27,0.08
170145,-8.3,0.08
170146,-8.29,0.08
170147,-8.32,0.08
170148,-8.12,0.08
170149,-8.24,0.08
170150,-8.17,0.08
170151,-8.3,0.08
170152,-8.27,0.08
170153,-8.37,0.08
170154,-8.39,0.08
170155,-8.31,0.08
170156,-8.4,0.08
170157,-8.35,0.08
170158,-8.32,0.08
170159,-8.32,0.08
170160,-8.27,0.08
170161,-8.29,0.08
170162,-8.36,0.08
170163,-8.39,0.08
170164,-8.37,0.08
170165,-8.38,0.08
170166,-8.29,0.08
170167,-8.31,0.08
170168,-8.23,0.08
170169,-8.33,0.08
170170,-8.25,0.08
170171,-8.29,0.08
170172,-8.27,0.08
170173,-8.15,0.08
170174,-8.2,0.08
170175,-8.2,0.08
170176,-8.19,0.08
170177,-8.11,0.08
170178,-8.09,0.08
170179,-8.14,0.08
170180,-8.19,0.08
170181,-8.23,0.08
170182,-8.22,0.08
170183,-8.09,0.08
170184,-8.36,0.08
170185,-8.22,0.08
170186,-8.17,0.08
170187,-8.19,0.08
170188,-8.2,0.08
170189,-8.1,0.08
170190,-8.06,0.08
170191,-8.09,0.08
170192,-7.94,0.08
170193,-7.95,0.08
170194,-7.97,0.08
170195,-7.93,0.08
170196,-7.93,0.08
170197,-7.93,0.08
170198,-7.99,0.08
170199,-7.94,0.08
170200,-7.97,0.08
170201,-8.02,0.08
170202,-7.92,0.08
170203,-7.86,0.08
170204,-7.84,0.08
170205,-7.85,0.08
170206,-7.86,0.08
170207,-7.7,0.08
170208,-7.64,0.08
170209,-7.49,0.08
170210,-7.19,0.08
170211,-7.27,0.08
170212,-6.88,0.08
170213,-6.68,0.08
170214,-6.45,0.08
170215,-6.4,0.08
170216,-6.28,0.08
170217,-6.27,0.08
170218,-6.21,0.08
170219,-6.19,0.08
170220,-6.28,0.08
170221,-6.29,0.08
170222,-6.35,0.08
170223,-6.52,0.08
170224,-6.7,0.08
170225,-6.88,0.08
170226,-7.2,0.08
170227,-7.32,0.08
170228,-7.56,0.08
170229,-8.05,0.08
170230,-8.1,0.08
170231,-8.48,0.08
170232,-8.59,0.08
170233,-8.71,0.08
170234,-8.87,0.08
170235,-8.96,0.08
170236,-8.87,0.08
170237,-8.86,0.08
170238,-8.94,0.08
170239,-9.01,0.08
170240,-8.72,0.08
170241,-8.26,0.08
170242,-8.74,0.08
170243,-8.62,0.08
170244,-8.5,0.08
170245,-8.56,0.08
170246,-8.45,0.08
170247,-8.5,0.08
170248,-8.44,0.08
170249,-8.41,0.08
170250,-8.44,0.08
170251,-8.39,0.08
170252,-8.38,0.08
170253,-8.35,0.08
170254,-8.37,0.08
170255,-8.44,0.08
170256,-8.47,0.08
170257,-8.57,0.08
170258,-8.71,0.08
170259,-8.56,0.08
170260,-8.73,0.08
170261,-8.76,0.08
170262,-8.76,0.08
170263,-8.55,0.08
170264,-9.54,0.08
170265,-9.53,0.08
170266,-9.61,0.08
170267,-9.58,0.08
170268,-9.59,0.08
170269,-9.54,0.08
170270,-9.98,0.08
170271,-10.12,0.08
170272,-10.09,0.08
170273,-10.34,0.08
170274,-10.19,0.08
170275,-10.1,0.08
170276,-10.23,0.08
170277,-10,0.08
170278,-10.22,0.08
170279,-10.23,0.08
170280,-10.25,0.08
170281,-10.31,0.08
170282,-10.27,0.08
170283,-10.33,0.08
170284,-10.3,0.08
170285,-10.29,0.08
170286,-10.18,0.08
170287,-10.37,0.08
170288,-10.25,0.08
170289,-10.23,0.08
170290,-10.2,0.08
170291,-10.29,0.08
170292,-10.23,0.08
170293,-10.37,0.08
170294,-10.28,0.08
170295,-10.5,0.08
170296,-10.2,0.08
170297,-10.39,0.08
170298,-10.5,0.08
170299,-10.33,0.08
170300,-10.38,0.08
170301,-10.24,0.08
170302,-10.39,0.08
170303,-10.34,0.08
170304,-10.5,0.08
170305,-10.46,0.08
170306,-10.34,0.08
170307,-10.37,0.08
170308,-10.37,0.08
170309,-10.43,0.08
170310,-10.41,0.08
170311,-10.29,0.08
170312,-10.43,0.08
170313,-10.39,0.08
170314,-10.32,0.08
170315,-10.53,0.08
170316,-10.5,0.08
170317,-10.51,0.08
170318,-10.44,0.08
170319,-10.32,0.08
170320,-10.3,0.08
170321,-10.24,0.08
170322,-10.26,0.08
170323,-10.26,0.08
170324,-10,0.08
170325,-9.93,0.08
170326,-9.89,0.08
170327,-9.85,0.08
170328,-9.76,0.08
170329,-9.71,0.08
170330,-9.53,0.08
170331,-9.57,0.08
170332,-9.52,0.08
170333,-9.4,0.08
170334,-9.39,0.08
170335,-9.24,0.08
170336,-9.36,0.08
170337,-9.25,0.08
170338,-9.26,0.08
170339,-9.15,0.08
170340,-9,0.08
170341,-8.9,0.08
170342,-8.93,0.08
170343,-8.74,0.08
170344,-8.51,0.08
170345,-8.4,0.08
170346,-8.41,0.08
170347,-8.32,0.08
170348,-8.23,0.08
170349,-8.11,0.08
170350,-8.04,0.08
170351,-7.89,0.08
170352,-7.8,0.08
170353,-7.79,0.08
170354,-7.63,0.08
170355,-7.53,0.08
170356,-7.41,0.08
170357,-7.24,0.08
170358,-7.22,0.08
170359,-7.21,0.08
170360,-7.17,0.08
170361,-7.08,0.08
170362,-7.07,0.08
170363,-7.1,0.08
170364,-7.12,0.08
170365,-6.99,0.08
170366,-7.03,0.08
170367,-6.87,0.08
170368,-6.86,0.08
170369,-6.85,0.08
170370,-6.78,0.08
170371,-6.65,0.08
170372,-6.78,0.08
170373,-6.68,0.08
170374,-6.65,0.08
170375,-6.74,0.08
170376,-6.84,0.08
170377,-6.86,0.08
170378,-6.81,0.08
170379,-7.05,0.08
170380,-6.99,0.08
170381,-7.41,0.08
170382,-7.67,0.08
170383,-7.85,0.08
170384,-8.14,0.08
170385,-8.17,0.08
170386,-8.99,0.08
170387,-9.05,0.08
170388,-9.11,0.08
170389,-9.54,0.08
170390,-9.82,0.08
170391,-9.73,0.08
170392,-9.68,0.08
170393,-9.74,0.08
170394,-9.66,0.08
170395,-9.58,0.08
170396,-9.6,0.08
170397,-9.52,0.08
170398,-9.56,0.08
170399,-9.33,0.08
170400,-9.24,0.08
170401,-9.23,0.08
170402,-9.08,0.08
170403,-8.9,0.08
170404,-9.02,0.08
170405,-8.95,0.08
170406,-8.86,0.08
170407,-8.53,0.08
170408,-8.38,0.08
170409,-8.24,0.08
170410,-8.2,0.08
170411,-7.96,0.08
170412,-7.98,0.08
170413,-7.86,0.08
170414,-7.74,0.08
170415,-7.81,0.08
170416,-7.7,0.08
170417,-7.67,0.08
170418,-7.73,0.08
170419,-7.65,0.08
170420,-7.61,0.08
170421,-7.61,0.08
170422,-7.59,0.08
170423,-7.61,0.08
170424,-7.61,0.08
170425,-7.57,0.08
170426,-7.57,0.08
170427,-7.45,0.08
170428,-7.56,0.08
170429,-7.45,0.08
170430,-7.57,0.08
170431,-7.49,0.08
170432,-7.48,0.08
170433,-7.47,0.08
170434,-7.59,0.08
170435,-7.49,0.08
170436,-7.48,0.08
170437,-7.51,0.08
170438,-7.53,0.08
170439,-7.48,0.08
170440,-7.39,0.08
170441,-7.65,0.08
170442,-7.45,0.08
170443,-7.43,0.08
170444,-7.44,0.08
170445,-7.44,0.08
170446,-7.54,0.08
170447,-7.4,0.08
170448,-7.58,0.08
170449,-7.44,0.08
170450,-7.43,0.08
170451,-7.56,0.08
170452,-7.27,0.08
170453,-7.5,0.08
170454,-7.51,0.08
170455,-7.55,0.08
170456,-7.75,0.08
170457,-7.5,0.08
170458,-7.58,0.08
170459,-7.5,0.08
170460,-7.66,0.08
170461,-7.57,0.08
170462,-7.7,0.08
170463,-7.63,0.08
170464,-7.74,0.08
170465,-7.56,0.08
170466,-7.86,0.08
170467,-7.73,0.08
170468,-7.87,0.08
170469,-7.83,0.08
170470,-7.79,0.08
170471,-7.83,0.08
170472,-7.84,0.08
170473,-7.86,0.08
170474,-7.96,0.08
170475,-8.19,0.08
170476,-8.15,0.08
170477,-8.02,0.08
170478,-8.1,0.08
170479,-8.09,0.08
170480,-8.13,0.08
170481,-8.21,0.08
170482,-8.23,0.08
170483,-8.25,0.08
170484,-8.24,0.08
170485,-8.48,0.08
170486,-8.29,0.08
170487,-8.38,0.08
170488,-8.42,0.08
170489,-8.43,0.08
170490,-8.43,0.08
170491,-8.46,0.08
170492,-8.39,0.08
170493,-8.54,0.08
170494,-8.6,0.08
170495,-8.87,0.08
170496,-8.67,0.08
170497,-8.72,0.08
170498,-8.61,0.08
170499,-8.86,0.08
170500,-9.08,0.08
170501,-9.01,0.08
170502,-9.16,0.08
170503,-9.1,0.08
170504,-9.27,0.08
170505,-9.49,0.08
170506,-9.28,0.08
170507,-9.45,0.08
170508,-9.51,0.08
170509,-9.3,0.08
170510,-9.43,0.08
170511,-9.45,0.08
170512,-9.53,0.08
170513,-9.52,0.08
170514,-9.51,0.08
170515,-9.61,0.08
170516,-9.53,0.08
170517,-9.56,0.08
170518,-9.71,0.08
170519,-9.71,0.08
170520,-9.62,0.08
170521,-9.72,0.08
170522,-9.65,0.08
170523,-9.61,0.08
170524,-9.69,0.08
170525,-9.98,0.08
170526,-9.78,0.08
170527,-9.96,0.08
170528,-9.9,0.08
170529,-9.83,0.08
170530,-9.96,0.08
170531,-9.9,0.08
170532,-9.91,0.08
170533,-10.02,0.08
170534,-9.95,0.08
170535,-10.09,0.08
170536,-9.91,0.08
170537,-9.99,0.08
170538,-10.08,0.08
170539,-10.12,0.08
170540,-9.99,0.08
170541,-9.91,0.08
170542,-10,0.08
170543,-9.94,0.08
170544,-10.03,0.08
170545,-9.98,0.08
170546,-9.88,0.08
170547,-9.79,0.08
170548,-9.82,0.08
170549,-9.8,0.08
170550,-9.68,0.08
170551,-9.68,0.08
170552,-9.63,0.08
170553,-9.58,0.08
170554,-9.59,0.08
170555,-9.49,0.08
170556,-9.39,0.08
170557,-9.07,0.08
170558,-8.92,0.08
170559,-9.1,0.08
170560,-8.96,0.08
170561,-8.76,0.08
170562,-8.58,0.08
170563,-8.47,0.08
170564,-8.44,0.08
170565,-8.45,0.08
170566,-8.46,0.08
170567,-8.43,0.08
170568,-8.54,0.08
170569,-8.34,0.08
170570,-8.36,0.08
170571,-8.36,0.08
170572,-8.39,0.08
170573,-8.35,0.08
170574,-8.43,0.08
170575,-8.45,0.08
170576,-8.44,0.08
170577,-8.56,0.08
170578,-8.59,0.08
170579,-8.69,0.08
170580,-8.85,0.08
170581,-8.91,0.08
170582,-8.98,0.08
170583,-9.06,0.08
170584,-9.14,0.08
170585,-9.24,0.08
170586,-9.32,0.08
170587,-9.31,0.08
170588,-9.39,0.08
170589,-9.34,0.08
170590,-9.33,0.08
170591,-9.35,0.08
170592,-9.24,0.08
170593,-9.25,0.08
170594,-9.31,0.08
170595,-9.28,0.08
170596,-9.25,0.08
170597,-9.3,0.08
170598,-9.29,0.08
170599,-9.36,0.08
170600,-9.48,0.08
170601,-9.5,0.08
170602,-9.38,0.08
170603,-9.36,0.08
170604,-9.38,0.08
170605,-9.26,0.08
170606,-9.37,0.08
170607,-9.42,0.08
170608,-9.26,0.08
170609,-9.46,0.08
170610,-9.37,0.08
170611,-9.28,0.08
170612,-9.32,0.08
170613,-9.33,0.08
170614,-9.31,0.08
170615,-9.11,0.08
170616,-9.11,0.08
170617,-9.13,0.08
170618,-9.09,0.08
170619,-9.03,0.08
170620,-9.13,0.08
170621,-9.01,0.08
170622,-8.91,0.08
170623,-8.85,0.08
170624,-8.85,0.08
170625,-8.9,0.08
170626,-8.77,0.08
170627,-8.58,0.08
170628,-8.39,0.08
170629,-8.39,0.08
170630,-8.21,0.08
170631,-8.05,0.08
170632,-8.05,0.08
170633,-8.25,0.08
170634,-8.16,0.08
170635,-8.06,0.08
170636,-8.14,0.08
170637,-8.22,0.08
170638,-8.27,0.08
170639,-8.09,0.08
170640,-8.4,0.08
170641,-8.37,0.08
170642,-8.38,0.08
170643,-8.52,0.08
170644,-8.53,0.08
170645,-8.49,0.08
170646,-8.5,0.08
170647,-8.46,0.08
170648,-8.35,0.08
170649,-8.21,0.08
170650,-8.35,0.08
170651,-8.37,0.08
170652,-8.34,0.08
170653,-8.34,0.08
170654,-8.28,0.08
170655,-8.24,0.08
170656,-8.3,0.08
170657,-8.44,0.08
170658,-8.53,0.08
170659,-8.58,0.08
170660,-8.63,0.08
170661,-8.6,0.08
170662,-8.64,0.08
170663,-8.54,0.08
170664,-8.68,0.08
170665,-8.76,0.08
170666,-8.74,0.08
170667,-8.64,0.08
170668,-8.61,0.08
170669,-8.75,0.08
170670,-8.73,0.08
170671,-8.81,0.08
170672,-8.8,0.08
170673,-8.73,0.08
170674,-8.71,0.08
170675,-8.87,0.08
170676,-8.82,0.08
170677,-8.81,0.08
170678,-8.78,0.08
170679,-8.74,0.08
170680,-8.76,0.08
170681,-8.75,0.08
170682,-8.76,0.08
170683,-8.72,0.08
170684,-8.62,0.08
170685,-8.74,0.08
170686,-8.67,0.08
170687,-8.59,0.08
170688,-8.8,0.08
170689,-8.83,0.08
170690,-8.73,0.08
170691,-8.69,0.08
170692,-8.85,0.08
170693,-8.7,0.08
170694,-8.87,0.08
170695,-8.94,0.08
170696,-8.89,0.08
170697,-8.87,0.08
170698,-8.86,0.08
170699,-8.8,0.08
170700,-8.73,0.08
170701,-8.82,0.08
170702,-8.82,0.08
170703,-8.82,0.08
170704,-8.8,0.08
170705,-8.77,0.08
170706,-8.81,0.08
170707,-8.69,0.08
170708,-8.68,0.08
170709,-8.72,0.08
170710,-8.74,0.08
170711,-8.72,0.08
170712,-8.75,0.08
170713,-8.78,0.08
170714,-8.72,0.08
170715,-8.77,0.08
170716,-8.8,0.08
170717,-8.72,0.08
170718,-8.89,0.08
170719,-8.78,0.08
170720,-8.81,0.08
170721,-8.78,0.08
170722,-8.7,0.08
170723,-8.66,0.08
170724,-8.71,0.08
170725,-8.73,0.08
170726,-8.71,0.08
170727,-8.78,0.08
170728,-8.8,0.08
170729,-8.75,0.08
170730,-8.78,0.08
170731,-8.78,0.08
170732,-8.88,0.08
170733,-8.85,0.08
170734,-8.88,0.08
170735,-8.82,0.08
170736,-8.78,0.08
170737,-8.75,0.08
170738,-8.77,0.08
170739,-8.82,0.08
170740,-8.83,0.08
170741,-8.93,0.08
170742,-8.88,0.08
170743,-8.78,0.08
170744,-8.77,0.08
170745,-8.75,0.08
170746,-8.87,0.08
170747,-8.77,0.08
170748,-8.83,0.08
170749,-8.9,0.08
170750,-8.85,0.08
170751,-8.84,0.08
170752,-8.97,0.08
170753,-9.02,0.08
170754,-9.16,0.08
170755,-9.08,0.08
170756,-9.14,0.08
170757,-9.22,0.08
170758,-9.06,0.08
170759,-9.15,0.08
170760,-9.14,0.08
170761,-9.24,0.08
170762,-9.27,0.08
170763,-9.28,0.08
170764,-9.3,0.08
170765,-9.33,0.08
170766,-9.26,0.08
170767,-9.4,0.08
170768,-9.31,0.08
170769,-9.38,0.08
170770,-9.39,0.08
170771,-9.33,0.08
170772,-9.33,0.08
170773,-9.29,0.08
170774,-9.42,0.08
170775,-9.34,0.08
170776,-9.38,0.08
170777,-9.41,0.08
170778,-9.27,0.08
170779,-9.24,0.08
170780,-9.34,0.08
170781,-9.31,0.08
170782,-9.31,0.08
170783,-9.3,0.08
170784,-9.27,0.08
170785,-9.38,0.08
170786,-9.44,0.08
170787,-9.49,0.08
170788,-9.42,0.08
170789,-9.5,0.08
170790,-9.34,0.08
170791,-9.41,0.08
170792,-9.38,0.08
170793,-9.4,0.08
170794,-9.52,0.08
170795,-9.45,0.08
170796,-9.34,0.08
170797,-9.43,0.08
170798,-9.45,0.08
170799,-9.5,0.08
170800,-9.45,0.08
170801,-9.47,0.08
170802,-9.45,0.08
170803,-9.33,0.08
170804,-9.56,0.08
170805,-9.15,0.08
170806,-9.16,0.08
170807,-9.11,0.08
170808,-9.11,0.08
170809,-9.09,0.08
170810,-8.95,0.08
170811,-9.02,0.08
170812,-9.09,0.08
170813,-9.07,0.08
170814,-9.08,0.08
170815,-9.05,0.08
170816,-8.88,0.08
170817,-9.17,0.08
170818,-8.95,0.08
170819,-9.19,0.08
170820,-9.41,0.08
170821,-9.83,0.08
170822,-9.76,0.08
170823,-8.78,0.08
170824,-8.93,0.08
170825,-9.83,0.08
170826,-10.11,0.08
170827,-10.64,0.08
170828,-10.39,0.08
170829,-10.36,0.08
170830,-10.3,0.08
170831,-10.04,0.08
170832,-9.57,0.08
170833,-8.46,0.08
170834,-8.75,0.08
170835,-9.18,0.08
170836,-9.92,0.08
170837,-10.23,0.08
170838,-10.13,0.08
170839,-10.6,0.08
170840,-10.57,0.08
170841,-10.37,0.08
170842,-10.57,0.08
170843,-10.29,0.08
170844,-10.3,0.08
170845,-10.07,0.08
170846,-9.97,0.08
170847,-9.89,0.08
170848,-9.48,0.08
170849,-9.58,0.08
170850,-9.62,0.08
170851,-9.21,0.08
170852,-8.97,0.08
170853,-8.63,0.08
170854,-7.71,0.08
170855,-7.27,0.08
170856,-7.51,0.08
170857,-7.39,0.08
170858,-7.23,0.08
170859,-7.64,0.08
170860,-7.49,0.08
170861,-8.08,0.08
170862,-8.43,0.08
170863,-8.41,0.08
170864,-8.49,0.08
170865,-8.51,0.08
170866,-8.67,0.08
170867,-8.54,0.08
170868,-8.42,0.08
170869,-8.39,0.08
170870,-8.27,0.08
170871,-8.06,0.08
170872,-7.95,0.08
170873,-7.81,0.08
170874,-7.62,0.08
170875,-7.56,0.08
170876,-7.55,0.08
170877,-7.44,0.08
170878,-7.34,0.08
170879,-7.61,0.08
170880,-7.57,0.08
170881,-7.35,0.08
170882,-7.49,0.08
170883,-7.41,0.08
170884,-7.32,0.08
170885,-7.22,0.08
170886,-7.03,0.08
170887,-6.72,0.08
170888,-6.61,0.08
170889,-6.82,0.08
170890,-6.79,0.08
170891,-6.95,0.08
170892,-6.88,0.08
170893,-6.74,0.08
170894,-6.94,0.08
170895,-7.02,0.08
170896,-6.96,0.08
170897,-7.05,0.08
170898,-6.8,0.08
170899,-6.92,0.08
170900,-7.05,0.08
170901,-7.41,0.08
170902,-8.23,0.08
170903,-9.4,0.08
170904,-9.58,0.08
170905,-9.63,0.08
170906,-9.85,0.08
170907,-9.89,0.08
170908,-9.95,0.08
170909,-10.03,0.08
170910,-9.73,0.08
170911,-9.76,0.08
170912,-9.6,0.08
170913,-9.41,0.08
170914,-9.42,0.08
170915,-8.44,0.08
170916,-8.33,0.08
170917,-8.52,0.08
170918,-9.14,0.08
170919,-8.64,0.08
170920,-7.54,0.08
170921,-5.1,0.08
170922,-6.43,0.08
170923,-7.35,0.08
170924,-6.95,0.08
170925,-6.82,0.08
170926,-6.67,0.08
170927,-6.59,0.08
170928,-6.72,0.08
170929,-6.39,0.08
170930,-5.73,0.08
170931,-9.22,0.08
170932,-9.93,0.08
170933,-10.18,0.08
170934,-10.14,0.08
170935,-10.19,0.08
170936,-9.77,0.08
170937,-9.25,0.08
170938,-10.05,0.08
170939,-10.02,0.08
170940,-10.02,0.08
170941,-10.09,0.08
170942,-9.55,0.08
170943,-9.31,0.08
170944,-8.83,0.08
170945,-8.13,0.08
170946,-7.07,0.08
170947,-6.44,0.08
170948,-6.28,0.08
170949,-6.74,0.08
170950,-6.5,0.08
170951,-6.29,0.08
170952,-6.36,0.08
170953,-6.55,0.08
170954,-6.6,0.08
170955,-6.8,0.08
170956,-6.99,0.08
170957,-7.29,0.08
170958,-7.59,0.08
170959,-8.22,0.08
170960,-8.74,0.08
170961,-9.14,0.08
170962,-9.3,0.08
170963,-9.42,0.08
170964,-9.47,0.08
170965,-9.43,0.08
170966,-9.49,0.08
170967,-9.56,0.08
170968,-8.6,0.08
170969,-9.33,0.08
170970,-9.5,0.08
170971,-9.06,0.08
170972,-9.27,0.08
170973,-9.28,0.08
170974,-7.75,0.08
170975,-8.56,0.08
170976,-8.22,0.08
170977,-8.35,0.08
170978,-8.83,0.08
170979,-8.95,0.08
170980,-8.41,0.08
170981,-8.09,0.08
170982,-7.97,0.08
170983,-7.77,0.08
170984,-7.87,0.08
170985,-8.07,0.08
170986,-8,0.08
170987,-7.79,0.08
170988,-7.64,0.08
170989,-7.72,0.08
170990,-7.47,0.08
170991,-7.74,0.08
170992,-7.56,0.08
170993,-7.38,0.08
170994,-7.31,0.08
170995,-7.58,0.08
170996,-7.39,0.08
170997,-7.47,0.08
170998,-7.36,0.08
170999,-7.49,0.08
171000,-7.35,0.08
171001,-7.57,0.08
171002,-7.49,0.08
171003,-7.65,0.08
171004,-7.66,0.08
171005,-7.84,0.08
171006,-7.7,0.08
171007,-7.91,0.08
171008,-7.89,0.08
171009,-8.08,0.08
171010,-8.15,0.08
171011,-8.34,0.08
171012,-8.52,0.08
171013,-8.41,0.08
171014,-8.67,0.08
171015,-8.86,0.08
171016,-8.7,0.08
171017,-8.85,0.08
171018,-8.8,0.08
171019,-9,0.08
171020,-8.89,0.08
171021,-9.15,0.08
171022,-9.14,0.08
171023,-9.23,0.08
171024,-9.32,0.08
171025,-9.41,0.08
171026,-9.4,0.08
171027,-9.63,0.08
171028,-9.55,0.08
171029,-9.4,0.08
171030,-9.13,0.08
171031,-9.37,0.08
171032,-10,0.08
171033,-9.91,0.08
171034,-9.95,0.08
171035,-10.02,0.08
171036,-10.01,0.08
171037,-10.03,0.08
171038,-9.86,0.08
171039,-9.98,0.08
171040,-9.95,0.08
171041,-10.1,0.08
171042,-9.92,0.08
171043,-9.93,0.08
171044,-10.03,0.08
171045,-10.16,0.08
171046,-9.99,0.08
171047,-10.11,0.08
171048,-10.15,0.08
171049,-10.21,0.08
171050,-9.97,0.08
171051,-10.02,0.08
171052,-10.03,0.08
171053,-9.98,0.08
171054,-10.04,0.08
171055,-10.2,0.08
171056,-10.17,0.08
171057,-10.19,0.08
171058,-9.86,0.08
171059,-10.03,0.08
171060,-10.04,0.08
171061,-10.19,0.08
171062,-9.87,0.08
171063,-9.56,0.08
171064,-9.61,0.08
171065,-9.56,0.08
171066,-9.21,0.08
171067,-9.43,0.08
171068,-9.01,0.08
171069,-9.08,0.08
171070,-8.61,0.08
171071,-8.61,0.08
171072,-8.46,0.08
171073,-8.4,0.08
171074,-8.44,0.08
171075,-8.56,0.08
171076,-8.43,0.08
171077,-8.53,0.08
171078,-8.43,0.08
171079,-8.56,0.08
171080,-8.47,0.08
171081,-8.94,0.08
171082,-9.02,0.08
171083,-8.95,0.08
171084,-9.3,0.08
171085,-9.43,0.08
171086,-9.32,0.08
171087,-9.62,0.08
171088,-9.42,0.08
171089,-9.61,0.08
171090,-9.44,0.08
171091,-9.38,0.08
171092,-9.29,0.08
171093,-9.29,0.08
171094,-9.3,0.08
171095,-9.52,0.08
171096,-9.49,0.08
171097,-9.65,0.08
171098,-9.55,0.08
171099,-9.7,0.08
171100,-9.66,0.08
171101,-9.74,0.08
171102,-9.65,0.08
171103,-9.58,0.08
171104,-9.69,0.08
171105,-9.88,0.08
171106,-9.71,0.08
171107,-10.01,0.08
171108,-9.93,0.08
171109,-9.92,0.08
171110,-9.87,0.08
171111,-10.11,0.08
171112,-9.98,0.08
171113,-9.78,0.08
171114,-9.87,0.08
171115,-9.65,0.08
171116,-9.47,0.08
171117,-9.58,0.08
171118,-9.59,0.08
171119,-9.75,0.08
171120,-9.82,0.08
171121,-9.79,0.08
171122,-9.64,0.08
171123,-9.34,0.08
171124,-9.38,0.08
171125,-9.55,0.08
171126,-9.51,0.08
171127,-9.72,0.08
171128,-9.62,0.08
171129,-9.73,0.08
171130,-9.51,0.08
171131,-9.69,0.08
171132,-9.53,0.08
171133,-9.39,0.08
171134,-9.33,0.08
171135,-9.53,0.08
171136,-9.25,0.08
171137,-8.98,0.08
171138,-9.15,0.08
171139,-9.21,0.08
171140,-9.39,0.08
171141,-9.35,0.08
171142,-9.46,0.08
171143,-9.16,0.08
171144,-9.15,0.08
171145,-9.21,0.08
171146,-9.27,0.08
171147,-9.37,0.08
171148,-9.19,0.08
171149,-9.31,0.08
171150,-9.2,0.08
171151,-9.15,0.08
171152,-8.97,0.08
171153,-8.64,0.08
171154,-8.57,0.08
171155,-8.6,0.08
171156,-8.47,0.08
171157,-8.52,0.08
171158,-8.52,0.08
171159,-8.63,0.08
171160,-8.62,0.08
171161,-8.78,0.08
171162,-8.43,0.08
171163,-8.5,0.08
171164,-8.78,0.08
171165,-8.96,0.08
171166,-8.92,0.08
171167,-9.12,0.08
171168,-9.2,0.08
171169,-9.31,0.08
171170,-9.01,0.08
171171,-8.98,0.08
171172,-9.15,0.08
171173,-9.04,0.08
171174,-9.08,0.08
171175,-9.08,0.08
171176,-9.14,0.08
171177,-9.17,0.08
171178,-9.19,0.08
171179,-9.21,0.08
171180,-9.17,0.08
171181,-9.32,0.08
171182,-9.46,0.08
171183,-9.57,0.08
171184,-9.87,0.08
171185,-10.02,0.08
171186,-9.86,0.08
171187,-9.77,0.08
171188,-9.27,0.08
171189,-8.77,0.08
171190,-8.9,0.08
171191,-9.12,0.08
171192,-9.58,0.08
171193,-9.8,0.08
171194,-10.4,0.08
171195,-10.62,0.08
171196,-10.44,0.08
171197,-10.54,0.08
171198,-10.43,0.08
171199,-10.51,0.08
171200,-10.37,0.08
171201,-10.47,0.08
171202,-10.17,0.08
171203,-9.84,0.08
171204,-9.81,0.08
171205,-9.26,0.08
171206,-8.73,0.08
171207,-8.78,0.08
171208,-8.72,0.08
171209,-8.63,0.08
171210,-8.97,0.08
171211,-9.33,0.08
171212,-9.76,0.08
171213,-9.79,0.08
171214,-10.26,0.08
171215,-10.73,0.08
171216,-10.47,0.08
171217,-10.58,0.08
171218,-10.5,0.08
171219,-10.51,0.08
171220,-10.46,0.08
171221,-10.63,0.08
171222,-10.2,0.08
171223,-9.97,0.08
171224,-9.97,0.08
171225,-10.05,0.08
171226,-9.66,0.08
171227,-9.82,0.08
171228,-9.57,0.08
171229,-9.48,0.08
171230,-9.2,0.08
171231,-9.34,0.08
171232,-8.66,0.08
171233,-8.41,0.08
171234,-8.12,0.08
171235,-8.13,0.08
171236,-7.28,0.08
171237,-7.32,0.08
171238,-7.28,0.08
171239,-7.31,0.08
171240,-7.25,0.08
171241,-7.52,0.08
171242,-7.4,0.08
171243,-7.4,0.08
171244,-7.7,0.08
171245,-8.27,0.08
171246,-8.45,0.08
171247,-8.62,0.08
171248,-8.57,0.08
171249,-8.45,0.08
171250,-8.45,0.08
171251,-8.3,0.08
171252,-8.03,0.08
171253,-7.85,0.08
171254,-7.85,0.08
171255,-7.8,0.08
171256,-7.62,0.08
171257,-7.85,0.08
171258,-7.76,0.08
171259,-7.94,0.08
171260,-7.52,0.08
171261,-7.58,0.08
171262,-7.37,0.08
171263,-7.17,0.08
171264,-7.25,0.08
171265,-7.28,0.08
171266,-7.19,0.08
171267,-7.15,0.08
171268,-7.13,0.08
171269,-7.27,0.08
171270,-7.05,0.08
171271,-7.02,0.08
171272,-6.74,0.08
171273,-6.49,0.08
171274,-6.84,0.08
171275,-7.35,0.08
171276,-7.79,0.08
171277,-8.2,0.08
171278,-8.7,0.08
171279,-9.04,0.08
171280,-9.68,0.08
171281,-9.64,0.08
171282,-10.08,0.08
171283,-10.09,0.08
171284,-10.06,0.08
171285,-10.43,0.08
171286,-10.25,0.08
171287,-10.53,0.08
171288,-10.49,0.08
171289,-10.4,0.08
171290,-10.1,0.08
171291,-9.92,0.08
171292,-10.26,0.08
171293,-9.84,0.08
171294,-10.3,0.08
171295,-10.03,0.08
171296,-10.15,0.08
171297,-10.21,0.08
171298,-10.19,0.08
171299,-10.27,0.08
171300,-10.22,0.08
171301,-10.3,0.08
171302,-10.3,0.08
171303,-10.18,0.08
171304,-10.1,0.08
171305,-9.92,0.08
171306,-10.07,0.08
171307,-10.15,0.08
171308,-9.76,0.08
171309,-10.02,0.08
171310,-9.93,0.08
171311,-10.05,0.08
171312,-10.01,0.08
171313,-9.68,0.08
171314,-9.66,0.08
171315,-9.53,0.08
171316,-8.85,0.08
171317,-8.46,0.08
171318,-8.88,0.08
171319,-9.06,0.08
171320,-8.96,0.08
171321,-9.37,0.08
171322,-9.32,0.08
171323,-8.55,0.08
171324,-7.73,0.08
171325,-6.91,0.08
171326,-6.11,0.08
171327,-7,0.08
171328,-7.17,0.08
171329,-7.08,0.08
171330,-6.34,0.08
171331,-4.57,0.08
171332,-5.99,0.08
171333,-6.95,0.08
171334,-6.97,0.08
171335,-6.84,0.08
171336,-6.7,0.08
171337,-7.01,0.08
171338,-6.89,0.08
171339,-6.67,0.08
171340,-7.01,0.08
171341,-6.81,0.08
171342,-6.19,0.08
171343,-6.28,0.08
171344,-7.44,0.08
171345,-9.41,0.08
171346,-9.43,0.08
171347,-9.9,0.08
171348,-10.46,0.08
171349,-10.45,0.08
171350,-10.29,0.08
171351,-10.36,0.08
171352,-10.45,0.08
171353,-10.12,0.08
171354,-9.58,0.08
171355,-8.72,0.08
171356,-9.39,0.08
171357,-10.15,0.08
171358,-9.87,0.08
171359,-10.35,0.08
171360,-10.34,0.08
171361,-10.02,0.08
171362,-9.5,0.08
171363,-10.41,0.08
171364,-10.1,0.08
171365,-10.16,0.08
171366,-9.98,0.08
171367,-9.89,0.08
171368,-9.71,0.08
171369,-9.75,0.08
171370,-9.11,0.08
171371,-9.46,0.08
171372,-9.45,0.08
171373,-9.34,0.08
171374,-8.99,0.08
171375,-8.45,0.08
171376,-8.69,0.08
171377,-8.34,0.08
171378,-8.27,0.08
171379,-8.09,0.08
171380,-7.8,0.08
171381,-7.51,0.08
171382,-7.44,0.08
171383,-7.21,0.08
171384,-6.89,0.08
171385,-6.94,0.08
171386,-6.68,0.08
171387,-6.92,0.08
171388,-6.75,0.08
171389,-6.67,0.08
171390,-6.73,0.08
171391,-6.68,0.08
171392,-6.45,0.08
171393,-6.17,0.08
171394,-6.33,0.08
171395,-6.64,0.08
171396,-6.24,0.08
171397,-5.98,0.08
171398,-6.18,0.08
171399,-6.77,0.08
171400,-6.87,0.08
171401,-6.71,0.08
171402,-6.76,0.08
171403,-7.12,0.08
171404,-7.26,0.08
171405,-7.16,0.08
171406,-7.42,0.08
171407,-7.1,0.08
171408,-6.99,0.08
171409,-7.26,0.08
171410,-8.04,0.08
171411,-8.21,0.08
171412,-8.62,0.08
171413,-9.38,0.08
171414,-9.18,0.08
171415,-9.55,0.08
171416,-9.76,0.08
171417,-9.74,0.08
171418,-9.7,0.08
171419,-9.9,0.08
171420,-9.95,0.08
171421,-10.03,0.08
171422,-10,0.08
171423,-10.01,0.08
171424,-9.94,0.08
171425,-9.68,0.08
171426,-9.79,0.08
171427,-9.86,0.08
171428,-10.05,0.08
171429,-9.87,0.08
171430,-9.94,0.08
171431,-9.91,0.08
171432,-10.03,0.08
171433,-9.69,0.08
171434,-9.95,0.08
171435,-9.96,0.08
171436,-10.09,0.08
171437,-9.73,0.08
171438,-9.86,0.08
171439,-9.84,0.08
171440,-9.74,0.08
171441,-9.88,0.08
171442,-9.91,0.08
171443,-9.95,0.08
171444,-9.9,0.08
171445,-9.61,0.08
171446,-9.91,0.08
171447,-9.9,0.08
171448,-9.59,0.08
171449,-9.4,0.08
171450,-9.57,0.08
171451,-9.63,0.08
171452,-9.51,0.08
171453,-9.14,0.08
171454,-9.61,0.08
171455,-9.54,0.08
171456,-9.71,0.08
171457,-9.55,0.08
171458,-9.47,0.08
171459,-9.67,0.08
171460,-9.33,0.08
171461,-9.27,0.08
171462,-9.17,0.08
171463,-9.31,0.08
171464,-8.98,0.08
171465,-8.93,0.08
171466,-8.62,0.08
171467,-8.79,0.08
171468,-8.57,0.08
171469,-8.2,0.08
171470,-8.41,0.08
171471,-7.71,0.08
171472,-8.45,0.08
171473,-8.48,0.08
171474,-8.52,0.08
171475,-8.49,0.08
171476,-8.26,0.08
171477,-8.4,0.08
171478,-8.34,0.08
171479,-8.02,0.08
171480,-8.04,0.08
171481,-7.55,0.08
171482,-7.46,0.08
171483,-6.62,0.08
171484,-6.32,0.08
171485,-5.79,0.08
171486,-5.77,0.08
171487,-6.09,0.08
171488,-6.03,0.08
171489,-5.77,0.08
171490,-5.96,0.08
171491,-6.01,0.08
171492,-5.89,0.08
171493,-6.35,0.08
171494,-6.4,0.08
171495,-6.84,0.08
171496,-6.98,0.08
171497,-7.25,0.08
171498,-6.99,0.08
171499,-7.23,0.08
171500,-7.04,0.08
171501,-6.2,0.08
171502,-5.69,0.08
171503,-5.41,0.08
171504,-5.53,0.08
171505,-5.82,0.08
171506,-5.76,0.08
171507,-5.81,0.08
171508,-5.74,0.08
171509,-5.39,0.08
171510,-2.89,0.08
171511,-5.94,0.08
171512,-5.83,0.08
171513,-6.23,0.08
171514,-6.43,0.08
171515,-6.84,0.08
171516,-7.23,0.08
171517,-7.28,0.08
171518,-7.14,0.08
171519,-6.92,0.08
171520,-6.75,0.08
171521,-6.51,0.08
171522,-6.05,0.08
171523,-5.2,0.08
171524,-4.85,0.08
171525,-6.06,0.08
171526,-6.47,0.08
171527,-6.54,0.08
171528,-6.22,0.08
171529,-6.22,0.08
171530,-6.68,0.08
171531,-7.11,0.08
171532,-7.43,0.08
171533,-7.24,0.08
171534,-7.26,0.08
171535,-7.74,0.08
171536,-7.53,0.08
171537,-7.42,0.08
171538,-7.48,0.08
171539,-8.28,0.08
171540,-8.35,0.08
171541,-8.3,0.08
171542,-8.13,0.08
171543,-7.88,0.08
171544,-7.92,0.08
171545,-7.49,0.08
171546,-7.29,0.08
171547,-7.39,0.08
171548,-7.18,0.08
171549,-7.54,0.08
171550,-8.53,0.08
171551,-8.39,0.08
171552,-8.67,0.08
171553,-8.66,0.08
171554,-8.86,0.08
171555,-9.14,0.08
171556,-9.06,0.08
171557,-9.34,0.08
171558,-9.34,0.08
171559,-5.74,0.08
171560,-5.88,0.08
171561,-5.88,0.08
171562,-6.05,0.08
171563,-6.2,0.08
171564,-6.4,0.08
171565,-6.57,0.08
171566,-6.65,0.08
171567,-6.74,0.08
171568,-6.74,0.08
171569,-6.91,0.08
171570,-7.15,0.08
171571,-7.07,0.08
171572,-7.16,0.08
171573,-7.12,0.08
171574,-7.51,0.08
171575,-7.8,0.08
171576,-7.8,0.08
171577,-7.97,0.08
171578,-8.21,0.08
171579,-8.38,0.08
171580,-8.43,0.08
171581,-8.37,0.08
171582,-8.34,0.08
171583,-8.09,0.08
171584,-8.36,0.08
171585,-8.54,0.08
171586,-8.52,0.08
171587,-8.64,0.08
171588,-8.61,0.08
171589,-8.64,0.08
171590,-8.66,0.08
171591,-8.58,0.08
171592,-8.6,0.08
171593,-8.49,0.08
171594,-8.37,0.08
171595,-8.54,0.08
171596,-9.01,0.08
171597,-8.99,0.08
171598,-9.17,0.08
171599,-9.25,0.08
171600,-8.93,0.08
171601,-9.17,0.08
171602,-9.03,0.08
171603,-9.39,0.08
171604,-9.55,0.08
171605,-9.64,0.08
171606,-9.59,0.08
171607,-9.56,0.08
171608,-9.55,0.08
171609,-9.53,0.08
171610,-9.39,0.08
171611,-9.42,0.08
171612,-9.58,0.08
171613,-9.61,0.08
171614,-9.74,0.08
171615,-9.44,0.08
171616,-9.78,0.08
171617,-9.71,0.08
171618,-9.85,0.08
171619,-9.97,0.08
171620,-9.94,0.08
171621,-9.94,0.08
171622,-9.96,0.08
171623,-9.66,0.08
171624,-9.67,0.08
171625,-9.39,0.08
171626,-9.03,0.08
171627,-9.16,0.08
171628,-9.48,0.08
171629,-9.45,0.08
171630,-9.27,0.08
171631,-8.76,0.08
171632,-8.43,0.08
171633,-8.04,0.08
171634,-7.65,0.08
171635,-7.68,0.08
171636,-7.42,0.08
171637,-7.68,0.08
171638,-7.63,0.08
171639,-7.78,0.08
171640,-7.76,0.08
171641,-7.82,0.08
171642,-7.94,0.08
171643,-8.03,0.08
171644,-8.1,0.08
171645,-8.19,0.08
171646,-8.3,0.08
171647,-8.39,0.08
171648,-8.4,0.08
171649,-8.45,0.08
171650,-8.55,0.08
171651,-8.63,0.08
171652,-8.75,0.08
171653,-8.87,0.08
171654,-8.92,0.08
171655,-8.83,0.08
171656,-8.94,0.08
171657,-9.07,0.08
171658,-8.83,0.08
171659,-9,0.08
171660,-9.06,0.08
171661,-9.06,0.08
171662,-9.13,0.08
171663,-9.09,0.08
171664,-8.93,0.08
171665,-8.78,0.08
171666,-8.67,0.08
171667,-8.63,0.08
171668,-8.75,0.08
171669,-8.8,0.08
171670,-8.57,0.08
171671,-9.07,0.08
171672,-9.51,0.08
171673,-9.42,0.08
171674,-9.59,0.08
171675,-9.26,0.08
171676,-9.39,0.08
171677,-9.32,0.08
171678,-8.9,0.08
171679,-8.75,0.08
171680,-8.68,0.08
171681,-8.39,0.08
171682,-8.19,0.08
171683,-7.37,0.08
171684,-8.44,0.08
171685,-8.71,0.08
171686,-8.75,0.08
171687,-9.22,0.08
171688,-9.34,0.08
171689,-9.64,0.08
171690,-9.65,0.08
171691,-9.69,0.08
171692,-9.7,0.08
171693,-9.8,0.08
171694,-9.82,0.08
171695,-9.87,0.08
171696,-9.94,0.08
171697,-9.89,0.08
171698,-9.82,0.08
171699,-9.95,0.08
171700,-10.03,0.08
171701,-10.04,0.08
171702,-10.1,0.08
171703,-10.01,0.08
171704,-9.87,0.08
171705,-10.07,0.08
171706,-9.93,0.08
171707,-10.01,0.08
171708,-10.12,0.08
171709,-10.05,0.08
171710,-10.11,0.08
171711,-10.05,0.08
171712,-9.99,0.08
171713,-10.1,0.08
177200,-3.73,0.1
177201,-3.879,0.1
177202,-3.65,0.1
177203,-3.72,0.1
177204,-3.91,0.1
177205,-4.15,0.1
177206,-3.81,0.1
177207,-3.61,0.1
177208,-3.51,0.1
177209,-3.81,0.1
177210,-3.54,0.1
177211,-3.63,0.1
177212,-3.39,0.1
177213,-3.8,0.1
177214,-3.87,0.1
177215,-3.75,0.1
177216,-4.231,0.1
177217,-3.6,0.1
177218,-4.08,0.1
177219,-3.84,0.1
177220,-3.57,0.1
177221,-3.72,0.1
177222,-3.9,0.1
177223,-3.52,0.1
177224,-3.82,0.1
177225,-4.21,0.1
177226,-3.82,0.1
177227,-3.64,0.1
177228,-3.84,0.1
177229,-3.64,0.1
177230,-3.58,0.1
177231,-3.61,0.1
177232,-3.84,0.1
177233,-3.86,0.1
177234,-4.15,0.1
177235,-4.27,0.1
177236,-3.814,0.1
177237,-4.16,0.1
177238,-3.68,0.1
177239,-3.99,0.1
177240,-3.64,0.1
177241,-3.99,0.1
177242,-3.87,0.1
177243,-3.64,0.1
177244,-3.83,0.1
177245,-4.23,0.1
177246,-4.3,0.1
177247,-3.83,0.1
177248,-3.84,0.1
177249,-3.59,0.1
177250,-3.74,0.1
177251,-3.74,0.1
177252,-3.92,0.1
177253,-3.94,0.1
177254,-3.91,0.1
177255,-3.724,0.1
177256,-4.061,0.1
177257,-3.57,0.1
177258,-3.49,0.1
177259,-4.07,0.1
177260,-3.92,0.1
177261,-3.86,0.1
177262,-3.63,0.1
177263,-3.5,0.1
177264,-3.73,0.1
177265,-3.75,0.1
177266,-3.75,0.1
177267,-3.53,0.1
177268,-3.59,0.1
177269,-3.56,0.1
177270,-3.67,0.1
177271,-3.59,0.1
177272,-3.69,0.1
177273,-3.59,0.1
177274,-3.54,0.1
177275,-3.752,0.1
177276,-3.7,0.1
177277,-3.92,0.1
177278,-3.57,0.1
177279,-3.82,0.1
177280,-4.11,0.1
177281,-3.64,0.1
177282,-3.45,0.1
177283,-3.35,0.1
177284,-3.6,0.1
177285,-3.47,0.1
177286,-3.39,0.1
177287,-3.74,0.1
177288,-3.65,0.1
177289,-3.79,0.1
177290,-3.73,0.1
177291,-3.87,0.1
177292,-3.23,0.1
177293,-3.81,0.1
177294,-3.33,0.1
177295,-3.45,0.1
177296,-3.25,0.1
177297,-3.53,0.1
177298,-3.44,0.1
177299,-3.16,0.1
177300,-3.62,0.1
177301,-3.73,0.1
177302,-3.412,0.1
177303,-3.46,0.1
177304,-3.64,0.1
177305,-3.65,0.1
177306,-3.42,0.1
177307,-3.35,0.1
177308,-3.2,0.1
177309,-3.43,0.1
177310,-3.72,0.1
177311,-3.41,0.1
177312,-3.35,0.1
177313,-3.218,0.1
177314,-3.34,0.1
177315,-3.65,0.1
177316,-3.4,0.1
177317,-3.09,0.1
177318,-3.06,0.1
177319,-3.17,0.1
177320,-3.19,0.1
177321,-3.44,0.1
177322,-2.86,0.1
177323,-2.9,0.1
177324,-2.82,0.1
177325,-3.05,0.1
177326,-3.07,0.1
177327,-2.89,0.1
177328,-2.85,0.1
177329,-2.99,0.1
177330,-3.14,0.1
177331,-2.64,0.1
177332,-2.838,0.1
177333,-3.62,0.1
177334,-3.42,0.1
177335,-3.032,0.1
177336,-3.208,0.1
177337,-2.97,0.1
177338,-2.79,0.1
177339,-2.8,0.1
177340,-3.146,0.1
177341,-2.867,0.1
177342,-2.856,0.1
177343,-3.277,0.1
177344,-2.963,0.1
177345,-2.9,0.1
177346,-3.007,0.1
177347,-3.099,0.1
177348,-3.198,0.1
177349,-3.216,0.1
177350,-3.22,0.1
177351,-2.843,0.1
177352,-2.804,0.1
177353,-3.022,0.1
177354,-2.97,0.1
177355,-2.89,0.1
177356,-2.68,0.1
177357,-3.024,0.1
177358,-2.86,0.1
177359,-3.4,0.1
177360,-3.469,0.1
177361,-3.136,0.1
177362,-2.58,0.1
177363,-2.48,0.1
177364,-2.65,0.1
177365,-2.99,0.1
177366,-2.88,0.1
177367,-2.71,0.1
177368,-2.61,0.1
177369,-2.65,0.1
177370,-2.77,0.1
177371,-3.011,0.1
177372,-2.55,0.1
177373,-2.88,0.1
177374,-3.26,0.1
177375,-2.45,0.1
177376,-2.59,0.1
177377,-2.53,0.1
177378,-2.65,0.1
177379,-3.09,0.1
177380,-2.447,0.1
177381,-2.724,0.1
177382,-2.45,0.1
177383,-2.83,0.1
177384,-2.66,0.1
177385,-2.37,0.1
177386,-2.47,0.1
177387,-2.56,0.1
177388,-2.65,0.1
177389,-2.98,0.1
177390,-2.1085,0.1
177391,-2.3,0.1
177392,-2.624,0.1
177393,-2.69,0.1
177394,-3.04,0.1
177395,-2.52,0.1
177396,-2.7,0.1
177397,-3.03,0.1
177398,-2.85,0.1
177399,-2.7,0.1
177400,-2.7,0.1
177401,-3.02,0.1
177402,-3.16,0.1
177403,-2.82,0.1
177404,-2.682,0.1
177405,-2.78,0.1
177406,-2.69,0.1
177407,-2.55,0.1
177408,-2.36,0.1
177409,-2.2,0.1
177410,-2.07,0.1
177411,-2.37,0.1
177412,-2.24,0.1
177413,-2.5,0.1
177414,-2.49,0.1
177415,-2.39,0.1
177416,-2.54,0.1
177417,-2.49,0.1
177418,-2.53,0.1
177419,-2.424,0.1
177420,-2.48,0.1
177421,-2.5,0.1
177422,-2.24,0.1
177423,-2.52,0.1
177424,-2.62,0.1
177425,-2.39,0.1
177426,-2.54,0.1
177427,-2.64,0.1
177428,-2.53,0.1
177429,-2.92,0.1
177430,-2.532,0.1
177431,-3.05,0.1
177432,-2.65,0.1
177433,-2.52,0.1
177434,-2.62,0.1
177435,-3.23,0.1
177436,-3.12,0.1
177437,-3.03,0.1
177438,-3.49,0.1
177439,-2.77,0.1
177440,-2.92,0.1
177441,-2.75,0.1
177442,-2.38,0.1
177443,-2.78,0.1
177444,-2.69,0.1
177445,-2.72,0.1
177446,-2.89,0.1
177447,-2.95,0.1
177448,-2.8,0.1
177449,-2.48,0.1
177450,-3.18,0.1
177451,-3.01,0.1
177452,-2.66,0.1
177453,-2.87,0.1
177454,-2.98,0.1
177455,-2.86,0.1
177456,-3.22,0.1
177457,-2.56,0.1
177458,-3.74,0.1
177459,-2.17,0.1
177460,-3.28,0.1
177461,-2.83,0.1
177462,-2.99,0.1
177463,-2.87,0.1
177464,-3.01,0.1
177465,-2.56,0.1
177466,-2.99,0.1
177467,-2.85,0.1
177468,-2.78,0.1
177469,-2.52,0.1
177470,-3.6,0.1
177471,-3.68,0.1
177472,-2.87,0.1
177473,-2.87,0.1
177474,-2.9,0.1
177475,-2.67,0.1
177476,-3.07,0.1
177477,-3.09,0.1
177478,-2.35,0.1
177479,-2.79,0.1
177480,-2.49,0.1
177481,-2.71,0.1
177482,-2.49,0.1
177483,-2.8,0.1
177484,-2.31,0.1
177485,-2.75,0.1
177486,-2.05,0.1
177487,-2.42,0.1
177488,-2.32,0.1
177489,-2.19,0.1
177490,-2.79,0.1
177491,-1.57,0.1
177492,-2.37,0.1
177493,-1.68,0.1
177494,-1.51,0.1
177495,-2.06,0.1
177496,-2.83,0.1
177497,-2,0.1
177498,-1.27,0.1
177499,-1.84,0.1
177500,-2.05,0.1
177501,-1.71,0.1
177502,-1.53,0.1
177503,-1.65,0.1
177504,-1.82,0.1
177505,-2.15,0.1
177506,-2.92,0.1
177507,-1.99,0.1
177508,-1.74,0.1
177509,-2.13,0.1
177510,-2.05,0.1
177511,-1.52,0.1
177512,-2.08,0.1
177513,-2,0.1
177514,-2.29,0.1
177515,-2.25,0.1
177516,-1.89,0.1
177517,-2.16,0.1
177518,-2.19,0.1
177519,-2.32,0.1
177520,-1.98,0.1
177521,-2.75,0.1
177522,-3.15,0.1
177523,-3.37,0.1
177524,-3.64,0.1
177525,-3.53,0.1
177526,-3.41,0.1
177527,-2.99,0.1
177528,-3.33,0.1
177529,-3.07,0.1
177530,-2.03,0.1
177531,-2.39,0.1
177532,-2.27,0.1
177533,-2.04,0.1
177534,-1.82,0.1
177535,-1.97,0.1
177536,-2.2,0.1
177537,-2.55,0.1
177538,-2.32,0.1
177539,-2.54,0.1
177540,-2.82,0.1
177541,-4.25,0.1
177542,-4.37,0.1
177543,-4.38,0.1
177544,-4.41,0.1
177545,-4.45,0.1
177546,-4.32,0.1
177547,-4.49,0.1
177548,-4.36,0.1
177549,-4.83,0.1
177550,-4.35,0.1
177551,-4.38,0.1
177552,-4.45,0.1
177553,-4.17,0.1
177554,-4.29,0.1
177555,-4.08,0.1
177556,-3.77,0.1
177557,-3.88,0.1
177558,-4.58,0.1
177559,-3.74,0.1
177560,-3.49,0.1
177561,-3.44,0.1
177562,-3.41,0.1
177563,-3.28,0.1
177564,-3.35,0.1
177565,-3.31,0.1
177566,-3.06,0.1
177567,-2.78,0.1
177568,-3.23,0.1
177569,-3.32,0.1
177570,-3.7,0.1
177571,-3.09,0.1
177572,-2.87,0.1
177573,-3.12,0.1
177574,-3.51,0.1
177575,-3.4,0.1
177576,-3,0.1
177577,-3.46,0.1
177578,-3.8,0.1
177579,-3.21,0.1
177580,-3.07,0.1
177581,-3.19,0.1
177582,-2.96,0.1
177583,-3.24,0.1
177584,-3.09,0.1
177585,-2.74,0.1
177586,-3.11,0.1
177587,-3.16,0.1
177588,-2.8,0.1
177589,-3.43,0.1
177590,-3.36,0.1
177591,-3.44,0.1
177592,-2.8,0.1
177593,-3.28,0.1
177594,-2.98,0.1
177595,-3,0.1
177596,-3.05,0.1
177597,-3.19,0.1
177598,-2.79,0.1
177599,-3.49,0.1
177600,-3.89,0.1
177601,-3.43,0.1
177602,-2.79,0.1
177603,-2.76,0.1
177604,-2.95,0.1
177605,-2.76,0.1
177606,-2.82,0.1
177607,-2.99,0.1
177608,-2.23,0.1
177609,-2.88,0.1
177610,-2.31,0.1
177611,-2.31,0.1
177612,-1.96,0.1
177613,-2.04,0.1
177614,-2.38,0.1
177615,-2.69,0.1
177616,-2.91,0.1
177617,-2.77,0.1
177618,-2.86,0.1
177619,-2.24,0.1
177620,-1.75,0.1
177621,-1.83,0.1
177622,-2.18,0.1
177623,-2.78,0.1
177624,-3.46,0.1
177625,-2.97,0.1
177626,-3.18,0.1
177627,-3.28,0.1
177628,-3.31,0.1
177629,-3.45,0.1
177630,-3.55,0.1
177631,-3.42,0.1
177632,-2.22,0.1
177633,-1.38,0.1
177634,-3.17,0.1
177635,-2.56,0.1
177636,-3.18,0.1
177637,-2.71,0.1
177638,-2.97,0.1
177639,-2.99,0.1
177640,-2.54,0.1
177641,-2.4,0.1
177642,-2.54,0.1
177643,-2.92,0.1
177644,-3.14,0.1
177645,-3.06,0.1
177646,-3.5,0.1
177647,-3.38,0.1
177648,-2.71,0.1
177649,-2.42,0.1
177650,-2.66,0.1
177651,-2.77,0.1
177652,-2.98,0.1
177653,-2.39,0.1
177654,-2.76,0.1
177655,-3.2,0.1
177656,-2.42,0.1
177657,-2.96,0.1
177658,-3.62,0.1
177659,-3.17,0.1
177660,-2.85,0.1
177661,-3.05,0.1
177662,-4.01,0.1
177663,-3.63,0.1
177664,-3.59,0.1
177665,-3.06,0.1
177666,-3.22,0.1
177667,-3.15,0.1
177668,-3.56,0.1
177669,-3.59,0.1
177670,-3.41,0.1
177671,-3.31,0.1
177672,-2.81,0.1
177673,-4.28,0.1
177674,-3.88,0.1
177675,-3.96,0.1
177676,-4.36,0.1
177677,-4.73,0.1
177678,-4,0.1
177679,-4.31,0.1
177680,-4.52,0.1
177681,-5.41,0.1
177682,-5.23,0.1
177683,-4.84,0.1
177684,-4.27,0.1
177685,-3.88,0.1
177686,-3.68,0.1
177687,-3.94,0.1
177688,-4.5,0.1
177689,-4.31,0.1
177690,-3.93,0.1
177691,-3.6,0.1
177692,-4.46,0.1
177693,-2.86,0.1
177694,-3.73,0.1
177695,-3.15,0.1
177696,-3.58,0.1
177697,-4.78,0.1
177698,-4.95,0.1
177699,-3.66,0.1
177700,-4.5,0.1
177701,-4.28,0.1
177702,-4.74,0.1
177703,-3.8,0.1
177704,-4.29,0.1
177705,-2.94,0.1
177706,-3.47,0.1
177707,-3.29,0.1
177708,-4.16,0.1
177709,-3.95,0.1
177710,-3.94,0.1
177711,-3.86,0.1
177712,-3.81,0.1
177713,-3.54,0.1
177714,-3.2,0.1
177715,-3.54,0.1
177716,-3.12,0.1
177717,-3.59,0.1
177718,-2.84,0.1
177719,-2.95,0.1
177720,-2.56,0.1
177721,-2.32,0.1
177722,-2.79,0.1
177723,-2.32,0.1
177724,-1.97,0.1
177725,-1.81,0.1
177726,-1.78,0.1
177727,-1.76,0.1
177728,-1.4,0.1
177729,-1.94,0.1
177730,-2.91,0.1
177731,-2.84,0.1
177732,-2.19,0.1
177733,-1.71,0.1
177734,-1.57,0.1
177735,-1.92,0.1
177736,-1.88,0.1
177737,-2.94,0.1
177738,-1.9,0.1
177739,-3.16,0.1
177740,-3,0.1
177741,-3.39,0.1
177742,-3.12,0.1
177743,-3.15,0.1
177744,-3.13,0.1
177745,-3.21,0.1
177746,-3.18,0.1
177747,-3.84,0.1
177748,-3.83,0.1
177749,-3.53,0.1
177750,-3.17,0.1
177751,-3.49,0.1
177752,-2.87,0.1
177753,-3.39,0.1
177754,-3.3,0.1
177755,-3.16,0.1
177756,-2.57,0.1
177757,-3.73,0.1
177758,-3.22,0.1
177759,-3.49,0.1
177760,-3.79,0.1
177761,-2.99,0.1
177762,-3.08,0.1
177763,-2.56,0.1
177764,-3.46,0.1
177765,-2.92,0.1
177766,-3.91,0.1
177767,-3.16,0.1
177768,-3.14,0.1
177769,-3.25,0.1
177770,-2.07,0.1
177771,-3.35,0.1
177772,-0.36,0.1
177773,-0.23,0.1
177774,-2.01,0.1
177775,-2.33,0.1
177776,-3.33,0.1
177777,-3.02,0.1
177778,-3.16,0.1
177779,-2.88,0.1
177780,-3.72,0.1
177781,-3,0.1
177782,-3.89,0.1
177783,-3.69,0.1
177784,-3.9,0.1
177785,-3.91,0.1
177786,-3.28,0.1
177787,-3.17,0.1
177788,-3.16,0.1
177789,-2.89,0.1
177790,-2.79,0.1
177791,-3.16,0.1
177792,-3.32,0.1
177793,-3.06,0.1
177794,-3.11,0.1
177795,-2.67,0.1
177796,-3.53,0.1
177797,-3.31,0.1
177798,-3.95,0.1
177799,-3.93,0.1
177800,-4.14,0.1
177801,-4.16,0.1
177802,-4.14,0.1
177803,-4.61,0.1
177804,-3.17,0.1
177805,-3.08,0.1
177806,-3.12,0.1
177807,-2.79,0.1
177808,-2.71,0.1
177809,-3.04,0.1
177810,-2.54,0.1
177811,-2.57,0.1
177812,-2.6,0.1
177813,-2.7,0.1
177814,-2.62,0.1
177815,-3.2,0.1
177816,-2.97,0.1
177817,-2.8,0.1
177818,-2.42,0.1
177819,-2.92,0.1
177820,-3.23,0.1
177821,-3.73,0.1
177822,-3.46,0.1
177823,-3.09,0.1
177824,-3.37,0.1
177825,-3.34,0.1
177826,-3.63,0.1
177827,-3.57,0.1
177828,-3.42,0.1
177829,-3.19,0.1
177830,-2.87,0.1
177831,-1.8,0.1
177832,-1.91,0.1
177833,-2.2,0.1
177834,-1.81,0.1
177835,-2.06,0.1
177836,-1.89,0.1
177837,-2.3,0.1
177838,-2.08,0.1
177839,-2.02,0.1
177840,-2.02,0.1
177841,-2.01,0.1
177842,-1.86,0.1
177843,-2.02,0.1
177844,-2,0.1
177845,-1.65,0.1
177846,-1.6,0.1
177847,-2.24,0.1
177848,-2.01,0.1
177849,-1.78,0.1
177850,-1.52,0.1
177851,-1.75,0.1
177852,-1.43,0.1
177853,-1.96,0.1
177854,-1.55,0.1
177855,-1.5,0.1
177856,-1.83,0.1
177857,-1.62,0.1
177858,-1.5,0.1
177859,-1.22,0.1
177860,-1.42,0.1
177861,-1.02,0.1
177862,-1.65,0.1
177863,-2.63,0.1
177864,-2.08,0.1
177865,-1.74,0.1
177866,-1.69,0.1
177867,-1.14,0.1
177868,-1.47,0.1
177869,-1.45,0.1
177870,-1.6,0.1
177871,-1.32,0.1
177872,-1.16,0.1
177873,-1.34,0.1
177874,-1.54,0.1
177875,-1.18,0.1
177876,-1.45,0.1
177877,-1.53,0.1
177878,-1.46,0.1
177879,-1.36,0.1
177880,-1.3,0.1
177881,-1.51,0.1
177882,-1.82,0.1
177883,-1.41,0.1
177884,-1.93,0.1
177885,-2.07,0.1
177886,-1.78,0.1
177887,-1.82,0.1
177888,-1.65,0.1
177889,-1.73,0.1
177890,-1.78,0.1
177891,-1.75,0.1
177892,-1.85,0.1
177893,-1.51,0.1
177894,-2.19,0.1
177895,-2.15,0.1
177896,-3.25,0.1
177897,-3.02,0.1
177898,-2.75,0.1
177899,-3.67,0.1
177900,-3.91,0.1
177901,-3.76,0.1
177902,-4.21,0.1
177903,-4.32,0.1
177904,-4.28,0.1
177905,-3.91,0.1
177906,-4.08,0.1
177907,-4.33,0.1
177908,-4.22,0.1
177909,-4.46,0.1
177910,-4.49,0.1
177911,-3.89,0.1
177912,-4.68,0.1
177913,-3.79,0.1
177914,-4.17,0.1
177915,-3.9,0.1
177916,-3.84,0.1
177917,-4.27,0.1
177918,-4.34,0.1
177919,-4.02,0.1
177920,-4.35,0.1
177921,-4.64,0.1
177922,-4.74,0.1
177923,-4.64,0.1
177924,-4.44,0.1
177925,-4.42,0.1
177926,-3.94,0.1
177927,-3.33,0.1
177928,-3.07,0.1
177929,-3.38,0.1
177930,-3.22,0.1
177931,-3.52,0.1
177932,-3.22,0.1
177933,-3.75,0.1
177934,-3.75,0.1
177935,-3.26,0.1
177936,-3.62,0.1
177937,-3.8,0.1
177938,-3.73,0.1
177939,-3.73,0.1
177940,-4.12,0.1
177941,-3.72,0.1
177942,-3.62,0.1
177943,-3.61,0.1
177944,-3.83,0.1
177945,-3.84,0.1
177946,-3.92,0.1
177947,-4.2,0.1
177948,-4.07,0.1
177949,-4.61,0.1
177950,-4.13,0.1
177951,-4.4,0.1
177952,-4.28,0.1
177953,-4.43,0.1
177954,-4.36,0.1
177955,-3.94,0.1
177956,-4.2,0.1
177957,-4.22,0.1
177958,-3.97,0.1
177959,-4.57,0.1
177960,-4.23,0.1
177961,-4.36,0.1
177962,-4.51,0.1
177963,-4.33,0.1
177964,-4.26,0.1
177965,-4.45,0.1
177966,-4.5,0.1
177967,-4.55,0.1
177968,-4.33,0.1
177969,-4.23,0.1
177970,-4.32,0.1
177971,-4.57,0.1
177972,-3.75,0.1
177973,-4.28,0.1
177974,-4.47,0.1
177975,-4.13,0.1
177976,-3.67,0.1
177977,-3.84,0.1
177978,-3.61,0.1
177979,-4.13,0.1
177980,-3.89,0.1
177981,-3.82,0.1
177982,-3.49,0.1
177983,-3.46,0.1
177984,-3.61,0.1
177985,-3.53,0.1
177986,-2.7,0.1
177987,-3.41,0.1
177988,-3.15,0.1
177989,-3.36,0.1
177990,-3.06,0.1
177991,-3.16,0.1
177992,-3.02,0.1
177993,-2.73,0.1
177994,-2.56,0.1
177995,-2.66,0.1
177996,-3.24,0.1
177997,-2.64,0.1
177998,-2.46,0.1
177999,-2.06,0.1
178000,-2.18,0.1
178001,-1.79,0.1
178002,-2.83,0.1
178003,-2.19,0.1
178004,-2.06,0.1
178005,-1.96,0.1
178006,-1.5,0.1
178007,-1.81,0.1
178008,-1.88,0.1
178009,-2.29,0.1
178010,-1.49,0.1
178011,-1.54,0.1
178012,-2.03,0.1
178013,-1.78,0.1
178014,-1.49,0.1
178015,-1.57,0.1
178016,-1.66,0.1
178017,-1.06,0.1
178018,-1.6,0.1
178019,-0.94,0.1
178020,-0.96,0.1
178021,-1.23,0.1
178022,-1.09,0.1
178023,-1.09,0.1
178024,-0.67,0.1
178025,-0.27,0.1
178026,-1.17,0.1
178027,-0.5,0.1
178028,-1.01,0.1
178029,-0.98,0.1
178030,-0.73,0.1
178031,-1.03,0.1
178032,-0.48,0.1
178033,-1.3,0.1
178034,-0.35,0.1
178035,-1.11,0.1
178036,-0.39,0.1
178037,-0.77,0.1
178038,-1.02,0.1
178039,-1.06,0.1
178040,-1.08,0.1
178041,-1.27,0.1
178042,-1.42,0.1
178043,-2.24,0.1
178044,-1.74,0.1
178045,-1.95,0.1
178046,-2.25,0.1
178047,-2.89,0.1
178048,-2.75,0.1
178049,-1.76,0.1
178050,-2.08,0.1
178051,-1.43,0.1
178052,-1.01,0.1
178053,-1.01,0.1
178054,-0.7,0.1
178055,-1.06,0.1
178056,-1.43,0.1
178057,-1.6,0.1
178058,-0.87,0.1
178059,-1.48,0.1
178060,-1.96,0.1
178061,-1.54,0.1
178062,-1.34,0.1
178063,-1.5,0.1
178064,-1.85,0.1
178065,-1.99,0.1
178066,-1.69,0.1
178067,-2.52,0.1
178068,-1.99,0.1
178069,-2.03,0.1
178070,-1.83,0.1
178071,-2.8,0.1
178072,-2.34,0.1
178073,-2.2,0.1
178074,-2.34,0.1
178075,-2.49,0.1
178076,-2.14,0.1
178077,-2.39,0.1
178078,-2.92,0.1
178079,-3.87,0.1
178080,-4.3,0.1
178081,-4.51,0.1
178082,-3.21,0.1
178083,-4.27,0.1
178084,-3.32,0.1
178085,-4.63,0.1
178086,-3.47,0.1
178087,-4.18,0.1
178088,-3.36,0.1
178089,-3.74,0.1
178090,-2.47,0.1
178091,-3.13,0.1
178092,-2.69,0.1
178093,-2.94,0.1
178094,-2.8,0.1
178095,-3.13,0.1
178096,-3.28,0.1
178097,-3.27,0.1
178098,-3.02,0.1
178099,-3.53,0.1
178100,-3.29,0.1
178101,-3.33,0.1
178102,-3.09,0.1
178103,-3.47,0.1
178104,-3.52,0.1
178105,-4.08,0.1
178106,-4.11,0.1
178107,-4.12,0.1
178108,-4.17,0.1
178109,-3.86,0.1
178110,-4.14,0.1
178111,-4.18,0.1
178112,-3.76,0.1
178113,-3.89,0.1
178114,-3.98,0.1
178115,-4.02,0.1
178116,-3.51,0.1
178117,-3.73,0.1
178118,-3.75,0.1
178119,-4.02,0.1
178120,-4.87,0.1
178121,-5.14,0.1
178122,-5.41,0.1
178123,-5.27,0.1
178124,-5.4,0.1
178125,-5.42,0.1
178126,-5.37,0.1
178127,-5.38,0.1
178128,-5.54,0.1
178129,-5.22,0.1
178130,-5.11,0.1
178131,-5.21,0.1
178132,-5.02,0.1
178133,-5.38,0.1
178134,-5.08,0.1
178135,-4.83,0.1
178136,-4.93,0.1
178137,-4.87,0.1
178138,-4.68,0.1
178139,-4.68,0.1
178140,-3.04,0.1
178141,-3.17,0.1
178142,-3.16,0.1
178143,-2.99,0.1
178144,-3.68,0.1
178145,-3.35,0.1
178147,1.36,0.1
178148,-1.06,0.1
178149,-1.94,0.1
178150,-1.04,0.1
178151,-1.18,0.1
178152,-1.26,0.1
178153,-0.43,0.1
178154,0.52,0.1
178155,0.15,0.1
178156,-1.37,0.1
178157,-1.6,0.1
178158,-1.65,0.1
178159,-1.68,0.1
178160,-1.88,0.1
178161,-1.2,0.1
178162,-1.35,0.1
178163,-2.17,0.1
178164,-1.75,0.1
178165,-1.81,0.1
178166,-2.14,0.1
178167,-1.97,0.1
178168,-2.16,0.1
178169,-2.08,0.1
178170,-2.22,0.1
178171,-2.06,0.1
178172,-2.17,0.1
178173,-2.06,0.1
178174,-2.35,0.1
178175,-1.95,0.1
178176,-2.23,0.1
178177,-1.88,0.1
178178,-1.86,0.1
178179,-1.26,0.1
178180,-0.88,0.1
178181,-1.18,0.1
178182,-1.28,0.1
178183,-0.47,0.1
178184,-0.96,0.1
178185,-1.21,0.1
178186,-1.74,0.1
178187,-1.6,0.1
178188,-1.4,0.1
178189,-1.26,0.1
178190,-0.15,0.1
178191,-0.04,0.1
178192,0.39,0.1
178193,-0.64,0.1
178194,-1.59,0.1
178195,-1.09,0.1
178196,-1.99,0.1
178197,-2.01,0.1
178198,-2.12,0.1
178199,-2.41,0.1
178200,-2.17,0.1
178201,-2.17,0.1
178202,-2.04,0.1
178203,-2.11,0.1
178204,-1.86,0.1
178205,-2.32,0.1
178206,-2.46,0.1
178207,-2.34,0.1
178208,-2.09,0.1
178209,-2.51,0.1
178210,-1.71,0.1
178211,-2.29,0.1
178212,-1.63,0.1
178213,-1.88,0.1
178214,-1.62,0.1
178215,-1.75,0.1
178216,-1.47,0.1
178217,-1.42,0.1
178218,-1.68,0.1
178219,-1.57,0.1
178220,-1.62,0.1
178221,-1.26,0.1
178222,-1.45,0.1
178223,-1.37,0.1
178224,-1.33,0.1
178225,-1.35,0.1
178226,-1.63,0.1
178227,-1.35,0.1
178228,-1.2,0.1
178229,-1.3,0.1
178230,-1.08,0.1
178231,-0.89,0.1
178232,-0.61,0.1
178233,-2.41,0.1
178234,-0.47,0.1
178235,-0.72,0.1
178236,-0.52,0.1
178237,-0.28,0.1
178238,-0.31,0.1
178239,-0.8,0.1
178240,-0.31,0.1
178241,-0.24,0.1
178242,-0.71,0.1
178243,-0.09,0.1
178244,2.27,0.1
178245,3.14,0.1
178247,-0.09,0.1
178248,-0.98,0.1
178249,-1.4,0.1
178250,-1.53,0.1
178251,-0.12,0.1
178252,-0.93,0.1
178253,-2.51,0.1
178254,-2.6,0.1
178255,-2.38,0.1
178256,-2.32,0.1
178257,-2.08,0.1
178258,-0.69,0.1
178259,-1.4,0.1
178260,-2.34,0.1
178261,-2.51,0.1
178262,-2.48,0.1
178263,-2.67,0.1
178264,-2.23,0.1
178265,-2.64,0.1
178266,-2.56,0.1
178267,-2.6,0.1
178268,-2.81,0.1
178269,-3.96,0.1
178270,-4.15,0.1
178271,-4.32,0.1
178272,-4.15,0.1
178273,-3.62343457774,0.1
178274,-3.63,0.1
178275,-3.63,0.1
178276,-3.71,0.1
178277,-3.48,0.1
178278,-3.69,0.1
178279,-3.63,0.1
178280,-3.79,0.1
178281,-3.77,0.1
178282,-4.18,0.1
178283,-4.28,0.1
178284,-4.07,0.1
178285,-4.3,0.1
178286,-4.15,0.1
178287,-4.83,0.1
178288,-4.55,0.1
178289,-4.24,0.1
178290,-4.35,0.1
178291,-4.51,0.1
178292,-4.4,0.1
178293,-4.45,0.1
178294,-4.73,0.1
178295,-4.68,0.1
178296,-4.62,0.1
178297,-4.59,0.1
178298,-4.5,0.1
178299,-4.79,0.1
178300,-4.57,0.1
178301,-4.51599590055,0.1
178302,-4.47385505637,0.1
178303,-4.17598886475,0.1
178304,-4.0661054497,0.1
178305,-3.94483276439,0.1
178306,-4.07698273546,0.1
178307,-4.0751111779,0.1
178308,-4.336412685,0.1
178309,-4.25598800914,0.1
178310,-3.76653153015,0.1
178311,-4.46,0.1
178312,-3.93691001379,0.1
178313,-3.67022170853,0.1
178314,-3.74863362051,0.1
178315,-3.95981599858,0.1
178316,-3.83418686706,0.1
178317,-3.67576864678,0.1
178318,-3.94651765388,0.1
178319,-4.1869887737,0.1
178320,-3.91971961797,0.1
178321,-4.08700101342,0.1
178322,-3.64558437642,0.1
178323,-3.63236688271,0.1
178324,-3.65180018003,0.1
178325,-3.70819603379,0.1
178326,-4.11750017707,0.1
178327,-3.87468459397,0.1
178328,-3.90283929435,0.1
178329,-3.73573449447,0.1
178330,-3.82070419711,0.1
178331,-3.76367855676,0.1
178332,-4.03855847839,0.1
178333,-3.98777282682,0.1
178334,-4.09163113186,0.1
178335,-4.00590375211,0.1
178336,-4.12728640967,0.1
178337,-4.08,0.1
178338,-4.17798304549,0.1
178339,-3.8,0.1
178340,-4.14700832792,0.1
178341,-3.97310020737,0.1
178342,-4.28732214957,0.1
178343,-4.58,0.1
178344,-4.25,0.1
178345,-4.20538786474,0.1
178346,-4.23408674827,0.1
178347,-4.50336555415,0.1
178348,-3.81,0.1
178349,-4.58186297174,0.1
178350,-4.53508949943,0.1
178351,-4.79706474718,0.1
178352,-4.58295667772,0.1
178353,-4.48635340189,0.1
178354,-4.6335490485,0.1
178355,-4.37,0.1
178356,-4.53984281402,0.1
178357,-4.42202104725,0.1
178358,-4.35170577622,0.1
178359,-4.33059744677,0.1
178360,-4.76485014072,0.1
178361,-4.9,0.1
178362,-4.31249116206,0.1
178363,-4.03,0.1
178364,-4.15,0.1
178365,-4.55119941878,0.1
178366,-4.49684291743,0.1
178367,-4.74847484946,0.1
178368,-4.43900946176,0.1
178369,-5.12984557654,0.1
178370,-5.25,0.1
178371,-4.41,0.1
178372,-4.88257217084,0.1
178373,-4.24035344749,0.1
178374,-4.38543645568,0.1
178375,-4.61,0.1
178376,-4.3558561977,0.1
178377,-4.52732140557,0.1
178378,-4.61,0.1
178379,-4.37023068899,0.1
178380,-4.88354719173,0.1
178381,-4.98247452285,0.1
178382,-4.70588083542,0.1
178383,-5.08336896146,0.1
178384,-5.04,0.1
178385,-4.80287331744,0.1
178386,-4.72273966611,0.1
178387,-4.89,0.1
178388,-4.46,0.1
178389,-4.62707355561,0.1
178390,-5.07076728595,0.1
178391,-5.27263098073,0.1
178392,-5.26,0.1
178393,-5.31435294674,0.1
178394,-5.18234492947,0.1
178395,-5.7846185051,0.1
178396,-5.50433437444,0.1
178397,-5.64991358728,0.1
178398,-5.57,0.1
178399,-5.42,0.1
178400,-5.41221607946,0.1
178401,-5.24,0.1
178402,-5.50062622898,0.1
178403,-5.60569050281,0.1
178404,-5.63478334311,0.1
178405,-5.46,0.1
178406,-5.53,0.1
178407,-5.9315960995,0.1
178408,-5.11074183577,0.1
178409,-5.27978053772,0.1
178410,-5.24682599995,0.1
178411,-5.68452082253,0.1
178412,-5.41662600934,0.1
178413,-5.34872763387,0.1
178414,-5.32379999656,0.1
178415,-5.33483034939,0.1
178416,-5.47435718902,0.1
178417,-5.61715988271,0.1
178418,-5.67033047458,0.1
178419,-5.22984748792,0.1
178420,-5.32636568009,0.1
178421,-5.25983938069,0.1
178422,-5.54789810089,0.1
178423,-5.73607997616,0.1
178424,-5.72922487214,0.1
178425,-5.70492093409,0.1
178426,-5.76528497702,0.1
178427,-5.77893134601,0.1
178428,-5.43233998294,0.1
178429,-5.58769179477,0.1
178430,-5.68007378209,0.1
178431,-5.72021569783,0.1
178432,-5.75010512359,0.1
178433,-5.48517222778,0.1
178434,-5.51304769403,0.1
178435,-5.55156359488,0.1
178436,-5.5923119657,0.1
178437,-5.48599922659,0.1
178438,-5.69055822067,0.1
178439,-5.71221865562,0.1
178440,-5.4502051178,0.1
178441,-5.39271004531,0.1
178442,-5.4631912506,0.1
178443,-5.58746488316,0.1
178444,-5.27181584661,0.1
178445,-5.18512918056,0.1
178446,-5.40761336015,0.1
178447,-5.4313406022,0.1
178448,-5.43816943257,0.1
178449,-5.23299305179,0.1
178450,-5.64989922455,0.1
178451,-5.34175648573,0.1
178452,-5.41081786597,0.1
178453,-5.43206625602,0.1
178454,-5.44667414017,0.1
178455,-5.35817075441,0.1
178456,-5.12283706468,0.1
178457,-5.53935390148,0.1
178458,-5.23830527695,0.1
178459,-4.3689365218,0.1
178460,-4.9831888773,0.1
178461,-4.89,0.1
178462,-4.99,0.1
178463,-4.5,0.1
178464,-4.63,0.1
178465,-5.4,0.1
178466,-5.05,0.1
178467,-5,0.1
178468,-4.97,0.1
178469,-4.39,0.1
178470,-5.12,0.1
178471,-4.36,0.1
178472,-4.71,0.1
178473,-4.63,0.1
178474,-4.74,0.1
178475,-4.42,0.1
178476,-4.70158825479,0.1
178477,-4.44412394052,0.1
178478,-4.68634957469,0.1
178479,-4.34290779729,0.1
178480,-3.43616532312,0.1
178481,-3.17,0.1
178482,-2.88,0.1
178483,-3.00664596801,0.1
178484,-2.68,0.1
178485,-2.91066381466,0.1
178486,-2.64,0.1
178487,-2.39270652344,0.1
178488,-3.12,0.1
178489,-2.63568252778,0.1
178490,-2.18,0.1
178491,-2.74,0.1
178492,-2.25,0.1
178493,-2.85,0.1
178494,-2.87,0.1
178495,-2.84,0.1
178496,-2.44,0.1
178497,-2.88,0.1
178498,-2.84,0.1
178499,-2.29,0.1
178500,-2.98,0.1
178501,-2.78,0.1
178502,-2.68,0.1
178503,-2.59,0.1
178504,-2.47,0.1
178505,-2.71,0.1
178506,-3.79976016667,0.12
178507,-3.73303687333,0.12
178508,-3.85987719333,0.12
178509,-3.90777262667,0.12
178510,-3.91494665118,0.12
178511,-3.86936925605,0.12
178512,-3.91957044489,0.12
178513,-3.9416986005,0.12
178514,-3.87474129333,0.12
178515,-3.72676092,0.12
178516,-3.76871071333,0.12
178517,-3.80380029194,0.12
178518,-3.96095307333,0.12
178519,-3.8228821,0.12
178520,-4.14712714958,0.12
178521,-4.08899945724,0.12
178522,-4.05597235931,0.12
178523,-4.21434969202,0.12
178524,-4.00059067333,0.12
178525,-4.12598980691,0.12
178526,-3.949625104,0.12
178527,-3.85492249333,0.12
178528,-3.93337191,0.12
178529,-4.10254056739,0.12
178530,-4.03400544013,0.12
178531,-3.98876221504,0.12
178532,-4.05894479813,0.12
178533,-3.78572185,0.12
178534,-4.04408260406,0.12
178535,-3.94119090757,0.12
178536,-4.0013056582,0.12
178537,-3.82321241333,0.12
178538,-4.10154975445,0.12
178539,-4.03197044,0.12
178540,-4.08470593451,0.12
178541,-4.03615610056,0.12
178542,-4.02393607433,0.12
178543,-3.91933359333,0.12
178544,-3.9219761,0.12
178545,-3.92924299333,0.12
178546,-3.91032285747,0.12
178547,-3.93905643266,0.12
178548,-4.18477804122,0.12
178549,-3.97802840821,0.12
178550,-3.93079965818,0.12
178551,-4.08041241178,0.12
178552,-3.97967976311,0.12
178553,-3.9962966,0.12
178554,-3.857565,0.12
178555,-3.99784466697,0.12
178556,-3.9913419,0.12
178557,-4.00653631333,0.12
178558,-4.03560388667,0.12
178559,-3.87275941333,0.12
178560,-4.07000887593,0.12
178561,-4.12070547124,0.12
178562,-4.06786211457,0.12
178563,-4.10496968667,0.12
178564,-4.14316389783,0.12
178565,-3.91801234,0.12
178566,-3.92131547333,0.12
178567,-4.06984374044,0.12
178568,-4.04903666875,0.12
178569,-3.91636077333,0.12
178570,-4.04936693973,0.12
178571,-3.78770373,0.12
178572,-4.04495531391,0.12
178573,-4.03846799741,0.12
178574,-3.80900894,0.12
178575,-3.88951578578,0.12
178576,-3.88092874032,0.12
178577,-4.13667976667,0.12
178578,-3.78349880144,0.12
178579,-3.87837474,0.12
178580,-3.84889245533,0.12
178581,-3.99189978934,0.12
178582,-3.78067583778,0.12
178583,-4.26330949211,0.12
178584,-3.94434076833,0.12
178585,-4.16344022177,0.12
178586,-4.09698475605,0.12
178587,-4.09599387351,0.12
178588,-4.15208121427,0.12
178589,-4.04226611368,0.12
178590,-4.23696085594,0.12
178591,-4.50859040607,0.12
178592,-4.17809985584,0.12
178593,-4.17586072478,0.12
178594,-4.35269482044,0.12
178595,-4.31041805145,0.12
178596,-4.16733741665,0.12
178597,-4.1964033046,0.12
178598,-4.26048037576,0.12
178599,-4.42893040819,0.12
178600,-4.16370418066,0.12
178601,-4.16898888756,0.12
178602,-4.42067305366,0.12
178603,-4.30697830353,0.12
178604,-4.31927274002,0.12
178605,-4.40506878437,0.12
178606,-4.12803240909,0.12
178607,-4.22702051888,0.12
178608,-4.28716204478,0.12
178609,-4.03026533144,0.12
178610,-4.19508212788,0.12
178611,-4.04463312833,0.12
178612,-4.1646950632,0.12
178613,-4.16264988561,0.12
178614,-4.31365773894,0.12
178615,-4.26946243149,0.12
178616,-4.28194949754,0.12
178617,-4.27956581226,0.12
178618,-4.13893211707,0.12
178619,-4.18484300826,0.12
178620,-4.30050943372,0.12
178621,-4.10787012318,0.12
178622,-4.29516126479,0.12
178623,-4.18081478947,0.12
178624,-4.32382212347,0.12
178625,-4.24399079438,0.12
178626,-4.28187770911,0.12
178627,-4.50117763932,0.12
178628,-4.25420478632,0.12
178629,-4.32316158152,0.12
178630,-4.35560509995,0.12
178631,-4.32125450511,0.12
178632,-4.55501180894,0.12
178633,-4.68745047161,0.12
178634,-4.20466065913,0.12
178635,-4.39424951916,0.12
178636,-4.46352674769,0.12
178637,-4.4506461795,0.12
178638,-4.33380568399,0.12
178639,-4.49548923744,0.12
178640,-4.41274599331,0.12
178641,-4.63790982473,0.12
178642,-4.5477458474,0.12
178643,-4.42793952564,0.12
178644,-4.4681505414,0.12
178645,-4.40044499066,0.12
178646,-4.43652717436,0.12
178647,-4.47219894593,0.12
178648,-4.36254127776,0.12
178649,-4.27791445736,0.12
178650,-4.29615214733,0.12
178651,-4.32825356337,0.12
178652,-4.47523139304,0.12
178653,-4.43776561131,0.12
178654,-4.47622225482,0.12
178655,-4.77001277054,0.12
178656,-4.49060896799,0.12
178657,-4.67340374766,0.12
178658,-4.29053714625,0.12
178659,-4.42150877804,0.12
178660,-4.51018277677,0.12
178661,-4.54552425416,0.12
178662,-4.50687983496,0.12
178663,-4.43190305582,0.12
178664,-4.58565499718,0.12
178665,-4.6416398609,0.12
178666,-4.43388482091,0.12
178667,-4.48078659464,0.12
178668,-4.56567219922,0.12
178669,-4.59754558771,0.12
178670,-4.63024471165,0.12
178671,-4.46823541575,0.12
178672,-4.49300747935,0.12
178673,-4.50324659896,0.12
178674,-4.44874805906,0.12
178675,-4.45832659032,0.12
178676,-4.47781394701,0.12
178677,-4.48739247827,0.12
178678,-4.67995398592,0.12
178679,-4.57425984793,0.12
178680,-4.52818380965,0.12
178681,-4.4708777692,0.12
178682,-4.51645836621,0.12
178683,-4.65236744374,0.12
178684,-4.53561542873,0.12
178685,-4.52141277893,0.12
178686,-4.60233485333,0.12
178687,-4.57756278974,0.12
178688,-4.42612290765,0.12
178689,-4.34041156762,0.12
178690,-4.59539867553,0.12
178691,-4.4655930623,0.12
178692,-4.47715335865,0.12
178693,-4.49961336297,0.12
178694,-4.49366806771,0.12
178695,-4.21688154384,0.12
178696,-4.2756739081,0.12
178697,-4.41604893512,0.12
178698,-4.24132331325,0.12
178699,-4.40547952132,0.12
178700,-4.46295070885,0.12
178701,-4.60398632424,0.12
178702,-4.587141321,0.12
178703,-4.47285953429,0.12
178704,-4.52735807419,0.12
178705,-4.40118569696,0.12
178706,-4.5554330796,0.12
178707,-4.52603689747,0.12
178708,-4.44214217544,0.12
178709,-4.47418071102,0.12
178710,-4.41538834676,0.12
178711,-4.38665275299,0.12
178712,-4.43685746854,0.12
178713,-4.44907835324,0.12
178714,-4.48904394917,0.12
178715,-4.34734774542,0.12
178716,-4.40977334568,0.12
178717,-4.47219894593,0.12
178718,-4.37674392755,0.12
178719,-4.45898717868,0.12
178720,-4.4041583446,0.12
178721,-4.35428392323,0.12
178722,-4.47715335865,0.12
178723,-4.44874805906,0.12
178724,-4.50456777569,0.12
178725,-4.5395789589,0.12
178726,-4.55246043197,0.12
178727,-4.55791025005,0.12
178728,-4.6223870887,0.12
178729,-4.55687165026,0.12
178730,-4.61731670172,0.12
178731,-4.65732149236,0.12
178732,-4.55897506069,0.12
178733,-4.55323834116,0.12
178734,-4.51042522674,0.12
178735,-4.6087288802,0.12
178736,-4.67812849657,0.12
178737,-4.66135906425,0.12
178738,-4.58077294532,0.12
178739,-4.67416525767,0.12
178740,-4.72146838247,0.12
178741,-4.69464199197,0.12
178742,-4.61995910834,0.12
178743,-4.7537603055,0.12
178744,-4.75944954509,0.12
178745,-4.67366985281,0.12
178746,-4.68579911672,0.12
178747,-4.60124974603,0.12
178748,-4.6590471674,0.12
178749,-4.57416752573,0.12
178750,-4.66201960621,0.12
178751,-4.53969600723,0.12
178752,-4.70132185274,0.12
178753,-4.66466177405,0.12
178754,-4.6398914506,0.12
178755,-4.57013023665,0.12
178756,-4.48855356937,0.12
178757,-4.49754465855,0.12
178758,-4.59749865206,0.12
178759,-4.61504694414,0.12
178760,-4.43347208858,0.12
178761,-4.55501180894,0.12
178762,-4.49119572863,0.12
178763,-4.48525087029,0.12
178764,-4.61863790503,0.12
178765,-4.56888319007,0.12
178766,-4.60058920407,0.12
178767,-4.51992921063,0.12
178768,-4.52851622824,0.12
178769,-4.68110092574,0.12
178770,-4.66987174886,0.12
178771,-4.5715253579,0.12
178772,-4.60389191387,0.12
178773,-4.69464199197,0.12
178774,-4.44826064059,0.12
178775,-4.67317444795,0.12
178776,-4.5872593264,0.12
178777,-4.69728415123,0.12
178778,-4.82113536673,0.12
178779,-4.74913652679,0.12
178780,-4.55468153796,0.12
178781,-4.69339534924,0.12
178782,-4.71288133701,0.12
178783,-4.63625846983,0.12
178784,-4.64274986545,0.12
178785,-4.65277201879,0.12
178786,-4.73526519065,0.12
178787,-5.05364538197,0.12
178788,-4.77464201013,0.12
178789,-4.68546884574,0.12
178790,-4.77588838934,0.12
178791,-4.81849320747,0.12
178792,-4.63750529788,0.12
178793,-4.61479085618,0.12
178794,-4.68249640692,0.12
178795,-4.70891808526,0.12
178796,-4.66421941924,0.12
178797,-4.62396423165,0.12
178798,-4.69497226187,0.12
178799,-4.61974492087,0.12
178800,-4.57508428527,0.12
178801,-4.75904462403,0.12
178802,-4.63981718724,0.12
178803,-4.69427679456,0.12
178804,-4.60587353974,0.12
178805,-4.15918180701,0.12
178806,-4.42960144628,0.12
178807,-4.08176031594,0.12
178808,-4.01122802534,0.12
178809,-4.25136587054,0.12
178810,-4.02959922661,0.12
178811,-4.15065232071,0.12
178812,-4.13753003409,0.12
178813,-4.20051700988,0.12
178814,-4.10833294635,0.12
178815,-4.32265415152,0.12
178816,-3.82587572678,0.12
178817,-3.92134036197,0.12
178818,-4.00607703667,0.12
178819,-3.95611442152,0.12
178820,-3.75665566484,0.12
178821,-3.84391887089,0.12
178822,-3.85966561484,0.12
178823,-4.11850271848,0.12
178824,-4.012540254,0.12
178825,-3.9400396204,0.12
178826,-4.02500642629,0.12
178827,-3.89279938856,0.12
178828,-3.89542384588,0.12
178829,-3.83588147033,0.12
178830,-4.05551574269,0.12
178831,-3.80980092567,0.12
178832,-4.12604803329,0.12
178833,-3.79667863904,0.12
178834,-4.06020680242,0.12
178835,-3.83177983293,0.12
178836,-3.75731177917,0.12
178837,-3.7802151486,0.12
178838,-3.95606394386,0.12
178839,-3.78153732,0.12
178840,-3.74878229287,0.12
178841,-4.13959712552,0.12
178842,-3.91309337359,0.12
178843,-3.79079251975,0.12
178844,-4.34246853344,0.12
178845,-3.74848303517,0.12
178846,-4.00465374255,0.12
178847,-3.7904619769,0.12
178848,-3.72203960732,0.12
178849,-4.09654465436,0.12
178850,-3.66447160131,0.12
178851,-4.14648636844,0.12
178852,-4.0848112414,0.12
178853,-3.77076212296,0.12
178854,-4.40171641544,0.12
178855,-3.78486858108,0.12
178856,-3.81012898283,0.12
178857,-4.20694596567,0.12
178858,-4.19471106884,0.12
178859,-4.0707623122,0.12
178860,-4.08563674037,0.12
178861,-3.89837636037,0.12
178862,-3.96961620064,0.12
178863,-4.0820883731,0.12
178864,-4.44032679792,0.12
178865,-4.1920715375,0.12
178866,-4.41342611034,0.12
178867,-4.34775721902,0.12
178868,-4.34246853344,0.12
178869,-4.14215956742,0.12
178870,-4.25074289306,0.12
178871,-4.21691986816,0.12
178872,-4.34125353391,0.12
178873,-4.88749786207,0.12
178874,-5.0101208182,0.12
178875,-4.87524148657,0.12
178876,-4.85,0.12
178877,-5.13438311867,0.12
178878,-4.9788498707,0.12
178879,-4.96257983253,0.12
178880,-5.03798967187,0.12
178881,-5.06114640367,0.12
178882,-5.170448694,0.12
178883,-4.9985223487,0.12
178884,-5.1935634491,0.12
178885,-5.05274377087,0.12
178886,-4.85,0.12
178887,-5.21635033533,0.12
178888,-5.06901539487,0.12
178889,-5.0890157475,0.12
178890,-5.25176017293,0.12
178891,-5.1204917123,0.12
178892,-5.05307163973,0.12
178893,-5.1812683666,0.12
178894,-5.11327847037,0.12
178895,-5.1677056595,0.12
178896,-5.1224589601,0.12
178897,-5.111432298,0.12
178898,-5.10803247623,0.12
178899,-5.17995689113,0.12
178900,-5.2363503362,0.12
178901,-5.38946509693,0.12
178902,-5.1834436419,0.12
178903,-5.27241591153,0.12
178904,-5.31241591327,0.12
178905,-5.3415962424,0.12
178906,-5.28520279733,0.12
178907,-5.2581990583,0.12
178908,-5.234383123,0.12
178909,-5.31930115947,0.12
178910,-5.23110443433,0.12
178911,-5.3101208312,0.12
178912,-5.0986429672,0.12
178913,-5.1434762956,0.12
178914,-4.83284359213,0.12
178915,-5.063226862,0.12
178916,-4.9447487764,0.12
178917,-5.0317458796,0.12
178918,-5.0159102808,0.12
178919,-5.1739740832,0.12
178920,-5.0471584439,0.12
178921,-5.1065838106,0.12
178922,-5.0924123561,0.12
178923,-5.148487856,0.12
178924,-4.9232020757,0.12
178925,-4.948452447,0.12
178926,-5.0688016193,0.12
178927,-5.20967361257,0.12
178928,-4.63468451413,0.12
178929,-5.0054164184,0.12
178930,-4.87247540773,0.12
178931,-5.1101204087,0.12
178932,-5.030995208,0.12
178933,-5.0383044176,0.12
178934,-4.9870521592,0.12
178935,-4.7163192796,0.12
178936,-4.8890733476,0.12
178937,-4.71089954413,0.12
178938,-4.71056081067,0.12
178939,-5.0286996756,0.12
178940,-4.72614255013,0.12
178941,-4.79998644587,0.12
178942,-4.6898980692,0.12
178943,-4.68413960027,0.12
178944,-4.7650968988,0.12
178945,-4.67533253013,0.12
178946,-4.62824857827,0.12
178947,-5.0218130784,0.12
178948,-4.7889805064,0.12
178949,-4.9706554992,0.12
178950,-4.49309392507,0.12
178951,-4.9427811772,0.12
178952,-4.932615248,0.12
178953,-4.8939191304,0.12
178954,-4.7239407826,0.12
178955,-4.9412380552,0.12
178956,-4.49140025773,0.12
178957,-5.0024650196,0.12
178958,-4.735118987,0.12
178959,-5.032634874,0.12
178960,-4.76780676653,0.12
178961,-4.53611307533,0.12
178962,-4.61842530773,0.12
178963,-4.72377141587,0.12
178964,-4.922777252,0.12
178965,-4.8680124076,0.12
178966,-4.55304974867,0.12
178967,-4.835874954,0.12
178968,-4.5608406184,0.12
178969,-4.8536815729,0.12
178970,-4.59098789693,0.12
178971,-4.7647134496,0.12
178972,-4.5791322256,0.12
178973,-4.7874533076,0.12
178974,-4.8650610088,0.12
178975,-4.8617816768,0.12
178976,-4.8707817404,0.12
178977,-4.46768891507,0.12
178978,-4.64891131973,0.12
178979,-4.8565347456,0.12
178980,-4.85723240173,0.12
178981,-4.9907550171,0.12
178982,-4.62249010933,0.12
178983,-4.918939026,0.12
178984,-4.60013370053,0.12
178985,-4.8988381284,0.12
178986,-4.6075858368,0.12
178987,-5.0543728357,0.12
178988,-5.0245314878,0.12
178989,-4.974686599,0.12
178990,-4.8917210933,0.12
178991,-4.9005751196,0.12
178992,-4.9540272043,0.12
178993,-4.9366470786,0.12
178994,-5.0671619848,0.12
178995,-4.9586181809,0.12
178996,-4.856632915,0.12
178997,-4.958290254,0.12
178998,-4.9343515903,0.12
178999,-5.0071513621,0.12
179000,-4.9858361136,0.12
179001,-4.88467066495,0.12
179002,-5.0133819732,0.12
179003,-4.8258077864,0.12
179004,-5.014037827,0.12
179005,-4.9487803739,0.12
179006,-4.8507302308,0.12
179007,-4.8776202366,0.12
179008,-4.8586004764,0.12
179009,-4.8746688945,0.12
179010,-5.1179906543,0.12
179011,-4.9874757481,0.12
179012,-4.9497641546,0.12
179013,-4.9120525611,0.12
179014,-4.9277930523,0.12
179015,-4.8156420525,0.12
179016,-4.79514662125,0.12
179017,-4.76464941955,0.12
179018,-4.8681103565,0.12
179019,-4.8723734062,0.12
179020,-4.7513683801,0.12
179021,-4.8117069297,0.12
179022,-4.7359558158,0.12
179023,-4.6946370264,0.12
179024,-4.64659573555,0.12
179025,-4.7697322865,0.12
179026,-4.6490551873,0.12
179027,-4.597570664,0.12
179028,-4.5628104126,0.12
179029,-4.5388717489,0.12
179030,-4.5159168659,0.12
179031,-4.722182886,0.12
179032,-4.54231498135,0.12
179033,-4.568057243,0.12
179034,-4.5926517605,0.12
179035,-4.84147039933,0.12
179036,-4.78038991075,0.12
179037,-4.6310192078,0.12
179038,-4.7903916812,0.12
179039,-4.7592386257,0.12
179040,-4.7661250906,0.12
179041,-4.80744388,0.12
179042,-4.74792514765,0.12
179043,-4.8182654677,0.12
179044,-4.8953282892,0.12
179045,-4.8595842571,0.12
179046,-4.8510581577,0.12
179047,-4.728741424,0.12
179048,-4.8868021898,0.12
179049,-4.8313825437,0.12
179050,-4.7684205789,0.12
179051,-4.67807671795,0.12
179052,-4.7503845994,0.12
179053,-4.76956832305,0.12
179054,-4.8376131548,0.12
179055,-4.7572710643,0.12
179056,-4.6618443364,0.12
179057,-4.6602047019,0.12
179058,-4.7116892252,0.12
179059,-4.7067703217,0.12
179060,-4.7412026462,0.12
179061,-4.7982619268,0.12
179062,-4.6700425089,0.12
179063,-4.8038366841,0.12
179064,-4.8320383975,0.12
179065,-4.817281687,0.12
179066,-4.7152964211,0.12
179067,-4.58264999005,0.12
179068,-4.5988823716,0.12
179069,-4.5487095559,0.12
179070,-4.82310941987,0.12
179071,-4.5326411378,0.12
179072,-4.6293795733,0.12
179073,-4.5185402811,0.12
179074,-4.4027820854,0.12
179075,-4.4805007607,0.12
179076,-4.58461755145,0.12
179077,-4.3132580417,0.12
179078,-4.3322778019,0.12
179079,-4.2604618108,0.12
179080,-4.2253736325,0.12
179081,-4.3503137814,0.12
179082,-4.3145697493,0.12
179083,-4.1492945917,0.12
179084,-4.05321201,0.12
179085,-4.1027289719,0.12
179086,-4.0886281152,0.12
179087,-4.0233706621,0.12
179088,-3.9689347967,0.12
179089,-4.0122211475,0.12
179090,-4.1683437771,0.12
179091,-3.9266322266,0.12
179092,-3.85760361415,0.12
179093,-3.9328628377,0.12
179094,-3.8817062413,0.12
179095,-3.7361066977,0.12
179096,-3.5960819114,0.12
179097,-3.61460978125,0.12
179098,-3.4911453034,0.12
179099,-3.51032902705,0.12
179100,-3.4714696894,0.12
179101,-3.5127884788,0.12
179102,-3.4075239439,0.12
179103,-3.5081975022,0.12
179104,-3.8885706838,0.12
179105,-3.4650821512,0.12
179106,-3.810857341,0.12
179107,-3.3617922652,0.12
179108,-3.5900137276,0.12
179109,-3.61226839897,0.12
179110,-3.68707343,0.12
179111,-3.49033079,0.12
179112,-3.63161300233,0.12
179113,-3.7274056712,0.12
179114,-3.7933144556,0.12
179115,-3.57653006393,0.12
179116,-3.5319746488,0.12
179117,-3.40144500973,0.12
179118,-3.6814499466,0.12
179119,-3.3809746726,0.12
179120,-3.65226910423,0.12
179121,-3.9644805524,0.12
179122,-3.4596717286,0.12
179123,-3.6434621448,0.12
179124,-3.54439834987,0.12
179125,-3.7533101188,0.12
179126,-3.6109996092,0.12
179127,-3.82440328673,0.12
179128,-3.8028236832,0.12
179129,-3.71456528457,0.12
179130,-3.8421722112,0.12
179131,-3.8870273417,0.12
179132,-3.93948728303,0.12
179133,-4.0300614324,0.12
179134,-3.9743176844,0.12
179135,-3.8598790488,0.12
179136,-4.0458008436,0.12
179137,-3.968251453,0.12
179138,-4.0479322222,0.12
179139,-3.9352970608,0.12
179140,-3.8621743796,0.12
179141,-4.03424305207,0.12
179142,-3.7746239048,0.12
179143,-3.9307063992,0.12
179144,-4.0408822776,0.12
179145,-4.1628627144,0.12
179146,-3.9146390836,0.12
179147,-4.0562937844,0.12
179148,-4.0605565416,0.12
179149,-4.2293284589,0.12
179150,-4.2411319457,0.12
179151,-4.0599007328,0.12
179152,-4.0943306948,0.12
179153,-4.1631906188,0.12
179154,-4.22375459013,0.12
179155,-4.2815641072,0.12
179156,-4.1654859496,0.12
179157,-4.0648192988,0.12
179158,-4.12440857623,0.12
179159,-4.0474403656,0.12
179160,-4.27588665683,0.12
179161,-4.3307497672,0.12
179162,-4.2409039616,0.12
179163,-4.3671471556,0.12
179164,-3.8828323568,0.12
179165,-4.2814605256,0.12
179166,-4.0943306948,0.12
179167,-4.108430584,0.12
179168,-4.1602394792,0.12
179169,-4.3204207786,0.12
179170,-4.4074793968,0.12
179171,-4.1295804178,0.12
179172,-4.1143328632,0.12
179173,-4.205162382,0.12
179174,-4.0835098496,0.12
179175,-4.20352286,0.12
179176,-4.3622285896,0.12
179177,-4.3435380388,0.12
179178,-4.2451667188,0.12
179179,-4.3038616064,0.12
179180,-4.3130429296,0.12
179181,-4.2343458736,0.12
179182,-4.3355598401,0.12
179183,-4.3523914576,0.12
179184,-4.42539748963,0.12
179185,-4.41687274917,0.12
179186,-4.40015114287,0.12
179187,-4.1514322564,0.12
179188,-4.2919358184,0.12
179189,-4.3552323181,0.12
179190,-4.1778131972,0.12
179191,-4.221268325,0.12
179192,-4.4091371856,0.12
179193,-4.26799630303,0.12
179194,-4.3962202826,0.12
179195,-4.319482658,0.12
179196,-4.23028336787,0.12
179197,-4.1807646443,0.12
179198,-4.44126833453,0.12
179199,-4.24831998903,0.12
179200,-4.28767261703,0.12
179201,-4.3440780505,0.12
179202,-4.42736473743,0.12
179203,-4.4336052792,0.12
179204,-4.4514322694,0.12
179205,-4.29883788117,0.12
179206,-4.44244697057,0.12
179207,-4.34113370887,0.12
179208,-4.4181842477,0.12
179209,-4.3316253445,0.12
179210,-4.40343493107,0.12
179211,-4.2781623986,0.12
179212,-4.34834125187,0.12
179213,-4.53982573667,0.12
179214,-4.36309848737,0.12
179215,-4.32194219725,0.12
179216,-4.3945772741,0.12
179217,-4.40966576383,0.12
179218,-4.43143226853,0.12
179219,-4.4760224344,0.12
179220,-4.42606269217,0.12
179221,-4.31784296517,0.12
179222,-4.41458484233,0.12
179223,-4.53044866627,0.12
179224,-4.4071699724,0.12
179225,-4.22470841223,0.12
179226,-4.425069615,0.12
179227,-4.33307160853,0.12
179228,-4.39785602043,0.12
179229,-4.55995686427,0.12
179230,-4.45077653167,0.12
179231,-4.4356945638,0.12
179232,-4.46749784387,0.12
179233,-4.31423564093,0.12
179234,-4.21978933373,0.12
179235,-4.47339948347,0.12
179236,-4.47471095893,0.12
179237,-4.51503882953,0.12
179238,-4.4120880054,0.12
179239,-4.51110440313,0.12
179240,-4.26504485593,0.12
179241,-4.45916857687,0.12
179242,-4.3342398935,0.12
179243,-4.4681535816,0.12
179244,-4.43536669493,0.12
179245,-4.484087049,0.12
179246,-4.51886930653,0.12
179247,-4.4044135131,0.12
179248,-4.464414571,0.12
179249,-4.1807646443,0.12
179250,-4.32210616653,0.12
179251,-4.472088008,0.12
179252,-4.16535153167,0.12
179253,-4.42257980913,0.12
179254,-4.22241284227,0.12
179255,-4.472088008,0.12
179256,-4.33194432353,0.12
179257,-4.4417912213,0.12
179258,-4.50389128807,0.12
179259,-4.44389128547,0.12
179260,-4.4004790175,0.12
179261,-4.53162887083,0.12
179262,-4.41372734973,0.12
179263,-4.51392364063,0.12
179264,-4.49798964847,0.12
179265,-4.3874978404,0.12
179266,-4.3855306272,0.12
179267,-4.357637928,0.12
179268,-4.278121111,0.12
179269,-4.1824152086,0.12
179270,-4.3312940212,0.12
179271,-4.4389582192,0.12
179272,-4.3156661648,0.12
179273,-4.3520635532,0.12
179274,-4.2572991816,0.12
179275,-4.3234237756,0.12
179276,-4.2512798576,0.12
179277,-4.1881113532,0.12
179278,-4.0769517616,0.12
179279,-4.092035364,0.12
179280,-4.000743706,0.12
179281,-4.04845706995,0.12
179282,-4.14613959,0.12
179283,-4.2720548796,0.12
179284,-4.0723611,0.12
179285,-4.1120375324,0.12
179286,-4.0057965068,0.12
179287,-4.1359745536,0.12
179288,-3.9866428493,0.12
179289,-4.0692804281,0.12
179290,-4.183848596,0.12
179291,-4.03957066,0.12
179292,-4.18736050583,0.12
179293,-3.863014408,0.12
179294,-3.8728312726,0.12
179295,-3.8398768804,0.12
179296,-3.9390934488,0.12
179297,-3.7292202328,0.12
179298,-3.9082449478,0.12
179299,-4.0143220212,0.12
179300,-4.14637617667,0.12
179301,-4.0208801092,0.12
179302,-4.0336683808,0.12
179303,-3.9348303991,0.12
179304,-3.928599788,0.12
179305,-3.9259763728,0.12
179306,-3.9851385296,0.12
179307,-3.9995663232,0.12
179308,-3.9457900016,0.12
179309,-4.1467953988,0.12
179310,-4.0530147404,0.12
179311,-4.1497465384,0.12
179312,-3.9585782732,0.12
179313,-4.0155004165,0.12
179314,-4.0558354252,0.12
179315,-3.9425109576,0.12
179316,-3.8931836828,0.12
179317,-3.9558177207,0.12
179318,-3.9610645511,0.12
179319,-3.9495871096,0.12
179320,-3.8926694888,0.12
179321,-4.1966368676,0.12
179322,-3.961392478,0.12
179323,-3.8795533128,0.12
179324,-4.1458116856,0.12
179325,-4.0000878522,0.12
179326,-3.7892308555,0.12
179327,-3.9295835687,0.12
179328,-3.8580955045,0.12
179329,-3.92204125,0.12
179330,-3.9492591827,0.12
179331,-3.9279439342,0.12
179332,-4.0027112674,0.12
179333,-4.20411036636,0.12
179334,-4.04764324218,0.12
179335,-4.08487176759,0.12
179336,-4.07420223544,0.12
179337,-4.19509010529,0.12
179338,-4.27784136806,0.12
179339,-4.25340139487,0.12
179340,-4.25685521912,0.12
179341,-4.23160358094,0.12
179342,-4.21501029367,0.12
179343,-4.09421129921,0.12
179344,-4.25274085505,0.12
179345,-4.23,0.12
179346,-4.2877494653,0.12
179347,-4.27718082824,0.12
179348,-4.47204007397,0.12
179349,-4.10593588094,0.12
179350,-4.33061558334,0.12
179351,-4.16852202851,0.12
179352,-4.19197119198,0.12
179353,-4.03079947687,0.12
179354,-4.24605857147,0.12
179355,-4.10940371498,0.12
179356,-4.08067023298,0.12
179357,-4.17677877621,0.12
179358,-3.8474064055,0.12
179359,-4.36331536528,0.12
179360,-4.15093193311,0.12
179361,-4.01059898201,0.12
179362,-4.15297954978,0.12
179363,-3.82527299937,0.12
179364,-3.6799192875,0.12
179365,-4.05057125278,0.12
179366,-4.10039590649,0.12
179367,-3.81734461509,0.12
179368,-4.00960793398,0.12
179369,-3.86887911294,0.12
179370,-4.15687734801,0.12
179371,-3.76944396004,0.12
179372,-4.05321404754,0.12
179373,-3.99342081607,0.12
179374,-4.01654527023,0.12
179375,-4.05580529476,0.12
179376,-4.00960793398,0.12
179377,-4.02150051041,0.12
179378,-3.84608500812,0.12
179379,-4.04787807489,0.12
179380,-4.0269512746,0.12
179381,-4.14472081615,0.12
179382,-3.87416470246,0.12
179383,-3.91545837061,0.12
179384,-3.97789439684,0.12
179385,-3.95510029203,0.12
179386,-3.90819068501,0.12
179387,-3.9944118641,0.12
179388,-3.90323544483,0.12
179389,-4.14207802139,0.12
179390,-3.97653309613,0.12
179391,-3.91711011733,0.12
179392,-4.24498184241,0.12
179393,-3.96038588155,0.12
179394,-3.88440553216,0.12
179395,-4.15330989913,0.12
179396,-3.81404112164,0.12
179397,-4.06736582372,0.12
179398,-4.1896483271,0.12
179399,-4.00300094708,0.12
179400,-3.93230618721,0.12
179401,-3.96166955888,0.12
179402,-4.01159003005,0.12
179403,-3.9762027953,0.12
179404,-3.9907780213,0.12
179405,-4.05156230082,0.12
179406,-3.86590596883,0.12
179407,-4.05927345345,0.12
179408,-3.98251928768,0.12
179409,-4.00200989904,0.12
179410,-3.78926492075,0.12
179411,-4.38742732569,0.12
179412,-3.96464226633,0.12
179413,-4.2189739036,0.12
179414,-4.15760444062,0.12
179415,-3.92503850162,0.12
179416,-3.94518981167,0.12
179417,-4.33226708748,0.12
179418,-3.84112976794,0.12
179419,-4.03108064142,0.12
179420,-4.13705929835,0.12
179421,-4.04292356248,0.12
179422,-4.06802642538,0.12
179423,-3.93759177673,0.12
179424,-4.01720596892,0.12
179425,-4.05019018069,0.12
179426,-4.20196341098,0.12
179427,-4.06213347986,0.12
179428,-4.40030905797,0.12
179429,-4.07199003531,0.12
179430,-3.96233016054,0.12
179431,-4.05420509558,0.12
179432,-4.15027133146,0.12
179433,-3.95675203875,0.12
179434,-4.17405299105,0.12
179435,-4.09781120914,0.12
179436,-4.11366797771,0.12
179437,-4.02480400386,0.12
179438,-4.08525793402,0.12
179439,-4.02282190779,0.12
179440,-4.08030269385,0.12
179441,-4.15727409127,0.12
179442,-3.9805371916,0.12
179443,-3.8744950518,0.12
179444,-3.88638762823,0.12
179445,-3.90752998632,0.12
179446,-3.8510402483,0.12
179447,-3.91413697322,0.12
179448,-3.85269199502,0.12
179449,-3.86491492079,0.12
179450,-4.0046526938,0.12
179451,-4.00663478987,0.12
179452,-4.06015138379,0.12
179453,-3.92239570685,0.12
179454,-3.95278784661,0.12
179455,-4.0148935235,0.12
179456,-4.32112736648,0.12
179457,-3.98879592523,0.12
179458,-4.03702692963,0.12
179459,-3.99408151476,0.12
179460,-4.1143286764,0.12
179461,-3.9805371916,0.12
179462,-3.99209941869,0.12
179463,-4.12225706068,0.12
179464,-4.18271099085,0.12
179465,-4.07799024843,0.12
179466,-4.05783893837,0.12
179467,-4.1070609908,0.12
179468,-3.99342081607,0.12
179469,-4.31419003023,0.12
179470,-4.27752125291,0.12
179471,-4.05684789034,0.12
179472,-3.98086754095,0.12
179473,-4.08624898206,0.12
179474,-4.0865793314,0.12
179475,-3.98185858898,0.12
179476,-4.1691666677,0.12
179477,-4.31154723547,0.12
179478,-4.1516581524,0.12
179479,-4.10573959342,0.12
179480,-4.09219527027,0.12
179481,-3.9600555322,0.12
179482,-4.06907081611,0.12
179483,-4.177590576,0.12
179484,-4.07303500825,0.12
179485,-4.03075029207,0.12
179486,-4.2577002922,0.12
179487,-3.96534112173,0.12
179488,-4.11961426592,0.12
179489,-4.13414963711,0.12
179490,-4.08558828337,0.12
179491,-3.8847358815,0.12
179492,-4.28611033589,0.12
179493,-4.05090160213,0.12
179494,-4.36825437843,0.12
179495,-3.9058782396,0.12
179496,-3.89464636186,0.12
179497,-3.8678880649,0.12
179498,-4.25571819613,0.12
179499,-4.158925838,0.12
179500,-4.17808610002,0.12
179501,-4.22895989917,0.12
179502,-4.16883631835,0.12
179503,-4.06940116546,0.12
179504,-4.13414963711,0.12
179505,-4.16487212621,0.12
179506,-4.11565007378,0.12
179507,-4.12787299955,0.12
179508,-3.99309046672,0.12
179509,-4.00795618725,0.12
179510,-4.12390880741,0.12
179511,-4.00861688594,0.12
179512,-4.14207802139,0.12
179513,-4.15149120141,0.12
179514,-4.24463431424,0.12
179515,-4.18585016003,0.12
179516,-4.17064829554,0.12
179517,-4.14158235962,0.12
179518,-4.27535172379,0.12
179519,-4.20598983126,0.12
179520,-4.25,0.12
179521,-4.20301717872,0.12
179522,-4.14026118071,0.12
179523,-4.20136570509,0.12
179524,-4.19938393673,0.12
179525,-4.31036296478,0.12
179526,-4.14950943305,0.12
179527,-4.23175281991,0.12
179528,-4.21590834574,0.12
179529,-4.20202629454,0.12
179530,-4.31135384896,0.12
179531,-4.24100107225,0.12
179532,-4.21358660996,0.12
179533,-4.30078441772,0.12
179534,-4.26628058003,0.12
179535,-4.25256138767,0.12
179536,-4.22119330147,0.12
179537,-4.35858599483,0.12
179538,-4.20499894708,0.12
179539,-4.31333561732,0.12
179540,-4.40978167742,0.12
179541,-4.0874140245,0.12
179542,-4.23967989335,0.12
179543,-4.2892241023,0.12
179544,-4.16715409718,0.12
179545,-4.27204877653,0.12
179546,-4.12011852315,0.12
179547,-4.32002967803,0.12
179548,-4.22679839902,0.12
179549,-4.2842696814,0.12
179550,-4.18947509494,0.12
179551,-4.33381389036,0.12
179552,-4.25652492439,0.12
179553,-4.23,0.12
179554,-4.50193390607,0.12
179555,-4.24068157572,0.12
179556,-4.40548784597,0.12
179557,-4.18882294763,0.12
179558,-4.33777742707,0.12
179559,-4.26313081892,0.12
179560,-4.28889380757,0.12
179561,-4.31564768041,0.12
179562,-4.35164980558,0.12
179563,-4.33579565871,0.12
179564,-4.1927780422,0.12
179565,-4.22580751484,0.12
179566,-4.51382451622,0.12
179567,-4.43158112936,0.12
179568,-4.22085309394,0.12
179569,-4.25,0.12
179570,-4.24860900931,0.12
179571,-4.33513506926,0.12
179572,-4.16239092738,0.12
179573,-4.32456563802,0.12
179574,-4.38434898349,0.12
179575,-4.2228348623,0.12
179576,-4.37642191006,0.12
179577,-4.28559086031,0.12
179578,-4.42695700319,0.12
179579,-4.20731101016,0.12
179580,-4.27072759762,0.12
179581,-4.33249271145,0.12
179582,-4.24067077752,0.12
179583,-4.14,0.12
179584,-4.23967989335,0.12
179585,-4.27403054489,0.12
179586,-4.31234473314,0.12
179587,-4.31862033294,0.12
179588,-4.22,0.12
179589,-4.36341208266,0.12
179590,-4.15958653669,0.12
179591,-5.18148,0.1
179592,-5.21005,0.1
179593,-5.23995,0.1
179594,-5.26674,0.1
179595,-4.94123,0.1
179596,-5.21712,0.1
179597,-4.98428,0.1
179598,-5.14918,0.1
179599,-5.0671,0.1
179600,-5.16909,0.1
179601,-5.20841,0.1
179602,-5.29146,0.1
179603,-5.18843,0.1
179604,-5.3644,0.1
179605,-5.1305,0.1
179606,-5.33711,0.1
179607,-5.29895,0.1
179608,-5.45513,0.1
179609,-5.42888,0.1
179610,-5.23389,0.1
179611,-5.20845,0.1
179612,-5.17112,0.1
179613,-5.19987,0.1
179614,-5.05986,0.1
179615,-5.44963,0.1
179616,-5.4292,0.1
179617,-5.05623,0.1
179618,-5.28277,0.1
179619,-5.27132,0.1
179620,-5.06446,0.1
179621,-5.30409,0.1
179622,-5.39275,0.1
179623,-5.08199,0.1
179624,-5.42181,0.1
179625,-5.41169,0.1
179626,-5.42606,0.1
179627,-5.25377,0.1
179628,-5.29386,0.1
179629,-5.62892,0.1
179630,-5.30437,0.1
179631,-5.49196,0.1
179632,-5.47309,0.1
179633,-5.4203,0.1
179634,-5.37989,0.1
179635,-5.6559,0.1
179636,-5.33457,0.1
179637,-5.60134,0.1
179638,-5.56957,0.1
179639,-5.41549,0.1
179640,-5.65361,0.1
179641,-5.27912,0.1
179642,-5.19281,0.1
179643,-5.44418,0.1
179644,-5.43739,0.1
179645,-5.58378,0.1
179646,-5.48858,0.1
179647,-5.50048,0.1
179648,-5.33512,0.1
179649,-5.47606,0.1
179650,-5.29147,0.1
179651,-5.37017,0.1
179652,-5.46927,0.1
179653,-5.38869,0.1
179654,-5.45067,0.1
179655,-5.1639,0.1
179656,-5.35129,0.1
179657,-5.08579,0.1
179658,-5.24727,0.1
179659,-5.4511,0.1
179660,-5.05272,0.1
179661,-5.26726,0.1
179662,-5.23501,0.1
179663,-5.22298,0.1
179664,-5.47257,0.1
179665,-5.36581,0.1
179666,-5.32784,0.1
179667,-5.20343,0.1
179668,-5.18502,0.1
179669,-5.18502,0.1
179670,-5.36791,0.1
179671,-5.2718,0.1
179672,-5.40242,0.1
179673,-5.20373,0.1
179674,-5.36791,0.1
179675,-4.98088,0.1
179676,-4.98647,0.1
179677,-5.22414,0.1
179678,-5.13768,0.1
179679,-5.31253,0.1
179680,-5.279,0.1
179681,-5.39601,0.1
179682,-5.21064,0.1
179683,-5.09002,0.1
179684,-5.12436,0.1
179685,-5.18697,0.1
179686,-4.99502,0.1
179687,-4.82934,0.1
179688,-5.12583,0.1
179689,-5.2343,0.1
179690,-5.0223,0.1
179691,-4.68063,0.1
179692,-4.92073,0.1
179693,-4.7087,0.1
179694,-4.996,0.1
179695,-4.90299,0.1
179696,-4.90052,0.1
179697,-4.61456,0.1
179698,-4.97037,0.1
179699,-4.80438,0.1
179700,-4.97053,0.1
179701,-4.96018,0.1
179702,-5.00356,0.1
179703,-4.90101,0.1
179704,-4.77841,0.1
179705,-4.83692,0.1
179706,-4.76461,0.1
179707,-4.81621,0.1
179708,-4.80537,0.1
179709,-4.76198,0.1
179710,-4.5743,0.1
179711,-4.63182,0.1
179712,-5.15582,0.1
179713,-4.83758,0.1
179714,-4.76231,0.1
179715,-4.87373,0.1
179716,-4.8739,0.1
179717,-4.84369,0.1
179718,-4.72056,0.1
179719,-4.6729,0.1
179720,-4.73388,0.1
179721,-4.71366,0.1
179722,-4.68375,0.1
179723,-4.79518,0.1
179724,-4.85105,0.1
179725,-4.62492,0.1
179726,-4.83725,0.1
179727,-4.81161,0.1
179728,-4.83429,0.1
179729,-4.87833,0.1
179730,-4.83363,0.1
179731,-5.00586,0.1
179732,-4.70709,0.1
179733,-4.91876,0.1
179734,-4.92205,0.1
179735,-4.91186,0.1
179736,-4.96642,0.1
179737,-4.86584,0.1
179738,-4.91745,0.1
179739,-4.75803,0.1
179740,-4.59484,0.1
179741,-4.44545,0.1
179742,-4.39286,0.1
179743,-4.09836,0.1
179744,-3.82982,0.1
179745,-3.5041,0.1
179746,-3.36046,0.1
179747,-3.15306,0.1
179748,-3.1925,0.1
179749,-2.94073,0.1
179750,-2.84048,0.1
179751,-2.93547,0.1
179752,-3.01074,0.1
179753,-2.6597,0.1
179754,-2.92692,0.1
179755,-2.93218,0.1
179756,-2.96669,0.1
179757,-2.84968,0.1
179758,-2.92101,0.1
179759,-2.98937,0.1
179760,-3.02224,0.1
179761,-3.0538,0.1
179762,-3.33549,0.1
179763,-3.14944,0.1
179764,-3.11559,0.1
179765,-3.05741,0.1
179766,-3.06234,0.1
179767,-3.06234,0.1
179768,-3.01041,0.1
179769,-3.07155,0.1
179770,-3.07385,0.1
179771,-2.81796,0.1
179772,-2.75568,0.1
179773,-2.80334,0.1
179774,-2.98313,0.1
179775,-2.86244,0.1
179776,-2.85165,0.1
179777,-3.00444,0.1
179778,-2.89268,0.1
179779,-2.95711,0.1
179780,-2.89925,0.1
179781,-2.82536,0.1
179782,-2.98702,0.1
179783,-2.95941,0.1
179784,-3.11695,0.1
179785,-2.96012,0.1
179786,-3.08596,0.1
179787,-3.04426,0.1
179788,-2.97025,0.1
179789,-2.93179,0.1
179790,-3.10338,0.1
179791,-3.03698,0.1
179792,-3.00181,0.1
179793,-3.0166,0.1
179794,-2.97683,0.1
179795,-3.08662,0.1
179796,-2.94823,0.1
179797,-2.88906,0.1
179798,-2.78552,0.1
179799,-2.8746,0.1
179800,-2.90227,0.1
179801,-4.23657,0.1
179802,-4.09587,0.1
179803,-4.20081,0.1
179804,-4.27739,0.1
179805,-4.15863,0.1
179806,-4.04539,0.1
179807,-4.12476,0.1
179808,-4.21619,0.1
179809,-4.05832,0.1
179810,-4.3385,0.1
179811,-4.19676,0.1
179812,-4.02063,0.1
179813,-4.5588,0.1
179814,-4.11607,0.1
179815,-4.22936,0.1
179816,-4.41452,0.1
179817,-4.04016,0.1
179818,-4.05915,0.1
179819,-4.09488,0.1
179820,-4.14078,0.1
179821,-4.07521,0.1
179822,-4.24041,0.1
179823,-4.21,0.1
179824,-4.33596,0.1
179825,-4.24732,0.1
179826,-4.02377,0.1
179827,-4.1019,0.1
179828,-4.44328,0.1
179829,-4.3435,0.1
179830,-4.37228,0.1
179831,-4.06592,0.1
179832,-4.38827,0.1
179833,-4.42332,0.1
179834,-4.24832,0.1
179835,-4.29837,0.1
179836,-4.25857,0.1
179837,-4.23317,0.1
179838,-4.14514,0.1
179839,-4.05306,0.1
179840,-4.19761,0.1
179841,-4.27113,0.1
179842,-4.11626,0.1
179843,-4.01939,0.1
179844,-4.29887,0.1
179845,-4.59796,0.1
179846,-4.22519,0.1
179847,-4.56688,0.1
179848,-4.43385,0.1
179849,-4.24492,0.1
179850,-4.31713,0.1
179851,-4.28138,0.1
179852,-4.10525,0.1
179853,-4.2459,0.1
179854,-4.61064,0.1
179855,-4.2517,0.1
179856,-4.43173,0.1
179857,-4.26665,0.1
179858,-4.30321,0.1
179859,-4.31538,0.1
179860,-4.20142,0.1
179861,-4.2047,0.1
179862,-4.52279,0.1
179863,-4.45203,0.1
179864,-4.29736,0.1
179865,-4.27464,0.1
179866,-4.25554,0.1
179867,-4.19474,0.1
179868,-4.28532,0.1
179869,-4.17425,0.1
179870,-4.32757,0.1
179871,-4.36668,0.1
179872,-4.21418,0.1
179873,-4.41512,0.1
179874,-4.27686,0.1
179875,-4.211,0.1
179876,-4.15441,0.1
179877,-2.94291223068,0.1
179878,-3.98870278166,0.1
179879,-3.61,0.1
179880,-2.70810973454,0.1
179881,-4.21941,0.1
179882,-4.43289,0.1
179883,-4.26307,0.1
179884,-4.09689,0.1
179885,-4.36008,0.1
179886,-4.532,0.1
179887,-4.11042,0.1
179888,-4.44341,0.1
179889,-4.17172,0.1
179890,-4.32032,0.1
179891,-4.42726,0.1
179892,-4.4608,0.1
179893,-4.48241,0.1
179894,-4.49131,0.1
179895,-4.59455,0.1
179896,-3.94199,0.1
179897,-4.72192,0.1
179898,-4.42386,0.1
179899,-4.68156,0.1
179900,-4.44401,0.1
179901,-4.5815,0.1
179902,-4.5885,0.1
179903,-4.33317,0.1
179904,-4.61428,0.1
179905,-4.44892,0.1
179906,-4.77394,0.1
179907,-4.68309,0.1
179908,-4.51774,0.1
179909,-4.7149,0.1
179910,-4.36554,0.1
179911,-4.68577,0.1
179912,-4.71243,0.1
179913,-4.74477,0.1
179914,-4.6821,0.1
179915,-4.63994,0.1
179916,-4.59616,0.1
179917,-4.65969,0.1
179918,-4.62161,0.1
179919,-4.41809,0.1
179920,-4.61208,0.1
179921,-4.70547,0.1
179922,-4.63632,0.1
179923,-4.66453,0.1
179924,-4.69069,0.1
179925,-4.65247,0.1
179926,-4.46025,0.1
179927,-4.57435,0.1
179928,-4.50631,0.1
179929,-4.38696,0.1
179930,-4.34382,0.1
179931,-4.2083,0.1
179932,-4.43942,0.1
179933,-4.72937,0.1
179934,-4.54781,0.1
179935,-4.24397,0.1
179936,-4.52862,0.1
179937,-4.60723,0.1
179938,-4.71475,0.1
179939,-4.72406,0.1
179940,-4.32634,0.1
179941,-4.41754,0.1
179942,-4.05604,0.1
179943,-4.36419,0.1
179944,-4.42274,0.1
179945,-4.58612,0.1
179946,-4.45615,0.1
179947,-4.16824,0.1
179948,-4.46717,0.1
179949,-4.42327,0.1
179950,-4.50736,0.1
179951,-4.88456,0.1
179952,-5.29475,0.1
179953,-4.76629,0.1
179954,-4.57588,0.1
179955,-4.66485,0.1
179956,-4.9103,0.1
179957,-4.53207,0.1
179958,-4.61437,0.1
179959,-4.46281,0.1
179960,-4.51807,0.1
179961,-4.8515,0.1
179962,-4.6125,0.1
179963,-4.34732,0.1
179964,-4.49062,0.1
179965,-4.33367,0.1
179966,-4.5636,0.1
179967,-4.68792,0.1
179968,-4.37869,0.1
179969,-4.2802,0.1
179970,-4.09571,0.1
179971,-4.36592,0.1
179972,-4.01831,0.1
179973,-4.35252,0.1
179974,-4.29261,0.1
179975,-4.48196,0.1
179976,-4.45759,0.1
179977,-4.73855,0.1
179978,-4.46923,0.1
179979,-4.50846,0.1
179980,-4.46628,0.1
179981,-4.51015,0.1
179982,-4.41198,0.1
179983,-4.98593,0.1
179984,-4.61101,0.1
179985,-4.08146,0.1
179986,-4.67731,0.1
179987,-4.87297,0.1
179988,-4.22542,0.1
179989,-4.51124,0.1
179990,-4.57028,0.1
179991,-4.46178,0.1
179992,-4.06755,0.1
179993,-4.48663,0.1
179994,-4.48382,0.1
179995,-4.02025,0.1
179996,-4.85323,0.1
179997,-4.18014,0.1
179998,-4.34803,0.1
179999,-4.14278,0.1
180000,-4.18647,0.1
180001,-4.30802,0.1
180002,-4.52272,0.1
180003,-4.20923,0.1
180004,-4.17841,0.1
180005,-4.09931,0.1
180006,-4.31072,0.1
180007,-4.51475,0.1
180008,-4.29761,0.1
180009,-3.87907,0.1
180010,-4.07845,0.1
180011,-4.39159,0.1
180012,-4.44664,0.1
180013,-4.0618,0.1
180014,-4.50668,0.1
180015,-4.19645,0.1
180016,-4.26068,0.1
180017,-4.37246,0.1
180018,-4.33856,0.1
180019,-4.33554,0.1
180020,-4.20089,0.1
180021,-4.37667,0.1
180022,-4.29226,0.1
180023,-4.30568,0.1
180024,-4.19123,0.1
180025,-4.63672,0.1
180026,-4.56556,0.1
180027,-4.3479,0.1
180028,-4.29163,0.1
180029,-4.25154,0.1
180030,-4.2933,0.1
180031,-4.23578,0.1
180032,-4.65068,0.1
180033,-4.1612,0.1
180034,-3.80417,0.1
180035,-4.10575,0.1
180036,-3.64367,0.1
180037,-4.47538,0.1
180038,-4.22454,0.1
180039,-4.3971,0.1
180040,-4.30907,0.1
180041,-4.19717,0.1
180042,-4.61288,0.1
180043,-4.68006,0.1
180044,-4.62697,0.1
180045,-4.69842,0.1
180046,-4.63713,0.1
180047,-4.63647,0.1
180048,-4.83311,0.1
180049,-4.68268,0.1
180050,-4.82525,0.1
180051,-4.73021,0.1
180052,-4.62566,0.1
180053,-4.71677,0.1
180054,-4.73512,0.1
180055,-4.62074,0.1
180056,-4.76494,0.1
180057,-4.68039,0.1
180058,-4.55104,0.1
180059,-4.80788,0.1
180060,-4.7928,0.1
180061,-4.78952,0.1
180062,-4.60272,0.1
180063,-4.77347,0.1
180064,-4.7928,0.1
180065,-4.78887,0.1
180066,-4.81017,0.1
180067,-4.68694,0.1
180068,-4.68465,0.1
180069,-4.82689,0.1
180070,-4.6781,0.1
180071,-4.79379,0.1
180072,-4.79477,0.1
180073,-4.73873,0.1
180074,-4.73447,0.1
180075,-4.79477,0.1
180076,-4.7112,0.1
180077,-4.60927,0.1
180078,-4.96519,0.1
180079,-4.6817,0.1
180080,-4.54143,0.1
180081,-4.70366,0.1
180082,-4.71087,0.1
180083,-4.9103,0.1
180084,-4.7266,0.1
180085,-4.85409,0.1
180086,-4.86769,0.1
180087,-4.84193,0.1
180088,-4.84065,0.1
180089,-4.73709,0.1
180090,-4.93274,0.1
180091,-4.77773,0.1
180092,-4.7207,0.1
180093,-4.43721,0.1
180094,-4.46245,0.1
180095,-4.43656,0.1
180096,-4.4323,0.1
180097,-4.27368,0.1
180098,-4.40149,0.1
180099,-4.31235,0.1
180100,-4.50407,0.1
180101,-4.49948,0.1
180102,-4.59158,0.1
180103,-4.52767,0.1
180104,-4.57257,0.1
180105,-4.54504,0.1
180106,-4.71906,0.1
180107,-4.45491,0.1
180108,-4.35626,0.1
180109,-4.06196,0.1
180110,-4.04361,0.1
180111,-4.17536,0.1
180112,-4.16913,0.1
180113,-4.44836,0.1
180114,-4.53881,0.1
180115,-4.49227,0.1
180116,-4.37134,0.1
180117,-4.4264,0.1
180118,-4.41067,0.1
180119,-4.34414,0.1
180120,-4.37757,0.1
180121,-4.20977,0.1
180122,-4.41558,0.1
180123,-4.3435,0.1
180124,-4.91913,0.1
180125,-4.91913,0.1
180126,-4.40824,0.1
180127,-4.24647,0.1
180128,-4.34486,0.1
180129,-4.34054,0.1
180130,-4.42518,0.1
180131,-4.52108,0.1
180132,-4.57781,0.1
180133,-4.88085,0.1
180134,-4.64751,0.1
180135,-4.4148,0.1
180136,-4.51623,0.1
180137,-4.37433,0.1
180138,-4.66425,0.1
180139,-4.58566,0.1
180140,-4.8352,0.1
180141,-4.54118,0.1
180142,-4.52916,0.1
180143,-4.42346,0.1
180144,-4.48747,0.1
180145,-4.65971,0.1
180146,-4.56116,0.1
180148,-4.25898,0.1
180149,-4.2462,0.1
180150,-4.47299,0.1
180151,-4.40285,0.1
180152,-4.63685,0.1
180153,-4.375,0.1
180154,-4.45824,0.1
180155,-4.12036,0.1
180156,-4.2816,0.1
180157,-4.64635,0.1
180158,-4.4838,0.1
180159,-4.75024,0.1
180160,-4.33895,0.1
180161,-4.59294,0.1
180162,-4.70731,0.1
180163,-4.68273,0.1
180164,-4.54247,0.1
180165,-4.76335,0.1
180166,-4.81775,0.1
180167,-4.56803,0.1
180168,-4.61391,0.1
180169,-4.76073,0.1
180170,-4.81677,0.1
180171,-4.86462,0.1
180172,-4.77613,0.1
180173,-4.97677,0.1
180174,-4.69584,0.1
180175,-4.81743,0.1
180176,-5.26237,0.1
180177,-4.77417,0.1
180178,-4.76204,0.1
180179,-5.1998,0.1
180180,-4.98817,0.1
180181,-4.79023,0.1
180182,-4.86298,0.1
180183,-4.67041,0.1
180184,-4.72547,0.1
180185,-4.83742,0.1
180186,-4.86986,0.1
180187,-4.62866,0.1
180188,-4.86921,0.1
180189,-4.8171,0.1
180190,-4.94458,0.1
180191,-4.88592,0.1
180192,-5.01111,0.1
180193,-4.96261,0.1
180194,-5.12352,0.1
180195,-4.95474,0.1
180196,-4.73648,0.1
180197,-4.88101,0.1
180198,-4.95605,0.1
180199,-4.94426,0.1
180200,-4.66536,0.1
180201,-4.94229,0.1
180202,-4.96916,0.1
180203,-4.56672,0.1
180204,-4.98542,0.1
180205,-4.81677,0.1
180206,-4.80727,0.1
180207,-4.81349,0.1
180208,-5.01601,0.1
180209,-4.78227,0.1
180210,-4.86586,0.1
180211,-4.62884,0.1
180212,-4.55803,0.1
180213,-4.83242,0.1
180214,-4.58065,0.1
180215,-4.66884,0.1
180216,-4.96454,0.1
180217,-5.0524,0.1
180218,-5,0.1
180219,-4.70064,0.1
180220,-4.55606,0.1
180221,-4.82718,0.1
180222,-4.65507,0.1
180223,-4.89766,0.1
180224,-4.68818,0.1
180225,-4.60229,0.1
180226,-4.56262,0.1
180227,-4.52263,0.1
180228,-4.46001,0.1
180229,-4.61507,0.1
180230,-4.80869,0.1
180231,-4.50853,0.1
180232,-4.55836,0.1
180233,-4.55475,0.1
180234,-4.42362,0.1
180235,-4.57377,0.1
180236,-4.47378,0.1
180237,-4.36986,0.1
180238,-4.43903,0.1
180239,-4.46755,0.1
180240,-4.32232,0.1
180241,-4.56885,0.1
180242,-4.30068,0.1
180243,-4.25413,0.1
180244,-4.13054,0.1
180245,-4.08661,0.1
180246,-4.08104,0.1
180247,-4.15054,0.1
180248,-4.34035,0.1
180249,-4.33543,0.1
180250,-4.59274,0.1
180251,-4.35576,0.1
180252,-4.31576,0.1
180253,-4.34625,0.1
180254,-4.54656,0.1
180255,-4.58,0.1
180256,-4.66949,0.1
180257,-4.41215,0.1
180258,-4.51804,0.1
180259,-4.66064,0.1
180260,-4.28298,0.1
180261,-4.33904,0.1
180262,-4.26823,0.1
180263,-4.20955,0.1
180264,-4.09448,0.1
180265,-3.97056,0.1
180266,-4.32462,0.1
180267,-4.51456,0.1
180268,-4.54209,0.1
180269,-4.86261,0.1
180270,-4.73479,0.1
180271,-4.63123,0.1
180272,-4.86687,0.1
180273,-4.81738,0.1
180274,-4.76953,0.1
180275,-4.78657,0.1
180276,-4.9996,0.1
180277,-4.91111,0.1
180278,-4.96224,0.1
180279,-4.95306,0.1
180280,-5.10972,0.1
180281,-5.11889,0.1
180282,-5.30242,0.1
180283,-5.30373,0.1
180284,-5.15986,0.1
180285,-4.99927,0.1
180286,-5.04909,0.1
180287,-5.1261,0.1
180288,-5.12774,0.1
180289,-5.15003,0.1
180290,-5.24081,0.1
180291,-5.16674,0.1
180292,-5.06023,0.1
180293,-4.86029,0.1
180294,-5.05794,0.1
180295,-5.10944,0.1
180296,-5.19263,0.1
180297,-5.42696,0.1
180298,-5.39517,0.1
180299,-5.42598,0.1
180300,-5.29718,0.1
180301,-5.30078,0.1
180302,-5.24114,0.1
180303,-5.35846,0.1
180304,-5.5395,0.1
180305,-5.28483,0.1
180306,-5.31062,0.1
180307,-5.20597,0.1
180308,-5.08354,0.1
180309,-5.40795,0.1
180310,-5.33225,0.1
180311,-5.40599,0.1
180312,-5.20451,0.1
180313,-5.73222,0.1
180314,-5.31357,0.1
180315,-5.22639,0.1
180316,-5.26418,0.1
180317,-5.39943,0.1
180318,-5.71,0.1
180319,-5.37747,0.1
180320,-5.37846,0.1
180321,-5.52987,0.1
180322,-5.24278,0.1
180323,-5.35257,0.1
180324,-5.42991,0.1
180325,-5.37846,0.1
180326,-5.36974,0.1
180327,-5.41135,0.1
180328,-5.45625,0.1
180329,-5.45592,0.1
180330,-5.41823,0.1
180331,-5.42315,0.1
180332,-5.44675,0.1
180333,-5.45723,0.1
180334,-5.67517,0.1
180335,-5.4556,0.1
180336,-5.31336,0.1
180337,-5.35072,0.1
180338,-5.46248,0.1
180339,-5.43626,0.1
180340,-5.44806,0.1
180341,-5.50672,0.1
180342,-5.55162,0.1
180343,-5.45199,0.1
180344,-5.48935,0.1
180345,-5.61454,0.1
180346,-5.57882,0.1
180347,-5.54179,0.1
180348,-5.41692,0.1
180349,-5.41922,0.1
180350,-5.49394,0.1
180351,-5.39169,0.1
180352,-5.17211,0.1
180353,-5.35728,0.1
180354,-5.51196,0.1
180355,-5.42381,0.1
180356,-5.89573,0.1
180357,-5.40775,0.1
180358,-5.45756,0.1
180359,-5.30943,0.1
180360,-5.33958,0.1
180361,-5.52147,0.1
180362,-5.46313,0.1
180363,-5.52114,0.1
180364,-5.38513,0.1
180365,-5.76005,0.1
180366,-5.69123,0.1
180367,-6.07205,0.1
180368,-5.35302,0.1
180369,-5.6637,0.1
180370,-5.46645,0.1
180371,-5.37203,0.1
180372,-5.40742,0.1
180373,-5.45068,0.1
180374,-5.46281,0.1
180375,-5.43487,0.1
180376,-5.37254,0.1
180377,-5.31525,0.1
180378,-5.57842,0.1
180379,-5.64724,0.1
180380,-5.57285,0.1
180381,-5.47518,0.1
180382,-5.61643,0.1
180383,-5.32967,0.1
180384,-5.47518,0.1
180385,-5.36932,0.1
180386,-5.50697,0.1
180387,-5.36178,0.1
180388,-5.55285,0.1
180389,-5.47518,0.1
180390,-5.32114,0.1
180391,-5.49058,0.1
180392,-5.58366,0.1
180393,-5.4624,0.1
180394,-5.46142,0.1
180395,-5.42864,0.1
180396,-5.36146,0.1
180397,-5.47616,0.1
180398,-5.52762,0.1
180399,-5.42373,0.1
180400,-5.51352,0.1
180401,-5.37784,0.1
180402,-5.60005,0.1
180403,-5.51779,0.1
180404,-5.48206,0.1
180405,-5.40406,0.1
180406,-5.50468,0.1
180407,-5.44994,0.1
180408,-5.39325,0.1
180409,-5.53,0.1
180410,-5.48042,0.1
180411,-5.62168,0.1
180412,-5.27231,0.1
180413,-5.46469,0.1
180414,-5.21037,0.1
180415,-5.55941,0.1
180416,-5.29755,0.1
180417,-5.23954,0.1
180418,-5.41815,0.1
180419,-5.58694,0.1
180420,-5.30115,0.1
180421,-5.29689,0.1
180422,-5.39456,0.1
180423,-5.27887,0.1
180424,-5.33129,0.1
180425,-5.2759,0.1
180426,-5.44141,0.1
180427,-5.22314,0.1
180428,-5.13792,0.1
180429,-5.14415,0.1
180430,-5.20904,0.1
180431,-5.40175,0.1
180432,-5.46829,0.1
180433,-5.30212,0.1
180434,-5.34,0.1
180435,-5.33948,0.1
180436,-5.55841,0.1
180437,-5.44436,0.1
180438,-5.36505,0.1
180439,-5.56661,0.1
180440,-5.4129,0.1
180441,-5.36243,0.1
180442,-5.41093,0.1
180443,-5.52007,0.1
180444,-5.53449,0.1
180445,-5.60004,0.1
180446,-5.55186,0.1
180447,-5.47058,0.1
180448,-5.43322,0.1
180449,-5.31916,0.1
180450,-5.52269,0.1
180451,-5.3349,0.1
180452,-5.39454,0.1
180453,-5.40667,0.1
180454,-5.4247,0.1
180455,-5.56366,0.1
180456,-5.33326,0.1
180457,-5.35849,0.1
180458,-5.22576,0.1
180459,-5.50598,0.1
180460,-5.40503,0.1
180461,-5.39487,0.1
180462,-5.33326,0.1
180463,-5.49057,0.1
180464,-5.53842,0.1
180465,-5.45124,0.1
180466,-5.54006,0.1
180467,-5.43003,0.1
180468,-5.45649,0.1
180469,-5.38963,0.1
180470,-5.40143,0.1
180471,-5.38865,0.1
180472,-5.49549,0.1
180473,-5.4496,0.1
180474,-5.45809,0.1
180475,-5.40599,0.1
180476,-5.49054,0.1
180477,-5.48169,0.1
180478,-5.32045,0.1
180479,-5.46662,0.1
180480,-5.41451,0.1
180481,-5.43319,0.1
180482,-5.63769,0.1
180483,-5.44957,0.1
180484,-5.48169,0.1
180485,-5.46596,0.1
180486,-5.38173,0.1
180487,-5.26768,0.1
180488,-5.42434,0.1
180489,-5.33454,0.1
180490,-5.65736,0.1
180491,-5.62229,0.1
180492,-5.44499,0.1
180493,-5.43778,0.1
180494,-5.52856,0.1
180495,-5.49415,0.1
180496,-5.41123,0.1
180497,-5.44925,0.1
180498,-5.56231,0.1
180499,-5.42073,0.1
180500,-5.28702,0.1
180501,-5.45318,0.1
180502,-5.2631,0.1
180503,-5.29062,0.1
180504,-5.45613,0.1
180505,-5.38304,0.1
180506,-5.37682,0.1
180507,-5.41287,0.1
180508,-5.44105,0.1
180509,-5.5066,0.1
180510,-5.37157,0.1
180511,-5.0209,0.1
180512,-5.45416,0.1
180513,-5.52167,0.1
180514,-5.37813,0.1
180515,-5.34732,0.1
180516,-5.44433,0.1
180517,-5.44433,0.1
180518,-5.42663,0.1
180519,-5.41909,0.1
180520,-5.39484,0.1
180521,-5.30078,0.1
180522,-5.37026,0.1
180523,-5.32602,0.1
180524,-5.18724,0.1
180525,-5.30131,0.1
180526,-5.43765,0.1
180527,-5.52072,0.1
180528,-5.46715,0.1
180529,-5.44665,0.1
180530,-5.26297,0.1
180531,-5.47058,0.1
180532,-5.43831,0.1
180533,-5.54744,0.1
180534,-5.28049,0.1
180535,-5.30492,0.1
180536,-5.34833,0.1
180537,-5.35095,0.1
180538,-5.17742,0.1
180539,-5.29705,0.1
180540,-5.37604,0.1
180541,-5.29213,0.1
180542,-5.36325,0.1
180543,-5.30638,0.1
180544,-5.12481,0.1
180545,-5.34719,0.1
180546,-5.31213,0.1
180547,-5.42699,0.1
180548,-5.45535,0.1
180549,-5.56449,0.1
180550,-4.99207,0.1
180551,-5.35867,0.1
180552,-5.3839,0.1
180553,-5.46026,0.1
180554,-5.42946,0.1
180555,-5.43798,0.1
180556,-5.44945,0.1
180557,-5.36981,0.1
180558,-5.51238,0.1
180559,-5.4052,0.1
180560,-5.29377,0.1
180561,-5.25328,0.1
180562,-5.4016,0.1
180563,-5.42633,0.1
180564,-5.41209,0.1
180565,-5.41471,0.1
180566,-5.29148,0.1
180567,-5.36915,0.1
180568,-5.57301,0.1
180569,-5.44388,0.1
180570,-5.4111,0.1
180571,-5.40979,0.1
180572,-5.36883,0.1
180573,-5.4583,0.1
180574,-5.40127,0.1
180575,-5.32294,0.1
180576,-5.3989,0.1
180577,-5.5245,0.1
180578,-5.22167,0.1
180579,-5.37276,0.1
180580,-5.38751,0.1
180581,-5.51,0.1
180583,-5.5703,0.1
180584,-5.37243,0.1
180585,-5.2819,0.1
180586,-5.43339,0.1
180587,-5.40357,0.1
180588,-5.50189,0.1
180590,-5.39431,0.1
180591,-5.46149,0.1
180592,-5.31009,0.1
180593,-5.34326,0.1
180594,-5.15238,0.1
180595,-5.33114,0.1
180596,-5.13679,0.1
180597,-5.33769,0.1
180598,-5.07976,0.1
180599,-5.16694,0.1
180600,-5.1771,0.1
180601,-5.07969,0.1
180602,-5.33073,0.1
180603,-5.34556,0.1
180604,-5.41241,0.1
180605,-5.00973,0.1
180606,-5.35309,0.1
180607,-5.18909,0.1
180608,-5.25149,0.1
180609,-5.41012,0.1
180610,-5.28623,0.1
180611,-5.47985,0.1
180612,-5.64624,0.1
180613,-5.40807,0.1
180614,-5.30623,0.1
180615,-5.63757,0.1
180616,-5.44249,0.1
180617,-5.24789,0.1
180618,-5.35014,0.1
180619,-5.37268,0.1
180620,-5.54253,0.1
180621,-5.26428,0.1
180622,-5.22626,0.1
180623,-5.13384,0.1
180624,-5.23209,0.1
180625,-5.5479,0.1
180626,-5.73608,0.1
180627,-5.72922,0.1
180628,-5.70492,0.1
180629,-5.76528,0.1
180630,-5.77893,0.1
180631,-5.43234,0.1
180632,-5.58769,0.1
180633,-5.68007,0.1
180634,-5.72022,0.1
180635,-5.75011,0.1
180636,-5.48517,0.1
180637,-5.51305,0.1
180638,-5.55156,0.1
180639,-5.59231,0.1
180640,-5.486,0.1
180641,-5.69056,0.1
180642,-5.71222,0.1
180643,-5.45021,0.1
180644,-5.39271,0.1
180645,-5.46319,0.1
180646,-5.58746,0.1
180647,-5.27182,0.1
180648,-5.18513,0.1
180649,-5.40761,0.1
180650,-5.43134,0.1
180651,-5.43817,0.1
180652,-5.23299,0.1
180653,-5.6499,0.1
180654,-5.34176,0.1
180655,-5.41082,0.1
180656,-5.43207,0.1
180657,-5.44667,0.1
180658,-5.35817,0.1
180659,-5.12284,0.1
180660,-5.53935,0.1
180661,-5.23831,0.1
180662,-5.38482,0.1
180663,-5.23955,0.1
180664,-5.22931,0.1
180665,-5.20059,0.1
180666,-5.25474,0.1
180667,-5.23493,0.1
180668,-5.23955,0.1
180669,-5.18375,0.1
180670,-5.23559,0.1
180671,-5.27058,0.1
180672,-5.27886,0.1
180673,-5.18606,0.1
180674,-5.21049,0.1
180675,-5.23063,0.1
180676,-5.3003,0.1
180677,-5.22007,0.1
180678,-5.11804,0.1
180679,-5.07809,0.1
180680,-5.30669,0.1
180681,-5.12861,0.1
180682,-5.25179,0.1
180683,-5.18144,0.1
180684,-5.54229,0.1
180685,-5.50927,0.1
180686,-5.43501,0.1
180687,-5.37789,0.1
180688,-5.21214,0.1
180689,-5.06984,0.1
180690,-5.2653,0.1
180691,-5.17979,0.1
180692,-5.29568,0.1
180693,-5.29403,0.1
180694,-5.22139,0.1
180695,-5.46702,0.1
180696,-5.06719,0.1
180697,-5.2904,0.1
180698,-5.20953,0.1
180699,-5.32539,0.1
180700,-5.2587,0.1
180701,-5.23922,0.1
180702,-5.26068,0.1
180703,-5.15106,0.1
180704,-5.32804,0.1
180705,-5.30756,0.1
180706,-5.37426,0.1
180707,-5.34488,0.1
180708,-5.11639,0.1
180709,-5.67994,0.1
180710,-5.49706,0.1
180711,-5.42245,0.1
180712,-5.50861,0.1
180713,-5.48452,0.1
180714,-5.36766,0.1
180715,-5.33332,0.1
180716,-5.29833,0.1
180717,-5.35775,0.1
180718,-5.63076,0.1
180719,-5.54757,0.1
180720,-5.6641,0.1
180721,-5.43005,0.1
180722,-5.5271,0.1
180723,-5.537,0.1
180724,-5.503,0.1
180725,-5.62052,0.1
180726,-5.34917,0.1
180727,-5.43929,0.1
180728,-5.51918,0.1
180729,-5.43005,0.1
180730,-5.52974,0.1
180731,-5.42576,0.1
180732,-5.35247,0.1
180733,-5.26433,0.1
180734,-5.41882,0.1
180735,-5.62151,0.1
180736,-5.3944,0.1
180737,-5.34257,0.1
180738,-5.39968,0.1
180739,-5.38779,0.1
180740,-5.37855,0.1
180741,-5.16761,0.1
180742,-5.43401,0.1
180743,-5.22439,0.1
180744,-5.13757,0.1
180745,-5.34884,0.1
180746,-5.29569,0.1
180747,-5.38944,0.1
180748,-5.36865,0.1
180749,-5.41585,0.1
180750,-5.32507,0.1
180751,-5.41618,0.1
180752,-5.4383,0.1
180753,-5.33927,0.1
180754,-5.1511,0.1
180755,-5.16332,0.1
180756,-5.14054,0.1
180757,-5.18081,0.1
180758,-5.29008,0.1
180759,-5.18219,0.1
180760,-5.05839,0.1
180761,-5.10758,0.1
180762,-4.93492,0.1
180763,-5.21679,0.1
180764,-5.16205,0.1
180765,-4.94148,0.1
180766,-5.04419,0.1
180767,-5.10295,0.1
180768,-4.99203,0.1
180769,-4.88969,0.1
180770,-4.9501,0.1
180771,-4.83225,0.1
180772,-4.90422,0.1
180773,-4.81343,0.1
180774,-4.92634,0.1
180775,-4.86328,0.1
180776,-5.03693,0.1
180777,-4.80914,0.1
180778,-5.02372,0.1
180779,-4.80551,0.1
180780,-5.11314,0.1
180781,-4.90851,0.1
180782,-4.97251,0.1
180783,-5.03891,0.1
180784,-5.02471,0.1
180785,-4.79791,0.1
180786,-4.8339,0.1
180787,-4.93525,0.1
180788,-4.8745,0.1
180789,-4.88474,0.1
180790,-4.87216,0.1
180791,-4.89134,0.1
180792,-4.87318,0.1
180793,-4.80716,0.1
180794,-4.66683,0.1
180795,-4.63681,0.1
180796,-4.85899,0.1
180797,-4.69921,0.1
180798,-4.81244,0.1
180799,-4.8814,0.1
180800,-4.93789,0.1
180801,-4.91276,0.1
180802,-4.68435,0.1
180803,-4.87616,0.1
180804,-4.65332,0.1
180805,-4.8547,0.1
180806,-4.63714,0.1
180807,-4.83621,0.1
180808,-4.66487,0.1
180809,-4.91078,0.1
180810,-4.98076,0.1
180811,-4.72955,0.1
180812,-5.07881,0.1
180813,-4.64504,0.1
180814,-4.96162,0.1
180815,-4.72196,0.1
180816,-4.81175,0.1
180817,-4.80812,0.1
180818,-4.62754,0.1
180819,-4.29974,0.1
180820,-4.36609,0.1
180821,-4.49236,0.1
180822,-4.27069,0.1
180823,-4.36477,0.1
180824,-4.43245,0.1
180825,-3.99274,0.1
180826,-3.70455,0.1
180827,-3.90361,0.1
180828,-3.4091,0.1
180829,-3.71973,0.1
180830,-3.54114,0.1
180831,-3.4674,0.1
180832,-3.36651,0.1
180833,-3.24668,0.1
180834,-3.23199,0.1
180835,-3.31271,0.1
180836,-3.29653,0.1
180837,-3.19353,0.1
180838,-3.06446,0.1
180839,-3.1559,0.1
180840,-3.37906,0.1
180841,-3.1,0.1
180842,-3.2447,0.1
180843,-3.0813,0.1
180844,-3.04498,0.1
180845,-2.89676,0.1
180846,-3.19684,0.1
180847,-3.18297,0.1
180848,-3.00141,0.1
180849,-2.75944,0.1
180850,-2.47158,0.1
180851,-2.47108,0.1
180852,-2.61188,0.1
180853,-2.97697,0.1
180854,-2.8248,0.1
180855,-2.73633,0.1
180856,-3.16052,0.1
180857,-2.89115,0.1
180858,-2.99679,0.1
180859,-2.66078,0.1
180860,-2.51988,0.1
180861,-2.57497,0.1
180862,-2.42478,0.1
180863,-2.66078,0.1
180864,-3.00234,0.1
180865,-2.61967,0.1
180866,-3.14987,0.1
180867,-2.94012,0.1
180868,-2.67019,0.1
180869,-2.33959,0.1
180870,-2.59268,0.1
180871,-2.55628,0.1
180872,-2.37261,0.1
180873,-2.37922,0.1
180874,-2.47941,0.1
180875,-2.47101,0.1
180876,-2.53275,0.1
180877,-2.59813,0.1
180878,-2.59293,0.1
180879,-2.48521,0.1
180880,-2.822,0.1
180881,-2.95051,0.1
180882,-2.91412,0.1
180883,-2.90594,0.1
180884,-2.93334,0.1
180885,-2.96404,0.1
180886,-3.05549,0.1
180887,-3.15882,0.1
180888,-2.81902,0.1
180889,-2.74572,0.1
180890,-2.86056,0.1
180891,-2.81234,0.1
180892,-2.91716,0.1
180893,-2.81556,0.1
180894,-3.0885,0.1
180895,-2.71947,0.1
180896,-2.73747,0.1
180898,-2.66896,0.1
180899,-3.18094,0.1
180900,-3.02679,0.1
180901,-3.09341,0.1
180902,-3.15491,0.1
180903,-2.8111,0.1
180904,-3.12283,0.1
180905,-2.94886,0.1
180906,-3.00153,0.1
180907,-2.85543,0.1
180908,-3.15855,0.1
180909,-2.927,0.1
180910,-2.68753,0.1
180911,-2.52359,0.1
180912,-2.85023,0.1
180913,-2.78411,0.1
180914,-2.95,0.1
180915,-3.09905,0.1
180916,-2.86558,0.1
180917,-2.82992,0.1
180918,-2.6068,0.1
180919,-3.02663,0.1
180920,-2.70759,0.1
180921,-2.68109,0.1
180922,-2.76875,0.1
180923,-2.70486,0.1
180924,-2.81902,0.1
180925,-2.98346,0.1
180926,-2.99658,0.1
180927,-2.93021,0.1
180928,-2.80887,0.1
180929,-2.67886,0.1
180930,-3.09985,0.1
180931,-2.89455,0.1
180932,-3.02407,0.1
180933,-2.67861,0.1
180934,-2.85766,0.1
180935,-2.90075,0.1
180936,-2.81259,0.1
180937,-2.91263,0.1
180938,-2.89951,0.1
180939,-2.81407,0.1
180940,-2.88861,0.1
180941,-2.96166,0.1
180942,-2.75167,0.1
180943,-2.82794,0.1
180944,-3.13048,0.1
180945,-2.59986,0.1
180946,-2.71105,0.1
180947,-2.80095,0.1
180948,-2.78264,0.1
180949,-2.67168,0.1
180950,-2.79327,0.1
180951,-2.85221,0.1
180952,-2.95151,0.1
180953,-2.7269,0.1
180954,-2.57312,0.1
180955,-2.77461,0.1
180956,-2.9473,0.1
180957,-2.68068,0.1
180958,-2.79104,0.1
180959,-3.60702,0.1
180960,-3.34814,0.1
180961,-3.77302,0.1
180962,-4.04709,0.1
180963,-4.08829,0.1
180964,-4.52021,0.1
180965,-4.60257,0.1
180966,-4.19731,0.1
180967,-4.16745,0.1
180968,-4.20673,0.1
180969,-3.93955,0.1
180970,-4.13857,0.1
180971,-4.28537,0.1
180972,-4.37778,0.1
180973,-4.31007,0.1
180974,-4.33349,0.1
180975,-4.39978,0.1
180976,-4.5225,0.1
180977,-4.78666,0.1
180978,-4.8143,0.1
180979,-4.90189,0.1
180980,-4.68855,0.1
180981,-4.99496,0.1
180982,-5.01669,0.1
180983,-4.85996,0.1
180984,-4.74203,0.1
180985,-4.91302,0.1
180986,-5.03376,0.1
180987,-4.84108,0.1
180988,-5.07543,0.1
180989,-5.1473,0.1
180990,-4.93495,0.1
180991,-4.67152,0.1
180992,-4.98574,0.1
180993,-4.76107,0.1
180994,-4.93314,0.1
180995,-4.97853,0.1
180996,-5.06828,0.1
180997,-4.83392,0.1
180998,-4.95233,0.1
180999,-5.03966,0.1
181000,-4.4522,0.1
181001,-5.01472,0.1
181002,-5.09775,0.1
181003,-4.86443,0.1
181004,-4.94877,0.1
181005,-4.44302,0.1
181006,-4.66618,0.1
181007,-4.91888,0.1
181008,-4.934,0.1
181009,-5.08626,0.1
181010,-5.30082,0.1
181011,-5.22769,0.1
181012,-5.25362,0.1
181013,-5.26709,0.1
181014,-4.98475,0.1
181015,-4.681,0.1
181016,-4.42008,0.1
181017,-4.88806,0.1
181018,-4.57796,0.1
181019,-4.51627,0.1
181020,-4.58255,0.1
181021,-4.85736,0.1
181022,-5.15583,0.1
181023,-4.68753,0.1
181024,-4.84409,0.1
181025,-4.88904,0.1
181026,-4.72533,0.1
181027,-4.53169,0.1
181028,-4.84309,0.1
181029,-4.51409,0.1
181030,-4.83816,0.1
181031,-4.79528,0.1
181032,-4.64601,0.1
181033,-4.68506,0.1
181034,-5.18407,0.1
181035,-4.86734,0.1
181036,-4.7034,0.1
181037,-4.88378,0.1
181038,-4.59641,0.1
181039,-4.62545,0.1
181040,-4.79156,0.1
181041,-4.67225,0.1
181042,-4.48318,0.1
181043,-5.05181,0.1
181044,-5.03639,0.1
181045,-4.66882,0.1
181046,-5.0866,0.1
181047,-4.70691,0.1
181048,-5.20081,0.1
181049,-4.64191,0.1
181050,-4.85428,0.1
181051,-4.81083,0.1
181052,-4.69,0.1
181053,-4.64209,0.1
181054,-4.74427,0.1
181055,-4.43021,0.1
181056,-5.00915,0.1
181057,-4.81224,0.1
181058,-4.51769,0.1
181059,-4.88969,0.1
181060,-4.96117,0.1
181061,-4.65274,0.1
181062,-4.88345,0.1
181063,-4.91102,0.1
181064,-5.12467,0.1
181065,-4.82524,0.1
181066,-4.90157,0.1
181067,-4.77253,0.1
181068,-4.76687,0.1
181069,-5.06363,0.1
181070,-4.79656,0.1
181071,-4.95533,0.1
181072,-4.74135,0.1
181073,-4.92647,0.1
181074,-5.02019,0.1
181075,-4.84656,0.1
181076,-4.66735,0.1
181077,-4.95338,0.1
181078,-5.17342,0.1
181079,-4.91853,0.1
181080,-4.82876,0.1
181081,-4.83094,0.1
181082,-4.79485,0.1
181083,-4.82766,0.1
181084,-4.98224,0.1
181085,-4.98742,0.1
181086,-4.81635,0.1
181087,-5.00192,0.1
181088,-5.21676,0.1
181089,-4.74958,0.1
181090,-4.92943,0.1
181091,-5.03367,0.1
181092,-4.83717,0.1
181093,-4.57816,0.1
181094,-4.42292,0.1
181095,-4.56471,0.1
181096,-5.11607,0.1
181097,-4.80699,0.1
181098,-4.92476,0.1
181099,-4.48838,0.1
181100,-4.73951,0.1
181101,-4.86243,0.1
181102,-5.04001,0.1
181103,-4.91371,0.1
181104,-4.89107,0.1
181105,-4.94838,0.1
181106,-4.73491,0.1
181107,-4.91721,0.1
181108,-5.05084,0.1
181109,-5.00244,0.1
181110,-5.12236,0.1
181111,-5.00622,0.1
181112,-4.98358,0.1
181113,-4.69,0.1
181114,-4.90485,0.1
181115,-5.04395,0.1
181116,-4.92115,0.1
181117,-5.07271,0.1
181118,-4.79331,0.1
181119,-5.1614,0.1
181120,-5.11055,0.1
181121,-5.3999,0.1
181122,-5.23291,0.1
181123,-4.96193,0.1
181124,-5.40711,0.1
181125,-5.31198,0.1
181126,-5.18305,0.1
181127,-5.26265,0.1
181128,-5.25246,0.1
181129,-5.24341,0.1
181130,-5.62312,0.1
181131,-5.55822,0.1
181132,-5.27589,0.1
181133,-5.45272,0.1
181134,-5.40666,0.1
181135,-5.42401,0.1
181136,-5.40121,0.1
181137,-5.103,0.1
181138,-5.45042,0.1
181139,-5.15943,0.1
181140,-5.35462,0.1
181141,-5.01639,0.1
181142,-5.2234,0.1
181143,-5.07971,0.1
181144,-5.41335,0.1
181145,-4.97473,0.1
181146,-5.00048,0.1
181147,-5.2494,0.1
181148,-5.24275,0.1
181149,-5.15571,0.1
181150,-5.41794,0.1
181151,-5.36568,0.1
181152,-5.34478,0.1
181153,-5.34774,0.1
181154,-5.14696,0.1
181155,-5.21836,0.1
181156,-5.39071,0.1
181157,-5.38218,0.1
181158,-5.14007,0.1
181159,-5.31296,0.1
181160,-5.22471,0.1
181161,-5.05437,0.1
181162,-5.02619,0.1
181163,-5.29371,0.1
181164,-5.05404,0.1
181165,-5.30312,0.1
181166,-5.33068,0.1
181167,-5.38829,0.1
181168,-5.1258,0.1
181169,-5.40908,0.1
181170,-5.25522,0.1
181171,-5.25752,0.1
181172,-5.1755,0.1
181173,-5.24538,0.1
181174,-5.31198,0.1
181175,-5.37201,0.1
181176,-5.43041,0.1
181177,-5.40629,0.1
181178,-5.48454,0.1
181179,-5.23127,0.1
181180,-5.47245,0.1
181181,-5.41597,0.1
181182,-5.24669,0.1
181183,-5.31788,0.1
181184,-5.44271,0.1
181185,-5.46026,0.1
181186,-5.33625,0.1
181187,-5.16577,0.1
181188,-5.16664,0.1
181189,-5.35723,0.1
181190,-5.30312,0.1
181191,-5.366,0.1
181192,-5.34117,0.1
181193,-5.31329,0.1
181194,-5.25621,0.1
181195,-5.24833,0.1
181196,-5.39744,0.1
181197,-5.37398,0.1
181198,-5.16836,0.1
181200,-4.38311,0.1
181201,-4.57132,0.1
181202,-4.51288,0.1
181203,-4.67607,0.1
181204,-4.87212,0.1
181205,-4.68994,0.1
181206,-4.64487,0.1
181207,-5.00951,0.1
181208,-4.83431,0.1
181209,-4.66864,0.1
181210,-5.07886,0.1
181211,-4.52699,0.1
181212,-5.02036,0.1
181213,-4.84249,0.1
181214,-4.61391,0.1
181215,-4.62407,0.1
181216,-4.99538,0.1
181217,-4.93659,0.1
181218,-4.82466,0.1
274105,-7.35700302518,0.09
274106,-7.32200787363,0.09
274107,-7.34376462889,0.09
274108,-7.57,0.09
274109,-7.45686433745,0.09
274110,-7.38370398279,0.09
274111,-7.34636183845,0.09
274112,-7.34004381018,0.09
274113,-7.342,0.09
274114,-7.393,0.09
274115,-7.36,0.09
274116,-7.35,0.09
274117,-7.39,0.09
274118,-7.345,0.09
274119,-7.6,0.09
274120,-7.752,0.09
274121,-7.76,0.09
274122,-7.835,0.09
274123,-7.505,0.09
274124,-7.685,0.09
274125,-7.586,0.09
274126,-7.685,0.09
274127,-7.75,0.09
274128,-7.811,0.09
274129,-7.452,0.09
274130,-7.75,0.09
274131,-7.52,0.09
274132,-7.49,0.09
274133,-7.434,0.09
274134,-7.394,0.09
274135,-7.531,0.09
274136,-7.23,0.09
274137,-7.393,0.09
274138,-7.177,0.09
274139,-7.404,0.09
274140,-7.565,0.09
274141,-7.6,0.09
274142,-7.784,0.09
274143,-7.56,0.09
274144,-7.648,0.09
274145,-7.568,0.09
274146,-7.54,0.09
274147,-7.666,0.09
274148,-7.73,0.09
274149,-7.777,0.09
274150,-7.98,0.09
274151,-7.681,0.09
274152,-7.571,0.09
274153,-7.68,0.09
274154,-7.54,0.09
274155,-7.57,0.09
274156,-7.69,0.09
274157,-7.635,0.09
274158,-7.553,0.09
274159,-7.84,0.09
274160,-7.529,0.09
274161,-7.45,0.09
274162,-7.461,0.09
274163,-7.722,0.09
274164,-7.46,0.09
274165,-7.332,0.09
274166,-7.493,0.09
274167,-7.34,0.09
274168,-7.513,0.09
274169,-7.74,0.09
274170,-7.46,0.09
274171,-7.51,0.09
274172,-7.595,0.09
274173,-7.59,0.09
274174,-7.781,0.09
274175,-7.57,0.09
274176,-7.784,0.09
274177,-7.671,0.09
274178,-7.73,0.09
274179,-7.585,0.09
274180,-7.59,0.09
274181,-7.632,0.09
274182,-7.81,0.09
274183,-7.53,0.09
274184,-7.54,0.09
274185,-7.566,0.09
274186,-7.632,0.09
274187,-7.59,0.09
274188,-7.187,0.09
274189,-7.319,0.09
274190,-7.457,0.09
274191,-7.215,0.09
274192,-7.167,0.09
274193,-7.76,0.09
274194,-7.412,0.09
274195,-7.599,0.09
274196,-7.53,0.09
274197,-7.618,0.09
274198,-7.512,0.09
274199,-7.608,0.09
274200,-7.61,0.09
274201,-7.647,0.09
274202,-7.488,0.09
274203,-7.7,0.09
274204,-7.72,0.09
274205,-7.65,0.09
274206,-7.504,0.09
274207,-7.68,0.09
274208,-7.64,0.09
274209,-7.62,0.09
274210,-7.599,0.09
274211,-7.54,0.09
274212,-7.78,0.09
274213,-8.029,0.09
274214,-8.48,0.09
274215,-8.311,0.09
274216,-7.981,0.09
274217,-8.03,0.09
274218,-7.456,0.09
274219,-7.242,0.09
274220,-7.553,0.09
274221,-7.52,0.09
274222,-7.54,0.09
274223,-7.44,0.09
274224,-7.47,0.09
274225,-7.329,0.09
274226,-7.455,0.09
274227,-7.447,0.09
274228,-7.55,0.09
274229,-7.65,0.09
274230,-7.6,0.09
274231,-7.538,0.09
274232,-7.762,0.09
274233,-7.62,0.09
274234,-7.36,0.09
274235,-7.512,0.09
274236,-7.374,0.09
274237,-7.369,0.09
274238,-7.48,0.09
274239,-7.434,0.09
274240,-7.53,0.09
274241,-7.58,0.09
274242,-7.223,0.09
274243,-7.42,0.09
274244,-7.08,0.09
274245,-7.446,0.09
274246,-7.432,0.09
274247,-7.457,0.09
274248,-7.45,0.09
274249,-7.424,0.09
274250,-7.56,0.09
274251,-7.381,0.09
274252,-7.497,0.09
274253,-7.42,0.09
274254,-7.334,0.09
274255,-7.285,0.09
274256,-7.582,0.09
274257,-7.45,0.09
274258,-7.329,0.09
274259,-7.29,0.09
274260,-7.31,0.09
274261,-7.389,0.09
274262,-7.38,0.09
274263,-7.385,0.09
274264,-7.37,0.09
274265,-7.39,0.09
274266,-7.35,0.09
274267,-7.287,0.09
274268,-7.49,0.09
274269,-7.474,0.09
274270,-7.24,0.09
274271,-7.31,0.09
274272,-7.377,0.09
274273,-7.17,0.09
274274,-7.24,0.09
274275,-7.27,0.09
274276,-7.15,0.09
274277,-7.34,0.09
274278,-7.326,0.09
274279,-7.203,0.09
274280,-7.326,0.09
274281,-7.25,0.09
274282,-7.355,0.09
274283,-7.589,0.09
274284,-7.2,0.09
274285,-7.29,0.09
274286,-7.23,0.09
274287,-7.098,0.09
274288,-7.28,0.09
274289,-7.2,0.09
274290,-7.428,0.09
274291,-7.161,0.09
274292,-7.044,0.09
274293,-6.96,0.09
274294,-7.13,0.09
274295,-7.1,0.09
274296,-7.33,0.09
274297,-7.186,0.09
274298,-7.036,0.09
274299,-6.98,0.09
274300,-6.89,0.09
274301,-7.083,0.09
274302,-7.174,0.09
274303,-7.054,0.09
274304,-6.94,0.09
274305,-7.006,0.09
274306,-6.88,0.09
274307,-6.99,0.09
274308,-6.874,0.09
274309,-6.795,0.09
274310,-7.049,0.09
274311,-6.89,0.09
274312,-7.27,0.09
274313,-7.42,0.09
274314,-7.121,0.09
274315,-7.092,0.09
274316,-7.08,0.09
274317,-7.06,0.09
274318,-6.86,0.09
274319,-6.878,0.09
274320,-6.763,0.09
274321,-6.744,0.09
274322,-6.75,0.09
274323,-6.6548,0.09
274324,-6.609536,0.09
274325,-6.78272,0.09
274326,-6.6794,0.09
274327,-6.651848,0.09
274328,-6.662672,0.09
274329,-6.764024,0.09
274330,-6.63512,0.09
274331,-6.702032,0.09
274332,-6.768944,0.09
274333,-6.700064,0.09
274334,-6.72368,0.09
274335,-6.82208,0.09
274336,-6.663656,0.09
274337,-6.751232,0.09
274338,-6.66464,0.09
274339,-6.717776,0.09
274340,-6.573128,0.09
274341,-6.62528,0.09
274342,-6.51704,0.09
274343,-6.59576,0.09
274344,-6.57116,0.09
274345,-6.5072,0.09
274346,-6.493424,0.09
274347,-6.442256,0.09
274348,-6.44324,0.09
274349,-6.64496,0.09
274350,-6.499328,0.09
274351,-6.720728,0.09
274352,-6.365504,0.09
274353,-6.601664,0.09
274354,-6.591824,0.09
274355,-6.54656,0.09
274356,-6.5072,0.09
274357,-6.69416,0.09
274358,-6.47768,0.09
274359,-6.533768,0.09
274360,-6.682352,0.09
274361,-6.714824,0.09
274362,-6.783704,0.09
274363,-6.604616,0.09
274364,-6.73352,0.09
274365,-6.76304,0.09
274366,-6.7532,0.09
274367,-6.76304,0.09
274368,-6.78764,0.09
274369,-6.57608,0.09
274370,-6.7532,0.09
274371,-6.52688,0.09
274372,-6.61544,0.09
274373,-6.457016,0.09
274374,-6.430448,0.09
274375,-6.432416,0.09
274376,-6.371408,0.09
274377,-6.29072,0.09
274378,-6.480632,0.09
274379,-6.52688,0.09
274380,-6.458,0.09
274381,-6.301544,0.09
274382,-6.63512,0.09
274383,-6.516056,0.09
274384,-6.3104,0.09
274385,-6.5072,0.09
274386,-6.498344,0.09
274387,-6.62036,0.09
274388,-6.42356,0.09
274389,-6.452096,0.09
274390,-6.77288,0.09
274391,-6.458984,0.09
274392,-6.47276,0.09
274393,-6.115568,0.09
274394,-6.503264,0.09
274395,-6.6548,0.09
274396,-6.642992,0.09
274397,-6.826016,0.09
274398,-6.78272,0.09
274399,-7.02872,0.09
274400,-6.61544,0.09
274401,-6.500312,0.09
274402,-6.48752,0.09
274403,-6.458984,0.09
274404,-6.25136,0.09
274405,-6.3596,0.09
274406,-6.67448,0.09
274407,-6.52688,0.09
274408,-6.67448,0.09
274409,-6.93032,0.09
274410,-6.636104,0.09
274411,-6.396992,0.09
274412,-7.057256,0.09
274413,-6.738,0.09
274414,-6.544592,0.09
274415,-6.48752,0.09
274416,-6.52688,0.09
274417,-6.575096,0.09
274418,-6.64496,0.09
274419,-6.703016,0.09
274420,-6.741392,0.09
274421,-6.7532,0.09
274422,-6.451112,0.09
274423,-6.58592,0.09
274424,-6.463,0.09
274425,-6.80732,0.09
274426,-6.668576,0.09
274427,-7.01888,0.09
274428,-7.04,0.09
274429,-7.133,0.09
274430,-7.29,0.09
274431,-7.115,0.09
274432,-7.287,0.09
274433,-7.524,0.09
274434,-7.716,0.09
274435,-7.938,0.09
274436,-7.27,0.09
274437,-7.25,0.09
274438,-7.34,0.09
274439,-6.88,0.09
274440,-6.626,0.09
274441,-6.785,0.09
274442,-6.779,0.09
274443,-6.753,0.09
274444,-6.673,0.09
274445,-7.019,0.09
274446,-6.904,0.09
274447,-6.89,0.09
274448,-6.735,0.09
274449,-7.032,0.09
274450,-7.2,0.09
274451,-7.43,0.09
274452,-7.02,0.09
274453,-6.577,0.09
274454,-6.84,0.09
274455,-7.265,0.09
274456,-7.11,0.09
274457,-7.115,0.09
274458,-7.035,0.09
274459,-7.36,0.09
274460,-7.36,0.09
274461,-6.956,0.09
274462,-6.909,0.09
274463,-7.079,0.09
274464,-6.88,0.09
274465,-7.103,0.09
274466,-7.01,0.09
274467,-7.03,0.09
274468,-7.16,0.09
274469,-6.996,0.09
274470,-7.01,0.09
274471,-6.95,0.09
274472,-7.022,0.09
274473,-7.289,0.09
274474,-7.246,0.09
274475,-7.259,0.09
274476,-7.251,0.09
274477,-7.357,0.09
274478,-7.544,0.09
274479,-7.434,0.09
274480,-7.41,0.09
274481,-7.57,0.09
274482,-7.2,0.09
274483,-7.07,0.09
274484,-7.25,0.09
274485,-6.835,0.09
274486,-7.17,0.09
274487,-6.953,0.09
274488,-6.91,0.09
274489,-6.743,0.09
274490,-7.14,0.09
274491,-7.25,0.09
274492,-7.05,0.09
274493,-7.25,0.09
274494,-7.08,0.09
274495,-7.285,0.09
274496,-7.03,0.09
274497,-7.04,0.09
274498,-7.399,0.09
274499,-6.893,0.09
274500,-7.25,0.09
274501,-7.289,0.09
274502,-7.498,0.09
274503,-7.346,0.09
274504,-7.246,0.09
274505,-7.13,0.09
274506,-7.165,0.09
274507,-7.0658,0.09
274508,-7.14,0.09
274509,-7.34,0.09
274510,-7.496,0.09
274511,-7.207,0.09
274512,-7.33,0.09
274513,-7.23,0.09
274514,-7.486,0.09
274515,-7.421,0.09
274516,-7.382,0.09
274517,-7.2,0.09
274518,-7.448,0.09
274519,-7.242,0.09
274520,-7.31,0.09
274521,-7.85,0.09
274522,-7.621,0.09
274523,-7.66,0.09
274524,-7.57,0.09
274525,-7.89,0.09
274526,-7.78,0.09
274527,-7.89,0.09
274528,-7.61,0.09
274529,-7.7,0.09
274530,-7.578,0.09
274531,-7.38,0.09
274532,-6.59,0.09
274533,-7.89870986099,0.09
274534,-8.03163377347,0.09
274535,-7.97655562461,0.09
274536,-8.16783020268,0.09
274537,-7.98683784026,0.09
274538,-7.51835724937,0.09
274539,-7.57058714934,0.09
274540,-7.54429529449,0.09
274541,-7.58330171992,0.09
274542,-7.88670726258,0.09
274543,-7.68402615088,0.09
274544,-7.65993165195,0.09
274545,-7.53985022237,0.09
274546,-7.62354012318,0.09
274547,-7.90190352293,0.09
274548,-7.52597295608,0.09
274549,-7.56245283682,0.09
274550,-7.632231601,0.09
274551,-7.32533377201,0.09
274552,-7.22783515106,0.09
274553,-7.27818324793,0.09
274554,-7.29293740065,0.09
274555,-7.53512123297,0.09
274556,-7.50205594476,0.09
274557,-7.40553946612,0.09
274558,-7.52295841437,0.09
274559,-7.34532886997,0.09
274560,-7.77994218627,0.09
274561,-7.57182021712,0.09
274562,-7.45130406474,0.09
274563,-7.6763843904,0.09
274564,-7.55325256447,0.09
274565,-7.7984229095,0.09
274566,-7.88088767506,0.09
274567,-7.76809119241,0.09
274568,-7.88002254838,0.09
274569,-7.60224744751,0.09
274570,-7.97486836564,0.09
274571,-7.73590430212,0.09
274572,-7.96555318849,0.09
274573,-7.76319300529,0.09
274574,-7.96791658598,0.09
274575,-7.60166921939,0.09
274576,-8.10252430721,0.09
274577,-7.80795244055,0.09
274578,-7.77191462102,0.09
274579,-7.74049646717,0.09
274580,-7.6129208925,0.09
274581,-7.58971995024,0.09
274582,-7.5897970523,0.09
274583,-7.62258088781,0.09
274584,-8.0185743147,0.09
274585,-7.96959442267,0.09
274586,-7.92731434738,0.09
274587,-7.69252981023,0.09
274588,-7.73454928018,0.09
274589,-7.43810538807,0.09
274590,-7.82551886329,0.09
274591,-7.59531725396,0.09
274592,-7.86842798694,0.09
274593,-7.69899127712,0.09
274594,-7.79298472561,0.09
274595,-7.92463539708,0.09
274596,-7.61789752044,0.09
274597,-7.75482571602,0.09
274598,-7.90889760096,0.09
274599,-7.80455882379,0.09
274600,-7.67326588988,0.09
274601,-7.6666993991,0.09
274602,-7.75301834659,0.09
274603,-7.69942833554,0.09
274604,-7.45591034648,0.09
274605,-7.37920273632,0.09
274606,-7.63823514388,0.09
274607,-7.84027442307,0.09
274608,-8.03444248413,0.09
274609,-7.9439475679,0.09
274610,-8.12555195742,0.09
274611,-7.82288429015,0.09
274612,-7.82283606459,0.09
274613,-7.44978884667,0.09
274614,-7.58683710043,0.09
274615,-7.50536642961,0.09
274616,-7.69421852393,0.09
274617,-7.60871271172,0.09
274618,-7.90233093346,0.09
274619,-7.77299505709,0.09
274620,-8.05887982289,0.09
274621,-7.72357045436,0.09
274622,-7.77833158779,0.09
274623,-7.89651539016,0.09
274624,-7.68908500324,0.09
274625,-7.8428233569,0.09
274626,-8.02485012845,0.09
274627,-7.86215686321,0.09
274628,-8.15153770905,0.09
274629,-8.10359961079,0.09
274630,-8.1551057276,0.09
274631,-8.23909796014,0.09
274632,-8.02470231522,0.09
274633,-7.90620846693,0.09
274634,-8.22883899224,0.09
274635,-8.08770400614,0.09
274636,-7.9608087258,0.09
274637,-7.881,0.09
274638,-7.67,0.09
274639,-7.59,0.09
274640,-7.701,0.09
274641,-7.62,0.09
274642,-7.474,0.09
274643,-7.26,0.09
274644,-7.29,0.09
274645,-7.43,0.09
274646,-7.05,0.09
274647,-7.104,0.09
274648,-7.33,0.09
274649,-7.521,0.09
274650,-7.386,0.09
274651,-7.556,0.09
274652,-7.679,0.09
274653,-7.788,0.09
274654,-7.8,0.09
274655,-7.779,0.09
274656,-7.9,0.09
274657,-7.789,0.09
274658,-7.81,0.09
274659,-7.8,0.09
274660,-7.58,0.09
274661,-7.46,0.09
274662,-7.66,0.09
274663,-7.486,0.09
274664,-7.607,0.09
274665,-7.183,0.09
274666,-6.95604287561,0.09
274667,-7.10812149471,0.09
274668,-6.82,0.09
274669,-6.99,0.09
274670,-7.26,0.09
274671,-7.2,0.09
274672,-7.01,0.09
274673,-6.99,0.09
274675,-7.05,0.09
274676,-6.85,0.09
274677,-6.99,0.09
274678,-6.92,0.09
274679,-6.94,0.09
274680,-7.28,0.09
274681,-7.08,0.09
274682,-6.98,0.09
274683,-6.98,0.09
274684,-7.08,0.09
274685,-7.15,0.09
274686,-7.05,0.09
274687,-7.22,0.09
274688,-7.22,0.09
274689,-7.42,0.09
274690,-7.45,0.09
274691,-6.92,0.09
274692,-7.15,0.09
274693,-6.94,0.09
274694,-7.33,0.09
274695,-7.05,0.09
274696,-7.29,0.09
274697,-7.55,0.09
274698,-7.25,0.09
274699,-7.41,0.09
274700,-7.63,0.09
274701,-7.61,0.09
274702,-7.81,0.09
274703,-7.72,0.09
274704,-7.78,0.09
274705,-7.69,0.09
274706,-7.78,0.09
274707,-8.18,0.09
274708,-7.95,0.09
274709,-7.94,0.09
274710,-8.07,0.09
274711,-8,0.09
274712,-8.13,0.09
274713,-7.71,0.09
274714,-7.5,0.09
274715,-7.64,0.09
274716,-7.66,0.09
274717,-7.74,0.09
274718,-7.63,0.09
274719,-7.75,0.09
274720,-7.78,0.09
274721,-7.598,0.09
274722,-7.7,0.09
274723,-7.864,0.09
274724,-7.804,0.09
274725,-7.85,0.09
274726,-7.84,0.09
274727,-7.69,0.09
274728,-7.839,0.09
274729,-7.982,0.09
274730,-7.708,0.09
274731,-7.55,0.09
274733,-7.849,0.09
274734,-7.995,0.09
274735,-7.855,0.09
274736,-7.82,0.09
274737,-7.876,0.09
274738,-7.564,0.09
274739,-7.685,0.09
274740,-7.625,0.09
274741,-7.77,0.09
274742,-7.797,0.09
274743,-8.08,0.09
274744,-8.132,0.09
274745,-7.904,0.09
274746,-7.978,0.09
274747,-8.23,0.09
274748,-8.05,0.09
274749,-7.97,0.09
274750,-8.397,0.09
274751,-8.293,0.09
274752,-8.271,0.09
274753,-8.22,0.09
274754,-8.292,0.09
274755,-8.413,0.09
274756,-8.17,0.09
274757,-8.244,0.09
274758,-8.39,0.09
274759,-8.19,0.09
274760,-8.064,0.09
274761,-8.52,0.09
274762,-8.506,0.09
274763,-8.724,0.09
274764,-8.62,0.09
274765,-8.6506,0.09
274766,-8.48,0.09
274768,-8.27,0.09
274769,-8.33,0.09
274770,-8.385,0.09
274771,-8.635,0.09
274772,-8.29,0.09
274773,-8.654,0.09
274774,-8.53,0.09
274775,-8.812,0.09
274776,-8.563,0.09
274777,-8.479,0.09
274778,-8.336,0.09
274779,-8.45,0.09
274780,-8.446,0.09
274782,-8.503,0.09
274783,-8.906,0.09
274784,-8.84,0.09
274785,-8.481,0.09
274786,-8.404,0.09
274787,-8.541,0.09
274788,-8.666,0.09
274789,-8.63,0.09
274790,-8.606,0.09
274791,-8.8,0.09
274792,-8.558,0.09
274793,-8.01,0.09
274794,-7.748,0.09
274795,-7.753,0.09
274796,-7.78,0.09
274797,-7.994,0.09
274798,-7.829,0.09
274799,-7.592,0.09
274800,-7.693,0.09
274801,-7.948,0.09
274802,-7.743,0.09
274803,-7.954,0.09
274804,-7.823,0.09
274805,-7.776,0.09
274806,-8.25,0.09
274807,-8.028,0.09
274808,-8.265,0.09
274809,-8.05,0.09
274810,-7.83,0.09
274811,-7.63,0.09
274812,-8.009,0.09
274813,-7.001,0.09
274814,-6.77,0.09
274815,-6.8,0.09
274816,-6.802,0.09
274817,-6.94,0.09
274818,-7.015,0.09
274819,-7.248,0.09
274820,-7.129,0.09
274821,-7.087,0.09
274822,-7.118,0.09
274823,-7.072,0.09
274824,-7.357,0.09
274825,-7.047,0.09
274826,-7.304,0.09
274827,-7.011,0.09
274828,-7.102,0.09
274829,-7.28,0.09
274830,-7.469,0.09
274831,-7.398,0.09
274832,-7.363,0.09
274833,-7.379,0.09
274834,-7.302,0.09
274835,-7.47,0.09
274836,-7.46,0.09
274837,-7.369,0.09
274838,-7.077,0.09
274839,-7.1,0.09
274840,-7.27,0.09
274841,-7.321,0.09
274842,-7.39,0.09
274843,-7.457,0.09
274844,-7.34,0.09
274845,-7.69,0.09
274846,-7.583,0.09
274847,-7.556,0.09
274848,-7.478,0.09
274849,-7.461,0.09
274850,-7.58,0.09
274851,-7.563,0.09
274852,-7.51,0.09
274853,-7.6,0.09
274854,-7.583,0.09
274855,-7.63,0.09
274856,-7.488,0.09
274857,-7.27,0.09
274858,-7.37,0.09
274859,-8.224,0.09
274860,-7.88,0.09
274861,-7.43,0.09
274862,-7.758,0.09
274863,-7.609,0.09
274864,-7.612,0.09
274865,-8.01,0.09
274866,-7.823,0.09
274867,-7.877,0.09
274868,-7.929,0.09
274869,-8.12,0.09
274870,-7.774,0.09
274871,-7.99,0.09
274872,-8.06,0.09
274873,-7.74,0.09
274874,-7.959,0.09
274875,-7.668,0.09
274876,-7.784,0.09
274877,-8.079,0.09
274878,-7.688,0.09
274879,-8.071,0.09
274880,-7.96,0.09
274881,-8.24,0.09
274882,-8.34,0.09
274883,-8.335,0.09
274884,-8.604,0.09
274885,-8.521,0.09
274886,-8.601,0.09
274887,-8.63,0.09
274888,-8.666,0.09
274889,-8.64,0.09
274890,-8.92,0.09
274891,-8.777,0.09
274892,-8.828,0.09
274893,-8.632,0.09
274894,-8.52,0.09
274895,-8.559,0.09
274896,-8.383,0.09
274897,-8.526,0.09
274898,-8.65,0.09
274899,-8.466,0.09
274900,-8.609,0.09
274901,-8.513,0.09
274902,-8.461,0.09
274903,-8.483,0.09
274904,-8.248,0.09
274905,-8.123,0.09
274906,-8.294,0.09
274907,-8.37,0.09
274908,-8.197,0.09
274909,-8.423,0.09
274910,-8.665,0.09
274911,-8.456,0.09
274912,-8.5,0.09
274913,-8.51,0.09
274914,-8.542,0.09
274915,-8.371,0.09
274916,-8.42,0.09
274917,-8.451,0.09
274918,-8.45,0.09
274919,-8.234,0.09
274920,-8.102,0.09
274921,-8.134,0.09
274922,-8.393,0.09
274923,-8.028,0.09
274924,-7.18,0.09
274925,-7.59,0.09
274926,-7.42,0.09
274927,-7.66,0.09
274928,-7.71,0.09
274929,-7.78,0.09
274930,-8.02,0.09
274931,-7.71,0.09
274932,-7.67,0.09
274933,-7.75,0.09
274934,-7.77,0.09
274935,-7.67,0.09
274936,-7.5,0.09
274937,-7.58,0.09
274938,-7.49,0.09
274939,-7.6,0.09
274940,-7.63,0.09
274941,-7.76,0.09
274942,-7.69,0.09
274943,-7.73,0.09
274944,-7.52,0.09
274945,-7.69,0.09
274946,-7.59,0.09
274947,-7.54,0.09
274948,-7.41,0.09
274949,-7.47,0.09
274950,-7.6,0.09
274951,-7.68,0.09
274952,-7.88,0.09
274953,-7.78,0.09
274954,-7.76,0.09
274955,-7.81,0.09
274956,-7.84,0.09
274957,-7.59,0.09
274958,-7.69,0.09
274959,-7.48,0.09
274960,-7.49,0.09
274961,-7.65,0.09
274962,-7.73,0.09
274963,-7.67,0.09
274964,-7.39,0.09
274965,-7.44,0.09
274966,-7.47,0.09
274967,-7.15,0.09
274968,-7.44,0.09
274969,-7.83,0.09
274970,-7.82,0.09
274971,-7.70488122607,0.09
274972,-7.6570618408,0.09
274973,-7.58415166804,0.09
274974,-7.83162107574,0.09
274975,-7.94367812716,0.09
274976,-7.99051940296,0.09
274977,-8.12,0.09
274978,-7.84126092852,0.09
274979,-7.98260841579,0.09
274980,-7.71629630623,0.09
274981,-7.67516924622,0.09
274982,-7.90947506712,0.09
274983,-7.80236215001,0.09
274984,-7.73768964484,0.09
274985,-7.82846968877,0.09
274986,-8.1781415342,0.09
274987,-8.31770959797,0.09
274988,-8.09233946059,0.09
274989,-7.92046275164,0.09
274990,-8.43231297901,0.09
274991,-8.19545991599,0.09
274992,-8.33495302036,0.09
274993,-8.1868574035,0.09
274994,-7.95616984524,0.09
274995,-7.89438112573,0.09
274996,-8.09107516011,0.09
274997,-7.92523024553,0.09
274998,-7.90945613071,0.09
274999,-7.99550196798,0.09
275000,-8.24661944552,0.09
275001,-8.10825732237,0.09
275002,-8.33714142752,0.09
275003,-8.27916184274,0.09
275004,-8.09281467781,0.09
275005,-8.25041302338,0.09
275006,-8.25150239795,0.09
275007,-8.55673165151,0.09
275008,-8.51143397689,0.09
275009,-8.53659716025,0.09
275010,-8.49544546851,0.09
275011,-8.50784180045,0.09
275012,-8.58606855298,0.09
275013,-8.29798648938,0.09
275014,-8.37994786524,0.09
275015,-8.69909962782,0.09
275016,-8.63770545815,0.09
275017,-8.52561238456,0.09
275018,-8.49152854694,0.09
275019,-8.32725692977,0.09
275020,-8.4011584736,0.09
275021,-8.36617104699,0.09
275022,-8.54439273969,0.09
275023,-8.36623795655,0.09
275024,-8.12100007674,0.09
275025,-8.30457718583,0.09
275026,-8.5356291409,0.09
275027,-8.43688091172,0.09
275028,-8.58673037966,0.09
275029,-8.38884855399,0.09
275030,-8.16974848674,0.09
275031,-8.41854916611,0.09
275032,-8.33385888732,0.09
275033,-8.33686884779,0.09
275034,-8.20937155498,0.09
275035,-7.84715650905,0.09
275036,-7.90206869549,0.09
275037,-8.0249533207,0.09
275038,-8.07830028396,0.09
275039,-7.79829202623,0.09
275040,-7.96585548682,0.09
275041,-7.73330846048,0.09
275042,-7.74115116852,0.09
275043,-7.98593223759,0.09
275044,-8.03665997754,0.09
275045,-8.09054375669,0.09
275046,-8.1888635234,0.09
275047,-8.13327946823,0.09
275048,-8.37008443927,0.09
275049,-8.23142160944,0.09
275050,-8.26458365377,0.09
275051,-8.5647963216,0.09
275052,-8.41607834261,0.09
275053,-8.47174788571,0.09
275054,-8.52940211285,0.09
275055,-8.44560958013,0.09
275056,-8.28220369774,0.09
275057,-8.58087762443,0.09
275058,-8.32499719001,0.09
275059,-8.50827178319,0.09
275060,-8.62722313855,0.09
275061,-8.88018336101,0.09
275062,-8.79565317843,0.09
275063,-8.57304287601,0.09
275064,-8.65430354116,0.09
275065,-8.6912544669,0.09
275066,-8.79432997127,0.09
275067,-8.58463332437,0.09
275068,-8.82979782654,0.09
275069,-8.99864221832,0.09
275070,-8.98857565583,0.09
275071,-9.01797253535,0.09
275072,-8.60019713636,0.09
299437,-7.49488871269,0.08
299438,-7.41328350143,0.08
299439,-7.36327041159,0.08
299440,-7.15033252185,0.08
299441,-7.28195836992,0.08
299442,-6.99350440587,0.08
299443,-6.96259162815,0.08
299444,-7.27334658296,0.08
299445,-7.58284919032,0.08
299446,-7.60081035322,0.08
299447,-7.62041812775,0.08
299448,-7.73815663903,0.08
299449,-7.70786220641,0.08
299450,-7.66452579528,0.08
299451,-7.39422762378,0.08
299452,-7.27873272137,0.08
299453,-7.22684490463,0.08
299454,-7.24496269932,0.08
299455,-7.80699636017,0.08
299456,-7.91715975355,0.08
299457,-7.51488697786,0.08
299458,-7.53538120876,0.08
299459,-7.58891664621,0.08
299460,-7.94679806547,0.08
299461,-7.78163268061,0.08
299462,-7.56731090386,0.08
299463,-7.19070350485,0.08
299464,-7.64420305978,0.08
299465,-7.35745297009,0.08
299466,-7.46402020532,0.08
299467,-7.39595784363,0.08
299468,-7.29150366577,0.08
299469,-7.00541738002,0.08
299470,-7.16170590371,0.08
299471,-7.60323442042,0.08
299472,-7.50465838427,0.08
299473,-7.64038819192,0.08
299474,-7.50969146746,0.08
299475,-7.83625002346,0.08
299476,-7.71513722297,0.08
299477,-7.47401339546,0.08
299478,-7.44543025619,0.08
299479,-7.23932174067,0.08
299480,-7.31648102715,0.08
299481,-7.11526011837,0.08
299482,-7.02494804872,0.08
299483,-7.08334084407,0.08
299484,-7.26758626319,0.08
299485,-7.14341096884,0.08
299486,-7.19647296883,0.08
299487,-7.048013481,0.08
299488,-7.26039658233,0.08
299489,-7.27372023897,0.08
299490,-7.24989469817,0.08
299491,-7.3734446852,0.08
299492,-7.39153110171,0.08
299493,-7.41386185464,0.08
299494,-7.47234517573,0.08
299495,-7.52399949651,0.08
299496,-7.39374963847,0.08
299497,-7.35314590146,0.08
299498,-7.27651357974,0.08
299499,-7.25709115475,0.08
299500,-7.34076925381,0.08
299501,-7.59890054853,0.08
299502,-7.54344959441,0.08
299503,-7.70201340246,0.08
299504,-7.694947723,0.08
299505,-7.63488739744,0.08
299506,-7.71656681322,0.08
299507,-7.54740719201,0.08
299508,-7.37618182014,0.08
299509,-7.25650771002,0.08
299510,-7.18739713635,0.08
299511,-7.32481184014,0.08
299512,-7.32607602689,0.08
299513,-7.21766418126,0.08
299514,-7.1360491962,0.08
299515,-7.08039377384,0.08
299516,-6.95243819731,0.08
299517,-7.15127198314,0.08
299518,-7.30527204912,0.08
299519,-7.16366446025,0.08
299520,-7.06909435469,0.08
299521,-7.06913137893,0.08
299522,-7.08967154358,0.08
299523,-7.33897480217,0.08
299524,-7.34271220989,0.08
299525,-7.22628033968,0.08
299526,-7.18289885106,0.08
299527,-7.26496243567,0.08
299528,-7.4992641019,0.08
299529,-7.3027035824,0.08
299530,-7.50447310536,0.08
299531,-7.27769913147,0.08
299532,-7.59733311832,0.08
299533,-7.32664266117,0.08
299534,-7.2068387276,0.08
299535,-7.25345298303,0.08
299536,-7.42460207667,0.08
299537,-7.72635551328,0.08
299538,-7.65272669593,0.08
299539,-7.32543912562,0.08
299540,-7.22571978903,0.08
299541,-7.29471302997,0.08
299542,-7.11525038053,0.08
299543,-7.15833233341,0.08
299544,-7.21555089487,0.08
299545,-7.21405286827,0.08
299546,-7.08406705715,0.08
299547,-6.88637405003,0.08
299548,-6.88527741191,0.08
299549,-7.00191759708,0.08
299550,-7.33882090988,0.08
299551,-7.32838050489,0.08
299552,-7.11248721328,0.08
299553,-7.18582070246,0.08
299554,-7.15904918216,0.08
299555,-7.09938436696,0.08
299556,-7.06222913987,0.08
299557,-6.87986204352,0.08
299558,-7.13837481099,0.08
299559,-7.39117787411,0.08
299560,-7.18542729582,0.08
299561,-6.79725450683,0.08
299562,-6.88868672987,0.08
299563,-7.05621976507,0.08
299564,-7.02064795158,0.08
299565,-6.81934500745,0.08
299566,-6.91890965734,0.08
299567,-7.05119525107,0.08
299568,-7.34728061034,0.08
299569,-7.40657705391,0.08
299570,-7.24843011156,0.08
299571,-7.38592915595,0.08
299572,-7.50754837659,0.08
299573,-7.52699479021,0.08
299574,-7.37029952262,0.08
299575,-7.35656590203,0.08
299576,-7.50363442119,0.08
299577,-7.78488309323,0.08
299578,-7.23301495185,0.08
299579,-7.16712987288,0.08
299580,-7.44248658526,0.08
299581,-7.35499940686,0.08
299582,-7.01712232312,0.08
299583,-7.23825298615,0.08
299584,-7.22237408106,0.08
299585,-7.61651078382,0.08
299586,-7.66832671614,0.08
299587,-7.51375578213,0.08
299588,-7.62794656449,0.08
299589,-7.12815946129,0.08
299590,-7.12279485493,0.08
299591,-7.31570503169,0.08
299592,-6.97655477889,0.08
299593,-7.26796060724,0.08
299594,-7.46449661673,0.08
299595,-7.5330799312,0.08
299596,-7.66570330905,0.08
299597,-7.69672384534,0.08
299598,-8.014541108,0.08
299599,-7.62424137646,0.08
299600,-7.21083574833,0.08
299601,-7.30592345328,0.08
299602,-6.91498943477,0.08
299603,-6.95421176227,0.08
299604,-7.09126125491,0.08
299605,-7.11024054164,0.08
299606,-6.93838640211,0.08
299607,-7.03737828087,0.08
299608,-7.14318067194,0.08
299609,-7.37982960826,0.08
299610,-7.52601073009,0.08
299611,-7.5508170397,0.08
299612,-7.34692489932,0.08
299613,-7.368515238,0.08
299614,-7.33195913879,0.08
299615,-7.30008518522,0.08
299616,-7.51086058958,0.08
299617,-7.78419602554,0.08
299618,-7.92155292163,0.08
299619,-7.50387890427,0.08
299620,-7.17154524187,0.08
299621,-7.21150178967,0.08
299622,-7.25076214048,0.08
299623,-7.21376943382,0.08
299624,-7.2736826192,0.08
299625,-7.32674313468,0.08
299626,-7.34800991526,0.08
299627,-7.43004062781,0.08
299628,-7.65411330173,0.08
299629,-7.7014405507,0.08
299630,-7.66329489513,0.08
299631,-7.73265426766,0.08
299632,-7.73878470504,0.08
299633,-7.7249412332,0.08
299634,-7.75272226055,0.08
299635,-7.86668134336,0.08
299636,-7.66925223112,0.08
299637,-7.37853792149,0.08
299638,-7.0852399739,0.08
299639,-7.54598861739,0.08
299640,-7.72630276886,0.08
299641,-7.64313847575,0.08
299642,-7.58499938782,0.08
299643,-7.45152941323,0.08
299644,-7.40291489532,0.08
299645,-7.18121826358,0.08
299646,-7.24887463893,0.08
299647,-7.29671653844,0.08
299648,-7.28233223496,0.08
299649,-7.29523526751,0.08
299650,-7.54486292398,0.08
299651,-7.38755783938,0.08
299652,-7.4391176938,0.08
299653,-7.39979471329,0.08
299654,-7.44422763824,0.08
299655,-7.87651939771,0.08
299656,-7.76521590407,0.08
299657,-7.33781975938,0.08
299658,-7.23080119911,0.08
299659,-7.02740725842,0.08
299660,-6.9567753892,0.08
299661,-7.06887593248,0.08
299662,-7.13092952318,0.08
299663,-7.422424457,0.08
299664,-7.33292839247,0.08
299665,-7.38315836466,0.08
299666,-7.39087439415,0.08
299667,-7.20636778025,0.08
299668,-6.94800726701,0.08
299669,-7.05650894968,0.08
299670,-7.17889122845,0.08
299671,-6.99251072354,0.08
299672,-7.04188350577,0.08
299673,-7.36937230575,0.08
299674,-7.3322371771,0.08
299675,-7.11719411609,0.08
299676,-7.05743841175,0.08
299677,-7.25867103279,0.08
299678,-6.85258967581,0.08
299679,-6.9017589378,0.08
299680,-6.97919602527,0.08
299681,-7.13188361624,0.08
299682,-7.36424281137,0.08
299683,-7.22722194959,0.08
299684,-7.27735667398,0.08
299685,-7.3626459659,0.08
299686,-7.04140167294,0.08
299687,-7.04940022814,0.08
299688,-7.08392373025,0.08
299689,-6.96050799673,0.08
299690,-6.97877070443,0.08
299691,-7.25464741318,0.08
299692,-7.252936227,0.08
299693,-7.5456243253,0.08
299694,-7.43743976424,0.08
299695,-7.45687628768,0.08
299696,-7.40802454274,0.08
299697,-7.33980024128,0.08
299698,-7.26153523819,0.08
299699,-7.29265049548,0.08
299700,-7.39993729245,0.08
299701,-7.52474545084,0.08
299702,-7.49791661483,0.08
299703,-7.56027960487,0.08
299704,-7.52883587269,0.08
299705,-7.64886958111,0.08
299706,-7.58159172739,0.08
299707,-7.56188616635,0.08
299708,-7.56897330548,0.08
299709,-7.60414995003,0.08
299710,-7.59114557825,0.08
299711,-7.46025253017,0.08
299712,-7.55266045862,0.08
299713,-7.586852072,0.08
299714,-7.57021611109,0.08
299715,-7.53557794578,0.08
299716,-7.51066764149,0.08
299717,-7.60608267729,0.08
299718,-7.55709281848,0.08
299719,-7.60961508317,0.08
299720,-7.6082947987,0.08
299721,-7.77360776663,0.08
299722,-7.78934970912,0.08
299723,-7.74190613264,0.08
299724,-7.62643286356,0.08
299725,-7.73674854197,0.08
299726,-7.64831512986,0.08
299727,-7.71737724712,0.08
299728,-7.86378690908,0.08
299729,-7.60391764327,0.08
299730,-7.60196687256,0.08
299731,-7.62917974643,0.08
299732,-7.78631631052,0.08
299733,-7.43149776988,0.08
299734,-7.72148734107,0.08
299735,-7.52568114966,0.08
299736,-7.23908314903,0.08
299737,-7.6443107997,0.08
299738,-7.99957882435,0.08
299739,-7.76725658558,0.08
299740,-8.07837334627,0.08
299741,-8.01561843571,0.08
299742,-8.18802186357,0.08
299743,-8.06041201978,0.08
299744,-8.29584702759,0.08
299745,-7.95974479608,0.08
299746,-7.76125713258,0.08
299747,-7.54814886814,0.08
299748,-7.58429724708,0.08
299749,-7.50915945458,0.08
299750,-7.48855942906,0.08
299751,-7.62376557267,0.08
299752,-7.62956100037,0.08
299753,-7.58464657262,0.08
299754,-7.4929502833,0.08
299755,-7.39971521112,0.08
299756,-7.59287478192,0.08
299757,-7.86449117914,0.08
299758,-7.94153379988,0.08
299759,-7.54933891801,0.08
299760,-7.81683691564,0.08
299761,-7.89445688074,0.08
299762,-7.86867703414,0.08
299763,-7.74844392601,0.08
299764,-7.83234755037,0.08
299765,-7.83135606263,0.08
299766,-8.01418509686,0.08
299767,-7.85343070593,0.08
299768,-7.67856148692,0.08
299769,-7.60937181131,0.08
299770,-7.96798859045,0.08
299771,-7.88334877525,0.08
299772,-7.63193558969,0.08
299773,-7.65283076869,0.08
299774,-7.84570590496,0.08
299775,-7.90094642067,0.08
299776,-7.89746210948,0.08
299777,-7.68325091883,0.08
299778,-7.68507125377,0.08
299779,-7.50235460423,0.08
299780,-7.67739838983,0.08
299781,-7.75410384357,0.08
299782,-7.75401799697,0.08
299783,-8.02123957904,0.08
299784,-8.09842036915,0.08
299785,-7.8546394764,0.08
299786,-7.66562916505,0.08
299787,-7.62515137596,0.08
299788,-7.6861987538,0.08
299789,-7.8790328971,0.08
299790,-7.8620263714,0.08
299791,-7.98441368416,0.08
299792,-7.62596151443,0.08
299793,-7.7472802455,0.08
299794,-7.84173139363,0.08
299795,-7.89897185264,0.08
299796,-8.20634852291,0.08
299797,-8.2778002365,0.08
299798,-8.14558329185,0.08
299799,-7.85189948526,0.08
299800,-7.79806634839,0.08
299801,-7.76745834197,0.08
299802,-7.48460229859,0.08
299803,-7.47431998339,0.08
299804,-7.76337986899,0.08
299805,-7.91542934146,0.08
299806,-7.78984346723,0.08
299807,-7.58307715537,0.08
299808,-7.67798313991,0.08
299809,-7.66889822038,0.08
299810,-7.64250464133,0.08
299811,-7.67093375561,0.08
299812,-7.6146559843,0.08
299813,-7.80883633577,0.08
299814,-7.82739715202,0.08
299815,-7.67481786435,0.08
299816,-7.47148782085,0.08
299817,-7.51517169168,0.08
299818,-7.72850867534,0.08
299819,-7.71313688943,0.08
299820,-7.5752447088,0.08
299821,-7.42362911395,0.08
299822,-7.58011188372,0.08
299823,-7.53625936963,0.08
299824,-7.66326724624,0.08
299825,-7.6382309601,0.08
299826,-7.40609618295,0.08
299827,-7.37973996699,0.08
299828,-7.53401318779,0.08
299829,-7.66859203603,0.08
299830,-7.69654248509,0.08
299831,-7.51289419149,0.08
299832,-7.61332550337,0.08
299833,-7.5872969893,0.08
299834,-7.67829323678,0.08
299835,-7.64928660667,0.08
299836,-7.68642557732,0.08
299837,-7.75513205255,0.08
299838,-7.83647736685,0.08
299839,-8.00938901197,0.08
299840,-7.95987914244,0.08
299841,-7.94751247417,0.08
299842,-7.92484083112,0.08
299843,-7.59639805043,0.08
299844,-7.67217621824,0.08
299845,-7.75172986147,0.08
299846,-7.78515225318,0.08
299847,-7.78778873442,0.08
299848,-8.2185727347,0.08
299849,-7.66900512073,0.08
299850,-7.59564714408,0.08
299851,-7.61817396794,0.08
299852,-7.46332838583,0.08
299853,-7.39522796374,0.08
299854,-7.43852645894,0.08
299855,-7.52674805458,0.08
299856,-7.47506053513,0.08
299857,-7.55089336008,0.08
299858,-7.59490516164,0.08
299859,-7.4479526879,0.08
299860,-7.3858119706,0.08
299861,-7.24592781207,0.08
299862,-7.52829400897,0.08
299863,-7.8585210541,0.08
299864,-7.31411500181,0.08
299865,-7.29273917057,0.08
299866,-6.92730115685,0.08
299867,-6.97664436396,0.08
299868,-7.19096783313,0.08
299869,-7.16609454534,0.08
299870,-7.53999033967,0.08
299871,-7.45211480162,0.08
299872,-7.3468306569,0.08
299873,-7.44840220615,0.08
299874,-7.40140863532,0.08
299875,-7.46493401225,0.08
299876,-7.64517804939,0.08
299877,-7.82693980386,0.08
299878,-7.66965007261,0.08
299879,-7.48506651854,0.08
299880,-7.37811056742,0.08
299881,-7.22230444943,0.08
299882,-7.55622880125,0.08
299883,-7.49003413687,0.08
299884,-7.54482577592,0.08
299885,-7.63313336358,0.08
299886,-7.53468806884,0.08
299887,-7.57716410191,0.08
299888,-7.45079440529,0.08
299889,-7.54542196304,0.08
299890,-7.62350530152,0.08
299891,-7.45497091127,0.08
299892,-7.84873673877,0.08
299893,-7.62913710901,0.08
299894,-7.78333983201,0.08
299895,-7.80266477335,0.08
299896,-7.82081324347,0.08
299897,-7.81232735354,0.08
299898,-7.84570122637,0.08
299899,-7.8364632522,0.08
299900,-7.75860918492,0.08
299901,-8.21849807243,0.08
299902,-8.0134240197,0.08
299903,-7.79104641218,0.08
299904,-8.16772259056,0.08
299905,-7.73160479067,0.08
299906,-7.3131478905,0.08
299907,-7.49795098745,0.08
299908,-7.52876747383,0.08
299909,-7.76203776748,0.08
299910,-7.78643337743,0.08
299911,-7.75314229447,0.08
299912,-7.66357931842,0.08
299913,-7.82501605661,0.08
299914,-7.86627274259,0.08
299915,-7.77268508964,0.08
299916,-7.66825643385,0.08
299917,-7.84494712831,0.08
299918,-7.76636590813,0.08
299919,-7.5673014411,0.08
299920,-7.36266018029,0.08
299921,-7.43817826114,0.08
299922,-7.69032221756,0.08
299923,-7.70140019282,0.08
299924,-7.75541861745,0.08
299925,-7.54134279773,0.08
299926,-7.51396880143,0.08
299927,-7.70343553513,0.08
299928,-7.82401261581,0.08
299929,-7.56613721957,0.08
299930,-7.58727837726,0.08
299931,-7.4874205744,0.08
299932,-7.35817390254,0.08
299933,-7.241783541,0.08
299934,-7.41941699721,0.08
299935,-7.62423001525,0.08
299936,-7.64032868625,0.08
299937,-7.76372324173,0.08
299938,-7.6177222224,0.08
299939,-7.74827185167,0.08
299940,-7.72957115453,0.08
299941,-7.69809471936,0.08
299942,-7.60450136964,0.08
299943,-7.67539298528,0.08
299944,-7.66616584307,0.08
299945,-7.60908718207,0.08
299946,-7.59489634804,0.08
299947,-7.85760674465,0.08
299948,-7.95048512933,0.08
299949,-8.04243597148,0.08
299950,-7.69963518893,0.08
299951,-7.81629291074,0.08
299952,-7.54015457619,0.08
299953,-7.53490002565,0.08
299954,-7.75473274984,0.08
299955,-7.7251401655,0.08
299956,-7.63965210742,0.08
299957,-7.83920589569,0.08
299958,-7.82509132073,0.08
299959,-8.00268412323,0.08
299960,-7.80404780238,0.08
299961,-8.00959418829,0.08
299962,-7.72671125409,0.08
299963,-7.85626243878,0.08
299964,-7.87659743709,0.08
299965,-8.00173019709,0.08
299966,-7.96765063545,0.08
299967,-7.82573957153,0.08
299968,-8.01909548498,0.08
299969,-7.64044199968,0.08
299970,-7.72243112815,0.08
299971,-7.79881069059,0.08
299972,-7.90483290571,0.08
299973,-8.11822684355,0.08
299974,-8.09190808998,0.08
299975,-8.14886540421,0.08
299976,-7.96130207661,0.08
299977,-7.99530940895,0.08
299978,-8.01472926056,0.08
299979,-7.9967457192,0.08
299980,-7.89561718119,0.08
299981,-7.85147077826,0.08
299982,-7.80354653603,0.08
299983,-7.65412078983,0.08
299984,-7.79548727028,0.08
299985,-7.84628917026,0.08
299986,-7.75601421921,0.08
299987,-7.53144042371,0.08
299988,-7.63582282141,0.08
299989,-7.56068697583,0.08
299990,-7.6850802073,0.08
299991,-7.33245873273,0.08
299992,-7.19447164217,0.08
299993,-7.30429476164,0.08
299994,-7.38616308368,0.08
299995,-7.4068547391,0.08
299996,-7.38784440478,0.08
299997,-7.36184406807,0.08
299998,-7.56765226185,0.08
299999,-7.41246751737,0.08
300000,-7.61715576885,0.08
300001,-7.68406875985,0.08
300002,-7.74367471244,0.08
300003,-7.6130495566,0.08
300004,-7.54964535876,0.08
300005,-7.50762111042,0.08
300006,-7.27867982477,0.08
300007,-7.2339985109,0.08
300008,-7.17574614875,0.08
300009,-7.08643561776,0.08
300010,-7.16703232483,0.08
300011,-6.99850188025,0.08
300012,-7.21393793349,0.08
300013,-7.26577974246,0.08
300014,-7.29726392752,0.08
300015,-7.31889519847,0.08
300016,-7.25057434661,0.08
300017,-7.4785612789,0.08
300018,-7.55425096872,0.08
300019,-7.19468837451,0.08
300020,-7.53407578813,0.08
300021,-7.57493393262,0.08
300022,-7.48815792399,0.08
300023,-7.43549227314,0.08
300024,-7.5089699244,0.08
300025,-7.33695149508,0.08
300026,-7.46702501192,0.08
300027,-7.87722564572,0.08
300028,-7.83880890449,0.08
300029,-8.01675492115,0.08
300030,-7.71266157358,0.08
300031,-7.42084875369,0.08
300032,-7.48129685185,0.08
300033,-7.56585888734,0.08
300034,-7.66757774985,0.08
300035,-7.76163943879,0.08
300036,-7.81193188949,0.08
300037,-7.61493898161,0.08
300038,-7.54917842951,0.08
300039,-7.73794186294,0.08
300040,-7.51057236588,0.08
300041,-7.43284070298,0.08
300042,-7.78436745735,0.08
300043,-7.38477804644,0.08
300044,-7.53306989807,0.08
300045,-7.50914657883,0.08
300046,-7.73429322862,0.08
300047,-7.6950268795,0.08
300048,-7.67574932963,0.08
300049,-7.84031393378,0.08
300050,-7.63961823629,0.08
300051,-7.47905324716,0.08
300052,-7.611291456,0.08
300053,-7.5842940121,0.08
300054,-7.55384511864,0.08
300055,-7.36394171801,0.08
300056,-7.46676449718,0.08
300057,-7.39987165775,0.08
300058,-7.45845277979,0.08
300059,-7.39399052621,0.08
300060,-7.47507517837,0.08
300061,-7.34576663667,0.08
300062,-7.16781332831,0.08
300063,-7.51380755393,0.08
300064,-7.51237495852,0.08
300065,-7.65802107171,0.08
300066,-7.68834573253,0.08
300067,-7.62645242973,0.08
300068,-7.63824433046,0.08
300069,-7.68680951139,0.08
300070,-7.80102028283,0.08
300071,-7.3754549305,0.08
300072,-7.56189290566,0.08
300073,-7.52837123024,0.08
300074,-7.32366359701,0.08
300075,-7.45364630051,0.08
300076,-7.45056143445,0.08
300077,-7.43652427911,0.08
300078,-7.19031602842,0.08
300079,-7.19147396785,0.08
300080,-7.33492627955,0.08
300081,-7.30132813891,0.08
300082,-7.33869034506,0.08
300083,-7.12951689392,0.08
300084,-7.14498011052,0.08
300085,-7.23258454366,0.08
300086,-7.19124527678,0.08
300087,-7.1333683295,0.08
300088,-7.20567897771,0.08
300089,-7.32909142359,0.08
300090,-7.65060354624,0.08
300091,-7.52106514495,0.08
300092,-7.51319915603,0.08
300093,-7.41012856576,0.08
300094,-7.44325221118,0.08
300095,-7.28027301272,0.08
300096,-7.28821922543,0.08
300097,-7.44420161403,0.08
300098,-7.41261276109,0.08
300099,-7.39041336183,0.08
300100,-7.47430999286,0.08
300101,-7.42149519906,0.08
300102,-7.4612754687,0.08
300103,-7.505318469,0.08
300104,-7.67089316607,0.08
300105,-7.51662310064,0.08
300106,-7.44762684175,0.08
300107,-7.50156409092,0.08
300108,-7.62673011271,0.08
300109,-7.43579097277,0.08
300110,-7.38056890297,0.08
300111,-7.42144359262,0.08
300112,-7.39628484163,0.08
300113,-7.56931696952,0.08
300114,-7.46100441632,0.08
300115,-7.36001004207,0.08
300116,-7.26904443231,0.08
300117,-7.44484193201,0.08
300118,-7.52353392395,0.08
300119,-7.59220821751,0.08
300120,-7.26743977398,0.08
300121,-7.28724493937,0.08
300122,-7.64526038115,0.08
300123,-7.58889557962,0.08
300124,-7.83120679112,0.08
300125,-7.20553760884,0.08
300126,-7.52720631057,0.08
300127,-7.6823862572,0.08
300128,-7.28215968757,0.08
300129,-7.19240029033,0.08
300130,-7.38867674066,0.08
300131,-7.50682823856,0.08
300132,-7.73527194567,0.08
300133,-7.65966110631,0.08
300134,-7.41201517027,0.08
300135,-7.12482394828,0.08
300136,-7.42528986238,0.08
300137,-7.43098900724,0.08
300138,-7.28249229107,0.08
300139,-7.32878214925,0.08
300140,-7.49012549535,0.08
300141,-7.37431885675,0.08
300142,-7.80290587772,0.08
300143,-7.25906081561,0.08
300144,-7.21032340121,0.08
300145,-7.23815508197,0.08
300146,-7.3301362977,0.08
300147,-7.37668049103,0.08
300148,-7.47239221061,0.08
300149,-7.45869941824,0.08
300150,-7.322395582,0.08
300151,-7.35691299683,0.08
300152,-7.71949336195,0.08
300153,-7.50364684622,0.08
300154,-7.46527377759,0.08
300155,-7.59699757013,0.08
300156,-7.53447375264,0.08
300157,-7.52342405176,0.08
300158,-7.71013679363,0.08
300159,-7.9402761042,0.08
300160,-7.95913556844,0.08
300161,-8.05366370225,0.08
300162,-7.91583563719,0.08
300163,-7.74898586077,0.08
300164,-7.5729876096,0.08
300165,-7.70031383649,0.08
300166,-7.50129191933,0.08
300167,-7.38062397308,0.08
300168,-7.42482652166,0.08
300169,-7.41041073031,0.08
300170,-7.28772720782,0.08
300171,-7.36985551634,0.08
300172,-7.20350038112,0.08
300173,-7.07351811748,0.08
300174,-7.17684633589,0.08
300175,-7.24266781013,0.08
300176,-7.32206873197,0.08
300177,-7.60335010389,0.08
300178,-7.61251951271,0.08
300179,-7.67905500264,0.08
300180,-7.76922281809,0.08
300181,-7.59441686756,0.08
300182,-7.57247324584,0.08
300183,-7.64024794467,0.08
300184,-7.65312676822,0.08
300185,-7.84509035696,0.08
300186,-7.7089281499,0.08
300187,-7.71260436418,0.08
300188,-7.65122308247,0.08
300189,-7.52704400401,0.08
300190,-7.45475142152,0.08
300191,-7.42987736613,0.08
300192,-7.46306046648,0.08
300193,-7.50264641951,0.08
300194,-7.47326780817,0.08
300195,-7.6674230996,0.08
300196,-7.80514143225,0.08
300197,-7.76478005132,0.08
300198,-7.59157900875,0.08
300199,-7.62121859255,0.08
300200,-7.4507010664,0.08
300201,-7.40250811522,0.08
300202,-7.48500924701,0.08
300203,-7.42740516221,0.08
300204,-7.31589358672,0.08
300205,-7.40093013274,0.08
300206,-7.48979441117,0.08
300207,-7.59318349529,0.08
300208,-7.4871454463,0.08
300209,-7.79139972399,0.08
300210,-7.77669079478,0.08
300211,-7.55156046919,0.08
300212,-7.4128152958,0.08
300213,-7.57890728997,0.08
300214,-7.40695900301,0.08
300215,-7.46165254046,0.08
300216,-7.62022245811,0.08
300217,-7.58923073773,0.08
300218,-7.43228224482,0.08
300219,-7.05399681478,0.08
300220,-7.16099924853,0.08
300221,-7.03761137984,0.08
300222,-7.07537860632,0.08
300223,-7.0404688331,0.08
300224,-6.89527540635,0.08
300225,-6.88176947458,0.08
300226,-6.75627126298,0.08
300227,-7.36042739866,0.08
300228,-7.17952372591,0.08
300229,-7.38911009527,0.08
300230,-7.8108896239,0.08
300231,-7.39779276811,0.08
300232,-7.27397767853,0.08
300233,-7.16297065701,0.08
300234,-7.14611242635,0.08
300235,-7.42105440608,0.08
300236,-7.35917539992,0.08
300237,-6.88079858793,0.08
300238,-7.07997976014,0.08
300239,-6.91690332196,0.08
300240,-7.04043073613,0.08
300241,-7.10722004187,0.08
300242,-7.22999915587,0.08
300243,-7.31937758325,0.08
300244,-7.22917561158,0.08
300245,-7.29492072328,0.08
300246,-7.33905644272,0.08
300247,-7.36534788774,0.08
300248,-7.20025777338,0.08
300249,-7.55225118778,0.08
300250,-7.49081078413,0.08
300251,-7.37474350488,0.08
300252,-7.42351405546,0.08
300253,-7.32145553159,0.08
300254,-7.51168325658,0.08
300255,-7.52317663202,0.08
300256,-7.34755953734,0.08
300257,-7.68327881936,0.08
300258,-7.24513030076,0.08
300259,-7.55693230216,0.08
300260,-7.49141953712,0.08
300261,-7.65226944014,0.08
300262,-8.19753714443,0.08
300263,-8.58191413617,0.08
300264,-8.16599576222,0.08
300265,-8.13574934415,0.08
300266,-8.20397284441,0.08
300267,-8.20024089072,0.08
300268,-8.37876198861,0.08
300269,-8.0630999986,0.08
300270,-7.85980363476,0.08
300271,-8.15897088204,0.08
300272,-7.80311163191,0.08
300273,-7.78851934637,0.08
300274,-7.7549650374,0.08
300275,-8.03855673591,0.08
300276,-7.96430775895,0.08
300277,-8.21989440116,0.08
300278,-7.94948188821,0.08
300279,-7.61920896907,0.08
300280,-7.53941651366,0.08
300281,-7.73715392826,0.08
300282,-7.50827814945,0.08
300283,-7.39770802188,0.08
300284,-7.73604590189,0.08
300285,-7.49517446518,0.08
300286,-7.69630909429,0.08
300287,-7.66133931857,0.08
300288,-7.20645164625,0.08
300289,-7.10154240005,0.08
300290,-7.28497890349,0.08
300291,-7.41888007156,0.08
300292,-7.33104608967,0.08
300293,-7.33604300716,0.08
300294,-7.314784013,0.08
300295,-7.38120032028,0.08
300296,-7.58997987836,0.08
300297,-7.64985609097,0.08
300298,-7.96864667702,0.08
300299,-7.49287953852,0.08
300300,-7.73102059528,0.08
300301,-7.6192736936,0.08
300302,-7.21669086086,0.08
300303,-7.13108600943,0.08
300304,-7.24640599442,0.08
300305,-7.5221918261,0.08
300306,-7.46833560589,0.08
300307,-7.45671590211,0.08
300308,-7.34156590645,0.08
300309,-7.31644267278,0.08
300310,-7.01071474756,0.08
300311,-7.0262054738,0.08
300312,-7.39219802223,0.08
300313,-7.70798599397,0.08
300314,-7.79882358132,0.08
300315,-7.80671066681,0.08
300316,-7.65540671399,0.08
300317,-7.70584899492,0.08
300318,-7.33403924296,0.08
300319,-7.3600889508,0.08
300320,-7.34468701822,0.08
300321,-7.32149202805,0.08
300322,-7.2390358478,0.08
300323,-7.36977085988,0.08
300324,-7.49095678351,0.08
300325,-7.47774708318,0.08
300326,-7.73528347542,0.08
300327,-7.59116237293,0.08
300328,-7.70190577255,0.08
300329,-7.60406660137,0.08
300330,-7.5393938804,0.08
300331,-7.31600740008,0.08
300332,-7.43046345599,0.08
300333,-7.43310684271,0.08
300334,-7.41932733253,0.08
300335,-7.35630315067,0.08
300336,-7.34319525596,0.08
300337,-7.46492847846,0.08
300338,-7.54281782538,0.08
300339,-7.49603052209,0.08
300340,-7.58710223199,0.08
300341,-7.62046042481,0.08
300342,-7.59930383032,0.08
300343,-7.74240388405,0.08
300344,-7.79300530926,0.08
300345,-7.47963943594,0.08
300346,-7.48022348915,0.08
300347,-7.72684801199,0.08
300348,-7.55570540944,0.08
300349,-7.52337720202,0.08
300350,-7.33266278273,0.08
300351,-7.54175106575,0.08
300352,-7.47453058238,0.08
300353,-7.46859569625,0.08
300354,-7.56058509943,0.08
300355,-7.68344440029,0.08
300356,-7.63221752779,0.08
300357,-7.6426901355,0.08
300358,-7.62495125311,0.08
300359,-7.41516758139,0.08
300360,-7.67002058037,0.08
300361,-7.53096401765,0.08
300362,-7.39828346917,0.08
300363,-7.38044285774,0.08
300364,-7.54461129029,0.08
300365,-7.40523739073,0.08
300366,-7.27313839436,0.08
300367,-7.24070260893,0.08
300368,-7.28720388997,0.08
300369,-7.2054029976,0.08
300370,-7.287687533,0.08
300371,-7.28538129837,0.08
300372,-7.31675556688,0.08
300373,-7.30650997864,0.08
300374,-7.50748466135,0.08
300375,-7.59212134198,0.08
300376,-7.35844557091,0.08
300377,-7.41084829915,0.08
300378,-7.47517613891,0.08
300379,-7.46155685556,0.08
300380,-7.85329666175,0.08
300381,-7.78195570418,0.08
300382,-7.68407881721,0.08
300383,-7.68111357003,0.08
300384,-7.61810573306,0.08
300385,-7.662073805,0.08
300386,-7.72978310341,0.08
300387,-7.77429160229,0.08
300388,-7.87547885502,0.08
300389,-7.7908336313,0.08
300390,-7.70879348283,0.08
300391,-7.73989310858,0.08
300392,-7.60695280534,0.08
300393,-7.65684965317,0.08
300394,-7.54940399023,0.08
300395,-7.66125110792,0.08
300396,-7.62262920052,0.08
300397,-7.79603959375,0.08
300398,-7.72201010997,0.08
300399,-7.77029016083,0.08
300400,-7.76759543212,0.08
300401,-7.77971325286,0.08
300402,-8.08426314943,0.08
300403,-7.88839963784,0.08
300404,-7.90612611786,0.08
300405,-7.889894359,0.08
300406,-7.95121653728,0.08
300407,-7.86126516863,0.08
300408,-7.90784656988,0.08
300409,-7.72755033679,0.08
300410,-7.83531007515,0.08
300411,-7.72476989918,0.08
300412,-7.73178820821,0.08
300413,-7.55163902116,0.08
300414,-7.58232614354,0.08
300415,-7.71800796077,0.08
300416,-7.63631746919,0.08
300417,-7.54094515786,0.08
300418,-7.53354883821,0.08
300419,-7.50792464592,0.08
300420,-7.46915405271,0.08
300421,-7.45889035455,0.08
300422,-7.52311574786,0.08
300423,-7.68903927706,0.08
300424,-7.55238830973,0.08
300425,-7.65921722077,0.08
300426,-7.78705918228,0.08
300427,-7.66950259295,0.08
300428,-7.79377705527,0.08
300429,-7.76916027378,0.08
300430,-7.81538462097,0.08
300431,-7.74615374664,0.08
300432,-7.81633622494,0.08
300433,-7.77461691217,0.08
300434,-7.6920151238,0.08
300435,-7.74463651438,0.08
300436,-7.48902017112,0.08
300437,-7.5912350082,0.08
300438,-7.7164306951,0.08
300439,-7.90241967931,0.08
300440,-7.83325574898,0.08
300441,-7.38933468287,0.08
300442,-7.33299348392,0.08
300443,-7.60345489239,0.08
300444,-7.76758786587,0.08
300445,-7.75372844756,0.08
300446,-7.73622435796,0.08
300447,-7.55079943285,0.08
300448,-7.64343816904,0.08
300449,-7.76791046668,0.08
300450,-7.81681910543,0.08
300451,-7.88661186875,0.08
300452,-7.92220953128,0.08
300453,-7.98857353806,0.08
300454,-7.85742005374,0.08
300455,-7.9067675814,0.08
300456,-7.80545933008,0.08
300457,-7.7907310796,0.08
300458,-7.76402690263,0.08
300459,-7.766468621,0.08
300460,-7.66654441588,0.08
300461,-7.82187291091,0.08
300462,-7.68445504478,0.08
300463,-7.67066596822,0.08
300464,-7.62182266744,0.08
300465,-7.78387479631,0.08
300466,-7.86267802539,0.08
300467,-7.9515311573,0.08
300468,-7.9367178557,0.08
300469,-8.06425605425,0.08
300470,-8.09701602731,0.08
300471,-8.13756385151,0.08
300472,-8.13860866722,0.08
300473,-7.97404125344,0.08
300474,-7.99698612191,0.08
300475,-7.76778254965,0.08
300476,-7.80653922585,0.08
300477,-8.17423285058,0.08
300478,-8.00092714999,0.08
300479,-8.20265625743,0.08
300480,-8.04149178023,0.08
300481,-8.14864682924,0.08
300482,-8.17694928139,0.08
300483,-8.21757573682,0.08
300484,-8.20829856555,0.08
300485,-8.21628979771,0.08
300486,-8.17515244919,0.08
300487,-8.09649570678,0.08
300488,-8.11173315567,0.08
300489,-8.16395052156,0.08
300490,-8.13285970169,0.08
300491,-8.08275904901,0.08
300492,-8.21076431287,0.08
300493,-8.16500433769,0.08
300494,-8.25089645407,0.08
300495,-8.25444353425,0.08
300496,-8.27152528343,0.08
300497,-8.14627909677,0.08
300498,-8.19876503344,0.08
300499,-8.15430556478,0.08
300500,-8.0689708733,0.08
300501,-8.03251313213,0.08
300502,-7.92333399874,0.08
300503,-7.81218738726,0.08
300504,-7.65998538897,0.08
300505,-7.75214662317,0.08
300506,-8.14087495714,0.08
300507,-8.08432226273,0.08
300508,-7.98950831336,0.08
300509,-7.94146652806,0.08
300510,-7.93858571635,0.08
300511,-7.92036471945,0.08
300512,-7.81546650658,0.08
300513,-8.02349031931,0.08
300514,-8.02870231672,0.08
300515,-8.02905824613,0.08
300516,-7.9513956897,0.08
300517,-8.07861405612,0.08
300518,-8.17302783151,0.08
300519,-8.12785550223,0.08
300520,-8.03818727165,0.08
300521,-8.14975495782,0.08
300522,-8.07913004087,0.08
300523,-8.00291025218,0.08
300524,-8.05659057241,0.08
300525,-8.01568858627,0.08
300526,-8.15436799596,0.08
300527,-7.96015462374,0.08
300528,-7.96647301194,0.08
300529,-7.99527458099,0.08
300530,-7.88270862419,0.08
300531,-7.94141418137,0.08
300532,-8.10895445183,0.08
300533,-8.05984398446,0.08
300534,-7.86467150541,0.08
300535,-7.91375560556,0.08
300536,-7.9265691327,0.08
300537,-7.78189241899,0.08
300538,-7.86343552022,0.08
300539,-7.90668029819,0.08
300540,-7.88144183725,0.08
300541,-7.84420107985,0.08
300542,-7.88901483924,0.08
300543,-7.96166992179,0.08
300544,-7.81777401235,0.08
300545,-7.79403593299,0.08
300546,-7.88221251452,0.08
300547,-7.76633257895,0.08
300548,-7.78784575631,0.08
300549,-7.88992611406,0.08
300550,-7.71142471143,0.08
300551,-7.78257599052,0.08
300552,-7.98071899988,0.08
300553,-7.95453002471,0.08
300554,-7.94209794486,0.08
300555,-8.03052491704,0.08
300556,-7.94404063016,0.08
300557,-7.78431124021,0.08
300558,-7.8453521987,0.08
300559,-7.76748906752,0.08
300560,-8.05241675854,0.08
300561,-7.96328285194,0.08
300562,-7.9652795161,0.08
300563,-7.85196070441,0.08
300564,-7.74782298906,0.08
300565,-7.89238063418,0.08
300566,-7.83128311227,0.08
300567,-7.87025884525,0.08
300568,-7.84912916442,0.08
300569,-7.92846104295,0.08
300570,-7.91597657491,0.08
300571,-7.93692776436,0.08
300572,-7.92254994048,0.08
300573,-7.86043951675,0.08
300574,-7.93081237449,0.08
300575,-7.97154815882,0.08
300576,-7.89905658961,0.08
300577,-7.92961793033,0.08
300578,-7.98209810326,0.08
300579,-8.01085929774,0.08
300580,-8.0561977883,0.08
300581,-8.05788770904,0.08
300582,-7.968163342,0.08
300583,-8.03744797578,0.08
300584,-7.92782232018,0.08
300585,-7.99572150182,0.08
300586,-7.98283801982,0.08
300587,-7.89242572871,0.08
300588,-7.9456182073,0.08
300589,-8.08772484304,0.08
300590,-8.07861315381,0.08
300591,-8.08246808248,0.08
300592,-7.91200465989,0.08
300593,-8.02405758536,0.08
300594,-8.01265527683,0.08
300595,-8.02547568031,0.08
300596,-8.08433910986,0.08
300597,-8.17922594209,0.08
300598,-8.10327322081,0.08
300599,-8.15292994781,0.08
300600,-8.27232466863,0.08
300601,-8.25360782112,0.08
300602,-8.21913591623,0.08
300603,-8.30593670337,0.08
300604,-8.22083508208,0.08
300605,-8.17304672036,0.08
300606,-8.19263271562,0.08
300607,-8.2938533107,0.08
300608,-8.16090945996,0.08
300609,-8.30696190294,0.08
300610,-8.27186441391,0.08
300611,-8.3230296836,0.08
300612,-8.26473526344,0.08
300613,-8.12300957106,0.08
300614,-8.16307061005,0.08
300615,-8.19707086858,0.08
300616,-8.20591357345,0.08
300617,-8.20962966515,0.08
300618,-8.1562039771,0.08
300619,-8.19161126169,0.08
300620,-8.18382947153,0.08
300621,-8.03461556976,0.08
300622,-8.11547863667,0.08
300623,-8.05107181497,0.08
300624,-8.14562021774,0.08
300625,-8.00974250257,0.08
300626,-8.12009547114,0.08
300627,-8.20131647544,0.08
300628,-8.09516885638,0.08
300629,-8.16510412318,0.08
300630,-8.10407306578,0.08
300631,-8.06840938034,0.08
300632,-8.04945601953,0.08
300633,-8.11413740244,0.08
300634,-8.05027364535,0.08
300635,-8.14807912841,0.08
300636,-8.0795345243,0.08
300637,-8.18850456651,0.08
300638,-8.09820262341,0.08
300639,-8.08662561718,0.08
300640,-8.06301838656,0.08
300641,-8.00292883457,0.08
300642,-7.95742775385,0.08
300643,-7.92466272571,0.08
300644,-8.0085637095,0.08
300645,-7.94099658445,0.08
300646,-7.9158803309,0.08
300647,-7.98589718919,0.08
300648,-8.03119125336,0.08
300649,-8.04025068916,0.08
300650,-8.10331328751,0.08
300651,-8.11834713523,0.08
300652,-8.03475076416,0.08
300653,-8.01489759048,0.08
300654,-8.14407938649,0.08
300655,-8.18317589489,0.08
300656,-8.09334868765,0.08
300657,-8.12493583081,0.08
300658,-8.04941668925,0.08
300659,-7.95382923083,0.08
300660,-8.02963343639,0.08
300661,-7.96011056576,0.08
300662,-8.08785004206,0.08
300663,-8.09714379897,0.08
300664,-8.1044694449,0.08
300665,-8.08720753694,0.08
300666,-8.29343011103,0.08
300667,-8.36053816687,0.08
300668,-8.36966892472,0.08
300669,-8.3806347234,0.08
300670,-8.35116675246,0.08
300671,-8.38424094346,0.08
300672,-8.43857781212,0.08
300673,-8.52170770956,0.08
300674,-8.48972078907,0.08
300675,-8.42902024169,0.08
300676,-8.47207646469,0.08
300677,-8.5232727545,0.08
300678,-8.37504536888,0.08
300679,-8.59983380064,0.08
300680,-8.53433640365,0.08
300681,-8.45319026033,0.08
300682,-8.45837055666,0.08
300683,-8.13097268023,0.08
300684,-8.06270056322,0.08
300685,-8.10947012893,0.08
300686,-8.13438075148,0.08
300687,-8.07391760139,0.08
300688,-8.12881398372,0.08
300689,-8.12273978614,0.08
300690,-8.05921915833,0.08
300691,-8.0501436018,0.08
300692,-8.13626121191,0.08
300693,-8.20202937049,0.08
300694,-8.28171014043,0.08
300695,-8.2167550853,0.08
300696,-8.21323428678,0.08
300697,-8.24751446408,0.08
300698,-8.29519009404,0.08
300699,-8.14322785253,0.08
300700,-8.05943595395,0.08
300701,-8.126272944,0.08
300702,-8.15730084438,0.08
300703,-8.11198056125,0.08
300704,-8.15204690758,0.08
300705,-8.14373467878,0.08
300706,-8.32878811586,0.08
300707,-8.12441637755,0.08
300708,-8.05022654267,0.08
300709,-8.00698146699,0.08
300710,-8.04031957663,0.08
300711,-8.22271181402,0.08
300712,-8.36135246508,0.08
300713,-8.10666720911,0.08
300714,-8.04182711959,0.08
300715,-7.89832999112,0.08
300716,-8.07150210176,0.08
300717,-8.11217947415,0.08
300718,-8.17481421337,0.08
300719,-8.15562819851,0.08
300720,-8.24952152445,0.08
300721,-8.26504252244,0.08
300722,-8.15301961567,0.08
300723,-8.10912053366,0.08
300724,-8.12664373867,0.08
300725,-8.09428365233,0.08
300726,-8.10256629997,0.08
300727,-8.2644541558,0.08
300728,-8.20777244338,0.08
300729,-8.23759397921,0.08
300730,-8.08830948275,0.08
300731,-8.46417620687,0.08
300732,-8.47196867623,0.08
300733,-8.51531949939,0.08
300734,-8.44475762169,0.08
300735,-8.39884396141,0.08
300736,-8.33648863818,0.08
300737,-8.32159750007,0.08
300738,-8.3479871,0.08
300739,-8.38618894623,0.08
300740,-8.22359174787,0.08
300741,-8.30936276603,0.08
300742,-8.44704726616,0.08
300743,-8.47890353246,0.08
300744,-8.54422896006,0.08
300745,-8.57498407613,0.08
300746,-8.46584879515,0.08
300747,-8.24943813081,0.08
300748,-8.45007043651,0.08
300749,-8.32922918447,0.08
300750,-8.45280556542,0.08
300751,-8.43254249749,0.08
300752,-8.60782733228,0.08
300753,-8.44837444339,0.08
300754,-8.56176213827,0.08
300755,-8.50546297112,0.08
300756,-8.49956572732,0.08
300757,-8.35820456492,0.08
300758,-8.34628050918,0.08
300759,-8.38051705517,0.08
300760,-8.43096849541,0.08
300761,-8.52192609173,0.08
300762,-8.71180584435,0.08
300763,-8.46956598593,0.08
300764,-8.44715711988,0.08
300765,-8.63214690659,0.08
300766,-8.74422733065,0.08
300767,-8.68367104063,0.08
300768,-8.65963857047,0.08
300769,-8.64579487169,0.08
300770,-8.56052875204,0.08
300771,-8.6897277392,0.08
300772,-8.80636958102,0.08
300773,-8.76595880911,0.08
300774,-8.59133373119,0.08
300775,-8.52698642149,0.08
300776,-8.47976688481,0.08
300777,-8.23332619403,0.08
300778,-8.38809846756,0.08
300779,-8.42647377624,0.08
300780,-8.5547235185,0.08
300781,-8.51509819281,0.08
300782,-8.56912458606,0.08
300783,-8.4664484627,0.08
300784,-8.44121076766,0.08
300785,-8.41286911278,0.08
300786,-8.39068630897,0.08
300787,-8.52755446515,0.08
300788,-8.45053005401,0.08
300789,-8.36002791211,0.08
300790,-8.33505199862,0.08
300791,-8.37900853725,0.08
300792,-8.48797764408,0.08
300793,-8.70376456662,0.08
300794,-8.59803129704,0.08
300795,-8.74282017437,0.08
300796,-8.45294252786,0.08
300797,-8.3953452551,0.08
300798,-8.45983027666,0.08
300799,-8.64977642982,0.08
300800,-8.41438889097,0.08
300801,-8.33921505543,0.08
300802,-8.33603169984,0.08
300803,-8.23471622647,0.08
300804,-8.2977779366,0.08
300805,-8.44359814985,0.08
300806,-8.3933478208,0.08
300807,-8.43952867766,0.08
300808,-8.4589912046,0.08
300809,-8.4951411488,0.08
300810,-8.43321096773,0.08
300811,-8.35931919891,0.08
300812,-8.52367133221,0.08
300813,-8.54386927768,0.08
300814,-8.47848878833,0.08
300815,-8.57343100488,0.08
300816,-8.5,0.08
300817,-8.52715023986,0.08
300818,-8.60475234723,0.08
300819,-8.51814720005,0.08
300820,-8.3851363917,0.08
300821,-8.51657394616,0.08
300822,-8.62848428717,0.08
300823,-8.63421106767,0.08
300824,-8.54879998109,0.08
300825,-8.6876178676,0.08
300826,-8.66432834324,0.08
300827,-8.55108662566,0.08
300828,-8.49661254389,0.08
300829,-8.49836576964,0.08
300830,-8.51376685709,0.08
300831,-8.28566464738,0.08
300832,-8.54956543083,0.08
300833,-8.69589503918,0.08
300834,-8.67653312494,0.08
300835,-8.73525831142,0.08
300836,-8.77140060248,0.08
300837,-8.66564981502,0.08
300838,-8.46514345826,0.08
300839,-8.46127166252,0.08
300840,-8.46641164171,0.08
300841,-8.43202929609,0.08
300842,-8.31936662145,0.08
300843,-8.33589842304,0.08
300844,-8.4207760598,0.08
300845,-8.43886656679,0.08
300846,-8.45667452525,0.08
300847,-8.50215461017,0.08
300848,-8.46208437845,0.08
300849,-8.5520619675,0.08
300850,-8.47163337963,0.08
300851,-8.49487242723,0.08
300852,-8.68846921642,0.08
300853,-8.77172575428,0.08
300854,-8.58385849571,0.08
300855,-8.53206969471,0.08
300856,-8.53,0.08
300857,-8.56534710547,0.08
300858,-8.41404947234,0.08
300859,-8.43207702893,0.08
300860,-8.35899294518,0.08
300861,-8.31882881753,0.08
300862,-8.3812953248,0.08
300863,-8.25724385374,0.08
300864,-8.28649338251,0.08
300865,-8.42177303314,0.08
300866,-8.37406693889,0.08
300867,-8.36494022909,0.08
300868,-8.46463245744,0.08
300869,-8.59829112777,0.08
300870,-8.43902802878,0.08
300871,-8.44280135141,0.08
300872,-8.45424766875,0.08
300873,-8.29833571675,0.08
300874,-8.27542177438,0.08
300875,-8.44474261993,0.08
300876,-8.42561889142,0.08
300877,-8.79232294727,0.08
300878,-9.03738211332,0.08
300879,-9.14338843039,0.08
300880,-8.96451888519,0.08
300881,-9.04824797575,0.08
300882,-9.09357303379,0.08
300883,-9.0169583653,0.08
300884,-8.87783448492,0.08
300885,-8.80311193912,0.08
300886,-8.77662649711,0.08
300887,-8.72969398114,0.08
300888,-8.85146648744,0.08
300889,-8.73541204759,0.08
300890,-8.74671273018,0.08
300891,-8.59641631215,0.08
300892,-8.568291804,0.08
300893,-8.44536530552,0.08
300894,-8.62441460932,0.08
300895,-8.62615195598,0.08
300896,-8.71039520808,0.08
300897,-8.56697003184,0.08
300898,-8.61333548021,0.08
300899,-8.60991792641,0.08
300900,-8.61147611223,0.08
300901,-8.55757194533,0.08
300902,-8.60857895877,0.08
300903,-8.65133484847,0.08
300904,-8.6782958651,0.08
300905,-8.84004055902,0.08
300906,-8.65970541005,0.08
300907,-8.72601220362,0.08
300908,-8.71985602008,0.08
300909,-8.71660293632,0.08
300910,-8.75893275542,0.08
300911,-8.68745542067,0.08
300912,-8.64753780071,0.08
300913,-8.73502515223,0.08
300914,-8.73180919879,0.08
300915,-8.82989152646,0.08
300916,-8.73987429512,0.08
300917,-8.70423844021,0.08
300918,-8.58740020192,0.08
300919,-8.56046018675,0.08
300920,-8.45429900091,0.08
300921,-8.49916612586,0.08
300922,-8.59834659205,0.08
300923,-8.70384267317,0.08
300924,-8.75319653695,0.08
300925,-8.7603091318,0.08
300926,-8.64646053936,0.08
300927,-8.71400271262,0.08
300928,-8.69914810481,0.08
300929,-8.64639793908,0.08
300930,-8.76076494285,0.08
300931,-8.79278497166,0.08
300932,-8.84254578616,0.08
300933,-8.77658111572,0.08
300934,-8.63617044394,0.08
300935,-8.76549643758,0.08
300936,-8.88720735994,0.08
300937,-8.68701184064,0.08
300938,-8.72990284894,0.08
300939,-8.57495507793,0.08
300940,-8.73557816728,0.08
300941,-8.76250028484,0.08
300942,-8.7194052492,0.08
300943,-8.80986663757,0.08
300944,-8.74626664738,0.08
300945,-8.98287333043,0.08
300946,-8.99503919199,0.08
300947,-9.14109393543,0.08
300948,-9.07938337856,0.08
300949,-9.04304226753,0.08
300950,-9.09671154824,0.08
300951,-8.89942944009,0.08
300952,-8.97033062353,0.08
300953,-8.91038906849,0.08
300954,-8.88931696471,0.08
300955,-8.85408649271,0.08
300956,-8.83099243114,0.08
300957,-8.7525667503,0.08
300958,-8.77574326223,0.08
300959,-8.65567308161,0.08
300960,-8.7370395132,0.08
300961,-8.68400825915,0.08
300962,-8.74635115048,0.08
300963,-8.72047817318,0.08
300964,-8.73344467668,0.08
300965,-8.71152163738,0.08
300966,-8.76599187594,0.08
300967,-8.70351024384,0.08
300968,-8.67720276456,0.08
300969,-8.55750224274,0.08
300970,-8.67076636341,0.08
300971,-8.51195377525,0.08
300972,-8.48783583935,0.08
300973,-8.58314498461,0.08
300974,-8.59,0.08
300975,-8.55960061318,0.08
300976,-8.47931473282,0.08
300977,-8.51660081193,0.08
300978,-8.5,0.08
300979,-8.42664579681,0.08
300980,-8.42438728556,0.08
300981,-8.38617025146,0.08
300982,-8.44588357526,0.08
300983,-8.37405945261,0.08
300984,-8.47534340304,0.08
300985,-8.60160358158,0.08
300986,-8.61079458481,0.08
300987,-8.52476149434,0.08
300988,-8.49,0.08
300989,-8.54968506848,0.08
300990,-8.54965172702,0.08
300991,-8.50166309062,0.08
300992,-8.44655209443,0.08
300993,-8.51954006945,0.08
300994,-8.6076026886,0.08
300995,-8.57850599152,0.08
300996,-8.5506540234,0.08
300997,-8.53515850833,0.08
300998,-8.4911299735,0.08
300999,-8.4495009153,0.08
301000,-8.48003370976,0.08
301001,-8.42,0.08
301002,-8.23,0.08
301003,-8.36768976205,0.08
301004,-8.25527291566,0.08
301005,-8.31,0.08
301006,-8.23097292165,0.08
301007,-8.35532170383,0.08
301008,-8.18,0.08
301009,-8.28,0.08
301010,-8.26,0.08
301011,-8.27,0.08
301012,-8.41,0.08
301013,-8.41,0.08
301014,-8.16,0.08
301015,-8.16131597757,0.08
301016,-8.2301652855,0.08
301017,-8.12,0.08
301018,-8.16,0.08
301019,-8.13,0.08
301020,-8.17790353111,0.08
301021,-8.2,0.08
301022,-8.04,0.08
301023,-8.1,0.08
301024,-8.18,0.08
301025,-8.11086478688,0.08
301026,-8.19581897936,0.08
301027,-8.0173721524,0.08
301028,-8.1,0.08
301029,-8.12,0.08
301030,-8.14,0.08
301031,-8.20390588692,0.08
301032,-8.21463039988,0.08
301033,-8.20160030966,0.08
301034,-8.3094468238,0.08
301035,-8.24482566971,0.08
301036,-8.1996341944,0.08
301037,-8.18,0.08
301038,-8.21302885456,0.08
301039,-8.08877136943,0.08
301040,-8.43721761884,0.08
301041,-8.45,0.08
301042,-8.38,0.08
301043,-8.24469184028,0.08
301044,-8.19,0.08
301045,-8.19743591007,0.08
301046,-8.19123538642,0.08
301047,-8.19,0.08
301048,-7.94622349601,0.08
301049,-8.15,0.08
301050,-8.10184994547,0.08
301051,-8.30811528328,0.08
301052,-8.25,0.08
301053,-8.34324467799,0.08
301054,-8.37,0.08
301055,-8.47584171381,0.08
301056,-8.43110051052,0.08
301057,-8.35,0.08
301058,-8.28,0.08
301059,-8.35,0.08
301060,-8.39,0.08
301061,-8.35937281639,0.08
301062,-8.32,0.08
301063,-8.39796972975,0.08
301064,-8.35215588644,0.08
301065,-8.49911048172,0.08
301066,-8.51696954196,0.08
301067,-8.49483472122,0.08
301068,-8.57132257814,0.08
301069,-8.63629427916,0.08
301070,-8.73,0.08
301071,-8.73,0.08
301072,-8.63,0.08
301073,-8.64,0.08
301074,-8.62859039472,0.08
301075,-8.38,0.08
301076,-8.36454946854,0.08
301077,-8.43,0.08
301078,-8.45,0.08
301079,-8.47,0.08
301080,-8.53,0.08
301081,-8.53760422061,0.08
301082,-8.54,0.08
301083,-8.51507715255,0.08
301084,-8.37205158328,0.08
301085,-8.51,0.08
301086,-8.44658658341,0.08
301087,-8.41931632491,0.08
301088,-8.33367243148,0.08
301089,-8.22164916909,0.08
301090,-8.34868583532,0.08
301091,-8.36901671303,0.08
301092,-8.14974157515,0.08
301093,-8.20035137651,0.08
301094,-8.15877503583,0.08
301095,-8.35171447381,0.08
301096,-8.23172842253,0.08
301097,-8.15077823677,0.08
301098,-8.11574238148,0.08
301099,-8.11877045196,0.08
301100,-8.2780362037,0.08
301101,-8.27247787587,0.08
301102,-8.23876655621,0.08
301103,-8.4198539203,0.08
301104,-8.30273808759,0.08
301105,-8.31569177319,0.08
301106,-8.35762519314,0.08
301107,-8.29906252029,0.08
301108,-7.99432423135,0.08
301109,-8.24319033856,0.08
301110,-8.36453531111,0.08
301111,-8.40686576421,0.08
301112,-8.430562816,0.08
301113,-8.51608690596,0.08
301114,-8.62292111245,0.08
301115,-8.66565246106,0.08
301116,-8.59633166152,0.08
301117,-8.72,0.08
301118,-8.24072462576,0.08
301119,-8.69938910844,0.08
301120,-8.47760931968,0.08
301121,-8.72826392219,0.08
301122,-8.50255805018,0.08
301123,-8.66305886293,0.08
301124,-8.55794048853,0.08
301125,-8.60713072639,0.08
301126,-8.56553130178,0.08
301127,-8.54,0.08
301128,-8.55440506575,0.08
301129,-8.48785560813,0.08
301130,-8.4211222953,0.08
301131,-8.41,0.08
301132,-8.41217445756,0.08
301133,-8.43949677896,0.08
301134,-8.0539430979,0.08
301135,-8.30532245389,0.08
301136,-8.48607449512,0.08
301137,-8.42,0.08
301138,-8.3801649323,0.08
301139,-8.44,0.08
301140,-8.41634940158,0.08
301141,-8.33545991127,0.08
301142,-8.22272130164,0.08
301143,-8.16458292898,0.08
301144,-8.29431618956,0.08
301145,-8.38483535605,0.08
301146,-8.26540972167,0.08
301147,-8.3376908341,0.08
301148,-8.46735801109,0.08
301149,-8.57681471607,0.08
301150,-8.71190029981,0.08
301151,-8.77033551877,0.08
301152,-8.58784338292,0.08
301153,-8.48131689671,0.08
301154,-8.39159768144,0.08
301155,-8.36102861128,0.08
301156,-8.35942145409,0.08
301157,-8.09,0.08
301158,-8.19315442678,0.08
301159,-8.09629365332,0.08
301160,-8.16993834448,0.08
301161,-8.18003201241,0.08
301162,-8.25704755855,0.08
301163,-8.43723062401,0.08
301164,-8.455240283,0.08
301165,-8.78514114574,0.08
301166,-8.8283135459,0.08
301167,-8.93461033028,0.08
301168,-8.95319188318,0.08
301169,-9.02167014808,0.08
301170,-8.56894282837,0.08
301171,-8.39933778484,0.08
301172,-8.17837278031,0.08
301173,-8.30307277633,0.08
301174,-8.44578171936,0.08
301175,-8.41456796739,0.08
301176,-8.33778747128,0.08
301177,-8.35443219144,0.08
301178,-8.63983900833,0.08
301179,-8.44991464888,0.08
301180,-8.66771646069,0.08
301181,-8.75118384468,0.08
301182,-8.64749823111,0.08
301183,-8.33506586654,0.08
301184,-8.18392634261,0.08
301185,-8.37183013481,0.08
301186,-8.55983731401,0.08
301187,-9.02182495785,0.08
301188,-8.89784768071,0.08
301189,-8.92572120652,0.08
301190,-8.79158520083,0.08
301191,-8.75277705188,0.08
301192,-8.64819095798,0.08
301193,-9.01697412149,0.08
301194,-8.99396305199,0.08
301195,-8.84684666084,0.08
301196,-8.7858929997,0.08
301197,-9.1196296313,0.08
301198,-9.1744913467,0.08
301199,-9.40756095998,0.08
301200,-9.25397595375,0.08
301201,-9.22358891447,0.08
301202,-9.2085380026,0.08
301203,-9.17711601542,0.08
301204,-8.89940136318,0.08
301205,-8.89818526543,0.08
301206,-8.88506541247,0.08
301207,-9.13098933226,0.08
301208,-8.80877596187,0.08
301209,-8.90669193743,0.08
301210,-8.99724460263,0.08
301211,-8.84006314879,0.08
301212,-9.01694441624,0.08
301213,-9.0739599158,0.08
301214,-9.02790819248,0.08
301215,-8.88439366154,0.08
301216,-8.73683598409,0.08
301217,-9.04473856587,0.08
301218,-8.67843263469,0.08
301219,-8.91451516284,0.08
301220,-8.66372715246,0.08
301221,-8.68567362228,0.08
301222,-8.46979128503,0.08
301223,-8.69806623274,0.08
301224,-8.5210733764,0.08
301225,-8.55953200991,0.08
301226,-8.55109887925,0.08
301227,-8.36582163062,0.08
301228,-8.37115079946,0.08
301229,-8.55986776552,0.08
301230,-8.52323400049,0.08
301231,-8.50861443258,0.08
301232,-8.47509811085,0.08
301233,-8.37573119191,0.08
301234,-8.47440808626,0.08
301235,-8.69315197263,0.08
301236,-8.92933667736,0.08
301237,-8.88585409,0.08
301238,-8.9824279355,0.08
301239,-9.12171688712,0.08
301240,-9.1102044315,0.08
301241,-9.00584593191,0.08
301242,-9.11761605793,0.08
301243,-9.03737288411,0.08
301244,-8.65387909108,0.08
301245,-8.58804834098,0.08
301246,-9.17371466488,0.08
301247,-8.03878015177,0.08
301248,-8.004118416,0.08
301249,-8.05939351803,0.08
301250,-8.18488590089,0.08
301251,-7.84325280701,0.08
301252,-7.6959954425,0.08
301253,-7.72848256734,0.08
301254,-7.71348980945,0.08
301255,-8.0003459506,0.08
301256,-8.06669272778,0.08
301257,-7.78325838728,0.08
301258,-7.85274578031,0.08
301259,-7.98582196562,0.08
301260,-7.80030966627,0.08
301261,-7.73224132186,0.08
301262,-7.98544860584,0.08
301263,-7.65961886248,0.08
301264,-7.97120237685,0.08
301265,-8.03673066261,0.08
301266,-8.01292833614,0.08
301267,-7.84509654634,0.08
301268,-8.00909316268,0.08
301269,-8.16909176367,0.08
301270,-8.17325445532,0.08
301271,-7.96880382231,0.08
301272,-7.82273177692,0.08
301273,-7.53053414414,0.08
301274,-7.44948174414,0.08
301275,-7.87250475063,0.08
301276,-7.76596767425,0.08
301277,-8.01258532678,0.08
301278,-8.24394079254,0.08
301279,-8.12646439514,0.08
301280,-8.26048983448,0.08
301281,-8.03075005286,0.08
301282,-8.18021905411,0.08
301283,-8.22772000423,0.08
301284,-8.33931363151,0.08
301285,-8.12836200962,0.08
301286,-7.94844495691,0.08
301287,-8.22632624646,0.08
301288,-7.90436895213,0.08
301289,-7.80015289799,0.08
301290,-7.98345569025,0.08
301291,-8.18068547846,0.08
301292,-8.04786534859,0.08
301293,-7.81813120914,0.08
301294,-8.00399508743,0.08
301295,-7.94168789892,0.08
301296,-7.85878144221,0.08
301297,-8.17137664158,0.08
301298,-8.0164025163,0.08
301299,-7.91984812861,0.08
301300,-7.83703273115,0.08
301301,-8.02597583765,0.08
301302,-7.79060694049,0.08
301303,-7.68467077525,0.08
301304,-7.8105844896,0.08
301305,-7.8912518079,0.08
301306,-7.84458125661,0.08
301307,-7.71338856144,0.08
301308,-7.80466101158,0.08
301309,-7.86210855592,0.08
301310,-7.86494994339,0.08
301311,-7.79728117807,0.08
301312,-7.69916441443,0.08
301313,-7.87114666418,0.08
301314,-8.07142790356,0.08
301315,-7.71238929064,0.08
301316,-7.73062568271,0.08
301317,-7.9436049422,0.08
301318,-7.94894273763,0.08
301319,-7.70996942644,0.08
301320,-7.73108163722,0.08
301321,-7.68373862292,0.08
301322,-7.88618405347,0.08
301323,-7.89448198702,0.08
301324,-8.13623758477,0.08
301325,-7.81036274023,0.08
301326,-7.76505101976,0.08
301327,-7.82123555832,0.08
301328,-7.83698244168,0.08
301329,-7.91061374328,0.08
301330,-7.8802036199,0.08
301331,-7.85528519398,0.08
301332,-8.12798413037,0.08
301333,-8.29755157675,0.08
301334,-8.18807235875,0.08
301335,-8.32543382952,0.08
301336,-8.23897724595,0.08
301337,-8.31303064488,0.08
301338,-8.43544686884,0.08
301339,-8.37563635279,0.08
301340,-8.39111666874,0.08
301341,-8.40687173696,0.08
301342,-8.40258182011,0.08
301343,-8.29251912039,0.08
301344,-8.42836983415,0.08
301345,-8.19337926641,0.08
301346,-8.32499138505,0.08
301347,-8.02787927808,0.08
301348,-7.90915418614,0.08
301349,-7.9652753892,0.08
301350,-8.00211755048,0.08
301351,-8.25785796251,0.08
301352,-8.10172192837,0.08
301353,-8.48578145791,0.08
301354,-8.39058168192,0.08
301355,-7.85467385599,0.08
301356,-7.93089081332,0.08
301357,-8.01737650072,0.08
301358,-8.28794081093,0.08
301359,-8.04454233905,0.08
301360,-7.96507271502,0.08
301361,-7.92265655213,0.08
301362,-8.10006979584,0.08
301363,-8.26204775658,0.08
301364,-8.5347893407,0.08
301365,-8.59845189578,0.08
301366,-8.43300266498,0.08
301367,-8.28678986523,0.08
301368,-8.01586877143,0.08
301369,-8.1778857873,0.08
301370,-8.40426885461,0.08
301371,-8.38325317755,0.08
301372,-8.21268045825,0.08
301373,-7.93066355329,0.08
301374,-7.74188626501,0.08
301375,-7.63872171586,0.08
301376,-7.62545004493,0.08
301377,-7.75348419759,0.08
301378,-7.68731120726,0.08
301379,-7.65137833017,0.08
301380,-7.59498735684,0.08
301381,-7.5899783036,0.08
301382,-7.48521378574,0.08
301383,-7.4454458211,0.08
301384,-7.48106152292,0.08
301385,-7.41761126228,0.08
301386,-7.66821496155,0.08
301387,-7.95459112407,0.08
301388,-7.99800871376,0.08
301389,-8.31571418015,0.08
301390,-8.28725663303,0.08
301391,-8.57082165065,0.08
301392,-8.14384227541,0.08
301393,-7.94514791272,0.08
301394,-7.83648764634,0.08
301395,-8.06224018734,0.08
301396,-8.08718834385,0.08
301397,-8.13945060298,0.08
301398,-8.11186404907,0.08
301399,-7.98338848504,0.08
301400,-7.97290302077,0.08
301401,-7.77357340977,0.08
301402,-7.59212500379,0.08
301403,-7.684801148,0.08
301404,-7.64111550268,0.08
301405,-7.69802246295,0.08
301406,-7.69289628107,0.08
301407,-7.82733963,0.08
301408,-7.62925608899,0.08
301409,-7.64987519609,0.08
301410,-7.6918442441,0.08
301411,-7.76421087912,0.08
301412,-7.64358959075,0.08
301413,-7.69474703106,0.08
301414,-7.67993554208,0.08
301415,-7.91432734388,0.08
301416,-7.93317276563,0.08
301417,-7.92364309927,0.08
301418,-7.92372853526,0.08
301419,-8.12245276016,0.08
301420,-8.04072622634,0.08
301421,-8.23894422529,0.08
301422,-8.60540968294,0.08
301423,-8.59294397915,0.08
301424,-8.79503673845,0.08
301425,-8.93912276252,0.08
301426,-8.83755394697,0.08
301427,-8.70070849254,0.08
301428,-8.18152676361,0.08
301429,-8.00729088365,0.08
301430,-7.75285684147,0.08
301431,-7.71765321778,0.08
301432,-7.75264476952,0.08
301433,-7.81393706433,0.08
301434,-7.79049327882,0.08
301435,-7.88726585382,0.08
301436,-7.74694107362,0.08
301437,-7.75507596788,0.08
301438,-7.98587724289,0.08
301439,-7.99806308095,0.08
301440,-8.03777592121,0.08
301441,-8.08159605463,0.08
301442,-8.13528611616,0.08
301443,-8.28091068484,0.08
301444,-8.00866428856,0.08
301445,-7.86988389482,0.08
301446,-7.86350596375,0.08
301447,-7.90687211868,0.08
301448,-7.88237851083,0.08
301449,-7.90702585729,0.08
301450,-7.82851600389,0.08
301451,-7.9619916316,0.08
301452,-8.28857011387,0.08
301453,-8.20607165312,0.08
301454,-8.23033383772,0.08
301455,-8.35583787277,0.08
301456,-8.28455621859,0.08
301457,-8.06106816573,0.08
301458,-7.8979873391,0.08
301459,-8.33933360529,0.08
301460,-8.70869146855,0.08
301461,-8.55666244235,0.08
301462,-8.31734973854,0.08
301463,-8.49667827293,0.08
301464,-8.48460642256,0.08
301465,-8.5983338074,0.08
301466,-8.25580162946,0.08
301467,-8.17382102504,0.08
301468,-8.05045977125,0.08
301469,-8.15528985874,0.08
301470,-8.09709203279,0.08
301471,-8.01975966817,0.08
301472,-8.05781931375,0.08
301473,-8.09122931785,0.08
301474,-8.15254989415,0.08
301475,-8.10569353596,0.08
301476,-8.14101714617,0.08
301477,-7.94774245193,0.08
301478,-7.93979026105,0.08
301479,-7.9477369579,0.08
301480,-8.13488415397,0.08
301481,-7.89771487592,0.08
301482,-7.88622136238,0.08
301483,-7.92814953955,0.08
301484,-7.86095308606,0.08
301485,-7.88048824742,0.08
301486,-8.02193964648,0.08
301487,-7.89990588454,0.08
301488,-8.43236538193,0.08
301489,-8.21055330283,0.08
301490,-8.07564901468,0.08
301491,-8.34598974507,0.08
301492,-8.3709519833,0.08
301493,-8.14849723148,0.08
301494,-8.13073526915,0.08
301495,-8.0466746173,0.08
301496,-8.01496114876,0.08
301497,-7.97313636294,0.08
301498,-8.12086105048,0.08
301499,-7.96814625574,0.08
301500,-8.09788991431,0.08
301501,-8.13133013786,0.08
301502,-8.0672808964,0.08
301503,-8.1285924591,0.08
301504,-8.18198251889,0.08
301505,-7.91179740693,0.08
301506,-7.81180126227,0.08
301507,-7.85888941141,0.08
301508,-7.88762879064,0.08
301509,-7.85619492639,0.08
301510,-8.17889489747,0.08
301511,-8.09094001275,0.08
301512,-8.02585990587,0.08
301513,-7.96827660701,0.08
301514,-8.04370394156,0.08
301515,-8.02276553928,0.08
301516,-8.18886809682,0.08
301517,-7.8927843667,0.08
301518,-7.92495260935,0.08
301519,-8.20694941903,0.08
301520,-8.24532242278,0.08
301521,-8.21695405253,0.08
301522,-8.00359533661,0.08
301523,-8.31890728446,0.08
301524,-8.24096796201,0.08
301525,-8.48481606425,0.08
301526,-7.90816000524,0.08
301527,-8.01752680139,0.08
301528,-8.14593496783,0.08
301529,-8.18770515217,0.08
301530,-8.03690785243,0.08
301531,-7.98960587796,0.08
301532,-7.9149827812,0.08
301533,-7.6133025219,0.08
301534,-7.41476375267,0.08
301535,-7.70423074709,0.08
301536,-7.50393822376,0.08
301537,-7.7527281191,0.08
301538,-7.68832266878,0.08
301539,-7.81115181326,0.08
301540,-7.92247449005,0.08
301541,-7.82302433629,0.08
301542,-7.91852644692,0.08
301543,-7.94535844751,0.08
301544,-8.00092333364,0.08
301545,-8.1039703177,0.08
301546,-8.20667293724,0.08
301547,-8.23047628942,0.08
301548,-8.45086848413,0.08
301549,-8.40404093437,0.08
301550,-8.28666622663,0.08
301551,-8.0905315337,0.08
301552,-7.79271617557,0.08
301553,-7.57829491035,0.08
301554,-8.0939475227,0.08
301555,-7.96065865664,0.08
301556,-7.9913111278,0.08
301557,-7.89497637821,0.08
301558,-8.05198375168,0.08
301559,-8.06186949804,0.08
301560,-8.22738953648,0.08
301561,-8.15308129297,0.08
301562,-8.1074208185,0.08
301563,-7.64051372072,0.08
301564,-7.4035191529,0.08
301565,-7.55018971629,0.08
301566,-7.95607778552,0.08
301567,-8.18419907758,0.08
301568,-8.33511628409,0.08
301569,-7.88290890835,0.08
301570,-7.80922089381,0.08
301571,-7.75509077696,0.08
301572,-7.88173172385,0.08
301573,-8.32202853109,0.08
301574,-8.23637285015,0.08
301575,-7.94406767519,0.08
301576,-8.07795470795,0.08
301577,-8.13565383581,0.08
301578,-8.17270052188,0.08
301579,-8.03193768158,0.08
301580,-7.95340030688,0.08
301581,-7.81947206293,0.08
301582,-7.78623887243,0.08
301583,-7.72212646796,0.08
301584,-7.98754501897,0.08
301585,-8.15406208913,0.08
301586,-8.27329264047,0.08
301587,-7.95972568328,0.08
301588,-7.66699733356,0.08
301589,-7.71897445616,0.08
301590,-8.00300889797,0.08
301591,-7.89949265592,0.08
301592,-7.69137127999,0.08
301593,-7.65984841121,0.08
301594,-7.67775362013,0.08
301595,-7.47702221447,0.08
301596,-7.40792252296,0.08
301597,-7.45211795694,0.08
301598,-7.75470413223,0.08
301599,-7.87378559475,0.08
301600,-7.89555941129,0.08
301601,-7.98018377796,0.08
301602,-8.20818139287,0.08
301603,-8.09758073467,0.08
301604,-8.52307082613,0.08
301605,-8.52026945231,0.08
301606,-8.20579150858,0.08
301607,-8.13551657481,0.08
301608,-7.89914232318,0.08
301609,-7.84863091228,0.08
301610,-7.95140815789,0.08
301611,-7.87519334244,0.08
301612,-7.92976752372,0.08
301613,-7.89418337223,0.08
301614,-7.84832901888,0.08
301615,-7.92269214535,0.08
301616,-7.83643916055,0.08
301617,-7.57294557083,0.08
301618,-7.57677364198,0.08
301619,-7.65240350937,0.08
301620,-7.89530257511,0.08
301621,-8.33996850452,0.08
301622,-7.96616307617,0.08
301623,-8.1253101438,0.08
301624,-8.28642719611,0.08
301625,-8.44970533458,0.08
301626,-8.39480032852,0.08
301627,-8.27366041401,0.08
301628,-8.11582920781,0.08
301629,-8.12479658504,0.08
301630,-8.17239666098,0.08
301631,-8.08369539553,0.08
301632,-8.07517082992,0.08
301633,-8.09832422666,0.08
301634,-7.92942062785,0.08
301635,-7.88582387502,0.08
301636,-7.89430317228,0.08
301637,-8.03162158133,0.08
301638,-7.90421330626,0.08
301639,-7.96578727069,0.08
301640,-7.81048458862,0.08
301641,-7.68761971443,0.08
301642,-7.46856487048,0.08
301643,-7.67479424939,0.08
301644,-7.67203351702,0.08
301645,-7.68708286845,0.08
301646,-7.73185356784,0.08
301647,-7.64077667281,0.08
301648,-7.67592536251,0.08
301649,-7.8819100484,0.08
301650,-7.952302591,0.08
301651,-8.10966741071,0.08
301652,-8.16103481621,0.08
301653,-8.09945478626,0.08
301654,-8.1428014227,0.08
301655,-7.91994998508,0.08
301656,-7.94924735939,0.08
301657,-7.97517523506,0.08
301658,-7.90933835656,0.08
301659,-7.85851906436,0.08
301660,-7.84813103323,0.08
301661,-7.97318809478,0.08
301662,-8.11410508931,0.08
301663,-8.03108384986,0.08
301664,-8.17480815119,0.08
301665,-8.17761802585,0.08
301666,-8.12806914949,0.08
301667,-8.08198589329,0.08
301668,-8.02387830841,0.08
301669,-7.9440825145,0.08
301670,-7.97871277389,0.08
301671,-7.74896084452,0.08
301672,-7.69998566532,0.08
301673,-7.74155520952,0.08
301674,-7.84969400456,0.08
301675,-7.93788117243,0.08
301676,-7.87172161197,0.08
301677,-7.97614873798,0.08
301678,-7.93455179036,0.08
301679,-8.1313741462,0.08
301680,-8.34559220681,0.08
301681,-8.04324585605,0.08
301682,-8.02947289984,0.08
301683,-7.99684899013,0.08
301684,-7.88916358865,0.08
301685,-7.64838738895,0.08
301686,-7.64375572419,0.08
301687,-7.72091202448,0.08
301688,-7.75713752575,0.08
301689,-7.67559697786,0.08
301690,-7.80779613741,0.08
301691,-7.85721338059,0.08
301692,-7.91355330036,0.08
301693,-7.86452214889,0.08
301694,-7.93477632463,0.08
301695,-7.72312792942,0.08
301696,-7.83399932236,0.08
301697,-7.90654194118,0.08
301698,-7.90456591448,0.08
301699,-7.85409690887,0.08
301700,-7.87081100812,0.08
301701,-7.8476097816,0.08
301702,-7.7310762575,0.08
301703,-7.75710815641,0.08
301704,-7.72688546306,0.08
301705,-7.56792015366,0.08
301706,-7.62890454166,0.08
301707,-7.65308290163,0.08
301708,-7.76283304064,0.08
301709,-7.64242681032,0.08
301710,-7.7309365587,0.08
301711,-7.72465668406,0.08
301712,-7.7462544846,0.08
301713,-7.78524647365,0.08
301714,-7.75208260901,0.08
301715,-7.71424308208,0.08
301716,-7.77453057707,0.08
301717,-7.77547879084,0.08
301718,-7.9045765424,0.08
301719,-7.78880714255,0.08
301720,-7.92662565763,0.08
301721,-7.99509681017,0.08
301722,-7.69615536978,0.08
301723,-7.64835135177,0.08
301724,-7.76268058073,0.08
301725,-7.4509679546,0.08
301726,-7.48759859673,0.08
301727,-7.71959068465,0.08
301728,-7.59656216666,0.08
301729,-7.64590859168,0.08
301730,-7.80266941004,0.08
301731,-7.91039496738,0.08
301732,-7.78629413254,0.08
301733,-7.97116248388,0.08
301734,-7.96633240838,0.08
301735,-8.10514406229,0.08
301736,-7.8999544186,0.08
301737,-7.95117175132,0.08
301738,-7.80063628945,0.08
301739,-7.71247481559,0.08
301740,-7.74176044078,0.08
301741,-7.61966384419,0.08
301742,-7.63603364095,0.08
301743,-7.8842364182,0.08
301744,-7.91575840853,0.08
301745,-7.84568906381,0.08
301746,-7.81835759831,0.08
301747,-7.92852037095,0.08
301748,-7.79131657904,0.08
301749,-7.70986385877,0.08
301750,-7.69963304779,0.08
301751,-7.75094429194,0.08
301752,-7.63407967082,0.08
301753,-7.70657274117,0.08
301754,-7.63753171182,0.08
301755,-7.59105960914,0.08
301756,-7.8035337918,0.08
301757,-7.91874832011,0.08
301758,-7.85659253877,0.08
301759,-7.78967502284,0.08
301760,-7.91042324104,0.08
301761,-8.14217970214,0.08
301762,-8.1698595118,0.08
301763,-8.09947247953,0.08
301764,-8.00728879475,0.08
301765,-7.97324967575,0.08
301766,-7.93873724242,0.08
301767,-7.92865226924,0.08
301768,-7.95930409002,0.08
301769,-7.83234422134,0.08
301770,-7.94933370635,0.08
301771,-8.02616662915,0.08
301772,-7.95678816772,0.08
301773,-8.02635612954,0.08
301774,-8.12121193208,0.08
301775,-8.0515501421,0.08
301776,-8.07107939374,0.08
301777,-8.21025976119,0.08
301778,-8.0294731512,0.08
301779,-7.93427044644,0.08
301780,-7.94659777935,0.08
301781,-7.8898469463,0.08
301782,-7.84390107813,0.08
301783,-7.90070298727,0.08
301784,-7.68899745967,0.08
301785,-7.97105614594,0.08
301786,-7.82501161068,0.08
301787,-7.90986109932,0.08
301788,-7.97648177232,0.08
301789,-7.74338987852,0.08
301790,-7.67671032074,0.08
301791,-7.86212052375,0.08
301792,-7.81812836867,0.08
301793,-7.74100394,0.08
301794,-7.99319357189,0.08
301795,-8.07560639704,0.08
301796,-8.03498480607,0.08
301797,-8.40166046947,0.08
301798,-8.17806491565,0.08
301799,-8.13249501202,0.08
301800,-8.17094752001,0.08
301801,-8.18159187515,0.08
301802,-8.28434778685,0.08
301803,-8.2491438062,0.08
301804,-8.25072524289,0.08
301805,-8.17142938396,0.08
301806,-8.36819402278,0.08
301807,-8.45953565081,0.08
301808,-8.69458491599,0.08
301809,-8.4415718688,0.08
301810,-8.90933739911,0.08
301811,-8.52783862465,0.08
301812,-8.59026742342,0.08
301813,-8.37465073051,0.08
301814,-8.30055963467,0.08
301815,-8.33858466259,0.08
301816,-8.41474019364,0.08
301817,-8.50060987985,0.08
301818,-8.46071710775,0.08
301819,-8.34223508218,0.08
301820,-8.3735710612,0.08
301821,-8.46273466481,0.08
301822,-8.39440144989,0.08
301823,-8.34436516317,0.08
301824,-8.18100859426,0.08
301825,-8.29112756741,0.08
301826,-8.33012080599,0.08
301827,-8.36875811592,0.08
301828,-8.14546949331,0.08
301829,-8.2867951217,0.08
301830,-8.35996160654,0.08
301831,-8.28715441065,0.08
301832,-8.12351534393,0.08
301833,-8.18636579894,0.08
301834,-8.07884503125,0.08
301835,-8.21577404335,0.08
301836,-8.15809975559,0.08
301837,-8.07066883522,0.08
301838,-7.96541353755,0.08
301839,-7.95651573142,0.08
301840,-8.09652164525,0.08
301841,-8.13970751492,0.08
301842,-8.03251563062,0.08
301843,-8.08051452737,0.08
301844,-8.23320889147,0.08
301845,-8.1689897132,0.08
301846,-8.10879745324,0.08
301847,-8.26376695667,0.08
301848,-8.11020822,0.08
301849,-8.36311472671,0.08
301850,-8.23664090201,0.08
301851,-8.13751236255,0.08
301852,-8.0621895713,0.08
301853,-8.01158345429,0.08
301854,-8.06228685154,0.08
301855,-8.06629811709,0.08
301856,-8.07203968904,0.08
301857,-8.00664708601,0.08
301858,-8.08414347524,0.08
301859,-8.20326900822,0.08
301860,-8.22124491989,0.08
301861,-8.2148238623,0.08
301862,-8.1448034489,0.08
301863,-8.14472690321,0.08
301864,-8.04139294764,0.08
301865,-8.01164010403,0.08
301866,-8.11314736128,0.08
301867,-7.98792445318,0.08
301868,-7.96303684369,0.08
301869,-8.13328266751,0.08
301870,-7.98594847304,0.08
301871,-7.84961048795,0.08
301872,-7.90053081957,0.08
301873,-7.91719703832,0.08
301874,-7.90147844732,0.08
301875,-7.82988055488,0.08
301876,-7.8489311279,0.08
301877,-8.12806546792,0.08
301878,-7.91111740375,0.08
301879,-7.77267784609,0.08
301880,-7.76446493007,0.08
301881,-7.56501988738,0.08
301882,-8.01768945951,0.08
301883,-7.49648152392,0.08
301884,-7.68769459381,0.08
301885,-7.7185087219,0.08
301886,-7.64444099168,0.08
301887,-7.97586052674,0.08
301888,-7.79663877592,0.08
301889,-7.79066553559,0.08
301890,-7.79238583341,0.08
301891,-7.81968114335,0.08
301892,-7.87722848043,0.08
301893,-7.85356327515,0.08
301894,-7.92569946087,0.08
301895,-7.8847776601,0.08
301896,-8.09270553237,0.08
301897,-7.94393389647,0.08
301898,-7.94941199873,0.08
301899,-7.88638495088,0.08
301900,-8.04187636609,0.08
301901,-7.98435337285,0.08
301902,-8.00537320918,0.08
301903,-7.86190621436,0.08
301904,-7.99696620401,0.08
301905,-7.9974702116,0.08
301906,-7.92590752785,0.08
301907,-7.92360686186,0.08
301908,-7.97800561196,0.08
301909,-7.86283686329,0.08
301910,-7.93112687212,0.08
301911,-7.8816771206,0.08
301912,-7.77935257891,0.08
301913,-7.9299153701,0.08
301914,-7.98553723931,0.08
301915,-7.92944193235,0.08
301916,-7.94344158065,0.08
301917,-7.94217073419,0.08
301918,-7.91639055201,0.08
301919,-7.75726241934,0.08
301920,-7.78343917985,0.08
301921,-7.8229941806,0.08
301922,-7.85337247772,0.08
301923,-7.8967466655,0.08
301924,-7.87390870299,0.08
301925,-7.7939700284,0.08
301926,-7.70004340191,0.08
301927,-7.65740220513,0.08
301928,-7.77017813375,0.08
301929,-7.92159590359,0.08
301930,-8.0198690275,0.08
301931,-7.92766711018,0.08
301932,-8.07516690079,0.08
301933,-8.22526606455,0.08
301934,-8.36522842907,0.08
301935,-8.07013217981,0.08
301936,-7.98362309928,0.08
301937,-8.12559964455,0.08
301938,-8.28011480975,0.08
301939,-7.7694292576,0.08
301940,-7.77828164267,0.08
301941,-7.73694501454,0.08
301942,-7.83918202948,0.08
301943,-7.64372993755,0.08
301944,-7.68090804758,0.08
301945,-7.81031983545,0.08
301946,-7.91925120225,0.08
301947,-7.78699707096,0.08
301948,-7.74880950526,0.08
301949,-7.67238563218,0.08
301950,-7.95219418512,0.08
301951,-7.95989523803,0.08
301952,-7.75146417422,0.08
301953,-7.98949918481,0.08
301954,-7.66206702761,0.08
301955,-7.80096600878,0.08
301956,-7.8741009556,0.08
301957,-7.68690256983,0.08
301958,-7.53731396538,0.08
301959,-7.53217693494,0.08
301960,-7.84990639558,0.08
301961,-7.75816454763,0.08
301962,-7.98199479187,0.08
301963,-7.77480008366,0.08
301964,-7.92629873585,0.08
301965,-7.65386546416,0.08
301966,-7.82969998359,0.08
301967,-7.56417690779,0.08
301968,-7.48531797943,0.08
301969,-7.37208146611,0.08
301970,-7.18766858347,0.08
301971,-7.2502081389,0.08
301972,-7.73440575947,0.08
301973,-7.59981114355,0.08
301974,-7.53698616972,0.08
301975,-7.54200530724,0.08
301976,-7.74887813808,0.08
301977,-7.86710458002,0.08
301978,-7.77817335808,0.08
301979,-7.72692026046,0.08
301980,-7.80618665001,0.08
301981,-7.69020136642,0.08
301982,-7.57524454035,0.08
301983,-7.36086795738,0.08
301984,-7.32218882841,0.08
301985,-7.48462867535,0.08
301986,-7.50530280541,0.08
301987,-7.60330088222,0.08
301988,-7.74488764585,0.08
301989,-7.84230748361,0.08
301990,-7.73661929917,0.08
301991,-7.85645375472,0.08
301992,-8.20944482461,0.08
301993,-8.23176254867,0.08
301994,-8.22424378966,0.08
301995,-8.184991983,0.08
301996,-8.33062745811,0.08
301997,-7.94012500032,0.08
301998,-7.87186023379,0.08
301999,-7.85985923781,0.08
302000,-7.92741197272,0.08
302001,-8.34618959916,0.08
302002,-8.02530200231,0.08
302003,-8.21237358174,0.08
302004,-8.14271786232,0.08
302005,-8.11328099161,0.08
302006,-7.96185403395,0.08
302007,-7.86996053538,0.08
302008,-7.73292489714,0.08
302009,-7.59294570736,0.08
302010,-7.42923462526,0.08
302011,-7.70602579084,0.08
302012,-7.71264892597,0.08
302013,-7.70910620263,0.08
302014,-7.92280061395,0.08
302015,-7.79216826796,0.08
302016,-7.97979081962,0.08
302017,-8.080974833,0.08
302018,-8.07006588651,0.08
302019,-8.09571766134,0.08
302020,-8.24119060627,0.08
302021,-8.34758152613,0.08
302022,-8.64044837837,0.08
302023,-8.39883540543,0.08
302024,-8.1018917092,0.08
302025,-8.00972869739,0.08
302026,-7.84639087522,0.08
302027,-8.00071651414,0.08
302028,-8.06682235815,0.08
302029,-8.05987573278,0.08
302030,-8.04230926546,0.08
302031,-8.32852133978,0.08
302032,-8.29881985846,0.08
302033,-8.20200463584,0.08
302034,-8.3990051838,0.08
302035,-8.20503762991,0.08
302036,-7.85587515074,0.08
302037,-7.91633783364,0.08
302038,-8.02836973617,0.08
302039,-8.11522361759,0.08
302040,-8.12875431782,0.08
302041,-7.98231275744,0.08
302042,-8.08735465485,0.08
302043,-8.01554956652,0.08
302044,-7.91737693176,0.08
302045,-7.78949216622,0.08
302046,-7.90044603616,0.08
302047,-7.92295399735,0.08
302048,-7.98992729798,0.08
302049,-7.96226468483,0.08
302050,-7.94549164329,0.08
302051,-8.03590865473,0.08
302052,-7.99246449604,0.08
302053,-8.11855668265,0.08
302054,-8.1314679867,0.08
302055,-8.15976060389,0.08
302056,-8.16048030749,0.08
302057,-8.18955475471,0.08
302058,-8.15749911467,0.08
302059,-8.16076606015,0.08
302060,-7.90185121947,0.08
302061,-7.93051540848,0.08
302062,-7.88564409731,0.08
302063,-7.84051447126,0.08
302064,-8.07478901898,0.08
302065,-8.0097041016,0.08
302066,-8.07618318837,0.08
302067,-7.95539255252,0.08
302068,-7.96290719628,0.08
302069,-7.97507095286,0.08
302070,-7.9726620008,0.08
302071,-7.90748397277,0.08
302072,-7.85137670439,0.08
302073,-7.8832641352,0.08
302074,-7.7372315696,0.08
302075,-7.77634926767,0.08
302076,-7.73757355139,0.08
302077,-7.83233071301,0.08
302078,-7.8982310436,0.08
302079,-8.00370989698,0.08
302080,-8.07932215856,0.08
302081,-8.05224997426,0.08
302082,-8.10402731227,0.08
302083,-7.96974958517,0.08
302084,-7.98803507496,0.08
302085,-7.9750610444,0.08
302086,-7.77007212138,0.08
302087,-7.94902906366,0.08
302088,-7.98456288534,0.08
302089,-7.95846141,0.08
302090,-8.13385184724,0.08
302091,-8.08190676472,0.08
302092,-8.13099036812,0.08
302093,-8.02009620165,0.08
302094,-7.95474486578,0.08
302095,-7.74003988174,0.08
302096,-7.61211898711,0.08
302097,-7.6261189967,0.08
302098,-7.62005394388,0.08
302099,-7.71737585467,0.08
302100,-7.96911151223,0.08
302101,-7.76256649104,0.08
302102,-7.82895123235,0.08
302103,-7.83067174425,0.08
302104,-7.77331928621,0.08
302105,-7.81196968783,0.08
302106,-7.80230081525,0.08
302107,-8.03700323867,0.08
302108,-7.91777095446,0.08
302109,-7.98510622491,0.08
302110,-7.97531263583,0.08
302111,-7.8717996254,0.08
302112,-7.93491652602,0.08
302113,-7.77270642197,0.08
302114,-7.81270701238,0.08
302115,-7.76017230188,0.08
302116,-7.74270168408,0.08
302117,-7.7505447728,0.08
302118,-7.70380665903,0.08
302119,-7.66270345345,0.08
302120,-7.58711331173,0.08
302121,-7.53785124318,0.08
302122,-7.60338186845,0.08
302123,-7.7764238435,0.08
302124,-7.81512367888,0.08
302125,-7.94069198406,0.08
302126,-7.91781827263,0.08
302127,-8.0093419092,0.08
302128,-8.00656550526,0.08
302129,-7.98274580973,0.08
302130,-7.99162473428,0.08
302131,-7.93987980656,0.08
302132,-8.019565461,0.08
302133,-8.04298365413,0.08
302134,-8.05261429863,0.08
302135,-8.05122259276,0.08
302136,-8.16898755786,0.08
302137,-8.1814628236,0.08
302138,-8.31022376936,0.08
302139,-8.19477290944,0.08
302140,-8.22511540317,0.08
302141,-8.08968176305,0.08
302142,-8.07705721285,0.08
302143,-8.12555425682,0.08
302144,-8.06598788314,0.08
302145,-8.10643628595,0.08
302146,-8.10470439479,0.08
302147,-8.03046511119,0.08
302148,-8.01404700548,0.08
302149,-8.02892335225,0.08
302150,-7.97610848422,0.08
302151,-8.18685437272,0.08
302152,-8.45100357413,0.08
302153,-8.56116793185,0.08
302154,-8.51932358826,0.08
302155,-8.38904618237,0.08
302156,-7.9555338135,0.08
302157,-7.77844349133,0.08
302158,-7.82463260513,0.08
302159,-8.15273629979,0.08
302160,-8.08216550625,0.08
302161,-7.86203027939,0.08
302162,-7.73493811967,0.08
302163,-7.72436302683,0.08
302164,-7.67582024738,0.08
302165,-7.87389497246,0.08
302166,-8.20300866764,0.08
302167,-8.26863517189,0.08
302168,-8.27206723076,0.08
302169,-7.98612407102,0.08
302170,-8.13352720236,0.08
302171,-8.04923593822,0.08
302172,-7.66090919289,0.08
302173,-7.81541241514,0.08
302174,-8.04305393767,0.08
302175,-8.05754764563,0.08
302176,-7.96551963191,0.08
302177,-7.97802671343,0.08
302178,-8.03128578578,0.08
302179,-8.27060139036,0.08
302180,-8.20077888047,0.08
302181,-8.11604079732,0.08
302182,-8.28664093473,0.08
302183,-8.08977583185,0.08
302184,-8.09484923687,0.08
302185,-7.93840659636,0.08
302186,-8.11354977098,0.08
302187,-8.17805726135,0.08
302188,-8.22379705857,0.08
302189,-8.11557301328,0.08
302190,-8.07586015743,0.08
302191,-8.06427599969,0.08
302192,-8.03233125681,0.08
302193,-8.02978428772,0.08
302194,-7.99105969849,0.08
302195,-8.14288009458,0.08
302196,-8.09834171487,0.08
302197,-8.2056586279,0.08
302198,-8.21419456387,0.08
302199,-8.22428609669,0.08
302200,-8.41213845382,0.08
302201,-8.36850480785,0.08
302202,-8.23756456439,0.08
302203,-8.24133247207,0.08
302204,-7.76405430121,0.08
302205,-7.8853320173,0.08
302206,-7.79035679763,0.08
302207,-7.86035057418,0.08
302208,-7.85840649748,0.08
302209,-7.69049166794,0.08
302210,-7.74548247021,0.08
302211,-7.76637274384,0.08
302212,-7.9026746189,0.08
302213,-7.8471737878,0.08
302214,-7.91245800211,0.08
302215,-7.9900988972,0.08
302216,-8.14904289302,0.08
302217,-8.07757009254,0.08
302218,-8.25252503052,0.08
302219,-8.22659286551,0.08
302220,-8.2913316414,0.08
302221,-8.36226707251,0.08
302222,-8.25101307869,0.08
302223,-8.31718170156,0.08
302224,-8.18741272059,0.08
302225,-8.03386845564,0.08
302226,-7.97696679572,0.08
302227,-7.97301740339,0.08
302228,-7.96239048377,0.08
302229,-8.23915198005,0.08
302230,-8.12857689756,0.08
302231,-8.16985851245,0.08
302232,-8.17396682093,0.08
302233,-8.08959101304,0.08
302234,-7.93232623156,0.08
302235,-7.9161745023,0.08
302236,-8.1782194455,0.08
302237,-8.47365610909,0.08
302238,-8.3540961779,0.08
302239,-8.35566005572,0.08
302240,-8.42976519874,0.08
302241,-8.47307772742,0.08
302242,-8.51583603943,0.08
302243,-8.17330681273,0.08
302244,-8.45227004005,0.08
302245,-8.70735063634,0.08
302246,-8.64090909205,0.08
302247,-8.58853496742,0.08
302248,-8.64843141851,0.08
302249,-8.41951656874,0.08
302250,-8.30879342622,0.08
302251,-8.38174832783,0.08
302252,-8.51097710528,0.08
302253,-8.41083999829,0.08
302254,-8.40497705634,0.08
302255,-8.1600442328,0.08
302256,-8.29869730306,0.08
302257,-8.23564073155,0.08
302258,-8.49801509315,0.08
302259,-8.60057063175,0.08
302260,-8.68048852328,0.08
302261,-8.88263230276,0.08
302262,-8.66812951018,0.08
302263,-8.72592640549,0.08
302264,-8.63229121762,0.08
302265,-8.76252423354,0.08
302266,-8.68645633408,0.08
302267,-8.70918667468,0.08
302268,-8.75825588342,0.08
302269,-8.81913244403,0.08
302270,-8.94043131921,0.08
302271,-8.90681598998,0.08
302272,-8.76269294532,0.08
302273,-8.60923003851,0.08
302274,-8.47492715753,0.08
302275,-8.95567052675,0.08
302276,-8.86422005339,0.08
302277,-8.81155872569,0.08
302278,-8.50200420028,0.08
302279,-8.78866624033,0.08
302280,-9.18293985416,0.08
302281,-8.82716606178,0.08
302282,-8.68195616633,0.08
302283,-8.4547412566,0.08
302284,-8.44445885073,0.08
302285,-8.70047237087,0.08
302286,-8.66255514632,0.08
302287,-8.50117499192,0.08
302288,-8.37571008002,0.08
302289,-8.56429871146,0.08
302290,-8.27876216374,0.08
302291,-8.2395219238,0.08
302292,-8.15253280942,0.08
302293,-8.03392190574,0.08
302294,-7.98220222812,0.08
302295,-7.90940211489,0.08
302296,-8.34363809087,0.08
302297,-8.51396697038,0.08
302298,-8.60257469915,0.08
302299,-8.50682186387,0.08
302300,-8.30142983426,0.08
302301,-8.27652577728,0.08
302302,-8.13619950542,0.08
302303,-8.23769064837,0.08
302304,-8.08465193065,0.08
302305,-8.18837810049,0.08
302306,-8.19858395317,0.08
302307,-7.48977004641,0.08
302308,-7.64900416763,0.08
302309,-7.57144790245,0.08
302310,-7.70290902191,0.08
302311,-7.92704005246,0.08
302312,-7.85897781079,0.08
302313,-7.97036506815,0.08
302314,-8.05942756239,0.08
302315,-8.08909186201,0.08
302316,-7.95017999116,0.08
302317,-7.95051057715,0.08
302318,-7.99259934423,0.08
302319,-7.96652592949,0.08
302320,-7.72083287653,0.08
302321,-7.7534923764,0.08
302322,-7.67276707704,0.08
302323,-7.61649302531,0.08
302324,-7.76450242821,0.08
302325,-7.84436813739,0.08
302326,-7.90966218138,0.08
302327,-7.86312685151,0.08
302328,-7.82441497528,0.08
302329,-7.83257745334,0.08
302330,-7.91287654232,0.08
302331,-7.7349569603,0.08
302332,-7.7616507025,0.08
302333,-7.85525859445,0.08
302334,-7.94953231904,0.08
302335,-7.91359237433,0.08
302336,-7.90670469106,0.08
302337,-7.63620513236,0.08
302338,-7.70339225192,0.08
302339,-7.77732770289,0.08
302340,-7.71619920229,0.08
302341,-7.77529446849,0.08
302342,-7.73063124663,0.08
302343,-7.76659965588,0.08
302344,-7.84771253158,0.08
302345,-7.99268675524,0.08
302346,-8.1029425432,0.08
302347,-7.97005556956,0.08
302348,-7.64309787873,0.08
302349,-7.86549405697,0.08
302350,-7.6853121511,0.08
302351,-7.74573293003,0.08
302352,-7.78020622808,0.08
302353,-7.79633340421,0.08
302354,-7.92699723579,0.08
302355,-7.95057237292,0.08
302356,-7.92961910092,0.08
302357,-7.84770094867,0.08
302358,-7.79095593708,0.08
302359,-7.78952640153,0.08
302360,-7.6735959308,0.08
302361,-7.69596747845,0.08
302362,-7.70631679083,0.08
302363,-7.66809280608,0.08
302364,-7.68824341531,0.08
302365,-7.90407199297,0.08
302366,-7.79911894274,0.08
302367,-7.8939878778,0.08
302368,-7.89617622919,0.08
302369,-7.96609350167,0.08
302370,-7.99902281443,0.08
302371,-8.03134903322,0.08
302372,-7.93256301183,0.08
302373,-7.80732874873,0.08
302374,-7.68402099556,0.08
302375,-7.62047572114,0.08
302376,-7.87222555814,0.08
302377,-7.75484775563,0.08
302378,-7.74912716645,0.08
302379,-7.59934004708,0.08
302380,-7.76671803177,0.08
302381,-7.71886803372,0.08
302382,-7.77421872362,0.08
302383,-7.76227239219,0.08
302384,-7.6590773839,0.08
302385,-7.56169916392,0.08
302386,-7.56062638158,0.08
302387,-7.64550874003,0.08
302388,-7.79329564177,0.08
302389,-7.68173962565,0.08
302390,-7.75023387525,0.08
302391,-7.85942406028,0.08
302392,-8.00453139162,0.08
302393,-7.97230659723,0.08
302394,-8.02930671044,0.08
302395,-7.95680356765,0.08
302396,-7.82291608804,0.08
302397,-7.79792527372,0.08
302398,-7.65327581707,0.08
302399,-7.89484637629,0.08
302400,-7.9101954778,0.08
302401,-7.88784879285,0.08
302402,-7.90721716239,0.08
302403,-7.86008675273,0.08
302404,-7.76802092525,0.08
302405,-7.78192542121,0.08
302406,-7.92598763487,0.08
302407,-7.95169996219,0.08
302408,-7.93474736812,0.08
302409,-7.87645515517,0.08
302410,-7.89864575926,0.08
302411,-7.68388340803,0.08
302412,-7.81827256674,0.08
302413,-7.69258090233,0.08
302414,-7.61022766141,0.08
302415,-7.80313979584,0.08
302416,-7.58934565352,0.08
302417,-7.83247758317,0.08
302418,-7.93961383966,0.08
302419,-7.97701260529,0.08
302420,-8.10447742688,0.08
302421,-7.88792016397,0.08
302422,-8.020719363,0.08
302423,-8.05833889484,0.08
302424,-7.96762265387,0.08
302425,-7.90523265112,0.08
302426,-7.84029193724,0.08
302427,-7.8811619451,0.08
302428,-8.11853287981,0.08
302429,-7.91094490015,0.08
302430,-8.05539355141,0.08
302431,-7.91270710523,0.08
302432,-7.9302318049,0.08
302433,-7.955258353,0.08
302434,-7.90933630582,0.08
302435,-7.80072284303,0.08
302436,-7.90793841585,0.08
302437,-8.00677264434,0.08
302438,-8.05158712163,0.08
302439,-7.98139036296,0.08
302440,-7.98819469521,0.08
302441,-8.0955490854,0.08
302442,-8.14728318741,0.08
302443,-7.88509757047,0.08
302444,-8.0803819872,0.08
302445,-8.04402424488,0.08
302446,-8.10508079621,0.08
302447,-8.04050223314,0.08
302448,-7.93035698138,0.08
302449,-7.90867060599,0.08
302450,-7.91259007952,0.08
302451,-7.8479104366,0.08
302452,-8.10153136201,0.08
302453,-7.87638152591,0.08
302454,-7.99416720936,0.08
302455,-7.9731808611,0.08
302456,-7.96324657318,0.08
302457,-7.96370826753,0.08
302458,-7.95907330833,0.08
302459,-7.94090585297,0.08
302460,-8.09662290874,0.08
302461,-7.8889601192,0.08
302462,-8.02403078293,0.08
302463,-8.02160151956,0.08
302464,-7.96319623472,0.08
302465,-7.95592350237,0.08
302466,-7.72095198381,0.08
302467,-7.90589387365,0.08
302468,-7.82689575209,0.08
302469,-7.74367210669,0.08
302470,-7.87848011275,0.08
302471,-7.78550218449,0.08
302472,-7.84692708738,0.08
302473,-7.89253034491,0.08
302474,-7.82359167244,0.08
302475,-7.88318367071,0.08
302476,-7.8524181062,0.08
302477,-7.95756738684,0.08
302478,-8.02676432829,0.08
302479,-7.95134051019,0.08
302480,-8.17265983523,0.08
302481,-8.02292043701,0.08
302482,-7.92851075892,0.08
302483,-8.01005446463,0.08
302484,-7.85944818224,0.08
302485,-7.96047358704,0.08
302486,-7.87276564046,0.08
302487,-7.90616215794,0.08
302488,-7.8022381519,0.08
302489,-7.98170097776,0.08
302490,-7.91976090426,0.08
302491,-8.04048084259,0.08
302492,-8.02169850084,0.08
302493,-7.88308523425,0.08
302494,-7.72833107098,0.08
302495,-7.69817281812,0.08
302496,-7.68968403024,0.08
302497,-7.81530223765,0.08
302498,-7.68877950122,0.08
302499,-7.84020977651,0.08
302500,-7.87659601883,0.08
302501,-7.84542036549,0.08
302502,-7.76190376324,0.08
302503,-7.66954758163,0.08
302504,-7.65092955519,0.08
302505,-7.65908166823,0.08
302506,-7.90428585368,0.08
302507,-7.9317856194,0.08
302508,-7.98471330873,0.08
302509,-7.98107338096,0.08
302510,-8.06751917099,0.08
302511,-8.00567686641,0.08
302512,-7.94671793363,0.08
302513,-8.05634242223,0.08
302514,-7.96435750797,0.08
302515,-7.91904189778,0.08
302516,-7.83629851212,0.08
302517,-7.8784513704,0.08
302518,-7.92169844539,0.08
302519,-8.00829882152,0.08
302520,-7.98430598616,0.08
302521,-8.06168108057,0.08
302522,-8.04954069618,0.08
302523,-8.01515930429,0.08
302524,-8.05304322177,0.08
302525,-8.23286744701,0.08
302526,-8.05315357375,0.08
302527,-7.90586414593,0.08
302528,-7.78475341534,0.08
302529,-7.7214183999,0.08
302530,-7.62702489076,0.08
302531,-7.74700818761,0.08
302532,-7.78644408758,0.08
302533,-7.87636891235,0.08
302534,-7.93149962281,0.08
302535,-7.84686566275,0.08
302536,-7.7293876658,0.08
302537,-7.7207818301,0.08
302538,-7.91095713753,0.08
302539,-7.93308901727,0.08
302540,-8.08078320799,0.08
302541,-8.22572324551,0.08
302542,-8.19373562705,0.08
302543,-7.85315741816,0.08
302544,-7.85572630895,0.08
302545,-7.85333641906,0.08
302546,-7.74613873898,0.08
302547,-7.70503425746,0.08
302548,-7.7652203878,0.08
302549,-7.64170438774,0.08
302550,-7.70682999067,0.08
302551,-7.86401484531,0.08
302552,-7.8025448206,0.08
302553,-7.8948262978,0.08
302554,-7.94584754291,0.08
302555,-7.98768024673,0.08
302556,-7.92748256388,0.08
302557,-7.94966729347,0.08
302558,-7.89016685715,0.08
302559,-7.959193717,0.08
302560,-8.09106932304,0.08
302561,-7.93051961931,0.08
302562,-7.95322476854,0.08
302563,-7.94553321531,0.08
302564,-8.03291038465,0.08
302565,-8.21900518754,0.08
302566,-8.18898454763,0.08
302567,-8.10265316039,0.08
302568,-8.12676905134,0.08
302569,-8.10236692453,0.08
302570,-8.11282851771,0.08
302571,-8.04069902669,0.08
302572,-7.95085202648,0.08
302573,-7.77968532715,0.08
302574,-7.6303383978,0.08
302575,-7.75808586914,0.08
302576,-7.63269686232,0.08
302577,-7.66279961719,0.08
302578,-7.79168497275,0.08
302579,-8.12157102937,0.08
302580,-7.77323315838,0.08
302581,-7.60936190681,0.08
302582,-7.89022767302,0.08
302583,-7.42127253226,0.08
302584,-7.47315348252,0.08
302585,-7.50652445728,0.08
302586,-7.71198664641,0.08
302587,-7.73632139601,0.08
302588,-7.7555247132,0.08
302589,-7.72391188297,0.08
302590,-7.82690056547,0.08
302591,-7.65703754514,0.08
302592,-7.62347353531,0.08
302593,-7.81650656121,0.08
302594,-8.05357245417,0.08
302595,-7.82648464398,0.08
302596,-7.84812175073,0.08
302597,-7.68806510966,0.08
302598,-7.61762912587,0.08
302599,-7.589817059,0.08
302600,-7.57066897132,0.08
302601,-7.6439269198,0.08
302602,-7.55651689059,0.08
302603,-7.62853488679,0.08
302604,-7.56795676402,0.08
302605,-7.64766299276,0.08
302606,-7.63803170947,0.08
302607,-7.569018213,0.08
302608,-7.5243597853,0.08
302609,-7.56581692747,0.08
302610,-7.59644925387,0.08
302611,-7.60332226238,0.08
302612,-7.66274512578,0.08
302613,-7.69074853742,0.08
302614,-7.59643502689,0.08
302615,-7.60525378883,0.08
302616,-7.70119572562,0.08
302617,-7.65340273947,0.08
302618,-7.68919870595,0.08
302619,-7.58830515426,0.08
302620,-7.6696438618,0.08
302621,-7.78058222928,0.08
302622,-7.56418783817,0.08
302623,-7.49202047054,0.08
302624,-7.56937247829,0.08
302625,-7.64023216902,0.08
302626,-7.50548164015,0.08
302627,-7.60470782348,0.08
302628,-7.83341624774,0.08
302629,-7.73662217852,0.08
302630,-7.71205678378,0.08
302631,-7.75002543374,0.08
302632,-7.72336220254,0.08
302633,-7.64454367072,0.08
302634,-7.63191398286,0.08
302635,-7.63943015958,0.08
302636,-7.56715541762,0.08
302637,-7.65466773542,0.08
302638,-7.65419086237,0.08
302639,-7.71939309843,0.08
302640,-7.91911149721,0.08
302641,-7.79977530475,0.08
302642,-7.89720728463,0.08
302643,-7.86698106585,0.08
302644,-7.76121136834,0.08
302645,-7.76595113324,0.08
302646,-7.73830963927,0.08
302647,-7.77951858714,0.08
302648,-7.78331878664,0.08
302649,-7.86336091485,0.08
302650,-7.66754271335,0.08
302651,-7.69590078079,0.08
302652,-7.78080270624,0.08
302653,-7.89431787362,0.08
302654,-7.87025361835,0.08
302655,-8.07662147262,0.08
302656,-7.93304242421,0.08
302657,-7.93842942459,0.08
302658,-7.92956320336,0.08
302659,-7.86910635459,0.08
302660,-7.93548977349,0.08
302661,-8.00877546744,0.08
302662,-7.89727455227,0.08
302663,-7.90926160016,0.08
302664,-7.91730984887,0.08
302665,-7.87737717214,0.08
302666,-7.95479397294,0.08
302667,-7.71156790915,0.08
302668,-7.82917404541,0.08
302669,-7.91045495289,0.08
302670,-7.80423119457,0.08
302671,-7.98294582627,0.08
302672,-7.8798755314,0.08
302673,-7.85861191481,0.08
302674,-7.85858204196,0.08
302675,-7.76553453316,0.08
302676,-7.7846421108,0.08
302677,-7.78240548391,0.08
302678,-8.0438116561,0.08
302679,-7.8736326643,0.08
302680,-7.90737402487,0.08
302681,-7.91740950359,0.08
302682,-7.96529862229,0.08
302683,-8.15233178701,0.08
302684,-8.13818522188,0.08
302685,-8.07445004301,0.08
302686,-8.0007604624,0.08
302687,-7.95181856393,0.08
302688,-8.12241818909,0.08
302689,-8.05175488522,0.08
302690,-8.24776238074,0.08
302691,-8.02995472291,0.08
302692,-8.18195896081,0.08
302693,-7.98574921852,0.08
302694,-7.92538296273,0.08
302695,-7.94959617989,0.08
302696,-8.0986297564,0.08
302697,-8.05514713364,0.08
302698,-7.96674146898,0.08
302699,-8.01714504158,0.08
302700,-8.05156578482,0.08
302701,-8.0288784143,0.08
302702,-7.85898636076,0.08
302703,-8.06588138684,0.08
302704,-7.91869739457,0.08
302705,-7.9704657973,0.08
302706,-7.93483096437,0.08
302707,-8.02384341174,0.08
302708,-7.90151138496,0.08
302709,-8.03396665818,0.08
302710,-8.15829237729,0.08
302711,-8.23970603174,0.08
302712,-8.25327983997,0.08
302713,-8.22025472286,0.08
302714,-8.24507574114,0.08
302715,-8.30407052808,0.08
302716,-8.21167481364,0.08
302717,-8.0543600443,0.08
302718,-7.92267014748,0.08
302719,-7.8734951451,0.08
302720,-7.87294534259,0.08
302721,-7.82342732676,0.08
302722,-7.83522404157,0.08
302723,-7.88035893045,0.08
302724,-8.17879308792,0.08
302725,-7.97170672925,0.08
302726,-8.0161996841,0.08
302727,-8.07385478467,0.08
302728,-8.19833155753,0.08
302729,-8.13915874968,0.08
302730,-8.25982766204,0.08
302731,-8.34612078986,0.08
302732,-8.28461069785,0.08
302733,-8.72239585182,0.08
302734,-8.37538753962,0.08
302735,-8.09945197992,0.08
302736,-8.0025056033,0.08
302737,-7.89177195776,0.08
302738,-7.98839469158,0.08
302739,-7.82776721982,0.08
302740,-7.85571453,0.08
302741,-7.85888327979,0.08
302742,-8.01196903115,0.08
302743,-8.09512336566,0.08
302744,-7.74464044729,0.08
302745,-7.94070394193,0.08
302746,-7.78180215291,0.08
302747,-7.78020158015,0.08
302748,-7.88350654608,0.08
302749,-7.77434800957,0.08
302750,-8.06387427021,0.08
302751,-8.13282145134,0.08
302752,-8.06359318157,0.08
302753,-8.13096579675,0.08
302754,-8.28836750773,0.08
302755,-8.25030794265,0.08
302756,-8.164488948,0.08
302757,-8.24890810048,0.08
302758,-8.15232979605,0.08
302759,-8.04555905727,0.08
302760,-7.90654037359,0.08
302761,-8.07440559407,0.08
302762,-8.09300305105,0.08
302763,-8.18351067586,0.08
302764,-8.21429288989,0.08
302765,-8.2095746936,0.08
302766,-8.25063770497,0.08
302767,-8.12699094934,0.08
302768,-8.14999804951,0.08
302769,-7.91665655376,0.08
302770,-7.9534646085,0.08
302771,-7.96964043199,0.08
302772,-8.08329054341,0.08
302773,-8.11367272711,0.08
302774,-8.24541349862,0.08
302775,-8.20118356261,0.08
302776,-8.00355674745,0.08
302777,-8.0723413965,0.08
302778,-7.97284537914,0.08
302779,-8.04920694799,0.08
302780,-8.06280149441,0.08
302781,-7.85374129261,0.08
302782,-7.86857263772,0.08
302783,-7.78181148925,0.08
302784,-7.89578712652,0.08
302785,-7.98722128039,0.08
302786,-7.8234030347,0.08
302787,-7.77171040587,0.08
302788,-7.78802370089,0.08
302789,-7.7123651476,0.08
302790,-7.81575908738,0.08
302791,-7.99476781406,0.08
302792,-8.27258787981,0.08
302793,-8.19348078528,0.08
302794,-8.07208400387,0.08
302795,-8.03827576979,0.08
302796,-7.96514181495,0.08
302797,-8.10422237657,0.08
302798,-8.3820970027,0.08
302799,-7.88444622966,0.08
302800,-8.04541906579,0.08
302801,-7.94739254776,0.08
302802,-8.00290338012,0.08
302803,-8.16586102441,0.08
302804,-8.09728433841,0.08
302805,-8.04051855686,0.08
302806,-8.09817882464,0.08
302807,-8.28753950234,0.08
302808,-8.19125935568,0.08
302809,-8.30367752691,0.08
302810,-8.23192678633,0.08
302811,-8.12052390031,0.08
302812,-7.99359026239,0.08
302813,-7.97932185841,0.08
302814,-7.91086000859,0.08
302815,-7.90009675767,0.08
302816,-7.87952626916,0.08
302817,-7.96642945322,0.08
302818,-7.87964959601,0.08
302819,-8.02372611785,0.08
302820,-8.14273058213,0.08
302821,-8.01968441245,0.08
302822,-8.07686448935,0.08
302823,-8.02320379361,0.08
302824,-8.23829356021,0.08
302825,-8.1572794397,0.08
302826,-8.1472239805,0.08
302827,-8.03253573327,0.08
302828,-7.74919302651,0.08
302829,-7.84357819605,0.08
302830,-7.709284646,0.08
302831,-7.7226094659,0.08
302832,-7.84659031997,0.08
302833,-7.92011275813,0.08
302834,-8.03850719651,0.08
302835,-8.23655630249,0.08
302836,-8.27168648346,0.08
302837,-8.19038187165,0.08
302838,-8.02756737783,0.08
302839,-8.01102482295,0.08
302840,-8.04848287294,0.08
302841,-7.82337137886,0.08
302842,-7.75289616532,0.08
302843,-7.65472579815,0.08
302844,-7.61448010453,0.08
302845,-7.71210306361,0.08
302846,-7.96415523415,0.08
302847,-7.99626131828,0.08
302848,-7.99382120911,0.08
302849,-8.20944968863,0.08
302850,-8.07811568241,0.08
302851,-8.04664234293,0.08
302852,-8.17756820026,0.08
302853,-8.22735920626,0.08
302854,-8.23466018734,0.08
302855,-8.13998486202,0.08
302856,-8.18781174978,0.08
302857,-7.98846793309,0.08
302858,-7.91185424832,0.08
302859,-8.11375833987,0.08
302860,-8.13250225999,0.08
302861,-8.21043397809,0.08
302862,-8.10795674167,0.08
302863,-8.03002875379,0.08
302864,-7.8492936123,0.08
302865,-7.82034243458,0.08
302866,-8.06904968944,0.08
302867,-8.07368314443,0.08
302868,-8.01144775244,0.08
302869,-8.04588024945,0.08
302870,-8.01382064864,0.08
302871,-8.12960921649,0.08
302872,-8.0393192385,0.08
302873,-8.31893935744,0.08
302874,-8.26876957528,0.08
302875,-8.41663263291,0.08
302876,-8.33409104094,0.08
302877,-8.24935872254,0.08
302878,-8.06654582705,0.08
302879,-8.10565367144,0.08
302880,-8.19387364465,0.08
302881,-8.22515458808,0.08
302882,-8.35704013941,0.08
302883,-8.39406867101,0.08
302884,-8.41046607292,0.08
302885,-8.46829953573,0.08
302886,-8.53477330632,0.08
302887,-8.58914796211,0.08
302888,-8.52703236798,0.08
302889,-8.4858719031,0.08
302890,-8.50383095625,0.08
302891,-8.72148879348,0.08
302892,-8.64523200378,0.08
302893,-8.88521607388,0.08
302894,-8.86479288568,0.08
302895,-8.92643024087,0.08
302896,-8.91240760187,0.08
302897,-8.75315363222,0.08
302898,-8.60795736851,0.08
302899,-8.71046688459,0.08
302900,-8.96644739132,0.08
302901,-8.92453620265,0.08
302902,-9.12406087091,0.08
302903,-9.05029368005,0.08
302904,-9.03205996422,0.08
302905,-9.06414903824,0.08
302906,-9.0940594939,0.08
302907,-9.28605147004,0.08
302908,-9.27860256272,0.08
302909,-9.33499756572,0.08
302910,-9.32096872671,0.08
302911,-9.27160769097,0.08
302912,-9.17137889889,0.08
302913,-8.92588744261,0.08
302914,-8.95740082925,0.08
302915,-8.86817961945,0.08
302916,-8.62986687668,0.08
302917,-8.45844770746,0.08
302918,-8.53692454651,0.08
302919,-8.50303291263,0.08
302920,-8.37482399793,0.08
302921,-8.43924030826,0.08
302922,-8.13523651161,0.08
302923,-8.25801083162,0.08
302924,-8.42810377132,0.08
302925,-8.3415117073,0.08
302926,-8.4694293642,0.08
302927,-8.60965596646,0.08
302928,-8.60902955175,0.08
302929,-8.53525880166,0.08
302930,-8.62158186846,0.08
302931,-8.47826643523,0.08
302932,-8.69221171595,0.08
302933,-8.56576710354,0.08
302934,-8.59924752776,0.08
302935,-8.35178730198,0.08
302936,-8.5239000486,0.08
302937,-8.47871623378,0.08
302938,-8.54453430176,0.08
302939,-8.49234228435,0.08
302940,-8.51954637205,0.08
302941,-8.60046011863,0.08
302942,-8.60116441391,0.08
302943,-8.69431529439,0.08
302944,-8.5828366328,0.08
302945,-8.65349481491,0.08
302946,-8.68329027792,0.08
302947,-8.6660706393,0.08
302948,-8.78887971933,0.08
302949,-8.82207836638,0.08
302950,-8.75388854758,0.08
302951,-8.73966477323,0.08
302952,-8.61112806899,0.08
302953,-8.66029099464,0.08
302954,-8.63080446719,0.08
302955,-8.59429147373,0.08
302956,-8.69125857572,0.08
302957,-8.55743066545,0.08
302958,-8.67809728287,0.08
302959,-8.51132216213,0.08
302960,-8.49228790654,0.08
302961,-8.5920476839,0.08
302962,-8.52073280752,0.08
302963,-8.55533533532,0.08
302964,-8.83394034891,0.08
302965,-8.73145676464,0.08
302966,-8.78871452875,0.08
302967,-8.84735337363,0.08
302968,-8.55579040995,0.08
302969,-8.78011233666,0.08
302970,-8.70255912209,0.08
302971,-8.84016377912,0.08
302972,-8.83928457345,0.08
302973,-8.72445928484,0.08
302974,-8.54143289513,0.08
302975,-8.26424523441,0.08
302976,-8.32707836963,0.08
302977,-8.41443978308,0.08
302978,-8.38272796723,0.08
302979,-8.4347435624,0.08
302980,-8.23702476006,0.08
302981,-8.42584371514,0.08
302982,-8.57020274669,0.08
302983,-8.38435655262,0.08
302984,-8.46294315911,0.08
302985,-8.27454182605,0.08
302986,-8.24026343168,0.08
302987,-8.19089338475,0.08
302988,-8.2907006165,0.08
302989,-8.30534146716,0.08
302990,-8.47970067082,0.08
302991,-8.53963819305,0.08
302992,-8.36672090933,0.08
302993,-8.4161200211,0.08
302994,-8.24564665347,0.08
302995,-8.4286544745,0.08
302996,-8.45142036723,0.08
302997,-8.21604241059,0.08
302998,-8.35220420926,0.08
302999,-8.16336939246,0.08
303000,-8.45359748828,0.08
303001,-8.49469694106,0.08
303002,-8.5238128117,0.08
303003,-8.51227417924,0.08
303004,-8.17691200136,0.08
303005,-8.09948587078,0.08
303006,-8.22838111046,0.08
303007,-8.28502506729,0.08
303008,-8.44875838526,0.08
303009,-8.47330018432,0.08
303010,-8.26248781139,0.08
303011,-8.76750097714,0.08
303012,-8.58072590444,0.08
303013,-8.83001362566,0.08
303014,-8.60216344628,0.08
303015,-8.3527192896,0.08
303016,-8.05846626159,0.08
303017,-8.25633270258,0.08
303018,-8.55868465243,0.08
303019,-8.67334582238,0.08
303020,-8.8143443779,0.08
303021,-9.11644657542,0.08
303022,-9.19573020895,0.08
303023,-8.98143848432,0.08
303024,-9.11378575861,0.08
303025,-8.99634346615,0.08
303026,-8.67893978555,0.08
303027,-8.58764146072,0.08
303028,-8.58715632436,0.08
303029,-8.61939963844,0.08
303030,-8.61839237795,0.08
303031,-8.43029598758,0.08
303032,-8.57835331058,0.08
303033,-8.37927737756,0.08
303034,-8.26215270133,0.08
303035,-8.42275085059,0.08
303036,-8.34671486147,0.08
303037,-8.41575422897,0.08
303038,-8.57177867816,0.08
303039,-8.56423167946,0.08
303040,-8.62217558636,0.08
303041,-8.72544889995,0.08
303042,-8.62930966001,0.08
303043,-8.516742642,0.08
303044,-8.38136225249,0.08
303045,-8.41102949691,0.08
303046,-8.28624579859,0.08
303047,-8.32096760212,0.08
303048,-8.40138729979,0.08
303049,-8.4298338953,0.08
303050,-8.69653887521,0.08
303051,-8.64389427515,0.08
303052,-8.54519256259,0.08
303053,-8.55022111434,0.08
303054,-8.64001015013,0.08
303055,-8.54532032871,0.08
303056,-8.6566948042,0.08
303057,-8.37989761261,0.08
303058,-8.49018668905,0.08
303059,-8.54993396148,0.08
303060,-8.53482249616,0.08
303061,-8.40279870821,0.08
303062,-8.42316501542,0.08
303063,-8.38166677085,0.08
303064,-8.4260066162,0.08
303065,-8.40271111483,0.08
303066,-8.45890204007,0.08
303067,-8.52490894199,0.08
303068,-8.48049181836,0.08
303069,-8.56430938824,0.08
303070,-8.70246414034,0.08
303071,-8.77365095251,0.08
303072,-8.83188472878,0.08
303073,-8.94073703572,0.08
303074,-8.87805746631,0.08
303075,-8.83713605876,0.08
303076,-8.69130432669,0.08
303077,-8.59607244634,0.08
303078,-8.6865531852,0.08
303079,-8.60413417893,0.08
303080,-8.59656422506,0.08
303081,-8.71242645226,0.08
303082,-8.52690284683,0.08
303083,-8.4231971582,0.08
303084,-8.46024609771,0.08
303085,-8.34132739693,0.08
303086,-8.27512946557,0.08
303087,-8.32196800331,0.08
303088,-8.21961297095,0.08
303089,-8.4446438925,0.08
303090,-8.47914604382,0.08
303091,-8.45585077921,0.08
303092,-8.56299810313,0.08
303093,-8.55301056194,0.08
303094,-8.69766416299,0.08
303095,-8.71121828835,0.08
303096,-8.77542285039,0.08
303097,-8.79294330484,0.08
303098,-8.62174891961,0.08
303099,-8.68725602603,0.08
303100,-8.60078756994,0.08
303101,-8.48897610037,0.08
303102,-8.53151187285,0.08
303103,-8.64928083671,0.08
303104,-8.56994022592,0.08
303105,-8.41275930323,0.08
303106,-8.46780209813,0.08
303107,-8.38796937764,0.08
303108,-8.42258997342,0.08
303109,-8.53918993997,0.08
303110,-8.6254905021,0.08
303111,-8.84702375392,0.08
303112,-8.77026421619,0.08
303113,-9.14340176023,0.08
303114,-8.82300136381,0.08
303115,-8.65814204302,0.08
303116,-8.46685541491,0.08
303117,-8.51266503007,0.08
303118,-8.51055451197,0.08
303119,-8.56296728334,0.08
303120,-8.63453125877,0.08
303121,-8.66205499208,0.08
303122,-8.69729942087,0.08
303123,-8.75002752162,0.08
303124,-8.67494488738,0.08
303125,-8.46908332611,0.08
303126,-8.54475584796,0.08
303127,-8.49059467731,0.08
303128,-8.66327588965,0.08
303129,-8.49303341049,0.08
303130,-8.5317985065,0.08
303131,-8.41005849548,0.08
303132,-8.5942902861,0.08
303133,-8.65084384026,0.08
303134,-8.67719106153,0.08
303135,-8.51757557503,0.08
303136,-8.39684613063,0.08
303137,-8.40479525299,0.08
303138,-8.39454141337,0.08
303139,-8.46932336681,0.08
303140,-8.32522404174,0.08
303141,-8.34405968102,0.08
303142,-8.22234644054,0.08
303143,-8.52986138087,0.08
303144,-8.39845897952,0.08
303145,-8.39608623649,0.08
303146,-8.64789881451,0.08
303147,-8.93601448341,0.08
303148,-8.82866220016,0.08
303149,-8.80748044158,0.08
303150,-8.79059894622,0.08
303151,-8.69803204332,0.08
303152,-8.6281478719,0.08
303153,-8.70677432255,0.08
303154,-8.72443144836,0.08
303155,-8.41849543611,0.08
303156,-8.41337825302,0.08
303157,-8.69853394068,0.08
303158,-8.77989085797,0.08
303159,-8.97276612166,0.08
303160,-9.07032429686,0.08
303161,-9.20321975012,0.08
303162,-9.04999834365,0.08
303163,-9.20619151224,0.08
303164,-9.02226573539,0.08
303165,-8.93692542885,0.08
303166,-8.84247844314,0.08
303167,-8.64310767106,0.08
303168,-8.52421211674,0.08
303169,-8.53351780982,0.08
303170,-8.34551340764,0.08
303171,-8.26397402778,0.08
303172,-8.21070961782,0.08
303173,-8.39009595004,0.08
303174,-8.39878852784,0.08
303175,-8.52667165821,0.08
303176,-8.71305169362,0.08
303177,-8.56236086474,0.08
303178,-8.73671182128,0.08
303179,-8.67817190846,0.08
303180,-8.5147471038,0.08
303181,-8.40811127265,0.08
303182,-8.66288060289,0.08
303183,-8.74631485228,0.08
303184,-8.87504917172,0.08
303185,-8.55281124982,0.08
303186,-8.46649000351,0.08
303187,-8.5244623041,0.08
303188,-8.80040171291,0.08
303189,-8.79380971917,0.08
303190,-8.75787463255,0.08
303191,-8.71880844608,0.08
303192,-8.75749768594,0.08
303193,-8.6692629658,0.08
303194,-8.69637113098,0.08
303195,-8.78636126536,0.08
303196,-8.86885082716,0.08
303197,-8.68236768599,0.08
303198,-8.48002599547,0.08
303199,-8.42836014225,0.08
303200,-8.32634587476,0.08
303201,-8.2444428904,0.08
303202,-8.30823244401,0.08
303203,-8.08454176781,0.08
303204,-8.18478329845,0.08
303205,-7.86343005799,0.08
303206,-7.97340808334,0.08
303207,-7.95292164121,0.08
303208,-8.0046547013,0.08
303209,-8.18873286728,0.08
303210,-8.34597806321,0.08
303211,-8.37615610421,0.08
303212,-8.51829545425,0.08
303213,-8.48150422572,0.08
303214,-8.41487169942,0.08
303215,-8.61658554219,0.08
303216,-8.42212496827,0.08
303217,-8.51324308792,0.08
303218,-8.85902226187,0.08
303219,-8.81845402027,0.08
303220,-8.6561533075,0.08
303221,-8.68420817133,0.08
303222,-8.72073095265,0.08
303223,-8.46937799486,0.08
303224,-8.43035829059,0.08
303225,-8.68632286329,0.08
303226,-8.54927369752,0.08
303227,-8.90303075111,0.08
303228,-8.81869303413,0.08
303229,-8.76451372852,0.08
303230,-9.03181740687,0.08
303231,-9.12604290211,0.08
303232,-8.8043298142,0.08
303233,-8.70659580341,0.08
303234,-8.64357084365,0.08
303235,-8.71590649705,0.08
303236,-8.49912647837,0.08
303237,-8.42708407107,0.08
303238,-8.22114556771,0.08
303239,-7.96847536823,0.08
303240,-7.83781571498,0.08
303241,-7.7921866475,0.08
303242,-7.76520516688,0.08
303243,-7.93690928913,0.08
303244,-8.11463902299,0.08
303245,-8.17877470384,0.08
303246,-8.18104319034,0.08
303247,-8.00469907228,0.08
303248,-7.9856420594,0.08
303249,-8.12985727773,0.08
303250,-8.14906842366,0.08
303251,-8.22107390981,0.08
303252,-8.00492356692,0.08
303253,-7.94228423445,0.08
303254,-7.98305342331,0.08
303255,-7.9141754788,0.08
303256,-7.96862677534,0.08
303257,-7.82247452703,0.08
303258,-7.86013800237,0.08
303259,-7.88635802462,0.08
303260,-8.11921385743,0.08
303261,-8.20794635768,0.08
303262,-8.38113083062,0.08
303263,-8.53768193257,0.08
303264,-8.36987074859,0.08
303265,-8.13952451101,0.08
303266,-8.05342227372,0.08
303267,-7.96524810838,0.08
303268,-8.01636595054,0.08
303269,-8.13807642652,0.08
303270,-8.32142017136,0.08
303271,-8.38241551971,0.08
303272,-8.24944768779,0.08
303273,-8.29828501179,0.08
303274,-8.23136677599,0.08
303275,-8.15640570674,0.08
303276,-8.01625719184,0.08
303277,-8.12935594452,0.08
303278,-8.09949605579,0.08
303279,-8.18351393019,0.08
303280,-8.21373853375,0.08
303281,-8.12154993435,0.08
303282,-8.07831613958,0.08
303283,-8.0981295808,0.08
303284,-8.14572463746,0.08
303285,-8.09192588207,0.08
303286,-8.11621613566,0.08
303287,-8.22980836991,0.08
303288,-8.14784144321,0.08
303289,-8.16277920748,0.08
303290,-8.18230286325,0.08
303291,-8.20194327958,0.08
303292,-8.1930917334,0.08
303293,-8.24398179984,0.08
303294,-8.33932947959,0.08
303295,-8.12989115506,0.08
303296,-7.9976811926,0.08
303297,-7.95255296686,0.08
303298,-8.03446983551,0.08
303299,-8.19757051312,0.08
303300,-7.99264425268,0.08
303301,-8.47254446655,0.08
303302,-8.31667798369,0.08
303303,-8.37135541387,0.08
303304,-8.55727551568,0.08
303305,-8.46471520004,0.08
303306,-8.45326496194,0.08
303307,-8.41402801896,0.08
303308,-8.43635291307,0.08
303309,-8.69380987881,0.08
303310,-8.72652900122,0.08
303311,-8.46943911996,0.08
303312,-8.32384579717,0.08
303313,-8.25377626169,0.08
303314,-8.13498331349,0.08
303315,-8.32628053058,0.08
303316,-8.3303884071,0.08
303317,-8.1912494938,0.08
303318,-8.51172823216,0.08
303319,-8.65350501057,0.08
303320,-8.63808839704,0.08
303321,-9.10625346692,0.08
303322,-8.9794992138,0.08
303323,-9.93782287181,0.08
303324,-8.86958937844,0.08
303325,-8.6446868459,0.08
303326,-8.90323449924,0.08
303327,-9.53507365924,0.08
303328,-9.93485137364,0.08
303329,-8.78180992477,0.08
303330,-8.78328838944,0.08
303331,-9.18238190984,0.08
303332,-8.81780025844,0.08
303333,-8.90714494202,0.08
303334,-8.77502442873,0.08
303335,-8.86291621624,0.08
303336,-8.67244907212,0.08
303337,-8.66908668816,0.08
303338,-8.57264191592,0.08
303339,-8.44759740883,0.08
303340,-8.37662605113,0.08
303341,-8.05149377106,0.08
303342,-7.86305912954,0.08
303343,-7.96055141555,0.08
303344,-8.15320949126,0.08
303345,-7.98678553426,0.08
303346,-8.25608329181,0.08
303347,-8.12578759829,0.08
303348,-8.04110024798,0.08
303349,-7.88847505309,0.08
303350,-8.0004086807,0.08
303351,-8.10713377037,0.08
303352,-8.21216025016,0.08
303353,-8.26072966746,0.08
303354,-8.27762642951,0.08
303355,-8.17550975674,0.08
303356,-8.13314637723,0.08
303357,-8.12781557043,0.08
303358,-8.00809833041,0.08
303359,-8.22131866145,0.08
303360,-7.97763505541,0.08
303361,-8.11210756578,0.08
303362,-8.1720858131,0.08
303363,-8.13542212533,0.08
303364,-8.16874735105,0.08
303365,-8.29592524397,0.08
303366,-8.30683929309,0.08
303367,-8.14703226954,0.08
303368,-8.21266197015,0.08
303369,-8.10535877682,0.08
303370,-8.27065322956,0.08
303371,-8.30255974235,0.08
303372,-8.1982442415,0.08
303373,-8.06560564329,0.08
303374,-8.06914287184,0.08
303375,-8.01788671092,0.08
303376,-7.87505282638,0.08
303377,-7.80721218948,0.08
303378,-7.84505070952,0.08
303379,-7.96338100894,0.08
303380,-7.9994800909,0.08
303381,-7.96436150634,0.08
303382,-8.01979276284,0.08
303383,-8.10304844052,0.08
303384,-8.26010749552,0.08
303385,-8.04866161495,0.08
303386,-7.97149298467,0.08
303387,-7.94286446658,0.08
303388,-7.91525948169,0.08
303389,-7.97990498406,0.08
303390,-7.81452948135,0.08
303391,-8.01719077003,0.08
303392,-7.99658346298,0.08
303393,-8.14784002707,0.08
303394,-8.19856022842,0.08
303395,-8.14976285349,0.08
303396,-8.14090812647,0.08
303397,-8.07238385133,0.08
303398,-8.13756597029,0.08
303399,-8.17579802594,0.08
303400,-8.34956207747,0.08
303401,-8.21398973069,0.08
303402,-8.4850964436,0.08
303403,-8.58140380707,0.08
303404,-8.58057279855,0.08
303405,-8.31555960334,0.08
303406,-8.550750335,0.08
303407,-8.31590732939,0.08
303408,-8.31613639996,0.08
303409,-8.14996068579,0.08
303410,-8.24702779431,0.08
303411,-8.35015702015,0.08
303412,-8.18702582464,0.08
303413,-8.27298946372,0.08
303414,-8.14325307079,0.08
303415,-8.091836331,0.08
303416,-8.17320694174,0.08
303417,-8.20067227485,0.08
303418,-8.16639421485,0.08
303419,-8.09521084961,0.08
303420,-7.96494162191,0.08
303421,-8.1553765889,0.08
303422,-7.97880230642,0.08
303423,-7.97663111106,0.08
303424,-7.9473339007,0.08
303425,-7.97465095863,0.08
303426,-7.99757167905,0.08
303427,-8.09925581138,0.08
303428,-8.4512187133,0.08
303429,-8.14498649243,0.08
303430,-8.18802079495,0.08
303431,-8.2722456433,0.08
303432,-8.13213538103,0.08
303433,-8.4713098659,0.08
303434,-8.38668829971,0.08
303435,-8.32064320543,0.08
303436,-8.43593558521,0.08
303437,-8.17848361213,0.08
303438,-8.17061737394,0.08
303439,-7.99887092582,0.08
303440,-8.10052709747,0.08
303441,-8.29161332676,0.08
303442,-8.44387321,0.08
303443,-8.31514665284,0.08
303444,-8.1960466041,0.08
303445,-8.10615503993,0.08
303446,-7.92023435491,0.08
303447,-7.98187939608,0.08
303448,-7.96157842827,0.08
303449,-8.05865250103,0.08
303450,-8.04420101138,0.08
303451,-8.03408663088,0.08
303452,-8.16872834655,0.08
303453,-8.15997838091,0.08
303454,-8.16311082128,0.08
303455,-8.01142933533,0.08
303456,-8.00370843163,0.08
303457,-7.86908503436,0.08
303458,-7.95852824557,0.08
303459,-8.1590870894,0.08
303460,-8.18659949262,0.08
303461,-8.10128891527,0.08
303462,-8.04993653947,0.08
303463,-8.0695150043,0.08
303464,-8.12610793901,0.08
303465,-7.91636276403,0.08
303466,-8.04477532231,0.08
303467,-8.22256067482,0.08
303468,-8.02225543799,0.08
303469,-7.96169112988,0.08
303470,-8.09824777499,0.08
303471,-8.11356999358,0.08
303472,-8.16235099665,0.08
303473,-8.17234858159,0.08
303474,-8.24362762131,0.08
303475,-8.09926061736,0.08
303476,-8.16975705732,0.08
303477,-8.18755199719,0.08
303478,-8.09749628893,0.08
303479,-8.24884691188,0.08
303480,-8.09253557373,0.08
303481,-8.08435805952,0.08
303482,-8.27439881572,0.08
303483,-8.1758397071,0.08
303484,-8.18410677954,0.08
303485,-8.29027617238,0.08
303486,-8.22032795189,0.08
303487,-8.28764239946,0.08
303488,-8.27478127746,0.08
303489,-8.26585315545,0.08
303490,-8.23018638906,0.08
303491,-8.08487843594,0.08
303492,-8.06526577278,0.08
303493,-8.21164313261,0.08
303494,-8.21456935305,0.08
303495,-8.26506223538,0.08
303496,-8.38860502716,0.08
303497,-8.36226079031,0.08
303498,-8.39744634939,0.08
303499,-8.39050217564,0.08
303500,-8.28239575556,0.08
303501,-8.16517376545,0.08
303502,-8.37233824518,0.08
303503,-8.2225932127,0.08
303504,-8.37731381076,0.08
303505,-8.23934281729,0.08
303506,-8.3555881846,0.08
303507,-8.16085316413,0.08
303508,-8.1242876308,0.08
303509,-8.09287021305,0.08
303510,-8.06621360635,0.08
303511,-7.87062383455,0.08
303512,-7.97642075674,0.08
303513,-8.0786293324,0.08
303514,-8.01118796382,0.08
303515,-8.08054808927,0.08
303516,-8.12333790642,0.08
303517,-8.01527335779,0.08
303518,-8.09804080793,0.08
303519,-8.14190223157,0.08
303520,-8.17054160102,0.08
303521,-8.33230411404,0.08
303522,-8.15810315347,0.08
303523,-8.10139768663,0.08
303524,-7.99172529652,0.08
303525,-8.09571581193,0.08
303526,-8.03969258343,0.08
303527,-8.1462099367,0.08
303528,-8.25132687827,0.08
303529,-8.22319089491,0.08
303530,-8.23063346528,0.08
303531,-8.21013703291,0.08
303532,-8.23493378334,0.08
303533,-8.17583348815,0.08
303534,-8.07672373544,0.08
303535,-8.12929919372,0.08
303536,-8.02286424285,0.08
303537,-7.98369841507,0.08
303538,-7.84866322866,0.08
303539,-7.94176361798,0.08
303540,-7.81529304947,0.08
303541,-7.84030536747,0.08
303542,-7.7649046144,0.08
303543,-7.8378930006,0.08
303544,-7.8760000841,0.08
303545,-7.93775689127,0.08
303546,-7.86502479123,0.08
303547,-8.00316255979,0.08
303548,-8.07637897636,0.08
303549,-8.01243192303,0.08
303550,-8.13147708433,0.08
303551,-8.01751119741,0.08
303552,-8.1387481359,0.08
303553,-8.24473478847,0.08
303554,-8.42667000435,0.08
303555,-8.39851790626,0.08
303556,-8.40898071,0.08
303557,-8.64137808931,0.08
303558,-8.44279206855,0.08
303559,-8.58875267259,0.08
303560,-8.57955647189,0.08
303561,-8.69254636825,0.08
303562,-8.54308443724,0.08
303563,-8.39018655533,0.08
303564,-8.44245453567,0.08
303565,-8.40849021569,0.08
303566,-8.45513538279,0.08
303567,-8.28583261621,0.08
303568,-8.15912335369,0.08
303569,-8.21758150968,0.08
303570,-8.38409908497,0.08
303571,-8.18865007992,0.08
303572,-8.330205671,0.08
303573,-8.23205949968,0.08
303574,-8.25415405107,0.08
303575,-8.4590980071,0.08
303576,-8.3225126705,0.08
303577,-8.23300895595,0.08
303578,-8.30955482937,0.08
303579,-8.40730225586,0.08
303580,-8.30790092546,0.08
303581,-8.4021104169,0.08
303582,-8.42330520234,0.08
303583,-8.66809786797,0.08
303584,-8.73752057552,0.08
303585,-9.11037733557,0.08
303586,-8.98259652019,0.08
303587,-8.90523054288,0.08
303588,-8.71561279969,0.08
303589,-8.78705477084,0.08
303590,-8.79350582577,0.08
303591,-8.59606640278,0.08
303592,-8.45924970561,0.08
303593,-8.50317196582,0.08
303594,-8.56730036765,0.08
303595,-8.42844052972,0.08
303596,-8.42598680078,0.08
303597,-8.43146557071,0.08
303598,-8.43862644671,0.08
303599,-8.52134294361,0.08
303600,-8.45989968491,0.08
303601,-8.51531773361,0.08
303602,-8.27400985048,0.08
303603,-8.15658066483,0.08
303604,-8.21103904742,0.08
303605,-8.39429580818,0.08
303606,-8.24919970954,0.08
303607,-8.25848339427,0.08
303608,-8.40849309151,0.08
303609,-8.59672431325,0.08
303610,-8.71703363685,0.08
303611,-8.61913117228,0.08
303612,-8.50795077426,0.08
303613,-8.32137850355,0.08
303614,-8.65432917466,0.08
303615,-8.34604956998,0.08
303616,-8.25453568146,0.08
303617,-8.32027775498,0.08
303618,-8.34401466841,0.08
303619,-8.15909787919,0.08
303620,-8.16155904369,0.08
303621,-8.05401791762,0.08
303622,-8.20918697234,0.08
303623,-8.28139713562,0.08
303624,-8.22686125482,0.08
303625,-8.36933895287,0.08
303626,-8.40149872796,0.08
303627,-8.35488467503,0.08
303628,-8.36191326143,0.08
303629,-8.27762262222,0.08
303630,-8.36070580021,0.08
303631,-8.41844171963,0.08
303632,-8.33803364946,0.08
303633,-8.45127003388,0.08
303634,-8.25434481019,0.08
303635,-8.28554506606,0.08
303636,-8.26750844767,0.08
303637,-8.15065422654,0.08
303638,-8.10290605544,0.08
303639,-8.21673823676,0.08
303640,-8.13685502772,0.08
303641,-8.17325114497,0.08
303642,-8.2713582065,0.08
303643,-8.14418665479,0.08
303644,-8.11450915731,0.08
303645,-8.24606291231,0.08
303646,-8.42485301733,0.08
303647,-8.24849269442,0.08
303648,-8.72209431334,0.08
303649,-8.39959677367,0.08
303650,-9.38075498683,0.08
303651,-9.63029008551,0.08
303652,-8.84056283888,0.08
303653,-8.52844577324,0.08
303654,-8.63757201756,0.08
303655,-8.56810174236,0.08
303656,-8.49789154389,0.08
303657,-8.49401024816,0.08
303658,-8.61977265183,0.08
303659,-8.49388281419,0.08
303660,-8.53972959041,0.08
303661,-8.75546903501,0.08
303662,-8.30870102709,0.08
303663,-8.34828871812,0.08
303664,-8.49496372296,0.08
303665,-8.15565349434,0.08
303666,-8.49223347507,0.08
303667,-8.47457059583,0.08
303668,-8.5651708154,0.08
303669,-8.52349318067,0.08
303670,-8.6115926258,0.08
303671,-8.38957049283,0.08
303672,-8.40772084778,0.08
303673,-8.34274523911,0.08
303674,-8.63380135237,0.08
303675,-8.59025948402,0.08
303676,-8.61428096958,0.08
303677,-8.77198211144,0.08
303678,-8.77331700664,0.08
303679,-8.66026178361,0.08
303680,-8.65015954343,0.08
303681,-8.61977899011,0.08
303682,-8.65868026112,0.08
303683,-8.57259183366,0.08
303684,-8.44960703873,0.08
303685,-8.56811409679,0.08
303686,-8.50091820032,0.08
303687,-8.50765854916,0.08
303688,-8.57705293469,0.08
303689,-8.75595824549,0.08
303690,-8.66195141829,0.08
303691,-8.76879765951,0.08
303692,-8.76416817158,0.08
303693,-8.86273156372,0.08
303694,-8.86807959624,0.08
303695,-8.83526471385,0.08
303696,-8.67647419838,0.08
303697,-8.67854107002,0.08
303698,-8.57431745423,0.08
303699,-8.5714706576,0.08
303700,-8.47614240846,0.08
303701,-8.5633688437,0.08
303702,-8.28748005728,0.08
303703,-8.35444954913,0.08
303704,-8.25506127461,0.08
303705,-8.39097762639,0.08
303706,-8.43924365485,0.08
303707,-8.53180507476,0.08
303708,-8.65947268556,0.08
303709,-8.55884158751,0.08
303710,-8.62478641747,0.08
303711,-8.59686247671,0.08
303712,-8.45383106803,0.08
303713,-8.39097478457,0.08
303714,-8.44947202511,0.08
303715,-8.26679543485,0.08
303716,-8.33070665484,0.08
303717,-8.53237123706,0.08
303718,-8.22817313413,0.08
303719,-8.45073997842,0.08
303720,-8.4541292893,0.08
303721,-8.21882093066,0.08
303722,-8.28429316358,0.08
303723,-8.26968495036,0.08
303724,-8.28503683659,0.08
303725,-8.19559435506,0.08
303726,-8.33144275152,0.08
303727,-8.20751824755,0.08
303728,-8.19873244087,0.08
303729,-8.12376752402,0.08
303730,-8.20024237914,0.08
303731,-8.24147162369,0.08
303732,-8.25760416574,0.08
303733,-8.22106246,0.08
303734,-8.20092171192,0.08
303735,-8.44239163121,0.08
303736,-8.31235468436,0.08
303737,-8.30650834285,0.08
303738,-8.38227441685,0.08
303739,-8.40277850529,0.08
303740,-8.64208618159,0.08
303741,-8.53183209099,0.08
303742,-8.3886250181,0.08
303743,-8.32994879883,0.08
303744,-8.42636189829,0.08
303745,-8.48330317509,0.08
303746,-8.63186066541,0.08
303747,-8.4312165013,0.08
303748,-8.17505943968,0.08
303749,-8.58201694241,0.08
303750,-8.48962237863,0.08
303751,-8.45049563417,0.08
303752,-8.67403682669,0.08
303753,-8.61781072004,0.08
303754,-8.65362215463,0.08
303755,-8.67000085588,0.08
303756,-8.51435380633,0.08
303757,-8.54121624091,0.08
303758,-8.32678140455,0.08
303759,-8.36718271781,0.08
303760,-8.33531815014,0.08
303761,-8.42592198819,0.08
303762,-8.34899485025,0.08
303763,-8.25048563899,0.08
303764,-8.24928007153,0.08
303765,-8.26016352933,0.08
303766,-8.39372449524,0.08
303767,-8.36098577738,0.08
303768,-8.24103002329,0.08
303769,-8.27911237292,0.08
303770,-8.36612132749,0.08
303771,-8.16034763768,0.08
303772,-8.33077243547,0.08
303773,-8.283471645,0.08
303774,-8.42984398729,0.08
303775,-8.39206231928,0.08
303776,-8.5595370588,0.08
303777,-8.53782584222,0.08
303778,-8.43136283103,0.08
303779,-8.38066171301,0.08
303780,-8.26412159406,0.08
303781,-7.97073013491,0.08
303782,-8.09996851529,0.08
303783,-8.15836287159,0.08
303784,-8.103423693,0.08
303785,-8.07508477599,0.08
303786,-8.22599375497,0.08
303787,-8.16330084808,0.08
303788,-8.41654892613,0.08
303789,-8.22447657917,0.08
303790,-7.89735791371,0.08
303791,-7.91190808797,0.08
303792,-8.29418663283,0.08
303793,-8.62443865298,0.08
303794,-8.50864223367,0.08
303795,-8.69616817899,0.08
303796,-8.4154742749,0.08
303797,-8.3969357269,0.08
303798,-8.43895741035,0.08
303799,-8.4594221692,0.08
303800,-8.69121727037,0.08
303801,-8.72116216908,0.08
303802,-8.46673951298,0.08
303803,-8.37259268209,0.08
303804,-8.39834554987,0.08
303805,-8.44023890653,0.08
303806,-8.3536327465,0.08
303807,-8.40554829593,0.08
303808,-8.51800308474,0.08
303809,-8.35977717856,0.08
303810,-8.35590798494,0.08
303811,-8.38573672828,0.08
303812,-8.56334719973,0.08
303813,-8.35848025076,0.08
303814,-8.24001171127,0.08
303815,-8.35503423784,0.08
303816,-8.3926380638,0.08
303817,-8.46684681147,0.08
303818,-8.45500539844,0.08
303819,-8.36440157309,0.08
303820,-8.06346714284,0.08
303821,-8.06700495018,0.08
303822,-8.06787491182,0.08
303823,-8.08877004192,0.08
303824,-8.15458463922,0.08
303825,-8.22072495368,0.08
303826,-8.24958652539,0.08
303827,-8.20888527941,0.08
303828,-8.3215474022,0.08
303829,-8.29409829784,0.08
303830,-8.21147717889,0.08
303831,-8.41947025577,0.08
303832,-8.17936716574,0.08
303833,-8.24054691775,0.08
303834,-8.11688624767,0.08
303835,-8.15263825135,0.08
303836,-8.30515047708,0.08
326061,-8.843,0.06
326062,-8.779,0.06
326063,-8.682,0.06
326064,-8.436,0.06
326065,-8.482,0.06
326066,-8.718,0.06
326067,-9.061,0.06
326068,-9.032,0.06
326069,-9.158,0.06
326070,-9.126,0.06
326071,-9.447,0.06
326072,-9.378,0.06
326073,-9.096,0.06
326074,-9.063,0.06
326075,-8.924,0.06
326076,-9.082,0.06
326077,-9.069,0.06
326078,-9.154,0.06
326079,-8.79,0.06
326080,-8.813,0.06
326081,-8.837,0.06
326082,-8.776,0.06
326083,-8.871,0.06
326084,-8.836,0.06
326085,-8.657,0.06
326086,-8.5,0.06
326087,-8.384,0.06
326088,-8.609,0.06
326089,-8.431,0.06
326090,-8.606,0.06
326091,-8.506,0.06
326092,-8.647,0.06
326093,-8.673,0.06
326094,-8.664,0.06
326095,-8.388,0.06
326096,-8.36,0.06
326097,-8.367,0.06
326098,-8.12,0.06
326099,-8.2,0.06
326100,-8.106,0.06
326101,-8.009,0.06
326102,-7.99,0.06
326103,-7.951,0.06
326104,-8.102,0.06
326105,-8.001,0.06
326106,-7.895,0.06
326107,-7.794,0.06
326108,-7.898,0.06
326109,-8.058,0.06
326110,-8.279,0.06
326111,-8.024,0.06
326112,-7.925,0.06
326113,-7.909,0.06
326114,-8.098,0.06
326115,-7.73,0.06
326116,-7.756,0.06
326117,-7.78,0.06
326118,-7.833,0.06
326119,-7.69,0.06
326120,-7.774,0.06
326121,-7.596,0.06
326122,-7.597,0.06
326123,-7.555,0.06
326124,-7.581,0.06
326125,-7.426,0.06
326126,-7.386,0.06
326127,-7.169,0.06
326128,-7.038,0.06
326129,-7.004,0.06
326130,-7.1,0.06
326131,-6.929,0.06
326132,-6.892,0.06
326133,-6.858,0.06
326134,-7.742,0.06
326135,-6.759,0.06
326136,-6.804,0.06
326137,-6.704,0.06
326138,-6.733,0.06
326139,-6.588,0.06
326140,-6.586,0.06
326141,-6.665,0.06
326142,-6.711,0.06
326143,-6.633,0.06
326144,-6.426,0.06
326145,-6.56,0.06
326146,-6.461,0.06
326147,-6.75,0.06
326148,-6.541,0.06
326149,-6.487,0.06
326150,-6.409,0.06
326151,-6.49,0.06
326152,-6.2,0.06
326153,-6.386,0.06
326154,-6.68,0.06
326155,-6.435,0.06
326156,-6.759,0.06
326157,-6.436,0.06
326158,-6.63,0.06
326159,-6.753,0.06
326160,-6.514,0.06
326161,-6.67,0.06
326162,-6.711,0.06
326163,-6.742,0.06
326164,-6.921,0.06
326165,-6.816,0.06
326166,-6.788,0.06
326167,-7,0.06
326168,-7.227,0.06
326169,-7.244,0.06
326170,-7.357,0.06
326171,-7.33,0.06
326172,-7.477,0.06
326173,-7.596,0.06
326174,-7.769,0.06
326175,-7.545,0.06
326176,-7.577,0.06
326177,-7.684,0.06
326178,-7.82,0.06
326179,-8.045,0.06
326180,-7.885,0.06
326181,-8.088,0.06
326182,-8.076,0.06
326183,-8.191,0.06
326184,-8.304,0.06
326185,-8.449,0.06
326186,-8.285,0.06
326187,-8.537,0.06
326188,-8.368,0.06
326189,-8.714,0.06
326190,-8.829,0.06
326191,-8.729,0.06
326192,-8.91,0.06
326193,-9.028,0.06
326194,-8.889,0.06
326195,-8.849,0.06
326196,-8.941,0.06
326197,-8.935,0.06
326198,-9.142,0.06
326199,-8.929,0.06
326200,-8.833,0.06
326201,-8.748,0.06
326202,-8.629,0.06
326203,-8.782,0.06
326204,-8.744,0.06
326205,-8.688,0.06
326206,-8.763,0.06
326207,-8.804,0.06
326208,-8.774,0.06
326209,-8.757,0.06
326210,-8.668,0.06
326211,-8.661,0.06
326212,-8.637,0.06
326213,-8.707,0.06
326214,-8.619,0.06
326215,-8.721,0.06
326216,-8.785,0.06
326217,-8.629,0.06
326218,-8.519,0.06
326219,-8.741,0.06
326220,-9.167,0.06
326221,-9.313,0.06
326222,-9.346,0.06
326223,-9.129,0.06
326224,-9.174,0.06
326225,-9.071,0.06
326226,-9.266,0.06
326227,-9.203,0.06
326228,-9.219,0.06
326229,-9.184,0.06
326230,-9.186,0.06
326231,-9.108,0.06
326232,-9.183,0.06
326233,-9.259,0.06
326234,-9.224,0.06
326235,-9.128,0.06
326236,-9.153,0.06
326237,-9.142,0.06
326238,-9.481,0.06
326239,-9.533,0.06
326240,-9.385,0.06
326241,-9.896,0.06
326242,-9.16,0.06
326243,-10.175,0.06
326244,-10.378,0.06
326245,-10.48,0.06
326246,-10.216,0.06
326247,-10.475,0.06
326248,-10.519,0.06
326249,-10.346,0.06
326250,-10.381,0.06
326251,-10.471,0.06
326252,-10.389,0.06
326253,-10.423,0.06
326254,-10.504,0.06
326255,-10.367,0.06
326256,-10.354,0.06
326257,-10.41,0.06
326258,-10.346,0.06
326259,-10.552,0.06
326260,-10.196,0.06
326261,-10.389,0.06
326262,-10.233,0.06
326263,-10.34,0.06
326264,-10.337,0.06
326265,-10.485,0.06
326266,-10.572,0.06
326267,-10.322,0.06
326268,-10.381,0.06
326269,-10.319,0.06
326270,-10.454,0.06
326271,-10.419,0.06
326272,-10.468,0.06
326273,-10.785,0.06
326274,-10.718,0.06
326275,-10.614,0.06
326276,-10.669,0.06
326277,-10.384,0.06
326278,-10.62,0.06
326279,-10.595,0.06
326280,-10.599,0.06
326281,-10.513,0.06
326282,-10.407,0.06
326283,-10.595,0.06
326284,-10.659,0.06
326285,-10.627,0.06
326286,-10.562,0.06
326287,-10.589,0.06
326288,-10.752,0.06
326289,-10.674,0.06
326290,-10.549,0.06
326291,-10.436,0.06
326292,-10.401,0.06
326293,-10.444,0.06
326294,-10.513,0.06
326295,-10.529,0.06
326296,-10.462,0.06
326297,-10.464,0.06
326298,-10.122,0.06
326299,-10.21,0.06
326300,-10.353,0.06
326301,-10.699,0.06
326302,-10.436,0.06
326303,-10.251,0.06
326304,-10.37,0.06
326305,-10.29,0.06
326306,-10.163,0.06
326307,-10.217,0.06
326308,-10.269,0.06
326309,-10.456,0.06
326310,-10.474,0.06
326311,-10.651,0.06
326312,-10.512,0.06
326313,-10.348,0.06
326314,-10.547,0.06
326315,-10.335,0.06
326316,-10.495,0.06
326317,-10.58,0.06
326318,-10.518,0.06
326319,-10.472,0.06
326320,-10.502,0.06
326321,-10.408,0.06
326322,-10.51,0.06
326323,-10.218,0.06
326324,-10.419,0.06
326325,-10.579,0.06
326326,-10.413,0.06
326327,-10.585,0.06
326328,-10.414,0.06
326329,-10.301,0.06
326330,-10.544,0.06
326331,-10.494,0.06
326332,-10.211,0.06
326333,-10.297,0.06
326334,-10.3,0.06
326335,-10.223,0.06
326336,-10.355,0.06
326337,-10.38,0.06
326338,-10.222,0.06
326339,-10.625,0.06
326340,-10.583,0.06
326341,-10.37,0.06
326342,-10.214,0.06
326343,-10.498,0.06
326344,-10.452,0.06
326345,-10.656,0.06
326346,-10.558,0.06
326347,-10.636,0.06
326348,-10.571,0.06
326349,-10.544,0.06
326350,-10.619,0.06
326351,-10.638,0.06
326352,-10.555,0.06
326353,-10.493,0.06
326354,-10.748,0.06
326355,-10.826,0.06
326356,-10.687,0.06
326357,-10.459,0.06
326358,-10.55,0.06
326359,-10.454,0.06
326360,-10.587,0.06
326361,-10.593,0.06
326362,-10.536,0.06
326363,-10.449,0.06
326364,-10.343,0.06
326365,-10.661,0.06
326366,-10.558,0.06
326367,-10.606,0.06
326368,-10.544,0.06
326369,-10.529,0.06
326370,-10.546,0.06
326371,-10.668,0.06
326372,-10.408,0.06
326373,-10.445,0.06
326374,-10.108,0.06
326375,-10.443,0.06
326376,-10.466,0.06
326377,-10.325,0.06
326378,-10.487,0.06
326379,-10.422,0.06
326380,-10.476,0.06
326381,-10.402,0.06
326382,-10.424,0.06
326383,-10.542,0.06
326384,-10.478,0.06
326385,-10.452,0.06
326386,-10.68,0.06
326387,-10.307,0.06
326388,-10.268,0.06
326389,-10.471,0.06
326390,-10.38,0.06
326391,-10.296,0.06
326392,-10.311,0.06
326393,-10.346,0.06
326394,-10.226,0.06
326395,-10.378,0.06
326396,-10.108,0.06
326397,-10.229,0.06
326398,-10.307,0.06
326399,-10.423,0.06
326400,-10.158,0.06
326401,-10.478,0.06
326402,-10.329,0.06
326403,-10.482,0.06
326404,-10.543,0.06
326405,-10.493,0.06
326406,-10.542,0.06
326407,-10.406,0.06
326408,-10.142,0.06
326409,-10.189,0.06
326410,-10.147,0.06
326411,-10.37,0.06
326412,-10.489,0.06
326413,-10.477,0.06
326414,-10.269,0.06
326415,-10.473,0.06
326416,-10.538,0.06
326417,-10.536,0.06
326418,-10.025,0.06
326419,-10.143,0.06
326420,-10.095,0.06
326421,-9.951,0.06
326422,-9.953,0.06
326423,-10.143,0.06
326424,-9.835,0.06
326425,-10.153,0.06
326426,-10.375,0.06
326427,-10.208,0.06
326428,-9.956,0.06
326429,-10.231,0.06
326430,-10.186,0.06
326431,-10.155,0.06
326432,-10.259,0.06
326433,-10.049,0.06
326434,-10.001,0.06
326435,-10.01,0.06
326436,-10.201,0.06
326437,-10.156,0.06
326438,-10.408,0.06
326439,-10.087,0.06
326440,-10.065,0.06
326441,-9.954,0.06
326442,-10.064,0.06
326443,-10.064,0.06
326444,-9.934,0.06
326445,-9.647,0.06
326446,-10.06,0.06
326447,-9.94,0.06
326448,-9.907,0.06
326449,-9.867,0.06
326450,-9.901,0.06
326451,-9.898,0.06
326452,-10.025,0.06
326453,-9.861,0.06
326454,-9.832,0.06
326455,-9.635,0.06
326456,-9.789,0.06
326457,-9.753,0.06
326458,-9.672,0.06
326459,-9.625,0.06
326460,-9.987,0.06
326461,-9.678,0.06
326462,-9.579,0.06
326463,-9.815,0.06
326464,-9.631,0.06
326465,-9.578,0.06
326466,-9.532,0.06
326467,-9.403,0.06
326468,-9.416,0.06
326469,-9.279,0.06
326470,-9.37,0.06
326471,-9.417,0.06
326472,-9.382,0.06
326473,-9.228,0.06
326474,-9.166,0.06
326475,-9.287,0.06
326476,-9.222,0.06
326477,-9.107,0.06
326478,-9.254,0.06
326479,-8.932,0.06
326480,-9.084,0.06
326481,-8.63,0.06
326482,-8.501,0.06
326483,-8.396,0.06
326484,-8.33,0.06
326485,-8.176,0.06
326486,-10.125,0.06
326487,-10.331,0.06
326488,-10.142,0.06
326489,-10.23,0.06
326490,-9.1,0.06
326491,-8.406,0.06
326492,-9.607,0.06
326493,-9.26,0.06
326494,-9.199,0.06
326495,-9.39,0.06
326496,-9.229,0.06
326497,-9.207,0.06
326498,-9.221,0.06
326499,-9.036,0.06
326500,-8.787,0.06
326501,-8.908,0.06
326502,-8.751,0.06
326503,-8.705,0.06
326504,-8.612,0.06
326505,-8.379,0.06
326506,-8.394,0.06
326507,-8.329,0.06
326508,-8.326,0.06
326509,-8.05,0.06
326510,-7.839,0.06
326511,-7.788,0.06
326512,-7.693,0.06
326513,-7.431,0.06
326514,-7.157,0.06
326515,-6.959,0.06
326516,-7.069,0.06
326517,-6.995,0.06
326518,-6.861,0.06
326519,-6.902,0.06
326520,-6.757,0.06
326521,-6.604,0.06
326522,-6.727,0.06
326523,-6.507,0.06
326524,-6.522,0.06
326525,-6.139,0.06
326526,-6.311,0.06
326527,-6.181,0.06
326528,-5.999,0.06
326529,-6.049,0.06
326530,-6.055,0.06
326531,-5.936,0.06
326532,-6.018,0.06
326533,-6.003,0.06
326534,-5.833,0.06
326535,-6.094,0.06
326536,-6.034,0.06
326537,-6.028,0.06
326538,-6.152,0.06
326539,-5.899,0.06
326540,-5.986,0.06
326541,-5.928,0.06
326542,-5.915,0.06
326543,-5.94,0.06
326544,-5.792,0.06
326545,-5.668,0.06
326546,-5.696,0.06
326547,-5.688,0.06
326548,-5.679,0.06
326549,-5.909,0.06
326550,-5.769,0.06
326551,-5.856,0.06
326552,-5.679,0.06
326553,-5.807,0.06
326554,-5.897,0.06
326555,-5.871,0.06
326556,-5.821,0.06
326557,-5.912,0.06
326558,-6.186,0.06
326559,-6.131,0.06
326560,-6.17,0.06
326561,-6.192,0.06
326562,-6.067,0.06
326563,-6.28,0.06
326564,-6.285,0.06
326565,-6.303,0.06
326566,-6.471,0.06
326567,-6.137,0.06
326568,-6.483,0.06
326569,-6.25,0.06
326570,-6.537,0.06
326571,-6.692,0.06
326572,-6.68,0.06
326573,-6.717,0.06
326574,-6.676,0.06
326575,-6.188,0.06
326576,-6.089,0.06
326577,-5.857,0.06
326578,-5.959,0.06
326579,-6.123,0.06
326580,-6.208,0.06
326581,-6.066,0.06
326582,-6.06,0.06
326583,-6.182,0.06
326584,-6.405,0.06
326585,-6.221,0.06
326586,-6.311,0.06
326587,-6.285,0.06
326588,-6.22,0.06
326589,-6.279,0.06
326590,-6.601,0.06
326591,-6.718,0.06
326592,-6.987,0.06
326593,-7.218,0.06
326594,-7.225,0.06
326595,-7.175,0.06
326596,-8.044,0.06
326597,-7.707,0.06
326598,-7.867,0.06
326599,-7.874,0.06
326600,-7.939,0.06
326601,-7.853,0.06
326602,-7.669,0.06
326603,-7.924,0.06
326604,-7.809,0.06
326605,-7.627,0.06
326606,-7.613,0.06
326607,-7.706,0.06
326608,-7.78,0.06
326609,-7.609,0.06
326610,-7.711,0.06
326611,-7.557,0.06
326612,-7.737,0.06
326613,-7.574,0.06
326614,-7.763,0.06
326615,-7.548,0.06
326616,-7.615,0.06
326617,-7.29,0.06
326618,-7.333,0.06
326619,-7.656,0.06
326620,-7.516,0.06
326621,-7.397,0.06
326622,-7.37,0.06
326623,-7.428,0.06
326624,-7.424,0.06
326625,-7.173,0.06
326626,-7.143,0.06
326627,-7.484,0.06
326628,-7.454,0.06
326629,-7.362,0.06
326630,-6.995,0.06
326631,-6.94,0.06
326632,-6.604,0.06
326633,-6.668,0.06
326634,-7.038,0.06
326635,-6.94,0.06
326636,-7.238,0.06
326637,-7.26,0.06
326638,-7.632,0.06
326639,-7.749,0.06
326640,-8.127,0.06
326641,-7.995,0.06
326642,-7.922,0.06
326643,-8.049,0.06
326644,-8.136,0.06
326645,-7.995,0.06
326646,-8.139,0.06
326647,-8.212,0.06
326648,-8.143,0.06
326649,-8.101,0.06
326650,-8.181,0.06
326651,-7.859,0.06
326652,-8.052,0.06
326653,-8.277,0.06
326654,-8.296,0.06
326655,-8.073,0.06
326656,-8.043,0.06
326657,-7.897,0.06
326658,-7.941,0.06
326659,-8.435,0.06
326660,-8.203,0.06
326661,-8.281,0.06
326662,-8.325,0.06
326663,-8.153,0.06
326664,-8.511,0.06
326665,-8.137,0.06
326666,-8.306,0.06
326667,-8.36,0.06
326668,-8.495,0.06
326669,-8.245,0.06
326670,-8.407,0.06
326671,-8.393,0.06
326672,-8.371,0.06
326673,-8.411,0.06
326674,-8.559,0.06
326675,-8.509,0.06
326676,-8.546,0.06
326677,-8.803,0.06
326678,-8.774,0.06
326679,-8.622,0.06
326680,-8.763,0.06
326681,-8.746,0.06
326682,-8.824,0.06
326683,-8.45,0.06
326684,-8.254,0.06
326685,-8.641,0.06
326686,-8.662,0.06
326687,-8.966,0.06
326688,-9.125,0.06
326689,-9.286,0.06
326690,-9.263,0.06
326691,-9.213,0.06
326692,-9.175,0.06
326693,-8.993,0.06
326694,-8.758,0.06
326695,-8.91,0.06
326696,-9.085,0.06
326697,-9.132,0.06
326698,-9.215,0.06
326699,-9.116,0.06
326700,-9.151,0.06
326701,-9.276,0.06
326702,-9.147,0.06
326703,-9.503,0.06
326704,-9.088,0.06
326705,-9.306,0.06
326706,-9.144,0.06
326707,-9.159,0.06
326708,-9.058,0.06
326709,-9.074,0.06
326710,-9.12,0.06
326711,-9.396,0.06
326712,-9.41,0.06
326713,-9.529,0.06
326714,-9.342,0.06
326715,-9.379,0.06
326716,-8.603,0.06
326717,-8.608,0.06
326718,-8.985,0.06
326719,-9.153,0.06
326720,-9.542,0.06
326721,-9.35,0.06
326722,-9.216,0.06
326723,-9.421,0.06
326724,-9.405,0.06
326725,-9.468,0.06
326726,-9.355,0.06
326727,-9.491,0.06
326728,-9.614,0.06
326729,-9.527,0.06
326730,-9.694,0.06
326731,-9.821,0.06
326732,-9.752,0.06
326733,-9.932,0.06
326734,-9.73,0.06
326735,-9.725,0.06
326736,-9.585,0.06
326737,-9.573,0.06
326738,-9.36,0.06
326739,-9.453,0.06
326740,-9.261,0.06
326741,-9.593,0.06
326742,-9.355,0.06
326743,-9.382,0.06
326744,-9.499,0.06
326745,-9.5,0.06
326746,-9.51,0.06
326747,-9.666,0.06
326748,-9.589,0.06
326749,-9.539,0.06
326750,-9.566,0.06
326751,-9.63,0.06
326752,-9.612,0.06
326753,-9.678,0.06
326754,-9.559,0.06
326755,-9.806,0.06
326756,-9.736,0.06
326757,-9.815,0.06
326758,-9.781,0.06
326759,-10.101,0.06
326760,-9.845,0.06
326761,-10.134,0.06
326762,-10.115,0.06
326763,-10.272,0.06
326764,-10.431,0.06
326765,-10.778,0.06
326766,-10.554,0.06
326767,-10.075,0.06
326768,-9.933,0.06
326769,-9.64,0.06
326770,-9.551,0.06
326771,-9.786,0.06
326772,-9.624,0.06
326773,-9.674,0.06
326774,-9.544,0.06
326775,-9.556,0.06
326776,-9.455,0.06
326777,-9.746,0.06
326778,-9.803,0.06
326779,-9.952,0.06
326780,-9.289,0.06
326781,-10.212,0.06
326782,-9.648,0.06
326783,-10.151,0.06
326784,-9.948,0.06
326785,-9.646,0.06
326786,-9.882,0.06
326787,-9.338,0.06
326788,-8.923,0.06
326789,-9.055,0.06
326790,-8.623,0.06
326791,-9.03,0.06
326792,-8.752,0.06
326793,-9.227,0.06
326794,-8.694,0.06
326795,-9.2,0.06
326796,-8.73,0.06
326797,-9.536,0.06
326798,-9.197,0.06
326799,-9.334,0.06
326800,-9.183,0.06
326801,-9.478,0.06
326802,-8.942,0.06
326803,-9.137,0.06
326804,-9.023,0.06
326805,-9.132,0.06
326806,-8.865,0.06
326807,-9.126,0.06
326808,-8.737,0.06
326809,-9.202,0.06
326810,-8.918,0.06
326811,-9,0.06
326812,-9.13,0.06
326813,-9.323,0.06
326814,-9.236,0.06
326815,-9.371,0.06
326816,-9.879,0.06
326817,-9.76,0.06
326818,-9.166,0.06
326819,-9.645,0.06
326820,-8.704,0.06
326821,-9.395,0.06
326822,-8.415,0.06
326823,-9.401,0.06
326824,-8.763,0.06
326825,-9.041,0.06
326826,-8.82,0.06
326827,-9.2,0.06
326828,-8.983,0.06
326829,-8.899,0.06
326830,-8.809,0.06
326831,-9.122,0.06
326832,-8.677,0.06
326833,-8.792,0.06
326834,-8.807,0.06
326835,-8.845,0.06
326836,-8.865,0.06
326837,-9.049,0.06
326838,-8.665,0.06
326839,-9,0.06
326840,-8.821,0.06
326841,-8.926,0.06
326842,-8.734,0.06
326843,-8.87,0.06
326844,-8.741,0.06
326845,-8.94,0.06
326846,-8.737,0.06
326847,-8.934,0.06
326848,-8.613,0.06
326849,-8.678,0.06
326850,-8.781,0.06
326851,-8.702,0.06
326852,-8.957,0.06
326853,-8.874,0.06
326854,-9.078,0.06
326855,-9.106,0.06
326856,-8.942,0.06
326857,-8.963,0.06
326858,-8.717,0.06
326859,-8.74,0.06
326860,-8.878,0.06
326861,-8.823,0.06
326862,-8.712,0.06
326863,-8.894,0.06
326864,-9.037,0.06
326865,-8.944,0.06
326866,-9.15,0.06
326867,-9.071,0.06
326868,-9.165,0.06
326869,-9.234,0.06
326870,-9.316,0.06
326871,-9.333,0.06
326872,-9.184,0.06
326873,-9.186,0.06
326874,-8.614,0.06
326875,-8.814,0.06
326876,-8.862,0.06
326877,-8.514,0.06
326878,-8.774,0.06
326879,-8.351,0.06
326880,-8.813,0.06
326881,-8.918,0.06
326882,-8.353,0.06
326883,-8.329,0.06
326884,-8.052,0.06
326885,-7.936,0.06
326886,-8.185,0.06
326887,-7.969,0.06
326888,-8.692,0.06
326889,-7.917,0.06
326890,-8.702,0.06
326891,-8.621,0.06
326892,-8.956,0.06
326893,-9.01,0.06
326894,-8.849,0.06
326895,-9.02,0.06
326896,-9.025,0.06
326897,-9.131,0.06
326898,-8.858,0.06
326899,-8.998,0.06
326900,-8.945,0.06
326901,-9.075,0.06
326902,-9.011,0.06
326903,-8.944,0.06
326904,-8.815,0.06
326905,-8.709,0.06
326906,-7.547,0.06
326907,-7.602,0.06
326908,-6.183,0.06
326909,-6.089,0.06
326910,-6.318,0.06
326911,-6.507,0.06
326912,-6.507,0.06
326913,-6.678,0.06
326914,-6.461,0.06
326915,-6.764,0.06
326916,-8.088,0.06
326917,-8.677,0.06
326918,-8.538,0.06
326919,-8.495,0.06
326920,-8.522,0.06
326921,-8.346,0.06
326922,-8.455,0.06
326923,-8.077,0.06
326924,-8.273,0.06
326925,-7.613,0.06
326926,-7.91,0.06
326927,-7.035,0.06
326928,-6.792,0.06
326929,-6.469,0.06
326930,-6.888,0.06
326931,-8.074,0.06
326932,-8.266,0.06
326933,-9.113,0.06
326934,-9.221,0.06
326935,-9.623,0.06
326936,-10.057,0.06
326937,-9.909,0.06
326938,-10.204,0.06
326939,-10.182,0.06
326940,-10.208,0.06
326941,-10.29,0.06
326942,-10.334,0.06
326943,-9.549,0.06
326944,-10.343,0.06
326945,-10.032,0.06
326946,-10.506,0.06
326947,-10.984,0.06
326948,-11.024,0.06
326949,-10.894,0.06
326950,-10.842,0.06
326951,-11.108,0.06
326952,-11.015,0.06
326953,-11.156,0.06
326954,-11.111,0.06
326955,-11.108,0.06
326956,-11.068,0.06
326957,-11.236,0.06
326958,-10.984,0.06
326959,-10.989,0.06
326960,-10.668,0.06
326961,-11.031,0.06
326962,-10.72,0.06
326963,-10.672,0.06
326964,-10.514,0.06
326965,-10.589,0.06
326966,-10.624,0.06
326967,-10.498,0.06
326968,-10.319,0.06
326969,-10.588,0.06
326970,-10.511,0.06
326971,-10.396,0.06
326972,-10.257,0.06
326973,-10.353,0.06
326974,-10.184,0.06
326975,-10.092,0.06
326976,-10.335,0.06
326977,-9.64,0.06
326978,-9.935,0.06
326979,-9.582,0.06
326980,-9.517,0.06
326981,-9.622,0.06
326982,-9.562,0.06
326983,-9.706,0.06
326984,-9.671,0.06
326985,-10.352,0.06
326986,-10.151,0.06
326987,-10.462,0.06
326988,-10.488,0.06
326989,-10.116,0.06
326990,-10.508,0.06
326991,-10.241,0.06
326992,-10.275,0.06
326993,-10.48,0.06
326994,-10.01,0.06
326995,-10.977,0.06
326996,-10.401,0.06
326997,-11.403,0.06
326998,-10.63,0.06
326999,-11.478,0.06
327000,-10.889,0.06
327001,-11.301,0.06
327002,-11.03,0.06
327003,-11.564,0.06
327004,-11.214,0.06
327005,-11.577,0.06
327006,-11.307,0.06
327007,-11.518,0.06
327008,-11.255,0.06
327009,-11.551,0.06
327010,-11.468,0.06
327011,-11.573,0.06
327012,-11.323,0.06
327013,-11.458,0.06
327014,-11.45,0.06
327015,-11.164,0.06
327016,-11.386,0.06
327017,-10.847,0.06
327018,-11.571,0.06
327019,-10.596,0.06
327020,-11.267,0.06
327021,-10.798,0.06
327022,-10.83,0.06
327023,-10.395,0.06
327024,-10.736,0.06
327025,-10.29,0.06
327026,-10.478,0.06
327027,-10.181,0.06
327028,-10.438,0.06
327029,-10.139,0.06
327030,-10.15,0.06
327031,-10.34,0.06
327032,-10.132,0.06
327033,-10.365,0.06
327034,-10.257,0.06
327035,-10.875,0.06
327036,-10.185,0.06
327037,-10.584,0.06
327038,-10.411,0.06
327039,-10.666,0.06
327040,-10.515,0.06
327041,-10.89,0.06
327042,-10.592,0.06
327043,-10.928,0.06
327044,-10.815,0.06
327045,-11.12,0.06
327046,-10.784,0.06
327047,-11.035,0.06
327048,-11.067,0.06
327049,-11.135,0.06
327050,-11.202,0.06
327051,-11.345,0.06
327052,-11.27,0.06
327053,-10.909,0.06
327054,-11.313,0.06
327055,-11.012,0.06
327056,-10.607,0.06
327057,-11.01,0.06
327058,-10.959,0.06
327059,-10.912,0.06
327060,-11.009,0.06
327061,-10.525,0.06
327062,-10.714,0.06
327063,-10.591,0.06
327064,-10.751,0.06
327065,-10.424,0.06
327066,-10.706,0.06
327067,-9.998,0.06
327068,-10.401,0.06
327069,-9.905,0.06
327070,-10.532,0.06
327071,-10.27,0.06
327072,-10.233,0.06
327073,-10.285,0.06
327074,-10.445,0.06
327075,-10.409,0.06
327076,-10.308,0.06
327077,-10.617,0.06
327078,-10.495,0.06
327079,-10.755,0.06
327080,-10.863,0.06
327081,-10.636,0.06
327082,-11.068,0.06
327083,-10.507,0.06
327084,-11.043,0.06
327085,-10.592,0.06
327086,-10.57,0.06
327087,-10.356,0.06
327088,-10.67,0.06
327089,-10.429,0.06
327090,-10.265,0.06
327091,-10.405,0.06
327092,-10.362,0.06
327093,-10.248,0.06
327094,-10.343,0.06
327095,-10.155,0.06
327096,-10.225,0.06
327097,-9.869,0.06
327098,-10.36,0.06
327099,-9.77,0.06
327100,-9.924,0.06
327101,-9.582,0.06
327102,-9.677,0.06
327103,-9.474,0.06
327104,-9.245,0.06
327105,-9.143,0.06
327106,-9.097,0.06
327107,-8.838,0.06
327108,-8.977,0.06
327109,-8.522,0.06
327110,-8.488,0.06
327111,-8.483,0.06
327112,-8.43,0.06
327113,-8.615,0.06
327114,-8.628,0.06
327115,-8.56,0.06
327116,-8.707,0.06
327117,-8.683,0.06
327118,-8.932,0.06
327119,-9.01,0.06
327120,-8.806,0.06
327121,-8.8,0.06
327122,-8.699,0.06
327123,-8.728,0.06
327124,-8.269,0.06
327125,-8.535,0.06
327126,-8.058,0.06
327127,-8.223,0.06
327128,-7.843,0.06
327129,-7.478,0.06
327130,-6.779,0.06
327131,-6.98,0.06
327132,-7.303,0.06
327133,-7.103,0.06
327134,-7.498,0.06
327135,-7.435,0.06
327136,-7.695,0.06
327137,-7.833,0.06
327138,-7.898,0.06
327139,-7.831,0.06
327140,-7.867,0.06
327141,-7.981,0.06
327142,-7.967,0.06
327143,-7.896,0.06
327144,-7.926,0.06
327145,-7.865,0.06
327146,-7.919,0.06
327147,-7.958,0.06
327148,-7.768,0.06
327149,-7.991,0.06
327150,-8.182,0.06
327151,-7.731,0.06
327152,-8.18,0.06
327153,-7.77,0.06
327154,-7.847,0.06
327155,-7.688,0.06
327156,-7.819,0.06
327157,-7.682,0.06
327158,-7.801,0.06
327159,-7.494,0.06
327160,-7.657,0.06
327161,-7.653,0.06
327162,-7.473,0.06
327163,-7.601,0.06
327164,-7.65,0.06
327165,-7.62,0.06
327166,-8.067,0.06
327167,-7.295,0.06
327168,-7.373,0.06
327169,-7.376,0.06
327170,-7.342,0.06
327171,-7.336,0.06
327172,-7.318,0.06
327173,-7.344,0.06
327174,-7.13,0.06
327175,-7.207,0.06
327176,-7.352,0.06
327177,-7.114,0.06
327178,-7.063,0.06
327179,-7.125,0.06
327180,-7.309,0.06
327181,-7.107,0.06
327182,-7.024,0.06
327183,-7.045,0.06
327184,-6.857,0.06
327185,-7.271,0.06
327186,-7.817,0.06
327187,-7.228,0.06
327188,-7.239,0.06
327189,-7.146,0.06
327190,-7.011,0.06
327191,-7.099,0.06
327192,-7.108,0.06
327193,-6.928,0.06
327194,-7.055,0.06
327195,-6.894,0.06
327196,-6.904,0.06
327197,-7.305,0.06
327198,-6.964,0.06
327199,-7.166,0.06
327200,-7.226,0.06
327201,-7.399,0.06
327202,-6.728,0.06
327203,-7.564,0.06
327204,-6.919,0.06
327205,-7.037,0.06
327206,-7.111,0.06
327207,-7.298,0.06
327208,-6.97,0.06
327209,-6.911,0.06
327210,-7.088,0.06
327211,-7.258,0.06
327212,-7.128,0.06
327213,-7.186,0.06
327214,-7.163,0.06
327215,-7.071,0.06
327216,-7.037,0.06
327217,-7.127,0.06
327218,-6.765,0.06
327219,-7.046,0.06
327220,-6.851,0.06
327221,-6.881,0.06
327222,-7.06,0.06
327223,-7.281,0.06
327224,-6.661,0.06
327225,-7.373,0.06
327226,-7.247,0.06
327227,-7.466,0.06
327228,-7.201,0.06
327229,-7.326,0.06
327230,-7.493,0.06
327231,-7.424,0.06
327232,-7.37,0.06
327233,-7.482,0.06
327234,-7.178,0.06
327235,-7.588,0.06
327236,-7.55,0.06
327237,-7.751,0.06
327238,-7.464,0.06
327239,-7.653,0.06
327240,-7.636,0.06
327241,-7.666,0.06
327242,-7.521,0.06
327243,-7.558,0.06
327244,-7.52,0.06
327245,-7.758,0.06
327246,-7.555,0.06
327247,-8.027,0.06
327248,-7.689,0.06
327249,-8.297,0.06
327250,-7.832,0.06
327251,-8.296,0.06
327252,-8.107,0.06
327253,-8.295,0.06
327254,-8.13,0.06
327255,-8.296,0.06
327256,-8.062,0.06
327257,-8.114,0.06
327258,-8.068,0.06
327259,-8.306,0.06
327260,-7.888,0.06
327261,-8.194,0.06
327262,-8.286,0.06
327263,-8.104,0.06
327264,-7.931,0.06
327265,-8.074,0.06
327266,-8.166,0.06
327267,-8.206,0.06
327268,-7.879,0.06
327269,-8.076,0.06
327270,-7.882,0.06
327271,-7.976,0.06
327272,-8.017,0.06
327273,-8.018,0.06
327274,-7.705,0.06
327275,-7.951,0.06
327276,-7.631,0.06
327277,-7.735,0.06
327278,-7.306,0.06
327279,-7.324,0.06
327280,-7.132,0.06
327281,-6.814,0.06
327282,-6.831,0.06
327283,-6.85,0.06
327284,-7.075,0.06
327285,-6.789,0.06
327286,-6.947,0.06
327287,-7.044,0.06
327288,-7.25,0.06
327289,-7.264,0.06
327290,-8.542,0.06
327291,-7.82,0.06
327292,-8.119,0.06
327293,-9.707,0.06
327294,-10.857,0.06
327295,-10.643,0.06
327296,-10.758,0.06
327297,-10.928,0.06
327298,-10.818,0.06
327299,-10.759,0.06
327300,-10.656,0.06
327301,-10.762,0.06
327302,-10.594,0.06
327303,-10.577,0.06
327304,-10.353,0.06
327305,-10.415,0.06
327306,-10.214,0.06
327307,-10.428,0.06
327308,-9.648,0.06
327309,-10,0.06
327310,-9.174,0.06
327311,-9.135,0.06
327312,-9.902,0.06
327313,-9.367,0.06
327314,-10.697,0.06
327315,-10.722,0.06
327316,-10.895,0.06
327317,-10.81,0.06
327318,-10.804,0.06
327319,-10.851,0.06
327320,-10.734,0.06
327321,-10.769,0.06
327322,-10.886,0.06
327323,-10.805,0.06
327324,-10.738,0.06
327325,-10.765,0.06
327326,-10.837,0.06
327327,-10.756,0.06
327328,-10.699,0.06
327329,-10.606,0.06
327330,-10.872,0.06
327331,-10.696,0.06
327332,-10.743,0.06
327333,-10.727,0.06
327334,-10.771,0.06
327335,-10.761,0.06
327336,-10.729,0.06
327337,-10.795,0.06
327338,-10.869,0.06
327339,-10.718,0.06
327340,-10.648,0.06
327341,-10.665,0.06
327342,-10.686,0.06
327343,-10.663,0.06
327344,-10.839,0.06
327345,-10.79,0.06
327346,-10.881,0.06
327347,-10.621,0.06
327348,-10.835,0.06
327349,-10.77,0.06
327350,-10.495,0.06
327351,-10.558,0.06
327352,-10.572,0.06
327353,-10.499,0.06
327354,-10.623,0.06
327355,-10.444,0.06
327356,-10.491,0.06
327357,-10.474,0.06
327358,-10.53,0.06
327359,-10.313,0.06
327360,-10.59,0.06
327361,-10.478,0.06
327362,-10.5,0.06
327363,-10.637,0.06
327364,-10.419,0.06
327365,-10.526,0.06
327366,-10.383,0.06
327367,-10.554,0.06
327368,-10.527,0.06
327369,-10.615,0.06
327370,-10.548,0.06
327371,-10.629,0.06
327372,-10.522,0.06
327373,-10.496,0.06
327374,-10.517,0.06
327375,-10.568,0.06
327376,-10.583,0.06
327377,-10.591,0.06
327378,-10.512,0.06
327379,-10.437,0.06
327380,-10.499,0.06
327381,-10.382,0.06
327382,-10.432,0.06
327383,-10.49,0.06
327384,-10.569,0.06
327385,-10.487,0.06
327386,-10.556,0.06
327387,-10.34,0.06
327388,-10.334,0.06
327389,-10.462,0.06
327390,-10.501,0.06
327391,-10.553,0.06
327392,-10.471,0.06
327393,-10.55,0.06
327394,-10.5,0.06
327395,-10.514,0.06
327396,-10.696,0.06
327397,-10.496,0.06
327398,-10.434,0.06
327399,-10.431,0.06
327400,-10.33,0.06
327401,-10.192,0.06
327402,-10.263,0.06
327403,-10.444,0.06
327404,-10.505,0.06
327405,-10.711,0.06
327406,-10.467,0.06
327407,-10.504,0.06
327408,-10.358,0.06
327409,-10.478,0.06
327410,-10.467,0.06
327411,-10.403,0.06
327412,-10.413,0.06
327413,-10.417,0.06
327414,-10.268,0.06
327415,-10.471,0.06
327416,-10.446,0.06
327417,-10.563,0.06
327418,-10.598,0.06
327419,-10.403,0.06
327420,-10.413,0.06
327421,-10.166,0.06
327422,-10.307,0.06
327423,-10.171,0.06
327424,-10.221,0.06
327425,-10.19,0.06
327426,-10.094,0.06
327427,-10.031,0.06
327428,-9.988,0.06
327429,-9.918,0.06
327430,-9.937,0.06
327431,-9.888,0.06
327432,-9.912,0.06
327433,-9.829,0.06
327434,-9.757,0.06
327435,-9.731,0.06
327436,-9.626,0.06
327437,-9.45,0.06
327438,-9.431,0.06
327439,-9.514,0.06
327440,-9.404,0.06
327441,-9.234,0.06
327442,-9.147,0.06
327443,-8.833,0.06
327444,-8.77,0.06
327445,-7.921,0.06
327446,-8.011,0.06
327447,-8.382,0.06
327448,-7.599,0.06
327449,-7.983,0.06
327450,-7.955,0.06
327451,-8.036,0.06
327452,-7.717,0.06
327453,-8.14,0.06
327454,-7.636,0.06
327455,-7.781,0.06
327456,-7.151,0.06
327457,-7.722,0.06
327458,-7.381,0.06
327459,-7.15,0.06
327460,-7.924,0.06
327461,-7.091,0.06
327462,-7.546,0.06
327463,-7.259,0.06
327464,-7.677,0.06
327465,-7.196,0.06
327466,-7.686,0.06
327467,-7.463,0.06
327468,-7.72,0.06
327469,-7.383,0.06
327470,-7.543,0.06
327471,-7.02,0.06
327472,-7.703,0.06
327473,-7.209,0.06
327474,-6.862,0.06
327475,-6.808,0.06
327476,-6.879,0.06
327477,-6.993,0.06
327478,-6.693,0.06
327479,-7.115,0.06
327480,-7.082,0.06
327481,-7.183,0.06
327482,-7.286,0.06
327483,-7.38,0.06
327484,-7.674,0.06
327485,-7.605,0.06
327486,-7.732,0.06
327487,-7.902,0.06
327488,-8.322,0.06
327489,-8.249,0.06
327490,-8.103,0.06
327491,-7.878,0.06
327492,-7.933,0.06
327493,-7.647,0.06
327494,-7.868,0.06
327495,-7.757,0.06
327496,-8.508,0.06
327497,-8.222,0.06
327498,-7.828,0.06
327499,-7.466,0.06
327500,-7.82,0.06
327501,-7.919,0.06
327502,-7.839,0.06
327503,-7.718,0.06
327504,-7.825,0.06
327505,-7.43,0.06
327506,-7.737,0.06
327507,-7.846,0.06
327508,-7.563,0.06
327509,-7.445,0.06
327510,-7.66,0.06
327511,-7.649,0.06
327512,-7.499,0.06
327513,-7.502,0.06
327514,-7.616,0.06
327515,-7.646,0.06
327516,-7.544,0.06
327517,-7.642,0.06
327518,-7.5,0.06
327519,-7.6,0.06
327520,-7.612,0.06
327521,-7.671,0.06
327522,-7.524,0.06
327523,-7.742,0.06
327524,-7.513,0.06
327525,-7.606,0.06
327526,-7.422,0.06
327527,-7.595,0.06
327528,-7.34,0.06
327529,-7.652,0.06
327530,-7.109,0.06
327531,-7.202,0.06
327532,-7.333,0.06
327533,-7.315,0.06
327534,-7.332,0.06
327535,-7.788,0.06
327536,-7.143,0.06
327537,-7.564,0.06
327538,-7.11,0.06
327539,-7.614,0.06
327540,-7.133,0.06
327541,-7.246,0.06
327542,-7.118,0.06
327543,-7.173,0.06
327544,-7.073,0.06
327545,-7.071,0.06
327546,-6.845,0.06
327547,-7.153,0.06
327548,-6.885,0.06
327549,-6.824,0.06
327550,-6.802,0.06
327551,-7.407,0.06
327552,-8.567,0.06
327553,-8.088,0.06
327554,-9.063,0.06
327555,-9.407,0.06
327556,-9.264,0.06
327557,-9.405,0.06
327558,-10.217,0.06
327559,-10.27,0.06
327560,-10.344,0.06
327561,-10.373,0.06
327562,-10.139,0.06
327563,-10.298,0.06
327564,-10.257,0.06
327565,-10.271,0.06
327566,-10.754,0.06
327567,-10.388,0.06
327568,-10.447,0.06
327569,-10.459,0.06
327570,-10.383,0.06
327571,-10.381,0.06
327572,-10.28,0.06
327573,-10.524,0.06
327574,-10.335,0.06
327575,-10.636,0.06
327576,-10.478,0.06
327577,-10.34,0.06
327578,-10.525,0.06
327579,-10.395,0.06
327580,-10.362,0.06
327581,-10.208,0.06
327582,-10.501,0.06
327583,-10.393,0.06
327584,-10.332,0.06
327585,-10.387,0.06
327586,-10.18,0.06
327587,-10.43,0.06
327588,-10.009,0.06
327589,-10.215,0.06
327590,-10.268,0.06
327591,-10.387,0.06
327592,-10.209,0.06
327593,-10.329,0.06
327594,-10.334,0.06
327595,-10.327,0.06
327596,-9.907,0.06
327597,-10.359,0.06
327598,-10.313,0.06
327599,-10.293,0.06
327600,-10.798,0.06
327601,-10.375,0.06
327602,-10.282,0.06
327603,-10.441,0.06
327604,-10.618,0.06
327605,-10.528,0.06
327606,-10.654,0.06
327607,-10.586,0.06
327608,-10.628,0.06
327609,-10.464,0.06
327610,-10.603,0.06
327611,-10.609,0.06
327612,-10.4,0.06
327613,-10.351,0.06
327614,-10.503,0.06
327615,-10.475,0.06
327616,-10.403,0.06
327617,-10.233,0.06
327618,-10.403,0.06
327619,-10.397,0.06
327620,-10.426,0.06
327621,-10.339,0.06
327622,-10.23,0.06
327623,-10.198,0.06
327624,-10.435,0.06
327625,-10.223,0.06
327626,-10.415,0.06
327627,-10.376,0.06
327628,-10.269,0.06
327629,-10.305,0.06
327630,-10.205,0.06
327631,-9.906,0.06
327632,-10.308,0.06
327633,-10.064,0.06
327634,-10.278,0.06
327635,-10.286,0.06
327636,-10.264,0.06
327637,-10.132,0.06
327638,-10.186,0.06
327639,-9.961,0.06
327640,-9.96,0.06
327641,-9.939,0.06
327642,-10.119,0.06
327643,-9.868,0.06
327644,-9.943,0.06
327645,-9.818,0.06
327646,-9.703,0.06
327647,-9.515,0.06
327648,-9.591,0.06
327649,-9.365,0.06
327650,-9.451,0.06
327651,-9.077,0.06
327652,-9.429,0.06
327653,-9.171,0.06
327654,-9.201,0.06
327655,-9.111,0.06
327656,-9.228,0.06
327657,-9.001,0.06
327658,-9.456,0.06
327659,-9.34,0.06
327660,-9.465,0.06
327661,-9.315,0.06
327662,-9.461,0.06
327663,-9.67,0.06
327664,-9.397,0.06
327665,-9.387,0.06
327666,-9.494,0.06
327667,-9.209,0.06
327668,-9.487,0.06
327669,-9.247,0.06
327670,-9.519,0.06
327671,-9.4,0.06
327672,-9.397,0.06
327673,-9.386,0.06
327674,-9.775,0.06
327675,-9.615,0.06
327676,-9.825,0.06
327677,-9.845,0.06
327678,-9.84,0.06
327679,-9.763,0.06
327680,-9.807,0.06
327681,-9.659,0.06
327682,-10.029,0.06
327683,-9.873,0.06
327684,-9.798,0.06
327685,-9.633,0.06
327686,-9.823,0.06
327687,-9.782,0.06
327688,-9.793,0.06
327689,-9.784,0.06
327690,-9.949,0.06
327691,-9.77,0.06
327692,-10.092,0.06
327693,-9.955,0.06
327694,-10.166,0.06
327695,-10.075,0.06
327696,-10.453,0.06
327697,-10.608,0.06
327698,-10.44,0.06
327699,-10.411,0.06
327700,-10.53,0.06
327701,-10.763,0.06
327702,-10.162,0.06
327703,-10.607,0.06
327704,-10.386,0.06
327705,-10.457,0.06
327706,-10.354,0.06
327707,-10.195,0.06
327708,-10.3,0.06
327709,-10.31,0.06
327710,-10.278,0.06
327711,-10.281,0.06
327712,-10.228,0.06
327713,-10.145,0.06
327714,-10.076,0.06
327715,-10.021,0.06
327716,-10.028,0.06
327717,-10.107,0.06
327718,-10.002,0.06
327719,-10.096,0.06
327720,-10.176,0.06
327721,-10.333,0.06
327722,-10.252,0.06
327723,-10.291,0.06
327724,-10.812,0.06
327725,-10.566,0.06
327726,-10.609,0.06
327727,-10.423,0.06
327728,-10.36,0.06
327729,-10.381,0.06
327730,-10.312,0.06
327731,-9.924,0.06
327732,-10.162,0.06
327733,-10.374,0.06
327734,-10.043,0.06
327735,-10.414,0.06
327736,-10.161,0.06
327737,-10.493,0.06
327738,-10.276,0.06
327739,-10.319,0.06
327740,-10.179,0.06
327741,-10.343,0.06
327742,-10.069,0.06
327743,-10.279,0.06
327744,-9.995,0.06
327745,-10.396,0.06
327746,-9.944,0.06
327747,-10.128,0.06
327748,-9.92,0.06
327749,-9.842,0.06
327750,-9.739,0.06
327751,-10.058,0.06
327752,-9.602,0.06
327753,-9.645,0.06
327754,-9.981,0.06
327755,-9.565,0.06
327756,-9.936,0.06
327757,-9.777,0.06
327758,-9.893,0.06
327759,-9.955,0.06
327760,-9.755,0.06
327761,-10.105,0.06
327762,-10.127,0.06
327763,-10.243,0.06
327764,-10.057,0.06
327765,-9.945,0.06
327766,-9.808,0.06
327767,-10.054,0.06
327768,-9.132,0.06
327769,-9.933,0.06
327770,-9.215,0.06
327771,-9.527,0.06
327772,-8.968,0.06
327773,-9.065,0.06
327774,-9.45,0.06
327775,-9.651,0.06
327776,-9.337,0.06
327777,-9.357,0.06
327778,-9.61,0.06
327779,-9.077,0.06
327780,-9.931,0.06
327781,-9.923,0.06
327782,-9.835,0.06
327783,-9.754,0.06
327784,-9.703,0.06
327785,-9.654,0.06
327786,-10.469,0.06
327787,-10.309,0.06
327788,-10.649,0.06
327789,-10.666,0.06
327790,-10.641,0.06
327791,-10.841,0.06
327792,-10.884,0.06
327793,-10.879,0.06
327794,-10.837,0.06
327795,-10.718,0.06
327796,-10.632,0.06
327797,-10.602,0.06
327798,-10.586,0.06
327799,-10.699,0.06
327800,-10.501,0.06
327801,-10.552,0.06
327802,-10.69,0.06
327803,-10.741,0.06
327804,-10.655,0.06
327805,-10.547,0.06
327806,-10.562,0.06
327807,-10.571,0.06
327808,-10.552,0.06
327809,-10.454,0.06
327810,-10.57,0.06
327811,-10.733,0.06
327812,-10.657,0.06
327813,-10.499,0.06
327814,-10.33,0.06
327815,-9.956,0.06
327816,-9.822,0.06
327817,-10.105,0.06
327818,-10.417,0.06
327819,-9.903,0.06
327820,-9.997,0.06
327821,-10.112,0.06
327822,-9.835,0.06
327823,-10.087,0.06
327824,-10.054,0.06
327825,-10.13,0.06
327826,-9.878,0.06
327827,-10.046,0.06
327828,-10.007,0.06
327829,-9.886,0.06
327830,-9.896,0.06
327831,-9.691,0.06
327832,-9.487,0.06
327833,-9.369,0.06
327834,-9.287,0.06
327835,-9.303,0.06
327836,-9.37,0.06
327837,-9.398,0.06
327838,-8.808,0.06
327839,-8.508,0.06
327840,-8.417,0.06
327841,-8.499,0.06
327842,-8.521,0.06
327843,-8.476,0.06
327844,-8.311,0.06
327845,-8.218,0.06
327846,-8.171,0.06
327847,-8.219,0.06
327848,-8.189,0.06
327849,-8.221,0.06
327850,-8.495,0.06
327851,-8.756,0.06
327852,-8.554,0.06
327853,-8.421,0.06
327854,-8.263,0.06
327855,-8.266,0.06
327856,-8.352,0.06
327857,-8.566,0.06
327858,-8.623,0.06
327859,-8.414,0.06
327860,-8.465,0.06
327861,-8.389,0.06
327862,-8.578,0.06
327863,-8.281,0.06
327864,-8.522,0.06
327865,-8.293,0.06
327866,-8.604,0.06
327867,-8.498,0.06
327868,-8.515,0.06
327869,-8.54,0.06
327870,-8.528,0.06
327871,-8.489,0.06
327872,-8.491,0.06
327873,-8.56,0.06
327874,-8.521,0.06
327875,-8.549,0.06
327876,-8.195,0.06
327877,-8.109,0.06
327878,-8.195,0.06
327879,-8.44,0.06
327880,-8.889,0.06
327881,-8.664,0.06
327882,-9.064,0.06
327883,-9.14,0.06
327884,-9.106,0.06
327885,-9.34,0.06
327886,-9.185,0.06
327887,-9.161,0.06
327888,-9.122,0.06
327889,-9.22,0.06
327890,-9.136,0.06
327891,-9.048,0.06
327892,-9.016,0.06
327893,-9.147,0.06
327894,-9.338,0.06
327895,-9.35,0.06
327896,-9.304,0.06
327897,-9.16,0.06
327898,-9.125,0.06
327899,-9.064,0.06
327900,-9.04,0.06
327901,-8.904,0.06
327902,-8.929,0.06
327903,-8.826,0.06
327904,-9.017,0.06
327905,-8.783,0.06
327906,-8.886,0.06
327907,-8.926,0.06
327908,-8.953,0.06
327909,-9.031,0.06
327910,-8.936,0.06
327911,-8.871,0.06
327912,-8.807,0.06
327913,-8.883,0.06
327914,-8.688,0.06
327915,-8.42,0.06
327916,-8.306,0.06
327917,-8.242,0.06
327918,-8.113,0.06
327919,-7.905,0.06
327920,-7.861,0.06
327921,-6.952,0.06
327922,-7.025,0.06
327923,-6.996,0.06
327924,-7.154,0.06
327925,-7.105,0.06
327926,-7.076,0.06
327927,-6.802,0.06
327928,-6.603,0.06
327929,-7.188,0.06
327930,-6.559,0.06
327931,-6.646,0.06
327932,-6.839,0.06
327933,-6.816,0.06
327934,-6.708,0.06
327935,-6.817,0.06
327936,-6.941,0.06
327937,-7.069,0.06
327938,-6.929,0.06
327939,-7.074,0.06
327940,-7.367,0.06
327941,-7.267,0.06
327942,-7.365,0.06
327943,-7.622,0.06
327944,-7.75,0.06
327945,-7.868,0.06
327946,-7.861,0.06
327947,-8.001,0.06
327948,-8.806,0.06
327949,-8.814,0.06
327950,-9.064,0.06
327951,-9.103,0.06
327952,-9.233,0.06
327953,-9.545,0.06
327954,-9.61,0.06
327955,-9.659,0.06
327956,-9.686,0.06
327957,-9.65,0.06
327958,-9.831,0.06
327959,-9.777,0.06
327960,-9.601,0.06
327961,-9.618,0.06
327962,-9.724,0.06
327963,-9.752,0.06
327964,-9.728,0.06
327965,-9.806,0.06
327966,-9.959,0.06
327967,-9.807,0.06
327968,-9.749,0.06
327969,-9.839,0.06
327970,-9.744,0.06
327971,-9.838,0.06
327972,-9.775,0.06
327973,-9.792,0.06
327974,-9.737,0.06
327975,-9.961,0.06
327976,-9.854,0.06
327977,-9.57,0.06
327978,-9.845,0.06
327979,-9.604,0.06
327980,-9.616,0.06
327981,-9.639,0.06
327982,-9.726,0.06
327983,-9.71,0.06
327984,-9.707,0.06
327985,-9.774,0.06
327986,-9.674,0.06
327987,-9.404,0.06
327988,-9.652,0.06
327989,-9.54,0.06
327990,-9.634,0.06
327991,-9.571,0.06
327992,-9.711,0.06
327993,-9.615,0.06
327994,-9.512,0.06
327995,-9.413,0.06
327996,-9.479,0.06
327997,-9.098,0.06
327998,-9.148,0.06
327999,-9.052,0.06
328000,-9.145,0.06
328001,-8.402,0.06
328002,-8.752,0.06
328003,-8.621,0.06
328004,-8.902,0.06
328005,-9.522,0.06
328006,-10.043,0.06
328007,-10.157,0.06
328008,-10.505,0.06
328009,-10.471,0.06
328010,-10.548,0.06
328011,-10.409,0.06
328012,-10.338,0.06
328013,-10.471,0.06
328014,-10.416,0.06
328015,-10.633,0.06
328016,-10.688,0.06
328017,-10.82,0.06
328018,-10.765,0.06
328019,-10.68,0.06
328020,-10.675,0.06
328021,-10.796,0.06
328022,-10.82,0.06
328023,-10.836,0.06
328024,-10.567,0.06
328025,-10.691,0.06
328026,-10.852,0.06
328027,-10.753,0.06
328028,-9.149,0.06
328029,-9.025,0.06
328030,-8.996,0.06
328031,-9.07,0.06
328032,-9.033,0.06
328033,-8.949,0.06
328034,-8.871,0.06
328035,-8.851,0.06
328036,-8.852,0.06
328037,-8.756,0.06
328038,-8.868,0.06
328039,-8.843,0.06
328040,-8.833,0.06
328041,-8.743,0.06
328042,-8.722,0.06
328043,-8.753,0.06
328044,-8.857,0.06
328045,-8.742,0.06
328046,-8.745,0.06
328047,-8.924,0.06
328048,-8.945,0.06
328049,-8.852,0.06
328050,-8.819,0.06
328051,-8.828,0.06
328052,-8.831,0.06
328053,-8.891,0.06
328054,-8.861,0.06
328055,-8.792,0.06
328056,-8.756,0.06
328057,-8.698,0.06
328058,-8.647,0.06
328059,-8.7,0.06
328060,-8.758,0.06
328061,-8.604,0.06
328062,-8.595,0.06
328063,-8.606,0.06
328064,-8.565,0.06
328065,-8.563,0.06
328066,-8.46,0.06
328067,-8.415,0.06
328068,-8.547,0.06
328069,-8.623,0.06
328070,-8.54,0.06
328071,-8.372,0.06
328072,-8.418,0.06
328073,-8.422,0.06
328074,-8.382,0.06
328075,-8.269,0.06
328076,-8.254,0.06
328077,-8.231,0.06
328078,-9.096,0.06
328079,-9.972,0.06
328080,-10.178,0.06
328081,-9.915,0.06
328082,-9.84,0.06
328083,-9.841,0.06
328084,-10.02,0.06
328085,-9.916,0.06
328086,-9.975,0.06
328087,-10.138,0.06
328088,-10.121,0.06
328089,-10.003,0.06
328090,-9.892,0.06
328091,-9.707,0.06
328092,-9.747,0.06
328093,-9.56,0.06
328094,-9.561,0.06
328095,-9.702,0.06
328096,-9.596,0.06
328097,-9.843,0.06
328098,-9.759,0.06
328099,-9.7,0.06
328100,-9.432,0.06
328101,-9.202,0.06
328102,-9.008,0.06
328103,-8.89,0.06
328104,-8.589,0.06
328105,-8.531,0.06
328106,-8.44,0.06
328107,-8.52,0.06
328108,-8.525,0.06
328109,-8.563,0.06
328110,-8.573,0.06
328111,-8.479,0.06
328112,-8.386,0.06
328113,-8.404,0.06
328114,-8.409,0.06
328115,-8.471,0.06
328116,-8.465,0.06
328117,-8.326,0.06
328118,-8.433,0.06
328119,-8.521,0.06
328120,-8.507,0.06
328121,-8.551,0.06
328122,-8.337,0.06
328123,-8.423,0.06
328124,-8.56,0.06
328125,-8.47,0.06
328126,-8.59,0.06
328127,-8.6,0.06
328128,-8.387,0.06
328129,-8.524,0.06
328130,-8.552,0.06
328131,-8.093,0.06
328132,-8.322,0.06
328133,-8.404,0.06
328134,-8.239,0.06
328135,-8.316,0.06
328136,-8.131,0.06
328137,-8.158,0.06
328138,-8.208,0.06
328139,-8.241,0.06
328140,-8.353,0.06
328141,-8.34,0.06
328142,-8.381,0.06
328143,-8.524,0.06
328144,-8.44,0.06
328145,-8.39,0.06
328146,-8.418,0.06
328147,-8.356,0.06
328148,-8.589,0.06
328149,-8.911,0.06
328150,-9.412,0.06
328151,-9.402,0.06
328152,-9.346,0.06
328153,-9.467,0.06
328154,-9.557,0.06
328155,-9.222,0.06
328156,-9.528,0.06
328157,-10.235,0.06
328158,-10.574,0.06
328159,-11.024,0.06
328160,-10.866,0.06
328161,-10.668,0.06
328162,-11.01,0.06
328163,-10.89,0.06
328164,-11.267,0.06
328165,-11.161,0.06
328166,-11.109,0.06
328167,-11.063,0.06
328168,-11.136,0.06
328169,-11.246,0.06
328170,-11.16,0.06
328171,-11.221,0.06
328172,-11.434,0.06
328173,-11.201,0.06
328174,-11.343,0.06
328175,-11.129,0.06
328176,-11.326,0.06
328177,-11.161,0.06
328178,-11.392,0.06
328179,-11.398,0.06
328180,-11.105,0.06
328181,-11.176,0.06
328182,-11.164,0.06
328183,-11.058,0.06
328184,-11.316,0.06
328185,-11.034,0.06
328186,-11.004,0.06
328187,-10.982,0.06
328188,-10.622,0.06
328189,-10.818,0.06
328190,-10.747,0.06
328191,-10.578,0.06
328192,-10.059,0.06
328193,-10.251,0.06
328194,-9.974,0.06
328195,-10.007,0.06
328196,-9.973,0.06
328197,-10.126,0.06
328198,-10.153,0.06
328199,-10.194,0.06
328200,-10.372,0.06
328201,-10.773,0.06
328202,-10.924,0.06
328203,-11.002,0.06
328204,-11.136,0.06
328205,-11.096,0.06
328206,-11.358,0.06
328207,-11.332,0.06
328208,-11.588,0.06
328209,-11.406,0.06
328210,-11.552,0.06
328211,-11.63,0.06
328212,-11.684,0.06
328213,-11.676,0.06
328214,-11.671,0.06
328215,-11.861,0.06
328216,-11.686,0.06
328217,-11.783,0.06
328218,-11.591,0.06
328219,-11.534,0.06
328220,-11.485,0.06
328221,-11.663,0.06
328222,-11.281,0.06
328223,-11.504,0.06
328224,-10.889,0.06
328225,-10.586,0.06
328226,-11.338,0.06
328227,-11.413,0.06
328228,-11.05,0.06
328229,-11.213,0.06
328230,-10.748,0.06
328231,-10.709,0.06
328232,-10.439,0.06
328233,-10.714,0.06
328234,-10.26,0.06
328235,-10.109,0.06
328236,-9.782,0.06
328237,-9.576,0.06
328238,-9.251,0.06
328239,-8.968,0.06
328240,-8.368,0.06
328241,-8.704,0.06
328242,-8.343,0.06
328243,-8.518,0.06
328244,-8.557,0.06
328245,-8.678,0.06
328246,-8.343,0.06
328247,-8.626,0.06
328248,-8.384,0.06
328249,-8.635,0.06
328250,-8.464,0.06
328251,-8.817,0.06
328252,-8.685,0.06
328253,-8.701,0.06
328254,-8.597,0.06
328255,-8.953,0.06
328256,-9.117,0.06
328257,-9.266,0.06
328258,-9.417,0.06
328259,-8.85,0.06
328260,-8.949,0.06
328261,-8.874,0.06
328262,-8.802,0.06
328263,-9.055,0.06
328264,-8.978,0.06
328265,-8.867,0.06
328266,-8.812,0.06
328267,-8.837,0.06
328268,-8.98,0.06
328269,-8.755,0.06
328270,-8.541,0.06
328271,-8.535,0.06
328272,-8.506,0.06
328273,-8.531,0.06
328274,-8.18,0.06
328275,-8.41,0.06
328276,-8.199,0.06
328277,-7.763,0.06
328278,-7.761,0.06
328279,-7.722,0.06
328280,-7.612,0.06
328281,-7.677,0.06
328282,-7.656,0.06
328283,-7.58,0.06
328284,-7.616,0.06
328285,-7.376,0.06
328286,-7.823,0.06
328287,-7.182,0.06
328288,-7.473,0.06
328289,-7.248,0.06
328290,-7.362,0.06
328291,-7.146,0.06
328292,-7.471,0.06
328293,-7.091,0.06
328294,-7.124,0.06
328295,-7.34,0.06
328296,-7.415,0.06
328297,-7.223,0.06
328298,-7.413,0.06
328299,-7.508,0.06
328300,-7.024,0.06
328301,-7.316,0.06
328302,-7.374,0.06
328303,-7.451,0.06
328304,-7.508,0.06
328305,-7.605,0.06
328306,-7.676,0.06
328307,-7.596,0.06
328308,-7.705,0.06
328309,-8.142,0.06
328310,-8.255,0.06
328311,-8.194,0.06
328312,-8.234,0.06
328313,-8.158,0.06
328314,-8.321,0.06
328315,-8.641,0.06
328316,-8.19,0.06
328317,-8.675,0.06
328318,-8.474,0.06
328319,-8.469,0.06
328320,-8.388,0.06
328321,-8.692,0.06
328322,-8.824,0.06
328323,-8.755,0.06
328324,-8.991,0.06
328325,-8.928,0.06
328326,-9.055,0.06
328327,-8.978,0.06
328328,-9.216,0.06
328329,-9.308,0.06
328330,-9.241,0.06
328331,-9.305,0.06
328332,-9.304,0.06
328333,-9.31,0.06
328334,-9.45,0.06
328335,-9.522,0.06
328336,-9.429,0.06
328337,-9.512,0.06
328338,-9.906,0.06
328339,-9.88,0.06
328340,-10.07,0.06
328341,-9.743,0.06
328342,-9.762,0.06
328343,-9.97,0.06
328344,-10.115,0.06
328345,-9.929,0.06
328346,-10.318,0.06
328347,-10.157,0.06
328348,-10.113,0.06
328349,-10.142,0.06
328350,-10.184,0.06
328351,-10.121,0.06
328352,-10.094,0.06
328353,-10.294,0.06
328354,-10.306,0.06
328355,-10.311,0.06
328356,-10.491,0.06
328357,-10.458,0.06
328358,-10.487,0.06
328359,-10.41,0.06
328360,-10.373,0.06
328361,-10.354,0.06
328362,-10.349,0.06
328363,-10.436,0.06
328364,-10.228,0.06
328365,-10.346,0.06
328366,-10.396,0.06
328367,-10.363,0.06
328368,-10.27,0.06
328369,-10.412,0.06
328370,-10.499,0.06
328371,-10.436,0.06
328372,-10.544,0.06
328373,-10.487,0.06
328374,-10.544,0.06
328375,-10.389,0.06
328376,-10.475,0.06
328377,-10.45,0.06
328378,-10.386,0.06
328379,-10.194,0.06
328380,-10.343,0.06
328381,-10.47,0.06
328382,-10.355,0.06
328383,-10.456,0.06
328384,-10.482,0.06
328385,-10.429,0.06
328386,-10.415,0.06
328387,-10.44,0.06
328388,-10.224,0.06
328389,-10.447,0.06
328390,-10.499,0.06
328391,-10.416,0.06
328392,-10.664,0.06
328393,-10.619,0.06
328394,-10.5,0.06
328395,-10.401,0.06
328396,-10.384,0.06
328397,-10.387,0.06
328398,-10.543,0.06
328399,-10.588,0.06
328400,-10.553,0.06
328401,-10.57,0.06
328402,-10.426,0.06
328403,-10.266,0.06
328404,-10.495,0.06
328405,-10.512,0.06
328406,-10.627,0.06
328407,-10.8725,0.06
328408,-10.7875,0.06
328409,-10.3255,0.06
328410,-10.6995,0.06
328411,-10.5165,0.06
328412,-10.5735,0.06
328413,-10.5725,0.06
328414,-10.3535,0.06
328415,-10.5125,0.06
328416,-10.4075,0.06
328417,-10.3485,0.06
328418,-10.2635,0.06
328419,-10.2955,0.06
328420,-10.6665,0.06
328421,-10.4585,0.06
328422,-10.1905,0.06
328423,-10.3585,0.06
328424,-10.7315,0.06
328425,-10.3385,0.06
328426,-10.4045,0.06
328427,-10.4865,0.06
328428,-10.2905,0.06
328429,-10.4215,0.06
328430,-10.5055,0.06
328431,-10.3125,0.06
328432,-10.4495,0.06
328433,-10.605,0.06
328434,-10.2875,0.06
328435,-10.5265,0.06
328436,-10.6015,0.06
328437,-10.7965,0.06
328438,-10.6465,0.06
328439,-10.7915,0.06
328440,-10.7855,0.06
328441,-10.7835,0.06
328442,-10.3875,0.06
328443,-10.5795,0.06
328444,-10.6585,0.06
328445,-10.4535,0.06
328446,-10.619,0.06
328447,-10.571,0.06
328448,-10.835,0.06
328449,-10.974,0.06
328450,-10.491,0.06
328451,-10.534,0.06
328452,-10.678,0.06
328453,-10.485,0.06
328454,-10.604,0.06
328455,-10.428,0.06
328456,-10.417,0.06
328457,-10.4765,0.06
328458,-10.2045,0.06
328459,-10.1065,0.06
328460,-10.3275,0.06
328461,-10.1615,0.06
328462,-10.1625,0.06
328463,-10.4435,0.06
328464,-10.4525,0.06
328465,-9.8855,0.06
328466,-9.9865,0.06
328467,-9.9735,0.06
328468,-9.9425,0.06
328469,-9.9345,0.06
328470,-10.0195,0.06
328471,-9.9765,0.06
328472,-9.6695,0.06
328473,-10.0655,0.06
328474,-9.5985,0.06
328475,-9.6795,0.06
328476,-9.6895,0.06
328477,-9.6065,0.06
328478,-9.5455,0.06
328479,-9.3975,0.06
328480,-9.3145,0.06
328481,-9.4135,0.06
328482,-9.2905,0.06
328483,-9.3505,0.06
328484,-9.1455,0.06
328485,-9.0575,0.06
328486,-8.9755,0.06
328487,-8.6975,0.06
328488,-8.6485,0.06
328489,-8.4435,0.06
328490,-8.1665,0.06
328491,-8.1355,0.06
328492,-7.7595,0.06
328493,-7.3325,0.06
328494,-7.169,0.06
328495,-7.469,0.06
328496,-7.069,0.06
328497,-6.852,0.06
328498,-6.915,0.06
328499,-6.686,0.06
328500,-6.419,0.06
328501,-6.469,0.06
328502,-6.62,0.06
328503,-6.6,0.06
328504,-6.466,0.06
328505,-6.073,0.06
328506,-9.85,0.06
328507,-9.423,0.06
328508,-9.378,0.06
328509,-9.191,0.06
328510,-8.844,0.06
328511,-8.761,0.06
328512,-8.547,0.06
328513,-8.82,0.06
328514,-8.793,0.06
328515,-8.677,0.06
328516,-8.515,0.06
328517,-8.426,0.06
328518,-8.18,0.06
328519,-8.17,0.06
328520,-8.273,0.06
328521,-8.447,0.06
328522,-8.652,0.06
328523,-8.388,0.06
328524,-9.04,0.06
328525,-9.122,0.06
328526,-9.283,0.06
328527,-9.427,0.06
328528,-9.292,0.06
328529,-9.217,0.06
328530,-9.671,0.06
328531,-9.303,0.06
328532,-9.315,0.06
328533,-9.194,0.06
328534,-8.614,0.06
328535,-8.545,0.06
328536,-8.206,0.06
328537,-7.794,0.06
328538,-7.754,0.06
328539,-8.034,0.06
328540,-6.778,0.06
328541,-6.487,0.06
328542,-6.694,0.06
328543,-7.172,0.06
328544,-6.642,0.06
328545,-6.545,0.06
328546,-6.647,0.06
328547,-6.749,0.06
328548,-6.912,0.06
328549,-6.4,0.06
328550,-6.757,0.06
328551,-6.969,0.06
328552,-6.927,0.06
328553,-7.063,0.06
328554,-9.025,0.06
328555,-9.479,0.06
328556,-9.654,0.06
328557,-10.166,0.06
328558,-9.524,0.06
328559,-9.654,0.06
328560,-9.618,0.06
328561,-11.026,0.06
328562,-11.163,0.06
328563,-10.772,0.06
328564,-11.123,0.06
328565,-10.324,0.06
328566,-9.937,0.06
328567,-9.968,0.06
328568,-9.904,0.06
328569,-9.663,0.06
328570,-10.011,0.06
328571,-10.31,0.06
328572,-10.415,0.06
328573,-10.469,0.06
328574,-10.606,0.06
328575,-10.14,0.06
328576,-10.155,0.06
328577,-10.316,0.06
328578,-10.824,0.06
328579,-10.773,0.06
328580,-10.619,0.06
328581,-11.235,0.06
328582,-10.451,0.06
328583,-10.69,0.06
328584,-7.218,0.06
328585,-7.283,0.06
328586,-7.367,0.06
328587,-7.602,0.06
328588,-7.274,0.06
328589,-7.582,0.06
328590,-7.241,0.06
328591,-7.204,0.06
328592,-7.138,0.06
328593,-7.127,0.06
328594,-7.681,0.06
328595,-7.501,0.06
328596,-7.46,0.06
328597,-7.432,0.06
328598,-7.408,0.06
328599,-7.352,0.06
328600,-7.218,0.06
328601,-7.196,0.06
328602,-7.196,0.06
328603,-7.089,0.06
328604,-7.13,0.06
328605,-6.956,0.06
328606,-7.225,0.06
328607,-7.167,0.06
328608,-7.242,0.06
328609,-7.137,0.06
328610,-7.177,0.06
328611,-6.908,0.06
328612,-7.147,0.06
328613,-7.247,0.06
328614,-7.765,0.06
328615,-8.009,0.06
328616,-7.846,0.06
328617,-7.707,0.06
328618,-7.327,0.06
328619,-7.372,0.06
328620,-7.262,0.06
328621,-7.254,0.06
328622,-7.217,0.06
328623,-7.249,0.06
328624,-7.098,0.06
328625,-7.24,0.06
328626,-7.52,0.06
328627,-7.459,0.06
328628,-7.211,0.06
328629,-7.132,0.06
328630,-7.188,0.06
328631,-7.897,0.06
328632,-7.686,0.06
328633,-7.606,0.06
328634,-7.793,0.06
328635,-7.743,0.06
328636,-6.856,0.06
328637,-6.995,0.06
328638,-7.995,0.06
328639,-7.711,0.06
328640,-7.918,0.06
328641,-7.999,0.06
328642,-7.911,0.06
328643,-7.984,0.06
328644,-8.209,0.06
328645,-7.731,0.06
328646,-8.075,0.06
328647,-8.346,0.06
328648,-8.588,0.06
328649,-8.84,0.06
328650,-8.373,0.06
328651,-8.426,0.06
328652,-8.337,0.06
328653,-8.158,0.06
328654,-8.018,0.06
328655,-8.111,0.06
328656,-8.578,0.06
328657,-7.249,0.06
328658,-6.921,0.06
328659,-7.044,0.06
328660,-7.119,0.06
328661,-7.27,0.06
328662,-7.316,0.06
328663,-7.228,0.06
328664,-7.441,0.06
328665,-7.599,0.06
328666,-7.307,0.06
328667,-7.376,0.06
328668,-7.145,0.06
328669,-7.049,0.06
328670,-7.179,0.06
328671,-7.137,0.06
328672,-6.976,0.06
328673,-7.21,0.06
328674,-7.297,0.06
328675,-7.344,0.06
328676,-7.344,0.06
328677,-8.242,0.06
328678,-8.212,0.06
328679,-8.183,0.06
328680,-8.503,0.06
328681,-8.675,0.06
328682,-9.751,0.06
328683,-10.805,0.06
328684,-10.126,0.06
328685,-7.567,0.06
328686,-6.986,0.06
328687,-7.966,0.06
328688,-7.322,0.06
328689,-7.025,0.06
328690,-6.969,0.06
328691,-7.365,0.06
328692,-7.455,0.06
328693,-7.307,0.06
328694,-7.606,0.06
328695,-7.233,0.06
328696,-7.2,0.06
328697,-6.852,0.06
328698,-7.248,0.06
328699,-7.117,0.06
328700,-6.998,0.06
328701,-7.405,0.06
328702,-7.171,0.06
328703,-7.007,0.06
328704,-6.99,0.06
328705,-7.107,0.06
328706,-7.03,0.06
328707,-6.879,0.06
328708,-6.907,0.06
328709,-6.912,0.06
328710,-7.118,0.06
328711,-7.031,0.06
328712,-6.878,0.06
328713,-6.801,0.06
328714,-7.224,0.06
328715,-7.243,0.06
328716,-7.281,0.06
328717,-7.423,0.06
328718,-7.534,0.06
328719,-7.314,0.06
328720,-7.451,0.06
328721,-7.418,0.06
328722,-7.295,0.06
328723,-7.348,0.06
328724,-7.223,0.06
328725,-7.304,0.06
328726,-7.31,0.06
328727,-7.633,0.06
328728,-7.38,0.06
328729,-7.401,0.06
328730,-7.252,0.06
328731,-7.011,0.06
328732,-7.139,0.06
328733,-7.291,0.06
328734,-7.523,0.06
328735,-7.572,0.06
328736,-7.623,0.06
328737,-7.654,0.06
328738,-7.36,0.06
328739,-7.498,0.06
328740,-7.184,0.06
328741,-7.458,0.06
328742,-7.214,0.06
328743,-7.681,0.06
328744,-7.709,0.06
328745,-7.505,0.06
328746,-7.517,0.06
328747,-7.498,0.06
328748,-7.236,0.06
328749,-7.254,0.06
328750,-7.549,0.06
328751,-7.448,0.06
328752,-7.471,0.06
328753,-7.942,0.06
328754,-9.52,0.06
328755,-10.55,0.06
328756,-10.637,0.06
328757,-10.77,0.06
328758,-10.664,0.06
328759,-10.903,0.06
328760,-10.721,0.06
328761,-10.748,0.06
328762,-10.801,0.06
328763,-10.866,0.06
328764,-11.09,0.06
328765,-10.843,0.06
328766,-10.643,0.06
328767,-10.792,0.06
328768,-10.957,0.06
328769,-11.087,0.06
328770,-10.956,0.06
328771,-11.088,0.06
328772,-10.942,0.06
328773,-10.958,0.06
328774,-10.936,0.06
328775,-10.99,0.06
328776,-10.911,0.06
328777,-10.973,0.06
328778,-10.992,0.06
328779,-10.798,0.06
328780,-10.82,0.06
328781,-10.958,0.06
328782,-10.957,0.06
328783,-10.97,0.06
328784,-10.932,0.06
328785,-10.932,0.06
328786,-10.92,0.06
328787,-11.03,0.06
328788,-10.909,0.06
328789,-10.952,0.06
328790,-10.941,0.06
328791,-10.937,0.06
328792,-10.966,0.06
328793,-11.024,0.06
328794,-11.049,0.06
328795,-10.973,0.06
328796,-11.046,0.06
328797,-10.92,0.06
328798,-11.05,0.06
328799,-11.119,0.06
328800,-10.942,0.06
328801,-10.825,0.06
328802,-11.016,0.06
328803,-11.123,0.06
328804,-11.108,0.06
328805,-10.978,0.06
328806,-11.101,0.06
328807,-11.058,0.06
328808,-11.15,0.06
328809,-11.075,0.06
328810,-11.145,0.06
328811,-11.104,0.06
328812,-10.449,0.06
328813,-10.699,0.06
328814,-10.677,0.06
328815,-10.887,0.06
328816,-10.634,0.06
328817,-10.618,0.06
328818,-10.631,0.06
328819,-10.512,0.06
328820,-10.591,0.06
328821,-10.605,0.06
328822,-10.554,0.06
328823,-10.454,0.06
328824,-10.348,0.06
328825,-10.426,0.06
328826,-10.449,0.06
328827,-10.271,0.06
328828,-10.252,0.06
328829,-10.299,0.06
328830,-10.45,0.06
328831,-10.38,0.06
328832,-10.19,0.06
328833,-10.105,0.06
328834,-10.032,0.06
328835,-10.015,0.06
328836,-10.052,0.06
328837,-9.899,0.06
328838,-9.912,0.06
328839,-9.813,0.06
328840,-9.792,0.06
328841,-9.411,0.06
328842,-9.325,0.06
328843,-9.333,0.06
328844,-9.133,0.06
328845,-9.113,0.06
328846,-9.101,0.06
328847,-9.197,0.06
328848,-9.124,0.06
328849,-9.174,0.06
328850,-9.329,0.06
328851,-9.329,0.06
328852,-9.361,0.06
328853,-9.173,0.06
328854,-9.003,0.06
328855,-8.967,0.06
328856,-8.996,0.06
328857,-8.828,0.06
328858,-8.888,0.06
328859,-8.837,0.06
328860,-9.004,0.06
328861,-8.824,0.06
328862,-9.031,0.06
328863,-8.817,0.06
328864,-8.797,0.06
328865,-8.736,0.06
328866,-8.81,0.06
328867,-8.882,0.06
328868,-8.678,0.06
328869,-8.62,0.06
328870,-8.69,0.06
328871,-8.584,0.06
328872,-8.584,0.06
328873,-8.755,0.06
328874,-8.754,0.06
328875,-8.93,0.06
328876,-8.755,0.06
328877,-8.766,0.06
328878,-8.552,0.06
328879,-8.324,0.06
328880,-8.345,0.06
328881,-8.368,0.06
328882,-8.844,0.06
328883,-9.178,0.06
328884,-8.366,0.06
328885,-8.724,0.06
328886,-9.562,0.06
328887,-9.911,0.06
328888,-10.222,0.06
328889,-10.165,0.06
328890,-9.696,0.06
328891,-9.547,0.06
328892,-9.375,0.06
328893,-9.418,0.06
328894,-9.523,0.06
328895,-9.354,0.06
328896,-9.009,0.06
328897,-8.565,0.06
328898,-8.447,0.06
328899,-8.448,0.06
328900,-8.511,0.06
328901,-8.301,0.06
328902,-8.255,0.06
328903,-8.302,0.06
328904,-8.353,0.06
328905,-8.364,0.06
328906,-8.246,0.06
328907,-8.454,0.06
328908,-8.548,0.06
328909,-8.279,0.06
328910,-8.443,0.06
328911,-8.286,0.06
328912,-8.446,0.06
328913,-8.35,0.06
328914,-10.261,0.06
328915,-10.242,0.06
328916,-10.422,0.06
328917,-10.516,0.06
328918,-10.557,0.06
328919,-10.447,0.06
328920,-10.485,0.06
328921,-10.566,0.06
328922,-10.427,0.06
328923,-10.429,0.06
328924,-10.528,0.06
328925,-10.59,0.06
328926,-10.604,0.06
328927,-10.672,0.06
328928,-10.58,0.06
328929,-10.604,0.06
328930,-10.512,0.06
328931,-10.502,0.06
328932,-10.394,0.06
328933,-10.564,0.06
328934,-10.531,0.06
328935,-10.311,0.06
328936,-10.21,0.06
328937,-10.26,0.06
328938,-10.343,0.06
328939,-10.355,0.06
328940,-10.283,0.06
328941,-10.281,0.06
328942,-10.362,0.06
328943,-10.348,0.06
328944,-10.318,0.06
328945,-10.408,0.06
328946,-10.202,0.06
328947,-10.158,0.06
328948,-10.447,0.06
328949,-10.327,0.06
328950,-10.319,0.06
328951,-10.151,0.06
328952,-10.182,0.06
328953,-10.253,0.06
328954,-10.224,0.06
328955,-10.345,0.06
328956,-10.247,0.06
328957,-10.365,0.06
328958,-10.515,0.06
328959,-10.336,0.06
328960,-10.353,0.06
328961,-10.491,0.06
328962,-10.413,0.06
328963,-10.277,0.06
328964,-10.234,0.06
328965,-10.316,0.06
328966,-10.38,0.06
328967,-10.327,0.06
328968,-10.338,0.06
328969,-10.221,0.06
328970,-10.252,0.06
328971,-10.236,0.06
328972,-10.407,0.06
328973,-10.324,0.06
328974,-10.294,0.06
328975,-10.313,0.06
328976,-10.32,0.06
328977,-10.419,0.06
328978,-10.351,0.06
328979,-10.312,0.06
328980,-10.286,0.06
328981,-10.26,0.06
328982,-10.283,0.06
328983,-10.208,0.06
328984,-10.27,0.06
328985,-10.382,0.06
328986,-10.276,0.06
328987,-10.184,0.06
328988,-10.151,0.06
328989,-10.286,0.06
328990,-10.196,0.06
328991,-10.314,0.06
328992,-10.221,0.06
328993,-10.246,0.06
328994,-10.213,0.06
328995,-10.318,0.06
328996,-10.321,0.06
328997,-10.255,0.06
328998,-10.231,0.06
328999,-10.275,0.06
329000,-10.29,0.06
329001,-10.214,0.06
329002,-10.334,0.06
329003,-10.289,0.06
329004,-10.228,0.06
329005,-10.349,0.06
329006,-10.392,0.06
329007,-10.375,0.06
329008,-10.258,0.06
329009,-10.396,0.06
329010,-10.437,0.06
329011,-10.376,0.06
329012,-10.521,0.06
329013,-10.271,0.06
329014,-10.317,0.06
329015,-10.448,0.06
329016,-10.299,0.06
329017,-10.464,0.06
329018,-10.482,0.06
329019,-10.365,0.06
329020,-10.389,0.06
329021,-10.235,0.06
329022,-10.519,0.06
329023,-10.64,0.06
329024,-10.431,0.06
329025,-10.358,0.06
329026,-10.35,0.06
329027,-10.342,0.06
329028,-10.331,0.06
329029,-10.595,0.06
329030,-10.338,0.06
329031,-10.289,0.06
329032,-10.422,0.06
329033,-10.613,0.06
329034,-10.447,0.06
329035,-10.299,0.06
329036,-10.319,0.06
329037,-10.216,0.06
329038,-10.287,0.06
329039,-10.241,0.06
329040,-10.256,0.06
329041,-10.202,0.06
329042,-10.392,0.06
329043,-10.47,0.06
329044,-10.422,0.06
329045,-10.485,0.06
329046,-10.486,0.06
329047,-10.249,0.06
329048,-10.277,0.06
329049,-10.339,0.06
329050,-10.249,0.06
329051,-10.324,0.06
329052,-10.281,0.06
329053,-10.283,0.06
329054,-10.222,0.06
329055,-10.299,0.06
329056,-10.223,0.06
329057,-10.27,0.06
329058,-10.302,0.06
329059,-10.154,0.06
329060,-10.166,0.06
329061,-10.198,0.06
329062,-10.034,0.06
329063,-10.14,0.06
329064,-10.048,0.06
329065,-10.18,0.06
329066,-10.139,0.06
329067,-10.096,0.06
329068,-10.095,0.06
329069,-10.132,0.06
329070,-10.253,0.06
329071,-10.106,0.06
329072,-10.047,0.06
329073,-10.143,0.06
329074,-10.139,0.06
329075,-10.062,0.06
329076,-10.091,0.06
329077,-9.915,0.06
329078,-10.158,0.06
329079,-10.008,0.06
329080,-10.042,0.06
329081,-9.967,0.06
329082,-10.16,0.06
329083,-10.194,0.06
329084,-10.075,0.06
329085,-10.08,0.06
329086,-9.914,0.06
329087,-9.864,0.06
329088,-9.934,0.06
329089,-9.928,0.06
329090,-9.994,0.06
329091,-9.961,0.06
329092,-9.969,0.06
329093,-9.915,0.06
329094,-10.152,0.06
329095,-9.865,0.06
329096,-10.004,0.06
329097,-9.994,0.06
329098,-9.926,0.06
329099,-10.134,0.06
329100,-10.044,0.06
329101,-9.839,0.06
329102,-9.931,0.06
329103,-9.872,0.06
329104,-9.942,0.06
329105,-10.045,0.06
329106,-10.016,0.06
329107,-10.013,0.06
329108,-10.121,0.06
329109,-9.984,0.06
329110,-10.108,0.06
329111,-10.041,0.06
329112,-10.029,0.06
329113,-9.98,0.06
329114,-9.971,0.06
329115,-9.89,0.06
329116,-9.932,0.06
329117,-9.911,0.06
329118,-9.81,0.06
329119,-9.762,0.06
329120,-9.78,0.06
329121,-9.828,0.06
329122,-9.779,0.06
329123,-9.966,0.06
329124,-9.956,0.06
329125,-9.87,0.06
329126,-9.904,0.06
329127,-9.993,0.06
329128,-9.813,0.06
329129,-9.834,0.06
329130,-9.73,0.06
329131,-9.946,0.06
329132,-9.751,0.06
329133,-9.87,0.06
329134,-10.119,0.06
329135,-10.025,0.06
329136,-9.834,0.06
329137,-9.939,0.06
329138,-9.708,0.06
329139,-9.683,0.06
329140,-9.773,0.06
329141,-10.07,0.06
329142,-10.186,0.06
329143,-9.976,0.06
329144,-9.943,0.06
329145,-9.875,0.06
329146,-9.941,0.06
329147,-9.909,0.06
329148,-9.741,0.06
329149,-9.857,0.06
329150,-10.085,0.06
329151,-10.113,0.06
329152,-9.971,0.06
329153,-10.112,0.06
329154,-9.978,0.06
329155,-10.147,0.06
329156,-10.027,0.06
329157,-10.231,0.06
329158,-10.177,0.06
329159,-9.898,0.06
329160,-10.056,0.06
329161,-9.922,0.06
329162,-9.719,0.06
329163,-9.966,0.06
329164,-10.122,0.06
329165,-10.213,0.06
329166,-10.232,0.06
329167,-9.854,0.06
329168,-9.914,0.06
329169,-9.938,0.06
329170,-10.032,0.06
329171,-9.929,0.06
329172,-9.976,0.06
329173,-10.229,0.06
329174,-9.829,0.06
329175,-10.089,0.06
329176,-9.809,0.06
329177,-10.089,0.06
329178,-10.123,0.06
329179,-10.062,0.06
329180,-10.382,0.06
329181,-10.301,0.06
329182,-9.967,0.06
329183,-10.255,0.06
329184,-10.009,0.06
329185,-10.071,0.06
329186,-9.866,0.06
329187,-10.037,0.06
329188,-9.998,0.06
329189,-10.288,0.06
329190,-10.037,0.06
329191,-10.154,0.06
329192,-10.028,0.06
329193,-9.97,0.06
329194,-9.988,0.06
329195,-9.704,0.06
329196,-9.951,0.06
329197,-9.762,0.06
329198,-9.803,0.06
329199,-9.88,0.06
329200,-9.667,0.06
329201,-9.569,0.06
329202,-9.692,0.06
329203,-9.542,0.06
329204,-9.734,0.06
329205,-9.564,0.06
329206,-9.595,0.06
329207,-9.571,0.06
329208,-9.693,0.06
329209,-9.571,0.06
329210,-9.564,0.06
329211,-9.52,0.06
329212,-9.47,0.06
329213,-9.446,0.06
329214,-9.38,0.06
329215,-9.4,0.06
329216,-9.401,0.06
329217,-9.429,0.06
329218,-9.312,0.06
329219,-9.275,0.06
329220,-9.417,0.06
329221,-9.281,0.06
329222,-9.18,0.06
329223,-9.347,0.06
329224,-9.181,0.06
329225,-9.217,0.06
329226,-9.106,0.06
329227,-9.169,0.06
329228,-8.958,0.06
329229,-8.979,0.06
329230,-9.095,0.06
329231,-8.973,0.06
329232,-8.914,0.06
329233,-8.946,0.06
329234,-8.827,0.06
329235,-8.839,0.06
329236,-8.807,0.06
329237,-8.705,0.06
329238,-8.592,0.06
329239,-8.761,0.06
329240,-8.72,0.06
329241,-8.585,0.06
329242,-8.657,0.06
329243,-8.611,0.06
329244,-8.737,0.06
329245,-8.639,0.06
329246,-8.525,0.06
329247,-8.516,0.06
329248,-8.458,0.06
329249,-8.645,0.06
329250,-8.349,0.06
329251,-8.345,0.06
329252,-8.383,0.06
329253,-8.478,0.06
329254,-8.461,0.06
329255,-8.322,0.06
329256,-8.333,0.06
329257,-8.293,0.06
329258,-8.159,0.06
329259,-8.07,0.06
329260,-8.085,0.06
329261,-7.989,0.06
329262,-7.979,0.06
329263,-7.883,0.06
329264,-7.823,0.06
329265,-7.713,0.06
329266,-7.803,0.06
329267,-7.901,0.06
329268,-7.71,0.06
329269,-7.585,0.06
329270,-7.603,0.06
329271,-7.43,0.06
329272,-7.366,0.06
329273,-7.263,0.06
329274,-7.354,0.06
329275,-7.275,0.06
329276,-7.179,0.06
329277,-7.202,0.06
329278,-7,0.06
329279,-7.111,0.06
329280,-7.057,0.06
329281,-6.954,0.06
329282,-7.046,0.06
329283,-7.14,0.06
329284,-6.987,0.06
329285,-7.007,0.06
329286,-7.089,0.06
329287,-7.114,0.06
329288,-6.898,0.06
329289,-7.066,0.06
329290,-6.892,0.06
329291,-6.868,0.06
329292,-6.902,0.06
329293,-6.909,0.06
329294,-7.042,0.06
329295,-6.861,0.06
329296,-7.04,0.06
329297,-6.885,0.06
329298,-6.993,0.06
329299,-6.982,0.06
329300,-6.809,0.06
329301,-6.563,0.06
329302,-6.199,0.06
329303,-6.481,0.06
329304,-6.321,0.06
329305,-6.475,0.06
329306,-6.144,0.06
329307,-6.098,0.06
329308,-6.114,0.06
329309,-6.148,0.06
329310,-6.228,0.06
329311,-6.19,0.06
329312,-6.23,0.06
329313,-6.17,0.06
329314,-6.184,0.06
329315,-6.14,0.06
329316,-6.096,0.06
329317,-5.987,0.06
329318,-6.115,0.06
329319,-6.171,0.06
329320,-6.2,0.06
329321,-6.312,0.06
329322,-6.402,0.06
329323,-6.129,0.06
329324,-6.322,0.06
329325,-6.066,0.06
329326,-6.134,0.06
329327,-6.141,0.06
329328,-6.174,0.06
329329,-6.219,0.06
329330,-6.071,0.06
329331,-6.14,0.06
329332,-6.045,0.06
329333,-5.948,0.06
329334,-5.961,0.06
329335,-6.037,0.06
329336,-5.977,0.06
329337,-6.125,0.06
329338,-6.264,0.06
329339,-5.98,0.06
329340,-5.942,0.06
329341,-6.181,0.06
329342,-5.932,0.06
329343,-5.78,0.06
329344,-5.864,0.06
329345,-5.946,0.06
329346,-5.891,0.06
329347,-5.928,0.06
329348,-6.172,0.06
329349,-6.03,0.06
329350,-5.758,0.06
329351,-6.101,0.06
329352,-5.963,0.06
329353,-5.942,0.06
329354,-5.886,0.06
329355,-5.951,0.06
329356,-6.03,0.06
329357,-5.963,0.06
329358,-6.132,0.06
329359,-5.85,0.06
329360,-5.975,0.06
329361,-5.938,0.06
329362,-5.998,0.06
329363,-6.113,0.06
329364,-5.928,0.06
329365,-6.05,0.06
329366,-5.945,0.06
329367,-6.058,0.06
329368,-5.897,0.06
329369,-8.947,0.06
329370,-8.616,0.06
329371,-8.802,0.06
329372,-8.814,0.06
329373,-8.9,0.06
329374,-9.047,0.06
329375,-8.956,0.06
329376,-8.896,0.06
329377,-8.949,0.06
329378,-9.106,0.06
329379,-8.932,0.06
329380,-9.044,0.06
329381,-8.848,0.06
329382,-8.936,0.06
329383,-8.807,0.06
329384,-8.942,0.06
329385,-8.952,0.06
329386,-8.957,0.06
329387,-8.92,0.06
329388,-9.091,0.06
329389,-9.165,0.06
329390,-9.026,0.06
329391,-9.01,0.06
329392,-8.859,0.06
329393,-8.975,0.06
329394,-9.146,0.06
329395,-9.143,0.06
329396,-9.13,0.06
329397,-8.943,0.06
329398,-9.258,0.06
329399,-9.052,0.06
329400,-9.14,0.06
329401,-9.066,0.06
329402,-9.071,0.06
329403,-8.917,0.06
329404,-9.032,0.06
329405,-8.951,0.06
329406,-8.955,0.06
329407,-9.077,0.06
329408,-9.042,0.06
329409,-8.988,0.06
329410,-9.333,0.06
329411,-9.314,0.06
329412,-9.069,0.06
329413,-8.928,0.06
329414,-8.763,0.06
329415,-9.117,0.06
329416,-9.131,0.06
329417,-9.063,0.06
329418,-9.065,0.06
329419,-9.255,0.06
329420,-9.033,0.06
329421,-8.997,0.06
329422,-8.877,0.06
329423,-9.157,0.06
329424,-9.122,0.06
329425,-8.997,0.06
329426,-8.954,0.06
329427,-9.179,0.06
329428,-8.958,0.06
329429,-9.044,0.06
329430,-9.044,0.06
329431,-9.143,0.06
329432,-9.061,0.06
329433,-9.138,0.06
329434,-9.113,0.06
329435,-9.023,0.06
329436,-8.81,0.06
329437,-8.864,0.06
329438,-8.914,0.06
329439,-9.023,0.06
329440,-9.101,0.06
329441,-8.969,0.06
329442,-8.968,0.06
329443,-9.17,0.06
329444,-9.071,0.06
329445,-9.209,0.06
329446,-9.308,0.06
329447,-9.322,0.06
329448,-9.362,0.06
329449,-8.862,0.06
329450,-9.143,0.06
329451,-9.153,0.06
329452,-9.351,0.06
329453,-9.438,0.06
329454,-9.185,0.06
329455,-9.268,0.06
329456,-9.46,0.06
329457,-9.055,0.06
329458,-9.267,0.06
329459,-8.845,0.06
329460,-9.054,0.06
329461,-8.858,0.06
329462,-8.994,0.06
329463,-9.017,0.06
329464,-8.948,0.06
329465,-8.857,0.06
329466,-9.129,0.06
329467,-9.238,0.06
329468,-9.387,0.06
329469,-9.078,0.06
329470,-9.17,0.06
329471,-9.361,0.06
329472,-9.037,0.06
329473,-9.41,0.06
329474,-9.267,0.06
329475,-9.264,0.06
329476,-9.276,0.06
329477,-9.362,0.06
329478,-9.323,0.06
329479,-9.245,0.06
329480,-9.278,0.06
329481,-9.497,0.06
329482,-9.314,0.06
329483,-9.232,0.06
329484,-9.838,0.06
329485,-9.188,0.06
329486,-9.574,0.06
329487,-9.517,0.06
329488,-9.56,0.06
329489,-9.067,0.06
329490,-9.253,0.06
329491,-9.693,0.06
329492,-9.399,0.06
329493,-9.72,0.06
329494,-9.012,0.06
329495,-9.618,0.06
329496,-9.904,0.06
329497,-9.841,0.06
329498,-9.886,0.06
329499,-9.733,0.06
329500,-10.146,0.06
329501,-9.801,0.06
329502,-9.828,0.06
329503,-9.975,0.06
329504,-9.929,0.06
329505,-9.65,0.06
329506,-9.718,0.06
329507,-9.931,0.06
329508,-10.279,0.06
329509,-9.619,0.06
329510,-9.45,0.06
329511,-9.348,0.06
329512,-9.488,0.06
329513,-9.498,0.06
329514,-9.451,0.06
329515,-9.487,0.06
329516,-9.331,0.06
329517,-9.518,0.06
329518,-9.536,0.06
329519,-9.333,0.06
329520,-9.511,0.06
329521,-9.244,0.06
329522,-9.509,0.06
329523,-9.43,0.06
329524,-9.439,0.06
329525,-9.266,0.06
329526,-9.42,0.06
329527,-9.34,0.06
329528,-9.688,0.06
329529,-9.679,0.06
329530,-9.651,0.06
329531,-9.655,0.06
329532,-9.669,0.06
329533,-9.775,0.06
329534,-9.732,0.06
329535,-9.781,0.06
329536,-9.882,0.06
329537,-9.8,0.06
329538,-9.821,0.06
329539,-9.896,0.06
329540,-9.853,0.06
329541,-9.824,0.06
329542,-9.793,0.06
329543,-9.892,0.06
329544,-9.79,0.06
329545,-9.827,0.06
329546,-9.739,0.06
329547,-9.5,0.06
329548,-9.656,0.06
329549,-9.83,0.06
329550,-9.977,0.06
329551,-9.864,0.06
329552,-9.802,0.06
329553,-9.855,0.06
329554,-9.608,0.06
329555,-9.758,0.06
329556,-9.902,0.06
329557,-9.822,0.06
329558,-9.708,0.06
329559,-9.878,0.06
329560,-9.849,0.06
329561,-9.746,0.06
329562,-9.801,0.06
329563,-9.653,0.06
329564,-9.912,0.06
329565,-9.967,0.06
329566,-9.607,0.06
329567,-9.711,0.06
329568,-9.556,0.06
329569,-9.506,0.06
329570,-9.59,0.06
329571,-9.758,0.06
329572,-9.907,0.06
329573,-9.939,0.06
329574,-9.832,0.06
329575,-9.909,0.06
329576,-9.674,0.06
329577,-9.886,0.06
329578,-9.953,0.06
329579,-9.959,0.06
329580,-9.952,0.06
329581,-9.992,0.06
329582,-9.986,0.06
329583,-9.875,0.06
329584,-10.03,0.06
329585,-9.949,0.06
329586,-9.936,0.06
329587,-9.977,0.06
329588,-10.026,0.06
329589,-10.071,0.06
329590,-9.862,0.06
329591,-9.779,0.06
329592,-10.083,0.06
329593,-10.121,0.06
329594,-9.995,0.06
329595,-9.897,0.06
329596,-9.966,0.06
329597,-9.907,0.06
329598,-10.031,0.06
329599,-10.021,0.06
329600,-10.009,0.06
329601,-10.029,0.06
329602,-9.923,0.06
329603,-10,0.06
329604,-10.048,0.06
329605,-10.009,0.06
329606,-9.972,0.06
329607,-10.086,0.06
329608,-10.003,0.06
329609,-9.924,0.06
329610,-10.001,0.06
329611,-9.987,0.06
329612,-10.011,0.06
329613,-9.898,0.06
329614,-10.018,0.06
329615,-10.053,0.06
329616,-10.161,0.06
329617,-9.83,0.06
329618,-10.077,0.06
329619,-10.05,0.06
329620,-10.184,0.06
329621,-10.304,0.06
329622,-10.399,0.06
329623,-10.312,0.06
329624,-10.159,0.06
329625,-10.288,0.06
329626,-10.302,0.06
329627,-10.167,0.06
329628,-10.155,0.06
329629,-10.657,0.06
329630,-11.001,0.06
329631,-11.056,0.06
329632,-10.88,0.06
329633,-11.022,0.06
329634,-10.814,0.06
329635,-10.908,0.06
329636,-10.53,0.06
329637,-9.86,0.06
329638,-9.844,0.06
329639,-10.448,0.06
329640,-10.079,0.06
329641,-11.098,0.06
329642,-11.143,0.06
329643,-11.092,0.06
329644,-11.236,0.06
329645,-11.268,0.06
329646,-11.292,0.06
329647,-11.24,0.06
329648,-11.217,0.06
329649,-11.244,0.06
329650,-11.335,0.06
329651,-11.052,0.06
329652,-10.942,0.06
329653,-11.149,0.06
329654,-11.135,0.06
329655,-10.846,0.06
329656,-10.661,0.06
329657,-10.683,0.06
329658,-10.87,0.06
329659,-10.961,0.06
329660,-11.2,0.06
329661,-10.92,0.06
329662,-10.851,0.06
329663,-10.741,0.06
329664,-9.856,0.06
329665,-9.441,0.06
329666,-8.689,0.06
329667,-8.069,0.06
329668,-7.735,0.06
329669,-10.27,0.06
329670,-10.131,0.06
329671,-9.586,0.06
329672,-8.762,0.06
329673,-8.277,0.06
329674,-8.123,0.06
329675,-8.364,0.06
329676,-8.533,0.06
329677,-8.117,0.06
329678,-7.579,0.06
329679,-7.752,0.06
329680,-7.617,0.06
329681,-7.403,0.06
329682,-7.268,0.06
329683,-7.343,0.06
329684,-7.329,0.06
329685,-7.392,0.06
329686,-7.047,0.06
329687,-7.349,0.06
329688,-7.243,0.06
329689,-7.029,0.06
329690,-6.949,0.06
329691,-7.267,0.06
329692,-7.135,0.06
329693,-7.085,0.06
329694,-7.102,0.06
329695,-6.996,0.06
329696,-7.18,0.06
329697,-7.091,0.06
329698,-6.886,0.06
329699,-7.007,0.06
329700,-6.982,0.06
329701,-7.039,0.06
329702,-7.106,0.06
329703,-6.921,0.06
329704,-6.735,0.06
329705,-7.383,0.06
329706,-7.415,0.06
329707,-7.224,0.06
329708,-7.446,0.06
329709,-7.693,0.06
329710,-7.571,0.06
329711,-7.958,0.06
329712,-7.999,0.06
329713,-7.923,0.06
329714,-8.217,0.06
329715,-9.691,0.06
329716,-9.992,0.06
329717,-9.978,0.06
329718,-10.03,0.06
329719,-10.315,0.06
329720,-10.212,0.06
329721,-10.174,0.06
329722,-9.93,0.06
329723,-10.059,0.06
329724,-10.121,0.06
329725,-10.388,0.06
329726,-10.364,0.06
329727,-10.289,0.06
329728,-10.364,0.06
329729,-10.502,0.06
329730,-10.335,0.06
329731,-10.133,0.06
329732,-10.524,0.06
329733,-10.585,0.06
329734,-10.399,0.06
329735,-10.493,0.06
329736,-10.421,0.06
329737,-10.39,0.06
329738,-10.447,0.06
329739,-10.509,0.06
329740,-10.395,0.06
329741,-10.359,0.06
329742,-10.265,0.06
329743,-10.441,0.06
329744,-10.395,0.06
329745,-10.403,0.06
329746,-10.341,0.06
329747,-10.426,0.06
329748,-10.44,0.06
329749,-10.469,0.06
329750,-10.432,0.06
329751,-10.038,0.06
329752,-9.738,0.06
329753,-9.992,0.06
329754,-9.96,0.06
329755,-9.998,0.06
329756,-9.863,0.06
329757,-10.015,0.06
329758,-9.902,0.06
329759,-10.11,0.06
329760,-9.924,0.06
329761,-9.892,0.06
329762,-9.77,0.06
329763,-9.869,0.06
329764,-9.798,0.06
329765,-9.91,0.06
329766,-9.751,0.06
329767,-9.901,0.06
329768,-9.867,0.06
329769,-9.884,0.06
329770,-9.393,0.06
329771,-9.438,0.06
329772,-9.511,0.06
329773,-9.506,0.06
329774,-9.48,0.06
329775,-9.328,0.06
329776,-9.355,0.06
329777,-9.249,0.06
329778,-9.113,0.06
329779,-9.014,0.06
329780,-9.01,0.06
329781,-8.653,0.06
329782,-8.597,0.06
329783,-8.41,0.06
329784,-8.059,0.06
329785,-8.185,0.06
329786,-7.853,0.06
329787,-7.475,0.06
329788,-7.176,0.06
329789,-7.18,0.06
329790,-6.736,0.06
329791,-6.709,0.06
329792,-6.744,0.06
329793,-6.731,0.06
329794,-6.909,0.06
329795,-6.709,0.06
329796,-6.488,0.06
329797,-6.014,0.06
329798,-6.078,0.06
329799,-6.128,0.06
329800,-6.084,0.06
329801,-6.081,0.06
329802,-5.781,0.06
329803,-5.683,0.06
329804,-5.589,0.06
329805,-5.823,0.06
329806,-5.875,0.06
329807,-5.902,0.06
329808,-5.59,0.06
329809,-5.99,0.06
329810,-6.192,0.06
329811,-6.266,0.06
329812,-6.063,0.06
329813,-6.121,0.06
329814,-6.456,0.06
329815,-6.726,0.06
329816,-5.934,0.06
329817,-6.08,0.06
329818,-6.007,0.06
329819,-6.274,0.06
329820,-6.495,0.06
329821,-6.945,0.06
329822,-7.557,0.06
329823,-7.804,0.06
329824,-8,0.06
329825,-7.528,0.06
329826,-7.807,0.06
329827,-7.317,0.06
329828,-7.424,0.06
329829,-7.592,0.06
329830,-7.446,0.06
329831,-7.218,0.06
329832,-7.265,0.06
329833,-7.285,0.06
329834,-6.4,0.06
329835,-6.33,0.06
329836,-5.75,0.06
329837,-5.786,0.06
329838,-5.857,0.06
329839,-6.486,0.06
329840,-7.768,0.06
329841,-7.57,0.06
329842,-7.329,0.06
329843,-7.295,0.06
329844,-7.368,0.06
329845,-7.244,0.06
329846,-7.095,0.06
329847,-7.359,0.06
329848,-6.241,0.06
329849,-6.881,0.06
329850,-7.803,0.06
329851,-8.126,0.06
329852,-8.05,0.06
329853,-7.869,0.06
329854,-7.723,0.06
329855,-8.177,0.06
329856,-8.177,0.06
329857,-8.412,0.06
329858,-8.693,0.06
329859,-8.188,0.06
329860,-8.655,0.06
329861,-8.53,0.06
329862,-9.036,0.06
329863,-9.205,0.06
329864,-8.772,0.06
329865,-9.093,0.06
329866,-9.459,0.06
329867,-9.76,0.06
329868,-9.42,0.06
329869,-9.085,0.06
329870,-9.376,0.06
329871,-8.904,0.06
329872,-8.502,0.06
329873,-10.583,0.06
329874,-8.508,0.06
329875,-7.944,0.06
329876,-8.972,0.06
329877,-8.09,0.06
329878,-6.271,0.06
329879,-6.655,0.06
329880,-6.636,0.06
329881,-7.515,0.06
329882,-8.32,0.06
329883,-7.327,0.06
329884,-6.408,0.06
329885,-9.098,0.06
329886,-9.295,0.06
329887,-9.416,0.06
329888,-9.63,0.06
329889,-10.05,0.06
329890,-10.263,0.06
329891,-10.476,0.06
329892,-11.095,0.06
329893,-10.717,0.06
329894,-10.563,0.06
329895,-10.148,0.06
329896,-9.598,0.06
329897,-9.949,0.06
329898,-10.062,0.06
329899,-10.547,0.06
329900,-10.958,0.06
329901,-10.459,0.06
329902,-10.669,0.06
329903,-11.171,0.06
329904,-11.222,0.06
329905,-11.129,0.06
329906,-10.794,0.06
329907,-10.732,0.06
329908,-9.548,0.06
329909,-10.017,0.06
329910,-9.975,0.06
329911,-10.242,0.06
329912,-10.194,0.06
329913,-10.374,0.06
329914,-10.221,0.06
329915,-10.593,0.06
329916,-9.77,0.06
329917,-8.384,0.06
329918,-8.324,0.06
329919,-8.521,0.06
329920,-7.538,0.06
329921,-7.03,0.06
329922,-6.908,0.06
329923,-7.532,0.06
329924,-7.353,0.06
329925,-7.251,0.06
329926,-7.224,0.06
329927,-7.151,0.06
329928,-7.064,0.06
329929,-7.141,0.06
329930,-7.119,0.06
329931,-7.078,0.06
329932,-7.014,0.06
329933,-7.043,0.06
329934,-7.167,0.06
329935,-7.027,0.06
329936,-7.157,0.06
329937,-6.688,0.06
329938,-7.025,0.06
329939,-7.709,0.06
329940,-7.396,0.06
329941,-8.203,0.06
329942,-8.506,0.06
329943,-8.309,0.06
329944,-8.316,0.06
329945,-8.217,0.06
329946,-8.197,0.06
329947,-8.092,0.06
329948,-8.376,0.06
329949,-8.9,0.06
329950,-8.208,0.06
329951,-8.347,0.06
329952,-8.932,0.06
329953,-8.807,0.06
329954,-8.403,0.06
329955,-8.852,0.06
329956,-8.585,0.06
329957,-9.147,0.06
329958,-8.856,0.06
329959,-8.684,0.06
329960,-8.657,0.06
329961,-8.612,0.06
329962,-8.435,0.06
329963,-8.999,0.06
329964,-7.968,0.06
329965,-8.945,0.06
329966,-8.63,0.06
329967,-8.916,0.06
329968,-8.503,0.06
329969,-8.739,0.06
329970,-8.051,0.06
329971,-8.706,0.06
329972,-8.799,0.06
329973,-8.869,0.06
329974,-8.122,0.06
329975,-8.374,0.06
329976,-8.173,0.06
329977,-8.554,0.06
329978,-8.566,0.06
329979,-8.351,0.06
329980,-8.606,0.06
329981,-8.455,0.06
362578,-3.0897,0.1
362579,-2.729,0.1
362580,-2.3104,0.1
362581,-3.141,0.1
362582,-2.5558,0.1
362583,-3.135,0.1
362584,-2.5428,0.1
362585,-3.025,0.1
362586,-2.7581,0.1
362587,-3.077,0.1
362588,-2.6519,0.1
362589,-3.9222,0.1
362590,-3.861,0.1
362591,-3.8321,0.1
362592,-3.4082,0.1
362593,-3.9272,0.1
362594,-3.6957,0.1
362595,-4.5923,0.1
362596,-3.3181,0.1
362597,-4.3092,0.1
362598,-3.883,0.1
362599,-4.5763,0.1
362600,-3.4122,0.1
362601,-3.8201,0.1
362602,-3.5454,0.1
362603,-4.0312,0.1
362604,-3.3942,0.1
362605,-3.5374,0.1
362606,-4.1762,0.1
362607,-3.306,0.1
362608,-3.8611,0.1
362610,-3.7568,0.1
362611,-4.7743,0.1
362612,-4.0383,0.1
362613,-4.7373,0.1
362614,-4.9678,0.1
362615,-4.2892,0.1
362616,-3.9651,0.1
362617,-4.1158,0.1
362618,-4.0641,0.1
362619,-4.5279,0.1
362620,-4.1348,0.1
362621,-4.3053,0.1
362622,-4.3412,0.1
362623,-4.1078,0.1
362624,-4.1632,0.1
362625,-3.8076,0.1
362626,-4.3628,0.1
362627,-4.3591,0.1
362628,-4.3622,0.1
362629,-4.3662,0.1
362630,-4.2727,0.1
362631,-4.0803,0.1
362632,-4.1351,0.1
362633,-4.3577,0.1
362634,-3.8952,0.1
362635,-3.7978,0.1
362636,-3.9667,0.1
362637,-3.5394,0.1
362638,-4.1728,0.1
362639,-4.4498,0.1
362640,-4.1703,0.1
362641,-4.3691,0.1
362642,-4.1014,0.1
362643,-4.4281,0.1
362644,-4.0243,0.1
362645,-4.957,0.1
362646,-4.3467,0.1
362647,-4.0852,0.1
362648,-4.1609,0.1
362649,-3.9722,0.1
362650,-4.3632,0.1
362651,-4.5279,0.1
362652,-4.2226,0.1
362653,-4.3958,0.1
362654,-4.2258,0.1
362655,-3.7413,0.1
362656,-5.108,0.1
362657,-4.3503,0.1
362658,-4.0697,0.1
362659,-4.3603,0.1
362660,-4.6356,0.1
362661,-4.9146,0.1
362662,-4.8234,0.1
362663,-4.4779,0.1
362664,-4.5562,0.1
362665,-4.5372,0.1
362666,-5.3925,0.1
362667,-5.5688,0.1
362668,-5.0815,0.1
362669,-4.5577,0.1
362670,-4.7041,0.1
362671,-4.8037,0.1
362672,-5.1708,0.1
362673,-4.6284,0.1
362674,-4.6537,0.1
362675,-4.3317,0.1
362676,-4.7914,0.1
362677,-5.0643,0.1
362678,-4.6444,0.1
362679,-4.578,0.1
362680,-4.7274,0.1
362681,-4.541,0.1
362682,-4.8701,0.1
362683,-4.4683,0.1
362684,-4.8409,0.1
362685,-4.665,0.1
362686,-4.5851,0.1
362687,-4.6924,0.1
362688,-4.5838,0.1
362689,-4.4909,0.1
362690,-4.2355,0.1
362691,-4.312,0.1
362692,-4.3221,0.1
362693,-4.7168,0.1
362694,-4.3597,0.1
362695,-4.6348,0.1
362696,-4.1003,0.1
362697,-3.9041,0.1
362698,-4.1747,0.1
362699,-4.6062,0.1
362700,-4.2893,0.1
362701,-4.692,0.1
362702,-4.67,0.1
362703,-4.4909,0.1
362704,-4.4862,0.1
362705,-4.3597,0.1
362706,-4.4421,0.1
362707,-4.5221,0.1
362708,-4.5147,0.1
362709,-4.9291,0.1
362710,-4.4081,0.1
362711,-4.4341,0.1
362712,-4.3039,0.1
362713,-4.3992,0.1
362714,-4.1042,0.1
362715,-4.2943,0.1
362716,-4.1339,0.1
362717,-3.9101,0.1
362718,-3.9701,0.1
362719,-4.0879,0.1
362720,-4.1783,0.1
362721,-4.5392,0.1
362722,-4.5792,0.1
362723,-4.4469,0.1
362724,-3.914,0.1
362725,-4.6448,0.1
362726,-4.4234,0.1
362727,-4.8457,0.1
362728,-4.6383,0.1
362729,-4.8329,0.1
362730,-5.3495,0.1
362731,-4.6686,0.1
362732,-4.5313,0.1
362733,-4.4926,0.1
362734,-5.0708,0.1
362735,-4.8038,0.1
362736,-4.7897,0.1
362737,-4.397,0.1
362738,-4.5197,0.1
362739,-4.7473,0.1
362740,-4.4473,0.1
362741,-4.2373,0.1
362742,-4.1489,0.1
362743,-4.0207,0.1
362744,-4.4852,0.1
362745,-4.2486,0.1
362746,-4.0079,0.1
362747,-4.0995,0.1
362748,-4.1657,0.1
362749,-3.9478,0.1
362750,-3.9115,0.1
362751,-4.0775,0.1
362752,-4.087,0.1
362753,-3.7792,0.1
362754,-3.9002,0.1
362755,-3.7539,0.1
362756,-4.0604,0.1
362757,-3.9614,0.1
362758,-3.9146,0.1
362759,-3.9937,0.1
362760,-3.8325,0.1
362761,-3.8015,0.1
362762,-3.8651,0.1
362763,-3.71,0.1
362764,-3.6923,0.1
362765,-3.7004,0.1
362766,-3.7864,0.1
362767,-3.6563,0.1
362768,-3.9074,0.1
362769,-3.8341,0.1
362770,-4.0094,0.1
362771,-3.688,0.1
362772,-3.1097,0.1
362773,-3.207,0.1
362774,-3.2422,0.1
362775,-3.4573,0.1
362776,-3.6253,0.1
362777,-3.9282,0.1
362778,-3.674,0.1
362779,-3.3398,0.1
362780,-2.8549,0.1
362781,-3.1574,0.1
362782,-3.2454,0.1
362783,-3.1863,0.1
362784,-3.2948,0.1
362785,-2.9777,0.1
362786,-3.9434,0.1
362787,-4.0702,0.1
362788,-4.0992,0.1
362789,-3.7063,0.1
362790,-3.9364,0.1
362791,-3.6609,0.1
362792,-4.0346,0.1
362793,-3.817,0.1
362794,-3.8967,0.1
362795,-4.0295,0.1
362796,-4.4582,0.1
362797,-4.3846,0.1
362798,-4.5004,0.1
362799,-4.4635,0.1
362800,-4.5049,0.1
362801,-4.1093,0.1
362802,-4.4091,0.1
362803,-5.003,0.1
362804,-4.0716,0.1
362805,-4.1329,0.1
362806,-3.5332,0.1
362807,-3.6007,0.1
362808,-3.7582,0.1
362809,-3.8936,0.1
362810,-3.9224,0.1
362811,-4.2743,0.1
362812,-4.3884,0.1
362813,-3.9332,0.1
362814,-2.6208,0.1
362815,-2.6801,0.1
362816,-2.9118,0.1
362817,-3.2095,0.1
362818,-3.4237,0.1
362819,-3.422,0.1
362820,-3.4863,0.1
362821,-4.009,0.1
362822,-3.9383,0.1
362823,-3.5174,0.1
362824,-3.1583,0.1
362825,-3.4049,0.1
362826,-3.4381,0.1
362827,-3.342,0.1
362828,-3.126,0.1
362829,-3.634,0.1
362830,-3.3681,0.1
362831,-3.7231,0.1
362832,-4.1738,0.1
362833,-3.809,0.1
362834,-3.7923,0.1
362835,-3.5815,0.1
362836,-3.5831,0.1
362837,-3.558,0.1
362838,-3.6468,0.1
362839,-3.6624,0.1
362840,-3.4769,0.1
362841,-3.6789,0.1
362842,-3.2095,0.1
362843,-3.392,0.1
362844,-3.1426,0.1
362845,-3.0404,0.1
362846,-3.3109,0.1
362847,-2.8554,0.1
362848,-2.7696,0.1
362849,-2.7967,0.1
362850,-2.2497,0.1
362851,-2.1121,0.1
362852,-1.9817,0.1
362853,-1.9766,0.1
362854,-2.2201,0.1
362855,-2.0966,0.1
362856,-2.4142,0.1
362857,-2.1598,0.1
362858,-3.4114,0.1
362859,-2.793,0.1
362860,-2.8026,0.1
362861,-2.4821,0.1
362862,-2.5453,0.1
362863,-2.2452,0.1
362864,-2.3912,0.1
362865,-2.1863,0.1
362866,-3.446,0.1
362867,-2.366,0.1
362868,-2.6316,0.1
362869,-2.5596,0.1
362870,-2.463,0.1
362871,-1.7629,0.1
362872,-3.1708,0.1
362873,-3.4961,0.1
362874,-3.3467,0.1
362875,-3.2752,0.1
362876,-3.0753,0.1
362877,-2.9415,0.1
362878,-2.9491,0.1
362879,-2.7417,0.1
362880,-2.4447,0.1
362881,-2.7641,0.1
362882,-2.5102,0.1
362883,-2.5673,0.1
362884,-2.2165,0.1
362885,-2.3648,0.1
362886,-2.2866,0.1
362887,-2.3449,0.1
362888,-2.3056,0.1
362889,-2.3828,0.1
362890,-2.2587,0.1
362891,-2.6472,0.1
362892,-2.5591,0.1
362893,-2.526,0.1
362894,-2.4041,0.1
362895,-2.0121,0.1
362896,-3.5438,0.1
362897,-3.85,0.1
362898,-2.8352,0.1
362899,-2.7238,0.1
362900,-2.9055,0.1
362901,-2.8282,0.1
362902,-3.7606,0.1
362903,-4.0507,0.1
362904,-4.0668,0.1
362905,-3.6854,0.1
362906,-4.0818,0.1
362907,-4.2625,0.1
362908,-4.4221,0.1
362909,-4.2605,0.1
362910,-4.6931,0.1
362911,-4.401,0.1
362912,-5.0424,0.1
362913,-4.0246,0.1
362914,-4.5907,0.1
362915,-4.4332,0.1
362916,-4.5486,0.1
362917,-4.4914,0.1
362918,-4.4311,0.1
362919,-4.2254,0.1
362920,-4.4061,0.1
362921,-3.8148,0.1
362922,-3.1353,0.1
362923,-1.4872,0.1
362924,-1.5976,0.1
362925,-1.8465,0.1
362926,-1.8033,0.1
362927,-2.1326,0.1
362928,-2.3735,0.1
362929,-3.1042,0.1
362930,-2.2289,0.1
362931,-1.7501,0.1
362932,-1.4079,0.1
362933,-1.9941,0.1
362934,-1.8405,0.1
362935,-2.3293,0.1
362936,-1.8746,0.1
362937,-1.3878,0.1
362938,-2.791,0.1
362939,-2.2132,0.1
362940,-3.3191,0.1
362941,-2.671,0.1
362942,-2.4869,0.1
362943,-2.2513,0.1
362944,-2.852,0.1
362945,-2.3625,0.1
362946,-2.766,0.1
362947,-2.3625,0.1
362948,-2.937,0.1
362949,-1.9528,0.1
362950,-2.4549,0.1
362951,-3.4011,0.1
362953,-2.1261,0.1
362954,-2.1069,0.1
362955,-1.9317,0.1
362956,-2.827,0.1
362957,-2.101,0.1
362958,-2.722,0.1
362959,-2.3625,0.1
362960,-2.4959,0.1
362961,-2.2643,0.1
362962,-2.4019,0.1
362963,-1.7104,0.1
362964,-2.3729,0.1
362965,-1.8817,0.1
362966,-2.814,0.1
362967,-2.663,0.1
362968,-3.3561,0.1
362969,-2.3615,0.1
362970,-3.098,0.1
362971,-2.2152,0.1
362972,-3.101,0.1
362973,-2.7681,0.1
362974,-2.976,0.1
362975,-2.7231,0.1
362976,-3.079,0.1
362977,-2.099,0.1
362978,-3.056,0.1
362979,-2.1591,0.1
362980,-2.796,0.1
362981,-3.0015,0.1
362982,-2.955,0.1
362983,-2.0229,0.1
362984,-2.906,0.1
362985,-2.6519,0.1
362986,-3.2951,0.1
362987,-2.1942,0.1
362988,-2.4569,0.1
362989,-1.9217,0.1
362990,-2.0268,0.1
362991,-1.6413,0.1
362992,-2.4149,0.1
362993,-1.9598,0.1
362994,-2.3269,0.1
362995,-2.092,0.1
362996,-2.0938,0.1
362997,-1.6342,0.1
362998,-1.9468,0.1
362999,-2.087,0.1
363000,-1.9068,0.1
363001,-1.8065,0.1
363002,-2.2819,0.1
363003,-1.6152,0.1
363004,-2.3989,0.1
363005,-2.1812,0.1
363006,-2.3219,0.1
363007,-2.0349,0.1
363008,-2.963,0.1
363009,-2.3955,0.1
363010,-2.0988,0.1
363011,-2.1511,0.1
363012,-2.0448,0.1
363013,-1.8907,0.1
363014,-2.0408,0.1
363015,-1.5721,0.1
363016,-2.6119,0.1
363017,-1.469,0.1
363018,-1.7988,0.1
363019,-1.844,0.1
363020,-2.129,0.1
363021,-2.196,0.1
363022,-2.963,0.1
363023,-3.784,0.1
363024,-2.72,0.1
363025,-2.861,0.1
363026,-2.491,0.1
363027,-3.048,0.1
363028,-2.935,0.1
363029,-3.539,0.1
363030,-2.314,0.1
363031,-3.01,0.1
363032,-2.699,0.1
363033,-2.742,0.1
363034,-3.006,0.1
363035,-3.183,0.1
363036,-3.169,0.1
363037,-3.163,0.1
363038,-3.744,0.1
363039,-3.597,0.1
363040,-3.75,0.1
363041,-3.908,0.1
363042,-4.132,0.1
363043,-3.003,0.1
363044,-3.325,0.1
363045,-3.584,0.1
363046,-3.235,0.1
363047,-2.811,0.1
363048,-2.531,0.1
363049,-2.275,0.1
363050,-2.957,0.1
363051,-3.226,0.1
363052,-2.74,0.1
363053,-2.658,0.1
363054,-3.1,0.1
363055,-3.116,0.1
363056,-3.063,0.1
363057,-3.032,0.1
363058,-3.17,0.1
363059,-3.284,0.1
363060,-3.297,0.1
363061,-2.827,0.1
363062,-2.76,0.1
363064,-2.532,0.1
363065,-2.69,0.1
363066,-1.894,0.1
363067,-2.687,0.1
363068,-2.541,0.1
363069,-3.53,0.1
363070,-2.993,0.1
363071,-3.619,0.1
363072,-2.527,0.1
363073,-2.772,0.1
363074,-2.837,0.1
363075,-2.874,0.1
363076,-3.273,0.1
363077,-3.539,0.1
363078,-4.193,0.1
363079,-2.989,0.1
363080,-3.521,0.1
363081,-2.744,0.1
363082,-2.946,0.1
363083,-2.968,0.1
363084,-2.824,0.1
363085,-3.005,0.1
363086,-3.32,0.1
363087,-2.686,0.1
363088,-3.112,0.1
363089,-2.805,0.1
363090,-3.073,0.1
363091,-2.823,0.1
363092,-3.085,0.1
363093,-3.326,0.1
363094,-3.169,0.1
363095,-3.76,0.1
363096,-3.787,0.1
363097,-3.36,0.1
363098,-3.925,0.1
363099,-1.473,0.1
363100,-2.038,0.1
363101,-1.868,0.1
363102,-0.88,0.1
363103,-1.912,0.1
363104,-2.856,0.1
363105,-2.139,0.1
363106,-2.726,0.1
363107,-2.111,0.1
363108,-1.712,0.1
363109,-1.964,0.1
363110,-2.434,0.1
363111,-2.413,0.1
363112,-2.517,0.1
363113,-1.746,0.1
363114,-1.422,0.1
363115,-2.308,0.1
363116,-1.156,0.1
363117,-1.664,0.1
363118,-2.187,0.1
363119,-3.418,0.1
363120,-2.261,0.1
363121,-2.073,0.1
363122,-2.672,0.1
363123,-2.497,0.1
363124,-1.531,0.1
363125,-2.064,0.1
363126,-2.349,0.1
363127,-3.454,0.1
363128,-3.199,0.1
363129,-1.96,0.1
363130,-1.655,0.1
363131,-2.321,0.1
363132,-1.736,0.1
363133,-1.809,0.1
363134,-1.969,0.1
363135,-1.816,0.1
363136,-2.399,0.1
363137,-2.243,0.1
363138,-2.329,0.1
363139,-2.063,0.1
363140,-2.566,0.1
363141,-2.707,0.1
363142,-1.836,0.1
363143,-1.732,0.1
363144,-3.102,0.1
363145,-3.025,0.1
363146,-2.927,0.1
363147,-3.606,0.1
363148,-3.212,0.1
363149,-3.037,0.1
363150,-3.195,0.1
363151,-3.338,0.1
363152,-3.175,0.1
363153,-3.988,0.1
363154,-4.422,0.1
363155,-4.134,0.1
363156,-3.528,0.1
363157,-3.271,0.1
363158,-3.295,0.1
363159,-3.211,0.1
363160,-3.102,0.1
363161,-2.873,0.1
363162,-3.109,0.1
363163,-2.996,0.1
363164,-2.951,0.1
363165,-3.237,0.1
363166,-2.406,0.1
363167,-1.99,0.1
363168,-2.152,0.1
363169,-2.997,0.1
363170,-1.868,0.1
363171,-1.459,0.1
363172,-1.507,0.1
363173,-1.458,0.1
363174,-1.48,0.1
363175,-1.5,0.1
363176,-1.43,0.1
363177,-2.005,0.1
363178,-1.9,0.1
363180,-2.156,0.1
363181,-1.925,0.1
363182,-1.892,0.1
363183,-1.185,0.1
363184,-1.423,0.1
363185,-2.037,0.1
363186,-1.642,0.1
363187,-1.572,0.1
363188,-1.816,0.1
363189,-1.806,0.1
363190,-2.085,0.1
363191,-1.938,0.1
363192,-1.655,0.1
363193,-1.71,0.1
363194,-1.895,0.1
363195,-2.441,0.1
363196,-2.162,0.1
363197,-2.118,0.1
363198,-2.219,0.1
363199,-2.203,0.1
363200,-2.095,0.1
363201,-1.965,0.1
363202,-1.84,0.1
363203,-2.151,0.1
363204,-1.852,0.1
363205,-2.223,0.1
363206,-2.43,0.1
363207,-2.325,0.1
363208,-2.32,0.1
363209,-2.436,0.1
363210,-2.578,0.1
363211,-2.66,0.1
363212,-2.544,0.1
363213,-2.189,0.1
363214,-1.803,0.1
363215,-1.931,0.1
363216,-2.32,0.1
363217,-2.625,0.1
363218,-2.326,0.1
363219,-2.144,0.1
363220,-2.239,0.1
363221,-2.099,0.1
363222,-2.021,0.1
363223,-1.66,0.1
363224,-1.716,0.1
363225,-1.736,0.1
363226,-5.686,0.1
363227,-7.138,0.1
363228,-6.03,0.1
363229,-6.312,0.1
363230,-7.324,0.1
363231,-6.633,0.1
363232,-4.14,0.1
363233,-5.564,0.1
363234,-6.484,0.1
363235,-6.785,0.1
363236,-3.234,0.1
363237,-3.259,0.1
363238,-3.713,0.1
363239,-3.516,0.1
363240,-3.847,0.1
363241,-3.451,0.1
363242,-3.83,0.1
363243,-3.529,0.1
363244,-3.685,0.1
363245,-3.831,0.1
363246,-3.104,0.1
363247,-3.446,0.1
363248,-3.177,0.1
363249,-3.692,0.1
363250,-2.483,0.1
363251,-2.747,0.1
363252,-2.536,0.1
363253,-2.543,0.1
363254,-3.466,0.1
363255,-2.977,0.1
363256,-3.366,0.1
363257,-3.692,0.1
363258,-2.483,0.1
363259,-2.747,0.1
363260,-2.536,0.1
363261,-2.543,0.1
363262,-3.466,0.1
363263,-2.977,0.1
363265,-2.799,0.1
363266,-3.066,0.1
363267,-2.374,0.1
363268,-2.383,0.1
363269,-2.08,0.1
363270,-1.533,0.1
363271,-2.431,0.1
363272,-0.887,0.1
363273,-1.62,0.1
363274,-1.614,0.1
363275,-1.61,0.1
363276,-2.327,0.1
363277,-2.056,0.1
363278,-2.009,0.1
363279,-1.582,0.1
363280,-2.673,0.1
363281,-2.264,0.1
363282,-1.552,0.1
363283,-1.239,0.1
363284,-1.491,0.1
363285,-1.687,0.1
363286,0.357,0.1
363287,-1.552,0.1
363288,-1.494,0.1
363289,-1.405,0.1
363290,-1.932,0.1
363291,-2.006,0.1
363292,-1.653,0.1
363293,-2.138,0.1
363294,-1.891,0.1
363295,-1.713,0.1
363296,-2.141,0.1
363297,-1.685,0.1
363298,-1.986,0.1
363299,-1.562,0.1
363300,-1.842,0.1
363301,-1.445,0.1
363302,-1.342,0.1
363303,-1.644,0.1
363304,-1.861,0.1
363305,-1.716,0.1
363306,-1.461,0.1
363307,-1.544,0.1
363308,-1.267,0.1
363309,-1.18,0.1
363310,-1.243,0.1
363311,-1.123,0.1
363312,-1.46,0.1
363313,-1.744,0.1
363314,-1.449,0.1
363315,-1.654,0.1
363316,-1.475,0.1
363317,-1.634,0.1
363318,-1.74,0.1
363319,-1.577,0.1
363320,-1.721,0.1
363321,-1.064,0.1
363322,-1.132,0.1
363323,-1.176,0.1
363324,-1.687,0.1
363325,-1.537,0.1
363326,-1.755,0.1
363327,-1.35,0.1
363328,-1.459,0.1
363329,-0.951,0.1
363330,-1.231,0.1
363331,-1.429,0.1
363332,-1.333,0.1
363333,-1.446,0.1
363334,-1.707,0.1
363335,-1.515,0.1
363336,-1.494,0.1
363337,-1.69,0.1
363338,-1.361,0.1
363339,-1.907,0.1
363340,-1.966,0.1
363341,-1.862,0.1
363342,-1.389,0.1
363343,-1.015,0.1
363344,-1.426,0.1
363345,-1.645,0.1
363346,-1.853,0.1
363347,-1.814,0.1
363348,-1.719,0.1
363349,-1.654,0.1
363350,-2.076,0.1
363351,-1.763,0.1
363352,-1.62,0.1
363353,-2.003,0.1
363354,-1.935,0.1
363355,-1.694,0.1
363356,-1.825,0.1
363357,-2.003,0.1
363358,-1.828,0.1
363359,-1.521,0.1
363360,-1.874,0.1
363361,-1.768,0.1
363362,-1.726,0.1
363363,-2.314,0.1
363364,-1.809,0.1
363365,-2.308,0.1
363366,-2.585,0.1
363367,-2.189,0.1
363368,-2.418,0.1
363369,-2.084,0.1
363370,-2.248,0.1
363371,-2.268,0.1
363372,-2.395,0.1
363373,-2.342,0.1
363374,-2.236,0.1
363375,-1.813,0.1
363376,-1.894,0.1
363377,-2.161,0.1
363378,-2.385,0.1
363379,-2.318,0.1
363380,-2.59,0.1
363381,-2.226,0.1
363382,-2.104,0.1
363383,-1.918,0.1
363384,-1.855,0.1
363385,-2.058,0.1
363386,-2.174,0.1
363387,-2.341,0.1
363388,-1.95,0.1
363389,-1.955,0.1
363390,-0.903,0.1
363391,-2.53,0.1
363392,-2.406,0.1
363393,-2.252,0.1
363394,-1.985,0.1
363395,-2.215,0.1
363396,-2.182,0.1
363397,-1.951,0.1
363398,-2.422,0.1
363399,-2.212,0.1
363400,-2.312,0.1
363401,-2.238,0.1
363402,-2.505,0.1
363403,-2.36,0.1
363404,-2.529,0.1
363405,-2.297,0.1
363406,-2.38,0.1
363407,-2.31,0.1
363408,-1.879,0.1
363409,-2.043,0.1
363410,-2.029,0.1
363411,-2.234,0.1
363412,-2.169,0.1
363413,-2.478,0.1
363414,-2.297,0.1
363415,-1.778,0.1
363416,-2.155,0.1
363417,-1.739,0.1
363418,-1.988,0.1
363419,-1.595,0.1
363420,-2.406,0.1
363421,-2.484,0.1
363422,-2.5,0.1
363423,-2.331,0.1
363424,-2.915,0.1
363425,-2.705,0.1
363426,-3.183,0.1
363427,-2.508,0.1
363428,-2.007,0.1
363429,-2.749,0.1
363430,-2.725,0.1
363431,-3.043,0.1
363432,-2.936,0.1
363433,-2.797,0.1
363434,-2.735,0.1
363435,-3.072,0.1
363436,-3.084,0.1
363437,-3.307,0.1
363438,-2.689,0.1
363439,-3.218,0.1
363440,-2.904,0.1
363441,-2.571,0.1
363442,-2.369,0.1
363443,-1.963,0.1
363444,-1.991,0.1
363445,-2.297,0.1
363446,-2.341,0.1
363447,-2.427,0.1
363449,-2.933,0.1
363450,-3.025,0.1
363451,-3.066,0.1
363452,-3.484,0.1
363453,-3.364,0.1
363454,-2.886,0.1
363455,-3.295,0.1
363456,-2.793,0.1
363457,-3.178,0.1
363458,-3.036,0.1
363459,-2.806,0.1
363460,-2.928,0.1
363461,-2.714,0.1
363462,-2.863,0.1
363463,-3.197,0.1
363464,-2.463,0.1
363465,-2.582,0.1
363466,-2.444,0.1
363467,-2.084,0.1
363468,-2.765,0.1
363469,-2.944,0.1
363470,-2.815,0.1
363471,-2.737,0.1
363472,-2.734,0.1
363473,-2.881,0.1
363474,-2.718,0.1
363475,-2.955,0.1
363476,-3.334,0.1
363477,-3.134,0.1
363478,-3.291,0.1
363479,-3.39,0.1
363480,-2.739,0.1
363481,-3.019,0.1
363482,-3.078,0.1
363483,-3.247,0.1
363484,-3.147,0.1
363485,-3.261,0.1
363486,-3.679,0.1
363487,-3.12,0.1
363488,-3.21,0.1
363489,-3.015,0.1
363490,-2.824,0.1
363491,-3.264,0.1
363492,-2.575,0.1
363493,-2.818,0.1
363494,-2.954,0.1
363495,-2.876,0.1
363496,-2.964,0.1
363497,-3.048,0.1
363498,-3.14,0.1
363499,-2.429,0.1
363500,-2.75,0.1
363501,-2.829,0.1
363503,-2.904,0.1
363504,-3.281,0.1
363505,-3.031,0.1
363506,-3.197,0.1
363507,-3.301,0.1
363508,-3.609,0.1
363509,-3.408,0.1
363510,-1.989,0.1
363511,-2.245,0.1
363512,-2.788,0.1
363513,-2.84,0.1
363514,-3.017,0.1
363515,-2.522,0.1
363516,-2.737,0.1
363517,-1.835,0.1
363518,-2.039,0.1
363519,-1.638,0.1
363520,-1.109,0.1
363521,-0.839,0.1
363522,-0.985,0.1
363523,-1.076,0.1
363524,-1.454,0.1
363525,-2.043,0.1
363526,-1.854,0.1
363527,-1.873,0.1
363528,-2.378,0.1
363529,-2.106,0.1
363530,-2.068,0.1
363531,-2.283,0.1
363532,-3.072,0.1
363533,-2.892,0.1
363534,-2.604,0.1
363535,-3.315,0.1
363536,-2.739,0.1
363537,-2.787,0.1
363538,-2.734,0.1
363539,-1.428,0.1
363540,-1.804,0.1
363541,-2.057,0.1
363542,-2.827,0.1
363543,-1.569,0.1
363544,-1.632,0.1
363545,-1.072,0.1
363546,-2.117,0.1
363547,-2.046,0.1
363548,-2.414,0.1
363549,-2.819,0.1
363550,-2.375,0.1
363551,-2.795,0.1
363552,-3.095,0.1
363553,-3.483,0.1
363554,-2.183,0.1
363555,-2.544,0.1
363556,-2.427,0.1
363557,-2.587,0.1
363558,-2.378,0.1
363559,-2.752,0.1
363560,-2.84,0.1
363561,-2.75,0.1
363562,-2.828,0.1
363563,-2.34,0.1
363564,-2.854,0.1
363565,-2.558,0.1
363566,-2.478,0.1
363567,-2.633,0.1
363568,-2.647,0.1
363569,-3.059,0.1
363570,-3.027,0.1
363571,-4.049,0.1
363572,-3.652,0.1
363573,-3.316,0.1
363574,-3.371,0.1
363575,-3.459,0.1
363576,-3.341,0.1
363577,-4.153,0.1
363578,-3.061,0.1
363579,-3.238,0.1
363580,-3.561,0.1
363581,-2.711,0.1
363582,-4.591,0.1
363583,-3.185,0.1
363584,-2.921,0.1
363585,-2.603,0.1
363586,-2.749,0.1
363587,-2.997,0.1
363588,-2.802,0.1
363589,-3.452,0.1
363590,-2.96,0.1
363591,-2.82,0.1
363592,-2.793,0.1
363593,-4.143,0.1
363594,-2.625,0.1
363595,-3.14,0.1
363596,-2.887,0.1
363597,-2.287,0.1
363598,-2.1,0.1
363599,-1.962,0.1
363601,-1.943,0.1
363602,-2.315,0.1
363603,-2.535,0.1
363604,-2.589,0.1
363605,-2.005,0.1
363606,-2.189,0.1
363607,-2.473,0.1
363608,-2.852,0.1
363609,-3.286,0.1
363610,-3.454,0.1
363611,-3.978,0.1
363612,-3.685,0.1
363613,-3.52,0.1
363614,-3.539,0.1
363615,-3.62,0.1
363616,-3.487,0.1
363617,-3.261,0.1
363618,-3.574,0.1
363619,-3.578,0.1
363620,-3.595,0.1
363621,-3.74,0.1
363622,-3.664,0.1
363623,-3.786,0.1
363624,-3.491,0.1
363625,-3.309,0.1
363626,-3.743,0.1
363627,-3.519,0.1
363628,-3.686,0.1
363629,-3.515,0.1
363630,-3.522,0.1
363631,-3.401,0.1
363632,-2.812,0.1
363633,-2.715,0.1
363634,-2.651,0.1
363635,-2.56,0.1
363636,-2.807,0.1
363637,-2.665,0.1
363638,-3.238,0.1
363639,-2.754,0.1
363640,-2.888,0.1
363641,-3.452,0.1
363642,-3.658,0.1
363643,-3.346,0.1
363644,-3.191,0.1
363645,-3.259,0.1
363646,-3.349,0.1
363647,-3.559,0.1
363648,-3.516,0.1
363649,-3.525,0.1
363650,-3.799,0.1
363651,-3.879,0.1
363652,-3.581,0.1
363653,-3.703,0.1
363654,-3.909,0.1
363655,-3.716,0.1
363656,-3.757,0.1
363657,-3.881,0.1
363658,-4,0.1
363659,-4.006,0.1
363660,-4.181,0.1
363661,-4.068,0.1
363662,-4.041,0.1
363663,-3.875,0.1
363664,-4.104,0.1
363665,-3.944,0.1
363666,-4.108,0.1
363667,-3.695,0.1
363668,-4.154,0.1
363669,-4.053,0.1
363670,-4.007,0.1
363671,-3.722,0.1
363672,-3.728,0.1
363673,-3.69,0.1
363674,-3.412,0.1
363675,-2.942,0.1
363676,-3.17,0.1
363677,-2.983,0.1
363678,-3.022,0.1
363679,-2.803,0.1
363680,-1.413,0.1
363681,-3.201,0.1
363682,-3.164,0.1
363683,-3.205,0.1
363684,-3.467,0.1
363685,-3.311,0.1
363686,-3.009,0.1
363687,-3.439,0.1
363688,-3.185,0.1
363689,-3.635,0.1
363690,-3.371,0.1
363691,-3.224,0.1
363692,-3.502,0.1
363693,-2.939,0.1
363694,-3.344,0.1
363695,-3.196,0.1
363696,-3.174,0.1
363697,-3.055,0.1
363698,-3.061,0.1
363699,-3.242,0.1
363700,-2.963,0.1
363701,-3.108,0.1
363702,-3.39,0.1
363703,-2.957,0.1
363704,-2.897,0.1
363705,-3.313,0.1
363706,-3.164,0.1
363707,-3.413,0.1
363708,-3.324,0.1
363709,-3.395,0.1
363710,-3.54,0.1
363711,-3.578,0.1
363712,-3.704,0.1
363713,-3.618,0.1
363714,-3.383,0.1
363715,-3.595,0.1
363716,-3.501,0.1
363717,-3.683,0.1
363718,-3.431,0.1
363719,-3.732,0.1
363720,-3.772,0.1
363721,-3.762,0.1
363722,-3.922,0.1
363723,-3.861,0.1
363724,-4.107,0.1
363725,-2.954,0.1
363726,-4.013,0.1
363727,-3.92,0.1
363728,-3.928,0.1
363729,-4.411,0.1
363730,-3.928,0.1
363731,-4.201,0.1
363732,-4.002,0.1
363733,-3.144,0.1
363734,-3.435,0.1
363735,-2.953,0.1
363736,-3.428,0.1
363737,-4.316,0.1
363738,-3.665,0.1
363739,-4.051,0.1
363740,-3.835,0.1
363741,-4.372,0.1
363742,-4.213,0.1
363743,-3.856,0.1
363744,-3.918,0.1
363745,-3.966,0.1
363746,-4.021,0.1
363747,-4.24,0.1
363748,-3.981,0.1
363749,-4.215,0.1
363750,-3.977,0.1
363751,-4.094,0.1
363752,-4.422,0.1
363753,-3.928,0.1
363754,-4.247,0.1
363755,-4.091,0.1
363756,-4.635,0.1
363758,-4.262,0.1
363759,-4.231,0.1
363760,-4.65,0.1
363761,-4.159,0.1
363762,-4.839,0.1
363763,-4.506,0.1
363764,-4.162,0.1
363765,-4.533,0.1
363766,-4.748,0.1
363767,-4.231,0.1
363768,-4.27,0.1
363769,-4.657,0.1
363770,-4.054,0.1
363771,-4.311,0.1
363772,-4.602,0.1
363773,-4.585,0.1
363774,-3.932,0.1
363775,-4.447,0.1
363776,-4.474,0.1
363777,-4.927,0.1
363778,-4.561,0.1
363779,-4.138,0.1
363780,-4.534,0.1
363781,-4.204,0.1
363782,-3.933,0.1
363783,-4.121,0.1
363784,-3.79,0.1
363785,-4.312,0.1
363786,-4.277,0.1
363787,-3.907,0.1
363788,-3.992,0.1
363789,-4.083,0.1
363790,-4.391,0.1
363791,-4.18,0.1
363792,-4.197,0.1
363793,-4.222,0.1
363794,-3.997,0.1
363795,-3.915,0.1
363796,-3.935,0.1
363797,-4.57,0.1
363798,-4.328,0.1
363799,-4.244,0.1
363800,-3.954,0.1
363801,-4.554,0.1
363802,-4.375,0.1
363803,-4.253,0.1
363804,-3.523,0.1
363805,-4.26,0.1
363806,-3.798,0.1
363807,-3.784,0.1
363808,-3.983,0.1
363809,-4.663,0.1
363810,-4.482,0.1
363811,-4.398,0.1
363812,-5.47,0.1
363813,-4.889,0.1
363814,-4.539,0.1
363815,-4.604,0.1
363816,-4.593,0.1
363817,-4.272,0.1
363818,-4.374,0.1
363819,-4.439,0.1
363820,-4.463,0.1
363821,-4.575,0.1
363822,-4.743,0.1
363823,-4.679,0.1
363824,-4.592,0.1
363825,-4.6,0.1
363826,-4.446,0.1
363827,-4.047,0.1
363828,-4.43,0.1
363829,-3.869,0.1
363830,-4.181,0.1
363831,-4.026,0.1
363832,-4.091,0.1
363833,-4.062,0.1
363834,-3.911,0.1
363835,-4.52,0.1
363836,-4.141,0.1
363837,-4.231,0.1
363838,-3.878,0.1
363839,-4.312,0.1
363840,-4.454,0.1
363841,-4.446,0.1
363842,-4.529,0.1
363843,-4.486,0.1
363844,-4.494,0.1
363845,-4.132,0.1
363846,-4.254,0.1
363847,-4.866,0.1
363848,-4.576,0.1
363849,-4.446,0.1
363850,-4.081,0.1
363851,-3.777,0.1
363852,-3.633,0.1
363853,-3.606,0.1
363854,-3.784,0.1
363855,-3.828,0.1
363856,-3.913,0.1
363857,-3.82,0.1
363858,-3.72,0.1
363859,-3.621,0.1
363860,-3.215,0.1
363861,-3.777,0.1
363862,-3.919,0.1
363863,-4.183,0.1
363864,-3.968,0.1
363865,-4.117,0.1
363866,-3.979,0.1
363867,-4.419,0.1
363868,-3.972,0.1
363869,-4.33,0.1
363870,-4.503,0.1
363871,-4.106,0.1
363872,-4.613,0.1
363873,-4.102,0.1
363874,-4.087,0.1
363875,-3.687,0.1
363876,-3.81,0.1
363877,-4.361,0.1
363878,-3.97,0.1
363879,-4.411,0.1
363880,-4.837,0.1
363881,-4.593,0.1
363882,-4.3,0.1
363883,-4.614,0.1
363884,-3.813,0.1
363885,-4.374,0.1
363886,-4.207,0.1
363887,-3.728,0.1
363888,-4.514,0.1
363889,-4.777,0.1
363890,-4.601,0.1
363891,-4.656,0.1
363892,-4.528,0.1
363893,-4.648,0.1
363894,-4.542,0.1
363895,-4.528,0.1
363896,-4.666,0.1
363897,-4.493,0.1
363898,-4.325,0.1
363899,-4.528,0.1
363900,-4.513,0.1
363901,-4.646,0.1
363902,-4.181,0.1
363903,-4.449,0.1
363904,-4.755,0.1
363905,-4.387,0.1
363906,-4.498,0.1
363907,-4.474,0.1
363908,-4.526,0.1
363909,-4.332,0.1
363910,-4.754,0.1
363911,-4.543,0.1
363912,-4.1,0.1
363913,-4.295,0.1
363914,-4.356,0.1
363915,-4.271,0.1
363916,-3.55,0.1
363917,-4.397,0.1
363918,-4.171,0.1
363919,-4.147,0.1
363920,-4.228,0.1
363921,-4.167,0.1
363922,-4.229,0.1
363923,-4.074,0.1
363924,-4.107,0.1
363925,-4.277,0.1
363926,-4.183,0.1
363927,-4.313,0.1
363928,-4.175,0.1
363929,-4.253,0.1
363930,-4.048,0.1
363931,-3.966,0.1
363932,-3.96,0.1
363933,-4.173,0.1
363934,-4.098,0.1
363935,-4.051,0.1
363936,-4.342,0.1
363937,-4.226,0.1
363938,-4.13,0.1
363939,-4.232,0.1
363940,-4.482,0.1
363941,-4.972,0.1
363942,-4.77,0.1
363943,-4.283,0.1
363944,-4.234,0.1
363945,-4.465,0.1
363946,-4.186,0.1
363947,-4.102,0.1
363948,-3.877,0.1
363949,-3.68,0.1
363950,-3.727,0.1
363951,-3.732,0.1
363952,-3.56,0.1
363953,-3.694,0.1
363954,-4.009,0.1
363955,-4.642,0.1
363956,-3.754,0.1
363957,-4.085,0.1
363958,-3.935,0.1
363959,-4.001,0.1
363960,-4.152,0.1
363961,-4.315,0.1
363962,-4.257,0.1
363963,-4.191,0.1
363964,-3.802,0.1
363965,-3.687,0.1
363966,-3.866,0.1
363967,-4.069,0.1
363968,-3.701,0.1
363969,-3.82,0.1
363970,-3.819,0.1
363971,-4.661,0.1
363972,-4.141,0.1
363973,-3.766,0.1
363974,-3.902,0.1
363975,-4.129,0.1
363976,-3.975,0.1
363977,-4.261,0.1
363978,-4.41,0.1
363979,-4.286,0.1
363980,-3.97,0.1
363981,-3.81,0.1
363982,-3.99,0.1
363983,-3.615,0.1
363984,-3.92,0.1
363985,-3.88,0.1
363986,-4.07,0.1
396227,-5.18,0.1
396228,-5.21,0.1
396229,-5.24,0.1
396230,-5.27,0.1
396231,-4.94,0.1
396232,-5.22,0.1
396233,-4.98,0.1
396234,-5.15,0.1
396235,-5.07,0.1
396236,-5.17,0.1
396237,-5.21,0.1
396238,-5.29,0.1
396239,-5.19,0.1
396240,-5.36,0.1
396241,-5.13,0.1
396242,-5.34,0.1
396243,-5.3,0.1
396244,-5.46,0.1
396245,-5.43,0.1
396246,-5.23,0.1
396247,-5.21,0.1
396248,-5.17,0.1
396249,-5.2,0.1
396250,-5.06,0.1
396251,-5.45,0.1
396252,-5.43,0.1
396253,-5.06,0.1
396254,-5.28,0.1
396255,-5.27,0.1
396256,-5.06,0.1
396257,-5.3,0.1
396258,-5.39,0.1
396259,-5.08,0.1
396260,-5.42,0.1
396261,-5.41,0.1
396262,-5.43,0.1
396263,-5.25,0.1
396264,-5.29,0.1
396265,-5.63,0.1
396266,-5.3,0.1
396267,-5.49,0.1
396268,-5.47,0.1
396269,-5.42,0.1
396270,-5.38,0.1
396271,-5.66,0.1
396272,-5.33,0.1
396273,-5.6,0.1
396274,-5.57,0.1
396275,-5.42,0.1
396276,-5.65,0.1
396277,-5.28,0.1
396278,-5.19,0.1
396279,-5.44,0.1
396280,-5.44,0.1
396281,-5.58,0.1
396282,-5.49,0.1
396283,-5.5,0.1
396284,-5.34,0.1
396285,-5.48,0.1
396286,-5.29,0.1
396287,-5.37,0.1
396288,-5.47,0.1
396289,-5.39,0.1
396290,-5.45,0.1
396291,-5.16,0.1
396292,-5.35,0.1
396293,-5.09,0.1
396294,-5.25,0.1
396295,-5.45,0.1
396296,-5.05,0.1
396297,-5.27,0.1
396298,-5.24,0.1
396299,-5.22,0.1
396300,-5.47,0.1
396301,-5.37,0.1
396302,-5.33,0.1
396303,-5.2,0.1
396304,-5.19,0.1
396305,-5.19,0.1
396306,-5.37,0.1
396307,-5.27,0.1
396308,-5.4,0.1
396309,-5.2,0.1
396310,-5.37,0.1
396311,-4.98,0.1
396312,-4.99,0.1
396313,-5.22,0.1
396314,-5.14,0.1
396315,-5.31,0.1
396316,-5.28,0.1
396317,-5.4,0.1
396318,-5.21,0.1
396319,-5.09,0.1
396320,-5.12,0.1
396321,-5.19,0.1
396322,-5,0.1
396323,-4.83,0.1
396324,-5.13,0.1
396325,-5.23,0.1
396326,-5.02,0.1
396327,-4.68,0.1
396328,-4.92,0.1
396329,-4.71,0.1
396330,-5,0.1
396331,-4.9,0.1
396332,-4.9,0.1
396333,-4.61,0.1
396334,-4.97,0.1
396335,-4.8,0.1
396336,-4.97,0.1
396337,-4.96,0.1
396338,-5,0.1
396339,-4.9,0.1
396340,-4.78,0.1
396341,-4.84,0.1
396342,-4.76,0.1
396343,-4.82,0.1
396344,-4.81,0.1
396345,-4.76,0.1
396346,-4.57,0.1
396347,-4.63,0.1
396348,-5.16,0.1
396349,-4.84,0.1
396350,-4.76,0.1
396351,-4.87,0.1
396352,-4.87,0.1
396353,-4.84,0.1
396354,-4.72,0.1
396355,-4.67,0.1
396356,-4.73,0.1
396357,-4.71,0.1
396358,-4.68,0.1
396359,-4.8,0.1
396360,-4.85,0.1
396361,-4.62,0.1
396362,-4.84,0.1
396363,-4.81,0.1
396364,-4.83,0.1
396365,-4.88,0.1
396366,-4.83,0.1
396367,-5.01,0.1
396368,-4.71,0.1
396369,-4.92,0.1
396370,-4.92,0.1
396371,-4.91,0.1
396372,-4.97,0.1
396373,-4.87,0.1
396374,-4.92,0.1
396375,-4.76,0.1
396376,-4.59,0.1
396377,-4.45,0.1
396378,-4.39,0.1
396379,-4.1,0.1
396380,-3.83,0.1
396381,-3.5,0.1
396382,-3.36,0.1
396383,-3.15,0.1
396384,-3.19,0.1
396385,-2.94,0.1
396386,-2.84,0.1
396387,-2.94,0.1
396388,-3.01,0.1
396389,-2.66,0.1
396390,-2.93,0.1
396391,-2.93,0.1
396392,-2.97,0.1
396393,-2.85,0.1
396394,-2.92,0.1
396395,-2.99,0.1
396396,-3.02,0.1
396397,-3.05,0.1
396398,-3.34,0.1
396399,-3.15,0.1
396400,-3.12,0.1
396401,-3.06,0.1
396402,-3.06,0.1
396403,-3.06,0.1
396404,-3.01,0.1
396405,-3.07,0.1
396406,-3.07,0.1
396407,-2.82,0.1
396408,-2.76,0.1
396409,-2.8,0.1
396410,-2.98,0.1
396411,-4.54,0.1
396412,-4.49,0.1
396413,-4.16,0.1
396414,-4.17,0.1
396415,-3.76,0.1
396416,-3.17,0.1
396417,-3.28,0.1
396418,-2.98,0.1
396419,-3.19,0.1
396420,-3.23,0.1
396421,-3.34,0.1
396422,-3.5,0.1
396423,-3.46,0.1
396424,-3.72,0.1
396425,-4.13,0.1
396426,-4.02,0.1
396427,-4.23,0.1
396428,-4.15,0.1
396429,-3.99,0.1
396430,-4.24,0.1
396431,-4.27,0.1
396432,-4.08,0.1
396433,-4.25,0.1
396434,-4.29,0.1
396435,-4.28,0.1
396436,-3.97,0.1
396437,-4.09,0.1
396438,-4.38,0.1
396439,-3.87,0.1
396440,-4.14,0.1
396441,-4.37,0.1
396442,-4.27,0.1
396443,-4.32,0.1
396444,-4.29,0.1
396445,-4.26,0.1
396446,-4.29,0.1
396447,-4.06,0.1
396448,-4.11,0.1
396449,-4.41,0.1
396450,-4.16,0.1
396451,-4.42,0.1
396452,-4.3,0.1
396453,-4.46,0.1
396454,-4.39,0.1
396455,-4.4,0.1
396456,-4.43,0.1
396457,-4.5,0.1
396458,-4.44,0.1
396459,-4.43,0.1
396460,-4.25,0.1
396461,-4.43,0.1
396462,-4.32,0.1
396463,-4.39,0.1
396464,-4.25,0.1
396465,-4.4,0.1
396466,-4.18,0.1
396467,-4.54,0.1
396468,-4.48,0.1
396469,-4.31,0.1
396470,-4.39,0.1
396471,-4.3,0.1
396472,-4.34,0.1
396473,-4.32,0.1
396474,-4.23,0.1
396475,-4.27,0.1
396476,-4.11,0.1
396477,-4.15,0.1
396478,-4.34,0.1
396479,-4.29,0.1
396480,-4.27,0.1
396481,-4.2,0.1
396482,-4.46,0.1
396483,-4.43,0.1
396484,-4.3,0.1
396485,-4.36,0.1
396486,-4.31,0.1
396487,-4.31,0.1
396488,-4.25,0.1
396489,-4.26,0.1
396490,-4.26,0.1
396491,-4.52,0.1
396492,-4.45,0.1
396493,-4.45,0.1
396494,-4.39,0.1
396495,-4.28,0.1
396496,-4.33,0.1
396497,-4.2,0.1
396498,-4.25,0.1
396499,-4.08,0.1
396500,-4.36,0.1
396501,-4.32,0.1
396502,-4.29,0.1
396503,-4.3,0.1
396504,-4.19,0.1
396505,-4.31,0.1
396506,-4.25,0.1
396507,-3.82,0.1
396508,-3.95,0.1
396509,-3.78,0.1
396510,-3.85,0.1
396511,-3.94,0.1
396512,-3.97,0.1
396513,-3.96,0.1
396514,-3.65,0.1
396515,-3.8,0.1
396516,-3.89,0.1
396517,-3.78,0.1
396518,-3.72,0.1
396519,-3.51,0.1
396520,-3.56,0.1
396521,-3.92,0.1
396522,-3.59,0.1
396523,-3.9,0.1
396524,-3.87,0.1
396525,-3.96,0.1
396526,-3.97,0.1
396527,-4.2,0.1
396528,-4.3,0.1
396529,-4.16,0.1
396530,-4.21,0.1
396531,-4.14,0.1
396532,-3.99,0.1
396533,-4.15,0.1
396534,-4.15,0.1
396535,-3.93,0.1
396536,-4.03,0.1
396537,-4.13,0.1
396538,-4.29,0.1
396539,-4.22,0.1
396540,-4.03,0.1
396541,-4.01,0.1
396542,-4.19,0.1
396543,-3.92,0.1
396544,-4.01,0.1
396545,-4.05,0.1
396546,-4.12,0.1
396547,-4.02,0.1
396548,-4.17,0.1
396549,-4.19,0.1
396550,-4.02,0.1
396551,-4.04,0.1
396552,-4.09,0.1
396553,-4.15,0.1
396554,-3.99,0.1
396555,-4.2,0.1
396556,-3.97,0.1
396557,-4.18,0.1
396558,-4.17,0.1
396559,-4.14,0.1
396560,-4.16,0.1
396561,-4.16,0.1
396562,-4.22,0.1
396563,-4.05,0.1
396564,-4,0.1
396565,-4.2,0.1
396566,-4.11,0.1
396567,-4.14,0.1
396568,-4.07,0.1
396569,-3.88,0.1
396570,-3.97,0.1
396571,-4.14,0.1
396572,-3.92,0.1
396573,-3.96,0.1
396574,-3.8,0.1
396575,-4.03,0.1
396576,-3.92,0.1
396577,-3.69,0.1
396578,-4.14,0.1
396579,-3.93,0.1
396580,-4.14,0.1
396581,-4.1,0.1
396582,-3.87,0.1
396583,-4.13,0.1
396584,-4.04,0.1
396585,-4.12,0.1
396586,-4.21,0.1
396587,-4.12,0.1
396588,-4.2,0.1
396589,-3.96,0.1
396590,-4.27,0.1
396591,-4.08,0.1
396592,-4.2,0.1
396593,-4.18,0.1
396594,-3.89,0.1
396595,-4.24,0.1
396596,-4.02,0.1
396597,-4.15,0.1
396598,-3.83,0.1
396599,-3.98,0.1
396600,-4.06,0.1
396601,-4.07,0.1
396602,-3.84,0.1
396603,-3.8,0.1
396604,-3.85,0.1
396605,-3.8,0.1
396606,-3.91,0.1
396607,-3.82,0.1
396608,-3.8,0.1
396609,-4.09,0.1
396610,-4.12,0.1
396611,-4.06,0.1
396612,-4.09,0.1
396613,-4.29,0.1
396614,-3.96,0.1
396615,-4.04,0.1
396616,-4.05,0.1
396617,-4.1,0.1
396618,-4.15,0.1
396619,-4.18,0.1
396620,-4.2,0.1
396621,-4.1,0.1
396622,-4.19,0.1
396623,-4.04,0.1
396624,-4.14,0.1
396625,-3.99,0.1
396626,-4.07,0.1
396627,-4.13,0.1
396628,-3.98,0.1
396629,-3.86,0.1
396630,-3.94,0.1
396631,-4.02,0.1
396632,-4,0.1
396633,-4.03,0.1
396634,-3.97,0.1
396635,-4.21,0.1
396636,-4.07,0.1
396637,-4.19,0.1
396638,-4.17,0.1
396639,-4.15,0.1
396640,-4.31,0.1
396641,-4.32,0.1
396642,-4.13,0.1
396643,-4.1,0.1
396644,-4.39,0.1
396645,-4.4,0.1
396646,-4.1,0.1
396647,-4.3,0.1
396648,-4.16,0.1
396649,-4.22,0.1
396650,-4.17,0.1
396651,-4.25,0.1
396652,-4.16,0.1
396653,-4.09,0.1
396654,-3.98,0.1
396655,-4.27,0.1
396656,-3.97,0.1
396657,-4.17,0.1
396658,-3.88,0.1
396659,-4,0.1
396660,-4,0.1
396661,-3.91,0.1
396662,-3.9,0.1
396663,-3.92,0.1
396664,-3.8,0.1
396665,-3.85,0.1
396666,-3.78,0.1
396667,-3.85,0.1
396668,-3.84,0.1
396669,-3.83,0.1
396670,-3.87,0.1
396671,-3.95,0.1
396672,-3.89,0.1
396673,-4.16,0.1
396674,-4.02,0.1
396675,-4.33,0.1
396676,-4.13,0.1
396677,-4.13,0.1
396678,-4.21,0.1
396679,-4.22,0.1
396680,-4.24,0.1
396681,-4.1,0.1
396682,-4.2,0.1
396683,-4.28,0.1
396684,-4.16,0.1
396685,-4.05,0.1
396686,-4.12,0.1
396687,-4.22,0.1
396688,-4.06,0.1
396689,-4.34,0.1
396690,-4.2,0.1
396691,-4.02,0.1
396692,-4.56,0.1
396693,-4.12,0.1
396694,-4.23,0.1
396695,-4.41,0.1
396696,-4.04,0.1
396697,-4.06,0.1
396698,-4.09,0.1
396699,-4.14,0.1
396700,-4.08,0.1
396701,-4.24,0.1
396702,-4.21,0.1
396703,-4.34,0.1
396704,-4.25,0.1
396705,-4.02,0.1
396706,-4.1,0.1
396707,-4.44,0.1
396708,-4.34,0.1
396709,-4.37,0.1
396710,-4.07,0.1
396711,-4.39,0.1
396712,-4.42,0.1
396713,-4.25,0.1
396714,-4.3,0.1
396715,-4.26,0.1
396716,-4.23,0.1
396717,-4.15,0.1
396718,-4.05,0.1
396719,-4.2,0.1
396720,-4.27,0.1
396721,-4.12,0.1
396722,-4.02,0.1
396723,-4.3,0.1
396724,-4.6,0.1
396725,-4.23,0.1
396726,-4.57,0.1
396727,-4.43,0.1
396728,-4.24,0.1
396729,-4.32,0.1
396730,-4.28,0.1
396731,-4.11,0.1
396732,-4.25,0.1
396733,-4.61,0.1
396734,-4.25,0.1
396735,-4.43,0.1
396736,-4.27,0.1
396737,-4.3,0.1
396738,-4.32,0.1
396739,-4.2,0.1
396740,-4.2,0.1
396741,-4.52,0.1
396742,-4.45,0.1
396743,-4.3,0.1
396744,-4.27,0.1
396745,-4.26,0.1
396746,-4.19,0.1
396747,-4.29,0.1
396748,-4.17,0.1
396749,-4.33,0.1
396750,-4.37,0.1
396751,-4.21,0.1
396752,-4.42,0.1
396753,-4.28,0.1
396754,-4.21,0.1
396755,-4.15,0.1
396756,-2.94,0.1
396757,-3.99,0.1
396758,-3.61,0.1
396759,-2.71,0.1
396760,-4.22,0.1
396761,-4.43,0.1
396762,-4.26,0.1
396763,-4.1,0.1
396764,-4.36,0.1
396765,-4.53,0.1
396766,-4.11,0.1
396767,-4.44,0.1
396768,-4.17,0.1
396769,-4.32,0.1
396770,-4.43,0.1
396771,-4.46,0.1
396772,-4.48,0.1
396773,-4.49,0.1
396774,-4.59,0.1
396775,-3.94,0.1
396776,-4.72,0.1
396777,-4.42,0.1
396778,-4.68,0.1
396779,-4.44,0.1
396780,-4.58,0.1
396781,-4.59,0.1
396782,-4.33,0.1
396783,-4.61,0.1
396784,-4.45,0.1
396785,-4.77,0.1
396786,-4.68,0.1
396787,-4.52,0.1
396788,-4.71,0.1
396789,-4.37,0.1
396790,-4.69,0.1
396791,-4.71,0.1
396792,-4.74,0.1
396793,-4.68,0.1
396794,-4.64,0.1
396795,-4.6,0.1
396796,-4.66,0.1
396797,-4.62,0.1
396798,-4.42,0.1
396799,-4.61,0.1
396800,-4.71,0.1
396801,-4.64,0.1
396802,-4.66,0.1
396803,-4.69,0.1
396804,-4.65,0.1
396805,-4.46,0.1
396806,-4.57,0.1
396807,-4.51,0.1
396808,-4.39,0.1
396809,-4.34,0.1
396810,-4.21,0.1
396811,-4.44,0.1
396812,-4.73,0.1
396813,-4.55,0.1
396814,-4.24,0.1
396815,-4.53,0.1
396816,-4.61,0.1
396817,-4.71,0.1
396818,-4.72,0.1
396819,-4.33,0.1
396820,-4.42,0.1
396821,-4.06,0.1
396822,-4.36,0.1
396823,-4.42,0.1
396824,-4.59,0.1
396825,-4.46,0.1
396826,-4.17,0.1
396827,-4.47,0.1
396828,-4.42,0.1
396829,-4.51,0.1
396830,-4.88,0.1
396831,-5.29,0.1
396832,-4.77,0.1
396833,-4.58,0.1
396834,-4.66,0.1
396835,-4.91,0.1
396836,-4.53,0.1
396837,-4.61,0.1
396838,-4.46,0.1
396839,-4.52,0.1
396840,-4.85,0.1
396841,-4.61,0.1
396842,-4.35,0.1
396843,-4.49,0.1
396844,-4.33,0.1
396845,-4.56,0.1
396846,-4.69,0.1
396847,-4.38,0.1
396848,-4.28,0.1
396849,-4.1,0.1
396850,-4.37,0.1
396851,-4.02,0.1
396852,-4.35,0.1
396853,-4.29,0.1
396854,-4.48,0.1
396855,-4.46,0.1
396856,-4.74,0.1
396857,-4.47,0.1
396858,-4.51,0.1
396859,-4.47,0.1
396860,-4.51,0.1
396861,-4.41,0.1
396862,-4.99,0.1
396863,-4.61,0.1
396864,-4.08,0.1
396865,-4.68,0.1
396866,-4.87,0.1
396867,-4.23,0.1
396868,-4.51,0.1
396869,-4.57,0.1
396870,-4.46,0.1
396871,-4.07,0.1
396872,-4.49,0.1
396873,-4.48,0.1
396874,-4.02,0.1
396875,-4.85,0.1
396876,-4.18,0.1
396877,-4.35,0.1
396878,-4.14,0.1
396879,-4.19,0.1
396880,-4.31,0.1
396881,-4.52,0.1
396882,-4.21,0.1
396883,-4.18,0.1
396884,-4.1,0.1
396885,-4.31,0.1
396886,-4.51,0.1
396887,-4.3,0.1
396888,-3.88,0.1
396889,-4.08,0.1
396890,-4.39,0.1
396891,-4.45,0.1
396892,-4.06,0.1
396893,-4.51,0.1
396894,-4.2,0.1
396895,-4.26,0.1
396896,-4.34,0.1
396897,-4.34,0.1
396898,-4.2,0.1
396899,-4.38,0.1
396900,-4.29,0.1
396901,-4.31,0.1
396902,-4.19,0.1
396903,-4.64,0.1
396904,-4.57,0.1
396905,-4.35,0.1
396906,-4.29,0.1
396907,-4.25,0.1
396908,-4.29,0.1
396909,-4.24,0.1
396910,-4.65,0.1
396911,-4.16,0.1
396912,-3.8,0.1
396913,-4.11,0.1
396914,-3.64,0.1
396915,-4.48,0.1
396916,-4.22,0.1
396917,-4.4,0.1
396918,-4.31,0.1
396919,-4.2,0.1
396920,-4.61,0.1
396921,-4.68,0.1
396922,-4.63,0.1
396923,-4.7,0.1
396924,-4.64,0.1
396925,-4.64,0.1
396926,-4.83,0.1
396927,-4.68,0.1
396928,-4.83,0.1
396929,-4.73,0.1
396930,-4.63,0.1
396931,-4.72,0.1
396932,-4.74,0.1
396933,-4.62,0.1
396934,-4.76,0.1
396935,-4.68,0.1
396936,-4.55,0.1
396937,-4.81,0.1
396938,-4.79,0.1
396939,-4.79,0.1
396940,-4.6,0.1
396941,-4.77,0.1
396942,-4.79,0.1
396943,-4.79,0.1
396944,-4.81,0.1
396945,-4.69,0.1
396946,-4.68,0.1
396947,-4.83,0.1
396948,-4.68,0.1
396949,-4.79,0.1
396950,-4.79,0.1
396951,-4.74,0.1
396952,-4.73,0.1
396953,-4.79,0.1
396954,-4.71,0.1
396955,-4.61,0.1
396956,-4.97,0.1
396957,-4.68,0.1
396958,-4.54,0.1
396959,-4.7,0.1
396960,-4.71,0.1
396961,-4.91,0.1
396962,-4.73,0.1
396963,-4.85,0.1
396964,-4.87,0.1
396965,-4.84,0.1
396966,-4.84,0.1
396967,-4.74,0.1
396968,-4.93,0.1
396969,-4.78,0.1
396970,-4.72,0.1
396971,-4.44,0.1
396972,-4.46,0.1
396973,-4.44,0.1
396974,-4.43,0.1
396975,-4.27,0.1
396976,-4.4,0.1
396977,-4.31,0.1
396978,-4.5,0.1
396979,-4.5,0.1
396980,-4.59,0.1
396981,-4.53,0.1
396982,-4.57,0.1
396983,-4.55,0.1
396984,-4.72,0.1
396985,-4.45,0.1
396986,-4.36,0.1
396987,-4.06,0.1
396988,-4.04,0.1
396989,-4.18,0.1
396990,-4.17,0.1
396991,-4.45,0.1
396992,-4.54,0.1
396993,-4.49,0.1
396994,-4.37,0.1
396995,-4.43,0.1
396996,-4.41,0.1
396997,-4.34,0.1
396998,-4.38,0.1
396999,-4.21,0.1
397000,-4.42,0.1
397001,-4.34,0.1
397002,-4.92,0.1
397003,-4.92,0.1
397004,-4.41,0.1
397005,-4.25,0.1
397006,-4.34,0.1
397007,-4.34,0.1
397008,-4.43,0.1
397009,-4.52,0.1
397010,-4.58,0.1
397011,-4.88,0.1
397012,-4.65,0.1
397013,-4.41,0.1
397014,-4.52,0.1
397015,-4.37,0.1
397016,-4.66,0.1
397017,-4.59,0.1
397018,-4.84,0.1
397019,-4.54,0.1
397020,-4.53,0.1
397021,-4.42,0.1
397022,-4.49,0.1
397023,-4.66,0.1
397024,-4.56,0.1
397026,-4.26,0.1
397027,-4.25,0.1
397028,-4.47,0.1
397029,-4.4,0.1
397030,-4.64,0.1
397031,-4.38,0.1
397032,-4.46,0.1
397033,-4.12,0.1
397034,-4.28,0.1
397035,-4.65,0.1
397036,-4.48,0.1
397037,-4.75,0.1
397038,-4.34,0.1
397039,-4.59,0.1
397040,-4.71,0.1
397041,-4.68,0.1
397042,-4.54,0.1
397043,-4.76,0.1
397044,-4.82,0.1
397045,-4.57,0.1
397046,-4.61,0.1
397047,-4.76,0.1
397048,-4.82,0.1
397049,-4.86,0.1
397050,-4.78,0.1
397051,-4.98,0.1
397052,-4.7,0.1
397053,-4.82,0.1
397054,-5.26,0.1
397055,-4.77,0.1
397056,-4.76,0.1
397057,-5.2,0.1
397058,-4.99,0.1
397059,-4.79,0.1
397060,-4.86,0.1
397061,-4.67,0.1
397062,-4.73,0.1
397063,-4.84,0.1
397064,-4.87,0.1
397065,-4.63,0.1
397066,-4.87,0.1
397067,-4.82,0.1
397068,-4.94,0.1
397069,-4.89,0.1
397070,-5.01,0.1
397071,-4.96,0.1
397072,-5.12,0.1
397073,-4.95,0.1
397074,-4.74,0.1
397075,-4.88,0.1
397076,-4.96,0.1
397077,-4.94,0.1
397078,-4.67,0.1
397079,-4.94,0.1
397080,-4.97,0.1
397081,-4.57,0.1
397082,-4.99,0.1
397083,-4.82,0.1
397084,-4.81,0.1
397085,-4.81,0.1
397086,-5.02,0.1
397087,-4.78,0.1
397088,-4.87,0.1
397089,-4.63,0.1
397090,-4.56,0.1
397091,-4.83,0.1
397092,-4.58,0.1
397093,-4.67,0.1
397094,-4.96,0.1
397095,-5.05,0.1
397096,-5,0.1
397097,-4.7,0.1
397098,-4.56,0.1
397099,-4.83,0.1
397100,-4.66,0.1
397101,-4.9,0.1
397102,-4.69,0.1
397103,-4.6,0.1
397104,-4.56,0.1
397105,-4.52,0.1
397106,-4.46,0.1
397107,-4.62,0.1
397108,-4.81,0.1
397109,-4.51,0.1
397110,-4.56,0.1
397111,-4.55,0.1
397112,-4.42,0.1
397113,-4.57,0.1
397114,-4.47,0.1
397115,-4.37,0.1
397116,-4.44,0.1
397117,-4.47,0.1
397118,-4.32,0.1
397119,-4.57,0.1
397120,-4.3,0.1
397121,-4.25,0.1
397122,-4.13,0.1
397123,-4.09,0.1
397124,-4.08,0.1
397125,-4.15,0.1
397126,-4.34,0.1
397127,-4.34,0.1
397128,-4.59,0.1
397129,-4.36,0.1
397130,-4.32,0.1
397131,-4.35,0.1
397132,-4.55,0.1
397133,-4.58,0.1
397134,-4.67,0.1
397135,-4.41,0.1
397136,-4.52,0.1
397137,-4.66,0.1
397138,-4.28,0.1
397139,-4.34,0.1
397140,-4.27,0.1
397141,-4.21,0.1
397142,-4.09,0.1
397143,-3.97,0.1
397144,-4.32,0.1
397145,-4.51,0.1
397146,-4.54,0.1
397147,-4.86,0.1
397148,-4.73,0.1
397149,-4.63,0.1
397150,-4.87,0.1
397151,-4.82,0.1
397152,-4.77,0.1
397153,-4.79,0.1
397154,-5,0.1
397155,-4.91,0.1
397156,-4.96,0.1
397157,-4.95,0.1
397158,-5.11,0.1
397159,-5.12,0.1
397160,-5.3,0.1
397161,-5.3,0.1
397162,-5.16,0.1
397163,-5,0.1
397164,-5.05,0.1
397165,-5.13,0.1
397166,-5.13,0.1
397167,-5.15,0.1
397168,-5.24,0.1
397169,-5.17,0.1
397170,-5.06,0.1
397171,-4.86,0.1
397172,-5.06,0.1
397173,-5.11,0.1
397174,-5.19,0.1
397175,-5.43,0.1
397176,-5.4,0.1
397177,-5.43,0.1
397178,-5.3,0.1
397179,-5.3,0.1
397180,-5.24,0.1
397181,-5.36,0.1
397182,-5.54,0.1
397183,-5.28,0.1
397184,-5.31,0.1
397185,-5.21,0.1
397186,-5.08,0.1
397187,-5.41,0.1
397188,-5.33,0.1
397189,-5.41,0.1
397190,-5.2,0.1
397191,-5.73,0.1
397192,-5.31,0.1
397193,-5.23,0.1
397194,-5.26,0.1
397195,-5.4,0.1
397196,-5.71,0.1
397197,-5.38,0.1
397198,-5.38,0.1
397199,-5.53,0.1
397200,-5.24,0.1
397201,-5.35,0.1
397202,-5.43,0.1
397203,-5.38,0.1
397204,-5.37,0.1
397205,-5.41,0.1
397206,-5.46,0.1
397207,-5.46,0.1
397208,-5.42,0.1
397209,-5.42,0.1
397210,-5.45,0.1
397211,-5.46,0.1
397212,-5.68,0.1
397213,-5.46,0.1
397214,-5.31,0.1
397215,-5.35,0.1
397216,-5.46,0.1
397217,-5.44,0.1
397218,-5.45,0.1
397219,-5.51,0.1
397220,-5.55,0.1
397221,-5.45,0.1
397222,-5.49,0.1
397223,-5.61,0.1
397224,-5.58,0.1
397225,-5.54,0.1
397226,-5.42,0.1
397227,-5.42,0.1
397228,-5.49,0.1
397229,-5.39,0.1
397230,-5.17,0.1
397231,-5.36,0.1
397232,-5.51,0.1
397233,-5.42,0.1
397234,-5.9,0.1
397235,-5.41,0.1
397236,-5.46,0.1
397237,-5.31,0.1
397238,-5.34,0.1
397239,-5.52,0.1
397240,-5.46,0.1
397241,-5.52,0.1
397242,-5.39,0.1
397243,-5.76,0.1
397244,-5.69,0.1
397245,-6.07,0.1
397246,-5.35,0.1
397247,-5.66,0.1
397248,-5.37,0.1
397249,-5.41,0.1
397250,-5.45,0.1
397251,-5.46,0.1
397252,-5.43,0.1
397253,-5.37,0.1
397254,-5.32,0.1
397255,-5.58,0.1
397256,-5.65,0.1
397257,-5.57,0.1
397258,-5.48,0.1
397259,-5.62,0.1
397260,-5.33,0.1
397261,-5.48,0.1
397262,-5.37,0.1
397263,-5.51,0.1
397264,-5.36,0.1
397265,-5.55,0.1
397266,-5.48,0.1
397267,-5.32,0.1
397268,-5.49,0.1
397269,-5.58,0.1
397270,-5.46,0.1
397271,-5.46,0.1
397272,-5.43,0.1
397273,-5.36,0.1
397274,-5.48,0.1
397275,-5.53,0.1
397276,-5.42,0.1
397277,-5.51,0.1
397278,-5.38,0.1
397279,-5.6,0.1
397280,-5.52,0.1
397281,-5.48,0.1
397282,-5.4,0.1
397283,-5.5,0.1
397284,-5.45,0.1
397285,-5.39,0.1
397286,-5.53,0.1
397287,-5.48,0.1
397288,-5.62,0.1
397289,-5.27,0.1
397290,-5.46,0.1
397291,-5.21,0.1
397292,-5.56,0.1
397293,-5.3,0.1
397294,-5.24,0.1
397295,-5.42,0.1
397296,-5.59,0.1
397297,-5.3,0.1
397298,-5.3,0.1
397299,-5.39,0.1
397300,-5.28,0.1
397301,-5.33,0.1
397302,-5.28,0.1
397303,-5.44,0.1
397304,-5.22,0.1
397305,-5.14,0.1
397306,-5.14,0.1
397307,-5.21,0.1
397308,-5.4,0.1
397309,-5.47,0.1
397310,-5.3,0.1
397311,-5.34,0.1
397312,-5.34,0.1
397313,-5.56,0.1
397314,-5.44,0.1
397315,-5.37,0.1
397316,-5.57,0.1
397317,-5.41,0.1
397318,-5.36,0.1
397319,-5.41,0.1
397320,-5.52,0.1
397321,-5.53,0.1
397322,-5.6,0.1
397323,-5.55,0.1
397324,-5.47,0.1
397325,-5.43,0.1
397326,-5.32,0.1
397327,-5.52,0.1
397328,-5.33,0.1
397329,-5.39,0.1
397330,-5.41,0.1
397331,-5.42,0.1
397332,-5.56,0.1
397333,-5.33,0.1
397334,-5.36,0.1
397335,-5.23,0.1
397336,-5.51,0.1
397337,-5.41,0.1
397338,-5.39,0.1
397339,-5.33,0.1
397340,-5.49,0.1
397341,-5.54,0.1
397342,-5.45,0.1
397343,-5.54,0.1
397344,-5.43,0.1
397345,-5.46,0.1
397346,-5.39,0.1
397347,-5.4,0.1
397348,-5.39,0.1
397349,-5.5,0.1
397350,-5.45,0.1
397351,-5.46,0.1
397352,-5.41,0.1
397353,-5.49,0.1
397354,-5.48,0.1
397355,-5.32,0.1
397356,-5.47,0.1
397357,-5.41,0.1
397358,-5.43,0.1
397359,-5.64,0.1
397360,-5.45,0.1
397361,-5.48,0.1
397362,-5.47,0.1
397363,-5.38,0.1
397364,-5.27,0.1
397365,-5.42,0.1
397366,-5.33,0.1
397367,-5.66,0.1
397368,-5.62,0.1
397369,-5.44,0.1
397370,-5.44,0.1
397371,-5.53,0.1
397372,-5.49,0.1
397373,-5.41,0.1
397374,-5.45,0.1
397375,-5.56,0.1
397376,-5.42,0.1
397377,-5.29,0.1
397378,-5.45,0.1
397379,-5.26,0.1
397380,-5.29,0.1
397381,-5.46,0.1
397382,-5.38,0.1
397383,-5.38,0.1
397384,-5.41,0.1
397385,-5.44,0.1
397386,-5.51,0.1
397387,-5.37,0.1
397388,-5.02,0.1
397389,-5.45,0.1
397390,-5.52,0.1
397391,-5.38,0.1
397392,-5.35,0.1
397393,-5.44,0.1
397394,-5.44,0.1
397395,-5.43,0.1
397396,-5.42,0.1
397397,-5.39,0.1
397398,-5.3,0.1
397399,-5.37,0.1
397400,-5.33,0.1
397401,-5.19,0.1
397402,-5.3,0.1
397403,-5.44,0.1
397404,-5.52,0.1
397405,-5.47,0.1
397406,-5.45,0.1
397407,-5.26,0.1
397408,-5.47,0.1
397409,-5.44,0.1
397410,-5.55,0.1
397411,-5.28,0.1
397412,-5.3,0.1
397413,-5.35,0.1
397414,-5.35,0.1
397415,-5.18,0.1
397416,-5.3,0.1
397417,-5.38,0.1
397418,-5.29,0.1
397419,-5.36,0.1
397420,-5.31,0.1
397421,-5.12,0.1
397422,-5.35,0.1
397423,-5.31,0.1
397424,-5.43,0.1
397425,-5.46,0.1
397426,-5.56,0.1
397427,-4.99,0.1
397428,-5.36,0.1
397429,-5.38,0.1
397430,-5.46,0.1
397431,-5.43,0.1
397432,-5.44,0.1
397433,-5.45,0.1
397434,-5.37,0.1
397435,-5.51,0.1
397436,-5.41,0.1
397437,-5.29,0.1
397438,-5.25,0.1
397439,-5.4,0.1
397440,-5.43,0.1
397441,-5.41,0.1
397442,-5.41,0.1
397443,-5.29,0.1
397444,-5.37,0.1
397445,-5.57,0.1
397446,-5.44,0.1
397447,-5.41,0.1
397448,-5.41,0.1
397449,-5.37,0.1
397450,-5.46,0.1
397451,-5.4,0.1
397452,-5.32,0.1
397453,-5.4,0.1
397454,-5.52,0.1
397455,-5.22,0.1
397456,-5.37,0.1
397457,-5.39,0.1
397458,-5.51,0.1
397459,-5.57,0.1
397460,-5.37,0.1
397461,-5.28,0.1
397462,-5.43,0.1
397463,-5.4,0.1
397464,-5.5,0.1
397465,-5.39,0.1
397466,-5.46,0.1
397467,-5.31,0.1
397468,-5.34,0.1
397469,-5.15,0.1
397470,-5.33,0.1
397471,-5.14,0.1
397472,-5.34,0.1
397473,-5.08,0.1
397474,-5.17,0.1
397475,-5.18,0.1
397476,-5.08,0.1
397477,-5.33,0.1
397478,-5.35,0.1
397479,-5.41,0.1
397480,-5.01,0.1
397481,-5.35,0.1
397482,-5.19,0.1
397483,-5.25,0.1
397484,-5.41,0.1
397485,-5.29,0.1
397486,-5.48,0.1
397487,-5.65,0.1
397488,-5.41,0.1
397489,-5.31,0.1
397490,-5.64,0.1
397491,-5.44,0.1
397492,-5.25,0.1
397493,-5.35,0.1
397494,-5.37,0.1
397495,-5.54,0.1
397496,-5.26,0.1
397497,-5.23,0.1
397498,-5.13,0.1
397499,-5.23,0.1
397500,-5.55,0.1
397501,-5.74,0.1
397502,-5.73,0.1
397503,-5.7,0.1
397504,-5.77,0.1
397505,-5.78,0.1
397506,-5.43,0.1
397507,-5.59,0.1
397508,-5.68,0.1
397509,-5.72,0.1
397510,-5.75,0.1
397511,-5.49,0.1
397512,-5.51,0.1
397513,-5.55,0.1
397514,-5.59,0.1
397515,-5.49,0.1
397516,-5.69,0.1
397517,-5.71,0.1
397518,-5.45,0.1
397519,-5.39,0.1
397520,-5.46,0.1
397521,-5.59,0.1
397522,-5.27,0.1
397523,-5.19,0.1
397524,-5.41,0.1
397525,-5.43,0.1
397526,-5.44,0.1
397527,-5.23,0.1
397528,-5.65,0.1
397529,-5.34,0.1
397530,-5.41,0.1
397531,-5.43,0.1
397532,-5.45,0.1
397533,-5.36,0.1
397534,-5.12,0.1
397535,-5.54,0.1
397536,-5.24,0.1
397537,-5.38,0.1
397538,-5.24,0.1
397539,-5.23,0.1
397540,-5.2,0.1
397541,-5.25,0.1
397542,-5.23,0.1
397543,-5.24,0.1
397544,-5.18,0.1
397545,-5.24,0.1
397546,-5.27,0.1
397547,-5.28,0.1
397548,-5.19,0.1
397549,-5.21,0.1
397550,-5.23,0.1
397551,-5.3,0.1
397552,-5.22,0.1
397553,-5.12,0.1
397554,-5.08,0.1
397555,-5.31,0.1
397556,-5.13,0.1
397557,-5.25,0.1
397558,-5.18,0.1
397559,-5.54,0.1
397560,-5.51,0.1
397561,-5.44,0.1
397562,-5.38,0.1
397563,-5.21,0.1
397564,-5.07,0.1
397565,-5.27,0.1
397566,-5.18,0.1
397567,-5.3,0.1
397568,-5.29,0.1
397569,-5.22,0.1
397570,-5.47,0.1
397571,-5.07,0.1
397572,-5.29,0.1
397573,-5.21,0.1
397574,-5.33,0.1
397575,-5.26,0.1
397576,-5.24,0.1
397577,-5.26,0.1
397578,-5.15,0.1
397579,-5.33,0.1
397580,-5.31,0.1
397581,-5.37,0.1
397582,-5.34,0.1
397583,-5.12,0.1
397584,-5.68,0.1
397585,-5.5,0.1
397586,-5.42,0.1
397587,-5.51,0.1
397588,-5.48,0.1
397589,-5.37,0.1
397590,-5.33,0.1
397591,-5.3,0.1
397592,-5.36,0.1
397593,-5.63,0.1
397594,-5.55,0.1
397595,-5.66,0.1
397596,-5.43,0.1
397597,-5.53,0.1
397598,-5.54,0.1
397599,-5.5,0.1
397600,-5.62,0.1
397601,-5.35,0.1
397602,-5.44,0.1
397603,-5.52,0.1
397604,-5.43,0.1
397605,-5.53,0.1
397606,-5.43,0.1
397607,-5.35,0.1
397608,-5.26,0.1
397609,-5.42,0.1
397610,-5.62,0.1
397611,-5.39,0.1
397612,-5.34,0.1
397613,-5.4,0.1
397614,-5.39,0.1
397615,-5.38,0.1
397616,-5.17,0.1
397617,-5.43,0.1
397618,-5.22,0.1
397619,-5.14,0.1
397620,-5.35,0.1
397621,-5.3,0.1
397622,-5.39,0.1
397623,-5.37,0.1
397624,-5.42,0.1
397625,-5.33,0.1
397626,-5.42,0.1
397627,-5.44,0.1
397628,-5.34,0.1
397629,-5.15,0.1
397630,-5.16,0.1
397631,-5.14,0.1
397632,-5.18,0.1
397633,-5.29,0.1
397634,-5.18,0.1
397635,-5.06,0.1
397636,-5.11,0.1
397637,-4.93,0.1
397638,-5.22,0.1
397639,-5.16,0.1
397640,-4.94,0.1
397641,-5.04,0.1
397642,-5.1,0.1
397643,-4.99,0.1
397644,-4.89,0.1
397645,-4.95,0.1
397646,-4.83,0.1
397647,-4.9,0.1
397648,-4.81,0.1
397649,-4.93,0.1
397650,-4.86,0.1
397651,-5.04,0.1
397652,-4.81,0.1
397653,-5.02,0.1
397654,-4.81,0.1
397655,-5.11,0.1
397656,-4.91,0.1
397657,-4.97,0.1
397658,-5.04,0.1
397659,-5.02,0.1
397660,-4.8,0.1
397661,-4.83,0.1
397662,-4.94,0.1
397663,-4.87,0.1
397664,-4.88,0.1
397665,-4.87,0.1
397666,-4.89,0.1
397667,-4.87,0.1
397668,-4.81,0.1
397669,-4.67,0.1
397670,-4.64,0.1
397671,-4.86,0.1
397672,-4.7,0.1
397673,-4.81,0.1
397674,-4.88,0.1
397675,-4.94,0.1
397676,-4.91,0.1
397677,-4.68,0.1
397678,-4.88,0.1
397679,-4.65,0.1
397680,-4.85,0.1
397681,-4.64,0.1
397682,-4.84,0.1
397683,-4.66,0.1
397684,-4.91,0.1
397685,-4.98,0.1
397686,-4.73,0.1
397687,-5.08,0.1
397688,-4.65,0.1
397689,-4.96,0.1
397690,-4.72,0.1
397691,-4.81,0.1
397692,-4.81,0.1
397693,-4.63,0.1
397694,-4.3,0.1
397695,-4.37,0.1
397696,-4.49,0.1
397697,-4.27,0.1
397698,-4.36,0.1
397699,-4.43,0.1
397700,-3.99,0.1
397701,-3.7,0.1
397702,-3.9,0.1
397703,-3.41,0.1
397704,-3.72,0.1
397705,-3.54,0.1
397706,-3.47,0.1
397707,-3.37,0.1
397708,-3.25,0.1
397709,-3.23,0.1
397710,-3.31,0.1
397711,-3.3,0.1
397712,-3.19,0.1
397713,-3.06,0.1
397714,-3.16,0.1
397715,-3.38,0.1
397716,-3.1,0.1
397717,-3.24,0.1
397718,-3.08,0.1
397719,-3.04,0.1
397720,-2.9,0.1
397721,-3.2,0.1
397722,-3.18,0.1
397723,-3,0.1
397724,-2.76,0.1
397725,-2.47,0.1
397726,-2.47,0.1
397727,-2.61,0.1
397728,-2.98,0.1
397729,-2.82,0.1
397730,-2.74,0.1
397731,-3.16,0.1
397732,-2.89,0.1
397733,-3,0.1
397734,-2.66,0.1
397735,-2.52,0.1
397736,-2.57,0.1
397737,-2.42,0.1
397738,-2.66,0.1
397739,-3,0.1
397740,-2.62,0.1
397741,-3.15,0.1
397742,-2.94,0.1
397743,-2.67,0.1
397744,-2.34,0.1
397745,-2.59,0.1
397746,-3.31,0.1
397747,-3.05,0.1
397748,-3.47,0.1
397749,-3.75,0.1
397750,-3.79,0.1
397751,-4.22,0.1
397752,-4.3,0.1
397753,-3.9,0.1
397754,-3.87,0.1
397755,-3.91,0.1
397756,-3.64,0.1
397757,-3.84,0.1
397758,-3.99,0.1
397759,-4.08,0.1
397760,-4.01,0.1
397761,-4.03,0.1
397762,-4.1,0.1
397763,-4.22,0.1
397764,-4.49,0.1
397765,-4.51,0.1
397766,-4.6,0.1
397767,-4.39,0.1
397768,-4.69,0.1
397769,-4.72,0.1
397770,-4.56,0.1
397771,-4.44,0.1
397772,-4.61,0.1
397773,-4.73,0.1
397774,-4.54,0.1
397775,-4.78,0.1
397776,-4.85,0.1
397777,-4.63,0.1
397778,-4.37,0.1
397779,-4.69,0.1
397780,-4.46,0.1
397781,-4.63,0.1
397782,-4.68,0.1
397783,-4.77,0.1
397784,-4.53,0.1
397785,-4.65,0.1
397786,-4.74,0.1
397787,-4.15,0.1
397788,-4.71,0.1
397789,-4.8,0.1
397790,-4.56,0.1
397791,-4.65,0.1
397792,-4.14,0.1
397793,-4.37,0.1
397794,-4.62,0.1
397795,-4.63,0.1
397796,-4.79,0.1
397797,-5,0.1
397798,-4.93,0.1
397799,-4.95,0.1
397800,-4.97,0.1
397801,-4.68,0.1
397802,-4.38,0.1
397803,-4.12,0.1
397804,-4.59,0.1
397805,-4.28,0.1
397806,-4.22,0.1
397807,-4.28,0.1
397808,-4.56,0.1
397809,-4.86,0.1
397810,-4.39,0.1
397811,-4.54,0.1
397812,-4.59,0.1
397813,-4.43,0.1
397814,-4.23,0.1
397815,-4.54,0.1
397816,-4.21,0.1
397817,-4.54,0.1
397818,-4.5,0.1
397819,-4.35,0.1
397820,-4.39,0.1
397821,-4.88,0.1
397822,-4.57,0.1
397823,-4.4,0.1
397824,-4.58,0.1
397825,-4.3,0.1
397826,-4.33,0.1
397827,-4.49,0.1
397828,-4.37,0.1
397829,-4.18,0.1
397830,-4.75,0.1
397831,-4.74,0.1
397832,-4.37,0.1
397833,-4.79,0.1
397834,-4.41,0.1
397835,-4.9,0.1
397836,-4.34,0.1
397837,-4.55,0.1
397838,-4.51,0.1
397839,-4.39,0.1
397840,-4.34,0.1
397841,-4.44,0.1
397842,-4.13,0.1
397843,-4.71,0.1
397844,-4.51,0.1
397845,-4.22,0.1
397846,-4.59,0.1
397847,-4.66,0.1
397848,-4.35,0.1
397849,-4.58,0.1
397850,-4.61,0.1
397851,-4.82,0.1
397852,-4.53,0.1
397853,-4.6,0.1
397854,-4.47,0.1
397855,-4.47,0.1
397856,-4.76,0.1
397857,-4.5,0.1
397858,-4.66,0.1
397859,-4.44,0.1
397860,-4.63,0.1
397861,-4.72,0.1
397862,-4.55,0.1
397863,-4.37,0.1
397864,-4.65,0.1
397865,-4.87,0.1
397866,-4.62,0.1
397867,-4.53,0.1
397868,-4.53,0.1
397869,-4.49,0.1
397870,-4.53,0.1
397871,-4.68,0.1
397872,-4.69,0.1
397873,-4.52,0.1
397874,-4.7,0.1
397875,-4.92,0.1
397876,-4.45,0.1
397877,-4.63,0.1
397878,-4.73,0.1
397879,-4.54,0.1
397880,-4.28,0.1
397881,-4.12,0.1
397882,-4.26,0.1
397883,-4.82,0.1
397884,-4.51,0.1
397885,-4.62,0.1
397886,-4.19,0.1
397887,-4.44,0.1
397888,-4.56,0.1
397889,-4.74,0.1
397890,-4.61,0.1
397891,-4.59,0.1
397892,-4.65,0.1
397893,-4.43,0.1
397894,-4.62,0.1
397895,-4.75,0.1
397896,-4.7,0.1
397897,-4.82,0.1
397898,-4.71,0.1
397899,-4.68,0.1
397900,-4.39,0.1
397901,-4.6,0.1
397902,-4.74,0.1
397903,-4.62,0.1
397904,-4.77,0.1
397905,-4.49,0.1
397906,-4.86,0.1
397907,-4.81,0.1
397908,-5.1,0.1
397909,-4.93,0.1
397910,-4.66,0.1
397911,-5.11,0.1
397912,-5.01,0.1
397913,-4.88,0.1
397914,-4.96,0.1
397915,-4.95,0.1
397916,-4.94,0.1
397917,-5.32,0.1
397918,-5.26,0.1
397919,-4.98,0.1
397920,-5.15,0.1
397921,-5.11,0.1
397922,-5.12,0.1
397923,-5.1,0.1
397924,-4.8,0.1
397925,-5.15,0.1
397926,-4.86,0.1
397927,-5.05,0.1
397928,-4.72,0.1
397929,-4.92,0.1
397930,-4.78,0.1
397931,-5.11,0.1
397932,-4.67,0.1
397933,-4.7,0.1
397934,-4.95,0.1
397935,-4.94,0.1
397936,-4.86,0.1
397937,-5.12,0.1
397938,-5.07,0.1
397939,-5.04,0.1
397940,-5.05,0.1
397941,-4.85,0.1
397942,-4.92,0.1
397943,-5.09,0.1
397944,-5.08,0.1
397945,-4.84,0.1
397946,-5.01,0.1
397947,-4.92,0.1
397948,-4.75,0.1
397949,-4.73,0.1
397950,-4.99,0.1
397951,-4.75,0.1
397952,-5,0.1
397953,-5.03,0.1
397954,-5.09,0.1
397955,-4.83,0.1
397956,-5.11,0.1
397957,-4.96,0.1
397958,-4.96,0.1
397959,-4.88,0.1
397960,-4.95,0.1
397961,-5.01,0.1
397962,-5.07,0.1
397963,-5.13,0.1
397964,-5.11,0.1
397965,-5.18,0.1
397966,-4.93,0.1
397967,-5.17,0.1
397968,-5.12,0.1
397969,-4.95,0.1
397970,-5.02,0.1
397971,-5.14,0.1
397972,-5.16,0.1
397973,-5.04,0.1
397974,-4.87,0.1
397975,-4.87,0.1
397976,-5.06,0.1
397977,-5,0.1
397978,-5.07,0.1
397979,-5.04,0.1
397980,-5.01,0.1
397981,-4.96,0.1
397982,-4.95,0.1
397983,-5.1,0.1
397984,-5.07,0.1
397985,-4.9,0.1
397986,-4.94,0.1
397988,-4.49,0.1
397989,-4.49,0.1
397990,-4.38,0.1
397991,-4.57,0.1
397992,-4.39,0.1
397993,-4.34,0.1
397994,-4.71,0.1
397995,-4.53,0.1
397996,-4.37,0.1
397997,-4.78,0.1
397998,-4.23,0.1
397999,-4.72,0.1
398000,-4.54,0.1
398001,-4.31,0.1
398002,-4.32,0.1
398003,-4.7,0.1
398004,-4.64,0.1
398005,-4.52,0.1
398006,-4.68,0.1
398007,-4.48,0.1
398008,-4.51,0.1
398009,-4.8,0.1
398010,-4.78,0.1
398011,-4.82,0.1
398012,-4.69,0.1
398013,-4.97,0.1
398014,-4.72,0.1
398015,-4.88,0.1
398016,-4.75,0.1
398017,-4.6,0.1
398018,-4.41,0.1
398019,-4.37,0.1
398020,-4.76,0.1
398021,-4.93,0.1
398022,-4.7,0.1
398023,-4.72,0.1
398024,-4.88,0.1
398025,-4.76,0.1
398026,-4.73,0.1
398027,-4.79,0.1
398028,-4.77,0.1
398029,-4.81,0.1
398030,-4.78,0.1
398031,-4.83,0.1
398032,-4.74,0.1
398033,-4.74,0.1
398034,-4.7,0.1
398035,-4.69,0.1
398036,-4.68,0.1
398037,-4.86,0.1
398038,-4.75,0.1
398039,-4.89,0.1
398040,-4.68,0.1
398041,-4.75,0.1
398042,-4.78,0.1
398043,-4.79,0.1
398044,-4.63,0.1
398045,-4.85,0.1
398046,-4.75,0.1
398047,-4.63,0.1
398048,-4.83,0.1
398049,-4.78,0.1
398050,-4.82,0.1
398051,-4.7,0.1
398052,-4.69,0.1
398053,-4.8,0.1
398054,-4.81,0.1
398055,-4.69,0.1
398056,-4.73,0.1
398057,-5.05,0.1
398058,-5.02,0.1
398059,-4.97,0.1
398060,-4.89,0.1
398061,-4.9,0.1
398062,-4.95,0.1
398063,-4.94,0.1
398064,-5.07,0.1
398065,-4.96,0.1
398066,-4.86,0.1
398067,-4.96,0.1
398068,-4.93,0.1
398069,-5.01,0.1
398070,-4.99,0.1
398071,-4.88,0.1
398072,-5.01,0.1
398073,-4.83,0.1
398074,-5.01,0.1
398075,-4.95,0.1
398076,-4.85,0.1
398077,-4.88,0.1
398078,-4.86,0.1
398079,-4.87,0.1
398080,-5.12,0.1
398081,-4.99,0.1
398082,-4.95,0.1
398083,-4.91,0.1
398084,-4.93,0.1
398085,-4.82,0.1
398086,-4.8,0.1
398087,-4.76,0.1
398088,-4.87,0.1
398089,-4.87,0.1
398090,-4.75,0.1
398091,-4.81,0.1
398092,-4.74,0.1
398093,-4.69,0.1
398094,-4.65,0.1
398095,-4.77,0.1
398096,-4.65,0.1
398097,-4.6,0.1
398098,-4.56,0.1
398099,-4.54,0.1
398100,-4.52,0.1
398101,-4.72,0.1
398102,-4.54,0.1
398103,-4.57,0.1
398104,-4.59,0.1
398105,-4.84,0.1
398106,-4.78,0.1
398107,-4.63,0.1
398108,-4.79,0.1
398109,-4.76,0.1
398110,-4.77,0.1
398111,-4.81,0.1
398112,-4.75,0.1
398113,-4.82,0.1
398114,-4.9,0.1
398115,-4.86,0.1
398116,-4.85,0.1
398117,-4.73,0.1
398118,-4.89,0.1
398119,-4.83,0.1
398120,-4.77,0.1
398121,-4.68,0.1
398122,-4.75,0.1
398123,-4.77,0.1
398124,-4.84,0.1
398125,-4.76,0.1
398126,-4.66,0.1
398127,-4.66,0.1
398128,-4.71,0.1
398129,-4.71,0.1
398130,-4.74,0.1
398131,-4.8,0.1
398132,-4.67,0.1
398133,-4.8,0.1
398134,-4.83,0.1
398135,-4.82,0.1
398136,-4.72,0.1
398137,-4.58,0.1
398138,-4.6,0.1
398139,-4.55,0.1
398140,-4.82,0.1
398141,-4.53,0.1
398142,-4.63,0.1
398143,-4.52,0.1
398144,-4.4,0.1
398145,-4.48,0.1
398146,-4.58,0.1
398147,-4.31,0.1
398148,-4.33,0.1
398149,-4.26,0.1
398150,-4.23,0.1
398151,-4.35,0.1
398152,-4.31,0.1
398153,-4.15,0.1
398154,-4.05,0.1
398155,-4.1,0.1
398156,-4.09,0.1
398157,-4.02,0.1
398158,-3.97,0.1
398159,-4.01,0.1
398160,-4.17,0.1
398161,-3.93,0.1
398162,-3.86,0.1
398163,-3.93,0.1
398164,-3.88,0.1
398165,-3.74,0.1
398166,-3.6,0.1
398167,-3.61,0.1
398168,-3.49,0.1
398169,-3.51,0.1
398170,-3.47,0.1
398171,-3.51,0.1
398172,-3.41,0.1
398173,-3.51,0.1
398174,-3.89,0.1
398175,-3.47,0.1
398176,-3.81,0.1
398177,-3.36,0.1
398178,-3.59,0.1
398179,-3.61,0.1
398180,-3.69,0.1
398181,-3.49,0.1
398182,-3.63,0.1
398183,-3.73,0.1
398184,-3.79,0.1
398185,-3.58,0.1
398186,-3.53,0.1
398187,-3.4,0.1
398188,-3.68,0.1
398189,-3.38,0.1
398190,-3.65,0.1
398191,-3.96,0.1
398192,-3.46,0.1
398193,-3.64,0.1
398194,-3.54,0.1
398195,-3.75,0.1
398196,-3.61,0.1
398197,-3.82,0.1
398198,-3.8,0.1
398199,-3.71,0.1
398200,-3.84,0.1
398201,-3.89,0.1
398202,-3.94,0.1
398203,-4.03,0.1
398204,-3.97,0.1
398205,-3.86,0.1
398206,-4.05,0.1
398207,-3.97,0.1
398208,-4.05,0.1
398209,-3.94,0.1
398210,-3.86,0.1
398211,-4.03,0.1
398212,-3.77,0.1
398213,-3.93,0.1
398214,-4.04,0.1
398215,-4.16,0.1
398216,-3.91,0.1
398217,-4.06,0.1
398218,-4.06,0.1
398219,-4.23,0.1
398220,-4.24,0.1
398221,-4.06,0.1
398222,-4.09,0.1
398223,-4.16,0.1
398224,-4.22,0.1
398225,-4.28,0.1
398226,-4.17,0.1
398227,-4.06,0.1
398228,-4.12,0.1
398229,-4.05,0.1
398230,-4.28,0.1
398231,-4.33,0.1
398232,-4.24,0.1
398233,-4.37,0.1
398234,-3.88,0.1
398235,-4.28,0.1
398236,-4.09,0.1
398237,-4.11,0.1
398238,-4.16,0.1
398239,-4.32,0.1
398240,-4.41,0.1
398241,-4.13,0.1
398242,-4.11,0.1
398243,-4.21,0.1
398244,-4.08,0.1
398245,-4.2,0.1
398246,-4.36,0.1
398247,-4.34,0.1
398248,-4.25,0.1
398249,-4.3,0.1
398250,-4.31,0.1
398251,-4.23,0.1
398252,-4.34,0.1
398253,-4.35,0.1
398254,-4.43,0.1
398255,-4.42,0.1
398256,-4.4,0.1
398257,-4.15,0.1
398258,-4.29,0.1
398259,-4.36,0.1
398260,-4.18,0.1
398261,-4.22,0.1
398262,-4.41,0.1
398263,-4.27,0.1
398264,-4.4,0.1
398265,-4.32,0.1
398266,-4.23,0.1
398267,-4.18,0.1
398268,-4.44,0.1
398269,-4.25,0.1
398270,-4.29,0.1
398271,-4.34,0.1
398272,-4.43,0.1
398273,-4.43,0.1
398274,-4.45,0.1
398275,-4.3,0.1
398276,-4.44,0.1
398277,-4.34,0.1
398278,-4.42,0.1
398279,-4.33,0.1
398280,-4.4,0.1
398281,-4.28,0.1
398282,-4.35,0.1
398283,-4.54,0.1
398284,-4.36,0.1
398285,-4.32,0.1
398286,-4.39,0.1
398287,-4.41,0.1
398288,-4.43,0.1
398289,-4.48,0.1
398290,-4.43,0.1
398291,-4.32,0.1
398292,-4.41,0.1
398293,-4.53,0.1
398294,-4.41,0.1
398295,-4.22,0.1
398296,-4.43,0.1
398297,-4.33,0.1
398298,-4.4,0.1
398299,-4.56,0.1
398300,-4.45,0.1
398301,-4.44,0.1
398302,-4.47,0.1
398303,-4.31,0.1
398304,-4.22,0.1
398305,-4.47,0.1
398306,-4.47,0.1
398307,-4.52,0.1
398308,-4.41,0.1
398309,-4.51,0.1
398310,-4.27,0.1
398311,-4.46,0.1
398312,-4.33,0.1
398313,-4.47,0.1
398314,-4.44,0.1
398315,-4.48,0.1
398316,-4.52,0.1
398317,-4.4,0.1
398318,-4.46,0.1
398319,-4.18,0.1
398320,-4.32,0.1
398321,-4.47,0.1
398322,-4.17,0.1
398323,-4.42,0.1
398324,-4.22,0.1
398325,-4.47,0.1
398326,-4.33,0.1
398327,-4.44,0.1
398328,-4.5,0.1
398329,-4.44,0.1
398330,-4.4,0.1
398331,-4.53,0.1
398332,-4.41,0.1
398333,-4.51,0.1
398334,-4.5,0.1
398335,-4.39,0.1
398336,-4.39,0.1
398337,-4.36,0.1
398338,-4.28,0.1
398339,-4.18,0.1
398340,-4.33,0.1
398341,-4.44,0.1
398342,-4.32,0.1
398343,-4.35,0.1
398344,-4.26,0.1
398345,-4.32,0.1
398346,-4.25,0.1
398347,-4.19,0.1
398348,-4.08,0.1
398349,-4.09,0.1
398350,-4,0.1
398351,-4.05,0.1
398352,-4.15,0.1
398353,-4.27,0.1
398354,-4.07,0.1
398355,-4.11,0.1
398356,-4.01,0.1
398357,-4.14,0.1
398358,-3.99,0.1
398359,-4.07,0.1
398360,-4.18,0.1
398361,-4.04,0.1
398362,-4.19,0.1
398363,-3.86,0.1
398364,-3.87,0.1
398365,-3.84,0.1
398366,-3.94,0.1
398367,-3.73,0.1
398368,-3.91,0.1
398369,-4.01,0.1
398370,-4.15,0.1
398371,-4.02,0.1
398372,-4.03,0.1
398373,-3.93,0.1
398374,-3.93,0.1
398375,-3.93,0.1
398376,-3.99,0.1
398377,-4,0.1
398378,-3.95,0.1
398379,-4.15,0.1
398380,-4.05,0.1
398381,-4.15,0.1
398382,-3.96,0.1
398383,-4.02,0.1
398384,-4.06,0.1
398385,-3.94,0.1
398386,-3.89,0.1
398387,-3.96,0.1
398388,-3.96,0.1
398389,-3.95,0.1
398390,-3.89,0.1
398391,-4.2,0.1
398392,-3.96,0.1
398393,-3.88,0.1
398394,-4.15,0.1
398395,-4,0.1
398396,-3.79,0.1
398397,-3.93,0.1
398398,-3.86,0.1
398399,-3.92,0.1
398400,-3.95,0.1
398401,-3.93,0.1
398402,-4,0.1
398403,-4.2,0.1
398404,-4.05,0.1
398405,-4.08,0.1
398406,-4.07,0.1
398407,-4.2,0.1
398408,-4.28,0.1
398409,-4.25,0.1
398410,-4.26,0.1
398411,-4.23,0.1
398412,-4.22,0.1
398413,-4.09,0.1
398414,-4.25,0.1
398415,-4.23,0.1
398416,-4.29,0.1
398417,-4.28,0.1
398418,-4.47,0.1
398419,-4.11,0.1
398420,-4.33,0.1
398421,-4.17,0.1
398422,-4.19,0.1
398423,-4.03,0.1
398424,-4.25,0.1
398425,-4.11,0.1
398426,-4.08,0.1
398427,-4.18,0.1
398428,-3.85,0.1
398429,-4.36,0.1
398430,-4.15,0.1
398431,-4.01,0.1
398432,-4.15,0.1
398433,-3.83,0.1
398434,-3.68,0.1
398435,-4.05,0.1
398436,-4.1,0.1
398437,-3.82,0.1
398438,-4.01,0.1
398439,-3.87,0.1
398440,-4.16,0.1
398441,-3.77,0.1
398442,-4.05,0.1
398443,-3.99,0.1
398444,-4.02,0.1
398445,-4.06,0.1
398446,-4.01,0.1
398447,-4.02,0.1
398448,-3.85,0.1
398449,-4.05,0.1
398450,-4.03,0.1
398451,-4.14,0.1
398452,-3.87,0.1
398453,-3.92,0.1
398454,-3.98,0.1
398455,-3.96,0.1
398456,-3.91,0.1
398457,-3.99,0.1
398458,-3.9,0.1
398459,-4.14,0.1
398460,-3.98,0.1
398461,-3.92,0.1
398462,-4.24,0.1
398463,-3.96,0.1
398464,-3.88,0.1
398465,-4.15,0.1
398466,-3.81,0.1
398467,-4.07,0.1
398468,-4.19,0.1
398469,-4,0.1
398470,-3.93,0.1
398471,-3.96,0.1
398472,-4.01,0.1
398473,-3.98,0.1
398474,-3.99,0.1
398475,-4.05,0.1
398476,-3.87,0.1
398477,-4.06,0.1
398478,-3.98,0.1
398479,-4,0.1
398480,-3.79,0.1
398481,-4.39,0.1
398482,-3.96,0.1
398483,-4.22,0.1
398484,-4.16,0.1
398485,-3.93,0.1
398486,-3.95,0.1
398487,-4.33,0.1
398488,-3.84,0.1
398489,-4.03,0.1
398490,-4.14,0.1
398491,-4.04,0.1
398492,-4.07,0.1
398493,-3.94,0.1
398494,-4.02,0.1
398495,-4.05,0.1
398496,-4.2,0.1
398497,-4.06,0.1
398498,-4.4,0.1
398499,-4.07,0.1
398500,-3.96,0.1
398501,-4.05,0.1
398502,-4.15,0.1
398503,-3.96,0.1
398504,-4.17,0.1
398505,-4.1,0.1
398506,-4.11,0.1
398507,-4.02,0.1
398508,-4.09,0.1
398509,-4.02,0.1
398510,-4.08,0.1
398511,-4.16,0.1
398512,-3.98,0.1
398513,-3.87,0.1
398514,-3.89,0.1
398515,-3.91,0.1
398516,-3.85,0.1
398517,-3.91,0.1
398518,-3.85,0.1
398519,-3.86,0.1
398520,-4,0.1
398521,-4.01,0.1
398522,-4.06,0.1
398523,-3.92,0.1
398524,-3.95,0.1
398525,-4.01,0.1
398526,-4.32,0.1
398527,-3.99,0.1
398528,-4.04,0.1
398529,-3.99,0.1
398530,-4.11,0.1
398531,-3.98,0.1
398532,-3.99,0.1
398533,-4.12,0.1
398534,-4.18,0.1
398535,-4.08,0.1
398536,-4.06,0.1
398537,-4.11,0.1
398538,-3.99,0.1
398539,-4.31,0.1
398540,-4.28,0.1
398541,-4.06,0.1
398542,-3.98,0.1
398543,-4.09,0.1
398544,-4.09,0.1
398545,-3.98,0.1
398546,-4.17,0.1
398547,-4.31,0.1
398548,-4.15,0.1
398549,-4.11,0.1
398550,-4.09,0.1
398551,-3.96,0.1
398552,-4.07,0.1
398553,-4.18,0.1
398554,-4.07,0.1
398555,-4.03,0.1
398556,-4.26,0.1
398557,-3.97,0.1
398558,-4.12,0.1
398559,-4.13,0.1
398560,-4.09,0.1
398561,-3.88,0.1
398562,-4.29,0.1
398563,-4.05,0.1
398564,-4.37,0.1
398565,-3.91,0.1
398566,-3.89,0.1
398567,-3.87,0.1
398568,-4.26,0.1
398569,-4.16,0.1
398570,-4.18,0.1
398571,-4.23,0.1
398572,-4.17,0.1
398573,-4.07,0.1
398574,-4.13,0.1
398575,-4.16,0.1
398576,-4.12,0.1
398577,-4.13,0.1
398578,-3.99,0.1
398579,-4.01,0.1
398580,-4.12,0.1
398581,-4.01,0.1
398582,-4.14,0.1
398583,-4.15,0.1
398584,-4.24,0.1
398585,-4.19,0.1
398586,-4.17,0.1
398587,-4.14,0.1
398588,-4.28,0.1
398589,-4.21,0.1
398590,-4.25,0.1
398591,-4.2,0.1
398592,-4.14,0.1
398593,-4.2,0.1
398594,-4.2,0.1
398595,-4.31,0.1
398596,-4.15,0.1
398597,-4.23,0.1
398598,-4.22,0.1
398599,-4.2,0.1
398600,-4.31,0.1
398601,-4.24,0.1
398602,-4.21,0.1
398603,-4.3,0.1
398604,-4.27,0.1
398605,-4.25,0.1
398606,-4.22,0.1
398607,-4.36,0.1
398608,-4.21,0.1
398609,-4.31,0.1
398610,-4.41,0.1
398611,-4.09,0.1
398612,-4.24,0.1
398613,-4.29,0.1
398614,-4.17,0.1
398615,-4.27,0.1
398616,-4.12,0.1
398617,-4.32,0.1
398618,-4.23,0.1
398619,-4.28,0.1
398620,-4.19,0.1
398621,-4.33,0.1
398622,-4.26,0.1
398623,-4.23,0.1
398624,-4.5,0.1
398625,-4.24,0.1
398626,-4.41,0.1
398627,-4.19,0.1
398628,-4.34,0.1
398629,-4.26,0.1
398630,-4.29,0.1
398631,-4.32,0.1
398632,-4.35,0.1
398633,-4.34,0.1
398634,-4.19,0.1
398635,-4.23,0.1
398636,-4.51,0.1
398637,-4.43,0.1
398638,-4.22,0.1
398639,-4.25,0.1
398640,-4.25,0.1
398641,-4.34,0.1
398642,-4.16,0.1
398643,-4.32,0.1
398644,-4.38,0.1
398645,-4.22,0.1
398646,-4.38,0.1
398647,-4.29,0.1
398648,-4.43,0.1
398649,-4.21,0.1
398650,-4.27,0.1
398651,-4.33,0.1
398652,-4.24,0.1
398653,-4.14,0.1
398654,-4.24,0.1
398655,-4.27,0.1
398656,-4.31,0.1
398657,-4.32,0.1
398658,-4.22,0.1
398659,-4.36,0.1
398660,-4.16,0.1
398661,-4.67,0.1
398662,-4.8,0.1
398663,-4.83,0.1
398664,-4.82,0.1
398665,-4.72,0.1
398666,-4.58,0.1
398667,-4.6,0.1
398668,-4.55,0.1
398669,-4.82,0.1
398670,-4.53,0.1
398671,-4.63,0.1
398672,-4.52,0.1
398673,-4.4,0.1
398674,-4.48,0.1
398675,-4.58,0.1
398676,-4.32,0.1
398677,-4.26,0.1
398678,-4.29,0.1
398679,-4.31,0.1
398680,-4.1,0.1
398681,-4.095,0.1
398682,-4.02,0.1
398683,-3.97,0.1
398684,-4.01,0.1
398685,-4.17,0.1
398686,-3.93,0.1
398687,-3.86,0.1
398688,-3.93,0.1
398689,-3.88,0.1
398690,-3.74,0.1
398691,-3.6,0.1
398692,-3.61,0.1
398693,-3.49,0.1
398694,-3.51,0.1
398695,-3.47,0.1
398696,-3.51,0.1
398697,-3.41,0.1
398698,-3.51,0.1
398699,-3.89,0.1
398700,-3.47,0.1
398701,-3.81,0.1
398702,-3.36,0.1
398703,-3.59,0.1
398704,-3.61,0.1
398705,-3.69,0.1
398706,-3.49,0.1
398707,-3.63,0.1
398708,-3.73,0.1
398709,-3.79,0.1
398710,-3.58,0.1
398711,-3.53,0.1
398712,-3.4,0.1
398713,-3.68,0.1
398714,-3.38,0.1
398715,-3.65,0.1
398716,-3.96,0.1
398717,-3.46,0.1
398718,-3.64,0.1
398719,-3.54,0.1
398720,-3.75,0.1
398721,-3.61,0.1
398722,-3.82,0.1
398723,-3.8,0.1
398724,-3.71,0.1
398725,-3.84,0.1
398726,-3.89,0.1
398727,-3.94,0.1
398728,-4.03,0.1
398729,-3.97,0.1
398730,-3.86,0.1
398731,-4.05,0.1
398732,-3.97,0.1
398733,-4.05,0.1
398734,-3.94,0.1
398735,-3.86,0.1
398736,-4.03,0.1
398737,-3.77,0.1
398738,-3.93,0.1
398739,-4.04,0.1
398740,-4.16,0.1
398741,-3.91,0.1
398742,-4.06,0.1
398743,-4.06,0.1
398744,-4.23,0.1
398745,-4.24,0.1
398746,-4.06,0.1
398747,-4.09,0.1
398748,-4.16,0.1
398749,-4.22,0.1
398750,-4.28,0.1
398751,-4.17,0.1
398752,-4.06,0.1
398753,-4.12,0.1
398754,-4.05,0.1
398755,-4.28,0.1
398756,-4.33,0.1
398757,-4.24,0.1
398758,-4.37,0.1
398759,-3.88,0.1
398760,-4.28,0.1
398761,-4.09,0.1
398762,-4.11,0.1
398763,-4.16,0.1
398764,-4.32,0.1
398765,-4.41,0.1
398766,-4.13,0.1
398767,-4.11,0.1
398768,-4.21,0.1
398769,-4.08,0.1
398770,-4.2,0.1
398771,-4.36,0.1
398772,-4.34,0.1
398773,-4.25,0.1
398774,-4.3,0.1
398775,-4.31,0.1
398776,-4.23,0.1
398777,-4.34,0.1
398778,-4.35,0.1
398779,-4.43,0.1
398780,-4.42,0.1
398781,-4.4,0.1
398782,-4.15,0.1
398783,-4.29,0.1
398784,-4.36,0.1
398785,-4.18,0.1
398786,-4.22,0.1
398787,-4.41,0.1
398788,-4.27,0.1
398789,-4.4,0.1
398790,-4.32,0.1
398791,-4.23,0.1
398792,-4.18,0.1
398793,-4.44,0.1
398794,-4.25,0.1
398795,-4.29,0.1
398797,-4.34,0.1
398798,-4.43,0.1
398799,-4.43,0.1
398800,-4.45,0.1
398801,-4.3,0.1
398802,-4.44,0.1
398803,-4.34,0.1
398804,-4.42,0.1
398805,-4.33,0.1
398806,-4.4,0.1
398807,-4.28,0.1
398808,-4.35,0.1
398809,-4.54,0.1
398810,-4.36,0.1
398811,-4.32,0.1
398812,-4.39,0.1
398813,-4.41,0.1
398814,-4.43,0.1
398815,-4.48,0.1
398816,-4.43,0.1
398817,-4.32,0.1
398818,-4.41,0.1
398819,-4.53,0.1
398820,-4.41,0.1
398821,-4.22,0.1
398822,-4.43,0.1
398823,-4.33,0.1
398824,-4.4,0.1
398825,-4.56,0.1
398826,-4.45,0.1
398827,-4.44,0.1
398828,-4.47,0.1
398829,-4.31,0.1
398830,-4.22,0.1
398831,-4.47,0.1
398832,-4.47,0.1
398833,-4.52,0.1
398834,-4.41,0.1
398835,-4.51,0.1
398836,-4.27,0.1
398837,-4.46,0.1
398838,-4.33,0.1
398839,-4.47,0.1
398840,-4.44,0.1
398841,-4.48,0.1
398842,-4.52,0.1
398843,-4.4,0.1
398844,-4.46,0.1
398845,-4.18,0.1
398846,-4.32,0.1
398847,-4.47,0.1
398848,-4.17,0.1
398849,-4.42,0.1
398850,-4.22,0.1
398851,-4.47,0.1
398852,-4.33,0.1
398853,-4.44,0.1
398854,-4.5,0.1
398855,-4.44,0.1
398856,-4.4,0.1
398857,-4.53,0.1
398858,-4.41,0.1
398859,-4.51,0.1
398860,-4.5,0.1
398861,-4.39,0.1
398862,-4.39,0.1
398863,-4.36,0.1
398864,-4.28,0.1
398865,-4.18,0.1
398866,-4.33,0.1
398867,-4.44,0.1
398868,-4.32,0.1
398869,-4.35,0.1
398870,-4.26,0.1
398871,-4.32,0.1
398872,-4.25,0.1
398873,-4.19,0.1
398874,-4.08,0.1
398875,-4.09,0.1
398876,-4,0.1
398877,-4.05,0.1
398878,-4.15,0.1
398879,-4.27,0.1
398880,-4.07,0.1
398881,-4.11,0.1
398882,-4.01,0.1
398883,-4.14,0.1
398884,-3.99,0.1
398885,-4.07,0.1
398886,-4.18,0.1
398887,-4.04,0.1
398888,-4.19,0.1
398889,-3.86,0.1
398890,-3.87,0.1
398891,-3.84,0.1
398892,-3.94,0.1
398893,-3.73,0.1
398894,-3.91,0.1
398895,-4.01,0.1
398896,-4.15,0.1
398897,-4.02,0.1
398898,-4.03,0.1
398899,-3.93,0.1
398900,-3.93,0.1
398901,-3.93,0.1
398902,-3.99,0.1
398903,-4,0.1
398904,-3.95,0.1
398905,-4.15,0.1
398906,-4.05,0.1
398907,-4.15,0.1
398908,-3.96,0.1
398909,-4.02,0.1
398910,-4.06,0.1
398911,-3.94,0.1
398912,-3.89,0.1
398913,-3.96,0.1
398914,-3.96,0.1
398915,-3.95,0.1
398916,-3.89,0.1
398917,-4.2,0.1
398918,-3.96,0.1
398919,-3.88,0.1
398920,-4.15,0.1
398921,-4,0.1
398922,-3.79,0.1
398923,-3.93,0.1
398924,-3.86,0.1
398925,-3.92,0.1
398926,-3.95,0.1
398927,-3.93,0.1
398928,-4,0.1
398929,-4.2,0.1
398930,-4.05,0.1
398931,-4.08,0.1
398932,-4.07,0.1
398933,-4.2,0.1
398934,-4.28,0.1
398935,-4.25,0.1
398936,-4.26,0.1
398937,-4.23,0.1
398938,-4.22,0.1
398939,-4.09,0.1
398940,-4.25,0.1
398941,-4.23,0.1
398942,-4.29,0.1
398943,-4.28,0.1
398944,-4.47,0.1
398945,-4.11,0.1
398946,-4.33,0.1
398947,-4.17,0.1
398948,-4.19,0.1
398949,-4.03,0.1
398950,-4.25,0.1
398951,-4.11,0.1
398952,-4.08,0.1
398953,-4.18,0.1
398954,-3.85,0.1
398955,-4.36,0.1
398956,-4.15,0.1
398957,-4.01,0.1
398958,-4.15,0.1
398959,-3.83,0.1
398960,-3.68,0.1
398961,-4.05,0.1
398962,-4.1,0.1
398963,-3.82,0.1
398964,-4.01,0.1
398965,-3.87,0.1
398966,-4.16,0.1
398967,-3.77,0.1
398968,-4.05,0.1
398969,-3.99,0.1
398970,-4.02,0.1
398971,-4.06,0.1
398972,-4.01,0.1
398973,-4.02,0.1
398974,-3.85,0.1
398975,-4.05,0.1
398976,-4.03,0.1
398977,-4.14,0.1
398978,-3.87,0.1
398979,-3.92,0.1
398980,-3.98,0.1
398981,-3.96,0.1
398982,-3.91,0.1
398983,-3.99,0.1
398984,-3.9,0.1
398985,-4.14,0.1
398986,-3.98,0.1
398987,-3.92,0.1
398988,-4.24,0.1
398989,-3.96,0.1
398990,-3.88,0.1
398991,-4.15,0.1
398992,-3.81,0.1
398993,-4.07,0.1
398994,-4.19,0.1
398995,-4,0.1
398996,-3.93,0.1
398997,-3.96,0.1
398998,-4.01,0.1
398999,-3.98,0.1
399000,-3.99,0.1
399001,-4.05,0.1
399002,-3.87,0.1
399003,-4.06,0.1
399004,-3.98,0.1
399005,-4,0.1
399006,-3.79,0.1
399007,-4.39,0.1
399008,-3.96,0.1
399009,-4.22,0.1
399010,-4.16,0.1
399011,-3.93,0.1
399012,-3.95,0.1
399013,-4.33,0.1
399014,-3.84,0.1
399015,-4.03,0.1
399016,-4.14,0.1
399017,-4.04,0.1
399018,-4.07,0.1
399019,-3.94,0.1
399020,-4.02,0.1
399021,-4.05,0.1
399022,-4.2,0.1
399023,-4.06,0.1
399024,-4.4,0.1
399025,-4.07,0.1
399026,-3.96,0.1
399027,-4.05,0.1
399028,-4.15,0.1
399029,-3.96,0.1
399030,-4.17,0.1
399031,-4.1,0.1
399032,-4.11,0.1
399033,-4.02,0.1
399034,-4.09,0.1
399035,-4.02,0.1
399036,-4.08,0.1
399037,-4.16,0.1
399038,-3.98,0.1
399039,-3.87,0.1
399040,-3.89,0.1
399041,-3.91,0.1
399042,-3.85,0.1
399043,-3.91,0.1
399044,-3.85,0.1
399045,-3.86,0.1
399046,-4,0.1
399047,-4.01,0.1
399048,-4.06,0.1
399049,-3.92,0.1
399050,-3.95,0.1
399051,-4.01,0.1
399052,-4.32,0.1
399053,-3.99,0.1
399054,-4.04,0.1
399055,-3.99,0.1
399056,-4.11,0.1
399057,-3.98,0.1
399058,-3.99,0.1
399059,-4.12,0.1
399060,-4.18,0.1
399061,-4.08,0.1
399062,-4.06,0.1
399063,-4.11,0.1
399064,-3.99,0.1
399065,-4.31,0.1
399066,-4.28,0.1
399067,-4.06,0.1
399068,-3.98,0.1
399069,-4.09,0.1
399070,-4.09,0.1
399071,-3.98,0.1
399072,-4.17,0.1
399073,-4.31,0.1
399074,-4.15,0.1
399075,-4.11,0.1
399076,-4.09,0.1
399077,-3.96,0.1
399078,-4.07,0.1
399079,-4.18,0.1
399080,-4.07,0.1
399081,-4.03,0.1
399082,-4.26,0.1
399083,-3.97,0.1
399084,-4.12,0.1
399085,-4.13,0.1
399086,-4.09,0.1
399087,-3.88,0.1
399088,-4.29,0.1
399089,-4.05,0.1
399090,-4.37,0.1
399091,-3.91,0.1
399092,-3.89,0.1
399093,-3.87,0.1
399094,-4.26,0.1
399095,-4.16,0.1
399096,-4.18,0.1
399097,-4.23,0.1
399098,-4.17,0.1
399099,-4.07,0.1
399100,-4.13,0.1
399101,-4.16,0.1
399102,-4.12,0.1
399103,-4.13,0.1
399104,-3.99,0.1
399105,-4.01,0.1
399106,-4.12,0.1
399107,-4.01,0.1
399108,-4.14,0.1
399109,-4.15,0.1
399110,-4.24,0.1
399111,-4.19,0.1
399112,-4.17,0.1
399113,-4.14,0.1
399114,-4.28,0.1
399115,-4.21,0.1
399116,-4.25,0.1
399117,-4.2,0.1
399118,-4.14,0.1
399119,-4.2,0.1
399120,-4.2,0.1
399121,-4.31,0.1
399122,-4.15,0.1
399123,-4.23,0.1
399124,-4.22,0.1
399125,-4.2,0.1
399126,-4.31,0.1
399127,-4.24,0.1
399128,-4.21,0.1
399129,-4.3,0.1
399130,-4.27,0.1
399131,-4.25,0.1
399132,-4.22,0.1
399133,-4.36,0.1
399134,-4.21,0.1
399135,-4.31,0.1
399136,-4.41,0.1
399137,-4.09,0.1
399138,-4.24,0.1
399139,-4.29,0.1
399140,-4.17,0.1
399141,-4.27205,0.1
399142,-4.12,0.1
399143,-4.32,0.1
399144,-4.23,0.1
399145,-4.28,0.1
399146,-4.19,0.1
399147,-4.33,0.1
399148,-4.26,0.1
399149,-4.23,0.1
399150,-4.5,0.1
399151,-4.24,0.1
399152,-4.41,0.1
399153,-4.19,0.1
399154,-4.34,0.1
399155,-4.26,0.1
399156,-4.29,0.1
399157,-4.32,0.1
399158,-4.35,0.1
399159,-4.34,0.1
399160,-4.19,0.1
399161,-4.23,0.1
399162,-4.51,0.1
399163,-4.43,0.1
399164,-4.22,0.1
399165,-4.25,0.1
399166,-4.25,0.1
399167,-4.34,0.1
399168,-4.16,0.1
399169,-4.32,0.1
399170,-4.38,0.1
399171,-4.22,0.1
399172,-4.38,0.1
399173,-4.29,0.1
399174,-4.43,0.1
399175,-4.21,0.1
399176,-4.27,0.1
399177,-4.33,0.1
399178,-4.24,0.1
399179,-4.14,0.1
399180,-4.24,0.1
399181,-4.27,0.1
399182,-4.31,0.1
399183,-4.32,0.1
399184,-4.22,0.1
399185,-4.36,0.1
399186,-4.16,0.1
399187,-4.33,0.1
399188,-4.37,0.1
399189,-4.21,0.1
399190,-4.42,0.1
399191,-4.28,0.1
399192,-4.21,0.1
399193,-4.15,0.1
399194,-2.94,0.1
399195,-3.99,0.1
399196,-3.61,0.1
399197,-2.71,0.1
399198,-4.22,0.1
399199,-4.43,0.1
399200,-4.26,0.1
399201,-4.1,0.1
399202,-4.36,0.1
399203,-4.53,0.1
399204,-4.11,0.1
399205,-4.44,0.1
399206,-4.17,0.1
399207,-4.32,0.1
399208,-4.43,0.1
399209,-4.46,0.1
399210,-4.48,0.1
399211,-4.49,0.1
399212,-4.59,0.1
399213,-3.94,0.1
399214,-4.72,0.1
399215,-4.42,0.1
399216,-4.68,0.1
399217,-4.44,0.1
399218,-4.58,0.1
399219,-4.59,0.1
399220,-4.33,0.1
399221,-4.61,0.1
399222,-4.45,0.1
399223,-4.77,0.1
399224,-4.68,0.1
399225,-4.52,0.1
399226,-4.71,0.1
399227,-4.37,0.1
399228,-4.69,0.1
399229,-4.71,0.1
399230,-4.74,0.1
399231,-4.68,0.1
399232,-4.64,0.1
399233,-4.6,0.1
399234,-4.66,0.1
399235,-4.62,0.1
399236,-4.42,0.1
399237,-4.61,0.1
399238,-4.71,0.1
399239,-4.64,0.1
399240,-4.66,0.1
399241,-4.69,0.1
399242,-4.65,0.1
399243,-4.46,0.1
399244,-4.57,0.1
399245,-4.51,0.1
399246,-4.39,0.1
399247,-4.34,0.1
399248,-4.21,0.1
399249,-4.44,0.1
399250,-4.73,0.1
399251,-4.55,0.1
399252,-4.24,0.1
399253,-4.53,0.1
399254,-4.61,0.1
399255,-4.71,0.1
399256,-4.72,0.1
399257,-4.33,0.1
399258,-4.42,0.1
399259,-4.06,0.1
399260,-4.36,0.1
399261,-4.42,0.1
399262,-4.59,0.1
399263,-4.46,0.1
399264,-4.17,0.1
399265,-4.47,0.1
399266,-4.42,0.1
399267,-4.51,0.1
399268,-4.88,0.1
399269,-5.29,0.1
399270,-4.77,0.1
399271,-4.58,0.1
399272,-4.66,0.1
399273,-4.91,0.1
399274,-4.53,0.1
399275,-4.61,0.1
399276,-4.46,0.1
399277,-4.52,0.1
399278,-4.85,0.1
399279,-4.61,0.1
399280,-4.35,0.1
399281,-4.49,0.1
399282,-4.33,0.1
399283,-4.56,0.1
399284,-4.69,0.1
399285,-4.38,0.1
399286,-4.28,0.1
399287,-4.1,0.1
399288,-4.37,0.1
399289,-4.02,0.1
399290,-4.35,0.1
399291,-4.29,0.1
399292,-4.48,0.1
399293,-4.46,0.1
399294,-4.74,0.1
399295,-4.47,0.1
399296,-4.51,0.1
399297,-4.47,0.1
399298,-4.51,0.1
399299,-4.41,0.1
399300,-4.99,0.1
399301,-4.61,0.1
399302,-4.08,0.1
399303,-4.68,0.1
399304,-4.87,0.1
399305,-4.23,0.1
399306,-4.51,0.1
399307,-4.57,0.1
399308,-4.46,0.1
399309,-4.07,0.1
399310,-4.49,0.1
399311,-4.48,0.1
399312,-4.02,0.1
399313,-4.85,0.1
399314,-4.18,0.1
399315,-4.35,0.1
399316,-4.14,0.1
399317,-4.19,0.1
399318,-4.31,0.1
399319,-4.52,0.1
399320,-4.21,0.1
399321,-4.18,0.1
399322,-4.1,0.1
399323,-4.31,0.1
399324,-4.51,0.1
399325,-4.3,0.1
399326,-3.88,0.1
399327,-4.08,0.1
399328,-4.39,0.1
399329,-4.45,0.1
399330,-4.06,0.1
399331,-4.51,0.1
399332,-4.2,0.1
399333,-4.26,0.1
399334,-4.34,0.1
399335,-4.34,0.1
399336,-4.2,0.1
399337,-4.38,0.1
399338,-4.29,0.1
399339,-4.31,0.1
399340,-4.19,0.1
399341,-4.64,0.1
399342,-4.57,0.1
399343,-4.35,0.1
399344,-4.29,0.1
399345,-4.25,0.1
399346,-4.29,0.1
399347,-4.24,0.1
399348,-4.65,0.1
399349,-4.16,0.1
399350,-3.8,0.1
399351,-4.11,0.1
399352,-3.64,0.1
399353,-4.48,0.1
399354,-4.22,0.1
399355,-4.4,0.1
399356,-4.31,0.1
399357,-4.2,0.1
399358,-4.61,0.1
399359,-4.68,0.1
399360,-4.63,0.1
399361,-4.7,0.1
399362,-4.64,0.1
399363,-4.64,0.1
399364,-4.83,0.1
399365,-4.68,0.1
399366,-4.83,0.1
399367,-4.73,0.1
399368,-4.63,0.1
399369,-4.72,0.1
399370,-4.74,0.1
399371,-4.62,0.1
399372,-4.76,0.1
399373,-4.68,0.1
399374,-4.55,0.1
399375,-4.81,0.1
399376,-4.79,0.1
399377,-4.79,0.1
399378,-4.6,0.1
399379,-4.77,0.1
399380,-4.79,0.1
399381,-4.79,0.1
399382,-4.81,0.1
399383,-4.69,0.1
399384,-4.68,0.1
399385,-4.83,0.1
399386,-4.68,0.1
399387,-4.79,0.1
399388,-4.79,0.1
399389,-4.74,0.1
399390,-4.73,0.1
399391,-4.79,0.1
399392,-4.71,0.1
399393,-4.61,0.1
399394,-4.97,0.1
399395,-4.68,0.1
399396,-4.54,0.1
399397,-4.7,0.1
399398,-4.71,0.1
399399,-4.91,0.1
399400,-4.73,0.1
399401,-4.85,0.1
399402,-4.87,0.1
399403,-4.84,0.1
399404,-4.84,0.1
399405,-4.74,0.1
399406,-4.93,0.1
399407,-4.78,0.1
399408,-4.72,0.1
399409,-4.68,0.1
399410,-4.38,0.1
399411,-4.12,0.1
399412,-4.59,0.1
399413,-4.28,0.1
399414,-4.22,0.1
399415,-4.28,0.1
399416,-4.56,0.1
399417,-4.86,0.1
399418,-4.39,0.1
399419,-4.54,0.1
399420,-4.59,0.1
399421,-4.43,0.1
399422,-4.23,0.1
399423,-4.54,0.1
399424,-4.21,0.1
399425,-4.54,0.1
399426,-4.5,0.1
399427,-4.35,0.1
399428,-4.39,0.1
399429,-4.88,0.1
399430,-4.57,0.1
399431,-4.4,0.1
399432,-4.58,0.1
399433,-4.3,0.1
399434,-4.33,0.1
399435,-4.49,0.1
399436,-4.37,0.1
399437,-4.18,0.1
399438,-4.75,0.1
399439,-4.74,0.1
399440,-4.37,0.1
399441,-4.79,0.1
399442,-4.41,0.1
399443,-4.9,0.1
399444,-4.34,0.1
399445,-4.55,0.1
399446,-4.51,0.1
399447,-4.39,0.1
399448,-4.34,0.1
399449,-4.44,0.1
399450,-4.13,0.1
399451,-4.71,0.1
399452,-4.51,0.1
399453,-4.22,0.1
399454,-4.59,0.1
399455,-4.66,0.1
399456,-4.35,0.1
399457,-4.58,0.1
399458,-4.61,0.1
399459,-4.82,0.1
399460,-4.53,0.1
399461,-4.6,0.1
399462,-4.47,0.1
399463,-4.47,0.1
399464,-4.76,0.1
399465,-4.5,0.1
399466,-4.66,0.1
399467,-4.44,0.1
399468,-4.63,0.1
399469,-4.72,0.1
399470,-4.55,0.1
399471,-4.37,0.1
399472,-4.65,0.1
399473,-4.87,0.1
399474,-4.62,0.1
399475,-4.53,0.1
399476,-4.53,0.1
399477,-4.49,0.1
399478,-4.53,0.1
399479,-4.68,0.1
399480,-4.69,0.1
399481,-4.52,0.1
399482,-4.7,0.1
399483,-4.92,0.1
399484,-4.45,0.1
399485,-4.63,0.1
399486,-4.73,0.1
399487,-4.54,0.1
399488,-4.28,0.1
399489,-4.12,0.1
399490,-4.26,0.1
399491,-4.82,0.1
399492,-4.51,0.1
399493,-4.62,0.1
399494,-4.19,0.1
399495,-4.44,0.1
399496,-4.56,0.1
399497,-4.74,0.1
399498,-4.61,0.1
399499,-4.59,0.1
399500,-4.65,0.1
399501,-4.43,0.1
399502,-4.62,0.1
399503,-4.75,0.1
399504,-4.7,0.1
399505,-4.82,0.1
399506,-4.71,0.1
399507,-4.68,0.1
399508,-4.39,0.1
399509,-4.6,0.1
399510,-4.74,0.1
399511,-4.62,0.1
399512,-4.77,0.1
399513,-4.49,0.1
399514,-4.86,0.1
399515,-4.81,0.1
399516,-5.1,0.1
399517,-4.93,0.1
399518,-4.66,0.1
399519,-5.11,0.1
399520,-5.01,0.1
399521,-4.88,0.1
399522,-4.96,0.1
399523,-4.95,0.1
399524,-4.94,0.1
399525,-5.32,0.1
399526,-5.26,0.1
399527,-4.98,0.1
399528,-5.15,0.1
399529,-5.11,0.1
399530,-5.12,0.1
399531,-5.1,0.1
399532,-4.8,0.1
399533,-5.15,0.1
399534,-4.86,0.1
399535,-5.05,0.1
399536,-4.72,0.1
399537,-4.92,0.1
399538,-4.78,0.1
399539,-5.11,0.1
399540,-4.67,0.1
399541,-4.7,0.1
399542,-4.99,0.1
399543,-4.79,0.1
399544,-4.86,0.1
399545,-4.67,0.1
399546,-4.73,0.1
399547,-4.84,0.1
399548,-4.87,0.1
399549,-4.63,0.1
399550,-4.87,0.1
399551,-4.82,0.1
399552,-4.94,0.1
399553,-4.89,0.1
399554,-5.01,0.1
399555,-4.96,0.1
399556,-5.12,0.1
399557,-4.95,0.1
399558,-4.74,0.1
399559,-4.88,0.1
399560,-4.96,0.1
399561,-4.94,0.1
399562,-4.67,0.1
399563,-4.94,0.1
399564,-4.97,0.1
399565,-4.57,0.1
399566,-4.99,0.1
399567,-4.82,0.1
399568,-4.81,0.1
399569,-4.81,0.1
399570,-5.02,0.1
399571,-4.78,0.1
399572,-4.87,0.1
399573,-4.63,0.1
399574,-4.56,0.1
399575,-4.83,0.1
399576,-4.58,0.1
399577,-4.67,0.1
399578,-4.96,0.1
399579,-5.05,0.1
399580,-5,0.1
399581,-4.7,0.1
399582,-4.56,0.1
399583,-4.83,0.1
399584,-4.66,0.1
399585,-4.9,0.1
399586,-4.69,0.1
399587,-4.6,0.1
399588,-4.56,0.1
399589,-4.52,0.1
399590,-4.46,0.1
399591,-4.62,0.1
399592,-4.81,0.1
399593,-4.51,0.1
399594,-4.56,0.1
399595,-4.55,0.1
399596,-4.42,0.1
399597,-4.57,0.1
399598,-4.47,0.1
399599,-4.37,0.1
399600,-4.44,0.1
399601,-4.47,0.1
399602,-4.32,0.1
399603,-4.57,0.1
399604,-4.3,0.1
399605,-4.25,0.1
399606,-4.13,0.1
399607,-4.09,0.1
399608,-4.08,0.1
399609,-4.15,0.1
399610,-4.34,0.1
399611,-4.34,0.1
399612,-4.59,0.1
399613,-4.36,0.1
399614,-4.32,0.1
399615,-4.35,0.1
399616,-4.55,0.1
399617,-4.58,0.1
399618,-4.67,0.1
399619,-4.41,0.1
399620,-4.52,0.1
399621,-4.66,0.1
399622,-4.28,0.1
399623,-4.34,0.1
399624,-4.27,0.1
399625,-4.21,0.1
399626,-4.09,0.1
399627,-3.97,0.1
399628,-4.32,0.1
399629,-4.51,0.1
399630,-4.54,0.1
399631,-4.86,0.1
399632,-4.73,0.1
399633,-4.63,0.1
399634,-4.87,0.1
399635,-4.82,0.1
399636,-4.77,0.1
399637,-4.79,0.1
399638,-5,0.1
399639,-4.91,0.1
399640,-4.96,0.1
399641,-4.95,0.1
399642,-5.11,0.1
399643,-5.12,0.1
399644,-5.3,0.1
399645,-5.3,0.1
399646,-5.16,0.1
399647,-5,0.1
399648,-5.05,0.1
399649,-5.13,0.1
399650,-5.13,0.1
399651,-5.15,0.1
399652,-5.24,0.1
399653,-5.17,0.1
399654,-5.06,0.1
399655,-4.86,0.1
399656,-5.06,0.1
399657,-5.11,0.1
399658,-5.19,0.1
399659,-5.43,0.1
399660,-5.4,0.1
399661,-5.43,0.1
399662,-5.3,0.1
399663,-5.3,0.1
399664,-5.24,0.1
399665,-5.36,0.1
399666,-5.54,0.1
399667,-5.28,0.1
399668,-5.31,0.1
399669,-5.21,0.1
399670,-5.08,0.1
399671,-5.41,0.1
399673,-5.33,0.1
399674,-5.41,0.1
399675,-5.2,0.1
399676,-5.73,0.1
399677,-5.31,0.1
399678,-5.23,0.1
399679,-5.26,0.1
399680,-5.4,0.1
399681,-5.71,0.1
399682,-5.38,0.1
399683,-5.38,0.1
399684,-5.53,0.1
399685,-5.24,0.1
399686,-5.35,0.1
399687,-5.43,0.1
399688,-5.38,0.1
399689,-5.37,0.1
399690,-5.41,0.1
399691,-5.46,0.1
399692,-5.46,0.1
399693,-5.42,0.1
399694,-5.42,0.1
399695,-5.45,0.1
399696,-5.46,0.1
399697,-5.68,0.1
399698,-5.46,0.1
399699,-5.31,0.1
399700,-5.35,0.1
399701,-5.46,0.1
399702,-5.44,0.1
399703,-5.45,0.1
399704,-5.51,0.1
399705,-5.55,0.1
399706,-5.45,0.1
399708,-5.49,0.1
399709,-5.61,0.1
399710,-5.58,0.1
399711,-5.54,0.1
399712,-5.42,0.1
399713,-5.42,0.1
399714,-5.49,0.1
399715,-5.39,0.1
399716,-5.17,0.1
399717,-5.36,0.1
399718,-5.51,0.1
399719,-5.42,0.1
399720,-5.9,0.1
399721,-5.41,0.1
399722,-5.46,0.1
399723,-5.31,0.1
399724,-5.34,0.1
399725,-5.52,0.1
399726,-5.46,0.1
399727,-5.52,0.1
399728,-5.39,0.1
399729,-5.76,0.1
399730,-5.69,0.1
399731,-6.07,0.1
399732,-5.35,0.1
399733,-5.66,0.1
399734,-5.37,0.1
399735,-5.41,0.1
399736,-5.45,0.1
399737,-5.46,0.1
399738,-5.43,0.1
399739,-5.37,0.1
399740,-5.32,0.1
399741,-5.58,0.1
399742,-5.65,0.1
399743,-5.57,0.1
399744,-5.48,0.1
399745,-5.62,0.1
399746,-5.33,0.1
399747,-5.48,0.1
399748,-5.37,0.1
399749,-5.51,0.1
399750,-5.36,0.1
399751,-5.55,0.1
399752,-5.48,0.1
399753,-5.32,0.1
399754,-5.49,0.1
399755,-5.58,0.1
399756,-5.46,0.1
399757,-5.46,0.1
399758,-5.43,0.1
399759,-5.36,0.1
399760,-5.48,0.1
399761,-5.53,0.1
399762,-5.42,0.1
399763,-5.51,0.1
399764,-5.38,0.1
399765,-5.6,0.1
399766,-5.52,0.1
399767,-5.48,0.1
399768,-5.4,0.1
399770,-5.5,0.1
399771,-5.45,0.1
399772,-5.39,0.1
399773,-5.53,0.1
399774,-5.48,0.1
399775,-5.62,0.1
399776,-5.27,0.1
399777,-5.46,0.1
399778,-5.21,0.1
399779,-5.56,0.1
399780,-5.3,0.1
399781,-5.24,0.1
399782,-5.42,0.1
399783,-5.59,0.1
399784,-5.3,0.1
399785,-5.3,0.1
399786,-5.39,0.1
399787,-5.28,0.1
399788,-5.33,0.1
399789,-5.28,0.1
399790,-5.44,0.1
399791,-5.22,0.1
399792,-5.14,0.1
399793,-5.14,0.1
399794,-5.21,0.1
399795,-5.4,0.1
399796,-5.47,0.1
399797,-5.3,0.1
399798,-5.34,0.1
399799,-5.34,0.1
399800,-5.56,0.1
399801,-5.44,0.1
399802,-5.37,0.1
399803,-5.57,0.1
399804,-5.41,0.1
399805,-5.36,0.1
399806,-5.41,0.1
399807,-5.52,0.1
399808,-5.53,0.1
399809,-5.6,0.1
399810,-5.55,0.1
399811,-5.47,0.1
399812,-5.43,0.1
399813,-5.32,0.1
399814,-5.52,0.1
399815,-5.33,0.1
399816,-5.39,0.1
399817,-5.41,0.1
399818,-5.42,0.1
399819,-5.56,0.1
399820,-5.33,0.1
399821,-5.36,0.1
399822,-5.23,0.1
399823,-5.51,0.1
399824,-5.41,0.1
399825,-5.39,0.1
399826,-5.33,0.1
399827,-5.49,0.1
399828,-5.54,0.1
399829,-5.45,0.1
399830,-5.54,0.1
399831,-5.43,0.1
399832,-5.46,0.1
399833,-5.39,0.1
399834,-5.4,0.1
399835,-5.39,0.1
399836,-5.5,0.1
399837,-5.45,0.1
399838,-5.46,0.1
399839,-5.41,0.1
399840,-5.49,0.1
399841,-5.48,0.1
399842,-5.32,0.1
399843,-5.47,0.1
399844,-5.41,0.1
399845,-5.43,0.1
399846,-5.64,0.1
399847,-5.45,0.1
399848,-5.48,0.1
399849,-5.47,0.1
399850,-5.38,0.1
399851,-5.27,0.1
399852,-5.42,0.1
399853,-5.33,0.1
399854,-5.66,0.1
399855,-5.62,0.1
399856,-5.44,0.1
399857,-5.44,0.1
399858,-5.53,0.1
399859,-5.49,0.1
399860,-5.41,0.1
399861,-5.45,0.1
399862,-5.56,0.1
399863,-5.42,0.1
399864,-5.29,0.1
399865,-5.45,0.1
399866,-5.26,0.1
399867,-5.29,0.1
399868,-5.46,0.1
399869,-5.38,0.1
399870,-5.38,0.1
399871,-5.41,0.1
399872,-5.44,0.1
399873,-5.51,0.1
399874,-5.37,0.1
399875,-5.02,0.1
399876,-5.45,0.1
399877,-5.52,0.1
399878,-5.38,0.1
399879,-5.35,0.1
399880,-5.44,0.1
399881,-5.44,0.1
399882,-5.43,0.1
399883,-5.42,0.1
399884,-5.39,0.1
399885,-5.3,0.1
399886,-5.37,0.1
399887,-5.33,0.1
399888,-5.19,0.1
399889,-5.3,0.1
399890,-5.44,0.1
399891,-5.52,0.1
399892,-5.47,0.1
399893,-5.355,0.1
399894,-5.47,0.1
399895,-5.44,0.1
399896,-5.55,0.1
399897,-5.28,0.1
399898,-5.3,0.1
399899,-5.35,0.1
399900,-5.35,0.1
399901,-5.18,0.1
399902,-5.3,0.1
399903,-5.38,0.1
399904,-5.29,0.1
399905,-5.26333333333,0.1
399906,-5.33,0.1
399907,-5.43,0.1
399908,-5.46,0.1
399909,-5.56,0.1
399910,-4.99,0.1
399911,-5.36,0.1
399912,-5.38,0.1
399913,-5.46,0.1
399914,-5.43,0.1
399915,-5.44,0.1
399916,-5.45,0.1
399917,-5.37,0.1
399918,-5.372,0.1
399919,-5.43,0.1
399920,-5.41,0.1
399921,-5.41,0.1
399922,-5.29,0.1
399923,-5.37,0.1
399924,-5.505,0.1
399925,-5.41,0.1
399926,-5.41,0.1
399927,-5.37,0.1
399928,-5.43,0.1
399929,-5.32,0.1
399930,-5.4,0.1
399931,-5.52,0.1
399932,-5.22,0.1
399933,-5.42333333333,0.1
399934,-5.47,0.1
399935,-5.28,0.1
399936,-5.43,0.1
399937,-5.4,0.1
399938,-5.5,0.1
399939,-5.38666666667,0.1
399940,-5.34,0.1
399941,-5.15,0.1
399942,-5.33,0.1
399943,-5.165,0.1
399944,-5.29,0.1
399945,-5.22,0.1
399946,-5.41,0.1
399947,-5.385,0.1
399948,-5.53,0.1
399949,-5.475,0.1
399950,-5.44,0.1
399951,-5.25,0.1
399952,-5.35,0.1
399953,-5.37,0.1
399954,-5.54,0.1
399955,-5.26,0.1
399956,-5.19666666667,0.1
399957,-5.55,0.1
399958,-5.74,0.1
399959,-5.73,0.1
399960,-5.7,0.1
399961,-5.77,0.1
399962,-5.78,0.1
399963,-5.43,0.1
399964,-5.59,0.1
399965,-5.68,0.1
399966,-5.72,0.1
399967,-5.75,0.1
399968,-5.49,0.1
399969,-5.51,0.1
399970,-5.55,0.1
399971,-5.59,0.1
399972,-5.49,0.1
399973,-5.69,0.1
399974,-5.71,0.1
399975,-5.45,0.1
399976,-5.39,0.1
399977,-5.46,0.1
399978,-5.59,0.1
399979,-5.27,0.1
399980,-5.19,0.1
399981,-5.41,0.1
399982,-5.43,0.1
399983,-5.44,0.1
399984,-5.23,0.1
399985,-5.65,0.1
399986,-5.34,0.1
399987,-5.41,0.1
399988,-5.43,0.1
399989,-5.45,0.1
399990,-5.36,0.1
399991,-5.12,0.1
399992,-5.54,0.1
399993,-5.24,0.1
399994,-5.38,0.1
399995,-5.235,0.1
399996,-5.2,0.1
399997,-5.25,0.1
399998,-5.23,0.1
399999,-5.24,0.1
400000,-5.18,0.1
400001,-5.24,0.1
400002,-5.27,0.1
400003,-5.28,0.1
400004,-5.19,0.1
400005,-5.21,0.1
400006,-5.23,0.1
400007,-5.3,0.1
400008,-5.22,0.1
400009,-5.12,0.1
400010,-5.08,0.1
400011,-5.31,0.1
400012,-5.13,0.1
400013,-5.25,0.1
400014,-5.18,0.1
400015,-5.54,0.1
400016,-5.51,0.1
400017,-5.44,0.1
400018,-5.38,0.1
400019,-5.21,0.1
400020,-5.07,0.1
400021,-5.27,0.1
400022,-5.18,0.1
400023,-5.3,0.1
400024,-5.29,0.1
400025,-5.22,0.1
400026,-5.47,0.1
400027,-5.07,0.1
400028,-5.29,0.1
400029,-5.21,0.1
400030,-5.33,0.1
400031,-5.26,0.1
400032,-5.24,0.1
400033,-5.26,0.1
400034,-5.15,0.1
400035,-5.33,0.1
400036,-5.31,0.1
400037,-5.37,0.1
400038,-5.34,0.1
400039,-5.12,0.1
400040,-5.68,0.1
400041,-5.5,0.1
400042,-5.42,0.1
400043,-5.51,0.1
400044,-5.48,0.1
400045,-5.37,0.1
400046,-5.33,0.1
400047,-5.3,0.1
400048,-5.36,0.1
400049,-5.63,0.1
400050,-5.55,0.1
400051,-5.66,0.1
400052,-5.43,0.1
400053,-5.53,0.1
400054,-5.54,0.1
400055,-5.5,0.1
400056,-5.62,0.1
400057,-5.35,0.1
400058,-5.44,0.1
400059,-5.52,0.1
400060,-5.43,0.1
400061,-5.53,0.1
400062,-5.43,0.1
400063,-5.35,0.1
400064,-5.26,0.1
400065,-5.42,0.1
400066,-5.62,0.1
400067,-5.39,0.1
400068,-5.34,0.1
400069,-5.4,0.1
400070,-5.39,0.1
400071,-5.38,0.1
400072,-5.17,0.1
400073,-5.43,0.1
400074,-5.22,0.1
400075,-5.14,0.1
400076,-5.35,0.1
400077,-5.3,0.1
400078,-5.39,0.1
400079,-5.37,0.1
400080,-5.42,0.1
400081,-5.33,0.1
400082,-5.42,0.1
400083,-5.44,0.1
400084,-5.34,0.1
400085,-5.15,0.1
400086,-5.16,0.1
400087,-5.14,0.1
400088,-5.18,0.1
400089,-5.29,0.1
400090,-5.18,0.1
400091,-5.06,0.1
400092,-5.11,0.1
400093,-4.93,0.1
400094,-5.22,0.1
400095,-5.16,0.1
400096,-4.94,0.1
400097,-5.04,0.1
400098,-5.1,0.1
400099,-4.99,0.1
400100,-4.89,0.1
400101,-4.95,0.1
400102,-4.83,0.1
400103,-4.9,0.1
400104,-4.81,0.1
400105,-4.93,0.1
400106,-4.86,0.1
400107,-5.04,0.1
400108,-4.81,0.1
400109,-5.02,0.1
400110,-4.81,0.1
400111,-5.11,0.1
400112,-4.91,0.1
400113,-4.97,0.1
400114,-5.04,0.1
400115,-5.02,0.1
400116,-4.8,0.1
400117,-4.83,0.1
400118,-4.94,0.1
400119,-4.87,0.1
400120,-4.88,0.1
400121,-4.87,0.1
400122,-4.89,0.1
400123,-4.87,0.1
400124,-4.81,0.1
400125,-4.67,0.1
400126,-4.64,0.1
400127,-4.86,0.1
400128,-4.7,0.1
400129,-4.81,0.1
400130,-4.88,0.1
400131,-4.94,0.1
400132,-4.91,0.1
400133,-4.68,0.1
400134,-4.88,0.1
400135,-4.65,0.1
400136,-4.85,0.1
400137,-4.64,0.1
400138,-4.84,0.1
400139,-4.66,0.1
400140,-4.91,0.1
400141,-4.98,0.1
400142,-4.73,0.1
400143,-5.08,0.1
400144,-4.65,0.1
400145,-4.96,0.1
400146,-4.72,0.1
400147,-4.81,0.1
400148,-4.81,0.1
400149,-4.63,0.1
400150,-4.3,0.1
400151,-4.37,0.1
400152,-4.49,0.1
400153,-4.27,0.1
400154,-4.36,0.1
400155,-4.43,0.1
400156,-3.99,0.1
400157,-3.7,0.1
400158,-3.9,0.1
400159,-3.41,0.1
400160,-3.72,0.1
400161,-3.54,0.1
400162,-3.47,0.1
400163,-3.37,0.1
400164,-3.25,0.1
400165,-3.23,0.1
400166,-3.31,0.1
400167,-3.3,0.1
400168,-3.19,0.1
400169,-3.06,0.1
400170,-3.16,0.1
400171,-3.38,0.1
400172,-3.1,0.1
400173,-3.24,0.1
400174,-3.08,0.1
400175,-3.04,0.1
400176,-2.9,0.1
400177,-3.2,0.1
400178,-3.18,0.1
400179,-3,0.1
400180,-2.76,0.1
400181,-2.47,0.1
400182,-2.47,0.1
400183,-2.61,0.1
400184,-2.98,0.1
400185,-2.82,0.1
400186,-2.74,0.1
400187,-3.16,0.1
400188,-2.89,0.1
400189,-3,0.1
400190,-2.66,0.1
400191,-2.52,0.1
400192,-2.57,0.1
400193,-2.42,0.1
400194,-2.66,0.1
400195,-3,0.1
400196,-2.62,0.1
400197,-3.15,0.1
400198,-2.94,0.1
400199,-2.67,0.1
400200,-2.34,0.1
400201,-2.59,0.1
400202,-2.56,0.1
400203,-4.38901305578,0.1
400204,-4.52192028611,0.1
400205,-4.44793695093,0.1
400206,-4.5752188165,0.1
400207,-4.58930773723,0.1
400208,-4.60570399987,0.1
400209,-4.40354118208,0.1
400210,-4.55495754471,0.1
400211,-4.42675922452,0.1
400212,-4.29522665177,0.1
400213,-4.29756438709,0.1
400214,-4.50841028631,0.1
400215,-4.57497015459,0.1
400216,-4.61412918497,0.1
400217,-4.71715266846,0.1
400218,-4.68519987401,0.1
400219,-4.57910709759,0.1
400220,-4.96676277875,0.1
400221,-4.66526910878,0.1
400222,-4.77554597884,0.1
400223,-4.7513607894,0.1
400224,-4.55762597193,0.1
400225,-4.70691545218,0.1
400226,-4.77986442991,0.1
400227,-4.67545863613,0.1
400228,-4.88661493106,0.1
400229,-4.6832302629,0.1
400230,-4.72012563742,0.1
400231,-4.77370849676,0.1
400232,-4.93151037607,0.1
400233,-4.86540927004,0.1
400234,-4.93059201382,0.1
400235,-4.88789479018,0.1
400236,-4.99072183172,0.1
400237,-4.86060899046,0.1
400238,-4.84721873689,0.1
400239,-4.88385244948,0.1
400240,-4.9472666692,0.1
400241,-4.9553513506,0.1
400242,-5.08445360668,0.1
400243,-4.80831120766,0.1
400244,-5.05464134403,0.1
400245,-4.90583267703,0.1
400246,-4.95383547284,0.1
400247,-5.01522852221,0.1
400248,-4.86338809969,0.1
400249,-5.12437172109,0.1
400250,-4.89244242347,0.1
400251,-5.01522852221,0.1
400252,-4.89016860682,0.1
400253,-4.84620815172,0.1
400254,-5.05868368473,0.1
400255,-5.05262017368,0.1
400256,-4.98263715032,0.1
400257,-5.0475672478,0.1
400258,-5.13649874319,0.1
400259,-5.09354887326,0.1
400260,-5.06676836612,0.1
400261,-5.13119317102,0.1
400262,-4.98465832067,0.1
400263,-5.16454248179,0.1
400264,-5.09405416584,0.1
400265,-4.99097447801,0.1
400266,-5.0316505313,0.1
400267,-4.95560399689,0.1
400268,-5.00461737787,0.1
400269,-4.99905915941,0.1
400270,-4.97733157815,0.1
400271,-4.9073485548,0.1
400272,-5.0435249071,0.1
400273,-5.18475418528,0.1
400274,-5.04908312557,0.1
400275,-4.87425189032,0.1
400276,-4.96419397088,0.1
400277,-4.97707893186,0.1
400278,-4.90052710487,0.1
400279,-4.81260619466,0.1
400280,-5.02028144808,0.1
400281,-4.91568588249,0.1
400282,-5.03821933494,0.1
400283,-5.01674439997,0.1
400284,-5.05034635703,0.1
400285,-4.95686722836,0.1
400286,-5.11881350263,0.1
400287,-4.96242544682,0.1
400288,-5.03013465354,0.1
400289,-4.8871368513,0.1
400290,-5.18521664587,0.1
400291,-5.08428262965,0.1
400292,-5.09790086513,0.1
400293,-5.11215575228,0.1
400294,-5.10665683672,0.1
400295,-5.10551148945,0.1
400296,-4.94533000978,0.1
400297,-4.94159841526,0.1
400298,-5.03617872737,0.1
400299,-4.94187115877,0.1
400300,-5.10269050489,0.1
400301,-5.07752262508,0.1
400302,-4.98360198262,0.1
400303,-5.02170375912,0.1
400304,-5.09442902687,0.1
400305,-5.14411201423,0.1
400306,-5.02483382488,0.1
400307,-5.06578377377,0.1
400308,-4.79049598817,0.1
400309,-4.88607733373,0.1
400310,-5.05868712399,0.1
400311,-4.88843387109,0.1
400312,-4.88781699612,0.1
400313,-4.92729841872,0.1
400314,-4.8413006934,0.1
400315,-4.69318245696,0.1
400316,-4.38907971906,0.1
400317,-4.65390422747,0.1
400318,-4.78269752995,0.1
400319,-4.78316805958,0.1
400320,-4.81553150641,0.1
400321,-4.70799205424,0.1
400322,-4.74464739214,0.1
400323,-4.55213547449,0.1
400324,-4.64757215244,0.1
400325,-4.86789573659,0.1
400326,-4.81296221472,0.1
400327,-4.77562027922,0.1
400328,-4.62824126121,0.1
400329,-4.55186865074,0.1
400330,-4.76672266235,0.1
400331,-4.77980988284,0.1
400332,-4.66102216469,0.1
400333,-4.63998104353,0.1
400334,-4.70751426263,0.1
400335,-4.65230091695,0.1
400336,-4.77038245556,0.1
400337,-4.61213282581,0.1
400338,-4.61824590487,0.1
400339,-4.62563546985,0.1
400340,-4.62731855014,0.1
400341,-4.81745715333,0.1
400342,-4.70262301597,0.1
400343,-4.70902121424,0.1
400344,-4.63701702053,0.1
400345,-5.02887142207,0.1
400346,-4.9914797706,0.1
400347,-4.96646778752,0.1
400348,-4.92503379536,0.1
400349,-5.13321434137,0.1
400350,-4.91972822319,0.1
400351,-4.77142484878,0.1
400352,-4.85530341829,0.1
400353,-4.90936972515,0.1
400354,-4.85681929606,0.1
400355,-5.01371264445,0.1
400356,-4.98642684473,0.1
400357,-4.98238450403,0.1
400358,-4.92781290459,0.1
400359,-5.02331320361,0.1
400360,-4.87652570696,0.1
400361,-4.93615023228,0.1
400362,-4.73302261214,0.1
400363,-4.94650873032,0.1
400364,-4.92756025829,0.1
400365,-4.96570984864,0.1
400366,-4.92023351578,0.1
400367,-5.06752630501,0.1
400368,-4.79517360039,0.1
400369,-4.95459341172,0.1
400370,-4.90456944557,0.1
400371,-5.08874859368,0.1
400372,-4.94650873032,0.1
400373,-4.95610928948,0.1
400374,-4.99855386682,0.1
400375,-5.10744441941,0.1
400376,-4.97278394487,0.1
400377,-4.9808209001,0.1
400378,-4.91639895466,0.1
400379,-5.1028436438,0.1
400380,-5.27589867369,0.1
400381,-5.22006632098,0.1
400382,-5.22714010322,0.1
400383,-5.41863749396,0.1
400384,-5.06646419226,0.1
400385,-5.06570628702,0.1
400386,-5.02376886372,0.1
400387,-5.17206565575,0.1
400388,-5.22335057702,0.1
400389,-5.1498337687,0.1
400390,-5.0735379745,0.1
400391,-4.9846104263,0.1
400392,-4.97627346865,0.1
400393,-5.09678040188,0.1
400394,-5.09829621236,0.1
400395,-4.96237853925,0.1
400396,-5.16600241383,0.1
400397,-4.98258934566,0.1
400398,-4.92119902119,0.1
400399,-5.03791642821,0.1
400400,-4.81180803149,0.1
400401,-4.95959955337,0.1
400402,-4.84641903747,0.1
400403,-4.7926077654,0.1
400404,-5.02427413388,0.1
400405,-5.10435945428,0.1
400406,-5.16196025255,0.1
400407,-4.96010482353,0.1
400408,-5.04928500681,0.1
400409,-5.13821255502,0.1
400410,-5.16726558923,0.1
400411,-5.01972670244,0.1
400412,-5.12532816593,0.1
400413,-5.11345431716,0.1
400414,-5.17509727672,0.1
400415,-5.03513744232,0.1
400416,-4.85298754955,0.1
400417,-5.02604257944,0.1
400418,-5.03513744232,0.1
400419,-5.11901228893,0.1
400420,-5.03488480724,0.1
400421,-5.04423230521,0.1
400422,-5.04852710157,0.1
400423,-5.02705311976,0.1
400424,-5.2185505105,0.1
400425,-5.1536232949,0.1
400426,-5.2185505105,0.1
400427,-5.05282189793,0.1
400428,-5.01366346051,0.1
400429,-4.96490489005,0.1
400430,-4.9833472509,0.1
400431,-5.08364337771,0.1
400432,-5.23648760119,0.1
400433,-4.92372537199,0.1
400434,-5.15008640378,0.1
400435,-5.07656959547,0.1
400436,-5.0316005512,0.1
400437,-5.05029554713,0.1
400438,-4.86208241244,0.1
400439,-4.80043945288,0.1
400440,-4.77770229567,0.1
400441,-5.01492663591,0.1
400442,-4.79993418272,0.1
400443,-4.85121910399,0.1
400444,-5.01341082543,0.1
400445,-4.85930342655,0.1
400446,-4.863850858,0.1
400447,-5.08440128295,0.1
400448,-5.08465391803,0.1
400449,-5.05736932938,0.1
414965,-3.05,0.1
414966,-2.65,0.1
414967,-2.52,0.1
414968,-2.62,0.1
414969,-3.23,0.1
414970,-3.12,0.1
414971,-3.03,0.1
414972,-3.49,0.1
414973,-2.77,0.1
414974,-2.92,0.1
414975,-2.75,0.1
414976,-2.38,0.1
414977,-2.78,0.1
414978,-2.69,0.1
414979,-2.72,0.1
414980,-2.89,0.1
414981,-2.95,0.1
414982,-2.8,0.1
414983,-2.48,0.1
414984,-3.18,0.1
414985,-3.01,0.1
414986,-2.66,0.1
414987,-2.87,0.1
414988,-2.98,0.1
414989,-2.86,0.1
414990,-3.22,0.1
414991,-2.56,0.1
414992,-3.74,0.1
414993,-2.17,0.1
414994,-3.28,0.1
414995,-2.83,0.1
414996,-2.99,0.1
414997,-2.87,0.1
414998,-3.01,0.1
414999,-2.56,0.1
415000,-2.99,0.1
415001,-2.85,0.1
415002,-2.78,0.1
415003,-2.52,0.1
415004,-3.6,0.1
415005,-3.68,0.1
415006,-2.87,0.1
415007,-2.87,0.1
415008,-2.9,0.1
415009,-2.67,0.1
415010,-3.07,0.1
415011,-3.09,0.1
415012,-2.35,0.1
415013,-2.79,0.1
415014,-2.49,0.1
415015,-2.71,0.1
415016,-2.49,0.1
415017,-2.8,0.1
415018,-2.31,0.1
415019,-2.75,0.1
415020,-2.05,0.1
415021,-2.42,0.1
415022,-2.32,0.1
415023,-2.19,0.1
415024,-2.79,0.1
415025,-1.57,0.1
415026,-2.37,0.1
415027,-1.68,0.1
415028,-1.51,0.1
415029,-2.06,0.1
415030,-2.83,0.1
415031,-2,0.1
415032,-1.27,0.1
415033,-1.84,0.1
415034,-2.05,0.1
415035,-1.71,0.1
415036,-1.53,0.1
415037,-1.65,0.1
415038,-1.82,0.1
415039,-2.15,0.1
415040,-2.92,0.1
415041,-1.99,0.1
415042,-1.74,0.1
415043,-2.13,0.1
415044,-2.05,0.1
415045,-1.52,0.1
415046,-2.08,0.1
415047,-2,0.1
415048,-2.29,0.1
415049,-2.25,0.1
415050,-1.89,0.1
415051,-2.16,0.1
415052,-2.19,0.1
415053,-2.32,0.1
415054,-1.98,0.1
415055,-2.75,0.1
415056,-3.15,0.1
415057,-3.37,0.1
415058,-3.64,0.1
415059,-3.53,0.1
415060,-3.41,0.1
415061,-2.99,0.1
415062,-3.33,0.1
415063,-3.07,0.1
415064,-2.03,0.1
415065,-2.39,0.1
415066,-2.27,0.1
415067,-2.04,0.1
415068,-1.82,0.1
415069,-1.97,0.1
415070,-2.2,0.1
415071,-2.55,0.1
415072,-2.32,0.1
415073,-2.54,0.1
415074,-2.82,0.1
415075,-4.25,0.1
415076,-4.37,0.1
415077,-4.38,0.1
415078,-4.41,0.1
415079,-4.45,0.1
415080,-4.32,0.1
415081,-4.49,0.1
415082,-4.36,0.1
415083,-4.83,0.1
415084,-4.35,0.1
415085,-4.38,0.1
415086,-4.45,0.1
415087,-4.17,0.1
415088,-4.29,0.1
415089,-4.08,0.1
415090,-3.77,0.1
415091,-3.88,0.1
415092,-4.58,0.1
415093,-3.74,0.1
415094,-3.49,0.1
415095,-3.44,0.1
415096,-3.41,0.1
415097,-3.28,0.1
415098,-3.35,0.1
415099,-3.31,0.1
415100,-3.06,0.1
415101,-2.78,0.1
415102,-3.23,0.1
415103,-3.32,0.1
415104,-3.7,0.1
415105,-3.09,0.1
415106,-2.87,0.1
415107,-3.12,0.1
415108,-3.51,0.1
415109,-3.4,0.1
415110,-3,0.1
415111,-3.46,0.1
415112,-3.8,0.1
415113,-3.21,0.1
415114,-3.07,0.1
415115,-3.19,0.1
415116,-2.96,0.1
415117,-3.24,0.1
415118,-3.09,0.1
415119,-2.74,0.1
415120,-3.11,0.1
415121,-3.16,0.1
415122,-2.8,0.1
415123,-3.43,0.1
415124,-3.36,0.1
415125,-3.44,0.1
415126,-3.28,0.1
415127,-2.98,0.1
415128,-3,0.1
415129,-3.05,0.1
415130,-3.19,0.1
415131,-2.79,0.1
415132,-2.76,0.1
415133,-2.95,0.1
415134,-2.76,0.1
415135,-2.82,0.1
415136,-2.99,0.1
415137,-2.23,0.1
415138,-2.88,0.1
415139,-2.31,0.1
415140,-2.31,0.1
415141,-1.96,0.1
415142,-2.04,0.1
415143,-1.75,0.1
415144,-1.83,0.1
415145,-2.18,0.1
415146,-2.78,0.1
415147,-3.46,0.1
415148,-2.97,0.1
415149,-3.18,0.1
415150,-3.28,0.1
415151,-3.31,0.1
415152,-3.45,0.1
415153,-3.55,0.1
415154,-3.42,0.1
415155,-2.22,0.1
415156,-1.38,0.1
415157,-3.17,0.1
415158,-2.56,0.1
415159,-3.18,0.1
415160,-2.71,0.1
415161,-2.97,0.1
415162,-2.99,0.1
415163,-2.54,0.1
415164,-2.4,0.1
415165,-2.54,0.1
415166,-2.92,0.1
415167,-3.14,0.1
415168,-3.06,0.1
415169,-3.5,0.1
415170,-3.38,0.1
415171,-2.71,0.1
415172,-2.42,0.1
415173,-2.66,0.1
415174,-2.77,0.1
415175,-2.98,0.1
415176,-2.39,0.1
415177,-2.76,0.1
415178,-3.2,0.1
415179,-2.42,0.1
415180,-2.96,0.1
415181,-3.62,0.1
415182,-3.17,0.1
415183,-2.85,0.1
415184,-3.05,0.1
415185,-4.01,0.1
415186,-3.63,0.1
415187,-3.59,0.1
415188,-3.06,0.1
415189,-3.22,0.1
415190,-3.15,0.1
415191,-3.56,0.1
415192,-3.59,0.1
415193,-3.41,0.1
415194,-3.31,0.1
415195,-2.81,0.1
415196,-4.28,0.1
415197,-3.88,0.1
415198,-3.96,0.1
415199,-4.36,0.1
415200,-4.73,0.1
415201,-4,0.1
415202,-4.31,0.1
415203,-4.52,0.1
415204,-5.41,0.1
415205,-5.23,0.1
415206,-4.84,0.1
415207,-4.27,0.1
415208,-3.88,0.1
415209,-3.68,0.1
415210,-3.94,0.1
415211,-4.5,0.1
415212,-4.31,0.1
415213,-3.93,0.1
415214,-3.6,0.1
415215,-4.46,0.1
415216,-2.86,0.1
415217,-3.73,0.1
415218,-3.15,0.1
415219,-3.58,0.1
415220,-4.78,0.1
415221,-4.95,0.1
415222,-3.66,0.1
415223,-4.5,0.1
415224,-4.28,0.1
415225,-4.74,0.1
415226,-3.8,0.1
415227,-4.29,0.1
415228,-2.94,0.1
415229,-3.47,0.1
415230,-3.29,0.1
415231,-4.16,0.1
415232,-3.95,0.1
415233,-3.94,0.1
415234,-3.86,0.1
415235,-3.81,0.1
415236,-3.54,0.1
415237,-3.2,0.1
415238,-3.54,0.1
415239,-3.12,0.1
415240,-3.59,0.1
415241,-2.84,0.1
415242,-2.95,0.1
415243,-2.56,0.1
415244,-2.32,0.1
415245,-2.79,0.1
415246,-2.32,0.1
415247,-1.97,0.1
415248,-1.81,0.1
415249,-1.78,0.1
415250,-1.76,0.1
415251,-1.4,0.1
415252,-1.94,0.1
415253,-2.91,0.1
415254,-2.84,0.1
415255,-2.19,0.1
415256,-1.71,0.1
415257,-1.57,0.1
415258,-1.92,0.1
415259,-1.88,0.1
415260,-2.94,0.1
415261,-1.9,0.1
415262,-3.16,0.1
415263,-3,0.1
415264,-3.39,0.1
415265,-3.12,0.1
415266,-3.15,0.1
415267,-3.13,0.1
415268,-3.21,0.1
415269,-3.18,0.1
415270,-3.84,0.1
415271,-3.83,0.1
415272,-3.53,0.1
415273,-3.17,0.1
415274,-3.49,0.1
415275,-2.87,0.1
415276,-3.39,0.1
415277,-3.3,0.1
415278,-3.16,0.1
415279,-2.57,0.1
415280,-3.73,0.1
415281,-3.22,0.1
415282,-3.49,0.1
415283,-3.79,0.1
415284,-2.99,0.1
415285,-3.08,0.1
415286,-2.56,0.1
415287,-3.46,0.1
415288,-2.92,0.1
415289,-3.91,0.1
415290,-3.16,0.1
415291,-3.14,0.1
415292,-3.25,0.1
415293,-2.07,0.1
415294,-3.35,0.1
415295,-0.36,0.1
415296,-0.23,0.1
415297,-2.01,0.1
415298,-2.33,0.1
415299,-2.77,0.1
415300,-3.33,0.1
415301,-3.02,0.1
415302,-3.16,0.1
415303,-2.88,0.1
415304,-3.72,0.1
415305,-3,0.1
415306,-3.89,0.1
415307,-3.69,0.1
415308,-3.9,0.1
415309,-3.91,0.1
415310,-3.28,0.1
415311,-3.17,0.1
415312,-3.16,0.1
415313,-2.89,0.1
415314,-2.79,0.1
415315,-3.16,0.1
415316,-3.32,0.1
415317,-3.06,0.1
415318,-3.11,0.1
415319,-2.67,0.1
415320,-3.53,0.1
415321,-3.31,0.1
415322,-3.95,0.1
415323,-3.93,0.1
415324,-4.14,0.1
415325,-4.16,0.1
415326,-4.14,0.1
415327,-4.61,0.1
415328,-3.17,0.1
415329,-3.08,0.1
415330,-3.12,0.1
415331,-2.79,0.1
415332,-2.71,0.1
415333,-3.04,0.1
415334,-2.54,0.1
415335,-2.57,0.1
415336,-2.6,0.1
415337,-2.7,0.1
415338,-2.62,0.1
415339,-3.2,0.1
415340,-2.97,0.1
415341,-2.8,0.1
415342,-2.42,0.1
415343,-2.92,0.1
415344,-3.23,0.1
415345,-3.73,0.1
415346,-3.46,0.1
415347,-3.09,0.1
415348,-3.37,0.1
415349,-3.34,0.1
415350,-3.63,0.1
415351,-3.57,0.1
415352,-3.42,0.1
415353,-3.19,0.1
415354,-2.87,0.1
415355,-1.8,0.1
415356,-1.91,0.1
415357,-2.2,0.1
415358,-1.81,0.1
415359,-2.06,0.1
415360,-1.89,0.1
415361,-2.3,0.1
415362,-2.08,0.1
415363,-2.02,0.1
415364,-2.02,0.1
415365,-2.01,0.1
415366,-1.86,0.1
415367,-2.02,0.1
415368,-2,0.1
415369,-1.65,0.1
415370,-1.6,0.1
415371,-2.24,0.1
415372,-2.01,0.1
415373,-1.78,0.1
415374,-1.52,0.1
415375,-1.75,0.1
415376,-1.43,0.1
415377,-1.96,0.1
415378,-1.55,0.1
415379,-1.5,0.1
415380,-1.83,0.1
415381,-1.62,0.1
415382,-1.5,0.1
415383,-1.22,0.1
415384,-1.42,0.1
415385,-1.02,0.1
415386,-1.65,0.1
415387,-2.63,0.1
415388,-2.08,0.1
415389,-1.74,0.1
415390,-1.69,0.1
415391,-1.14,0.1
415392,-1.47,0.1
415393,-1.45,0.1
415394,-1.6,0.1
415395,-1.32,0.1
415396,-1.16,0.1
415397,-1.34,0.1
415398,-1.54,0.1
415399,-1.18,0.1
415400,-1.45,0.1
415401,-1.53,0.1
415402,-1.46,0.1
415403,-1.36,0.1
415404,-1.3,0.1
415405,-1.51,0.1
415406,-1.82,0.1
415407,-1.41,0.1
415408,-1.93,0.1
415409,-2.07,0.1
415410,-1.78,0.1
415411,-1.82,0.1
415412,-1.65,0.1
415413,-1.73,0.1
415414,-1.78,0.1
415415,-1.75,0.1
415416,-1.85,0.1
415417,-1.51,0.1
415418,-2.19,0.1
415419,-2.15,0.1
415420,-3.25,0.1
415421,-3.02,0.1
415422,-2.75,0.1
415423,-3.67,0.1
415424,-3.91,0.1
415425,-3.76,0.1
415426,-4.21,0.1
415427,-4.32,0.1
415428,-4.28,0.1
415429,-3.91,0.1
415430,-4.08,0.1
415431,-4.33,0.1
415432,-4.22,0.1
415433,-4.46,0.1
415434,-4.49,0.1
415435,-3.89,0.1
415436,-4.68,0.1
415437,-3.79,0.1
415438,-4.17,0.1
415439,-3.9,0.1
415440,-3.84,0.1
415441,-4.27,0.1
415442,-4.34,0.1
415443,-4.02,0.1
415444,-4.35,0.1
415445,-4.64,0.1
415446,-4.74,0.1
415447,-4.64,0.1
415448,-4.44,0.1
415449,-4.42,0.1
415450,-3.94,0.1
415451,-3.33,0.1
415452,-3.07,0.1
415453,-3.38,0.1
415454,-3.22,0.1
415455,-3.52,0.1
415456,-3.22,0.1
415457,-3.75,0.1
415458,-3.75,0.1
415459,-3.26,0.1
415460,-3.62,0.1
415461,-3.8,0.1
415462,-3.73,0.1
415463,-3.73,0.1
415464,-4.12,0.1
415465,-3.72,0.1
415466,-3.62,0.1
415467,-3.61,0.1
415468,-3.83,0.1
415469,-3.84,0.1
415470,-3.92,0.1
415471,-4.2,0.1
415472,-4.07,0.1
415473,-4.61,0.1
415474,-4.13,0.1
415475,-4.4,0.1
415476,-4.28,0.1
415477,-4.43,0.1
415478,-4.36,0.1
415479,-3.94,0.1
415480,-4.2,0.1
415481,-4.22,0.1
415482,-3.97,0.1
415483,-4.57,0.1
415484,-4.23,0.1
415485,-4.36,0.1
415486,-4.51,0.1
415487,-4.33,0.1
415488,-4.26,0.1
415489,-4.45,0.1
415490,-4.5,0.1
415491,-4.55,0.1
415492,-4.33,0.1
415493,-4.23,0.1
415494,-4.32,0.1
415495,-4.57,0.1
415496,-3.75,0.1
415497,-4.28,0.1
415498,-4.47,0.1
415499,-4.13,0.1
415500,-3.67,0.1
415501,-3.84,0.1
415502,-3.61,0.1
415503,-4.13,0.1
415504,-3.89,0.1
415505,-3.82,0.1
415506,-3.49,0.1
415507,-3.46,0.1
415508,-3.61,0.1
415509,-3.53,0.1
415510,-2.7,0.1
415511,-3.41,0.1
415512,-3.15,0.1
415513,-3.36,0.1
415514,-3.06,0.1
415515,-3.16,0.1
415516,-3.02,0.1
415517,-2.73,0.1
415518,-2.56,0.1
415519,-2.66,0.1
415520,-3.24,0.1
415521,-2.64,0.1
415522,-2.46,0.1
415523,-2.06,0.1
415524,-2.18,0.1
415525,-1.79,0.1
415526,-2.83,0.1
415527,-2.19,0.1
415528,-2.06,0.1
415529,-1.96,0.1
415530,-1.5,0.1
415531,-1.81,0.1
415532,-1.88,0.1
415533,-2.29,0.1
415534,-1.49,0.1
415535,-1.54,0.1
415536,-2.03,0.1
415537,-1.78,0.1
415538,-1.49,0.1
415539,-1.57,0.1
415540,-1.66,0.1
415541,-1.06,0.1
415542,-1.6,0.1
415543,-0.94,0.1
415544,-0.96,0.1
415545,-1.23,0.1
415546,-1.09,0.1
415547,-1.09,0.1
415548,-0.67,0.1
415549,-0.27,0.1
415550,-1.17,0.1
415551,-0.5,0.1
415552,-1.01,0.1
415553,-0.98,0.1
415554,-0.73,0.1
415555,-1.03,0.1
415556,-0.48,0.1
415557,-1.3,0.1
415558,-0.35,0.1
415559,-1.11,0.1
415560,-0.39,0.1
415561,-0.77,0.1
415562,-1.02,0.1
415563,-1.06,0.1
415564,-1.08,0.1
415565,-1.27,0.1
415566,-1.42,0.1
415567,-2.24,0.1
415568,-1.74,0.1
415569,-1.95,0.1
415570,-2.25,0.1
415571,-2.89,0.1
415572,-2.75,0.1
415573,-1.76,0.1
415574,-2.08,0.1
415575,-1.43,0.1
415576,-1.01,0.1
415577,-1.01,0.1
415578,-0.7,0.1
415579,-1.06,0.1
415580,-1.43,0.1
415581,-1.6,0.1
415582,-0.87,0.1
415583,-1.48,0.1
415584,-1.96,0.1
415585,-1.54,0.1
415586,-1.34,0.1
415587,-1.5,0.1
415588,-1.85,0.1
415589,-1.99,0.1
415590,-1.69,0.1
415591,-2.52,0.1
415592,-1.99,0.1
415593,-2.03,0.1
415594,-1.83,0.1
415595,-2.8,0.1
415596,-2.34,0.1
415597,-2.2,0.1
415598,-2.34,0.1
415599,-2.49,0.1
415600,-2.14,0.1
415601,-2.39,0.1
415602,-2.92,0.1
415603,-3.87,0.1
415604,-4.3,0.1
415605,-4.51,0.1
415606,-3.21,0.1
415607,-4.27,0.1
415608,-3.32,0.1
415609,-4.63,0.1
415610,-3.47,0.1
415611,-4.18,0.1
415612,-3.36,0.1
415613,-3.74,0.1
415614,-2.47,0.1
415615,-3.13,0.1
415616,-2.69,0.1
415617,-2.94,0.1
415618,-2.8,0.1
415619,-3.13,0.1
415620,-3.28,0.1
415621,-3.27,0.1
415622,-3.02,0.1
415623,-3.53,0.1
415624,-3.29,0.1
415625,-3.33,0.1
415626,-3.09,0.1
415627,-3.47,0.1
415628,-3.52,0.1
415629,-4.08,0.1
415630,-4.11,0.1
415631,-4.12,0.1
415632,-4.17,0.1
415633,-3.86,0.1
415634,-4.14,0.1
415635,-4.18,0.1
415636,-3.76,0.1
415637,-3.89,0.1
415638,-3.98,0.1
415639,-4.02,0.1
415640,-3.51,0.1
415641,-3.73,0.1
415642,-3.75,0.1
415643,-4.02,0.1
415644,-4.25,0.0019125
415645,-4.55,0.0020475
415646,-5.2,0.00234
415647,-5.86,0.002637
415648,-5.04,0.002268
415649,-4.91,0.0022095
415650,-4.85,0.0021825
415651,-5.46,0.002457
415652,-4.87,0.0021915
415653,-4.69,0.0021105
415654,-4.74,0.002133
415655,-5.13,0.0023085
415656,-4.9,0.002205
415657,-5.51,0.0024795
415658,-4.76,0.002142
415659,-5.19,0.0023355
415660,-4.81,0.0021645
415661,-5.12,0.002304
415662,-5.62,0.002529
415663,-6.22,0.002799
415664,-5.48,0.002466
415665,-6.06,0.002727
415666,-5.6,0.00252
415667,-5.44,0.002448
415668,-5.57,0.0025065
415669,-5.41,0.0024345
415670,-5.11,0.0022995
415671,-4.8,0.00216
415672,-5.33,0.0023985
415673,-6.03,0.0027135
415674,-5.38,0.002421
415675,-5.17,0.0023265
415676,-5.35,0.0024075
415677,-5.3,0.002385
415678,-5.38,0.002421
415679,-5.52,0.002484
415680,-5.46,0.002457
415681,-5.93,0.0026685
415682,-5.38,0.002421
415683,-5.8,0.00261
415684,-5.58,0.002511
415685,-5.94,0.002673
415686,-5.17,0.0023265
415687,-5.02,0.002259
415688,-4.84,0.002178
415689,-5.52,0.002484
415690,-4.93,0.0022185
415691,-5.19,0.0023355
415692,-4.97,0.0022365
415693,-5.04,0.002268
415694,-4.83,0.0021735
415695,-5.36,0.002412
415696,-5.18,0.002331
415697,-6.08,0.002736
415698,-4.45,0.0020025
415699,-4.86,0.002187
415700,-4.18,0.001881
415701,-3.6,0.00162
415702,-3.46,0.001557
415703,-3.84,0.001728
415704,-3.43,0.0015435
415705,-3.33,0.0014985
415706,-3.35,0.0015075
415707,-3.63,0.0016335
415708,-3.66,0.001647
415709,-3.83,0.0017235
415710,-3.37,0.0015165
415711,-3.83,0.0017235
415712,-3.68,0.001656
415713,-3.42,0.001539
415714,-3.13,0.0014085
415715,-3.48,0.001566
415716,-3.75,0.0016875
415717,-3.44,0.001548
415718,-3.36,0.001512
415720,-4.03,0.0018135
415721,-4.44,0.001998
415722,-3.63,0.0016335
415723,-4.01,0.0018045
415724,-4.07,0.0018315
415725,-4.41,0.0019845
415726,-4.89,0.0022005
415727,-4.69,0.0021105
415728,-4.27,0.0019215
415729,-4.21,0.0018945
415730,-4.46,0.002007
415731,-3.87,0.0017415
415732,-3.65,0.0016425
415733,-4.03,0.0018135
415734,-4.86,0.002187
415735,-3.96,0.001782
415736,-3.36,0.001512
415737,-4.12,0.001854
415738,-4.16,0.001872
415739,-3.78,0.001701
415740,-3.7,0.001665
415741,-4.5,0.002025
415742,-5.83,0.0026235
415743,-3.67,0.0016515
415744,-3.5,0.001575
415745,-4.36,0.001962
415746,-4.11,0.0018495
415747,-5.99,0.0026955
415748,-3.84,0.001728
415749,-3.59,0.0016155
415750,-3.57,0.0016065
415751,-3.03,0.0013635
415752,-3.32,0.001494
415753,-2.92,0.001314
415754,-3.35,0.0015075
415755,-3.63,0.0016335
415756,-3.31,0.0014895
415757,-4.57,0.1
415758,-4.72,0.1
415759,-4.01,0.1
415760,-3.14,0.1
415761,-3.07,0.1
415762,-3.1,0.1
415763,-3.52,0.1
415764,-3.46,0.1
415765,-3.05,0.1
415766,-3.43,0.1
415767,-3.91,0.1
415768,-4.12,0.1
415769,-4.52,0.1
415770,-4.59,0.1
415771,-4.01,0.1
415772,-4.02,0.1
415773,-4.03,0.1
415774,-4.52,0.1
415775,-4.64,0.1
415776,-4.2,0.1
415777,-3.98,0.1
415778,-4,0.1
415779,-4.35,0.1
415780,-4.66,0.1
415781,-4.95,0.1
415782,-5.23,0.1
415783,-4.21,0.1
415784,-3.31,0.1
415785,-3.77,0.1
415786,-3.29,0.1
415787,-3.46,0.1
415788,-4.43,0.1
415789,-3.27,0.1
415790,-4.19,0.1
415791,-3.74,0.1
415792,-4.85,0.1
415793,-4.3,0.1
415794,-4.15,0.1
415795,-4.28,0.1
415796,-3.89,0.1
415797,-4.65,0.1
415798,-4.32,0.1
415799,-3.7,0.1
415800,-4.37,0.1
415801,-4.89,0.1
415802,-3.68,0.1
415803,-3.7,0.1
415804,-3.71,0.1
415805,-3.36,0.1
415806,-3.47,0.1
415807,-4.04,0.1
415808,-4.41,0.1
415809,-4.43,0.1
415810,-3.99,0.1
415811,-4.01,0.1
415812,-4.51,0.1
415813,-5.01,0.1
415814,-4.19,0.1
415815,-4.62,0.1
415816,-4.79,0.1
415817,-5,0.1
415818,-5.21,0.1
415819,-5.2,0.1
415820,-4.68,0.1
415821,-4.25,0.1
415822,-3.66,0.1
415823,-3.53,0.1
415824,-3.73,0.1
415825,-3.37,0.1
428747,-13.1405747286777,0.08
428748,-13.2035351651875,0.08
428749,-13.1847747382848,0.08
428750,-13.1573568907578,0.08
428751,-13.1013594742671,0.08
428752,-12.8052504124955,0.08
428753,-12.5041347158482,0.08
428754,-12.2037869034284,0.08
428755,-12.18951900161,0.08
428756,-12.0877748493122,0.08
428757,-12.1543335812302,0.08
428758,-12.25494995096,0.08
428759,-12.0658137416764,0.08
428760,-12.1580860970422,0.08
428761,-12.1134769642928,0.08
428762,-12.1992724837439,0.08
428763,-12.2083899164161,0.08
428764,-12.2057323547007,0.08
428765,-12.2238862234528,0.08
428766,-12.0707142884583,0.08
428767,-11.8622379213484,0.08
428768,-11.7754797765883,0.08
428769,-11.6843784333161,0.08
428770,-11.798246520597,0.08
428771,-11.8565027558254,0.08
428772,-11.9573182216828,0.08
428773,-11.9366938579958,0.08
428774,-11.9224801016688,0.08
428775,-11.5631644614732,0.08
428776,-11.4496464341378,0.08
428777,-11.4749673576317,0.08
428778,-11.3658990953323,0.08
428779,-11.2671507349219,0.08
428780,-11.3453465283037,0.08
428781,-11.3746452654541,0.08
428782,-11.3895498864078,0.08
428783,-11.295169877433,0.08
428784,-11.3999570152783,0.08
428785,-11.3042457710249,0.08
428786,-11.3618047788606,0.08
428787,-11.2572224472745,0.08
428788,-11.1930130392761,0.08
428789,-11.0596620482466,0.08
428790,-11.04607947407,0.08
428791,-10.9100420097386,0.08
428792,-10.6861037257378,0.08
428793,-10.6704765901509,0.08
428794,-10.5325117928958,0.08
428795,-10.4109325829939,0.08
428796,-10.2836977411466,0.08
428797,-10.1747070229622,0.08
428798,-10.0780312717199,0.08
428799,-9.95936550972759,0.08
428800,-9.94247921663297,0.08
428801,-9.92490670288493,0.08
428802,-9.83167142183454,0.08
428803,-9.70013165309099,0.08
428804,-9.61415681705635,0.08
428805,-9.55720510533306,0.08
428806,-9.37919787181669,0.08
428807,-9.32977745924166,0.08
428808,-9.17346321914394,0.08
428809,-9.00839695459651,0.08
428810,-8.89330324550024,0.08
428811,-8.83545192887706,0.08
428812,-8.79649206719169,0.08
428813,-8.71354436987526,0.08
428814,-8.7900134131563,0.08
428815,-8.81780680208809,0.08
428816,-8.86771616158586,0.08
428817,-8.80901632035075,0.08
428818,-8.6947856183444,0.08
428819,-8.74935915066227,0.08
428820,-8.76601289357002,0.08
428821,-8.67977366824506,0.08
428822,-8.57212978852002,0.08
428823,-8.67232755497534,0.08
428824,-8.63505041337782,0.08
428825,-8.48006170757267,0.08
428826,-8.4264851318614,0.08
428827,-8.49084803724496,0.08
428828,-8.41685923361982,0.08
428829,-8.29335368323654,0.08
428830,-8.31360630576983,0.08
428831,-8.24000359987942,0.08
428832,-8.19587585722442,0.08
428833,-8.30994756436434,0.08
428834,-8.22895244882599,0.08
428835,-8.18218447920642,0.08
428836,-8.30706267440126,0.08
428837,-8.22513723270863,0.08
428838,-8.47638736584011,0.08
428839,-8.50745716470691,0.08
428840,-8.46461807693189,0.08
428841,-8.43834729251865,0.08
428842,-8.51857700919502,0.08
428843,-8.37364756322719,0.08
428844,-8.37379006564977,0.08
428845,-8.28151562564955,0.08
428846,-8.17988853343416,0.08
428847,-8.26270665801235,0.08
428848,-8.20333393281759,0.08
428849,-8.36202266130057,0.08
428850,-8.25933406723624,0.08
428851,-8.51573864431814,0.08
428852,-8.47055217363619,0.08
428853,-8.42759959855734,0.08
428854,-8.43512776703688,0.08
428855,-8.53581290253987,0.08
428856,-8.55046056640627,0.08
428857,-8.55743967251567,0.08
428858,-8.49450046715028,0.08
428859,-8.5901505003347,0.08
428860,-8.67996745446031,0.08
428861,-8.48703439900264,0.08
428862,-8.29873884297753,0.08
428863,-8.46179584765215,0.08
428864,-8.47653091086767,0.08
428865,-8.40061971144875,0.08
428866,-8.07856645110458,0.08
428867,-8.11339280025574,0.08
428868,-8.03818344975249,0.08
428869,-7.94676916492229,0.08
428870,-8.05731982421007,0.08
428871,-8.13231123526508,0.08
428872,-8.10270260126183,0.08
428873,-8.10154158439833,0.08
428874,-8.21130080703213,0.08
428875,-8.07303316319911,0.08
428876,-8.17680901530178,0.08
428877,-8.30380573423684,0.08
428878,-8.31415374010219,0.08
428879,-8.38444608380901,0.08
428880,-8.44804877304285,0.08
428881,-8.64589749475508,0.08
428882,-8.67035133296476,0.08
428883,-8.73188055804069,0.08
428884,-8.76396435927585,0.08
428885,-8.79898942316682,0.08
428886,-8.89626972836501,0.08
428887,-8.98857398067878,0.08
428888,-8.95132665536437,0.08
428889,-8.99541366030679,0.08
428890,-9.1473714756022,0.08
428891,-9.07900981502107,0.08
428892,-9.26733703518105,0.08
428893,-9.26894599221395,0.08
428894,-9.26798070424967,0.08
428895,-9.30848330309989,0.08
428896,-9.21038677716118,0.08
428897,-9.26737312102613,0.08
428898,-9.24967623118194,0.08
428899,-9.26977806241649,0.08
428900,-9.15036515201989,0.08
428901,-9.3247165564081,0.08
428902,-9.34595736613478,0.08
428903,-9.41860571526038,0.08
428904,-9.5193612390764,0.08
428905,-9.57258226916894,0.08
428906,-9.52859786797928,0.08
428907,-9.67769810879095,0.08
428908,-9.62236041976189,0.08
428909,-9.6568011085761,0.08
428910,-9.65040890692075,0.08
428911,-9.91258667736359,0.08
428912,-9.73560143747797,0.08
428913,-9.92754183806794,0.08
428914,-9.84867567186662,0.08
428915,-9.85384005850048,0.08
428916,-9.80953796708843,0.08
428917,-9.79412084016581,0.08
428918,-9.76975064295075,0.08
428919,-9.738335922495,0.08
428920,-9.80045388259827,0.08
428921,-9.88079142812017,0.08
428922,-9.88407794909572,0.08
428923,-9.93341316361303,0.08
428924,-10.0436453360576,0.08
428925,-10.0124607361563,0.08
428926,-10.0359756752291,0.08
428927,-10.0990805882806,0.08
428928,-9.92255222687701,0.08
428929,-10.0381614195301,0.08
428930,-10.3225791227676,0.08
428931,-10.530595670149,0.08
428932,-10.4713069886465,0.08
428933,-10.4032684901238,0.08
428934,-10.3691214882151,0.08
428935,-10.5555350264096,0.08
428936,-10.6677774197195,0.08
428937,-10.7448562616942,0.08
428938,-11.0573176608625,0.08
428939,-11.0234725873056,0.08
428940,-11.184747377256,0.08
428941,-11.4146427698573,0.08
428942,-11.5943912017132,0.08
428943,-11.4471217026876,0.08
428944,-11.4749076627893,0.08
428945,-11.744733860354,0.08
428946,-11.4720403912878,0.08
428947,-11.4759165098453,0.08
428948,-11.509653231512,0.08
428949,-11.7759769388699,0.08
428950,-11.7071276510288,0.08
428951,-11.6806217377642,0.08
428952,-11.9673511589415,0.08
428953,-12.052074910435,0.08
428954,-12.1220937638068,0.08
428955,-12.215788139957,0.08
428956,-12.1384927357344,0.08
428957,-12.0139950566703,0.08
428958,-12.0883680060193,0.08
428959,-11.9727872238111,0.08
428960,-12.0103857375291,0.08
428961,-11.9453021475603,0.08
428962,-11.9963678856214,0.08
428963,-11.8810844224836,0.08
428964,-11.9823770829422,0.08
428965,-12.0648974885929,0.08
428966,-11.9720799681845,0.08
428967,-11.9384427571815,0.08
428968,-11.9056495843472,0.08
428969,-11.9211464235911,0.08
428970,-12.0405740985347,0.08
428971,-11.9366295225822,0.08
428972,-11.8457135544336,0.08
428973,-11.8042144201794,0.08
428974,-11.6632929976711,0.08
428975,-11.5743124640635,0.08
428976,-11.3674208314425,0.08
428977,-11.1736497564509,0.08
428978,-10.9062877268839,0.08
428979,-10.7515670161265,0.08
428980,-10.6489458439493,0.08
428981,-10.5202964192118,0.08
428982,-10.6773534862526,0.08
428983,-10.5018705888817,0.08
428984,-10.4970086987165,0.08
428985,-10.4839892412836,0.08
428986,-10.5565074456978,0.08
428987,-10.6200042797138,0.08
428988,-10.5720026100236,0.08
428989,-10.5882818961596,0.08
428990,-10.6369843447896,0.08
428991,-10.6008462943198,0.08
428992,-10.5480683533827,0.08
428993,-10.5624459970628,0.08
428994,-10.5981104280059,0.08
428995,-10.4963573994477,0.08
428996,-10.5302154583724,0.08
428997,-10.5045754880833,0.08
428998,-10.5848100929193,0.08
428999,-10.5165480770487,0.08
429000,-10.520262365326,0.08
429001,-10.5321054844495,0.08
429002,-10.5550873752594,0.08
429003,-10.5389313555362,0.08
429004,-10.3013510967621,0.08
429005,-10.3387005731538,0.08
429006,-10.3151618380163,0.08
429007,-10.2486274010519,0.08
429008,-10.1604104395233,0.08
429009,-10.1797936921829,0.08
429010,-10.2394438696547,0.08
429011,-10.0881676747966,0.08
429012,-10.0655718697689,0.08
429013,-10.051197937672,0.08
429014,-10.0069475336813,0.08
429015,-9.94408842003394,0.08
429016,-9.89692672101851,0.08
429017,-9.95581806734978,0.08
429018,-9.90492754257468,0.08
429019,-9.95417126909393,0.08
429020,-10.1313469235897,0.08
429021,-10.0871741633478,0.08
429022,-10.047396401822,0.08
429023,-10.0176126608244,0.08
429024,-9.88834457996141,0.08
429025,-9.99768312624309,0.08
429026,-9.952532757196,0.08
429027,-9.99004472845394,0.08
429028,-9.81505638230238,0.08
429029,-9.88626997562397,0.08
429030,-9.79737673534541,0.08
429031,-9.81206488130893,0.08
429032,-9.78199049306918,0.08
429033,-9.74872582429851,0.08
429034,-9.64537121356918,0.08
429035,-9.55300581116656,0.08
429036,-9.34389534196693,0.08
429037,-9.33543519755191,0.08
429038,-9.35387295788188,0.08
429039,-9.40384668139156,0.08
429040,-9.47181563088608,0.08
429041,-9.26590727205591,0.08
429042,-9.33665117323194,0.08
429043,-9.48991084516896,0.08
429044,-9.51496321981593,0.08
429045,-9.40478441434965,0.08
429046,-9.29099269674394,0.08
429047,-9.38645655733006,0.08
429048,-9.36324343664,0.08
429049,-9.32127419857438,0.08
429050,-9.34545084486173,0.08
429051,-9.2273664882767,0.08
429052,-9.36724720011749,0.08
429053,-9.34656414961656,0.08
429054,-9.63542235909237,0.08
429055,-9.46388584307056,0.08
429056,-9.51624055270078,0.08
429057,-9.41157733078583,0.08
429058,-9.43101466056978,0.08
429059,-9.40975836112795,0.08
429060,-9.3480503201371,0.08
429061,-9.42201652059099,0.08
429062,-9.4374544458743,0.08
429063,-9.33095766912381,0.08
429064,-9.18593833498106,0.08
429065,-9.17473255466379,0.08
429066,-9.29138237604005,0.08
429067,-9.23417748801391,0.08
429068,-9.37282926765143,0.08
429069,-9.26445204363096,0.08
429070,-9.18380086519168,0.08
429071,-9.20130414987237,0.08
429072,-8.92700054605128,0.08
429073,-8.87595442258997,0.08
429074,-8.78425365987991,0.08
429075,-9.0056458778457,0.08
429076,-8.93121970947738,0.08
429077,-8.75292059439993,0.08
429078,-8.88140448074083,0.08
429079,-8.92430783557197,0.08
429080,-8.89696998371838,0.08
429081,-8.86580425137253,0.08
429082,-8.92250464815036,0.08
429083,-9.01570399923951,0.08
429084,-9.08723753305178,0.08
429085,-9.1425155395107,0.08
429086,-9.42473171378269,0.08
429087,-9.39108206520763,0.08
429088,-9.54370921994175,0.08
429089,-9.34352966224641,0.08
429090,-9.34266646443795,0.08
429091,-9.34667824761734,0.08
429092,-9.42436821886794,0.08
429093,-9.34040377706028,0.08
429094,-9.52908022994685,0.08
429095,-9.42301365137515,0.08
429096,-9.51656311093859,0.08
429097,-9.54857422131491,0.08
429098,-9.51815134404275,0.08
429099,-9.60029076677901,0.08
429100,-9.54295911603607,0.08
429101,-9.65941705394712,0.08
429102,-9.64486340316584,0.08
429103,-9.61408543317019,0.08
429104,-9.60039813504419,0.08
429105,-9.60652343561554,0.08
429106,-9.57300755990241,0.08
429107,-9.67088614067958,0.08
429108,-9.61875870861633,0.08
429109,-9.64663568202563,0.08
429110,-9.58900757686313,0.08
429111,-9.72406541061337,0.08
429112,-9.61992960746387,0.08
429113,-9.56359503086416,0.08
429114,-9.56091240394816,0.08
429115,-9.64975385025936,0.08
429116,-9.60823913188796,0.08
429117,-9.73406995630615,0.08
429118,-9.68141405061731,0.08
429119,-9.67069513448237,0.08
429120,-9.71499268064768,0.08
429121,-9.71293763139498,0.08
429122,-9.71132776045527,0.08
429123,-9.8003814391979,0.08
429124,-9.87973097022584,0.08
429125,-9.81009710945974,0.08
429126,-9.80659123539488,0.08
429127,-9.82162034366254,0.08
429128,-9.84640887844637,0.08
429129,-9.80072566241222,0.08
429130,-9.88566018971029,0.08
429131,-9.98828635728893,0.08
429132,-9.96514304750788,0.08
429133,-9.88819985286139,0.08
429134,-9.88987251260928,0.08
429135,-10.037366124589,0.08
429136,-9.97196145779621,0.08
429137,-9.99175824776843,0.08
429138,-10.1037885421941,0.08
429139,-10.0073757372606,0.08
429140,-10.0608119225556,0.08
429141,-10.0811572810565,0.08
429142,-10.0703653573521,0.08
429143,-10.0989925013589,0.08
429144,-10.1373596967087,0.08
429145,-10.1565901204024,0.08
429146,-10.1234420257819,0.08
429147,-10.1655937863571,0.08
429148,-10.2251655254758,0.08
429149,-10.3392745649963,0.08
429150,-10.210923006508,0.08
429151,-10.1813092140649,0.08
429152,-10.2331098435533,0.08
429153,-10.2302835676336,0.08
429154,-10.3211524237967,0.08
429155,-10.0858471861404,0.08
429156,-10.1574327749254,0.08
429157,-10.1694835905692,0.08
429158,-10.1406796716669,0.08
429159,-10.1741678389974,0.08
429160,-10.2137015113429,0.08
429161,-10.2767124611416,0.08
429162,-10.2587260128468,0.08
429163,-10.2244467975837,0.08
429164,-10.3103707855454,0.08
429165,-10.3628122628324,0.08
429166,-10.2800112098656,0.08
429167,-10.3274397850886,0.08
429168,-10.4748000013167,0.08
429169,-10.4911985936177,0.08
429170,-10.4479679053364,0.08
429171,-10.4106874903189,0.08
429172,-10.5029290888351,0.08
429173,-10.5207883820902,0.08
429174,-10.5139352684866,0.08
429175,-10.5773251103238,0.08
429176,-10.5583972093067,0.08
429177,-10.6670576329908,0.08
429178,-10.5200328951663,0.08
429179,-10.6773012618041,0.08
429180,-10.6873434265122,0.08
429181,-10.7914243279706,0.08
429182,-10.6860760633996,0.08
429183,-10.8105173433723,0.08
429184,-11.0751681097187,0.08
429185,-11.0205903766816,0.08
429186,-11.1173078003046,0.08
429187,-11.3411632610666,0.08
429188,-11.32351982508,0.08
429189,-11.503767952777,0.08
429190,-11.4956126311157,0.08
429191,-11.6855452047988,0.08
429192,-11.7961404659048,0.08
429193,-11.8859244945205,0.08
429194,-12.0062569649994,0.08
429195,-12.2200839554416,0.08
429196,-12.4149401794679,0.08
429197,-12.6826129864693,0.08
429198,-12.7877961512089,0.08
429199,-13.0393084546487,0.08
429200,-13.1626826099548,0.08
429201,-13.2427238292044,0.08
429202,-13.1420517330417,0.08
429203,-12.8080216154214,0.08
429204,-12.6199127176735,0.08
429205,-12.3527626723111,0.08
429206,-12.3386373974121,0.08
429207,-12.4415099207072,0.08
429208,-12.5708907575153,0.08
429209,-12.5736084299324,0.08
429210,-12.6192351041355,0.08
429211,-12.6608479874022,0.08
429212,-12.639030313507,0.08
429213,-12.6395682666931,0.08
429214,-12.7602023053302,0.08
429215,-12.5829065676069,0.08
429216,-12.4964204190527,0.08
429217,-12.4676303076364,0.08
429218,-12.627838951291,0.08
429219,-12.4993416463158,0.08
429220,-12.6010713043984,0.08
429221,-12.5626844186575,0.08
429222,-12.4816710490193,0.08
429223,-12.4431197936246,0.08
429224,-12.4893817432685,0.08
429225,-12.5515863772956,0.08
429226,-12.6625631902957,0.08
429227,-12.7228020507878,0.08
429228,-12.6368131503545,0.08
429229,-12.5335095040431,0.08
429230,-12.1935205495324,0.08
429231,-12.2971362237312,0.08
429232,-12.6247796475086,0.08
429233,-12.3843255239412,0.08
429234,-12.3969247683814,0.08
429235,-12.4017438831247,0.08
429236,-12.524830675566,0.08
429237,-12.5363373268133,0.08
429238,-12.6402322872763,0.08
429239,-12.4922557972979,0.08
429240,-12.5267908983073,0.08
429241,-12.5342382233364,0.08
429242,-12.5688163928601,0.08
429243,-12.6709722699433,0.08
429244,-12.6661698764603,0.08
429245,-12.7318791130599,0.08
429246,-12.8211835469494,0.08
429247,-12.9103170790575,0.08
429248,-12.9655947468861,0.08
429249,-12.9308138513324,0.08
429250,-12.8706994940847,0.08
429251,-12.7681158584477,0.08
429252,-12.6909047516181,0.08
429253,-12.6773126046086,0.08
429254,-12.9266922833319,0.08
429255,-12.9027339868386,0.08
429256,-12.9055442103333,0.08
429257,-12.9638116972971,0.08
429258,-12.9457172985683,0.08
429259,-12.9462217009951,0.08
429260,-12.9862128203007,0.08
429261,-13.0337893657544,0.08
429262,-12.9749727600578,0.08
429263,-12.9190669514146,0.08
429264,-12.9067997074262,0.08
429265,-12.9958606167416,0.08
429266,-12.9456358835179,0.08
429267,-13.054940611338,0.08
429268,-12.9703802911904,0.08
429269,-12.9251391014031,0.08
429270,-12.9139589145737,0.08
429271,-12.988102818138,0.08
429272,-13.0516794152612,0.08
429273,-12.9807376385764,0.08
429274,-13.0100593284892,0.08
429275,-12.9522220471669,0.08
429276,-12.8731433375526,0.08
429277,-13.0965510967162,0.08
429278,-12.946534587218,0.08
429279,-12.9248198847701,0.08
429280,-12.912330775923,0.08
429281,-12.9740294728901,0.08
429282,-13.0406693309171,0.08
429283,-13.1161141143381,0.08
429284,-13.0750806984588,0.08
429285,-13.0597780557738,0.08
429286,-13.0747480174856,0.08
429287,-13.0991629856429,0.08
429288,-13.2192988851497,0.08
429289,-13.1409579454183,0.08
429290,-13.0566313988681,0.08
429291,-13.1692513783384,0.08
429292,-13.1495973711404,0.08
429293,-13.2287006667933,0.08
429294,-13.1948155961084,0.08
429295,-13.1742752529534,0.08
429296,-13.1468512709953,0.08
429297,-13.0778124986868,0.08
429298,-13.0666703850414,0.08
429299,-12.9578092683517,0.08
429300,-12.8823181703729,0.08
429301,-12.9457533651731,0.08
429302,-13.0913976465525,0.08
429303,-13.211817648843,0.08
429304,-13.1300406493507,0.08
429305,-13.1059066662053,0.08
429306,-13.2971439127942,0.08
429307,-13.1593659997984,0.08
429308,-13.1540345044595,0.08
429309,-13.1178286988457,0.08
429310,-13.1092725625973,0.08
429311,-13.0017413882329,0.08
429312,-13.0378264494134,0.08
429313,-12.599887859087,0.08
429314,-13.0665966395285,0.08
429315,-12.4011598980957,0.08
429316,-12.7174726786328,0.08
429317,-13.083082497838,0.08
429318,-13.2854470073132,0.08
429319,-13.7065438963644,0.08
429320,-13.955367041166,0.08
429321,-14.3337713658698,0.08
429322,-14.5232880914726,0.08
429323,-14.6302129422367,0.08
429324,-14.6788294993846,0.08
429325,-14.7407066986794,0.08
429326,-14.479237651846,0.08
429327,-14.6690125965194,0.08
429328,-14.6057364189764,0.08
429329,-14.6121181538655,0.08
429330,-14.5606268219521,0.08
429331,-14.4441107187699,0.08
429332,-14.3919256463956,0.08
429333,-14.2319490435247,0.08
429334,-13.8711034428362,0.08
429335,-13.7091692890364,0.08
429336,-13.5481456082972,0.08
429337,-13.5662518939946,0.08
429338,-13.5173751574606,0.08
429339,-13.5317514490262,0.08
429340,-13.574252442498,0.08
429341,-13.5591910556975,0.08
429342,-13.5364519014582,0.08
429343,-13.3205274867117,0.08
429344,-13.2491777671514,0.08
429345,-13.1379625070899,0.08
429346,-13.1634143749863,0.08
429347,-13.0946216093834,0.08
429348,-13.0619740449913,0.08
429349,-13.0719575048489,0.08
429350,-12.8188127971989,0.08
429351,-12.5289887842975,0.08
429352,-12.3429853791422,0.08
429353,-12.1185011062175,0.08
429354,-12.2920396116352,0.08
429355,-12.2334733276595,0.08
429356,-12.2895003755423,0.08
429357,-12.441397658275,0.08
429358,-12.4011407062435,0.08
429359,-12.3174821342719,0.08
429360,-12.2147334784918,0.08
429361,-12.4168459524742,0.08
429362,-12.2141635852306,0.08
429363,-12.2594624612783,0.08
429364,-12.1982228789205,0.08
429365,-12.2487060619129,0.08
429366,-12.222121888314,0.08
429367,-12.2176154464506,0.08
429368,-12.1681845961595,0.08
429369,-12.1111335978966,0.08
429370,-11.9094082163064,0.08
429371,-11.7809652530631,0.08
429372,-11.8818551542707,0.08
429373,-11.8902025839822,0.08
429374,-11.8215594314613,0.08
429375,-11.4947187321511,0.08
429376,-11.2224955928095,0.08
429377,-11.1349565218393,0.08
429378,-11.1068338172088,0.08
429379,-10.9863846366879,0.08
429380,-10.738796706327,0.08
429381,-10.5831838158491,0.08
429382,-10.5039836252399,0.08
429383,-10.2411621277562,0.08
429384,-10.0778540026415,0.08
429385,-10.050885124378,0.08
429386,-9.91193533561392,0.08
429387,-9.97416769284587,0.08
429388,-9.78514999788904,0.08
429389,-9.9432299147076,0.08
429390,-9.95315681245132,0.08
429391,-9.87458724046297,0.08
429392,-9.85290167598563,0.08
429393,-9.954837620608,0.08
429394,-9.95557943423148,0.08
429395,-9.88250480933513,0.08
429396,-9.92167219665678,0.08
429397,-10.0038004728131,0.08
429398,-9.89922146714314,0.08
429399,-9.93801817411941,0.08
429400,-9.98749872119175,0.08
429401,-9.75142058701858,0.08
429402,-9.72553051025696,0.08
429403,-9.76631788183818,0.08
429404,-9.71390914495469,0.08
429405,-9.74242157336609,0.08
429406,-9.64211122348868,0.08
429407,-9.60594475204805,0.08
429408,-9.51633723659455,0.08
429409,-9.5257199632941,0.08
429410,-9.5694651852604,0.08
429411,-9.52355642595369,0.08
429412,-9.41241680491999,0.08
429413,-9.54805794529365,0.08
429414,-9.4968968568872,0.08
429415,-9.53644810120696,0.08
429416,-9.57828834536435,0.08
429417,-9.62517000633436,0.08
429418,-9.58797484401449,0.08
429419,-9.54668699358524,0.08
429420,-9.44637526743593,0.08
429421,-9.48048935685173,0.08
429422,-9.45836476412367,0.08
429423,-9.3899951514392,0.08
429424,-9.40681822652061,0.08
429425,-9.41405721067527,0.08
429426,-9.34808078386046,0.08
429427,-9.35751956659852,0.08
429428,-9.35483949473621,0.08
429429,-9.41358831466089,0.08
429430,-9.43002010179105,0.08
429431,-9.44408876566223,0.08
429432,-9.41819301517656,0.08
429433,-9.45836384952135,0.08
429434,-9.40231970627221,0.08
429435,-9.39568740231242,0.08
429436,-9.46005971443136,0.08
429437,-9.40457174619112,0.08
429438,-9.50311307323547,0.08
429439,-9.64808670194528,0.08
429440,-9.42353312709952,0.08
429441,-9.5460726875902,0.08
429442,-9.45111976744687,0.08
429443,-9.52419333378985,0.08
429444,-9.45505708674208,0.08
429445,-9.43746615371339,0.08
429446,-9.44369444600191,0.08
429447,-9.31116411108179,0.08
429448,-9.41412988584918,0.08
429449,-9.28161956165115,0.08
429450,-9.21176995031255,0.08
429451,-9.24150605782483,0.08
429452,-9.28890534168653,0.08
429453,-9.34971959741725,0.08
429454,-9.21999934878867,0.08
429455,-9.23040610903769,0.08
429456,-9.28263447899389,0.08
429457,-9.26849457945937,0.08
429458,-9.3874454451469,0.08
429459,-9.2669224496339,0.08
429460,-9.42140828582738,0.08
429461,-9.36450439046577,0.08
429462,-9.38670250099451,0.08
429463,-9.42797188200418,0.08
429464,-9.3807711974832,0.08
429465,-9.41216492676993,0.08
429466,-9.35821811114215,0.08
429467,-9.40543868351372,0.08
429468,-9.32161617680499,0.08
429469,-9.38283232710022,0.08
429470,-9.29908197065715,0.08
429471,-9.35245356605221,0.08
429472,-9.48646406465707,0.08
429473,-9.51327358689937,0.08
429474,-9.42773611916083,0.08
429475,-9.45130076107434,0.08
429476,-9.39650751393788,0.08
429477,-9.37504719874571,0.08
429478,-9.33683379073505,0.08
429479,-9.34479832925543,0.08
429480,-9.29943131490449,0.08
429481,-9.39443327964366,0.08
429482,-9.43139018979312,0.08
429483,-9.44105795220112,0.08
429484,-9.47857052479391,0.08
429485,-9.34770846915749,0.08
429486,-9.44201426454544,0.08
429487,-9.34250781793171,0.08
429488,-9.43639617925266,0.08
429489,-9.32191235277183,0.08
429490,-9.32083990132672,0.08
429491,-9.36707618363809,0.08
429492,-9.3045730347762,0.08
429493,-9.35196355529009,0.08
429494,-9.31164917537557,0.08
429495,-9.36105706844453,0.08
429496,-9.51723048775882,0.08
429497,-9.54083865165068,0.08
429498,-9.43355935158846,0.08
429499,-9.54811843208241,0.08
429500,-9.55665868635776,0.08
429501,-9.43798751496454,0.08
429502,-9.48730816229881,0.08
429503,-9.48168107843536,0.08
429504,-9.5084481888258,0.08
429505,-9.47881750772043,0.08
429506,-9.4474343252147,0.08
429507,-9.44669769381788,0.08
429508,-9.40774824352033,0.08
429509,-9.58548817143897,0.08
429510,-9.64190000097772,0.08
429511,-9.47506864453228,0.08
429512,-9.67161951410795,0.08
429513,-9.79186251158074,0.08
429514,-9.75594611982241,0.08
429515,-9.67925856079757,0.08
429516,-9.72892231391807,0.08
429517,-9.51862617473908,0.08
429518,-9.52389459778276,0.08
429519,-9.55606563571752,0.08
429520,-9.29423362195964,0.08
429521,-8.88590571090909,0.08
429522,-8.76588819153847,0.08
429523,-8.78566580958586,0.08
429524,-8.87777331106668,0.08
429525,-9.02502039860271,0.08
429526,-9.22590889851962,0.08
429527,-9.40036468146835,0.08
429528,-9.22618536325463,0.08
429529,-9.02235374773015,0.08
429530,-9.19250691051814,0.08
429531,-9.28959548951009,0.08
429532,-9.58841906531799,0.08
429533,-9.67717925947235,0.08
429534,-9.72577150501522,0.08
429535,-9.73781497644681,0.08
429536,-9.76245433535152,0.08
429537,-9.90675239945761,0.08
429538,-9.81584204077947,0.08
429539,-10.1705626914572,0.08
429540,-10.1131479724311,0.08
429541,-10.3184158481947,0.08
429542,-10.0354063532667,0.08
429543,-9.94104047676498,0.08
429544,-10.0016865917784,0.08
429545,-10.0233456104566,0.08
429546,-10.1724072582179,0.08
429547,-10.0384962909261,0.08
429548,-10.1290988834077,0.08
429549,-10.2114249358569,0.08
429550,-10.316923490333,0.08
429551,-9.9739037187291,0.08
429552,-10.0227260092655,0.08
429553,-10.1333338816651,0.08
429554,-10.1594888389721,0.08
429555,-10.2330341634436,0.08
429556,-10.4434944267228,0.08
429557,-10.4280135363487,0.08
429558,-10.2935610644828,0.08
429559,-10.4769813693458,0.08
429560,-10.3275645547944,0.08
429561,-10.3280010441619,0.08
429562,-10.381721127928,0.08
429563,-10.4273296539345,0.08
429564,-10.5147171869599,0.08
429565,-10.6847454273057,0.08
429566,-10.7851489086308,0.08
429567,-10.7802421196329,0.08
429568,-10.8252506989496,0.08
429569,-10.8037038982266,0.08
429570,-10.8265414013932,0.08
429571,-10.8727357446215,0.08
429572,-10.891418215842,0.08
429573,-10.7982299963261,0.08
429574,-10.9370209873756,0.08
429575,-10.7664193968958,0.08
429576,-10.7266647737859,0.08
429577,-10.723060594886,0.08
429578,-10.6472409342763,0.08
429579,-10.7760425529748,0.08
429580,-10.6488759380474,0.08
429581,-10.6574279466277,0.08
429582,-10.6798494270956,0.08
429583,-10.6482330349758,0.08
429584,-10.7398599031259,0.08
429585,-10.7079879956985,0.08
429586,-10.753141450698,0.08
429587,-10.8671498928351,0.08
429588,-10.7014006260256,0.08
429589,-10.8263657603873,0.08
429590,-10.9038903991243,0.08
429591,-10.9125965858545,0.08
429592,-10.9128262094293,0.08
429593,-10.877496554405,0.08
429594,-10.9686196774395,0.08
429595,-10.9398379499725,0.08
429596,-11.0735379513232,0.08
429597,-11.0442616750612,0.08
429598,-11.1522399482121,0.08
429599,-11.0224699576978,0.08
429600,-11.1580708702783,0.08
429601,-11.1203473462132,0.08
429602,-11.282001299673,0.08
429603,-11.3563004782598,0.08
429604,-11.4308240883379,0.08
429605,-11.7539663824259,0.08
429606,-11.655191472079,0.08
429607,-11.7392078106998,0.08
429608,-11.6183942270245,0.08
429609,-11.7193272084992,0.08
429610,-11.590291910089,0.08
429611,-11.5746171179454,0.08
429612,-11.6448038303073,0.08
429613,-11.6598820907704,0.08
429614,-11.6021133083798,0.08
429615,-11.5523383309395,0.08
429616,-11.3737744306339,0.08
429617,-11.4510119717188,0.08
429618,-11.4222796990374,0.08
429619,-11.4564667348823,0.08
429620,-11.4487210448582,0.08
429621,-11.3416743850404,0.08
429622,-11.3526401209547,0.08
429623,-11.3365891995402,0.08
429624,-11.3767215474238,0.08
429625,-11.2870811221586,0.08
429626,-11.2647292830087,0.08
429627,-11.3658924065837,0.08
429628,-11.3405661144137,0.08
429629,-11.2611951141204,0.08
429630,-11.3330794685393,0.08
429631,-11.4115504823293,0.08
429632,-11.4724754779396,0.08
429633,-11.3785764826311,0.08
429634,-11.3554598612045,0.08
429635,-11.3800728841672,0.08
429636,-11.3608206432011,0.08
429637,-11.3095332621969,0.08
429638,-11.318570518765,0.08
429639,-11.451730835827,0.08
429640,-11.3621221530998,0.08
429641,-11.3246516723651,0.08
429642,-11.4107683937234,0.08
429643,-11.6511808147076,0.08
429644,-11.4165389901045,0.08
429645,-11.5963720194965,0.08
429646,-11.5259702395173,0.08
429647,-11.5326026439643,0.08
429648,-11.6982911710563,0.08
429649,-11.7273210426116,0.08
429650,-11.7541228933713,0.08
429651,-11.8111569549657,0.08
429652,-11.7972134603609,0.08
429653,-11.8822849620277,0.08
429654,-11.9287658560347,0.08
429655,-11.8862643119414,0.08
429656,-12.0021256237034,0.08
429657,-11.9974752412635,0.08
429658,-12.0258822016148,0.08
429659,-12.0407748468287,0.08
429660,-12.0454419848093,0.08
429661,-11.9643666177588,0.08
429662,-12.0459660442962,0.08
429663,-12.0992441724374,0.08
429664,-12.0297486111972,0.08
429665,-12.0297937466909,0.08
429666,-12.0494351914511,0.08
429667,-12.0458239991912,0.08
429668,-12.0291495579303,0.08
429669,-11.9849023957976,0.08
429670,-12.2155056459091,0.08
429671,-12.1621680326116,0.08
429672,-12.2867734662299,0.08
429673,-12.2675547363454,0.08
429674,-12.2681305407877,0.08
429675,-12.3250316887952,0.08
429676,-12.3568824308694,0.08
429677,-12.4619555628633,0.08
429678,-12.404046359041,0.08
429679,-12.3529213731536,0.08
429680,-12.3333343694372,0.08
429681,-12.2401602098943,0.08
429682,-12.2447482083653,0.08
429683,-12.1943060534485,0.08
429684,-12.1675241472522,0.08
429685,-12.017780036673,0.08
429686,-12.0028286311236,0.08
429687,-12.0122564828032,0.08
429688,-11.8465172253165,0.08
429689,-12.1034743338355,0.08
429690,-12.0964076479547,0.08
429691,-12.2151667957532,0.08
429692,-12.3450991526922,0.08
429693,-12.4151596474753,0.08
429694,-14.26,0.08
429695,-14.45,0.08
429696,-14.32,0.08
429697,-14.19,0.08
429698,-14.44,0.08
429699,-14.62,0.08
429700,-14.56,0.08
429701,-14.63,0.08
429702,-14.47,0.08
429703,-14.58,0.08
429704,-14.56,0.08
429705,-14.67,0.08
429706,-14.58,0.08
429707,-14.64,0.08
429708,-14.86,0.08
429709,-14.76,0.08
429710,-14.79,0.08
429711,-14.85,0.08
429712,-14.74,0.08
429713,-14.77,0.08
429714,-14.95,0.08
429715,-14.57,0.08
429716,-14.41,0.08
429717,-14.43,0.08
429718,-14.56,0.08
429719,-14.61,0.08
429720,-14.73,0.08
429721,-14.8,0.08
429722,-14.7,0.08
429723,-14.63,0.08
429724,-14.77,0.08
429725,-14.58,0.08
429726,-14.68,0.08
429727,-14.68,0.08
429728,-14.78,0.08
429729,-14.89,0.08
429730,-14.65,0.08
429731,-14.43,0.08
429732,-14.78,0.08
429733,-14.65,0.08
429734,-14.59,0.08
429735,-14.77,0.08
429736,-14.78,0.08
429737,-14.76,0.08
429738,-14.78,0.08
429739,-14.56,0.08
429740,-14.47,0.08
429741,-14.47,0.08
429742,-14.76,0.08
429743,-14.57,0.08
429744,-14.45,0.08
429745,-14.58,0.08
429746,-14.54,0.08
429747,-14.47,0.08
429748,-14.53,0.08
429749,-14.47,0.08
429750,-14.65,0.08
429751,-14.48,0.08
429752,-14.48,0.08
429753,-14.74,0.08
429754,-14.76,0.08
429755,-14.67,0.08
429756,-14.68,0.08
429757,-14.73,0.08
429758,-14.78,0.08
429759,-14.67,0.08
429760,-14.66,0.08
429761,-14.47,0.08
429762,-14.61,0.08
429763,-14.59,0.08
429764,-14.52,0.08
429765,-14.72,0.08
429766,-14.81,0.08
429767,-14.86,0.08
429768,-14.83,0.08
429769,-14.74,0.08
429770,-14.85,0.08
429771,-14.56,0.08
429772,-14.77,0.08
429773,-14.75,0.08
429774,-14.7,0.08
429775,-14.71,0.08
429776,-14.68,0.08
429777,-14.89,0.08
429778,-14.93,0.08
429779,-14.76,0.08
429780,-14.88,0.08
429781,-14.79,0.08
429782,-14.73,0.08
429783,-14.72,0.08
429784,-14.74,0.08
429785,-14.57,0.08
429786,-14.73,0.08
429787,-14.66,0.08
429788,-14.84,0.08
429789,-14.91,0.08
429790,-14.82,0.08
429791,-14.61,0.08
429792,-14.75,0.08
429793,-14.81,0.08
429794,-14.93,0.08
429795,-14.91,0.08
429796,-15.01,0.08
429797,-14.92,0.08
429798,-14.97,0.08
429799,-15.07,0.08
429800,-15.14,0.08
429801,-14.89,0.08
429802,-14.94,0.08
429803,-14.89,0.08
429804,-14.74,0.08
429805,-14.55,0.08
429806,-14.8,0.08
429807,-15.02,0.08
429808,-15.12,0.08
429809,-14.81,0.08
429810,-14.57,0.08
429811,-14.72,0.08
429812,-14.9,0.08
429813,-15,0.08
429814,-15.02,0.08
429815,-15.01,0.08
429816,-15.13,0.08
429817,-15.18,0.08
429818,-14.99,0.08
429819,-15.17,0.08
429820,-15.16,0.08
429821,-15.21,0.08
429822,-15.22,0.08
429823,-15.16,0.08
429824,-15.12,0.08
429825,-14.94,0.08
429826,-15.09,0.08
429827,-15.07,0.08
429828,-15.13,0.08
429829,-15.16,0.08
429830,-15.37,0.08
429831,-15.11,0.08
429832,-14.98,0.08
429833,-15.07,0.08
429834,-14.75,0.08
429835,-14.86,0.08
429836,-14.89,0.08
429837,-14.9,0.08
429838,-14.99,0.08
429839,-15.03,0.08
429840,-14.9,0.08
429841,-14.88,0.08
429842,-14.9,0.08
429843,-14.86,0.08
429845,-14.96,0.08
429846,-15.06,0.08
429847,-15.13,0.08
429848,-15.14,0.08
429849,-15.14,0.08
429850,-15.2,0.08
429851,-15.26,0.08
429852,-15.15,0.08
429853,-14.95,0.08
429855,-15,0.08
429856,-15.08,0.08
429857,-14.95,0.08
429858,-15.03,0.08
429859,-15.06,0.08
429860,-15.06,0.08
429861,-15.09,0.08
429862,-15.13,0.08
429863,-14.86,0.08
429864,-15.12,0.08
429865,-15.22,0.08
429866,-15.01,0.08
429867,-15.1,0.08
429868,-15.3,0.08
429869,-15.14,0.08
429870,-15.16,0.08
429871,-15.14,0.08
429872,-15.1,0.08
429873,-15.33,0.08
429874,-15.22,0.08
429875,-14.85,0.08
429876,-14.96,0.08
429877,-15.01,0.08
429878,-15.04,0.08
429879,-15.06,0.08
429880,-14.88,0.08
429881,-14.7,0.08
429882,-15,0.08
429883,-14.98,0.08
429884,-15.13,0.08
429885,-15.03,0.08
429886,-15.12,0.08
429887,-15.11,0.08
429888,-15.29,0.08
429889,-15.19,0.08
429890,-14.82,0.08
429891,-15.24,0.08
429892,-15.09,0.08
429893,-14.97,0.08
429894,-15.16,0.08
429895,-15.17,0.08
429896,-15.12,0.08
429897,-14.9,0.08
429898,-15.11,0.08
429899,-15.23,0.08
429900,-15.22,0.08
429901,-15.18,0.08
429902,-15.15,0.08
429903,-15.05,0.08
429904,-14.91,0.08
429905,-14.94,0.08
429906,-14.87,0.08
429907,-14.83,0.08
429908,-14.93,0.08
429909,-15.01,0.08
429910,-15,0.08
429911,-15.17,0.08
429912,-14.92,0.08
429913,-15.18,0.08
429914,-15.23,0.08
429915,-15.02,0.08
429916,-15.01,0.08
429917,-15,0.08
429918,-14.92,0.08
429919,-15.14,0.08
429920,-15.1,0.08
429921,-15,0.08
429922,-15.19,0.08
429923,-15.25,0.08
429924,-15.24,0.08
429925,-15.19,0.08
429926,-15.21,0.08
429927,-15.18,0.08
429928,-15.1,0.08
429929,-15.08,0.08
429930,-15.03,0.08
429931,-15.02,0.08
429932,-15.04,0.08
429933,-15.05,0.08
429934,-15,0.08
429935,-14.75,0.08
429936,-14.98,0.08
429937,-15.05,0.08
429938,-15.2,0.08
429939,-15.06,0.08
429940,-15.15,0.08
429941,-15.12,0.08
429942,-15.23,0.08
429943,-15.01,0.08
429944,-15.19,0.08
429945,-15,0.08
429946,-14.87,0.08
429947,-14.86,0.08
429948,-14.83,0.08
429949,-14.89,0.08
429950,-14.94,0.08
429951,-15.06,0.08
429952,-15,0.08
429953,-15.05,0.08
429954,-15.01,0.08
429955,-14.94,0.08
429956,-14.86,0.08
429957,-15.01,0.08
429958,-14.99,0.08
429959,-14.79,0.08
429960,-14.87,0.08
429961,-14.96,0.08
429962,-14.76,0.08
429963,-14.81,0.08
429964,-14.88,0.08
429965,-14.74,0.08
429966,-14.83,0.08
429967,-15.01,0.08
429968,-15.04,0.08
429969,-14.88,0.08
429970,-14.63,0.08
429971,-14.88,0.08
429972,-15.03,0.08
429973,-15.08,0.08
429974,-15.01,0.08
429975,-15.1,0.08
429980,-14.84,0.08
429981,-15.12,0.08
429982,-15.04,0.08
429983,-14.74,0.08
429984,-14.78,0.08
429985,-14.77,0.08
429986,-14.85,0.08
429987,-14.85,0.08
429988,-14.86,0.08
429989,-14.92,0.08
429990,-14.77,0.08
429991,-14.93,0.08
429992,-14.94,0.08
429993,-14.94,0.08
429994,-14.91,0.08
429995,-14.79,0.08
429996,-14.71,0.08
429997,-14.73,0.08
429998,-14.75,0.08
429999,-14.64,0.08
430000,-14.9,0.08
430001,-14.81,0.08
430002,-14.84,0.08
430003,-14.74,0.08
430004,-14.73,0.08
430005,-14.66,0.08
430006,-14.5,0.08
430007,-14.57,0.08
430008,-14.37,0.08
430009,-14.36,0.08
430010,-14.5,0.08
430011,-14.49,0.08
430012,-14.64,0.08
430013,-14.51,0.08
430014,-14.66,0.08
430015,-14.65,0.08
430016,-14.73,0.08
430017,-14.79,0.08
430018,-14.66,0.08
430019,-14.73,0.08
430020,-14.56,0.08
430021,-14.63,0.08
430022,-14.59,0.08
430023,-14.56,0.08
430025,-14.51,0.08
430026,-14.82,0.08
430027,-14.65,0.08
430028,-14.68,0.08
430029,-14.76,0.08
430030,-14.85,0.08
430031,-14.7,0.08
430033,-14.86,0.08
430034,-14.79,0.08
430035,-14.67,0.08
430036,-14.51,0.08
430037,-14.58,0.08
430038,-14.79,0.08
430039,-14.86,0.08
430040,-14.97,0.08
430041,-15.1,0.08
430042,-14.88,0.08
430043,-14.98,0.08
430044,-14.91,0.08
430045,-14.95,0.08
430046,-14.81,0.08
430047,-14.85,0.08
430048,-14.84,0.08
430049,-14.6,0.08
430050,-14.64,0.08
430051,-14.56,0.08
430052,-14.72,0.08
430053,-14.74,0.08
430054,-14.57,0.08
430055,-14.52,0.08
430056,-14.59,0.08
430057,-14.77,0.08
430058,-14.91,0.08
430059,-14.92,0.08
430060,-14.93,0.08
430061,-15.02,0.08
430062,-14.83,0.08
430063,-14.8,0.08
430064,-14.67,0.08
430065,-14.57,0.08
430066,-14.83,0.08
430067,-14.92,0.08
430068,-14.66,0.08
430069,-14.69,0.08
430070,-14.57,0.08
430071,-14.73,0.08
430072,-14.92,0.08
430073,-15.21,0.08
430074,-14.61,0.08
430075,-14.64,0.08
430076,-14.96,0.08
430078,-15.08,0.08
430079,-15.01,0.08
430080,-14.88,0.08
430081,-14.87,0.08
430082,-14.68,0.08
430083,-14.79,0.08
430084,-14.88,0.08
430085,-14.95,0.08
430086,-14.88,0.08
430087,-14.73,0.08
430088,-14.72,0.08
430089,-14.7,0.08
430090,-14.92,0.08
430091,-14.75,0.08
430092,-14.76,0.08
430093,-14.69,0.08
430094,-14.85,0.08
430095,-14.9,0.08
430096,-14.81,0.08
430097,-14.92,0.08
430098,-14.7,0.08
430099,-14.7,0.08
430100,-14.71,0.08
430101,-14.71,0.08
430102,-14.53,0.08
430103,-14.56,0.08
430104,-14.52,0.08
430105,-14.54,0.08
430106,-14.77,0.08
430107,-14.74,0.08
430108,-14.84,0.08
430109,-14.77,0.08
430110,-14.8,0.08
430111,-14.59,0.08
430112,-14.62,0.08
430113,-14.67,0.08
430114,-14.67,0.08
430115,-14.75,0.08
430116,-14.82,0.08
430117,-14.58,0.08
430118,-14.61,0.08
430119,-14.53,0.08
430120,-14.58,0.08
430121,-14.64,0.08
430122,-14.54,0.08
430123,-14.54,0.08
430124,-14.57,0.08
430125,-14.56,0.08
430126,-14.55,0.08
430127,-14.68,0.08
430128,-14.64,0.08
430129,-14.52,0.08
430130,-14.61,0.08
430131,-14.44,0.08
430132,-14.49,0.08
430133,-14.46,0.08
430134,-14.55,0.08
430135,-14.46,0.08
430136,-14.6,0.08
430137,-14.55,0.08
430138,-14.49,0.08
430139,-14.51,0.08
430140,-14.53,0.08
430141,-14.52,0.08
430142,-14.41,0.08
430143,-14.57,0.08
430144,-14.66,0.08
430145,-14.36,0.08
430146,-14.4,0.08
430148,-14.4,0.08
430149,-14.72,0.08
430150,-14.57,0.08
430151,-14.42,0.08
430152,-14.54,0.08
430153,-14.38,0.08
430154,-14.26,0.08
430155,-14.33,0.08
430156,-14.5,0.08
430157,-14.33,0.08
430158,-14.38,0.08
430159,-14.33,0.08
430160,-14.16,0.08
430161,-14.2,0.08
430162,-14.29,0.08
430163,-14.27,0.08
430164,-14.28,0.08
430165,-14.19,0.08
430166,-14.13,0.08
430167,-14.16,0.08
430168,-14.13,0.08
430169,-14.18,0.08
430170,-14.28,0.08
430171,-14.24,0.08
430172,-14.22,0.08
430173,-14.21,0.08
430174,-14.12,0.08
430175,-14.11,0.08
430176,-14.21,0.08
430177,-14.27,0.08
430178,-14.27,0.08
430179,-14.26,0.08
430180,-14.19,0.08
430181,-14.17,0.08
430182,-14.23,0.08
430183,-14.14,0.08
430184,-14.11,0.08
430185,-14.06,0.08
430186,-14.04,0.08
430187,-14.14,0.08
430188,-14.01,0.08
430189,-14.03,0.08
430190,-14.02,0.08
430191,-14.27,0.08
430192,-14.21,0.08
430193,-14.28,0.08
430194,-14.13,0.08
430195,-14.28,0.08
430196,-14.09,0.08
430197,-14.07,0.08
430198,-14.27,0.08
430199,-14.22,0.08
430200,-14.22,0.08
430201,-14.26,0.08
430202,-14.22,0.08
430203,-14.24,0.08
430204,-14.24,0.08
430205,-14.22,0.08
430206,-14.32,0.08
430207,-14.41,0.08
430208,-14.5,0.08
430209,-14.55,0.08
430210,-14.56,0.08
430211,-14.51,0.08
430212,-14.45,0.08
430213,-14.41,0.08
430214,-14.5,0.08
430215,-14.33,0.08
430216,-14.36,0.08
430217,-14.27,0.08
430218,-14.18,0.08
430219,-14.23,0.08
430220,-14.22,0.08
430221,-14.24,0.08
430222,-14.31,0.08
430223,-14.27,0.08
430224,-14.44,0.08
430225,-14.33,0.08
430226,-14.24,0.08
430227,-14.27,0.08
430228,-14.31,0.08
430229,-14.26,0.08
430230,-14.37,0.08
430231,-14.2,0.08
430232,-14.24,0.08
430233,-14.23,0.08
430234,-14.24,0.08
430235,-14.33,0.08
430236,-14.31,0.08
430237,-14.3,0.08
430238,-14.17,0.08
430239,-14.03,0.08
430240,-14.09,0.08
430241,-14.24,0.08
430242,-14.38,0.08
430243,-14.47,0.08
430244,-14.44,0.08
430245,-14.47,0.08
430246,-14.46,0.08
430247,-14.4,0.08
430248,-14.35,0.08
430249,-14.36,0.08
430250,-14.38,0.08
430251,-14.15,0.08
430252,-14.27,0.08
430253,-14.37,0.08
430254,-14.51,0.08
430255,-14.37,0.08
430256,-14.29,0.08
430257,-14.47,0.08
430258,-14.5,0.08
430259,-14.62,0.08
430260,-14.64,0.08
430261,-14.65,0.08
430262,-14.58,0.08
430263,-14.49,0.08
430264,-14.39,0.08
430265,-14.45,0.08
430266,-14.56,0.08
430267,-14.6,0.08
430268,-14.54,0.08
430269,-14.39,0.08
430270,-14.48,0.08
430271,-14.49,0.08
430272,-14.51,0.08
430273,-14.83,0.08
430274,-14.72,0.08
430275,-14.59,0.08
430276,-14.62,0.08
430277,-14.65,0.08
430278,-14.58,0.08
430279,-14.5,0.08
430280,-14.41,0.08
430281,-14.18,0.08
430282,-14.13,0.08
430283,-14.28,0.08
430284,-14.49,0.08
430285,-14.68,0.08
430286,-14.77,0.08
430287,-14.61,0.08
430288,-14.61,0.08
430289,-14.77,0.08
430290,-14.8,0.08
430291,-14.76,0.08
430292,-14.7,0.08
430293,-14.66,0.08
430294,-14.79,0.08
430295,-14.78,0.08
430296,-14.68,0.08
430297,-14.79,0.08
430298,-14.63,0.08
430299,-14.74,0.08
430300,-14.85,0.08
430301,-14.69,0.08
430302,-14.69,0.08
430303,-14.81,0.08
430304,-14.7,0.08
430305,-14.65,0.08
430306,-14.64,0.08
430307,-14.6,0.08
430308,-14.44,0.08
430309,-14.65,0.08
430310,-14.6,0.08
430311,-14.61,0.08
430312,-14.75,0.08
430313,-14.8,0.08
430314,-14.79,0.08
430315,-14.78,0.08
430316,-14.47,0.08
430317,-14.69,0.08
430318,-14.39,0.08
430319,-14.38,0.08
430320,-14.55,0.08
430321,-14.65,0.08
430322,-14.64,0.08
430323,-14.51,0.08
430324,-14.54,0.08
430325,-14.67,0.08
430326,-14.65,0.08
430327,-14.7,0.08
430328,-14.68,0.08
430329,-14.79,0.08
430330,-14.86,0.08
430331,-15.07,0.08
430332,-15.01,0.08
430333,-15.01,0.08
430334,-15.12,0.08
430335,-14.96,0.08
430336,-15.11,0.08
430337,-14.81,0.08
430338,-14.88,0.08
430339,-14.95,0.08
430340,-14.9,0.08
430341,-14.65,0.08
430342,-14.48,0.08
430343,-14.42,0.08
430345,-14.28,0.08
430346,-14.27,0.08
430347,-14.34,0.08
430348,-14.3,0.08
430349,-14.43,0.08
430350,-14.35,0.08
430351,-14.3,0.08
430352,-14.36,0.08
430353,-14.48,0.08
430354,-14.71,0.08
430355,-14.68,0.08
430356,-14.46,0.08
430358,-14.41,0.08
430359,-14.37,0.08
430360,-14.32,0.08
430362,-14.51,0.08
430363,-14.5,0.08
430364,-14.68,0.08
430365,-14.61,0.08
430366,-14.81,0.08
430367,-14.8,0.08
430368,-14.71,0.08
430369,-14.69,0.08
430370,-14.86,0.08
430371,-14.76,0.08
430372,-14.69,0.08
430373,-14.55,0.08
430374,-14.6,0.08
430375,-14.63,0.08
430376,-14.62,0.08
430377,-14.56,0.08
430378,-14.71,0.08
430379,-14.85,0.08
430380,-14.88,0.08
430381,-14.87,0.08
430382,-14.94,0.08
430383,-14.83,0.08
430384,-14.62,0.08
430385,-14.6,0.08
430386,-14.78,0.08
430387,-14.75,0.08
430388,-14.67,0.08
430389,-14.7,0.08
430390,-14.71,0.08
430391,-14.53,0.08
430392,-14.68,0.08
430393,-14.74,0.08
430394,-14.7,0.08
430395,-14.69,0.08
430396,-14.62,0.08
430397,-14.5,0.08
430398,-14.4,0.08
430399,-14.39,0.08
430400,-14.43,0.08
430401,-14.44,0.08
430402,-14.54,0.08
430403,-14.71,0.08
430404,-14.69,0.08
430405,-14.67,0.08
430406,-14.66,0.08
430407,-14.68,0.08
430408,-14.63,0.08
430409,-14.61,0.08
430410,-14.44,0.08
430411,-14.37,0.08
430413,-14.7,0.08
430414,-14.69,0.08
430415,-14.75,0.08
430416,-14.65,0.08
430417,-14.71,0.08
430418,-14.37,0.08
430419,-14.42,0.08
430420,-14.44,0.08
430421,-14.38,0.08
430422,-14.51,0.08
430423,-14.45,0.08
430424,-14.55,0.08
430425,-14.8,0.08
430426,-14.91,0.08
430427,-14.74,0.08
430428,-14.65,0.08
430429,-14.37,0.08
430430,-14.44,0.08
430431,-14.73,0.08
430432,-14.63,0.08
430433,-14.39,0.08
430434,-14.72,0.08
430435,-15.02,0.08
430436,-14.8,0.08
430437,-14.71,0.08
430438,-14.43,0.08
430439,-14.61,0.08
430440,-14.78,0.08
430441,-14.92,0.08
430442,-14.97,0.08
430443,-15.08,0.08
430444,-15.02,0.08
430445,-14.97,0.08
430446,-14.99,0.08
430447,-14.89,0.08
430448,-14.84,0.08
430449,-14.69,0.08
430450,-14.73,0.08
430451,-14.6,0.08
430452,-14.64,0.08
430453,-14.87,0.08
430454,-14.84,0.08
430455,-14.82,0.08
430456,-14.73,0.08
430457,-14.77,0.08
430458,-14.54,0.08
430459,-14.41,0.08
430460,-14.47,0.08
430461,-14.47,0.08
430462,-14.43,0.08
430463,-14.43,0.08
430464,-14.55,0.08
430465,-14.75,0.08
430466,-14.78,0.08
430467,-14.76,0.08
430468,-14.68,0.08
430469,-14.63,0.08
430470,-14.43,0.08
430471,-14.33,0.08
430472,-14.45,0.08
430473,-14.28,0.08
430474,-14.57,0.08
430475,-14.82,0.08
430476,-14.79,0.08
430477,-14.79,0.08
430478,-14.62,0.08
430479,-14.76,0.08
430480,-14.57,0.08
430481,-14.73,0.08
430482,-14.53,0.08
430483,-14.65,0.08
430484,-14.71,0.08
430485,-14.27,0.08
430486,-14.42,0.08
430488,-14.49,0.08
430489,-14.44,0.08
430490,-14.39,0.08
430491,-14.36,0.08
430492,-14.34,0.08
430493,-14.26,0.08
430494,-14.54,0.08
430495,-14.66,0.08
430496,-14.67,0.08
430497,-14.65,0.08
430498,-14.65,0.08
430499,-14.69,0.08
430500,-14.6,0.08
430501,-14.38,0.08
430502,-14.15,0.08
430503,-14.21,0.08
430504,-14.29,0.08
430505,-14.4,0.08
430506,-14.13,0.08
430507,-14,0.08
430508,-14.11,0.08
430509,-14.33,0.08
430510,-14.18,0.08
430512,-14.02,0.08
430513,-14.06,0.08
430514,-14.34,0.08
430515,-14.36,0.08
430516,-14.38,0.08
430517,-14.32,0.08
430518,-14.52,0.08
430519,-14.46,0.08
430520,-14.4,0.08
430521,-14.47,0.08
430522,-14.56,0.08
430523,-14.59,0.08
430524,-14.78,0.08
430525,-14.97,0.08
430526,-14.76,0.08
430527,-14.5,0.08
430528,-14.52,0.08
430529,-14.59,0.08
430530,-14.66,0.08
430531,-14.62,0.08
430532,-14.62,0.08
430533,-14.8,0.08
430534,-14.86,0.08
430535,-14.89,0.08
430536,-14.69,0.08
430537,-14.69,0.08
430538,-14.68,0.08
430539,-14.88,0.08
430540,-14.79,0.08
430541,-14.8,0.08
430542,-14.81,0.08
430543,-14.85,0.08
430544,-14.74,0.08
430545,-14.5,0.08
430546,-14.64,0.08
430547,-14.51,0.08
430548,-14.61,0.08
430549,-14.73,0.08
430550,-14.92,0.08
430551,-14.88,0.08
430552,-14.84,0.08
430553,-14.94,0.08
430554,-14.65,0.08
430555,-14.62,0.08
430556,-14.75,0.08
430557,-14.71,0.08
430558,-14.81,0.08
430559,-14.88,0.08
430560,-14.94,0.08
430561,-14.78,0.08
430562,-14.68,0.08
430563,-14.82,0.08
430564,-14.78,0.08
430565,-14.76,0.08
430566,-14.86,0.08
430567,-14.85,0.08
430568,-14.9,0.08
430569,-14.86,0.08
430570,-14.84,0.08
430571,-14.75,0.08
430572,-14.79,0.08
430573,-14.82,0.08
430574,-14.77,0.08
430575,-14.8,0.08
430576,-14.72,0.08
430577,-14.72,0.08
430578,-14.66,0.08
430579,-14.69,0.08
430580,-14.72,0.08
430581,-14.67,0.08
430582,-14.74,0.08
430583,-14.77,0.08
430584,-14.84,0.08
430585,-14.77,0.08
430586,-14.57,0.08
430587,-14.68,0.08
430588,-14.71,0.08
430589,-14.58,0.08
430590,-14.7,0.08
430591,-14.64,0.08
430592,-14.67,0.08
430593,-14.42,0.08
430594,-14.43,0.08
430595,-14.25,0.08
430596,-14.5,0.08
430597,-14.6,0.08
430598,-14.54,0.08
430599,-14.61,0.08
430600,-14.6,0.08
430601,-14.46,0.08
430602,-14.48,0.08
430603,-14.58,0.08
430604,-14.57,0.08
430605,-14.6,0.08
430606,-14.61,0.08
430607,-14.47,0.08
430608,-14.49,0.08
430609,-14.57,0.08
430610,-14.49,0.08
430611,-14.5,0.08
430612,-14.33,0.08
430613,-14.2,0.08
430614,-14.28,0.08
430615,-14.19,0.08
430616,-14.34,0.08
430617,-14.45,0.08
430618,-14.4,0.08
430619,-14.44,0.08
430620,-14.34,0.08
430621,-14.26,0.08
430622,-14.39,0.08
430623,-14.46,0.08
430624,-14.46,0.08
430625,-14.5,0.08
430626,-14.42,0.08
430627,-14.45,0.08
430628,-14.4,0.08
430629,-14.38,0.08
430630,-14.4,0.08
430631,-14.56,0.08
430632,-14.44,0.08
430633,-14.47,0.08
430634,-14.51,0.08
430635,-14.39,0.08
430636,-14.53,0.08
430637,-14.56,0.08
430638,-14.64,0.08
430639,-14.51,0.08
430640,-14.57,0.08
430641,-14.75,0.08
430642,-14.54,0.08
430643,-14.57,0.08
430644,-14.56,0.08
430645,-14.55,0.08
430646,-14.51,0.08
430647,-14.64,0.08
430648,-14.66,0.08
430649,-14.66,0.08
430650,-14.75,0.08
430651,-14.64,0.08
430652,-14.59,0.08
430655,-14.29,0.08
430657,-14.53,0.08
430658,-14.53,0.08
430659,-14.49,0.08
430660,-14.52,0.08
430661,-14.45,0.08
430662,-14.54,0.08
430663,-14.53,0.08
430664,-14.43,0.08
430665,-14.28,0.08
430666,-14.35,0.08
430667,-14.37,0.08
430668,-14.35,0.08
430669,-14.27,0.08
430670,-14.26,0.08
430671,-14.18,0.08
430672,-14.14,0.08
430673,-14.06,0.08
430674,-13.96,0.08
430675,-13.87,0.08
430676,-13.87,0.08
430677,-13.94,0.08
430678,-13.95,0.08
430679,-14.13,0.08
430680,-14.3,0.08
430681,-14.06,0.08
430682,-14.07,0.08
430683,-14.24,0.08
430684,-14.14,0.08
430685,-14.19,0.08
430686,-14.23,0.08
430687,-14.18,0.08
430688,-14.26,0.08
430689,-14.19,0.08
430690,-14.29,0.08
430691,-14.25,0.08
430692,-14.29,0.08
430693,-14.31,0.08
430694,-14.29,0.08
430695,-14.3,0.08
430696,-14.32,0.08
430697,-14.29,0.08
430698,-14.24,0.08
430699,-14.22,0.08
430700,-14,0.08
430701,-14.1,0.08
430702,-14.17,0.08
430703,-14.13,0.08
430704,-14.25,0.08
430705,-14.28,0.08
430706,-14.3,0.08
430707,-14.29,0.08
430708,-14.3,0.08
430709,-14.22,0.08
430710,-14.31,0.08
430711,-14.16,0.08
430712,-14.2,0.08
430713,-14.33,0.08
430714,-14.37,0.08
430715,-14.25,0.08
430716,-14.25,0.08
430717,-14.21,0.08
430718,-14.19,0.08
430719,-14,0.08
430720,-14,0.08
430721,-13.99,0.08
430722,-13.9,0.08
430723,-13.96,0.08
430724,-14,0.08
430725,-14.15,0.08
430726,-14.19,0.08
430727,-14.28,0.08
430728,-14.13,0.08
430729,-14.12,0.08
430730,-14.05,0.08
430731,-14.1,0.08
430732,-14.13,0.08
430733,-14.13,0.08
430734,-14.09,0.08
430735,-14.21,0.08
430736,-14.22,0.08
430737,-14.13,0.08
430738,-14.04,0.08
430739,-14.02,0.08
430740,-13.94,0.08
430741,-14.12,0.08
430742,-14.14,0.08
430743,-14.02,0.08
430744,-14.07,0.08
430745,-14.03,0.08
430746,-13.98,0.08
430747,-13.91,0.08
430748,-13.79,0.08
430749,-13.81,0.08
430750,-13.85,0.08
430751,-13.96,0.08
430752,-13.99,0.08
430753,-13.91,0.08
430754,-13.76,0.08
430755,-13.73,0.08
430756,-13.63,0.08
430757,-13.61,0.08
430758,-13.69,0.08
430759,-13.71,0.08
430760,-13.28,0.08
430761,-13.32,0.08
430763,-13.48,0.08
430764,-13.49,0.08
430765,-13.31,0.08
430766,-13.28,0.08
430767,-13.66,0.08
430768,-13.84,0.08
430769,-13.59,0.08
430770,-13.54,0.08
430771,-13.57,0.08
430772,-13.67,0.08
430773,-13.64,0.08
430774,-13.82,0.08
430775,-13.66,0.08
430776,-13.8,0.08
430777,-13.81,0.08
430778,-13.85,0.08
430779,-13.81,0.08
430780,-13.87,0.08
430781,-13.71,0.08
430782,-13.34,0.08
430783,-13.37,0.08
430784,-13.44,0.08
430785,-13.53,0.08
430786,-13.52,0.08
430787,-13.51,0.08
430788,-13.43,0.08
430789,-13.46,0.08
430790,-13.5,0.08
430791,-13.65,0.08
430792,-13.48,0.08
430793,-13.47,0.08
430794,-13.31,0.08
430795,-13.47,0.08
430796,-13.39,0.08
430797,-13.48,0.08
430798,-13.59,0.08
430799,-13.54,0.08
430800,-13.59,0.08
430801,-13.61,0.08
430802,-13.55,0.08
430803,-13.63,0.08
430804,-13.62,0.08
430805,-13.7,0.08
430806,-13.64,0.08
430807,-13.57,0.08
430808,-13.54,0.08
430809,-13.43,0.08
430810,-13.48,0.08
430811,-13.42,0.08
430812,-13.44,0.08
430813,-13.26,0.08
430814,-13.36,0.08
430815,-13.44,0.08
430816,-13.44,0.08
430817,-13.6,0.08
430818,-13.63,0.08
430820,-13.54,0.08
430821,-13.68,0.08
430822,-13.76,0.08
430823,-13.61,0.08
430824,-13.62,0.08
430825,-13.71,0.08
430826,-13.69,0.08
430827,-13.58,0.08
430828,-13.71,0.08
430829,-13.45,0.08
430830,-13.53,0.08
430832,-13.46,0.08
430833,-13.17,0.08
430834,-13.39,0.08
430835,-13.44,0.08
430836,-13.51,0.08
430837,-13.51,0.08
430838,-13.56,0.08
430839,-13.61,0.08
430840,-13.65,0.08
430841,-13.73,0.08
430842,-13.65,0.08
430843,-13.47,0.08
430844,-13.52,0.08
430845,-13.6,0.08
430846,-13.63,0.08
430847,-13.62,0.08
430848,-13.7,0.08
430849,-13.56,0.08
430850,-13.67,0.08
430851,-13.79,0.08
430852,-13.7,0.08
430853,-13.62,0.08
430854,-13.72,0.08
430855,-13.63,0.08
430856,-13.62,0.08
430857,-13.77,0.08
430858,-13.55,0.08
430859,-13.26,0.08
430860,-13.47,0.08
430861,-13.55,0.08
430862,-13.62,0.08
430863,-13.59,0.08
430864,-13.46,0.08
430865,-13.51,0.08
430866,-13.43,0.08
430867,-13.52,0.08
430868,-13.56,0.08
430869,-13.55,0.08
430870,-13.5,0.08
430871,-13.33,0.08
430872,-13.28,0.08
430873,-13.53,0.08
430874,-13.66,0.08
430875,-13.79,0.08
430876,-13.75,0.08
430877,-13.64,0.08
430878,-13.58,0.08
430879,-13.69,0.08
430880,-13.93,0.08
430881,-13.58,0.08
430882,-13.54,0.08
430883,-13.52,0.08
430884,-13.56,0.08
430885,-13.64,0.08
430886,-13.5,0.08
430887,-13.46,0.08
430888,-13.6,0.08
430889,-13.65,0.08
430890,-13.69,0.08
430891,-13.51,0.08
430892,-13.49,0.08
430893,-13.43,0.08
430894,-13.24,0.08
430895,-13.26,0.08
430896,-13.24,0.08
430897,-13.41,0.08
430898,-13.44,0.08
430899,-13.55,0.08
430900,-13.31,0.08
430901,-13.43,0.08
430902,-13.33,0.08
430903,-13.37,0.08
430904,-13.39,0.08
430907,-13.25,0.08
430908,-13.2,0.08
430909,-13.12,0.08
430910,-13.37,0.08
430911,-13.37,0.08
430912,-13.38,0.08
430913,-13.35,0.08
430914,-13.3,0.08
430915,-13.32,0.08
430916,-13.19,0.08
430917,-13.29,0.08
430918,-13.37,0.08
430919,-13.2,0.08
430920,-13.15,0.08
430921,-13.2,0.08
430922,-13.38,0.08
430923,-13.36,0.08
430924,-13.22,0.08
430925,-13.08,0.08
430926,-13.14,0.08
430927,-13.26,0.08
430928,-13.21,0.08
430929,-13.3,0.08
430930,-13.47,0.08
430931,-13.49,0.08
430932,-13.54,0.08
430933,-13.51,0.08
430934,-13.47,0.08
430935,-13.41,0.08
430936,-13.41,0.08
430937,-13.54,0.08
430938,-13.6,0.08
430939,-13.65,0.08
430940,-13.63,0.08
430941,-13.62,0.08
430942,-13.61,0.08
430943,-13.57,0.08
430944,-13.49,0.08
430945,-13.47,0.08
430946,-13.39,0.08
430947,-13.44,0.08
430948,-13.55,0.08
430949,-13.64,0.08
430950,-13.65,0.08
430951,-13.7,0.08
430952,-13.69,0.08
430953,-13.6,0.08
430954,-13.69,0.08
430955,-13.59,0.08
430956,-13.4,0.08
430957,-13.46,0.08
430958,-13.4,0.08
430959,-13.45,0.08
430960,-13.49,0.08
430961,-13.44,0.08
430962,-13.31,0.08
430963,-13.1,0.08
430965,-12.87,0.08
430966,-12.91,0.08
430967,-12.91,0.08
430970,-13.18,0.08
430971,-13.17,0.08
430972,-13.26,0.08
430973,-13.49,0.08
430974,-13.52,0.08
430975,-13.3,0.08
430976,-13.32,0.08
430977,-13.27,0.08
430979,-13.45,0.08
430980,-13.4,0.08
430981,-13.23,0.08
430982,-13.25,0.08
430983,-12.99,0.08
430984,-13.08,0.08
430985,-13.09,0.08
430986,-13.08,0.08
430987,-12.96,0.08
430988,-13.14,0.08
430989,-13.21,0.08
430990,-13.18,0.08
430991,-12.9,0.08
430992,-12.97,0.08
430993,-12.8,0.08
430994,-12.81,0.08
430995,-12.8,0.08
430996,-12.93,0.08
430997,-13.05,0.08
430998,-12.99,0.08
430999,-12.99,0.08
431000,-13.03,0.08
431001,-12.98,0.08
431002,-13.01,0.08
431003,-12.92,0.08
431004,-13.03,0.08
431005,-13.12,0.08
431006,-13.23,0.08
431007,-13.12,0.08
431008,-13.13,0.08
431009,-12.84,0.08
431010,-12.69,0.08
431011,-12.79,0.08
431012,-12.69,0.08
431013,-12.84,0.08
431014,-12.94,0.08
431015,-12.87,0.08
431016,-12.99,0.08
431017,-12.79,0.08
431018,-12.61,0.08
431019,-12.6,0.08
431020,-12.46,0.08
431021,-12.64,0.08
431022,-12.72,0.08
431023,-12.89,0.08
431024,-12.98,0.08
431025,-12.93,0.08
431026,-12.99,0.08
431027,-12.99,0.08
431028,-12.83,0.08
431029,-12.72,0.08
431030,-12.47,0.08
431031,-12.66,0.08
431032,-12.67,0.08
431033,-12.6,0.08
431034,-12.58,0.08
431035,-12.95,0.08
431036,-12.92,0.08
431037,-12.84,0.08
431038,-12.86,0.08
431039,-12.84,0.08
431040,-12.88,0.08
431041,-12.88,0.08
431042,-12.99,0.08
431043,-12.96,0.08
431044,-12.9,0.08
431045,-12.93,0.08
431046,-12.96,0.08
431047,-12.97,0.08
431048,-12.99,0.08
431049,-13.11,0.08
431050,-13.18,0.08
431051,-13.32,0.08
431052,-13.17,0.08
431053,-13.21,0.08
431054,-13.18,0.08
431055,-13.05,0.08
431056,-13.15,0.08
431057,-13.12,0.08
431058,-13.2,0.08
431059,-13.14,0.08
431060,-13.02,0.08
431061,-13.1,0.08
431062,-13.09,0.08
431063,-13.03,0.08
431064,-13.04,0.08
431065,-13.05,0.08
431066,-13.03,0.08
431067,-13.06,0.08
431068,-12.95,0.08
431069,-12.94,0.08
431070,-12.8,0.08
431071,-12.86,0.08
431072,-12.92,0.08
431073,-12.97,0.08
431074,-13.1,0.08
431075,-12.93,0.08
431076,-12.86,0.08
431077,-7.48977004640777,0.08
431078,-7.64900416762522,0.08
431079,-7.5714479024467,0.08
431080,-7.70290902190513,0.08
431081,-7.927040052456,0.08
431082,-7.85897781079032,0.08
431083,-7.97036506814686,0.08
431084,-8.05942756239498,0.08
431085,-8.08909186201319,0.08
431086,-7.95017999115828,0.08
431087,-7.95051057715224,0.08
431088,-7.99259934422512,0.08
431089,-7.96652592949365,0.08
431090,-7.7208328765343,0.08
431091,-7.75349237640387,0.08
431092,-7.67276707704193,0.08
431093,-7.61649302531246,0.08
431094,-7.76450242820813,0.08
431095,-7.84436813739082,0.08
431096,-7.9096621813813,0.08
431097,-7.86312685150997,0.08
431098,-7.82441497527732,0.08
431099,-7.83257745334404,0.08
431100,-7.9128765423235,0.08
431101,-7.73495696030252,0.08
431102,-7.76165070250065,0.08
431103,-7.85525859444629,0.08
431104,-7.94953231904058,0.08
431105,-7.91359237432749,0.08
431106,-7.90670469106284,0.08
431107,-7.6362051323598,0.08
431108,-7.70339225192004,0.08
431109,-7.77732770288501,0.08
431110,-7.71619920228576,0.08
431111,-7.77529446849013,0.08
431112,-7.73063124662964,0.08
431113,-7.76659965587636,0.08
431114,-7.84771253157868,0.08
431115,-7.99268675523894,0.08
431116,-8.10294254320009,0.08
431117,-7.97005556956302,0.08
431118,-7.64309787872607,0.08
431119,-7.86549405697094,0.08
431120,-7.68531215109657,0.08
431121,-7.74573293003415,0.08
431122,-7.78020622808312,0.08
431123,-7.79633340421437,0.08
431124,-7.926997235793,0.08
431125,-7.95057237292188,0.08
431126,-7.92961910092313,0.08
431127,-7.847700948672,0.08
431128,-7.79095593707728,0.08
431129,-7.78952640153349,0.08
431130,-7.67359593080465,0.08
431131,-7.69596747845361,0.08
431132,-7.70631679083319,0.08
431133,-7.66809280607908,0.08
431134,-7.68824341531337,0.08
431135,-7.90407199296699,0.08
431136,-7.79911894273829,0.08
431137,-7.89398787779783,0.08
431138,-7.89617622919119,0.08
431139,-7.96609350166515,0.08
431140,-7.99902281442883,0.08
431141,-8.03134903322367,0.08
431142,-7.93256301183214,0.08
431143,-7.80732874873332,0.08
431144,-7.68402099556217,0.08
431145,-7.6204757211405,0.08
431146,-7.87222555814207,0.08
431147,-7.75484775562592,0.08
431148,-7.7491271664504,0.08
431149,-7.59934004707798,0.08
431150,-7.76671803176726,0.08
431151,-7.71886803372479,0.08
431152,-7.77421872361929,0.08
431153,-7.76227239218522,0.08
431154,-7.65907738390045,0.08
431155,-7.561699163917,0.08
431156,-7.5606263815769,0.08
431157,-7.64550874002751,0.08
431158,-7.79329564176912,0.08
431159,-7.68173962564822,0.08
431160,-7.75023387524624,0.08
431161,-7.85942406027524,0.08
431162,-8.0045313916205,0.08
431163,-7.97230659723149,0.08
431164,-8.02930671043798,0.08
431165,-7.95680356764652,0.08
431166,-7.82291608803886,0.08
431167,-7.79792527371753,0.08
431168,-7.65327581706699,0.08
431169,-7.89484637629323,0.08
431170,-7.91019547780405,0.08
431171,-7.88784879284943,0.08
431172,-7.90721716238503,0.08
431173,-7.8600867527277,0.08
431174,-7.76802092524951,0.08
431175,-7.78192542120609,0.08
431176,-7.92598763486732,0.08
431177,-7.95169996219185,0.08
431178,-7.93474736811826,0.08
431179,-7.87645515516918,0.08
431180,-7.89864575926254,0.08
431181,-7.68388340802807,0.08
431182,-7.81827256673983,0.08
431183,-7.69258090233201,0.08
431184,-7.6102276614128,0.08
431185,-7.80313979584198,0.08
431186,-7.5893456535239,0.08
431187,-7.83247758316777,0.08
431188,-7.93961383966434,0.08
431189,-7.9770126052946,0.08
431190,-8.10447742687899,0.08
431191,-7.88792016396535,0.08
431192,-8.02071936300331,0.08
431193,-8.05833889484227,0.08
431194,-7.96762265386752,0.08
431195,-7.90523265111512,0.08
431196,-7.84029193724099,0.08
431197,-7.88116194509838,0.08
431198,-8.11853287980824,0.08
431199,-7.9109449001536,0.08
431200,-8.05539355140629,0.08
431201,-7.91270710523144,0.08
431202,-7.93023180490054,0.08
431203,-7.955258353001,0.08
431204,-7.90933630582173,0.08
431205,-7.80072284302872,0.08
431206,-7.90793841585308,0.08
431207,-8.00677264434052,0.08
431208,-8.05158712163196,0.08
431209,-7.98139036295659,0.08
431210,-7.98819469520573,0.08
431211,-8.09554908539764,0.08
431212,-8.14728318740675,0.08
431213,-7.88509757046638,0.08
431214,-8.08038198719694,0.08
431215,-8.04402424488148,0.08
431216,-8.10508079620556,0.08
431217,-8.0405022331352,0.08
431218,-7.93035698138329,0.08
431219,-7.90867060598756,0.08
431220,-7.91259007951594,0.08
431221,-7.8479104366021,0.08
431222,-8.10153136200788,0.08
431223,-7.87638152591344,0.08
431224,-7.99416720936028,0.08
431225,-7.97318086110159,0.08
431226,-7.96324657317978,0.08
431227,-7.96370826753458,0.08
431228,-7.95907330832834,0.08
431229,-7.94090585297072,0.08
431230,-8.09662290873597,0.08
431231,-7.88896011919563,0.08
431232,-8.02403078293179,0.08
431233,-8.02160151955858,0.08
431234,-7.96319623471908,0.08
431235,-7.95592350237212,0.08
431236,-7.720951983808,0.08
431237,-7.905893873653,0.08
431238,-7.82689575208919,0.08
431239,-7.74367210668865,0.08
431240,-7.87848011275459,0.08
431241,-7.78550218448989,0.08
431242,-7.8469270873788,0.08
431243,-7.89253034491441,0.08
431244,-7.8235916724432,0.08
431245,-7.88318367070829,0.08
431246,-7.85241810619642,0.08
431247,-7.95756738683827,0.08
431248,-8.02676432829342,0.08
431249,-7.95134051019206,0.08
431250,-8.17265983522817,0.08
431251,-8.02292043701214,0.08
431252,-7.92851075892201,0.08
431253,-8.01005446463349,0.08
431254,-7.8594481822443,0.08
431255,-7.96047358703682,0.08
431256,-7.87276564046138,0.08
431257,-7.90616215793555,0.08
431258,-7.80223815189585,0.08
431259,-7.98170097775576,0.08
431260,-7.91976090425694,0.08
431261,-8.04048084259059,0.08
431262,-8.02169850084287,0.08
431263,-7.88308523425016,0.08
431264,-7.72833107098392,0.08
431265,-7.698172818125,0.08
431266,-7.68968403024174,0.08
431267,-7.81530223764514,0.08
431268,-7.68877950122141,0.08
431269,-7.84020977651073,0.08
431270,-7.87659601882682,0.08
431271,-7.84542036548797,0.08
431272,-7.76190376323855,0.08
431273,-7.66954758162825,0.08
431274,-7.65092955519111,0.08
431275,-7.6590816682295,0.08
431276,-7.90428585368446,0.08
431277,-7.93178561939517,0.08
431278,-7.98471330872648,0.08
431279,-7.98107338095859,0.08
431280,-8.06751917098599,0.08
431281,-8.0056768664067,0.08
431282,-7.94671793363089,0.08
431283,-8.05634242223467,0.08
431284,-7.96435750797154,0.08
431285,-7.91904189777706,0.08
431286,-7.83629851211542,0.08
431287,-7.87845137039507,0.08
431288,-7.92169844539134,0.08
431289,-8.00829882151869,0.08
431290,-7.9843059861564,0.08
431291,-8.06168108057425,0.08
431292,-8.04954069617855,0.08
431293,-8.01515930428919,0.08
431294,-8.05304322176759,0.08
431295,-8.23286744701088,0.08
431296,-8.05315357375363,0.08
431297,-7.90586414593473,0.08
431298,-7.78475341534449,0.08
431299,-7.72141839990144,0.08
431300,-7.62702489076484,0.08
431301,-7.74700818761189,0.08
431302,-7.78644408757617,0.08
431303,-7.87636891235299,0.08
431304,-7.93149962280509,0.08
431305,-7.8468656627494,0.08
431306,-7.72938766580097,0.08
431307,-7.72078183010452,0.08
431308,-7.91095713752617,0.08
431309,-7.93308901727403,0.08
431310,-8.08078320798922,0.08
431311,-8.22572324550885,0.08
431312,-8.19373562705417,0.08
431313,-7.85315741816231,0.08
431314,-7.85572630894807,0.08
431315,-7.853336419061,0.08
431316,-7.74613873897534,0.08
431317,-7.70503425746364,0.08
431318,-7.76522038780439,0.08
431319,-7.64170438774381,0.08
431320,-7.70682999067403,0.08
431321,-7.86401484530546,0.08
431322,-7.80254482059701,0.08
431323,-7.89482629779924,0.08
431324,-7.94584754291206,0.08
431325,-7.98768024673493,0.08
431326,-7.92748256387576,0.08
431327,-7.94966729347441,0.08
431328,-7.8901668571518,0.08
431329,-7.9591937169963,0.08
431330,-8.09106932303563,0.08
431331,-7.93051961931197,0.08
431332,-7.95322476853784,0.08
431333,-7.9455332153069,0.08
431334,-8.03291038465126,0.08
431335,-8.21900518754055,0.08
431336,-8.18898454763003,0.08
431337,-8.1026531603928,0.08
431338,-8.12676905134358,0.08
431339,-8.10236692452607,0.08
431340,-8.11282851771213,0.08
431341,-8.04069902668792,0.08
431342,-7.95085202648233,0.08
431343,-7.77968532714954,0.08
431344,-7.63033839779765,0.08
431345,-7.75808586913724,0.08
431346,-7.63269686232022,0.08
431347,-7.66279961719424,0.08
431348,-7.79168497274514,0.08
431349,-8.12157102936604,0.08
431350,-7.77323315837695,0.08
431351,-7.60936190680772,0.08
431352,-7.89022767301855,0.08
431353,-7.42127253225968,0.08
431354,-7.47315348251697,0.08
431355,-7.50652445728434,0.08
431356,-7.7119866464096,0.08
431357,-7.73632139601388,0.08
431358,-7.75552471320471,0.08
431359,-7.72391188297211,0.08
431360,-7.82690056546925,0.08
431361,-7.65703754514311,0.08
431362,-7.62347353530736,0.08
431363,-7.81650656121097,0.08
431364,-8.05357245417179,0.08
431365,-7.82648464398211,0.08
431366,-7.84812175072545,0.08
431367,-7.68806510966413,0.08
431368,-7.61762912586541,0.08
431369,-7.58981705899811,0.08
431370,-7.57066897132472,0.08
431371,-7.64392691980279,0.08
431372,-7.55651689058894,0.08
431373,-7.62853488678963,0.08
431374,-7.56795676401686,0.08
431375,-7.64766299275944,0.08
431376,-7.63803170946989,0.08
431377,-7.56901821299774,0.08
431378,-7.52435978529808,0.08
431379,-7.56581692747403,0.08
431380,-7.59644925387486,0.08
431381,-7.60332226238166,0.08
431382,-7.66274512578248,0.08
431383,-7.69074853742461,0.08
431384,-7.59643502689257,0.08
431385,-7.60525378883447,0.08
431386,-7.7011957256194,0.08
431387,-7.65340273947422,0.08
431388,-7.68919870595032,0.08
431389,-7.58830515426142,0.08
431390,-7.66964386180278,0.08
431391,-7.78058222928192,0.08
431392,-7.56418783817373,0.08
431393,-7.49202047054082,0.08
431394,-7.56937247828737,0.08
431395,-7.64023216902316,0.08
431396,-7.50548164014857,0.08
431397,-7.60470782348265,0.08
431398,-7.83341624774118,0.08
431399,-7.73662217851835,0.08
431400,-7.71205678377949,0.08
431401,-7.75002543374398,0.08
431402,-7.72336220253901,0.08
431403,-7.64454367071961,0.08
431404,-7.63191398285786,0.08
431405,-7.63943015957651,0.08
431406,-7.56715541761763,0.08
431407,-7.65466773542448,0.08
431408,-7.65419086237364,0.08
431409,-7.71939309843178,0.08
431410,-7.91911149720774,0.08
431411,-7.79977530475085,0.08
431412,-7.8972072846314,0.08
431413,-7.86698106584915,0.08
431414,-7.76121136833628,0.08
431415,-7.76595113324349,0.08
431416,-7.73830963927215,0.08
431417,-7.77951858713919,0.08
431418,-7.78331878663753,0.08
431419,-7.86336091485244,0.08
431420,-7.66754271335253,0.08
431421,-7.69590078078736,0.08
431422,-7.78080270624389,0.08
431423,-7.89431787362279,0.08
431424,-7.8702536183478,0.08
431425,-8.07662147262472,0.08
431426,-7.93304242421414,0.08
431427,-7.93842942458561,0.08
431428,-7.92956320335725,0.08
431429,-7.86910635458889,0.08
431430,-7.93548977349279,0.08
431431,-8.00877546743616,0.08
431432,-7.89727455226585,0.08
431433,-7.90926160015934,0.08
431434,-7.91730984887267,0.08
431435,-7.87737717214,0.08
431436,-7.9547939729394,0.08
431437,-7.71156790914702,0.08
431438,-7.82917404540945,0.08
431439,-7.91045495289182,0.08
431440,-7.80423119456801,0.08
431441,-7.98294582626696,0.08
431442,-7.87987553140145,0.08
431443,-7.85861191481098,0.08
431444,-7.85858204196456,0.08
431445,-7.76553453315606,0.08
431446,-7.78464211080179,0.08
431447,-7.78240548391316,0.08
431448,-8.04381165610228,0.08
431449,-7.87363266430272,0.08
431450,-7.90737402486819,0.08
431451,-7.91740950358817,0.08
431452,-7.96529862228902,0.08
431453,-8.15233178700756,0.08
431454,-8.13818522187837,0.08
431455,-8.07445004300579,0.08
431456,-8.0007604624002,0.08
431457,-7.95181856393459,0.08
431458,-8.1224181890911,0.08
431459,-8.05175488522102,0.08
431460,-8.24776238073795,0.08
431461,-8.02995472290645,0.08
431462,-8.18195896080724,0.08
431463,-7.98574921851709,0.08
431464,-7.92538296272545,0.08
431465,-7.94959617988721,0.08
431466,-8.09862975639694,0.08
431467,-8.05514713364424,0.08
431468,-7.96674146898235,0.08
431469,-8.01714504158193,0.08
431470,-8.0515657848221,0.08
431471,-8.02887841429506,0.08
431472,-7.85898636076496,0.08
431473,-8.06588138684439,0.08
431474,-7.91869739457117,0.08
431475,-7.97046579730172,0.08
431476,-7.93483096437443,0.08
431477,-8.02384341173993,0.08
431478,-7.90151138496279,0.08
431479,-8.03396665818151,0.08
431480,-8.15829237728938,0.08
431481,-8.23970603174126,0.08
431482,-8.25327983997383,0.08
431483,-8.22025472285851,0.08
431484,-8.24507574114235,0.08
431485,-8.30407052808405,0.08
431486,-8.21167481363906,0.08
431487,-8.0543600442983,0.08
431488,-7.92267014747692,0.08
431489,-7.87349514510182,0.08
431490,-7.87294534259163,0.08
431491,-7.82342732676292,0.08
431492,-7.83522404156562,0.08
431493,-7.88035893045478,0.08
431494,-8.17879308791922,0.08
431495,-7.97170672924736,0.08
431496,-8.01619968410262,0.08
431497,-8.07385478466812,0.08
431498,-8.19833155753486,0.08
431499,-8.13915874968311,0.08
431500,-8.25982766203503,0.08
431501,-8.34612078985722,0.08
431502,-8.28461069784559,0.08
431503,-8.72239585182372,0.08
431504,-8.37538753961805,0.08
431505,-8.09945197992333,0.08
431506,-8.00250560330206,0.08
431507,-7.89177195775805,0.08
431508,-7.98839469158222,0.08
431509,-7.82776721982154,0.08
431510,-7.85571452999698,0.08
431511,-7.85888327978782,0.08
431512,-8.01196903114789,0.08
431513,-8.09512336566169,0.08
431514,-7.74464044728711,0.08
431515,-7.94070394193272,0.08
431516,-7.7818021529126,0.08
431517,-7.78020158014612,0.08
431518,-7.88350654607599,0.08
431519,-7.77434800957266,0.08
431520,-8.06387427020892,0.08
431521,-8.13282145134344,0.08
431522,-8.06359318156862,0.08
431523,-8.13096579674794,0.08
431524,-8.2883675077326,0.08
431525,-8.25030794265343,0.08
431526,-8.16448894799692,0.08
431527,-8.24890810047813,0.08
431528,-8.15232979604713,0.08
431529,-8.04555905727222,0.08
431530,-7.90654037359379,0.08
431531,-8.07440559406559,0.08
431532,-8.0930030510461,0.08
431533,-8.18351067586375,0.08
431534,-8.21429288989493,0.08
431535,-8.20957469360014,0.08
431536,-8.25063770496942,0.08
431537,-8.12699094934478,0.08
431538,-8.14999804951,0.08
431539,-7.91665655376092,0.08
431540,-7.95346460849889,0.08
431541,-7.96964043198599,0.08
431542,-8.08329054341296,0.08
431543,-8.11367272711205,0.08
431544,-8.24541349861663,0.08
431545,-8.20118356261389,0.08
431546,-8.00355674744961,0.08
431547,-8.07234139650112,0.08
431548,-7.97284537913628,0.08
431549,-8.04920694798865,0.08
431550,-8.0628014944081,0.08
431552,-7.85374129260573,0.08
431553,-7.86857263771933,0.08
431554,-7.78181148925252,0.08
431555,-7.89578712651595,0.08
431556,-7.98722128038828,0.08
431557,-7.82340303470465,0.08
431558,-7.77171040586696,0.08
431559,-7.78802370088613,0.08
431560,-7.71236514760156,0.08
431561,-7.81575908737916,0.08
431562,-7.99476781405878,0.08
431563,-8.27258787980847,0.08
431564,-8.19348078527607,0.08
431565,-8.07208400386509,0.08
431566,-8.03827576979123,0.08
431567,-7.96514181495356,0.08
431568,-8.10422237656852,0.08
431569,-8.38209700269919,0.08
431570,-7.88444622966382,0.08
431571,-8.04541906578997,0.08
431572,-7.94739254776298,0.08
431573,-8.00290338011679,0.08
431574,-8.16586102441003,0.08
431575,-8.09728433840649,0.08
431576,-8.04051855685653,0.08
431577,-8.09817882464032,0.08
431578,-8.2875395023385,0.08
431579,-8.19125935567703,0.08
431580,-8.30367752690806,0.08
431581,-8.23192678632599,0.08
431582,-8.12052390031414,0.08
431583,-7.99359026239418,0.08
431584,-7.97932185841431,0.08
431585,-7.91086000858683,0.08
431586,-7.90009675767436,0.08
431587,-7.87952626916313,0.08
431588,-7.96642945321901,0.08
431589,-7.87964959600563,0.08
431590,-8.02372611785069,0.08
431591,-8.14273058213361,0.08
431592,-8.01968441245121,0.08
431593,-8.07686448934541,0.08
431594,-8.02320379360609,0.08
431595,-8.2382935602067,0.08
431596,-8.15727943970463,0.08
431597,-8.14722398049527,0.08
431598,-8.03253573326991,0.08
431599,-7.74919302651347,0.08
431600,-7.84357819605105,0.08
431601,-7.70928464600142,0.08
431602,-7.72260946589916,0.08
431603,-7.84659031997317,0.08
431604,-7.92011275813111,0.08
431605,-8.03850719650719,0.08
431606,-8.23655630249136,0.08
431607,-8.27168648346136,0.08
431608,-8.19038187165229,0.08
431609,-8.02756737782672,0.08
431610,-8.01102482294603,0.08
431611,-8.04848287293711,0.08
431612,-7.82337137886261,0.08
431613,-7.75289616531787,0.08
431614,-7.65472579814582,0.08
431615,-7.61448010452912,0.08
431616,-7.7121030636051,0.08
431617,-7.96415523414749,0.08
431618,-7.9962613182823,0.08
431619,-7.99382120911297,0.08
431620,-8.20944968863119,0.08
431621,-8.07811568240876,0.08
431622,-8.0466423429347,0.08
431623,-8.17756820025802,0.08
431624,-8.22735920626458,0.08
431625,-8.23466018734215,0.08
431626,-8.1399848620177,0.08
431627,-8.18781174977912,0.08
431628,-7.98846793309348,0.08
431629,-7.91185424832054,0.08
431630,-8.11375833987063,0.08
431631,-8.1325022599851,0.08
431632,-8.2104339780888,0.08
431633,-8.10795674166789,0.08
431634,-8.03002875378996,0.08
431635,-7.84929361230248,0.08
431636,-7.82034243458436,0.08
431637,-8.06904968944059,0.08
431638,-8.07368314442787,0.08
431639,-8.011447752438,0.08
431640,-8.04588024944958,0.08
431641,-8.01382064863762,0.08
431642,-8.12960921648704,0.08
431643,-8.03931923849944,0.08
431644,-8.31893935743919,0.08
431645,-8.26876957527608,0.08
431646,-8.41663263290759,0.08
431647,-8.33409104093811,0.08
431648,-8.24935872254384,0.08
431649,-8.06654582705322,0.08
431650,-8.10565367144454,0.08
431651,-8.19387364464573,0.08
431652,-8.22515458808458,0.08
431653,-8.35704013940772,0.08
431654,-8.39406867101133,0.08
431655,-8.4104660729187,0.08
431656,-8.46829953573344,0.08
431657,-8.53477330631953,0.08
431658,-8.58914796210613,0.08
431659,-8.52703236797977,0.08
431660,-8.48587190310481,0.08
431661,-8.50383095625421,0.08
431662,-8.72148879348375,0.08
431663,-8.64523200377539,0.08
431664,-8.88521607388371,0.08
431665,-8.8647928856848,0.08
431666,-8.92643024087169,0.08
431667,-8.91240760187347,0.08
431668,-8.75315363221621,0.08
431669,-8.60795736850777,0.08
431670,-8.71046688458818,0.08
431671,-8.96644739131902,0.08
431672,-8.92453620265476,0.08
431673,-9.12406087090845,0.08
431674,-9.05029368004714,0.08
431675,-9.0320599642201,0.08
431676,-9.06414903824066,0.08
431677,-9.09405949390204,0.08
431678,-9.28605147004495,0.08
431679,-9.27860256271911,0.08
431680,-9.33499756571645,0.08
431681,-9.3209687267062,0.08
431682,-9.27160769097472,0.08
431683,-9.17137889888925,0.08
431684,-8.92588744261321,0.08
431685,-8.95740082925247,0.08
431686,-8.86817961945197,0.08
431687,-8.62986687668292,0.08
431688,-8.45844770745755,0.08
431689,-8.53692454650862,0.08
431690,-8.50303291263017,0.08
431691,-8.37482399792974,0.08
431692,-8.43924030826017,0.08
431693,-8.1352365116144,0.08
431694,-8.25801083162,0.08
431695,-8.42810377132013,0.08
431696,-8.34151170730317,0.08
431697,-8.46942936420242,0.08
431698,-8.60965596646243,0.08
431699,-8.60902955174974,0.08
431700,-8.53525880165796,0.08
431701,-8.62158186846292,0.08
431702,-8.47826643523167,0.08
431703,-8.69221171595494,0.08
431704,-8.56576710354495,0.08
431705,-8.59924752776399,0.08
431706,-8.35178730197869,0.08
431707,-8.52390004860268,0.08
431708,-8.47871623378389,0.08
431709,-8.54453430176356,0.08
431710,-8.49234228434809,0.08
431711,-8.51954637205496,0.08
431712,-8.60046011863492,0.08
431713,-8.60116441391272,0.08
431714,-8.69431529438954,0.08
431715,-8.58283663280314,0.08
431716,-8.65349481490701,0.08
431717,-8.68329027792253,0.08
431718,-8.66607063929848,0.08
431719,-8.78887971932831,0.08
431720,-8.82207836637913,0.08
431721,-8.75388854758367,0.08
431722,-8.73966477322979,0.08
431723,-8.61112806899096,0.08
431724,-8.66029099464376,0.08
431725,-8.63080446718775,0.08
431726,-8.59429147372718,0.08
431727,-8.69125857571593,0.08
431728,-8.55743066545022,0.08
431729,-8.67809728286713,0.08
431730,-8.51132216213417,0.08
431731,-8.49228790653984,0.08
431732,-8.59204768389654,0.08
431733,-8.52073280752101,0.08
431734,-8.55533533532379,0.08
431735,-8.83394034891272,0.08
431736,-8.73145676463985,0.08
431737,-8.78871452874793,0.08
431738,-8.84735337363059,0.08
431739,-8.55579040995205,0.08
431740,-8.78011233666025,0.08
431741,-8.70255912209436,0.08
431742,-8.84016377912269,0.08
431743,-8.83928457345028,0.08
431744,-8.72445928484379,0.08
431745,-8.54143289512906,0.08
431746,-8.26424523440924,0.08
431747,-8.32707836962749,0.08
431748,-8.41443978308072,0.08
431749,-8.38272796723052,0.08
431750,-8.43474356240424,0.08
431751,-8.23702476005707,0.08
431752,-8.42584371513837,0.08
431753,-8.57020274669171,0.08
431754,-8.38435655262289,0.08
431755,-8.46294315910608,0.08
431756,-8.27454182605042,0.08
431757,-8.24026343167514,0.08
431758,-8.19089338474805,0.08
431759,-8.2907006164998,0.08
431760,-8.30534146715501,0.08
431761,-8.4797006708244,0.08
431762,-8.53963819305316,0.08
431763,-8.36672090933288,0.08
431764,-8.41612002109609,0.08
431765,-8.24564665346819,0.08
431766,-8.42865447450218,0.08
431767,-8.45142036722929,0.08
431768,-8.21604241059137,0.08
431769,-8.35220420925594,0.08
431770,-8.16336939246315,0.08
431771,-8.45359748828142,0.08
431772,-8.49469694106156,0.08
431773,-8.5238128116951,0.08
431774,-8.51227417923851,0.08
431775,-8.17691200135748,0.08
431776,-8.09948587077639,0.08
431777,-8.22838111046446,0.08
431778,-8.28502506728607,0.08
431779,-8.44875838525783,0.08
431780,-8.47330018432165,0.08
431781,-8.26248781139041,0.08
431782,-8.76750097713676,0.08
431783,-8.5807259044396,0.08
431784,-8.83001362566457,0.08
431785,-8.60216344627761,0.08
431786,-8.35271928960391,0.08
431787,-8.05846626158658,0.08
431788,-8.25633270258231,0.08
431789,-8.55868465242898,0.08
431790,-8.6733458223772,0.08
431791,-8.81434437789978,0.08
431792,-9.11644657542487,0.08
431793,-9.19573020895351,0.08
431794,-8.9814384843236,0.08
431795,-9.11378575861182,0.08
431796,-8.99634346614925,0.08
431797,-8.67893978554594,0.08
431798,-8.58764146072447,0.08
431799,-8.58715632436433,0.08
431800,-8.61939963843856,0.08
431801,-8.61839237795081,0.08
431802,-8.43029598757833,0.08
431803,-8.57835331057822,0.08
431804,-8.37927737755965,0.08
431805,-8.26215270133145,0.08
431806,-8.42275085058967,0.08
431807,-8.34671486146865,0.08
431808,-8.41575422896884,0.08
431809,-8.5717786781644,0.08
431810,-8.56423167946329,0.08
431811,-8.62217558636198,0.08
431812,-8.72544889995186,0.08
431813,-8.62930966001091,0.08
431814,-8.51674264199653,0.08
431815,-8.38136225248868,0.08
431816,-8.41102949690959,0.08
431817,-8.28624579858847,0.08
431818,-8.32096760212254,0.08
431819,-8.40138729979457,0.08
431820,-8.42983389529977,0.08
431821,-8.6965388752132,0.08
431822,-8.64389427515016,0.08
431823,-8.54519256259271,0.08
431824,-8.55022111434288,0.08
431825,-8.6400101501348,0.08
431826,-8.54532032871119,0.08
431827,-8.65669480420306,0.08
431828,-8.37989761260605,0.08
431829,-8.49018668905096,0.08
431830,-8.54993396148135,0.08
431831,-8.534822496162,0.08
431832,-8.40279870820957,0.08
431833,-8.4231650154203,0.08
431834,-8.38166677085318,0.08
431835,-8.42600661620086,0.08
431836,-8.40271111482819,0.08
431837,-8.45890204007264,0.08
431838,-8.52490894198791,0.08
431839,-8.48049181835848,0.08
431840,-8.56430938824068,0.08
431841,-8.70246414034058,0.08
431842,-8.77365095251181,0.08
431843,-8.8318847287837,0.08
431844,-8.94073703572235,0.08
431845,-8.8780574663071,0.08
431846,-8.83713605875795,0.08
431847,-8.69130432668824,0.08
431848,-8.59607244633588,0.08
431849,-8.68655318519621,0.08
431850,-8.60413417893064,0.08
431851,-8.59656422506121,0.08
431852,-8.71242645226041,0.08
431853,-8.52690284682721,0.08
431854,-8.42319715819935,0.08
431855,-8.46024609770598,0.08
431856,-8.34132739693004,0.08
431857,-8.27512946556667,0.08
431858,-8.32196800330732,0.08
431859,-8.21961297094816,0.08
431860,-8.4446438925015,0.08
431861,-8.47914604382483,0.08
431862,-8.45585077920868,0.08
431863,-8.56299810313241,0.08
431864,-8.55301056194191,0.08
431865,-8.69766416298631,0.08
431866,-8.71121828834588,0.08
431867,-8.77542285039476,0.08
431868,-8.79294330483589,0.08
431869,-8.62174891960971,0.08
431870,-8.68725602603226,0.08
431871,-8.60078756994461,0.08
431872,-8.48897610037361,0.08
431873,-8.53151187284988,0.08
431874,-8.64928083670592,0.08
431875,-8.56994022591772,0.08
431876,-8.41275930322908,0.08
431877,-8.46780209812806,0.08
431878,-8.38796937763683,0.08
431879,-8.42258997341915,0.08
431880,-8.539189939974,0.08
431881,-8.6254905020991,0.08
431882,-8.84702375391535,0.08
431883,-8.77026421618874,0.08
431884,-9.1434017602316,0.08
431885,-8.82300136381147,0.08
431886,-8.658142043021,0.08
431887,-8.46685541491436,0.08
431888,-8.51266503006868,0.08
431889,-8.51055451197396,0.08
431890,-8.562967283339,0.08
431891,-8.63453125877407,0.08
431892,-8.66205499207517,0.08
431893,-8.69729942086539,0.08
431894,-8.75002752161956,0.08
431895,-8.67494488737871,0.08
431896,-8.46908332610702,0.08
431897,-8.54475584795674,0.08
431898,-8.4905946773121,0.08
431899,-8.66327588964722,0.08
431900,-8.49303341049274,0.08
431901,-8.53179850649739,0.08
431902,-8.41005849547776,0.08
431903,-8.59429028609626,0.08
431904,-8.65084384026378,0.08
431905,-8.67719106153358,0.08
431906,-8.51757557503196,0.08
431907,-8.39684613062565,0.08
431908,-8.40479525298674,0.08
431909,-8.39454141336845,0.08
431910,-8.46932336681101,0.08
431911,-8.32522404173885,0.08
431912,-8.34405968102278,0.08
431913,-8.22234644054225,0.08
431914,-8.52986138087338,0.08
431915,-8.39845897951541,0.08
431916,-8.39608623648983,0.08
431917,-8.64789881451333,0.08
431918,-8.93601448340515,0.08
431919,-8.82866220016147,0.08
431920,-8.8074804415774,0.08
431921,-8.79059894621956,0.08
431922,-8.69803204331521,0.08
431923,-8.62814787189645,0.08
431924,-8.70677432255011,0.08
431925,-8.72443144836342,0.08
431926,-8.41849543610583,0.08
431927,-8.41337825302086,0.08
431928,-8.69853394067811,0.08
431929,-8.77989085796555,0.08
431930,-8.97276612166351,0.08
431931,-9.07032429686035,0.08
431932,-9.20321975012488,0.08
431933,-9.04999834365306,0.08
431934,-9.20619151224044,0.08
431935,-9.02226573539398,0.08
431936,-8.9369254288535,0.08
431937,-8.84247844313506,0.08
431938,-8.64310767105665,0.08
431939,-8.52421211673799,0.08
431940,-8.53351780981829,0.08
431941,-8.34551340764306,0.08
431942,-8.26397402778247,0.08
431943,-8.21070961781994,0.08
431944,-8.39009595003738,0.08
431945,-8.39878852784476,0.08
431946,-8.52667165821484,0.08
431947,-8.71305169361747,0.08
431948,-8.56236086474405,0.08
431949,-8.73671182127694,0.08
431950,-8.67817190846266,0.08
431951,-8.51474710379773,0.08
431952,-8.40811127265311,0.08
431953,-8.66288060288975,0.08
431954,-8.74631485228012,0.08
431955,-8.87504917172498,0.08
431956,-8.55281124982223,0.08
431957,-8.46649000350715,0.08
431958,-8.52446230409654,0.08
431959,-8.80040171291438,0.08
431960,-8.79380971917231,0.08
431961,-8.7578746325474,0.08
431962,-8.71880844608167,0.08
431963,-8.75749768594082,0.08
431964,-8.66926296580031,0.08
431965,-8.69637113098254,0.08
431966,-8.78636126536252,0.08
431967,-8.86885082716149,0.08
431968,-8.68236768598547,0.08
431969,-8.48002599546515,0.08
431970,-8.42836014224606,0.08
431971,-8.3263458747571,0.08
431972,-8.24444289039621,0.08
431973,-8.30823244400603,0.08
431974,-8.08454176781005,0.08
431975,-8.18478329844808,0.08
431976,-7.86343005799068,0.08
431977,-7.97340808333717,0.08
431978,-7.95292164120717,0.08
431979,-8.00465470130313,0.08
431980,-8.18873286728424,0.08
431981,-8.34597806321442,0.08
431982,-8.37615610421401,0.08
431983,-8.51829545424635,0.08
431984,-8.48150422571959,0.08
431985,-8.41487169942313,0.08
431986,-8.61658554218806,0.08
431987,-8.4221249682661,0.08
431988,-8.51324308792053,0.08
431989,-8.85902226186648,0.08
431990,-8.8184540202665,0.08
431991,-8.65615330750086,0.08
431992,-8.68420817132972,0.08
431993,-8.7207309526456,0.08
431994,-8.4693779948587,0.08
431995,-8.43035829058741,0.08
431996,-8.68632286328765,0.08
431997,-8.54927369751522,0.08
431998,-8.90303075110827,0.08
431999,-8.81869303413155,0.08
432000,-8.76451372852338,0.08
432001,-9.03181740686568,0.08
432002,-9.12604290210566,0.08
432003,-8.80432981420258,0.08
432004,-8.7065958034125,0.08
432005,-8.64357084365152,0.08
432006,-8.71590649705493,0.08
432007,-8.49912647836783,0.08
432008,-8.4270840710693,0.08
432009,-8.22114556771204,0.08
432010,-7.96847536822992,0.08
432011,-7.83781571497655,0.08
432012,-7.7921866474952,0.08
432013,-7.76520516688285,0.08
432014,-7.93690928912594,0.08
432015,-8.1146390229939,0.08
432016,-8.17877470384426,0.08
432017,-8.18104319034127,0.08
432018,-8.00469907228421,0.08
432019,-7.98564205939885,0.08
432020,-8.12985727772982,0.08
432021,-8.14906842365848,0.08
432022,-8.22107390981131,0.08
432023,-8.00492356692191,0.08
432024,-7.94228423444509,0.08
432025,-7.98305342331281,0.08
432026,-7.91417547880324,0.08
432027,-7.96862677534297,0.08
432028,-7.822474527028,0.08
432029,-7.86013800236617,0.08
432030,-7.88635802461885,0.08
432031,-8.11921385742751,0.08
432032,-8.20794635768198,0.08
432033,-8.3811308306198,0.08
432034,-8.53768193256811,0.08
432035,-8.3698707485941,0.08
432036,-8.13952451100759,0.08
432037,-8.05342227372098,0.08
432038,-7.9652481083789,0.08
432039,-8.01636595054404,0.08
432040,-8.13807642651605,0.08
432041,-8.32142017135567,0.08
432042,-8.38241551970649,0.08
432043,-8.24944768779235,0.08
432044,-8.2982850117935,0.08
432045,-8.23136677598589,0.08
432046,-8.15640570673914,0.08
432047,-8.01625719183627,0.08
432048,-8.12935594451771,0.08
432049,-8.09949605578834,0.08
432050,-8.18351393019278,0.08
432051,-8.21373853374873,0.08
432052,-8.12154993434663,0.08
432053,-8.07831613957877,0.08
432054,-8.09812958080249,0.08
432055,-8.14572463746306,0.08
432056,-8.09192588206753,0.08
432057,-8.1162161356637,0.08
432058,-8.22980836991432,0.08
432059,-8.14784144320679,0.08
432060,-8.16277920748403,0.08
432061,-8.1823028632486,0.08
432062,-8.20194327957819,0.08
432063,-8.19309173340281,0.08
432064,-8.24398179983941,0.08
432065,-8.33932947958609,0.08
432068,-8.12989115505868,0.08
432069,-7.99768119260137,0.08
432070,-7.95255296686089,0.08
432071,-8.03446983551233,0.08
432072,-8.19757051311847,0.08
432073,-7.99264425267743,0.08
432074,-8.47254446654775,0.08
432075,-8.31667798368979,0.08
432076,-8.37135541387348,0.08
432077,-8.55727551567734,0.08
432078,-8.46471520004453,0.08
432079,-8.45326496194333,0.08
432080,-8.41402801896229,0.08
432081,-8.43635291307482,0.08
432082,-8.69380987880506,0.08
432083,-8.72652900122453,0.08
432084,-8.46943911995575,0.08
432085,-8.32384579717414,0.08
432086,-8.25377626169202,0.08
432087,-8.13498331349414,0.08
432088,-8.32628053057555,0.08
432089,-8.33038840709569,0.08
432090,-8.19124949380456,0.08
432091,-8.51172823216041,0.08
432092,-8.65350501057346,0.08
432093,-8.63808839703633,0.08
432094,-9.10625346691749,0.08
432095,-8.97949921380164,0.08
432096,-9.93782287180504,0.08
432097,-8.86958937843691,0.08
432099,-8.64468684590375,0.08
432100,-8.90323449924022,0.08
432101,-9.53507365923552,0.08
432102,-9.93485137364022,0.08
432103,-8.78180992476983,0.08
432104,-8.78328838943596,0.08
432105,-9.18238190984258,0.08
432106,-8.81780025844299,0.08
432107,-8.90714494202318,0.08
432108,-8.77502442873036,0.08
432109,-8.86291621623883,0.08
432110,-8.67244907212255,0.08
432111,-8.66908668816138,0.08
432112,-8.57264191592133,0.08
432113,-8.44759740883218,0.08
432114,-8.37662605112952,0.08
432115,-8.05149377106324,0.08
432116,-7.86305912953948,0.08
432117,-7.96055141555293,0.08
432118,-8.15320949125826,0.08
432119,-7.9867855342562,0.08
432121,-8.25608329180858,0.08
432123,-8.12578759829471,0.08
432124,-8.04110024797826,0.08
432125,-7.88847505309495,0.08
432126,-8.00040868069946,0.08
432127,-8.10713377036516,0.08
432128,-8.21216025016094,0.08
432129,-8.26072966745661,0.08
432130,-8.27762642950943,0.08
432131,-8.1755097567363,0.08
432132,-8.13314637723003,0.08
432133,-8.12781557043493,0.08
432134,-8.00809833041096,0.08
432135,-8.22131866145389,0.08
432136,-7.97763505541085,0.08
432137,-8.11210756577896,0.08
432138,-8.17208581309777,0.08
432139,-8.13542212532591,0.08
432140,-8.16874735105434,0.08
432141,-8.29592524396987,0.08
432142,-8.30683929309193,0.08
432143,-8.14703226954336,0.08
432144,-8.21266197015437,0.08
432145,-8.10535877682124,0.08
432146,-8.2706532295642,0.08
432147,-8.30255974234888,0.08
432148,-8.19824424150377,0.08
432149,-8.06560564329253,0.08
432150,-8.06914287183916,0.08
432151,-8.01788671091903,0.08
432152,-7.87505282638278,0.08
432153,-7.80721218948146,0.08
432154,-7.84505070952185,0.08
432155,-7.96338100893932,0.08
432156,-7.99948009090234,0.08
432157,-7.96436150633503,0.08
432158,-8.01979276283621,0.08
432159,-8.10304844052201,0.08
432160,-8.26010749551689,0.08
432161,-8.04866161495345,0.08
432162,-7.97149298467298,0.08
432163,-7.94286446658378,0.08
432164,-7.91525948169185,0.08
432165,-7.97990498405789,0.08
432166,-7.81452948135023,0.08
432167,-8.0171907700257,0.08
432168,-7.99658346297616,0.08
432169,-8.14784002706806,0.08
432170,-8.19856022842467,0.08
432171,-8.14976285349429,0.08
432172,-8.1409081264727,0.08
432173,-8.07238385132759,0.08
432174,-8.1375659702945,0.08
432175,-8.17579802593911,0.08
432176,-8.34956207746855,0.08
432177,-8.21398973068744,0.08
432178,-8.48509644360118,0.08
432179,-8.58140380706642,0.08
432180,-8.58057279854646,0.08
432181,-8.3155596033382,0.08
432182,-8.55075033500045,0.08
432183,-8.31590732938709,0.08
432184,-8.31613639996374,0.08
432185,-8.14996068579163,0.08
432186,-8.24702779430724,0.08
432187,-8.35015702014584,0.08
432188,-8.18702582464381,0.08
432189,-8.27298946372117,0.08
432190,-8.14325307079454,0.08
432191,-8.09183633100107,0.08
432192,-8.17320694174157,0.08
432193,-8.20067227484917,0.08
432194,-8.16639421484983,0.08
432195,-8.09521084960857,0.08
432196,-7.96494162190771,0.08
432197,-8.15537658889572,0.08
432198,-7.97880230641718,0.08
432199,-7.97663111106096,0.08
432200,-7.94733390070122,0.08
432201,-7.97465095863488,0.08
432202,-7.99757167905291,0.08
432203,-8.09925581137555,0.08
432204,-8.45121871329941,0.08
432205,-8.1449864924259,0.08
432206,-8.18802079495241,0.08
432207,-8.27224564329525,0.08
432208,-8.1321353810272,0.08
432209,-8.47130986589632,0.08
432210,-8.38668829970722,0.08
432211,-8.32064320542713,0.08
432212,-8.43593558520586,0.08
432213,-8.17848361213419,0.08
432214,-8.17061737393995,0.08
432215,-7.99887092581737,0.08
432216,-8.10052709747255,0.08
432217,-8.29161332676091,0.08
432218,-8.44387321000102,0.08
432219,-8.31514665283932,0.08
432220,-8.19604660410275,0.08
432221,-8.10615503992866,0.08
432222,-7.92023435490791,0.08
432223,-7.98187939607922,0.08
432224,-7.96157842826616,0.08
432225,-8.05865250102732,0.08
432226,-8.04420101137558,0.08
432227,-8.0340866308845,0.08
432228,-8.16872834654977,0.08
432229,-8.15997838090713,0.08
432230,-8.16311082127823,0.08
432231,-8.01142933533029,0.08
432232,-8.00370843162927,0.08
432233,-7.86908503435932,0.08
432234,-7.95852824557123,0.08
432235,-8.15908708940349,0.08
432236,-8.18659949262008,0.08
432237,-8.10128891527205,0.08
432238,-8.04993653946633,0.08
432239,-8.06951500429711,0.08
432240,-8.1261079390131,0.08
432241,-7.91636276402961,0.08
432242,-8.04477532231228,0.08
432243,-8.22256067481625,0.08
432244,-8.02225543798949,0.08
432245,-7.96169112988446,0.08
432246,-8.09824777499357,0.08
432247,-8.11356999358111,0.08
432248,-8.16235099665037,0.08
432249,-8.17234858158769,0.08
432250,-8.24362762130971,0.08
432251,-8.09926061735708,0.08
432252,-8.16975705732479,0.08
432253,-8.18755199719272,0.08
432254,-8.09749628893464,0.08
432255,-8.24884691188433,0.08
432256,-8.09253557373279,0.08
432257,-8.0843580595151,0.08
432258,-8.27439881572023,0.08
432259,-8.1758397070952,0.08
432260,-8.18410677954377,0.08
432261,-8.29027617238468,0.08
432262,-8.22032795189019,0.08
432263,-8.28764239945727,0.08
432264,-8.27478127746122,0.08
432265,-8.26585315544685,0.08
432266,-8.23018638906016,0.08
432267,-8.08487843594453,0.08
432268,-8.06526577277859,0.08
432269,-8.21164313260754,0.08
432270,-8.21456935305104,0.08
432271,-8.26506223538099,0.08
432272,-8.38860502715859,0.08
432273,-8.36226079030708,0.08
432274,-8.39744634939002,0.08
432275,-8.3905021756418,0.08
432276,-8.28239575555866,0.08
432277,-8.1651737654459,0.08
432278,-8.3723382451817,0.08
432279,-8.22259321270331,0.08
432280,-8.37731381075637,0.08
432281,-8.23934281728839,0.08
432282,-8.35558818460261,0.08
432283,-8.16085316412786,0.08
432284,-8.12428763080148,0.08
432285,-8.09287021304882,0.08
432286,-8.06621360635059,0.08
432287,-7.87062383455199,0.08
432288,-7.97642075673646,0.08
432289,-8.07862933240403,0.08
432290,-8.01118796381749,0.08
432291,-8.08054808926609,0.08
432292,-8.123337906419,0.08
432293,-8.01527335778549,0.08
432294,-8.09804080792932,0.08
432295,-8.14190223156635,0.08
432296,-8.17054160102235,0.08
432297,-8.33230411403651,0.08
432298,-8.15810315347431,0.08
432299,-8.10139768663197,0.08
432300,-7.99172529651552,0.08
432301,-8.09571581192833,0.08
432302,-8.03969258342934,0.08
432303,-8.14620993670165,0.08
432304,-8.2513268782666,0.08
432305,-8.22319089490738,0.08
432306,-8.23063346527614,0.08
432307,-8.21013703291299,0.08
432308,-8.23493378333905,0.08
432309,-8.17583348814631,0.08
432310,-8.07672373544458,0.08
432311,-8.12929919372453,0.08
432312,-8.02286424284606,0.08
432313,-7.98369841507062,0.08
432314,-7.84866322866039,0.08
432315,-7.94176361797928,0.08
432316,-7.81529304946999,0.08
432317,-7.84030536747262,0.08
432318,-7.76490461440057,0.08
432319,-7.83789300059965,0.08
432320,-7.8760000840955,0.08
432321,-7.9377568912668,0.08
432322,-7.86502479122995,0.08
432323,-8.00316255978706,0.08
432324,-8.07637897636019,0.08
432325,-8.01243192303205,0.08
432326,-8.13147708433084,0.08
432327,-8.01751119740839,0.08
432329,-8.13874813590195,0.08
432330,-8.24473478846904,0.08
432331,-8.42667000434819,0.08
432332,-8.39851790625741,0.08
432333,-8.4089807100027,0.08
432334,-8.64137808930941,0.08
432335,-8.44279206854947,0.08
432336,-8.58875267259262,0.08
432337,-8.5795564718903,0.08
432338,-8.69254636824855,0.08
432339,-8.54308443723889,0.08
432340,-8.39018655532601,0.08
432341,-8.44245453566704,0.08
432342,-8.40849021569115,0.08
432343,-8.45513538278884,0.08
432344,-8.28583261621335,0.08
432345,-8.15912335368786,0.08
432346,-8.217581509684,0.08
432347,-8.38409908496508,0.08
432348,-8.18865007991549,0.08
432349,-8.33020567099509,0.08
432350,-8.23205949968356,0.08
432351,-8.25415405106725,0.08
432352,-8.45909800709892,0.08
432353,-8.32251267049852,0.08
432354,-8.23300895594867,0.08
432355,-8.30955482936908,0.08
432356,-8.407302255861,0.08
432357,-8.30790092545802,0.08
432358,-8.40211041690038,0.08
432359,-8.42330520233843,0.08
432360,-8.66809786797054,0.08
432361,-8.73752057552386,0.08
432362,-9.11037733557194,0.08
432363,-8.98259652018582,0.08
432364,-8.90523054287855,0.08
432365,-8.71561279969383,0.08
432366,-8.78705477084106,0.08
432367,-8.79350582577225,0.08
432368,-8.59606640277514,0.08
432369,-8.45924970560745,0.08
432370,-8.50317196581736,0.08
432371,-8.56730036765249,0.08
432372,-8.42844052972265,0.08
432373,-8.42598680078235,0.08
432374,-8.43146557070691,0.08
432375,-8.43862644670723,0.08
432376,-8.521342943611,0.08
432377,-8.45989968490693,0.08
432378,-8.51531773361397,0.08
432379,-8.27400985047561,0.08
432380,-8.15658066482564,0.08
432381,-8.2110390474151,0.08
432382,-8.39429580817955,0.08
432383,-8.24919970953899,0.08
432384,-8.25848339426768,0.08
432385,-8.40849309150755,0.08
432386,-8.59672431325433,0.08
432387,-8.71703363685413,0.08
432388,-8.61913117227754,0.08
432389,-8.50795077426481,0.08
432390,-8.32137850355096,0.08
432391,-8.65432917465968,0.08
432392,-8.34604956998368,0.08
432393,-8.25453568145785,0.08
432394,-8.32027775498153,0.08
432395,-8.3440146684083,0.08
432396,-8.15909787919316,0.08
432397,-8.16155904369072,0.08
432398,-8.05401791762239,0.08
432399,-8.20918697233649,0.08
432400,-8.28139713562386,0.08
432401,-8.22686125482311,0.08
432402,-8.36933895286766,0.08
432403,-8.40149872795804,0.08
432404,-8.35488467503196,0.08
432405,-8.36191326142853,0.08
432406,-8.27762262221792,0.08
432407,-8.36070580020794,0.08
432408,-8.41844171963101,0.08
432409,-8.33803364945631,0.08
432410,-8.45127003387758,0.08
432411,-8.25434481019476,0.08
432412,-8.28554506605512,0.08
432413,-8.26750844766862,0.08
432414,-8.15065422653759,0.08
432415,-8.10290605543849,0.08
432416,-8.21673823675747,0.08
432417,-8.13685502772283,0.08
432418,-8.17325114496722,0.08
432419,-8.27135820650323,0.08
432420,-8.14418665478938,0.08
432421,-8.11450915730984,0.08
432422,-8.24606291230947,0.08
432423,-8.42485301733498,0.08
432424,-8.24849269442497,0.08
432425,-8.72209431333687,0.08
432426,-8.39959677367479,0.08
432427,-9.38075498683427,0.08
432428,-9.63029008550924,0.08
432429,-8.84056283887765,0.08
432430,-8.52844577324414,0.08
432431,-8.63757201756249,0.08
432432,-8.56810174235623,0.08
432433,-8.49789154388758,0.08
432434,-8.49401024816357,0.08
432435,-8.61977265182937,0.08
432436,-8.49388281418741,0.08
432437,-8.53972959040555,0.08
432438,-8.75546903501187,0.08
432439,-8.30870102708506,0.08
432440,-8.34828871811703,0.08
432441,-8.49496372295545,0.08
432442,-8.15565349434169,0.08
432443,-8.4922334750739,0.08
432444,-8.47457059583409,0.08
432445,-8.56517081539802,0.08
432446,-8.52349318067152,0.08
432447,-8.61159262580205,0.08
432448,-8.38957049283274,0.08
432449,-8.40772084777922,0.08
432450,-8.34274523910681,0.08
432451,-8.63380135237238,0.08
432452,-8.59025948402405,0.08
432453,-8.61428096957835,0.08
432454,-8.77198211144099,0.08
432455,-8.77331700663774,0.08
432456,-8.66026178361306,0.08
432457,-8.65015954343271,0.08
432458,-8.61977899010872,0.08
432459,-8.65868026112447,0.08
432460,-8.57259183365798,0.08
432461,-8.4496070387347,0.08
432462,-8.56811409679358,0.08
432463,-8.50091820031855,0.08
432464,-8.50765854915922,0.08
432465,-8.57705293469412,0.08
432466,-8.75595824548564,0.08
432467,-8.6619514182919,0.08
432468,-8.7687976595093,0.08
432469,-8.76416817158231,0.08
432470,-8.86273156372386,0.08
432471,-8.86807959623887,0.08
432472,-8.83526471384741,0.08
432473,-8.676474198382,0.08
432474,-8.67854107002187,0.08
432475,-8.57431745423112,0.08
432476,-8.57147065760474,0.08
432477,-8.47614240845619,0.08
432478,-8.56336884369831,0.08
432479,-8.28748005727754,0.08
432480,-8.35444954912924,0.08
432481,-8.25506127461024,0.08
432482,-8.3909776263909,0.08
432483,-8.43924365485037,0.08
432484,-8.53180507475984,0.08
432485,-8.65947268555518,0.08
432486,-8.55884158750508,0.08
432487,-8.62478641746731,0.08
432488,-8.59686247671078,0.08
432489,-8.45383106803315,0.08
432490,-8.39097478457091,0.08
432491,-8.44947202510702,0.08
432492,-8.26679543485025,0.08
432493,-8.33070665483583,0.08
432494,-8.53237123705833,0.08
432495,-8.22817313412883,0.08
432496,-8.45073997841626,0.08
432497,-8.45412928929604,0.08
432498,-8.21882093066052,0.08
432499,-8.28429316358226,0.08
432500,-8.2696849503634,0.08
432501,-8.28503683658803,0.08
432502,-8.19559435505631,0.08
432503,-8.33144275151941,0.08
432504,-8.20751824755115,0.08
432505,-8.19873244086909,0.08
432506,-8.12376752402074,0.08
432507,-8.20024237913527,0.08
432508,-8.24147162369388,0.08
432509,-8.25760416573813,0.08
432510,-8.22106246000243,0.08
432511,-8.20092171191548,0.08
432512,-8.44239163120792,0.08
432513,-8.31235468435517,0.08
432514,-8.30650834285261,0.08
432515,-8.38227441685358,0.08
432516,-8.40277850529439,0.08
432517,-8.64208618159417,0.08
432518,-8.53183209098729,0.08
432519,-8.38862501810394,0.08
432520,-8.32994879883035,0.08
432521,-8.42636189829088,0.08
432522,-8.48330317509478,0.08
432523,-8.63186066540789,0.08
432524,-8.43121650130156,0.08
432525,-8.17505943967591,0.08
432526,-8.58201694241038,0.08
432527,-8.48962237862625,0.08
432528,-8.45049563416707,0.08
432529,-8.67403682668676,0.08
432530,-8.61781072003573,0.08
432531,-8.65362215463071,0.08
432532,-8.67000085587741,0.08
432533,-8.51435380632671,0.08
432534,-8.54121624090942,0.08
432535,-8.32678140454953,0.08
432536,-8.36718271781019,0.08
432537,-8.33531815014117,0.08
432538,-8.42592198818877,0.08
432539,-8.34899485025324,0.08
432540,-8.25048563899157,0.08
432541,-8.24928007153455,0.08
432542,-8.26016352933432,0.08
432543,-8.39372449524046,0.08
432544,-8.36098577738413,0.08
432545,-8.24103002328857,0.08
432546,-8.2791123729189,0.08
432547,-8.36612132749143,0.08
432548,-8.16034763768298,0.08
432549,-8.33077243547454,0.08
432550,-8.2834716450026,0.08
432551,-8.42984398729171,0.08
432552,-8.39206231927697,0.08
432553,-8.55953705880449,0.08
432554,-8.53782584222395,0.08
432555,-8.43136283102786,0.08
432556,-8.38066171301011,0.08
432557,-8.26412159405574,0.08
432558,-7.9707301349137,0.08
432559,-8.09996851528971,0.08
432560,-8.15836287158646,0.08
432561,-8.10342369299774,0.08
432562,-8.0750847759898,0.08
432563,-8.2259937549692,0.08
432564,-8.16330084807789,0.08
432565,-8.41654892612803,0.08
432566,-8.22447657917133,0.08
432567,-7.89735791370553,0.08
432568,-7.91190808796911,0.08
432569,-8.29418663282699,0.08
432570,-8.62443865297748,0.08
432571,-8.50864223366815,0.08
432572,-8.69616817899261,0.08
432573,-8.41547427489522,0.08
432574,-8.39693572689588,0.08
432575,-8.43895741035029,0.08
432576,-8.4594221691974,0.08
432577,-8.69121727036824,0.08
432578,-8.72116216907695,0.08
432579,-8.46673951298126,0.08
432580,-8.37259268208734,0.08
432581,-8.3983455498663,0.08
432582,-8.44023890652975,0.08
432583,-8.35363274649655,0.08
432584,-8.40554829593029,0.08
432585,-8.51800308474205,0.08
432586,-8.35977717856011,0.08
432587,-8.35590798493865,0.08
432588,-8.38573672827562,0.08
432589,-8.56334719972917,0.08
432590,-8.35848025075983,0.08
432591,-8.24001171126551,0.08
432592,-8.3550342378407,0.08
432593,-8.39263806380063,0.08
432594,-8.46684681147202,0.08
432595,-8.45500539843678,0.08
432596,-8.3644015730933,0.08
432597,-8.0634671428372,0.08
432598,-8.06700495017734,0.08
432599,-8.06787491181901,0.08
432600,-8.08877004192416,0.08
432601,-8.15458463922338,0.08
432602,-8.22072495367561,0.08
432603,-8.24958652539284,0.08
432604,-8.20888527941456,0.08
432605,-8.32154740220319,0.08
432606,-8.29409829784211,0.08
432607,-8.21147717889417,0.08
432608,-8.41947025576801,0.08
432609,-8.17936716574216,0.08
432610,-8.2405469177509,0.08
432611,-8.1168862476711,0.08
432612,-8.15263825135026,0.08
432613,-8.30515047708353,0.08
473540,-8.85,0.15
473541,-8.33,0.15
473542,-7.69,0.15
473543,-7.5,0.15
473544,-7.19,0.15
473545,-7.05,0.15
473546,-6.95,0.15
473547,-7.02,0.15
473548,-6.97,0.15
473549,-7.07,0.15
473550,-7.06,0.15
473551,-7.1,0.15
473552,-7.04,0.15
473553,-6.95,0.15
473554,-7.14,0.15
473555,-7.01,0.15
473556,-6.98,0.15
473557,-6.97,0.15
473558,-6.89,0.15
473559,-6.96,0.15
473560,-6.83,0.15
473561,-6.82,0.15
473562,-6.82,0.15
473563,-6.77,0.15
473564,-6.76,0.15
473565,-6.68,0.15
473566,-6.61,0.15
473567,-6.67,0.15
473568,-6.59,0.15
473569,-6.62,0.15
473570,-6.51,0.15
473571,-6.32,0.15
473572,-6.36,0.15
473573,-6.18,0.15
473574,-6.11,0.15
473575,-5.81,0.15
473576,-5.85,0.15
473577,-6.16,0.15
473578,-6.64,0.15
473579,-6.77,0.15
473580,-7.03,0.15
473581,-7.25,0.15
473582,-7.19,0.15
473583,-7.35,0.15
473584,-7.24,0.15
473585,-7.24,0.15
473586,-7.31,0.15
473587,-7.42,0.15
473588,-7.66,0.15
473589,-7.55,0.15
473590,-7.58,0.15
473591,-7.77,0.15
473592,-7.87,0.15
473593,-8.05,0.15
473594,-8.75,0.15
473595,-8.67,0.15
473596,-9.06,0.15
473597,-9.12,0.15
473598,-9.1,0.15
473599,-9.41,0.15
473600,-9.46,0.15
473601,-9.73,0.15
473602,-9.65,0.15
473603,-9.69,0.15
473604,-9.94,0.15
473605,-9.77,0.15
473606,-9.84,0.15
473607,-9.95,0.15
473608,-10.06,0.15
473609,-9.89,0.15
473610,-9.77,0.15
473611,-9.97,0.15
473612,-9.99,0.15
473613,-9.93,0.15
473614,-9.94,0.15
473615,-9.96,0.15
473616,-10.04,0.15
473617,-10.01,0.15
473618,-10.02,0.15
473619,-10.06,0.15
473620,-10.13,0.15
473621,-10.14,0.15
473622,-10.14,0.15
473623,-10.2,0.15
473624,-10.27,0.15
473625,-9.9,0.15
473626,-10.23,0.15
473627,-10.33,0.15
473628,-10.4,0.15
473629,-10.43,0.15
473630,-10.33,0.15
473631,-10.37,0.15
473632,-10.42,0.15
473633,-10.52,0.15
473634,-10.57,0.15
473635,-10.39,0.15
473636,-10.5,0.15
473637,-10.53,0.15
473638,-10.64,0.15
473639,-10.68,0.15
473640,-10.54,0.15
473641,-10.71,0.15
473642,-10.64,0.15
473643,-10.58,0.15
473644,-10.52,0.15
473645,-10.61,0.15
473646,-10.59,0.15
473647,-10.56,0.15
473648,-10.47,0.15
473649,-10.6,0.15
473650,-10.59,0.15
473651,-10.38,0.15
473652,-10.4,0.15
473653,-10.52,0.15
473654,-10.37,0.15
473655,-10.14,0.15
473656,-10.5,0.15
473657,-10.26,0.15
473658,-10.5,0.15
473659,-10.53,0.15
473660,-10.4,0.15
473661,-10.42,0.15
473662,-10.45,0.15
473663,-10.27,0.15
473664,-10.49,0.15
473665,-10.58,0.15
473666,-10.55,0.15
473667,-10.54,0.15
473668,-10.57,0.15
473669,-10.14,0.15
473670,-10.25,0.15
473671,-10.24,0.15
473672,-10.38,0.15
473673,-10.37,0.15
473674,-10.32,0.15
473675,-10.33,0.15
473676,-10.29,0.15
473677,-10.38,0.15
473678,-10.45,0.15
473679,-10.54,0.15
473680,-10.2,0.15
473681,-10.24,0.15
473682,-10.04,0.15
473683,-10.03,0.15
473684,-10.16,0.15
473685,-10,0.15
473686,-10.07,0.15
473687,-10.1,0.15
473688,-10.09,0.15
473689,-10.1,0.15
473690,-10.13,0.15
473691,-10.19,0.15
473692,-10.31,0.15
473693,-10.22,0.15
473694,-10.1,0.15
473695,-10.19,0.15
473696,-10.17,0.15
473697,-10.05,0.15
473698,-10.17,0.15
473699,-10.08,0.15
473700,-10.17,0.15
473701,-9.96,0.15
473702,-9.94,0.15
473703,-9.99,0.15
473704,-10.02,0.15
473705,-10.22,0.15
473706,-10.08,0.15
473707,-10.16,0.15
473708,-10.16,0.15
473709,-9.92,0.15
473710,-10.04,0.15
473711,-9.96,0.15
473712,-9.92,0.15
473713,-9.79,0.15
473714,-10.01,0.15
473715,-9.75,0.15
473716,-9.81,0.15
473717,-9.77,0.15
473718,-9.82,0.15
473719,-9.84,0.15
473720,-9.9,0.15
473721,-9.79,0.15
473722,-9.77,0.15
473723,-9.8,0.15
473724,-9.81,0.15
473725,-9.49,0.15
473726,-9.55,0.15
473727,-9.44,0.15
473728,-9.3,0.15
473729,-9.43,0.15
473730,-9.51,0.15
473731,-9.04,0.15
473732,-9,0.15
473733,-8.87,0.15
473734,-8.96,0.15
473735,-8.73,0.15
473736,-8.75,0.15
473737,-8.74,0.15
473738,-8.57,0.15
473739,-8.55,0.15
473740,-8.63,0.15
473741,-8.43,0.15
473742,-8.23,0.15
473743,-7.81,0.15
473744,-7.29,0.15
473745,-7.17,0.15
473746,-7.35,0.15
473747,-7.33,0.15
473748,-7.16,0.15
473749,-7.25,0.15
473750,-7.22,0.15
473751,-7.47,0.15
473752,-7.33,0.15
473753,-7.52,0.15
473754,-7.52,0.15
473755,-7.58,0.15
473756,-7.63,0.15
473757,-7.58,0.15
473758,-7.61,0.15
473759,-7.62,0.15
473760,-7.85,0.15
473761,-7.79,0.15
473762,-7.71,0.15
473763,-7.71,0.15
473764,-7.62,0.15
473765,-7.56,0.15
473766,-7.57,0.15
473767,-7.6,0.15
473768,-7.62,0.15
473769,-7.6,0.15
473770,-7.61,0.15
473771,-7.58,0.15
473772,-7.61,0.15
473773,-7.61,0.15
473774,-7.65,0.15
473775,-7.58,0.15
473776,-7.71,0.15
473777,-7.95,0.15
473778,-8.12,0.15
473779,-8,0.15
473780,-8.16,0.15
473781,-8.25,0.15
473782,-8.35,0.15
473783,-8.38,0.15
473784,-8.59,0.15
473785,-8.66,0.15
473786,-8.86,0.15
473787,-8.73,0.15
473788,-9.02,0.15
473789,-9.1,0.15
473790,-9.24,0.15
473791,-9.18,0.15
473792,-9.35,0.15
473793,-9.26,0.15
473794,-9.1,0.15
473795,-9.2,0.15
473796,-9.15,0.15
473797,-9.11,0.15
473798,-9.05,0.15
473799,-9,0.15
473800,-8.88,0.15
473801,-8.84,0.15
473802,-8.65,0.15
473803,-8.59,0.15
473804,-8.64,0.15
473805,-8.63,0.15
473806,-8.52,0.15
473807,-8.35,0.15
473808,-8.08,0.15
473809,-8.18,0.15
473810,-8.11,0.15
473811,-8.09,0.15
473812,-7.95,0.15
473813,-8.05,0.15
473814,-7.79,0.15
473815,-7.56,0.15
473816,-7.3,0.15
473817,-6.19,0.15
473818,-6.9,0.15
473819,-6.34,0.15
473820,-6.71,0.15
473821,-6.89,0.15
473822,-7,0.15
473823,-6.98,0.15
473824,-6.87,0.15
473825,-6.88,0.15
473826,-6.9,0.15
473827,-7.07,0.15
473828,-7.21,0.15
473829,-7.11,0.15
473830,-7.05,0.15
473831,-7.13,0.15
473832,-7.12,0.15
473833,-7.23,0.15
473834,-7.25,0.15
473835,-7.43,0.15
473836,-7.27,0.15
473837,-7.36,0.15
473838,-7.57,0.15
473839,-7.71,0.15
473840,-7.81,0.15
473841,-7.89,0.15
473842,-7.65,0.15
473843,-8.33,0.15
473844,-8.13,0.15
473845,-8.46,0.15
473846,-8.47,0.15
473847,-8.73,0.15
473848,-8.6,0.15
473849,-8.71,0.15
473850,-8.43,0.15
473851,-8.31,0.15
473852,-8.25,0.15
473853,-8.29,0.15
473854,-8.26,0.15
473855,-8.07,0.15
473856,-7.98,0.15
473857,-8.28,0.15
473858,-7.82,0.15
473859,-8.18,0.15
473860,-7.75,0.15
473861,-7.58,0.15
473862,-7.26,0.15
473863,-7.45,0.15
473864,-7.04,0.15
473865,-7.03,0.15
473866,-7.23,0.15
473867,-7.24,0.15
473868,-7.57,0.15
473869,-7.65,0.15
473870,-7.85,0.15
473871,-7.83,0.15
473872,-7.93,0.15
473873,-7.91,0.15
473874,-8.12,0.15
473875,-8.07,0.15
473876,-8.11,0.15
473877,-8.09,0.15
473878,-8.09,0.15
473879,-8.03,0.15
473880,-8.13,0.15
473881,-8.17,0.15
473882,-8.27,0.15
473883,-8.16,0.15
473884,-8.24,0.15
473885,-8.23,0.15
473886,-8.18,0.15
473887,-8.13,0.15
473888,-8.12,0.15
473889,-8.01,0.15
473890,-8.21,0.15
473891,-8.26,0.15
473892,-8.29,0.15
473893,-8.25,0.15
473894,-8.14,0.15
473895,-8.49,0.15
473896,-8.58,0.15
473897,-8.65,0.15
473898,-8.72,0.15
473899,-8.58,0.15
473900,-8.32,0.15
473901,-8.55,0.15
473902,-8.62,0.15
473903,-8.52,0.15
473904,-8.61,0.15
473905,-8.56,0.15
473906,-8.55,0.15
473907,-8.44,0.15
473908,-8.36,0.15
473909,-8.36,0.15
473910,-8.25,0.15
473911,-8.47,0.15
473912,-8.53,0.15
473913,-8.55,0.15
473914,-8.76,0.15
473915,-8.93,0.15
473916,-8.82,0.15
473917,-8.89,0.15
473918,-8.93,0.15
473919,-8.89,0.15
473920,-8.8,0.15
473921,-8.7,0.15
473922,-8.97,0.15
473923,-9.15,0.15
473924,-9.1,0.15
473925,-8.35,0.15
473926,-9.45,0.15
473927,-9.38,0.15
473928,-9.38,0.15
473929,-9.44,0.15
473930,-9.41,0.15
473931,-9.47,0.15
473932,-9.55,0.15
473933,-9.26,0.15
473934,-9.53,0.15
473935,-9.64,0.15
473936,-9.5,0.15
473937,-9.37,0.15
473938,-9.36,0.15
473939,-9.39,0.15
473940,-9.48,0.15
473941,-9.52,0.15
473942,-9.32,0.15
473943,-9.48,0.15
473944,-9.24,0.15
473945,-9.4,0.15
473946,-9.44,0.15
473947,-9.4,0.15
473948,-9.49,0.15
473949,-9.59,0.15
473950,-9.74,0.15
473951,-9.69,0.15
473952,-9.6,0.15
473953,-9.6,0.15
473954,-9.64,0.15
473955,-9.27,0.15
473956,-9.51,0.15
473957,-9.43,0.15
473958,-9.58,0.15
473959,-9.55,0.15
473960,-9.39,0.15
473961,-9.45,0.15
473962,-9.28,0.15
473963,-9.25,0.15
473964,-9.16,0.15
473965,-9.22,0.15
473966,-8.9,0.15
473967,-8.79,0.15
473968,-8.82,0.15
473969,-8.56,0.15
473970,-8.75,0.15
473971,-8.94,0.15
473972,-8.88,0.15
473973,-9.35,0.15
473974,-9.47,0.15
473975,-9.79,0.15
473976,-9.71,0.15
473977,-9.71,0.15
473978,-9.63,0.15
473979,-9.24,0.15
473980,-9.62,0.15
473981,-9.66,0.15
473982,-9.59,0.15
473983,-9.79,0.15
473984,-8.81,0.15
473985,-9.05,0.15
473986,-9.09,0.15
473987,-9.36,0.15
473988,-9.45,0.15
473989,-9.32,0.15
473990,-9.14,0.15
473991,-9.24,0.15
473992,-9.19,0.15
473993,-9.16,0.15
473994,-9.22,0.15
473995,-9,0.15
473996,-8.75,0.15
473997,-8.69,0.15
473998,-8.6,0.15
473999,-8.66,0.15
474000,-8.65,0.15
474001,-8.49,0.15
474002,-8.46,0.15
474003,-8.36,0.15
474004,-8.14,0.15
474005,-7.71,0.15
474006,-7.32,0.15
474007,-7.38,0.15
474008,-7.34,0.15
474009,-7.25,0.15
474010,-6.99,0.15
474011,-7,0.15
474012,-7.01,0.15
474013,-7.08,0.15
474014,-6.82,0.15
474015,-6.91,0.15
474016,-7.15,0.15
474017,-6.96,0.15
474018,-7.13,0.15
474019,-7.23,0.15
474020,-7.57,0.15
474021,-7.53,0.15
474022,-7.84,0.15
474023,-7.93,0.15
474024,-7.85,0.15
474025,-7.81,0.15
474026,-7.9,0.15
474027,-7.91,0.15
474028,-7.71,0.15
474029,-7.84,0.15
474030,-7.71,0.15
474031,-7.76,0.15
474032,-7.67,0.15
474033,-7.56,0.15
474034,-7.35,0.15
474035,-7.5,0.15
474036,-7.38,0.15
474037,-7.34,0.15
474038,-7.43,0.15
474039,-7.45,0.15
474040,-7.43,0.15
474041,-7.39,0.15
474042,-7.2,0.15
474043,-7.31,0.15
474044,-7.28,0.15
474045,-7.1,0.15
474046,-7.28,0.15
474047,-7.33,0.15
474048,-7.26,0.15
474049,-7.45,0.15
474050,-7.19,0.15
474051,-7.15,0.15
474052,-7.2,0.15
474053,-7.03,0.15
474054,-7.28,0.15
474055,-7.16,0.15
474056,-7.26,0.15
474057,-7.14,0.15
474058,-7.24,0.15
474059,-7.19,0.15
474060,-7.01,0.15
474061,-7.02,0.15
474062,-7.32,0.15
474063,-7.1,0.15
474064,-7.06,0.15
474065,-7.01,0.15
474066,-7.07,0.15
474067,-7.18,0.15
474068,-7.32,0.15
474069,-7.08,0.15
474070,-7.1,0.15
474071,-7.03,0.15
474072,-7.08,0.15
474073,-7.17,0.15
474074,-7.08,0.15
474075,-7.2,0.15
474076,-7.12,0.15
474077,-7.02,0.15
474078,-7.26,0.15
474079,-7.34,0.15
474080,-7.35,0.15
474081,-7.31,0.15
474082,-7.44,0.15
474083,-7.1,0.15
474084,-7.39,0.15
474085,-7.3,0.15
474086,-7.49,0.15
474087,-7.48,0.15
474088,-7.56,0.15
474089,-7.47,0.15
474090,-7.45,0.15
474091,-7.4,0.15
474092,-7.68,0.15
474093,-7.65,0.15
474094,-7.41,0.15
474095,-7.6,0.15
474096,-7.43,0.15
474097,-7.57,0.15
474098,-7.61,0.15
474099,-7.66,0.15
474100,-7.61,0.15
474101,-7.76,0.15
474102,-7.8,0.15
474103,-7.74,0.15
474104,-8.03,0.15
474105,-7.93,0.15
474106,-7.85,0.15
474107,-7.98,0.15
474108,-8.28,0.15
474109,-7.94,0.15
474110,-8.16,0.15
474111,-8.2,0.15
474112,-8.14,0.15
474113,-8.18,0.15
474114,-8.29,0.15
474115,-8.29,0.15
474116,-8.17,0.15
474117,-8.17,0.15
474118,-8.28,0.15
474119,-8.19,0.15
474120,-8.33,0.15
474121,-8.18,0.15
474122,-8.25,0.15
474123,-8.15,0.15
474124,-8.28,0.15
474125,-8.4,0.15
474126,-8.36,0.15
474127,-8.22,0.15
474128,-8.64,0.15
474129,-8.44,0.15
474130,-8.53,0.15
474131,-8.53,0.15
474132,-8.53,0.15
474133,-8.52,0.15
474134,-8.68,0.15
474135,-8.47,0.15
474136,-8.46,0.15
474137,-8.8,0.15
474138,-8.53,0.15
474139,-8.66,0.15
474140,-8.72,0.15
474141,-8.48,0.15
474142,-8.56,0.15
474143,-8.72,0.15
474144,-8.8,0.15
474145,-8.89,0.15
474146,-8.68,0.15
474147,-8.88,0.15
474148,-8.68,0.15
474149,-9.02,0.15
474150,-8.86,0.15
474151,-8.94,0.15
474152,-8.94,0.15
474153,-9.06,0.15
474154,-9.07,0.15
474155,-9.3,0.15
474156,-9.13,0.15
474157,-9.15,0.15
474158,-9.15,0.15
474159,-9.36,0.15
474160,-9.17,0.15
474161,-9.25,0.15
474162,-9.07,0.15
474163,-9.22,0.15
474164,-9.36,0.15
474165,-9.42,0.15
474166,-9.33,0.15
474167,-9.23,0.15
474168,-9.4,0.15
474169,-9.35,0.15
474170,-9.41,0.15
474171,-9.3,0.15
474172,-9.38,0.15
474173,-9.55,0.15
474174,-9.51,0.15
474175,-9.14,0.15
474176,-9.52,0.15
474177,-9.54,0.15
474178,-9.66,0.15
474179,-9.49,0.15
474180,-9.8,0.15
474181,-9.76,0.15
474182,-9.5,0.15
474183,-9.49,0.15
474184,-9.61,0.15
474185,-9.67,0.15
474186,-9.81,0.15
474187,-9.68,0.15
474188,-9.88,0.15
474189,-9.96,0.15
474190,-9.93,0.15
474191,-9.61,0.15
474192,-9.84,0.15
474193,-9.76,0.15
474194,-9.77,0.15
474195,-9.81,0.15
474196,-9.54,0.15
474197,-9.6,0.15
474198,-9.67,0.15
474199,-9.54,0.15
474200,-9.83,0.15
474201,-9.78,0.15
474202,-9.84,0.15
474203,-10.03,0.15
474204,-9.98,0.15
474205,-9.94,0.15
474206,-9.95,0.15
474207,-10.05,0.15
474208,-10.03,0.15
474209,-10.07,0.15
474210,-10.04,0.15
474211,-9.95,0.15
474212,-10.05,0.15
474213,-10.07,0.15
474214,-10.03,0.15
474215,-10.03,0.15
474216,-10.01,0.15
474217,-10.21,0.15
474218,-10.18,0.15
474219,-10.19,0.15
474220,-9.83,0.15
474221,-10.02,0.15
474222,-10.13,0.15
474223,-10.25,0.15
474224,-10.25,0.15
474225,-10.12,0.15
474226,-10.2,0.15
474227,-10.1,0.15
474228,-10.15,0.15
474229,-10.03,0.15
474230,-10.14,0.15
474231,-10.14,0.15
474232,-10.15,0.15
474233,-10.35,0.15
474234,-10.2,0.15
474235,-10.19,0.15
474236,-10.32,0.15
474237,-10.27,0.15
474238,-10.42,0.15
474239,-10.26,0.15
474240,-10.18,0.15
474241,-10.16,0.15
474242,-10.17,0.15
474243,-9.86,0.15
474244,-10.01,0.15
474245,-9.99,0.15
474246,-9.94,0.15
474247,-9.73,0.15
474248,-10.03,0.15
474249,-10,0.15
474250,-10.37,0.15
474251,-10.13,0.15
474252,-10.17,0.15
474253,-10.25,0.15
474254,-10.11,0.15
474255,-10.15,0.15
474256,-9.96,0.15
474257,-10.03,0.15
474258,-10.26,0.15
474259,-10.25,0.15
474260,-10.29,0.15
474261,-10.32,0.15
474262,-10.16,0.15
474263,-10.13,0.15
474264,-10.06,0.15
474265,-10.19,0.15
474266,-10.21,0.15
474267,-10.36,0.15
474268,-10.19,0.15
474269,-10.13,0.15
474270,-10.23,0.15
474271,-10.25,0.15
474272,-10.25,0.15
474273,-9.99,0.15
474274,-10.22,0.15
474275,-10.27,0.15
474276,-10.39,0.15
474277,-10.17,0.15
474278,-10.3,0.15
474279,-10.14,0.15
474280,-10.29,0.15
474281,-10.2,0.15
474282,-10.45,0.15
474283,-10.29,0.15
474284,-10.33,0.15
474285,-10.27,0.15
474286,-10.4,0.15
474287,-10.36,0.15
474288,-10.39,0.15
474289,-10.43,0.15
474290,-10.38,0.15
474291,-10.35,0.15
474292,-10.44,0.15
474293,-10.45,0.15
474294,-10.35,0.15
474295,-10.43,0.15
474296,-10.48,0.15
474297,-10.47,0.15
474298,-10.19,0.15
474299,-10.03,0.15
474300,-10.35,0.15
474301,-10.28,0.15
474302,-10.3,0.15
474303,-10.39,0.15
474304,-10.44,0.15
474305,-10.2,0.15
474306,-10.22,0.15
474307,-10.29,0.15
474308,-10.39,0.15
474309,-10.35,0.15
474310,-10.04,0.15
474311,-10.17,0.15
474312,-10.2,0.15
474313,-10.18,0.15
474314,-10.18,0.15
474315,-10.26,0.15
474316,-10.25,0.15
474317,-10.16,0.15
474318,-10.07,0.15
474319,-10.17,0.15
474320,-10.23,0.15
474321,-10.21,0.15
474322,-9.74,0.15
474323,-10.13,0.15
474324,-10.17,0.15
474325,-10.03,0.15
474326,-10.02,0.15
474327,-10,0.15
474328,-10.12,0.15
474329,-9.86,0.15
474330,-10.04,0.15
474331,-10.07,0.15
474332,-9.89,0.15
474333,-10.07,0.15
474334,-9.87,0.15
474335,-9.8,0.15
474336,-9.85,0.15
474337,-9.96,0.15
474338,-9.73,0.15
474339,-9.97,0.15
474340,-9.8,0.15
474341,-9.85,0.15
474342,-9.87,0.15
474343,-9.78,0.15
474344,-9.75,0.15
474345,-9.76,0.15
474346,-9.79,0.15
474347,-9.69,0.15
474348,-9.66,0.15
474349,-9.86,0.15
474350,-9.89,0.15
474351,-9.47,0.15
474352,-9.65,0.15
474353,-9.54,0.15
474354,-9.48,0.15
474355,-9.67,0.15
474356,-9.57,0.15
474357,-9.61,0.15
474358,-9.67,0.15
474359,-9.48,0.15
474360,-9.54,0.15
474361,-9.46,0.15
474362,-9.64,0.15
474363,-9.51,0.15
474364,-9.74,0.15
474365,-9.61,0.15
474366,-9.52,0.15
474367,-9.53,0.15
474368,-9.46,0.15
474369,-9.46,0.15
474370,-9.31,0.15
474371,-9.49,0.15
474372,-9.38,0.15
474373,-9.28,0.15
474374,-9.32,0.15
474375,-9.58,0.15
474376,-9.32,0.15
474377,-9.36,0.15
474378,-9.16,0.15
474379,-9.2,0.15
474380,-9.25,0.15
474381,-9.18,0.15
474382,-9.21,0.15
474383,-9.12,0.15
474384,-9.12,0.15
474385,-8.98,0.15
474386,-9.08,0.15
474387,-8.84,0.15
474388,-8.92,0.15
474389,-8.82,0.15
474390,-8.74,0.15
474391,-8.72,0.15
474392,-8.75,0.15
474393,-8.59,0.15
474394,-8.56,0.15
474395,-8.43,0.15
474396,-8.5,0.15
474397,-8.41,0.15
474398,-8.28,0.15
474399,-8.24,0.15
474400,-8.1,0.15
474401,-8.25,0.15
474402,-8,0.15
474403,-7.89,0.15
474404,-7.77,0.15
474405,-7.7,0.15
474406,-7.74,0.15
474407,-7.55,0.15
474408,-7.5,0.15
474409,-7.43,0.15
474410,-7.22,0.15
474411,-7.22,0.15
474412,-7.04,0.15
474413,-7.2,0.15
474414,-6.98,0.15
474415,-7.04,0.15
474416,-7.02,0.15
474417,-7.03,0.15
474418,-7.02,0.15
474419,-6.94,0.15
474420,-7.03,0.15
474421,-6.85,0.15
474422,-6.92,0.15
474423,-6.9,0.15
474424,-6.86,0.15
474425,-6.88,0.15
474426,-6.8,0.15
474427,-6.91,0.15
474428,-6.77,0.15
474429,-6.89,0.15
474430,-6.91,0.15
474431,-7.01,0.15
474432,-7.08,0.15
474433,-6.86,0.15
474434,-6.79,0.15
474435,-6.89,0.15
474436,-6.77,0.15
474437,-6.78,0.15
474438,-6.92,0.15
474439,-6.94,0.15
474440,-6.56,0.15
474441,-6.64,0.15
474442,-6.79,0.15
474443,-6.72,0.15
474444,-6.66,0.15
474445,-6.65,0.15
474446,-6.7,0.15
474447,-6.55,0.15
474448,-6.78,0.15
474449,-6.73,0.15
474450,-6.77,0.15
474451,-6.8,0.15
474452,-6.69,0.15
474453,-6.73,0.15
474454,-6.89,0.15
474455,-6.86,0.15
474456,-6.72,0.15
474457,-6.74,0.15
474458,-6.76,0.15
474459,-6.65,0.15
474460,-6.7,0.15
474461,-6.71,0.15
474462,-6.47,0.15
474463,-6.49,0.15
474464,-6.62,0.15
474465,-6.4,0.15
474466,-6.5,0.15
474467,-6.47,0.15
474468,-6.54,0.15
474469,-6.54,0.15
474470,-6.2,0.15
474471,-6.3,0.15
474472,-5.95,0.15
474473,-6.14,0.15
474474,-5.88,0.15
474475,-5.84,0.15
474476,-5.9,0.15
474477,-5.87,0.15
474478,-5.97,0.15
474479,-5.86,0.15
474480,-5.83,0.15
474481,-5.82,0.15
474482,-5.79,0.15
474483,-5.59,0.15
474484,-5.5,0.15
474485,-5.1,0.15
474486,-5.57,0.15
474487,-5.89,0.15
474488,-5.7,0.15
474489,-5.74,0.15
474490,-5.94,0.15
474491,-5.93,0.15
474492,-5.94,0.15
474493,-5.57,0.15
474494,-5.79,0.15
474495,-5.59,0.15
474496,-5.49,0.15
474497,-5.98,0.15
474498,-5.92,0.15
474499,-6.06,0.15
474500,-5.97,0.15
474501,-5.83,0.15
474502,-5.94,0.15
474503,-6.04,0.15
474504,-6.23,0.15
474505,-6.25,0.15
474506,-6.43,0.15
474507,-6.46,0.15
474508,-6.65,0.15
474509,-6.6,0.15
474510,-6.64,0.15
474511,-6.75,0.15
474512,-6.86,0.15
474513,-6.93,0.15
474514,-6.95,0.15
474515,-7.21,0.15
474516,-7.06,0.15
474517,-7.04,0.15
474518,-7.26,0.15
474519,-7.36,0.15
474520,-7.56,0.15
474521,-7.42,0.15
474522,-7.54,0.15
474523,-7.45,0.15
474524,-7.61,0.15
474525,-7.68,0.15
474526,-7.6,0.15
474527,-7.76,0.15
474528,-7.82,0.15
474529,-7.71,0.15
474530,-7.69,0.15
474531,-7.78,0.15
474532,-7.84,0.15
474533,-7.79,0.15
474534,-7.77,0.15
474535,-7.82,0.15
474536,-7.76,0.15
474537,-7.81,0.15
474538,-7.92,0.15
474539,-7.94,0.15
474540,-7.86,0.15
474541,-7.95,0.15
474542,-7.82,0.15
474543,-7.86,0.15
474544,-7.78,0.15
474545,-7.81,0.15
474546,-7.82,0.15
474547,-7.83,0.15
474548,-7.88,0.15
474549,-7.92,0.15
474550,-7.89,0.15
474551,-8.04,0.15
474552,-8.06,0.15
474553,-8.1,0.15
474554,-8.22,0.15
474555,-8.22,0.15
474556,-8.25,0.15
474557,-8.17,0.15
474558,-8.2,0.15
474559,-8.22,0.15
474560,-8.19,0.15
474561,-8.25,0.15
474562,-8.28,0.15
474563,-8.27,0.15
474564,-8.2,0.15
474565,-8.29,0.15
474566,-8.12,0.15
474567,-8.31,0.15
474568,-8.32,0.15
474569,-8.32,0.15
474570,-8.35,0.15
474571,-8.28,0.15
474572,-8.29,0.15
474573,-8.18,0.15
474574,-8.26,0.15
474575,-8.21,0.15
474576,-8.38,0.15
474577,-8.39,0.15
474578,-8.51,0.15
474579,-8.53,0.15
474580,-8.58,0.15
474581,-8.46,0.15
474582,-8.39,0.15
474583,-8.4,0.15
474584,-8.41,0.15
474585,-8.58,0.15
474586,-8.49,0.15
474587,-8.6,0.15
474588,-8.52,0.15
474589,-8.5,0.15
474590,-8.55,0.15
474591,-8.49,0.15
474592,-8.61,0.15
474593,-8.72,0.15
474594,-8.82,0.15
474595,-8.93,0.15
474596,-8.94,0.15
474597,-9.01,0.15
474598,-8.93,0.15
474599,-8.71,0.15
474600,-8.66,0.15
474601,-8.66,0.15
474602,-8.55,0.15
474603,-8.14,0.15
474604,-8.36,0.15
474605,-8.63,0.15
474606,-8.66,0.15
474607,-8.73,0.15
474608,-8.81,0.15
474609,-8.92,0.15
474610,-9.06,0.15
474611,-9.05,0.15
474612,-9.17,0.15
474613,-9.36,0.15
474614,-9.35,0.15
474615,-9.36,0.15
474616,-9.32,0.15
474617,-9.31,0.15
474618,-9.18,0.15
474619,-9.19,0.15
474620,-9.03,0.15
474621,-8.98,0.15
474622,-8.71,0.15
474623,-8.3,0.15
474624,-8.53,0.15
474625,-8.73,0.15
474626,-8.53,0.15
474627,-8.3,0.15
474628,-8.19,0.15
474629,-8.53,0.15
474630,-8.53,0.15
474631,-8.53,0.15
474632,-8.54,0.15
474633,-8.42,0.15
474634,-8.56,0.15
474635,-8.55,0.15
474636,-8.66,0.15
474637,-8.75,0.15
474638,-8.65,0.15
474639,-8.75,0.15
474640,-8.61,0.15
474641,-8.82,0.15
474642,-8.62,0.15
474643,-8.52,0.15
474644,-8.61,0.15
474645,-8.7,0.15
474646,-8.72,0.15
474647,-8.42,0.15
474648,-8.72,0.15
474649,-8.87,0.15
474650,-8.74,0.15
474651,-8.92,0.15
474652,-8.75,0.15
474653,-8.75,0.15
474654,-8.7,0.15
474655,-8.83,0.15
474656,-8.7,0.15
474657,-8.82,0.15
474658,-9.05,0.15
474659,-9.19,0.15
474660,-9.19,0.15
474661,-8.99,0.15
474662,-8.9,0.15
474663,-8.83,0.15
474664,-8.95,0.15
474665,-8.79,0.15
474666,-8.76,0.15
474667,-8.74,0.15
474668,-8.78,0.15
474669,-8.72,0.15
474670,-8.62,0.15
474671,-8.64,0.15
474672,-8.7,0.15
474673,-8.65,0.15
474674,-8.62,0.15
474675,-8.86,0.15
474676,-8.95,0.15
474677,-8.98,0.15
474678,-8.99,0.15
474679,-8.94,0.15
474680,-8.83,0.15
474681,-8.9,0.15
474682,-8.98,0.15
474683,-8.9,0.15
474684,-8.98,0.15
474685,-8.95,0.15
474686,-8.98,0.15
474687,-8.93,0.15
474688,-8.98,0.15
474689,-8.96,0.15
474690,-8.96,0.15
474691,-8.88,0.15
474692,-8.79,0.15
474693,-8.73,0.15
474694,-8.69,0.15
474695,-8.65,0.15
474696,-8.76,0.15
474697,-8.76,0.15
474698,-8.78,0.15
474699,-8.83,0.15
474700,-8.87,0.15
474701,-8.76,0.15
474702,-8.79,0.15
474703,-8.8,0.15
474704,-8.81,0.15
474705,-8.87,0.15
474706,-8.73,0.15
474707,-8.81,0.15
474708,-8.79,0.15
474709,-8.85,0.15
474710,-8.82,0.15
474711,-8.98,0.15
474712,-9.07,0.15
474713,-9.08,0.15
474714,-9.01,0.15
474715,-9.03,0.15
474716,-8.96,0.15
474717,-9.03,0.15
474718,-8.96,0.15
474719,-9.12,0.15
474720,-9.02,0.15
474721,-9.09,0.15
474722,-9.09,0.15
474723,-9.15,0.15
474724,-9.12,0.15
474725,-9.09,0.15
474726,-8.84,0.15
474727,-8.79,0.15
474728,-8.45,0.15
474729,-8.58,0.15
474730,-8.57,0.15
474731,-8.77,0.15
474732,-8.97,0.15
474733,-9.16,0.15
474734,-9.25,0.15
474735,-9.38,0.15
474736,-9.46,0.15
474737,-9.62,0.15
474738,-9.53,0.15
474739,-9.41,0.15
474740,-9.45,0.15
474741,-9.45,0.15
474742,-9.27,0.15
474743,-9.14,0.15
474744,-9.07,0.15
474745,-9.01,0.15
474746,-8.95,0.15
474747,-8,0.15
474748,-8.42,0.15
474749,-8.63,0.15
474750,-8.65,0.15
474751,-8.75,0.15
474752,-8.58,0.15
474753,-8.68,0.15
474754,-8.66,0.15
474755,-9,0.15
474756,-9.21,0.15
474757,-9.1,0.15
474758,-9.24,0.15
474759,-9.28,0.15
474760,-9.68,0.15
474761,-9.87,0.15
474762,-9.96,0.15
474763,-9.9,0.15
474764,-9.76,0.15
474765,-9.45,0.15
474766,-9.39,0.15
474767,-9,0.15
474768,-9.25,0.15
474769,-9.2,0.15
474770,-9.65,0.15
474771,-9.8,0.15
474772,-9.67,0.15
474773,-9.58,0.15
474774,-9.65,0.15
474775,-9.84,0.15
474776,-9.81,0.15
474777,-9.91,0.15
474778,-9.95,0.15
474779,-10.2,0.15
474780,-10.29,0.15
474781,-10.26,0.15
474782,-10.25,0.15
474783,-10.19,0.15
474784,-10.2,0.15
474785,-10.01,0.15
474786,-9.9,0.15
474787,-9.79,0.15
474788,-9.08,0.15
474789,-9.19,0.15
474790,-9.27,0.15
474791,-9.48,0.15
474792,-9.83,0.15
474793,-9.94,0.15
474794,-9.92,0.15
474795,-10.03,0.15
474796,-10.12,0.15
474797,-9.98,0.15
474798,-10.14,0.15
474799,-10.1,0.15
474800,-10.47,0.15
474801,-10.52,0.15
474802,-10.59,0.15
474803,-10.74,0.15
474804,-10.73,0.15
474805,-10.64,0.15
474806,-10.63,0.15
474807,-10.61,0.15
474808,-10.7,0.15
474809,-10.62,0.15
474810,-10.58,0.15
474811,-10.64,0.15
474812,-10.59,0.15
474813,-10.35,0.15
474814,-10.39,0.15
474815,-10.3,0.15
474816,-10.33,0.15
474817,-10.33,0.15
474818,-10.22,0.15
474819,-10.22,0.15
474820,-10.21,0.15
474821,-10.25,0.15
474822,-10.44,0.15
474823,-10.46,0.15
474824,-10.45,0.15
474825,-10.42,0.15
474826,-10.47,0.15
474827,-10.43,0.15
474828,-10.41,0.15
474829,-9.95,0.15
474830,-9.88,0.15
474831,-9.68,0.15
474832,-9.99,0.15
474833,-10.02,0.15
474834,-10.13,0.15
474835,-10.18,0.15
474836,-10.08,0.15
474837,-10.04,0.15
474838,-10.02,0.15
474839,-10.02,0.15
474840,-10.03,0.15
474841,-9.83,0.15
474842,-9.66,0.15
474843,-9.55,0.15
474844,-9.25,0.15
474845,-8.14,0.15
474846,-7.92,0.15
474847,-7.95,0.15
474848,-8.03,0.15
474849,-7.96,0.15
474850,-8.08,0.15
474851,-8.38,0.15
474852,-8.42,0.15
474853,-8.7,0.15
474854,-9.07,0.15
474855,-9.23,0.15
474856,-9.33,0.15
474857,-9.3,0.15
474858,-9.32,0.15
474859,-9.4,0.15
474860,-9.34,0.15
474861,-9.4,0.15
474862,-9.48,0.15
474863,-9.54,0.15
474864,-9.45,0.15
474865,-9.56,0.15
474866,-9.67,0.15
474867,-9.59,0.15
474868,-9.68,0.15
474869,-9.59,0.15
474870,-9.67,0.15
474871,-9.72,0.15
474872,-9.68,0.15
474873,-9.72,0.15
474874,-9.77,0.15
474875,-9.9,0.15
474876,-9.77,0.15
474877,-9.82,0.15
474878,-9.94,0.15
474879,-9.85,0.15
474880,-9.83,0.15
474881,-9.86,0.15
474882,-9.86,0.15
474883,-9.79,0.15
474884,-9.8,0.15
474885,-9.88,0.15
474886,-9.94,0.15
474887,-9.87,0.15
474888,-9.83,0.15
474889,-9.82,0.15
474890,-9.89,0.15
474891,-9.94,0.15
474892,-9.87,0.15
474893,-9.81,0.15
474894,-9.89,0.15
474895,-9.77,0.15
474896,-9.82,0.15
474897,-9.73,0.15
474898,-9.81,0.15
474899,-9.72,0.15
474900,-9.77,0.15
474901,-9.76,0.15
474902,-9.6,0.15
474903,-9.4,0.15
474904,-9.43,0.15
474905,-9.41,0.15
474906,-9.66,0.15
474907,-9.83,0.15
