dating_id,entity_id,date_type,depth_dating,dating_thickness,lab_num,material_dated,min_weight,max_weight,uncorr_age,uncorr_age_uncert_pos,uncorr_age_uncert_neg,c14_correction,calib_used,date_used,u238_content,u238_uncertainty,th232_content,th232_uncertainty,th230_content,th230_uncertainty,th230_th232_ratio,th230_th232_ratio_uncertainty,th230_u238_activity,th230_u238_activity_uncertainty,u234_u238_activity,u234_u238_activity_uncertainty,ini_230th_232th_ratio,ini_230th_232th_ratio_uncertainty,decay_constant,corr_age,corr_age_uncert_pos,corr_age_uncert_neg,date_used_lin_interp,date_used_lin_reg,date_used_bchron,date_used_bacon,date_used_oxcal,date_used_copra,date_used_stalage
939,55,U/Th unspecified,4.9,1.3,,unknown,100,150,5600,46,46,,,yes,1013,5,184,5,,,5300,134,0.05854,0.00038,1.167,0.005,,,Cheng et al. 2000,5531,46,46,yes,,yes,yes,yes,yes,yes
940,55,U/Th unspecified,37.7,0.9,,unknown,100,150,5796,18,18,,,yes,3778,9,307,6,,,12500,256,0.0615187677896,0.000167135004934,1.1869,0.0017,,,Cheng et al. 2000,5730,18,18,yes,,yes,yes,yes,yes,yes
941,55,U/Th unspecified,73.4,1.8,,unknown,100,150,6046,17,17,,,yes,6525,15,107,2,,,64086,1492,0.0640237714753,0.000163951547735,1.1854,0.0015,,,Cheng et al. 2000,5982,18,18,yes,,yes,yes,yes,yes,yes
942,55,U/Th unspecified,101.2,1.5,,unknown,100,150,6569,24,24,,,yes,7160,21,398,8,,,21162,434,0.0715060138324,0.000234553082205,1.2209,0.0017,,,Cheng et al. 2000,6504,24,24,yes,,yes,yes,yes,yes,yes
943,55,U/Th unspecified,121.6,1.5,,unknown,100,150,6753,22,22,,,yes,4062,10,468,9,,,10368,210,0.0724612447347,0.000212611105811,1.2047,0.0017,,,Cheng et al. 2000,6686,23,23,yes,,yes,yes,yes,yes,yes
944,55,U/Th unspecified,139.8,1.5,,unknown,100,150,6889,30,30,,,yes,6899,25,238,5,,,34516,720,0.0721591171423,0.000286575187059,1.1769,0.002,,,Cheng et al. 2000,6825,31,31,yes,,yes,yes,yes,yes,yes
945,55,U/Th unspecified,175.6,1.5,,unknown,100,150,7092,27,27,,,yes,6810,21,191,4,,,44296,929,0.0754941255689,0.000260249902875,1.1969,0.0018,,,Cheng et al. 2000,7027,27,27,yes,,yes,yes,yes,yes,yes
946,55,U/Th unspecified,188.9,1.5,,unknown,100,150,7135,29,29,,,yes,2426,7,109,3,,,27945,817,0.0765,0.0003,1.2053,0.002,,,Cheng et al. 2000,7069,29,29,yes,,yes,yes,yes,yes,yes
947,55,U/Th unspecified,203.8,1.5,,unknown,100,150,8038,23,23,,,yes,4101,9,212,4,,,26741,551,0.0838685614316,0.000211791000916,1.1781,0.0015,,,Cheng et al. 2000,7974,24,24,yes,,yes,yes,yes,yes,yes
948,55,U/Th unspecified,324.3,1.5,,unknown,100,150,8604,31,31,,,yes,2195,5,732,15,,,4600,93,0.0931,0.0003,1.2242,0.0022,,,Cheng et al. 2000,8532,32,32,yes,,yes,yes,yes,yes,yes
949,55,U/Th unspecified,391.3,1.5,,unknown,100,150,9240,26,26,,,yes,2183,4,3183,424,,,1142,152,0.100989140794,0.000247406111913,1.2398,0.0016,,,Cheng et al. 2000,9142,36,36,yes,,yes,yes,yes,yes,yes
950,55,U/Th unspecified,426.6,1.5,,unknown,100,150,9293,25,25,,,yes,3216,6,394,8,,,13187,269,0.0978796436342,0.000221709792306,1.1955,0.0016,,,Cheng et al. 2000,9227,26,26,yes,,yes,yes,yes,yes,yes
951,55,U/Th unspecified,478,1.5,,unknown,100,150,9672,27,27,,,yes,2531,5,373,8,,,11765,239,0.105111511237,0.000250745619416,1.2352,0.0016,,,Cheng et al. 2000,9605,27,27,yes,,yes,yes,yes,yes,yes
952,55,U/Th unspecified,522.6,1.5,,unknown,100,150,9968,23,23,,,yes,3233,4,577,12,,,10020,204,0.10843338857,0.000204676455426,1.2379,0.0015,,,Cheng et al. 2000,9900,24,24,yes,,yes,yes,yes,yes,yes
953,55,U/Th unspecified,572.9,1.5,,unknown,100,150,10180,28,28,,,yes,1924,4,574,12,,,6089,123,0.110214822299,0.000252572770612,1.2332,0.0017,,,Cheng et al. 2000,10109,29,29,yes,,yes,yes,yes,yes,yes
954,55,U/Th unspecified,637,1.5,,unknown,100,150,10513,28,28,,,yes,1947,4,527,11,,,7056,143,0.115909529226,0.000262808954419,1.2573,0.0016,,,Cheng et al. 2000,10444,29,29,yes,,yes,yes,yes,yes,yes
955,55,U/Th unspecified,684.7,1.5,,unknown,100,150,10971,25,25,,,yes,1907,3,231,5,,,16353,338,0.120016887964,0.000221926648893,1.2501,0.0015,,,Cheng et al. 2000,10904,25,25,yes,,yes,yes,yes,yes,yes
956,55,U/Th unspecified,740,1.5,,unknown,100,150,11257,25,25,,,yes,1270,2,140,3,,,19128,395,0.127641424433,0.000226978019243,1.2966,0.0015,,,Cheng et al. 2000,11191,25,25,yes,,yes,yes,yes,yes,yes
957,55,U/Th unspecified,760.6,1.5,,unknown,100,150,11297,36,36,,,yes,1392,3,608,12,,,4807,99,0.1274058501,0.000347176659611,1.2869,0.0017,,,Cheng et al. 2000,11224,37,37,yes,,yes,yes,yes,yes,yes
958,55,U/Th unspecified,798.4,1.5,,unknown,100,150,11481,41,41,,,yes,1057,2,485,10,,,4774,97,0.1327,0.0004,1.3229,0.0021,,,Cheng et al. 2000,11407,41,41,yes,,yes,yes,yes,yes,yes
959,55,U/Th unspecified,842.4,1.5,,unknown,100,150,11851,38,38,,,yes,3147,3,9678,194,,,710,14,0.132341254984,0.000378668136205,1.2804,0.0013,,,Cheng et al. 2000,11718,62,62,yes,,yes,yes,yes,yes,yes
960,55,U/Th unspecified,864,1.5,,unknown,100,150,11969,49,49,,,yes,2303,5,431,9,,,11945,253,0.135667970269,0.000477045651567,1.3,0.0021,,,Cheng et al. 2000,11901,49,49,yes,,yes,yes,yes,yes,yes
961,55,U/Th unspecified,873.6,1.5,,unknown,100,150,12058,31,31,,,yes,3032,3,768,16,,,8828,190,0.135671649306,0.000295079746877,1.291,0.0015,,,Cheng et al. 2000,11989,31,31,yes,,yes,yes,yes,yes,yes
962,55,U/Th unspecified,880.5,1.5,,unknown,100,150,12208,31,31,,,yes,1532,3,375,8,,,9336,189,0.138432214448,0.000283244126609,1.3018,0.0016,,,Cheng et al. 2000,12139,31,31,yes,,yes,yes,yes,yes,yes
963,55,U/Th unspecified,883.8,1.5,,unknown,100,150,12672,73,73,,,no,148,0.1,52,2,,,6729,201,0.143896205446,0.000766551873416,1.3062,0.0016,,,Cheng et al. 2000,12600,73,73,no,,no,no,no,no,no
964,55,U/Th unspecified,897.6,1.5,,unknown,100,150,12483,31,31,,,yes,1139,1.6,130,3,,,20486,446,0.141647271564,0.000290875844766,1.3042,0.0015,,,Cheng et al. 2000,12417,31,31,yes,,yes,yes,yes,yes,yes
965,55,U/Th unspecified,903,1.5,,unknown,100,150,12734,82,82,,,yes,103,0.1,57,1,,,4327,105,0.144101601877,0.000848196739233,1.302,0.002,,,Cheng et al. 2000,12659,82,82,yes,,yes,yes,yes,yes,yes
966,55,U/Th unspecified,916.6,1.5,,unknown,100,150,12883,40,40,,,yes,1309,2,272,6,,,11193,235,0.141093702684,0.000371763359251,1.2614,0.0016,,,Cheng et al. 2000,12815,40,40,yes,,yes,yes,yes,yes,yes
967,55,U/Th unspecified,924.6,1.5,,unknown,100,150,13625,106,106,,,no,88,0.1,68,2,,,3214,83,0.149226552337,0.00107629021866,1.2653,0.0016,,,Cheng et al. 2000,13544,107,107,no,,no,no,no,no,no
968,55,U/Th unspecified,927.6,1.5,,unknown,100,150,13183,41,41,,,yes,1413,3,256,5,,,13002,277,0.14286771672,0.000360975204799,1.25,0.0019,,,Cheng et al. 2000,13115,41,41,yes,,yes,yes,yes,yes,yes
969,55,U/Th unspecified,946.9,1.5,,unknown,100,150,13535,33,33,,,yes,977,1.4,234,5,,,10129,208,0.147304761236,0.000288793891155,1.257,0.0015,,,Cheng et al. 2000,13466,33,33,yes,,yes,yes,yes,yes,yes
970,55,U/Th unspecified,1106.9,1.5,,unknown,100,150,13842,53,53,,,yes,524,0.7,726,15,,,1792,37,0.1507,0.0005,1.2589,0.0017,,,Cheng et al. 2000,13746,57,57,yes,,yes,yes,yes,yes,yes
971,55,U/Th unspecified,989,1.5,,unknown,100,150,13970,53,53,,,yes,2079,4,521,11,,,10017,209,0.152333128873,0.000500762565989,1.2617,0.0018,,,Cheng et al. 2000,13900,53,53,yes,,yes,yes,yes,yes,yes
972,55,U/Th unspecified,992.4,1.5,,unknown,100,150,14218,40,40,,,yes,2041,2,1336,27,,,3896,80,0.154660235079,0.000371206997925,1.26,0.0013,,,Cheng et al. 2000,14140,41,41,yes,,yes,yes,yes,yes,yes
973,55,U/Th unspecified,1009.9,1.5,,unknown,100,150,14357,49,49,,,yes,2620,2,1483,31,,,4477,94,0.153650281313,0.000467618690091,1.2407,0.0012,,,Cheng et al. 2000,14280,50,50,yes,,yes,yes,yes,yes,yes
974,55,U/Th unspecified,1013.4,1.5,,unknown,100,150,14402,33,33,,,yes,1218,2,472,10,,,6592,133,0.154936303384,0.00028160868082,1.2472,0.0014,,,Cheng et al. 2000,14330,33,33,yes,,yes,yes,yes,yes,yes
975,55,U/Th unspecified,1027.8,1.5,,unknown,100,150,15018,44,44,,,yes,2138,4,567,11,,,9925,201,0.159639712528,0.000388102289743,1.2358,0.0016,,,Cheng et al. 2000,14948,44,44,yes,,yes,yes,yes,yes,yes
976,55,U/Th unspecified,1056.6,1.5,,unknown,100,150,16055,38,38,,,yes,1829,3,336,7,,,15527,316,0.17298800108,0.000337747752075,1.2578,0.0014,,,Cheng et al. 2000,15987,39,39,yes,,yes,yes,yes,yes,yes
977,55,U/Th unspecified,1061.9,1.5,,unknown,100,150,16518,80,80,,,yes,173,0.2,40,1,,,12642,410,0.176053693763,0.000765785046779,1.2468,0.0014,,,Cheng et al. 2000,16449,80,80,yes,,yes,yes,yes,yes,yes
978,55,U/Th unspecified,1097.4,1.5,,unknown,100,150,15457,610,610,,,no,2956,7,7894,9856,,,1041,1300,0.168611927968,0.00622648486294,1.2699,0.0019,,,Cheng et al. 2000,15333,617,617,no,,no,no,no,no,no
979,55,U/Th unspecified,1106.9,1.5,,unknown,100,150,17095,40,40,,,yes,3705,3,1541,32,,,7346,152,0.185388971342,0.000360591504109,1.2712,0.0013,,,Cheng et al. 2000,17022,41,41,yes,,yes,yes,yes,yes,yes
980,55,U/Th unspecified,1142,1.5,,unknown,100,150,17742,55,55,,,yes,2494,4,555,11,,,14085,285,0.19,0.0005,15.085,0.285,,,Cheng et al. 2000,17673,55,55,yes,,yes,yes,yes,yes,yes
981,55,U/Th unspecified,1173.4,1.5,,unknown,100,150,18534,61,61,,,yes,2681,5,499,12,,,17405,408,0.1964,0.0005,18.405,0.409,,,Cheng et al. 2000,18466,61,61,yes,,yes,yes,yes,yes,yes
982,56,Event; hiatus,124.6,,,,,,,,,,,yes,,,,,,,,,,,,,,,,,,,yes,yes,yes,yes,,yes,yes
983,56,U/Th unspecified,5.5,1.5,,unknown,100,150,15449,41,41,,,yes,3970.3,5.6,371,9,,,28076.7605623,712.484850908,0.1591,0.0003,1.1998,0.0018,,,Cheng et al. 2000,15383,41,41,yes,yes,yes,yes,,yes,yes
984,56,U/Th unspecified,45,1.5,,unknown,100,150,15861,51,51,,,yes,3222.92918134,7.90058550496,370.620999193,7.49864891797,,,23679.936011,479.820888995,0.165155908721,0.00044402197858,1.2153,0.0016,,,Cheng et al. 2000,15794,51,51,yes,yes,yes,yes,,yes,yes
985,56,U/Th unspecified,78,1.5,,unknown,100,150,16327,47,47,,,yes,2301.41382696,4.90010068298,3055.44696057,61.4359986958,,,2158.53280086,43.4643349587,0.173809301911,0.0004149942962,1.2443,0.0015,,,Cheng et al. 2000,16232,52,52,yes,yes,yes,yes,,yes,yes
986,56,U/Th unspecified,96.5,1.5,,unknown,100,150,16589,53,53,,,yes,1977.72825777,3.71914181689,483.252715655,10.088625133,,,11674.9765573,244.675232065,0.173020687434,0.000454934891076,1.2209,0.0017,,,Cheng et al. 2000,16519,53,53,yes,yes,yes,yes,,yes,yes
987,56,U/Th unspecified,124.5,1.5,,unknown,100,150,16872,49,49,,,yes,1657.15041336,2.63270787503,132.861052533,3.01785414796,,,35936.6524718,818.691780814,0.174746187932,0.000412764453497,1.214,0.0015,,,Cheng et al. 2000,16806,49,49,yes,yes,yes,yes,,yes,yes
988,56,U/Th unspecified,169,1.5,,unknown,100,150,18296,63,63,,,yes,2227.79711237,5.26747497126,993.840854427,20.1138116951,,,7138.91163878,144.828915651,0.193155708158,0.000531352377624,1.2443,0.0019,,,Cheng et al. 2000,18221,63,63,yes,yes,yes,yes,,yes,yes
989,56,U/Th unspecified,198,1.5,,unknown,100,150,18749,51,51,,,yes,1480.06020355,2.16267320693,524.691980699,10.653782217,,,9828.1150829,200.205333107,0.211314651566,0.000463597903602,1.3291,0.0016,,,Cheng et al. 2000,18677,51,51,yes,yes,yes,yes,,yes,yes
990,56,U/Th unspecified,210,1.5,,unknown,100,150,18936,58,58,,,yes,1647.97567248,3.18841889243,169.469721316,3.69734381732,,,33098.2887785,723.637692309,0.206433982638,0.000495413750042,1.2874,0.0018,,,Cheng et al. 2000,18870,58,58,yes,yes,yes,yes,,yes,yes
991,56,U/Th unspecified,230,1.5,,unknown,100,150,19375,69,69,,,yes,1825.17291996,4.38229899751,405.80256944,8.28727539619,,,15179.5490252,310.633807854,0.204693464526,0.000559937035532,1.2506,0.0022,,,Cheng et al. 2000,19306,69,69,yes,yes,yes,yes,,yes,yes
992,56,U/Th unspecified,257,1.5,,unknown,100,150,19909,76,76,,,yes,1483.78598671,2.57536022821,213.096343893,4.69011617978,,,23809.0681688,527.787344801,0.207386968545,0.000655737989571,1.2362,0.0018,,,Cheng et al. 2000,19842,76,76,yes,yes,yes,yes,,yes,yes
993,56,U/Th unspecified,314,1.5,,unknown,100,150,20602,83,83,,,yes,1777.80567867,4.25817637726,285.301326996,5.94493186752,,,21864.5204731,457.335768842,0.212810862098,0.00064028867681,1.2296,0.0025,,,Cheng et al. 2000,20534,83,83,yes,yes,yes,yes,,yes,yes
994,56,U/Th unspecified,364,1.5,,unknown,100,150,21672,92,92,,,yes,2877.12869797,6.17829021727,1279.8381395,26.1034759943,,,8280.55518797,170.617911047,0.223403280816,0.000810709278894,1.2325,0.0017,,,Cheng et al. 2000,21597,93,93,yes,yes,yes,yes,,yes,yes
995,56,U/Th unspecified,374.5,1.5,,unknown,100,150,21700,47,47,,,yes,2208.09899322,3.10263007839,527.70910124,10.6569269646,,,15552.9531312,314.367956704,0.225435984152,0.000370677896636,1.242,0.0013,,,Cheng et al. 2000,21630,47,47,yes,yes,yes,yes,,yes,yes
996,56,U/Th unspecified,428,1.5,,unknown,100,150,22333,60,60,,,yes,3177.7,4.6,837,18,,,14131.1010111,302.246581261,0.2258,0.0005,1.2128,0.0017,,,Cheng et al. 2000,22263,61,61,yes,yes,yes,yes,,yes,yes
997,57,U/Th unspecified,37.5,1.5,,unknown,100,150,22180,64,64,,,yes,4438.3,7.5,155,7,,,94394.4048991,4052.72303856,0.1996,0.0004,1.0817,0.0016,,,Cheng et al. 2000,22116,64,64,yes,yes,,,,,yes
998,57,U/Th unspecified,61.5,1.5,,unknown,100,150,22359,72,72,,,yes,3214.57628719,7.47230570064,1136.47892892,22.8960469039,,,9529.88873982,192.283078327,0.20434302263,0.000526068386588,1.0992,0.0015,,,Cheng et al. 2000,22285,72,72,yes,yes,,,,,yes
999,57,U/Th unspecified,120,1.5,,unknown,100,150,22653,78,78,,,yes,4581.87248972,11.5736179189,210.818113966,4.3875062099,,,73507.01723,1532.1240616,0.205129469381,0.000568820591624,1.0907,0.0015,,,Cheng et al. 2000,22588,78,78,yes,yes,,,,,yes
1000,57,U/Th unspecified,136.5,1.5,,unknown,100,150,22105,82,82,,,yes,5739,12,648,14,,,29171.8058965,652.307892224,0.1998,0.0006,1.0865,0.0018,,,Cheng et al. 2000,22037,82,82,yes,yes,,,,,yes
1001,57,U/Th unspecified,154.5,1.5,,unknown,100,150,22882,88,88,,,yes,3461.07739085,8.65612850718,606.175271642,12.5237187,,,19755.8457461,409.759534206,0.20985381241,0.00065042167243,1.1053,0.0017,,,Cheng et al. 2000,22813,88,88,yes,yes,,,,,yes
1002,57,U/Th unspecified,160.04,1.5,,unknown,100,150,22855,79,79,,,yes,2635,3.4,317,9,,,28512.97423,794.09136015,0.2077,0.0006,1.0955,0.0015,,,Cheng et al. 2000,22788,79,79,yes,yes,,,,,yes
1003,57,U/Th unspecified,184,1.5,,unknown,100,150,23034,66,66,,,yes,3485.59013497,6.77527596809,406.727235238,8.32809808085,,,29430.3490672,603.709769674,0.208284370256,0.00047981136083,1.0909,0.0013,,,Cheng et al. 2000,22967,66,66,yes,yes,,,,,yes
1004,57,U/Th unspecified,276.84,1.5,,unknown,100,150,23610,63,63,,,yes,2552.53600273,4.58000194853,286.630276575,5.90000694709,,,31212.4543838,643.200145717,0.21257512275,0.000434202783144,1.089,0.0013,,,Cheng et al. 2000,23543,63,63,yes,yes,,,,,yes
1005,57,U/Th unspecified,318.4,1.5,,unknown,100,150,23816,87,87,,,yes,3699.04023506,9.21944869323,189.077626177,4.00972055277,,,69157.2616895,1468.87976144,0.214399222641,0.000591478513269,1.0898,0.0019,,,Cheng et al. 2000,23751,87,87,yes,yes,,,,,yes
1006,57,U/Th unspecified,356.8,1.5,,unknown,100,150,24117,82,82,,,yes,3601.85828719,8.8554856284,188.498196803,3.92025732067,,,68655.0381607,1429.95194764,0.217915098897,0.000589761913662,1.0951,0.0015,,,Cheng et al. 2000,24052,82,82,yes,yes,,,,,yes
1007,57,U/Th unspecified,411.2,1.5,,unknown,100,150,24402,74,74,,,yes,4316.49940679,8.12381682384,596.006128124,12.0816342368,,,26279.0326847,533.82609754,0.220070964185,0.000505587159971,1.0944,0.0016,,,Cheng et al. 2000,24335,74,74,yes,yes,,,,,yes
1008,57,U/Th unspecified,435.2,1.5,,unknown,100,150,24680,172,172,,,yes,3455.76861673,9.57957815088,266.911124622,15.0822310239,,,46747.5447596,2653.12381608,0.218985397784,0.00130918974864,1.0785,0.0018,,,Cheng et al. 2000,24614,172,172,yes,yes,,,,,yes
1009,57,U/Th unspecified,322.4,1.5,,unknown,100,150,24768,73,73,,,yes,3320.2992756,6.83086211633,262.060602652,5.40493884756,,,46299.0965208,956.132447968,0.221631432034,0.000511383851122,1.0877,0.0014,,,Cheng et al. 2000,24702,73,73,yes,yes,,,,,yes
1010,57,U/Th unspecified,495.4,1.5,,unknown,100,150,25024,104,104,,,yes,4245.15038125,12.8653260861,622.516412314,12.6741951663,,,25087.7339074,511.809796394,0.223127702018,0.000735404187784,1.0852,0.0018,,,Cheng et al. 2000,24956,104,104,yes,yes,,,,,yes
1011,57,U/Th unspecified,554.6,1.5,,unknown,100,150,25273,105,105,,,yes,4090.41922211,12.348858518,264.10138414,5.54381841241,,,57768.1118549,1215.07618477,0.226217063812,0.000746762006787,1.0903,0.0018,,,Cheng et al. 2000,25208,105,105,yes,yes,,,,,yes
1012,57,U/Th unspecified,605.8,1.5,,unknown,100,150,25647,118,118,,,yes,3896.25654174,13.142209669,290.466904387,6.03660230531,,,50978.8235463,1061.45551658,0.230501232694,0.000831189619216,1.0964,0.0021,,,Cheng et al. 2000,25581,118,118,yes,yes,,,,,yes
1013,57,U/Th unspecified,658.6,1.5,,unknown,100,150,26021,113,113,,,yes,3911.81877849,11.9574896126,264.531719875,5.52032238315,,,56851.967626,1189.56388326,0.233173321926,0.000796457459883,1.0949,0.0019,,,Cheng et al. 2000,25955,113,113,yes,yes,,,,,yes
1014,57,U/Th unspecified,209.6,1.5,,unknown,100,150,25822,88,88,,,yes,3897.1,7.5,125,6,,,117741.187707,6032.98913613,0.2299,0.0006,1.0873,0.0019,,,Cheng et al. 2000,25757,88,88,yes,yes,,,,,yes
1015,57,U/Th unspecified,710.9,1.5,,unknown,100,150,26224,81,81,,,yes,4170.9,7.2,222,7,,,71865.1560993,2379.0836206,0.2315,0.0005,1.0802,0.0017,,,Cheng et al. 2000,26159,81,81,yes,yes,,,,,yes
1016,57,U/Th unspecified,772.4,1.5,,unknown,100,150,26788,100,100,,,yes,3982.551003,9.85326057085,234.550432814,4.74044607395,,,66363.8793507,1345.11244231,0.237050561831,0.000689798995867,1.0852,0.0016,,,Cheng et al. 2000,26723,100,100,yes,yes,,,,,yes
1017,57,U/Th unspecified,832.4,1.5,,unknown,100,150,27197,101,101,,,yes,4152.51453457,10.4458586999,252.122892562,5.09408251059,,,64927.8477741,1314.64570611,0.239092778229,0.000679156837048,1.0801,0.0017,,,Cheng et al. 2000,27131,101,101,yes,yes,,,,,yes
1018,57,U/Th unspecified,863.9,1.5,,unknown,100,150,27088,92,92,,,yes,3391.9,6.1,487,11,,,27388.2241662,645.581119188,0.238465,0.00056,1.0811,0.0019,,,Cheng et al. 2000,27020,92,92,yes,yes,,,,,yes
1019,57,U/Th unspecified,932.9,1.5,,unknown,100,150,27953,104,104,,,yes,3762.1245331,9.54552366173,619.053098312,12.4830492571,,,24448.9723605,493.76475762,0.243999915126,0.000676541921619,1.0761,0.0018,,,Cheng et al. 2000,27884,104,104,yes,yes,,,,,yes
1471,91,MC-ICP-MS U/Th,0,2.87,LSF16-1,calcite,,,14456.7334191,45.0953270574,45.0953270574,,,yes,61.7077350976,0.0739962554798,136.240111508,2.76659290786,,,464.415574,9.496058513,0.335503228816,0.000898162908127,2.668376391,1.00331815018496,0.815572293,0.407786146,Cheng et al. 2013,14373.2501184,48.0265459725,48.0265459725,yes,,yes,yes,yes,yes,
1472,91,MC-ICP-MS U/Th,46.5,2.8,LSF 16 2,calcite,,,14549.5803599,32.7286374021,32.7286374021,,,yes,73.1230690251,0.0566896692048,44.5905752057,0.957480610076,,,1699.241017,36.60987386,0.339053468404,0.000652490736333,2.680218069,1.00243350255951,0.815572293,0.407786146,Cheng et al. 2013,14483.1149627,33.0402335015,33.0402335015,yes,,yes,yes,yes,yes,
1473,91,MC-ICP-MS U/Th,215.5,2.2,LSF16-3,calcite,,,14764.5882913,49.9776933371,49.9776933371,,,yes,54.4039499749,0.0770366238453,14.5446738226,0.493549619447,,,3771.777397,128.3835609,0.32994697588,0.00099603553769,2.573068042,1.0027313778476,0.815572293,0.407786146,Cheng et al. 2013,14701.6272685,50.0200691556,50.0200691556,yes,,yes,yes,yes,yes,
1474,91,MC-ICP-MS U/Th,231.5,3.1,LSF16-4,calcite,,,14938.6409159,40.5858556805,40.5858556805,,,yes,52.1842136302,0.0458080030848,47.7171160579,1.0173709335,,,1113.784421,23.87565661,0.333242764203,0.000796609260009,2.570144793,1.00239836646177,0.815572293,0.407786146,Cheng et al. 2013,14868.5383613,41.2003345461,41.2003345461,yes,,yes,yes,yes,yes,
1475,91,MC-ICP-MS U/Th,304.2,2.2,LSF16-5,calcite,,,15243.3072177,57.5728813615,57.5728813615,,,yes,73.5332350424,0.0741449134471,353.666787834,7.0977677619,,,219.5032064,4.463522557,0.345442699269,0.00118394298729,2.61353292,1.0025687470517,0.815572293,0.407786146,Cheng et al. 2013,15131.1406904,68.3370204541,68.3370204541,yes,,yes,yes,yes,yes,
1476,91,MC-ICP-MS U/Th,355.3,3.1,LSF16-7,calcite,,,15767.6732501,63.6374661166,63.6374661166,,,yes,66.0823196652,0.0680323058451,59.8016968596,1.38773305728,,,1219.664263,28.62343451,0.361154533901,0.00131812415804,2.646301729,1.00282559833167,0.815572293,0.407786146,Cheng et al. 2013,15697.9802377,63.9964955906,63.9964955906,yes,,yes,yes,yes,yes,
1477,91,MC-ICP-MS U/Th,386.1,3.5,LSF16-8,calcite,,,16271.6263864,78.8435102405,78.8435102405,,,yes,62.1955852656,0.0808062207083,76.5860938837,1.6463239764,,,943.5516124,20.64650006,0.380172384583,0.00163077753859,2.703824721,1.00415344058562,0.815572293,0.407786146,Cheng et al. 2013,16198.7383003,79.3510386594,79.3510386594,yes,,yes,yes,yes,yes,
1478,91,MC-ICP-MS U/Th,406.1,2.7,LSF16-9,calcite,,,16794.7931499,50.1976366733,50.1976366733,,,yes,76.2919636119,0.111774370596,984.230181906,19.7425341382,,,92.13437906,1.858386917,0.388923462802,0.00100163941504,2.685126451,1.00297562888397,0.815572293,0.407786146,Cheng et al. 2013,16598.9963779,108.288620902,108.288620902,yes,,yes,yes,yes,yes,
1479,91,MC-ICP-MS U/Th,415.1,2.5,LSF16-10,calcite,,,16909.4899262,54.285845619,54.285845619,,,yes,34.4926035755,0.043627062131,65.3701211297,1.38006637368,,,640.0516649,13.60162611,0.396910775153,0.00108677344204,2.722487945,1.00340483425041,0.815572293,0.407786146,Cheng et al. 2013,16829.8219515,56.0143930742,56.0143930742,yes,,yes,yes,yes,yes,
1480,91,MC-ICP-MS U/Th,437.6,2.3,LSF16-11,calcite,,,17193.5084451,53.588420497,53.588420497,,,yes,85.4520852486,0.134550083348,392.929218115,7.90430307717,,,267.232051,5.406884422,0.402072850373,0.00107748882963,2.715180178,1.00314563202013,0.815572293,0.407786146,Cheng et al. 2013,17085.6982913,63.2965030001,63.2965030001,yes,,yes,yes,yes,yes,
1481,91,MC-ICP-MS U/Th,444.6,3,LSF 16 12,calcite,,,17318.3567154,39.5870421845,39.5870421845,,,yes,124.660749401,0.102462287905,219.854082454,4.43204832047,,,702.3658407,14.21309556,0.405315047657,0.000788558911114,2.718536953,1.00242238400065,0.815572293,0.407786146,Cheng et al. 2013,17240.039321,41.6337550219,41.6337550219,yes,,yes,yes,yes,yes,
1482,91,MC-ICP-MS U/Th,444.6,2.8,LSF16-13,calcite,,,18327.6563103,49.8378127359,49.8378127359,,,yes,75.634720438,0.0553192264678,724.779878269,14.5195857643,,,135.4317635,2.730619957,0.424648896681,0.00101643658335,2.701324057,1.00227249227023,0.815572293,0.407786146,Cheng et al. 2013,18167.6944666,86.4559803044,86.4559803044,yes,,yes,yes,yes,yes,
1483,92,MC-ICP-MS U/Th,0,3,LSF3-A,calcite,,,17397.884828,139.183921219,139.183921219,,,yes,62.073481342,0.183510596069,255.67712769,1.62621919867,,,301.345751,2.694496113,0.4055718519,0.00281673937697,2.712091189,1.00760606907348,0.815572293,0.407786146,Cheng et al. 2013,17296.0424144,140.6874062,140.6874062,,,yes,yes,,,yes
1484,92,MC-ICP-MS U/Th,111,2.9,LSF3-B,calcite,,,18075.0081909,140.908919149,140.908919149,,,yes,84.8420034961,0.29073613641,157.518806891,1.48296347439,,,696.6218194,7.631020044,0.42260587382,0.00277461227504,2.726630028,1.00855881623013,0.815572293,0.407786146,Cheng et al. 2013,17996.8279639,141.159742168,141.159742168,,,yes,yes,,,yes
1485,92,MC-ICP-MS U/Th,123,3,LSF3-128,calcite,,,18409.3358558,56.0337764417,56.0337764417,,,yes,75.6098714197,0.105971017334,758.557022278,15.2216547281,,,130.4910611,2.630848985,0.428366047346,0.00102869605413,2.713563522,1.00408653457131,0.815572293,0.407786146,Cheng et al. 2013,18244.1757371,92.4444731425,92.4444731425,,,yes,yes,,,yes
1486,92,MC-ICP-MS U/Th,179,3,LSF3-188,calcite,,,19385.4531117,62.3993203069,62.3993203069,,,yes,69.7068422091,0.0920389373024,138.68053577,2.84941578217,,,694.6428875,14.35481853,0.452195503739,0.00116367715372,2.729689173,1.0041407571474,0.815572293,0.407786146,Cheng et al. 2013,19303.9527206,64.0268223001,64.0268223001,,,yes,yes,,,yes
2335,154,TIMS,6.5,4,SPA133(6.5),calcite,,,,,,,,yes,65894,66,0,,0.09369,0.00052,,,0.083936823,0.000473393,0.9945,0.0018,0.825111034,0.412555517,Cheng et al. 2000,9929,61,61,yes,,,yes,,yes,yes
2336,154,TIMS,12.5,4,SPA133(12.5),calcite,,,,,,,,yes,70884,71,0,,0.10337,0.00093,,,0.086089753,0.000779318,0.9944,0.0014,0.825111034,0.412555517,Cheng et al. 2000,10199,98,98,yes,,,yes,,yes,yes
2337,154,TIMS,21.5,4,SPA133(21.5),calcite,,,,,,,,yes,97441,97,0,,0.1422,0.0012,,,0.086151536,0.000732058,0.9933,0.0014,0.825111034,0.412555517,Cheng et al. 2000,10214,92,92,yes,,,yes,,yes,yes
2338,154,TIMS,32,4,SPA133(32.0),calcite,,,,,,,,yes,109040,110,0,,0.1598,0.0012,,,0.086515933,0.000655518,0.9884,0.0014,0.825111034,0.412555517,Cheng et al. 2000,10317,85,85,yes,,,yes,,yes,yes
2339,154,TIMS,43,4,SPA133(43.0),calcite,,,,,,,,yes,102840,100,0,,0.15378,0.00088,,,0.088276062,0.000512397,0.9922,0.0014,0.825111034,0.412555517,Cheng et al. 2000,10496,66,66,yes,,,yes,,yes,yes
2340,154,TIMS,53,4,SPA133(53.0),calcite,,,,,,,,yes,93755,94,0,,0.1422,0.0011,,,0.089538604,0.000698427,0.9939,0.0014,0.825111034,0.412555517,Cheng et al. 2000,10637,89,89,yes,,,yes,,yes,yes
2341,154,TIMS,60,4,SPA133(60.0),calcite,,,,,,,,yes,90203,90,0,,0.1386,0.001,,,0.09070838,0.00066069,0.995,0.0014,0.825111034,0.412555517,Cheng et al. 2000,10769,85,85,yes,,,yes,,yes,yes
2342,154,TIMS,66.5,4,SPA133(66.5),calcite,,,,,,,,yes,68673,69,0,,0.10563,0.00045,,,0.090804301,0.000397454,0.9971,0.0014,0.825111034,0.412555517,Cheng et al. 2000,10757,53,53,yes,,,yes,,yes,yes
2729,114,MC-ICP-MS U/Th,5,,D3-25,calcite,,,77,5,5,,,yes,856,1,392,5,,,,,0.00088,4e-05,0.7552,0.0009,0.814430125,0.407215062,Cheng et al. 2000,49,21,21,yes,,yes,,yes,yes,yes
2730,114,MC-ICP-MS U/Th,40,,D3-24,calcite,,,91500,400,400,,,yes,1080,1,4817,19,,,,,0.4292,0.001,0.7825,0.0008,0.814430125,0.407215062,Cheng et al. 2000,91200,500,500,yes,,yes,,yes,yes,yes
2731,114,MC-ICP-MS U/Th,179,,D3-9,calcite,,,98300,500,500,,,yes,1067,1,698,4,,,,,0.4504,0.0011,0.7865,0.001,0.814430125,0.407215062,Cheng et al. 2000,98200,500,500,yes,,yes,,yes,yes,yes
2732,114,MC-ICP-MS U/Th,510,,D3-23,calcite,,,101000,500,500,,,yes,989,1,977,6,,,,,0.4478,0.001,0.7719,0.0009,0.814430125,0.407215062,Cheng et al. 2000,101000,500,500,yes,,yes,,yes,yes,yes
2733,114,MC-ICP-MS U/Th,639,,D3-22,calcite,,,105100,500,500,,,yes,920,1,1073,6,,,,,0.4821,0.0011,0.8065,0.001,0.814430125,0.407215062,Cheng et al. 2000,105000,500,500,yes,,yes,,yes,yes,yes
2734,114,MC-ICP-MS U/Th,734,,D3-21,calcite,,,110900,600,600,,,yes,1082,1,613,5,,,,,0.5016,0.0012,0.8133,0.001,0.814430125,0.407215062,Cheng et al. 2000,110800,600,600,yes,,yes,,yes,yes,yes
2735,114,MC-ICP-MS U/Th,1025,,D3-20,calcite,,,113900,600,600,,,yes,1188,1,383,5,,,,,0.5041,0.0012,0.8066,0.0008,0.814430125,0.407215062,Cheng et al. 2000,113900,600,600,yes,,yes,,yes,yes,yes
2736,114,MC-ICP-MS U/Th,1169,,D3-8,calcite,,,118200,600,600,,,yes,1138,1,587,3,,,,,0.5048,0.0012,0.7945,0.0008,0.814430125,0.407215062,Cheng et al. 2000,118200,600,600,yes,,yes,,yes,yes,yes
2737,114,MC-ICP-MS U/Th,1169,,D3-8,calcite,,,118400,700,700,,,yes,1334,2,514,3,,,,,0.5066,0.0013,0.7965,0.0009,0.814430125,0.407215062,Cheng et al. 2000,118300,700,700,yes,,yes,,yes,yes,yes
2738,114,MC-ICP-MS U/Th,1415,,D3-19,calcite,,,119600,600,600,,,yes,1251,1,306,5,,,,,0.5092,0.0012,0.7965,0.0009,0.814430125,0.407215062,Cheng et al. 2000,119600,600,600,yes,,yes,,yes,yes,yes
2739,114,MC-ICP-MS U/Th,1615,,D3-18,calcite,,,122000,600,600,,,yes,1367,1,1137,5,,,,,0.5209,0.0012,0.8047,0.0008,0.814430125,0.407215062,Cheng et al. 2000,121900,600,600,yes,,yes,,yes,yes,yes
2740,114,MC-ICP-MS U/Th,1808,,D3-7,calcite,,,123700,800,800,,,yes,970,1,531,6,,,,,0.5328,0.0013,0.8152,0.0013,0.814430125,0.407215062,Cheng et al. 2000,123700,800,800,yes,,yes,,yes,yes,yes
2741,114,MC-ICP-MS U/Th,1815,,D3-17,calcite,,,124200,600,600,,,yes,1115,1,16671,151,,,,,0.5314,0.0012,0.8121,0.0008,0.814430125,0.407215062,Cheng et al. 2000,124100,600,600,yes,,yes,,yes,yes,yes
2742,114,MC-ICP-MS U/Th,1851,,D3-16,calcite,,,131000,800,800,,,yes,714,1,21024,156,,,,,0.5425,0.0013,0.8082,0.0009,0.814430125,0.407215062,Cheng et al. 2000,129100,1600,1600,yes,,yes,,yes,yes,yes
2743,114,MC-ICP-MS U/Th,1859,,D3-15,calcite,,,136800,1200,1200,,,yes,1021,2,66580,480,,,,,0.5556,0.0015,0.8105,0.0018,0.814430125,0.407215062,Cheng et al. 2000,132500,3200,3200,yes,,yes,,yes,yes,yes
2744,114,MC-ICP-MS U/Th,1873,,D3-14,calcite,,,134000,1000,1000,,,yes,833,1,9523,39,,,,,0.5583,0.0014,0.8205,0.0015,0.814430125,0.407215062,Cheng et al. 2000,133200,1100,1100,yes,,yes,,yes,yes,yes
2745,114,MC-ICP-MS U/Th,1914,,D3-13,calcite,,,137300,1100,1100,,,yes,953,2,7055,51,,,,,0.562,0.0015,0.8169,0.0016,0.814430125,0.407215062,Cheng et al. 2000,136900,1100,1100,yes,,yes,,yes,yes,yes
2746,114,MC-ICP-MS U/Th,1959,,D3-6,calcite,,,145600,1000,1000,,,yes,915,1,3986,28,,,,,0.5819,0.0015,0.8225,0.0009,0.814430125,0.407215062,Cheng et al. 2000,145300,1000,1000,yes,,yes,,yes,yes,yes
2747,114,MC-ICP-MS U/Th,1959,,D3-6,calcite,,,145000,1100,1100,,,yes,873,1,2970,15,,,,,0.5799,0.0015,0.8214,0.0013,0.814430125,0.407215062,Cheng et al. 2000,144800,1100,1100,yes,,yes,,yes,yes,yes
2748,114,MC-ICP-MS U/Th,2043,,D3-12,calcite,,,150000,900,900,,,yes,1231,1,2310,11,,,,,0.5891,0.0014,0.8222,0.0007,0.814430125,0.407215062,Cheng et al. 2000,149800,900,900,yes,,yes,,yes,yes,yes
2749,114,MC-ICP-MS U/Th,2058,,D3-11,calcite,,,161100,5300,5300,,,yes,1383,6,27464,211,,,,,0.607,0.0049,0.8224,0.0066,0.814430125,0.407215062,Cheng et al. 2000,159800,5300,5300,yes,,yes,,yes,yes,yes
2750,114,MC-ICP-MS U/Th,2093,,D3-10,calcite,,,163700,4500,4500,,,yes,936,4,12827,106,,,,,0.6249,0.0034,0.8373,0.0064,0.814430125,0.407215062,Cheng et al. 2000,162900,4600,4600,yes,,yes,,yes,yes,yes
2751,115,MC-ICP-MS U/Th,5,,D4-26,calcite,,,111,43,43,,,yes,600,0.5,249,13,,,,,0.00147,0.0004,0.998,0.0011,0.814430125,0.407215062,Cheng et al. 2000,92,46,46,yes,,,,,yes,yes
2752,115,MC-ICP-MS U/Th,110,,D4-25,calcite,,,368,11,11,,,yes,488,0.5,129,9,,,,,0.0038,0.0001,0.9931,0.0014,0.814430125,0.407215062,Cheng et al. 2000,356,14,14,yes,,,,,yes,yes
2753,115,MC-ICP-MS U/Th,130,,D4-24,calcite,,,435,26,26,,,yes,387.2,0.4,316,10,,,,,0.00441,0.00023,0.9944,0.0017,0.814430125,0.407215062,Cheng et al. 2000,397,37,37,yes,,,,,yes,yes
2754,115,MC-ICP-MS U/Th,250,,D4-23,calcite,,,1537,26,26,,,yes,438.5,0.3,263,10,,,,,0.0143,0.00023,0.9914,0.0011,0.814430125,0.407215062,Cheng et al. 2000,1509,33,33,yes,,,,,yes,yes
2755,115,MC-ICP-MS U/Th,300,,D4-21,calcite,,,2335,31,31,,,yes,341.9,1.8,433,11,,,,,0.02165,0.0002,1.002,0.009,0.814430125,0.407215062,Cheng et al. 2000,2276,52,52,yes,,,,,yes,yes
2756,115,MC-ICP-MS U/Th,455,,D4-20,calcite,,,3975,30,30,,,yes,475.7,0.8,208,9,,,,,0.03651,0.00025,1.0088,0.0025,0.814430125,0.407215062,Cheng et al. 2000,3955,33,33,yes,,,,,yes,yes
2757,115,MC-ICP-MS U/Th,470,,D4-19,calcite,,,4148,31,31,,,yes,335.5,0.2,120,8,,,,,0.03745,0.00027,1.0009,0.0009,0.814430125,0.407215062,Cheng et al. 2000,4098,33,33,yes,,,,,yes,yes
2758,115,MC-ICP-MS U/Th,620,,D4-28,calcite,,,5320,37,37,,,yes,507.1,1.2,56,7,,,,,0.04798,0.00031,0.9898,0.0013,0.814430125,0.407215062,Cheng et al. 2000,5315,46,46,yes,,,,,yes,yes
2759,115,MC-ICP-MS U/Th,860,,D4-18,calcite,,,6227,147,147,,,yes,420.2,5.3,70,8,,,,,0.05236,0.00079,0.938,0.016,0.814430125,0.407215062,Cheng et al. 2000,6219,147,147,yes,,,,,yes,yes
2760,115,MC-ICP-MS U/Th,1020,,D4-17,calcite,,,6663,42,42,,,yes,443.3,0.3,57,8,,,,,0.05839,0.00035,0.9794,0.0009,0.814430125,0.407215062,Cheng et al. 2000,6657,42,42,yes,,,,,yes,yes
2761,115,MC-ICP-MS U/Th,1220,,D4-16,calcite,,,7385,43,43,,,yes,344.7,0.5,13,9,,,,,0.0652,0.00033,0.9906,0.0025,0.814430125,0.407215062,Cheng et al. 2000,7383,43,43,yes,,,,,yes,yes
2762,115,MC-ICP-MS U/Th,1440,,D4-15,calcite,,,8297,45,45,,,yes,468,0.6,213,8,,,,,0.07182,0.00034,0.9762,0.0018,0.814430125,0.407215062,Cheng et al. 2000,8275,47,47,yes,,,,,yes,yes
2763,115,MC-ICP-MS U/Th,1620,,D4-29,calcite,,,9085,63,63,,,yes,486.5,1,320,9,,,,,0.08038,0.00052,1.0016,0.0014,0.814430125,0.407215062,Cheng et al. 2000,9054,80,80,yes,,,,,yes,yes
2764,115,MC-ICP-MS U/Th,1640,,D4-13,calcite,,,9333,40,40,,,yes,482.2,0.4,116,7,,,,,0.0813,0.00032,0.9875,0.001,0.814430125,0.407215062,Cheng et al. 2000,9321,41,41,yes,,,,,yes,yes
2765,115,MC-ICP-MS U/Th,1668,,B6-5,calcite,,,10010,110,110,,,yes,294,0.54,219,24,,,,,0.08664,0.00088,0.9842,0.0018,0.814430125,0.407215062,Cheng et al. 2000,9980,110,110,yes,,,,,yes,yes
2766,115,MC-ICP-MS U/Th,1691,,B6-7,calcite,,,10470,60,60,,,yes,314,0.39,458,15,,,,,0.09116,0.00048,0.9927,0.0015,0.814430125,0.407215062,Cheng et al. 2000,10400,80,80,yes,,,,,yes,yes
2767,115,MC-ICP-MS U/Th,1717,,B7-8,calcite,,,10930,120,120,,,yes,372,0.71,217,23,,,,,0.09489,0.00094,0.9929,0.0019,0.814430125,0.407215062,Cheng et al. 2000,10890,120,120,yes,,,,,yes,yes
2768,115,MC-ICP-MS U/Th,1742,,B7-1,calcite,,,11410,80,80,,,yes,366,0.45,354,23,,,,,0.09879,0.00065,0.9912,0.0013,0.814430125,0.407215062,Cheng et al. 2000,11370,80,80,yes,,,,,yes,yes
2769,115,MC-ICP-MS U/Th,1783,,B7-7,calcite,,,12160,80,80,,,yes,428,0.82,117,23,,,,,0.10415,0.00061,0.9844,0.0018,0.814430125,0.407215062,Cheng et al. 2000,12150,80,80,yes,,,,,yes,yes
2770,115,MC-ICP-MS U/Th,1795,,B7-2,calcite,,,12570,80,80,,,yes,386,0.66,465,22,,,,,0.1061,0.00062,0.9723,0.0016,0.814430125,0.407215062,Cheng et al. 2000,12510,80,80,yes,,,,,yes,yes
2771,115,MC-ICP-MS U/Th,1812,,B7-3,calcite,,,13010,90,90,,,yes,348,0.59,73.1,23,,,,,0.11069,0.00069,0.9824,0.0016,0.814430125,0.407215062,Cheng et al. 2000,13000,90,90,yes,,,,,yes,yes
2772,115,MC-ICP-MS U/Th,1833,,B7-6,calcite,,,13170,100,100,,,yes,372,0.62,23.9,24,,,,,0.1135,0.00074,0.9951,0.0016,0.814430125,0.407215062,Cheng et al. 2000,13170,100,100,yes,,,,,yes,yes
2773,115,MC-ICP-MS U/Th,1844,,B7-4,calcite,,,13170,100,100,,,yes,287,0.49,72.3,22,,,,,0.11427,0.00077,1.0014,0.0017,0.814430125,0.407215062,Cheng et al. 2000,13170,100,100,yes,,,,,yes,yes
2774,115,MC-ICP-MS U/Th,1869,,B7-5,calcite,,,13650,100,100,,,yes,302,0.88,98.4,23,,,,,0.11682,0.00074,0.9906,0.003,0.814430125,0.407215062,Cheng et al. 2000,13640,100,100,yes,,,,,yes,yes
2775,115,MC-ICP-MS U/Th,1886,,B8-2,calcite,,,14130,100,100,,,yes,284,0.52,78.1,22,,,,,0.12077,0.00079,0.9917,0.0017,0.814430125,0.407215062,Cheng et al. 2000,14120,100,100,yes,,,,,yes,yes
2776,115,MC-ICP-MS U/Th,1905,,B8-3,calcite,,,14910,100,100,,,yes,259,0.46,397,23,,,,,0.12732,0.00078,0.9946,0.0018,0.814430125,0.407215062,Cheng et al. 2000,14840,100,100,yes,,,,,yes,yes
2777,115,MC-ICP-MS U/Th,1921,,B8-4,calcite,,,15550,90,90,,,yes,327,0.52,81.4,23,,,,,0.13317,0.00072,1,0.0015,0.814430125,0.407215062,Cheng et al. 2000,15540,100,100,yes,,,,,yes,yes
2778,115,MC-ICP-MS U/Th,1935,,B8-1,calcite,,,15980,100,100,,,yes,406,0.55,562,22,,,,,0.13511,0.00074,0.989,0.0014,0.814430125,0.407215062,Cheng et al. 2000,15920,110,110,yes,,,,,yes,yes
2779,115,MC-ICP-MS U/Th,1950,,D4-34,calcite,,,43400,300,300,,,yes,356.4,0.7,662,10,,,,,0.3116,0.0017,0.9519,0.0014,0.814430125,0.407215062,Cheng et al. 2000,43300,300,300,yes,,,,,yes,yes
2780,115,MC-ICP-MS U/Th,2000,,D4-10,calcite,,,47900,200,200,,,yes,430.6,0.3,429,9,,,,,0.3387,0.001,0.9562,0.0009,0.814430125,0.407215062,Cheng et al. 2000,47800,200,200,yes,,,,,yes,yes
2781,115,MC-ICP-MS U/Th,2220,,D4-9,calcite,,,59100,300,300,,,yes,343.3,0.3,90,9,,,,,0.4207,0.0016,1.0059,0.0013,0.814430125,0.407215062,Cheng et al. 2000,59100,300,300,yes,,,,,yes,yes
2782,115,MC-ICP-MS U/Th,2325,,D4-35,calcite,,,64900,500,500,,,yes,393.2,0.8,760,9,,,,,0.4262,0.0021,0.9551,0.0017,0.814430125,0.407215062,Cheng et al. 2000,64800,500,500,yes,,,,,yes,yes
2783,115,MC-ICP-MS U/Th,2360,,D4-36,calcite,,,113200,1100,1100,,,yes,685.1,1.7,61,9,,,,,0.5769,0.0025,0.9051,0.0021,0.814430125,0.407215062,Cheng et al. 2000,113200,1100,1100,yes,,,,,yes,yes
2784,115,MC-ICP-MS U/Th,2400,,D4-8,calcite,,,114400,700,700,,,yes,503.9,0.5,387,11,,,,,0.5627,0.0016,0.884,0.0012,0.814430125,0.407215062,Cheng et al. 2000,114300,700,700,yes,,,,,yes,yes
2785,115,MC-ICP-MS U/Th,2440,,D4-7,calcite,,,125000,600,600,,,yes,522.3,0.4,1639,27,,,,,0.6313,0.0016,0.9363,0.0008,0.814430125,0.407215062,Cheng et al. 2000,124800,700,700,yes,,,,,yes,yes
2786,115,MC-ICP-MS U/Th,2540,,D4-6,calcite,,,126900,900,900,,,yes,565.3,0.9,67,10,,,,,0.6457,0.0017,0.9479,0.0021,0.814430125,0.407215062,Cheng et al. 2000,126900,900,900,yes,,,,,yes,yes
2787,115,MC-ICP-MS U/Th,2590,,D4-5,calcite,,,128500,800,800,,,yes,514.5,0.6,379,9,,,,,0.6588,0.0016,0.959,0.0017,0.814430125,0.407215062,Cheng et al. 2000,128400,800,800,yes,,,,,yes,yes
2788,115,MC-ICP-MS U/Th,2610,,D4-27,calcite,,,129300,900,900,,,yes,558,0.8,186,9,,,,,0.6637,0.0017,0.9625,0.0018,0.814430125,0.407215062,Cheng et al. 2000,129300,900,900,yes,,,,,yes,yes
2789,115,MC-ICP-MS U/Th,2680,,D4-4,calcite,,,131900,900,900,,,yes,312.9,0.3,375,10,,,,,0.686,0.0019,0.9813,0.0017,0.814430125,0.407215062,Cheng et al. 2000,131800,900,900,yes,,,,,yes,yes
2790,115,MC-ICP-MS U/Th,2760,,D4-3,calcite,,,136500,1000,1000,,,yes,450,0.6,176,9,,,,,0.6831,0.0019,0.9635,0.002,0.814430125,0.407215062,Cheng et al. 2000,136500,1000,1000,yes,,,,,yes,yes
2791,115,MC-ICP-MS U/Th,2900,,D4-37,calcite,,,138600,1200,1200,,,yes,433.2,0.9,2561,10,,,,,0.6775,0.0025,0.9508,0.0015,0.814430125,0.407215062,Cheng et al. 2000,138300,1200,1200,yes,,,,,yes,yes
2792,115,MC-ICP-MS U/Th,2930,,D4-2,calcite,,,147400,1300,1300,,,yes,395.2,0.6,3966,39,,,,,0.7041,0.002,0.9581,0.0023,0.814430125,0.407215062,Cheng et al. 2000,146900,1300,1300,yes,,,,,yes,yes
2793,115,MC-ICP-MS U/Th,2990,,D4-38,calcite,,,147800,1300,1300,,,yes,534.4,1,1517,11,,,,,0.7018,0.0026,0.9545,0.0014,0.814430125,0.407215062,Cheng et al. 2000,147700,1300,1300,yes,,,,,yes,yes
2794,115,MC-ICP-MS U/Th,3020,,D4-1#,calcite,,,166200,2100,2100,,,yes,374.7,0.3,79860,750,,,,,0.7488,0.0038,0.9648,0.0013,0.814430125,0.407215062,Cheng et al. 2000,155300,7700,7700,yes,,,,,yes,yes
3898,253,MC-ICP-MS U/Th,130,,,calcite,1000,1000,489,13,13,,,yes,465.7,1.5,1277,14,,,10.9,0.3,0.0087,0.0002,1.7479,1.0029,1.97,0.985,Cheng et al. 2000,378,57,57,yes,,yes,yes,,yes,yes
3899,253,MC-ICP-MS U/Th,286,,,calcite,1000,1000,740,10,10,,,yes,416.4,0.5,1450,1,,,11.8,0.1,0.013,0.0002,1.7963,1.0023,1.97,0.985,Cheng et al. 2000,603,69,69,yes,,yes,yes,,yes,yes
3900,253,MC-ICP-MS U/Th,530,,,calcite,1000,1000,1387,13,13,,,yes,487.5,0.6,1427,1,,,25,0.2,0.0238,0.0002,1.8161,1.0023,1.97,0.985,Cheng et al. 2000,1273,59,59,yes,,yes,yes,,yes,yes
3901,253,MC-ICP-MS U/Th,590,,,calcite,1000,1000,1542,12,12,,,yes,509.1,0.6,1500,2,,,27.7,0.1,0.0267,0.0002,1.8369,1.0023,1.97,0.985,Cheng et al. 2000,1427,58,58,yes,,yes,yes,,yes,yes
3902,253,MC-ICP-MS U/Th,670,,,calcite,1000,1000,1966,13,13,,,yes,606.6,0.7,2298,5,,,27,0.1,0.0335,0.0002,1.8243,1.0023,1.97,0.985,Cheng et al. 2000,1818,75,75,yes,,yes,yes,,yes,yes
3903,253,MC-ICP-MS U/Th,790,,,calcite,1000,1000,2286,15,15,,,yes,498.2,0.6,792,1,,,73.5,0.4,0.0389,0.0002,1.8343,1.0023,1.97,0.985,Cheng et al. 2000,2224,34,34,yes,,yes,yes,,yes,yes
3904,253,MC-ICP-MS U/Th,910,,,calcite,1000,1000,2722,15,15,,,yes,545.8,0.7,973,1,,,76.9,0.3,0.0457,0.0002,1.819,1.0023,1.97,0.985,Cheng et al. 2000,2651,38,38,yes,,yes,yes,,yes,yes
3905,253,MC-ICP-MS U/Th,1090,,,calcite,1000,1000,3328,17,17,,,yes,690.3,0.8,2003,3,,,57.4,0.3,0.0548,0.0003,1.7936,1.0023,1.97,0.985,Cheng et al. 2000,3211,61,61,yes,,yes,yes,,yes,yes
3906,253,MC-ICP-MS U/Th,1210,,,calcite,1000,1000,4038,15,15,,,yes,556.1,0.7,1734,2,,,66.1,0.2,0.0681,0.0002,1.8485,1.0023,1.97,0.985,Cheng et al. 2000,3915,63,63,yes,,yes,yes,,yes,yes
3907,253,MC-ICP-MS U/Th,1310,,,calcite,1000,1000,4221,20,20,,,yes,489.4,0.6,496,1,,,207.1,0.8,0.0721,0.0003,1.8725,1.0023,1.97,0.985,Cheng et al. 2000,4181,28,28,yes,,yes,yes,,yes,yes
3908,253,MC-ICP-MS U/Th,1420,,,calcite,1000,1000,4591,19,19,,,yes,484.6,0.6,1423,2,,,78,0.2,0.0761,0.0003,1.8211,1.0023,1.97,0.985,Cheng et al. 2000,4474,62,62,yes,,yes,yes,,yes,yes
3909,253,MC-ICP-MS U/Th,1540,,,calcite,1000,1000,5251,33,33,,,yes,480.3,0.6,2134,4,,,58.9,0.3,0.0863,0.0005,1.8147,1.0023,1.97,0.985,Cheng et al. 2000,5071,95,95,yes,,yes,yes,,yes,yes
3910,253,MC-ICP-MS U/Th,1658,,,calcite,1000,1000,5485,46,46,,,yes,558.6,1.8,591,3,,,273.8,1.5,0.0912,0.0007,1.8385,1.0029,1.97,0.985,Cheng et al. 2000,5443,50,50,yes,,yes,yes,,yes,yes
3911,253,MC-ICP-MS U/Th,1770,,,calcite,1000,1000,6182,19,19,,,yes,465.4,0.6,973,1,,,145.8,0.3,0.1018,0.0003,1.8268,1.0023,1.97,0.985,Cheng et al. 2000,6098,46,46,yes,,yes,yes,,yes,yes
3912,253,MC-ICP-MS U/Th,1836,,,calcite,1000,1000,6756,102,102,,,yes,517.7,1.6,714,4,,,249.4,2.6,0.11,0.0016,1.8112,1.0029,1.97,0.985,Cheng et al. 2000,6699,106,106,yes,,yes,yes,,yes,yes
3913,253,MC-ICP-MS U/Th,1930,,,calcite,1000,1000,6929,29,29,,,yes,409.6,0.5,435,0,,,299.3,0.9,0.1099,0.0004,1.7671,1.0023,1.97,0.985,Cheng et al. 2000,6884,36,36,yes,,yes,yes,,yes,yes
3914,253,MC-ICP-MS U/Th,2080,,,calcite,1000,1000,7733,25,25,,,yes,424.1,0.5,3892,6,,,40,0.1,0.1204,0.0004,1.741,1.0023,1.97,0.985,Cheng et al. 2000,7339,198,198,yes,,yes,yes,,yes,yes
3915,253,MC-ICP-MS U/Th,2170,,,calcite,1000,1000,7899,34,34,,,yes,405.4,0.5,1778,3,,,84.6,0.3,0.1226,0.0005,1.7371,1.0023,1.97,0.985,Cheng et al. 2000,7710,100,100,yes,,yes,yes,,yes,yes
3916,253,MC-ICP-MS U/Th,2280,,,calcite,1000,1000,8071,25,25,,,yes,446.8,0.5,908,1,,,182.9,0.4,0.1249,0.0003,1.7334,1.0023,1.97,0.985,Cheng et al. 2000,7983,51,51,yes,,yes,yes,,yes,yes
3917,253,MC-ICP-MS U/Th,2400,,,calcite,1000,1000,8719,63,63,,,yes,443.4,1.4,964,7,,,204.2,1.2,0.1393,0.001,1.7953,1.0029,1.97,0.985,Cheng et al. 2000,8627,78,78,yes,,yes,yes,,yes,yes
3918,253,MC-ICP-MS U/Th,2530,,,calcite,1000,1000,9483,43,43,,,yes,3796.8,11.9,3127,52,,,555.6,1.1,0.1439,0.0006,1.7109,1.0029,1.97,0.985,Cheng et al. 2000,9446,46,46,yes,,yes,yes,,yes,yes
3919,254,MC-ICP-MS U/Th,2290,,,calcite,500,500,8100,110,110,,,yes,484.3,0.6,1509,3,0.991,0.005,121.55856585,308.49625946,,,1.7314,1.0012,1.97,0.985,Cheng et al. 2000,7960,130,130,yes,yes,yes,yes,,yes,yes
3920,254,MC-ICP-MS U/Th,2301,,,calcite,500,500,8350,110,110,,,yes,420.8,0.6,3097,5,0.88,0.004,52.5947772,148.07820454,,,1.717,1.0012,1.97,0.985,Cheng et al. 2000,8030,190,190,yes,yes,yes,yes,,yes,yes
3921,254,MC-ICP-MS U/Th,2310,,,calcite,500,500,8590,120,120,,,yes,371.9,0.5,3992,7,0.795,0.004,36.86190275,105.7701461,,,1.7092,1.0012,1.97,0.985,Cheng et al. 2000,8120,260,260,yes,yes,yes,yes,,yes,yes
3922,254,MC-ICP-MS U/Th,2320,,,calcite,500,500,8610,120,120,,,yes,402.5,0.6,4683,8,0.875,0.005,34.58478245,115.6860973,,,1.7321,1.0012,1.97,0.985,Cheng et al. 2000,8110,280,280,yes,yes,yes,yes,,yes,yes
3923,254,MC-ICP-MS U/Th,2330,,,calcite,500,500,8670,110,110,,,yes,445.9,0.6,6596,11,0.985,0.005,27.64119002,84.13534349,,,1.7495,1.0012,1.97,0.985,Cheng et al. 2000,8040,340,340,yes,yes,yes,yes,,yes,yes
3924,254,MC-ICP-MS U/Th,2340,,,calcite,500,500,8570,110,110,,,yes,372.7,0.5,3416,5,0.811,0.004,43.94446132,148.07820454,,,1.743,1.0012,1.97,0.985,Cheng et al. 2000,8170,230,230,yes,yes,yes,yes,,yes,yes
3925,254,MC-ICP-MS U/Th,2350,,,calcite,500,500,8580,110,110,,,yes,499.6,0.7,4139,8,1.096,0.005,49.01356372,115.6860973,,,1.7552,1.0012,1.97,0.985,Cheng et al. 2000,8220,210,210,yes,yes,yes,yes,,yes,yes
3926,254,MC-ICP-MS U/Th,2359,,,calcite,500,500,8350,110,110,,,yes,668,0.9,4360,8,1.44,0.006,61.13320371,138.82331676,,,1.7701,1.0012,1.97,0.985,Cheng et al. 2000,8070,170,170,yes,yes,yes,yes,,yes,yes
3927,254,MC-ICP-MS U/Th,2368,,,calcite,500,500,8500,110,110,,,yes,433,0.6,1832,3,0.936,0.005,94.56959569,308.49625946,,,1.7438,1.0012,1.97,0.985,Cheng et al. 2000,8320,140,140,yes,yes,yes,yes,,yes,yes
3995,261,TIMS,3.5,,4364,calcite,,,,,,,,yes,4058,4.1,154.3,1,27.59,0.18,,,,,0.8426,0.0013,0.825111034,0.412555517,Cheng et al. 2000,76200,770,770,,,,,,,
3996,261,TIMS,5.5,,4365,calcite,,,,,,,,yes,2018.9,2,1495.6,9.4,15.33,0.15,,,,,0.86,0.0016,0.825111034,0.412555517,Cheng et al. 2000,87050,1400,1400,,,,,,,
3997,261,TIMS,18.5,,4366,calcite,,,,,,,,yes,3128.5,3.1,522.7,3.4,27.27,0.25,,,,,0.8633,0.0019,0.825111034,0.412555517,Cheng et al. 2000,108850,1900,1900,,,,,,,
3998,261,TIMS,24.5,,4367,calcite,,,,,,,,yes,4588.5,4.6,2278,14,41.91,0.27,,,,,0.8662,0.0014,0.825111034,0.412555517,Cheng et al. 2000,117650,1500,1500,,,,,,,
3999,261,TIMS,27.5,,4368,calcite,,,,,,,,yes,2962,3,1721.1,4.5,27.88,0.12,,,,,0.8715,0.0014,0.825111034,0.412555517,Cheng et al. 2000,122850,1100,1100,,,,,,,
4000,261,TIMS,31,,4369,calcite,,,,,,,,yes,4411.7,4.4,935.4,5,41.14,0.21,,,,,0.8546,0.0014,0.825111034,0.412555517,Cheng et al. 2000,126250,1400,1400,,,,,,,
4001,261,TIMS,34.5,,"3831,2",calcite,,,,,,,,yes,5722,5.7,594.4,3.3,53.42,0.35,,,,,0.8551,0.0015,0.825111034,0.412555517,Cheng et al. 2000,126050,1700,1700,,,,,,,
4002,261,TIMS,39,,4370,calcite,,,,,,,,yes,6365.4,6.4,111.2,0.6,59.81,0.24,,,,,0.8534,0.0012,0.825111034,0.412555517,Cheng et al. 2000,128650,1200,1200,,,,,,,
4003,261,TIMS,46,,4139,calcite,,,,,,,,yes,4027.9,4,491.2,2.2,45.5,0.2,,,,,0.8864,0.0017,0.825111034,0.412555517,Cheng et al. 2000,176050,2400,2400,,,,,,,
4004,261,TIMS,48,,4186,calcite,,,,,,,,yes,14875,15,109.4,0.4,165.03,0.53,,,,,0.8775,0.0013,0.825111034,0.412555517,Cheng et al. 2000,173550,1800,1800,,,,,,,
4005,261,TIMS,63.5,,4140,calcite,,,,,,,,yes,5766.9,5.8,361.4,1.4,67.49,0.29,,,,,0.8888,0.0015,0.825111034,0.412555517,Cheng et al. 2000,192350,2800,2800,,,,,,,
4006,261,TIMS,72.5,,4308,calcite,,,,,,,,yes,4742.3,4.7,1397.1,5.4,55.78,0.23,,,,,0.8853,0.0013,0.825111034,0.412555517,Cheng et al. 2000,198250,2800,2800,,,,,,,
4007,261,TIMS,75.5,,4100,calcite,,,,,,,,yes,6181.5,6.2,1050.3,8.1,72.75,0.65,,,,,0.8857,0.0016,0.825111034,0.412555517,Cheng et al. 2000,198150,5700,5700,,,,,,,
4008,261,TIMS,84.5,,4307,calcite,,,,,,,,yes,3615.7,3.6,61.7,0.4,42.55,0.24,,,,,0.8789,0.0017,0.825111034,0.412555517,Cheng et al. 2000,204350,4100,4100,,,,,,,
4009,261,TIMS,91,,3832,calcite,,,,,,,,yes,6920,6.9,145.1,1.1,82.34,0.48,,,,,0.8883,0.0018,0.825111034,0.412555517,Cheng et al. 2000,202750,4000,4000,,,,,,,
4010,261,TIMS,97,,4306,calcite,,,,,,,,yes,8562,8.6,98.5,0.8,102.58,0.63,,,,,0.8878,0.0014,0.825111034,0.412555517,Cheng et al. 2000,207750,4500,4500,,,,,,,
4011,261,TIMS,102,,4143,calcite,,,,,,,,yes,8749.6,8.7,125.46,0.44,105.78,0.37,,,,,0.8889,0.0015,0.825111034,0.412555517,Cheng et al. 2000,212850,3000,3000,,,,,,,
4012,261,TIMS,108,,4101,calcite,,,,,,,,yes,9108.6,9.1,115.2,0.6,109.45,0.42,,,,,0.8861,0.0013,0.825111034,0.412555517,Cheng et al. 2000,211350,3100,3100,,,,,,,
4013,261,TIMS,111,,4125,calcite,,,,,,,,yes,8704.8,8.7,510.2,1.3,105.61,0.23,,,,,0.891,0.0013,0.825111034,0.412555517,Cheng et al. 2000,213150,2100,2100,,,,,,,
4014,261,TIMS,118,,4305,calcite,,,,,,,,yes,6836.5,6.8,831.9,3.1,83.27,0.33,,,,,0.8925,0.0013,0.825111034,0.412555517,Cheng et al. 2000,214450,3300,3300,,,,,,,
4015,261,TIMS,123,,4126,calcite,,,,,,,,yes,6139.7,6.1,1000,1000,75.54,0.39,,,,,0.8967,0.0013,0.825111034,0.412555517,Cheng et al. 2000,217450,4100,4100,,,,,,,
4016,261,TIMS,125,,4474,calcite,,,,,,,,yes,6347.9,6.3,1000,1000,78.09,0.37,,,,,0.891,0.0016,0.825111034,0.412555517,Cheng et al. 2000,223650,4300,4300,,,,,,,
4017,261,TIMS,127,,4475,calcite,,,,,,,,yes,6350.5,6.4,1000,1000,78.44,0.52,,,,,0.8906,0.0017,0.825111034,0.412555517,Cheng et al. 2000,227450,5900,5900,,,,,,,
4018,261,TIMS,130,,4102,calcite,,,,,,,,yes,8971.3,9,1000,1000,110.99,0.39,,,,,0.8923,0.0013,0.825111034,0.412555517,Cheng et al. 2000,226650,3500,3500,,,,,,,
4019,261,TIMS,136,,4127,calcite,,,,,,,,yes,26786,27,1000,1000,328.47,0.66,,,,,0.8849,0.0013,0.825111034,0.412555517,Cheng et al. 2000,228450,2400,2400,,,,,,,
4020,261,TIMS,143,,4128,calcite,,,,,,,,yes,8069.2,8.1,1000,1000,101.28,0.35,,,,,0.8969,0.0013,0.825111034,0.412555517,Cheng et al. 2000,233350,3700,3700,,,,,,,
4021,261,TIMS,150,,3833,calcite,,,,,,,,yes,8771,8.8,390.2,2.8,109.3,0.69,,,,,0.8954,0.0016,0.825111034,0.412555517,Cheng et al. 2000,228950,5800,5800,,,,,,,
4022,261,TIMS,154,,4304,calcite,,,,,,,,yes,9050.3,9.1,175.8,1.1,114.05,0.49,,,,,0.8969,0.0013,0.825111034,0.412555517,Cheng et al. 2000,236950,4400,4400,,,,,,,
4023,261,TIMS,157,,4103,calcite,,,,,,,,yes,9265.4,9.3,427.7,2.3,116.72,0.58,,,,,0.8979,0.0017,0.825111034,0.412555517,Cheng et al. 2000,235250,5100,5100,,,,,,,
4024,261,TIMS,166,,4104,calcite,,,,,,,,yes,11317,11,74.9,0.4,141.82,0.54,,,,,0.8902,0.0014,0.825111034,0.412555517,Cheng et al. 2000,240950,4300,4300,,,,,,,
4025,261,TIMS,176,,4105,calcite,,,,,,,,yes,12720,13,72.4,0.4,160.57,0.79,,,,,0.8957,0.0016,0.825111034,0.412555517,Cheng et al. 2000,240150,5300,5300,,,,,,,
4026,261,TIMS,184,,4144,calcite,,,,,,,,yes,12899,13,1307.9,4.6,163.58,0.57,,,,,0.899,0.0015,0.825111034,0.412555517,Cheng et al. 2000,239950,4000,4000,,,,,,,
4027,261,TIMS,193,,4303,calcite,,,,,,,,yes,12373,12,730.5,3.1,156.53,0.56,,,,,0.8985,0.0013,0.825111034,0.412555517,Cheng et al. 2000,238450,4000,4000,,,,,,,
4543,295,MC-ICP-MS U/Th,1,0.9,SB10,calcite,100,200,2160.9,22.6,22.6,,,yes,309.3,0.4,355.3,30,,,,,0.03933,0.0004,2.0042,0.0026,0.814430125,0.407215062,Cheng et al. 2000,2089.2,24.1,24.1,yes,,yes,,,yes,
4544,295,MC-ICP-MS U/Th,17,0.9,SB10,calcite,100,200,2882.8,42.7,42.7,,,yes,743.1,2.7,708.3,38,,,,,0.0523,0.00075,2.0034,0.0062,0.814430125,0.407215062,Cheng et al. 2000,2814,43.2,43.2,yes,,yes,,,yes,
4545,295,MC-ICP-MS U/Th,30,0.9,SB10,calcite,100,200,5788.9,33.7,33.7,,,yes,929.2,1.6,309.6,5,,,,,0.10322,0.00057,1.9911,0.0027,0.814430125,0.407215062,Cheng et al. 2000,5724.1,33.8,33.8,yes,,yes,,,yes,
4546,295,MC-ICP-MS U/Th,38,0.9,SB10,calcite,100,200,5887.1,37.2,37.2,,,yes,816.4,1.5,437.7,5,,,,,0.10502,0.00063,1.9927,0.0031,0.814430125,0.407215062,Cheng et al. 2000,5822.3,37.4,37.4,yes,,yes,,,yes,
4547,295,MC-ICP-MS U/Th,47,0.9,SB10,calcite,100,200,6630.9,46.7,46.7,,,yes,839.4,1.7,392.9,32,,,,,0.11718,0.00078,1.9798,0.003,0.814430125,0.407215062,Cheng et al. 2000,6569.1,46.8,46.8,yes,,yes,,,yes,
4548,295,MC-ICP-MS U/Th,61,0.9,SB10,calcite,100,200,7229.9,41.7,41.7,,,yes,709.2,1.1,332.2,5,,,,,0.12759,0.0007,1.9816,0.0026,0.814430125,0.407215062,Cheng et al. 2000,7166,41.8,41.8,yes,,yes,,,yes,
4549,295,MC-ICP-MS U/Th,71,0.9,SB10,calcite,100,200,7486.6,36.6,36.6,,,yes,947,1.8,799.7,5,,,,,0.1318,0.0006,1.9788,0.0028,0.814430125,0.407215062,Cheng et al. 2000,7417.3,37.1,37.1,yes,,yes,,,yes,
4550,295,MC-ICP-MS U/Th,81,0.9,SB10,calcite,100,200,7890.3,64.3,64.3,,,yes,912.4,1.9,301.9,42,,,,,0.13852,0.00107,1.9763,0.0032,0.814430125,0.407215062,Cheng et al. 2000,7830.5,64.4,64.4,yes,,yes,,,yes,
4551,295,MC-ICP-MS U/Th,88,0.9,SB10,calcite,100,200,8032.6,56.4,56.4,,,yes,909.7,2,251.7,30,,,,,0.14071,0.00096,1.9731,0.0031,0.814430125,0.407215062,Cheng et al. 2000,7974.5,56.4,56.4,yes,,yes,,,yes,
4552,295,MC-ICP-MS U/Th,112,0.9,SB10,calcite,100,200,8542.3,58.1,58.1,,,yes,1070.7,2.4,198.2,41,,,,,0.15109,0.00096,1.9959,0.0033,0.814430125,0.407215062,Cheng et al. 2000,8485.7,58.2,58.2,yes,,yes,,,yes,
4553,295,MC-ICP-MS U/Th,136,0.9,SB10,calcite,100,200,8856.9,61.9,61.9,,,yes,1251,2.6,848.8,58,,,,,0.1557,0.00102,1.9863,0.0031,0.814430125,0.407215062,Cheng et al. 2000,8792,62,62,yes,,yes,,,yes,
4554,295,MC-ICP-MS U/Th,155,0.9,SB10,calcite,100,200,9305.9,58.8,58.8,,,yes,1253.6,3.4,471,21,,,,,0.16378,0.00097,1.9919,0.0028,0.814430125,0.407215062,Cheng et al. 2000,9245.5,58.8,58.8,yes,,yes,,,yes,
4555,295,MC-ICP-MS U/Th,177,0.9,SB10,calcite,100,200,9689.8,66.8,66.8,,,yes,834.9,1.8,125.9,43,,,,,0.16929,0.00108,1.9804,0.0035,0.814430125,0.407215062,Cheng et al. 2000,9633.7,66.8,66.8,yes,,yes,,,yes,
4556,295,MC-ICP-MS U/Th,190,0.9,SB10,calcite,100,200,9876.6,55.1,55.1,,,yes,1429.8,3.2,388.5,28,,,,,0.17315,0.0009,1.9885,0.0024,0.814430125,0.407215062,Cheng et al. 2000,9816.7,55.1,55.1,yes,,yes,,,yes,
4557,295,MC-ICP-MS U/Th,205,0.9,SB10,calcite,100,200,10201.5,71.6,71.6,,,yes,1228.6,2.4,595.6,46,,,,,0.17899,0.00118,1.9926,0.0027,0.814430125,0.407215062,Cheng et al. 2000,10140.6,71.7,71.7,yes,,yes,,,yes,
4558,295,MC-ICP-MS U/Th,266,0.9,SB10,calcite,100,200,11605.3,75.7,75.7,,,yes,937.8,2.2,1209.8,36,,,,,0.20234,0.00121,1.9907,0.0034,0.814430125,0.407215062,Cheng et al. 2000,11532.7,76.3,76.3,yes,,yes,,,yes,
4559,296,MC-ICP-MS U/Th,1,0.9,SB26,calcite,100,200,469.1,20.3,20.3,,,yes,758.2,1.6,544.3,27,,,,,0.00838,0.00036,1.9544,0.0028,0.814430125,0.407215062,Cheng et al. 2000,403.5,21,21,yes,yes,yes,yes,yes,yes,yes
4560,296,MC-ICP-MS U/Th,126,0.9,SB26,calcite,100,200,2788.7,47.1,47.1,,,yes,720.8,2.3,3495.9,56,,,,,0.04943,0.00081,1.9567,0.0056,0.814430125,0.407215062,Cheng et al. 2000,2661.8,59.2,59.2,yes,yes,yes,yes,yes,yes,yes
4561,296,MC-ICP-MS U/Th,144,0.9,SB26,calcite,100,200,3097.9,43.6,43.6,,,yes,774.1,2.3,528.2,43,,,,,0.05479,0.00075,1.9547,0.0049,0.814430125,0.407215062,Cheng et al. 2000,3032.8,43.9,43.9,yes,yes,yes,yes,yes,yes,yes
4562,296,MC-ICP-MS U/Th,162,0.9,SB26,calcite,100,200,3448.2,72.5,72.5,,,yes,725.7,2.6,130.8,61,,,,,0.06069,0.00124,1.9479,0.0065,0.814430125,0.407215062,Cheng et al. 2000,3390.5,72.5,72.5,yes,yes,yes,yes,yes,yes,yes
4563,296,MC-ICP-MS U/Th,265,0.9,SB26,calcite,100,200,5393.6,31.6,31.6,,,yes,761.4,1.4,863.1,11,,,,,0.09483,0.00053,1.9605,0.0024,0.814430125,0.407215062,Cheng et al. 2000,5321.9,32.7,32.7,yes,yes,yes,yes,yes,yes,yes
4564,297,MC-ICP-MS U/Th,9,0.9,SB27,calcite,100,200,2625.6,36,36,,,yes,614.2,1.7,3549.2,46,,,,,0.05077,0.00068,2.1326,0.0042,0.814430125,0.407215062,Cheng et al. 2000,2492,53.3,53.3,yes,,yes,,,yes,
4565,297,MC-ICP-MS U/Th,17,0.9,SB27,calcite,100,200,2699.5,59.1,59.1,,,yes,490.7,1.4,424.4,46,,,,,0.05292,0.00114,2.1627,0.0058,0.814430125,0.407215062,Cheng et al. 2000,2632.9,59.4,59.4,yes,,yes,,,yes,
4566,297,MC-ICP-MS U/Th,28,0.9,SB27,calcite,100,200,3250.3,59.6,59.6,,,yes,538.7,1.6,633.6,45,,,,,0.06268,0.00112,2.1319,0.0057,0.814430125,0.407215062,Cheng et al. 2000,3179.3,60.1,60.1,yes,,yes,,,yes,
4567,297,MC-ICP-MS U/Th,60,0.9,SB27,calcite,100,200,4030.6,68.6,68.6,,,yes,639.9,1.8,586.4,55,,,,,0.07747,0.00128,2.1313,0.0055,0.814430125,0.407215062,Cheng et al. 2000,3963.1,68.9,68.9,yes,,yes,,,yes,
4568,297,MC-ICP-MS U/Th,66,0.9,SB27,calcite,100,200,4709.3,157.4,157.4,,,yes,469.6,1.4,631.2,57,,,,,0.08982,0.00293,2.1206,0.0065,0.814430125,0.407215062,Cheng et al. 2000,4636,157.6,157.6,yes,,yes,,,yes,
4569,297,MC-ICP-MS U/Th,107,0.9,SB27,calcite,100,200,6637.1,91.7,91.7,,,yes,739.8,3.1,463.7,7,,,,,0.12602,0.00161,2.1265,0.0089,0.814430125,0.407215062,Cheng et al. 2000,6574.6,91.8,91.8,yes,,yes,,,yes,
4570,297,MC-ICP-MS U/Th,152,0.9,SB27,calcite,100,200,8481.7,75.1,75.1,,,yes,521.6,1.4,1225.4,30,,,,,0.162,0.00135,2.154,0.0044,0.814430125,0.407215062,Cheng et al. 2000,8395.4,76.7,76.7,yes,,yes,,,yes,
4571,298,MC-ICP-MS U/Th,5,0.9,SB43,calcite,100,200,306.1,2,2,,,yes,948.3,1.6,1150,16,,,,,0.00566,3e-05,2.0191,0.0086,0.814430125,0.407215062,Cheng et al. 2000,232,9,9,yes,,yes,,,yes,yes
4572,298,MC-ICP-MS U/Th,14,0.9,SB43,calcite,100,200,903.4,26,26,,,yes,742.5,1.3,1077.4,6,,,,,0.01687,0.00048,2.0468,0.003,0.814430125,0.407215062,Cheng et al. 2000,825.8,27.9,27.9,yes,,yes,,,yes,yes
4573,298,MC-ICP-MS U/Th,28,0.9,SB43,calcite,100,200,1114.8,65.3,65.3,,,yes,722.9,1.3,549.4,4,,,,,0.02092,0.00122,2.0584,0.0027,0.814430125,0.407215062,Cheng et al. 2000,1047.1,65.5,65.5,yes,,yes,,,yes,yes
4574,298,MC-ICP-MS U/Th,63,0.9,SB43,calcite,100,200,2623.4,33.3,33.3,,,yes,770.7,1.4,2682.4,9,,,,,0.04798,0.0006,2.0175,0.0026,0.814430125,0.407215062,Cheng et al. 2000,2516.4,41.6,41.6,yes,,yes,,,yes,yes
4575,298,MC-ICP-MS U/Th,84,0.9,SB43,calcite,100,200,3137.8,58.5,58.5,,,yes,2566,19,5065.4,40,,,,,0.05721,0.00104,2.0151,0.0065,0.814430125,0.407215062,Cheng et al. 2000,3052.5,60.1,60.1,yes,,yes,,,yes,yes
4576,298,MC-ICP-MS U/Th,100,0.9,SB43,calcite,100,200,3534.4,53.5,53.5,,,yes,3354,19,15148,109,,,,,0.06296,0.00093,1.9721,0.0045,0.814430125,0.407215062,Cheng et al. 2000,3411,62.8,62.8,yes,,yes,,,yes,yes
4577,298,MC-ICP-MS U/Th,120,0.9,SB43,calcite,100,200,3713.7,39.6,39.6,,,yes,918.7,1.9,648.8,5,,,,,0.06633,0.00069,1.9785,0.0029,0.814430125,0.407215062,Cheng et al. 2000,3646.3,39.9,39.9,yes,,yes,,,yes,yes
4578,298,MC-ICP-MS U/Th,144,0.9,SB43,calcite,100,200,4126.3,41.1,41.1,,,yes,732,2,2562.9,9,,,,,0.07541,0.00073,2.0275,0.0035,0.814430125,0.407215062,Cheng et al. 2000,4019.3,48,48,yes,,yes,,,yes,yes
4579,298,MC-ICP-MS U/Th,170,0.9,SB43,calcite,100,200,4825.5,48.8,48.8,,,yes,654,2,700.9,5,,,,,0.08856,0.00086,2.0416,0.0039,0.814430125,0.407215062,Cheng et al. 2000,4753.4,49.3,49.3,yes,,yes,,,yes,yes
4580,298,MC-ICP-MS U/Th,193,0.9,SB43,calcite,100,200,5813.4,59.1,59.1,,,yes,567,2,2553.4,9,,,,,0.10592,0.00102,2.0345,0.005,0.814430125,0.407215062,Cheng et al. 2000,5692.5,67.1,67.1,yes,,yes,,,yes,yes
4581,298,MC-ICP-MS U/Th,214,0.9,SB43,calcite,100,200,6557.9,49.6,49.6,,,yes,704.6,1.4,700.3,4,,,,,0.12278,0.00088,2.0963,0.0035,0.814430125,0.407215062,Cheng et al. 2000,6487.3,50,50,yes,,yes,,,yes,yes
4582,298,MC-ICP-MS U/Th,220,0.9,SB43,calcite,100,200,7718.3,98.8,98.8,,,yes,3412,22,1849.8,15,,,,,0.14218,0.00173,2.0719,0.0055,0.814430125,0.407215062,Cheng et al. 2000,7653.7,98.8,98.8,yes,,yes,,,yes,yes
4583,298,MC-ICP-MS U/Th,250,0.9,SB43,calcite,100,200,8256.9,60.2,60.2,,,yes,1051.2,2.3,667.9,4,,,,,0.14828,0.00103,2.0241,0.0029,0.814430125,0.407215062,Cheng et al. 2000,8190.9,60.4,60.4,yes,,yes,,,yes,yes
4584,298,MC-ICP-MS U/Th,280,0.9,SB43,calcite,100,200,8588.8,71.5,71.5,,,yes,855,2,1228.1,6,,,,,0.15256,0.0012,2.0048,0.0035,0.814430125,0.407215062,Cheng et al. 2000,8511.2,72.2,72.2,yes,,yes,,,yes,yes
4585,298,MC-ICP-MS U/Th,300,0.9,SB43,calcite,100,200,8806,62.9,62.9,,,yes,1298.6,3,4722,15,,,,,0.15502,0.00104,1.9887,0.0032,0.814430125,0.407215062,Cheng et al. 2000,8696.4,68.1,68.1,yes,,yes,,,yes,yes
4586,298,MC-ICP-MS U/Th,325,0.9,SB43,calcite,100,200,9494,28,28,,,yes,1121.6,2.2,2257,25,,,,,0.16892,0.00043,2.0107,0.0025,0.814430125,0.407215062,Cheng et al. 2000,9409,31,31,yes,,yes,,,yes,yes
4587,298,MC-ICP-MS U/Th,350,0.9,SB43,calcite,100,200,9723.1,121.8,121.8,,,yes,732.4,1.6,5246.3,22,,,,,0.18118,0.00216,2.1116,0.0036,0.814430125,0.407215062,Cheng et al. 2000,9568.8,131.1,131.1,yes,,yes,,,yes,yes
4588,298,MC-ICP-MS U/Th,375,0.9,SB43,calcite,100,200,10471,36,36,,,yes,1251,2.7,1405,16,,,,,0.18314,0.00049,1.984,0.003,0.814430125,0.407215062,Cheng et al. 2000,10399,34,34,yes,,yes,,,yes,yes
4589,298,MC-ICP-MS U/Th,405,0.9,SB43,calcite,100,200,11484,36,36,,,yes,1181.9,2.4,6225,63,,,,,0.18314,0.00057,2.1641,0.0033,0.814430125,0.407215062,Cheng et al. 2000,11358,50,50,yes,,yes,,,yes,yes
4590,298,MC-ICP-MS U/Th,424,0.9,SB43,calcite,100,200,11614.6,86.7,86.7,,,yes,705.2,1.1,4429,14,,,,,0.21963,0.00154,2.1578,0.0026,0.814430125,0.407215062,Cheng et al. 2000,11474.3,96.1,96.1,yes,,yes,,,yes,yes
4591,298,MC-ICP-MS U/Th,450,0.9,SB43,calcite,100,200,12124.1,103.5,103.5,,,yes,516.8,1.1,1509.5,6,,,,,0.22369,0.00177,2.1097,0.0041,0.814430125,0.407215062,Cheng et al. 2000,12027.5,105.3,105.3,yes,,yes,,,yes,yes
4592,298,MC-ICP-MS U/Th,461,0.9,SB43,calcite,100,200,12492,58.1,58.1,,,yes,1068.5,2.1,1348,6,,,,,0.22286,0.00094,2.0434,0.0029,0.814430125,0.407215062,Cheng et al. 2000,12417.3,58.8,58.8,yes,,yes,,,yes,yes
4593,298,MC-ICP-MS U/Th,472,0.9,SB43,calcite,100,200,12747.2,73,73,,,yes,518.7,0.9,793.9,5,,,,,0.25456,0.00134,2.2874,0.0033,0.814430125,0.407215062,Cheng et al. 2000,12671.1,73.6,73.6,yes,,yes,,,yes,yes
4594,298,MC-ICP-MS U/Th,485,0.9,SB43,calcite,100,200,13116.2,150.8,150.8,,,yes,534,2,10803.8,49,,,,,0.2757,0.00294,2.41,0.0058,0.814430125,0.407215062,Cheng et al. 2000,12820,192,192,yes,,yes,,,yes,yes
4595,299,MC-ICP-MS U/Th,10,0.9,SB44,calcite,100,200,7332,65,65,,,yes,500.8,0.9,653.3,23.2,,,,,0.14002,0.00118,2.1444,0.0034,0.814430125,0.407215062,Cheng et al. 2000,7258,66,66,yes,,yes,yes,,yes,
4596,299,MC-ICP-MS U/Th,58,0.9,SB44,calcite,100,200,9731.8,82,82,,,yes,474,1,1062,5,,,,,0.18976,0.00148,2.208,0.0048,0.814430125,0.407215062,Cheng et al. 2000,9646.7,83.3,83.3,yes,,yes,yes,,yes,
4597,299,MC-ICP-MS U/Th,80,0.9,SB44,calcite,100,200,10379.9,75.5,75.5,,,yes,566,2,175,3,,,,,0.20323,0.00136,2.2234,0.0046,0.814430125,0.407215062,Cheng et al. 2000,10320,75.5,75.5,yes,,yes,yes,,yes,
4598,299,MC-ICP-MS U/Th,125,0.9,SB44,calcite,100,200,11103.2,76.6,76.6,,,yes,615,2,817,4,,,,,0.21651,0.00136,2.2204,0.0045,0.814430125,0.407215062,Cheng et al. 2000,11030,77.1,77.1,yes,,yes,yes,,yes,
4599,299,MC-ICP-MS U/Th,140,0.9,SB44,calcite,100,200,11669,93,93,,,yes,563.1,1,1988.2,28.3,,,,,0.2328,0.00175,2.2765,0.0032,0.814430125,0.407215062,Cheng et al. 2000,11569,96,96,yes,,yes,yes,,yes,
4600,299,MC-ICP-MS U/Th,192,0.9,SB44,calcite,100,200,12842.1,97,97,,,yes,555,1,1708,7,,,,,0.25306,0.00175,2.2581,0.0046,0.814430125,0.407215062,Cheng et al. 2000,12747,99,99,yes,,yes,yes,,yes,
4601,300,MC-ICP-MS U/Th,14,0.9,SB49,calcite,100,200,10323.4,94.4,94.4,,,yes,747.7,1.6,408.1,26,,,,,0.20121,0.00174,2.213,0.0033,0.814430125,0.407215062,Cheng et al. 2000,10260.4,94.5,94.5,yes,,yes,yes,,yes,yes
4602,300,MC-ICP-MS U/Th,75,0.9,SB49,calcite,100,200,10606.1,44.1,44.1,,,yes,830.9,1.5,1436.7,5,,,,,0.20902,0.00079,2.2398,0.0029,0.814430125,0.407215062,Cheng et al. 2000,10528,45.5,45.5,yes,,yes,yes,,yes,yes
4603,300,MC-ICP-MS U/Th,128,0.9,SB49,calcite,100,200,11198.6,79.7,79.7,,,yes,813.7,1.7,2260.2,28,,,,,0.2221,0.00147,2.2589,0.0035,0.814430125,0.407215062,Cheng et al. 2000,11107.4,81.6,81.6,yes,,yes,yes,,yes,yes
4604,300,MC-ICP-MS U/Th,170,0.9,SB49,calcite,100,200,11469.6,93,93,,,yes,756.5,2,7825.6,28,,,,,0.22377,0.00169,2.2245,0.0039,0.814430125,0.407215062,Cheng et al. 2000,11280.6,114.1,114.1,yes,,yes,yes,,yes,yes
4605,300,MC-ICP-MS U/Th,178,0.9,SB49,calcite,100,200,11546.5,100.3,100.3,,,yes,753.2,2,7577.4,27,,,,,0.22508,0.00182,2.2234,0.0041,0.814430125,0.407215062,Cheng et al. 2000,11361,119.2,119.2,yes,,yes,yes,,yes,yes
4606,300,MC-ICP-MS U/Th,288,0.9,SB49,calcite,100,200,12754.3,88.6,88.6,,,yes,706.5,,1912.4,8,,,,,0.25107,0.00161,2.2551,0.0037,0.814430125,0.407215062,Cheng et al. 2000,12664.1,90.2,90.2,yes,,yes,yes,,yes,yes
4607,300,MC-ICP-MS U/Th,300,0.9,SB49,calcite,100,200,13003.6,88.7,88.7,,,yes,763,2,1081,5,,,,,0.25223,0.00158,2.2244,0.0038,0.814430125,0.407215062,Cheng et al. 2000,12929,89,89,yes,,yes,yes,,yes,yes
4608,301,MC-ICP-MS U/Th,65,,SB12-C9-67.5,calcite,,,425131,1062,1062,,,yes,1494.9,0.1,101,1,,,296200,3700,1.21934,0.00018,1.17783886,0.00019105,0.816,0.408,Cheng et al. 2013,425100,1100,1100,,yes,yes,yes,,,yes
4609,301,MC-ICP-MS U/Th,71,,SB12-15,calcite,,,426258,1119,1119,,,yes,1544.7,0.1,1086,2,,,28600,40,1.22056,0.00018,1.17850025,0.0002037,0.816,0.408,Cheng et al. 2013,426200,1100,1100,,yes,yes,yes,,,yes
4610,301,MC-ICP-MS U/Th,90,,SB12-14,calcite,,,427376,972,972,,,yes,1351.3,0.1,1993,1,,,13700,10,1.22153,0.00018,1.17897506,0.00016226,0.816,0.408,Cheng et al. 2013,427300,1000,1000,,yes,yes,yes,,,yes
4611,301,MC-ICP-MS U/Th,100,,Sb12-1-100,calcite,,,427222,2625,2625,,,yes,2127.2,0.1,687,1,,,62400,110,1.22202,0.0007,1.17937163,0.00022108,0.816,0.408,Cheng et al. 2013,427200,2600,2600,,yes,yes,yes,,,yes
4612,301,MC-ICP-MS U/Th,104,,SB12-13,calcite,,,427386,885,885,,,yes,1303.6,0.1,1630,1,,,16100,10,1.22426,0.00012,1.18099825,0.00016921,0.816,0.408,Cheng et al. 2013,427300,900,900,,yes,yes,yes,,,yes
4613,301,MC-ICP-MS U/Th,122,,SB12-12,calcite,,,427269,1012,1012,,,yes,1151.4,0.1,1833,1,,,12700,10,1.22867,0.00016,1.18429164,0.00018765,0.816,0.408,Cheng et al. 2013,427200,1000,1000,,yes,yes,yes,,,yes
4614,301,MC-ICP-MS U/Th,136,,SB12-11,calcite,,,428472,1230,1230,,,yes,1082.8,0.1,2536,1,,,8600,5,1.22653,0.00023,1.18244511,0.00020294,0.816,0.408,Cheng et al. 2013,428400,1200,1200,,yes,yes,yes,,,yes
4615,301,MC-ICP-MS U/Th,142,,SB12-10,calcite,,,430988,1074,1074,,,yes,1020.1,0.1,3832,1,,,5400,2,1.22797,0.00019,1.18297368,0.00018033,0.816,0.408,Cheng et al. 2013,430900,1100,1100,,yes,yes,yes,,,yes
4616,301,MC-ICP-MS U/Th,161,,SB12-8,calcite,,,429691,1060,1060,,,yes,1034.6,0.1,3050,1,,,6900,3,1.22553,0.00018,1.18144527,0.00018414,0.816,0.408,Cheng et al. 2013,429600,1100,1100,,yes,yes,yes,,,yes
4617,301,MC-ICP-MS U/Th,167,,SB12-C6-167,calcite,,,432288,1393,1393,,,yes,1252.7,0.1,252,2,,,100400,880,1.22364,0.00028,1.17949513,0.00020402,0.816,0.408,Cheng et al. 2013,432200,1400,1400,,yes,yes,yes,,,yes
4618,301,MC-ICP-MS U/Th,168,,SB12-7,calcite,,,431182,1257,1257,,,yes,1005.5,0.1,1530,1,,,13300,10,1.22539,0.00017,1.18102772,0.00023096,0.816,0.408,Cheng et al. 2013,431100,1300,1300,,yes,yes,yes,,,yes
4619,301,MC-ICP-MS U/Th,187,,SB12-6,calcite,,,432084,1004,1004,,,yes,1092.4,0.1,1306,2,,,16800,20,1.22076,0.00016,1.17741275,0.00016975,0.816,0.408,Cheng et al. 2013,432000,1000,1000,,yes,yes,yes,,,yes
4620,301,MC-ICP-MS U/Th,194,,SB12-5,calcite,,,432363,1145,1145,,,yes,1108.3,0.1,1020,1,,,21800,30,1.219,0.0002,1.1760491,0.00018205,0.816,0.408,Cheng et al. 2013,432300,1100,1100,,yes,yes,yes,,,yes
4621,301,MC-ICP-MS U/Th,215,,SB12-C5-215,calcite,,,434500,1538,1538,,,yes,1243.2,0.1,597,1,,,41800,100,1.21692,0.00033,1.17407833,0.00019403,0.816,0.408,Cheng et al. 2013,434400,1500,1500,,yes,yes,yes,,,yes
4622,301,MC-ICP-MS U/Th,234,,SB12-4,calcite,,,434928,1132,1132,,,yes,1062.3,0.1,1500,1,,,14200,10,1.21207,0.00019,1.17040789,0.00017741,0.816,0.408,Cheng et al. 2013,434800,1100,1100,,yes,yes,yes,,,yes
4623,301,MC-ICP-MS U/Th,272,,SB12-C4-272,calcite,,,437188,1486,1486,,,yes,1320.5,0.1,146,2,,,180800,2540,1.21391,0.00031,1.17132556,0.0001763,0.816,0.408,Cheng et al. 2013,437100,1500,1500,,yes,yes,yes,,,yes
4624,301,MC-ICP-MS U/Th,299,,SB12-3,calcite,,,439722,996,996,,,yes,1166.1,0.1,3001,1,,,7800,3,1.21458,0.00013,1.1713265,0.00016547,0.816,0.408,Cheng et al. 2013,439600,1000,1000,,yes,yes,yes,,,yes
4625,301,MC-ICP-MS U/Th,313,,SB12-C3-313,calcite,,,438990,1983,1983,,,yes,1146.6,0.1,125,2,,,183300,2510,1.21325,0.00044,1.17048928,0.00020094,0.816,0.408,Cheng et al. 2013,438900,2000,2000,,yes,yes,yes,,,yes
4626,301,MC-ICP-MS U/Th,362,,SB12-2,calcite,,,442602,1288,1288,,,yes,1334.6,0.1,682,1,,,39300,80,1.21717,0.00017,1.17269182,0.00020724,0.816,0.408,Cheng et al. 2013,442500,1300,1300,,yes,yes,yes,,,yes
4627,301,MC-ICP-MS U/Th,373,,SB12-C2-372.5,calcite,,,443169,1489,1489,,,yes,1320.2,0.1,2529,2,,,10500,10,1.21637,0.00024,1.17199463,0.00021282,0.816,0.408,Cheng et al. 2013,443100,1500,1500,,yes,yes,yes,,,yes
4628,301,MC-ICP-MS U/Th,412,,SB12-1,calcite,,,444754,1223,1223,,,yes,1302.9,0.1,466,1,,,56000,170,1.21431,0.00016,1.17019047,0.00019162,0.816,0.408,Cheng et al. 2013,444700,1200,1200,,yes,yes,yes,,,yes
4629,301,MC-ICP-MS U/Th,416,,Sb12-C1-416,calcite,,,445566,1452,1452,,,yes,1482.6,0.1,1436,1,,,20600,20,1.21284,0.00023,1.16895872,0.00019972,0.816,0.408,Cheng et al. 2013,445500,1500,1500,,yes,yes,yes,,,yes
4630,301,MC-ICP-MS U/Th,420,,Sb12-420,calcite,,,444302,1803,1803,,,yes,1324.5,0.1,2045,1,,,13000,10,1.21347,0.00024,1.16965548,0.00027966,0.816,0.408,Cheng et al. 2013,444200,1800,1800,,yes,yes,yes,,,yes
4631,301,MC-ICP-MS U/Th,450,,Sb12-3-450,calcite,,,448087,3009,3009,,,yes,2065.8,0.1,3154,2,,,13100,10,1.21514,0.00065,1.17020322,0.00024298,0.816,0.408,Cheng et al. 2013,448000,3000,3000,,yes,yes,yes,,,yes
4632,301,MC-ICP-MS U/Th,700,,Sb12-690,calcite,,,462806,4625,4625,,,yes,948,0.1,129,1,,,145800,1300,1.20601,0.00089,1.16108047,0.00028682,0.816,0.408,Cheng et al. 2013,462700,4600,4600,,yes,yes,yes,,,yes
4633,302,MC-ICP-MS U/Th,0.3,,SB-14-1,calcite,,,299780,2983,2983,,,yes,317,0.3,2036,41,,,3200,60,1.2411,0.0019,1.24817544,0.00161274,0.816,0.408,Cheng et al. 2013,299600,3000,3000,,,,yes,yes,,yes
4634,302,MC-ICP-MS U/Th,6.2,,SB-14-2,calcite,,,307405,3422,3422,,,yes,309.7,0.3,1095,22,,,5800,120,1.2376,0.002,1.23982337,0.00171797,0.816,0.408,Cheng et al. 2013,307300,3400,3400,,,,yes,yes,,yes
4635,302,MC-ICP-MS U/Th,8.5,,SB14-21,calcite,,,311453,1042,1042,,,yes,373.2,0.1,1370,1,,,5600,10,1.23823,0.00078,1.23761073,0.00028996,0.816,0.408,Cheng et al. 2013,311300,1000,1000,,,,yes,yes,,yes
4636,302,MC-ICP-MS U/Th,8.8,,SB-14-3,calcite,,,313218,3627,3627,,,yes,170.2,0.1,742,15,,,4700,90,1.2368,0.0021,1.23530214,0.00167698,0.816,0.408,Cheng et al. 2013,313100,3600,3600,,,,yes,yes,,yes
4637,302,MC-ICP-MS U/Th,10.2,,SB-14-3A,calcite,,,327042,3425,3425,,,yes,258.7,0.2,969,20,,,5500,110,1.2442,0.0018,1.23273116,0.00137422,0.816,0.408,Cheng et al. 2013,326900,3400,3400,,,,yes,yes,,yes
4638,302,MC-ICP-MS U/Th,12.8,,SB-14-4,calcite,,,331885,3585,3585,,,yes,349.5,0.3,551,11,,,13000,260,1.2426,0.0015,1.22877296,0.00156023,0.816,0.408,Cheng et al. 2013,331800,3600,3600,,,,yes,yes,,yes
4639,302,MC-ICP-MS U/Th,13.5,,SB14-20,calcite,,,334894,700,700,,,yes,345.3,0.1,965,1,,,7300,10,1.2415,0.00029,1.2262759,0.00028911,0.816,0.408,Cheng et al. 2013,334800,700,700,,,,yes,yes,,yes
4640,302,MC-ICP-MS U/Th,19.5,,SB14-19,calcite,,,356916,1246,1246,,,yes,306.4,0.1,721,1,,,8700,20,1.23829,0.00056,1.21332017,0.00030427,0.816,0.408,Cheng et al. 2013,356800,1200,1200,,,,yes,yes,,yes
4641,302,MC-ICP-MS U/Th,22,,SB-14-5,calcite,,,364858,2884,2884,,,yes,442.1,0.3,219,4,,,41600,840,1.2487,0.0011,1.21804897,0.00079955,0.816,0.408,Cheng et al. 2013,364800,2900,2900,,,,yes,yes,,yes
4642,302,MC-ICP-MS U/Th,25.5,,SB14-18,calcite,,,370112,939,939,,,yes,401.6,0.1,328,1,,,25000,80,1.2386,0.00036,1.20828275,0.0002211,0.816,0.408,Cheng et al. 2013,370000,900,900,,,,yes,yes,,yes
4643,302,MC-ICP-MS U/Th,28.5,,SB-14-6,calcite,,,375222,2878,2878,,,yes,340.1,0.2,765,15,,,9000,180,1.2266,0.0009,1.19726853,0.00073608,0.816,0.408,Cheng et al. 2013,375100,2900,2900,,,,yes,yes,,yes
4644,302,MC-ICP-MS U/Th,31.5,,SB14-17,calcite,,,385742,1154,1154,,,yes,325.5,0.1,721,1,,,9100,10,1.22529,0.00028,1.19274798,0.00030126,0.816,0.408,Cheng et al. 2013,385600,1200,1200,,,,yes,yes,,yes
4645,302,MC-ICP-MS U/Th,33.5,,SB-14-7A,calcite,,,391538,2702,2702,,,yes,359.6,0.1,274,5,,,26100,500,1.20645,0.00085,1.17672923,0.00046355,0.816,0.408,Cheng et al. 2013,391500,2700,2700,,,,yes,yes,,yes
4646,302,MC-ICP-MS U/Th,35.5,,SB-14-7,calcite,,,397011,2844,2844,,,yes,453.1,0.2,339,7,,,26900,540,1.219,0.0009,1.18464619,0.00043715,0.816,0.408,Cheng et al. 2013,396900,2800,2800,,,,yes,yes,,yes
4647,302,MC-ICP-MS U/Th,38.5,,SB-14-7AB,calcite,,,402352,3510,3510,,,yes,343.3,0.2,252,5,,,27100,550,1.2105,0.0009,1.17679101,0.00063752,0.816,0.408,Cheng et al. 2013,402300,3500,3500,,,,yes,yes,,yes
4648,302,MC-ICP-MS U/Th,39.5,,SB14-16,calcite,,,402712,2290,2290,,,yes,326.4,0.1,263,2,,,24900,160,1.2137,0.00067,1.17906199,0.00034867,0.816,0.408,Cheng et al. 2013,402600,2300,2300,,,,yes,yes,,yes
4649,302,MC-ICP-MS U/Th,40.5,,SB-14-8,calcite,,,402323,3790,3790,,,yes,400.9,0.2,190,4,,,42100,850,1.2111,0.0008,1.17721445,0.00079009,0.816,0.408,Cheng et al. 2013,402300,3800,3800,,,,yes,yes,,yes
4650,302,MC-ICP-MS U/Th,44,,SB-14-8A,calcite,,,403986,3885,3885,,,yes,519.7,0.3,141,3,,,74000,1500,1.2195,0.0011,1.18304074,0.00059095,0.816,0.408,Cheng et al. 2013,403900,3900,3900,,,,yes,yes,,yes
4651,302,MC-ICP-MS U/Th,45,,SB14-15,calcite,,,406895,4996,4996,,,yes,454,0.1,100,2,,,91600,1860,1.22167,0.00164,1.18393403,0.00042392,0.816,0.408,Cheng et al. 2013,406800,5000,5000,,,,yes,yes,,yes
4652,302,MC-ICP-MS U/Th,47.5,,SB-14-9,calcite,,,409572,5991,5991,,,yes,480.3,0.5,213,4,,,45400,920,1.2219,0.0014,1.18342059,0.00107092,0.816,0.408,Cheng et al. 2013,409500,6000,6000,,,,yes,yes,,yes
4653,302,MC-ICP-MS U/Th,55,,SB14-13,calcite,,,417902,2052,2052,,,yes,637.4,0,283,1,,,44900,200,1.20969,0.00047,1.17229265,0.00032057,0.816,0.408,Cheng et al. 2013,417800,2100,2100,,,,yes,yes,,yes
4654,302,MC-ICP-MS U/Th,62,,SB14-12-5,calcite,,,422686,2025,2025,,,yes,548.8,0,332,2,,,33100,170,1.21219,0.00045,1.17307085,0.0003006,0.816,0.408,Cheng et al. 2013,422600,2000,2000,,,,yes,yes,,yes
4655,302,MC-ICP-MS U/Th,64,,SB-14-11,calcite,,,425419,4449,4449,,,yes,414.1,0.2,524,11,,,15700,310,1.2041,0.0009,1.16648842,0.00066158,0.816,0.408,Cheng et al. 2013,425300,4400,4400,,,,yes,yes,,yes
4656,302,MC-ICP-MS U/Th,69,,SB14-12-4,calcite,,,432389,2113,2113,,,yes,423,0.1,527,2,,,15900,50,1.20225,0.00043,1.16365713,0.00027998,0.816,0.408,Cheng et al. 2013,432300,2100,2100,,,,yes,yes,,yes
4657,302,MC-ICP-MS U/Th,76,,SB14-12-3,calcite,,,445367,1795,1795,,,yes,516.4,0.1,539,1,,,18700,50,1.18603,0.0003,1.14926697,0.0002188,0.816,0.408,Cheng et al. 2013,445300,1800,1800,,,,yes,yes,,yes
4658,302,MC-ICP-MS U/Th,81.5,,SB14-12-2,calcite,,,463040,3307,3307,,,yes,445.7,0.1,716,2,,,12200,40,1.18601,0.00039,1.14642124,0.00039465,0.816,0.408,Cheng et al. 2013,462900,3300,3300,,,,yes,yes,,yes
4659,302,MC-ICP-MS U/Th,88.5,,SB14-12,calcite,,,473082,2381,2381,,,yes,453.9,0.1,73,1,,,122000,1800,1.19756,0.00026,1.15341396,0.00026884,0.816,0.408,Cheng et al. 2013,473000,2400,2400,,,,yes,yes,,yes
4660,302,MC-ICP-MS U/Th,91,,SB-14-12,calcite,,,478992,7801,7801,,,yes,658.8,0.4,168,3,,,78000,1600,1.1993,0.001,1.15392206,0.00072993,0.816,0.408,Cheng et al. 2013,478900,7800,7800,,,,yes,yes,,yes
4661,302,MC-ICP-MS U/Th,94.5,,SB14-11-6,calcite,,,483800,4470,4470,,,yes,643.4,0.1,101,2,,,126000,2500,1.19402,0.00065,1.14943357,0.00029673,0.816,0.408,Cheng et al. 2013,483700,4500,4500,,,,yes,yes,,yes
4662,302,MC-ICP-MS U/Th,99.5,,SB14-11-5,calcite,,,509547,7254,7254,,,yes,365.7,0.1,134,2,,,52000,800,1.1626,0.00076,1.12391012,0.00040153,0.816,0.408,Cheng et al. 2013,509500,7300,7300,,,,yes,yes,,yes
4663,302,MC-ICP-MS U/Th,109,,SB14-11-4,calcite,,,531919,6219,6219,,,yes,336.2,0.1,309,1,,,21000,100,1.16453,0.0005,1.12338621,0.00032624,0.816,0.408,Cheng et al. 2013,531800,6200,6200,,,,yes,yes,,yes
4664,302,MC-ICP-MS U/Th,112.5,,SB14-11-3,calcite,,,532977,7046,7046,,,yes,426.9,0.1,276,1,,,30000,200,1.16232,0.00062,1.12171396,0.00031162,0.816,0.408,Cheng et al. 2013,532900,7000,7000,,,,yes,yes,,yes
4665,302,MC-ICP-MS U/Th,118.5,,Sb14-4,calcite,,,542991,5599,5599,,,yes,783.8,0.1,39,1,,,389000,13300,1.16372,0.00039,1.12194185,0.00028082,0.816,0.408,Cheng et al. 2013,542900,5600,5600,,,,yes,yes,,yes
4666,302,MC-ICP-MS U/Th,122.5,,SB14-11-2,calcite,,,548775,4280,4280,,,yes,588.5,0.1,48,1,,,235000,4700,1.16257,0.00023,1.12076086,0.00023469,0.816,0.408,Cheng et al. 2013,548700,4300,4300,,,,yes,yes,,yes
4667,302,MC-ICP-MS U/Th,136.5,,SB14-10-7,calcite,,,551042,4396,4396,,,yes,762,0.1,40,2,,,366000,14200,1.16036,0.0003,1.1190323,0.00018972,0.816,0.408,Cheng et al. 2013,551000,4400,4400,,,,yes,yes,,yes
4668,302,MC-ICP-MS U/Th,143.5,,SB14-10-6,calcite,,,554449,4156,4156,,,yes,938.7,0.1,36,1,,,497000,16300,1.1605,0.00019,1.11891389,0.00022441,0.816,0.408,Cheng et al. 2013,554400,4200,4200,,,,yes,yes,,yes
4669,302,MC-ICP-MS U/Th,150.5,,SB14-10-5,calcite,,,552873,3910,3910,,,yes,848.7,0.1,17,1,,,941000,68500,1.16073,0.00022,1.11918359,0.00019458,0.816,0.408,Cheng et al. 2013,552800,3900,3900,,,,yes,yes,,yes
4670,302,MC-ICP-MS U/Th,157.5,,SB14-10-4,calcite,,,556020,4179,4179,,,yes,875.6,0.1,37,1,,,452000,18200,1.15997,0.00024,1.11843992,0.00019746,0.816,0.408,Cheng et al. 2013,556000,4200,4200,,,,yes,yes,,yes
4671,302,MC-ICP-MS U/Th,162.5,,SB14-10-3,calcite,,,556342,4523,4523,,,yes,747.1,0.1,93,1,,,153000,2500,1.15868,0.00024,1.11749869,0.00022246,0.816,0.408,Cheng et al. 2013,556300,4500,4500,,,,yes,yes,,yes
4672,302,MC-ICP-MS U/Th,168.5,,SB14-10-2,calcite,,,558832,3512,3512,,,yes,916.9,0.1,30,1,,,577000,23300,1.1573,0.00019,1.11636333,0.00016193,0.816,0.408,Cheng et al. 2013,558800,3500,3500,,,,yes,yes,,yes
4673,302,MC-ICP-MS U/Th,177.5,,SB14-10,calcite,,,561047,3767,3767,,,yes,921.3,0.1,20,1,,,870000,53100,1.15651,0.00014,1.11566747,0.0002011,0.816,0.408,Cheng et al. 2013,561000,3800,3800,,,,yes,yes,,yes
4674,302,MC-ICP-MS U/Th,181.5,,SB14-9-5,calcite,,,557997,10025,10025,,,yes,968.2,0.1,24,2,,,783000,59500,1.1569,0.00065,1.11612927,0.00039952,0.816,0.408,Cheng et al. 2013,557900,10000,10000,,,,yes,yes,,yes
4675,302,MC-ICP-MS U/Th,187.5,,SB14-9-4,calcite,,,561555,5410,5410,,,yes,974.2,0.1,25,3,,,739000,75700,1.15723,0.00027,1.11614484,0.0002563,0.816,0.408,Cheng et al. 2013,561500,5400,5400,,,,yes,yes,,yes
4676,302,MC-ICP-MS U/Th,191.5,,SB14-9-3,calcite,,,560741,3821,3821,,,yes,887.9,0.1,42,2,,,405000,14900,1.15567,0.00017,1.1150832,0.0001909,0.816,0.408,Cheng et al. 2013,560700,3800,3800,,,,yes,yes,,yes
4677,302,MC-ICP-MS U/Th,196.5,,SB14-9-2,calcite,,,560587,3937,3937,,,yes,925.2,0.1,21,1,,,854000,56200,1.15506,0.00018,1.11465592,0.00019747,0.816,0.408,Cheng et al. 2013,560500,3900,3900,,,,yes,yes,,yes
4678,302,MC-ICP-MS U/Th,209.5,,SB14-8-5,calcite,,,564379,5938,5938,,,yes,1120.2,0.1,21,2,,,1029000,85100,1.15599,0.00037,1.11510156,0.00022144,0.816,0.408,Cheng et al. 2013,564300,5900,5900,,,,yes,yes,,yes
4679,302,MC-ICP-MS U/Th,215.5,,SB14-8-4,calcite,,,566079,4698,4698,,,yes,1216.5,0.1,11,1,,,2037000,262900,1.1557,0.00024,1.11479526,0.00020753,0.816,0.408,Cheng et al. 2013,566000,4700,4700,,,,yes,yes,,yes
4680,302,MC-ICP-MS U/Th,220.5,,SB14-8-3,calcite,,,566961,3905,3905,,,yes,1357.4,0.1,13,1,,,1918000,191100,1.15513,0.00017,1.11434003,0.00018232,0.816,0.408,Cheng et al. 2013,566900,3900,3900,,,,yes,yes,,yes
4681,302,MC-ICP-MS U/Th,226.5,,SB14-8-2,calcite,,,568944,4947,4947,,,yes,1007.3,0.1,37,2,,,511000,21800,1.15289,0.00021,1.11263168,0.00022644,0.816,0.408,Cheng et al. 2013,568900,4900,4900,,,,yes,yes,,yes
4682,302,MC-ICP-MS U/Th,234.5,,SB14-8,calcite,,,573989,4578,4578,,,yes,1289.3,0.1,6,1,,,4132000,802700,1.154,0.00019,1.11315062,0.00020026,0.816,0.408,Cheng et al. 2013,573900,4600,4600,,,,yes,yes,,yes
4683,302,MC-ICP-MS U/Th,240.5,,SB14-7f,calcite,,,570198,4389,4389,,,yes,1306.5,0.1,6,1,,,4086000,874500,1.15317,0.00014,1.11276601,0.00021935,0.816,0.408,Cheng et al. 2013,570100,4400,4400,,,,yes,yes,,yes
4684,302,MC-ICP-MS U/Th,290.5,,SB14-7,calcite,,,580945,4808,4808,,,yes,752,0.1,43,1,,,334000,8400,1.15363,0.00019,1.11252663,0.00019652,0.816,0.408,Cheng et al. 2013,580900,4800,4800,,,,yes,yes,,yes
4685,302,MC-ICP-MS U/Th,298.5,,SB14-C7-2,calcite,,,584254,5757,5757,,,yes,821.4,0.1,83,1,,,188000,2500,1.15281,0.00029,1.11178393,0.00018686,0.816,0.408,Cheng et al. 2013,584200,5800,5800,,,,yes,yes,,yes
4686,302,MC-ICP-MS U/Th,332.5,,SB14-6,calcite,,,586067,4475,4475,,,yes,1068.7,0.1,14,1,,,1434000,111300,1.14948,0.00016,1.1093367,0.00018038,0.816,0.408,Cheng et al. 2013,586000,4500,4500,,,,yes,yes,,yes
4687,302,MC-ICP-MS U/Th,340.5,,SB14-C6-2,calcite,,,588318,5429,5429,,,yes,1236.6,0.1,13,1,,,1751000,147000,1.14947,0.00025,1.1092207,0.00017751,0.816,0.408,Cheng et al. 2013,588300,5400,5400,,,,yes,yes,,yes
4688,302,MC-ICP-MS U/Th,378.5,,SB14-C5-2,calcite,,,598400,6157,6157,,,yes,931.9,0.1,30,1,,,596000,23500,1.14559,0.00025,1.1060266,0.00019197,0.816,0.408,Cheng et al. 2013,598300,6200,6200,,,,yes,yes,,yes
4689,302,MC-ICP-MS U/Th,385.5,,SB14-5,calcite,,,596896,5813,5813,,,yes,861.9,0.1,28,1,,,577000,20400,1.14509,0.00018,1.10573837,0.00021385,0.816,0.408,Cheng et al. 2013,596800,5800,5800,,,,yes,yes,,yes
4690,302,MC-ICP-MS U/Th,404.5,,SB14-C4-2,calcite,,,603098,6722,6722,,,yes,891.2,0.1,19,1,,,885000,56300,1.14172,0.00026,1.10309558,0.00020111,0.816,0.408,Cheng et al. 2013,603000,6700,6700,,,,yes,yes,,yes
4691,302,MC-ICP-MS U/Th,412.5,,SB14-4,calcite,,,602482,5721,5721,,,yes,1020.5,0.1,18,1,,,1047000,62300,1.13867,0.00016,1.10095702,0.00020168,0.816,0.408,Cheng et al. 2013,602400,5700,5700,,,,yes,yes,,yes
4692,302,MC-ICP-MS U/Th,420.5,,Sb14-6,calcite,,,602940,8172,8172,,,yes,913.2,0.1,29,1,,,596000,28200,1.14112,0.00038,1.1026461,0.00018678,0.816,0.408,Cheng et al. 2013,602900,8200,8200,,,,yes,yes,,yes
4693,302,MC-ICP-MS U/Th,451.5,,SB14-3,calcite,,,604102,6300,6300,,,yes,922.9,0.1,22,1,,,793000,45500,1.14161,0.00019,1.10297379,0.00021398,0.816,0.408,Cheng et al. 2013,604000,6300,6300,,,,yes,yes,,yes
4694,302,MC-ICP-MS U/Th,459.5,,SB14-C3-2,calcite,,,605602,6383,6383,,,yes,1379.3,0.1,6,1,,,3996000,748500,1.13798,0.00025,1.10034984,0.00017727,0.816,0.408,Cheng et al. 2013,605500,6400,6400,,,,yes,yes,,yes
4695,302,MC-ICP-MS U/Th,493.5,,SB14-C2-3,calcite,,,611636,7112,7112,,,yes,1240.1,0.1,27,1,,,870000,36900,1.13701,0.00022,1.09943123,0.00021126,0.816,0.408,Cheng et al. 2013,611600,7100,7100,,,,yes,yes,,yes
4696,302,MC-ICP-MS U/Th,501.5,,SB14-2,calcite,,,608214,6625,6625,,,yes,1039.5,0.1,13,2,,,1448000,187800,1.13715,0.00017,1.09965801,0.00022,0.816,0.408,Cheng et al. 2013,608200,6600,6600,,,,yes,yes,,yes
4697,302,MC-ICP-MS U/Th,509.5,,SB14-C2-2,calcite,,,615325,8371,8371,,,yes,886,0.1,14,1,,,1219000,132200,1.1367,0.00027,1.09907751,0.00023212,0.816,0.408,Cheng et al. 2013,615300,8400,8400,,,,yes,yes,,yes
4698,302,MC-ICP-MS U/Th,537.5,,SB14-C1-2,calcite,,,620353,10029,10029,,,yes,1216.9,0.1,10,2,,,2294000,378300,1.13637,0.00034,1.09867136,0.00024889,0.816,0.408,Cheng et al. 2013,620300,10000,10000,,,,yes,yes,,yes
4699,302,MC-ICP-MS U/Th,545.5,,SB14-1,calcite,,,621278,6226,6226,,,yes,1106.2,0.1,19,1,,,1109000,73100,1.1352,0.00017,1.09781454,0.00017191,0.816,0.408,Cheng et al. 2013,621200,6200,6200,,,,yes,yes,,yes
4700,302,MC-ICP-MS U/Th,572.5,,SB14-Bottom,calcite,,,622818,6432,6432,,,yes,922.1,0.1,37,1,,,464000,13800,1.13619,0.00019,1.09845582,0.00016701,0.816,0.408,Cheng et al. 2013,622800,6400,6400,,,,yes,yes,,yes
4701,303,MC-ICP-MS U/Th,8,,SB32-21-4,calcite,,,513.3,2.7,2.7,,,yes,922.4,0.2,78,1,,,227000,3500,1.15997,0.00018,1.1217,0.0002,0.816,0.408,Cheng et al. 2013,513300,2700,2700,,,yes,yes,,,yes
4702,303,MC-ICP-MS U/Th,13,,SB32-21-3,calcite,,,514.1,3.8,3.8,,,yes,671.6,0.2,62,1,,,207000,4000,1.15034,0.0002,1.1147,0.0003,0.816,0.408,Cheng et al. 2013,514100,3800,3800,,,yes,yes,,,yes
4703,303,MC-ICP-MS U/Th,20,,SB32-21,calcite,,,521.7,2.8,2.8,,,yes,567.7,0.2,312,1,,,35000,100,1.15058,0.00015,1.1142,0.0002,0.816,0.408,Cheng et al. 2013,521600,2800,2800,,,yes,yes,,,yes
4704,303,MC-ICP-MS U/Th,27,,SB32-21-2,calcite,,,524.9,3.4,3.4,,,yes,613.1,0.2,34,1,,,340000,13100,1.14996,0.00019,1.1135,0.0002,0.816,0.408,Cheng et al. 2013,524800,3400,3400,,,yes,yes,,,yes
4705,303,MC-ICP-MS U/Th,35,,SB32-20-4,calcite,,,518.3,4.4,4.4,,,yes,584,0.2,134,1,,,83000,600,1.15007,0.00024,1.1141,0.0003,0.816,0.408,Cheng et al. 2013,518200,4400,4400,,,yes,yes,,,yes
4706,303,MC-ICP-MS U/Th,43,,SB32-20-3,calcite,,,526.6,2.9,2.9,,,yes,986.7,0.2,19,1,,,978000,64800,1.15948,0.00016,1.1202,0.0002,0.816,0.408,Cheng et al. 2013,526600,2900,2900,,,yes,yes,,,yes
4707,303,MC-ICP-MS U/Th,50,,SB32-20-2,calcite,,,531,3.8,3.8,,,yes,736.1,0.2,37,1,,,374000,9200,1.15351,0.00026,1.1156,0.0002,0.816,0.408,Cheng et al. 2013,531000,3800,3800,,,yes,yes,,,yes
4708,303,MC-ICP-MS U/Th,56,,SB32-20,calcite,,,532.8,3.2,3.2,,,yes,917.4,0.2,73,1,,,240000,3600,1.15326,0.00019,1.1152,0.0002,0.816,0.408,Cheng et al. 2013,532700,3200,3200,,,yes,yes,,,yes
4709,303,MC-ICP-MS U/Th,59,,SB32-19-7,calcite,,,533.5,3.3,3.3,,,yes,725.8,0.2,705,1,,,20000,25,1.14982,0.00016,1.1127,0.0002,0.816,0.408,Cheng et al. 2013,533400,3300,3300,,,yes,yes,,,yes
4710,303,MC-ICP-MS U/Th,62,,SB32-19-6,calcite,,,534.6,3,3,,,yes,817.8,0.2,280,1,,,55000,200,1.14884,0.00018,1.1119,0.0002,0.816,0.408,Cheng et al. 2013,534500,3000,3000,,,yes,yes,,,yes
4711,303,MC-ICP-MS U/Th,68,,SB32-19-5,calcite,,,535.8,3.1,3.1,,,yes,877.6,0.2,62,1,,,270000,4400,1.14747,0.00015,1.1109,0.0002,0.816,0.408,Cheng et al. 2013,535700,3100,3100,,,yes,yes,,,yes
4712,303,MC-ICP-MS U/Th,72,,SB32-19-4,calcite,,,541.5,3.1,3.1,,,yes,951.1,0.2,75,1,,,241000,3500,1.14953,0.00016,1.1119,0.0002,0.816,0.408,Cheng et al. 2013,541500,3100,3100,,,yes,yes,,,yes
4713,303,MC-ICP-MS U/Th,77,,SB32-19-3,calcite,,,538.7,3.3,3.3,,,yes,1143.7,0.2,69,2,,,315000,6900,1.14863,0.00016,1.1115,0.0002,0.816,0.408,Cheng et al. 2013,538700,3300,3300,,,yes,yes,,,yes
4714,303,MC-ICP-MS U/Th,82,,SB32-19-2,calcite,,,544.8,4.1,4.1,,,yes,986.5,0.2,95,1,,,197000,1900,1.15049,0.00027,1.1124,0.0002,0.816,0.408,Cheng et al. 2013,544800,4100,4100,,,yes,yes,,,yes
4715,303,MC-ICP-MS U/Th,88,,Sb32-19,calcite,,,552.3,4.1,4.1,,,yes,660.9,0.2,40,1,,,310000,9100,1.14007,0.00023,1.1045,0.0002,0.816,0.408,Cheng et al. 2013,552200,4100,4100,,,yes,yes,,,yes
4716,303,MC-ICP-MS U/Th,101,,SB32-18-6,calcite,,,550.6,4,4,,,yes,791.5,0.2,267,1,,,56000,200,1.14093,0.0002,1.1052,0.0002,0.816,0.408,Cheng et al. 2013,550500,4000,4000,,,yes,yes,,,yes
4717,303,MC-ICP-MS U/Th,105,,SB32-18-5,calcite,,,548.7,4.6,4.6,,,yes,627.9,0.2,83,1,,,143000,2300,1.14062,0.00028,1.1051,0.0002,0.816,0.408,Cheng et al. 2013,548700,4600,4600,,,yes,yes,,,yes
4718,303,MC-ICP-MS U/Th,110,,SB32-18-4,calcite,,,550.8,4,4,,,yes,785.7,0.2,98,1,,,151000,2000,1.14074,0.00016,1.105,0.0002,0.816,0.408,Cheng et al. 2013,550700,4000,4000,,,yes,yes,,,yes
4719,303,MC-ICP-MS U/Th,114,,SB32-18-3,calcite,,,554.7,4.3,4.3,,,yes,810.5,0.2,73,1,,,208000,3700,1.13955,0.00025,1.104,0.0002,0.816,0.408,Cheng et al. 2013,554600,4300,4300,,,yes,yes,,,yes
4720,303,MC-ICP-MS U/Th,118,,SB32-18-2-1-f,calcite,,,565.1,5.4,5.4,,,yes,831.3,0.2,172,1,,,91000,700,1.13846,0.00032,1.1026,0.0002,0.816,0.408,Cheng et al. 2013,565000,5400,5400,,,yes,yes,,,yes
4721,303,MC-ICP-MS U/Th,125,,SB32-18-2-1-3,calcite,,,555.6,3.8,3.8,,,yes,848.6,0.2,18,1,,,894000,48000,1.1374,0.00017,1.1024,0.0002,0.816,0.408,Cheng et al. 2013,555600,3800,3800,,,yes,yes,,,yes
4722,303,MC-ICP-MS U/Th,131,,SB32-18-2-1-2,calcite,,,560.9,4.3,4.3,,,yes,800.2,0.2,31,1,,,481000,16600,1.13728,0.00021,1.102,0.0002,0.816,0.408,Cheng et al. 2013,560800,4300,4300,,,yes,yes,,,yes
4723,303,MC-ICP-MS U/Th,137,,SB32-18-2-1-s,calcite,,,568.6,5.6,5.6,,,yes,796,0.2,56,1,,,269000,4800,1.14014,0.00031,1.1036,0.0002,0.816,0.408,Cheng et al. 2013,568600,5600,5600,,,yes,yes,,,yes
4724,303,MC-ICP-MS U/Th,142,,Sb32-18,calcite,,,565,4.3,4.3,,,yes,944.3,0.2,62,1,,,287000,6000,1.13882,0.00021,1.1028,0.0002,0.816,0.408,Cheng et al. 2013,565000,4300,4300,,,yes,yes,,,yes
4725,303,MC-ICP-MS U/Th,147,,SB32-17-7,calcite,,,560,3.7,3.7,,,yes,1149.7,0.2,12,1,,,1864000,221000,1.14004,0.0002,1.104,0.0002,0.816,0.408,Cheng et al. 2013,560000,3700,3700,,,yes,yes,,,yes
4726,303,MC-ICP-MS U/Th,153,,SB32-17-6,calcite,,,564.9,3.9,3.9,,,yes,1088,0.2,26,1,,,795000,38000,1.1398,0.00015,1.1035,0.0002,0.816,0.408,Cheng et al. 2013,564800,3900,3900,,,yes,yes,,,yes
4727,303,MC-ICP-MS U/Th,158,,SB32-17-5,calcite,,,571.7,3.7,3.7,,,yes,916.3,0.2,34,1,,,508000,17000,1.13707,0.00015,1.1012,0.0002,0.816,0.408,Cheng et al. 2013,571600,3700,3700,,,yes,yes,,,yes
4728,303,MC-ICP-MS U/Th,163,,SB32-17-4,calcite,,,567.8,3.7,3.7,,,yes,1031.1,0.2,9,1,,,2042000,226000,1.13487,0.00016,1.0999,0.0002,0.816,0.408,Cheng et al. 2013,567700,3700,3700,,,yes,yes,,,yes
4729,303,MC-ICP-MS U/Th,168,,SB32-17-3,calcite,,,569.3,4.4,4.4,,,yes,1081.6,0.2,7,1,,,2814000,320000,1.13468,0.00015,1.0997,0.0002,0.816,0.408,Cheng et al. 2013,569200,4400,4400,,,yes,yes,,,yes
4730,303,MC-ICP-MS U/Th,177,,SB32-C17-2,calcite,,,565,3.1,3.1,,,yes,1085.2,0.2,8,1,,,2623000,317000,1.13439,0.00011,1.0997,0.0002,0.816,0.408,Cheng et al. 2013,564900,3100,3100,,,yes,yes,,,yes
4731,303,MC-ICP-MS U/Th,183,,Sb32-C17,calcite,,,570.7,3.6,3.6,,,yes,1257.6,0.2,12,1,,,1937000,189000,1.13746,0.00014,1.1016,0.0002,0.816,0.408,Cheng et al. 2013,570600,3600,3600,,,yes,yes,,,yes
4732,303,MC-ICP-MS U/Th,227,,SB32-16-2k,calcite,,,574.3,3.4,3.4,,,yes,2028.6,0.2,13,1,,,2982000,232000,1.14371,0.00012,1.1058,0.0002,0.816,0.408,Cheng et al. 2013,574300,3400,3400,,,yes,yes,,,yes
4733,303,MC-ICP-MS U/Th,236,,Sb32-16,calcite,,,575.7,3.8,3.8,,,yes,2129.1,0.2,16,1,,,2576000,195000,1.13968,0.00014,1.1029,0.0002,0.816,0.408,Cheng et al. 2013,575700,3800,3800,,,yes,yes,,,yes
4734,303,MC-ICP-MS U/Th,274,,SB32-15-2,calcite,,,571.9,4,4,,,yes,1462.3,0.2,3,1,,,8661000,3161000,1.14203,0.00013,1.1048,0.0002,0.816,0.408,Cheng et al. 2013,571800,4000,4000,,,yes,yes,,,yes
4735,303,MC-ICP-MS U/Th,282,,SB32-15,calcite,,,572.4,4,4,,,yes,1462.7,0.2,3,1,,,8895000,3726000,1.14182,0.00018,1.1046,0.0002,0.816,0.408,Cheng et al. 2013,572300,4000,4000,,,yes,yes,,,yes
4736,303,MC-ICP-MS U/Th,308,,Sb32-14-3,calcite,,,580.8,3.9,3.9,,,yes,1641.9,0.2,3,1,,,8923000,3687000,1.14251,0.00016,1.1046,0.0002,0.816,0.408,Cheng et al. 2013,580700,3900,3900,,,yes,yes,,,yes
4737,303,MC-ICP-MS U/Th,316,,SB32-14-5,calcite,,,573.8,3.8,3.8,,,yes,1758,0.2,3,1,,,11160000,3512000,1.14303,0.00016,1.1054,0.0002,0.816,0.408,Cheng et al. 2013,573800,3800,3800,,,yes,yes,,,yes
4738,303,MC-ICP-MS U/Th,334,,Sb32-14-2,calcite,,,577.3,4.7,4.7,,,yes,1191.3,0.2,11,1,,,2003000,204000,1.14141,0.00022,1.104,0.0002,0.816,0.408,Cheng et al. 2013,577300,4700,4700,,,yes,yes,,,yes
4739,303,MC-ICP-MS U/Th,340,,SB32-14-4,calcite,,,573.3,3.8,3.8,,,yes,1632.4,0.2,5,1,,,6343000,1216000,1.1423,0.00012,1.1049,0.0002,0.816,0.408,Cheng et al. 2013,573200,3800,3800,,,yes,yes,,,yes
4740,303,MC-ICP-MS U/Th,346,,Sb32-14,calcite,,,588,15.1,15.1,,,yes,1489.2,0.2,6,1,,,4626000,881000,1.14156,0.00095,1.1036,0.0002,0.816,0.408,Cheng et al. 2013,587900,15100,15100,,,yes,yes,,,yes
4741,303,MC-ICP-MS U/Th,384,,Sb32-13,calcite,,,579.9,4,4,,,yes,1517.1,0.2,24,1,,,1199000,65000,1.14178,0.00015,1.1042,0.0002,0.816,0.408,Cheng et al. 2013,579800,4000,4000,,,yes,yes,,,yes
4742,303,MC-ICP-MS U/Th,393,,SB32-13-2-1,calcite,,,576.8,5.9,5.9,,,yes,1009.1,0.2,61,2,,,314000,9000,1.14194,0.00026,1.1044,0.0002,0.816,0.408,Cheng et al. 2013,576800,5900,5900,,,yes,yes,,,yes
4743,303,MC-ICP-MS U/Th,393,,SB32-13-2,calcite,,,585.3,4.1,4.1,,,yes,1415.4,0.2,23,1,,,1161000,46000,1.14204,0.00011,1.1041,0.0002,0.816,0.408,Cheng et al. 2013,585300,4100,4100,,,yes,yes,,,yes
4744,303,MC-ICP-MS U/Th,442,,Sb32-12,calcite,,,580.6,4,4,,,yes,1020,0.2,83,1,,,232000,3000,1.14173,0.00014,1.1041,0.0002,0.816,0.408,Cheng et al. 2013,580600,4000,4000,,,yes,yes,,,yes
4745,303,MC-ICP-MS U/Th,449,,SB32-12-2,calcite,,,582.9,4.5,4.5,,,yes,1365.5,0.2,53,1,,,488000,11000,1.14157,0.00013,1.1039,0.0002,0.816,0.408,Cheng et al. 2013,582800,4500,4500,,,yes,yes,,,yes
4746,303,MC-ICP-MS U/Th,449,,SB32-12-2-1,calcite,,,592.2,5.1,5.1,,,yes,1394.7,0.2,86,2,,,305000,6000,1.13845,0.00014,1.1012,0.0002,0.816,0.408,Cheng et al. 2013,592100,5100,5100,,,yes,yes,,,yes
4747,303,MC-ICP-MS U/Th,495,,Sb32-11,calcite,,,589.4,5,5,,,yes,1342.6,0.2,46,1,,,554000,15000,1.13981,0.00017,1.1023,0.0002,0.816,0.408,Cheng et al. 2013,589300,5000,5000,,,yes,yes,,,yes
4748,303,MC-ICP-MS U/Th,501,,SB32-11-2,calcite,,,590.9,4.2,4.2,,,yes,1343.5,0.2,63,1,,,401000,7000,1.14011,0.00012,1.1025,0.0002,0.816,0.408,Cheng et al. 2013,590900,4200,4200,,,yes,yes,,,yes
4749,303,MC-ICP-MS U/Th,541,,Sb32-10,calcite,,,593.6,5.1,5.1,,,yes,1185.4,0.2,21,1,,,1033000,58000,1.13465,0.0002,1.0985,0.0002,0.816,0.408,Cheng et al. 2013,593600,5100,5100,,,yes,yes,,,yes
4750,303,MC-ICP-MS U/Th,547,,SB32-10-2,calcite,,,597.5,5,5,,,yes,1110.5,0.2,20,1,,,1032000,55000,1.13527,0.00013,1.0988,0.0002,0.816,0.408,Cheng et al. 2013,597400,5000,5000,,,yes,yes,,,yes
4751,303,MC-ICP-MS U/Th,605,,SB32-9,calcite,,,602.3,8,8,,,yes,1160,0.2,17,1,,,1256000,80000,1.13188,0.00038,1.0962,0.0002,0.816,0.408,Cheng et al. 2013,602300,8000,8000,,,yes,yes,,,yes
4752,303,MC-ICP-MS U/Th,612,,SB32-9-2,calcite,,,598.6,5.4,5.4,,,yes,1206.3,0.2,16,1,,,1392000,94000,1.13242,0.00019,1.0967,0.0002,0.816,0.408,Cheng et al. 2013,598500,5400,5400,,,yes,yes,,,yes
4753,303,MC-ICP-MS U/Th,658,,Sb32-8,calcite,,,608,5.5,5.5,,,yes,1111.1,0.2,49,1,,,422000,11000,1.12882,0.00018,1.0938,0.0002,0.816,0.408,Cheng et al. 2013,608000,5500,5500,,,yes,yes,,,yes
4754,303,MC-ICP-MS U/Th,665,,SB32-8-2,calcite,,,605.2,5.6,5.6,,,yes,1163.1,0.2,15,1,,,1400000,94000,1.12866,0.00015,1.0938,0.0002,0.816,0.408,Cheng et al. 2013,605100,5600,5600,,,yes,yes,,,yes
4755,303,MC-ICP-MS U/Th,705,,Sb32-7,calcite,,,606.3,5.2,5.2,,,yes,1684,0.2,5,1,,,6374000,1339000,1.12705,0.00016,1.0926,0.0002,0.816,0.408,Cheng et al. 2013,606300,5200,5200,,,yes,yes,,,yes
4756,303,MC-ICP-MS U/Th,712,,SB32-7-2,calcite,,,607,4.5,4.5,,,yes,1668.2,0.2,5,1,,,6805000,1452000,1.12784,0.0001,1.0931,0.0002,0.816,0.408,Cheng et al. 2013,607000,4500,4500,,,yes,yes,,,yes
4757,303,MC-ICP-MS U/Th,744,,Sb32-6,calcite,,,607.5,5.1,5.1,,,yes,1928.9,0.2,5,1,,,6733000,1282000,1.12741,0.00015,1.0928,0.0002,0.816,0.408,Cheng et al. 2013,607500,5100,5100,,,yes,yes,,,yes
4758,303,MC-ICP-MS U/Th,751,,SB32-6-2,calcite,,,605.3,4.6,4.6,,,yes,1831.7,0.2,4,1,,,7929000,1901000,1.12764,0.0001,1.093,0.0002,0.816,0.408,Cheng et al. 2013,605200,4600,4600,,,yes,yes,,,yes
4759,303,MC-ICP-MS U/Th,784,,Sb32-5,calcite,,,609.5,6.6,6.6,,,yes,1137.8,0.2,7,2,,,2931000,614000,1.12691,0.00023,1.0924,0.0002,0.816,0.408,Cheng et al. 2013,609400,6600,6600,,,yes,yes,,,yes
4760,303,MC-ICP-MS U/Th,785,,Sb32-5d,calcite,,,610.2,8.9,8.9,,,yes,988,0.2,35,2,,,527000,24000,1.12779,0.00032,1.093,0.0002,0.816,0.408,Cheng et al. 2013,610100,8900,8900,,,yes,yes,,,yes
4761,303,MC-ICP-MS U/Th,790,,SB32-5-2,calcite,,,607.1,5.6,5.6,,,yes,1407.2,0.2,7,1,,,3706000,591000,1.12659,0.00017,1.0922,0.0002,0.816,0.408,Cheng et al. 2013,607000,5600,5600,,,yes,yes,,,yes
4762,303,MC-ICP-MS U/Th,822,,Sb32-4,calcite,,,614.6,7,7,,,yes,1520.8,0.2,6,1,,,4685000,993000,1.12477,0.00028,1.0907,0.0001,0.816,0.408,Cheng et al. 2013,614600,7000,7000,,,yes,yes,,,yes
4763,303,MC-ICP-MS U/Th,828,,SB32-4-2,calcite,,,613,5,5,,,yes,1476.5,0.2,4,1,,,6133000,1615000,1.12542,0.00014,1.0912,0.0001,0.816,0.408,Cheng et al. 2013,612900,5000,5000,,,yes,yes,,,yes
4764,303,MC-ICP-MS U/Th,806,,SB32-3-3,calcite,,,618.2,5.4,5.4,,,yes,1099.7,0.2,7,1,,,2749000,366000,1.12422,0.00016,1.0902,0.0001,0.816,0.408,Cheng et al. 2013,618100,5400,5400,,,yes,yes,,,yes
4765,303,MC-ICP-MS U/Th,819,,SB32-3-2,calcite,,,621.2,6.2,6.2,,,yes,1203,0.2,6,1,,,3620000,663000,1.12377,0.0002,1.0897,0.0001,0.816,0.408,Cheng et al. 2013,621100,6200,6200,,,yes,yes,,,yes
4766,303,MC-ICP-MS U/Th,819,,SB32-3-2d,calcite,,,617.8,8.1,8.1,,,yes,1008.1,0.2,13,2,,,1443000,197000,1.12419,0.00019,1.0902,0.0002,0.816,0.408,Cheng et al. 2013,617700,8100,8100,,,yes,yes,,,yes
4767,303,MC-ICP-MS U/Th,871,,SB32-3d,calcite,,,614.3,9,9,,,yes,1345.6,0.2,20,2,,,1224000,101000,1.1242,0.00023,1.0903,0.0003,0.816,0.408,Cheng et al. 2013,614200,9000,9000,,,yes,yes,,,yes
4768,303,MC-ICP-MS U/Th,870,,Sb32-3,calcite,,,612.4,5.5,5.5,,,yes,1246,0.2,35,1,,,661000,19000,1.12358,0.00014,1.0899,0.0002,0.816,0.408,Cheng et al. 2013,612300,5500,5500,,,yes,yes,,,yes
4769,303,MC-ICP-MS U/Th,901,,SB32-2-3,calcite,,,614.7,5.2,5.2,,,yes,1684.6,0.2,21,1,,,1517000,79000,1.12006,0.00012,1.0873,0.0002,0.816,0.408,Cheng et al. 2013,614600,5200,5200,,,yes,yes,,,yes
4770,303,MC-ICP-MS U/Th,909,,SB32-2-3K,calcite,,,612.6,5.9,5.9,,,yes,1628.5,0.2,13,1,,,2304000,257000,1.12006,0.00012,1.0874,0.0002,0.816,0.408,Cheng et al. 2013,612500,5900,5900,,,yes,yes,,,yes
4771,303,MC-ICP-MS U/Th,914,,Sb32-2-2,calcite,,,621,5.8,5.8,,,yes,1666.6,0.2,6,1,,,5246000,1086000,1.12044,0.00016,1.0874,0.0001,0.816,0.408,Cheng et al. 2013,620900,5800,5800,,,yes,yes,,,yes
4772,303,MC-ICP-MS U/Th,922,,Sb32-2,calcite,,,620,5.7,5.7,,,yes,1653.9,0.2,4,1,,,7571000,2459000,1.12161,0.00016,1.0883,0.0002,0.816,0.408,Cheng et al. 2013,619900,5700,5700,,,yes,yes,,,yes
4773,303,MC-ICP-MS U/Th,948,,Sb32-1-3,calcite,,,620.8,5.6,5.6,,,yes,1602.1,0.2,17,1,,,1704000,121000,1.12498,0.00017,1.0906,0.0001,0.816,0.408,Cheng et al. 2013,620700,5600,5600,,,yes,yes,,,yes
4774,303,MC-ICP-MS U/Th,966,,Sb32-1,calcite,,,617.5,6,6,,,yes,1579.4,0.2,3,1,,,8479000,2592000,1.12372,0.00016,1.0898,0.0002,0.816,0.408,Cheng et al. 2013,617500,6000,6000,,,yes,yes,,,yes
4775,303,MC-ICP-MS U/Th,972,,SB32-1-2,calcite,,,623.7,5.7,5.7,,,yes,1558.4,0.2,4,1,,,7080000,1745000,1.12382,0.00014,1.0897,0.0002,0.816,0.408,Cheng et al. 2013,623700,5700,5700,,,yes,yes,,,yes
4776,303,MC-ICP-MS U/Th,977,,SB32-1-4,calcite,,,624,6.5,6.5,,,yes,1571.9,0.2,3,1,,,8676000,3124000,1.12414,0.00014,1.0899,0.0002,0.816,0.408,Cheng et al. 2013,623900,6500,6500,,,yes,yes,,,yes
4777,303,MC-ICP-MS U/Th,977,,SB32-1-4d,calcite,,,625.6,9.9,9.9,,,yes,1346.3,0.2,20,1,,,1247000,103000,1.12421,0.00024,1.0899,0.0003,0.816,0.408,Cheng et al. 2013,625600,9900,9900,,,yes,yes,,,yes
4778,303,MC-ICP-MS U/Th,995,,Sb32-B4,calcite,,,617,6.1,6.1,,,yes,1279.4,0.2,97,1,,,245000,3000,1.12379,0.00016,1.0899,0.0002,0.816,0.408,Cheng et al. 2013,617000,6100,6100,,,yes,yes,,,yes
4779,303,MC-ICP-MS U/Th,1050,,Sb32-B3,calcite,,,622.4,5.5,5.5,,,yes,1336.1,0.2,15,1,,,1666000,131000,1.1217,0.00015,1.0882,0.0001,0.816,0.408,Cheng et al. 2013,622400,5500,5500,,,yes,yes,,,yes
4780,303,MC-ICP-MS U/Th,1050,,Sb32-B2-1,calcite,,,618.6,7.2,7.2,,,yes,1313.2,0.2,37,1,,,653000,24000,1.12146,0.0002,1.0882,0.0002,0.816,0.408,Cheng et al. 2013,618500,7200,7200,,,yes,yes,,,yes
4781,303,MC-ICP-MS U/Th,1105,,SB32-1105,calcite,,,630.4,6.8,6.8,,,yes,1281.8,0.2,22,1,,,1065000,66000,1.12536,0.00015,1.0906,0.0002,0.816,0.408,Cheng et al. 2013,630300,6800,6800,,,yes,yes,,,yes
4782,303,MC-ICP-MS U/Th,1105,,Sb32-B2,calcite,,,624.5,6.7,6.7,,,yes,1230.1,0.2,30,1,,,759000,26000,1.12461,0.00015,1.0902,0.0002,0.816,0.408,Cheng et al. 2013,624500,6700,6700,,,yes,yes,,,yes
4783,303,MC-ICP-MS U/Th,1170,,Sb32-B1,calcite,,,640.3,8.1,8.1,,,yes,959,0.2,42,1,,,426000,12000,1.11916,0.00014,1.0859,0.0002,0.816,0.408,Cheng et al. 2013,640300,8100,8100,,,yes,yes,,,yes
4784,303,MC-ICP-MS U/Th,1170,,SB32-1170,calcite,,,638.3,7.4,7.4,,,yes,1073.4,0.2,34,2,,,581000,40000,1.12107,0.00015,1.0873,0.0002,0.816,0.408,Cheng et al. 2013,638200,7400,7400,,,yes,yes,,,yes
4785,304,MC-ICP-MS U/Th,3,,Sb58-1,calcite,,,426727,1252,1252,,,yes,1655.3,0.1,77,2,,,398000,8400,1.11794,0.00016,1.10228369,0.00019376,0.816,0.408,Cheng et al. 2013,426700,1300,1300,yes,,yes,yes,yes,yes,yes
4786,304,MC-ICP-MS U/Th,5,,Sb58-2,calcite,,,427288,3014,3014,,,yes,1759.1,0.1,51,1,,,629000,11300,1.11284,0.00035,1.10228369,0.00019376,0.816,0.408,Cheng et al. 2013,427200,3000,3000,yes,,yes,yes,yes,yes,yes
4787,304,MC-ICP-MS U/Th,10,,Sb58-3,calcite,,,428052,1712,1712,,,yes,1982.3,0.1,30,4,,,1202000,141100,1.11744,0.00023,1.09840334,0.00047301,0.816,0.408,Cheng et al. 2013,428000,1700,1700,yes,,yes,yes,yes,yes,yes
4788,304,MC-ICP-MS U/Th,14,,Sb58-4,calcite,,,428885,1015,1015,,,yes,1959.1,0.1,86,2,,,420000,9200,1.11475,0.00014,1.10167172,0.0002572,0.816,0.408,Cheng et al. 2013,428800,1000,1000,yes,,yes,yes,yes,yes,yes
4789,304,MC-ICP-MS U/Th,20,,Sb58-5,calcite,,,432856,1755,1755,,,yes,1623.4,0.1,224,2,,,133000,1500,1.11235,0.00022,1.09953622,0.0001485,0.816,0.408,Cheng et al. 2013,432800,1800,1800,yes,,yes,yes,yes,yes,yes
4790,304,MC-ICP-MS U/Th,25,,Sb58-6,calcite,,,434924,1680,1680,,,yes,1464.9,0,187,2,,,143000,1700,1.11086,0.0002,1.09706828,0.00025064,0.816,0.408,Cheng et al. 2013,434900,1700,1700,yes,,yes,yes,yes,yes,yes
4791,304,MC-ICP-MS U/Th,40,,Sb58-7,calcite,,,435996,1409,1409,,,yes,2008.5,0.1,14,2,,,2639000,403700,1.11592,0.00016,1.09561915,0.0002384,0.816,0.408,Cheng et al. 2013,435900,1400,1400,yes,,yes,yes,yes,yes,yes
4792,304,MC-ICP-MS U/Th,57,,Sb58-8,calcite,,,439371,2087,2087,,,yes,2054.1,0.1,135,2,,,280000,4100,1.11474,0.00032,1.09917857,0.00020191,0.816,0.408,Cheng et al. 2013,439300,2100,2100,yes,,yes,yes,yes,yes,yes
4793,304,MC-ICP-MS U/Th,75,,Sb58-9,calcite,,,440163,1509,1509,,,yes,2025.3,0.1,128,3,,,292000,6200,1.1164,0.00019,1.0977537,0.00024212,0.816,0.408,Cheng et al. 2013,440100,1500,1500,yes,,yes,yes,yes,yes,yes
4794,304,MC-ICP-MS U/Th,94,,Sb58-10,calcite,,,442379,1349,1349,,,yes,2798.5,0.1,10,2,,,4961000,1082900,1.11938,0.00012,1.09884706,0.00019879,0.816,0.408,Cheng et al. 2013,442300,1300,1300,yes,,yes,yes,yes,yes,yes
4795,304,MC-ICP-MS U/Th,116,,Sb58-11,calcite,,,443058,1175,1175,,,yes,2634,0.1,41,2,,,1212000,61700,1.13853,0.00014,1.1006935,0.00019482,0.816,0.408,Cheng et al. 2013,443000,1200,1200,yes,,yes,yes,yes,yes,yes
4796,304,MC-ICP-MS U/Th,182,,Sb58-12,calcite,,,446577,1341,1341,,,yes,2918.1,0.1,5,2,,,11206000,5554900,1.10426,0.00015,1.11469281,0.00016279,0.816,0.408,Cheng et al. 2013,446500,1300,1300,yes,,yes,yes,yes,yes,yes
4797,304,MC-ICP-MS U/Th,265,,Sb58-13,calcite,,,452419,1340,1340,,,yes,2694.5,0.1,110,2,,,454000,8300,1.12665,0.00011,1.08891971,0.00016625,0.816,0.408,Cheng et al. 2013,452400,1300,1300,yes,,yes,yes,yes,yes,yes
4798,304,MC-ICP-MS U/Th,316,,Sb58-14,calcite,,,453648,1428,1428,,,yes,2947.9,0.1,3,2,,,19280000,14971400,1.12143,0.00014,1.10451561,0.00017662,0.816,0.408,Cheng et al. 2013,453600,1400,1400,yes,,yes,yes,yes,yes,yes
4799,304,MC-ICP-MS U/Th,370,,Sb58-15,calcite,,,455304,1750,1750,,,yes,2279.9,0.1,34,3,,,1234000,104400,1.12377,0.00017,1.10050621,0.00017689,0.816,0.408,Cheng et al. 2013,455200,1800,1800,yes,,yes,yes,yes,yes,yes
4800,304,MC-ICP-MS U/Th,465,,Sb58-16,calcite,,,459513,1836,1836,,,yes,2636.8,0.1,291,1,,,166000,800,1.11021,0.00024,1.1019842,0.00021573,0.816,0.408,Cheng et al. 2013,459500,1800,1800,yes,,yes,yes,yes,yes,yes
4801,304,MC-ICP-MS U/Th,483,,Sb58-17,calcite,,,461544,2078,2078,,,yes,3639.6,0.7,4,2,,,16096000,8566400,1.11211,0.00027,1.09147888,0.00016845,0.816,0.408,Cheng et al. 2013,461500,2100,2100,yes,,yes,yes,yes,yes,yes
4802,304,MC-ICP-MS U/Th,625,,Sb58-18,calcite,,,464714,1905,1905,,,yes,2476.4,0.1,14,2,,,3262000,551800,1.10978,0.00017,1.09260305,0.00018756,0.816,0.408,Cheng et al. 2013,464700,1900,1900,yes,,yes,yes,yes,yes,yes
4968,311,MC-ICP-MS U/Th,3,,BTV021A-3mm,calcite,,,,,,,,yes,60.3,0.2,209,3,,,,,0.0113,0.0011,3.669,0.013,0.816,0.408,Cheng et al. 2000,310,34,34,yes,,yes,yes,,yes,yes
4969,311,MC-ICP-MS U/Th,21,,BTV021A-21mm,calcite,,,,,,,,yes,89.8,0.3,54,2,,,,,0.0465,0.001,3.802,0.011,0.816,0.408,Cheng et al. 2000,1336,30,30,yes,,yes,yes,,yes,yes
4970,311,MC-ICP-MS U/Th,40,,BTV021A-40mm,calcite,,,,,,,,yes,82.4,0.3,49,2,,,,,0.0654,0.0013,3.809,0.01,0.816,0.408,Cheng et al. 2000,1884,37,37,yes,,yes,yes,,yes,yes
4971,311,MC-ICP-MS U/Th,60,,BTV021A-60mm,calcite,,,,,,,,yes,85.7,0.3,44,2,,,,,0.0884,0.0015,3.798,0.01,0.816,0.408,Cheng et al. 2000,2560,44,44,yes,,yes,yes,,yes,yes
4972,311,MC-ICP-MS U/Th,90,,BTV021A-90mm,calcite,,,,,,,,yes,84.6,0.3,28,3,,,,,0.1266,0.0017,3.838,0.01,0.816,0.408,Cheng et al. 2000,3645,52,52,yes,,yes,yes,,yes,yes
4973,311,MC-ICP-MS U/Th,115,,BTV021A-115mm,calcite,,,,,,,,yes,82.5,0.3,58,3,,,,,0.1555,0.0023,3.861,0.011,0.816,0.408,Cheng et al. 2000,4463,68,68,yes,,yes,yes,,yes,yes
4974,311,MC-ICP-MS U/Th,130,,BTV021A-130mm,calcite,,,,,,,,yes,102.4,0.3,38,2,,,,,0.1733,0.0018,3.897,0.009,0.816,0.408,Cheng et al. 2000,4940,53,53,yes,,yes,yes,,yes,yes
4975,311,MC-ICP-MS U/Th,154,,BTV021A-154mm,calcite,,,,,,,,yes,97.4,0.3,43,2,,,,,0.2042,0.0021,3.941,0.011,0.816,0.408,Cheng et al. 2000,5771,62,62,yes,,yes,yes,,yes,yes
4976,311,MC-ICP-MS U/Th,181,,BTV021A-181mm,calcite,,,,,,,,yes,95.5,0.3,44,2,,,,,0.2464,0.0026,3.998,0.011,0.816,0.408,Cheng et al. 2000,6890,77,77,yes,,yes,yes,,yes,yes
4977,311,MC-ICP-MS U/Th,200,,BTV021A-200mm,calcite,,,,,,,,yes,78,0.2,51,3,,,,,0.2903,0.0027,4.074,0.011,0.816,0.408,Cheng et al. 2000,7996,79,79,yes,,yes,yes,,yes,yes
4978,311,MC-ICP-MS U/Th,220,,BTV021A-220mm,calcite,,,,,,,,yes,108.6,0.4,67,3,,,,,0.3164,0.0027,4.092,0.011,0.816,0.408,Cheng et al. 2000,8698,81,81,yes,,yes,yes,,yes,yes
4979,311,MC-ICP-MS U/Th,229,,BTV021A-229mm,calcite,,,,,,,,yes,117.5,0.4,37,3,,,,,0.3338,0.0022,4.125,0.011,0.816,0.408,Cheng et al. 2000,9118,67,67,yes,,yes,yes,,yes,yes
4980,312,TIMS,19.1,,Bt2-3a,calcite,,,,,,,,yes,,,,,,,31.32,,0.103,0.00515,4.735,0.0156255,2.591257794,1.295628897,Cheng et al. 2000,2245,130,130,yes,,yes,yes,,yes,
4981,312,TIMS,48.5,,Bt2-6a,calcite,,,,,,,,yes,,,,,,,55.33,,0.246,0.0020664,4.281,0.0145554,2.591257794,1.295628897,Cheng et al. 2000,6245,70,70,yes,,yes,yes,,yes,
4982,312,TIMS,77.3,,Bt2-9a,calcite,,,,,,,,yes,,,,,,,55.64,,0.379,0.018192,4.634,0.0078778,2.591257794,1.295628897,Cheng et al. 2000,9045,460,460,yes,,yes,yes,,yes,
4983,312,TIMS,103.1,,Bt2-11a,calcite,,,,,,,,yes,,,,,,,117.96,,0.453,0.017667,4.466,0.0147378,2.591257794,1.295628897,Cheng et al. 2000,11375,470,470,yes,,yes,yes,,yes,
4984,312,TIMS,114.1,,Bt2-12a,calcite,,,,,,,,yes,,,,,,,106.28,,0.592,0.009472,4.606,0.0147392,2.591257794,1.295628897,Cheng et al. 2000,14545,260,260,yes,,yes,yes,,yes,
4985,312,TIMS,134,,Bt2-14a,calcite,,,,,,,,yes,,,,,,,123.87,,0.699,0.021669,4.331,0.0103944,2.591257794,1.295628897,Cheng et al. 2000,18545,630,630,yes,,yes,yes,,yes,
4986,312,TIMS,161.5,,Bt2-17a,calcite,,,,,,,,yes,,,,,,,293.43,,0.836,0.010032,4.208,0.0130448,2.591257794,1.295628897,Cheng et al. 2000,23335,320,320,yes,,yes,yes,,yes,
4987,312,TIMS,186.6,,Bt2-19a,calcite,,,,,,,,yes,,,,,,,201.41,,0.929,0.040876,3.943,0.0138005,2.591257794,1.295628897,Cheng et al. 2000,28115,1380,1380,yes,,yes,yes,,yes,
4988,312,TIMS,211.1,,Bt2-21a,calcite,,,,,,,,yes,,,,,,,247.77,,0.86,0.01118,3.28,0.010168,2.591257794,1.295628897,Cheng et al. 2000,31775,489,489,yes,,yes,yes,,yes,
4989,312,TIMS,236,,Bt2-23a,calcite,,,,,,,,yes,,,,,,,153.82,,1.18,0.04366,3.832,0.0103464,2.591257794,1.295628897,Cheng et al. 2000,38005,1640,1640,yes,,yes,yes,,yes,
4990,312,TIMS,281.2,,Bt2-25a,calcite,,,,,,,,yes,,,,,,,671.02,,1.178,0.04712,3.23,0.010659,2.591257794,1.295628897,Cheng et al. 2000,46595,2230,2230,yes,,yes,yes,,yes,
4991,312,TIMS,318.3,,Bt2-27a,calcite,,,,,,,,yes,,,,,,,659,,1.459,0.016049,3.165,0.017724,2.591257794,1.295628897,Cheng et al. 2000,62145,990,990,yes,,yes,yes,,yes,
4992,312,TIMS,356.2,,Bt2-30a,calcite,,,,,,,,yes,,,,,,,557.37,,1.681,0.0136161,3.424,0.0106144,2.591257794,1.295628897,Cheng et al. 2000,67155,750,750,yes,,yes,yes,,yes,
4993,312,TIMS,386.5,,Bt2-32a,calcite,,,,,,,,yes,,,,,,,379.69,,2.06,0.02472,3.839,0.0103653,2.591257794,1.295628897,Cheng et al. 2000,75095,1240,1240,yes,,yes,yes,,yes,
4994,312,TIMS,421.2,,Bt2-34a,calcite,,,,,,,,yes,,,,,,,841.73,,2.088,0.022968,3.714,0.0141132,2.591257794,1.295628897,Cheng et al. 2000,80035,1280,1280,yes,,yes,yes,,yes,
4995,312,TIMS,456.3,,Bt2-36a,calcite,,,,,,,,yes,,,,,,,759.79,,2.285,0.029705,3.967,0.0404634,2.591257794,1.295628897,Cheng et al. 2000,82535,1910,1910,yes,,yes,yes,,yes,
4996,312,TIMS,551.2,,Bt2-40a,calcite,,,,,,,,yes,,,,,,,450.15,,2.277,0.038709,3.64,0.033488,2.591257794,1.295628897,Cheng et al. 2000,92735,2570,2570,yes,,yes,yes,,yes,
4997,312,TIMS,608.2,,Bt2-42b,calcite,,,,,,,,yes,,,,,,,884.2,,2.259,0.031626,3.348,0.0157356,2.591257794,1.295628897,Cheng et al. 2000,103745,2300,2300,yes,,yes,yes,,yes,
4998,312,TIMS,653,,Bt2-44a,calcite,,,,,,,,yes,,,,,,,587.54,,2.358,0.0219294,3.352,0.0298328,2.591257794,1.295628897,Cheng et al. 2000,110615,2210,2210,yes,,yes,yes,,yes,
4999,312,TIMS,686.6,,Bt2-46a,calcite,,,,,,,,yes,,,,,,,427.26,,2.246,0.062888,3.124,0.0153076,2.591257794,1.295628897,Cheng et al. 2000,114905,5100,5100,yes,,yes,yes,,yes,
5000,313,TIMS,11,,CC1-19,calcite,,,,,,,,yes,4100,,,,,,12590,,0.503,0.0019,0.7713,0.0014,,,unknown,125547,1000,1000,,,,,,,
5001,313,MC-ICP-MS U/Th,12.5,,Cor-04,calcite,,,,,,,,yes,6200,,,,,,59276,,0.5054,0.0029,0.7722,0.0009,,,unknown,126347,1400,1400,,,,,,,
5002,313,TIMS,19,,Cor-12,calcite,,,,,,,,yes,7800,,,,,,7406,,0.5057,0.0008,0.7716,0.0014,,,unknown,126847,700,700,,,,,,,
5003,313,TIMS,22.5,,Cor-11,calcite,,,,,,,,yes,6700,,,,,,18021,,0.5121,0.0008,0.7773,0.0014,,,unknown,127747,600,600,,,,,,,
5004,313,TIMS,23,,CC1-18,calcite,,,,,,,,yes,4500,,,,,,11159,,0.5077,0.0014,0.7734,0.0011,,,unknown,127147,800,800,,,,,,,
5005,313,MC-ICP-MS U/Th,35,,CC1-17,calcite,,,,,,,,yes,1800,,,,,,8060,,0.5163,0.002,0.7768,0.0016,,,unknown,130147,1200,1200,,,,,,,
5006,313,MC-ICP-MS U/Th,40,,Cor-10,calcite,,,,,,,,yes,3900,,,,,,2637,,0.5388,0.0018,0.7849,0.0025,,,unknown,138947,1400,1400,,,,,,,
5007,313,Multiple methods,42.5,,CC1-16,calcite,,,,,,,,yes,3300,,,,,,37742,,0.5428,0.0016,0.7843,0.0013,,,unknown,141447,1100,1100,,,,,,,
5008,313,MC-ICP-MS U/Th,47.5,,Cor-05,calcite,,,,,,,,yes,3900,,,,,,14760,,0.758,0.0047,0.862,0.0028,,,unknown,280247,10900,10900,,,,,,,
5009,313,Multiple methods,115,,Cor-13,calcite,,,,,,,,yes,8000,,,,,,8071,,0.7857,0.0028,0.8757,0.0023,,,unknown,305247,9300,9300,,,,,,,
5010,313,Multiple methods,145,,CC1-32,calcite,,,,,,,,yes,10400,,,,,,26040,,0.7882,0.002,0.8768,0.001,,,unknown,308247,5600,5600,,,,,,,
5011,313,MC-ICP-MS U/Th,180,,Cor-06,calcite,,,,,,,,yes,4700,,,,,,41046,,0.7926,0.002,0.8792,0.0009,,,unknown,312047,5600,5600,,,,,,,
5012,313,TIMS,233,,CC1-20,calcite,,,,,,,,yes,5800,,,,,,83780,,0.8016,0.0015,0.8822,0.001,,,unknown,327347,5500,5500,,,,,,,
5013,313,MC-ICP-MS U/Th,260,,Cor-07,calcite,,,,,,,,yes,8500,,,,,,39062,,0.802,0.0019,0.8842,0.001,,,unknown,320747,5900,5900,,,,,,,
5014,313,TIMS,275,,Cor-15,calcite,,,,,,,,yes,6100,,,,,,10281,,0.8094,0.002,0.8865,0.0014,,,unknown,334647,8000,8000,,,,,,,
5015,313,MC-ICP-MS U/Th,297.5,,CC1-33,calcite,,,,,,,,yes,17800,,,,,,28278,,0.8046,0.0022,0.8849,0.0012,,,unknown,325847,7500,7500,,,,,,,
5016,313,Multiple methods,327.5,,CC1-31,calcite,,,,,,,,yes,10300,,,,,,87276,,0.8046,0.0037,0.8836,0.0031,,,unknown,330847,15800,15800,,,,,,,
5017,313,Multiple methods,340,,Cor-08,calcite,,,,,,,,yes,7900,,,,,,21127,,0.8159,0.006,0.8879,0.0027,,,unknown,351847,25000,25000,,,,,,,
5018,313,Multiple methods,345,,CC1-30,calcite,,,,,,,,yes,4700,,,,,,8488,,0.8288,0.0036,0.8952,0.0031,,,unknown,366247,21700,21700,,,,,,,
5019,313,MC-ICP-MS U/Th,382.5,,CC1-34,calcite,,,,,,,,yes,7000,,,,,,30608,,0.8388,0.0023,0.9011,0.0011,,,unknown,376547,12100,12100,,,,,,,
5020,313,Multiple methods,417.5,,Cor-09,calcite,,,,,,,,yes,8300,,,,,,104331,,0.8397,0.003,0.9008,0.00014,,,unknown,383347,16700,16700,,,,,,,
5021,313,Event; hiatus,45.5,,,,,,,,,,,yes,,,,,,,,,,,,,,,,,,,,,,,,,
5022,313,Event; hiatus,337.5,,,,,,,,,,,yes,,,,,,,,,,,,,,,,,,,,,,,,,
5023,314,MC-ICP-MS U/Th,24,,CC5-217,calcite,,,,,,,,yes,3400,,,,,,21284.9740933,,0.4108,0.0016,0.7512,0.0019,,,unknown,91647,700,700,,,,,,,
5024,314,MC-ICP-MS U/Th,35.5,,CC5-227,calcite,,,,,,,,yes,4100,,,,,,26083.3333333,,0.4382,0.0021,0.759,0.0017,,,unknown,100247,1000,1000,,,,,,,
5025,314,MC-ICP-MS U/Th,50,,CC5-239,calcite,,,,,,,,yes,5600,,,,,,45278.3505155,,0.4392,0.002,0.7567,0.002,,,unknown,101347,1000,1000,,,,,,,
5026,314,MC-ICP-MS U/Th,59.5,,CC5-2,calcite,,,,,,,,yes,2900,,,,,,4663.23377961,,0.4528,0.0028,0.7634,0.0016,,,unknown,105047,1300,1300,,,,,,,
5027,314,MC-ICP-MS U/Th,62.5,,CC5-3,calcite,,,,,,,,yes,4800,,,,,,6458.03698435,,0.454,0.0026,0.7636,0.0017,,,unknown,105447,1200,1200,,,,,,,
5028,314,MC-ICP-MS U/Th,66.5,,CC5-253,calcite,,,,,,,,yes,3600,,,,,,30435.0649351,,0.4687,0.0018,0.7654,0.0017,,,unknown,111247,1000,1000,,,,,,,
5029,314,MC-ICP-MS U/Th,83.5,,CC5-271,calcite,,,,,,,,yes,4200,,,,,,29163.6363636,,0.4812,0.0019,0.7691,0.002,,,unknown,115747,1100,1100,,,,,,,
5030,314,MC-ICP-MS U/Th,102.5,,CC5-288,calcite,,,,,,,,yes,4900,,,,,,33445.2054795,,0.4883,0.0016,0.7701,0.0021,,,unknown,118747,1000,1000,,,,,,,
5031,314,MC-ICP-MS U/Th,118,,CC5-4,calcite,,,,,,,,yes,6700,,,,,,17684.5878136,,0.4934,0.0032,0.7715,0.0015,,,unknown,120647,1600,1600,,,,,,,
5032,314,MC-ICP-MS U/Th,128.5,,CC5-5,calcite,,,,,,,,yes,4200,,,,,,6468.66840731,,0.4955,0.0032,0.7697,0.0017,,,unknown,122347,1700,1700,,,,,,,
5033,314,MC-ICP-MS U/Th,143.5,,CC5-328,calcite,,,,,,,,yes,3600,,,,,,27427.027027,,0.5074,0.0021,0.7743,0.0018,,,unknown,126547,1300,1300,,,,,,,
5034,314,MC-ICP-MS U/Th,148,,CC5-333,calcite,,,,,,,,yes,8000,,,,,,103877.55102,,0.509,0.0013,0.7739,0.0013,,,unknown,127547,900,900,,,,,,,
5035,314,MC-ICP-MS U/Th,169,,CC5-6,calcite,,,,,,,,yes,7000,,,,,,304.705181656,,0.5116,0.002,0.7745,0.0017,,,unknown,128647,1300,1300,,,,,,,
5036,314,MC-ICP-MS U/Th,228,,CC5-31,calcite,,,,,,,,yes,4600,,,,,,22295.6521739,,0.5128,0.0015,0.7764,0.0015,,,unknown,128547,900,900,,,,,,,
5037,314,MC-ICP-MS U/Th,231,,CC5-32,calcite,,,,,,,,yes,6200,,,,,,17096.6666667,,0.5129,0.0018,0.7742,0.0018,,,unknown,129447,1100,1100,,,,,,,
5038,314,MC-ICP-MS U/Th,234,,CC5-30,calcite,,,,,,,,yes,5600,,,,,,60845.2380952,,0.5111,0.0019,0.7745,0.0014,,,unknown,128447,1000,1000,,,,,,,
5039,314,MC-ICP-MS U/Th,239,,CC5-13,calcite,,,,,,,,yes,3700,,,,,,15320.4747774,,0.5163,0.0026,0.7774,0.0014,,,unknown,129847,1500,1500,,,,,,,
5040,314,MC-ICP-MS U/Th,241.5,,CC5-7,calcite,,,,,,,,yes,2000,,,,,,6433.98533007,,0.5263,0.0019,0.7804,0.0014,,,unknown,133947,1200,1200,,,,,,,
5041,314,MC-ICP-MS U/Th,243.5,,CC5-136,calcite,,,,,,,,yes,2900,,,,,,21046.875,,0.5388,0.0019,0.7849,0.0017,,,unknown,138847,1300,1300,,,,,,,
5042,314,MC-ICP-MS U/Th,246.5,,CC5-133,calcite,,,,,,,,yes,3600,,,,,,35748.3443709,,0.5398,0.0023,0.7852,0.0026,,,unknown,139347,1800,1800,,,,,,,
5043,314,MC-ICP-MS U/Th,252.5,,CC5-127,calcite,,,,,,,,yes,3200,,,,,,24709.8214286,,0.5535,0.0017,0.7898,0.0019,,,unknown,145047,1400,1400,,,,,,,
5044,314,MC-ICP-MS U/Th,254.5,,CC5-124,calcite,,,,,,,,yes,3100,,,,,,21500,,0.5891,0.0024,0.7993,0.0016,,,unknown,162747,2000,2000,,,,,,,
5045,314,MC-ICP-MS U/Th,260,,CC5-8,calcite,,,,,,,,yes,3200,,,,,,22942.5287356,,0.5988,0.0022,0.7994,0.0014,,,unknown,169947,2000,2000,,,,,,,
5046,315,MC-ICP-MS U/Th,1.05,,CC28-2,calcite,5.4,5.4,,,,,,yes,2200,,,,,,5679.8605077,,0.413547005456,0.00176165675761,0.739616910824,0.0017507245873,,,unknown,95599.9,866.719,866.719,,,,,,,
5047,315,MC-ICP-MS U/Th,7.95,,CC28-81,calcite,3.3,3.3,,,,,,yes,2585.30192738,,,,,,7872.75622939,,0.418983077465,0.00236801288065,0.73924692951,0.0021367109275,,,unknown,97938,1130.52,1130.52,,,,,,,
5048,315,MC-ICP-MS U/Th,13.35,,CC28-135,calcite,2.1,2.1,,,,,,yes,2953.17948687,,,,,,6803.49217463,,0.42529180247,0.00219938517083,0.740010342882,0.00224538486628,,,unknown,100326,1135.38,1135.38,,,,,,,
5049,315,MC-ICP-MS U/Th,27.95,,CC28-281,calcite,2.9,2.9,,,,,,yes,3218.54150693,,,,,,16594.3307883,,0.431491365864,0.00154960635434,0.743367210301,0.00172561238533,,,unknown,101950,799.916,799.916,,,,,,,
5050,315,MC-ICP-MS U/Th,33.25,,CC28-334,calcite,3.1,3.1,,,,,,yes,3158.51061205,,,,,,2712.11052653,,0.439166111914,0.0019423608145,0.749136775569,0.00163601370117,,,unknown,103497,945.945,945.945,,,,,,,
5051,315,MC-ICP-MS U/Th,36.9,,CC28-439-440,calcite,2.8,2.8,,,,,,yes,4185.31143854,,,,,,3635.59197988,,0.441252603757,0.00186022518555,0.746681542648,0.00149888725887,,,unknown,105137,943.215,943.215,,,,,,,
5052,315,MC-ICP-MS U/Th,40.25,,CC28-473,calcite,1.7,1.7,,,,,,yes,3293.94756133,,,,,,10486.0480426,,0.443579340512,0.00224211812479,0.742221461542,0.00210471481756,,,unknown,107599,1199.07,1199.07,,,,,,,
5053,315,MC-ICP-MS U/Th,52.65,,CC28-597,calcite,3.5,3.5,,,,,,yes,2497.91083844,,,,,,23195.2914693,,0.444609302344,0.00275509442374,0.742483989048,0.00183853132772,,,unknown,107973,1384.71,1384.71,,,,,,,
5054,315,MC-ICP-MS U/Th,56.45,,CC28-635,calcite,2.2,2.2,,,,,,yes,2729.88275461,,,,,,15368.4239994,,0.446905907059,0.00195641487411,0.74485216836,0.00229103996623,,,unknown,108234,1166.74,1166.74,,,,,,,
5055,315,MC-ICP-MS U/Th,59.65,,CC28-667,calcite,2.4,2.4,,,,,,yes,2059.99440877,,,,,,15858.271473,,0.454225364461,0.00238770556753,0.747650325735,0.00181479145502,,,unknown,110606,1243.35,1243.35,,,,,,,
5056,315,MC-ICP-MS U/Th,66.25,,CC28-732-734,calcite,6.6,6.6,,,,,,yes,3904.26343785,,,,,,39021.2658827,,0.45898695644,0.00174163407648,0.748802891706,0.00143000642671,,,unknown,112464,920.355,920.355,,,,,,,
5057,315,MC-ICP-MS U/Th,73.15,,CC28-801-803,calcite,2.2,2.2,,,,,,yes,3067.47362883,,,,,,23397.8735058,,0.460827661631,0.00243859102284,0.750049044264,0.00191701705958,,,unknown,112877,1292.23,1292.23,,,,,,,
5058,315,MC-ICP-MS U/Th,75.85,,CC28-829,calcite,1.8,1.8,,,,,,yes,2718.50139122,,,,,,16173.5649174,,0.462639214657,0.00345705998125,0.747282218181,0.00274393613058,,,unknown,114657,1963.67,1963.67,,,,,,,
5059,315,MC-ICP-MS U/Th,81.25,,CC28-883,calcite,1.8,1.8,,,,,,yes,2998.33824971,,,,,,13600.3876175,,0.465865113713,0.00229891834726,0.749641325476,0.00181378721433,,,unknown,115426,1308.28,1308.28,,,,,,,
5060,315,MC-ICP-MS U/Th,94.35,,CC28-1144,calcite,4.2,4.2,,,,,,yes,3786.22777429,,,,,,30257.1664001,,0.470376141481,0.00172081778366,0.751251830016,0.00158611930349,,,unknown,117020,1014.87,1014.87,,,,,,,
5061,315,MC-ICP-MS U/Th,106.65,,CC28-1020,calcite,10.5,10.5,,,,,,yes,4208.08266284,,,,,,6066.35475964,,0.473837960699,0.00243061037374,0.754663931584,0.00172547270868,,,unknown,117368,1318.39,1318.39,,,,,,,
5062,316,MC-ICP-MS U/Th,18.75,0.2,CC1-773,calcite,,,,,,,,yes,4654,,,,,,13309,,0.5086,0.0016,0.7722,0.0016,,,unknown,128243,1100,1100,,,,,,,
5063,316,MC-ICP-MS U/Th,21.5,0.2,CC1-503,calcite,,,,,,,,yes,,,,,,,14391,,0.5083,0.0026,0.7711,0.0019,,,unknown,128443,1600,1600,,,,,,,
5064,316,MC-ICP-MS U/Th,26.25,0.2,CC1-508,calcite,,,,,,,,yes,,,,,,,12110,,0.5102,0.0025,0.7721,0.0017,,,unknown,128943,1500,1500,,,,,,,
5065,316,MC-ICP-MS U/Th,27.15,0.3,CC1 511-513,calcite,,,,,,,,yes,6563,,,,,,84996,,0.5097,0.0012,0.7726,0.0013,,,unknown,128443,800,800,,,,,,,
5066,316,MC-ICP-MS U/Th,28.75,0.2,CC1-528,calcite,,,,,,,,yes,,,,,,,12176,,0.509,0.0022,0.7746,0.0022,,,unknown,127543,1400,1400,,,,,,,
5067,316,MC-ICP-MS U/Th,30.85,0.2,CC1-549,calcite,,,,,,,,yes,,,,,,,18016,,0.5115,0.0028,0.7753,0.0017,,,unknown,128443,1700,1700,,,,,,,
5068,316,MC-ICP-MS U/Th,32.95,0.2,CC1-570,calcite,,,,,,,,yes,,,,,,,5640,,0.5153,0.0031,0.7754,0.0025,,,unknown,130243,1900,1900,,,,,,,
5069,316,MC-ICP-MS U/Th,33.75,0.4,CC1-578,calcite,,,,,,,,yes,,,,,,,3895,,0.5214,0.0028,0.7794,0.0021,,,unknown,132043,1800,1800,,,,,,,
5070,316,MC-ICP-MS U/Th,34.65,0.2,CC1-587,calcite,,,,,,,,yes,,,,,,,12850,,0.5295,0.0035,0.7797,0.0022,,,unknown,136243,2200,2200,,,,,,,
5071,316,MC-ICP-MS U/Th,35.3,0.3,CC1 593-594,calcite,,,,,,,,yes,3388,,,,,,34316,,0.5359,0.0026,0.7821,0.0015,,,unknown,138543,1700,1700,,,,,,,
5072,316,MC-ICP-MS U/Th,36.5,0.3,CC1 605-606,calcite,,,,,,,,yes,2841,,,,,,6109,,0.5374,0.0022,0.783,0.0019,,,unknown,138943,1500,1500,,,,,,,
5073,316,MC-ICP-MS U/Th,36.86,0.2,CC1-609,calcite,,,,,,,,yes,,,,,,,1396,,0.5384,0.0033,0.7827,0.0022,,,unknown,139643,2200,2200,,,,,,,
5074,316,MC-ICP-MS U/Th,37.5,0.3,CC1 615-616,calcite,,,,,,,,yes,4151,,,,,,18812,,0.5422,0.0033,0.7854,0.0016,,,unknown,140543,2100,2100,,,,,,,
5075,316,MC-ICP-MS U/Th,38.3,0.3,CC1 623-624,calcite,,,,,,,,yes,3600,,,,,,3978,,0.5431,0.002,0.7826,0.0022,,,unknown,142543,1600,1600,,,,,,,
5076,316,MC-ICP-MS U/Th,39.15,0.2,CC1-632,calcite,,,,,,,,yes,,,,,,,749,,0.5526,0.0045,0.7839,0.0036,,,unknown,147543,3500,3500,,,,,,,
5077,317,MC-ICP-MS U/Th,92.25,0.6,CC5d 76-80,calcite,,,,,,,,yes,4280,,,,,,21409,,0.487,0.0015,0.7689,0.0014,,,unknown,118543,900,900,,,,,,,
5078,317,MC-ICP-MS U/Th,92.87,0.2,CC5d 73,calcite,,,,,,,,yes,3347,,,,,,19901,,0.4875,0.0016,0.7714,0.0017,,,unknown,117943,1000,1000,,,,,,,
5079,317,MC-ICP-MS U/Th,94.1,0.5,CC5d 61-65,calcite,,,,,,,,yes,4458,,,,,,34724,,0.4852,0.0014,0.7683,0.0014,,,unknown,117943,900,900,,,,,,,
5080,317,MC-ICP-MS U/Th,101.25,1.5,CC5-288,calcite,,,,,,,,yes,4902,,,,,,33360,,0.4885,0.0015,0.7704,0.0021,,,unknown,118743,1000,1000,,,,,,,
5081,317,MC-ICP-MS U/Th,102.31,0.4,CC5c 4+6,calcite,,,,,,,,yes,3860,,,,,,13747,,0.4884,0.0018,0.7699,0.0013,,,unknown,118943,1000,1000,,,,,,,
5082,317,MC-ICP-MS U/Th,119.9,1.5,CC5-4R,calcite,,,,,,,,yes,5755,,,,,,21250,,0.4932,0.0026,0.7713,0.0015,,,unknown,120643,1300,1300,,,,,,,
5083,317,MC-ICP-MS U/Th,125.05,0.4,CC5a 437-439,calcite,,,,,,,,yes,5026,,,,,,10543,,0.4953,0.0013,0.7697,0.0013,,,unknown,122443,800,800,,,,,,,
5084,317,MC-ICP-MS U/Th,128.05,0.4,CC5a 467-469,calcite,,,,,,,,yes,3224,,,,,,5834,,0.4969,0.0022,0.7738,0.0017,,,unknown,121643,1300,1300,,,,,,,
5085,317,MC-ICP-MS U/Th,130.95,0.4,CC5c 210-212,calcite,,,,,,,,yes,,,,,,,4297,,0.4989,0.0021,0.771,0.0016,,,unknown,123543,1200,1200,,,,,,,
5086,317,MC-ICP-MS U/Th,131.65,0.4,CC5c 203+ 205,calcite,,,,,,,,yes,4961,,,,,,32159,,0.4976,0.0017,0.7712,0.0019,,,unknown,122843,1100,1100,,,,,,,
5087,317,MC-ICP-MS U/Th,132.55,0.4,CC5f 4+6,calcite,,,,,,,,yes,3200,,,,,,13629,,0.5038,0.0014,0.7713,0.0018,,,unknown,125943,1100,1100,,,,,,,
5088,317,MC-ICP-MS U/Th,133.05,0.4,CC5f 9-11,calcite,,,,,,,,yes,,,,,,,7201,,0.501,0.0014,0.7697,0.0014,,,unknown,125143,900,900,,,,,,,
5089,317,MC-ICP-MS U/Th,133.85,0.4,CC5f 17-19,calcite,,,,,,,,yes,,,,,,,19917,,0.5031,0.0018,0.7676,0.0016,,,unknown,127143,1200,1200,,,,,,,
5090,317,MC-ICP-MS U/Th,136.75,0.5,CC5a 572-575,calcite,,,,,,,,yes,4870,,,,,,28544,,0.5033,0.0014,0.7719,0.0013,,,unknown,125543,900,900,,,,,,,
5091,317,MC-ICP-MS U/Th,143.55,0.4,CCC5a 504-506,calcite,,,,,,,,yes,3320,,,,,,16493,,0.5051,0.0019,0.7743,0.0015,,,unknown,125443,1100,1100,,,,,,,
5092,317,MC-ICP-MS U/Th,143.75,1.5,CC5-328,calcite,,,,,,,,yes,3612,,,,,,27391,,0.5076,0.002,0.7747,0.0018,,,unknown,126543,1300,1300,,,,,,,
5093,317,MC-ICP-MS U/Th,147.25,0.5,CC5a 327-331,calcite,,,,,,,,yes,7135,,,,,,3755,,0.5077,0.0013,0.7744,0.0017,,,unknown,126743,900,900,,,,,,,
5094,317,MC-ICP-MS U/Th,148.45,1.5,CC5-333,calcite,,,,,,,,yes,,,,,,,104620,,0.5091,0.0011,0.7742,0.0013,,,unknown,127543,800,800,,,,,,,
5095,317,MC-ICP-MS U/Th,169.45,1.5,CC5-6,calcite,,,,,,,,yes,6991,,,,,,305,,0.5118,0.0019,0.7744,0.0017,,,unknown,128443,1300,1300,,,,,,,
5096,317,MC-ICP-MS U/Th,223.05,0.2,CC5-877,calcite,,,,,,,,yes,,,,,,,10481,,0.5103,0.0021,0.776,0.0017,,,unknown,127443,1300,1300,,,,,,,
5097,317,MC-ICP-MS U/Th,227.2,0.4,CC5 834-836,calcite,,,,,,,,yes,7194,,,,,,1262,,0.5141,0.0019,0.7744,0.0015,,,unknown,129943,1200,1200,,,,,,,
5098,317,MC-ICP-MS U/Th,229.8,0.5,CC5-31,calcite,,,,,,,,yes,4559,,,,,,22266,,0.5112,0.0014,0.7745,0.0016,,,unknown,128343,1000,1000,,,,,,,
5099,317,MC-ICP-MS U/Th,231.8,1.5,CC5-32,calcite,,,,,,,,yes,6185,,,,,,17067,,0.5113,0.0017,0.7723,0.0018,,,unknown,129343,1200,1200,,,,,,,
5100,317,MC-ICP-MS U/Th,232.35,0.3,CC5 784-783,calcite,,,,,,,,yes,4603,,,,,,18023,,0.5157,0.0022,0.7756,0.0015,,,unknown,130343,1300,1300,,,,,,,
5101,317,MC-ICP-MS U/Th,232.5,1.5,CC5-30,calcite,,,,,,,,yes,5553,,,,,,60376,,0.5095,0.0018,0.7726,0.0015,,,unknown,128243,1100,1100,,,,,,,
5102,317,MC-ICP-MS U/Th,234.1,0.2,CC5-766,calcite,,,,,,,,yes,,,,,,,16052,,0.5167,0.0032,0.777,0.0026,,,unknown,130443,2100,2100,,,,,,,
5103,317,MC-ICP-MS U/Th,235.8,0.2,CC5-749,calcite,,,,,,,,yes,,,,,,,950,,0.518,0.0025,0.7778,0.0023,,,unknown,130543,1700,1700,,,,,,,
5104,317,MC-ICP-MS U/Th,237.3,0.2,CC5-734,calcite,,,,,,,,yes,,,,,,,11698,,0.5238,0.0038,0.7815,0.0023,,,unknown,132243,2400,2400,,,,,,,
5105,317,MC-ICP-MS U/Th,238.5,0.2,CC5-722,calcite,,,,,,,,yes,,,,,,,8214,,0.5267,0.0025,0.7827,0.0022,,,unknown,133343,1700,1700,,,,,,,
5106,317,MC-ICP-MS U/Th,239.15,1.5,CC5-7R,calcite,,,,,,,,yes,2401,,,,,,6429,,0.5262,0.0018,0.7803,0.0014,,,unknown,133943,1200,1200,,,,,,,
5107,317,MC-ICP-MS U/Th,240,0.2,CC5-707,calcite,,,,,,,,yes,,,,,,,3834,,0.5342,0.0021,0.784,0.0023,,,unknown,136743,1500,1500,,,,,,,
5108,317,MC-ICP-MS U/Th,241.05,0.3,CC5 696+ 697,calcite,,,,,,,,yes,,,,,,,6406,,0.5392,0.003,0.7869,0.0033,,,unknown,138343,2400,2400,,,,,,,
5109,317,MC-ICP-MS U/Th,241.5,1.5,CC5-136,calcite,,,,,,,,yes,2852,,,,,,21060,,0.5389,0.0017,0.7853,0.0017,,,unknown,138843,1300,1300,,,,,,,
5110,317,MC-ICP-MS U/Th,242.2,0.2,CC5-686,calcite,,,,,,,,yes,,,,,,,3961,,0.54,0.0023,0.7809,0.0022,,,unknown,141643,1800,1800,,,,,,,
5111,317,MC-ICP-MS U/Th,243.55,0.4,CC5 673-671,calcite,,,,,,,,yes,3549,,,,,,1902,,0.5416,0.0018,0.7829,0.0019,,,unknown,141443,1500,1500,,,,,,,
5112,317,MC-ICP-MS U/Th,245.4,0.2,CC5-653,calcite,,,,,,,,yes,,,,,,,9019,,0.5476,0.0029,0.7871,0.0023,,,unknown,143243,2100,2100,,,,,,,
5113,317,MC-ICP-MS U/Th,247.05,0.4,CC5 638-636,calcite,,,,,,,,yes,3084,,,,,,6621,,0.546,0.0028,0.7864,0.0021,,,unknown,142343,1900,1900,,,,,,,
5114,317,Event; hiatus,132.1,,,,,,,,,,,yes,,,,,,,,,,,,,,,,,,,,,,,,,
5115,318,MC-ICP-MS U/Th,115.25,0.6,CC7 635-639,calcite,,,,,,,,yes,3651,,,,,,11179,,0.495,0.0014,0.7719,0.0018,,,unknown,121443,1000,1000,,,,,,,
5116,318,MC-ICP-MS U/Th,120.55,0.6,CC7 688-692,calcite,,,,,,,,no,3372,,,,,,12233,,0.4956,0.0016,0.7678,0.0017,,,unknown,123343,1000,1000,,,,,,,
5117,318,MC-ICP-MS U/Th,124.55,0.6,CC7 728-732,calcite,,,,,,,,yes,2203,,,,,,11986,,0.4966,0.002,0.7701,0.002,,,unknown,122843,1200,1200,,,,,,,
5118,318,MC-ICP-MS U/Th,137.8,1.5,CC7-11,calcite,,,,,,,,yes,,,,,,,11189,,0.503,0.0019,0.7732,0.0017,,,unknown,124643,1200,1200,,,,,,,
5119,318,MC-ICP-MS U/Th,138.35,0.4,CC7 804-806,calcite,,,,,,,,yes,6547,,,,,,28495,,0.5015,0.002,0.7714,0.0016,,,unknown,124743,1200,1200,,,,,,,
5120,318,MC-ICP-MS U/Th,139.1,0.3,CC7 331-332,calcite,,,,,,,,yes,2724,,,,,,979,,0.5076,0.0025,0.775,0.0026,,,unknown,126243,1700,1700,,,,,,,
5121,318,MC-ICP-MS U/Th,139.75,0.2,CC7-325,calcite,,,,,,,,yes,,,,,,,3762,,0.5053,0.0035,0.7711,0.0022,,,unknown,126743,2000,2000,,,,,,,
5122,318,Event; hiatus,138.599,,,,,,,,,,,yes,,,,,,,,,,,,,,,,,,,,,,,,,
5383,324,MC-ICP-MS U/Th,77.8,,D8-3N-2,calcite,,,217600,400,400,,,yes,1976,1,1360,1,,,15600,30,0.6517,0.0002,,,,,Cheng et al. 2013,217544,400,400,yes,yes,,,,yes,yes
5384,324,MC-ICP-MS U/Th,79.1,,D8-1,calcite,,,218221,1000,1000,,,yes,1629,1,5491,8,,,3200,50,0.6546,0.0005,,,,,Cheng et al. 2013,218068,1000,1000,yes,yes,,,,yes,yes
5385,324,MC-ICP-MS U/Th,80,,D8-2,calcite,,,219168,1000,1000,,,yes,1836,1,697,10,,,28400,410,0.6544,0.0005,,,,,Cheng et al. 2013,219150,1000,1000,yes,yes,,,,yes,yes
5386,324,MC-ICP-MS U/Th,80.7,,D8-3,calcite,,,221630,1100,1100,,,yes,1979,1,511,6,,,42200,510,0.6609,0.0005,,,,,Cheng et al. 2013,221618,1100,1100,yes,yes,,,,yes,yes
5387,324,MC-ICP-MS U/Th,81,,D8-4,calcite,,,223019,1100,1100,,,yes,1967,1,2016,3,,,10700,150,0.6661,0.0005,,,,,Cheng et al. 2013,222972,1100,1100,yes,yes,,,,yes,yes
5388,324,MC-ICP-MS U/Th,81.7,,D8-5,calcite,,,223387,1100,1100,,,yes,2271,1,1140,2,,,21900,310,0.668,0.0005,,,,,Cheng et al. 2013,223364,1100,1100,yes,yes,,,,yes,yes
5389,324,MC-ICP-MS U/Th,82.1,,D8-6,calcite,,,224253,1100,1100,,,yes,2327,1,959,1,,,26700,310,0.6681,0.0005,,,,,Cheng et al. 2013,224234,1100,1100,yes,yes,,,,yes,yes
5390,324,MC-ICP-MS U/Th,82.7,,D8-2N-3,calcite,,,224887,400,400,,,yes,2145,1,1568,1,,,15100,30,0.6686,0.0002,,,,,Cheng et al. 2013,224854,700,700,yes,yes,,,,yes,yes
5391,324,MC-ICP-MS U/Th,82.7,,D8-2N-4,calcite,,,225729,400,400,,,yes,2455,1,1287,1,,,21000,60,0.6689,0.0002,,,,,Cheng et al. 2013,225692,800,800,yes,yes,,,,yes,yes
6443,115,Event; hiatus,2346,,,,,,,,,,,yes,,,,,,,,,,,,,,,,,,,yes,,,,,yes,yes
7537,425,TIMS,23,2,MN 20,calcite,200,200,84781,240.5,240.5,,,yes,3630.031,18.251,14174,75,,,632.522,1.21,0.81439,0.0014,1.45681,0.00157,,,Cheng et al. 2000,84707,278,278,yes,,yes,yes,,yes,yes
7538,425,TIMS,66,2,MN 19,calcite,200,200,85668,289,289,,,yes,4791.442,24.071,35525,197,,,333.273,0.97,0.81478,0.00176,1.44773,0.00137,,,Cheng et al. 2000,85527,361,361,yes,,yes,yes,,yes,yes
7539,425,TIMS,106,2,MN 18,calcite,200,200,86881,248,248,,,yes,4710.475,23.773,2201,11,,,5317.644,9.318,0.81934,0.00147,1.44225,0.0016,,,Cheng et al. 2000,86872,253,253,yes,,yes,yes,,yes,yes
7540,425,TIMS,124,2,MN 17,calcite,200,200,88048,252.5,252.5,,,yes,3708.467,18.639,681,4,,,13528.204,48.079,0.81969,0.00147,1.43065,0.00132,,,Cheng et al. 2000,88045,255,255,yes,,yes,yes,,yes,yes
7541,425,TIMS,166,2,MN 16,calcite,200,200,89878,279.5,279.5,,,yes,4083.922,20.534,481,4,,,21597.534,124.305,0.83945,0.00154,1.44376,0.00161,,,Cheng et al. 2000,89876,281,281,yes,,yes,yes,,yes,yes
7542,425,TIMS,180,2,MN 15,calcite,200,200,89869,377,377,,,yes,4425.209,22.199,1011,9,,,11132.456,80.739,0.83875,0.00225,1.44274,0.00128,,,Cheng et al. 2000,89865,380,380,yes,,yes,yes,,yes,yes
7543,425,TIMS,204,2,MN 14,calcite,200,200,91412,294.5,294.5,,,yes,3606.38,18.113,4607,24,,,2012.172,3.928,0.8476,0.00167,1.44142,0.00139,,,Cheng et al. 2000,91388,308,308,yes,,yes,yes,,yes,yes
7544,425,TIMS,223,2,MN 13,calcite,200,200,91000,289.5,289.5,,,yes,3723.345,18.724,901,7,,,10570.809,62.071,0.84358,0.00158,1.43915,0.00161,,,Cheng et al. 2000,90995,292,292,yes,,yes,yes,,yes,yes
7545,425,TIMS,231,2,MN 12,calcite,200,200,91463,524.5,524.5,,,yes,5414.127,27.452,344,5,,,40445.462,557.354,0.84708,0.00311,1.4401,0.00201,,,Cheng et al. 2000,91462,525,525,yes,,yes,yes,,yes,yes
7546,425,TIMS,253,2,MN 11,calcite,200,200,92113,382.5,382.5,,,yes,5496.953,27.64,594,8,,,24014.051,315.575,0.85602,0.00222,1.44779,0.00154,,,Cheng et al. 2000,92111,384,384,yes,,yes,yes,,yes,yes
7547,425,TIMS,270,2,MN 10,calcite,200,200,93993,308.5,308.5,,,yes,5125.124,25.872,724,4,,,18526.382,54.834,0.86329,0.00172,1.44108,0.00166,,,Cheng et al. 2000,93990,310,310,yes,,yes,yes,,yes,yes
7548,425,TIMS,281,2,MN 9,calcite,200,200,93957,285.5,285.5,,,yes,3712.383,18.642,5349,30,,,1816.725,5.135,0.86312,0.00159,1.44116,0.0013,,,Cheng et al. 2000,93930,299,299,yes,,yes,yes,,yes,yes
7549,425,TIMS,321,2,MN 8 ,calcite,200,200,95025,349.5,349.5,,,yes,2359.121,11.827,14174,81,,,436.005,1.446,0.8638,0.00196,1.43227,0.00119,,,Cheng et al. 2000,94910,408,408,yes,,yes,yes,,yes,yes
7550,425,TIMS,347,2,MN 7,calcite,200,200,96938,317.5,317.5,,,yes,2498.584,12.612,9258,48,,,714.73,1.314,0.87323,0.00164,1.42932,0.0018,,,Cheng et al. 2000,96867,354,354,yes,,yes,yes,,yes,yes
7551,425,TIMS,354,2,MN 6,calcite,200,200,98082,355.5,355.5,,,yes,1964.881,9.848,18311,99,,,286.845,0.756,0.88146,0.00194,1.43157,0.00114,,,Cheng et al. 2000,97905,446,446,yes,,yes,yes,,yes,yes
7552,425,TIMS,433,2,MN 5 ,calcite,200,200,100664,303.5,303.5,,,yes,1876.819,9.43,3409,18,,,1487.969,2.16,0.89125,0.00144,1.42399,0.00161,,,Cheng et al. 2000,100630,322,322,yes,,yes,yes,,yes,yes
7553,425,TIMS,473,2,MN 4,calcite,200,200,102939,321.5,321.5,,,yes,2662.768,13.357,3727,19,,,1964.042,3.284,0.90647,0.00161,1.42742,0.00128,,,Cheng et al. 2000,102913,335,335,yes,,yes,yes,,yes,yes
7554,425,TIMS,501,2,MN 3,calcite,200,200,103316,729,729,,,yes,2491.527,12.497,3787,23,,,1807.024,9.968,0.90575,0.00396,1.42335,0.00114,,,Cheng et al. 2000,103287,744,744,yes,,yes,yes,,yes,yes
7555,425,TIMS,547,2,MN 2,calcite,200,200,104907,446,446,,,yes,4647.439,23.792,1090,7,,,11852.535,50.896,0.91644,0.00214,1.42603,0.00258,,,Cheng et al. 2000,104903,448,448,yes,,yes,yes,,yes,yes
7556,425,TIMS,568,2,MN 1,calcite,200,200,105477,311.5,311.5,,,yes,4282.895,21.522,1640,9,,,7286.162,16.695,0.92018,0.00157,1.42689,0.00123,,,Cheng et al. 2000,105470,315,315,yes,,yes,yes,,yes,yes
7557,426,TIMS,2.5,2,GG1-11b,calcite,200,200,108073,384.5,384.5,,,yes,3321.869,16.698,12900,66,,,761.605,1.337,0.97519,0.00191,1.48397,0.00162,,,Cheng et al. 2000,108003,420,420,yes,yes,yes,,,yes,yes
7558,426,TIMS,10,2,GG1-4a,calcite,200,200,138524,504,504,,,yes,5043.898,25.417,448,4,,,36850.428,239.782,1.07852,0.00187,1.42591,0.00153,,,Cheng et al. 2000,138522,504.5,504.5,yes,yes,yes,,,yes,yes
7559,426,TIMS,19,2,GG1-10b,calcite,200,200,147012,663,663,,,yes,2967.509,14.908,3240,18,,,3065.019,8.722,1.10337,0.00222,1.41496,0.00157,,,Cheng et al. 2000,146992,673,673,yes,yes,yes,,,yes,yes
7560,426,TIMS,41.5,2,GG1-9b,calcite,200,200,159704,961,961,,,yes,2671.716,13.489,1649,11,,,5543.832,26.042,1.12816,0.00254,1.39102,0.00245,,,Cheng et al. 2000,159693,966.5,966.5,yes,yes,yes,,,yes,yes
7561,426,TIMS,60.5,2,GG1-8b,calcite,200,200,167834,854.5,854.5,,,yes,2763.215,13.977,781,7,,,12358.482,84.263,1.15163,0.00227,1.38735,0.00196,,,Cheng et al. 2000,167829,857.5,857.5,yes,yes,yes,,,yes,yes
7562,426,TIMS,67,2,GG1-7b,calcite,200,200,184069,1057,1057,,,yes,2678.62,13.498,14578,75,,,644.706,1.242,1.15695,0.00248,1.34385,0.00155,,,Cheng et al. 2000,183966,1109,1109,yes,yes,yes,,,yes,yes
7563,426,TIMS,95.5,2,GG1-6b,calcite,200,200,194481,1070.5,1070.5,,,yes,3202.736,16.158,1797,10,,,6388.231,14.946,1.18203,0.00225,1.34222,0.0016,,,Cheng et al. 2000,194470,1075.5,1075.5,yes,yes,yes,,,yes,yes
7564,426,TIMS,105.5,2,GG1-3a,calcite,200,200,231490,1571,1571,,,yes,3594.181,18.041,1317,8,,,10129.978,37.776,1.22378,0.00227,1.30908,0.00141,,,Cheng et al. 2000,231483,1574.5,1574.5,yes,yes,yes,,,yes,yes
7565,426,TIMS,109,2,GG1-5b,calcite,200,200,233345,1781,1781,,,yes,3105.643,15.778,3650,20,,,3157.317,7.861,1.22356,0.00258,1.306,0.00191,,,Cheng et al. 2000,233322,1792.5,1792.5,yes,yes,yes,,,yes,yes
7566,426,TIMS,116,2,GG1-2a,calcite,200,200,253066,1845,1845,,,yes,2420,10,3760,20,,,3138.481,15.816,1.23817,0.00232,1.2915,0.00114,,,Cheng et al. 2000,253044,1857,1857,yes,yes,yes,,,yes,yes
7567,426,TIMS,129.5,2,GG1-4b,calcite,200,200,260868,2782,2782,,,yes,2275.347,12.152,3555,19,,,2403.523,4.636,1.23835,0.00317,1.28234,0.00329,,,Cheng et al. 2000,260839,2796.5,2796.5,yes,yes,yes,,,yes,yes
7568,426,TIMS,160,2,GG1-3b,calcite,200,200,272353,3322.5,3322.5,,,yes,2880.615,14.563,1619,9,,,6725.682,16.803,1.24622,0.00261,1.27664,0.00267,,,Cheng et al. 2000,272342,3328,3328,yes,yes,yes,,,yes,yes
7569,426,TIMS,200,2,GG1-2b,calcite,200,200,277853,2655.5,2655.5,,,yes,3747.892,18.896,982,6,,,14395.172,53.345,1.24377,0.00234,1.26916,0.00173,,,Cheng et al. 2000,277848,2658,2658,yes,yes,yes,,,yes,yes
7570,426,TIMS,246,2,GG1-1b,calcite,200,200,288055,3380,3380,,,yes,2981.137,14.981,20979,111,,,529.67,1.273,1.22907,0.00271,1.24782,0.0017,,,Cheng et al. 2000,287920,3448.5,3448.5,yes,yes,yes,,,yes,yes
7571,426,Event; hiatus,6.5,,,,,,,,,,,yes,,,,,,,,,,,,,,,,,,,yes,yes,yes,,,yes,yes
7572,426,Event; hiatus,63.5,,,,,,,,,,,yes,,,,,,,,,,,,,,,,,,,yes,yes,yes,,,yes,yes
7573,426,Event; hiatus,97.5,,,,,,,,,,,yes,,,,,,,,,,,,,,,,,,,yes,yes,yes,,,yes,yes
7574,426,Event; hiatus,110.5,,,,,,,,,,,yes,,,,,,,,,,,,,,,,,,,yes,yes,yes,,,yes,yes
7575,427,TIMS,8,2,IS1 9 top,calcite,200,200,360630,5264.5,5264.5,,,yes,2904.78,14.963,2187,12,,,5870.442,11.848,1.45761,0.00302,1.38062,0.00245,,,Cheng et al. 2000,360619,5270,5270,,yes,yes,yes,,,yes
7576,427,TIMS,20,2,IS1 X,calcite,200,200,350804,5039.5,5039.5,,,yes,2495.378,12.564,1298,7,,,8383.15,23.233,1.4378,0.00305,1.37073,0.00168,,,Cheng et al. 2000,350796,5043.5,5043.5,,yes,yes,yes,,,yes
7577,427,TIMS,78,2,IS1 1,calcite,200,200,360780,7277,7277,,,yes,2439.674,13.75,496,3,,,21484.114,59.305,1.4407,0.00464,1.36752,0.0044,,,Cheng et al. 2000,360777,7278,7278,,yes,yes,yes,,,yes
7578,427,TIMS,114,2,IS1 2,calcite,200,200,373996,6667,6667,,,yes,1807.7,9.305,569,3,,,14177.645,49.113,1.47186,0.0029,1.38478,0.00297,,,Cheng et al. 2000,373991,6669.5,6669.5,,yes,yes,yes,,,yes
7579,427,TIMS,117,2,IS1 3,calcite,200,200,370140,5141,5141,,,yes,2534.706,12.761,3451,18,,,3155.583,5.355,1.41684,0.00249,1.34459,0.00156,,,Cheng et al. 2000,370120,5151.5,5151.5,,yes,yes,yes,,,yes
7580,427,TIMS,127,2,IS1 4,calcite,200,200,375781,5012.5,5012.5,,,yes,2323.684,11.689,4367,22,,,2361.706,4.002,1.46362,0.00271,1.37765,0.00121,,,Cheng et al. 2000,375754,5026,5026,,yes,yes,yes,,,yes
7581,427,TIMS,129,2,IS1 5,calcite,200,200,367942,5295.5,5295.5,,,yes,2404.245,12.096,13594,72,,,774.527,1.584,1.44406,0.00267,1.36647,0.00166,,,Cheng et al. 2000,367859,5337.5,5337.5,,yes,yes,yes,,,yes
7582,427,TIMS,140,2,IS1 6,calcite,200,200,387570,6224,6224,,,no,1791.723,9.002,19206,99,,,415.975,0.734,1.47026,0.00268,1.37744,0.00168,,,Cheng et al. 2000,387419,6301.5,6301.5,,no,no,no,,,no
7583,427,TIMS,143,2,IS1 7,calcite,200,200,374102,6265,6265,,,yes,2397.084,12.078,8952,46,,,1170.824,2.249,1.44175,0.00288,1.36176,0.00195,,,Cheng et al. 2000,374047,6293.5,6293.5,,yes,yes,yes,,,yes
7584,427,TIMS,150,2,IS1 8 base,calcite,200,200,369670,6617.5,6617.5,,,yes,2525.305,12.818,10419,54,,,1070.63,1.912,1.45648,0.0028,1.37513,0.00269,,,Cheng et al. 2000,369610,6648,6648,,yes,yes,yes,,,yes
7895,442,U/Th unspecified,2,,DA-01,unknown,,,58,10,10,,,yes,627,1,124,12,,,37,12,0.00044,0.00014,0.95,0.0014,,,unknown,-2,12,12,,yes,yes,yes,yes,,
7896,442,U/Th unspecified,5,,DA-40,unknown,,,103,13,13,,,yes,704,2,290,18,,,36,5,0.00089,0.00011,0.95,0.0018,,,unknown,33,19,19,,yes,yes,yes,yes,,
7897,442,U/Th unspecified,15,,DA-90,unknown,,,288,18,18,,,yes,788,1,1559,13,,,21,1,0.00249,0.00015,0.94,0.0013,,,unknown,141,72,72,,yes,yes,yes,yes,,
7898,442,U/Th unspecified,29,,DA-20,unknown,,,369,20,20,,,yes,366,1,791,17,,,24,1,0.00319,0.00017,0.95,0.0022,,,unknown,213,78,78,,yes,yes,yes,yes,,
7899,442,U/Th unspecified,37,,DA-41,unknown,,,377,16,16,,,yes,796,2,453,20,,,94,6,0.00324,0.00014,0.94,0.0019,,,unknown,299,26,26,,yes,yes,yes,yes,,
7900,442,U/Th unspecified,48,,DA-42,unknown,,,445,23,23,,,yes,769,2,264,25,,,183,19,0.0038,0.0002,0.93,0.0021,,,unknown,378,26,26,,yes,yes,yes,yes,,
7901,442,U/Th unspecified,57,,DA-21,unknown,,,622,19,19,,,yes,407,1,757,17,,,48,2,0.00537,0.00017,0.95,0.0014,,,unknown,481,68,68,,yes,yes,yes,yes,,
7902,442,U/Th unspecified,75,,DA-43,unknown,,,646,20,20,,,yes,864,2,492,23,,,160,9,0.00552,0.00017,0.94,0.0017,,,unknown,568,29,29,,yes,yes,yes,yes,,
7903,442,U/Th unspecified,92,,DA-22,unknown,,,893,22,22,,,yes,345,1,498,17,,,87,4,0.00764,0.00019,0.94,0.0013,,,unknown,772,56,56,,yes,yes,yes,yes,,
7904,442,U/Th unspecified,108,,DA-23,unknown,,,1166,23,23,,,yes,362,1,813,17,,,73,2,0.00993,0.00019,0.94,0.0012,,,unknown,1005,83,83,,yes,yes,yes,yes,,
7905,442,U/Th unspecified,136,,DA-44,unknown,,,1257,27,27,,,yes,753,2,328,23,,,412,30,0.01087,0.00023,0.95,0.0019,,,unknown,1186,31,31,,yes,yes,yes,yes,,
7906,442,U/Th unspecified,157,,DA-70,unknown,,,15047,21,21,,,yes,786,1,1004,11,,,171,3,0.01322,0.00019,0.97,0.0014,,,unknown,1393,49,49,,yes,yes,yes,yes,,
7907,442,U/Th unspecified,175,,DA-14,unknown,,,1626,27,27,,,yes,842,1,416,12,,,470,16,0.01406,0.00023,0.95,0.0011,,,unknown,1552,32,32,,yes,yes,yes,yes,,
7908,442,U/Th unspecified,192,,DA-25,unknown,,,1823,25,25,,,yes,366,1,494,17,,,192,7,0.01568,0.00022,0.95,0.0014,,,unknown,1707,54,54,,yes,yes,yes,yes,,
7909,442,U/Th unspecified,232,,DA-26,unknown,,,2126,47,47,,,yes,178,0.2,252,20,,,213,17,0.01828,0.0004,0.95,0.0014,,,unknown,2007,69,69,,yes,yes,yes,yes,,
7910,442,U/Th unspecified,268,,DA-45,unknown,,,2380,37,37,,,yes,728,1,762,27,,,323,12,0.0205,0.00031,0.95,0.0018,,,unknown,2279,52,52,,yes,yes,yes,yes,,
7911,442,U/Th unspecified,294,,DA-71,unknown,,,2638,30,30,,,yes,662,1,664,11,,,372,7,0.02261,0.00025,0.95,0.0014,,,unknown,2538,46,46,,yes,yes,yes,yes,,
7912,442,U/Th unspecified,319,,DA-27,unknown,,,2892,33,33,,,yes,339,1,473,18,,,295,11,0.02493,0.00028,0.95,0.0017,,,unknown,2775,59,59,,yes,yes,yes,yes,,
7913,442,U/Th unspecified,359,,DA-46,unknown,,,3239,49,49,,,yes,673,1,854,24,,,372,12,0.02859,0.00041,0.95,0.002,,,unknown,3218,66,66,,yes,yes,yes,yes,,
7914,442,U/Th unspecified,375,,DA-72,unknown,,,3399,38,38,,,yes,671,1,568,12,,,568,14,0.02917,0.00032,0.95,0.0014,,,unknown,3308,48,48,,yes,yes,yes,yes,,
7915,442,U/Th unspecified,404,,DA-28,unknown,,,3835,66,66,,,yes,446,1,658,23,,,363,14,0.03241,0.00054,0.94,0.002,,,unknown,3712,84,84,,yes,yes,yes,yes,,
7916,442,U/Th unspecified,435,,DA-73,unknown,,,4003,13,13,,,yes,676,1,706,12,,,538,10,0.03401,0.00028,0.95,0.0013,,,unknown,3902,50,50,,yes,yes,yes,yes,,
7917,442,U/Th unspecified,445,,DA-02,unknown,,,4056,46,46,,,yes,781,1,77,14,,,5735,1019,0.03427,0.00038,0.94,0.0012,,,unknown,4001,46,46,,yes,yes,yes,yes,,
7918,442,U/Th unspecified,484,,DA-29,unknown,,,4368,66,66,,,yes,539,1,457,20,,,717,33,0.03682,0.00054,0.94,0.0016,,,unknown,4276,73,73,,yes,yes,yes,yes,,
7919,442,U/Th unspecified,492,,DA-74,unknown,,,4487,36,36,,,yes,831,1,326,12,,,1586,57,0.03772,0.00029,0.94,0.0012,,,unknown,4417,38,38,,yes,yes,yes,yes,,
7920,442,U/Th unspecified,516,,DA-47,unknown,,,4651,60,60,,,yes,670,1,736,20,,,581,17,0.0387,0.00049,0.93,0.0017,,,unknown,4546,72,72,,yes,yes,yes,yes,,
7921,442,U/Th unspecified,553,,DA-48,unknown,,,5000,59,59,,,yes,637,1,369,22,,,1200,73,0.04204,0.00048,0.94,0.0017,,,unknown,4921,63,63,,yes,yes,yes,yes,,
7922,442,U/Th unspecified,572,,DA-75,unknown,,,5160,42,42,,,yes,553,1,432,9,,,917,27,0.04339,0.00034,0.94,0.0013,,,unknown,5072,51,51,,yes,yes,yes,yes,,
7923,442,U/Th unspecified,609,,DA-30,unknown,,,5564,88,88,,,yes,416,1,549,19,,,582,22,0.04645,0.00017,0.94,0.0014,,,unknown,5449,100,100,,yes,yes,yes,yes,,
7924,442,U/Th unspecified,617,,DA-101,unknown,,,5726,58,58,,,yes,683,1,920,17,,,577,12,0.04709,0.00046,0.92,0.0013,,,unknown,5608,76,76,,yes,yes,yes,yes,,
7925,442,U/Th unspecified,617,,DA-102,unknown,,,5646,97,97,,,yes,639,1,736,31,,,662,30,0.04617,0.00077,0.92,0.0018,,,unknown,5538,105,105,,yes,yes,yes,yes,,
7926,442,U/Th unspecified,617,,DA-103,unknown,,,5661,77,77,,,yes,708,1,741,27,,,730,29,0.04628,0.00061,0.92,0.0014,,,unknown,5558,86,86,,yes,yes,yes,yes,,
7927,442,U/Th unspecified,617,,DA-104,unknown,,,5707,79,79,,,yes,672,1,709,29,,,731,31,0.04675,0.00062,0.92,0.0017,,,unknown,5603,88,88,,yes,yes,yes,yes,,
7928,442,U/Th unspecified,617,,DA-105,unknown,,,5688,70,70,,,yes,707,1,661,21,,,827,28,0.04688,0.00055,0.92,0.0016,,,unknown,5591,77,77,,yes,yes,yes,yes,,
7929,442,U/Th unspecified,634,,DA-76,unknown,,,5877,48,48,,,yes,658,1,618,12,,,618,12,0.04874,0.00038,0.93,0.0014,,,unknown,5781,58,58,,yes,yes,yes,yes,,
7930,442,U/Th unspecified,674,,DA-31,unknown,,,6336,78,78,,,yes,497,1,979,23,,,442,11,0.05277,0.00062,0.94,0.0017,,,unknown,6188,104,104,,yes,yes,yes,yes,,
7931,442,U/Th unspecified,688,,DA-77,unknown,,,6362,45,45,,,yes,576,1,641,9,,,781,12,0.05264,0.00035,0.93,0.0013,,,unknown,6257,60,60,,yes,yes,yes,yes,,
7932,442,U/Th unspecified,735,,DA-78,unknown,,,6664,48,48,,,yes,759,1,301,9,,,2312,29,0.05552,0.00038,0.94,0.0012,,,unknown,6594,50,50,,yes,yes,yes,yes,,
7933,442,U/Th unspecified,755,,DA-32,unknown,,,6844,47,47,,,yes,573,1,373,21,,,1428,81,0.05634,0.00037,0.93,0.0012,,,unknown,6762,52,52,,yes,yes,yes,yes,,
7934,442,U/Th unspecified,780,,DA-79,unknown,,,7110,64,64,,,yes,487,1,492,13,,,957,26,0.05848,0.0005,0.93,0.0012,,,unknown,7009,73,73,,yes,yes,yes,yes,,
7935,442,U/Th unspecified,822,,DA-49,unknown,,,7605,78,78,,,yes,736,2,927,22,,,815,20,0.06224,0.0006,0.93,0.0019,,,unknown,7492,90,90,,yes,yes,yes,yes,,
7936,442,U/Th unspecified,839,,DA-34,unknown,,,7856,57,57,,,yes,510,1,899,22,,,599,15,0.0692,0.00043,0.92,0.0014,,,unknown,7718,85,85,,yes,yes,yes,yes,,
7937,442,U/Th unspecified,855,,DA-50,unknown,,,7970,71,71,,,yes,685,1,610,20,,,1204,41,0.064,0.00054,0.92,0.0016,,,unknown,7875,77,77,,yes,yes,yes,yes,,
7938,442,U/Th unspecified,864,,DA-51,unknown,,,8136,93,93,,,yes,647,2,832,28,,,854,30,0.06651,0.00071,0.93,0.0024,,,unknown,8022,104,104,,yes,yes,yes,yes,,
7939,442,U/Th unspecified,870,,DA-52,unknown,,,8274,85,85,,,yes,650,1,1377,26,,,528,11,0.06765,0.00066,0.93,0.0019,,,unknown,8118,114,114,,yes,yes,yes,yes,,
7940,442,U/Th unspecified,879,,DA-80,unknown,,,8363,79,79,,,yes,386,1,486,12,,,890,22,0.06791,0.00061,0.92,0.0014,,,unknown,8249,91,91,,yes,yes,yes,yes,,
7941,442,U/Th unspecified,904,,DA-96,unknown,,,8523,123,123,,,yes,478,1,294,27,,,1847,172,0.06872,0.00094,0.92,0.0019,,,unknown,8442,125,125,,yes,yes,yes,yes,,
7942,442,U/Th unspecified,927,,DA-37,unknown,,,8896,62,62,,,yes,453,1,1396,23,,,385,7,0.07183,0.00047,0.92,0.0014,,,unknown,8691,128,128,,yes,yes,yes,yes,,
7943,442,U/Th unspecified,960,,DA-61,unknown,,,8923,90,90,,,yes,722,1,522,27,,,1652,86,0.07236,0.00069,0.92,0.0016,,,unknown,8837,93,93,,yes,yes,yes,yes,,
7944,263,ICP-MS U/Th Other,8,,XBL3-8,calcite,,,40790,150,150,,,yes,5170.8,7.1,1615,14,,,3165.9033546,27.8036008893,0.3232,0.0008,1.0349,0.0015,0.815572293,0.407786146,Cheng et al. 2013,40730,150,150,yes,,yes,yes,,yes,yes
7945,263,ICP-MS U/Th Other,20,,XBL3-20,calcite,,,39590,330,330,,,yes,6110.7,35.2,425,7,,,13885.1182841,231.696674078,0.3156,0.002,1.036,0.0024,0.815572293,0.407786146,Cheng et al. 2013,39540,330,330,yes,,yes,yes,,yes,yes
7946,263,ICP-MS U/Th Other,34,,XBL3-34,calcite,,,38040,310,310,,,no,7791.5,44.2,1081,8,,,6745.15357575,55.6072017787,0.3058,0.002,1.0376,0.0023,0.815572293,0.407786146,Cheng et al. 2013,37980,310,310,no,,no,no,,no,no
7947,263,ICP-MS U/Th Other,38,,XBL3-38,calcite,,,38110,160,160,,,yes,3116.8,5.3,521,10,,,5618.18095304,103.800109987,0.3069,0.0009,1.0398,0.0018,0.815572293,0.407786146,Cheng et al. 2013,38050,160,160,yes,,yes,yes,,yes,yes
7948,263,ICP-MS U/Th Other,55,,XBL3-55,calcite,,,36350,270,270,,,yes,138,0.2,1279,9,,,97.3126031127,0.926786696311,0.2946,0.0017,1.0386,0.0023,0.815572293,0.407786146,Cheng et al. 2013,36040,300,300,yes,,yes,yes,,yes,yes
7949,263,ICP-MS U/Th Other,95,,XBL3-95,calcite,,,35390,150,150,,,yes,190.2,0.2,47,8,,,50469.0963343,11710.8766946,0.2892,0.001,1.0433,0.0012,0.815572293,0.407786146,Cheng et al. 2013,35330,150,150,yes,,yes,yes,,yes,yes
7950,263,ICP-MS U/Th Other,133,,XBL3-133,calcite,,,34360,160,160,,,yes,161.8,0.2,56,8,,,7820.22614347,3503.25371206,0.284,0.0011,1.0503,0.0013,0.815572293,0.407786146,Cheng et al. 2013,34300,160,160,yes,,yes,yes,,yes,yes
7951,263,ICP-MS U/Th Other,173,,XBL3-173,calcite,,,33570,230,230,,,yes,170.9,0.2,210,7,,,689.529302056,24.0964541041,0.2774,0.0015,1.046,0.0022,0.815572293,0.407786146,Cheng et al. 2013,33480,230,230,yes,,yes,yes,,yes,yes
7952,263,ICP-MS U/Th Other,212,,XBL3-212,calcite,,,33300,250,250,,,yes,141,0.2,256,8,,,463.393348156,14.828587141,0.2753,0.0017,1.0453,0.0024,0.815572293,0.407786146,Cheng et al. 2013,33190,250,250,yes,,yes,yes,,yes,yes
7953,263,ICP-MS U/Th Other,249,,XBL3-249,calcite,,,31660,280,280,,,no,115.4,0.2,156,6,,,600.55777921,24.0964541041,0.2655,0.0019,1.0527,0.0025,0.815572293,0.407786146,Cheng et al. 2013,31570,280,280,no,,no,no,,no,no
7954,263,ICP-MS U/Th Other,253,,XBL3-253,calcite,,,31760,170,170,,,yes,156.5,0.2,35,10,,,5718.27391624,2502.32408004,0.2659,0.0012,1.0522,0.0014,0.815572293,0.407786146,Cheng et al. 2013,31700,170,170,yes,,yes,yes,,yes,yes
7955,263,ICP-MS U/Th Other,280,,XBL3-280,calcite,,,30420,300,300,,,yes,120.6,0.3,358,13,,,262.280635056,9.45322430237,0.2546,0.002,1.0452,0.0036,0.815572293,0.407786146,Cheng et al. 2013,30280,300,300,yes,,yes,yes,,yes,yes
7956,264,ICP-MS U/Th Other,1,,XBL4-1,calcite,,,82060,660,660,,,yes,293,0.4,566,7,,,921.225976133,12.9750137484,0.5814,0.0029,1.0905,0.0022,0.815572293,0.407786146,Cheng et al. 2013,81950,660,660,,,yes,yes,yes,yes,
7957,264,ICP-MS U/Th Other,80,,XBL4-80,calcite,,,80220,460,460,,,no,264.3,0.3,109,6,,,4189.07586733,216.868086937,0.5667,0.0021,1.0806,0.0014,0.815572293,0.407786146,Cheng et al. 2013,80150,460,460,,,no,no,no,no,
7958,264,ICP-MS U/Th Other,150,,XBL4-150,calcite,,,81840,580,580,,,yes,299.1,0.4,526,9,,,993.515338446,18.5357339262,0.5713,0.0024,1.0751,0.0023,0.815572293,0.407786146,Cheng et al. 2013,81740,580,580,,,yes,yes,yes,yes,
7959,264,ICP-MS U/Th Other,203,,XBL4-203,calcite,,,79900,460,460,,,yes,295.9,0.4,71,6,,,7227.08265784,609.825646173,0.5645,0.002,1.0794,0.0016,0.815572293,0.407786146,Cheng et al. 2013,79840,460,460,,,yes,yes,yes,yes,
7960,264,ICP-MS U/Th Other,237,,XBL4-237,calcite,,,77820,470,470,,,yes,780,0.8,816,12,,,1690.45893407,25.9500274967,0.5776,0.0022,1.1207,0.0019,0.815572293,0.407786146,Cheng et al. 2013,77740,470,470,,,yes,yes,yes,yes,
7961,264,ICP-MS U/Th Other,263,,XBL4-263,calcite,,,73710,430,430,,,yes,266.2,0.4,1112,6,,,382.206833559,2.59500274967,0.5217,0.002,1.0571,0.0016,0.815572293,0.407786146,Cheng et al. 2013,73540,430,430,,,yes,yes,yes,yes,
7962,264,ICP-MS U/Th Other,270,,XBL4-270,calcite,,,70310,360,360,,,yes,475.9,0.7,810,5,,,928.825627043,6.8582215527,0.5169,0.0018,1.081,0.0014,0.815572293,0.407786146,Cheng et al. 2013,70210,360,360,,,yes,yes,yes,yes,
7963,264,ICP-MS U/Th Other,272,,XBL4-272,calcite,,,60810,570,570,,,yes,209.5,0.3,2429,23,,,120.66762786,1.29750137484,0.4572,0.0027,1.0653,0.0038,0.815572293,0.407786146,Cheng et al. 2013,60440,590,590,,,yes,yes,yes,yes,
7964,264,ICP-MS U/Th Other,275,,XBL4-275,calcite,,,58500,380,380,,,yes,162.7,0.2,133,5,,,1677.48392032,61.1679219565,0.4476,0.002,1.0734,0.0022,0.815572293,0.407786146,Cheng et al. 2013,58420,380,380,,,yes,yes,yes,yes,
7965,265,ICP-MS U/Th Other,15,,XBL7-15,calcite,,,70690,440,440,,,yes,397.9,1,837,6,,,5.56072017787,8.06304425791,0.4993,0.0019,1.0435,0.0022,0.815572293,0.407786146,Cheng et al. 2013,70580,440,440,yes,,yes,yes,,yes,
7966,265,ICP-MS U/Th Other,37,,XBL7-37,calcite,,,70060,350,350,,,yes,427.7,0.6,485,6,,,16.6821605336,8.28547306502,0.4967,0.0016,1.0447,0.0015,0.815572293,0.407786146,Cheng et al. 2013,69970,350,350,yes,,yes,yes,,yes,
7967,265,ICP-MS U/Th Other,64,,XBL7-64,calcite,,,67410,380,380,,,yes,298,0.4,78,7,,,476.368361904,10.2502608612,0.4884,0.0018,1.0553,0.0016,0.815572293,0.407786146,Cheng et al. 2013,67350,380,380,yes,,yes,yes,,yes,
7968,265,ICP-MS U/Th Other,75,,XBL7-75,calcite,,,67470,420,420,,,no,310.1,0.4,341,7,,,25.9500274967,8.58204480784,0.4842,0.0021,1.0463,0.0015,0.815572293,0.407786146,Cheng et al. 2013,67380,420,420,no,,no,no,,no,
7969,265,ICP-MS U/Th Other,100,,XBL7-100,calcite,,,64530,430,430,,,yes,297.8,0.8,357,6,,,20.3893073188,8.78593788103,0.4692,0.002,1.0474,0.0023,0.815572293,0.407786146,Cheng et al. 2013,64450,430,430,yes,,yes,yes,,yes,
7970,265,ICP-MS U/Th Other,105,,XBL7-105,calcite,,,64180,410,410,,,yes,299.5,0.7,296,6,,,29.657174282,8.15572292754,0.4657,0.002,1.044,0.0021,0.815572293,0.407786146,Cheng et al. 2013,64100,410,410,yes,,yes,yes,,yes,
7971,265,ICP-MS U/Th Other,137,,XBL7-137,calcite,,,61600,320,320,,,yes,256.3,0.3,94,5,,,192.771632833,7.52550797405,0.4501,0.0016,1.0406,0.0015,0.815572293,0.407786146,Cheng et al. 2013,61540,320,320,yes,,yes,yes,,yes,
7972,265,ICP-MS U/Th Other,186,,XBL7-186,calcite,,,61020,350,350,,,yes,3793.4,13,122,6,,,2057.46646581,9.3976171006,0.4516,0.0018,1.0507,0.0016,0.815572293,0.407786146,Cheng et al. 2013,60960,350,350,yes,,yes,yes,,yes,
7973,265,ICP-MS U/Th Other,215,,XBL7-215,calcite,,,61060,680,680,,,no,4328.6,30.6,190,6,,,930.493843097,9.97222485231,0.4533,0.0035,1.0538,0.0029,0.815572293,0.407786146,Cheng et al. 2013,61000,680,680,no,,no,no,,no,
7974,265,ICP-MS U/Th Other,244,,XBL7-244,calcite,,,59570,650,650,,,yes,1886.7,13.1,121,5,,,832.254453288,6.65432847951,0.4368,0.0033,1.0359,0.003,0.815572293,0.407786146,Cheng et al. 2013,59510,650,650,yes,,yes,yes,,yes,
7975,266,ICP-MS U/Th Other,1,,XBL26-0.5,calcite,,,252600,4300,4300,,,yes,99.8,0.2,867,3,,,329.936063887,1.85357339262,0.9342,0.0033,1.0288,0.0021,0.815572293,0.407786146,Cheng et al. 2013,252300,4300,4300,yes,,yes,,,yes,yes
7976,266,ICP-MS U/Th Other,39,,XBL26-39,calcite,,,248800,4800,4800,,,yes,116.1,0.2,276,3,,,1191.84769146,14.828587141,0.9262,0.0036,1.025,0.0027,0.815572293,0.407786146,Cheng et al. 2013,248700,4800,4800,yes,,yes,,,yes,yes
7977,266,ICP-MS U/Th Other,74,,XBL26-74,calcite,,,241300,4100,4100,,,yes,95.7,0.2,61,3,,,4430.04040837,196.478779618,0.9184,0.0032,1.0249,0.0026,0.815572293,0.407786146,Cheng et al. 2013,241200,4100,4100,yes,,yes,,,yes,yes
7978,266,ICP-MS U/Th Other,82,,XBL26-82,calcite,,,240200,4000,4000,,,yes,205.8,0.4,31,2,,,18810.0627883,1451.34796642,0.9181,0.0031,1.0256,0.0026,0.815572293,0.407786146,Cheng et al. 2013,240100,4000,4000,yes,,yes,,,yes,yes
7979,266,ICP-MS U/Th Other,99,,XBL26-99,calcite,,,240500,5000,5000,,,no,3377.4,14.3,53,3,,,180513.951987,9178.89544027,0.9239,0.0046,1.0305,0.0024,0.815572293,0.407786146,Cheng et al. 2013,240400,5000,5000,no,,no,,,no,no
7980,266,ICP-MS U/Th Other,122,,XBL26-122,calcite,,,242000,4800,4800,,,no,107.2,0.3,83,6,,,3627.44312936,263.207421752,0.917,0.004,1.0229,0.0026,0.815572293,0.407786146,Cheng et al. 2013,241900,4800,4800,no,,no,,,no,no
7981,266,ICP-MS U/Th Other,123,,XBL26-123,calcite,,,232600,3400,3400,,,yes,172.7,0.2,409,5,,,1175.16553092,14.828587141,0.9092,0.0032,1.0251,0.0019,0.815572293,0.407786146,Cheng et al. 2013,232400,3400,3400,yes,,yes,,,yes,yes
7982,266,ICP-MS U/Th Other,125,,XBL26-125,calcite,,,235700,4100,4100,,,no,171.3,0.3,625,3,,,765.525811153,3.70714678525,0.9123,0.0033,1.0248,0.0029,0.815572293,0.407786146,Cheng et al. 2013,235500,4100,4100,no,,no,,,no,no
7983,266,ICP-MS U/Th Other,135,,XBL26-135,calcite,,,224500,2900,2900,,,yes,226.7,0.3,696,8,,,900.836668815,11.1214403557,0.9036,0.0029,1.0288,0.0019,0.815572293,0.407786146,Cheng et al. 2013,224300,2900,2900,yes,,yes,,,yes,yes
7984,266,ICP-MS U/Th Other,168,,XBL26-168,calcite,,,228900,5100,5100,,,no,61.3,0.2,1488,7,,,115.106907682,0.741429357049,0.9133,0.0048,1.0328,0.0033,0.815572293,0.407786146,Cheng et al. 2013,228100,5000,5000,no,,no,,,no,no
7985,266,ICP-MS U/Th Other,170,,XBL26-170,calcite,,,222600,3400,3400,,,yes,222,0.4,225,3,,,2711.77787341,38.9250412451,0.8989,0.0032,1.0267,0.0026,0.815572293,0.407786146,Cheng et al. 2013,222500,3400,3400,yes,,yes,,,yes,yes
7986,266,ICP-MS U/Th Other,178,,XBL26-178,calcite,,,216600,2600,2600,,,yes,157,0.2,639,6,,,672.847141522,7.41429357049,0.8933,0.0029,1.0285,0.0017,0.815572293,0.407786146,Cheng et al. 2013,216500,2600,2600,yes,,yes,,,yes,yes
7987,266,ICP-MS U/Th Other,184,,XBL26-184,calcite,,,217300,3200,3200,,,no,152.8,0.3,1493,10,,,279.889582286,1.85357339262,0.8945,0.0035,1.0289,0.0021,0.815572293,0.407786146,Cheng et al. 2013,217000,3200,3200,no,,no,,,no,no
7988,266,ICP-MS U/Th Other,189,,XBL26-189,calcite,,,214600,2800,2800,,,yes,136.2,0.3,460,6,,,813.718719361,11.1214403557,0.8997,0.0029,1.037,0.0024,0.815572293,0.407786146,Cheng et al. 2013,214500,2800,2800,yes,,yes,,,yes,yes
7989,266,ICP-MS U/Th Other,197,,XBL26-197,calcite,,,203800,2200,2200,,,yes,300.8,0.5,112,9,,,7321.61490086,570.900604928,0.8894,0.0026,1.0421,0.002,0.815572293,0.407786146,Cheng et al. 2013,203700,2200,2200,yes,,yes,,,yes,yes
7990,266,ICP-MS U/Th Other,211,,XBL26-211,calcite,,,201900,2300,2300,,,yes,244.9,0.3,19,7,,,34917.6155702,12559.8133084,0.8836,0.0031,1.0393,0.0016,0.815572293,0.407786146,Cheng et al. 2013,201900,2300,2300,yes,,yes,,,yes,yes
7991,266,ICP-MS U/Th Other,251,,XBL26-251,calcite,,,201300,2100,2100,,,yes,228.7,0.3,19,7,,,31759.1265092,11060.2724338,0.8846,0.0029,1.0411,0.0016,0.815572293,0.407786146,Cheng et al. 2013,201300,2100,2100,yes,,yes,,,yes,yes
7992,266,ICP-MS U/Th Other,262,,XBL26-262,calcite,,,200900,2000,2000,,,yes,97.9,0.1,50,10,,,5317.90206343,1110.29046218,0.8819,0.0024,1.0392,0.0018,0.815572293,0.407786146,Cheng et al. 2013,200800,2000,2000,yes,,yes,,,yes,yes
7993,266,ICP-MS U/Th Other,294,,XBL26-294,calcite,,,187300,1900,1900,,,yes,152.1,0.2,25,5,,,15803.5667455,3397.60002868,0.858,0.0028,1.0378,0.0018,0.815572293,0.407786146,Cheng et al. 2013,187300,1900,1900,yes,,yes,,,yes,yes
7994,266,ICP-MS U/Th Other,366,,XBL26-366,calcite,,,182700,2000,2000,,,yes,193,0.3,73,7,,,6780.37147021,661.725701166,0.8419,0.0029,1.0298,0.0021,0.815572293,0.407786146,Cheng et al. 2013,182600,2000,2000,yes,,yes,,,yes,yes
7995,266,ICP-MS U/Th Other,402,,XBL26-402,calcite,,,180100,2000,2000,,,yes,177.5,0.3,178,5,,,2585.73488271,70.4357889197,0.8456,0.003,1.0383,0.0021,0.815572293,0.407786146,Cheng et al. 2013,180000,2000,2000,yes,,yes,,,yes,yes
7996,266,ICP-MS U/Th Other,414,,XBL26-414,calcite,,,175000,1600,1600,,,yes,110.1,0.2,77,8,,,3644.1252899,363.300384954,0.833,0.0024,1.0354,0.002,0.815572293,0.407786146,Cheng et al. 2013,175000,1600,1600,yes,,yes,,,yes,yes
7997,266,ICP-MS U/Th Other,434,,XBL26-434,calcite,,,169800,3000,3000,,,no,66.5,0.2,32,6,,,5164.05547185,1015.75821916,0.8249,0.0044,1.0378,0.0045,0.815572293,0.407786146,Cheng et al. 2013,169700,3000,3000,no,,no,,,no,no
7998,266,ICP-MS U/Th Other,466,,XBL26-466,calcite,,,174700,3000,3000,,,yes,43.1,0.1,90,6,,,1228.91915931,83.410802668,0.8357,0.0047,1.039,0.0038,0.815572293,0.407786146,Cheng et al. 2013,174600,3000,3000,yes,,yes,,,yes,yes
7999,266,ICP-MS U/Th Other,469,,XBL26-469,calcite,,,171700,2200,2200,,,yes,71.9,0.1,1935,11,,,94.717600363,0.741429357049,0.832,0.0042,1.0412,0.0017,0.815572293,0.407786146,Cheng et al. 2013,170900,2200,2200,yes,,yes,,,yes,yes
8000,266,ICP-MS U/Th Other,474,,XBL26-474,calcite,,,161500,2000,2000,,,yes,102.7,0.1,156,6,,,1636.70530569,63.0214953492,0.8099,0.0039,1.0409,0.0025,0.815572293,0.407786146,Cheng et al. 2013,161400,2000,2000,yes,,yes,,,yes,yes
8001,266,ICP-MS U/Th Other,504,,XBL26-504,calcite,,,140900,2400,2400,,,yes,50.8,0.1,120,6,,,986.101044875,53.7536283861,0.7621,0.0054,1.0435,0.0038,0.815572293,0.407786146,Cheng et al. 2013,140800,2400,2400,yes,,yes,,,yes,yes
8002,266,ICP-MS U/Th Other,524,,XBL26-524,calcite,,,123200,1600,1600,,,yes,100.6,0.1,65,7,,,3332.72495994,352.178944598,0.7063,0.0047,1.0383,0.0025,0.815572293,0.407786146,Cheng et al. 2013,123100,1600,1600,yes,,yes,,,yes,yes
8003,266,ICP-MS U/Th Other,535,,XBL26-535,calcite,,,77400,1100,1100,,,yes,96.2,0.1,286,6,,,544.950577431,12.9750137484,0.5295,0.005,1.039,0.0027,0.815572293,0.407786146,Cheng et al. 2013,77200,1100,1100,yes,,yes,,,yes,yes
8004,266,Event; hiatus,173,,,,,,,,,,,yes,,,,,,,,,,,,,,,,,,,yes,,yes,,,yes,yes
8005,266,Event; hiatus,191,,,,,,,,,,,yes,,,,,,,,,,,,,,,,,,,yes,,yes,,,yes,yes
8006,266,Event; hiatus,407,,,,,,,,,,,yes,,,,,,,,,,,,,,,,,,,yes,,yes,,,yes,yes
8007,266,Event; hiatus,469.5,,,,,,,,,,,yes,,,,,,,,,,,,,,,,,,,yes,,yes,,,yes,yes
8008,267,ICP-MS U/Th Other,5,,XBL27-5,calcite,,,189400,2400,2400,,,yes,221.4,0.5,53,9,,,11036.1759797,1799.81976424,0.8607,0.0035,1.0368,0.0022,0.815572293,0.407786146,Cheng et al. 2013,189400,2400,2400,yes,yes,yes,yes,,yes,yes
8009,267,ICP-MS U/Th Other,43,,XBL27-43,calcite,,,185700,1100,1100,,,yes,231.2,0.3,238,5,,,2546.80984146,51.9000549934,0.8582,0.0014,1.0404,0.0015,0.815572293,0.407786146,Cheng et al. 2013,185600,1100,1100,yes,yes,yes,yes,,yes,yes
8010,267,ICP-MS U/Th Other,121,,XBL27-121,calcite,,,184200,1100,1100,,,yes,214.8,0.2,200,4,,,2826.69942375,57.4607751713,0.8594,0.0014,1.0442,0.0014,0.815572293,0.407786146,Cheng et al. 2013,184100,1100,1100,yes,yes,yes,yes,,yes,yes
8011,267,ICP-MS U/Th Other,167,,XBL27-167,calcite,,,182000,1100,1100,,,yes,111.1,0.1,108,2,,,2691.38856609,55.6072017787,0.8541,0.0014,1.043,0.0014,0.815572293,0.407786146,Cheng et al. 2013,181900,1100,1100,yes,yes,yes,yes,,yes,yes
8012,267,ICP-MS U/Th Other,213,,XBL27-213,calcite,,,178900,2600,2600,,,yes,80.6,0.2,22,8,,,9725.69959109,3712.70750542,0.8528,0.0041,1.048,0.0029,0.815572293,0.407786146,Cheng et al. 2013,178900,2600,2600,yes,yes,yes,yes,,yes,yes
8013,267,ICP-MS U/Th Other,267,,XBL27-267,calcite,,,177100,1100,1100,,,yes,57.5,0,153,3,,,971.272457734,20.3893073188,0.8428,0.0016,1.0409,0.0014,0.815572293,0.407786146,Cheng et al. 2013,177000,1100,1100,yes,yes,yes,yes,,yes,yes
8014,267,ICP-MS U/Th Other,302,,XBL27-302,calcite,,,177000,1100,1100,,,yes,68.6,0.1,46,1,,,3823.92190898,85.2643760606,0.8422,0.0016,1.0406,0.0014,0.815572293,0.407786146,Cheng et al. 2013,176900,1100,1100,yes,yes,yes,yes,,yes,yes
8015,267,ICP-MS U/Th Other,357,,XBL27-357,calcite,,,172900,2900,2900,,,yes,34,0.1,47,6,,,1833.1840853,233.55024747,0.8338,0.0049,1.0405,0.0034,0.815572293,0.407786146,Cheng et al. 2013,172900,2900,2900,yes,yes,yes,yes,,yes,yes
8016,268,ICP-MS U/Th Other,39,,XBL29-39,calcite,,,43210,540,540,,,yes,63.7,0.1,447,7,,,148.841943428,2.59500274967,0.341,0.0033,1.041,0.0033,0.815572293,0.407786146,Cheng et al. 2013,42960,550,550,yes,,yes,yes,yes,yes,
8017,268,ICP-MS U/Th Other,69,,XBL29-69,calcite,,,38310,170,170,,,yes,57.6,0.1,217,4,,,250.417765343,5.19000549934,0.3082,0.0009,1.0383,0.0023,0.815572293,0.407786146,Cheng et al. 2013,38140,180,180,yes,,yes,yes,yes,yes,
8018,268,ICP-MS U/Th Other,95,,XBL29-95,calcite,,,37490,540,540,,,no,13.8,0,82,6,,,156.441594337,11.6775123735,0.3031,0.0034,1.0409,0.0046,0.815572293,0.407786146,Cheng et al. 2013,37270,550,550,no,,no,no,no,no,
8019,268,ICP-MS U/Th Other,112,,XBL29-112,calcite,,,37390,160,160,,,yes,34.3,0,45,1,,,706.582177268,17.2382325514,0.3045,0.001,1.0468,0.0015,0.815572293,0.407786146,Cheng et al. 2013,37290,160,160,yes,,yes,yes,yes,yes,
8020,268,ICP-MS U/Th Other,168,,XBL29-168,calcite,,,32000,480,480,,,yes,35.5,0.1,447,9,,,64.5043540633,1.4828587141,0.2662,0.0034,1.0446,0.0031,0.815572293,0.407786146,Cheng et al. 2013,31590,540,540,yes,,yes,yes,yes,yes,
8021,268,ICP-MS U/Th Other,173,,XBL29-173,calcite,,,29320,130,130,,,yes,39,0,65,1,,,450.232977068,9.8239389809,0.2467,0.0009,1.0446,0.0014,0.815572293,0.407786146,Cheng et al. 2013,29220,140,140,yes,,yes,yes,yes,yes,
8022,268,ICP-MS U/Th Other,195,,XBL29-195,calcite,,,28170,150,150,,,yes,47.1,0,66,1,,,513.625187096,11.4921550343,0.2366,0.001,1.0375,0.0017,0.815572293,0.407786146,Cheng et al. 2013,28080,150,150,yes,,yes,yes,yes,yes,
8023,268,ICP-MS U/Th Other,216,,XBL29-216,calcite,,,26600,340,340,,,yes,21.9,0.1,118,6,,,127.711206752,6.67286421344,0.2258,0.0024,1.0429,0.0035,0.815572293,0.407786146,Cheng et al. 2013,26390,340,340,yes,,yes,yes,yes,yes,
8024,268,ICP-MS U/Th Other,275,,XBL29-275,calcite,,,24160,340,340,,,yes,58.9,0.1,82,3,,,452.642622478,17.2382325514,0.2068,0.0025,1.0404,0.0045,0.815572293,0.407786146,Cheng et al. 2013,24060,340,340,yes,,yes,yes,yes,yes,
8025,268,ICP-MS U/Th Other,338,,XBL29-338,calcite,,,22500,420,420,,,yes,9.3,0,21,6,,,268.397427252,77.6647251509,0.1958,0.0032,1.0502,0.0045,0.815572293,0.407786146,Cheng et al. 2013,22380,420,420,yes,,yes,yes,yes,yes,
8026,268,ICP-MS U/Th Other,403,,XBL29-403,calcite,,,21990,300,300,,,yes,59,0.1,594,3,,,57.6461325106,0.741429357049,0.1899,0.0022,1.0398,0.0039,0.815572293,0.407786146,Cheng et al. 2013,21650,330,330,yes,,yes,yes,yes,yes,
8027,268,ICP-MS U/Th Other,463,,XBL29-463,calcite,,,21990,210,210,,,yes,93.8,0.2,2990,9,,,18.5357339262,0.185357339262,0.1921,0.0016,1.0519,0.0026,0.815572293,0.407786146,Cheng et al. 2013,21050,490,490,yes,,yes,yes,yes,yes,
8028,268,ICP-MS U/Th Other,473,,XBL29-473,calcite,,,23860,550,550,,,no,72.2,0.1,6699,40,,,6.8582215527,0.185357339262,0.2051,0.0042,1.0433,0.0025,0.815572293,0.407786146,Cheng et al. 2013,21200,1430,1430,no,,no,no,no,no,
8029,268,ICP-MS U/Th Other,555,,XBL29-555,calcite,,,16220,330,330,,,yes,15.1,0,296,6,,,22.2428807115,0.556072017787,0.1429,0.0026,1.0346,0.0044,0.815572293,0.407786146,Cheng et al. 2013,15610,430,430,yes,,yes,yes,yes,yes,
8030,268,ICP-MS U/Th Other,561,,XBL29-561,calcite,,,13380,350,350,,,yes,58.6,0.2,1290,6,,,16.4968031943,0.370714678525,0.119,0.0028,1.031,0.0047,0.815572293,0.407786146,Cheng et al. 2013,12700,460,460,yes,,yes,yes,yes,yes,
8031,268,ICP-MS U/Th Other,564,,XBL29-564,calcite,,,11080,460,460,,,yes,26.1,0.1,1424,5,,,5.56072017787,0.185357339262,0.1005,0.004,1.0415,0.0056,0.815572293,0.407786146,Cheng et al. 2013,9480,900,900,yes,,yes,yes,yes,yes,
8032,268,ICP-MS U/Th Other,588,,XBL29-588,calcite,,,8080,120,120,,,yes,153.2,0.4,1679,5,,,20.7600219974,0.370714678525,0.0746,0.001,1.0452,0.0031,0.815572293,0.407786146,Cheng et al. 2013,7720,190,190,yes,,yes,yes,yes,yes,
8033,268,ICP-MS U/Th Other,595,,XBL29-595,calcite,,,6460,70,70,,,yes,162.3,0.3,1882,7,,,15.7553738373,0.185357339262,0.06,0.0006,1.0437,0.002,0.815572293,0.407786146,Cheng et al. 2013,6080,170,170,yes,,yes,yes,yes,yes,
8034,269,ICP-MS U/Th Other,13,,XBL48-13,calcite,,,106660,1020,1020,,,yes,313.4,0.8,871,3,,,752.550797405,3.70714678525,0.684,0.0031,1.0852,0.0034,0.815572293,0.407786146,Cheng et al. 2013,106540,1020,1020,yes,,yes,yes,yes,yes,
8035,269,ICP-MS U/Th Other,34,,XBL48-34,calcite,,,105690,590,590,,,yes,285,0.4,90,5,,,6643.20703916,387.396839058,0.6818,0.002,1.0874,0.0017,0.815572293,0.407786146,Cheng et al. 2013,105620,590,590,yes,,yes,yes,yes,yes,
8036,269,ICP-MS U/Th Other,56,,XBL48-56,calcite,,,104460,1040,1040,,,yes,389.9,0.8,30,3,,,26667.3603997,2572.75986896,0.6773,0.0035,1.0878,0.003,0.815572293,0.407786146,Cheng et al. 2013,104400,1040,1040,yes,,yes,yes,yes,yes,
8037,269,ICP-MS U/Th Other,67,,XBL48-67,calcite,,,102760,830,830,,,yes,396.1,0.9,200,3,,,4029.66855556,68.582215527,0.6643,0.0025,1.078,0.003,0.815572293,0.407786146,Cheng et al. 2013,102690,830,830,yes,,yes,yes,yes,yes,
8038,269,ICP-MS U/Th Other,73,,XBL48-73,calcite,,,100430,1300,1300,,,yes,201.3,0.6,53,3,,,7636.7223776,417.05401334,0.6528,0.0037,1.0755,0.0054,0.815572293,0.407786146,Cheng et al. 2013,100370,1290,1290,yes,,yes,yes,yes,yes,
8039,269,ICP-MS U/Th Other,81,,XBL48-81,calcite,,,94520,860,860,,,yes,217.9,0.5,245,4,,,1696.01965425,27.8036008893,0.6248,0.0029,1.0692,0.0034,0.815572293,0.407786146,Cheng et al. 2013,94430,860,860,yes,,yes,yes,yes,yes,
8040,269,ICP-MS U/Th Other,86,,XBL48-86,calcite,,,90750,760,760,,,yes,294.4,0.6,227,4,,,2381.84180952,38.9250412451,0.6011,0.0026,1.0572,0.0031,0.815572293,0.407786146,Cheng et al. 2013,90670,760,760,yes,,yes,yes,yes,yes,
8041,269,ICP-MS U/Th Other,102,,XBL48-102,calcite,,,90440,760,760,,,yes,358.1,0.8,90,2,,,7312.3470339,187.210912655,0.6032,0.0027,1.0635,0.0029,0.815572293,0.407786146,Cheng et al. 2013,90370,760,760,yes,,yes,yes,yes,yes,
8042,269,ICP-MS U/Th Other,108,,XBL48-108,calcite,,,89240,720,720,,,yes,283.2,0.5,110,3,,,4732.17287137,111.214403557,0.6023,0.0027,1.0704,0.0027,0.815572293,0.407786146,Cheng et al. 2013,89170,720,720,yes,,yes,yes,yes,yes,
8043,269,ICP-MS U/Th Other,126,,XBL48-126,calcite,,,88470,710,710,,,yes,267.3,0.6,372,3,,,1310.47638858,11.1214403557,0.5971,0.0025,1.0666,0.003,0.815572293,0.407786146,Cheng et al. 2013,88370,710,710,yes,,yes,yes,yes,yes,
8044,269,ICP-MS U/Th Other,165,,XBL48-165,calcite,,,82650,720,720,,,yes,229.2,0.5,216,3,,,1836.89123209,27.8036008893,0.5673,0.0028,1.0609,0.0031,0.815572293,0.407786146,Cheng et al. 2013,82570,720,720,yes,,yes,yes,yes,yes,
8045,269,ICP-MS U/Th Other,200,,XBL48-200,calcite,,,77000,410,410,,,yes,216.1,0.3,87,4,,,4120.4936518,190.91805944,0.5418,0.0018,1.0641,0.0016,0.815572293,0.407786146,Cheng et al. 2013,76930,410,410,yes,,yes,yes,yes,yes,
8046,270,ICP-MS U/Th Other,4,,XBL65-4,calcite,,,170800,900,900,,,yes,131,0.1,104,2,,,3271.55703798,68.582215527,0.8466,0.0014,1.0578,0.0013,0.815572293,0.407786146,Cheng et al. 2013,170800,900,900,yes,yes,yes,yes,,yes,yes
8047,270,ICP-MS U/Th Other,66,,XBL65-66,calcite,,,170100,900,900,,,yes,135.3,0.1,42,1,,,8231.71943664,183.50376587,0.8418,0.0013,1.0545,0.0014,0.815572293,0.407786146,Cheng et al. 2013,170000,900,900,yes,yes,yes,yes,,yes,yes
8048,270,ICP-MS U/Th Other,104,,XBL65-104,calcite,,,170000,1000,1000,,,yes,159.6,0.2,65,1,,,6339.22100277,133.457284269,0.8422,0.0015,1.055,0.0014,0.815572293,0.407786146,Cheng et al. 2013,170000,1000,1000,yes,yes,yes,yes,,yes,yes
8049,270,ICP-MS U/Th Other,147,,XBL65-147,calcite,,,168900,900,900,,,yes,150.7,0.2,72,2,,,5367.94854503,114.921550343,0.8435,0.0014,1.0589,0.0014,0.815572293,0.407786146,Cheng et al. 2013,168800,900,900,yes,yes,yes,yes,,yes,yes
8050,270,ICP-MS U/Th Other,215,,XBL65-215,calcite,,,168700,1100,1100,,,yes,185.9,0.2,111,2,,,4294.72955071,88.9715228459,0.8429,0.002,1.0588,0.0014,0.815572293,0.407786146,Cheng et al. 2013,168600,1100,1100,yes,yes,yes,yes,,yes,yes
8051,270,ICP-MS U/Th Other,244,,XBL65-244,calcite,,,167900,800,800,,,yes,197.9,0.2,103,2,,,4923.09093081,103.800109987,0.8344,0.0012,1.0516,0.0013,0.815572293,0.407786146,Cheng et al. 2013,167800,800,800,yes,yes,yes,yes,,yes,yes
8292,138,TIMS,2,4,SPA 12(0.2),calcite,,,,,,,,yes,10798,22,2364.1,10.1,0.0001136,6.8e-06,8.897152285,0.556072018,,,1.0163,0.0029,,,Cheng et al. 2000,6,4,4,,,yes,yes,,yes,
8293,138,TIMS,15,4,SPA 12(1.5),calcite,,,,,,,,yes,13863,35,575.5,2.7,0.0004914,1.08e-05,158.2951677,3.521789446,,,1.0278,0.0046,,,Cheng et al. 2000,176,5,5,,,yes,yes,,yes,
8294,138,TIMS,34,4,SPA 12(3.4),calcite,,,,,,,,yes,13635,26,1138.4,5.2,0.0007929,1.51e-05,129.1940655,2.59500275,,,1.0161,0.0028,,,Cheng et al. 2000,328,8,8,,,yes,yes,,yes,
8295,138,TIMS,48,2,SPA 12(4.8),calcite,,,,,,,,yes,13669,14,910,6.7,0.0011388,2.39e-05,231.8820314,5.190005499,,,1.0137,0.0014,,,Cheng et al. 2000,494,12,12,,,yes,yes,,yes,
8296,138,TIMS,60,2,SPA 12(6.0),calcite,,,,,,,,yes,8827,9,1951.7,11.3,0.0010128,1.82e-05,96.20045908,1.853573393,,,1.0141,0.0015,,,Cheng et al. 2000,697,14,14,,,yes,yes,,yes,
8297,138,TIMS,80,4,SPA 12(8.0),calcite,,,,,,,,yes,10180,22,4327.7,38.1,0.0018463,5.17e-05,450.4183344,40.77861464,,,1.0255,0.0029,,,Cheng et al. 2000,1125,33,33,,,yes,yes,,yes,
8298,138,TIMS,100,4,SPA 12(10.0),calcite,,,,,,,,yes,10187,14,1410.6,95.8,0.0021676,0.0001,79.14758386,2.40964541,,,1.014,0.0077,,,Cheng et al. 2000,1347,64,64,,,yes,yes,,yes,
8299,138,TIMS,120,4,SPA 12(12.0),calcite,,,,,,,,yes,10891,25,8759.7,105.1,0.0029204,7.3e-05,251.5299094,23.35502475,,,1.0222,0.003,,,Cheng et al. 2000,1695,44,44,,,yes,yes,,yes,
8300,138,TIMS,132,4,SPA 12(13.2),calcite,,,,,,,,yes,11226,11,1166.3,8.3,0.0033362,4.34e-05,61.72399397,1.668216053,,,1.0156,0.0017,,,Cheng et al. 2000,1913,26,26,,,yes,yes,,yes,
8301,138,TIMS,142,4,SPA 12(14.2),calcite,,,,,,,,yes,10563,11,2951,19,0.003363,4.7e-05,530.3073476,7.785008249,,,1.0131,0.0017,,,Cheng et al. 2000,2055,30,30,,,yes,yes,,yes,
8302,138,TIMS,147,4,SPA 12(14.7),calcite,,,,,,,,yes,11325,26,1458.7,5.4,0.0036995,4.07e-05,211.3073668,3.151074767,,,1.0245,0.0033,,,Cheng et al. 2000,2100,26,26,,,yes,yes,,yes,
8303,138,TIMS,148,4,SPA 12(14.8),calcite,,,,,,,,yes,11979,12,2858,16,0.0040243,4.02e-05,470.0662124,5.375362839,,,1.0172,0.0017,,,Cheng et al. 2000,2165,23,23,,,yes,yes,,yes,
8304,138,TIMS,151,2,SPA 12(15.1),calcite,,,,,,,,yes,12373,12,3192,27,0.004125,9.9e-05,260.9831337,2.965717428,,,1.0149,0.0019,,,Cheng et al. 2000,2153,53,53,,,yes,yes,,yes,
8305,138,TIMS,166,4,SPA 12(16.6),calcite,,,,,,,,yes,8407,19,0,,0.0042738,5.96e-05,239.4816823,6.116792196,,,1.011,0.0065,,,Cheng et al. 2000,3338,50,50,,,yes,yes,,yes,
8306,138,TIMS,180,4,SPA 12(18.0),calcite,,,,,,,,yes,6922,8,158.1,37,0.0044572,5.25e-05,,,,,1.0049,0.0069,,,Cheng et al. 2000,4294,60,60,,,yes,yes,,yes,
8307,138,TIMS,203,4,SPA 12(20.3),calcite,,,,,,,,yes,10852,16,694.1,30.3,0.008145,0.0001414,5225.408751,1223.914511,,,1.0087,0.0068,,,Cheng et al. 2000,4989,90,90,,,yes,yes,,yes,
8308,139,TIMS,61,4,SPA 70(6.1),calcite,,,,,,,,yes,6494,7,1489.1,4.2,0.004434,2.7e-05,551.9941563,3.707146785,,,1.0209,0.0015,,,Cheng et al. 2000,4495,30,30,yes,,,,,yes,
8309,139,TIMS,65,4,SPA 70(6.5),calcite,,,,,,,,yes,7353,7,820.9,4.8,0.005064,6.6e-05,1143.284069,16.31144586,,,1.0147,0.0017,,,Cheng et al. 2000,4567,63,63,yes,,,,,yes,
8310,139,TIMS,73,4,SPA 70(7.3),calcite,,,,,,,,yes,6747,13,2751.5,14.9,0.005143,7.7e-05,346.4328671,5.560720178,,,1.0195,0.0027,,,Cheng et al. 2000,5040,79,79,yes,,,,,yes,
8311,139,TIMS,86,4,SPA 70(8.6),calcite,,,,,,,,yes,11390,16,1633.7,5.7,0.010098,9.5e-05,1145.693714,11.49215503,,,1.0213,0.0027,,,Cheng et al. 2000,5892,61,61,yes,,,,,yes,
8312,139,TIMS,116,4,SPA 70(11.6),calcite,,,,,,,,yes,16604,17,1646,4,0.01534,0.00011,1727.159687,12.60429907,,,1.0135,0.0015,,,Cheng et al. 2000,6200,46,46,yes,,,,,yes,
8313,139,TIMS,140,4,SPA 70(14.0),calcite,,,,,,,,yes,23348,35,7345,18,0.02432,0.00014,613.7181503,3.892504125,,,1.0107,0.0023,,,Cheng et al. 2000,7038,46,46,yes,,,,,yes,
8314,139,TIMS,160,2,SPA 70(16.0),calcite,,,,,,,,yes,28758,29,16051,42,0.03247,0.00015,374.9778973,2.038930732,,,1.0059,0.0016,,,Cheng et al. 2000,7689,39,39,yes,,,,,yes,
8315,139,TIMS,173,4,SPA 70(17.3),calcite,,,,,,,,yes,40861,118,5005,23,0.04912,0.00034,1818.91157,15.19930182,,,1.0082,0.0047,,,Cheng et al. 2000,8202,76,76,yes,,,,,yes,
8316,139,TIMS,180,2,SPA 70(18.0),calcite,,,,,,,,yes,33582,57,9443,27,0.04167,0.00033,817.9819382,6.858221553,,,1.0062,0.0022,,,Cheng et al. 2000,8492,72,72,yes,,,,,yes,
8317,139,TIMS,185,2,SPA 70(18.5),calcite,,,,,,,,yes,28646,29,35410,113,0.03666,0.00023,191.8448461,1.297501375,,,1.003,0.0014,,,Cheng et al. 2000,8774,58,58,yes,,,,,yes,
8318,139,TIMS,195,4,SPA 70(19.5),calcite,,,,,,,,yes,45767,92,19282,58,0.06469,0.00025,,,,,0.9959,0.0026,,,Cheng et al. 2000,9840,52,52,yes,,,,,yes,
8319,140,TIMS,3,4,SPA 128(0.3),calcite,,,,,,,,yes,12653,13,10960,56,0.004845,7.3e-05,81.92794395,1.297501375,,,1.0156,0.0016,,,Cheng et al. 2000,2466,39,39,yes,,yes,yes,,yes,yes
8320,140,TIMS,10,4,SPA 128(1.0),calcite,,,,,,,,yes,13199,13,42639,149,0.005361,5.9e-05,23.35502475,0.185357339,,,1.0182,0.0014,,,Cheng et al. 2000,2549,30,30,yes,,yes,yes,,yes,yes
8321,140,TIMS,16,4,SPA 128(1.6),calcite,,,,,,,,yes,12108,12,12911,65,0.004973,7e-05,71.36257562,1.112144036,,,1.0153,0.0014,,,Cheng et al. 2000,2649,39,39,yes,,yes,yes,,yes,yes
8322,140,TIMS,26,4,SPA 128(2.6),calcite,,,,,,,,yes,13433,13,13288,62,0.005912,7.7e-05,82.48401597,1.112144036,,,1.0101,0.0012,,,Cheng et al. 2000,2864,38,38,yes,,yes,yes,,yes,yes
8323,140,TIMS,34,4,SPA 128(3.4),calcite,,,,,,,,yes,13513,14,14491,41,0.006397,4.1e-05,81.74258661,0.556072018,,,1.0146,0.0013,,,Cheng et al. 2000,3074,21,21,yes,,yes,yes,,yes,yes
8324,140,TIMS,44,4,SPA 128(4.4),calcite,,,,,,,,yes,13671,14,11957,43,0.00661,5.9e-05,102.5026086,0.926786696,,,1.0161,0.0014,,,Cheng et al. 2000,3143,30,30,yes,,yes,yes,,yes,yes
8325,140,TIMS,55,4,SPA 128(5.5),calcite,,,,,,,,yes,13491,13,29342,129,0.007222,7.2e-05,45.59790546,0.556072018,,,1.0141,0.0013,,,Cheng et al. 2000,3464,36,36,yes,,yes,yes,,yes,yes
8326,140,TIMS,65,4,SPA 128(6.5),calcite,,,,,,,,yes,13662,14,29937,299,0.008234,0.000206,50.9732683,1.297501375,,,1.0162,0.0016,,,Cheng et al. 2000,3914,102,102,yes,,yes,yes,,yes,yes
8327,140,TIMS,69,4,SPA 128(6.9),calcite,,,,,,,,yes,11787,12,71973,281,0.007338,8.1e-05,18.9064486,0.185357339,,,1.013,0.0014,,,Cheng et al. 2000,3952,45,45,yes,,yes,yes,,yes,yes
8328,140,TIMS,76,4,SPA 128(7.6),calcite,,,,,,,,yes,11893,12,27356,109,0.007687,9.2e-05,52.08541233,0.741429357,,,1.0163,0.0021,,,Cheng et al. 2000,4209,53,53,yes,,yes,yes,,yes,yes
8329,140,TIMS,85,4,SPA 128(8.5),calcite,,,,,,,,yes,11490,11,20006,76,0.007979,6.5e-05,73.95757837,0.741429357,,,1.0137,0.0013,,,Cheng et al. 2000,4566,40,40,yes,,yes,yes,,yes,yes
8330,140,TIMS,87,4,SPA 128(8.7),calcite,,,,,,,,yes,10880,11,12209,63,0.007879,7.4e-05,119.5554838,1.297501375,,,1.0098,0.0019,,,Cheng et al. 2000,4807,47,47,yes,,yes,yes,,yes,yes
8331,140,TIMS,92,4,SPA 128(9.2),calcite,,,,,,,,yes,12699,13,13539,74,0.009465,0.000114,129.5647801,1.668216053,,,1.0108,0.0017,,,Cheng et al. 2000,4949,63,63,yes,,yes,yes,,yes,yes
8332,140,TIMS,95,4,SPA 128(9.5),calcite,,,,,,,,yes,11319,11,8605,45,0.009224,0.000129,198.7030677,2.965717428,,,1.0155,0.0014,,,Cheng et al. 2000,5414,80,80,yes,,yes,yes,,yes,yes
8333,140,TIMS,103,2,SPA 128(10.3),calcite,,,,,,,,yes,12275,12,17912,70,0.010736,6.9e-05,111.0290462,0.741429357,,,1.0074,0.0017,,,Cheng et al. 2000,5856,41,41,yes,,yes,yes,,yes,yes
8334,140,TIMS,107,4,SPA 128(10.7),calcite,,,,,,,,yes,9502,10,18570,120,0.00864,0.00015,86.19116276,1.482858714,,,1.0074,0.0019,,,Cheng et al. 2000,6086,110,110,yes,,yes,yes,,yes,yes
8335,141,TIMS,5,2,SPA 127(0.5),calcite,,,,,,,,yes,5375.7,5.4,0,,0.002237,7.4e-05,,,,,1.027,0.0016,,,Cheng et al. 2000,2683,90,90,yes,,yes,yes,,yes,yes
8336,141,TIMS,36.5,4,SPA 127(3.65),calcite,,,,,,,,yes,5129.2,5.1,201.6,2,0.003376,7.4e-05,3103.067217,75.0697224,,,1.0113,0.0014,,,Cheng et al. 2000,4375,100,100,yes,,yes,yes,,yes,yes
8337,141,TIMS,45,2,SPA 127(4.5),calcite,,,,,,,,yes,6297.4,6.3,329,6,0.004431,0.000177,2500.099792,110.6583315,,,1.0082,0.0021,,,Cheng et al. 2000,4703,198,198,yes,,yes,yes,,yes,yes
8338,141,TIMS,51,2,SPA 127(5.1),calcite,,,,,,,,yes,6749,6.7,116,1.4,0.005124,0.000102,8191.496894,191.1034168,,,1.0043,0.0017,,,Cheng et al. 2000,5110,106,106,yes,,yes,yes,,yes,yes
8339,141,TIMS,60,2,SPA 127(6.0),calcite,,,,,,,,yes,7652.3,7.7,105.7,0.4,0.006558,4.3e-05,11503.46183,84.33758936,,,0.9945,0.0014,,,Cheng et al. 2000,5852,41,41,yes,,yes,yes,,yes,yes
8340,141,TIMS,85,2,SPA 127(8.5),calcite,,,,,,,,yes,9467.1,9.5,328,1,0.009308,8.2e-05,5255.251283,50.78791096,,,0.9957,0.0016,,,Cheng et al. 2000,6741,63,63,yes,,yes,yes,,yes,yes
8341,141,TIMS,110,2,SPA 127(11.0),calcite,,,,,,,,yes,13980,14,135,1,0.015723,0.000157,21584.30609,256.3492002,,,1.0032,0.0014,,,Cheng et al. 2000,7695,82,82,yes,,yes,yes,,yes,yes
8342,141,TIMS,125,2,SPA 127(12.5),calcite,,,,,,,,yes,25236,28,372,2,0.029315,0.000185,14611.90441,119.3701265,,,1.0016,0.0014,,,Cheng et al. 2000,7972,55,55,yes,,yes,yes,,yes,yes
8343,141,TIMS,145,2,SPA 127(14.5),calcite,,,,,,,,yes,34374,34,391,3,0.041579,0.000457,19698.48052,262.2806351,,,0.9928,0.0014,,,Cheng et al. 2000,8395,101,101,yes,,yes,yes,,yes,yes
8344,446,ICP-MS U/Th Other,4,,B1-1,calcite,,,93,22,22,,,yes,430,0.75,1.6,47,,,,,0.00134,0.0002,0.9989,0.0019,,,Cheng et al. 2000,93,22,22,yes,,yes,yes,yes,yes,yes
8345,446,ICP-MS U/Th Other,30,,B1-2,calcite,,,246,19,19,,,yes,440,1.25,93.8,22,,,,,0.00224,0.00017,0.9948,0.0033,,,Cheng et al. 2000,183,21,21,yes,,yes,yes,yes,yes,yes
8346,446,ICP-MS U/Th Other,82,,B2-5,calcite,,,403,19,19,,,yes,495,0.94,122,24,,,,,0.00415,0.00017,0.9977,0.0018,,,Cheng et al. 2000,391,20,20,yes,,yes,yes,yes,yes,yes
8347,446,ICP-MS U/Th Other,125,,B2-2,calcite,,,945,24,24,,,yes,409,0.57,272,23,,,,,0.00899,0.00022,0.9883,0.0015,,,Cheng et al. 2000,914,33,33,yes,,yes,yes,yes,yes,yes
8348,446,ICP-MS U/Th Other,135,,B2-4,calcite,,,1044,29,29,,,yes,276,0.85,240,21,,,,,0.00991,0.00026,0.9911,0.0048,,,Cheng et al. 2000,1003,41,41,yes,,yes,yes,yes,yes,yes
8349,446,ICP-MS U/Th Other,205,,B2-3,calcite,,,1301,32,32,,,yes,360,0.52,53.8,23,,,,,0.01215,0.00028,0.9856,0.0015,,,Cheng et al. 2000,1294,32,32,yes,,yes,yes,yes,yes,yes
8350,446,ICP-MS U/Th Other,227,,B2-1,calcite,,,1441,69,69,,,yes,212,0.36,0,47,,,,,0.01349,0.00062,0.9928,0.0024,,,Cheng et al. 2000,1442,70,70,yes,,yes,yes,yes,yes,yes
8351,446,ICP-MS U/Th Other,264,,B3-9,calcite,,,2103,46,46,,,yes,352,0.64,117,23,,,,,0.01934,0.0004,0.9893,0.0017,,,Cheng et al. 2000,2088,47,47,yes,,yes,yes,yes,yes,yes
8352,446,ICP-MS U/Th Other,286,,B3-3,calcite,,,2551,22,22,,,yes,252,0.32,172,23,,,,,0.0231,0.00047,0.9801,0.0015,,,Cheng et al. 2000,2519,59,59,yes,,yes,yes,yes,yes,yes
8353,446,ICP-MS U/Th Other,307,,B3-11,calcite,,,2666,135,135,,,yes,352,0.45,297,15,,,,,0.02437,0.00119,0.9912,0.0014,,,Cheng et al. 2000,2627,138,138,yes,,yes,yes,yes,yes,yes
8354,446,ICP-MS U/Th Other,330,,B3-6,calcite,,,3233,55,55,,,yes,173,0.22,55.3,23,,,,,0.02916,0.00047,0.9838,0.0017,,,Cheng et al. 2000,3218,56,56,yes,,yes,yes,yes,yes,yes
8355,446,ICP-MS U/Th Other,339,,B3-13,calcite,,,3637,59,59,,,yes,200,0.39,57,21,,,,,0.03285,0.00051,0.9886,0.0122,,,Cheng et al. 2000,3625,60,60,yes,,yes,yes,yes,yes,yes
8356,446,ICP-MS U/Th Other,396,,B3-10,calcite,,,4138,38,38,,,yes,472,0.59,1060,24,,,,,0.03756,0.00033,0.9975,0.0012,,,Cheng et al. 2000,4034,84,84,yes,,yes,yes,yes,yes,yes
8357,446,ICP-MS U/Th Other,465,,B3-7,calcite,,,4184,46,46,,,yes,301,0.49,207,23,,,,,0.03798,0.0004,0.998,0.0016,,,Cheng et al. 2000,4152,51,51,yes,,yes,yes,yes,yes,yes
8358,446,ICP-MS U/Th Other,488,,B3-5,calcite,,,4267,50,50,,,yes,452,0.53,60.5,23,,,,,0.03855,0.00043,0.994,0.0013,,,Cheng et al. 2000,4260,50,50,yes,,yes,yes,yes,yes,yes
8359,446,ICP-MS U/Th Other,545,,B3-4,calcite,,,4641,86,86,,,yes,165,0.22,40,23,,,,,0.04148,0.00074,0.986,0.0018,,,Cheng et al. 2000,4629,87,87,yes,,yes,yes,yes,yes,yes
8360,446,ICP-MS U/Th Other,598,,B3-12,calcite,,,5171,56,56,,,yes,269,0.3,21.8,15,,,,,0.04675,0.00049,1.0008,0.0012,,,Cheng et al. 2000,5167,57,57,yes,,yes,yes,yes,yes,yes
8361,446,ICP-MS U/Th Other,640,,B3-1,calcite,,,5387,109,109,,,yes,386,0.68,29,45,,,,,0.04806,0.00093,0.9891,0.0021,,,Cheng et al. 2000,5383,109,109,yes,,yes,yes,yes,yes,yes
8362,446,ICP-MS U/Th Other,789,,B4-2,calcite,,,5786,51,51,,,yes,324,0.43,116,23,,,,,0.05078,0.00043,0.9754,0.0013,,,Cheng et al. 2000,5769,53,53,yes,,yes,yes,yes,yes,yes
8363,446,ICP-MS U/Th Other,916,,B4-5T,calcite,,,6367,51,51,,,yes,329,0.73,307,15,,,,,0.05656,0.00042,0.9907,0.0019,,,Cheng et al. 2000,6324,60,60,yes,,yes,yes,yes,yes,yes
8364,446,ICP-MS U/Th Other,985,,B4-1,calcite,,,6571,62,62,,,yes,270,0.35,130,24,,,,,0.05869,0.00053,0.9971,0.0015,,,Cheng et al. 2000,6549,64,64,yes,,yes,yes,yes,yes,yes
8365,446,ICP-MS U/Th Other,1092,,B4-4,calcite,,,7004,38,38,,,yes,474,0.57,64,15,,,,,0.06265,0.00031,1.0011,0.0012,,,Cheng et al. 2000,6998,38,38,yes,,yes,yes,yes,yes,yes
8366,446,ICP-MS U/Th Other,1212,,B5-1,calcite,,,7406,61,61,,,yes,265,0.31,41.3,21,,,,,0.06549,0.00051,0.9919,0.0013,,,Cheng et al. 2000,7399,62,62,yes,,yes,yes,yes,yes,yes
8367,446,ICP-MS U/Th Other,1258,,B5-2,calcite,,,7698,43,43,,,yes,373,0.46,84,13,,,,,0.06741,0.00035,0.9837,0.0013,,,Cheng et al. 2000,7687,44,44,yes,,yes,yes,yes,yes,yes
8368,446,ICP-MS U/Th Other,1412,,B6-3,calcite,,,8076,73,73,,,yes,338,0.51,137,0.22,,,,,0.06968,0.00059,0.9717,0.0016,,,Cheng et al. 2000,8056,74,74,yes,,yes,yes,yes,yes,yes
8369,446,ICP-MS U/Th Other,1482,,B6-4,calcite,,,8201,75,75,,,yes,230,0.3,20.2,23.1,,,,,0.07216,0.00062,0.9913,0.0016,,,Cheng et al. 2000,8197,75,75,yes,,yes,yes,yes,yes,yes
8370,446,ICP-MS U/Th Other,1548,,B6-9T,calcite,,,8496,61,61,,,yes,385,0.97,196,15,,,,,0.07413,0.00048,0.9845,0.0023,,,Cheng et al. 2000,8472,64,64,yes,,yes,yes,yes,yes,yes
8371,446,ICP-MS U/Th Other,1626,,B6-2,calcite,,,8906,72,72,,,yes,289,0.4,101,22,,,,,0.07873,0.0006,0.9996,0.0015,,,Cheng et al. 2000,8890,73,73,yes,,yes,yes,yes,yes,yes
8372,446,ICP-MS U/Th Other,1638,,B6-1,calcite,,,9669,107,107,,,yes,249,0.74,3019,23,,,,,0.08494,0.0008,0.9972,0.0046,,,Cheng et al. 2000,9105,416,416,yes,,yes,yes,yes,yes,yes
8373,446,ICP-MS U/Th Other,1653,,B6-8,calcite,,,9609,62,62,,,yes,309,0.36,439,14,,,,,0.08328,0.0005,0.9837,0.0013,,,Cheng et al. 2000,9542,78,78,yes,,yes,yes,yes,yes,yes
8374,446,ICP-MS U/Th Other,1668,,B6-5,calcite,,,10012,109,109,,,yes,294,0.54,219,24,,,,,0.08664,0.00088,0.9842,0.0018,,,Cheng et al. 2000,9977,112,112,yes,,yes,yes,yes,yes,yes
8375,446,ICP-MS U/Th Other,1691,,B6-7,calcite,,,10465,60,60,,,yes,314,0.39,458,15,,,,,0.09116,0.00048,0.9927,0.0015,,,Cheng et al. 2000,10397,77,77,yes,,yes,yes,yes,yes,yes
8376,446,ICP-MS U/Th Other,1717,,B7-8,calcite,,,10927,116,116,,,yes,372,0.71,217,23,,,,,0.09497,0.00093,0.9929,0.0019,,,Cheng et al. 2000,10890,118,118,yes,,yes,yes,yes,yes,yes
8377,446,ICP-MS U/Th Other,1742,,B7-1,calcite,,,11414,82,82,,,yes,366,0.45,354,23,,,,,0.09879,0.00065,0.9912,0.0013,,,Cheng et al. 2000,11368,88,88,yes,,yes,yes,yes,yes,yes
8378,446,ICP-MS U/Th Other,1763,,B7-9,calcite,,,11751,86,86,,,yes,452,1.25,265,15,,,,,0.10051,0.00086,0.9813,0.0025,,,Cheng et al. 2000,11723,88,88,yes,,yes,yes,yes,yes,yes
8379,446,ICP-MS U/Th Other,1783,,B7-7,calcite,,,12162,80,80,,,yes,428,0.82,117,23,,,,,0.10415,0.00061,0.9844,0.0018,,,Cheng et al. 2000,12149,81,81,yes,,yes,yes,yes,yes,yes
8380,446,ICP-MS U/Th Other,1795,,B7-2,calcite,,,12571,81,81,,,yes,386,0.66,465,22,,,,,0.1061,0.00062,0.9723,0.0016,,,Cheng et al. 2000,12514,91,91,yes,,yes,yes,yes,yes,yes
8381,446,ICP-MS U/Th Other,1812,,B7-3,calcite,,,13005,90,90,,,yes,348,0.59,73.1,23,,,,,0.11069,0.00069,0.9824,0.0016,,,Cheng et al. 2000,12995,90,90,yes,,yes,yes,yes,yes,yes
8382,446,ICP-MS U/Th Other,1833,,B7-6,calcite,,,13172,95,95,,,yes,372,0.62,23.9,24,,,,,0.1135,0.00074,0.9951,0.0016,,,Cheng et al. 2000,13169,95,95,yes,,yes,yes,yes,yes,yes
8383,446,ICP-MS U/Th Other,1844,,B7-4,calcite,,,13170,97,97,,,yes,287,0.49,72.3,22,,,,,0.11427,0.00077,1.0014,0.0017,,,Cheng et al. 2000,13165,98,98,yes,,yes,yes,yes,yes,yes
8384,446,ICP-MS U/Th Other,1869,,B7-5,calcite,,,13653,103,103,,,yes,302,0.88,98.4,23,,,,,0.11682,0.00074,0.9906,0.003,,,Cheng et al. 2000,13638,104,104,yes,,yes,yes,yes,yes,yes
8385,446,ICP-MS U/Th Other,1886,,B8-2,calcite,,,14130,103,103,,,yes,284,0.52,78.1,22,,,,,0.12077,0.00079,0.9917,0.0017,,,Cheng et al. 2000,14117,103,103,yes,,yes,yes,yes,yes,yes
8386,446,ICP-MS U/Th Other,1905,,B8-3,calcite,,,14907,102,102,,,yes,259,0.46,397,23,,,,,0.12732,0.00078,0.9946,0.0018,,,Cheng et al. 2000,14835,114,114,yes,,yes,yes,yes,yes,yes
8387,446,ICP-MS U/Th Other,1921,,B8-4,calcite,,,15552,94,94,,,yes,327,0.52,81.4,23,,,,,0.13317,0.00072,1,0.0015,,,Cheng et al. 2000,15541,95,95,yes,,yes,yes,yes,yes,yes
8388,446,ICP-MS U/Th Other,1935,,B8-1,calcite,,,15983,97,97,,,yes,406,0.55,562,22,,,,,0.13511,0.00074,0.989,0.0014,,,Cheng et al. 2000,15918,108,108,yes,,yes,yes,yes,yes,yes
8389,447,MC-ICP-MS U/Th,1.35,1.1,JAR4-3,aragonite,20,100,20,4,4,,,yes,2122,7.7,329,4,,,0.0003,5e-05,0.00027,0.001,1.028,0.005,,,Cheng et al. 2000,-39,4,4,yes,,yes,yes,,yes,yes
8390,447,MC-ICP-MS U/Th,4.59,1.1,JAR4-6,aragonite,20,100,76,5,5,,,yes,1538.1,2.7,329,7,,,78,6,0.001,0.0001,1.078,0.006,,,Cheng et al. 2000,16,6,6,yes,,yes,yes,,yes,yes
8391,447,MC-ICP-MS U/Th,8.18,1.1,JAR4-10,aragonite,20,100,124,3,3,,,yes,2531.5,7.1,288,6,,,240,8,0.0017,1e-05,1.24,0.008,,,Cheng et al. 2000,65,3,3,yes,,yes,yes,,yes,yes
8392,447,MC-ICP-MS U/Th,11.84,1.1,JAR4-13,aragonite,20,100,117,3,3,,,yes,1891.6,3.6,351,7,,,139,4,0.0016,1e-05,1.139,0.004,,,Cheng et al. 2000,57,4,4,yes,,yes,yes,,yes,yes
8393,447,MC-ICP-MS U/Th,15.21,1.1,JAR4-20,aragonite,20,100,150,3,3,,,yes,2708.2,8.7,730,15,,,121,3,0.002,1e-05,1.121,0.003,,,Cheng et al. 2000,89,5,5,yes,,yes,yes,,yes,yes
8394,447,MC-ICP-MS U/Th,18.4,1.1,JAR4-23,aragonite,20,100,181,4,4,,,yes,1593.3,3,578,12,,,114,4,0.0025,0.0001,1.114,0.004,,,Cheng et al. 2000,118,7,7,yes,,yes,yes,,yes,yes
8395,447,MC-ICP-MS U/Th,21.93,1.1,JAR4-26,aragonite,20,100,194,3,3,,,yes,1517.1,4,159,3,,,420,12,0.0027,1e-05,1.42,0.012,,,Cheng et al. 2000,136,4,4,yes,,yes,yes,,yes,yes
8396,447,MC-ICP-MS U/Th,24.84,1.1,JAR4-31,aragonite,20,100,204,4,4,,,yes,1454.5,2.6,219,5,,,308,9,0.0028,0.0001,1.308,0.009,,,Cheng et al. 2000,145,5,5,yes,,yes,yes,,yes,yes
8397,447,MC-ICP-MS U/Th,29.75,1.1,JAR4-35,aragonite,20,100,228,4,4,,,yes,1571,4,361,7,,,222,6,0.0031,0.0001,1.222,0.006,,,Cheng et al. 2000,168,5,5,yes,,yes,yes,,yes,yes
8398,447,MC-ICP-MS U/Th,33.99,1.1,JAR4-40,aragonite,20,100,240,5,5,,,yes,1488.7,2.9,165,4,,,481,14,0.0032,0.0001,1.481,0.014,,,Cheng et al. 2000,182,5,5,yes,,yes,yes,,yes,yes
8399,447,MC-ICP-MS U/Th,38.96,1.1,JAR4-46,aragonite,20,100,262,3,3,,,yes,1951.3,4.1,157,3,,,703,17,0.0034,1e-05,1.703,0.017,,,Cheng et al. 2000,204,4,4,yes,,yes,yes,,yes,yes
8400,447,MC-ICP-MS U/Th,44.46,1.1,JAR4-52,aragonite,20,100,303,4,4,,,yes,1770.7,3.5,645,13,,,188,4,0.0041,0.0001,1.188,0.004,,,Cheng et al. 2000,239,6,6,yes,,yes,yes,,yes,yes
8401,447,MC-ICP-MS U/Th,51.66,1.1,JAR4-57,aragonite,20,100,335,4,4,,,yes,1762.9,3.4,328,7,,,394,9,0.0044,1e-05,1.394,0.009,,,Cheng et al. 2000,275,4,4,yes,,yes,yes,,yes,yes
8402,447,MC-ICP-MS U/Th,57.01,1.1,JAR4-60,aragonite,20,100,359,3,3,,,yes,1793.2,3.3,96,2,,,1532,38,0.005,1e-05,2.532,0.038,,,Cheng et al. 2000,302,3,3,yes,,yes,yes,,yes,yes
8403,447,MC-ICP-MS U/Th,63.64,1.1,JAR4-64,aragonite,20,100,396,8,8,,,yes,1621.7,4.7,444,4,,,0.005,0.0005,0.00548,0.001,1.33,0.007,,,Cheng et al. 2000,335,8,8,yes,,yes,yes,,yes,yes
8404,447,MC-ICP-MS U/Th,72.98,1.1,JAR4-74,aragonite,20,100,484,3,3,,,yes,1654.1,3,628,13,,,278,6,0.0064,1e-05,1.278,0.006,,,Cheng et al. 2000,420,6,6,yes,,yes,yes,,yes,yes
8405,447,MC-ICP-MS U/Th,82.68,1.1,JAR4-83,aragonite,20,100,530,3,3,,,yes,2024,4.6,101,2,,,2380,53,0.0072,1e-05,3.38,0.053,,,Cheng et al. 2000,473,3,3,yes,,yes,yes,,yes,yes
8406,447,MC-ICP-MS U/Th,91.97,1.1,JAR4-93,aragonite,20,100,607,4,4,,,yes,1377,2.4,195,4,,,966,21,0.0083,0.0001,1.966,0.021,,,Cheng et al. 2000,548,5,5,yes,,yes,yes,,yes,yes
8407,447,MC-ICP-MS U/Th,100.55,1.1,JAR4-101,aragonite,20,100,713,4,4,,,yes,1466.5,2.7,1435,29,,,166,3,0.0099,0.0001,1.166,0.003,,,Cheng et al. 2000,638,14,14,yes,,yes,yes,,yes,yes
8408,447,MC-ICP-MS U/Th,109.58,1.1,JAR4-111,aragonite,20,100,764,4,4,,,yes,1583.4,3.8,1247,25,,,215,4,0.0102,0.0001,1.215,0.004,,,Cheng et al. 2000,692,12,12,yes,,yes,yes,,yes,yes
8409,447,MC-ICP-MS U/Th,117.68,1.1,JAR4-120,aragonite,20,100,821,11,11,,,yes,1420.6,2.9,1105,5,,,0.01,0.005,0.01089,0.001,1.231,0.003,,,Cheng et al. 2000,749,14,14,yes,,yes,yes,,yes,yes
8410,447,MC-ICP-MS U/Th,127.74,1.1,JAR4-133,aragonite,20,100,1080,21,21,,,yes,1334.5,22.2,1624,33,,,189,4,0.014,0.0002,1.189,0.004,,,Cheng et al. 2000,999,27,27,yes,,yes,yes,,yes,yes
8411,448,MC-ICP-MS U/Th,3.2,1.1,JAR1-4,aragonite,20,100,166,7,7,,,yes,968.3,1.3,681,14,,,40,2,0.0017,0.0001,1.114,0.001,,,Cheng et al. 2000,88,15,15,yes,,yes,,,yes,
8412,448,MC-ICP-MS U/Th,17.6,1.1,JAR1-17,aragonite,20,100,247,5,5,,,yes,1066,2,209,4,,,211,6,0.0025,0.0001,1.111,0.002,,,Cheng et al. 2000,182,7,7,yes,,yes,,,yes,
8413,448,MC-ICP-MS U/Th,26.1,1.1,JAR1-33,aragonite,20,100,374,4,4,,,yes,1467,4.9,390,8,,,238,5,0.0038,1e-05,1.118,0.002,,,Cheng et al. 2000,307,6,6,yes,,yes,,,yes,
8414,448,MC-ICP-MS U/Th,49.6,1.1,JAR1-46,aragonite,20,100,471,7,7,,,yes,850,2,221,5,,,305,8,0.0048,0.0001,1.118,0.002,,,Cheng et al. 2000,405,9,9,yes,,yes,,,yes,
8415,448,MC-ICP-MS U/Th,54.6,1.1,JAR1-58,aragonite,20,100,558,11,11,,,yes,792.8,2.1,253,5,,,298,8,0.0058,0.0001,1.129,0.002,,,Cheng et al. 2000,490,12,12,yes,,yes,,,yes,
8416,448,MC-ICP-MS U/Th,69.6,1.1,JAR1-71,aragonite,20,100,639,12,12,,,yes,800,8,161,3,,,538,13,0.0066,0.0001,1.123,0.012,,,Cheng et al. 2000,574,13,13,yes,,yes,,,yes,
8417,448,MC-ICP-MS U/Th,84.1,1.1,JAR1-86,aragonite,20,100,754,7,7,,,yes,964.9,2.3,450,9,,,274,6,0.0078,0.0001,1.125,0.002,,,Cheng et al. 2000,682,11,11,yes,,yes,,,yes,
8418,448,MC-ICP-MS U/Th,89.6,1.1,JAR1-98,aragonite,20,100,869,11,11,,,yes,780,1,878,18,,,131,3,0.0089,0.0001,1.125,0.002,,,Cheng et al. 2000,780,23,23,yes,,yes,,,yes,
8419,448,MC-ICP-MS U/Th,110.1,1.1,JAR1-113,aragonite,20,100,816,18,18,,,no,903,2,540,14,,,231,8,0.0084,0.0002,1.125,0.002,,,Cheng et al. 2000,741,21,21,no,,no,,,no,
8420,448,MC-ICP-MS U/Th,116.1,1.1,JAR1-120,aragonite,20,100,1071,13,13,,,yes,559.5,0.7,1120,22,,,91,2,0.0111,0.0001,1.132,0.001,,,Cheng et al. 2000,959,39,39,yes,,yes,,,yes,
8421,448,MC-ICP-MS U/Th,156.6,1.1,JAR1-161,aragonite,20,100,1133,10,10,,,yes,761,1,232,5,,,637,14,0.0118,0.0001,1.137,0.002,,,Cheng et al. 2000,1065,12,12,yes,,yes,,,yes,
8422,448,MC-ICP-MS U/Th,173.6,1.1,JAR1-177,aragonite,20,100,1283,10,10,,,yes,580.1,1.3,419,8,,,303,7,0.0133,0.0001,1.135,0.002,,,Cheng et al. 2000,1204,17,17,yes,,yes,,,yes,
8423,448,MC-ICP-MS U/Th,194.1,1.1,JAR1-198,aragonite,20,100,1353,10,10,,,yes,882,2,496,10,,,409,9,0.0139,0.0001,1.129,0.002,,,Cheng et al. 2000,1279,14,14,yes,,yes,,,yes,
8424,448,MC-ICP-MS U/Th,206.6,1.1,JAR1-221,aragonite,20,100,1470,8,8,,,yes,966,2,991,20,,,243,5,0.0151,0.0001,1.128,0.002,,,Cheng et al. 2000,1384,21,21,yes,,yes,,,yes,
8425,448,MC-ICP-MS U/Th,223.6,1.1,JAR1-227,aragonite,20,100,1543,11,11,,,yes,685,1,732,15,,,245,5,0.0159,0.0001,1.131,0.002,,,Cheng et al. 2000,1456,23,23,yes,,yes,,,yes,
8812,475,MC-ICP-MS U/Th,858.5,,5-13,calcite,,,8126,44,44,,,yes,586.3,0.8,570,5,,,,,0.06679,0.00033,0.9285,0.0017,,,Cheng et al. 2000,8018,56,56,yes,yes,yes,,yes,,yes
8813,475,MC-ICP-MS U/Th,859,,5-6,calcite,,,8046,61,61,,,yes,545.6,0.7,200,10,,,,,0.06594,0.00048,0.9255,0.0012,,,Cheng et al. 2000,7970,63,63,yes,yes,yes,,yes,,yes
8814,475,MC-ICP-MS U/Th,865.1,,5-5,calcite,,,8209,66,66,,,yes,615.3,0.8,590,10,,,,,0.06705,0.00051,0.9229,0.0012,,,Cheng et al. 2000,8101,75,75,yes,yes,yes,,yes,,yes
8815,475,MC-ICP-MS U/Th,865.5,,17n,calcite,,,8201,20,20,,,yes,752.3,0.1,689,5,,,,,0.06703,0.00015,0.9235,0.0007,,,Cheng et al. 2000,8096,32,32,yes,yes,yes,,yes,,yes
8816,475,MC-ICP-MS U/Th,871.2,,5-4,calcite,,,8265,91,91,,,yes,516.2,0.8,340,10,,,,,0.06747,0.00071,0.9227,0.0014,,,Cheng et al. 2000,8174,94,94,yes,yes,yes,,yes,,yes
8817,475,MC-ICP-MS U/Th,876.5,,5-7,calcite,,,8314,50,50,,,yes,490.1,0.6,329,6,,,,,0.06797,0.00039,0.9242,0.0012,,,Cheng et al. 2000,8222,56,56,yes,yes,yes,,yes,,yes
8818,475,MC-ICP-MS U/Th,876.5,,5-8,calcite,,,8300,53,53,,,yes,610.6,0.7,394,6,,,,,0.06756,0.00041,0.9201,0.0012,,,Cheng et al. 2000,8209,58,58,yes,yes,yes,,yes,,yes
8819,475,MC-ICP-MS U/Th,879.5,,15n,calcite,,,8334,22,22,,,yes,690.7,0.1,538,5,,,,,0.06816,0.00015,0.9247,0.0013,,,Cheng et al. 2000,8236,31,31,yes,yes,yes,,yes,,yes
8820,475,MC-ICP-MS U/Th,880.5,,5-3,calcite,,,8320,63,63,,,yes,601.8,0.8,290,10,,,,,0.06771,0.00048,0.9199,0.0012,,,Cheng et al. 2000,8239,65,65,yes,yes,yes,,yes,,yes
8821,475,MC-ICP-MS U/Th,881.5,,5-2,calcite,,,8360,63,63,,,yes,495.7,0.7,460,10,,,,,0.06847,0.00049,0.9261,0.0012,,,Cheng et al. 2000,8254,71,71,yes,yes,yes,,yes,,yes
8822,475,MC-ICP-MS U/Th,882.5,,5-1,calcite,,,8365,68,68,,,yes,563.9,0.8,470,10,,,,,0.06795,0.00052,0.9184,0.0013,,,Cheng et al. 2000,8264,74,74,yes,yes,yes,,yes,,yes
8823,475,MC-ICP-MS U/Th,882.5,,5-11,calcite,,,8420,48,48,,,yes,546.3,0.6,623,5,,,,,0.06881,0.00037,0.9243,0.0014,,,Cheng et al. 2000,8302,63,63,yes,yes,yes,,yes,,yes
8951,482,MC-ICP-MS U/Th,1,,1,calcite,,,11220,60,60,,,yes,478.2,0.6,4720,40,,,58.12069528,0.555293267,0.1875,0.001,1.8969,0.0017,0.814430125,0.407215062,Cheng et al. 2000,11100,100,100,yes,,yes,yes,,yes,
8952,482,MC-ICP-MS U/Th,11,,11,calcite,,,13540,80,80,,,yes,1239,3,860,50,,,943.9985539,55.5293267,0.2159,0.0012,1.8279,0.0026,0.814430125,0.407215062,Cheng et al. 2000,13500,100,100,yes,,yes,yes,,yes,
8953,482,MC-ICP-MS U/Th,91,,91,calcite,,,15200,100,100,,,yes,1186,3,190,50,,,4630,129.568429,0.2377,0.0014,1.8114,0.0035,0.814430125,0.407215062,Cheng et al. 2000,15100,100,100,yes,,yes,yes,,yes,
8954,482,MC-ICP-MS U/Th,135,,135,calcite,,,17900,100,100,,,yes,1102,3,7410,50,,,124.2005941,1.110586534,0.2736,0.0015,1.789,0.0033,0.814430125,0.407215062,Cheng et al. 2000,17700,100,100,yes,,yes,yes,,yes,
8955,483,MC-ICP-MS U/Th,1,,1,calcite,,,2110,20,20,,,yes,309.3,0.4,360,30,,,105.5057207,9.254887784,0.0393,0.0004,2.0042,0.0026,0.814430125,0.407215062,Cheng et al. 2000,2090,20,20,,,,,,,
8956,483,MC-ICP-MS U/Th,17,,17,calcite,,,2830,40,40,,,yes,743,3,710,40,,,166.5879801,9.254887784,0.0523,0.0008,2.0034,0.0062,0.814430125,0.407215062,Cheng et al. 2000,2810,40,40,,,,,,,
8957,483,MC-ICP-MS U/Th,20,,20,calcite,,,3560,40,40,,,yes,896,2,340,40,,,536.7834915,55.5293267,0.065,0.0006,1.9938,0.0039,0.814430125,0.407215062,Cheng et al. 2000,3550,40,40,,,,,,,
8958,483,MC-ICP-MS U/Th,26,,26,calcite,,,4810,40,40,,,yes,708,2,320,30,,,573.8030426,55.5293267,0.0872,0.0007,1.9957,0.0036,0.814430125,0.407215062,Cheng et al. 2000,4800,40,40,,,,,,,
8959,483,MC-ICP-MS U/Th,47,,47,calcite,,,6580,50,50,,,yes,839,2,390,30,,,758.9007983,55.5293267,0.1172,0.0008,1.9798,0.003,0.814430125,0.407215062,Cheng et al. 2000,6570,50,50,,,,,,,
8960,483,MC-ICP-MS U/Th,81,,81,calcite,,,7840,60,60,,,yes,912,2,300,40,,,1300,185,0.1385,0.0011,1.9763,0.0032,0.814430125,0.407215062,Cheng et al. 2000,7830,60,60,,,,,,,
8961,483,MC-ICP-MS U/Th,88,,88,calcite,,,7980,60,60,,,yes,910,2,250,30,,,1480,185,0.1407,0.0009,1.9731,0.0031,0.814430125,0.407215062,Cheng et al. 2000,7970,60,60,,,,,,,
8962,483,MC-ICP-MS U/Th,112,,112,calcite,,,8490,60,60,,,yes,1071,2,200,40,,,2590,555,0.1511,0.001,1.9959,0.0033,0.814430125,0.407215062,Cheng et al. 2000,8490,60,60,,,,,,,
8963,483,MC-ICP-MS U/Th,136,,136,calcite,,,8800,60,60,,,yes,1251,3,850,60,,,703.3714716,55.5293267,0.1557,0.001,1.9863,0.0031,0.814430125,0.407215062,Cheng et al. 2000,8790,60,60,,,,,,,
8964,483,MC-ICP-MS U/Th,155,,155,calcite,,,9250,60,60,,,yes,1254,3,470,20,,,1332.703841,55.5293267,0.1638,0.001,1.9919,0.0028,0.814430125,0.407215062,Cheng et al. 2000,9250,60,60,,,,,,,
8965,483,MC-ICP-MS U/Th,177,,177,calcite,,,9640,70,70,,,yes,835,2,130,40,,,3520,1110,0.1693,0.0011,1.9804,0.0035,0.814430125,0.407215062,Cheng et al. 2000,9630,70,70,,,,,,,
8966,483,MC-ICP-MS U/Th,190,,190,calcite,,,9820,60,60,,,yes,1430,3,390,30,,,1943.526435,129.568429,0.1732,0.0009,1.9885,0.0024,0.814430125,0.407215062,Cheng et al. 2000,9820,60,60,,,,,,,
8967,483,MC-ICP-MS U/Th,205,,205,calcite,,,10150,70,70,,,yes,1229,2,600,50,,,1129.09631,92.54887784,0.179,0.0012,1.9926,0.0027,0.814430125,0.407215062,Cheng et al. 2000,10140,70,70,,,,,,,
8968,483,MC-ICP-MS U/Th,266,,266,calcite,,,11550,80,80,,,yes,938,2,1210,40,,,479.4031872,14.80782045,0.2023,0.0012,1.9907,0.0034,0.814430125,0.407215062,Cheng et al. 2000,11530,80,80,,,,,,,
8969,484,MC-ICP-MS U/Th,16,,16,calcite,,,129300,700,700,,,yes,607,1,1640,20,,,1340.107751,12.9568429,1.1826,0.0034,1.9557,0.0028,0.814430125,0.407215062,Cheng et al. 2000,129300,700,700,yes,,yes,yes,,yes,yes
8970,484,MC-ICP-MS U/Th,38,,38,calcite,,,130200,800,800,,,yes,449,1,1510,30,,,1073.566983,18.50977557,1.185,0.0038,1.9567,0.0056,0.814430125,0.407215062,Cheng et al. 2000,130200,800,800,yes,,yes,yes,,yes,yes
8971,484,MC-ICP-MS U/Th,63,,63,calcite,,,131100,1600,1600,,,yes,631,2,1520,70,,,1517.801597,74.03910227,1.1945,0.0075,1.9547,0.0049,0.814430125,0.407215062,Cheng et al. 2000,131100,1600,1600,yes,,yes,yes,,yes,yes
8972,484,MC-ICP-MS U/Th,87,,87,calcite,,,136400,900,900,,,yes,435,1,1070,30,,,1517.801597,37.01955113,1.2184,0.0039,1.9479,0.0065,0.814430125,0.407215062,Cheng et al. 2000,136400,900,900,yes,,yes,yes,,yes,yes
8973,484,MC-ICP-MS U/Th,106,,106,calcite,,,138900,1600,1600,,,yes,574,2,400,50,,,5370,740,1.2316,0.0067,1.9605,0.0024,0.814430125,0.407215062,Cheng et al. 2000,138900,1600,1600,yes,,yes,yes,,yes,yes
8974,484,MC-ICP-MS U/Th,118,,118,calcite,,,139100,1300,1300,,,yes,483,1,1010,30,,,1813.958006,55.5293267,1.2345,0.0053,1.7893,0.0021,0.814430125,0.407215062,Cheng et al. 2000,139100,1300,1300,yes,,yes,yes,,yes,yes
8975,484,MC-ICP-MS U/Th,205,,205,calcite,,,152500,1500,1500,,,yes,440,1,1330,20,,,1277.174514,18.50977557,1.2617,0.0053,1.7711,0.0031,0.814430125,0.407215062,Cheng et al. 2000,152500,1500,1500,yes,,yes,yes,,yes,yes
8976,484,MC-ICP-MS U/Th,245,,245,calcite,,,161200,1300,1300,,,yes,481,1,1760,20,,,1086.523826,12.9568429,1.3009,0.0047,1.7677,0.0028,0.814430125,0.407215062,Cheng et al. 2000,161100,1300,1300,yes,,yes,yes,,yes,yes
8977,484,MC-ICP-MS U/Th,254,,254,calcite,,,165000,1400,1400,,,yes,280.8,0.5,5100,30,,,220.451427,1.480782045,1.3105,0.0046,1.7845,0.0017,0.814430125,0.407215062,Cheng et al. 2000,164700,1400,1400,yes,,yes,yes,,yes,yes
8978,484,MC-ICP-MS U/Th,265,,265,calcite,,,167500,1400,1400,,,yes,416.9,0.8,1140,20,,,1462.27227,37.01955113,1.3012,0.0045,1.7619,0.0021,0.814430125,0.407215062,Cheng et al. 2000,167500,1400,1400,yes,,yes,yes,,yes,yes
8979,484,MC-ICP-MS U/Th,305,,305,calcite,,,174100,2200,2200,,,yes,399,1,1740,20,,,921.7868233,9.254887784,1.3131,0.0064,1.7528,0.0017,0.814430125,0.407215062,Cheng et al. 2000,174000,2200,2200,yes,,yes,yes,,yes,yes
8980,484,MC-ICP-MS U/Th,325,,325,calcite,,,177100,1600,1600,,,yes,433.8,0.9,1250,20,,,1388.233168,18.50977557,1.3136,0.0048,2.004,0.0071,0.814430125,0.407215062,Cheng et al. 2000,177100,1600,1600,yes,,yes,yes,,yes,yes
8981,484,MC-ICP-MS U/Th,354,,354,calcite,,,179000,1400,1400,,,yes,499.6,0.7,1330,20,,,1517.801597,18.50977557,1.3159,0.0044,1.9977,0.0035,0.814430125,0.407215062,Cheng et al. 2000,178900,1400,1400,yes,,yes,yes,,yes,yes
8982,484,MC-ICP-MS U/Th,383,,383,calcite,,,184500,2200,2200,,,yes,570,1,930,20,,,2498.819702,55.5293267,1.3308,0.0061,1.9887,0.0032,0.814430125,0.407215062,Cheng et al. 2000,184500,2200,2200,yes,,yes,yes,,yes,yes
8983,484,MC-ICP-MS U/Th,405,,405,calcite,,,187600,2500,2500,,,yes,490,1,1370,20,,,1464.123247,18.50977557,1.3353,0.0066,1.8406,0.0026,0.814430125,0.407215062,Cheng et al. 2000,187500,2500,2500,yes,,yes,yes,,yes,yes
8984,484,MC-ICP-MS U/Th,465,,465,calcite,,,196200,2700,2700,,,yes,316.9,0.8,6710,30,,,196.5738165,1.110586534,1.3619,0.0067,1.9758,0.0026,0.814430125,0.407215062,Cheng et al. 2000,195900,2700,2700,yes,,yes,yes,,yes,yes
8985,484,MC-ICP-MS U/Th,567,,567,calcite,,,199400,1700,1700,,,yes,259.9,0.4,680,20,,,1573.330923,37.01955113,1.3466,0.0038,1.9921,0.003,0.814430125,0.407215062,Cheng et al. 2000,199400,1700,1700,yes,,yes,yes,,yes,yes
8986,484,MC-ICP-MS U/Th,607,,607,calcite,,,204900,1700,1700,,,yes,387.6,0.6,750,20,,,2165.643741,37.01955113,1.3699,0.0038,1.8544,0.0034,0.814430125,0.407215062,Cheng et al. 2000,204900,1700,1700,yes,,yes,yes,,yes,yes
8987,484,MC-ICP-MS U/Th,615,,615,calcite,,,210100,1800,1800,,,yes,565.4,0.7,2050,20,,,1147.606085,9.254887784,1.3591,0.0043,1.9,0.021,0.814430125,0.407215062,Cheng et al. 2000,210000,1800,1800,yes,,yes,yes,,yes,yes
8988,484,MC-ICP-MS U/Th,618,,618,calcite,,,214800,2200,2200,,,yes,499,0.8,460,30,,,4590.424341,370,1.3769,0.0048,1.8281,0.0024,0.814430125,0.407215062,Cheng et al. 2000,214800,2200,2200,yes,,yes,yes,,yes,yes
8989,484,MC-ICP-MS U/Th,628,,628,calcite,,,216700,2100,2100,,,yes,277.6,0.4,580,10,,,2040,370,1.3779,0.0041,1.6993,0.0035,0.814430125,0.407215062,Cheng et al. 2000,216700,2100,2100,yes,,yes,yes,,yes,yes
8990,484,MC-ICP-MS U/Th,675,,675,calcite,,,217300,2200,2200,,,yes,286.7,0.5,610,20,,,1962.03621,55.5293267,1.3626,0.0042,1.5557,0.0037,0.814430125,0.407215062,Cheng et al. 2000,217200,2200,2200,yes,,yes,yes,,yes,yes
8991,484,MC-ICP-MS U/Th,725,,725,calcite,,,224500,1800,1800,,,yes,355,0.4,1350,20,,,1082.821871,12.9568429,1.3511,0.0035,1.5502,0.0027,0.814430125,0.407215062,Cheng et al. 2000,224400,1800,1800,yes,,yes,yes,,yes,yes
8992,485,MC-ICP-MS U/Th,16,,16,calcite,,,56700,500,500,,,yes,440,1,300,80,,,3700,925,0.9075,0.0054,1.5949,0.0044,0.814430125,0.407215062,Cheng et al. 2000,56600,500,500,yes,,yes,yes,yes,yes,
8993,485,MC-ICP-MS U/Th,20,,20,calcite,,,57100,400,400,,,yes,429,1,1860,40,,,703.3714716,14.80782045,0.9985,0.005,1.4821,0.0049,0.814430125,0.407215062,Cheng et al. 2000,57000,400,400,yes,,yes,yes,yes,yes,
8994,485,MC-ICP-MS U/Th,34,,34,calcite,,,57400,400,400,,,yes,604,1,660,60,,,2410,185,0.8786,0.0047,1.4808,0.003,0.814430125,0.407215062,Cheng et al. 2000,57300,400,400,yes,,yes,yes,yes,yes,
8995,485,MC-ICP-MS U/Th,77,,77,calcite,,,60000,600,600,,,yes,294,1,790,60,,,1240.154963,92.54887784,1.0782,0.0071,1.4584,0.0036,0.814430125,0.407215062,Cheng et al. 2000,59900,600,600,yes,,yes,yes,yes,yes,
8996,485,MC-ICP-MS U/Th,107,,107,calcite,,,70000,600,600,,,yes,435,1,250,80,,,5550,1850,1.04,0.0062,1.465,0.0026,0.814430125,0.407215062,Cheng et al. 2000,70000,600,600,yes,,yes,yes,yes,yes,
8997,485,MC-ICP-MS U/Th,146,,146,calcite,,,71500,400,400,,,yes,413,1,550,20,,,2369.251273,74.03910227,1.0383,0.004,1.4784,0.0023,0.814430125,0.407215062,Cheng et al. 2000,71400,400,400,yes,,yes,yes,yes,yes,
8998,485,MC-ICP-MS U/Th,173,,173,calcite,,,72800,400,400,,,yes,551,1,480,20,,,3646.425787,129.568429,1.0457,0.0039,1.4727,0.0045,0.814430125,0.407215062,Cheng et al. 2000,72700,400,400,yes,,yes,yes,yes,yes,
8999,485,MC-ICP-MS U/Th,217,,217,calcite,,,74700,600,600,,,yes,613,1,770,400,,,2535.839253,148.0782045,1.0468,0.0055,1.5113,0.0048,0.814430125,0.407215062,Cheng et al. 2000,74700,600,600,yes,,yes,yes,yes,yes,
9000,485,MC-ICP-MS U/Th,237,,237,calcite,,,77100,700,700,,,yes,460,1,410,40,,,3700,370,1.0935,0.0072,1.6167,0.0037,0.814430125,0.407215062,Cheng et al. 2000,77100,700,700,yes,,yes,yes,yes,yes,
9001,485,MC-ICP-MS U/Th,257,,257,calcite,,,78800,800,800,,,yes,523,2,70,80,,,18500,1850,1.0387,0.0064,1.5186,0.002,0.814430125,0.407215062,Cheng et al. 2000,78800,800,800,yes,,yes,yes,yes,yes,
9002,485,MC-ICP-MS U/Th,260,,260,calcite,,,84400,700,700,,,yes,505,1,100,60,,,18500,11100,1.1664,0.0061,1.6044,0.002,0.814430125,0.407215062,Cheng et al. 2000,84300,700,700,yes,,yes,yes,yes,yes,
9003,485,MC-ICP-MS U/Th,306,,306,calcite,,,85800,700,700,,,yes,735,2,1630,50,,,1573.330923,55.5293267,1.1346,0.0062,1.6012,0.002,0.814430125,0.407215062,Cheng et al. 2000,85700,700,700,yes,,yes,yes,yes,yes,
9004,485,MC-ICP-MS U/Th,314,,314,calcite,,,88100,500,500,,,yes,449,1,940,20,,,1721.409128,37.01955113,1.1833,0.0043,1.607,0.0042,0.814430125,0.407215062,Cheng et al. 2000,88000,500,500,yes,,yes,yes,yes,yes,
9005,485,MC-ICP-MS U/Th,341,,341,calcite,,,91400,800,800,,,yes,523,1,450,40,,,4070,370,1.1771,0.0069,1.6036,0.0021,0.814430125,0.407215062,Cheng et al. 2000,91300,800,800,yes,,yes,yes,yes,yes,
9006,485,MC-ICP-MS U/Th,356,,356,calcite,,,92300,500,500,,,yes,525,1,770,10,,,2554.349028,55.5293267,1.2215,0.0044,1.6046,0.0048,0.814430125,0.407215062,Cheng et al. 2000,92200,500,500,yes,,yes,yes,yes,yes,
9007,485,MC-ICP-MS U/Th,366,,366,calcite,,,94100,600,600,,,yes,541,1,290,20,,,6850,555,1.2055,0.005,1.607,0.0043,0.814430125,0.407215062,Cheng et al. 2000,94000,600,600,yes,,yes,yes,yes,yes,
9008,485,MC-ICP-MS U/Th,381,,381,calcite,,,95000,800,800,,,yes,502,1,230,70,,,7400,1850,1.1911,0.0059,1.5682,0.0041,0.814430125,0.407215062,Cheng et al. 2000,94900,800,800,yes,,yes,yes,yes,yes,
9009,485,MC-ICP-MS U/Th,384,,384,calcite,,,98700,1100,1100,,,yes,270,1,1640,60,,,629.3323693,18.50977557,1.2373,0.0073,1.5723,0.0025,0.814430125,0.407215062,Cheng et al. 2000,98600,1100,1100,yes,,yes,yes,yes,yes,
9010,486,MC-ICP-MS U/Th,79,,79,calcite,,,99200,900,900,,,yes,614,2,12760,60,,,157.3330923,1.110586534,1.0692,0.0058,1.5664,0.0031,0.814430125,0.407215062,Cheng et al. 2000,98900,900,900,yes,,yes,yes,,yes,yes
9011,486,MC-ICP-MS U/Th,88,,88,calcite,,,100200,1300,1300,,,yes,510,1,1650,60,,,925,37.01955113,0.9782,0.0077,1.5463,0.0029,0.814430125,0.407215062,Cheng et al. 2000,100100,1300,1300,yes,,yes,yes,,yes,yes
9012,486,MC-ICP-MS U/Th,126,,126,calcite,,,105500,800,800,,,yes,586,1,650,40,,,2410,148.0782045,1.0072,0.0045,1.5342,0.0039,0.814430125,0.407215062,Cheng et al. 2000,105400,800,800,yes,,yes,yes,,yes,yes
9013,486,MC-ICP-MS U/Th,156,,156,calcite,,,108900,1100,1100,,,yes,821,3,600,50,,,4440,370,1.0602,0.006,1.524,0.0027,0.814430125,0.407215062,Cheng et al. 2000,108900,1100,1100,yes,,yes,yes,,yes,yes
9014,486,MC-ICP-MS U/Th,178,,178,calcite,,,110900,2000,2000,,,yes,1014,4,1270,50,,,2410,92.54887784,0.9896,0.0103,1.5199,0.0018,0.814430125,0.407215062,Cheng et al. 2000,110800,2000,2000,yes,,yes,yes,,yes,yes
9015,486,MC-ICP-MS U/Th,203,,203,calcite,,,113500,1000,1000,,,yes,856,2,1090,40,,,2424.780599,92.54887784,1.0029,0.0046,1.517,0.0031,0.814430125,0.407215062,Cheng et al. 2000,113400,1000,1000,yes,,yes,yes,,yes,yes
9016,486,MC-ICP-MS U/Th,228,,228,calcite,,,116800,1100,1100,,,yes,1091,3,1680,60,,,1999.055761,74.03910227,1.0039,0.0052,1.5119,0.0038,0.814430125,0.407215062,Cheng et al. 2000,116800,1100,1100,yes,,yes,yes,,yes,yes
9017,486,MC-ICP-MS U/Th,244,,244,calcite,,,119500,1300,1300,,,yes,891,2,1540,60,,,1813.958006,74.03910227,1.0222,0.0062,1.5128,0.0038,0.814430125,0.407215062,Cheng et al. 2000,119400,1300,1300,yes,,yes,yes,,yes,yes
9018,486,MC-ICP-MS U/Th,261,,261,calcite,,,121700,1000,1000,,,yes,737,2,2260,30,,,1040.249387,12.9568429,1.0437,0.0045,1.4893,0.0025,0.814430125,0.407215062,Cheng et al. 2000,121600,1000,1000,yes,,yes,yes,,yes,yes
9019,486,MC-ICP-MS U/Th,314,,314,calcite,,,122200,1400,1400,,,yes,954,3,5507,50,,,5550,370,1.042,0.0062,1.4975,0.0024,0.814430125,0.407215062,Cheng et al. 2000,122200,1400,1400,yes,,yes,yes,,yes,yes
9020,486,MC-ICP-MS U/Th,358,,358,calcite,,,124400,1500,1500,,,yes,745,3,1250,50,,,1980.545986,74.03910227,1.0833,0.0066,1.4747,0.0016,0.814430125,0.407215062,Cheng et al. 2000,124400,1500,1500,yes,,yes,yes,,yes,yes
9021,486,MC-ICP-MS U/Th,380,,380,calcite,,,126200,1500,1500,,,yes,1232,4,1390,60,,,3183.681398,129.568429,1.1762,0.0073,1.4805,0.0022,0.814430125,0.407215062,Cheng et al. 2000,126200,1500,1500,yes,,yes,yes,,yes,yes
9022,486,MC-ICP-MS U/Th,400,,400,calcite,,,127300,1000,1000,,,yes,737,2,4350,30,,,571.952065,3.701955113,1.1036,0.0048,1.4773,0.0024,0.814430125,0.407215062,Cheng et al. 2000,127200,1000,1000,yes,,yes,yes,,yes,yes
9023,487,MC-ICP-MS U/Th,73,,73,calcite,,,155600,2500,2500,,,yes,393,1,3300,40,,,608.9716162,9.254887784,1.67,0.0126,1.4619,0.0028,0.814430125,0.407215062,Cheng et al. 2000,155500,2500,2500,,,yes,,,,yes
9024,487,MC-ICP-MS U/Th,114,,114,calcite,,,162500,1600,1600,,,yes,331,1,8370,50,,,205.8287043,1.480782045,1.702,0.008,1.4365,0.0015,0.814430125,0.407215062,Cheng et al. 2000,162200,1600,1600,,,yes,,,,yes
9025,487,MC-ICP-MS U/Th,125,,125,calcite,,,166600,1400,1400,,,yes,224,0.3,2050,30,,,571.952065,9.254887784,1.7151,0.0063,1.7708,0.0033,0.814430125,0.407215062,Cheng et al. 2000,166500,1400,1400,,,yes,,,,yes
9026,487,MC-ICP-MS U/Th,152,,152,calcite,,,172900,1500,1500,,,yes,294.3,0.4,5760,20,,,250.4372634,1.29568429,1.6041,0.0061,1.817,0.0032,0.814430125,0.407215062,Cheng et al. 2000,172700,1500,1500,,,yes,,,,yes
9027,487,MC-ICP-MS U/Th,155,,155,calcite,,,182500,1600,1600,,,yes,311.7,0.4,3540,20,,,477.5522096,3.701955113,1.7791,0.0065,1.8288,0.0037,0.814430125,0.407215062,Cheng et al. 2000,182400,1600,1600,,,yes,,,,yes
9028,487,MC-ICP-MS U/Th,160,,160,calcite,,,184900,1900,1900,,,yes,385.8,0.7,2900,30,,,732.9871125,9.254887784,1.8063,0.008,1.8118,0.004,0.814430125,0.407215062,Cheng et al. 2000,184800,1900,1900,,,yes,,,,yes
9029,487,MC-ICP-MS U/Th,259,,259,calcite,,,191900,1800,1800,,,yes,254.8,0.5,2080,30,,,634.885302,9.254887784,1.6968,0.0061,1.8121,0.0041,0.814430125,0.407215062,Cheng et al. 2000,191800,1800,1800,,,yes,,,,yes
9030,487,MC-ICP-MS U/Th,264,,264,calcite,,,203700,8000,8000,,,yes,252,2,630,80,,,2220,370,1.7889,0.0189,2.0479,0.0026,0.814430125,0.407215062,Cheng et al. 2000,203700,8000,8000,,,yes,,,,yes
9031,487,MC-ICP-MS U/Th,336,,336,calcite,,,209500,2200,2200,,,yes,362.5,0.6,6830,40,,,281.3485886,1.850977557,1.7332,0.0067,2.0964,0.0049,0.814430125,0.407215062,Cheng et al. 2000,209300,2200,2200,,,yes,,,,yes
9032,488,MC-ICP-MS U/Th,17,,17,calcite,,,78100,900,900,,,yes,394,2,450,60,,,2780,370,1.015,0.0067,2.1202,0.0024,0.814430125,0.407215062,Cheng et al. 2000,78000,900,900,yes,,yes,,,yes,
9033,488,MC-ICP-MS U/Th,48,,48,calcite,,,79200,500,500,,,yes,639,1,230,20,,,8330,740,0.9849,0.004,1.9851,0.0042,0.814430125,0.407215062,Cheng et al. 2000,79100,500,500,yes,,yes,,,yes,
9034,488,MC-ICP-MS U/Th,92,,92,calcite,,,82900,500,500,,,yes,472,1,110,20,,,14100,1850,1.0251,0.004,1.9729,0.0043,0.814430125,0.407215062,Cheng et al. 2000,82900,500,500,yes,,yes,,,yes,
9035,488,MC-ICP-MS U/Th,155,,155,calcite,,,87000,600,600,,,yes,401,1,1000,20,,,1388.233168,37.01955113,1.139,0.005,2.0649,0.005,0.814430125,0.407215062,Cheng et al. 2000,87000,600,600,yes,,yes,,,yes,
9036,488,MC-ICP-MS U/Th,168,,168,calcite,,,90500,600,600,,,yes,363.2,0.5,1010,20,,,1351.213616,37.01955113,1.2218,0.0053,1.8296,0.0032,0.814430125,0.407215062,Cheng et al. 2000,90500,600,600,yes,,yes,,,yes,
9037,489,MC-ICP-MS U/Th,1,,1,calcite,,,127100,900,900,,,yes,626,1,3720,30,,,679.3087633,5.55293267,1.3192,0.0052,1.8477,0.0028,0.814430125,0.407215062,Cheng et al. 2000,127000,900,900,yes,yes,yes,yes,,yes,yes
9038,489,MC-ICP-MS U/Th,295,,295,calcite,,,129000,1200,1200,,,yes,883,2,360,50,,,10000,1480,1.3162,0.0064,1.8279,0.0031,0.814430125,0.407215062,Cheng et al. 2000,129000,1200,1200,yes,yes,yes,yes,,yes,yes
9039,489,MC-ICP-MS U/Th,348,,348,calcite,,,129500,1200,1200,,,yes,1004,2,160,40,,,25900,7400,1.3161,0.0066,1.9111,0.003,0.814430125,0.407215062,Cheng et al. 2000,129500,1200,1200,yes,yes,yes,yes,,yes,yes
9040,489,MC-ICP-MS U/Th,389,,389,calcite,,,129600,900,900,,,yes,833,1,150,20,,,24100,3700,1.3301,0.0049,1.7682,0.0032,0.814430125,0.407215062,Cheng et al. 2000,129600,900,900,yes,yes,yes,yes,,yes,yes
9041,489,MC-ICP-MS U/Th,420,,420,calcite,,,130300,1000,1000,,,yes,918,2,480,30,,,7770,555,1.3164,0.0058,1.9339,0.0034,0.814430125,0.407215062,Cheng et al. 2000,130300,1000,1000,yes,yes,yes,yes,,yes,yes
9042,489,MC-ICP-MS U/Th,469,,469,calcite,,,132600,800,800,,,yes,893,1,3220,10,,,1129.09631,5.55293267,1.3219,0.0042,1.7987,0.0026,0.814430125,0.407215062,Cheng et al. 2000,132500,800,800,yes,yes,yes,yes,,yes,yes
9043,490,MC-ICP-MS U/Th,1,,1,calcite,,,410,20,20,,,yes,758,2,540,30,,,35.16857358,1.850977557,0.0084,0.0004,2.0972,0.0042,0.814430125,0.407215062,Cheng et al. 2000,400,20,20,,,,,,,
9044,490,MC-ICP-MS U/Th,126,,126,calcite,,,2730,50,50,,,yes,721,2,3500,60,,,31.09642295,0.740391023,0.0494,0.0008,2.0126,0.0023,0.814430125,0.407215062,Cheng et al. 2000,2660,60,60,,,,,,,
9045,490,MC-ICP-MS U/Th,144,,144,calcite,,,3040,40,40,,,yes,774,2,530,40,,,240.6270824,18.50977557,0.0548,0.0008,1.9609,0.0037,0.814430125,0.407215062,Cheng et al. 2000,3030,40,40,,,,,,,
9046,490,MC-ICP-MS U/Th,162,,162,calcite,,,3390,70,70,,,yes,726,3,130,60,,,1110,555,0.0607,0.0012,1.9159,0.0039,0.814430125,0.407215062,Cheng et al. 2000,3390,70,70,,,,,,,
9047,490,MC-ICP-MS U/Th,265,,265,calcite,,,5340,30,30,,,yes,762,1,860,10,,,255.4349028,3.701955113,0.0948,0.0005,1.8401,0.0041,0.814430125,0.407215062,Cheng et al. 2000,5320,30,30,,,,,,,
9048,491,MC-ICP-MS U/Th,30,,30,calcite,,,103100,1000,1000,,,yes,640,2,770,20,,,2869.015213,92.54887784,1.146,0.007,1.9661,0.0034,0.814430125,0.407215062,Cheng et al. 2000,103100,1000,1000,yes,yes,yes,,,yes,yes
9049,491,MC-ICP-MS U/Th,130,,130,calcite,,,103700,500,500,,,yes,674,1,530,10,,,4608.934116,111.0586534,1.182,0.0034,2.0587,0.0031,0.814430125,0.407215062,Cheng et al. 2000,103600,500,500,yes,yes,yes,,,yes,yes
9050,491,MC-ICP-MS U/Th,160,,160,calcite,,,105500,600,600,,,yes,605,1,620,10,,,3609.406236,74.03910227,1.2036,0.0035,1.9743,0.0058,0.814430125,0.407215062,Cheng et al. 2000,105400,600,600,yes,yes,yes,,,yes,yes
9051,491,MC-ICP-MS U/Th,310,,310,calcite,,,107000,600,600,,,yes,677,1,590,10,,,4260,111.0586534,1.2027,0.0033,1.9647,0.0042,0.814430125,0.407215062,Cheng et al. 2000,107000,600,600,yes,yes,yes,,,yes,yes
9052,491,MC-ICP-MS U/Th,410,,410,calcite,,,109400,600,600,,,yes,620,1,120,10,,,20400,1850,1.2203,0.0028,1.2482,0.0023,0.814430125,0.407215062,Cheng et al. 2000,109400,600,600,yes,yes,yes,,,yes,yes
9053,492,MC-ICP-MS U/Th,110,,110,calcite,,,108100,600,600,,,yes,468,1,350,10,,,5740,185,1.4171,0.0045,1.2333,0.0024,0.814430125,0.407215062,Cheng et al. 2000,108100,600,600,yes,,yes,,,yes,yes
9054,492,MC-ICP-MS U/Th,150,,150,calcite,,,111400,500,500,,,yes,326.7,0.4,500,10,,,2780,74.03910227,1.3831,0.0031,1.2532,0.0016,0.814430125,0.407215062,Cheng et al. 2000,114400,4500,4500,yes,,yes,,,yes,yes
9055,492,MC-ICP-MS U/Th,290,,290,calcite,,,116800,700,700,,,yes,385.9,0.8,940,20,,,1739.918903,18.50977557,1.3836,0.0042,2.1531,0.0068,0.814430125,0.407215062,Cheng et al. 2000,116800,700,700,yes,,yes,,,yes,yes
9056,492,MC-ICP-MS U/Th,345,,345,calcite,,,121900,700,700,,,yes,469,1,1260,20,,,1573.330923,18.50977557,1.3853,0.0039,2.3476,0.0048,0.814430125,0.407215062,Cheng et al. 2000,121900,700,700,yes,,yes,,,yes,yes
9057,492,MC-ICP-MS U/Th,625,,625,calcite,,,127800,800,800,,,yes,598,1,80,20,,,31500,7400,1.364,0.0039,2.067,0.0038,0.814430125,0.407215062,Cheng et al. 2000,127800,800,800,yes,,yes,,,yes,yes
9058,492,MC-ICP-MS U/Th,695,,695,calcite,,,129500,700,700,,,yes,607,1,320,20,,,8510,370,1.4765,0.004,2.4345,0.0124,0.814430125,0.407215062,Cheng et al. 2000,129500,700,700,yes,,yes,,,yes,yes
9059,492,MC-ICP-MS U/Th,805,,805,calcite,,,130700,700,700,,,yes,438,1,600,20,,,3498.347582,74.03910227,1.5604,0.0045,2.0937,0.005,0.814430125,0.407215062,Cheng et al. 2000,130700,700,700,yes,,yes,,,yes,yes
9060,492,MC-ICP-MS U/Th,855,,855,calcite,,,134000,900,900,,,yes,566.8,0.6,530,10,,,4905.090525,92.54887784,1.5129,0.0032,2.0597,0.0027,0.814430125,0.407215062,Cheng et al. 2000,134000,900,900,yes,,yes,,,yes,yes
9061,492,MC-ICP-MS U/Th,925,,925,calcite,,,138200,900,900,,,yes,498,1,1030,20,,,2276.702395,37.01955113,1.532,0.0047,2.0474,0.0026,0.814430125,0.407215062,Cheng et al. 2000,138200,900,900,yes,,yes,,,yes,yes
9062,493,MC-ICP-MS U/Th,5,,5,calcite,,,133800,700,700,,,yes,500.7,0.8,2810,30,,,857.0026088,9.254887784,1.5743,0.0041,2.0109,0.0032,0.814430125,0.407215062,Cheng et al. 2000,133700,700,700,yes,,yes,yes,,yes,yes
9063,493,MC-ICP-MS U/Th,30,,30,calcite,,,134800,1200,1200,,,yes,342.8,0.9,930,4,,,1819.510938,11.10586534,1.6199,0.0071,2.0506,0.0049,0.814430125,0.407215062,Cheng et al. 2000,134800,1200,1200,yes,,yes,yes,,yes,yes
9064,493,MC-ICP-MS U/Th,70,,70,calcite,,,137500,600,600,,,yes,445.5,0.6,990,10,,,2295.21217,37.01955113,1.6601,0.0039,1.9232,0.0071,0.814430125,0.407215062,Cheng et al. 2000,137500,600,600,yes,,yes,yes,,yes,yes
9065,493,MC-ICP-MS U/Th,100,,100,calcite,,,139500,1200,1200,,,yes,454,1,560,4,,,3700,3700,1.5577,0.0065,2.049,0.0059,0.814430125,0.407215062,Cheng et al. 2000,139500,1200,1200,yes,,yes,yes,,yes,yes
9066,493,MC-ICP-MS U/Th,150,,150,calcite,,,144100,1300,1300,,,yes,321.8,0.8,650,4,,,2398.866914,16.65879801,1.5754,0.0065,1.9737,0.0043,0.814430125,0.407215062,Cheng et al. 2000,144100,1300,1300,yes,,yes,yes,,yes,yes
9067,493,MC-ICP-MS U/Th,165,,165,calcite,,,148100,1600,1600,,,yes,247.9,0.6,4020,10,,,316.3320644,1.665879801,1.6803,0.0085,2.0183,0.0024,0.814430125,0.407215062,Cheng et al. 2000,147900,1600,1600,yes,,yes,yes,,yes,yes
9068,493,MC-ICP-MS U/Th,205,,205,calcite,,,158100,1400,1400,,,yes,417.6,0.9,310,3,,,6237.794366,55.5293267,1.5242,0.006,1.9607,0.0038,0.814430125,0.407215062,Cheng et al. 2000,158100,1400,1400,yes,,yes,yes,,yes,yes
9069,493,MC-ICP-MS U/Th,220,,220,calcite,,,160100,900,900,,,yes,426.7,0.6,600,10,,,3368.779153,74.03910227,1.5519,0.0037,2.0171,0.0023,0.814430125,0.407215062,Cheng et al. 2000,160000,900,900,yes,,yes,yes,,yes,yes
9070,493,MC-ICP-MS U/Th,250,,250,calcite,,,163900,1100,1100,,,yes,492,0.9,650,10,,,3572.386685,55.5293267,1.5522,0.004,1.9676,0.0027,0.814430125,0.407215062,Cheng et al. 2000,163900,1000,1000,yes,,yes,yes,,yes,yes
9071,493,MC-ICP-MS U/Th,290,,290,calcite,,,167900,1100,1100,,,yes,427.7,0.7,340,10,,,6290,185,1.6495,0.0046,1.9336,0.0045,0.814430125,0.407215062,Cheng et al. 2000,167900,1100,1100,yes,,yes,yes,,yes,yes
9072,493,MC-ICP-MS U/Th,410,,410,calcite,,,176200,1300,1300,,,yes,631,1,260,10,,,11700,370,1.5493,0.0044,1.9553,0.0072,0.814430125,0.407215062,Cheng et al. 2000,176200,1300,1300,yes,,yes,yes,,yes,yes
9073,493,MC-ICP-MS U/Th,440,,440,calcite,,,180200,1300,1300,,,yes,412.4,0.8,410,10,,,5370,148.0782045,1.7289,0.0046,1.8932,0.0086,0.814430125,0.407215062,Cheng et al. 2000,180200,1300,1300,yes,,yes,yes,,yes,yes
9074,493,MC-ICP-MS U/Th,570,,570,calcite,,,188100,1300,1300,,,yes,379.2,0.5,360,10,,,5219.75671,148.0782045,1.6268,0.0043,1.8227,0.0022,0.814430125,0.407215062,Cheng et al. 2000,188000,1300,1300,yes,,yes,yes,,yes,yes
9075,494,MC-ICP-MS U/Th,15,,15,calcite,,,123500,1000,1000,,,yes,250.1,0.4,4700,30,,,141.7848808,1.110586534,0.8719,0.0036,1.8348,0.0024,0.814430125,0.407215062,Cheng et al. 2000,123100,1000,1000,yes,yes,yes,yes,,yes,yes
9076,494,MC-ICP-MS U/Th,42,,42,calcite,,,124200,900,900,,,yes,232.3,0.4,680,30,,,906.9790028,37.01955113,0.8632,0.0031,1.9623,0.0029,0.814430125,0.407215062,Cheng et al. 2000,124100,900,900,yes,yes,yes,yes,,yes,yes
9077,494,MC-ICP-MS U/Th,135,,135,calcite,,,126000,700,700,,,yes,337,1,1020,10,,,897.724115,9.254887784,0.8858,0.0025,2.0431,0.0025,0.814430125,0.407215062,Cheng et al. 2000,125900,700,700,yes,yes,yes,yes,,yes,yes
9211,312,Event; actively forming,0,,,,,,,,,,,yes,,,,,,,,,,,,,,,,-50,0,0,yes,,yes,yes,,yes,
9221,55,Event; hiatus,1061.68,,,,,,,,,,,yes,,,,,,,,,,,,,,,,,,,yes,,yes,yes,yes,yes,yes
9224,115,Event; hiatus,1935.5,,,,,,,,,,,yes,,,,,,,,,,,,,,,,,,,yes,,,,,yes,yes
9225,298,Event; hiatus,219.5,,,,,,,,,,,yes,,,,,,,,,,,,,,,,,,,yes,,yes,,,yes,yes
10392,583,MC-ICP-MS U/Th,67,,,calcite,,,82925,389,389,,,yes,,,,,,,,,,,,,,,Cheng et al. 2013,81836,691,691,yes,,,,,yes,yes
10393,583,MC-ICP-MS U/Th,41,,,calcite,,,77026,463,463,,,yes,,,,,,,,,,,,,,,Cheng et al. 2000,76214,653,653,yes,,,,,yes,yes
10394,583,MC-ICP-MS U/Th,21,,,calcite,,,74905,567,567,,,yes,,,,,,,,,,,,,,,Cheng et al. 2000,74536,615,615,yes,,,,,yes,yes
10395,583,MC-ICP-MS U/Th,9,,,calcite,,,74392,1135,1135,,,yes,,,,,,,,,,,,,,,Cheng et al. 2000,74084,1149,1149,yes,,,,,yes,yes
10396,583,Event; hiatus,61,,,,,,,,,,,yes,,,,,,,,,,,,,,,,,,,yes,,,,,yes,yes
10397,584,MC-ICP-MS U/Th,266,,,calcite,,,223637,3252,3252,,,yes,,,,,,,,,,,,,,,Cheng et al. 2000,219220,3829,3829,yes,,yes,,,yes,yes
10398,584,MC-ICP-MS U/Th,236,,,calcite,,,217460,1752,1752,,,yes,,,,,,,,,,,,,,,Cheng et al. 2000,216719,1780,1780,yes,,yes,,,yes,yes
10399,584,MC-ICP-MS U/Th,218,,,calcite,,,214835,1052,1052,,,yes,,,,,,,,,,,,,,,Cheng et al. 2000,213011,1379,1379,yes,,yes,,,yes,yes
10400,584,MC-ICP-MS U/Th,207,,,calcite,,,215891,1580,1580,,,yes,,,,,,,,,,,,,,,Cheng et al. 2000,211971,2478,2478,yes,,yes,,,yes,yes
10401,584,MC-ICP-MS U/Th,194,,,calcite,,,210002,1175,1175,,,yes,,,,,,,,,,,,,,,Cheng et al. 2000,208236,1456,1456,yes,,yes,,,yes,yes
10402,584,MC-ICP-MS U/Th,184,,,calcite,,,204768,1460,1460,,,yes,,,,,,,,,,,,,,,Cheng et al. 2000,201770,2063,2063,yes,,yes,,,yes,yes
10403,584,MC-ICP-MS U/Th,154,,,calcite,,,198297,930,930,,,yes,,,,,,,,,,,,,,,Cheng et al. 2000,196990,1128,1128,yes,,yes,,,yes,yes
10404,584,MC-ICP-MS U/Th,86,,,calcite,,,197507,994,994,,,yes,,,,,,,,,,,,,,,Cheng et al. 2000,195798,1298,1298,yes,,yes,,,yes,yes
10405,584,MC-ICP-MS U/Th,54,,,calcite,,,189936,2538,2538,,,yes,,,,,,,,,,,,,,,Cheng et al. 2000,189182,2549,2549,yes,,yes,,,yes,yes
10406,585,MC-ICP-MS U/Th,88,,,calcite,,,146174,1146,1146,,,yes,,,,,,,,,,,,,,,Cheng et al. 2000,145802,1157.6,1157.6,yes,yes,yes,,,yes,yes
10407,585,MC-ICP-MS U/Th,79,,,calcite,,,144037,695,695,,,yes,,,,,,,,,,,,,,,Cheng et al. 2013,143171.2,814.4,814.4,yes,yes,yes,,,yes,yes
10408,585,MC-ICP-MS U/Th,66,,,calcite,,,139735,1279,1279,,,yes,,,,,,,,,,,,,,,Cheng et al. 2000,138802.8,1350.4,1350.4,yes,yes,yes,,,yes,yes
10409,585,MC-ICP-MS U/Th,44,,,calcite,,,129620,608,608,,,yes,,,,,,,,,,,,,,,Cheng et al. 2013,127800,1087.2,1087.2,yes,yes,yes,,,yes,yes
10410,585,MC-ICP-MS U/Th,2,,,calcite,,,107150,843,843,,,yes,,,,,,,,,,,,,,,Cheng et al. 2000,105441,2494.6,2494.6,yes,yes,yes,,,yes,yes
10411,586,MC-ICP-MS U/Th,173,,,calcite,,,126291,1253,1253,,,yes,,,,,,,,,,,,,,,Cheng et al. 2000,118714,3908,3908,yes,yes,yes,,,yes,yes
10412,586,MC-ICP-MS U/Th,160,,,calcite,,,118672,1277,1277,,,yes,,,,,,,,,,,,,,,Cheng et al. 2000,109828,4469,4469,yes,yes,yes,,,yes,yes
10413,586,MC-ICP-MS U/Th,30,,,calcite,,,107202,1088,1088,,,yes,,,,,,,,,,,,,,,Cheng et al. 2000,96920,5126,5126,yes,yes,yes,,,yes,yes
10414,586,MC-ICP-MS U/Th,23,,,calcite,,,59726,345,345,,,yes,,,,,,,,,,,,,,,Cheng et al. 2000,59608,350,350,yes,yes,yes,,,yes,yes
10415,586,MC-ICP-MS U/Th,12,,,calcite,,,57908,296,296,,,yes,,,,,,,,,,,,,,,Cheng et al. 2000,57115,310,310,yes,yes,yes,,,yes,yes
10416,586,MC-ICP-MS U/Th,2,,,calcite,,,54959,284,284,,,yes,,,,,,,,,,,,,,,Cheng et al. 2000,53887,604,604,yes,yes,yes,,,yes,yes
10417,586,Event; hiatus,29,,,,,,,,,,,yes,,,,,,,,,,,,,,,,,,,yes,yes,yes,,,yes,yes
10418,587,MC-ICP-MS U/Th,1623,,,calcite,,,86532,342,342,,,yes,,,,,,,,,0.631,0.0015,1.175,0.0015,,,Cheng et al. 2000,86452,350,350,yes,,yes,,,yes,yes
10419,587,MC-ICP-MS U/Th,1593,,,calcite,,,84748,318,318,,,yes,,,,,,,,,0.618,0.0014,1.1653,0.0014,,,Cheng et al. 2000,84699,324,324,yes,,yes,,,yes,yes
10420,587,MC-ICP-MS U/Th,1574,,,calcite,,,84848,360,360,,,yes,,,,,,,,,0.615,0.0016,1.1566,0.0016,,,Cheng et al. 2000,83954,596,596,yes,,yes,,,yes,yes
10421,587,MC-ICP-MS U/Th,1478,,,calcite,,,82068,428,428,,,yes,,,,,,,,,0.645,0.0021,1.2492,0.0018,,,Cheng et al. 2000,82116,428,428,yes,,yes,,,yes,yes
10422,587,MC-ICP-MS U/Th,1464,,,calcite,,,81475,214,214,,,yes,,,,,,,,,0.641,0.0009,1.2468,0.0015,,,Cheng et al. 2000,81746,402,402,yes,,yes,,,yes,yes
10423,587,MC-ICP-MS U/Th,1442,,,calcite,,,81442,396,396,,,yes,,,,,,,,,0.634,0.0019,1.1854,0.0014,,,Cheng et al. 2000,81467,396,396,yes,,yes,,,yes,yes
10424,587,MC-ICP-MS U/Th,1375,,,calcite,,,77823,234,234,,,yes,,,,,,,,,0.602,0.0011,1.2029,0.0015,,,Cheng et al. 2000,77737,246,246,yes,,yes,,,yes,yes
10425,587,MC-ICP-MS U/Th,1324,,,calcite,,,77213,330,330,,,yes,,,,,,,,,0.566,0.0016,1.1302,0.0014,,,Cheng et al. 2000,76006,712,712,yes,,yes,,,yes,yes
10426,587,MC-ICP-MS U/Th,1283,,,calcite,,,74623,422,422,,,yes,,,,,,,,,0.566,0.0021,1.1595,0.002,,,Cheng et al. 2000,74089,515,515,yes,,yes,,,yes,yes
10427,587,MC-ICP-MS U/Th,1276,,,calcite,,,73512,425,425,,,yes,,,,,,,,,0.564,0.0021,1.1678,0.0021,,,Cheng et al. 2000,73314,444,444,yes,,yes,,,yes,yes
10428,587,MC-ICP-MS U/Th,1246,,,calcite,,,72957,369,369,,,yes,,,,,,,,,0.561,0.0019,1.1687,0.0014,,,Cheng et al. 2000,71879,675,675,yes,,yes,,,yes,yes
10429,587,MC-ICP-MS U/Th,1179,,,calcite,,,57877,465,465,,,yes,,,,,,,,,0.507,0.0027,1.252,0.0026,,,Cheng et al. 2000,56644,792,792,yes,,yes,,,yes,yes
10430,587,MC-ICP-MS U/Th,1174,,,calcite,,,55882,375,375,,,yes,,,,,,,,,0.474,0.0023,1.196,0.0022,,,Cheng et al. 2000,53435,1299,1299,yes,,yes,,,yes,yes
10431,587,MC-ICP-MS U/Th,1166,,,calcite,,,57644,524,524,,,yes,,,,,,,,,0.482,0.0033,1.1871,0.0026,,,Cheng et al. 2000,51577,3066,3066,yes,,yes,,,yes,yes
10432,587,MC-ICP-MS U/Th,1153,,,calcite,,,49960,367,367,,,yes,,,,,,,,,0.433,0.0024,1.1907,0.0022,,,Cheng et al. 2000,46767,1654,1654,yes,,yes,,,yes,yes
10433,587,MC-ICP-MS U/Th,1141,,,calcite,,,37626,449,449,,,yes,,,,,,,,,0.359,0.0035,1.2426,0.0028,,,Cheng et al. 2000,36076,918,918,yes,,yes,,,yes,yes
10434,587,MC-ICP-MS U/Th,1138,,,calcite,,,36815,381,381,,,yes,,,,,,,,,0.352,0.003,1.2395,0.0018,,,Cheng et al. 2000,35890,625,625,yes,,yes,,,yes,yes
10435,587,MC-ICP-MS U/Th,1101,,,calcite,,,33449,272,272,,,yes,,,,,,,,,0.323,0.0022,1.2352,0.002,,,Cheng et al. 2000,33221,310,310,yes,,yes,,,yes,yes
10436,587,MC-ICP-MS U/Th,1093,,,calcite,,,33052,331,331,,,yes,,,,,,,,,0.327,0.0028,1.2621,0.0021,,,Cheng et al. 2000,32635,409,409,yes,,yes,,,yes,yes
10437,587,MC-ICP-MS U/Th,1077,,,calcite,,,28851,193,193,,,yes,,,,,,,,,0.29,0.0017,1.2566,0.0018,,,Cheng et al. 2000,28491,287,287,yes,,yes,,,yes,yes
10438,587,MC-ICP-MS U/Th,1068,,,calcite,,,27675,178,178,,,yes,,,,,,,,,0.285,0.0016,1.28,0.0014,,,Cheng et al. 2000,26880,463,463,yes,,yes,,,yes,yes
10439,587,MC-ICP-MS U/Th,1046,,,calcite,,,25911,265,265,,,yes,,,,,,,,,0.26,0.0023,1.2382,0.0022,,,Cheng et al. 2000,25053,531,531,yes,,yes,,,yes,yes
10440,587,MC-ICP-MS U/Th,1026,,,calcite,,,24612,206,206,,,yes,,,,,,,,,0.262,0.0019,1.3041,0.0019,,,Cheng et al. 2000,23498,621,621,yes,,yes,,,yes,yes
10441,587,MC-ICP-MS U/Th,1025,,,calcite,,,23814,175,175,,,yes,,,,,,,,,0.253,0.0017,1.2964,0.0014,,,Cheng et al. 2000,23598,226,226,yes,,yes,,,yes,yes
10442,587,MC-ICP-MS U/Th,1019,,,calcite,,,23753,221,221,,,yes,,,,,,,,,0.252,0.0021,1.2985,0.0021,,,Cheng et al. 2000,23490,276,276,yes,,yes,,,yes,yes
10443,587,MC-ICP-MS U/Th,1001,,,calcite,,,24291,156,156,,,yes,,,,,,,,,0.256,0.0015,1.2887,0.0015,,,Cheng et al. 2000,22849,765,765,yes,,yes,,,yes,yes
10444,587,MC-ICP-MS U/Th,944,,,calcite,,,21131,196,196,,,yes,,,,,,,,,0.233,0.0019,1.3293,0.0021,,,Cheng et al. 2000,19510,861,861,yes,,yes,,,yes,yes
10445,587,MC-ICP-MS U/Th,899,,,calcite,,,21074,283,283,,,yes,,,,,,,,,0.227,0.0027,1.294,0.0034,,,Cheng et al. 2000,17420,1863,1863,yes,,yes,,,yes,yes
10446,587,MC-ICP-MS U/Th,883,,,calcite,,,14806,165,165,,,yes,,,,,,,,,0.168,0.0017,1.3303,0.002,,,Cheng et al. 2000,14693,189,189,yes,,yes,,,yes,yes
10447,587,MC-ICP-MS U/Th,843,,,calcite,,,14718,164,164,,,yes,,,,,,,,,0.162,0.0016,1.2877,0.004,,,Cheng et al. 2000,13798,516,516,yes,,yes,,,yes,yes
10448,587,MC-ICP-MS U/Th,827,,,calcite,,,13645,154,154,,,yes,,,,,,,,,0.152,0.0016,1.295,0.0029,,,Cheng et al. 2000,13484,192,192,yes,,yes,,,yes,yes
10449,587,MC-ICP-MS U/Th,819,,,calcite,,,14032,123,123,,,yes,,,,,,,,,0.158,0.0013,1.3116,0.0014,,,Cheng et al. 2000,13647,255,255,yes,,yes,,,yes,yes
10450,587,MC-ICP-MS U/Th,783,,,calcite,,,12661,150,150,,,yes,,,,,,,,,0.141,0.0016,1.2838,0.0022,,,Cheng et al. 2000,12335,246,246,yes,,yes,,,yes,yes
10451,587,MC-ICP-MS U/Th,774,,,calcite,,,11795,119,119,,,yes,,,,,,,,,0.13,0.0012,1.2714,0.0014,,,Cheng et al. 2000,10961,463,463,yes,,yes,,,yes,yes
10452,587,MC-ICP-MS U/Th,759,,,calcite,,,11071,117,117,,,yes,,,,,,,,,0.121,0.0012,1.2515,0.0015,,,Cheng et al. 2000,9100,1113,1113,yes,,yes,,,yes,yes
10453,587,MC-ICP-MS U/Th,657,,,calcite,,,10540,96,96,,,yes,,,,,,,,,0.112,0.001,1.2129,0.0014,,,Cheng et al. 2000,8386,1106,1106,yes,,yes,,,yes,yes
10454,587,MC-ICP-MS U/Th,139,,,calcite,,,2790,96,96,,,yes,,,,,,,,,0.031,0.001,1.2042,0.0017,,,Cheng et al. 2000,2330,121,121,yes,,yes,,,yes,yes
10455,587,MC-ICP-MS U/Th,86,,,calcite,,,1987,62,62,,,yes,,,,,,,,,0.022,0.0007,1.2079,0.0017,,,Cheng et al. 2000,2009,67,67,yes,,yes,,,yes,yes
10456,587,MC-ICP-MS U/Th,1,,,calcite,,,1271,173,173,,,yes,,,,,,,,,0.014,0.0019,1.1967,0.0189,,,Cheng et al. 2000,1305,174,174,yes,,yes,,,yes,yes
10457,587,Event; hiatus,89,,,,,,,,,,,yes,,,,,,,,,,,,,,,,,,,yes,,yes,,,yes,yes
10458,587,Event; hiatus,799,,,,,,,,,,,yes,,,,,,,,,,,,,,,,,,,yes,,yes,,,yes,yes
10459,587,Event; hiatus,904,,,,,,,,,,,yes,,,,,,,,,,,,,,,,,,,yes,,yes,,,yes,yes
10460,587,Event; hiatus,1089,,,,,,,,,,,yes,,,,,,,,,,,,,,,,,,,yes,,yes,,,yes,yes
10461,587,Event; hiatus,1142,,,,,,,,,,,yes,,,,,,,,,,,,,,,,,,,yes,,yes,,,yes,yes
10462,587,Event; hiatus,1241,,,,,,,,,,,yes,,,,,,,,,,,,,,,,,,,yes,,yes,,,yes,yes
10463,587,Event; hiatus,1397,,,,,,,,,,,yes,,,,,,,,,,,,,,,,,,,yes,,yes,,,yes,yes
10806,597,MC-ICP-MS U/Th,5,,,calcite,,,1198,4,4,,,yes,1523,2,100,2,,,1470,37.1,0.0316,0.0001,2.894,0.003,,,Cheng et al. 2000,1137,4,4,yes,,yes,yes,yes,yes,yes
10807,597,MC-ICP-MS U/Th,13.5,,,calcite,,,1261,4,4,,,yes,1256,2,22,1,,,5700,334,0.0333,0.0001,2.897,0.003,,,Cheng et al. 2000,1201,4,4,yes,,yes,yes,yes,yes,yes
10808,597,MC-ICP-MS U/Th,21,,,calcite,,,1339,4,4,,,yes,1476,2,30,1,,,5380,222,0.0356,0.0001,2.914,0.003,,,Cheng et al. 2000,1279,4,4,yes,,yes,yes,yes,yes,yes
10809,597,MC-ICP-MS U/Th,27,,,calcite,,,1442,5,5,,,yes,918,1,65,2,,,1650,42.6,0.0381,0.0001,2.897,0.003,,,Cheng et al. 2000,1381,5,5,yes,,yes,yes,yes,yes,yes
10810,597,MC-ICP-MS U/Th,35,,,calcite,,,1566,5,5,,,yes,1068,1,16,1,,,8650,654,0.0413,0.0001,2.895,0.003,,,Cheng et al. 2000,1505,5,5,yes,,yes,yes,yes,yes,yes
10811,597,MC-ICP-MS U/Th,46,,,calcite,,,1745,5,5,,,yes,1198,2,25,1,,,6690,285,0.046,0.0001,2.892,0.003,,,Cheng et al. 2000,1685,5,5,yes,,yes,yes,yes,yes,yes
10812,597,MC-ICP-MS U/Th,75,,,calcite,,,2105,5,5,,,yes,1283,2,29,1,,,7420,323,0.0555,0.0001,2.895,0.003,,,Cheng et al. 2000,2045,5,5,yes,,yes,yes,yes,yes,yes
10813,597,MC-ICP-MS U/Th,120,,,calcite,,,2554,6,6,,,yes,1314,2,69,2,,,3860,100,0.0661,0.0001,2.849,0.003,,,Cheng et al. 2000,2493,6,6,yes,,yes,yes,yes,yes,yes
10814,597,MC-ICP-MS U/Th,178,,,calcite,,,3100,8,8,,,yes,1571,2,83,2,,,4560,111,0.0789,0.0002,2.806,0.003,,,Cheng et al. 2000,3040,8,8,yes,,yes,yes,yes,yes,yes
10815,597,MC-ICP-MS U/Th,269,,,calcite,,,3824,9,9,,,yes,1924,3,67,2,,,8550,217,0.0976,0.0002,2.821,0.003,,,Cheng et al. 2000,3764,9,9,yes,,yes,yes,yes,yes,yes
10816,597,MC-ICP-MS U/Th,327,,,calcite,,,4368,10,10,,,yes,2551,4,43,1,,,20200,671,0.1116,0.0002,2.831,0.003,,,Cheng et al. 2000,4308,10,10,yes,,yes,yes,yes,yes,yes
10817,597,MC-ICP-MS U/Th,372,,,calcite,,,4658,11,11,,,yes,2536,4,34,1,,,26700,925,0.1186,0.0002,2.823,0.003,,,Cheng et al. 2000,4598,11,11,yes,,yes,yes,yes,yes,yes
10818,597,MC-ICP-MS U/Th,420,,,calcite,,,5057,11,11,,,yes,2199,3,35,1,,,25500,938,0.1318,0.0003,2.896,0.003,,,Cheng et al. 2000,4997,11,11,yes,,yes,yes,yes,yes,yes
10819,597,MC-ICP-MS U/Th,434,,,calcite,,,5234,11,11,,,yes,1360,2,88,2,,,6380,148,0.1352,0.0002,2.87,0.003,,,Cheng et al. 2000,5173,11,11,yes,,yes,yes,yes,yes,yes
10820,597,MC-ICP-MS U/Th,497,,,calcite,,,5982,12,12,,,yes,1261,2,24,1,,,24800,903,0.1561,0.0003,2.909,0.003,,,Cheng et al. 2000,5922,12,12,yes,,yes,yes,yes,yes,yes
10821,597,MC-ICP-MS U/Th,539,,,calcite,,,6491,13,13,,,yes,1203,1,27,1,,,23800,973,0.1728,0.0003,2.972,0.003,,,Cheng et al. 2000,6431,13,13,yes,,yes,yes,yes,yes,yes
10822,597,MC-ICP-MS U/Th,553,,,calcite,,,6700,14,14,,,yes,1449,2,24,1,,,32600,1530,0.1801,0.0003,3.004,0.003,,,Cheng et al. 2000,6640,14,14,yes,,yes,yes,yes,yes,yes
10823,597,MC-ICP-MS U/Th,563,,,calcite,,,6780,14,14,,,yes,1339,2,18,1,,,40700,2110,0.1779,0.0003,2.933,0.003,,,Cheng et al. 2000,6719,14,14,yes,,yes,yes,yes,yes,yes
10824,597,MC-ICP-MS U/Th,573,,,calcite,,,6900,15,15,,,yes,1559,2,19,1,,,45800,2160,0.1811,0.0003,2.934,0.003,,,Cheng et al. 2000,6840,15,15,yes,,yes,yes,yes,yes,yes
10825,597,MC-ICP-MS U/Th,587,,,calcite,,,7016,13,13,,,yes,1608,2,20,1,,,44400,2090,0.1842,0.0003,2.937,0.003,,,Cheng et al. 2000,6956,13,13,yes,,yes,yes,yes,yes,yes
10826,597,MC-ICP-MS U/Th,604,,,calcite,,,7171,14,14,,,yes,1582,2,33,1,,,27400,1040,0.1889,0.0003,2.948,0.003,,,Cheng et al. 2000,7111,14,14,yes,,yes,yes,yes,yes,yes
10827,598,MC-ICP-MS U/Th,8.5,,,calcite,,,193,2,2,,,yes,1143,1,131,3,,,208,5.56,0.0078,0.0001,4.415,0.004,,,Cheng et al. 2000,132,2,2,yes,yes,,yes,yes,yes,yes
10828,598,MC-ICP-MS U/Th,19,,,calcite,,,487,3,3,,,yes,985,2,642,13,,,94.5,1.85,0.02,0.0001,4.488,0.006,,,Cheng et al. 2000,423,4,4,yes,yes,,yes,yes,yes,yes
10829,598,MC-ICP-MS U/Th,41.5,,,calcite,,,962,3,3,,,yes,979,1,137,3,,,866,18.5,0.0396,0.0001,4.498,0.005,,,Cheng et al. 2000,902,4,4,yes,yes,,yes,yes,yes,yes
10830,598,MC-ICP-MS U/Th,66.5,,,calcite,,,1467,5,5,,,yes,786,1,258,5,,,549,11.1,0.059,0.0002,4.406,0.005,,,Cheng et al. 2000,1405,6,6,yes,yes,,yes,yes,yes,yes
10831,598,MC-ICP-MS U/Th,118.5,,,calcite,,,2290,6,6,,,unknown,967,2,321,7,,,867,18.5,0.0941,0.0002,4.516,0.005,,,Cheng et al. 2000,2228,6,6,no,no,,no,yes,no,no
10832,599,MC-ICP-MS U/Th,14.5,,14.5,calcite,,,139611,580,580,,,yes,885.2,1.5,11594,233,,,1001.300347,20.20394998,4.2911,0.0099,5.2031,0.0047,0.815572292754,0.407786146377,Cheng et al. 2013,139439,581,581,,,,,,,
10833,599,MC-ICP-MS U/Th,28,,28.0,calcite,,,143831,389,389,,,yes,633.5,0.7,5825,117,,,1452.645468,29.10110226,4.3707,0.0063,5.206,0.003,0.815572292754,0.407786146377,Cheng et al. 2013,143732,533,533,,,,,,,
10834,599,MC-ICP-MS U/Th,35,,35.0,calcite,,,145057,414,414,,,yes,501,1,6404,128,,,1046.156823,20.94537934,4.3783,0.0061,5.1901,0.0047,0.815572292754,0.407786146377,Cheng et al. 2013,144946,416,416,,,,,,,
10835,599,MC-ICP-MS U/Th,54.5,,54.5,calcite,,,147139,398,398,,,yes,373.4,0.4,2413,48,,,2081.006848,41.70540133,4.401,0.0057,5.1742,0.0045,0.815572292754,0.407786146377,Cheng et al. 2013,147053,399,399,,,,,,,
10836,599,MC-ICP-MS U/Th,71,,71.0,calcite,,,148582,462,462,,,yes,466,1,1374,28,,,4571.282701,91.75188293,4.4098,0.0068,5.1558,0.0047,0.815572292754,0.407786146377,Cheng et al. 2013,148510,462,462,,,,,,,
10837,599,MC-ICP-MS U/Th,81,,81.0,calcite,,,151380,423,423,,,yes,356.3,0.4,7534,151,,,632.0685269,12.60429907,4.3728,0.0063,5.061,0.003,0.815572292754,0.407786146377,Cheng et al. 2013,151233,578,578,,,,,,,
10838,599,MC-ICP-MS U/Th,90.5,,90.5,calcite,,,156125,404,404,,,yes,570.7,0.6,2126,43,,,3549.222332,71.17721828,4.3256,0.0054,4.924,0.0036,0.815572292754,0.407786146377,Cheng et al. 2013,156050,404,404,,,,,,,
10839,599,MC-ICP-MS U/Th,101,,101.0,calcite,,,160846,485,485,,,yes,518.3,0.6,4563,91,,,1506.769811,30.2132463,4.3409,0.0061,4.8623,0.0042,0.815572292754,0.407786146377,Cheng et al. 2013,160750,485,485,,,,,,,
10840,599,MC-ICP-MS U/Th,110,,110.0,calcite,,,162960,537,537,,,yes,737.4,0.8,1581,32,,,6149.22973,123.6333453,4.3152,0.0072,4.801,0.003,0.815572292754,0.407786146377,Cheng et al. 2013,162889,700,700,,,,,,,
10841,599,MC-ICP-MS U/Th,128,,128.0,calcite,,,165198,635,635,,,yes,855.6,1.2,3101,62,,,3659.880664,73.58686369,4.3409,0.0083,4.7945,0.0038,0.815572292754,0.407786146377,Cheng et al. 2013,165064,635,635,,,,,,,
10842,600,MC-ICP-MS U/Th,28.5,,28.5,calcite,,,150047,460,460,,,yes,292,0,718,14,,,5422.406531,109.1569371,4.3642,0.0066,5.0762,0.0044,0.815572292754,0.407786146377,Cheng et al. 2013,149975,610,610,,,,,,,
10843,600,MC-ICP-MS U/Th,36,,36.0,calcite,,,150913,409,409,,,yes,365.9,0.4,2128,43,,,2282.490276,45.7832628,4.375,0.0055,5.0536,0.0044,0.815572292754,0.407786146377,Cheng et al. 2013,150830,409,409,,,,,,,
10844,600,MC-ICP-MS U/Th,55,,55.0,calcite,,,152190,463,463,,,yes,369,0,193,4,,,25363.87198,527.8235593,4.345,0.0066,5.0149,0.0042,0.815572292754,0.407786146377,Cheng et al. 2013,152125,616,616,,,,,,,
10845,600,MC-ICP-MS U/Th,83,,83.0,calcite,,,154994,445,445,,,yes,483,0.6,818,16,,,7821.15293,157.368381,4.3338,0.006,4.9525,0.0041,0.815572292754,0.407786146377,Cheng et al. 2013,154926,445,445,,,,,,,
10846,600,MC-ICP-MS U/Th,102,,102.0,calcite,,,158584,505,505,,,yes,422,0,265,5,,,20922.65453,428.3237396,4.2975,0.0067,4.8519,0.0039,0.815572292754,0.407786146377,Cheng et al. 2013,158519,664,664,,,,,,,
10847,600,MC-ICP-MS U/Th,124,,124.0,calcite,,,161164,477,477,,,yes,422.1,0.5,615,12,,,8914.019802,179.6112617,4.2525,0.0059,4.7618,0.0039,0.815572292754,0.407786146377,Cheng et al. 2013,161097,477,477,,,,,,,
10848,600,MC-ICP-MS U/Th,145,,145.0,calcite,,,164352,521,521,,,yes,687,1,743,15,,,11949.24623,240.5752906,4.2268,0.0065,4.6854,0.0035,0.815572292754,0.407786146377,Cheng et al. 2013,164285,686,686,,,,,,,
10849,600,MC-ICP-MS U/Th,165,,165.0,calcite,,,167419,542,542,,,yes,582.7,0.8,364,7,,,20318.1301,412.0493652,4.1757,0.0062,4.5726,0.0037,0.815572292754,0.407786146377,Cheng et al. 2013,167356,542,542,,,,,,,
10850,600,MC-ICP-MS U/Th,188,,188.0,calcite,,,170557,519,519,,,yes,451.1,0.5,228,5,,,25184.8724,522.5223394,4.1618,0.0058,4.5287,0.0036,0.815572292754,0.407786146377,Cheng et al. 2013,170492,690,690,,,,,,,
10851,600,MC-ICP-MS U/Th,202,,202.0,calcite,,,172795,521,521,,,yes,504.4,0.6,3475,70,,,1825.028362,36.51539583,4.1137,0.0055,4.449,0.0036,0.815572292754,0.407786146377,Cheng et al. 2013,172704,521,521,,,,,,,
10852,600,MC-ICP-MS U/Th,207,,207.0,calcite,,,174659,646,646,,,yes,733.4,1.1,22834,458,,,400.7425675,7.970365588,4.0826,0.0068,4.393,0.0041,0.815572292754,0.407786146377,Cheng et al. 2013,174460,653,653,,,,,,,
10853,601,MC-ICP-MS U/Th,30,,30.0,calcite,,,171462,526,526,,,yes,484.6,0.6,1155,23,,,5619.10774,112.8826196,4.3811,0.0063,4.745,0.003,0.815572292754,0.407786146377,Cheng et al. 2013,171390,698,698,,,,,,,
10854,601,MC-ICP-MS U/Th,58.5,,58.5,calcite,,,173271,648,648,,,yes,568.1,0.6,398,8,,,16887.90718,344.5792937,3.9088,0.0066,4.2062,0.0035,0.815572292754,0.407786146377,Cheng et al. 2013,173207,648,648,,,,,,,
10855,601,MC-ICP-MS U/Th,95,,95.0,calcite,,,175498,570,570,,,yes,555.5,0.7,42,1,,,159427.5157,5162.016541,3.9237,0.0057,4.219,0.003,0.815572292754,0.407786146377,Cheng et al. 2013,175435,746,746,,,,,,,
10856,601,MC-ICP-MS U/Th,135,,135.0,calcite,,,177585,567,567,,,yes,628,1,748,15,,,9893.818698,199.2591397,3.8848,0.0048,4.1433,0.0042,0.815572292754,0.407786146377,Cheng et al. 2013,177519,567,567,,,,,,,
10857,601,MC-ICP-MS U/Th,180,,180.0,calcite,,,179492,640,640,,,yes,582.6,0.8,114,3,,,61540.67557,1380.170748,3.9117,0.0062,4.172,0.004,0.815572292754,0.407786146377,Cheng et al. 2013,179429,819,819,,,,,,,
10858,601,MC-ICP-MS U/Th,232,,232.0,calcite,,,182061,533,533,,,yes,548,1,237,5,,,26777.46266,555.8866604,3.791,0.0041,4.0101,0.0037,0.815572292754,0.407786146377,Cheng et al. 2013,181999,533,533,,,,,,,
10859,601,MC-ICP-MS U/Th,321,,321.0,calcite,,,186969,475,475,,,yes,640,1,267,6,,,27063.46903,559.9645219,3.6883,0.0036,3.8577,0.0028,0.815572292754,0.407786146377,Cheng et al. 2013,186906,475,475,,,,,,,
10860,601,MC-ICP-MS U/Th,364,,364.0,calcite,,,188821,681,681,,,yes,670,1,116,3,,,64926.04201,1437.631523,3.6913,0.0053,3.843,0.0036,0.815572292754,0.407786146377,Cheng et al. 2013,188760,681,681,,,,,,,
10861,601,MC-ICP-MS U/Th,503,,503.0,calcite,,,190481,575,575,,,yes,844,1,207,4,,,45658.33195,980.725682,3.6675,0.0041,3.8041,0.0033,0.815572292754,0.407786146377,Cheng et al. 2013,190419,575,575,,,,,,,
10862,601,MC-ICP-MS U/Th,595,,595.0,calcite,,,190969,667,667,,,yes,639,1,27,2,,,251593.4869,14142.57963,3.5411,0.0043,3.6751,0.004,0.815572292754,0.407786146377,Cheng et al. 2013,190909,667,667,,,,,,,
10863,601,MC-ICP-MS U/Th,663,,663.0,calcite,,,191631,615,615,,,yes,715,1,325,7,,,23971.70861,493.0505224,3.5653,0.0041,3.6931,0.0036,0.815572292754,0.407786146377,Cheng et al. 2013,191568,615,615,,,,,,,
10864,601,MC-ICP-MS U/Th,741,,741.0,calcite,,,192541,531,531,,,yes,622,1,1315,26,,,5172.581909,103.80011,3.5814,0.0038,3.7054,0.0028,0.815572292754,0.407786146377,Cheng et al. 2013,192469,531,531,,,,,,,
10865,601,MC-ICP-MS U/Th,768.5,,768.5,calcite,,,193134,652,652,,,yes,485,0,1190,24,,,4479.345461,89.89830954,3.5976,0.0048,3.7118,0.0031,0.815572292754,0.407786146377,Cheng et al. 2013,193061,652,652,,,,,,,
10866,601,MC-ICP-MS U/Th,827.5,,827.5,calcite,,,193602,577,577,,,yes,676,1,195,4,,,37967.8559499999,804.2654951,3.5901,0.0039,3.7003,0.0032,0.815572292754,0.407786146377,Cheng et al. 2013,193540,577,577,,,,,,,
10867,601,MC-ICP-MS U/Th,902,,902.0,calcite,,,194331,674,674,,,yes,583,1,997,20,,,6389.082127,128.2672788,3.5693,0.0044,3.6781,0.0039,0.815572292754,0.407786146377,Cheng et al. 2013,194262,674,674,,,,,,,
10868,601,MC-ICP-MS U/Th,1005,,1005.0,calcite,,,195997,784,784,,,yes,1498.5,2,1553,31,,,10601.32766,212.7902255,3.5956,0.0059,3.6854,0.0032,0.815572292754,0.407786146377,Cheng et al. 2013,195931,783,783,,,,,,,
10869,602,MC-ICP-MS U/Th,,,14.5,calcite,,,139611,580,580,,,yes,885.2,1.5,11594,233,,,1001.300347,20.20394998,4.2911,0.0099,5.2031,0.0047,0.815572292754,0.407786146377,Cheng et al. 2013,139439,581,581,,,,,,,
10870,602,MC-ICP-MS U/Th,,,28.0,calcite,,,143831,389,389,,,yes,633.5,0.7,5825,117,,,1452.645468,29.10110226,4.3707,0.0063,5.206,0.003,0.815572292754,0.407786146377,Cheng et al. 2013,143732,533,533,,,,,,,
10871,602,MC-ICP-MS U/Th,,,35.0,calcite,,,145057,414,414,,,yes,501,1,6404,128,,,1046.156823,20.94537934,4.3783,0.0061,5.1901,0.0047,0.815572292754,0.407786146377,Cheng et al. 2013,144946,416,416,,,,,,,
10872,602,MC-ICP-MS U/Th,,,54.5,calcite,,,147139,398,398,,,yes,373.4,0.4,2413,48,,,2081.006848,41.70540133,4.401,0.0057,5.1742,0.0045,0.815572292754,0.407786146377,Cheng et al. 2013,147053,399,399,,,,,,,
10873,602,MC-ICP-MS U/Th,,,71.0,calcite,,,148582,462,462,,,yes,466,1,1374,28,,,4571.282701,91.75188293,4.4098,0.0068,5.1558,0.0047,0.815572292754,0.407786146377,Cheng et al. 2013,148510,462,462,,,,,,,
10874,602,MC-ICP-MS U/Th,,,81.0,calcite,,,151380,423,423,,,yes,356.3,0.4,7534,151,,,632.0685269,12.60429907,4.3728,0.0063,5.061,0.003,0.815572292754,0.407786146377,Cheng et al. 2013,151233,578,578,,,,,,,
10875,602,MC-ICP-MS U/Th,,,90.5,calcite,,,156125,404,404,,,yes,570.7,0.6,2126,43,,,3549.222332,71.17721828,4.3256,0.0054,4.924,0.0036,0.815572292754,0.407786146377,Cheng et al. 2013,156050,404,404,,,,,,,
10876,602,MC-ICP-MS U/Th,,,101.0,calcite,,,160846,485,485,,,yes,518.3,0.6,4563,91,,,1506.769811,30.2132463,4.3409,0.0061,4.8623,0.0042,0.815572292754,0.407786146377,Cheng et al. 2013,160750,485,485,,,,,,,
10877,602,MC-ICP-MS U/Th,,,110.0,calcite,,,162960,537,537,,,yes,737.4,0.8,1581,32,,,6149.22973,123.6333453,4.3152,0.0072,4.801,0.003,0.815572292754,0.407786146377,Cheng et al. 2013,162889,700,700,,,,,,,
10878,602,MC-ICP-MS U/Th,,,128.0,calcite,,,165198,635,635,,,yes,855.6,1.2,3101,62,,,3659.880664,73.58686369,4.3409,0.0083,4.7945,0.0038,0.815572292754,0.407786146377,Cheng et al. 2013,165064,635,635,,,,,,,
10879,602,MC-ICP-MS U/Th,,,28.5,calcite,,,150047,460,460,,,yes,292,0,718,14,,,5422.406531,109.1569371,4.3642,0.0066,5.0762,0.0044,0.815572292754,0.407786146377,Cheng et al. 2013,149975,610,610,,,,,,,
10880,602,MC-ICP-MS U/Th,,,36.0,calcite,,,150913,409,409,,,yes,365.9,0.4,2128,43,,,2282.490276,45.7832628,4.375,0.0055,5.0536,0.0044,0.815572292754,0.407786146377,Cheng et al. 2013,150830,409,409,,,,,,,
10881,602,MC-ICP-MS U/Th,,,55.0,calcite,,,152190,463,463,,,yes,369,0,193,4,,,25363.87198,527.8235593,4.345,0.0066,5.0149,0.0042,0.815572292754,0.407786146377,Cheng et al. 2013,152125,616,616,,,,,,,
10882,602,MC-ICP-MS U/Th,,,83.0,calcite,,,154994,445,445,,,yes,483,0.6,818,16,,,7821.15293,157.368381,4.3338,0.006,4.9525,0.0041,0.815572292754,0.407786146377,Cheng et al. 2013,154926,445,445,,,,,,,
10883,602,MC-ICP-MS U/Th,,,102.0,calcite,,,158584,505,505,,,yes,422,0,265,5,,,20922.65453,428.3237396,4.2975,0.0067,4.8519,0.0039,0.815572292754,0.407786146377,Cheng et al. 2013,158519,664,664,,,,,,,
10884,602,MC-ICP-MS U/Th,,,124.0,calcite,,,161164,477,477,,,yes,422.1,0.5,615,12,,,8914.019802,179.6112617,4.2525,0.0059,4.7618,0.0039,0.815572292754,0.407786146377,Cheng et al. 2013,161097,477,477,,,,,,,
10885,602,MC-ICP-MS U/Th,,,145.0,calcite,,,164352,521,521,,,yes,687,1,743,15,,,11949.24623,240.5752906,4.2268,0.0065,4.6854,0.0035,0.815572292754,0.407786146377,Cheng et al. 2013,164285,686,686,,,,,,,
10886,602,MC-ICP-MS U/Th,,,165.0,calcite,,,167419,542,542,,,yes,582.7,0.8,364,7,,,20318.1301,412.0493652,4.1757,0.0062,4.5726,0.0037,0.815572292754,0.407786146377,Cheng et al. 2013,167356,542,542,,,,,,,
10887,602,MC-ICP-MS U/Th,,,188.0,calcite,,,170557,519,519,,,yes,451.1,0.5,228,5,,,25184.8724,522.5223394,4.1618,0.0058,4.5287,0.0036,0.815572292754,0.407786146377,Cheng et al. 2013,170492,690,690,,,,,,,
10888,602,MC-ICP-MS U/Th,,,202.0,calcite,,,172795,521,521,,,yes,504.4,0.6,3475,70,,,1825.028362,36.51539583,4.1137,0.0055,4.449,0.0036,0.815572292754,0.407786146377,Cheng et al. 2013,172704,521,521,,,,,,,
10889,602,MC-ICP-MS U/Th,,,207.0,calcite,,,174659,646,646,,,yes,733.4,1.1,22834,458,,,400.7425675,7.970365588,4.0826,0.0068,4.393,0.0041,0.815572292754,0.407786146377,Cheng et al. 2013,174460,653,653,,,,,,,
10890,602,MC-ICP-MS U/Th,,,30.0,calcite,,,171462,526,526,,,yes,484.6,0.6,1155,23,,,5619.10774,112.8826196,4.3811,0.0063,4.745,0.003,0.815572292754,0.407786146377,Cheng et al. 2013,171390,698,698,,,,,,,
10891,602,MC-ICP-MS U/Th,,,58.5,calcite,,,173271,648,648,,,yes,568.1,0.6,398,8,,,16887.90718,344.5792937,3.9088,0.0066,4.2062,0.0035,0.815572292754,0.407786146377,Cheng et al. 2013,173207,648,648,,,,,,,
10892,602,MC-ICP-MS U/Th,,,95.0,calcite,,,175498,570,570,,,yes,555.5,0.7,42,1,,,159427.5157,5162.016541,3.9237,0.0057,4.219,0.003,0.815572292754,0.407786146377,Cheng et al. 2013,175435,746,746,,,,,,,
10893,602,MC-ICP-MS U/Th,,,135.0,calcite,,,177585,567,567,,,yes,628,1,748,15,,,9893.818698,199.2591397,3.8848,0.0048,4.1433,0.0042,0.815572292754,0.407786146377,Cheng et al. 2013,177519,567,567,,,,,,,
10894,602,MC-ICP-MS U/Th,,,180.0,calcite,,,179492,640,640,,,yes,582.6,0.8,114,3,,,61540.67557,1380.170748,3.9117,0.0062,4.172,0.004,0.815572292754,0.407786146377,Cheng et al. 2013,179429,819,819,,,,,,,
10895,602,MC-ICP-MS U/Th,,,232.0,calcite,,,182061,533,533,,,yes,548,1,237,5,,,26777.46266,555.8866604,3.791,0.0041,4.0101,0.0037,0.815572292754,0.407786146377,Cheng et al. 2013,181999,533,533,,,,,,,
10896,602,MC-ICP-MS U/Th,,,321.0,calcite,,,186969,475,475,,,yes,640,1,267,6,,,27063.46903,559.9645219,3.6883,0.0036,3.8577,0.0028,0.815572292754,0.407786146377,Cheng et al. 2013,186906,475,475,,,,,,,
10897,602,MC-ICP-MS U/Th,,,364.0,calcite,,,188821,681,681,,,yes,670,1,116,3,,,64926.04201,1437.631523,3.6913,0.0053,3.843,0.0036,0.815572292754,0.407786146377,Cheng et al. 2013,188760,681,681,,,,,,,
10898,602,MC-ICP-MS U/Th,,,503.0,calcite,,,190481,575,575,,,yes,844,1,207,4,,,45658.33195,980.725682,3.6675,0.0041,3.8041,0.0033,0.815572292754,0.407786146377,Cheng et al. 2013,190419,575,575,,,,,,,
10899,602,MC-ICP-MS U/Th,,,595.0,calcite,,,190969,667,667,,,yes,639,1,27,2,,,251593.4869,14142.57963,3.5411,0.0043,3.6751,0.004,0.815572292754,0.407786146377,Cheng et al. 2013,190909,667,667,,,,,,,
10900,602,MC-ICP-MS U/Th,,,663.0,calcite,,,191631,615,615,,,yes,715,1,325,7,,,23971.70861,493.0505224,3.5653,0.0041,3.6931,0.0036,0.815572292754,0.407786146377,Cheng et al. 2013,191568,615,615,,,,,,,
10901,602,MC-ICP-MS U/Th,,,741.0,calcite,,,192541,531,531,,,yes,622,1,1315,26,,,5172.581909,103.80011,3.5814,0.0038,3.7054,0.0028,0.815572292754,0.407786146377,Cheng et al. 2013,192469,531,531,,,,,,,
10902,602,MC-ICP-MS U/Th,,,768.5,calcite,,,193134,652,652,,,yes,485,0,1190,24,,,4479.345461,89.89830954,3.5976,0.0048,3.7118,0.0031,0.815572292754,0.407786146377,Cheng et al. 2013,193061,652,652,,,,,,,
10903,602,MC-ICP-MS U/Th,,,827.5,calcite,,,193602,577,577,,,yes,676,1,195,4,,,37967.8559499999,804.2654951,3.5901,0.0039,3.7003,0.0032,0.815572292754,0.407786146377,Cheng et al. 2013,193540,577,577,,,,,,,
10904,602,MC-ICP-MS U/Th,,,902.0,calcite,,,194331,674,674,,,yes,583,1,997,20,,,6389.082127,128.2672788,3.5693,0.0044,3.6781,0.0039,0.815572292754,0.407786146377,Cheng et al. 2013,194262,674,674,,,,,,,
10905,602,MC-ICP-MS U/Th,,,1005.0,calcite,,,195997,784,784,,,yes,1498.5,2,1553,31,,,10601.32766,212.7902255,3.5956,0.0059,3.6854,0.0032,0.815572292754,0.407786146377,Cheng et al. 2013,195931,783,783,,,,,,,
10906,603,MC-ICP-MS U/Th,0,2.5,LSF15-1,calcite,150,200,12190.449963,32.6774271867,32.6774271867,,,yes,91.3338326771,0.0930871855893,405.583440819,8.13613185032,,,198.067938727223,3.99433937440865,0.287797660829,0.000663207479387,2.692073974,0.00299384693571,0.815572292753916,0.407786146376958,Cheng et al. 2013,12143.458182,46.5717679038,46.5717679038,yes,yes,yes,yes,,,
10907,603,MC-ICP-MS U/Th,91,2.3,LSF15-4,calcite,150,200,12498.0840499,46.8621932974,46.8621932974,,,yes,71.9423037234,0.0619154302676,200.698921937,4.05085555282,,,321.419380154654,6.57272857912644,0.29339810405,0.000995887200716,2.679979951,0.00302303302089,0.815572292753916,0.407786146376958,Cheng et al. 2013,12468.4425277,51.3120575025,51.3120575025,yes,yes,yes,yes,,,
10908,603,MC-ICP-MS U/Th,224,2.5,LSF15-6,calcite,150,200,12885.8462811,35.3946173029,35.3946173029,,,yes,184.421062825,0.23367514013,33.158258554,0.779216121733,,,5208.643341,122.8059569,0.306429348859,0.000702141945229,2.71835686,0.00342211045131,0.815572292753916,0.407786146376958,Cheng et al. 2013,12883.9533614,35.417509427,35.417509427,yes,yes,yes,yes,,,
10909,603,MC-ICP-MS U/Th,319,2,LSF15-8,calcite,150,200,13618.8121433,39.0435774318,39.0435774318,,,yes,82.1360251181,0.0882754232888,175.069638869,3.53927885489,,,460.272784689077,9.35933753106727,0.321008842298,0.000782129708036,2.701713811,0.0032759535651,0.815572292753916,0.407786146376958,Cheng et al. 2013,13596.3915675,42.1136214362,42.1136214362,yes,yes,yes,yes,,,
10910,603,MC-ICP-MS U/Th,381,2.3,LSF 15 9,calcite,150,200,14388.5964494,38.4618728594,38.4618728594,,,yes,74.0627733887,0.0604351573431,2054.85319446,41.1417866855,,,37.07368684,0.746683295,0.336566705117,0.000784637737216,2.688694503,0.00264816838294,0.815572292753916,0.407786146376958,Cheng et al. 2013,14095.4455448,210.903940897,210.903940897,yes,yes,yes,yes,,,
10911,603,MC-ICP-MS U/Th,381,2.3,LSF 15 9 Replica,calcite,150,200,14136.5607751,53.0953885912,53.0953885912,,,yes,76.8549849747,0.0770082209819,1975.11880362,39.5699346061,,,38.4204812552259,0.77981839510078,0.323078848941,0.00110036347956,2.625023496,0.00272406637451,0.815572292753916,0.407786146376958,Cheng et al. 2013,13858.2332827,203.887612298,203.887612298,yes,yes,yes,yes,,,
10912,603,MC-ICP-MS U/Th,398,2.1,LSF15-10,calcite,150,200,14692.6351478,51.2232617103,51.2232617103,,,yes,68.7652914872,0.100058688234,272.921684261,5.49222850546,,,258.327852910211,5.24147691734306,0.335478377241,0.000997040215658,2.627894507,0.00374109583282,0.815572292753916,0.407786146376958,Cheng et al. 2013,14649.7847665,59.4568226165,59.4568226165,yes,yes,yes,yes,,,
10913,603,MC-ICP-MS U/Th,446,1.9,LSF15-11,calcite,150,200,15300.0463643,62.3852838637,62.3852838637,,,yes,53.0582756722,0.0561729051467,395.997971637,7.95417377232,,,143.913037225372,2.93426366307471,0.351450781432,0.00128525859244,2.649384728,0.00317334784868,0.815572292753916,0.407786146376958,Cheng et al. 2013,15220.2123239,84.0801613399,84.0801613399,yes,yes,yes,yes,,,
10914,603,MC-ICP-MS U/Th,455.5,2.2,LSF15-12,calcite,150,200,15520.9928262,106.101582687,106.101582687,,,yes,57.4464446741,0.147967930938,507.608991124,10.218289032,,,122.8415071,2.537444219,0.355169636726,0.00188224664768,2.641484874,0.00963819628601,0.815572292753916,0.407786146376958,Cheng et al. 2013,15426.2196773,125.194333667,125.194333667,yes,yes,yes,yes,,,
10915,603,MC-ICP-MS U/Th,534,2,LSF15-13,calcite,150,200,16157.1595023,45.6722793579,45.6722793579,,,yes,83.6962424453,0.107975423354,4008.6819471,8.52812909562,,,27.18950415,0.07860526,0.426109750198,0.000998919500319,3.047911856,0.00383080435346,0.815572292753916,0.407786146376958,Cheng et al. 2013,15712.6640383,317.634719939,317.634719939,yes,yes,yes,yes,,,
10916,604,MC-ICP-MS U/Th,0,2.5,LSF3-A,calcite,150,200,17397.884828,139.183921219,139.183921219,,,yes,62.073481342,0.183510596069,255.67712769,1.62621919867,,,301.345751,2.694496113,0.4055718519,0.00281673937697,2.712091189,0.00760606907348,0.815572293,0.407786146,Cheng et al. 2013,17355.0424144,140.6874062,140.6874062,,,yes,yes,,,yes
10917,604,MC-ICP-MS U/Th,111,2.5,LSF3-B,calcite,150,200,18075.0081909,140.908919149,140.908919149,,,yes,84.8420034961,0.29073613641,157.518806891,1.48296347439,,,696.6218194,7.631020044,0.42260587382,0.00277461227504,2.726630028,0.00855881623013,0.815572293,0.407786146,Cheng et al. 2013,18055.8279639,141.159742168,141.159742168,,,yes,yes,,,yes
10918,604,MC-ICP-MS U/Th,123,2.5,LSF3-128,calcite,150,200,18409.3358558,56.0337764417,56.0337764417,,,yes,75.6098714197,0.105971017334,758.557022278,15.2216547281,,,130.4910611,2.630848985,0.428366047346,0.00102869605413,2.713563522,0.00408653457131,0.815572293,0.407786146,Cheng et al. 2013,18305.1757371,92.4444731425,92.4444731425,,,yes,yes,,,yes
10919,604,MC-ICP-MS U/Th,179,,LSF3-188,calcite,150,200,19385.4531117,62.3993203069,62.3993203069,,,yes,69.7068422091,0.0920389373024,138.68053577,2.84941578217,,,694.6428875,14.35481853,0.452195503739,0.00116367715372,2.729689173,0.0041407571474,0.815572293,0.407786146,Cheng et al. 2013,19364.9527206,64.0268223001,64.0268223001,,,yes,yes,,,yes
10920,604,MC-ICP-MS U/Th,196,2,LSF3-C,calcite,150,200,20488.0333312,164.064873065,164.064873065,,,yes,69.6512135213,0.212173906347,118.71710324,1.38084034549,,,848.636342,11.17404314,0.472632070495,0.00325262991054,2.713756298,0.00745223592159,0.815572293,0.407786146,Cheng et al. 2013,20470.4176639,164.241748806,164.241748806,,,yes,yes,,,yes
10921,604,MC-ICP-MS U/Th,241,2,LSF3-253,calcite,150,200,21502.4397391,76.0500997319,76.0500997319,,,yes,80.8503396524,0.0942819839208,88.0538159854,2.05074595458,,,1373.05785,32.20644658,0.48930506723,0.00147871021536,2.683690574,0.00327257196906,0.815572293,0.407786146,Cheng et al. 2013,21491.0546205,76.4624446446,76.4624446446,,,yes,yes,,,yes
10922,604,MC-ICP-MS U/Th,293,2,LSF3-306,calcite,150,200,22227.0286419,64.6367960971,64.6367960971,,,yes,88.6523477476,0.126966154637,169.046099506,3.42144834116,,,810.6401747,16.4687275,0.505786905189,0.00114573661024,2.690562359,0.00379200261687,0.815572293,0.407786146,Cheng et al. 2013,22207.1871498,66.1043927034,66.1043927034,,,yes,yes,,,yes
10923,604,MC-ICP-MS U/Th,305,2,LSF3-316,calcite,150,200,22413.5520195,70.2126844057,70.2126844057,,,yes,72.0661301603,0.0990001335146,117.50094874,2.42142697307,,,958.9420471,19.8532244,0.511595926851,0.00123555356051,2.700507738,0.00419505039315,0.815572293,0.407786146,Cheng et al. 2013,22396.6528924,71.1912196798,71.1912196798,,,yes,yes,,,yes
10924,604,Event; hiatus,317.25,,,,,,,,,,,yes,,,,,,,,,,,,,,,,,,,,,yes,yes,,,yes
10925,604,MC-ICP-MS U/Th,318,1.5,LSF3-D,calcite,150,200,23281.5293875,193.819504809,193.819504809,,,yes,51.0625464611,0.168300021794,2002.5602042,5.97941021432,,,41.04816679,0.275719437,0.52600980101,0.00360857109701,2.684860884,0.00887698180991,0.815572293,0.407786146,Cheng et al. 2013,22872.9502508,280.734209546,280.734209546,,,yes,yes,,,yes
10926,604,MC-ICP-MS U/Th,318.5,2,LSF 3B 340,calcite,150,200,23831.2235964,65.4111893621,65.4111893621,,,yes,85.7364736216,0.0933774088629,282.110506679,5.68168042818,,,486.9749995,9.857785676,0.524306032689,0.00121210730853,2.617198806,0.00252660904352,0.815572293,0.407786146,Cheng et al. 2013,23796.1156104,69.9202980532,69.9202980532,,,yes,yes,,,yes
10927,604,MC-ICP-MS U/Th,326.5,1.7,LSF 3B-I,calcite,150,200,24300.9257635,59.9598161845,59.9598161845,,,yes,80.6003039931,0.0908558266124,371.00045903,7.44498835138,,,354.2132879,7.130360442,0.533491078686,0.00103924876829,2.61626667050883,0.00296,0.815572293,0.407786146,Cheng et al. 2013,24251.8367039,69.2166955613,69.2166955613,,,yes,yes,,,yes
10928,604,MC-ICP-MS U/Th,333,1.8,LSF3B-II,calcite,150,200,24552.3636789,67.8755598103,67.8755598103,,,yes,76.5012257004,0.0923216784463,926.827667632,18.5796900616,,,136.3214994,2.743945279,0.540405170537,0.00117751957315,2.62528593213324,0.00338,0.815572293,0.407786146,Cheng et al. 2013,24423.6551366,113.427675724,113.427675724,,,yes,yes,,,yes
10929,604,MC-ICP-MS U/Th,349,1.4,LSF 3-1',calcite,150,200,24781.8028327,84.4126843679,84.4126843679,,,yes,105.28845239,0.188358055895,530.163859404,10.6815575566,,,326.694792,6.621417366,0.538264989875,0.00152799237816,2.592953978,0.00320876941721,0.815572293,0.407786146,Cheng et al. 2013,24727.6596733,92.5894054921,92.5894054921,,,yes,yes,,,yes
10930,604,MC-ICP-MS U/Th,375,2.2,LSF3-415,calcite,150,200,26104.2394625,129.013584981,129.013584981,,,yes,90.9527957886,0.181626148032,431.06000999,8.68497567424,,,369.1229133,7.533202513,0.572423204929,0.00218331759629,2.629750137,0.00610212769046,0.815572293,0.407786146,Cheng et al. 2013,26054.1275481,133.647803895,133.647803895,,,yes,yes,,,yes
10931,604,MC-ICP-MS U/Th,383,1.2,LSF 3-3',calcite,150,200,26380.7764985,94.8894582315,94.8894582315,,,yes,95.5401916166,0.177402870576,1032.87731651,20.7578589129,,,161.6462261,3.269857446,0.571811316845,0.0016907936356,2.602346467,0.00350682615378,0.815572293,0.407786146,Cheng et al. 2013,26265.2789757,125.011486332,125.011486332,,,yes,yes,,,yes
10932,604,MC-ICP-MS U/Th,405.5,2.7,LSF3-E,calcite,150,200,27040.1879933,201.000868969,201.000868969,,,yes,86.7021634269,0.283498173803,298.139857266,1.84307351699,,,515.2050982,4.074803548,0.578878226527,0.00342606002528,2.579737824,0.0080692475273,0.815572293,0.407786146,Cheng et al. 2013,27003.1905622,201.684291978,201.684291978,,,yes,yes,,,yes
10933,605,MC-ICP-MS U/Th,10,2.1,LSF 13 - a,calcite,150,200,30242.6892875,100.785492787,100.785492787,,,yes,133.581060616,0.174280547287,455.942112211,9.20312239433,,,637.7982259,12.95097133,0.712315953438,0.00182951069264,2.862992154,0.004256312,0.815572293,0.407786146,Cheng et al. 2013,30209.8612356,103.360018062,103.360018062,yes,,,,,,
10934,605,MC-ICP-MS U/Th,17.6,0.8,LSF 13-1,calcite,150,200,31793.4975839,112.42651079,112.42651079,,,yes,186.027756479,0.337499541868,5915.0300017,118.790056104,,,70.14277702,1.417796943,0.729771173026,0.00213257901875,2.806159924,0.003181792,0.815572293,0.407786146,Cheng et al. 2013,31481.9863731,247.099983694,247.099983694,yes,,,,,,
10935,605,Event; hiatus,19.325,,,,,,,,,,,yes,,,,,,,,,,,,,,,,,,,yes,,,,,,
10936,605,MC-ICP-MS U/Th,21.05,1.7,LSF13-T,calcite,150,200,35059.9209562,219.70616305,219.70616305,,,yes,155.604286922,0.384917196526,605.5681502,2.29495426315,,,630.6365532,3.682958435,0.803779749154,0.00408766728338,2.832355608,0.005820757,0.815572293,0.407786146,Cheng et al. 2013,35022.4534977,220.373773088,220.373773088,yes,,,,,,
10937,605,MC-ICP-MS U/Th,93.05,2,LSF 13 - b,calcite,150,200,36065.2890801,92.7574045733,92.7574045733,,,yes,280.566490637,0.363895066785,246.054646184,4.96344369108,,,2872.793364,58.10013512,0.824374792885,0.00160456581785,2.836119187,0.003137553,0.815572293,0.407786146,Cheng et al. 2013,36056.8367125,92.9334882786,92.9334882786,yes,,,,,,
10938,605,MC-ICP-MS U/Th,113.95,2.3,LSF 13 - c,calcite,150,200,37114.4648965,487.43653979,487.43653979,,,yes,142.693699494,0.98248427795,283.031736991,5.71781002282,,,1280.810103,25.93972597,0.831265255065,0.00584468396785,2.789974131,0.024703889,0.815572293,0.407786146,Cheng et al. 2013,37095.104776,487.371212384,487.371212384,yes,,,,,,
10939,605,MC-ICP-MS U/Th,159.55,2.1,LSF 13 - d,calcite,150,200,37680.960698,118.040688996,118.040688996,,,yes,175.536389176,0.25533950741,1543.09724293,30.9502445756,,,294.4734718,5.930162747,0.84702622368,0.00196283720943,2.805398564,0.003930499,0.815572293,0.407786146,Cheng et al. 2013,37595.8369208,132.323420143,132.323420143,yes,,,,,,
10940,605,MC-ICP-MS U/Th,163.05,1,LSF13-180,calcite,150,200,38320.3869446,120.686900866,120.686900866,,,yes,184.689529512,0.299254449702,3656.02075289,73.3734658738,,,129.9048972,2.617366891,0.841427003838,0.00201329927048,2.747518206,0.003533304,0.815572293,0.407786146,Cheng et al. 2013,38124.672784,183.780599089,183.780599089,yes,,,,,,
10941,605,MC-ICP-MS U/Th,169.05,,LSF13-187,calcite,150,200,39080.1273384,89.9049218552,89.9049218552,,,yes,170.708649405,0.208705908486,817.477368462,16.4298370307,,,551.7022495,11.11237372,0.864469173941,0.00155962279307,2.774719368,0.002269041,0.815572293,0.407786146,Cheng et al. 2013,39033.337875,95.7246367858,95.7246367858,yes,,,,,,
10942,605,MC-ICP-MS U/Th,174.55,,LSF13-193,calcite,150,200,39551.8465078,89.1599006681,89.1599006681,,,yes,175.643860129,0.212744549662,122.904589447,2.5746862963,,,3822.586033,80.22708347,0.875219410579,0.00154137614677,2.78018242,0.002244727,0.815572293,0.407786146,Cheng et al. 2013,39544.9955773,89.2835433782,89.2835433782,yes,,,,,,
10943,605,MC-ICP-MS U/Th,179.55,,LSF13-198,calcite,150,200,39702.5938251,111.847277686,111.847277686,,,yes,177.18980179,0.300081025577,119.764330718,2.48347675543,,,3966.768189,82.40016298,0.877304053788,0.00183443905963,2.777727187,0.0033625,0.815572293,0.407786146,Cheng et al. 2013,39695.9704186,111.933948592,111.933948592,yes,,,,,,
10944,605,MC-ICP-MS U/Th,184.05,,LSF13-202,calcite,150,200,39851.2538827,124.29183278,124.29183278,,,yes,167.525000102,0.26618298165,55.3444903454,1.36891771122,,,8134.51676,201.7628386,0.879328336688,0.00214171667845,2.775233978,0.00308511,0.815572293,0.407786146,Cheng et al. 2013,39847.9930504,124.313332388,124.313332388,yes,,,,,,
10945,605,MC-ICP-MS U/Th,185.65,1.9,LSF 13-d(1),calcite,150,200,39485.8742402,159.19583835,159.19583835,,,yes,134.356270625,0.280888759258,128.840806326,2.6937347973,,,2783.596309,58.56654794,0.873426351475,0.00275143503109,2.778515336,0.004015389,0.815572293,0.407786146,Cheng et al. 2013,39476.4937614,159.316282394,159.316282394,yes,,,,,,
10946,605,MC-ICP-MS U/Th,218.55,1.9,LSF 13-d(2),calcite,150,200,40417.7826359,140.151768036,140.151768036,,,yes,189.941920079,0.33695989328,352.039201243,7.12777180997,,,1444.108316,29.38865754,0.875778979026,0.00237484729528,2.731512054,0.003304355,0.815572293,0.407786146,Cheng et al. 2013,40399.397843,140.711971689,140.711971689,yes,,,,,,
10947,606,MC-ICP-MS U/Th,1,2.7,LSF11-98,calcite,150,200,54167.4460119,179.512625004,179.512625004,,,yes,108.247649714,0.169182158513,53.1024153679,1.22506405876,,,6754.751718,156.2122198,1.08425075973,0.00243623064496,2.648105681,1.00385283652511,0.815572293,0.407786146,Cheng et al. 2013,54162.4974829,179.544041371,179.544041371,yes,,yes,,,yes,yes
10948,606,MC-ICP-MS U/Th,46,2.8,LSF11-D,calcite,150,200,54691.1284842,254.523237604,254.523237604,,,yes,218.696391755,0.372517842237,89.406628243,1.44960142857,,,8229.793846,135.9120813,1.09934501977,0.0039261350481,2.666226136,1.0032453271136,0.815572293,0.407786146,Cheng et al. 2013,54687.0884787,254.520168681,254.520168681,yes,,yes,,,yes,yes
10949,606,MC-ICP-MS U/Th,59,2.5,LSF11-E,calcite,150,200,55689.6395322,175.420906255,175.420906255,,,yes,242.271043402,0.371226169519,115.295423899,2.3489978251,,,7156.33158,146.2269921,1.11436011718,0.00243525975258,2.660752978,1.00340280827181,0.815572293,0.407786146,Cheng et al. 2013,55684.8723089,175.442559401,175.442559401,yes,,yes,,,yes,yes
10950,606,MC-ICP-MS U/Th,103,2.5,LSF11-F,calcite,150,200,56399.1641974,286.277928181,286.277928181,,,yes,215.335408053,0.379242070813,314.668816843,1.86248098049,,,2367.745844,16.19004714,1.13055136875,0.00435276047522,2.674205436,1.00366876430411,0.815572293,0.407786146,Cheng et al. 2013,56384.8140115,286.32118996,286.32118996,yes,,yes,,,yes,yes
10951,606,Event; hiatus,105,,,,,,,,,,,yes,,,,,,,,,,,,,,,,,,,yes,,yes,,,yes,yes
10952,606,MC-ICP-MS U/Th,107,1.8,LSF11-236,calcite,150,200,62080.3454623,210.859034292,210.859034292,,,yes,261.253468076,0.376790302997,150.479472119,3.0485292876,,,6168.814149,125.2839047,1.16262973431,0.00236189981583,2.548398267,1.00431037728326,0.815572293,0.407786146,Cheng et al. 2013,62074.3824104,210.882980115,210.882980115,yes,,yes,,,yes,yes
10953,606,MC-ICP-MS U/Th,229,3,LSF11-G,calcite,150,200,62297.8317384,300.375885357,300.375885357,,,yes,416.015126628,0.765132817625,244.820915697,1.57677776706,,,6009.878479,42.98527215,1.15563861245,0.00417622339247,2.529118377,1.00287107589317,0.815572293,0.407786146,Cheng et al. 2013,62291.7663669,300.371008742,300.371008742,yes,,yes,,,yes,yes
10954,606,MC-ICP-MS U/Th,327,2.5,LSF11-M,calcite,150,200,62971.529645,322.203105687,322.203105687,,,yes,995.800987685,2.55766391641,345.395442467,1.70992746763,,,10124.94977,57.90061844,1.15014707606,0.00442328922764,2.492838587,1.00278908673035,0.815572293,0.407786146,Cheng et al. 2013,62967.9036036,322.193029344,322.193029344,yes,,yes,,,yes,yes
10955,606,MC-ICP-MS U/Th,503,1.9,LSF11-IV,calcite,150,200,63318.5893202,217.847161047,217.847161047,,,yes,377.478019315,0.591959252502,1034.80449504,20.7690315109,,,1295.74454,26.08427424,1.16227948276,0.00256768609019,2.50960412,1.00376321167976,0.815572293,0.407786146,Cheng et al. 2013,63290.0717027,218.680747699,218.680747699,yes,,yes,,,yes,yes
10956,606,MC-ICP-MS U/Th,586,2.5,LSF11-I,calcite,150,200,64836.3388506,319.576634678,319.576634678,,,yes,395.551993857,0.682327453373,383.865333481,1.8072544143,,,3703.462771,21.17563056,1.17435731189,0.0043153489957,2.492074977,1.00271041717411,0.815572293,0.407786146,Cheng et al. 2013,64826.2241264,319.582453771,319.582453771,yes,,yes,,,yes,yes
10957,606,MC-ICP-MS U/Th,616.5,2.8,LSF 11-J,calcite,150,200,70710.1231298,469.638117184,469.638117184,,,yes,777.405943095,2.55117072157,773.613866445,15.6947690956,,,3776.924394,77.71587032,1.22981341276,0.0058431557502,2.440674769,1.00403895737535,0.815572293,0.407786146,Cheng et al. 2013,70699.5421424,469.633255359,469.633255359,yes,,yes,,,yes,yes
10958,606,MC-ICP-MS U/Th,694.8,2.3,LSF11-B,calcite,150,200,72231.3274937,494.100325044,494.100325044,,,yes,884.395433914,2.39292557434,398.505463298,2.27285097872,,,8379.642768,59.4345274,1.23660143232,0.00619516693197,2.414121705,1.00294759419405,0.815572293,0.407786146,Cheng et al. 2013,72226.532018,494.081030162,494.081030162,yes,,yes,,,yes,yes
10959,606,Event; hiatus,601.25,,,,,,,,,,,yes,,,,,,,,,,,,,,,,,,,yes,,yes,,,yes,yes
10960,607,MC-ICP-MS U/Th,360,2.2,LSF9-357,calcite,150,200,76897.877761,270.446613179,270.446613179,,,yes,294.077019261,0.435017017721,122.81705243,2.51052512182,,,9346.014044,191.574298,1.27716955284,0.00270720177339,2.382141028,1.00347233391535,0.815572293,0.407786146,Cheng et al. 2013,76893.3111111,270.847827817,270.847827817,yes,yes,yes,yes,,yes,yes
10961,607,MC-ICP-MS U/Th,504,2.5,LSF9-M,calcite,150,200,78211.6647629,387.458155159,387.458155159,,,yes,767.041410659,1.56966872062,659.790008545,2.27777490039,,,4621.908469,20.73523173,1.30204116994,0.00458427715498,2.396051251,1.0022361516701,0.815572293,0.407786146,Cheng et al. 2013,78202.533579,387.446765753,387.446765753,yes,yes,yes,yes,,yes,yes
10962,607,MC-ICP-MS U/Th,612,2.5,LSF9-4,calcite,150,200,79537.8314505,471.478470672,471.478470672,,,yes,539.239656858,1.46665692588,77.2828658296,1.6180036102,,,27837.04825,587.8657703,1.30541657194,0.00506434149593,,,0.815572293,0.407786146,Cheng et al. 2013,79536.2009325,471.475182196,471.475182196,yes,yes,yes,yes,,yes,yes
10963,607,MC-ICP-MS U/Th,726,2.5,LSF9-E,calcite,150,200,80528.6761125,472.142617937,472.142617937,,,yes,424.261535353,1.02899555535,430.138054675,1.8412402727,,,3928.317085,20.88051824,1.30136074117,0.00517481810761,2.349600418,1.00357955770738,0.815572293,0.407786146,Cheng et al. 2013,80517.7262207,472.116134284,472.116134284,yes,yes,yes,yes,,yes,yes
10964,607,MC-ICP-MS U/Th,866,3,LSF9-F,calcite,150,200,82882.3769051,450.16332787,450.16332787,,,yes,348.084076762,0.610004925413,273.63521236,1.62365009049,,,5080.087222,34.49351586,1.30489616001,0.0048766188288,2.308951922,1.0026560545171,0.815572293,0.407786146,Cheng et al. 2013,82873.7585497,450.146474106,450.146474106,yes,yes,yes,yes,,yes,yes
10965,607,MC-ICP-MS U/Th,908.7,2.2,LSF9-G,calcite,150,200,84138.9258848,468.847026603,468.847026603,,,yes,790.35795962,1.99428905304,1064.33359247,3.15352234932,,,2918.730017,11.98493523,1.28725419369,0.00489309264362,2.252347065,1.00266342767537,0.815572293,0.407786146,Cheng et al. 2013,84123.7858678,468.826226616,468.826226616,yes,yes,yes,yes,,yes,yes
11717,665,MC-ICP-MS U/Th,18.75,1.2,CC1 773,calcite,2,2,128529,1079.54,1079.54,,,yes,4654,419,,,,,13308.3,0.5086,0.5086,0.0016,,,,,Cheng et al. 2013,128518,1087.01,1087.01,yes,,yes,,,yes,yes
11718,665,MC-ICP-MS U/Th,21.5,1.2,CC1 503,calcite,,,128710,1613.2,1613.2,,,yes,,,,,,,14396.6,0.5085,0.5085,0.0026,,,,,Cheng et al. 2013,128729,1590.99,1590.99,yes,,yes,,,yes,yes
11719,665,MC-ICP-MS U/Th,26.25,1.2,CC1 508,calcite,,,129316,1522.67,1522.67,,,yes,,,,,,,12115.5,0.5104,0.5104,0.0025,,,,,Cheng et al. 2013,129308,1534.23,1534.23,yes,,yes,,,yes,yes
11720,665,MC-ICP-MS U/Th,27.15,1.3,CC1 511-513,calcite,8.3,8.3,128826,838.527,838.527,,,yes,6563,499,,,,,85012.5,0.5098,0.5098,0.0012,,,,,Cheng et al. 2013,128820,842.706,842.706,yes,,yes,,,yes,yes
11721,665,MC-ICP-MS U/Th,28.75,3.76424340592,CC1-528,calcite,,,127783,1437.62,1437.62,,,no,,,,,,,12177.6,0.509,0.509,0.0022,,,,,Cheng et al. 2013,127758,1490.65,1490.65,no,,no,,,no,no
11722,665,MC-ICP-MS U/Th,30.85,1.2,CC1 549,calcite,,,128595,1624.05,1624.05,,,yes,,,,,,,18010.9,0.5113,0.5113,0.0028,,,,,Cheng et al. 2013,128593,1633.01,1633.01,yes,,yes,,,yes,yes
11723,665,MC-ICP-MS U/Th,32.95,1.2,CC1 570,calcite,,,130594,1987.93,1987.93,,,yes,,,,,,,5642.4,0.5155,0.5155,0.0031,,,,,Cheng et al. 2013,130578,1989.65,1989.65,yes,,yes,,,yes,yes
11724,665,MC-ICP-MS U/Th,33.75,1.4,CC1 578,calcite,,,132269,1768.45,1768.45,,,yes,,,,,,,3895.1,0.5214,0.5214,0.0028,,,,,Cheng et al. 2013,132245,1790.38,1790.38,yes,,yes,,,yes,yes
11725,665,MC-ICP-MS U/Th,34.65,1.2,CC1 587,calcite,,,136413,2197.38,2197.38,,,yes,,,,,,,12845.1,0.5293,0.5293,0.0035,,,,,Cheng et al. 2013,136420,2185.84,2185.84,yes,,yes,,,yes,yes
11726,665,MC-ICP-MS U/Th,35.3,1.3,CC1 593-594,calcite,5.7,5.7,139108,1671.79,1671.79,,,yes,3388,261,,,,,34318,0.536,0.536,0.0026,,,,,Cheng et al. 2013,139119,1660.4,1660.4,yes,,yes,,,yes,yes
11727,665,MC-ICP-MS U/Th,36.5,1.3,CC1 605-606,calcite,3.3,3.3,139490,1563.65,1563.65,,,yes,2841,230,,,,,6109.8,0.5374,0.5374,0.0022,,,,,Cheng et al. 2013,139470,1562.06,1562.06,yes,,yes,,,yes,yes
11728,665,MC-ICP-MS U/Th,36.85,1.2,CC1 609,calcite,,,140100,2205.23,2205.23,,,yes,,,,,,,1396.1,0.5386,0.5386,0.0033,,,,,Cheng et al. 2013,140006,2224.84,2224.84,yes,,yes,,,yes,yes
11729,665,MC-ICP-MS U/Th,37.5,1.3,CC1 615-616,calcite,2.7,2.7,141079,2097.4,2097.4,,,yes,4151,347,,,,,18813.8,0.5422,0.5422,0.0033,,,,,Cheng et al. 2013,141093,2082.82,2082.82,yes,,yes,,,yes,yes
11730,666,MC-ICP-MS U/Th,60.05,1.5,CC5-3,calcite,8,8,105873,1230.95,1230.95,,,yes,4785,364,,,,,6456.9,,0.454,0.0026,0.7634,0.0018,1.5,1.5,Cheng et al. 2013,105841,1219.83,1219.83,,,yes,,,,yes
11731,666,MC-ICP-MS U/Th,62.85,0.6,CC5e 66-70,calcite,3.2,3.2,107257,1086.6,1086.6,,,yes,3242,263,,,,,3526.3,,0.4599,0.0021,0.7671,0.002,1.5,1.5,Cheng et al. 2013,107222,1068.89,1068.89,,,yes,,,,yes
11732,666,MC-ICP-MS U/Th,63.45,0.3,CC5d 346-347,calcite,3.5,3.5,107299,826.788,826.788,,,yes,3501,281,,,,,9172.3,,0.4572,0.0015,0.7632,0.0017,1.5,1.5,Cheng et al. 2013,107282,835.285,835.285,,,yes,,,,yes
11733,666,MC-ICP-MS U/Th,64.15,0.2,CC5d 340,calcite,4.1,4.1,109285,1083.58,1083.58,,,yes,1546,122,,,,,3275.8,,0.4633,0.002,0.7653,0.002,1.5,1.5,Cheng et al. 2013,109246,1077.96,1077.96,,,yes,,,,yes
11734,666,MC-ICP-MS U/Th,64.35,0.3,CC5e 84-85,calcite,3.3,3.3,109525,1086.09,1086.09,,,yes,1702,138,,,,,1589.4,,0.4679,0.0015,0.7709,0.0028,1.5,1.5,Cheng et al. 2013,109452,1093.28,1093.28,,,yes,,,,yes
11735,666,MC-ICP-MS U/Th,64.95,0.4,CC5e 88+90,calcite,4.5,4.5,110930,1140.65,1140.65,,,yes,2773,217,,,,,15306.2,,0.4679,0.0022,0.7665,0.0018,1.5,1.5,Cheng et al. 2013,110914,1139.76,1139.76,,,yes,,,,yes
11736,666,MC-ICP-MS U/Th,65.15,1.5,CC5 253,calcite,8.5,8.5,111577,965.955,965.955,,,yes,3602,274,,,,,30358.2,,0.4688,0.0017,0.7657,0.0018,1.5,1.5,Cheng et al. 2013,111579,958.603,958.603,,,yes,,,,yes
11737,666,MC-ICP-MS U/Th,66.05,0.3,CC5d 321-322,calcite,4.7,4.7,112430,785.246,785.246,,,yes,3807,297,,,,,7445.1,,0.4701,0.0014,0.7649,0.0014,1.5,1.5,Cheng et al. 2013,112420,776.639,776.639,,,yes,,,,yes
11738,666,MC-ICP-MS U/Th,67.95,0.5,CC5d 301-304,calcite,6.1,6.1,112096,810.602,810.602,,,yes,4502,346,,,,,27367,,0.4703,0.0015,0.7662,0.0014,1.5,1.5,Cheng et al. 2013,112084,812.534,812.534,,,yes,,,,yes
11739,666,MC-ICP-MS U/Th,70.45,0.5,CC5d 275-279,calcite,10.3,10.3,112535,782.219,782.219,,,yes,4037,305,,,,,61848.5,,0.4712,0.0014,0.7661,0.0014,1.5,1.5,Cheng et al. 2013,112534,783.993,783.993,,,yes,,,,yes
11740,666,MC-ICP-MS U/Th,71.75,0.6,CC5d 262-266,calcite,,,113463,1158.97,1158.97,,,yes,,,,,,,12028.5,,0.472,0.0022,0.7644,0.0017,1.5,1.5,Cheng et al. 2013,113458,1168.78,1168.78,,,yes,,,,yes
11741,666,MC-ICP-MS U/Th,74.85,0.6,CC5d 231-235,calcite,4.8,4.8,115291,944.725,944.725,,,yes,4073,317,,,,,20249.7,,0.4792,0.0015,0.7687,0.0019,1.5,1.5,Cheng et al. 2013,115291,955.674,955.674,,,yes,,,,yes
11742,666,MC-ICP-MS U/Th,75.55,0.2,CC5d 226,calcite,3,3,114008,969.732,969.732,,,yes,3438,282,,,,,13185.5,,0.4787,0.0015,0.7718,0.002,1.5,1.5,Cheng et al. 2013,114001,961.789,961.789,,,yes,,,,yes
11743,666,MC-ICP-MS U/Th,76.75,0.4,CC5d 213-215,calcite,,,116569,1116.87,1116.87,,,yes,,,,,,,15193.2,,0.4789,0.0021,0.7647,0.0014,1.5,1.5,Cheng et al. 2013,116559,1117.35,1117.35,,,yes,,,,yes
11744,666,MC-ICP-MS U/Th,81.3,1.5,CC5-271,calcite,6.8,6.8,116033,1081.81,1081.81,,,yes,4195,321,,,,,29150.5,,0.4813,0.0018,0.7694,0.002,1.5,1.5,Cheng et al. 2013,116027,1079.06,1079.06,,,yes,,,,yes
11745,666,MC-ICP-MS U/Th,82.15,0.6,CC5d 162-158,calcite,7.6,7.6,116786,948.886,948.886,,,yes,4082,311,,,,,21145.4,,0.4805,0.0016,0.7662,0.0016,1.5,1.5,Cheng et al. 2013,116777,943.333,943.333,,,yes,,,,yes
11746,666,MC-ICP-MS U/Th,87.93,0.2,CC5d 113,calcite,3.8,3.8,116393,977.928,977.928,,,yes,3857,307,,,,,23796.9,,0.483,0.0016,0.7706,0.0018,1.5,1.5,Cheng et al. 2013,116395,975.027,975.027,,,yes,,,,yes
11747,666,MC-ICP-MS U/Th,90.28,0.3,CC5d 93-94,calcite,3.8,3.8,115940,1271.85,1271.85,,,yes,2498,199,,,,,16768,,0.4835,0.0024,0.7726,0.0018,1.5,1.5,Cheng et al. 2013,115923,1262.29,1262.29,,,yes,,,,yes
11748,666,MC-ICP-MS U/Th,92.25,0.6,CC5d 76-80,calcite,5.4,5.4,118776,887.388,887.388,,,yes,4280,331,,,,,21404.1,,0.4869,0.0015,0.7691,0.0014,1.5,1.5,Cheng et al. 2013,118771,894.905,894.905,,,yes,,,,yes
11749,666,MC-ICP-MS U/Th,92.87,0.2,CC5d 73,calcite,2.6,2.6,118306,967.436,967.436,,,yes,3347,282,,,,,19899.7,,0.4875,0.0016,0.7712,0.0017,1.5,1.5,Cheng et al. 2013,118298,974.593,974.593,,,yes,,,,yes
11750,666,MC-ICP-MS U/Th,94.1,0.5,CC5d 61-65,calcite,7.1,7.1,118135,841.58,841.58,,,yes,4458,340,,,,,34716.8,,0.4851,0.0014,0.7685,0.0014,1.5,1.5,Cheng et al. 2013,118128,839.119,839.119,,,yes,,,,yes
11751,666,MC-ICP-MS U/Th,101.25,1.5,CC5 288,calcite,10.2,10.2,119105,1055.4,1055.4,,,yes,4902,372,,,,,33359.8,,0.4885,0.0015,0.7703,0.0021,1.5,1.5,Cheng et al. 2013,119101,1045.4,1045.4,,,yes,,,,yes
11752,666,MC-ICP-MS U/Th,102.31,0.4,CC5c 4+6,calcite,2.8,2.8,119072,983.945,983.945,,,yes,3860,321,,,,,13743.9,,0.4883,0.0018,0.7701,0.0013,1.5,1.5,Cheng et al. 2013,119068,990.766,990.766,,,yes,,,,yes
11753,666,MC-ICP-MS U/Th,119.9,1.5,CC5-4R,calcite,12.9,12.9,120963,1379.66,1379.66,,,yes,5755,434,,,,,21249.3,,0.4932,0.0026,0.7714,0.0015,1.5,1.5,Cheng et al. 2013,120954,1383.43,1383.43,,,yes,,,,yes
11754,666,MC-ICP-MS U/Th,125.05,0.4,CC5a 437-439,calcite,2.9,2.9,122729,816.849,816.849,,,yes,5026,415,,,,,10452.8,,0.4953,0.0013,0.7695,0.0013,1.5,1.5,Cheng et al. 2013,122711,823.167,823.167,,,yes,,,,yes
11755,666,MC-ICP-MS U/Th,128.05,0.4,CC5a 467-469,calcite,3.2,3.2,121981,1263.66,1263.66,,,yes,3224,262,,,,,5833.4,,0.4969,0.0022,0.7735,0.0017,1.5,1.5,Cheng et al. 2013,121962,1249.68,1249.68,,,yes,,,,yes
11756,666,MC-ICP-MS U/Th,130.95,0.4,CC5c 210-212,calcite,,,124012,1240.29,1240.29,,,yes,,,,,,,4299,,0.4992,0.0021,0.7712,0.0016,1.5,1.5,Cheng et al. 2013,123986,1226.69,1226.69,,,yes,,,,yes
11757,666,MC-ICP-MS U/Th,131.65,0.4,CC5c 203+205,calcite,3,3,123033,1119.25,1119.25,,,yes,4961,407,,,,,32152.6,,0.4974,0.0017,0.7714,0.0019,1.5,1.5,Cheng et al. 2013,123039,1116.77,1116.77,,,yes,,,,yes
11758,666,Event; hiatus,132.1,,,,,,,,,,,yes,,,,,,,,,,,,,,,,,,,,,yes,,,,yes
11759,666,MC-ICP-MS U/Th,132.55,0.4,CC5f 4+6,calcite,5.6,5.6,126188,1033.85,1033.85,,,yes,3200,247,,,,,13625.7,,0.5037,0.0014,0.7715,0.0018,1.5,1.5,Cheng et al. 2013,126175,1027.26,1027.26,,,yes,,,,yes
11760,666,MC-ICP-MS U/Th,133.05,0.4,CC5f 9-11,calcite,,,125613,929.822,929.822,,,yes,,,,,,,7204.2,,0.5013,0.0014,0.7699,0.0014,1.5,1.5,Cheng et al. 2013,125583,918.618,918.618,,,yes,,,,yes
11761,666,MC-ICP-MS U/Th,133.66,0.4,CC5f 17-19,calcite,,,127560,1161.35,1161.35,,,no,,,,,,,19926.6,,0.5034,0.0018,0.7678,0.0016,1.5,1.5,Cheng et al. 2013,127562,1155.06,1155.06,,,no,,,,no
11762,666,MC-ICP-MS U/Th,136.75,0.5,CC5a 572-575,calcite,3.6,3.6,125887,889.756,889.756,,,yes,4870,390,,,,,28542.6,,0.5033,0.0014,0.7717,0.0013,1.5,1.5,Cheng et al. 2013,125891,891.462,891.462,,,yes,,,,yes
11763,666,MC-ICP-MS U/Th,143.55,0.4,CC5a 504-506,calcite,3.1,3.1,125837,1139.69,1139.69,,,yes,3320,271,,,,,16492.2,,0.5051,0.0019,0.7741,0.0015,1.5,1.5,Cheng et al. 2013,125838,1128.11,1128.11,,,yes,,,,yes
11764,666,MC-ICP-MS U/Th,143.75,1.5,CC5 328,calcite,8,8,126919,1263.33,1263.33,,,yes,3612,275,,,,,27390.3,,0.5076,0.002,0.7746,0.0018,1.5,1.5,Cheng et al. 2013,126912,1272.93,1272.93,,,yes,,,,yes
11765,666,MC-ICP-MS U/Th,147.25,0.5,CC5a 327-331,calcite,3,3,127080,980.038,980.038,,,yes,7135,586,,,,,3754.6,,0.5076,0.0013,0.7742,0.0017,1.5,1.5,Cheng et al. 2013,127055,967.525,967.525,,,yes,,,,yes
11766,666,MC-ICP-MS U/Th,148.45,1.5,CC5 333,calcite,,,127855,781.898,781.898,,,yes,,,,,,,104607.8,,0.509,0.0011,0.7741,0.0013,1.5,1.5,Cheng et al. 2013,127855,794.858,794.858,,,yes,,,,yes
11767,666,MC-ICP-MS U/Th,169.45,1.5,CC5-6,calcite,7.8,7.8,129224,1236.65,1236.65,,,yes,6991,532,,,,,304.8,,0.5118,0.0019,0.7743,0.0017,1.5,1.5,Cheng et al. 2013,128827,1284.55,1284.55,,,yes,,,,yes
11768,666,MC-ICP-MS U/Th,223.05,0.2,CC5 877,calcite,,,127734,1316.02,1316.02,,,yes,,,,,,,10489.8,,0.5107,0.0021,0.7765,0.0017,1.5,1.5,Cheng et al. 2013,127727,1297.41,1297.41,,,yes,,,,yes
11769,666,MC-ICP-MS U/Th,227.2,0.4,CC5 834-836,calcite,3.9,3.9,130383,1205.73,1205.73,,,yes,7194,570,,,,,1262,,0.5142,0.0019,0.7746,0.0015,1.5,1.5,Cheng et al. 2013,130290,1213.4,1213.4,,,yes,,,,yes
11770,666,MC-ICP-MS U/Th,229.8,0.5,CC5-31,calcite,11.4,11.4,129109,1017.48,1017.48,,,yes,4559,344,,,,,22255.6,,0.5109,0.0014,0.7735,0.0016,1.5,1.5,Cheng et al. 2013,129094,1007.49,1007.49,,,yes,,,,yes
11771,666,MC-ICP-MS U/Th,231.8,1.5,CC5-32,calcite,7.5,7.5,130057,1197.65,1197.65,,,yes,6185,471,,,,,17058.4,,0.511,0.0017,0.7714,0.0018,1.5,1.5,Cheng et al. 2013,130054,1223.32,1223.32,,,yes,,,,yes
11772,666,MC-ICP-MS U/Th,232.35,0.3,CC5 784-783,calcite,2.1,2.1,130725,1338.2,1338.2,,,yes,4603,409,,,,,18026.8,,0.5158,0.0022,0.7758,0.0015,1.5,1.5,Cheng et al. 2013,130715,1352.32,1352.32,,,yes,,,,yes
11773,666,MC-ICP-MS U/Th,232.5,1.5,CC5-30,calcite,15.9,15.9,129028,1162.73,1162.73,,,yes,5553,418,,,,,60347.6,,0.5092,0.0018,0.7716,0.0015,1.5,1.5,Cheng et al. 2013,129009,1147.33,1147.33,,,yes,,,,yes
11774,666,MC-ICP-MS U/Th,234.1,0.2,CC5 766,calcite,,,130640,2053.83,2053.83,,,yes,,,,,,,16047.4,,0.5166,0.0032,0.777,0.0026,1.5,1.5,Cheng et al. 2013,130600,2037.04,2037.04,,,yes,,,,yes
11775,666,MC-ICP-MS U/Th,235.8,0.2,CC5 749,calcite,,,131072,1661.66,1661.66,,,yes,,,,,,,951.1,,0.5185,0.0025,0.7783,0.0023,1.5,1.5,Cheng et al. 2013,130951,1678.44,1678.44,,,yes,,,,yes
11776,666,MC-ICP-MS U/Th,237.3,0.2,CC5 734,calcite,,,132448,2276.98,2276.98,,,yes,,,,,,,11693.9,,0.5236,0.0038,0.7814,0.0023,1.5,1.5,Cheng et al. 2013,132453,2301.01,2301.01,,,yes,,,,yes
11777,666,MC-ICP-MS U/Th,238.5,0.2,CC5 722,calcite,,,133498,1683.27,1683.27,,,yes,,,,,,,8210.7,,0.5265,0.0025,0.7825,0.0022,1.5,1.5,Cheng et al. 2013,133501,1678.72,1678.72,,,yes,,,,yes
11778,666,MC-ICP-MS U/Th,239.15,1.5,CC5-7R,calcite,22,22,134255,1182.03,1182.03,,,yes,2401,180,,,,,6428.9,,0.5261,0.0018,0.7804,0.0014,1.5,1.5,Cheng et al. 2013,134238,1176.14,1176.14,,,yes,,,,yes
11779,666,MC-ICP-MS U/Th,240,0.2,CC5 707,calcite,,,137181,1598.38,1598.38,,,yes,,,,,,,3837.7,,0.5347,0.0021,0.7844,0.0023,1.5,1.5,Cheng et al. 2013,137150,1600.57,1600.57,,,yes,,,,yes
11780,666,MC-ICP-MS U/Th,241.05,0.3,CC5 696-697,calcite,,,138475,2317.02,2317.02,,,yes,,,,,,,6404,,0.5391,0.003,0.7869,0.0033,1.5,1.5,Cheng et al. 2013,138470,2304.98,2304.98,,,yes,,,,yes
11781,666,MC-ICP-MS U/Th,241.5,1.5,CC5 136,calcite,10.6,10.6,139192,1277.26,1277.26,,,yes,2852,216,,,,,21059.3,,0.5389,0.0017,0.7852,0.0017,1.5,1.5,Cheng et al. 2013,139174,1261.98,1261.98,,,yes,,,,yes
11782,666,MC-ICP-MS U/Th,242.2,0.2,CC5 685,calcite,,,142015,1816.78,1816.78,,,yes,,,,,,,3964.3,,0.5405,0.0024,0.7814,0.0022,1.5,1.5,Cheng et al. 2013,141975,1829.46,1829.46,,,yes,,,,yes
11783,667,MC-ICP-MS U/Th,115.25,1.6,CC7 635-639,calcite,4.9,4.9,121645,965.96,965.96,,,yes,3651,284,,,,,11168.6,,0.4945,0.0014,0.7713,0.0018,1.5,1.5,Cheng et al. 2013,121631,959.926,959.926,yes,yes,yes,,,yes,yes
11784,667,MC-ICP-MS U/Th,120.55,1.6,CC7 688-692,calcite,3.7,3.7,123582,1051.32,1051.32,,,yes,3372,269,,,,,12222.3,,0.4952,0.0016,0.7672,0.0017,1.5,1.5,Cheng et al. 2013,123567,1041.44,1041.44,yes,yes,yes,,,yes,yes
11785,667,MC-ICP-MS U/Th,124.55,1.6,CC7 728-732          ,calcite,3.6,3.6,123124,1281.23,1281.23,,,yes,2203,176,,,,,11987.7,,0.4967,0.002,0.7703,0.002,1.5,1.5,Cheng et al. 2013,123109,1270.62,1270.62,yes,yes,yes,,,yes,yes
11786,667,MC-ICP-MS U/Th,130.35,1.4,CC7 884-886,calcite,7.9,7.9,126441,1065.17,1065.17,,,yes,3071,234,,,,,10777.7,,0.5035,0.0017,0.7706,0.0015,1.5,1.5,Cheng et al. 2013,126433,1076.46,1076.46,yes,yes,yes,,,yes,yes
11787,667,MC-ICP-MS U/Th,137.8,2.5,CC7-11,calcite,,,125077,1164.69,1164.69,,,yes,,,,,,,11178.3,,0.5025,0.0019,0.7727,0.0017,1.5,1.5,Cheng et al. 2013,125076,1187.02,1187.02,yes,yes,yes,,,yes,yes
11788,667,MC-ICP-MS U/Th,138.35,1.4,CC7 804-806          ,calcite,9.4,9.4,125059,1187.43,1187.43,,,yes,6547,496,,,,,28498.5,,0.5015,0.002,0.7715,0.0016,1.5,1.5,Cheng et al. 2013,125061,1198.05,1198.05,yes,yes,yes,,,yes,yes
11789,667,Event; hiatus,138.7,,,,,,,,,,,yes,,,,,,,,,,,,,,,,,,,yes,yes,yes,,,yes,yes
11790,667,MC-ICP-MS U/Th,139.1,1.3,CC7 331-332,calcite,2.7,2.7,126861.82,1669.0114,1669.0114,,,yes,2724,228,,,,,979.2,,0.5078,0.0025,0.775,0.0026,1.5,1.5,Cheng et al. 2013,126740.65,1677.513,1677.513,yes,yes,yes,,,yes,yes
11791,667,MC-ICP-MS U/Th,139.75,1.2,CC7-325,calcite,,,127191.86,2041.6496,2041.6496,,,yes,,,,,,,3762,,0.5053,0.0035,0.7711,0.0022,1.5,1.5,Cheng et al. 2013,127136.29,2029.2137,2029.2137,yes,yes,yes,,,yes,yes
11792,667,MC-ICP-MS U/Th,145.55,1.2,CC7-268,calcite,,,128501.77,1472.0531,1472.0531,,,yes,,,,,,,9831.7,,0.5104,0.0016,0.7743,0.0029,1.5,1.5,Cheng et al. 2013,128493.68,1492.3267,1492.3267,yes,yes,yes,,,yes,yes
11793,668,MC-ICP-MS U/Th,40.25,0.2,CC28 473,calcite,1.7,1.7,107801,1213.23,1213.23,,,no,3294,314,,,,,10477.7,,0.4432,0.0022,0.742,0.0021,1.5,1.5,Cheng et al. 2013,107795,1215.53,1215.53,no,no,no,,,no,no
11794,668,MC-ICP-MS U/Th,52.65,1.2,CC28-597,calcite,2.8,2.8,108247,1400.05,1400.05,,,yes,2498,208,,,,,23176.8,,0.4443,0.0028,0.7422,0.0018,1.5,1.5,Cheng et al. 2013,108223,1390.4,1390.4,yes,yes,yes,,,yes,yes
11795,668,MC-ICP-MS U/Th,56.45,1.2,CC28 635,calcite,2.2,2.2,108452,1183.13,1183.13,,,yes,2730,239,,,,,15356.1,,0.4465,0.002,0.7446,0.0023,1.5,1.5,Cheng et al. 2013,108440,1159.42,1159.42,yes,yes,yes,,,yes,yes
11796,668,MC-ICP-MS U/Th,56.9,1.5,CC28 638-641,calcite,,,109180,1006.41,1006.41,,,yes,,,,,,,5952.9,,0.4476,0.002,0.7439,0.0014,1.5,1.5,Cheng et al. 2013,109162,1006.74,1006.74,yes,yes,yes,,,yes,yes
11797,668,MC-ICP-MS U/Th,57.8,1.5,CC28 647-650,calcite,,,109113,875.932,875.932,,,yes,,,,,,,11240.4,,0.4489,0.0016,0.7459,0.0016,1.5,1.5,Cheng et al. 2013,109113,900.03,900.03,yes,yes,yes,,,yes,yes
11798,668,MC-ICP-MS U/Th,58.8,1.5,CC28 657-660,calcite,,,109315,1187.47,1187.47,,,yes,,,,,,,14244,,0.4489,0.0021,0.7453,0.0022,1.5,1.5,Cheng et al. 2013,109288,1186.98,1186.98,yes,yes,yes,,,yes,yes
11799,668,MC-ICP-MS U/Th,59.65,1.2,CC28 667,calcite,2.4,2.4,110905,1256.58,1256.58,,,yes,2060,177,,,,,15845.6,,0.4539,0.0024,0.7474,0.0018,1.5,1.5,Cheng et al. 2013,110887,1238.75,1238.75,yes,yes,yes,,,yes,yes
11800,668,MC-ICP-MS U/Th,62.7,1.5,CC28 696-699,calcite,5.4,5.4,110319,867.501,867.501,,,yes,3321,257,,,,,15434.2,,0.4506,0.0016,0.7446,0.0013,1.5,1.5,Cheng et al. 2013,110312,845.14,845.14,yes,yes,yes,,,yes,yes
11801,668,MC-ICP-MS U/Th,64.95,1.6,CC28 718-722,calcite,5.4,5.4,110573,916.309,916.309,,,yes,3723,288,,,,,3111.8,,0.4553,0.0015,0.7503,0.0018,1.5,1.5,Cheng et al. 2013,110536,908.507,908.507,yes,yes,yes,,,yes,yes
11802,668,MC-ICP-MS U/Th,66.25,1.4,CC28 732-734,calcite,6.6,6.6,112682,932.576,932.576,,,yes,3904,299,,,,,39024.8,,0.459,0.0017,0.7491,0.0014,1.5,1.5,Cheng et al. 2013,112681,928.888,928.888,yes,yes,yes,,,yes,yes
11803,668,MC-ICP-MS U/Th,73.15,1.4,CC28 801-803,calcite,2.2,2.2,113302,1310.67,1310.67,,,yes,3067,269,,,,,23398.3,,0.4608,0.0024,0.7498,0.0019,1.5,1.5,Cheng et al. 2013,113290,1300.93,1300.93,yes,yes,yes,,,yes,yes
11804,668,MC-ICP-MS U/Th,75.85,1.2,CC28-829,calcite,1.8,1.8,115015,1953.17,1953.17,,,yes,2719,254,,,,,16160.6,,0.4623,0.0035,0.747,0.0027,1.5,1.5,Cheng et al. 2013,114987,1976.78,1976.78,yes,yes,yes,,,yes,yes
11805,668,MC-ICP-MS U/Th,81.25,1.2,CC28-883,calcite,1.8,1.8,115678,1290.79,1290.79,,,yes,2998,280,,,,,13589.5,,0.4655,0.0023,0.7494,0.0018,1.5,1.5,Cheng et al. 2013,115645,1295.63,1295.63,yes,yes,yes,,,yes,yes
11806,668,MC-ICP-MS U/Th,86.45,1.4,CC28 1222-1224,calcite,7,7,115404,839.82,839.82,,,yes,3875,296,,,,,6380.3,,0.4654,0.0014,0.75,0.0014,1.5,1.5,Cheng et al. 2013,115386,842.243,842.243,yes,yes,yes,,,yes,yes
11807,668,MC-ICP-MS U/Th,94.35,1.2,CC28 1144,calcite,4.2,4.2,117268,1012.34,1012.34,,,yes,3786,298,,,,,30233,,0.47,0.0017,0.751,0.0016,1.5,1.5,Cheng et al. 2013,117265,1024.02,1024.02,yes,yes,yes,,,yes,yes
11808,668,MC-ICP-MS U/Th,106.65,2,CC28 D1,calcite,10.5,10.5,117762,1326.76,1326.76,,,yes,4208,318,,,,,6062.8,,0.4736,0.0024,0.7544,0.0017,1.5,1.5,Cheng et al. 2013,117758,1343.87,1343.87,yes,yes,yes,,,yes,yes
11809,670,MC-ICP-MS U/Th,6.3,0.6,"CC27 31,32,33",calcite,,,2763,,,,,yes,,,,,,,496.6459,,,,0.6483,,,,Cheng et al. 2013,2693.19,70.7313,70.7313,yes,,yes,yes,,yes,
11810,670,MC-ICP-MS U/Th,23.5,0.2,CC27-118,calcite,,,3443,,,,,yes,,,,,,,2624.0705,,,,0.6507,,,,Cheng et al. 2013,3382.59,53.3605,53.3605,yes,,yes,yes,,yes,
11811,670,MC-ICP-MS U/Th,43.7,0.2,CC27-220,calcite,,,4117,,,,,yes,,,,,,,2709.2452,,,,0.6517,,,,Cheng et al. 2013,4056.56,35.4879,35.4879,yes,,yes,yes,,yes,
11812,670,MC-ICP-MS U/Th,56.7,0.2,CC27-284,calcite,,,4178,,,,,yes,,,,,,,188.9949,,,,0.6538,,,,Cheng et al. 2013,4077.46,77.8013,77.8013,yes,,yes,yes,,yes,
11813,670,MC-ICP-MS U/Th,65.9,0.2,CC27-330,calcite,,,4691,,,,,yes,,,,,,,398.5427,,,,0.6528,,,,Cheng et al. 2013,4606.54,39.9494,39.9494,yes,,yes,yes,,yes,
11814,670,MC-ICP-MS U/Th,87.3,0.2,CC27 437,calcite,,,5172,,,,,yes,,,,,,,3637.0706,,,,0.653,,,,Cheng et al. 2013,5120.62,71.959,71.959,yes,,yes,yes,,yes,
11815,670,MC-ICP-MS U/Th,98.3,0.2,CC27 492,calcite,,,5372,,,,,no,,,,,,,3175.7312,,,,0.6518,,,,Cheng et al. 2013,5392,38,38,no,,no,no,,no,
11816,670,MC-ICP-MS U/Th,99.3,0.2,CC27 497,calcite,,,5255,,,,,yes,,,,,,,4077.6739,,,,0.6522,,,,Cheng et al. 2013,5198.51,71.9357,71.9357,yes,,yes,yes,,yes,
11817,670,MC-ICP-MS U/Th,100.4,0.4,CC27-502-503,calcite,,,5324,,,,,yes,,,,,,,11788.6375,,,,0.653,,,,Cheng et al. 2013,5255.68,21.3157,21.3157,yes,,yes,yes,,yes,
11818,670,MC-ICP-MS U/Th,121.5,0.2,CC27-608,calcite,,,5788,,,,,yes,,,,,,,1613.9824,,,,0.6545,,,,Cheng et al. 2013,5741.08,54.127,54.127,yes,,yes,yes,,yes,
11819,670,MC-ICP-MS U/Th,161.9,0.2,CC27-809,calcite,,,7177,,,,,yes,,,,,,,7342.5966,,,,0.6537,,,,Cheng et al. 2013,7131.93,112.153,112.153,yes,,yes,yes,,yes,
12292,694,TIMS,19.1,,Bt2-3a,calcite,,,,,,,,yes,,,,,,,31.32,,0.103,0.00515,4.735,0.0156255,2.591257794,1.295628897,Cheng et al. 2000,2245,130,130,,yes,,,,yes,
12293,694,TIMS,48.5,,Bt2-6a,calcite,,,,,,,,yes,,,,,,,55.33,,0.246,0.0020664,4.281,0.0145554,2.591257794,1.295628897,Cheng et al. 2000,6245,70,70,,yes,,,,yes,
12294,694,TIMS,77.3,,Bt2-9a,calcite,,,,,,,,yes,,,,,,,55.64,,0.379,0.018192,4.634,0.0078778,2.591257794,1.295628897,Cheng et al. 2000,9045,460,460,,yes,,,,yes,
12295,694,TIMS,103.1,,Bt2-11a,calcite,,,,,,,,yes,,,,,,,117.96,,0.453,0.017667,4.466,0.0147378,2.591257794,1.295628897,Cheng et al. 2000,11375,470,470,,yes,,,,yes,
12296,694,TIMS,114.1,,Bt2-12a,calcite,,,,,,,,yes,,,,,,,106.28,,0.592,0.009472,4.606,0.0147392,2.591257794,1.295628897,Cheng et al. 2000,14545,260,260,,yes,,,,yes,
12297,694,TIMS,134,,Bt2-14a,calcite,,,,,,,,yes,,,,,,,123.87,,0.699,0.021669,4.331,0.0103944,2.591257794,1.295628897,Cheng et al. 2000,18545,630,630,,yes,,,,yes,
12298,694,TIMS,161.5,,Bt2-17a,calcite,,,,,,,,yes,,,,,,,293.43,,0.836,0.010032,4.208,0.0130448,2.591257794,1.295628897,Cheng et al. 2000,23335,320,320,,yes,,,,yes,
12299,694,TIMS,186.6,,Bt2-19a,calcite,,,,,,,,yes,,,,,,,201.41,,0.929,0.040876,3.943,0.0138005,2.591257794,1.295628897,Cheng et al. 2000,28115,1380,1380,,yes,,,,yes,
12300,694,TIMS,211.1,,Bt2-21a,calcite,,,,,,,,yes,,,,,,,247.77,,0.86,0.01118,3.28,0.010168,2.591257794,1.295628897,Cheng et al. 2000,31775,489,489,,yes,,,,yes,
12301,694,TIMS,236,,Bt2-23a,calcite,,,,,,,,yes,,,,,,,153.82,,1.18,0.04366,3.832,0.0103464,2.591257794,1.295628897,Cheng et al. 2000,38005,1640,1640,,yes,,,,yes,
12302,694,TIMS,281.2,,Bt2-25a,calcite,,,,,,,,yes,,,,,,,671.02,,1.178,0.04712,3.23,0.010659,2.591257794,1.295628897,Cheng et al. 2000,46595,2230,2230,,yes,,,,yes,
12303,694,TIMS,318.3,,Bt2-27a,calcite,,,,,,,,yes,,,,,,,659,,1.459,0.016049,3.165,0.017724,2.591257794,1.295628897,Cheng et al. 2000,62145,990,990,,yes,,,,yes,
12304,694,TIMS,356.2,,Bt2-30a,calcite,,,,,,,,yes,,,,,,,557.37,,1.681,0.0136161,3.424,0.0106144,2.591257794,1.295628897,Cheng et al. 2000,67155,750,750,,yes,,,,yes,
12305,694,TIMS,386.5,,Bt2-32a,calcite,,,,,,,,yes,,,,,,,379.69,,2.06,0.02472,3.839,0.0103653,2.591257794,1.295628897,Cheng et al. 2000,75095,1240,1240,,yes,,,,yes,
12306,694,TIMS,421.2,,Bt2-34a,calcite,,,,,,,,yes,,,,,,,841.73,,2.088,0.022968,3.714,0.0141132,2.591257794,1.295628897,Cheng et al. 2000,80035,1280,1280,,yes,,,,yes,
12307,694,TIMS,456.3,,Bt2-36a,calcite,,,,,,,,yes,,,,,,,759.79,,2.285,0.029705,3.967,0.0404634,2.591257794,1.295628897,Cheng et al. 2000,82535,1910,1910,,yes,,,,yes,
12308,694,TIMS,551.2,,Bt2-40a,calcite,,,,,,,,yes,,,,,,,450.15,,2.277,0.038709,3.64,0.033488,2.591257794,1.295628897,Cheng et al. 2000,92735,2570,2570,,yes,,,,yes,
12309,694,TIMS,608.2,,Bt2-42b,calcite,,,,,,,,yes,,,,,,,884.2,,2.259,0.031626,3.348,0.0157356,2.591257794,1.295628897,Cheng et al. 2000,103745,2300,2300,,yes,,,,yes,
12310,694,TIMS,653,,Bt2-44a,calcite,,,,,,,,yes,,,,,,,587.54,,2.358,0.0219294,3.352,0.0298328,2.591257794,1.295628897,Cheng et al. 2000,110615,2210,2210,,yes,,,,yes,
12311,694,TIMS,686.6,,Bt2-46a,calcite,,,,,,,,yes,,,,,,,427.26,,2.246,0.062888,3.124,0.0153076,2.591257794,1.295628897,Cheng et al. 2000,114905,5100,5100,,yes,,,,yes,
12312,694,Event; actively forming,0,,,,,,,,,,,yes,,,,,,,,,,,,,,,,-50,0,0,,yes,,,,yes,
12313,695,MC-ICP-MS U/Th,0.3885,,UMD120912-340,calcite,3.16,3.16,3304.2,154.733,154.733,,,yes,1227.21838424953,,,,,,125.594406914467,,0.0196149106547724,0.000889263571467766,0.658438981443015,0.000904326441116157,14,9,Cheng et al. 2013,2940.24,279.529,279.529,,yes,,yes,,,yes
12314,695,MC-ICP-MS U/Th,1.1655,,UMD120723-244,calcite,2,2,5362.53,231.45,231.45,,,yes,1033.98228376882,,,,,,175.653469020207,,0.0317768621009928,0.00129014630519386,0.665250457465929,0.00612383584016334,14,9,Cheng et al. 2013,4944.54,353.328,353.328,,yes,,yes,,,yes
12315,695,MC-ICP-MS U/Th,1.9425,,UMD120723-301,calcite,1.8,1.8,7552.36,180.598,180.598,,,yes,1273.34665512989,,,,,,374.32171091416,,0.044347524171327,0.00100263195563058,0.665598811336903,0.00274126437808636,14,9,Cheng et al. 2013,7278.87,253.631,253.631,,yes,,yes,,,yes
12316,695,MC-ICP-MS U/Th,2,,UMA01903  Dec-2007,calcite,3.5,3.5,10073.764815539,193.23480662481,193.23480662481,,,yes,1167.70087237653,,,,,,188.890258215603,,0.058761624548418,0.00109193824968564,0.668895501591034,0.00229596243308316,14,9,Cheng et al. 2013,10001.4,217.2,217.2,,yes,,yes,,,yes
12317,695,MC-ICP-MS U/Th,2.7195,,UMD120723-306,calcite,2.1,2.1,13500.7,310.56,310.56,,,yes,1129.95408424172,,,,,,782.269628374983,,0.0769018706031867,0.00158481107847859,0.666721592551432,0.00331977791634438,14,9,Cheng et al. 2013,13272.5,345.698,345.698,,yes,,yes,,,yes
12318,695,MC-ICP-MS U/Th,3.4965,,UMD120723-403,calcite,2.4,2.4,14339.9,260.134,260.134,,,yes,1111.96402231872,,,,,,219.468141707643,,0.0824773693821663,0.00132808343558242,0.675977767095512,0.00373789437135473,14,9,Cheng et al. 2013,13476.3,617.252,617.252,,yes,,yes,,,yes
12319,695,MC-ICP-MS U/Th,4.2735,,UMD120723-407,calcite,2.4,2.4,25840.6,331.267,331.267,,,yes,1034.38402210075,,,,,,374.574933055925,,0.141522353140607,0.00146934634088432,0.682087794638485,0.00215333207234525,14,9,Cheng et al. 2013,24964.8,667.841,667.841,,yes,,yes,,,yes
12320,695,MC-ICP-MS U/Th,5.0505,,UMD120723-415,calcite,2.2,2.2,30507.9,373.015,373.015,,,yes,1252.64959331685,,,,,,152.468926885201,,0.165800205129038,0.00164687709954096,0.692357615978453,0.00245632175724833,14,9,Cheng et al. 2013,27972.1,1704.6,1704.6,,yes,,yes,,,yes
12321,695,MC-ICP-MS U/Th,5.8275,,UMD120723-418,calcite,3.1,3.1,47062.2,655.127,655.127,,,yes,1003.76616504027,,,,,,490.387365033294,,0.238999438056723,0.00226284086348186,0.701085248694479,0.00305019386755933,14,9,Cheng et al. 2013,45928.5,995.2,995.2,,yes,,yes,,,yes
12322,695,MC-ICP-MS U/Th,6.6045,,UMD120723-422,calcite,2.3,2.3,49865.9,857.424,857.424,,,yes,1008.90169263376,,,,,,777.670585862196,,0.251565483554512,0.00308446185690897,0.705643528502619,0.0027263760513184,14,9,Cheng et al. 2013,49117.9,973.531,973.531,,yes,,yes,,,yes
12323,695,MC-ICP-MS U/Th,7.3815,,UMD120723-429,calcite,2.5,2.5,56615.4,632.256,632.256,,,yes,1026.07531093449,,,,,,1432.16489546151,,0.280025751334722,0.00202360632223391,0.713445503443084,0.00262705331063097,14,9,Cheng et al. 2013,56157.7,701.168,701.168,,yes,,yes,,,yes
12324,695,MC-ICP-MS U/Th,8.1585,,UMD120723-433,calcite,2.1,2.1,64993.7,899.374,899.374,,,yes,899.329246781961,,,,,,480.336245946297,,0.312366426620297,0.00270981912581309,0.720270086421342,0.00280572382595801,14,9,Cheng et al. 2013,63489.7,1318.98,1318.98,,yes,,yes,,,yes
12325,695,MC-ICP-MS U/Th,8.9355,,UMD120723-448,calcite,2.7,2.7,77976.3,1146.45,1146.45,,,yes,792.15651047178,,,,,,475.539844279492,,0.356784256875822,0.00294684901489671,0.726908519923287,0.00309101120067606,14,9,Cheng et al. 2013,76221.5,1616.71,1616.71,,yes,,yes,,,yes
12326,695,MC-ICP-MS U/Th,9.7125,,UMD120723-500,calcite,2.1,2.1,77551.2,1422.13,1422.13,,,yes,997.033042186331,,,,,,1719.0762859953,,0.35775468308939,0.00389638226839968,0.730871354880405,0.0029519780917512,14,9,Cheng et al. 2013,77068.7,1445.11,1445.11,,yes,,yes,,,yes
12327,695,MC-ICP-MS U/Th,10.4895,,UMD120723-517,calcite,2.45,2.45,77487.9,1284.9,1284.9,,,yes,1250.31640789006,,,,,,6715.32711011131,,0.361120455802226,0.00367386122584887,0.737118702628267,0.00218681942091526,14,9,Cheng et al. 2013,77373.5,1288.55,1288.55,,yes,,yes,,,yes
12328,695,MC-ICP-MS U/Th,11.2665,,UMD120723-525,calcite,3,3,79682.1,1058.97,1058.97,,,yes,1335.13753339986,,,,,,4371.67835471335,,0.367196445490953,0.00245355991962369,0.736316994325224,0.00332852318379252,14,9,Cheng et al. 2013,79486.3,1059.47,1059.47,,yes,,yes,,,yes
12329,695,MC-ICP-MS U/Th,12.23775,,UMD120723-539,calcite,3.3,3.3,81055.8,1165.91,1165.91,,,yes,1237.38559915637,,,,,,3935.30217548319,,0.372364045992648,0.00301217979768377,0.73831719004934,0.00284893458071806,14,9,Cheng et al. 2013,80845,1161.37,1161.37,,yes,,yes,,,yes
12330,695,MC-ICP-MS U/Th,13.01475,,UMD120725-208,calcite,2.7,2.7,83532.5,870.871,870.871,,,yes,1140.55716735058,,,,,,2073.85618232257,,0.377037843603917,0.00187473482487922,0.733965200470671,0.00263085497248226,14,9,Cheng et al. 2013,83120.5,909.141,909.141,,yes,,yes,,,yes
12331,695,MC-ICP-MS U/Th,13.79175,,UMD120725-213,calcite,2.7,2.7,86270,1327.4,1327.4,,,yes,1160.16468690716,,,,,,2134.90576383782,,0.385271270206357,0.00321710557833413,0.735122447455969,0.00288979734484236,14,9,Cheng et al. 2013,85847.5,1342.31,1342.31,,yes,,yes,,,yes
12332,695,MC-ICP-MS U/Th,14.56875,,UMD120725-214,calcite,2.2,2.2,89416.4,1686.98,1686.98,,,yes,1270.81000369451,,,,,,2854.0368122171,,0.393529298953609,0.00417127351336742,0.734553167694688,0.00259024548048779,14,9,Cheng et al. 2013,89094.7,1703,1703,,yes,,yes,,,yes
12333,695,MC-ICP-MS U/Th,15.34575,,UMD120725-220,calcite,2.6,2.6,91106.9,1046.84,1046.84,,,yes,1467.80621451052,,,,,,4175.03379683614,,0.396339788501507,0.00202901197414894,0.731989942768723,0.0029430421548355,14,9,Cheng et al. 2013,90880.9,1047.65,1047.65,,yes,,yes,,,yes
12334,695,MC-ICP-MS U/Th,16.89975,,UMD120725-242,calcite,2.4,2.4,104331,1610.6,1610.6,,,no,1718.2166356843,,,,,,7911.9425315989,,0.431477700462611,0.00327909355287009,0.736462207453012,0.00231089571328434,14,9,Cheng et al. 2013,104199,1605.58,1605.58,,no,,no,no,,no
12335,695,MC-ICP-MS U/Th,17.67675,,UMD120725-248,calcite,2.7,2.7,99921.8,1276.9,1276.9,,,yes,1465.87154600826,,,,,,1623.47068595699,,0.422483849589282,0.00247138725785299,0.738404035158087,0.00255311196636412,14,9,Cheng et al. 2013,99313.7,1336.45,1336.45,,yes,,yes,,,yes
12336,695,MC-ICP-MS U/Th,18.45375,,UMD120725-257,calcite,2.4,2.4,106135,1742.49,1742.49,,,yes,1440.17303847238,,,,,,640.249631573016,,0.440149211888243,0.00336220702713199,0.742910752218466,0.00277618732271211,14,9,Cheng et al. 2013,104509,2022.08,2022.08,,yes,,yes,,,yes
12337,695,MC-ICP-MS U/Th,19.23075,,UMD120725-259,calcite,2.7,2.7,108609,1615.21,1615.21,,,yes,1486.01146197445,,,,,,2906.21695180698,,0.450312575587646,0.00296923457321444,0.74935237432769,0.00278224990039519,14,9,Cheng et al. 2013,108255,1629.36,1629.36,,yes,,yes,,,yes
12338,695,MC-ICP-MS U/Th,20.00775,,UMD120725-304,calcite,2.5,2.5,116173,1517.59,1517.59,,,yes,1369.41631400537,,,,,,3266.61253011701,,0.470017970351097,0.00247805248185221,0.754007518934635,0.00264798317501657,14,9,Cheng et al. 2013,115842,1515.38,1515.38,,yes,,yes,,,yes
12339,695,MC-ICP-MS U/Th,20.78475,,UMD120725-309,calcite,2.3,2.3,118337,2496.49,2496.49,,,yes,1143.24511651778,,,,,,5681.9595424933,,0.48196181093459,0.00378319468671808,0.763905517126984,0.00461739607572469,14,9,Cheng et al. 2013,118160,2506.49,2506.49,,yes,,yes,,,yes
12340,695,MC-ICP-MS U/Th,21.56175,,UMD120725-412,calcite,2.5,2.5,121167,2393.57,2393.57,,,yes,1097.39417490091,,,,,,7155.0081157394,,0.484268700484439,0.00435006863151676,0.759444724660875,0.00238504523149718,14,9,Cheng et al. 2013,120998,2375.42,2375.42,,yes,,yes,,,yes
12341,695,MC-ICP-MS U/Th,22.33875,,UMD120725-426,calcite,2,2,123026,1886.05,1886.05,,,yes,1196.63109401865,,,,,,5414.60301933659,,0.490548858499598,0.00312379228868252,0.762593424453326,0.00256353914874234,14,9,Cheng et al. 2013,122836,1872.38,1872.38,,yes,,yes,,,yes
12342,695,MC-ICP-MS U/Th,23.11575,,UMD120725-430,calcite,2.4,2.4,126002,2666.12,2666.12,,,yes,1330.32586899209,,,,,,6363.04879957574,,0.497467359167452,0.00463273604832558,0.764158607837287,0.00268851664275097,14,9,Cheng et al. 2013,125816,2647.6,2647.6,,yes,,yes,,,yes
12343,695,MC-ICP-MS U/Th,23.89275,,UMD120725-437,calcite,2.6,2.6,127934,2081.21,2081.21,,,yes,1299.32060938262,,,,,,1952.35760466658,,0.502263913074175,0.0031247141967358,0.765564693672541,0.00295240230789187,14,9,Cheng et al. 2013,127336,2147.55,2147.55,,yes,,yes,,,yes
12344,695,MC-ICP-MS U/Th,23.9,,UMD120725-520,calcite,3.1,3.1,128330,1796.76,1796.76,,,yes,1360.19655108307,,,,,,1059.99875473248,,0.500897213520871,0.00238448681223393,0.762857781460698,0.00286560276994166,14,9,Cheng et al. 2013,127242,1953.71,1953.71,,yes,,yes,,,yes
12345,695,MC-ICP-MS U/Th,24,,UMA02038  Mar-2008,calcite,6.8,6.8,125194.569275465,1137.59800119905,1137.59800119905,,,yes,1150.16320300319,,,,,,6562.880392459,,0.493898358848985,0.00201018488737249,0.760795988331053,0.00172007813072163,14,9,Cheng et al. 2013,125173,1277.46,1277.46,,yes,,yes,,,yes
12346,695,MC-ICP-MS U/Th,24.66975,,UMD120725-438,calcite,2.6,2.6,137497,2737.49,2737.49,,,yes,1204.69635134503,,,,,,520.435558066158,,0.527619774378403,0.0041662767170527,0.77531802125813,0.00256506723202635,14,9,Cheng et al. 2013,135164,3076.13,3076.13,,yes,,yes,,,yes
12347,695,MC-ICP-MS U/Th,24.66975,,UMD120725-520,calcite,3.1,3.1,144014,2112.88,2112.88,,,yes,1360.19655108307,,,,,,849.481327638577,,0.53562438645239,0.00253895518905749,0.771911499755025,0.00268530205890307,14,9,Cheng et al. 2013,142543,2333.15,2333.15,,yes,,yes,,,yes
12348,695,MC-ICP-MS U/Th,25.44675,,UMD120725-440,calcite,2.4,2.4,144238,2788.24,2788.24,,,yes,1310.35357769748,,,,,,178.687145299943,,0.546626935404316,0.00394917286692202,0.784242150101211,0.00275139805143693,14,9,Cheng et al. 2013,137157,5387.88,5387.88,,yes,,yes,,,yes
12349,695,MC-ICP-MS U/Th,25.44675,,UMD120725-549,calcite,2.05,2.05,164268,3590.52,3590.52,,,yes,1170.37455940573,,,,,,1653.47376255487,,0.579246523610154,0.00367649261160088,0.787229187517461,0.00331563445767871,14,9,Cheng et al. 2013,163464,3605.31,3605.31,,yes,,yes,,,yes
12350,695,MC-ICP-MS U/Th,26.22375,,UMD120725-443,calcite,2.4,2.4,164039,3607.72,3607.72,,,yes,1024.41366739248,,,,,,1322.24472065906,,0.583438045335069,0.00412119252570893,0.792024043850254,0.00289895933778437,14,9,Cheng et al. 2013,163026,3616.82,3616.82,,yes,,yes,,,yes
12351,695,MC-ICP-MS U/Th,26.22375,,UMD120730-512,calcite,1.6,1.6,175876,4284,4284,,,no,1213.06376796693,,,,,,1686.25982032578,,0.600450832788585,0.00401131356044027,0.793988934229268,0.0034496519544828,14,9,Cheng et al. 2013,175034,4292.36,4292.36,,no,,no,no,,no
12352,695,MC-ICP-MS U/Th,27,,UMD120730-531,calcite,1.9,1.9,183339,6812.08,6812.08,,,no,1440.9513775305,,,,,,2129.49788818782,,0.592230077125076,0.00283525195784679,0.77695653362895,0.00671662807483822,14,9,Cheng et al. 2013,182641,6726.2,6726.2,,no,,no,no,,no
12353,695,MC-ICP-MS U/Th,27.00075,,UMD120725-504,calcite,2.1,2.1,171933,3752.97,3752.97,,,yes,1104.43793405769,,,,,,1868.24943522125,,0.594366436270776,0.00384949961338108,0.792734221120686,0.00289615808107307,14,9,Cheng et al. 2013,171186,3762.25,3762.25,,yes,,yes,,,yes
12354,695,MC-ICP-MS U/Th,28,,UMD120730-542,calcite,1.8,1.8,174721,3783.37,3783.37,,,yes,1560.53251467521,,,,,,6121.27294464471,,0.602444408296589,0.00380897841072562,0.797365694342069,0.00277907721589494,14,9,Cheng et al. 2013,174497,3716.08,3716.08,,yes,,yes,,,yes
12355,695,MC-ICP-MS U/Th,28,,UMA01875  Dec-2007,calcite,3.1,3.1,147349.108006141,1772.23455182083,1772.23455182083,,,no,1338.74616672152,,,,,,1109.51598484935,,0.554262069701716,0.00266834313084393,0.786464717986972,0.00191644871737596,14,9,Cheng et al. 2013,147197,1973.49,1973.49,,no,,no,no,,no
12356,695,MC-ICP-MS U/Th,29,,UMD120912-341,calcite,1.91,1.91,177720,7212.3,7212.3,,,yes,1206.78309437081,,,,,,3803.96097560035,,0.612388057116662,0.00796155194134663,0.804015284200904,0.00368820933399637,14,9,Cheng et al. 2013,177347,7254.65,7254.65,,yes,,yes,,,yes
12357,695,MC-ICP-MS U/Th,30,,UMD120912-342,calcite,1.99,1.99,191693,6207.41,6207.41,,,yes,983.214960672825,,,,,,2661.72470799583,,0.631485274947773,0.00615922462055675,0.807181624600212,0.00206179968325609,14,9,Cheng et al. 2013,191142,6296.22,6296.22,,yes,,yes,,,yes
12358,695,MC-ICP-MS U/Th,31,,UMD120912-343,calcite,2.26,2.26,203094,7280.83,7280.83,,,yes,903.90697064029,,,,,,3422.58619809196,,0.639484626467285,0.00642784091401922,0.804000080577307,0.00203935754735173,14,9,Cheng et al. 2013,202628,7280.4,7280.4,,yes,,yes,,,yes
12359,695,MC-ICP-MS U/Th,32,,UMD120912-344,calcite,2.49,2.49,196225,8571.92,8571.92,,,yes,1125.90468277491,,,,,,9978.8455083217,,0.638249581781508,0.00812650309522159,0.809210970967312,0.00307720852885756,14,9,Cheng et al. 2013,196126,8671.75,8671.75,,yes,,yes,,,yes
12360,695,MC-ICP-MS U/Th,33,,UMD120912-345,calcite,2.08,2.08,209459,5286.46,5286.46,,,yes,1115.29982987605,,,,,,5804.08531332088,,0.651140789912521,0.00386638379514393,0.809546647290979,0.00242516248506911,14,9,Cheng et al. 2013,209182,5264.22,5264.22,,yes,,yes,,,yes
12361,695,MC-ICP-MS U/Th,34,,UMD120912-346,calcite,1.93,1.93,201638,7641.83,7641.83,,,yes,1158.25192157226,,,,,,4916.37556554188,,0.649915454651866,0.00641736061110436,0.815295799308431,0.00357238304308433,14,9,Cheng et al. 2013,201293,7608.19,7608.19,,yes,,yes,,,yes
12362,695,MC-ICP-MS U/Th,35,,UMD120912-347,calcite,2.1,2.1,203788,5997.88,5997.88,,,yes,1237.25773892048,,,,,,1688.56861935507,,0.658137450805125,0.00561880179307239,0.821091236277238,0.00129387552900482,14,9,Cheng et al. 2013,202940,6003.27,6003.27,,yes,,yes,,,yes
12363,695,MC-ICP-MS U/Th,36,,UMD120912-348,calcite,2.33,2.33,227932,24155.1,24155.1,,,yes,1228.98893079814,,,,,,7239.98436587221,,0.670702202159629,0.0166331293721553,0.814408610932871,0.00487459793073,14,9,Cheng et al. 2013,227891,24054.5,24054.5,,yes,,yes,,,yes
12364,695,MC-ICP-MS U/Th,37,,UMD120912-349,calcite,2.19,2.19,213744,13965,13965,,,yes,1292.78869971823,,,,,,3039.68532252772,,0.664792869752523,0.0117211182015226,0.819025987019749,0.00260651358501552,14,9,Cheng et al. 2013,213211,14091.7,14091.7,,yes,,yes,,,yes
12365,695,MC-ICP-MS U/Th,38,,UMD120912-350,calcite,2.19,2.19,217522,8208.26,8208.26,,,yes,1307.82011033654,,,,,,2452.23290816649,,0.669078232879143,0.00609958271792062,0.819850543201158,0.00285368747943711,14,9,Cheng et al. 2013,216883,8191.64,8191.64,,yes,,yes,,,yes
12366,695,MC-ICP-MS U/Th,39,,UMD120912-351,calcite,1.9,1.9,239315,19513.6,19513.6,,,yes,1242.93517135272,,,,,,1223.44792749021,,0.682073495423075,0.0119075589958193,0.817251260213747,0.00403294590987445,14,9,Cheng et al. 2013,237979,19288,19288,,yes,,yes,,,yes
12367,695,MC-ICP-MS U/Th,40,,UMD120912-352,calcite,2.39,2.39,228055,7847.69,7847.69,,,yes,1309.05359250949,,,,,,1544.8934721001,,0.681529516764224,0.00522042372942754,0.823645130127807,0.00248899886483021,14,9,Cheng et al. 2013,226953,7908.89,7908.89,,yes,,yes,,,yes
12368,695,MC-ICP-MS U/Th,40,,UMA01886  Dec-2007,calcite,3,3,226148.834768078,8589.41633136601,8589.41633136601,,,yes,970.659267781758,,,,,,2639.92092814672,,0.681313720107836,0.00642972792871108,0.824318855205903,0.00298825838756689,14,9,Cheng et al. 2013,226187,9222.65,9222.65,,yes,,yes,,,yes
12369,695,MC-ICP-MS U/Th,40.97,,UMD110811-445,calcite,6,6,229918,5855.51,5855.51,,,yes,551.285934719925,,,,,,7067.39078163357,,0.685725977157167,0.00372608016190972,0.826082644691674,0.00195236227552734,14,9,Cheng et al. 2013,229682,5768.65,5768.65,,yes,,yes,,,yes
12370,695,MC-ICP-MS U/Th,41,,UMD120912-353,calcite,1.91,1.91,228003,9333.44,9333.44,,,yes,1175.695445226,,,,,,1725.66919781951,,0.688547220575478,0.00698900185818866,0.82995250198312,0.00140760144608212,14,9,Cheng et al. 2013,227058,9382.45,9382.45,,yes,,yes,,,yes
12371,695,MC-ICP-MS U/Th,41.43,,UMD110811-440,calcite,14.3,14.3,228585,4682.26,4682.26,,,yes,553.369792873239,,,,,,7785.59056312596,,0.687794875502893,0.00301668442785373,0.828882772686125,0.0017017238915298,14,9,Cheng et al. 2013,228348,4661.09,4661.09,,yes,,yes,,,yes
12372,695,MC-ICP-MS U/Th,41.89,,UMD110811-435,calcite,14.1,14.1,235606,4983.82,4983.82,,,yes,558.414379754144,,,,,,7503.94661180695,,0.694384792277815,0.00294973994048014,0.830195044731338,0.0018087298047947,14,9,Cheng et al. 2013,235392,5040.48,5040.48,,yes,,yes,,,yes
12373,695,MC-ICP-MS U/Th,42,,UMD120912-354,calcite,1.9,1.9,241358,11669.9,11669.9,,,yes,1067.80988761406,,,,,,12653.8171534269,,0.701012446521259,0.00764579083600242,0.832584749124119,0.00164790107402757,14,9,Cheng et al. 2013,241243,11655.2,11655.2,,yes,,yes,,,yes
12374,695,MC-ICP-MS U/Th,42.39,,UMD110811-429,calcite,15,15,231561,5223.96,5223.96,,,yes,563.604532346809,,,,,,6472.99671015978,,0.694627256583622,0.00336079555087401,0.832957461105175,0.00168221378159671,14,9,Cheng et al. 2013,231339,5229.84,5229.84,,yes,,yes,,,yes
12375,695,MC-ICP-MS U/Th,42.92,,UMD110811-428,calcite,15.7,15.7,238067,6331.25,6331.25,,,yes,547.856686739031,,,,,,11751.6818277389,,0.699532235825598,0.0037021999420127,0.833159147988197,0.00206886883767273,14,9,Cheng et al. 2013,237957,6289.71,6289.71,,yes,,yes,,,yes
12376,695,MC-ICP-MS U/Th,43,,UMD120912-355,calcite,2.21,2.21,239153,8537.86,8537.86,,,yes,1118.27527518304,,,,,,6860.06398960726,,0.699272601845046,0.00516405755850383,0.83240213694743,0.00234142961740118,14,9,Cheng et al. 2013,238922,8573.82,8573.82,,yes,,yes,,,yes
12377,695,MC-ICP-MS U/Th,43.45,,UMD110811-423,calcite,16.5,16.5,236224,5122.76,5122.76,,,yes,571.482905100481,,,,,,6917.7310517759,,0.698129854104875,0.00309291731981107,0.833097779661179,0.00172692074991789,14,9,Cheng et al. 2013,236012,5179.69,5179.69,,yes,,yes,,,yes
12378,695,MC-ICP-MS U/Th,43.96,,UMD110811-413,calcite,15,15,240344,5987.27,5987.27,,,yes,573.88657837824,,,,,,9496.1225525313,,0.70317539351522,0.00361518189972578,0.835124410963638,0.00167476446698997,14,9,Cheng et al. 2013,240122,5926.97,5926.97,,yes,,yes,,,yes
12379,695,MC-ICP-MS U/Th,44,,UMD120912-201,calcite,1.98,1.98,241753,7793.98,7793.98,,,yes,1082.68392066399,,,,,,7016.10921318955,,0.709935075117599,0.00423285922998096,0.840246995240369,0.00294051875675099,14,9,Cheng et al. 2013,241487,7938.73,7938.73,,yes,,yes,,,yes
12380,695,MC-ICP-MS U/Th,44.45,,UMD110811-408,calcite,13.1,13.1,249779,6277.46,6277.46,,,yes,556.818699751896,,,,,,4178.48774037259,,0.709798699936259,0.00329568151974854,0.835460808155601,0.00176260490058273,14,9,Cheng et al. 2013,249405,6313.91,6313.91,,yes,,yes,,,yes
12381,695,MC-ICP-MS U/Th,44.93,,UMD110811-406,calcite,12.8,12.8,250662,6386.63,6386.63,,,yes,523.640056148769,,,,,,4525.22467421878,,0.715529315372627,0.00339392176334405,0.84003656890461,0.00183060499389805,14,9,Cheng et al. 2013,250326,6423.61,6423.61,,yes,,yes,,,yes
12382,695,MC-ICP-MS U/Th,45,,UMD120912-206,calcite,2.08,2.08,250399,7309.8,7309.8,,,yes,1243.73158735382,,,,,,7137.00350547665,,0.717419154843673,0.00388475815742977,0.841778742518899,0.00212824128030462,14,9,Cheng et al. 2013,250138,7303.99,7303.99,,yes,,yes,,,yes
12383,695,MC-ICP-MS U/Th,45,,UMA01897  Dec-2007,calcite,3.2,3.2,252669.537602311,9317.4840299588,9317.4840299588,,,yes,937.615883520663,,,,,,2313.52070123876,,0.720553610647257,0.00484456606850112,0.842959153349275,0.00361597344042691,14,9,Cheng et al. 2013,252783,10471.4,10471.4,,yes,,yes,,,yes
12384,695,MC-ICP-MS U/Th,45.44,,UMD110811-402,calcite,13.25,13.25,267724,8613.37,8613.37,,,yes,515.485555207283,,,,,,3947.85977265801,,0.729708095669737,0.00375124757211427,0.843786045867033,0.0021467489649311,14,9,Cheng et al. 2013,267274,8585,8585,,yes,,yes,,,yes
12385,695,MC-ICP-MS U/Th,45.95,,UMD110811-328,calcite,14.5,14.5,269157,7917.47,7917.47,,,yes,670.796456635095,,,,,,5019.24284074244,,0.730070216272138,0.00344877526231039,0.843488177364093,0.00193890050873554,14,9,Cheng et al. 2013,268806,7833.08,7833.08,,yes,,yes,,,yes
12386,695,MC-ICP-MS U/Th,46,,UMD120920-255,calcite,2.14,2.14,271305,14105.7,14105.7,,,yes,1211.23477978006,,,,,,6209.13987315379,,0.729756059582378,0.00662350351023914,0.842442606903822,0.00206765474177243,14,9,Cheng et al. 2013,270926,14223.8,14223.8,,yes,,yes,,,yes
12387,695,MC-ICP-MS U/Th,46.46,,UMD110811-312,calcite,13.5,13.5,269213,9773.69,9773.69,,,yes,598.372281387086,,,,,,6223.95432885013,,0.732072586848232,0.00438493087165351,0.845179663666669,0.00213884670571617,14,9,Cheng et al. 2013,268939,9805.86,9805.86,,yes,,yes,,,yes
12388,695,MC-ICP-MS U/Th,46.97,,UMD110809-546,calcite,14,14,279180,4427.19,4427.19,,,yes,991.729111818524,,,,,,3539.85491446842,,0.74075278881387,0.0018397272757809,0.848304117988395,0.000885772348322488,14,9,Cheng et al. 2013,278704,4462.44,4462.44,,yes,,yes,,,yes
12389,695,MC-ICP-MS U/Th,47,,UMD120920-259,calcite,1.59,1.59,274394,17605,17605,,,yes,1300.79594255348,,,,,,3910.4689593455,,0.740424145541697,0.00719501124502298,0.850112398501508,0.00421084837133845,14,9,Cheng et al. 2013,273943,17932.2,17932.2,,yes,,yes,,,yes
12390,695,MC-ICP-MS U/Th,47.48,,UMD110809-545,calcite,14,14,278813,5928.18,5928.18,,,yes,989.442518959575,,,,,,2868.23471470994,,0.741683771126309,0.00246299183282877,0.849174328491167,0.00113188565597289,14,9,Cheng et al. 2013,278240,5979.68,5979.68,,yes,,yes,,,yes
12391,695,MC-ICP-MS U/Th,47.98,,UMD110809-543,calcite,13,13,278723,4794.94,4794.94,,,yes,1066.28696993685,,,,,,3645.91723187883,,0.744967869911383,0.00184646101707221,0.852009608227168,0.001184971118948,14,9,Cheng et al. 2013,278200,4774.99,4774.99,,yes,,yes,,,yes
12392,695,MC-ICP-MS U/Th,48,,UMD120920-304,calcite,1.76,1.76,276713,16588.5,16588.5,,,yes,1493.53481834559,,,,,,957.874741736348,,0.743948238281133,0.0067113669361584,0.851973986304723,0.00382797197252426,14,9,Cheng et al. 2013,275080,16575.8,16575.8,,yes,,yes,,,yes
12393,695,MC-ICP-MS U/Th,48.49,,UMD110809-541,calcite,14,14,283536,4919.08,4919.08,,,yes,1055.48414414287,,,,,,4133.15815365386,,0.748559032805794,0.00189899640962803,0.853094799582371,0.00104661077857369,14,9,Cheng et al. 2013,283104,4927.07,4927.07,,yes,,yes,,,yes
12394,695,MC-ICP-MS U/Th,49,,UMD120920-305,calcite,1.32,1.32,285251,19153.3,19153.3,,,yes,1888.28717425947,,,,,,1389.24977634618,,0.749272504617299,0.00766172759543264,0.853215988212074,0.00305909270969467,14,9,Cheng et al. 2013,283954,19479.8,19479.8,,yes,,yes,,,yes
12395,695,MC-ICP-MS U/Th,49,,UMD110809-540,calcite,16,16,280385,4703.74,4703.74,,,yes,1041.58313072427,,,,,,1304.92951128256,,0.747529151172325,0.00165738351486046,0.853418499434798,0.00117968075686709,14,9,Cheng et al. 2013,279096,4776.42,4776.42,,yes,,yes,,,yes
12396,695,MC-ICP-MS U/Th,49.5,,UMD110809-538,calcite,15,15,281275,4716.64,4716.64,,,yes,966.712908877191,,,,,,4901.19940480163,,0.749610245909623,0.00171168679882541,0.854776361518704,0.00123406933965978,14,9,Cheng et al. 2013,280942,4727.03,4727.03,,yes,,yes,,,yes
12397,695,MC-ICP-MS U/Th,50,,UMD120920-308,calcite,1.32,1.32,277952,10456.3,10456.3,,,yes,1750.84554035857,,,,,,19296.0776579904,,0.747225401140135,0.00361423534326478,0.854231362258767,0.00304832859076291,14,9,Cheng et al. 2013,277770,10447.2,10447.2,,yes,,yes,,,yes
12398,695,MC-ICP-MS U/Th,50.01,,UMD110809-537,calcite,16,16,287429,4393.93,4393.93,,,yes,956.629525958639,,,,,,7585.21285693062,,0.75184218854587,0.00141110310002115,0.854314566036353,0.00105578884246741,14,9,Cheng et al. 2013,287212,4396.58,4396.58,,yes,,yes,,,yes
12399,695,MC-ICP-MS U/Th,50.51,,UMD110809-536,calcite,14,14,290054,5611.68,5611.68,,,yes,976.191745641196,,,,,,17165.7021206739,,0.751551211170322,0.00197099137791623,0.853198556129322,0.00110512948461945,14,9,Cheng et al. 2013,289968,5656.23,5656.23,,yes,,yes,,,yes
12400,695,MC-ICP-MS U/Th,51,,UMD120920-418,calcite,1.77,1.77,293665,16823.8,16823.8,,,yes,1418.68818087574,,,,,,8987.4454988867,,0.754694238747634,0.0062215572005264,0.854621700985594,0.00246888250010492,14,9,Cheng et al. 2013,293466,16922.3,16922.3,,yes,,yes,,,yes
12401,695,MC-ICP-MS U/Th,51.02,,UMD110809-532,calcite,15,15,287425,5436.81,5436.81,,,yes,1007.61962583747,,,,,,11857.2594215287,,0.752964089731943,0.00169196714579628,0.855335208532846,0.00137797889997977,14,9,Cheng et al. 2013,287253,5417.2,5417.2,,yes,,yes,,,yes
12402,695,MC-ICP-MS U/Th,51.53,,UMD110809-530,calcite,14,14,292584,5147.54,5147.54,,,yes,1055.3293348936,,,,,,6611.79718537196,,0.755569084383409,0.0016972319626858,0.85561274453132,0.00108973196308467,14,9,Cheng et al. 2013,292315,5122.63,5122.63,,yes,,yes,,,yes
12403,695,MC-ICP-MS U/Th,52,,UMD120920-419,calcite,1.05,1.05,291941,21708.3,21708.3,,,yes,1787.6825695204,,,,,,9523.62186225905,,0.764104023846051,0.0088556317582456,0.863017970926995,0.00225587202861244,14,9,Cheng et al. 2013,291830,22063.2,22063.2,,yes,,yes,,,yes
12404,695,MC-ICP-MS U/Th,52.03,,UMD110809-529,calcite,15.6,15.6,297549,7770.74,7770.74,,,yes,1042.16466241275,,,,,,4843.25376307675,,0.758580575442896,0.00288775190974246,0.856443851554145,0.000897694932473289,14,9,Cheng et al. 2013,297202,7737.27,7737.27,,yes,,yes,,,yes
12405,695,MC-ICP-MS U/Th,52.53,,UMD110809-527,calcite,15.57,15.57,288786,6860.89,6860.89,,,yes,1044.16838514451,,,,,,4814.68125520799,,0.759261639638581,0.00205846234914567,0.86004875493322,0.00180383824748629,14,9,Cheng et al. 2013,288430,6919.8,6919.8,,yes,,yes,,,yes
12406,695,MC-ICP-MS U/Th,53,,UMD120920-422,calcite,0.5,0.5,292020,15851.8,15851.8,,,yes,3904.48180241511,,,,,,5576.9594206349,,0.767335019393915,0.00630643942207038,0.865536398640502,0.00226240182117138,14,9,Cheng et al. 2013,291837,15962.1,15962.1,,yes,,yes,,,yes
12407,695,MC-ICP-MS U/Th,53.03,,UMD110809-524,calcite,13.18,13.18,304130,6519.8,6519.8,,,yes,952.443006427617,,,,,,6010.04913626635,,0.765134431079607,0.00157911125945461,0.859628607943014,0.0015141685918057,14,9,Cheng et al. 2013,303868,6544.22,6544.22,,yes,,yes,,,yes
12408,695,MC-ICP-MS U/Th,53.53,,UMD110809-523,calcite,16.35,16.35,303790,8330.72,8330.72,,,yes,906.909683150866,,,,,,6218.23270724121,,0.765723801874992,0.00207001094199835,0.860200417551881,0.00188110561336033,14,9,Cheng et al. 2013,303452,8219.27,8219.27,,yes,,yes,,,yes
12409,695,MC-ICP-MS U/Th,54,,UMD120920-435,calcite,2.14,2.14,317170,18456.8,18456.8,,,yes,1182.7584858867,,,,,,16260.7693325641,,0.775584350679739,0.00515455406517518,0.864353584661146,0.00255885543832462,14,9,Cheng et al. 2013,317029,18568.6,18568.6,,yes,,yes,,,yes
12410,695,MC-ICP-MS U/Th,54.03,,UMD110809-519,calcite,9.09,9.09,303343,9110.58,9110.58,,,yes,931.952476062067,,,,,,7014.31821486357,,0.769611503402196,0.00270696736753932,0.86349427682073,0.00180415018723725,14,9,Cheng et al. 2013,303095,9170.24,9170.24,,yes,,yes,,,yes
12411,695,MC-ICP-MS U/Th,54.53,,UMD110809-515,calcite,27.2,27.2,315113,9876.91,9876.91,,,yes,973.324326913573,,,,,,11883.8729938884,,0.771115975871513,0.00295534692223977,0.861296688865122,0.00124840424146406,14,9,Cheng et al. 2013,314853,9976.3,9976.3,,yes,,yes,,,yes
12412,695,MC-ICP-MS U/Th,55,,UMD120920-451,calcite,1.59,1.59,305.362,19660.6,19660.6,,,yes,1720.90889737021,,,,,,15584.9396665791,,0.771749435990363,0.00620690014969383,0.864697164607726,0.00318888351386318,14,9,Cheng et al. 2013,305269,19790.8,19790.8,,yes,,yes,,,yes
12413,695,MC-ICP-MS U/Th,56,,UMD120920-452,calcite,1.76,1.76,341.971,23080.7,23080.7,,,no,1481.31372074311,,,,,,3527.18114172212,,0.786418733042593,0.00413419347017877,0.867211518476712,0.00329758875310021,14,9,Cheng et al. 2013,341199,22944.5,22944.5,,no,,no,no,,no
12414,695,MC-ICP-MS U/Th,57,,UMD120920-500,calcite,1.32,1.32,321.929,24076.1,24076.1,,,yes,1925.00572963426,,,,,,6784.0538762376,,0.779302751503829,0.00582676465370935,0.866186054600311,0.00387218361809228,14,9,Cheng et al. 2013,321668,24267.2,24267.2,,yes,,yes,,,yes
12415,695,MC-ICP-MS U/Th,58,,UMD120920-517,calcite,1.32,1.32,319.155,19483.3,19483.3,,,yes,2446.89232779277,,,,,,13317.1995876377,,0.78249551520032,0.00503245860061358,0.869365466762865,0.00316678297703254,14,9,Cheng et al. 2013,319214,19578.6,19578.6,,yes,,yes,,,yes
12416,695,MC-ICP-MS U/Th,58,,UMD121002-209,calcite,1.4,1.4,303.311,19650.2,19650.2,,,yes,1071.58578065759,,,,,,7082.00831729181,,0.778898057120638,0.00562312063551086,0.871186604962784,0.00431131397175386,14,9,Cheng et al. 2013,303202,19754.5,19754.5,,yes,,yes,,,yes
12417,695,MC-ICP-MS U/Th,59,,UMD120920-521,calcite,1.77,1.77,311.174,21637.9,21637.9,,,yes,1417.33820571953,,,,,,13690.2964959338,,0.790105679812746,0.00737493304544972,0.877802740349072,0.00238836745858496,14,9,Cheng et al. 2013,310981,21755.3,21755.3,,yes,,yes,,,yes
12418,695,MC-ICP-MS U/Th,59,,UMD121002-210,calcite,1.6,1.6,284.943,15949.5,15949.5,,,no,1153.94383951799,,,,,,5190.46153285891,,0.770833816115632,0.0063967415461373,0.871077638730529,0.00342888581992583,14,9,Cheng et al. 2013,284530,15966.9,15966.9,,no,,no,no,,no
12419,695,MC-ICP-MS U/Th,60,,UMD120920-542,calcite,1.05,1.05,384.135,66030.1,66030.1,,,yes,2082.87844227743,,,,,,8440.1288538213,,0.804581249067144,0.0064421576823508,0.874595579011448,0.00378500618520152,14,9,Cheng et al. 2013,383912,77758.8,77758.8,,yes,,yes,,,yes
12420,695,MC-ICP-MS U/Th,60,,UMD121002-228,calcite,1.8,1.8,311.418,25064.1,25064.1,,,yes,1146.40101928695,,,,,,9450.54763522505,,0.787976590108853,0.00622911114990173,0.87609978131751,0.00537915435665027,14,9,Cheng et al. 2013,311312,24953,24953,,yes,,yes,,,yes
12421,695,MC-ICP-MS U/Th,61,,UMD121002-235,calcite,2,2,328.143,27777.3,27777.3,,,yes,1097.14056571919,,,,,,8758.33450970521,,0.794313472792644,0.00769904121974913,0.876645735722257,0.00277956932970665,14,9,Cheng et al. 2013,328081,27964.9,27964.9,,yes,,yes,,,yes
12422,695,MC-ICP-MS U/Th,62,,UMD121002-249,calcite,2.3,2.3,334.726,26265.2,26265.2,,,yes,1132.88381957518,,,,,,11778.5310241984,,0.794792142764458,0.00564502475154485,0.875448196683414,0.00391131181629375,14,9,Cheng et al. 2013,334713,26482.1,26482.1,,yes,,yes,,,yes
12423,695,MC-ICP-MS U/Th,63,,UMD121002-270,calcite,1.8,1.8,379.459,45826.4,45826.4,,,no,1260.90395690477,,,,,,14662.1365621272,,0.803320880670057,0.00510353756126228,0.874215024692723,0.00438825210709057,14,9,Cheng et al. 2013,379453,46012.8,46012.8,,no,,no,no,,no
12424,695,MC-ICP-MS U/Th,63,,UMA01889  Dec-2007,calcite,3,3,320.611999270837,12894.3118583905,12894.3118583905,,,yes,1348.61909892747,,,,,,2390.48202537705,,0.79685669373595,0.00377594832445916,0.88014874798823,0.00248863012225321,14,9,Cheng et al. 2013,320743,14716.6,14716.6,,yes,,yes,,,yes
12425,695,MC-ICP-MS U/Th,64,,UMD121002-271,calcite,2,2,328.678,20257.4,20257.4,,,yes,1316.9661035594,,,,,,6967.17203376172,,0.795141616696386,0.00529392418251722,0.877049682737906,0.00260589290964142,14,9,Cheng et al. 2013,328393,20626.8,20626.8,,yes,,yes,,,yes
12426,695,MC-ICP-MS U/Th,65,,UMD121002-303,calcite,1,1,364.798,249694,249694,,,yes,2278.93043779591,,,,,,7073.28029902083,,0.802166360825049,0.00830882142690925,0.875542803268294,0.00267765820769384,14,9,Cheng et al. 2013,364892,45579.9,45579.9,,yes,,yes,,,yes
12427,695,MC-ICP-MS U/Th,66,,UMD121002-307,calcite,2.3,2.3,331.042,19188,19188,,,yes,1988.32785235521,,,,,,6149.95509994006,,0.797454895555489,0.00425396787856602,0.878268530191499,0.00303369862341804,14,9,Cheng et al. 2013,330682,18878.3,18878.3,,yes,,yes,,,yes
12428,695,MC-ICP-MS U/Th,67,,UMD121002-312,calcite,2.5,2.5,361.881,32199.3,32199.3,,,yes,1795.55655497134,,,,,,6785.30026459172,,0.806297673274463,0.00600301408385175,0.879040628472646,0.0025640143645037,14,9,Cheng et al. 2013,361362,31645.6,31645.6,,yes,,yes,,,yes
12429,695,MC-ICP-MS U/Th,68,,UMD121002-403,calcite,2.4,2.4,383.734,42556.9,42556.9,,,yes,1632.73817653966,,,,,,3296.99585969925,,0.803231404029325,0.00517572453126358,0.873474439141662,0.00342705501551731,14,9,Cheng et al. 2013,383600,41889.9,41889.9,,yes,,yes,,,yes
12430,695,MC-ICP-MS U/Th,69,,UMD121002-408,calcite,2.6,2.6,333.546,20172.6,20172.6,,,yes,1696.09904617542,,,,,,3709.75818668894,,0.801735066414548,0.00484308901055143,0.880982549461783,0.00281704711809916,14,9,Cheng et al. 2013,333097,20281.5,20281.5,,yes,,yes,,,yes
12431,695,MC-ICP-MS U/Th,70,,UMD121002-417,calcite,1.46,1.46,383.073,496930,496930,,,yes,1736.18043244328,,,,,,3989.70480741003,,0.814534179322493,0.00683918196389469,0.882045713034709,0.00420143283775198,14,9,Cheng et al. 2013,385299,54695.9,54695.9,,yes,,yes,,,yes
12432,695,MC-ICP-MS U/Th,72,,UMD121002-430,calcite,1.89,1.89,351.175,37084.3,37084.3,,,yes,1426.50223251332,,,,,,3582.28614566099,,0.821259526813858,0.0071938748557278,0.892712682613675,0.00459039011685992,14,9,Cheng et al. 2013,350699,36670.1,36670.1,,yes,,yes,,,yes
12433,695,MC-ICP-MS U/Th,73,,UMD121002-440,calcite,2,2,372.984,30056.1,30056.1,,,yes,1408.81196424954,,,,,,8657.03070414666,,0.823335598867601,0.00475088031277001,0.89015378220185,0.00279529731462645,14,9,Cheng et al. 2013,372876,30195.4,30195.4,,yes,,yes,,,yes
12434,696,MC-ICP-MS U/Th,0.3885,,UMD120912-340,calcite,3.16,3.16,3304.2,154.733,154.733,,,yes,1227.21838424953,,,,,,125.594406914467,,0.0196149106547724,0.000889263571467766,0.658438981443015,0.000904326441116157,14,9,Cheng et al. 2013,2940.24,279.529,279.529,,yes,,yes,,,yes
12435,696,MC-ICP-MS U/Th,1.1655,,UMD120723-244,calcite,2,2,5362.53,231.45,231.45,,,yes,1033.98228376882,,,,,,175.653469020207,,0.0317768621009928,0.00129014630519386,0.665250457465929,0.00612383584016334,14,9,Cheng et al. 2013,4944.54,353.328,353.328,,yes,,yes,,,yes
12436,696,MC-ICP-MS U/Th,1.9425,,UMD120723-301,calcite,1.8,1.8,7552.36,180.598,180.598,,,yes,1273.34665512989,,,,,,374.32171091416,,0.044347524171327,0.00100263195563058,0.665598811336903,0.00274126437808636,14,9,Cheng et al. 2013,7278.87,253.631,253.631,,yes,,yes,,,yes
12437,696,MC-ICP-MS U/Th,2,,UMA01903  Dec-2007,calcite,3.5,3.5,10073.764815539,193.23480662481,193.23480662481,,,yes,1167.70087237653,,,,,,188.890258215603,,0.058761624548418,0.00109193824968564,0.668895501591034,0.00229596243308316,14,9,Cheng et al. 2013,10001.4,217.2,217.2,,yes,,yes,,,yes
12438,696,MC-ICP-MS U/Th,2.7195,,UMD120723-306,calcite,2.1,2.1,13500.7,310.56,310.56,,,yes,1129.95408424172,,,,,,782.269628374983,,0.0769018706031867,0.00158481107847859,0.666721592551432,0.00331977791634438,14,9,Cheng et al. 2013,13272.5,345.698,345.698,,yes,,yes,,,yes
12439,696,MC-ICP-MS U/Th,3.4965,,UMD120723-403,calcite,2.4,2.4,14339.9,260.134,260.134,,,yes,1111.96402231872,,,,,,219.468141707643,,0.0824773693821663,0.00132808343558242,0.675977767095512,0.00373789437135473,14,9,Cheng et al. 2013,13476.3,617.252,617.252,,yes,,yes,,,yes
12440,696,MC-ICP-MS U/Th,4.2735,,UMD120723-407,calcite,2.4,2.4,25840.6,331.267,331.267,,,yes,1034.38402210075,,,,,,374.574933055925,,0.141522353140607,0.00146934634088432,0.682087794638485,0.00215333207234525,14,9,Cheng et al. 2013,24964.8,667.841,667.841,,yes,,yes,,,yes
12441,696,MC-ICP-MS U/Th,5.0505,,UMD120723-415,calcite,2.2,2.2,30507.9,373.015,373.015,,,yes,1252.64959331685,,,,,,152.468926885201,,0.165800205129038,0.00164687709954096,0.692357615978453,0.00245632175724833,14,9,Cheng et al. 2013,27972.1,1704.6,1704.6,,yes,,yes,,,yes
12442,696,MC-ICP-MS U/Th,5.8275,,UMD120723-418,calcite,3.1,3.1,47062.2,655.127,655.127,,,yes,1003.76616504027,,,,,,490.387365033294,,0.238999438056723,0.00226284086348186,0.701085248694479,0.00305019386755933,14,9,Cheng et al. 2013,45928.5,995.2,995.2,,yes,,yes,,,yes
12443,696,MC-ICP-MS U/Th,6.6045,,UMD120723-422,calcite,2.3,2.3,49865.9,857.424,857.424,,,yes,1008.90169263376,,,,,,777.670585862196,,0.251565483554512,0.00308446185690897,0.705643528502619,0.0027263760513184,14,9,Cheng et al. 2013,49117.9,973.531,973.531,,yes,,yes,,,yes
12444,696,MC-ICP-MS U/Th,7.3815,,UMD120723-429,calcite,2.5,2.5,56615.4,632.256,632.256,,,yes,1026.07531093449,,,,,,1432.16489546151,,0.280025751334722,0.00202360632223391,0.713445503443084,0.00262705331063097,14,9,Cheng et al. 2013,56157.7,701.168,701.168,,yes,,yes,,,yes
12445,696,MC-ICP-MS U/Th,8.1585,,UMD120723-433,calcite,2.1,2.1,64993.7,899.374,899.374,,,yes,899.329246781961,,,,,,480.336245946297,,0.312366426620297,0.00270981912581309,0.720270086421342,0.00280572382595801,14,9,Cheng et al. 2013,63489.7,1318.98,1318.98,,yes,,yes,,,yes
12446,696,MC-ICP-MS U/Th,8.9355,,UMD120723-448,calcite,2.7,2.7,77976.3,1146.45,1146.45,,,yes,792.15651047178,,,,,,475.539844279492,,0.356784256875822,0.00294684901489671,0.726908519923287,0.00309101120067606,14,9,Cheng et al. 2013,76221.5,1616.71,1616.71,,yes,,yes,,,yes
12447,696,MC-ICP-MS U/Th,9.7125,,UMD120723-500,calcite,2.1,2.1,77551.2,1422.13,1422.13,,,yes,997.033042186331,,,,,,1719.0762859953,,0.35775468308939,0.00389638226839968,0.730871354880405,0.0029519780917512,14,9,Cheng et al. 2013,77068.7,1445.11,1445.11,,yes,,yes,,,yes
12448,696,MC-ICP-MS U/Th,10.4895,,UMD120723-517,calcite,2.45,2.45,77487.9,1284.9,1284.9,,,yes,1250.31640789006,,,,,,6715.32711011131,,0.361120455802226,0.00367386122584887,0.737118702628267,0.00218681942091526,14,9,Cheng et al. 2013,77373.5,1288.55,1288.55,,yes,,yes,,,yes
12449,696,MC-ICP-MS U/Th,11.2665,,UMD120723-525,calcite,3,3,79682.1,1058.97,1058.97,,,yes,1335.13753339986,,,,,,4371.67835471335,,0.367196445490953,0.00245355991962369,0.736316994325224,0.00332852318379252,14,9,Cheng et al. 2013,79486.3,1059.47,1059.47,,yes,,yes,,,yes
12450,696,MC-ICP-MS U/Th,12.23775,,UMD120723-539,calcite,3.3,3.3,81055.8,1165.91,1165.91,,,yes,1237.38559915637,,,,,,3935.30217548319,,0.372364045992648,0.00301217979768377,0.73831719004934,0.00284893458071806,14,9,Cheng et al. 2013,80845,1161.37,1161.37,,yes,,yes,,,yes
12451,696,MC-ICP-MS U/Th,13.01475,,UMD120725-208,calcite,2.7,2.7,83532.5,870.871,870.871,,,yes,1140.55716735058,,,,,,2073.85618232257,,0.377037843603917,0.00187473482487922,0.733965200470671,0.00263085497248226,14,9,Cheng et al. 2013,83120.5,909.141,909.141,,yes,,yes,,,yes
12452,696,MC-ICP-MS U/Th,13.79175,,UMD120725-213,calcite,2.7,2.7,86270,1327.4,1327.4,,,yes,1160.16468690716,,,,,,2134.90576383782,,0.385271270206357,0.00321710557833413,0.735122447455969,0.00288979734484236,14,9,Cheng et al. 2013,85847.5,1342.31,1342.31,,yes,,yes,,,yes
12453,696,MC-ICP-MS U/Th,14.56875,,UMD120725-214,calcite,2.2,2.2,89416.4,1686.98,1686.98,,,yes,1270.81000369451,,,,,,2854.0368122171,,0.393529298953609,0.00417127351336742,0.734553167694688,0.00259024548048779,14,9,Cheng et al. 2013,89094.7,1703,1703,,yes,,yes,,,yes
12454,696,MC-ICP-MS U/Th,15.34575,,UMD120725-220,calcite,2.6,2.6,91106.9,1046.84,1046.84,,,yes,1467.80621451052,,,,,,4175.03379683614,,0.396339788501507,0.00202901197414894,0.731989942768723,0.0029430421548355,14,9,Cheng et al. 2013,90880.9,1047.65,1047.65,,yes,,yes,,,yes
12455,696,MC-ICP-MS U/Th,16.89975,,UMD120725-242,calcite,2.4,2.4,104331,1610.6,1610.6,,,no,1718.2166356843,,,,,,7911.9425315989,,0.431477700462611,0.00327909355287009,0.736462207453012,0.00231089571328434,14,9,Cheng et al. 2013,104199,1605.58,1605.58,,no,,no,no,,no
12456,696,MC-ICP-MS U/Th,17.67675,,UMD120725-248,calcite,2.7,2.7,99921.8,1276.9,1276.9,,,yes,1465.87154600826,,,,,,1623.47068595699,,0.422483849589282,0.00247138725785299,0.738404035158087,0.00255311196636412,14,9,Cheng et al. 2013,99313.7,1336.45,1336.45,,yes,,yes,,,yes
12457,696,MC-ICP-MS U/Th,18.45375,,UMD120725-257,calcite,2.4,2.4,106135,1742.49,1742.49,,,yes,1440.17303847238,,,,,,640.249631573016,,0.440149211888243,0.00336220702713199,0.742910752218466,0.00277618732271211,14,9,Cheng et al. 2013,104509,2022.08,2022.08,,yes,,yes,,,yes
12458,696,MC-ICP-MS U/Th,19.23075,,UMD120725-259,calcite,2.7,2.7,108609,1615.21,1615.21,,,yes,1486.01146197445,,,,,,2906.21695180698,,0.450312575587646,0.00296923457321444,0.74935237432769,0.00278224990039519,14,9,Cheng et al. 2013,108255,1629.36,1629.36,,yes,,yes,,,yes
12459,696,MC-ICP-MS U/Th,20.00775,,UMD120725-304,calcite,2.5,2.5,116173,1517.59,1517.59,,,yes,1369.41631400537,,,,,,3266.61253011701,,0.470017970351097,0.00247805248185221,0.754007518934635,0.00264798317501657,14,9,Cheng et al. 2013,115842,1515.38,1515.38,,yes,,yes,,,yes
12460,696,MC-ICP-MS U/Th,20.78475,,UMD120725-309,calcite,2.3,2.3,118337,2496.49,2496.49,,,yes,1143.24511651778,,,,,,5681.9595424933,,0.48196181093459,0.00378319468671808,0.763905517126984,0.00461739607572469,14,9,Cheng et al. 2013,118160,2506.49,2506.49,,yes,,yes,,,yes
12461,696,MC-ICP-MS U/Th,21.56175,,UMD120725-412,calcite,2.5,2.5,121167,2393.57,2393.57,,,yes,1097.39417490091,,,,,,7155.0081157394,,0.484268700484439,0.00435006863151676,0.759444724660875,0.00238504523149718,14,9,Cheng et al. 2013,120998,2375.42,2375.42,,yes,,yes,,,yes
12462,696,MC-ICP-MS U/Th,22.33875,,UMD120725-426,calcite,2,2,123026,1886.05,1886.05,,,yes,1196.63109401865,,,,,,5414.60301933659,,0.490548858499598,0.00312379228868252,0.762593424453326,0.00256353914874234,14,9,Cheng et al. 2013,122836,1872.38,1872.38,,yes,,yes,,,yes
12463,696,MC-ICP-MS U/Th,23.11575,,UMD120725-430,calcite,2.4,2.4,126002,2666.12,2666.12,,,yes,1330.32586899209,,,,,,6363.04879957574,,0.497467359167452,0.00463273604832558,0.764158607837287,0.00268851664275097,14,9,Cheng et al. 2013,125816,2647.6,2647.6,,yes,,yes,,,yes
12464,696,MC-ICP-MS U/Th,23.89275,,UMD120725-437,calcite,2.6,2.6,127934,2081.21,2081.21,,,yes,1299.32060938262,,,,,,1952.35760466658,,0.502263913074175,0.0031247141967358,0.765564693672541,0.00295240230789187,14,9,Cheng et al. 2013,127336,2147.55,2147.55,,yes,,yes,,,yes
12465,696,MC-ICP-MS U/Th,23.9,,UMD120725-520,calcite,3.1,3.1,128330,1796.76,1796.76,,,yes,1360.19655108307,,,,,,1059.99875473248,,0.500897213520871,0.00238448681223393,0.762857781460698,0.00286560276994166,14,9,Cheng et al. 2013,127242,1953.71,1953.71,,yes,,yes,,,yes
12466,696,MC-ICP-MS U/Th,24,,UMA02038  Mar-2008,calcite,6.8,6.8,125194.569275465,1137.59800119905,1137.59800119905,,,yes,1150.16320300319,,,,,,6562.880392459,,0.493898358848985,0.00201018488737249,0.760795988331053,0.00172007813072163,14,9,Cheng et al. 2013,125173,1277.46,1277.46,,yes,,yes,,,yes
12467,696,MC-ICP-MS U/Th,24.66975,,UMD120725-438,calcite,2.6,2.6,137497,2737.49,2737.49,,,yes,1204.69635134503,,,,,,520.435558066158,,0.527619774378403,0.0041662767170527,0.77531802125813,0.00256506723202635,14,9,Cheng et al. 2013,135164,3076.13,3076.13,,yes,,yes,,,yes
12468,696,MC-ICP-MS U/Th,24.66975,,UMD120725-520,calcite,3.1,3.1,144014,2112.88,2112.88,,,yes,1360.19655108307,,,,,,849.481327638577,,0.53562438645239,0.00253895518905749,0.771911499755025,0.00268530205890307,14,9,Cheng et al. 2013,142543,2333.15,2333.15,,yes,,yes,,,yes
12469,696,MC-ICP-MS U/Th,25.44675,,UMD120725-440,calcite,2.4,2.4,144238,2788.24,2788.24,,,yes,1310.35357769748,,,,,,178.687145299943,,0.546626935404316,0.00394917286692202,0.784242150101211,0.00275139805143693,14,9,Cheng et al. 2013,137157,5387.88,5387.88,,yes,,yes,,,yes
12470,696,MC-ICP-MS U/Th,25.44675,,UMD120725-549,calcite,2.05,2.05,164268,3590.52,3590.52,,,yes,1170.37455940573,,,,,,1653.47376255487,,0.579246523610154,0.00367649261160088,0.787229187517461,0.00331563445767871,14,9,Cheng et al. 2013,163464,3605.31,3605.31,,yes,,yes,,,yes
12471,696,MC-ICP-MS U/Th,26.22375,,UMD120725-443,calcite,2.4,2.4,164039,3607.72,3607.72,,,yes,1024.41366739248,,,,,,1322.24472065906,,0.583438045335069,0.00412119252570893,0.792024043850254,0.00289895933778437,14,9,Cheng et al. 2013,163026,3616.82,3616.82,,yes,,yes,,,yes
12472,696,MC-ICP-MS U/Th,26.22375,,UMD120730-512,calcite,1.6,1.6,175876,4284,4284,,,no,1213.06376796693,,,,,,1686.25982032578,,0.600450832788585,0.00401131356044027,0.793988934229268,0.0034496519544828,14,9,Cheng et al. 2013,175034,4292.36,4292.36,,no,,no,no,,no
12473,696,MC-ICP-MS U/Th,27,,UMD120730-531,calcite,1.9,1.9,183339,6812.08,6812.08,,,no,1440.9513775305,,,,,,2129.49788818782,,0.592230077125076,0.00283525195784679,0.77695653362895,0.00671662807483822,14,9,Cheng et al. 2013,182641,6726.2,6726.2,,no,,no,no,,no
12474,696,MC-ICP-MS U/Th,27.00075,,UMD120725-504,calcite,2.1,2.1,171933,3752.97,3752.97,,,yes,1104.43793405769,,,,,,1868.24943522125,,0.594366436270776,0.00384949961338108,0.792734221120686,0.00289615808107307,14,9,Cheng et al. 2013,171186,3762.25,3762.25,,yes,,yes,,,yes
12475,696,MC-ICP-MS U/Th,28,,UMD120730-542,calcite,1.8,1.8,174721,3783.37,3783.37,,,yes,1560.53251467521,,,,,,6121.27294464471,,0.602444408296589,0.00380897841072562,0.797365694342069,0.00277907721589494,14,9,Cheng et al. 2013,174497,3716.08,3716.08,,yes,,yes,,,yes
12476,696,MC-ICP-MS U/Th,28,,UMA01875  Dec-2007,calcite,3.1,3.1,147349.108006141,1772.23455182083,1772.23455182083,,,no,1338.74616672152,,,,,,1109.51598484935,,0.554262069701716,0.00266834313084393,0.786464717986972,0.00191644871737596,14,9,Cheng et al. 2013,147197,1973.49,1973.49,,no,,no,no,,no
12477,696,MC-ICP-MS U/Th,29,,UMD120912-341,calcite,1.91,1.91,177720,7212.3,7212.3,,,yes,1206.78309437081,,,,,,3803.96097560035,,0.612388057116662,0.00796155194134663,0.804015284200904,0.00368820933399637,14,9,Cheng et al. 2013,177347,7254.65,7254.65,,yes,,yes,,,yes
12478,696,MC-ICP-MS U/Th,30,,UMD120912-342,calcite,1.99,1.99,191693,6207.41,6207.41,,,yes,983.214960672825,,,,,,2661.72470799583,,0.631485274947773,0.00615922462055675,0.807181624600212,0.00206179968325609,14,9,Cheng et al. 2013,191142,6296.22,6296.22,,yes,,yes,,,yes
12479,696,MC-ICP-MS U/Th,31,,UMD120912-343,calcite,2.26,2.26,203094,7280.83,7280.83,,,yes,903.90697064029,,,,,,3422.58619809196,,0.639484626467285,0.00642784091401922,0.804000080577307,0.00203935754735173,14,9,Cheng et al. 2013,202628,7280.4,7280.4,,yes,,yes,,,yes
12480,696,MC-ICP-MS U/Th,32,,UMD120912-344,calcite,2.49,2.49,196225,8571.92,8571.92,,,yes,1125.90468277491,,,,,,9978.8455083217,,0.638249581781508,0.00812650309522159,0.809210970967312,0.00307720852885756,14,9,Cheng et al. 2013,196126,8671.75,8671.75,,yes,,yes,,,yes
12481,696,MC-ICP-MS U/Th,33,,UMD120912-345,calcite,2.08,2.08,209459,5286.46,5286.46,,,yes,1115.29982987605,,,,,,5804.08531332088,,0.651140789912521,0.00386638379514393,0.809546647290979,0.00242516248506911,14,9,Cheng et al. 2013,209182,5264.22,5264.22,,yes,,yes,,,yes
12482,696,MC-ICP-MS U/Th,34,,UMD120912-346,calcite,1.93,1.93,201638,7641.83,7641.83,,,yes,1158.25192157226,,,,,,4916.37556554188,,0.649915454651866,0.00641736061110436,0.815295799308431,0.00357238304308433,14,9,Cheng et al. 2013,201293,7608.19,7608.19,,yes,,yes,,,yes
12483,696,MC-ICP-MS U/Th,35,,UMD120912-347,calcite,2.1,2.1,203788,5997.88,5997.88,,,yes,1237.25773892048,,,,,,1688.56861935507,,0.658137450805125,0.00561880179307239,0.821091236277238,0.00129387552900482,14,9,Cheng et al. 2013,202940,6003.27,6003.27,,yes,,yes,,,yes
12484,696,MC-ICP-MS U/Th,36,,UMD120912-348,calcite,2.33,2.33,227932,24155.1,24155.1,,,yes,1228.98893079814,,,,,,7239.98436587221,,0.670702202159629,0.0166331293721553,0.814408610932871,0.00487459793073,14,9,Cheng et al. 2013,227891,24054.5,24054.5,,yes,,yes,,,yes
12485,696,MC-ICP-MS U/Th,37,,UMD120912-349,calcite,2.19,2.19,213744,13965,13965,,,yes,1292.78869971823,,,,,,3039.68532252772,,0.664792869752523,0.0117211182015226,0.819025987019749,0.00260651358501552,14,9,Cheng et al. 2013,213211,14091.7,14091.7,,yes,,yes,,,yes
12486,696,MC-ICP-MS U/Th,38,,UMD120912-350,calcite,2.19,2.19,217522,8208.26,8208.26,,,yes,1307.82011033654,,,,,,2452.23290816649,,0.669078232879143,0.00609958271792062,0.819850543201158,0.00285368747943711,14,9,Cheng et al. 2013,216883,8191.64,8191.64,,yes,,yes,,,yes
12487,696,MC-ICP-MS U/Th,39,,UMD120912-351,calcite,1.9,1.9,239315,19513.6,19513.6,,,yes,1242.93517135272,,,,,,1223.44792749021,,0.682073495423075,0.0119075589958193,0.817251260213747,0.00403294590987445,14,9,Cheng et al. 2013,237979,19288,19288,,yes,,yes,,,yes
12488,696,MC-ICP-MS U/Th,40,,UMD120912-352,calcite,2.39,2.39,228055,7847.69,7847.69,,,yes,1309.05359250949,,,,,,1544.8934721001,,0.681529516764224,0.00522042372942754,0.823645130127807,0.00248899886483021,14,9,Cheng et al. 2013,226953,7908.89,7908.89,,yes,,yes,,,yes
12489,696,MC-ICP-MS U/Th,40,,UMA01886  Dec-2007,calcite,3,3,226148.834768078,8589.41633136601,8589.41633136601,,,yes,970.659267781758,,,,,,2639.92092814672,,0.681313720107836,0.00642972792871108,0.824318855205903,0.00298825838756689,14,9,Cheng et al. 2013,226187,9222.65,9222.65,,yes,,yes,,,yes
12490,696,MC-ICP-MS U/Th,40.97,,UMD110811-445,calcite,6,6,229918,5855.51,5855.51,,,yes,551.285934719925,,,,,,7067.39078163357,,0.685725977157167,0.00372608016190972,0.826082644691674,0.00195236227552734,14,9,Cheng et al. 2013,229682,5768.65,5768.65,,yes,,yes,,,yes
12491,696,MC-ICP-MS U/Th,41,,UMD120912-353,calcite,1.91,1.91,228003,9333.44,9333.44,,,yes,1175.695445226,,,,,,1725.66919781951,,0.688547220575478,0.00698900185818866,0.82995250198312,0.00140760144608212,14,9,Cheng et al. 2013,227058,9382.45,9382.45,,yes,,yes,,,yes
12492,696,MC-ICP-MS U/Th,41.43,,UMD110811-440,calcite,14.3,14.3,228585,4682.26,4682.26,,,yes,553.369792873239,,,,,,7785.59056312596,,0.687794875502893,0.00301668442785373,0.828882772686125,0.0017017238915298,14,9,Cheng et al. 2013,228348,4661.09,4661.09,,yes,,yes,,,yes
12493,696,MC-ICP-MS U/Th,41.89,,UMD110811-435,calcite,14.1,14.1,235606,4983.82,4983.82,,,yes,558.414379754144,,,,,,7503.94661180695,,0.694384792277815,0.00294973994048014,0.830195044731338,0.0018087298047947,14,9,Cheng et al. 2013,235392,5040.48,5040.48,,yes,,yes,,,yes
12494,696,MC-ICP-MS U/Th,42,,UMD120912-354,calcite,1.9,1.9,241358,11669.9,11669.9,,,yes,1067.80988761406,,,,,,12653.8171534269,,0.701012446521259,0.00764579083600242,0.832584749124119,0.00164790107402757,14,9,Cheng et al. 2013,241243,11655.2,11655.2,,yes,,yes,,,yes
12495,696,MC-ICP-MS U/Th,42.39,,UMD110811-429,calcite,15,15,231561,5223.96,5223.96,,,yes,563.604532346809,,,,,,6472.99671015978,,0.694627256583622,0.00336079555087401,0.832957461105175,0.00168221378159671,14,9,Cheng et al. 2013,231339,5229.84,5229.84,,yes,,yes,,,yes
12496,696,MC-ICP-MS U/Th,42.92,,UMD110811-428,calcite,15.7,15.7,238067,6331.25,6331.25,,,yes,547.856686739031,,,,,,11751.6818277389,,0.699532235825598,0.0037021999420127,0.833159147988197,0.00206886883767273,14,9,Cheng et al. 2013,237957,6289.71,6289.71,,yes,,yes,,,yes
12497,696,MC-ICP-MS U/Th,43,,UMD120912-355,calcite,2.21,2.21,239153,8537.86,8537.86,,,yes,1118.27527518304,,,,,,6860.06398960726,,0.699272601845046,0.00516405755850383,0.83240213694743,0.00234142961740118,14,9,Cheng et al. 2013,238922,8573.82,8573.82,,yes,,yes,,,yes
12498,696,MC-ICP-MS U/Th,43.45,,UMD110811-423,calcite,16.5,16.5,236224,5122.76,5122.76,,,yes,571.482905100481,,,,,,6917.7310517759,,0.698129854104875,0.00309291731981107,0.833097779661179,0.00172692074991789,14,9,Cheng et al. 2013,236012,5179.69,5179.69,,yes,,yes,,,yes
12499,696,MC-ICP-MS U/Th,43.96,,UMD110811-413,calcite,15,15,240344,5987.27,5987.27,,,yes,573.88657837824,,,,,,9496.1225525313,,0.70317539351522,0.00361518189972578,0.835124410963638,0.00167476446698997,14,9,Cheng et al. 2013,240122,5926.97,5926.97,,yes,,yes,,,yes
12500,696,MC-ICP-MS U/Th,44,,UMD120912-201,calcite,1.98,1.98,241753,7793.98,7793.98,,,yes,1082.68392066399,,,,,,7016.10921318955,,0.709935075117599,0.00423285922998096,0.840246995240369,0.00294051875675099,14,9,Cheng et al. 2013,241487,7938.73,7938.73,,yes,,yes,,,yes
12501,696,MC-ICP-MS U/Th,44.45,,UMD110811-408,calcite,13.1,13.1,249779,6277.46,6277.46,,,yes,556.818699751896,,,,,,4178.48774037259,,0.709798699936259,0.00329568151974854,0.835460808155601,0.00176260490058273,14,9,Cheng et al. 2013,249405,6313.91,6313.91,,yes,,yes,,,yes
12502,696,MC-ICP-MS U/Th,44.93,,UMD110811-406,calcite,12.8,12.8,250662,6386.63,6386.63,,,yes,523.640056148769,,,,,,4525.22467421878,,0.715529315372627,0.00339392176334405,0.84003656890461,0.00183060499389805,14,9,Cheng et al. 2013,250326,6423.61,6423.61,,yes,,yes,,,yes
12503,696,MC-ICP-MS U/Th,45,,UMD120912-206,calcite,2.08,2.08,250399,7309.8,7309.8,,,yes,1243.73158735382,,,,,,7137.00350547665,,0.717419154843673,0.00388475815742977,0.841778742518899,0.00212824128030462,14,9,Cheng et al. 2013,250138,7303.99,7303.99,,yes,,yes,,,yes
12504,696,MC-ICP-MS U/Th,45,,UMA01897  Dec-2007,calcite,3.2,3.2,252669.537602311,9317.4840299588,9317.4840299588,,,yes,937.615883520663,,,,,,2313.52070123876,,0.720553610647257,0.00484456606850112,0.842959153349275,0.00361597344042691,14,9,Cheng et al. 2013,252783,10471.4,10471.4,,yes,,yes,,,yes
12505,696,MC-ICP-MS U/Th,45.44,,UMD110811-402,calcite,13.25,13.25,267724,8613.37,8613.37,,,yes,515.485555207283,,,,,,3947.85977265801,,0.729708095669737,0.00375124757211427,0.843786045867033,0.0021467489649311,14,9,Cheng et al. 2013,267274,8585,8585,,yes,,yes,,,yes
12506,696,MC-ICP-MS U/Th,45.95,,UMD110811-328,calcite,14.5,14.5,269157,7917.47,7917.47,,,yes,670.796456635095,,,,,,5019.24284074244,,0.730070216272138,0.00344877526231039,0.843488177364093,0.00193890050873554,14,9,Cheng et al. 2013,268806,7833.08,7833.08,,yes,,yes,,,yes
12507,696,MC-ICP-MS U/Th,46,,UMD120920-255,calcite,2.14,2.14,271305,14105.7,14105.7,,,yes,1211.23477978006,,,,,,6209.13987315379,,0.729756059582378,0.00662350351023914,0.842442606903822,0.00206765474177243,14,9,Cheng et al. 2013,270926,14223.8,14223.8,,yes,,yes,,,yes
12508,696,MC-ICP-MS U/Th,46.46,,UMD110811-312,calcite,13.5,13.5,269213,9773.69,9773.69,,,yes,598.372281387086,,,,,,6223.95432885013,,0.732072586848232,0.00438493087165351,0.845179663666669,0.00213884670571617,14,9,Cheng et al. 2013,268939,9805.86,9805.86,,yes,,yes,,,yes
12509,696,MC-ICP-MS U/Th,46.97,,UMD110809-546,calcite,14,14,279180,4427.19,4427.19,,,yes,991.729111818524,,,,,,3539.85491446842,,0.74075278881387,0.0018397272757809,0.848304117988395,0.000885772348322488,14,9,Cheng et al. 2013,278704,4462.44,4462.44,,yes,,yes,,,yes
12510,696,MC-ICP-MS U/Th,47,,UMD120920-259,calcite,1.59,1.59,274394,17605,17605,,,yes,1300.79594255348,,,,,,3910.4689593455,,0.740424145541697,0.00719501124502298,0.850112398501508,0.00421084837133845,14,9,Cheng et al. 2013,273943,17932.2,17932.2,,yes,,yes,,,yes
12511,696,MC-ICP-MS U/Th,47.48,,UMD110809-545,calcite,14,14,278813,5928.18,5928.18,,,yes,989.442518959575,,,,,,2868.23471470994,,0.741683771126309,0.00246299183282877,0.849174328491167,0.00113188565597289,14,9,Cheng et al. 2013,278240,5979.68,5979.68,,yes,,yes,,,yes
12512,696,MC-ICP-MS U/Th,47.98,,UMD110809-543,calcite,13,13,278723,4794.94,4794.94,,,yes,1066.28696993685,,,,,,3645.91723187883,,0.744967869911383,0.00184646101707221,0.852009608227168,0.001184971118948,14,9,Cheng et al. 2013,278200,4774.99,4774.99,,yes,,yes,,,yes
12513,696,MC-ICP-MS U/Th,48,,UMD120920-304,calcite,1.76,1.76,276713,16588.5,16588.5,,,yes,1493.53481834559,,,,,,957.874741736348,,0.743948238281133,0.0067113669361584,0.851973986304723,0.00382797197252426,14,9,Cheng et al. 2013,275080,16575.8,16575.8,,yes,,yes,,,yes
12514,696,MC-ICP-MS U/Th,48.49,,UMD110809-541,calcite,14,14,283536,4919.08,4919.08,,,yes,1055.48414414287,,,,,,4133.15815365386,,0.748559032805794,0.00189899640962803,0.853094799582371,0.00104661077857369,14,9,Cheng et al. 2013,283104,4927.07,4927.07,,yes,,yes,,,yes
12515,696,MC-ICP-MS U/Th,49,,UMD120920-305,calcite,1.32,1.32,285251,19153.3,19153.3,,,yes,1888.28717425947,,,,,,1389.24977634618,,0.749272504617299,0.00766172759543264,0.853215988212074,0.00305909270969467,14,9,Cheng et al. 2013,283954,19479.8,19479.8,,yes,,yes,,,yes
12516,696,MC-ICP-MS U/Th,49,,UMD110809-540,calcite,16,16,280385,4703.74,4703.74,,,yes,1041.58313072427,,,,,,1304.92951128256,,0.747529151172325,0.00165738351486046,0.853418499434798,0.00117968075686709,14,9,Cheng et al. 2013,279096,4776.42,4776.42,,yes,,yes,,,yes
12517,696,MC-ICP-MS U/Th,49.5,,UMD110809-538,calcite,15,15,281275,4716.64,4716.64,,,yes,966.712908877191,,,,,,4901.19940480163,,0.749610245909623,0.00171168679882541,0.854776361518704,0.00123406933965978,14,9,Cheng et al. 2013,280942,4727.03,4727.03,,yes,,yes,,,yes
12518,696,MC-ICP-MS U/Th,50,,UMD120920-308,calcite,1.32,1.32,277952,10456.3,10456.3,,,yes,1750.84554035857,,,,,,19296.0776579904,,0.747225401140135,0.00361423534326478,0.854231362258767,0.00304832859076291,14,9,Cheng et al. 2013,277770,10447.2,10447.2,,yes,,yes,,,yes
12519,696,MC-ICP-MS U/Th,50.01,,UMD110809-537,calcite,16,16,287429,4393.93,4393.93,,,yes,956.629525958639,,,,,,7585.21285693062,,0.75184218854587,0.00141110310002115,0.854314566036353,0.00105578884246741,14,9,Cheng et al. 2013,287212,4396.58,4396.58,,yes,,yes,,,yes
12520,696,MC-ICP-MS U/Th,50.51,,UMD110809-536,calcite,14,14,290054,5611.68,5611.68,,,yes,976.191745641196,,,,,,17165.7021206739,,0.751551211170322,0.00197099137791623,0.853198556129322,0.00110512948461945,14,9,Cheng et al. 2013,289968,5656.23,5656.23,,yes,,yes,,,yes
12521,696,MC-ICP-MS U/Th,51,,UMD120920-418,calcite,1.77,1.77,293665,16823.8,16823.8,,,yes,1418.68818087574,,,,,,8987.4454988867,,0.754694238747634,0.0062215572005264,0.854621700985594,0.00246888250010492,14,9,Cheng et al. 2013,293466,16922.3,16922.3,,yes,,yes,,,yes
12522,696,MC-ICP-MS U/Th,51.02,,UMD110809-532,calcite,15,15,287425,5436.81,5436.81,,,yes,1007.61962583747,,,,,,11857.2594215287,,0.752964089731943,0.00169196714579628,0.855335208532846,0.00137797889997977,14,9,Cheng et al. 2013,287253,5417.2,5417.2,,yes,,yes,,,yes
12523,696,MC-ICP-MS U/Th,51.53,,UMD110809-530,calcite,14,14,292584,5147.54,5147.54,,,yes,1055.3293348936,,,,,,6611.79718537196,,0.755569084383409,0.0016972319626858,0.85561274453132,0.00108973196308467,14,9,Cheng et al. 2013,292315,5122.63,5122.63,,yes,,yes,,,yes
12524,696,MC-ICP-MS U/Th,52,,UMD120920-419,calcite,1.05,1.05,291941,21708.3,21708.3,,,yes,1787.6825695204,,,,,,9523.62186225905,,0.764104023846051,0.0088556317582456,0.863017970926995,0.00225587202861244,14,9,Cheng et al. 2013,291830,22063.2,22063.2,,yes,,yes,,,yes
12525,696,MC-ICP-MS U/Th,52.03,,UMD110809-529,calcite,15.6,15.6,297549,7770.74,7770.74,,,yes,1042.16466241275,,,,,,4843.25376307675,,0.758580575442896,0.00288775190974246,0.856443851554145,0.000897694932473289,14,9,Cheng et al. 2013,297202,7737.27,7737.27,,yes,,yes,,,yes
12526,696,MC-ICP-MS U/Th,52.53,,UMD110809-527,calcite,15.57,15.57,288786,6860.89,6860.89,,,yes,1044.16838514451,,,,,,4814.68125520799,,0.759261639638581,0.00205846234914567,0.86004875493322,0.00180383824748629,14,9,Cheng et al. 2013,288430,6919.8,6919.8,,yes,,yes,,,yes
12527,696,MC-ICP-MS U/Th,53,,UMD120920-422,calcite,0.5,0.5,292020,15851.8,15851.8,,,yes,3904.48180241511,,,,,,5576.9594206349,,0.767335019393915,0.00630643942207038,0.865536398640502,0.00226240182117138,14,9,Cheng et al. 2013,291837,15962.1,15962.1,,yes,,yes,,,yes
12528,696,MC-ICP-MS U/Th,53.03,,UMD110809-524,calcite,13.18,13.18,304130,6519.8,6519.8,,,yes,952.443006427617,,,,,,6010.04913626635,,0.765134431079607,0.00157911125945461,0.859628607943014,0.0015141685918057,14,9,Cheng et al. 2013,303868,6544.22,6544.22,,yes,,yes,,,yes
12529,696,MC-ICP-MS U/Th,53.53,,UMD110809-523,calcite,16.35,16.35,303790,8330.72,8330.72,,,yes,906.909683150866,,,,,,6218.23270724121,,0.765723801874992,0.00207001094199835,0.860200417551881,0.00188110561336033,14,9,Cheng et al. 2013,303452,8219.27,8219.27,,yes,,yes,,,yes
12530,696,MC-ICP-MS U/Th,54,,UMD120920-435,calcite,2.14,2.14,317170,18456.8,18456.8,,,yes,1182.7584858867,,,,,,16260.7693325641,,0.775584350679739,0.00515455406517518,0.864353584661146,0.00255885543832462,14,9,Cheng et al. 2013,317029,18568.6,18568.6,,yes,,yes,,,yes
12531,696,MC-ICP-MS U/Th,54.03,,UMD110809-519,calcite,9.09,9.09,303343,9110.58,9110.58,,,yes,931.952476062067,,,,,,7014.31821486357,,0.769611503402196,0.00270696736753932,0.86349427682073,0.00180415018723725,14,9,Cheng et al. 2013,303095,9170.24,9170.24,,yes,,yes,,,yes
12532,696,MC-ICP-MS U/Th,54.53,,UMD110809-515,calcite,27.2,27.2,315113,9876.91,9876.91,,,yes,973.324326913573,,,,,,11883.8729938884,,0.771115975871513,0.00295534692223977,0.861296688865122,0.00124840424146406,14,9,Cheng et al. 2013,314853,9976.3,9976.3,,yes,,yes,,,yes
12533,696,MC-ICP-MS U/Th,55,,UMD120920-451,calcite,1.59,1.59,305.362,19660.6,19660.6,,,yes,1720.90889737021,,,,,,15584.9396665791,,0.771749435990363,0.00620690014969383,0.864697164607726,0.00318888351386318,14,9,Cheng et al. 2013,305269,19790.8,19790.8,,yes,,yes,,,yes
12534,696,MC-ICP-MS U/Th,56,,UMD120920-452,calcite,1.76,1.76,341.971,23080.7,23080.7,,,no,1481.31372074311,,,,,,3527.18114172212,,0.786418733042593,0.00413419347017877,0.867211518476712,0.00329758875310021,14,9,Cheng et al. 2013,341199,22944.5,22944.5,,no,,no,no,,no
12535,696,MC-ICP-MS U/Th,57,,UMD120920-500,calcite,1.32,1.32,321.929,24076.1,24076.1,,,yes,1925.00572963426,,,,,,6784.0538762376,,0.779302751503829,0.00582676465370935,0.866186054600311,0.00387218361809228,14,9,Cheng et al. 2013,321668,24267.2,24267.2,,yes,,yes,,,yes
12536,696,MC-ICP-MS U/Th,58,,UMD120920-517,calcite,1.32,1.32,319.155,19483.3,19483.3,,,yes,2446.89232779277,,,,,,13317.1995876377,,0.78249551520032,0.00503245860061358,0.869365466762865,0.00316678297703254,14,9,Cheng et al. 2013,319214,19578.6,19578.6,,yes,,yes,,,yes
12537,696,MC-ICP-MS U/Th,58,,UMD121002-209,calcite,1.4,1.4,303.311,19650.2,19650.2,,,yes,1071.58578065759,,,,,,7082.00831729181,,0.778898057120638,0.00562312063551086,0.871186604962784,0.00431131397175386,14,9,Cheng et al. 2013,303202,19754.5,19754.5,,yes,,yes,,,yes
12538,696,MC-ICP-MS U/Th,59,,UMD120920-521,calcite,1.77,1.77,311.174,21637.9,21637.9,,,yes,1417.33820571953,,,,,,13690.2964959338,,0.790105679812746,0.00737493304544972,0.877802740349072,0.00238836745858496,14,9,Cheng et al. 2013,310981,21755.3,21755.3,,yes,,yes,,,yes
12539,696,MC-ICP-MS U/Th,59,,UMD121002-210,calcite,1.6,1.6,284.943,15949.5,15949.5,,,no,1153.94383951799,,,,,,5190.46153285891,,0.770833816115632,0.0063967415461373,0.871077638730529,0.00342888581992583,14,9,Cheng et al. 2013,284530,15966.9,15966.9,,no,,no,no,,no
12540,696,MC-ICP-MS U/Th,60,,UMD120920-542,calcite,1.05,1.05,384.135,66030.1,66030.1,,,yes,2082.87844227743,,,,,,8440.1288538213,,0.804581249067144,0.0064421576823508,0.874595579011448,0.00378500618520152,14,9,Cheng et al. 2013,383912,77758.8,77758.8,,yes,,yes,,,yes
12541,696,MC-ICP-MS U/Th,60,,UMD121002-228,calcite,1.8,1.8,311.418,25064.1,25064.1,,,yes,1146.40101928695,,,,,,9450.54763522505,,0.787976590108853,0.00622911114990173,0.87609978131751,0.00537915435665027,14,9,Cheng et al. 2013,311312,24953,24953,,yes,,yes,,,yes
12542,696,MC-ICP-MS U/Th,61,,UMD121002-235,calcite,2,2,328.143,27777.3,27777.3,,,yes,1097.14056571919,,,,,,8758.33450970521,,0.794313472792644,0.00769904121974913,0.876645735722257,0.00277956932970665,14,9,Cheng et al. 2013,328081,27964.9,27964.9,,yes,,yes,,,yes
12543,696,MC-ICP-MS U/Th,62,,UMD121002-249,calcite,2.3,2.3,334.726,26265.2,26265.2,,,yes,1132.88381957518,,,,,,11778.5310241984,,0.794792142764458,0.00564502475154485,0.875448196683414,0.00391131181629375,14,9,Cheng et al. 2013,334713,26482.1,26482.1,,yes,,yes,,,yes
12544,696,MC-ICP-MS U/Th,63,,UMD121002-270,calcite,1.8,1.8,379.459,45826.4,45826.4,,,no,1260.90395690477,,,,,,14662.1365621272,,0.803320880670057,0.00510353756126228,0.874215024692723,0.00438825210709057,14,9,Cheng et al. 2013,379453,46012.8,46012.8,,no,,no,no,,no
12545,696,MC-ICP-MS U/Th,63,,UMA01889  Dec-2007,calcite,3,3,320.611999270837,12894.3118583905,12894.3118583905,,,yes,1348.61909892747,,,,,,2390.48202537705,,0.79685669373595,0.00377594832445916,0.88014874798823,0.00248863012225321,14,9,Cheng et al. 2013,320743,14716.6,14716.6,,yes,,yes,,,yes
12546,696,MC-ICP-MS U/Th,64,,UMD121002-271,calcite,2,2,328.678,20257.4,20257.4,,,yes,1316.9661035594,,,,,,6967.17203376172,,0.795141616696386,0.00529392418251722,0.877049682737906,0.00260589290964142,14,9,Cheng et al. 2013,328393,20626.8,20626.8,,yes,,yes,,,yes
12547,696,MC-ICP-MS U/Th,65,,UMD121002-303,calcite,1,1,364.798,249694,249694,,,yes,2278.93043779591,,,,,,7073.28029902083,,0.802166360825049,0.00830882142690925,0.875542803268294,0.00267765820769384,14,9,Cheng et al. 2013,364892,45579.9,45579.9,,yes,,yes,,,yes
12548,696,MC-ICP-MS U/Th,66,,UMD121002-307,calcite,2.3,2.3,331.042,19188,19188,,,yes,1988.32785235521,,,,,,6149.95509994006,,0.797454895555489,0.00425396787856602,0.878268530191499,0.00303369862341804,14,9,Cheng et al. 2013,330682,18878.3,18878.3,,yes,,yes,,,yes
12549,696,MC-ICP-MS U/Th,67,,UMD121002-312,calcite,2.5,2.5,361.881,32199.3,32199.3,,,yes,1795.55655497134,,,,,,6785.30026459172,,0.806297673274463,0.00600301408385175,0.879040628472646,0.0025640143645037,14,9,Cheng et al. 2013,361362,31645.6,31645.6,,yes,,yes,,,yes
12550,696,MC-ICP-MS U/Th,68,,UMD121002-403,calcite,2.4,2.4,383.734,42556.9,42556.9,,,yes,1632.73817653966,,,,,,3296.99585969925,,0.803231404029325,0.00517572453126358,0.873474439141662,0.00342705501551731,14,9,Cheng et al. 2013,383600,41889.9,41889.9,,yes,,yes,,,yes
12551,696,MC-ICP-MS U/Th,69,,UMD121002-408,calcite,2.6,2.6,333.546,20172.6,20172.6,,,yes,1696.09904617542,,,,,,3709.75818668894,,0.801735066414548,0.00484308901055143,0.880982549461783,0.00281704711809916,14,9,Cheng et al. 2013,333097,20281.5,20281.5,,yes,,yes,,,yes
12552,696,MC-ICP-MS U/Th,70,,UMD121002-417,calcite,1.46,1.46,383.073,496930,496930,,,yes,1736.18043244328,,,,,,3989.70480741003,,0.814534179322493,0.00683918196389469,0.882045713034709,0.00420143283775198,14,9,Cheng et al. 2013,385299,54695.9,54695.9,,yes,,yes,,,yes
12553,696,MC-ICP-MS U/Th,72,,UMD121002-430,calcite,1.89,1.89,351.175,37084.3,37084.3,,,yes,1426.50223251332,,,,,,3582.28614566099,,0.821259526813858,0.0071938748557278,0.892712682613675,0.00459039011685992,14,9,Cheng et al. 2013,350699,36670.1,36670.1,,yes,,yes,,,yes
12554,696,MC-ICP-MS U/Th,73,,UMD121002-440,calcite,2,2,372.984,30056.1,30056.1,,,yes,1408.81196424954,,,,,,8657.03070414666,,0.823335598867601,0.00475088031277001,0.89015378220185,0.00279529731462645,14,9,Cheng et al. 2013,372876,30195.4,30195.4,,yes,,yes,,,yes
12622,700,ICP-MS U/Th Other,350,,D3F1,calcite,,,100200,800,800,,,yes,648,1,3865,47,,,,,0.456,0.0019,0.7875,0.0014,1.3,0.925,Cheng et al. 2000,99700,800,800,yes,yes,yes,yes,,yes,yes
12623,700,ICP-MS U/Th Other,473,,D3F2,calcite,,,100600,700,700,,,yes,657,1,260,32,,,,,0.4484,0.0017,0.7746,0.0014,1.3,0.925,Cheng et al. 2000,100600,700,700,yes,yes,yes,yes,,yes,yes
12624,700,ICP-MS U/Th Other,621,,D3E1,calcite,,,105700,900,900,,,yes,797,1.4,4549,44,,,,,0.4844,0.0021,0.8077,0.0013,1.3,0.925,Cheng et al. 2000,105300,900,900,yes,yes,yes,yes,,yes,yes
12625,700,ICP-MS U/Th Other,787,,D3D1,calcite,,,111600,1000,1000,,,yes,804,2.3,352,40,,,,,0.5028,0.0021,0.8127,0.0016,1.3,0.925,Cheng et al. 2000,111600,1000,1000,yes,yes,yes,yes,,yes,yes
12626,700,ICP-MS U/Th Other,933,,D3D4a,calcite,,,112900,900,900,,,yes,1098,2.1,610,45,,,,,0.5041,0.0019,0.81,0.0014,1.3,0.925,Cheng et al. 2000,112900,900,900,yes,yes,yes,yes,,yes,yes
12627,700,ICP-MS U/Th Other,933,,D3D4b,calcite,,,113700,900,900,,,yes,1091,2,597,40,,,,,0.5058,0.0019,0.8099,0.0014,1.3,0.925,Cheng et al. 2000,113600,900,900,yes,yes,yes,yes,,yes,yes
12628,700,ICP-MS U/Th Other,1034,,D3D5,calcite,,,114400,900,900,,,yes,784,1.3,159,44,,,,,0.5038,0.002,0.8048,0.0014,1.3,0.925,Cheng et al. 2000,114400,900,900,yes,yes,yes,yes,,yes,yes
12629,700,ICP-MS U/Th Other,1094,,D3D2a,calcite,,,117000,1100,1100,,,yes,1124,2.2,420,46,,,,,0.5061,0.0022,0.7999,0.0018,1.3,0.925,Cheng et al. 2000,117000,1100,1100,yes,yes,yes,yes,,yes,yes
12630,700,ICP-MS U/Th Other,1094,,D3D2b,calcite,,,118000,1400,1400,,,yes,1129,3.8,570,61,,,,,0.507,0.0024,0.7982,0.0026,1.3,0.925,Cheng et al. 2000,118000,1400,1400,yes,yes,yes,yes,,yes,yes
12631,700,ICP-MS U/Th Other,1111,,D3D3,calcite,,,117200,1000,1000,,,yes,944,1.7,231,41,,,,,0.4999,0.0019,0.7913,0.0015,1.3,0.925,Cheng et al. 2000,117200,1000,1000,yes,yes,yes,yes,,yes,yes
12632,700,ICP-MS U/Th Other,1223,,D3C1N,calcite,,,118900,1000,1000,,,yes,1279,2.2,563,41,,,,,0.5134,0.002,0.804,0.0012,1.3,0.925,Cheng et al. 2000,118900,1000,1000,yes,yes,yes,yes,,yes,yes
12633,700,ICP-MS U/Th Other,1398,,D3B2,calcite,,,120600,1000,1000,,,yes,1101,1.9,524,48,,,,,0.509,0.002,0.7935,0.0013,1.3,0.925,Cheng et al. 2000,120500,1000,1000,yes,yes,yes,yes,,yes,yes
12634,700,ICP-MS U/Th Other,1485,,D3B3,calcite,,,122100,1100,1100,,,yes,1006,1.9,1760,47,,,,,0.5219,0.0021,0.8059,0.0013,1.3,0.925,Cheng et al. 2000,121900,1100,1100,yes,yes,yes,yes,,yes,yes
12635,700,ICP-MS U/Th Other,1485,,D3B3,calcite,,,123200,1300,1300,,,yes,1003,1.9,2059,48,,,,,0.524,0.0024,0.805,0.0014,1.3,0.925,Cheng et al. 2000,123200,1300,1300,yes,yes,yes,yes,,yes,yes
12636,700,ICP-MS U/Th Other,1563,,D3B1,calcite,,,122600,1000,1000,,,yes,534,0.9,4139,52,,,,,0.5256,0.0019,0.8091,0.0013,1.3,0.925,Cheng et al. 2000,122600,1000,1000,yes,yes,yes,yes,,yes,yes
12637,700,ICP-MS U/Th Other,1610,,D3A2,calcite,,,124400,1100,1100,,,yes,1016,2,466,41,,,,,0.5234,0.002,0.8016,0.0015,1.3,0.925,Cheng et al. 2000,124300,1100,1100,yes,yes,yes,yes,,yes,yes
12638,700,ICP-MS U/Th Other,1777,,D3A1,calcite,,,125400,1200,1200,,,yes,954,1.8,1887,43,,,,,0.5301,0.0023,0.8072,0.0015,1.3,0.925,Cheng et al. 2000,125300,1200,1200,yes,yes,yes,yes,,yes,yes
12639,701,ICP-MS U/Th Other,2439,,D4D1,calcite,,,125500,800,800,,,yes,516,0.6,2467,23,,,,,0.6345,0.002,0.939,0.0011,1.3,0.925,Cheng et al. 2000,125300,800,800,yes,yes,yes,yes,,yes,yes
12640,701,ICP-MS U/Th Other,2534,,D4D2,calcite,,,128100,1000,1000,,,yes,548,0.8,3301,24,,,,,0.6357,0.0023,0.9322,0.0013,1.3,0.925,Cheng et al. 2000,127800,1000,1000,yes,yes,yes,yes,,yes,yes
12641,701,ICP-MS U/Th Other,2578,,D4C1,calcite,,,128300,790,790,,,yes,618,0.8,82,22,,,,,0.6592,0.0019,0.9603,0.0012,1.3,0.925,Cheng et al. 2000,128300,800,800,yes,yes,yes,yes,,yes,yes
12642,701,ICP-MS U/Th Other,2613,,D4C2,calcite,,,129100,1000,1000,,,yes,358,0.6,67,23,,,,,0.6626,0.0023,0.9618,0.0018,1.3,0.925,Cheng et al. 2000,129100,1000,1000,yes,yes,yes,yes,,yes,yes
12643,701,ICP-MS U/Th Other,2635,,D4N1,calcite,,,130000,1400,1400,,,yes,284,0.4,249,11,,,,,0.6844,0.0035,0.9858,0.0015,1.3,0.925,Cheng et al. 2000,129900,1400,1400,yes,yes,yes,yes,,yes,yes
12644,701,ICP-MS U/Th Other,2682,,D3C3,calcite,,,130900,1000,1000,,,yes,310,0.4,648,21,,,,,0.6886,0.0024,0.988,0.0016,1.3,0.925,Cheng et al. 2000,130800,1000,1000,yes,yes,yes,yes,,yes,yes
12645,701,ICP-MS U/Th Other,2718,,D4B2,calcite,,,132800,1000,1000,,,yes,347,0.5,759,24,,,,,0.6948,0.0024,0.9894,0.0015,1.3,0.925,Cheng et al. 2000,132700,1000,1000,yes,yes,yes,yes,,yes,yes
12646,701,ICP-MS U/Th Other,2750,,D4N2,calcite,,,135000,1000,1000,,,yes,357,0.4,330,11,,,,,0.6939,0.0024,0.9813,0.0013,1.3,0.925,Cheng et al. 2000,134900,1000,1000,yes,yes,yes,yes,,yes,yes
12647,701,ICP-MS U/Th Other,2760,,D4N3,calcite,,,136000,1000,1000,,,yes,348,0.4,365,11,,,,,0.6832,0.0023,0.9653,0.0012,1.3,0.925,Cheng et al. 2000,136000,1000,1000,yes,yes,yes,yes,,yes,yes
12648,701,ICP-MS U/Th Other,2810,,D4N4,calcite,,,137100,1000,1000,,,yes,352,0.4,371,11,,,,,0.7012,0.0023,0.9835,0.0013,1.3,0.925,Cheng et al. 2000,137000,1000,1000,yes,yes,yes,yes,,yes,yes
12649,701,ICP-MS U/Th Other,2821,,D4N5,calcite,,,136600,1000,1000,,,yes,352,0.4,577,11,,,,,0.6881,0.0023,0.9692,0.0013,1.3,0.925,Cheng et al. 2000,136600,1000,1000,yes,yes,yes,yes,,yes,yes
12650,701,ICP-MS U/Th Other,2825,,D4N6,calcite,,,136900,1100,1100,,,yes,309,0.4,137,11,,,,,0.675,0.0024,0.9529,0.0013,1.3,0.925,Cheng et al. 2000,136800,1100,1100,yes,yes,yes,yes,,yes,yes
12651,701,ICP-MS U/Th Other,2831,,D4B1,calcite,,,136300,1000,1000,,,yes,496,0.7,988,22,,,,,0.6822,0.0022,0.9635,0.0015,1.3,0.925,Cheng et al. 2000,136200,1000,1000,yes,yes,yes,yes,,yes,yes
12652,701,ICP-MS U/Th Other,2878,,D4A1,calcite,,,140900,1400,1400,,,yes,341,0.5,953,21,,,,,0.6992,0.0031,0.9702,0.0015,1.3,0.925,Cheng et al. 2000,140800,1400,1400,yes,yes,yes,yes,,yes,yes
12653,701,ICP-MS U/Th Other,2887,,D4N8,calcite,,,138300,1000,1000,,,yes,351,0.4,3163,13,,,,,0.6948,0.0023,0.9722,0.0014,1.3,0.925,Cheng et al. 2000,137900,1100,1100,yes,yes,yes,yes,,yes,yes
12654,701,ICP-MS U/Th Other,2890,,D4A4,calcite,,,139300,1300,1300,,,yes,402,0.6,573,25,,,,,0.693,0.0029,0.9673,0.0014,1.3,0.925,Cheng et al. 2000,139200,1300,1300,yes,yes,yes,yes,,yes,yes
12655,701,ICP-MS U/Th Other,2903,,D4N7,calcite,,,144000,1300,1300,,,yes,253,0.3,10138,25,,,,,0.7012,0.0027,0.9638,0.0013,1.3,0.925,Cheng et al. 2000,142000,1400,1400,yes,yes,yes,yes,,yes,yes
12656,701,ICP-MS U/Th Other,2942,,D4A2,calcite,,,143900,1600,1600,,,yes,381,0.5,5218,28,,,,,0.7019,0.0035,0.966,0.0015,1.3,0.925,Cheng et al. 2000,143300,1600,1600,yes,yes,yes,yes,,yes,yes
12657,701,ICP-MS U/Th Other,3010,,D4A3,calcite,,,146200,1300,1300,,,yes,532,0.8,2740,24,,,,,0.699,0.0027,0.956,0.0015,1.3,0.925,Cheng et al. 2000,145900,1300,1300,yes,yes,yes,yes,,yes,yes
12752,707,MC-ICP-MS U/Th,2,1,,aragonite,,,506,5,5,,,yes,7560,12,3608,73,,,174,4,0.00504,5e-05,1.0886,0.0016,,,Cheng et al. 2000,431,10,10,yes,,yes,yes,,yes,yes
12753,707,MC-ICP-MS U/Th,14,1,,aragonite,,,939,45,45,,,yes,409,2,1348,7,,,47,2,0.00933,0.00045,1.0869,0.0065,,,Cheng et al. 2000,789,63,63,yes,,yes,yes,,yes,yes
12754,707,MC-ICP-MS U/Th,18.5,1,,aragonite,,,1138,13,13,,,yes,1138,2,377,8,,,561,13,0.01129,0.00012,1.0884,0.0017,,,Cheng et al. 2000,1067,14,14,yes,,yes,yes,,yes,yes
12755,707,MC-ICP-MS U/Th,23.9,1,,aragonite,,,1296,12,12,,,yes,1141,2,573,12,,,421,9,0.01283,0.00011,1.0854,0.0017,,,Cheng et al. 2000,1220,15,15,yes,,yes,yes,,yes,yes
12756,707,MC-ICP-MS U/Th,40.4,1,,aragonite,,,1880,8,8,,,yes,2203,5,300,6,,,2253,46,0.0186,0.0001,1.0902,0.0022,,,Cheng et al. 2000,1814,8,8,yes,,yes,yes,,yes,yes
12757,707,MC-ICP-MS U/Th,54,1,,aragonite,,,2048,18,18,,,yes,2812,3,1049,22,,,891,20,0.02017,0.00017,1.0839,0.0017,,,Cheng et al. 2000,1976,20,20,yes,,yes,yes,,yes,yes
12758,707,MC-ICP-MS U/Th,69,1,,aragonite,,,2104,8,8,,,yes,3789,8,280,6,,,4617,96,0.02068,7e-05,1.0824,0.0015,,,Cheng et al. 2000,2039,8,8,yes,,yes,yes,,yes,yes
12759,707,MC-ICP-MS U/Th,84.4,1,,aragonite,,,2120,8,8,,,yes,3299,7,185,4,,,6141,129,0.02086,7e-05,1.0834,0.0016,,,Cheng et al. 2000,2056,8,8,yes,,yes,yes,,yes,yes
12760,707,MC-ICP-MS U/Th,96.4,1,,aragonite,,,2129,8,8,,,yes,4181,9,271,6,,,5358,110,0.021,0.0001,1.0874,0.0016,,,Cheng et al. 2000,2065,8,8,yes,,yes,yes,,yes,yes
12761,707,MC-ICP-MS U/Th,119.4,1,,aragonite,,,3794,18,18,,,yes,3216,4,596,13,,,3301,73,0.03709,0.00016,1.0845,0.0016,,,Cheng et al. 2000,3727,18,18,yes,,yes,yes,,yes,yes
12762,707,MC-ICP-MS U/Th,136.9,1,,aragonite,,,3908,39,39,,,yes,784,4,462,10,,,1156,24,0.0413,0.0003,1.1722,0.008,,,Cheng et al. 2000,3832,41,41,yes,,yes,yes,,yes,yes
12763,707,MC-ICP-MS U/Th,159.9,1,,aragonite,,,4557,26,26,,,yes,1844,2,367,9,,,3695,94,0.04454,0.00024,1.0877,0.0017,,,Cheng et al. 2000,4490,26,26,yes,,yes,yes,,yes,yes
12764,707,MC-ICP-MS U/Th,170.6,1,,aragonite,,,4525,17,17,,,yes,1371,2,765,15,,,1304,27,0.04415,0.00015,1.0856,0.0017,,,Cheng et al. 2000,4448,20,20,yes,,yes,yes,,yes,yes
12765,707,MC-ICP-MS U/Th,214,1,,aragonite,,,4595,29,29,,,yes,1453,1,534,12,,,2021,46,0.045,0.00027,1.0901,0.0016,,,Cheng et al. 2000,4523,30,30,yes,,yes,yes,,yes,yes
12766,707,MC-ICP-MS U/Th,269.1,1,,aragonite,,,4939,21,21,,,yes,4594,13,380,8,,,9618,197,0.0483,0.0002,1.0897,0.002,,,Cheng et al. 2000,4875,21,21,yes,,yes,yes,,yes,yes
12767,707,MC-ICP-MS U/Th,400.1,1,,aragonite,,,5246,49,49,,,yes,4376,26,663,7,,,5569,63,0.05122,0.00041,1.0887,0.0051,,,Cheng et al. 2000,5180,50,50,yes,,yes,yes,,yes,yes
12768,707,Event; hiatus,155.3,,,,,,,,,,,unknown,,,,,,,,,,,,,,,,,,,yes,,yes,yes,,yes,yes
12769,707,Event; hiatus,100.8,,,,,,,,,,,unknown,,,,,,,,,,,,,,,,,,,yes,,yes,yes,,yes,yes
12770,708,MC-ICP-MS U/Th,10,2.1,LSF 13 - a,calcite,150,200,30242.6892875,100.785492787,100.785492787,,,yes,133.581060616,0.174280547287,455.942112211,9.20312239433,,,637.7982259,12.95097133,0.712315953438,0.00182951069264,2.862992154,1.00425631174373,0.815572293,0.407786146,Cheng et al. 2013,30209.8612356,103.360018062,103.360018062,yes,,yes,yes,,yes,yes
12771,708,MC-ICP-MS U/Th,17.6,0.8,LSF 13-1,calcite,150,200,31793.4975839,112.42651079,112.42651079,,,yes,186.027756479,0.337499541868,5915.0300017,118.790056104,,,70.14277702,1.417796943,0.729771173026,0.00213257901875,2.806159924,1.00318179166239,0.815572293,0.407786146,Cheng et al. 2013,31481.9863731,247.099983694,247.099983694,yes,,yes,yes,,yes,yes
12772,708,Event; hiatus,19.325,,,,,,,,,,,yes,,,,,,,,,,,,,,,,,,,yes,,yes,yes,,yes,yes
12773,708,MC-ICP-MS U/Th,21.05,1.7,LSF13-T,calcite,150,200,35059.9209562,219.70616305,219.70616305,,,yes,155.604286922,0.384917196526,605.5681502,2.29495426315,,,630.6365532,3.682958435,0.803779749154,0.00408766728338,2.832355608,1.00582075657586,0.815572293,0.407786146,Cheng et al. 2013,35022.4534977,220.373773088,220.373773088,yes,,yes,yes,,yes,yes
12774,708,MC-ICP-MS U/Th,93.05,2,LSF 13 - b,calcite,150,200,36065.2890801,92.7574045733,92.7574045733,,,yes,280.566490637,0.363895066785,246.054646184,4.96344369108,,,2872.793364,58.10013512,0.824374792885,0.00160456581785,2.836119187,1.00313755304527,0.815572293,0.407786146,Cheng et al. 2013,36056.8367125,92.9334882786,92.9334882786,yes,,yes,yes,,yes,yes
12775,708,MC-ICP-MS U/Th,113.95,2.3,LSF 13 - c,calcite,150,200,37114.4648965,487.43653979,487.43653979,,,yes,142.693699494,0.98248427795,283.031736991,5.71781002282,,,1280.810103,25.93972597,0.831265255065,0.00584468396785,2.789974131,1.02470388937221,0.815572293,0.407786146,Cheng et al. 2013,37095.104776,487.371212384,487.371212384,yes,,yes,yes,,yes,yes
12776,708,MC-ICP-MS U/Th,159.55,2.1,LSF 13 - d,calcite,150,200,37680.960698,118.040688996,118.040688996,,,yes,175.536389176,0.25533950741,1543.09724293,30.9502445756,,,294.4734718,5.930162747,0.84702622368,0.00196283720943,2.805398564,1.00393049943594,0.815572293,0.407786146,Cheng et al. 2013,37595.8369208,132.323420143,132.323420143,yes,,yes,yes,,yes,yes
12777,708,MC-ICP-MS U/Th,163.05,1,LSF13-180,calcite,150,200,38320.3869446,120.686900866,120.686900866,,,yes,184.689529512,0.299254449702,3656.02075289,73.3734658738,,,129.9048972,2.617366891,0.841427003838,0.00201329927048,2.747518206,1.00353330403788,0.815572293,0.407786146,Cheng et al. 2013,38124.672784,183.780599089,183.780599089,yes,,yes,yes,,yes,yes
12778,708,MC-ICP-MS U/Th,169.05,,LSF13-187,calcite,150,200,39080.1273384,89.9049218552,89.9049218552,,,yes,170.708649405,0.208705908486,817.477368462,16.4298370307,,,551.7022495,11.11237372,0.864469173941,0.00155962279307,2.774719368,1.00226904093591,0.815572293,0.407786146,Cheng et al. 2013,39033.337875,95.7246367858,95.7246367858,yes,,yes,yes,,yes,yes
12779,708,MC-ICP-MS U/Th,174.55,,LSF13-193,calcite,150,200,39551.8465078,89.1599006681,89.1599006681,,,yes,175.643860129,0.212744549662,122.904589447,2.5746862963,,,3822.586033,80.22708347,0.875219410579,0.00154137614677,2.78018242,1.00224472749821,0.815572293,0.407786146,Cheng et al. 2013,39544.9955773,89.2835433782,89.2835433782,yes,,yes,yes,,yes,yes
12780,708,MC-ICP-MS U/Th,179.55,,LSF13-198,calcite,150,200,39702.5938251,111.847277686,111.847277686,,,yes,177.18980179,0.300081025577,119.764330718,2.48347675543,,,3966.768189,82.40016298,0.877304053788,0.00183443905963,2.777727187,1.00336249998118,0.815572293,0.407786146,Cheng et al. 2013,39695.9704186,111.933948592,111.933948592,yes,,yes,yes,,yes,yes
12781,708,MC-ICP-MS U/Th,184.05,,LSF13-202,calcite,150,200,39851.2538827,124.29183278,124.29183278,,,yes,167.525000102,0.26618298165,55.3444903454,1.36891771122,,,8134.51676,201.7628386,0.879328336688,0.00214171667845,2.775233978,1.00308511016658,0.815572293,0.407786146,Cheng et al. 2013,39847.9930504,124.313332388,124.313332388,yes,,yes,yes,,yes,yes
12782,708,MC-ICP-MS U/Th,185.65,1.9,LSF 13-d(1),calcite,150,200,39485.8742402,159.19583835,159.19583835,,,yes,134.356270625,0.280888759258,128.840806326,2.6937347973,,,2783.596309,58.56654794,0.873426351475,0.00275143503109,2.778515336,1.00401538938235,0.815572293,0.407786146,Cheng et al. 2013,39476.4937614,159.316282394,159.316282394,yes,,yes,yes,,yes,yes
12783,708,MC-ICP-MS U/Th,218.55,1.9,LSF 13-d(2),calcite,150,200,40417.7826359,140.151768036,140.151768036,,,yes,189.941920079,0.33695989328,352.039201243,7.12777180997,,,1444.108316,29.38865754,0.875778979026,0.00237484729528,2.731512054,1.00330435508182,0.815572293,0.407786146,Cheng et al. 2013,40399.397843,140.711971689,140.711971689,yes,,yes,yes,,yes,yes
12784,709,MC-ICP-MS U/Th,3,,LSF19 (1)-3,calcite,,,1172.54923359891,10.4297555240019,10.4297555240019,,,yes,150.119203503195,0.236661225610225,1149.20416754667,23.0735870503625,,,80.2074872532782,1.75209377185403,0.0372400438135931,0.000325815253081845,3.47781667083421,1.00480687123702,0.815572293,0.407786146,Cheng et al. 2013,1050.62213789096,46.4027635719399,46.4027635719399,yes,,yes,yes,,yes,yes
12785,709,MC-ICP-MS U/Th,95,,LSF19(1)-95,calcite,,,1553.3013283609,10.2348263964036,10.2348263964036,,,yes,143.235756933768,0.166218817093872,91.4268235238797,1.93457549440695,,,1347.06082407576,29.7610973350668,0.0521487281832293,0.00033685114315763,3.68121685879579,1.00405394951538,0.815572293,0.407786146,Cheng et al. 2013,1490.27014623801,10.8335745728731,10.8335745728731,yes,,yes,yes,,yes,yes
12786,709,MC-ICP-MS U/Th,418,,LASF19(1)-418,calcite,,,2983.22845132746,13.1372158668982,13.1372158668982,,,yes,164.131589868266,0.358409848094476,37.847764133303,1.16966183730453,,,7182.61538643664,223.320160103224,0.100453482010338,0.000406574126810724,3.71091075013168,1.0059811207432,0.815572293,0.407786146,Cheng et al. 2013,2923.42855252862,13.1967324728249,13.1967324728249,yes,,yes,yes,,yes,yes
12787,709,MC-ICP-MS U/Th,515,,LSF19(1) 515,calcite,,,3283.15271156526,13.0478442078893,13.0478442078893,,,yes,185.602540009097,0.379939656066602,114.407411860619,2.38088639863986,,,2922.3834282906,61.4015440703701,0.109255113803768,0.000387210351612835,3.67129763256149,1.00620981662272,0.815572293,0.407786146,Cheng et al. 2013,3220.29656276743,13.4837679270519,13.4837679270519,yes,,yes,yes,,yes,yes
12788,709,MC-ICP-MS U/Th,595,,LSF19 (1)-595,calcite,,,3590.22723113624,11.8880107261035,11.8880107261035,,,yes,159.244001470206,0.240523317558171,20.3906130626338,0.632962891652253,,,15090.7028091234,470.113261540187,0.117195517034541,0.000354719989430038,3.60529888824051,1.00444660256753,0.815572293,0.407786146,Cheng et al. 2013,3531.1979715134,11.9094023907599,11.9094023907599,yes,,yes,yes,,yes,yes
12789,709,MC-ICP-MS U/Th,668,,LSF19(1)-668,calcite,,,4219.54499752895,17.6725353914805,17.6725353914805,,,yes,125.184571796342,0.236929935849282,225.520360073306,4.87443306389743,,,1272.52986829287,27.827282846211,0.139039201312476,0.00053130435233854,3.64741397853786,1.00566391943053,0.815572293,0.407786146,Cheng et al. 2013,4147.29104276196,20.3279178268915,20.3279178268915,yes,,yes,yes,,yes,yes
12790,709,MC-ICP-MS U/Th,811,,LSF19 (1)-811,calcite,,,5207.58128803607,16.840013240445,16.840013240445,,,yes,132.464233665585,0.226074794029411,78.7054818433456,1.6541629657907,,,4715.88326719785,99.6838520918578,0.169943175341705,0.000480749000453573,3.62497415110955,1.00520835447557,0.815572293,0.407786146,Cheng et al. 2013,5144.85723042643,17.1609915405978,17.1609915405978,yes,,yes,yes,,yes,yes
12791,709,MC-ICP-MS U/Th,886,,LSF19 (1)-886,calcite,,,5664.62868654241,130.16705094458,130.16705094458,,,yes,160.246805872347,0.299565124166682,36.5049934893968,1.47111754712051,,,13212.2752293317,609.103063897921,0.182547057638326,0.00410145324658816,3.58552924761092,1.00537098214503,0.815572293,0.407786146,Cheng et al. 2013,5604.79583164534,130.171373021759,130.171373021759,yes,,yes,yes,,yes,yes
12792,709,MC-ICP-MS U/Th,982,,LSF19 (1)-982,calcite,,,5919.61011270756,22.0211422523249,22.0211422523249,,,yes,175.322689500946,0.364164794730829,65.7208880438092,1.48145770386441,,,8452.7573675348,191.779962499178,0.192175506056901,0.000635979591884774,3.61525217929841,1.00548616564868,0.815572293,0.407786146,Cheng et al. 2013,5858.62362305932,22.1176159799864,22.1176159799864,yes,,yes,yes,,yes,yes
12793,709,MC-ICP-MS U/Th,1063,,LSF19 (1)-1063,calcite,,,6833.40638928163,23.3330919961896,23.3330919961896,,,yes,127.069154245651,0.234935115065281,61.7744741466053,1.32628033654916,,,7469.3336418382,161.272731921325,0.220234376107883,0.000647839946721755,3.60071479838903,1.00562111000599,0.815572293,0.407786146,Cheng et al. 2013,6771.5255530562,23.4877420820618,23.4877420820618,yes,,yes,yes,,yes,yes
12794,709,MC-ICP-MS U/Th,1125,,LSF19(1)-1125,calcite,,,7694.2562775621,28.7660094491257,28.7660094491257,,,yes,164.214313179904,0.370548780368893,59.6559474881474,1.3514209276965,,,11503.2644877299,261.955862162722,0.253453432072355,0.000820602444443438,3.69114424249799,1.0061009685263,0.815572293,0.407786146,Cheng et al. 2013,7633.43019546378,28.8308820036244,28.8308820036244,yes,,yes,yes,,yes,yes
12795,709,MC-ICP-MS U/Th,1131,,LSF19 (1)-1131,calcite,,,8134.46966523265,31.9911024180757,31.9911024180757,,,yes,150.414304775815,0.346843956748975,181.039211542722,3.710128313547,,,3728.81626147367,77.033104306659,0.272200440852576,0.000947637966690878,3.75525215161088,1.00589077445211,0.815572293,0.407786146,Cheng et al. 2013,8067.29098257751,32.6240138467723,32.6240138467723,yes,,yes,yes,,yes,yes
12796,709,Event; hiatus,1180,,,,,,,,,,,yes,,,,,,,,,,,,,,,,,,,yes,,yes,yes,,yes,yes
12797,709,MC-ICP-MS U/Th,1196,,LSF19 (1)-1196,calcite,,,9012.20379998918,25.5198411180755,25.5198411180755,,,yes,135.294027451395,0.221301693481285,146.71185362235,2.97461083772987,,,4574.79487465148,93.1188087397216,0.300879456900116,0.000731277115759467,3.75818178291546,1.00475636564887,0.815572293,0.407786146,Cheng et al. 2013,8945.95424389168,26.1646814498789,26.1646814498789,yes,,yes,yes,,yes,yes
12798,709,MC-ICP-MS U/Th,1335,,LSF19 (1)-1335,calcite,,,9875.31199885128,34.4734269790903,34.4734269790903,,,yes,207.489937175285,0.426245759467357,43.594914881618,1.02746308122114,,,26149.3848421049,618.82541893886,0.333222718433257,0.000987436578207819,3.80971530108082,1.0060945215605,0.815572293,0.407786146,Cheng et al. 2013,9815.73064696348,34.4899563574502,34.4899563574502,yes,,yes,yes,,yes,yes
12799,709,MC-ICP-MS U/Th,1405,,LSF 19 (1)-1405,calcite,,,10424.7696863162,39.4411094848859,39.4411094848859,,,yes,144.102929984224,0.318813157575368,192.883524502172,3.98871730596242,,,4285.50086471191,89.1673124659812,0.347903053526981,0.00110971913233885,3.77528757618377,1.00663715659265,0.815572293,0.407786146,Cheng et al. 2013,10356.6636481099,40.0620859653783,40.0620859653783,yes,,yes,yes,,yes,yes
12800,709,MC-ICP-MS U/Th,1526,,LSF19 (1)-1526,calcite,,,11169.025795541,35.5184169779372,35.5184169779372,,,yes,191.539478444114,0.365588002856011,73.8756793491969,1.52932097600776,,,16084.5250913627,334.376834551237,0.376258016017316,0.00101456202946361,3.82065666221899,1.00547312415479,0.815572293,0.407786146,Cheng et al. 2013,11166.1791960286,35.8474427707228,35.8474427707228,yes,,yes,yes,,yes,yes
12801,710,MC-ICP-MS U/Th,0,,LSF 17-1,calcite,,,4934.08002503192,14.5198967325989,14.5198967325989,,,yes,137.665425164604,0.187434675185695,221.453607428123,4.46067097030488,,,1807.652874942,36.6518469359387,0.17636290614724,0.00047450684217769,3.96594562572939,1.00419725367655,0.815572293,0.407786146,Cheng et al. 2013,4863.3938988204,16.6955223312064,16.6955223312064,yes,yes,,yes,,yes,yes
12802,710,MC-ICP-MS U/Th,27.5,,LSF 17-A,calcite,,,5361.28803789831,17.0027172709163,17.0027172709163,,,yes,137.871661575615,0.225210478853833,351.141547473633,7.07311417471184,,,1241.01919435367,25.1757582794981,0.191699084716108,0.000557419713739321,3.97324722614721,1.00439482534795,0.815572293,0.407786146,Cheng et al. 2013,5283.83834059203,21.4127684897627,21.4127684897627,yes,yes,,yes,,yes,yes
12803,710,MC-ICP-MS U/Th,66.5,,LSF17-2,calcite,,,5815.44763336828,13.3037662079827,13.3037662079827,,,yes,183.392006511822,0.235759070255569,134.861159249844,2.72661132792381,,,4718.48742576984,95.6974767216003,0.210447426799186,0.000432471859232514,4.02748754994254,1.00359409489492,0.815572293,0.407786146,Cheng et al. 2013,5751.19408682088,13.8063479038197,13.8063479038197,yes,yes,,yes,,yes,yes
12804,710,MC-ICP-MS U/Th,85,,LSF17-B,calcite,,,6111.18079369621,17.9482309747438,17.9482309747438,,,yes,191.069870384071,0.310404504394235,337.947883678448,6.81067702911409,,,2113.59061800079,42.825518001111,0.226731951551376,0.000601639544045491,4.13320478041804,1.00455717464648,0.815572293,0.407786146,Cheng et al. 2013,6039.88368330407,19.9277803875814,19.9277803875814,yes,yes,,yes,,yes,yes
12805,710,MC-ICP-MS U/Th,111,,LSF17-C,calcite,,,6752.10587502483,28.8604201884903,28.8604201884903,,,yes,161.986719007101,0.277757302027229,211.291358429177,4.27395616680769,,,3032.54110688781,62.3171179877983,0.239907239954677,0.000961336530416888,3.96748355317443,1.00461513763362,0.815572293,0.407786146,Cheng et al. 2013,6683.66774379128,29.6108221942495,29.6108221942495,yes,yes,,yes,,yes,yes
12806,710,MC-ICP-MS U/Th,133,,LSF 17-3,calcite,,,7541.7052089729,22.2654608140862,22.2654608140862,,,yes,153.230279151636,0.249037683167345,298.210385264889,6.00074736683013,,,2216.05061413849,44.8105435502611,0.261572557058067,0.000672480654506003,3.88380593929117,1.00497863449466,0.815572293,0.407786146,Cheng et al. 2013,7468.3444273234,24.4505362818208,24.4505362818208,yes,yes,,yes,,yes,yes
12807,711,MC-ICP-MS U/Th,100,,LSF 13 - 100 mm,calcite,,,36065.289080144,92.7574045733388,92.7574045733388,,,yes,280.566490637312,1,246.054646184023,4.96344369107864,,,15498.6760955428,313.449337059535,0.824374792884661,0.00160456581785356,2.83611918741117,1.00313755304527,0.815572293,0.407786146,Cheng et al. 2013,35997.8367124856,92.9334882785677,92.9334882785677,yes,yes,,yes,,yes,yes
12808,711,MC-ICP-MS U/Th,125,,LSF 13 - 125 mm,calcite,,,37114.464896484,487.436539790346,487.436539790346,,,yes,142.693699493829,1,283.031736991411,5.71781002281531,,,6909.95084319989,139.944423411365,0.831265255065472,0.00584468396784615,2.78997413111176,1.02470388937221,0.815572293,0.407786146,Cheng et al. 2013,37036.1047760098,487.37121238416,487.37121238416,yes,yes,,yes,,yes,yes
12809,711,MC-ICP-MS U/Th,170,,LSF 13 - 170 mm,calcite,,,37680.9606979663,118.040688995817,118.040688995817,,,yes,175.536389176404,1,1543.09724293087,30.9502445755775,,,1588.67985986673,31.9931369874814,0.847026223680295,0.00196283720942718,2.80539856445599,1.00393049943594,0.815572293,0.407786146,Cheng et al. 2013,37536.8369208274,132.323420142643,132.323420142643,yes,yes,,yes,,yes,yes
12810,711,MC-ICP-MS U/Th,173,,LSF-4.5-R,calcite,,,37727.6181814402,167.243047442895,167.243047442895,,,yes,168.802949342033,1,127.998579828906,3.26109889366465,,,18463.352238991,474.61742342422,0.849121832128158,0.00307769394306406,2.80924937822647,1.00358121445467,0.815572293,0.407786146,Cheng et al. 2013,37651.2539543857,167.3160126086,167.3160126086,yes,yes,,yes,,yes,yes
12811,711,MC-ICP-MS U/Th,174,,LSF-5.5-L,calcite,,,38011.3435766419,131.914341153465,131.914341153465,,,yes,136.400782538015,1,53.08113615763,2.22448001441132,,,36240.1612124218,1521.92734786115,0.855357761640425,0.00244719800081555,2.8114962313544,1.00258930276834,0.815572293,0.407786146,Cheng et al. 2013,37938.5499184535,131.941788279788,131.941788279788,yes,yes,,yes,,yes,yes
12812,711,MC-ICP-MS U/Th,176,,LSF13-176 mm,calcite,,,38543.6678695796,76.2474879426988,76.2474879426988,,,yes,213.698339721357,1,2810.39885904765,56.3079393867053,,,1070.17169466689,21.4760737576224,0.853600388276576,0.00125442572704707,2.77281130014242,1.00239226139061,0.815572293,0.407786146,Cheng et al. 2013,38349.9631326331,118.619246235341,118.619246235341,yes,yes,,yes,,yes,yes
12813,711,MC-ICP-MS U/Th,178,,LSF-9-L,calcite,,,38878.6660976855,121.902267447756,121.902267447756,,,yes,208.419502015433,1,335.773438567662,7.11029690451321,,,8750.68562112801,186.548458078927,0.855035994077478,0.00220276106476523,2.75705515546653,1.00227692705681,0.815572293,0.407786146,Cheng et al. 2013,38793.790103511,122.398314611954,122.398314611954,yes,yes,,yes,,yes,yes
12814,711,MC-ICP-MS U/Th,180,,LSF-11-R,calcite,,,38820.2202812681,142.898356042101,142.898356042101,,,yes,162.142537084121,1,344.988640374638,7.29480823123203,,,6599.66252859141,140.852737816587,0.851655373557191,0.00257374554361739,2.74986278083624,1.0026907884846,0.815572293,0.407786146,Cheng et al. 2013,38730.2064304915,143.638963926036,143.638963926036,yes,yes,,yes,,yes,yes
12815,711,MC-ICP-MS U/Th,182,,LSF13-182 mm,calcite,,,39141.2066448498,61.4284340980241,61.4284340980241,,,yes,171.933235038183,1,281.634737751767,5.71955423574922,,,8694.17002681143,176.812899242133,0.863751564471992,0.00107281403452051,2.7687902166285,1.0014738512797,0.815572293,0.407786146,Cheng et al. 2013,39060.1437063528,62.452812612165,62.452812612165,yes,yes,,yes,,yes,yes
12816,711,MC-ICP-MS U/Th,186,,LSF13-187 mm,calcite,,,39319.9599959443,60.7971515872168,60.7971515872168,,,yes,174.517436750613,1,134.584288835752,2.80841028509705,,,18605.2716389934,388.680999536811,0.870213637552968,0.00104306258204056,2.77837289734425,1.00159947886704,0.815572293,0.407786146,Cheng et al. 2013,39247.4057237774,61.0238070758056,61.0238070758056,yes,yes,,yes,,yes,yes
12817,711,MC-ICP-MS U/Th,196,,LSF13-196 mm,calcite,,,39978.5255052638,62.591667465518,62.591667465518,,,yes,182.047492546757,1,458.487891620647,9.22616840777657,,,5786.62503297102,116.590570438258,0.883899406327018,0.00109692728963993,2.78188478242786,1.00143558838686,0.815572293,0.407786146,Cheng et al. 2013,39889.0075165498,64.9204011220531,64.9204011220531,yes,yes,,yes,,yes,yes
12818,711,MC-ICP-MS U/Th,207,,LSF13-207 mm,calcite,,,39958.6108274904,70.3932088544454,70.3932088544454,,,yes,171.266804508719,1,21.2384779405639,0.82444856977226,,,117581.690500339,4566.48568606071,0.88435009410815,0.00125158089454624,2.78444851432245,1.00149044235422,0.815572293,0.407786146,Cheng et al. 2013,39892.3650041929,70.4000232928421,70.4000232928421,yes,yes,,yes,,yes,yes
12819,711,MC-ICP-MS U/Th,220,,LSF13-220 mm,calcite,,,40225.2705085784,75.5684709282815,75.5684709282815,,,yes,182.233689504162,1,110.918709807063,2.37185909777352,,,23861.5759213652,511.25825534033,0.880865489958063,0.00134142687096008,2.75815220292524,1.00145891110833,0.815572293,0.407786146,Cheng et al. 2013,40154.2634145584,75.6824707371252,75.6824707371252,yes,yes,,yes,,yes,yes
12820,711,MC-ICP-MS U/Th,225,,LSF13-224 mm,calcite,,,40306.7047789743,72.3112940381593,72.3112940381593,,,yes,247.714712130237,1,710.192216158811,14.2598758775798,,,5031.69688221721,101.207696951923,0.874929196948255,0.00124825900709797,2.73524929893547,1.00156944099341,0.815572293,0.407786146,Cheng et al. 2013,40213.3221895364,75.0096320977247,75.0096320977247,yes,yes,,yes,,yes,yes
12821,711,MC-ICP-MS U/Th,232,,LSF 13-232 mm,calcite,,,40417.7826358595,140.151768035599,140.151768035599,,,yes,189.941920078644,1,352.0392012426,7.12777180996506,,,7790.94219650897,158.551356293761,0.875778979025511,0.00237484729527881,2.73151205357577,1.00330435508182,0.815572293,0.407786146,Cheng et al. 2013,40340.397843008,140.711971688698,140.711971688698,yes,yes,,yes,,yes,yes
12822,711,MC-ICP-MS U/Th,245,,LSF13-245 mm,calcite,,,40352.2276416888,246.438369913413,246.438369913413,,,yes,228.99551185602,1,736.465195751467,2.39409104807324,,,4486.86288521598,22.119266437221,0.875980208947514,0.00414135129805784,2.73373098263827,1.00610572695756,0.815572293,0.407786146,Cheng et al. 2013,40261.4238824009,246.811429544307,246.811429544307,yes,yes,,yes,,yes,yes
13071,729,MC-ICP-MS U/Th,48.45,1,,calcite,20,200,129658,174,174,,,yes,7968,24,1768,5,,,9504.75364268984,3.70714678524507,0.68983,0.00034,0.993,1.0004,0.815572292753916,0.407786146376958,Cheng et al. 2013,129700,174,174,yes,yes,,yes,,yes,
13072,729,MC-ICP-MS U/Th,51.5,1,,calcite,20,200,191338,298,298,,,yes,11826,36,77.2,0.3,,,332688.249660177,773.12546206286,0.71056,0.00034,0.8853,1.0002,0.815572292753916,0.407786146376958,Cheng et al. 2013,191300,298,298,yes,yes,,yes,,yes,
13073,729,MC-ICP-MS U/Th,55.05,1,,calcite,20,200,194908,963,963,,,yes,4611,40,458,4,,,22087.1805464901,17.7943045691764,0.71832,0.00059,0.8885,1.001,0.815572292753916,0.407786146376958,Cheng et al. 2013,194900,963,963,yes,yes,,yes,,yes,
13074,729,MC-ICP-MS U/Th,60.45,1,,calcite,20,200,197012,192,192,,,yes,5365,22,1857,8,,,6354.7910192671,1.66821605336028,0.71975,0.0002,0.8874,1.0001,0.815572292753916,0.407786146376958,Cheng et al. 2013,197000,192,192,yes,yes,,yes,,yes,
13075,729,MC-ICP-MS U/Th,67.95,1,,calcite,20,200,201144,215,215,,,yes,544,4,2605,17,,,461.169060084487,0.185357339262254,0.72294,0.0002,0.8858,1.0001,0.815572292753916,0.407786146376958,Cheng et al. 2013,201000,248,248,yes,yes,,yes,,yes,
13076,729,MC-ICP-MS U/Th,80.25,1,,calcite,20,200,204110,439,439,,,yes,4704,19,241,1,,,43044.2373954983,51.900054993431,0.72254,0.00045,0.8822,1.0002,0.815572292753916,0.407786146376958,Cheng et al. 2013,204100,439,439,yes,yes,,yes,,yes,
13077,729,MC-ICP-MS U/Th,81.5,1,,calcite,20,200,205909,676,676,,,yes,4440,9,90.4,0.2,,,108940.810433961,33.3643210672057,0.72577,0.00028,0.8834,1.0007,0.815572292753916,0.407786146376958,Cheng et al. 2013,205900,676,676,yes,yes,,yes,,yes,
13078,729,MC-ICP-MS U/Th,83.7,1,,calcite,20,200,211533,340,340,,,yes,5817,20,398,1,,,32779.7040191725,32.9936063886811,0.73463,0.0003,0.886,1.0002,0.815572292753916,0.407786146376958,Cheng et al. 2013,211500,340,340,yes,yes,,yes,,yes,
13079,729,MC-ICP-MS U/Th,91.95,1,,calcite,20,200,213138,462,462,,,yes,6600,18,919,3,,,16215.801468019,14.4578724624558,0.73921,0.00045,0.8888,1.0002,0.815572292753916,0.407786146376958,Cheng et al. 2013,213100,462,462,yes,yes,,yes,,yes,
13080,729,MC-ICP-MS U/Th,106.95,1,,calcite,20,200,215316,316,316,,,yes,9049,50,1042,6,,,19656.4043994049,7.04357889196564,0.74064,0.00027,0.888,1.0002,0.815572292753916,0.407786146376958,Cheng et al. 2013,215300,316,316,yes,yes,,yes,,yes,
13081,729,MC-ICP-MS U/Th,115.2,1,,calcite,20,200,216448,879,879,,,yes,8471,37,801,3,,,24131.115926535,62.094708652855,0.74624,0.00088,0.8921,1.0001,0.815572292753916,0.407786146376958,Cheng et al. 2013,216400,879,879,yes,yes,,yes,,yes,
13082,729,MC-ICP-MS U/Th,119.7,1,,calcite,20,200,216779,341,341,,,yes,5582,20,721,3,,,17738.5120100584,6.67286421344113,0.75015,0.0003,0.8955,1.0002,0.815572292753916,0.407786146376958,Cheng et al. 2013,216800,341,341,yes,yes,,yes,,yes,
13083,729,MC-ICP-MS U/Th,132.45,1,,calcite,20,200,219543,278,278,,,yes,12151,33,115.1,0.3,,,244171.779082184,207.414862634462,0.75713,0.00022,0.8993,1.0002,0.815572292753916,0.407786146376958,Cheng et al. 2013,219500,278,278,yes,yes,,yes,,yes,
13084,729,MC-ICP-MS U/Th,137,1,,calcite,20,200,228461,229,229,,,yes,10734,40,62.1,0.2,,,399490.664015615,196.849494296513,0.75651,0.00015,0.8911,1.0001,0.815572292753916,0.407786146376958,Cheng et al. 2013,228500,229,229,yes,yes,,yes,,yes,
13085,729,MC-ICP-MS U/Th,142.2,1,,calcite,20,200,231348,273,273,,,yes,12559,37,434,1,,,67187.7722637639,11.677512373522,0.75994,0.00016,0.8919,1.0002,0.815572292753916,0.407786146376958,Cheng et al. 2013,231300,273,273,yes,yes,,yes,,yes,
13086,729,MC-ICP-MS U/Th,146.7,1,,calcite,20,200,235745,315,315,,,yes,19031,95,1909,10,,,23399.8812231454,3.89250412450733,0.76807,0.00018,0.8958,1.0002,0.815572292753916,0.407786146376958,Cheng et al. 2013,235700,315,315,yes,yes,,yes,,yes,
13087,729,MC-ICP-MS U/Th,151.95,1,,calcite,20,200,237565,270,270,,,yes,8291,21,6023,15,,,3240.78771966124,0.926786696311268,0.77024,0.00016,0.8964,1.0001,0.815572292753916,0.407786146376958,Cheng et al. 2013,237500,271,271,yes,yes,,yes,,yes,
13088,729,MC-ICP-MS U/Th,166.95,1,,calcite,20,200,240013,233,233,,,yes,7963,17,3632,8,,,5190.56157136089,1.11214403557352,0.7745,0.00014,0.8984,1.0001,0.815572292753916,0.407786146376958,Cheng et al. 2013,240000,233,233,yes,yes,,yes,,yes,
13089,729,MC-ICP-MS U/Th,172.2,1,,calcite,20,200,241878,349,349,,,yes,11373,34,568,2,,,47534.5189391264,20.5746646581102,0.77719,0.00023,0.8994,1.0001,0.815572292753916,0.407786146376958,Cheng et al. 2013,241900,349,349,yes,yes,,yes,,yes,
13090,729,MC-ICP-MS U/Th,176.7,1,,calcite,20,200,242182,239,239,,,yes,13101,38,381,1,,,81334.8004682769,15.5700164980293,0.77461,0.00012,0.8969,1.0001,0.815572292753916,0.407786146376958,Cheng et al. 2013,242200,239,239,yes,yes,,yes,,yes,
13091,729,MC-ICP-MS U/Th,179,1,,calcite,20,200,242367,449,449,,,yes,7146,41,294,2,,,57331.025033815,18.5357339262254,0.77291,0.00025,0.8953,1.0002,0.815572292753916,0.407786146376958,Cheng et al. 2013,242400,449,449,yes,yes,,yes,,yes,
13092,729,MC-ICP-MS U/Th,184.2,1,,calcite,20,200,242679,331,331,,,yes,14267,100,1423,10,,,23802.1066493445,7.22893623122789,0.77694,0.00022,0.8986,1.0001,0.815572292753916,0.407786146376958,Cheng et al. 2013,242700,331,331,yes,yes,,yes,,yes,
13093,729,MC-ICP-MS U/Th,187.2,1,,calcite,20,200,247158,287,287,,,yes,13014,45,1269,4,,,24454.0084115299,5.00464816008085,0.78007,0.00016,0.8984,1.0001,0.815572292753916,0.407786146376958,Cheng et al. 2013,247200,287,287,yes,yes,,yes,,yes,
13094,729,MC-ICP-MS U/Th,190.95,1,,calcite,20,200,247540,329,329,,,yes,12265,50,2350,10,,,12427.4681681771,2.96571742819606,0.77904,0.00019,0.8972,1.0001,0.815572292753916,0.407786146376958,Cheng et al. 2013,247500,329,329,yes,yes,,yes,,yes,
13095,729,MC-ICP-MS U/Th,193.8,1,,calcite,20,200,247160,274,274,,,yes,11327,41,10467,38,,,2582.02773592319,1.85357339262254,0.78067,0.00017,0.8989,1.0001,0.815572292753916,0.407786146376958,Cheng et al. 2013,247100,275,275,yes,yes,,yes,,yes,
13096,730,MC-ICP-MS U/Th,15,1,,calcite,20,200,182359,301,301,,,yes,71975,6,118294,11,,,1547.91914017908,2.59500274967155,0.83235,0.00045,1.0204,1.0003,0.815572292753916,0.407786146376958,Cheng et al. 2013,182300,302,302,yes,yes,,yes,,yes,yes
13097,730,MC-ICP-MS U/Th,73,1,,calcite,20,200,188376,193,193,,,yes,17117,126,71739,530,,,738.092924942294,0.926786696311268,1.01197,0.00034,1.1883,1.0002,0.815572292753916,0.407786146376958,Cheng et al. 2013,188300,204,204,yes,yes,,yes,,yes,yes
13098,730,MC-ICP-MS U/Th,101,1,,calcite,20,200,188759,264,264,,,yes,17357,154,23985,218,,,2222.0637830759,4.63393348155634,1.00474,0.00049,1.1803,1.0003,0.815572292753916,0.407786146376958,Cheng et al. 2013,188700,265,265,yes,yes,,yes,,yes,yes
13099,730,MC-ICP-MS U/Th,115,1,,calcite,20,200,191502,224,224,,,yes,17722,495,11210,313,,,4983.33206606569,1.48285871409803,1.03135,0.00032,1.2008,1.0003,0.815572292753916,0.407786146376958,Cheng et al. 2013,191500,224,224,yes,yes,,yes,,yes,yes
13100,730,MC-ICP-MS U/Th,154,1,,calcite,20,200,191197,236,236,,,no,57825,9,3039,1,,,57889.5066970122,56.3486311357251,0.99529,0.00036,1.1659,1.0003,0.815572292753916,0.407786146376958,Cheng et al. 2013,191200,236,236,no,no,,no,no,no,no
13101,730,MC-ICP-MS U/Th,162,1,,calcite,20,200,191675,261,261,,,no,66265,12,8706,2,,,23075.3205220972,25.2085981396665,0.9921,0.0004,1.1618,1.0003,0.815572292753916,0.407786146376958,Cheng et al. 2013,191700,261,261,no,no,,no,no,no,no
13102,730,MC-ICP-MS U/Th,180,1,,calcite,20,200,191702,400,400,,,no,42731,3,2421,2,,,54832.5934578991,145.876225999394,1.01608,0.00076,1.1854,1.0003,0.815572292753916,0.407786146376958,Cheng et al. 2013,191700,400,400,no,no,,no,no,no,no
13103,731,MC-ICP-MS U/Th,85,1,,calcite,20,200,190649,306,306,,,yes,20686,353,138708,2367,,,452.271907799899,0.185357339262254,0.99199,0.00053,1.1638,1.0003,0.815572292753916,0.407786146376958,Cheng et al. 2013,190500,324,324,yes,yes,,yes,,yes,yes
13104,731,MC-ICP-MS U/Th,138.8,1,,calcite,20,200,190908,187,187,,,yes,18743,406,10928,237,,,5187.78121127195,1.66821605336028,0.9897,0.00032,1.161,1.0002,0.815572292753916,0.407786146376958,Cheng et al. 2013,190900,187,187,yes,yes,,yes,,yes,yes
13105,731,MC-ICP-MS U/Th,140,1,,calcite,20,200,192578,214,214,,,yes,2135,3,2908,4,,,2247.45773855483,3.52178944598282,1.00172,0.00037,1.1695,1.0002,0.815572292753916,0.407786146376958,Cheng et al. 2013,192600,215,215,yes,yes,,yes,,yes,yes
13106,731,MC-ICP-MS U/Th,160,1,,calcite,20,200,191040,150,150,,,yes,19652,335,5839,100,,,10327.3695143357,2.4096454104093,1.00405,0.00025,1.1749,1.0002,0.815572292753916,0.407786146376958,Cheng et al. 2013,191000,151,151,yes,yes,,yes,,yes,yes
13107,731,MC-ICP-MS U/Th,225.2,1,,calcite,20,200,191806,314,314,,,yes,16905,412,8469,207,,,6243.94733038828,4.07786146376958,1.02449,0.00062,1.1934,1.0002,0.815572292753916,0.407786146376958,Cheng et al. 2013,191800,314,314,yes,yes,,yes,,yes,yes
13108,731,MC-ICP-MS U/Th,220,1,,calcite,20,200,190760,336,336,,,no,26714,2,12903,2,,,6845.98796831208,13.5310857661445,1.08175,0.00069,1.2521,1.0003,0.815572292753916,0.407786146376958,Cheng et al. 2013,190800,336,336,no,no,,no,no,no,no
13109,731,MC-ICP-MS U/Th,240,1,,calcite,20,200,191673,228,228,,,no,100414,14,47225,7,,,6267.11699779606,6.30214953491662,0.96444,0.00031,1.1346,1.0003,0.815572292753916,0.407786146376958,Cheng et al. 2013,191700,228,228,no,no,,no,no,no,no
13110,732,TIMS,5,2,SPA 127(0.5),calcite,,,,,,,,yes,5375.7,5.4,0,,0.002237,7.4e-05,,,,,1.027,0.0016,,,Cheng et al. 2000,2683,90,90,yes,yes,,yes,,yes,yes
13111,732,TIMS,36.5,4,SPA 127(3.65),calcite,,,,,,,,yes,5129.2,5.1,201.6,2,0.003376,7.4e-05,3103.067217,75.0697224,,,1.0113,0.0014,,,Cheng et al. 2000,4375,100,100,yes,yes,,yes,,yes,yes
13112,732,TIMS,45,2,SPA 127(4.5),calcite,,,,,,,,yes,6297.4,6.3,329,6,0.004431,0.000177,2500.099792,110.6583315,,,1.0082,0.0021,,,Cheng et al. 2000,4703,198,198,yes,yes,,yes,,yes,yes
13113,732,TIMS,51,2,SPA 127(5.1),calcite,,,,,,,,yes,6749,6.7,116,1.4,0.005124,0.000102,8191.496894,191.1034168,,,1.0043,0.0017,,,Cheng et al. 2000,5110,106,106,yes,yes,,yes,,yes,yes
13114,732,TIMS,60,2,SPA 127(6.0),calcite,,,,,,,,yes,7652.3,7.7,105.7,0.4,0.006558,4.3e-05,11503.46183,84.33758936,,,0.9945,0.0014,,,Cheng et al. 2000,5852,41,41,yes,yes,,yes,,yes,yes
13115,732,TIMS,85,2,SPA 127(8.5),calcite,,,,,,,,yes,9467.1,9.5,328,1,0.009308,8.2e-05,5255.251283,50.78791096,,,0.9957,0.0016,,,Cheng et al. 2000,6741,63,63,yes,yes,,yes,,yes,yes
13116,732,TIMS,110,2,SPA 127(11.0),calcite,,,,,,,,yes,13980,14,135,1,0.015723,0.000157,21584.30609,256.3492002,,,1.0032,0.0014,,,Cheng et al. 2000,7695,82,82,yes,yes,,yes,,yes,yes
13117,732,TIMS,125,2,SPA 127(12.5),calcite,,,,,,,,yes,25236,28,372,2,0.029315,0.000185,14611.90441,119.3701265,,,1.0016,0.0014,,,Cheng et al. 2000,7972,55,55,yes,yes,,yes,,yes,yes
13118,732,TIMS,145,2,SPA 127(14.5),calcite,,,,,,,,yes,34374,34,391,3,0.041579,0.000457,19698.48052,262.2806351,,,0.9928,0.0014,,,Cheng et al. 2000,8395,101,101,yes,yes,,yes,,yes,yes
14811,846,MC-ICP-MS U/Th,311,,,calcite,,,,,,,,yes,,,,,,,,,,,,,,,Cheng et al. 2000,245700,300,300,yes,,yes,yes,,yes,yes
14812,846,MC-ICP-MS U/Th,330,,,calcite,,,,,,,,yes,,,,,,,,,,,,,,,Cheng et al. 2000,247100,300,300,yes,,yes,yes,,yes,yes
14813,846,MC-ICP-MS U/Th,366,,,calcite,,,,,,,,yes,,,,,,,,,,,,,,,Cheng et al. 2000,249500,300,300,yes,,yes,yes,,yes,yes
14814,846,MC-ICP-MS U/Th,394,,,calcite,,,,,,,,yes,,,,,,,,,,,,,,,Cheng et al. 2000,251100,500,500,yes,,yes,yes,,yes,yes
14815,846,MC-ICP-MS U/Th,413,,,calcite,,,,,,,,yes,,,,,,,,,,,,,,,Cheng et al. 2000,252100,200,200,yes,,yes,yes,,yes,yes
14816,846,MC-ICP-MS U/Th,423,,,calcite,,,,,,,,yes,,,,,,,,,,,,,,,Cheng et al. 2000,252800,200,200,yes,,yes,yes,,yes,yes
14817,846,MC-ICP-MS U/Th,495,,,calcite,,,,,,,,yes,,,,,,,,,,,,,,,Cheng et al. 2000,257800,400,400,yes,,yes,yes,,yes,yes
14818,846,MC-ICP-MS U/Th,519,,,calcite,,,,,,,,yes,,,,,,,,,,,,,,,Cheng et al. 2000,260000,300,300,yes,,yes,yes,,yes,yes
14819,846,MC-ICP-MS U/Th,553,,,calcite,,,,,,,,yes,,,,,,,,,,,,,,,Cheng et al. 2000,317700,700,700,yes,,yes,yes,,yes,yes
14820,846,MC-ICP-MS U/Th,571,,,calcite,,,,,,,,yes,,,,,,,,,,,,,,,Cheng et al. 2000,319000,800,800,yes,,yes,yes,,yes,yes
14821,846,MC-ICP-MS U/Th,571,,,calcite,,,,,,,,no,,,,,,,,,,,,,,,Cheng et al. 2000,319200,700,700,no,,no,no,no,no,no
14822,846,MC-ICP-MS U/Th,623,,,calcite,,,,,,,,yes,,,,,,,,,,,,,,,Cheng et al. 2000,323700,600,600,yes,,yes,yes,,yes,yes
14823,846,MC-ICP-MS U/Th,742,,,calcite,,,,,,,,yes,,,,,,,,,,,,,,,Cheng et al. 2000,329200,800,800,yes,,yes,yes,,yes,yes
14824,846,MC-ICP-MS U/Th,742,,,calcite,,,,,,,,no,,,,,,,,,,,,,,,Cheng et al. 2000,329600,600,600,no,,no,no,no,no,no
14825,846,MC-ICP-MS U/Th,847,,,calcite,,,,,,,,yes,,,,,,,,,,,,,,,Cheng et al. 2000,333200,1000,1000,yes,,yes,yes,,yes,yes
14826,846,MC-ICP-MS U/Th,960,,,calcite,,,,,,,,yes,,,,,,,,,,,,,,,Cheng et al. 2000,336300,700,700,yes,,yes,yes,,yes,yes
14827,846,MC-ICP-MS U/Th,1023,,,calcite,,,,,,,,yes,,,,,,,,,,,,,,,Cheng et al. 2000,338900,600,600,yes,,yes,yes,,yes,yes
14828,846,MC-ICP-MS U/Th,1055,,,calcite,,,,,,,,yes,,,,,,,,,,,,,,,Cheng et al. 2000,341800,1000,1000,yes,,yes,yes,,yes,yes
14829,846,MC-ICP-MS U/Th,1143,,,calcite,,,,,,,,yes,,,,,,,,,,,,,,,Cheng et al. 2000,350400,900,900,yes,,yes,yes,,yes,yes
14830,846,MC-ICP-MS U/Th,1167,,,calcite,,,,,,,,yes,,,,,,,,,,,,,,,Cheng et al. 2000,351900,1000,1000,yes,,yes,yes,,yes,yes
14831,846,MC-ICP-MS U/Th,1178,,,calcite,,,,,,,,yes,,,,,,,,,,,,,,,Cheng et al. 2000,354000,800,800,yes,,yes,yes,,yes,yes
14832,846,MC-ICP-MS U/Th,1291,,,calcite,,,,,,,,yes,,,,,,,,,,,,,,,Cheng et al. 2000,366000,1000,1000,yes,,yes,yes,,yes,yes
14833,846,MC-ICP-MS U/Th,1313,,,calcite,,,,,,,,yes,,,,,,,,,,,,,,,Cheng et al. 2000,369500,1000,1000,yes,,yes,yes,,yes,yes
14834,846,MC-ICP-MS U/Th,1334,,,calcite,,,,,,,,yes,,,,,,,,,,,,,,,Cheng et al. 2000,372600,1200,1200,yes,,yes,yes,,yes,yes
14835,846,MC-ICP-MS U/Th,1361,,,calcite,,,,,,,,yes,,,,,,,,,,,,,,,Cheng et al. 2000,375000,900,900,yes,,yes,yes,,yes,yes
14836,846,MC-ICP-MS U/Th,1400,,,calcite,,,,,,,,yes,,,,,,,,,,,,,,,Cheng et al. 2000,378800,1100,1100,yes,,yes,yes,,yes,yes
14837,846,MC-ICP-MS U/Th,1450,,,calcite,,,,,,,,yes,,,,,,,,,,,,,,,Cheng et al. 2000,383100,1300,1300,yes,,yes,yes,,yes,yes
14838,846,MC-ICP-MS U/Th,1452,,,calcite,,,,,,,,yes,,,,,,,,,,,,,,,Cheng et al. 2000,384200,1400,1400,yes,,yes,yes,,yes,yes
14839,846,Event; hiatus,533.5,,,,,,,,,,,no,,,,,,,,,,,,,,,,,,,yes,,yes,yes,,yes,yes
